cpus,mem,npmem,recvTps,sendTps,acceptTps,serializedBuffer
0,1.66E+08,12328,0,0,0,0
0,1.66E+08,12328,0,0,0,0
0,1.66E+08,12328,0,0,0,0
0,1.66E+08,12328,0,0,0,0
0,1.66E+08,12328,0,0,0,0
0,1.66E+08,12328,0,0,0,0
4.68551,1.67E+08,2.21E+06,0,0,3118,0
84.2275,1.74E+08,2.21E+06,45300,45300,0,18700
70.4076,1.75E+08,2.21E+06,135000,135000,0,22150
100,1.92E+08,3.00E+06,344844,344844,1118,80350
100,1.96E+08,3.00E+06,643456,643456,0,92500
100,1.96E+08,3.00E+06,720000,720000,0,93700
100,2.25E+08,3.64E+06,1110400,1110400,764,195800
100,3.38E+08,7.18E+06,1375742,1375742,0,580600
100,3.38E+08,7.08E+06,1408751,1408750,0,617950
100,3.38E+08,7.08E+06,1448968,1448968,0,626650
100,3.28E+08,7.22E+06,1508435,1508435,0,549100
100,3.38E+08,7.08E+06,1606543,1606543,0,594100
100,3.38E+08,7.08E+06,1637390,1637390,0,586850
100,3.30E+08,7.19E+06,1638102,1638098,0,553200
100,3.38E+08,7.08E+06,1651250,1651250,0,586850
100,3.38E+08,7.08E+06,1651918,1651918,0,607350
100,3.38E+08,7.08E+06,1652996,1652996,0,639100
100,3.38E+08,7.08E+06,1668730,1668730,0,630200
100,2.35E+08,4.03E+06,1669677,1669673,0,238800
100,3.38E+08,7.08E+06,1670611,1670608,0,617950
100,3.38E+08,7.08E+06,1681099,1681099,0,617150
100,3.38E+08,7.08E+06,1684201,1684201,0,630200
100,3.38E+08,7.08E+06,1684528,1684529,0,621100
100,3.38E+08,7.08E+06,1686805,1686807,0,618050
100,3.38E+08,7.08E+06,1699768,1699768,0,610000
100,3.38E+08,7.08E+06,1703185,1703183,0,607350
100,3.38E+08,7.08E+06,1704201,1704201,0,594100
100,3.38E+08,7.08E+06,1709675,1709675,0,630200
100,3.38E+08,7.08E+06,1709830,1709830,0,615450
100,3.38E+08,7.08E+06,1711008,1711008,0,630200
100,2.40E+08,5.47E+06,1714864,1714864,1884,249650
100,3.38E+08,7.08E+06,1718131,1718131,0,610000
100,3.38E+08,7.08E+06,1723404,1723404,0,642650
100,3.38E+08,7.08E+06,1725608,1725608,0,638900
100,3.38E+08,7.08E+06,1728317,1728317,0,582500
100,3.38E+08,7.08E+06,1730400,1730400,0,618300
100,3.38E+08,7.08E+06,1732617,1732617,0,582500
100,3.38E+08,7.08E+06,1733025,1733024,0,628550
100,3.38E+08,7.08E+06,1742410,1742411,0,610000
100,3.38E+08,7.08E+06,1745356,1745356,0,586850
100,3.38E+08,7.08E+06,1747749,1747747,0,642650
100,3.38E+08,7.08E+06,1749555,1749556,0,608500
100,3.38E+08,7.08E+06,1757363,1757363,0,616850
100,3.38E+08,7.08E+06,1771830,1771831,0,613450
100,3.38E+08,7.08E+06,1776226,1776226,0,603700
100,2.30E+08,3.61E+06,1778632,1778635,0,226850
100,3.38E+08,7.08E+06,1779996,1779996,0,610000
100,3.38E+08,7.08E+06,1780146,1780147,0,630100
100,3.38E+08,7.08E+06,1784048,1784049,0,618450
100,3.38E+08,7.08E+06,1789643,1789640,0,644850
100,2.38E+08,3.97E+06,1794090,1794090,0,245000
100,3.38E+08,7.08E+06,1794544,1794545,0,620950
100,3.38E+08,7.08E+06,1797783,1797783,0,630100
100,3.38E+08,7.08E+06,1809253,1809255,0,586850
100,3.38E+08,7.08E+06,1824727,1824725,0,630200
100,3.38E+08,7.08E+06,1826384,1826384,0,642650
100,3.28E+08,7.18E+06,1833383,1833384,0,549100
100,3.38E+08,7.08E+06,1839184,1839184,0,586850
100,3.38E+08,7.08E+06,1841788,1841788,0,626650
100,3.35E+08,7.15E+06,1858218,1858218,0,568700
100,3.38E+08,7.08E+06,1872417,1872416,0,630200
100,3.38E+08,7.08E+06,1880744,1880746,0,630200
100,3.38E+08,7.08E+06,1883427,1883427,0,618050
100,3.30E+08,7.18E+06,1886113,1886113,0,553200
100,3.34E+08,7.14E+06,1888668,1888668,0,567400
100,3.38E+08,7.08E+06,1895552,1895557,0,630100
100,3.38E+08,7.08E+06,1896743,1896744,0,608900
100,3.38E+08,7.08E+06,1896753,1896754,0,630200
100,3.38E+08,7.08E+06,1902743,1902743,0,626650
100,3.34E+08,7.08E+06,1922244,1922244,0,567400
100,3.38E+08,7.08E+06,1924173,1924173,0,630200
100,3.38E+08,7.08E+06,1929962,1929962,0,586850
100,3.38E+08,7.08E+06,1938966,1938966,0,603700
100,3.38E+08,7.08E+06,1939614,1939614,0,639100
100,3.38E+08,7.08E+06,1940766,1940768,0,640500
100,3.38E+08,7.08E+06,1947699,1947698,0,616500
100,3.38E+08,7.08E+06,1948681,1948681,0,586850
100,3.38E+08,7.08E+06,1949048,1949047,0,616850
100,3.38E+08,7.08E+06,1951068,1951062,0,617950
100,3.38E+08,7.08E+06,1956155,1956155,0,630200
100,3.38E+08,7.08E+06,1959269,1959270,0,620150
100,3.38E+08,7.08E+06,1968510,1968510,0,586850
100,3.38E+08,7.08E+06,1968724,1968724,0,617150
100,3.38E+08,7.08E+06,1976414,1976412,0,610900
100,3.38E+08,7.08E+06,1981543,1981543,0,610000
100,3.38E+08,7.08E+06,1984314,1984314,0,617150
100,3.38E+08,7.08E+06,1985654,1985654,0,617950
100,3.38E+08,7.08E+06,1991479,1991475,0,608100
100,3.38E+08,7.08E+06,1996631,1996631,0,617150
100,3.30E+08,7.10E+06,1998391,1998389,0,553200
100,3.38E+08,7.08E+06,2000908,2000908,0,630200
100,3.38E+08,7.08E+06,2004937,2004937,0,586150
100,3.38E+08,7.08E+06,2005276,2005276,0,630200
100,3.38E+08,7.08E+06,2052469,2052469,0,639100
100,2.47E+08,5.79E+06,2057166,2057166,0,283600
100,3.38E+08,7.08E+06,2060302,2060304,0,630200
100,3.31E+08,7.24E+06,2069751,2069751,0,557950
100,3.38E+08,7.08E+06,2074739,2074744,0,630100
100,3.38E+08,7.08E+06,2090595,2090595,0,630100
100,3.38E+08,7.08E+06,2095060,2095060,0,619250
100,2.44E+08,5.76E+06,2102926,2102923,0,264400
100,3.38E+08,7.08E+06,2113270,2113270,0,586850
100,2.41E+08,5.00E+06,2133240,2133240,0,256400
100,2.44E+08,5.28E+06,2137808,2137810,413,263500
100,3.32E+08,7.10E+06,2141529,2141529,0,562000
100,3.38E+08,7.08E+06,2151676,2151675,0,642650
100,3.38E+08,7.08E+06,2164031,2164031,0,594100
100,3.38E+08,7.08E+06,2177362,2177362,0,609950
100,3.38E+08,7.08E+06,2185256,2185256,0,617150
100,3.38E+08,7.08E+06,2197481,2197481,0,630100
100,3.38E+08,7.08E+06,2205997,2205997,0,630200
100,3.38E+08,7.08E+06,2211977,2211978,0,610000
100,3.38E+08,7.08E+06,2218555,2218557,0,638150
100,3.38E+08,7.08E+06,2221196,2221196,0,617950
100,3.38E+08,7.08E+06,2226088,2226088,0,639100
100,3.38E+08,7.08E+06,2227195,2227195,0,638900
100,3.38E+08,7.08E+06,2229413,2229413,0,582500
100,3.38E+08,7.08E+06,2234412,2234412,0,640500
100,3.38E+08,7.08E+06,2240275,2240276,0,586850
100,3.38E+08,7.08E+06,2240800,2240800,0,617150
100,3.38E+08,7.08E+06,2251421,2251419,0,638900
100,3.38E+08,7.08E+06,2255105,2255104,0,613450
100,2.49E+08,6.12E+06,2258529,2258529,0,283600
100,2.43E+08,5.32E+06,2258572,2258573,0,263400
100,3.38E+08,7.08E+06,2269086,2269086,0,607350
100,2.49E+08,6.71E+06,2274232,2274232,0,286500
100,2.49E+08,6.52E+06,2276028,2276029,660,283600
100,3.38E+08,7.08E+06,2286842,2286842,0,594100
100,2.48E+08,6.07E+06,2291960,2291960,676,283600
100,3.34E+08,7.27E+06,2306515,2306514,0,566100
100,3.38E+08,7.08E+06,2310413,2310413,0,586850
100,2.48E+08,6.10E+06,2316217,2316217,0,283600
100,3.38E+08,7.08E+06,2319442,2319442,0,630100
100,3.38E+08,7.08E+06,2345289,2345290,0,606400
100,3.38E+08,7.08E+06,2365003,2365004,0,638900
100,3.38E+08,7.08E+06,2371916,2371916,0,586850
100,3.38E+08,7.08E+06,2401168,2401168,0,610000
100,2.51E+08,6.70E+06,2404616,2404616,658,288000
100,3.38E+08,7.08E+06,2406823,2406823,0,640500
100,3.38E+08,7.08E+06,2410159,2410156,0,617950
100,3.38E+08,7.08E+06,2414977,2414977,0,638900
100,3.38E+08,7.08E+06,2414995,2414996,0,630200
100,3.38E+08,7.08E+06,2416942,2416943,0,617950
100,3.38E+08,7.08E+06,2451006,2451006,0,586850
100,3.38E+08,7.08E+06,2464224,2464222,0,586850
100,3.38E+08,7.08E+06,2472069,2472069,0,640500
100,2.50E+08,7.14E+06,2483240,2483242,0,288000
100,3.38E+08,7.08E+06,2483562,2483562,0,617150
100,3.38E+08,7.08E+06,2488465,2488465,0,639100
100,3.38E+08,7.08E+06,2489503,2489504,0,585200
100,3.34E+08,7.21E+06,2497497,2497498,0,566100
100,3.38E+08,7.08E+06,2501769,2501769,0,640500
100,3.38E+08,7.08E+06,2507352,2507351,0,582500
100,3.38E+08,7.08E+06,2516515,2516515,0,617950
100,3.38E+08,7.08E+06,2520636,2520638,0,617150
100,3.38E+08,7.08E+06,2533086,2533089,0,623000
100,2.51E+08,6.67E+06,2536881,2536881,0,288000
100,3.38E+08,7.08E+06,2539337,2539336,0,617950
100,3.38E+08,7.08E+06,2552470,2552470,0,613450
100,3.38E+08,7.08E+06,2553911,2553911,0,586850
100,3.38E+08,7.08E+06,2591205,2591205,0,585200
100,2.51E+08,7.06E+06,2598222,2598222,452,288000
100,3.31E+08,7.25E+06,2602780,2602780,0,557950
100,2.51E+08,6.82E+06,2605970,2605970,0,288000
100,3.38E+08,7.08E+06,2611863,2611861,0,606400
100,3.38E+08,7.08E+06,2632356,2632352,0,623100
100,3.38E+08,7.08E+06,2641715,2641715,0,620950
100,3.38E+08,7.08E+06,2644107,2644109,0,607350
100,3.38E+08,7.08E+06,2665860,2665860,0,586850
100,3.38E+08,7.08E+06,2680150,2680148,0,630200
100,3.38E+08,7.08E+06,2681380,2681380,0,618450
100,3.38E+08,7.08E+06,2681859,2681861,0,586850
100,2.51E+08,7.11E+06,2689544,2689545,0,291650
100,3.38E+08,7.08E+06,2690784,2690784,0,607350
100,3.38E+08,7.08E+06,2691657,2691657,0,639100
100,3.32E+08,7.08E+06,2697831,2697830,0,562000
100,3.38E+08,7.08E+06,2700018,2700016,0,608900
100,3.38E+08,7.08E+06,2705365,2705365,0,630200
100,3.38E+08,7.08E+06,2716679,2716679,0,630100
100,3.38E+08,7.23E+06,2724945,2724945,0,582500
100,3.27E+08,7.96E+06,2725268,2725268,0,545200
100,3.38E+08,7.08E+06,2729297,2729297,0,638150
100,3.38E+08,7.08E+06,2736064,2736066,0,586150
100,3.38E+08,7.08E+06,2740651,2740650,0,609950
100,3.38E+08,7.08E+06,2745866,2745866,0,618450
100,3.38E+08,7.08E+06,2749036,2749036,0,616850
100,2.52E+08,7.12E+06,2754351,2754351,257,296850
100,3.38E+08,7.08E+06,2756318,2756315,0,618450
100,3.38E+08,7.08E+06,2760593,2760593,0,586850
100,3.38E+08,7.08E+06,2761035,2761032,0,628550
100,3.38E+08,7.08E+06,2763720,2763720,0,617150
100,3.38E+08,7.08E+06,2764519,2764517,0,630200
100,3.34E+08,7.37E+06,2766348,2766348,0,567400
100,3.38E+08,7.08E+06,2767753,2767751,0,630200
100,3.38E+08,7.08E+06,2767780,2767770,0,609950
100,3.38E+08,7.08E+06,2776204,2776209,0,586850
100,3.38E+08,7.08E+06,2778633,2778634,0,606400
100,3.38E+08,7.08E+06,2781874,2781875,0,626650
100,3.38E+08,7.08E+06,2783586,2783588,0,639100
100,3.38E+08,7.08E+06,2783758,2783758,0,586850
100,3.38E+08,7.08E+06,2784530,2784530,0,610000
100,3.38E+08,7.08E+06,2786955,2786955,0,610900
100,3.38E+08,7.08E+06,2788211,2788211,0,617950
100,3.38E+08,7.08E+06,2797243,2797243,0,616850
100,3.38E+08,7.08E+06,2797736,2797737,0,608900
100,3.38E+08,7.08E+06,2802607,2802608,0,630100
100,3.38E+08,7.08E+06,2809763,2809763,0,586850
100,3.38E+08,7.08E+06,2813555,2813555,0,620150
100,3.38E+08,7.08E+06,2813931,2813930,0,630200
100,3.38E+08,7.08E+06,2814585,2814584,0,610000
100,3.38E+08,7.08E+06,2817454,2817454,0,626650
100,3.38E+08,7.08E+06,2818156,2818155,0,608900
100,3.38E+08,7.08E+06,2819025,2819025,0,630200
100,3.38E+08,7.08E+06,2820411,2820411,0,607350
100,3.38E+08,7.08E+06,2824338,2824337,0,642650
100,3.38E+08,7.08E+06,2828455,2828456,0,630200
100,2.51E+08,7.04E+06,2835289,2835289,0,291750
100,3.38E+08,7.08E+06,2837275,2837274,0,586850
100,3.38E+08,7.08E+06,2838158,2838157,0,623100
100,3.38E+08,7.08E+06,2844717,2844714,0,610950
100,3.28E+08,7.15E+06,2847923,2847927,0,549100
100,3.38E+08,7.08E+06,2848595,2848595,0,607350
100,3.38E+08,7.08E+06,2851674,2851674,0,639100
100,3.38E+08,7.08E+06,2852806,2852806,0,616850
100,3.38E+08,7.08E+06,2854958,2854959,0,630200
100,3.38E+08,7.08E+06,2855351,2855351,0,642650
100,3.38E+08,7.08E+06,2855633,2855637,0,630200
100,3.38E+08,7.08E+06,2857130,2857129,0,630100
100,3.38E+08,7.08E+06,2859153,2859150,0,607350
100,3.38E+08,7.08E+06,2860018,2860018,0,586850
100,3.33E+08,7.16E+06,2862470,2862470,0,565700
100,3.38E+08,7.08E+06,2867480,2867480,0,620950
100,3.38E+08,7.08E+06,2867713,2867712,0,608500
100,3.38E+08,7.08E+06,2868873,2868873,0,586850
100,3.38E+08,7.08E+06,2870395,2870396,0,608500
100,3.38E+08,7.08E+06,2872187,2872187,0,617150
100,3.38E+08,7.08E+06,2872255,2872253,0,618450
100,3.38E+08,7.08E+06,2873028,2873029,0,639100
100,3.38E+08,7.08E+06,2873914,2873913,0,618300
100,3.38E+08,7.08E+06,2876900,2876896,0,586850
100,3.38E+08,7.08E+06,2877682,2877682,0,630200
100,3.28E+08,7.48E+06,2878315,2878314,0,549100
100,3.34E+08,7.28E+06,2882546,2882546,0,566100
100,3.38E+08,7.08E+06,2885869,2885869,0,630100
100,3.38E+08,7.08E+06,2886625,2886626,0,630200
100,3.38E+08,7.08E+06,2889358,2889353,0,616850
100,3.38E+08,7.08E+06,2889503,2889505,0,616850
100,3.38E+08,7.08E+06,2892370,2892369,0,617950
100,3.38E+08,7.08E+06,2893136,2893136,0,619250
100,3.38E+08,7.08E+06,2893186,2893188,0,630200
100,3.38E+08,7.27E+06,2893297,2893297,0,582500
100,3.38E+08,7.08E+06,2893399,2893399,0,616850
100,3.38E+08,7.08E+06,2893676,2893676,0,639100
100,3.38E+08,7.08E+06,2896644,2896644,0,586850
100,3.35E+08,7.17E+06,2896712,2896712,0,568700
100,3.38E+08,7.08E+06,2897003,2897003,0,630200
100,3.38E+08,7.08E+06,2899097,2899097,0,630100
100,3.38E+08,7.08E+06,2899350,2899351,0,619250
100,3.38E+08,7.08E+06,2900132,2900132,0,610900
100,3.38E+08,7.08E+06,2903839,2903839,0,618300
100,3.30E+08,7.22E+06,2904795,2904795,0,553200
100,3.38E+08,7.08E+06,2904969,2904970,0,630200
100,3.38E+08,7.08E+06,2905569,2905569,0,638900
100,3.38E+08,7.08E+06,2906309,2906311,0,608500
100,3.38E+08,7.08E+06,2907376,2907376,0,618300
100,3.38E+08,7.08E+06,2907887,2907885,0,610000
100,3.38E+08,7.08E+06,2908190,2908185,0,582500
100,3.38E+08,7.54E+06,2908743,2908742,0,582500
100,3.38E+08,7.08E+06,2908798,2908799,0,586850
100,3.38E+08,7.08E+06,2909055,2909054,0,630200
100,3.38E+08,7.08E+06,2909527,2909526,0,608300
100,3.38E+08,7.08E+06,2911655,2911656,0,639100
100,3.38E+08,7.08E+06,2912089,2912089,0,603700
100,3.38E+08,7.08E+06,2912383,2912383,0,607350
100,3.38E+08,7.08E+06,2912693,2912693,0,640500
100,3.38E+08,7.08E+06,2914368,2914366,0,600300
100,3.38E+08,7.08E+06,2914576,2914576,0,642650
100,3.38E+08,7.08E+06,2914999,2914999,0,617950
100,3.38E+08,7.08E+06,2915183,2915182,0,619250
100,3.38E+08,7.08E+06,2915310,2915305,0,610000
100,3.38E+08,7.08E+06,2917191,2917189,0,586850
100,3.38E+08,7.08E+06,2918941,2918941,0,630200
100,3.38E+08,7.08E+06,2919314,2919316,0,642650
100,3.38E+08,7.08E+06,2919428,2919429,0,630200
100,3.38E+08,7.08E+06,2920575,2920574,0,586150
100,3.38E+08,7.08E+06,2921774,2921774,0,639100
100,3.34E+08,7.72E+06,2921995,2921997,0,566150
100,3.38E+08,7.08E+06,2922489,2922483,0,586850
100,3.38E+08,7.08E+06,2922754,2922754,0,610000
100,3.38E+08,7.08E+06,2923858,2923857,0,610000
100,3.38E+08,7.08E+06,2924085,2924084,0,630200
100,3.38E+08,7.08E+06,2925308,2925309,0,603700
100,3.38E+08,7.17E+06,2925351,2925348,0,580850
100,3.38E+08,7.08E+06,2926085,2926085,0,608900
100,3.34E+08,7.17E+06,2927157,2927155,0,566100
100,3.38E+08,7.08E+06,2927553,2927553,0,616500
100,3.38E+08,7.08E+06,2928569,2928569,0,617150
100,3.32E+08,7.14E+06,2929274,2929277,0,559450
100,3.38E+08,7.08E+06,2930959,2930959,0,600300
100,3.38E+08,7.08E+06,2932659,2932660,0,586850
100,3.38E+08,7.08E+06,2934047,2934044,0,626650
100,3.38E+08,7.08E+06,2934741,2934739,0,586850
100,3.38E+08,7.08E+06,2935324,2935321,0,628550
100,3.38E+08,7.08E+06,2935922,2935924,0,626650
100,3.38E+08,7.08E+06,2936271,2936268,0,623100
100,3.38E+08,7.08E+06,2936939,2936939,0,603700
100,3.38E+08,7.08E+06,2937192,2937192,0,609950
100,3.38E+08,7.08E+06,2937310,2937312,0,586850
100,3.38E+08,7.08E+06,2937478,2937478,0,618050
100,3.38E+08,7.08E+06,2939199,2939190,0,607350
100,3.38E+08,7.08E+06,2939922,2939922,0,594100
100,3.36E+08,7.28E+06,2940694,2940693,0,573700
100,3.38E+08,7.08E+06,2940985,2940985,0,630200
100,3.38E+08,7.08E+06,2941238,2941238,0,638900
100,3.38E+08,7.08E+06,2941848,2941848,0,618300
100,3.38E+08,7.08E+06,2943142,2943143,0,609950
100,3.38E+08,7.08E+06,2943368,2943370,0,617950
100,3.38E+08,7.08E+06,2943983,2943983,0,617150
100,3.38E+08,7.08E+06,2944356,2944356,0,594100
100,2.92E+08,7.27E+06,2944574,2944574,0,445150
100,3.38E+08,7.08E+06,2944655,2944656,0,630200
100,3.34E+08,7.40E+06,2945253,2945255,0,566150
100,3.38E+08,7.08E+06,2946900,2946900,0,644850
100,3.38E+08,7.08E+06,2949758,2949760,0,639100
100,3.38E+08,7.08E+06,2949850,2949849,0,617150
100,3.38E+08,7.08E+06,2950726,2950727,0,594100
100,3.38E+08,7.08E+06,2951266,2951269,0,616850
100,3.38E+08,7.08E+06,2952961,2952963,0,607350
100,3.38E+08,7.08E+06,2953241,2953243,0,586850
100,3.34E+08,7.12E+06,2953755,2953756,0,566100
100,3.38E+08,7.08E+06,2953836,2953836,0,626650
100,3.38E+08,7.08E+06,2956085,2956084,0,626650
100,3.30E+08,7.26E+06,2957702,2957702,0,553200
100,3.38E+08,7.08E+06,2958489,2958489,0,630100
100,3.38E+08,7.08E+06,2959081,2959081,0,619250
100,3.38E+08,7.08E+06,2961558,2961558,0,630200
100,3.38E+08,7.08E+06,2963278,2963278,0,640500
100,3.38E+08,7.08E+06,2963299,2963301,0,617950
100,3.38E+08,7.08E+06,2963362,2963357,0,630200
100,3.38E+08,7.08E+06,2963880,2963882,0,610850
100,3.38E+08,7.08E+06,2964242,2964243,0,613450
100,3.38E+08,7.08E+06,2964421,2964421,0,630200
100,3.28E+08,7.27E+06,2964559,2964559,0,548950
100,3.38E+08,7.08E+06,2965182,2965183,0,620950
100,3.38E+08,7.08E+06,2965510,2965509,0,638900
100,3.38E+08,7.08E+06,2965545,2965545,0,620150
100,3.38E+08,7.08E+06,2967945,2967944,0,630200
100,3.38E+08,7.08E+06,2968477,2968477,0,617150
100,3.38E+08,7.08E+06,2968843,2968844,0,640500
100,3.38E+08,7.08E+06,2969738,2969737,0,638900
100,3.38E+08,7.08E+06,2970399,2970401,0,617150
100,3.38E+08,7.08E+06,2970566,2970564,0,613450
100,3.38E+08,7.13E+06,2970955,2970955,0,580400
100,3.31E+08,7.18E+06,2971153,2971154,0,557950
100,3.38E+08,7.08E+06,2971794,2971794,0,609950
100,3.38E+08,7.08E+06,2972526,2972526,0,594100
100,3.38E+08,7.08E+06,2973021,2973021,0,610000
100,3.38E+08,7.08E+06,2973923,2973923,0,618450
100,3.28E+08,7.20E+06,2974020,2974020,0,549100
100,3.38E+08,7.08E+06,2974893,2974891,0,618050
100,3.34E+08,7.13E+06,2976003,2976000,0,567400
100,3.38E+08,7.08E+06,2976260,2976261,0,603700
100,3.38E+08,7.08E+06,2978465,2978467,0,618300
100,3.34E+08,7.09E+06,2979035,2979035,0,567400
100,3.38E+08,7.08E+06,2979211,2979213,0,618300
100,3.38E+08,7.08E+06,2979289,2979287,0,594100
100,3.38E+08,7.08E+06,2980099,2980103,0,642650
100,3.38E+08,7.08E+06,2981227,2981228,0,586850
100,3.38E+08,7.08E+06,2981296,2981296,0,617950
100,3.38E+08,7.08E+06,2981394,2981389,0,608500
100,3.38E+08,7.08E+06,2982030,2982023,0,630200
100,3.38E+08,7.08E+06,2982504,2982504,0,586850
100,3.38E+08,7.08E+06,2983853,2983853,0,630200
100,3.38E+08,7.08E+06,2984431,2984424,0,582500
100,3.38E+08,7.08E+06,2984728,2984728,0,610000
100,3.38E+08,7.08E+06,2985174,2985175,0,617150
100,3.38E+08,7.08E+06,2985631,2985627,0,642650
100,3.38E+08,7.08E+06,2987884,2987884,0,610850
100,3.38E+08,7.08E+06,2988484,2988483,0,619250
100,3.38E+08,7.08E+06,2989204,2989203,0,610900
100,3.35E+08,7.32E+06,2989332,2989332,0,568700
100,3.38E+08,7.08E+06,2990395,2990396,0,606200
100,3.38E+08,7.08E+06,2990620,2990618,0,610000
100,3.38E+08,7.08E+06,2991034,2991034,0,626650
100,3.38E+08,7.08E+06,2991272,2991269,0,586850
100,3.38E+08,7.08E+06,2991810,2991809,0,594100
100,3.38E+08,7.08E+06,2992717,2992718,0,610000
100,3.38E+08,7.08E+06,2992727,2992729,0,586850
100,3.38E+08,7.08E+06,2993622,2993618,0,610000
100,3.38E+08,7.08E+06,2994046,2994046,0,639100
100,3.38E+08,7.08E+06,2995464,2995464,0,617950
100,3.38E+08,7.08E+06,2995587,2995586,0,620950
100,3.38E+08,7.08E+06,2997509,2997509,0,609950
100,3.38E+08,7.08E+06,2999028,2999031,0,630200
100,3.38E+08,7.08E+06,2999884,2999887,0,617950
100,3.35E+08,7.21E+06,3000374,3000374,0,568700
100,3.38E+08,7.08E+06,3002276,3002276,0,586850
100,3.38E+08,7.08E+06,3002881,3002880,0,617950
100,3.38E+08,7.08E+06,3003328,3003326,0,613450
100,3.34E+08,7.35E+06,3003625,3003625,0,567400
100,3.38E+08,7.08E+06,3004078,3004078,0,630100
100,3.38E+08,7.08E+06,3004116,3004116,0,630200
100,3.38E+08,7.08E+06,3006521,3006522,0,623100
100,3.38E+08,7.08E+06,3006885,3006886,0,630200
100,3.38E+08,7.08E+06,3007265,3007264,0,630200
100,3.38E+08,7.08E+06,3008405,3008406,0,617950
100,3.38E+08,7.08E+06,3012186,3012186,0,586850
100,3.38E+08,7.08E+06,3012511,3012512,0,630200
100,3.38E+08,7.08E+06,3012590,3012590,0,607350
100,3.38E+08,7.08E+06,3012629,3012627,0,630200
100,3.38E+08,7.08E+06,3013630,3013630,0,608100
100,3.38E+08,7.08E+06,3013635,3013634,0,620950
100,3.38E+08,7.08E+06,3014054,3014054,0,609950
100,3.38E+08,7.08E+06,3015971,3015974,0,582500
100,3.38E+08,7.08E+06,3016558,3016559,0,630200
100,3.38E+08,7.08E+06,3017971,3017974,0,639100
100,3.34E+08,7.09E+06,3018986,3018987,0,566100
100,3.38E+08,7.08E+06,3019280,3019280,0,639100
100,3.38E+08,7.08E+06,3019398,3019399,0,608100
100,3.38E+08,7.08E+06,3019596,3019596,0,618300
100,3.38E+08,7.08E+06,3020220,3020218,0,617950
100,3.38E+08,7.08E+06,3020572,3020573,0,630200
100,3.38E+08,7.08E+06,3020921,3020922,0,630200
100,3.38E+08,7.08E+06,3021059,3021059,0,618450
100,3.38E+08,7.08E+06,3021091,3021091,0,613450
100,3.38E+08,7.08E+06,3021517,3021515,0,613450
100,3.34E+08,7.15E+06,3021817,3021815,0,566100
100,3.38E+08,7.08E+06,3022210,3022211,0,618300
100,3.30E+08,7.36E+06,3022338,3022338,0,553200
100,3.38E+08,7.08E+06,3022622,3022618,0,617150
100,3.38E+08,7.08E+06,3023836,3023836,0,642650
100,3.38E+08,7.08E+06,3024444,3024446,0,617150
100,3.38E+08,7.08E+06,3026496,3026497,0,623100
100,3.38E+08,7.08E+06,3028465,3028468,0,630200
100,3.38E+08,7.08E+06,3028693,3028693,0,616850
100,3.30E+08,7.08E+06,3029788,3029785,0,553200
100,3.38E+08,7.08E+06,3030806,3030806,0,610000
100,3.38E+08,7.08E+06,3031374,3031366,0,618450
100,3.30E+08,7.15E+06,3032479,3032479,0,553200
100,3.38E+08,7.08E+06,3032914,3032914,0,630100
100,3.38E+08,7.08E+06,3035763,3035763,0,640500
100,3.38E+08,7.08E+06,3035803,3035801,0,606400
100,3.38E+08,7.08E+06,3037859,3037859,0,619250
100,3.34E+08,7.16E+06,3037862,3037862,0,566100
100,3.38E+08,7.08E+06,3037870,3037869,0,610000
100,3.38E+08,7.08E+06,3037956,3037956,0,618050
100,3.30E+08,7.33E+06,3038604,3038607,0,553200
100,3.38E+08,7.08E+06,3038784,3038787,0,608100
100,3.38E+08,7.08E+06,3039321,3039320,0,630100
100,3.28E+08,7.62E+06,3040327,3040327,0,546950
100,3.38E+08,7.08E+06,3040822,3040822,0,639100
100,3.38E+08,7.08E+06,3042012,3042011,0,630100
100,3.38E+08,7.08E+06,3043153,3043153,0,630200
100,3.35E+08,7.15E+06,3043734,3043738,0,568700
100,3.38E+08,7.08E+06,3044044,3044046,0,582500
100,3.38E+08,7.08E+06,3044321,3044320,0,594100
100,3.38E+08,7.08E+06,3044662,3044664,0,586850
100,3.38E+08,7.08E+06,3045119,3045121,0,630200
100,3.38E+08,7.08E+06,3046177,3046177,0,639100
100,3.38E+08,7.08E+06,3046245,3046239,0,613450
100,3.38E+08,7.08E+06,3046498,3046497,0,616850
100,3.35E+08,7.32E+06,3046786,3046785,0,568700
100,3.38E+08,7.08E+06,3047754,3047754,0,630200
100,3.38E+08,7.08E+06,3048490,3048493,0,615450
100,3.38E+08,7.08E+06,3048533,3048531,0,586850
100,3.38E+08,7.08E+06,3048824,3048824,0,586850
100,3.38E+08,7.08E+06,3049332,3049332,0,630200
100,3.38E+08,7.08E+06,3050959,3050959,0,610000
100,3.38E+08,7.08E+06,3051666,3051667,0,586850
100,3.38E+08,7.08E+06,3051805,3051808,0,617950
100,3.38E+08,7.08E+06,3052158,3052159,0,630100
100,3.30E+08,7.22E+06,3053046,3053043,0,553200
100,3.38E+08,7.08E+06,3053149,3053149,0,617950
100,3.38E+08,7.08E+06,3053680,3053680,0,623100
100,3.38E+08,7.08E+06,3055557,3055557,0,640500
100,3.38E+08,7.08E+06,3056195,3056194,0,618050
100,3.38E+08,7.08E+06,3056354,3056354,0,639100
100,3.38E+08,7.08E+06,3056392,3056392,0,640500
100,3.38E+08,7.08E+06,3056886,3056887,0,630200
100,3.38E+08,7.08E+06,3057556,3057555,0,617150
100,3.38E+08,7.08E+06,3057751,3057749,0,610000
100,3.38E+08,7.08E+06,3057911,3057911,0,630200
100,3.38E+08,7.08E+06,3058664,3058665,0,613450
100,3.38E+08,7.08E+06,3059008,3059009,0,630200
100,3.38E+08,7.08E+06,3060987,3060987,0,617150
100,3.38E+08,7.08E+06,3063372,3063371,0,607350
100,3.38E+08,7.08E+06,3063642,3063640,0,630200
100,3.38E+08,7.08E+06,3063779,3063779,0,594100
100,3.38E+08,7.08E+06,3063981,3063981,0,610000
100,3.38E+08,7.08E+06,3064061,3064064,0,639100
100,3.38E+08,7.08E+06,3064379,3064379,0,618050
100,3.38E+08,7.08E+06,3064539,3064539,0,610000
100,3.28E+08,7.14E+06,3065452,3065450,0,549100
100,3.38E+08,7.08E+06,3066638,3066636,0,630200
100,3.38E+08,7.08E+06,3066719,3066719,0,610900
100,3.38E+08,7.08E+06,3067047,3067044,0,642650
100,3.38E+08,7.08E+06,3067452,3067454,0,582500
100,3.38E+08,7.08E+06,3067788,3067789,0,586850
100,3.38E+08,7.08E+06,3067833,3067833,0,617150
100,3.38E+08,7.08E+06,3068470,3068469,0,606400
100,3.38E+08,7.08E+06,3068473,3068472,0,608100
100,3.38E+08,7.08E+06,3068894,3068893,0,617950
100,3.38E+08,7.08E+06,3070883,3070883,0,617150
100,3.38E+08,7.08E+06,3071908,3071908,0,630100
100,3.38E+08,7.08E+06,3071917,3071920,0,613450
100,3.38E+08,7.08E+06,3072154,3072160,0,640500
100,3.38E+08,7.08E+06,3073986,3073986,0,609950
100,3.38E+08,7.75E+06,3074801,3074800,0,582500
100,3.38E+08,7.08E+06,3075284,3075285,0,603700
100,3.38E+08,7.08E+06,3076170,3076169,0,630200
100,3.38E+08,7.08E+06,3076595,3076595,0,619250
100,3.38E+08,7.08E+06,3076975,3076975,0,618450
100,3.38E+08,7.08E+06,3077588,3077587,0,617950
100,3.38E+08,7.08E+06,3077657,3077658,0,613450
100,3.38E+08,7.08E+06,3077920,3077918,0,594100
100,2.92E+08,7.48E+06,3078498,3078498,0,445150
100,3.38E+08,7.08E+06,3078653,3078653,0,623100
100,3.30E+08,7.26E+06,3078802,3078804,0,553200
100,3.38E+08,7.08E+06,3079469,3079466,0,609950
100,3.38E+08,7.08E+06,3079516,3079516,0,606400
100,3.38E+08,7.08E+06,3079811,3079812,0,582500
100,3.28E+08,7.09E+06,3080056,3080056,0,549100
100,3.38E+08,7.08E+06,3081595,3081595,0,639100
100,3.38E+08,7.08E+06,3081871,3081870,0,630100
100,3.38E+08,7.08E+06,3082337,3082337,0,586150
100,3.38E+08,7.08E+06,3082522,3082522,0,603700
100,3.38E+08,7.08E+06,3083205,3083205,0,606400
100,3.38E+08,7.08E+06,3083567,3083568,0,607350
100,3.38E+08,7.08E+06,3083752,3083749,0,617150
100,3.38E+08,7.08E+06,3084872,3084872,0,613450
100,3.38E+08,7.08E+06,3086183,3086183,0,586150
100,3.38E+08,7.08E+06,3087110,3087110,0,617600
100,3.38E+08,7.08E+06,3087155,3087157,0,638900
100,3.38E+08,7.08E+06,3088856,3088856,0,610000
100,3.38E+08,7.08E+06,3090432,3090432,0,613450
100,3.38E+08,7.08E+06,3090755,3090754,0,617950
100,3.38E+08,7.08E+06,3091940,3091940,0,609950
100,3.38E+08,7.08E+06,3093331,3093331,0,630200
100,3.38E+08,7.08E+06,3093342,3093340,0,582500
100,3.38E+08,7.08E+06,3093436,3093435,0,644850
100,3.38E+08,7.08E+06,3094375,3094375,0,586850
100,3.38E+08,7.08E+06,3094971,3094973,0,621100
100,3.38E+08,7.08E+06,3095543,3095544,0,642650
100,3.38E+08,7.08E+06,3095720,3095718,0,618050
100,3.38E+08,7.08E+06,3096310,3096310,0,607350
100,3.30E+08,7.12E+06,3096346,3096346,0,553200
100,3.38E+08,7.08E+06,3098637,3098636,0,594100
100,3.38E+08,7.08E+06,3099313,3099314,0,618450
100,3.38E+08,7.08E+06,3099494,3099494,0,630200
100,3.38E+08,7.08E+06,3100660,3100660,0,621600
100,3.38E+08,7.08E+06,3100906,3100906,0,582500
100,3.31E+08,7.09E+06,3102175,3102175,0,557950
100,3.34E+08,7.13E+06,3102990,3102990,0,566100
100,3.38E+08,7.08E+06,3103280,3103278,0,613450
100,3.38E+08,7.08E+06,3103645,3103643,0,619250
100,3.38E+08,7.08E+06,3103995,3103995,0,607350
100,3.38E+08,7.08E+06,3104240,3104240,0,620950
100,3.38E+08,7.08E+06,3104625,3104624,0,610000
100,3.38E+08,7.08E+06,3105469,3105469,0,630200
100,3.31E+08,7.23E+06,3105551,3105551,0,557950
100,3.38E+08,7.08E+06,3106440,3106440,0,630200
100,3.38E+08,7.08E+06,3106993,3106994,0,618300
100,3.38E+08,7.08E+06,3107596,3107598,0,617950
100,3.38E+08,7.08E+06,3107737,3107737,0,610000
100,3.38E+08,7.08E+06,3107947,3107947,0,616850
100,3.38E+08,7.08E+06,3108419,3108420,0,617950
100,3.38E+08,7.08E+06,3109173,3109173,0,586150
100,3.38E+08,7.08E+06,3111269,3111271,0,613450
100,3.38E+08,7.08E+06,3112965,3112967,0,630100
100,3.38E+08,7.08E+06,3113678,3113678,0,594100
100,3.38E+08,7.08E+06,3114567,3114567,0,610950
100,3.38E+08,7.08E+06,3115487,3115487,0,640900
100,3.38E+08,7.08E+06,3118105,3118105,0,630100
100,3.38E+08,7.08E+06,3118398,3118393,0,586850
100,3.38E+08,7.08E+06,3118864,3118864,0,618050
100,3.38E+08,7.08E+06,3119557,3119557,0,586850
100,3.38E+08,7.12E+06,3120191,3120191,0,582500
100,3.38E+08,7.08E+06,3121130,3121128,0,617950
100,3.38E+08,7.08E+06,3121174,3121177,0,594100
100,3.28E+08,7.29E+06,3121228,3121227,0,549100
100,3.38E+08,7.08E+06,3122080,3122083,0,639100
100,3.38E+08,7.08E+06,3123505,3123508,0,603700
100,3.38E+08,7.08E+06,3125639,3125639,0,630200
100,3.38E+08,7.08E+06,3125966,3125966,0,586850
100,3.38E+08,7.08E+06,3126907,3126903,0,582500
100,3.38E+08,7.08E+06,3128298,3128291,0,642650
100,3.38E+08,7.08E+06,3129055,3129055,0,639100
100,3.38E+08,7.08E+06,3129727,3129728,0,642650
100,3.38E+08,7.08E+06,3129756,3129756,0,620950
100,3.17E+08,7.31E+06,3131543,3131542,0,524800
100,3.38E+08,7.08E+06,3132685,3132685,0,594100
100,3.38E+08,7.08E+06,3133912,3133912,0,621600
100,3.38E+08,7.08E+06,3134870,3134870,0,630200
100,3.38E+08,7.08E+06,3135224,3135223,0,619250
100,3.38E+08,7.08E+06,3135261,3135257,0,613450
100,3.38E+08,7.08E+06,3136219,3136218,0,582500
100,3.38E+08,7.08E+06,3137524,3137524,0,617950
100,3.38E+08,7.08E+06,3138107,3138107,0,628550
100,3.38E+08,7.08E+06,3138767,3138769,0,630200
100,3.38E+08,7.31E+06,3138934,3138934,0,580850
100,3.38E+08,7.08E+06,3139846,3139846,0,620150
100,3.38E+08,7.08E+06,3140039,3140039,0,610000
100,3.31E+08,7.60E+06,3140099,3140099,0,558100
100,3.38E+08,7.08E+06,3140466,3140466,0,630200
100,3.38E+08,7.08E+06,3140987,3140987,0,642650
100,3.34E+08,7.18E+06,3141896,3141896,0,566100
100,3.38E+08,7.08E+06,3144419,3144419,0,617150
100,3.38E+08,7.08E+06,3144812,3144812,0,630200
100,3.38E+08,7.08E+06,3145577,3145578,0,630200
100,3.38E+08,7.08E+06,3145669,3145669,0,610850
100,3.38E+08,7.17E+06,3146467,3146467,0,580600
100,3.38E+08,7.08E+06,3146477,3146479,0,616850
100,3.37E+08,7.35E+06,3147298,3147300,0,576500
100,3.38E+08,7.08E+06,3148092,3148092,0,639100
100,3.38E+08,7.08E+06,3148201,3148201,0,618450
100,3.38E+08,7.08E+06,3148582,3148582,0,603700
100,3.38E+08,7.08E+06,3149732,3149731,0,609950
100,3.34E+08,7.19E+06,3149989,3149989,0,567400
100,3.38E+08,7.08E+06,3150504,3150504,0,630100
100,3.38E+08,7.08E+06,3152177,3152177,0,639100
100,3.38E+08,7.08E+06,3153583,3153583,0,610000
100,3.28E+08,7.27E+06,3154082,3154077,0,549100
100,3.38E+08,7.08E+06,3155504,3155504,0,630200
100,3.38E+08,7.08E+06,3156144,3156145,0,617150
100,3.38E+08,7.08E+06,3156427,3156427,0,630200
100,3.38E+08,7.08E+06,3157159,3157155,0,617150
100,3.38E+08,7.08E+06,3159054,3159054,0,607350
100,3.38E+08,7.08E+06,3159210,3159210,0,610850
100,3.38E+08,7.08E+06,3159295,3159295,0,603700
100,3.38E+08,7.08E+06,3160028,3160025,0,630200
100,3.38E+08,7.08E+06,3160246,3160245,0,616850
100,3.38E+08,7.08E+06,3163231,3163228,0,616850
100,3.38E+08,7.08E+06,3163288,3163290,0,620150
100,3.38E+08,7.08E+06,3163880,3163880,0,582500
100,3.38E+08,7.08E+06,3164490,3164489,0,630200
100,3.38E+08,7.08E+06,3164688,3164685,0,630200
100,3.38E+08,7.08E+06,3165797,3165798,0,608100
100,3.38E+08,7.08E+06,3165853,3165850,0,594100
100,3.38E+08,7.08E+06,3165897,3165897,0,610900
100,3.38E+08,7.08E+06,3166435,3166436,0,618050
100,3.38E+08,7.08E+06,3169444,3169444,0,630200
100,3.38E+08,7.08E+06,3169780,3169779,0,617150
100,3.38E+08,7.08E+06,3170773,3170774,0,638150
100,3.34E+08,7.18E+06,3171170,3171169,0,566100
100,3.38E+08,7.08E+06,3171297,3171298,0,586850
100,3.38E+08,7.08E+06,3171784,3171784,0,616850
100,3.38E+08,7.08E+06,3171804,3171804,0,586850
100,3.38E+08,7.08E+06,3173398,3173398,0,594100
100,3.38E+08,7.08E+06,3174070,3174070,0,638900
100,3.38E+08,7.08E+06,3175313,3175311,0,607350
100,3.38E+08,7.08E+06,3175505,3175505,0,610000
100,3.38E+08,7.08E+06,3176024,3176023,0,616850
100,3.38E+08,7.08E+06,3176221,3175262,0,610000
100,3.38E+08,7.08E+06,3177322,3177324,0,644850
100,3.38E+08,7.08E+06,3177739,3177738,0,617950
100,3.38E+08,7.08E+06,3179064,3179066,0,620950
100,3.38E+08,7.08E+06,3179880,3179881,0,630100
100,3.38E+08,7.08E+06,3179985,3179988,0,639100
100,3.38E+08,7.08E+06,3180398,3180400,0,618450
100,3.38E+08,7.08E+06,3180419,3180419,0,586850
100,3.38E+08,7.08E+06,3181469,3181469,0,618300
100,3.38E+08,7.08E+06,3181471,3181471,0,618300
100,3.38E+08,7.19E+06,3181804,3181807,0,580400
100,3.38E+08,7.08E+06,3182526,3182527,0,617950
100,3.38E+08,7.08E+06,3182638,3182638,0,585000
100,3.38E+08,7.08E+06,3182993,3182992,0,619250
100,3.38E+08,7.08E+06,3183116,3183118,0,630100
100,3.38E+08,7.08E+06,3184804,3184806,0,630200
100,3.34E+08,7.12E+06,3186160,3186160,0,567400
100,3.38E+08,7.08E+06,3186247,3186244,0,630200
100,3.38E+08,7.08E+06,3187936,3187936,0,642650
100,3.38E+08,7.08E+06,3188343,3188343,0,626650
100,3.38E+08,7.08E+06,3188984,3188987,0,586850
100,3.38E+08,7.08E+06,3189873,3189873,0,630200
100,3.38E+08,7.08E+06,3190185,3190185,0,603700
100,3.38E+08,7.08E+06,3190759,3190759,0,619250
100,3.38E+08,7.27E+06,3191428,3191426,0,580850
100,3.34E+08,7.52E+06,3192146,3192145,0,567400
100,3.38E+08,7.08E+06,3192609,3192609,0,620950
100,3.38E+08,7.08E+06,3192928,3192928,0,630200
100,3.38E+08,7.08E+06,3193068,3193065,0,620150
100,3.38E+08,7.08E+06,3193133,3193132,0,630200
100,3.38E+08,7.08E+06,3196970,3196970,0,610000
100,3.38E+08,7.08E+06,3198046,3198046,0,607350
100,3.38E+08,7.08E+06,3198529,3198529,0,609950
100,3.38E+08,7.08E+06,3198750,3198749,0,617950
100,3.28E+08,7.27E+06,3198972,3198971,0,549100
100,3.38E+08,7.08E+06,3199395,3199396,0,621700
100,3.38E+08,7.08E+06,3199436,3199436,0,620150
100,3.38E+08,7.08E+06,3199710,3199710,0,630200
100,3.28E+08,7.32E+06,3199845,3199845,0,548550
100,3.38E+08,7.08E+06,3199849,3199847,0,639100
100,3.38E+08,7.08E+06,3200085,3200085,0,609950
100,3.38E+08,7.08E+06,3200123,3200123,0,610900
100,3.38E+08,7.08E+06,3201378,3201379,0,642650
100,3.38E+08,7.08E+06,3202697,3202696,0,608500
100,3.38E+08,7.08E+06,3202743,3202741,0,586850
100,3.38E+08,7.08E+06,3203192,3203193,0,617150
100,3.38E+08,7.08E+06,3203801,3203802,0,607350
100,3.38E+08,7.08E+06,3204656,3204657,0,613450
100,3.37E+08,7.08E+06,3204699,3204699,0,576500
100,3.38E+08,7.08E+06,3204852,3204851,0,619250
100,3.38E+08,7.08E+06,3205905,3205905,0,630200
100,3.38E+08,7.08E+06,3206257,3206256,0,610000
100,3.38E+08,7.08E+06,3206457,3206453,0,630200
100,3.38E+08,7.08E+06,3207064,3207062,0,640500
100,3.38E+08,7.40E+06,3207493,3207493,0,582500
100,3.38E+08,7.08E+06,3208298,3208298,0,586850
100,3.38E+08,7.08E+06,3208489,3208487,0,610000
100,3.38E+08,7.08E+06,3209966,3209966,0,618300
100,3.38E+08,7.08E+06,3212184,3212184,0,615450
100,3.38E+08,7.08E+06,3212272,3212272,0,620950
100,3.38E+08,7.08E+06,3213375,3213374,0,608100
100,3.38E+08,7.08E+06,3214276,3214276,0,586850
100,3.38E+08,7.08E+06,3215719,3215719,0,642650
100,3.38E+08,7.08E+06,3216278,3216281,0,618300
100,3.38E+08,7.08E+06,3217326,3217325,0,586850
100,3.38E+08,7.08E+06,3217423,3217424,0,619250
100,3.34E+08,7.27E+06,3218009,3218003,0,566100
100,3.38E+08,7.08E+06,3218727,3218726,0,586850
100,3.38E+08,7.08E+06,3219249,3219249,0,607350
100,3.38E+08,7.31E+06,3221844,3221841,0,580600
100,3.38E+08,7.08E+06,3222049,3222048,0,607350
100,3.30E+08,7.52E+06,3222486,3222486,0,553200
100,3.38E+08,7.08E+06,3222792,3222792,0,630200
100,3.31E+08,7.29E+06,3225925,3225925,0,557950
100,3.38E+08,7.08E+06,3228446,3228446,0,608300
100,3.38E+08,7.08E+06,3229417,3229418,0,603700
100,3.38E+08,7.08E+06,3229573,3229570,0,621600
100,3.38E+08,7.08E+06,3229899,3229899,0,586850
100,3.38E+08,7.08E+06,3230048,3230047,0,639100
100,3.38E+08,7.08E+06,3230135,3230135,0,630100
100,3.31E+08,7.24E+06,3230677,3230677,0,557950
100,3.38E+08,7.08E+06,3230893,3230895,0,630200
100,3.38E+08,7.08E+06,3230985,3230986,0,642650
100,3.38E+08,7.08E+06,3231972,3231972,0,610900
100,3.38E+08,7.08E+06,3232875,3232875,0,586850
100,3.38E+08,7.08E+06,3233472,3233471,0,606200
100,3.38E+08,7.08E+06,3234033,3234036,0,630100
100,3.38E+08,7.08E+06,3234073,3234073,0,618300
100,3.38E+08,7.08E+06,3234377,3234377,0,610850
100,3.38E+08,7.08E+06,3235160,3235160,0,618450
100,2.55E+08,7.19E+06,3236264,3236266,0,342050
100,3.38E+08,7.08E+06,3237955,3237952,0,586850
100,3.38E+08,7.08E+06,3239022,3239021,0,617150
100,3.38E+08,7.08E+06,3239613,3239613,0,610900
100,3.38E+08,7.08E+06,3240098,3240098,0,609950
100,3.38E+08,7.08E+06,3240166,3240167,0,630200
100,3.38E+08,7.08E+06,3240473,3240476,0,608500
100,3.38E+08,7.08E+06,3240818,3240814,0,630100
100,3.17E+08,7.20E+06,3241026,3241026,0,524800
100,3.31E+08,7.31E+06,3241042,3241044,0,557950
100,3.38E+08,7.08E+06,3241284,3241284,0,586850
100,3.38E+08,7.08E+06,3241378,3241380,0,610000
100,3.38E+08,7.08E+06,3241586,3241586,0,607350
100,3.34E+08,7.37E+06,3243951,3243948,0,566150
100,3.38E+08,7.08E+06,3244114,3244113,0,607350
100,3.38E+08,7.08E+06,3244472,3244470,0,642650
100,3.38E+08,7.08E+06,3245080,3245078,0,610850
100,3.38E+08,7.08E+06,3245322,3245320,0,586850
100,3.38E+08,7.08E+06,3246337,3246337,0,617950
100,3.38E+08,7.08E+06,3247731,3247731,0,616850
100,3.38E+08,7.08E+06,3247815,3247815,0,630200
100,3.38E+08,7.08E+06,3248437,3248436,0,610900
100,3.38E+08,7.08E+06,3249008,3249007,0,626650
100,3.38E+08,7.17E+06,3249180,3249180,0,580850
100,3.38E+08,7.08E+06,3250473,3250472,0,613450
100,3.38E+08,7.08E+06,3250654,3250653,0,603700
100,3.38E+08,7.08E+06,3251408,3251411,0,639100
100,3.38E+08,7.08E+06,3252088,3252087,0,586850
100,3.38E+08,7.08E+06,3252350,3252350,0,618300
100,3.38E+08,7.08E+06,3253458,3253458,0,620950
100,3.38E+08,7.08E+06,3253683,3253683,0,630100
100,3.38E+08,7.08E+06,3253839,3253840,0,630100
100,3.38E+08,7.08E+06,3253953,3253951,0,615450
100,3.38E+08,7.08E+06,3255528,3255526,0,642650
100,3.38E+08,7.08E+06,3256516,3256516,0,615450
100,3.38E+08,7.08E+06,3258481,3258480,0,582500
100,3.31E+08,7.45E+06,3258649,3258648,0,557950
100,3.38E+08,7.08E+06,3258914,3258913,0,613450
100,3.38E+08,7.08E+06,3260785,3260785,0,630200
100,3.28E+08,7.13E+06,3262718,3262718,0,549100
100,3.34E+08,7.14E+06,3263823,3263822,0,566100
100,3.38E+08,7.08E+06,3265058,3265059,0,613450
100,3.38E+08,7.08E+06,3265465,3265464,0,630200
100,3.35E+08,7.44E+06,3265924,3265925,0,568700
100,3.38E+08,7.08E+06,3267319,3267317,0,630200
100,3.38E+08,7.08E+06,3267868,3267869,0,616850
100,3.38E+08,7.08E+06,3267932,3267933,0,630100
100,3.38E+08,7.08E+06,3268035,3268034,0,610000
100,3.38E+08,7.08E+06,3268514,3268515,0,619250
100,3.38E+08,7.08E+06,3269069,3269069,0,620150
100,3.38E+08,7.08E+06,3269249,3269252,0,613450
100,3.38E+08,7.08E+06,3269658,3269658,0,610850
100,3.27E+08,7.09E+06,3270528,3270530,0,545550
100,3.38E+08,7.08E+06,3271435,3271430,0,639100
100,3.38E+08,7.08E+06,3271686,3271686,0,610000
100,3.38E+08,7.08E+06,3273603,3273603,0,640500
100,3.38E+08,7.08E+06,3275090,3275091,0,630100
100,3.38E+08,7.08E+06,3275867,3275867,0,618300
100,3.38E+08,7.08E+06,3275881,3275881,0,610800
100,3.38E+08,7.08E+06,3278265,3278267,0,610850
100,3.38E+08,7.08E+06,3279200,3279200,0,618300
100,3.38E+08,7.08E+06,3279268,3279268,0,617150
100,3.38E+08,7.08E+06,3279587,3279590,0,618050
100,3.38E+08,7.08E+06,3280011,3280004,0,626650
100,3.38E+08,7.08E+06,3281207,3281208,0,621100
100,3.38E+08,7.08E+06,3281375,3281375,0,642650
100,3.38E+08,7.08E+06,3281458,3281456,0,639100
100,3.38E+08,7.08E+06,3282360,3282359,0,603700
100,3.38E+08,7.08E+06,3283618,3283619,0,610000
100,3.38E+08,7.08E+06,3283759,3283760,0,618300
100,3.38E+08,7.08E+06,3284394,3284394,0,618450
100,3.38E+08,7.08E+06,3285978,3285977,0,630200
100,3.38E+08,7.08E+06,3286918,3286918,0,607350
100,3.38E+08,7.08E+06,3288167,3288167,0,618050
100,3.27E+08,7.06E+06,3288455,3288454,0,545550
100,3.38E+08,7.08E+06,3290790,3290788,0,630100
100,3.38E+08,7.08E+06,3291521,3291522,0,617950
100,3.38E+08,7.08E+06,3292355,3292357,0,618300
100,3.38E+08,7.08E+06,3292557,3292557,0,640500
100,3.38E+08,7.08E+06,3293106,3293108,0,630100
100,3.38E+08,7.08E+06,3293339,3293336,0,617150
100,3.38E+08,7.08E+06,3293457,3293457,0,617150
100,3.34E+08,7.07E+06,3293860,3293860,0,566100
100,3.38E+08,7.08E+06,3294636,3294636,0,610000
100,3.38E+08,7.08E+06,3294652,3294652,0,607350
100,3.38E+08,7.08E+06,3295497,3295496,0,630100
100,3.38E+08,7.08E+06,3295825,3295825,0,610850
100,3.38E+08,7.08E+06,3297148,3297148,0,610000
100,3.38E+08,7.08E+06,3298647,3298647,0,617950
100,3.38E+08,7.08E+06,3298691,3298695,0,606400
100,3.27E+08,7.20E+06,3299050,3299049,0,545200
100,3.38E+08,7.08E+06,3299487,3299488,0,630200
100,3.38E+08,7.08E+06,3299650,3299650,0,608300
100,3.34E+08,7.40E+06,3299857,3299857,0,567400
100,3.38E+08,7.08E+06,3300074,3300075,0,607350
100,3.38E+08,7.08E+06,3300194,3300194,0,630200
100,3.38E+08,7.08E+06,3301832,3301832,0,639100
100,3.38E+08,7.08E+06,3302424,3302422,0,618450
100,3.38E+08,7.08E+06,3302607,3302607,0,608100
100,3.38E+08,7.08E+06,3302664,3302665,0,642650
100,3.38E+08,7.08E+06,3302776,3302776,0,617150
100,3.38E+08,7.08E+06,3303435,3303435,0,630200
100,3.38E+08,7.08E+06,3305356,3305356,0,621700
100,3.38E+08,7.08E+06,3305796,3305796,0,594100
100,3.38E+08,7.08E+06,3306418,3306418,0,585000
100,3.38E+08,7.08E+06,3306532,3306532,0,630200
100,3.38E+08,7.08E+06,3307223,3307222,0,630200
100,3.38E+08,7.08E+06,3307634,3307634,0,617950
100,3.38E+08,7.08E+06,3307771,3307772,0,609950
100,3.38E+08,7.08E+06,3308263,3308262,0,642650
100,3.36E+08,7.06E+06,3309509,3309509,0,573700
100,3.38E+08,7.08E+06,3309964,3309964,0,607350
100,3.38E+08,7.08E+06,3310479,3310479,0,630200
100,3.38E+08,7.08E+06,3311874,3311874,0,623100
100,3.38E+08,7.08E+06,3312501,3312504,0,617150
100,3.38E+08,7.08E+06,3312948,3312948,0,603700
100,3.38E+08,7.08E+06,3312999,3312997,0,620950
100,3.38E+08,7.08E+06,3314187,3314190,0,617950
100,3.38E+08,7.08E+06,3314270,3314268,0,621600
100,3.38E+08,7.08E+06,3314573,3314572,0,594100
100,3.24E+08,7.55E+06,3314833,3314833,0,545150
100,3.38E+08,7.08E+06,3315026,3315025,0,642650
100,3.38E+08,7.08E+06,3315461,3315461,0,610000
100,3.38E+08,7.08E+06,3316105,3316105,0,613450
100,3.38E+08,7.08E+06,3316330,3316330,0,610950
100,3.35E+08,7.31E+06,3316713,3316714,0,568700
100,3.38E+08,7.08E+06,3316831,3316828,0,594100
100,3.38E+08,7.08E+06,3317155,3317155,0,617150
100,3.38E+08,7.08E+06,3317765,3317764,0,607350
100,3.38E+08,7.08E+06,3318422,3318422,0,594100
100,3.38E+08,7.08E+06,3318579,3318579,0,586850
100,3.38E+08,7.08E+06,3319884,3319884,0,630200
100,3.38E+08,7.08E+06,3319889,3319886,0,586850
100,3.27E+08,7.65E+06,3319930,3319930,0,545200
100,3.24E+08,7.19E+06,3320173,3320173,0,542650
100,3.27E+08,7.44E+06,3322300,3322300,0,545550
100,3.38E+08,7.08E+06,3326529,3326529,0,586850
100,3.38E+08,7.08E+06,3326702,3326702,0,613450
100,3.38E+08,7.08E+06,3327506,3327503,0,623100
100,3.32E+08,7.43E+06,3327766,3327767,0,562000
100,3.38E+08,7.08E+06,3328066,3328066,0,617150
100,3.38E+08,7.08E+06,3328374,3328374,0,586850
100,3.16E+08,7.63E+06,3328565,3328565,0,519750
100,3.38E+08,7.08E+06,3328799,3328799,0,617150
100,3.18E+08,7.14E+06,3331011,3331011,0,526250
100,3.38E+08,7.08E+06,3331183,3331185,0,594100
100,3.38E+08,7.08E+06,3332420,3332420,0,607350
100,3.28E+08,7.20E+06,3332902,3332902,0,548550
100,3.38E+08,7.08E+06,3333375,3333375,0,630200
100,3.38E+08,7.08E+06,3334429,3334429,0,630100
100,3.38E+08,7.08E+06,3334738,3334738,0,642650
100,3.25E+08,7.24E+06,3334886,3334886,0,545150
100,3.38E+08,7.08E+06,3335413,3335412,0,630100
100,3.38E+08,7.08E+06,3335758,3335758,0,607350
100,3.38E+08,7.08E+06,3335871,3335871,0,610900
100,3.38E+08,7.40E+06,3336010,3336008,0,580400
100,3.38E+08,7.08E+06,3336279,3336280,0,608100
100,3.38E+08,7.08E+06,3336530,3336526,0,617600
100,3.38E+08,7.08E+06,3336840,3336841,0,608100
100,3.38E+08,7.08E+06,3336933,3336933,0,608100
100,3.28E+08,7.21E+06,3337107,3337106,0,549100
100,3.38E+08,7.08E+06,3337348,3337343,0,623100
100,3.38E+08,7.08E+06,3337569,3337569,0,613450
100,3.38E+08,7.08E+06,3337895,3337897,0,608100
100,3.38E+08,7.08E+06,3338676,3338676,0,623100
100,3.38E+08,7.08E+06,3338778,3338780,0,610850
100,3.38E+08,7.25E+06,3339082,3339082,0,580600
100,3.38E+08,7.08E+06,3339215,3339213,0,630100
100,3.38E+08,7.08E+06,3339227,3339224,0,630200
100,3.25E+08,7.29E+06,3339553,3339554,0,545150
100,3.26E+08,7.40E+06,3340240,3340243,0,545150
100,3.38E+08,7.08E+06,3340352,3340345,0,617950
100,3.38E+08,7.08E+06,3340657,3340656,0,616850
100,3.38E+08,7.08E+06,3341788,3341787,0,620150
100,3.38E+08,7.08E+06,3342720,3342720,0,630200
100,3.38E+08,7.08E+06,3343106,3343106,0,644850
100,3.38E+08,7.08E+06,3343524,3343524,0,610000
100,3.26E+08,7.60E+06,3343803,3343804,0,545200
100,3.38E+08,7.08E+06,3344547,3344545,0,630100
100,3.18E+08,7.23E+06,3345601,3345600,0,526450
100,3.38E+08,7.08E+06,3346479,3346477,0,618300
100,3.38E+08,7.08E+06,3346976,3346980,0,617150
100,3.36E+08,7.12E+06,3347592,3347592,0,573700
100,3.38E+08,7.08E+06,3347642,3347642,0,608100
100,3.38E+08,7.08E+06,3349125,3349124,0,586850
100,3.38E+08,7.08E+06,3349274,3349273,0,623100
100,3.38E+08,7.08E+06,3349387,3349385,0,594100
100,3.24E+08,7.39E+06,3350621,3350617,0,545150
100,3.38E+08,7.08E+06,3350954,3350952,0,606400
100,3.30E+08,7.14E+06,3351104,3351104,0,553200
100,3.38E+08,7.08E+06,3351321,3351318,0,616850
100,3.38E+08,7.08E+06,3351467,3351465,0,610000
100,2.96E+08,7.33E+06,3352141,3352142,0,456400
100,3.38E+08,7.08E+06,3352863,3352863,0,617950
100,3.38E+08,7.08E+06,3353756,3353755,0,630200
100,3.38E+08,7.08E+06,3353764,3353765,0,638900
100,3.38E+08,7.08E+06,3354536,3354536,0,603700
100,3.26E+08,7.32E+06,3354804,3354806,0,545150
100,3.24E+08,7.33E+06,3354971,3354971,0,545150
100,3.38E+08,7.08E+06,3355752,3355751,0,617950
100,3.38E+08,7.08E+06,3357038,3357038,0,586150
100,3.24E+08,7.27E+06,3357243,3357241,0,545150
100,3.38E+08,7.08E+06,3357270,3357270,0,586850
100,3.38E+08,7.08E+06,3357751,3357751,0,630200
100,3.16E+08,7.30E+06,3359116,3359116,0,519750
100,3.38E+08,7.08E+06,3359125,3359124,0,613450
100,3.38E+08,7.08E+06,3359466,3359467,0,618300
100,3.38E+08,7.08E+06,3359576,3359576,0,616850
100,3.34E+08,7.30E+06,3360279,3360279,0,566100
100,3.38E+08,7.08E+06,3360384,3360384,0,582500
100,3.38E+08,7.08E+06,3360781,3360781,0,586850
100,3.18E+08,7.07E+06,3361214,3361214,0,527200
100,3.38E+08,7.08E+06,3361231,3361231,0,610000
100,3.38E+08,7.08E+06,3361550,3361550,0,607350
100,3.38E+08,7.08E+06,3361957,3361957,0,618450
100,3.38E+08,7.08E+06,3361991,3361987,0,630200
100,3.38E+08,7.08E+06,3362243,3362243,0,586850
100,3.38E+08,7.08E+06,3362272,3362274,0,607350
100,3.38E+08,7.08E+06,3362332,3362332,0,620950
100,3.38E+08,7.08E+06,3362776,3362775,0,586850
100,3.38E+08,7.08E+06,3363396,3303745,0,607350
100,3.34E+08,7.37E+06,3364800,3364800,0,567400
100,3.38E+08,7.08E+06,3364912,3364913,0,610000
100,3.38E+08,7.08E+06,3365178,3365179,0,618050
100,3.38E+08,7.08E+06,3365449,3365449,0,613450
100,3.38E+08,7.08E+06,3365501,3365502,0,630200
100,3.25E+08,7.77E+06,3365857,3365857,0,545150
100,3.38E+08,7.08E+06,3365884,3365883,0,610000
100,3.31E+08,7.26E+06,3365948,3365949,0,558100
100,3.38E+08,7.08E+06,3366304,3366304,0,609950
100,3.38E+08,7.08E+06,3366755,3366756,0,594100
100,3.38E+08,7.08E+06,3366768,3366768,0,613450
100,3.38E+08,7.08E+06,3367122,3367124,0,621600
100,3.38E+08,7.08E+06,3367770,3367766,0,608100
100,3.01E+08,7.36E+06,3368013,3368011,0,465000
100,3.38E+08,7.08E+06,3368778,3368779,0,644850
100,3.38E+08,7.08E+06,3369055,3369055,0,586150
100,3.38E+08,7.08E+06,3369562,3369560,0,630200
100,3.27E+08,7.33E+06,3369926,3369930,0,545550
100,3.38E+08,7.08E+06,3369994,3369992,0,607350
100,3.38E+08,7.53E+06,3370072,3370072,0,580850
100,3.38E+08,7.08E+06,3370166,3370166,0,607350
100,3.38E+08,7.08E+06,3370435,3370435,0,610900
100,3.38E+08,7.08E+06,3370785,3370784,0,640500
100,3.38E+08,7.08E+06,3371223,3371224,0,630100
100,3.38E+08,7.08E+06,3371280,3371279,0,639100
100,3.38E+08,7.08E+06,3371473,3371474,0,610000
100,3.38E+08,7.08E+06,3371789,3371786,0,608100
100,3.38E+08,7.08E+06,3371863,3371863,0,621600
100,3.38E+08,7.08E+06,3371879,3371879,0,585200
100,3.38E+08,7.08E+06,3371912,3371912,0,607350
100,3.26E+08,7.20E+06,3371969,3371969,0,545200
100,3.18E+08,7.57E+06,3372252,3372252,0,526250
100,3.28E+08,7.33E+06,3372278,3372279,0,549100
100,3.38E+08,7.08E+06,3372360,3372360,0,606200
100,3.38E+08,7.08E+06,3372722,3372722,0,586850
100,3.38E+08,7.08E+06,3372815,3372815,0,630200
100,3.38E+08,7.08E+06,3373037,3373036,0,640500
100,3.17E+08,7.38E+06,3373503,3373503,0,524100
100,3.38E+08,7.08E+06,3373884,3373883,0,639100
100,3.38E+08,7.08E+06,3374309,3374309,0,607350
100,3.38E+08,7.08E+06,3374683,3374681,0,639100
100,3.38E+08,7.08E+06,3374690,3374691,0,608100
100,3.38E+08,7.08E+06,3374849,3374850,0,607350
100,3.38E+08,7.08E+06,3375009,3375009,0,638900
100,3.38E+08,7.14E+06,3375095,3375096,0,580850
100,3.26E+08,7.33E+06,3375168,3375164,0,545150
100,3.38E+08,7.08E+06,3375179,3375179,0,630200
100,3.38E+08,7.08E+06,3375223,3375223,0,582500
100,3.38E+08,7.08E+06,3375735,3375736,0,609950
100,3.31E+08,7.26E+06,3375781,3375781,0,558100
100,3.38E+08,7.08E+06,3376332,3376332,0,644850
100,3.38E+08,7.08E+06,3376419,3376420,0,630200
100,3.38E+08,7.08E+06,3376538,3376538,0,616850
100,2.85E+08,7.34E+06,3376777,3376777,0,427900
100,3.38E+08,7.08E+06,3376883,3376880,0,607350
100,3.38E+08,7.08E+06,3377151,3377151,0,582500
100,3.38E+08,7.08E+06,3377564,3377562,0,640500
100,3.27E+08,7.34E+06,3378281,3378279,0,545200
100,3.38E+08,7.08E+06,3378563,3378563,0,603700
100,3.38E+08,7.08E+06,3379448,3379450,0,610000
100,3.31E+08,7.63E+06,3379496,3379494,0,557950
100,3.38E+08,7.08E+06,3379564,3379562,0,585000
100,3.38E+08,7.08E+06,3379628,3379628,0,630200
100,3.38E+08,7.08E+06,3379737,3379738,0,607350
100,3.38E+08,7.08E+06,3379883,3379883,0,617150
100,3.38E+08,7.08E+06,3379925,3379926,0,617950
100,3.38E+08,7.08E+06,3380185,3380185,0,586150
100,3.38E+08,7.08E+06,3380860,3380859,0,606400
100,3.38E+08,7.08E+06,3381137,3381137,0,638900
100,3.18E+08,7.40E+06,3381482,3381480,0,527200
100,3.38E+08,7.08E+06,3381615,3381614,0,586850
100,3.38E+08,7.08E+06,3383023,3383023,0,607350
100,3.09E+08,7.19E+06,3383585,3383585,0,501350
100,3.38E+08,7.08E+06,3383889,3383889,0,607350
100,3.38E+08,7.08E+06,3383915,3383916,0,617950
100,3.38E+08,7.08E+06,3384825,3384823,0,630200
100,3.38E+08,7.37E+06,3385320,3385317,0,581700
100,3.38E+08,7.24E+06,3385679,3385677,0,580600
100,3.18E+08,7.29E+06,3385694,3385694,0,526450
100,3.27E+08,7.57E+06,3385811,3385812,0,545200
100,3.38E+08,7.08E+06,3386132,3386130,0,623100
100,3.38E+08,7.08E+06,3386549,3386549,0,630200
100,3.38E+08,7.08E+06,3386935,3386937,0,610000
100,3.38E+08,7.08E+06,3386943,3386943,0,609950
100,3.38E+08,7.08E+06,3387043,3387043,0,630200
100,3.38E+08,7.08E+06,3387486,3387486,0,610000
100,3.38E+08,7.08E+06,3387574,3387576,0,600750
100,3.38E+08,7.08E+06,3387607,3387607,0,618050
100,3.38E+08,7.08E+06,3387967,3387968,0,610000
100,3.38E+08,7.08E+06,3388116,3388116,0,638900
100,3.38E+08,7.08E+06,3388176,3388176,0,613450
100,3.38E+08,7.08E+06,3388666,3388666,0,608100
100,3.38E+08,7.08E+06,3389472,3389470,0,617150
100,3.38E+08,7.08E+06,3389489,3389489,0,638900
100,3.38E+08,7.08E+06,3389494,3389494,0,630200
100,3.35E+08,7.46E+06,3389698,3389698,0,568700
100,3.31E+08,7.31E+06,3389705,3389701,0,557950
100,3.38E+08,7.08E+06,3389933,3389935,0,644850
100,3.38E+08,7.08E+06,3390017,3390017,0,630200
100,3.38E+08,7.08E+06,3390408,3390410,0,640500
100,3.38E+08,7.08E+06,3390693,3390693,0,609950
100,3.38E+08,7.08E+06,3390970,3390970,0,608500
100,3.13E+08,7.18E+06,3391021,3391021,0,507400
100,3.27E+08,7.36E+06,3391078,3391079,0,545200
100,3.12E+08,7.32E+06,3391117,3391117,0,505700
100,3.38E+08,7.18E+06,3391145,3391145,0,582500
100,3.38E+08,7.08E+06,3391400,3391400,0,630200
100,3.18E+08,7.60E+06,3391510,3391510,0,526450
100,3.38E+08,7.08E+06,3391944,3391944,0,642650
100,3.38E+08,7.08E+06,3392365,3392365,0,616850
100,3.24E+08,7.43E+06,3392370,3392371,0,545150
100,3.38E+08,7.08E+06,3392857,3392857,0,638900
100,3.18E+08,7.22E+06,3392873,3392873,0,526250
100,3.17E+08,7.17E+06,3392980,3392981,0,524800
100,3.38E+08,7.20E+06,3393076,3393076,0,580850
100,3.38E+08,7.08E+06,3393183,3393183,0,630200
100,3.38E+08,7.08E+06,3393480,3393481,0,610000
100,3.38E+08,7.08E+06,3393684,3393684,0,610000
100,3.38E+08,7.08E+06,3393843,3393843,0,630200
100,3.38E+08,7.08E+06,3393887,3393886,0,586850
100,3.27E+08,7.50E+06,3394018,3394018,0,545200
100,3.38E+08,7.08E+06,3394099,3394099,0,621600
100,3.38E+08,7.08E+06,3394153,3394154,0,607350
100,3.30E+08,7.27E+06,3394173,3394173,0,553200
100,3.25E+08,7.49E+06,3394224,3394225,0,545150
100,3.27E+08,7.74E+06,3394298,3394296,0,545550
100,3.38E+08,7.08E+06,3394660,3394660,0,618450
100,3.24E+08,7.34E+06,3395452,3395452,0,545150
100,3.38E+08,7.08E+06,3395498,3395497,0,608100
100,3.34E+08,7.32E+06,3395729,3395728,0,566150
100,3.26E+08,7.50E+06,3395736,3395740,0,545200
100,3.10E+08,7.52E+06,3396023,3396023,0,503800
100,3.38E+08,7.08E+06,3396167,3396167,0,630200
100,3.25E+08,7.14E+06,3396256,3396256,0,545150
100,3.34E+08,7.27E+06,3396296,3396299,0,566100
100,3.38E+08,7.08E+06,3396328,3396328,0,630200
100,3.38E+08,7.08E+06,3396530,3396530,0,630200
100,3.38E+08,7.08E+06,3396667,3396666,0,618300
100,3.28E+08,7.23E+06,3396738,3396738,0,549100
100,3.38E+08,7.08E+06,3396927,3396925,0,620950
100,3.18E+08,7.40E+06,3397145,3397147,0,527200
100,3.38E+08,7.08E+06,3398034,3398041,0,607350
100,3.27E+08,7.24E+06,3398323,3398323,0,545200
100,3.38E+08,7.08E+06,3398672,3398672,0,608100
100,3.38E+08,7.08E+06,3399345,3399345,0,607350
100,3.38E+08,7.08E+06,3399592,3399592,0,623100
100,3.26E+08,7.54E+06,3400050,3400050,0,545150
100,3.18E+08,7.45E+06,3400126,3400125,0,526450
100,3.38E+08,7.08E+06,3400502,3400502,0,607350
100,3.38E+08,7.08E+06,3400885,3400884,0,630200
100,3.38E+08,7.08E+06,3401548,3401548,0,644850
100,3.13E+08,7.28E+06,3401748,3401745,0,507400
100,3.38E+08,7.08E+06,3401861,3401861,0,640900
100,3.38E+08,7.08E+06,3401910,3401910,0,640500
100,3.38E+08,7.08E+06,3401980,3401980,0,582500
100,3.38E+08,7.08E+06,3402457,3402457,0,640500
100,3.38E+08,7.08E+06,3402623,3402623,0,610000
100,3.38E+08,7.08E+06,3402658,3402660,0,638150
100,3.38E+08,7.08E+06,3402680,3402683,0,586850
100,3.38E+08,7.08E+06,3402727,3402727,0,607350
100,3.38E+08,7.08E+06,3402813,3402813,0,628550
100,3.38E+08,7.08E+06,3402875,3402875,0,586850
100,3.18E+08,7.39E+06,3403478,3403478,0,526250
100,3.24E+08,7.38E+06,3403769,3403769,0,545150
100,3.38E+08,7.08E+06,3403965,3403965,0,618300
100,3.38E+08,7.08E+06,3403973,3403973,0,630100
100,3.38E+08,7.08E+06,3404212,3404210,0,619250
100,3.38E+08,7.08E+06,3404262,3404262,0,630200
100,3.26E+08,7.81E+06,3404653,3404653,0,545200
100,3.38E+08,7.08E+06,3404747,3404748,0,640500
100,3.38E+08,7.08E+06,3404756,3404756,0,610000
100,3.38E+08,7.08E+06,3404811,3404811,0,603700
100,3.28E+08,7.54E+06,3405005,3405005,0,546950
100,3.38E+08,7.08E+06,3405005,3405005,0,630200
100,3.38E+08,7.08E+06,3405096,3405095,0,607350
100,3.34E+08,7.11E+06,3405155,3405155,0,566150
100,3.38E+08,7.08E+06,3405253,3405252,0,608500
100,3.25E+08,7.26E+06,3405301,3405301,0,545150
100,3.38E+08,7.08E+06,3405401,3405402,0,586850
100,3.38E+08,7.08E+06,3405647,3405648,0,638150
100,3.38E+08,7.08E+06,3405686,3405686,0,638900
100,3.38E+08,7.08E+06,3405711,3405707,0,630200
100,3.38E+08,7.08E+06,3405811,3405806,0,610000
100,3.38E+08,7.08E+06,3405968,3405968,0,608500
100,3.38E+08,7.08E+06,3406007,3406007,0,586850
100,3.38E+08,7.08E+06,3406010,3406009,0,586850
100,3.29E+08,7.20E+06,3406012,3406014,0,551250
100,3.38E+08,7.08E+06,3406059,3406062,0,630200
100,3.38E+08,7.08E+06,3406223,3406222,0,594100
100,3.26E+08,7.28E+06,3406762,3406756,0,545200
100,3.38E+08,7.08E+06,3406797,3406797,0,608100
100,3.38E+08,7.08E+06,3406801,3406801,0,630100
100,3.38E+08,7.42E+06,3406890,3406892,0,582500
100,3.38E+08,7.08E+06,3407384,3407384,0,620150
100,3.38E+08,7.08E+06,3407531,3407529,0,607350
100,3.38E+08,7.08E+06,3407592,3407590,0,609950
100,3.38E+08,7.08E+06,3407611,3407611,0,613450
100,3.38E+08,7.08E+06,3407648,3407648,0,582500
100,3.38E+08,7.08E+06,3407653,3407653,0,586850
100,3.09E+08,7.40E+06,3407664,3407663,0,501300
100,3.38E+08,7.08E+06,3407884,3407885,0,613450
100,3.38E+08,7.08E+06,3408253,3408254,0,582500
100,3.38E+08,7.08E+06,3408286,3408285,0,607350
100,3.38E+08,7.08E+06,3408521,3408521,0,607350
100,3.38E+08,7.08E+06,3408539,3408537,0,644850
100,3.38E+08,7.08E+06,3408598,3408597,0,640500
100,3.34E+08,7.33E+06,3408676,3408674,0,566150
100,3.38E+08,7.08E+06,3408711,3408711,0,609950
100,3.38E+08,7.08E+06,3409135,3409133,0,639100
100,3.38E+08,7.08E+06,3409241,3409243,0,640500
100,3.38E+08,7.08E+06,3409268,3409267,0,642650
100,3.38E+08,7.08E+06,3409313,3409313,0,608100
100,3.38E+08,7.08E+06,3409343,3409336,0,617950
100,3.38E+08,7.08E+06,3409570,3409570,0,630200
100,3.38E+08,7.08E+06,3409623,3409623,0,610000
100,3.38E+08,7.08E+06,3409761,3409761,0,619250
100,3.18E+08,7.34E+06,3409834,3409828,0,526250
100,3.38E+08,7.08E+06,3409965,3409965,0,610000
100,3.38E+08,7.08E+06,3409987,3409987,0,607350
100,3.38E+08,7.08E+06,3410145,3410145,0,616850
100,3.38E+08,7.08E+06,3410176,3410176,0,640500
100,3.34E+08,7.25E+06,3410192,3410196,0,566150
100,3.38E+08,7.08E+06,3410279,3410276,0,639100
100,3.38E+08,7.08E+06,3410314,3410315,0,630100
100,3.38E+08,7.08E+06,3410359,3410358,0,607350
100,3.38E+08,7.08E+06,3410369,3410369,0,617150
100,3.38E+08,7.08E+06,3410400,3410400,0,607350
100,3.38E+08,7.08E+06,3410550,3410551,0,639100
100,3.38E+08,7.08E+06,3410613,3410614,0,619250
100,3.38E+08,7.08E+06,3410668,3410668,0,620950
100,3.38E+08,7.08E+06,3411326,3411326,0,607350
100,3.10E+08,7.17E+06,3411419,3411419,0,501350
100,3.38E+08,7.08E+06,3412316,3412316,0,608100
100,3.38E+08,7.08E+06,3412325,3412325,0,630200
100,3.38E+08,7.08E+06,3412541,3412540,0,617950
100,3.38E+08,7.08E+06,3412687,3412688,0,584300
100,3.38E+08,7.08E+06,3412725,3412727,0,617950
100,3.38E+08,7.08E+06,3412760,3412762,0,586850
100,3.38E+08,7.07E+06,3412789,3412789,0,582500
100,3.38E+08,7.08E+06,3413211,3413212,0,609950
100,3.38E+08,7.08E+06,3413325,3413325,0,630200
100,3.38E+08,7.08E+06,3413446,3413446,0,628550
100,3.38E+08,7.08E+06,3413608,3413609,0,630200
100,3.38E+08,7.08E+06,3413802,3413802,0,607350
100,3.04E+08,7.69E+06,3413808,3413806,0,478000
100,3.38E+08,7.08E+06,3413912,3413912,0,630200
100,3.38E+08,7.08E+06,3413917,3413917,0,617950
100,3.38E+08,7.08E+06,3413945,3413945,0,620950
100,3.38E+08,7.08E+06,3414149,3414149,0,607350
100,3.38E+08,7.08E+06,3414223,3414223,0,620150
100,3.38E+08,7.08E+06,3414569,3414567,0,586150
100,3.34E+08,7.57E+06,3414621,3414620,0,567400
100,3.38E+08,7.08E+06,3414656,3414657,0,607350
100,3.38E+08,7.08E+06,3414825,3414822,0,617150
100,3.38E+08,7.08E+06,3414862,3414862,0,617150
100,3.38E+08,7.08E+06,3415016,3415016,0,586850
100,3.38E+08,7.08E+06,3415058,3415055,0,620950
100,3.38E+08,7.08E+06,3415261,3415261,0,617150
100,3.24E+08,7.43E+06,3415328,3415330,0,545150
100,3.38E+08,7.08E+06,3415512,3415512,0,603700
100,3.25E+08,7.20E+06,3415635,3415634,0,545150
100,3.38E+08,7.08E+06,3416185,3416185,0,613450
100,3.34E+08,7.15E+06,3416215,3416215,0,567400
100,3.38E+08,7.08E+06,3416257,3416257,0,623100
100,3.38E+08,7.08E+06,3416311,3416313,0,617950
100,3.38E+08,7.08E+06,3416327,3416323,0,607350
100,3.29E+08,7.06E+06,3416460,3416462,0,551050
100,3.24E+08,7.32E+06,3416545,3416544,0,544700
100,3.18E+08,7.31E+06,3416591,3416591,0,527200
100,3.26E+08,7.62E+06,3416939,3416936,0,545200
100,3.38E+08,7.08E+06,3416942,3416937,0,620150
100,3.38E+08,7.08E+06,3416951,3416951,0,610000
100,3.38E+08,7.08E+06,3417007,3417005,0,607350
100,3.30E+08,7.43E+06,3417203,3417203,0,553200
100,3.24E+08,7.32E+06,3417802,3417803,0,545150
100,3.38E+08,7.08E+06,3417946,3417946,0,626650
100,3.34E+08,7.28E+06,3418082,3418083,0,566150
100,3.38E+08,7.08E+06,3418196,3418195,0,586850
100,3.18E+08,7.65E+06,3418198,3418198,0,527200
100,3.38E+08,7.08E+06,3418229,3418228,0,630200
100,3.38E+08,7.08E+06,3418854,3418854,0,623100
100,3.38E+08,7.08E+06,3419059,3419059,0,606400
100,3.25E+08,7.60E+06,3419155,3419154,0,545150
100,3.38E+08,7.08E+06,3419356,3419351,0,630200
100,3.38E+08,7.08E+06,3419463,3419463,0,617950
100,3.38E+08,7.08E+06,3419651,3419650,0,608900
100,3.38E+08,7.08E+06,3419658,3419656,0,638900
100,3.38E+08,7.08E+06,3419674,3419675,0,608900
100,3.38E+08,7.08E+06,3419781,3419781,0,617150
100,3.38E+08,7.08E+06,3419840,3419840,0,630100
100,3.38E+08,7.08E+06,3419848,3419847,0,630200
100,3.31E+08,7.40E+06,3420105,3420105,0,558100
100,3.38E+08,7.08E+06,3420504,3420503,0,586850
100,3.38E+08,7.08E+06,3420564,3420564,0,613450
100,3.09E+08,7.20E+06,3421052,3421052,0,501300
100,3.38E+08,7.08E+06,3421291,3421291,0,608500
100,3.38E+08,7.08E+06,3421475,3421474,0,630200
100,3.38E+08,7.08E+06,3421688,3421682,0,610000
100,3.38E+08,7.08E+06,3421811,3421809,0,603700
100,3.38E+08,7.08E+06,3421832,3421832,0,617950
100,3.38E+08,7.08E+06,3422416,3422416,0,630100
100,3.27E+08,7.21E+06,3422485,3422486,0,545550
100,3.38E+08,7.08E+06,3422493,3422493,0,639100
100,3.38E+08,7.08E+06,3422596,3422593,0,618450
100,3.38E+08,7.08E+06,3422677,3422674,0,630200
100,3.38E+08,7.08E+06,3422909,3422909,0,582500
100,3.38E+08,7.08E+06,3422917,3422916,0,586850
100,3.38E+08,7.08E+06,3422928,3422931,0,607350
100,3.38E+08,7.08E+06,3423225,3423227,0,620150
100,3.27E+08,7.64E+06,3423342,3423342,0,545200
100,3.38E+08,7.08E+06,3423740,3423739,0,644850
100,3.38E+08,7.08E+06,3424142,3424141,0,607350
100,3.38E+08,7.08E+06,3424288,3424289,0,607350
100,3.38E+08,7.08E+06,3424309,3424309,0,582500
100,3.38E+08,7.08E+06,3424380,3424381,0,603700
100,3.38E+08,7.08E+06,3424436,3424438,0,628550
100,3.38E+08,7.08E+06,3424441,3424441,0,586850
100,3.34E+08,7.21E+06,3424749,3424749,0,567400
100,3.38E+08,7.08E+06,3424867,3424867,0,608500
100,3.38E+08,7.08E+06,3424954,3424952,0,594100
100,3.38E+08,7.08E+06,3425051,3425051,0,638900
100,3.38E+08,7.08E+06,3425080,3425080,0,607350
100,3.38E+08,7.08E+06,3425111,3425107,0,615450
100,3.38E+08,7.08E+06,3425154,3425152,0,613450
100,3.38E+08,7.08E+06,3425276,3425277,0,608900
100,3.38E+08,7.08E+06,3425342,3425342,0,623100
100,3.26E+08,7.61E+06,3425354,3425354,0,545200
100,3.34E+08,7.14E+06,3425419,3425416,0,567400
100,3.38E+08,7.08E+06,3425431,3425431,0,586850
100,3.18E+08,7.71E+06,3425670,3425669,0,526250
100,3.38E+08,7.08E+06,3425739,3425740,0,610000
100,2.97E+08,7.52E+06,3425784,3425784,0,461000
100,3.38E+08,7.08E+06,3426257,3426257,0,630200
100,3.38E+08,7.32E+06,3426268,3426267,0,580600
100,3.38E+08,7.08E+06,3426301,3426301,0,617950
100,3.38E+08,7.08E+06,3426507,3426505,0,639100
100,3.38E+08,7.08E+06,3426634,3426632,0,630200
100,3.38E+08,7.08E+06,3426683,3426683,0,607350
100,3.26E+08,7.32E+06,3426955,3426955,0,545200
100,3.38E+08,7.08E+06,3427018,3427022,0,620950
100,3.38E+08,7.08E+06,3427038,3427039,0,617150
100,3.28E+08,7.37E+06,3427480,3427480,0,548550
100,3.38E+08,7.08E+06,3427493,3427492,0,607350
100,3.18E+08,7.11E+06,3427714,3427716,0,526250
100,3.38E+08,7.08E+06,3427846,3427846,0,607350
100,3.38E+08,7.08E+06,3427940,3427942,0,617150
100,3.18E+08,7.97E+06,3427989,3427989,0,526250
100,3.27E+08,7.37E+06,3428078,3428078,0,545550
100,3.38E+08,7.39E+06,3428101,3428101,0,580400
100,3.38E+08,7.08E+06,3428141,3428138,0,608100
100,3.38E+08,7.08E+06,3428164,3428164,0,630200
100,3.38E+08,7.08E+06,3428172,3428172,0,630200
100,3.38E+08,7.08E+06,3428225,3428223,0,630200
100,3.38E+08,7.08E+06,3428311,3428310,0,630200
100,3.38E+08,7.08E+06,3428717,3428717,0,608100
100,3.38E+08,7.08E+06,3428766,3428766,0,617950
100,3.38E+08,7.08E+06,3428803,3428803,0,586850
100,3.38E+08,7.08E+06,3428891,3428891,0,610000
100,3.38E+08,7.08E+06,3428897,3428893,0,608500
100,3.38E+08,7.08E+06,3428934,3428933,0,607350
100,3.38E+08,7.08E+06,3428947,3428948,0,630100
100,3.30E+08,7.34E+06,3428975,3428974,0,553200
100,3.34E+08,7.27E+06,3429056,3429056,0,566100
100,3.38E+08,7.08E+06,3429074,3429074,0,608100
100,3.34E+08,7.19E+06,3429343,3429343,0,567400
100,3.38E+08,7.08E+06,3429658,3429658,0,623100
100,3.38E+08,7.08E+06,3429764,3429766,0,642650
100,3.38E+08,7.08E+06,3429816,3429818,0,586850
100,3.38E+08,7.08E+06,3430028,3430028,0,607350
100,3.38E+08,7.08E+06,3430237,3430237,0,606400
100,3.36E+08,7.07E+06,3430353,3430353,0,573700
100,3.38E+08,7.08E+06,3430354,3430355,0,607350
100,3.38E+08,7.08E+06,3430608,3430608,0,594100
100,3.38E+08,7.08E+06,3430719,3430716,0,630200
100,3.38E+08,7.08E+06,3430738,3430736,0,613450
100,3.38E+08,7.08E+06,3430774,3430774,0,610000
100,2.72E+08,7.17E+06,3430837,3430834,0,377800
100,3.38E+08,7.08E+06,3431037,3431035,0,638900
100,3.38E+08,7.08E+06,3431187,3431186,0,623100
100,3.38E+08,7.08E+06,3431231,3431227,0,586850
100,3.38E+08,7.08E+06,3431537,3431536,0,610000
100,3.38E+08,7.08E+06,3431579,3431577,0,618450
100,3.38E+08,7.08E+06,3431592,3431592,0,638900
100,3.38E+08,7.08E+06,3431660,3431661,0,609950
100,3.38E+08,7.08E+06,3431734,3431735,0,610000
100,3.38E+08,7.08E+06,3431906,3431907,0,621600
100,3.18E+08,7.75E+06,3431907,3431904,0,526200
100,3.17E+08,7.58E+06,3431976,3431976,0,524100
100,3.29E+08,7.62E+06,3432087,3432086,0,551250
100,3.38E+08,7.08E+06,3432093,3432093,0,616850
100,3.38E+08,7.08E+06,3432134,3432133,0,615450
100,3.38E+08,7.08E+06,3432197,3432195,0,608100
100,3.38E+08,7.08E+06,3432263,3432263,0,608500
100,3.38E+08,7.08E+06,3432365,3432365,0,616850
100,3.38E+08,7.08E+06,3432628,3432628,0,617950
100,3.38E+08,7.08E+06,3432658,3432659,0,617150
100,3.11E+08,7.45E+06,3432670,3432671,0,503800
100,3.38E+08,7.08E+06,3432676,3432678,0,630200
100,3.38E+08,7.08E+06,3432695,3432695,0,640500
100,3.38E+08,7.08E+06,3432697,3432702,0,630200
100,3.38E+08,7.08E+06,3432723,3432723,0,630200
100,3.38E+08,7.08E+06,3432850,3432850,0,613450
100,3.38E+08,7.08E+06,3432872,3432873,0,630100
100,3.38E+08,7.08E+06,3433129,3433129,0,586850
100,3.38E+08,7.08E+06,3433661,3433660,0,644850
100,3.38E+08,7.08E+06,3433811,3433811,0,603700
100,3.38E+08,7.08E+06,3433815,3433817,0,610800
100,3.38E+08,7.08E+06,3433839,3433839,0,586850
100,3.38E+08,7.08E+06,3433849,3433847,0,630200
100,3.38E+08,7.08E+06,3434050,3434050,0,607350
100,3.38E+08,7.08E+06,3434271,3434271,0,642650
100,3.38E+08,7.08E+06,3434292,3434292,0,618450
100,3.11E+08,7.18E+06,3434298,3434299,0,503800
100,3.38E+08,7.08E+06,3434316,3434314,0,638150
100,3.38E+08,7.08E+06,3434325,3434324,0,616850
100,3.38E+08,7.08E+06,3434547,3434547,0,586150
100,3.38E+08,7.08E+06,3434560,3434561,0,607350
100,3.38E+08,7.08E+06,3434616,3434613,0,616850
100,3.38E+08,7.08E+06,3434681,3434684,0,603700
100,3.38E+08,7.08E+06,3434732,3434732,0,618450
100,3.38E+08,7.08E+06,3434896,3434897,0,608100
100,3.38E+08,7.08E+06,3434979,3434981,0,630100
100,3.38E+08,7.08E+06,3434982,3434981,0,610000
100,3.34E+08,7.33E+06,3435054,3435050,0,566150
100,3.09E+08,7.16E+06,3435064,3435064,0,501300
100,3.32E+08,7.51E+06,3435084,3435084,0,562000
100,3.38E+08,7.08E+06,3435107,3435105,0,618300
100,3.38E+08,7.08E+06,3435190,3435189,0,617150
100,3.38E+08,7.08E+06,3435266,3435263,0,638900
100,3.29E+08,7.51E+06,3435304,3435304,0,551250
100,3.38E+08,7.08E+06,3435343,3435343,0,638900
100,3.27E+08,7.19E+06,3435706,3435707,0,545550
100,3.38E+08,7.08E+06,3435707,3435705,0,610000
100,3.38E+08,7.08E+06,3435740,3435738,0,613450
100,3.38E+08,7.08E+06,3435876,3435876,0,610000
100,3.38E+08,7.08E+06,3435949,3435948,0,630100
100,3.38E+08,7.08E+06,3436110,3436111,0,623000
100,3.38E+08,7.08E+06,3436154,3436154,0,615450
100,3.38E+08,7.08E+06,3436177,3436178,0,630200
100,3.38E+08,7.08E+06,3436189,3436189,0,600300
100,3.38E+08,7.08E+06,3436227,3436227,0,608300
100,3.18E+08,7.35E+06,3436293,3436292,0,526250
100,3.38E+08,7.08E+06,3436398,3436397,0,639100
100,3.38E+08,7.08E+06,3436448,3436449,0,617150
100,3.28E+08,7.26E+06,3436449,3436449,0,546950
100,3.38E+08,7.08E+06,3436465,3436463,0,594100
100,3.38E+08,7.08E+06,3436583,3436583,0,639100
100,3.38E+08,7.08E+06,3436812,3436812,0,617150
100,3.38E+08,7.08E+06,3436906,3436907,0,644850
100,3.38E+08,7.08E+06,3436917,3436916,0,610850
100,3.38E+08,7.08E+06,3436930,3436930,0,586850
100,3.38E+08,7.08E+06,3437038,3437035,0,618300
100,3.38E+08,7.08E+06,3437144,3437144,0,618300
100,3.38E+08,7.08E+06,3437322,3437323,0,630100
100,3.38E+08,7.18E+06,3437507,3437506,0,580600
100,3.38E+08,7.08E+06,3437545,3437545,0,586850
100,3.38E+08,7.08E+06,3437820,3437820,0,608500
100,3.30E+08,7.40E+06,3437882,3437882,0,553200
100,2.98E+08,7.48E+06,3437934,3437936,0,462700
100,3.38E+08,7.08E+06,3437943,3437943,0,630200
100,3.38E+08,7.08E+06,3437955,3437955,0,616850
100,3.38E+08,7.08E+06,3438026,3438026,0,640500
100,3.38E+08,7.08E+06,3438060,3438060,0,610900
100,3.38E+08,7.08E+06,3438363,3438361,0,640500
100,3.38E+08,7.08E+06,3438378,3438378,0,607350
100,3.38E+08,7.08E+06,3438454,3438454,0,630200
100,3.38E+08,7.08E+06,3438494,3438494,0,608300
100,3.38E+08,7.08E+06,3438598,3438598,0,603700
100,3.17E+08,7.85E+06,3438698,3438697,0,526200
100,3.38E+08,7.08E+06,3438720,3438718,0,586850
100,3.38E+08,7.08E+06,3438797,3438799,0,586850
100,3.38E+08,7.08E+06,3438845,3438844,0,630200
100,3.14E+08,7.35E+06,3438849,3438849,0,508450
100,3.38E+08,7.08E+06,3438965,3438964,0,586850
100,3.38E+08,7.08E+06,3439048,3439047,0,610000
100,3.38E+08,7.08E+06,3439065,3439067,0,630100
100,3.38E+08,7.08E+06,3439087,3439087,0,586850
100,3.27E+08,7.49E+06,3439146,3439146,0,545200
100,3.38E+08,7.08E+06,3439305,3439303,0,585200
100,3.38E+08,7.08E+06,3439312,3439306,0,619250
100,3.38E+08,7.08E+06,3439404,3439406,0,610800
100,3.38E+08,7.08E+06,3439507,3439508,0,630200
100,3.38E+08,7.08E+06,3439512,3439514,0,630200
100,3.38E+08,7.08E+06,3439595,3439596,0,638900
100,3.38E+08,7.08E+06,3439605,3439605,0,630200
100,3.29E+08,7.62E+06,3439876,3439875,0,551050
100,3.38E+08,7.08E+06,3439970,3439970,0,608500
100,3.38E+08,7.08E+06,3439987,3439989,0,582500
100,3.38E+08,7.08E+06,3440073,3440072,0,630200
100,3.38E+08,7.08E+06,3440131,3440127,0,623100
100,3.38E+08,7.08E+06,3440156,3440153,0,607350
100,3.24E+08,7.40E+06,3440222,3440222,0,545150
100,3.26E+08,7.67E+06,3440381,3440381,0,545200
100,3.38E+08,7.08E+06,3440383,3440382,0,609950
100,3.38E+08,7.08E+06,3440458,3440460,0,609950
100,3.38E+08,7.08E+06,3440495,3440492,0,630200
100,3.38E+08,7.08E+06,3440772,3440773,0,620950
100,3.30E+08,7.40E+06,3440808,3440806,0,553200
100,3.38E+08,7.08E+06,3440918,3440919,0,640500
100,3.38E+08,7.08E+06,3441012,3441012,0,642650
100,3.38E+08,7.08E+06,3441051,3441051,0,630100
100,3.38E+08,7.08E+06,3441166,3441166,0,630200
100,3.38E+08,7.08E+06,3441262,3441261,0,642650
100,3.34E+08,7.21E+06,3441411,3441411,0,566100
100,3.38E+08,7.08E+06,3441461,3441458,0,586850
100,3.38E+08,7.08E+06,3441496,3441490,0,582500
100,3.38E+08,7.08E+06,3441652,3441651,0,630200
100,3.18E+08,7.30E+06,3441801,3441801,0,526450
100,3.38E+08,7.08E+06,3441981,3441980,0,618300
100,3.38E+08,7.08E+06,3442033,3442035,0,630200
100,3.38E+08,7.08E+06,3442041,3442041,0,608900
100,3.38E+08,7.08E+06,3442048,3442048,0,610000
100,3.38E+08,7.08E+06,3442193,3442192,0,620950
100,3.34E+08,7.36E+06,3442470,3442466,0,566150
100,3.38E+08,7.08E+06,3442502,3442500,0,630200
100,3.38E+08,7.08E+06,3442582,3442582,0,610000
100,3.38E+08,7.08E+06,3442690,3442686,0,630200
100,3.38E+08,7.08E+06,3442880,3442880,0,638900
100,3.38E+08,7.08E+06,3442886,3442886,0,639100
100,3.34E+08,7.47E+06,3442946,3442946,0,566100
100,3.38E+08,7.08E+06,3442951,3442949,0,644850
100,3.38E+08,7.08E+06,3443026,3443025,0,585000
100,3.38E+08,7.08E+06,3443110,3443110,0,608500
100,3.09E+08,7.26E+06,3443250,3443249,0,501300
100,3.38E+08,7.08E+06,3443287,3443286,0,610000
100,3.38E+08,7.08E+06,3443318,3443318,0,607350
100,3.38E+08,7.08E+06,3443342,3443343,0,617150
100,3.38E+08,7.08E+06,3443379,3443379,0,644850
100,3.38E+08,7.08E+06,3443523,3443525,0,586150
100,3.38E+08,7.08E+06,3443555,3443555,0,608100
100,3.38E+08,7.08E+06,3443566,3443566,0,630200
100,3.38E+08,7.08E+06,3443588,3443586,0,617150
100,3.38E+08,7.08E+06,3443621,3443621,0,607350
100,3.34E+08,7.10E+06,3443636,3443635,0,567400
100,3.38E+08,7.08E+06,3443648,3443648,0,630100
100,3.14E+08,7.45E+06,3443708,3443703,0,509550
100,3.38E+08,7.08E+06,3443803,3443803,0,613450
100,3.38E+08,7.08E+06,3443832,3443832,0,639100
100,3.38E+08,7.08E+06,3443887,3443884,0,618050
100,3.38E+08,7.08E+06,3443918,3443916,0,620950
100,3.38E+08,7.08E+06,3443966,3443965,0,607350
100,3.38E+08,7.08E+06,3444091,3444088,0,630200
100,3.38E+08,7.08E+06,3444196,3444195,0,586850
100,3.38E+08,7.08E+06,3444223,3444223,0,630100
100,3.38E+08,7.08E+06,3444229,3444229,0,630200
100,3.31E+08,7.63E+06,3444373,3444373,0,558100
100,3.38E+08,7.08E+06,3444389,3444390,0,582500
100,3.38E+08,7.08E+06,3444403,3444400,0,613450
100,3.01E+08,7.87E+06,3444652,3444656,0,465000
100,3.38E+08,7.08E+06,3444807,3444807,0,630200
100,3.38E+08,7.08E+06,3444959,3444959,0,607350
100,3.38E+08,7.08E+06,3445006,3445008,0,613450
100,3.38E+08,7.08E+06,3445277,3445277,0,630200
100,3.38E+08,7.08E+06,3445282,3445284,0,607350
100,3.38E+08,7.08E+06,3445324,3445324,0,630100
100,3.38E+08,7.08E+06,3445380,3445379,0,638900
100,3.38E+08,7.08E+06,3445390,3445390,0,640500
100,3.18E+08,7.40E+06,3445459,3445459,0,527200
100,3.38E+08,7.08E+06,3445482,3445485,0,617950
100,3.38E+08,7.08E+06,3445496,3445491,0,607350
100,3.38E+08,7.08E+06,3445601,3445601,0,608100
100,3.38E+08,7.08E+06,3445623,3445623,0,630200
100,3.38E+08,7.08E+06,3445691,3445689,0,617950
100,3.38E+08,7.08E+06,3445773,3445774,0,586850
100,3.38E+08,7.08E+06,3445854,3445854,0,630200
100,3.38E+08,7.08E+06,3445974,3445973,0,626650
100,3.38E+08,7.08E+06,3445977,3445979,0,584300
100,3.38E+08,7.08E+06,3446038,3446038,0,586850
100,3.38E+08,7.08E+06,3446077,3446078,0,600300
100,3.38E+08,7.08E+06,3446268,3446268,0,630200
100,3.38E+08,7.39E+06,3446319,3446319,0,581700
100,3.38E+08,7.08E+06,3446326,3446326,0,630200
100,3.38E+08,7.08E+06,3446485,3446485,0,606200
100,3.38E+08,7.49E+06,3446543,3446543,0,582500
100,3.38E+08,7.08E+06,3446565,3446566,0,616500
100,3.27E+08,7.35E+06,3446588,3446585,0,545200
100,3.38E+08,7.08E+06,3446725,3446726,0,608100
100,3.38E+08,7.08E+06,3446758,3446761,0,586850
100,3.38E+08,7.08E+06,3446795,3446794,0,603700
100,3.38E+08,7.08E+06,3446920,3446918,0,644850
100,3.38E+08,7.08E+06,3447058,3447056,0,630100
100,3.38E+08,7.31E+06,3447077,3447076,0,580400
100,3.38E+08,7.08E+06,3447170,3447170,0,586850
100,3.38E+08,7.08E+06,3447290,3447290,0,608100
100,3.38E+08,7.08E+06,3447421,3447421,0,586850
100,3.38E+08,7.08E+06,3447614,3447614,0,582500
100,3.38E+08,7.08E+06,3447642,3447643,0,586850
100,3.38E+08,7.08E+06,3447762,3447761,0,608100
100,3.34E+08,7.32E+06,3447794,3447794,0,567400
100,3.38E+08,7.08E+06,3447807,3447805,0,630200
100,3.38E+08,7.08E+06,3447846,3447845,0,582500
100,3.38E+08,7.08E+06,3447977,3447977,0,638900
100,3.38E+08,7.08E+06,3447996,3447996,0,608100
100,3.38E+08,7.08E+06,3448089,3448089,0,613450
100,3.27E+08,7.40E+06,3448156,3448153,0,545200
100,3.38E+08,7.08E+06,3448172,3448170,0,582500
100,3.38E+08,7.08E+06,3448355,3448355,0,607350
100,3.38E+08,7.08E+06,3448447,3448450,0,603700
100,3.38E+08,7.08E+06,3448479,3448481,0,585200
100,3.38E+08,7.08E+06,3448552,3448551,0,640900
100,3.38E+08,7.08E+06,3448650,3448647,0,608100
100,3.38E+08,7.08E+06,3448694,3448693,0,630200
100,3.38E+08,7.08E+06,3448738,3448738,0,630200
100,3.38E+08,7.08E+06,3448812,3448812,0,615450
100,3.24E+08,7.38E+06,3448851,3448849,0,545150
100,3.29E+08,7.39E+06,3448889,3448889,0,551700
100,3.09E+08,7.28E+06,3449010,3449010,0,501350
100,3.38E+08,7.08E+06,3449157,3449155,0,621600
100,3.38E+08,7.08E+06,3449191,3449191,0,607350
100,3.38E+08,7.08E+06,3449194,3449196,0,619250
100,3.38E+08,7.08E+06,3449387,3449386,0,630100
100,3.08E+08,7.41E+06,3449391,3449391,0,494500
100,3.38E+08,7.08E+06,3449396,3449392,0,616850
100,3.26E+08,7.44E+06,3449429,3449429,0,545200
100,3.38E+08,7.08E+06,3449466,3449464,0,603700
100,3.38E+08,7.08E+06,3449486,3449486,0,617150
100,3.38E+08,7.08E+06,3449590,3449593,0,619250
100,3.38E+08,7.08E+06,3449660,3449658,0,638900
100,3.15E+08,7.41E+06,3449750,3449750,0,512150
100,3.18E+08,7.57E+06,3449790,3449791,0,526450
100,3.38E+08,7.08E+06,3449800,3449800,0,608900
100,3.38E+08,7.08E+06,3449854,3449853,0,619250
100,3.26E+08,7.43E+06,3449875,3449875,0,545200
100,3.38E+08,7.08E+06,3450122,3450123,0,607350
100,3.38E+08,7.08E+06,3450127,3450126,0,620950
100,3.38E+08,7.08E+06,3450220,3450220,0,638150
100,3.38E+08,7.08E+06,3450318,3450319,0,617150
100,3.34E+08,7.20E+06,3450331,3450330,0,566150
100,3.38E+08,7.08E+06,3450332,3450330,0,613450
100,3.38E+08,7.08E+06,3450390,3450390,0,620950
100,3.38E+08,7.08E+06,3450408,3450406,0,619250
100,3.38E+08,7.08E+06,3450414,3450411,0,582500
100,3.13E+08,7.62E+06,3450522,3450523,0,507400
100,3.38E+08,7.08E+06,3450714,3450714,0,621700
100,3.38E+08,7.08E+06,3450727,3450725,0,630200
100,3.38E+08,7.08E+06,3450768,3450768,0,607350
100,3.38E+08,7.08E+06,3450782,3450782,0,630200
100,3.38E+08,7.08E+06,3450870,3450870,0,630200
100,3.38E+08,7.08E+06,3450987,3450987,0,617950
100,3.38E+08,7.08E+06,3451036,3451035,0,620950
100,3.38E+08,7.08E+06,3451140,3451139,0,617150
100,3.38E+08,7.08E+06,3451186,3451185,0,630200
100,3.27E+08,7.29E+06,3451320,3451319,0,545550
100,3.38E+08,7.08E+06,3451414,3451415,0,606400
100,3.33E+08,7.40E+06,3451424,3451425,0,565450
100,3.38E+08,7.08E+06,3451449,3451449,0,630200
100,3.38E+08,7.08E+06,3451491,3451490,0,608100
100,3.38E+08,7.08E+06,3451506,3451506,0,639100
100,3.38E+08,7.08E+06,3451519,3451518,0,630200
100,3.38E+08,7.08E+06,3451732,3451732,0,586850
100,3.38E+08,7.08E+06,3451736,3451732,0,630200
100,3.38E+08,7.08E+06,3451818,3451813,0,582500
100,3.38E+08,7.08E+06,3451906,3451905,0,630200
100,3.38E+08,7.08E+06,3451913,3451913,0,617150
100,3.38E+08,7.49E+06,3451968,3451966,0,582500
100,3.38E+08,7.08E+06,3451998,3451998,0,640500
100,3.38E+08,7.08E+06,3452026,3452026,0,630200
100,3.38E+08,7.08E+06,3452038,3452040,0,630200
100,3.38E+08,7.08E+06,3452126,3452130,0,618300
100,3.38E+08,7.08E+06,3452162,3452163,0,623100
100,3.14E+08,7.41E+06,3452165,3452169,0,509000
100,3.38E+08,7.08E+06,3452224,3452223,0,609950
100,3.38E+08,7.08E+06,3452265,3452265,0,618300
100,3.38E+08,7.08E+06,3452318,3452319,0,594100
100,3.38E+08,7.08E+06,3452469,3452469,0,630100
100,3.38E+08,7.08E+06,3452481,3452479,0,607350
100,3.38E+08,7.08E+06,3452517,3452516,0,630200
100,3.38E+08,7.08E+06,3452561,3452561,0,616850
100,3.38E+08,7.08E+06,3452697,3452695,0,630100
100,3.38E+08,7.08E+06,3452766,3452766,0,616850
100,3.29E+08,7.19E+06,3452773,3452773,0,551250
100,3.38E+08,7.08E+06,3452790,3452790,0,586850
100,3.38E+08,7.08E+06,3452873,3452872,0,582500
100,3.06E+08,7.21E+06,3452884,3452882,0,486200
100,3.14E+08,7.60E+06,3452890,3452889,0,509550
100,3.38E+08,7.08E+06,3452952,3452952,0,603700
100,3.38E+08,7.08E+06,3453037,3453035,0,617950
100,3.28E+08,7.30E+06,3453071,3453071,0,546950
100,3.30E+08,7.56E+06,3453094,3453095,0,553200
100,3.38E+08,7.08E+06,3453103,3453102,0,630200
100,3.38E+08,7.08E+06,3453264,3453264,0,609950
100,3.38E+08,7.08E+06,3453293,3453292,0,620150
100,3.38E+08,7.08E+06,3453441,3453441,0,620150
100,3.38E+08,7.21E+06,3453459,3453459,0,582500
100,3.38E+08,7.08E+06,3453514,3453514,0,607350
100,3.38E+08,7.08E+06,3453572,3453570,0,617150
100,3.34E+08,7.33E+06,3453573,3453574,0,567400
100,3.38E+08,7.08E+06,3453575,3453577,0,617950
100,3.38E+08,7.08E+06,3453578,3453578,0,610000
100,3.38E+08,7.08E+06,3453615,3453615,0,608900
100,3.38E+08,7.08E+06,3453622,3453623,0,621700
100,3.38E+08,7.08E+06,3453659,3453659,0,594100
100,3.38E+08,7.08E+06,3453666,3453669,0,617950
100,3.38E+08,7.08E+06,3453708,3453708,0,616500
100,3.08E+08,7.37E+06,3453732,3453731,0,494500
100,3.38E+08,7.08E+06,3453869,3453870,0,630200
100,3.38E+08,7.08E+06,3454120,3454119,0,603700
100,3.38E+08,7.08E+06,3454122,3454123,0,621600
100,3.12E+08,7.31E+06,3454131,3454130,0,505700
100,3.38E+08,7.08E+06,3454141,3454141,0,617950
100,3.38E+08,7.08E+06,3454208,3454207,0,630100
100,3.38E+08,7.08E+06,3454209,3454209,0,586850
100,3.38E+08,7.08E+06,3454221,3454220,0,630200
100,3.38E+08,7.08E+06,3454269,3454269,0,642650
100,3.38E+08,7.94E+06,3454332,3454333,0,582500
100,3.38E+08,7.08E+06,3454337,3454343,0,582500
100,3.33E+08,7.16E+06,3454341,3454341,0,565450
100,3.38E+08,7.08E+06,3454384,3454381,0,630200
100,3.35E+08,7.33E+06,3454497,3454497,0,568700
100,3.38E+08,7.08E+06,3454501,3454501,0,630200
100,3.38E+08,7.08E+06,3454581,3454581,0,628550
100,3.38E+08,7.08E+06,3454711,3454714,0,630200
100,3.32E+08,7.28E+06,3454725,3454725,0,559450
100,3.05E+08,7.15E+06,3454733,3454733,0,486100
100,3.38E+08,7.08E+06,3454814,3454817,0,600750
100,3.38E+08,7.08E+06,3454847,3454847,0,630200
100,3.38E+08,7.08E+06,3454853,3454853,0,594100
100,3.38E+08,7.08E+06,3455001,3454995,0,617600
100,3.38E+08,7.08E+06,3455037,3455033,0,582500
100,3.38E+08,7.08E+06,3455287,3455286,0,639100
100,3.34E+08,7.26E+06,3455410,3455412,0,566150
100,3.38E+08,7.08E+06,3455534,3455530,0,638150
100,3.38E+08,7.08E+06,3455566,3455566,0,617150
100,3.38E+08,7.08E+06,3455593,3455593,0,638900
100,3.23E+08,7.41E+06,3455673,3455673,0,542650
100,3.38E+08,7.08E+06,3455890,3455891,0,617150
100,3.38E+08,7.08E+06,3456003,3456000,0,630200
100,3.38E+08,7.08E+06,3456094,3456090,0,613450
100,3.18E+08,7.37E+06,3456096,3456096,0,526250
100,3.38E+08,7.49E+06,3456316,3456317,0,582500
100,3.38E+08,7.08E+06,3456378,3456379,0,609950
100,3.38E+08,7.08E+06,3456382,3456385,0,608500
100,3.38E+08,7.08E+06,3456395,3456393,0,630200
100,3.35E+08,7.36E+06,3456424,3456424,0,569550
100,3.38E+08,7.08E+06,3456438,3456438,0,609950
100,3.09E+08,7.17E+06,3456457,3456458,0,498150
100,3.38E+08,7.08E+06,3456630,3456631,0,617150
100,3.38E+08,7.08E+06,3456662,3456662,0,638150
100,3.38E+08,7.08E+06,3456706,3456707,0,586850
100,3.38E+08,7.08E+06,3456891,3456893,0,610000
100,3.27E+08,7.44E+06,3456942,3456942,0,545550
100,3.27E+08,7.42E+06,3456967,3456966,0,545200
100,3.38E+08,7.08E+06,3457029,3457030,0,594100
100,3.38E+08,7.08E+06,3457084,3457082,0,603700
100,3.38E+08,7.08E+06,3457130,3457128,0,630200
100,3.38E+08,7.08E+06,3457142,3457142,0,586850
100,3.38E+08,7.08E+06,3457164,3457163,0,585200
100,3.38E+08,7.08E+06,3457189,3457189,0,618300
100,3.38E+08,7.08E+06,3457282,3457282,0,630200
100,3.37E+08,7.28E+06,3457287,3457287,0,576500
100,3.38E+08,7.08E+06,3457342,3457341,0,617950
100,3.38E+08,7.08E+06,3457386,3457383,0,594100
100,3.38E+08,7.08E+06,3457437,3457438,0,608500
100,3.38E+08,7.08E+06,3457463,3457463,0,607350
100,3.38E+08,7.08E+06,3457529,3457529,0,630200
100,3.38E+08,7.08E+06,3457609,3457609,0,630200
100,3.38E+08,7.08E+06,3457647,3457648,0,586850
100,3.38E+08,7.08E+06,3457649,3457649,0,617950
100,3.38E+08,7.08E+06,3457694,3457691,0,608100
100,3.38E+08,7.08E+06,3457783,3457782,0,607350
100,3.38E+08,7.08E+06,3457871,3457871,0,630200
100,3.38E+08,7.08E+06,3457992,3457992,0,623100
100,3.38E+08,7.08E+06,3458051,3458051,0,630200
100,3.38E+08,7.08E+06,3458091,3458091,0,644850
100,3.38E+08,7.08E+06,3458094,3458085,0,607350
100,3.38E+08,7.08E+06,3458133,3458138,0,594100
100,3.38E+08,7.08E+06,3458163,3458164,0,613450
100,3.38E+08,7.08E+06,3458222,3458217,0,630200
100,3.38E+08,7.08E+06,3458229,3458231,0,608900
100,3.38E+08,7.08E+06,3458232,3458231,0,630200
100,3.38E+08,7.08E+06,3458250,3458250,0,586850
100,3.38E+08,7.08E+06,3458403,3458403,0,608900
100,3.38E+08,7.08E+06,3458410,3458410,0,639100
100,3.38E+08,7.81E+06,3458466,3458465,0,581700
100,3.38E+08,7.08E+06,3458528,3458532,0,638150
100,3.38E+08,7.08E+06,3458599,3458599,0,606400
100,3.18E+08,7.21E+06,3458731,3458732,0,527200
100,3.38E+08,7.08E+06,3458819,3458818,0,610000
100,3.38E+08,7.08E+06,3458820,3458820,0,617150
100,3.38E+08,7.08E+06,3458968,3458966,0,630200
100,3.38E+08,7.08E+06,3459026,3459026,0,610000
100,3.35E+08,7.23E+06,3459028,3459028,0,568700
100,3.38E+08,7.08E+06,3459043,3459041,0,638150
100,3.38E+08,7.08E+06,3459079,3459079,0,582500
100,3.30E+08,7.61E+06,3459201,3459200,0,553200
100,3.38E+08,7.08E+06,3459290,3459289,0,608100
100,3.38E+08,7.08E+06,3459303,3459305,0,610850
100,3.38E+08,7.08E+06,3459329,3459329,0,638900
100,3.38E+08,7.08E+06,3459353,3459349,0,620950
100,3.38E+08,7.22E+06,3459426,3459425,0,582500
100,3.38E+08,7.08E+06,3459504,3459504,0,610000
100,3.18E+08,7.30E+06,3459526,3459526,0,527200
100,3.38E+08,7.08E+06,3459639,3459638,0,644850
100,3.37E+08,7.71E+06,3459723,3459723,0,576500
100,3.27E+08,7.32E+06,3459730,3459730,0,545200
100,3.38E+08,7.08E+06,3459838,3459835,0,623100
100,3.20E+08,7.18E+06,3459885,3459882,0,532750
100,3.09E+08,7.32E+06,3459962,3459960,0,501300
100,3.38E+08,7.08E+06,3459970,3459972,0,630100
100,3.38E+08,7.08E+06,3459995,3459993,0,582500
100,3.38E+08,7.20E+06,3460202,3460202,0,582500
100,3.12E+08,7.71E+06,3460294,3460293,0,505700
100,3.38E+08,7.08E+06,3460361,3460360,0,630200
100,3.38E+08,7.08E+06,3460392,3460384,0,610000
100,3.34E+08,7.16E+06,3460437,3460436,0,566150
100,3.38E+08,7.08E+06,3460473,3460471,0,628550
100,3.38E+08,7.08E+06,3460507,3460506,0,630200
100,3.38E+08,7.08E+06,3460537,3460537,0,610000
100,3.34E+08,7.41E+06,3460545,3460540,0,566100
100,3.38E+08,7.08E+06,3460579,3460578,0,610000
100,3.38E+08,7.08E+06,3460608,3460608,0,644850
100,3.38E+08,7.08E+06,3460658,3460659,0,613450
100,3.38E+08,7.08E+06,3460696,3460696,0,585200
100,3.30E+08,7.10E+06,3460734,3460734,0,553200
100,3.38E+08,7.08E+06,3460804,3460803,0,586850
100,3.38E+08,7.08E+06,3460827,3460828,0,586850
100,3.38E+08,7.08E+06,3460883,3460881,0,630200
100,3.38E+08,7.08E+06,3460890,3460890,0,617950
100,3.38E+08,7.08E+06,3460898,3460898,0,618450
100,3.19E+08,7.92E+06,3460983,3460983,0,529300
100,3.38E+08,7.08E+06,3461097,3461097,0,603700
100,3.38E+08,7.08E+06,3461160,3461160,0,623100
100,3.38E+08,7.08E+06,3461163,3461162,0,586850
100,3.38E+08,7.08E+06,3461256,3461256,0,582500
100,3.38E+08,7.08E+06,3461267,3461267,0,594100
100,3.38E+08,7.08E+06,3461273,3461273,0,606400
100,3.38E+08,7.08E+06,3461309,3461305,0,642650
100,3.38E+08,7.08E+06,3461334,3461334,0,623100
100,3.38E+08,7.08E+06,3461363,3461362,0,630200
100,3.38E+08,7.08E+06,3461393,3461393,0,630100
100,3.38E+08,7.08E+06,3461400,3461400,0,610000
100,3.38E+08,7.08E+06,3461413,3461413,0,608500
100,3.38E+08,7.08E+06,3461435,3461433,0,617150
100,3.34E+08,7.33E+06,3461467,3461467,0,567400
100,3.38E+08,7.08E+06,3461479,3461479,0,613450
100,3.38E+08,7.08E+06,3461505,3461503,0,594100
100,3.38E+08,7.08E+06,3461540,3461541,0,630200
100,3.27E+08,7.31E+06,3461561,3461561,0,546700
100,3.38E+08,7.08E+06,3461601,3461601,0,606400
100,3.38E+08,7.08E+06,3461618,3461611,0,607350
100,3.24E+08,7.33E+06,3461725,3461724,0,544700
100,3.38E+08,7.08E+06,3461814,3461814,0,628550
100,3.18E+08,7.23E+06,3461820,3461817,0,526200
100,3.26E+08,7.49E+06,3461855,3461855,0,545150
100,3.38E+08,7.08E+06,3461856,3461856,0,608300
100,3.38E+08,7.08E+06,3461877,3461877,0,639100
100,3.38E+08,7.08E+06,3461914,3461915,0,630100
100,3.38E+08,7.08E+06,3461926,3461926,0,603700
100,3.38E+08,7.08E+06,3462010,3462011,0,618450
100,3.38E+08,7.08E+06,3462034,3462035,0,582500
100,3.38E+08,7.08E+06,3462165,3462164,0,630200
100,3.38E+08,7.08E+06,3462204,3462203,0,620950
100,3.38E+08,7.08E+06,3462229,3462229,0,585200
100,2.97E+08,7.48E+06,3462247,3462247,0,460600
100,3.38E+08,7.08E+06,3462263,3462260,0,610000
100,3.38E+08,7.08E+06,3462428,3462431,0,607350
100,3.38E+08,7.08E+06,3462434,3462433,0,638900
100,3.38E+08,7.08E+06,3462452,3462450,0,607350
100,3.38E+08,7.08E+06,3462452,3462452,0,630200
100,3.30E+08,7.11E+06,3462503,3462498,0,553200
100,3.38E+08,7.08E+06,3462519,3462520,0,623100
100,3.38E+08,7.08E+06,3462534,3462532,0,586850
100,3.38E+08,7.08E+06,3462555,3462555,0,608100
100,3.38E+08,7.08E+06,3462573,3462572,0,607350
100,3.38E+08,7.08E+06,3462600,3462599,0,586850
100,3.38E+08,7.08E+06,3462637,3462637,0,630100
100,3.38E+08,7.08E+06,3462651,3462651,0,639100
100,3.38E+08,7.08E+06,3462779,3462779,0,628550
100,3.38E+08,7.08E+06,3462799,3462798,0,639100
100,3.38E+08,7.08E+06,3462858,3462859,0,616500
100,3.38E+08,7.08E+06,3462876,3462876,0,630200
100,3.38E+08,7.08E+06,3462995,3462995,0,631700
100,3.38E+08,7.08E+06,3463046,3463042,0,623100
100,3.38E+08,7.08E+06,3463048,3463048,0,608100
100,3.38E+08,7.08E+06,3463098,3463097,0,584300
100,3.38E+08,7.08E+06,3463156,3463155,0,642650
100,3.38E+08,7.08E+06,3463194,3463194,0,613450
100,3.38E+08,7.08E+06,3463195,3463195,0,582500
100,3.38E+08,7.08E+06,3463198,3463198,0,615450
100,3.38E+08,7.66E+06,3463257,3463257,0,581700
100,3.38E+08,7.08E+06,3463264,3463264,0,586150
100,3.38E+08,7.08E+06,3463355,3463354,0,585000
100,3.31E+08,7.16E+06,3463408,3463408,0,557950
100,3.38E+08,7.08E+06,3463426,3463425,0,639100
100,3.31E+08,7.23E+06,3463466,3463466,0,558100
100,3.38E+08,7.08E+06,3463495,3463495,0,617950
100,3.38E+08,7.08E+06,3463500,3463500,0,630200
100,3.38E+08,7.08E+06,3463597,3463596,0,608650
100,3.38E+08,7.08E+06,3463708,3463709,0,608500
100,3.28E+08,7.54E+06,3463791,3463788,0,546950
100,3.38E+08,7.08E+06,3463829,3463830,0,630200
100,3.38E+08,7.19E+06,3463890,3463890,0,582500
100,3.38E+08,7.08E+06,3463928,3463929,0,630200
100,3.27E+08,7.56E+06,3463943,3463941,0,545550
100,3.38E+08,7.08E+06,3463959,3463959,0,608500
100,3.38E+08,7.08E+06,3463971,3463969,0,607350
100,3.38E+08,7.08E+06,3464040,3464040,0,630100
100,3.24E+08,7.13E+06,3464124,3464127,0,545150
100,3.38E+08,7.08E+06,3464244,3464244,0,639100
100,3.38E+08,7.08E+06,3464342,3464341,0,639100
100,3.38E+08,7.08E+06,3464387,3464387,0,610000
100,3.38E+08,7.08E+06,3464471,3464473,0,617150
100,3.38E+08,7.08E+06,3464526,3464527,0,621600
100,3.30E+08,7.37E+06,3464560,3464560,0,553200
100,3.38E+08,7.08E+06,3464646,3464646,0,582500
100,3.38E+08,7.08E+06,3464649,3464654,0,630200
100,3.38E+08,7.08E+06,3464707,3464707,0,630200
100,3.34E+08,7.26E+06,3464728,3464727,0,566100
100,3.38E+08,7.08E+06,3464837,3464842,0,638900
100,3.18E+08,7.66E+06,3464841,3464843,0,526250
100,3.38E+08,7.40E+06,3464850,3464850,0,582500
100,3.11E+08,7.48E+06,3464940,3464940,0,503800
100,3.38E+08,7.08E+06,3464952,3464952,0,626650
100,3.38E+08,7.08E+06,3465029,3465029,0,630100
100,3.38E+08,7.08E+06,3465042,3465044,0,610850
100,3.38E+08,7.08E+06,3465047,3465045,0,586850
100,3.26E+08,7.11E+06,3465064,3465062,0,545150
100,3.19E+08,7.21E+06,3465101,3465102,0,530550
100,3.38E+08,7.57E+06,3465107,3465107,0,582500
100,3.27E+08,7.27E+06,3465174,3465174,0,546700
100,3.38E+08,7.08E+06,3465301,3465301,0,610000
100,3.38E+08,7.08E+06,3465341,3465341,0,642650
100,3.38E+08,7.08E+06,3465482,3465482,0,642650
100,3.18E+08,7.11E+06,3465612,3465612,0,527200
100,3.38E+08,7.08E+06,3465711,3465711,0,609950
100,3.28E+08,7.10E+06,3465773,3465772,0,546950
100,3.38E+08,7.08E+06,3465778,3465778,0,642650
100,3.38E+08,7.08E+06,3465779,3465779,0,594100
100,3.38E+08,7.08E+06,3465820,3465816,0,610000
100,3.38E+08,7.08E+06,3465831,3465831,0,630200
100,3.18E+08,7.33E+06,3465852,3465852,0,526450
100,3.34E+08,7.13E+06,3466080,3466080,0,566100
100,3.38E+08,7.08E+06,3466210,3466210,0,626650
100,3.38E+08,7.08E+06,3466225,3466227,0,623100
100,3.38E+08,7.08E+06,3466264,3466262,0,610850
100,3.38E+08,7.08E+06,3466296,3466296,0,618450
100,3.38E+08,7.08E+06,3466343,3466340,0,615450
100,3.38E+08,7.08E+06,3466386,3466385,0,607350
100,3.38E+08,7.08E+06,3466401,3466399,0,630200
100,3.38E+08,7.08E+06,3466416,3466416,0,638900
100,3.38E+08,7.08E+06,3466464,3466464,0,615450
100,3.19E+08,7.27E+06,3466502,3466503,0,527200
100,3.34E+08,7.37E+06,3466520,3466522,0,567400
100,3.38E+08,7.08E+06,3466556,3466556,0,585000
100,3.34E+08,7.23E+06,3466577,3466576,0,567400
100,3.38E+08,7.08E+06,3466627,3466628,0,610850
100,3.36E+08,7.31E+06,3466637,3466639,0,573950
100,3.36E+08,7.15E+06,3466646,3466646,0,573700
100,3.38E+08,7.08E+06,3466705,3466706,0,606400
100,3.38E+08,7.08E+06,3466788,3466789,0,617950
100,3.38E+08,7.08E+06,3466813,3466814,0,586850
100,3.38E+08,7.08E+06,3466813,3466811,0,638900
100,3.38E+08,7.20E+06,3466819,3466817,0,582500
100,3.38E+08,7.08E+06,3466843,3466844,0,617150
100,3.38E+08,7.08E+06,3466845,3466845,0,586850
100,3.38E+08,7.08E+06,3466903,3466903,0,582500
100,3.34E+08,7.29E+06,3466921,3466921,0,566100
100,3.38E+08,7.08E+06,3466940,3466940,0,606200
100,3.38E+08,7.08E+06,3466963,3466965,0,640500
100,3.34E+08,7.30E+06,3467010,3467010,0,567400
100,3.38E+08,7.08E+06,3467074,3467075,0,586150
100,3.38E+08,7.08E+06,3467240,3467241,0,630200
100,3.34E+08,7.55E+06,3467257,3467258,0,566100
100,3.38E+08,7.08E+06,3467335,3467337,0,618300
100,3.34E+08,7.27E+06,3467353,3467351,0,567400
100,3.38E+08,7.08E+06,3467374,3467371,0,623100
100,3.28E+08,7.25E+06,3467458,3467458,0,549100
100,3.38E+08,7.08E+06,3467486,3467484,0,640500
100,3.38E+08,7.08E+06,3467540,3467540,0,617150
100,3.38E+08,7.08E+06,3467556,3467556,0,638150
100,3.32E+08,7.28E+06,3467559,3467563,0,561950
100,3.38E+08,7.08E+06,3467586,3467587,0,630100
100,3.38E+08,7.08E+06,3467672,3467671,0,617950
100,3.38E+08,7.08E+06,3467721,3467724,0,623100
100,3.38E+08,7.08E+06,3467722,3467719,0,607350
100,3.33E+08,7.15E+06,3467739,3467738,0,565700
100,3.18E+08,7.69E+06,3467773,3467773,0,526200
100,3.18E+08,7.36E+06,3467781,3467781,0,526400
100,3.38E+08,7.08E+06,3467831,3467831,0,616850
100,3.38E+08,7.08E+06,3467848,3467848,0,630200
100,3.38E+08,7.08E+06,3467867,3467867,0,621100
100,3.38E+08,7.08E+06,3467871,3467873,0,630200
100,3.38E+08,7.08E+06,3467895,3467895,0,638900
100,3.30E+08,7.21E+06,3467956,3467956,0,553200
100,3.38E+08,7.08E+06,3468095,3468095,0,630200
100,3.38E+08,7.08E+06,3468166,3468162,0,630200
100,3.38E+08,7.08E+06,3468188,3468185,0,619250
100,3.38E+08,7.08E+06,3468298,3468297,0,606400
100,3.38E+08,7.08E+06,3468310,3468310,0,610000
100,3.38E+08,7.08E+06,3468391,3468391,0,607350
100,3.25E+08,7.29E+06,3468457,3468455,0,545150
100,3.37E+08,7.22E+06,3468458,3468458,0,576500
100,3.38E+08,7.08E+06,3468522,3468522,0,586850
100,3.34E+08,7.27E+06,3468547,3468546,0,566100
100,3.38E+08,7.08E+06,3468575,3468575,0,618450
100,3.38E+08,7.08E+06,3468612,3468614,0,617150
100,3.38E+08,7.08E+06,3468615,3468615,0,586850
100,3.36E+08,7.51E+06,3468648,3468648,0,573700
100,3.38E+08,7.08E+06,3468717,3468714,0,623100
100,3.38E+08,7.08E+06,3468746,3468745,0,621600
100,3.38E+08,7.08E+06,3468820,3468820,0,630200
100,3.38E+08,7.08E+06,3468913,3468914,0,617950
100,3.38E+08,7.08E+06,3469048,3469048,0,621100
100,3.38E+08,7.08E+06,3469057,3469057,0,640500
100,3.33E+08,7.24E+06,3469100,3469100,0,565700
100,3.38E+08,7.08E+06,3469155,3469154,0,630200
100,3.38E+08,7.08E+06,3469208,3469210,0,630200
100,3.34E+08,7.23E+06,3469250,3469250,0,566100
100,3.38E+08,7.08E+06,3469327,3469326,0,640500
100,3.31E+08,7.29E+06,3469434,3469434,0,557950
100,3.38E+08,7.08E+06,3469444,3469444,0,582500
100,3.38E+08,7.08E+06,3469461,3469461,0,640500
100,3.38E+08,7.08E+06,3469591,3469593,0,607350
100,3.38E+08,7.08E+06,3469707,3469707,0,617950
100,3.38E+08,7.08E+06,3469722,3469723,0,617150
100,3.38E+08,7.08E+06,3469792,3469792,0,639100
100,3.38E+08,7.08E+06,3469915,3469918,0,617950
100,3.38E+08,7.08E+06,3469935,3469934,0,618450
100,3.38E+08,7.08E+06,3470088,3470085,0,630200
100,3.38E+08,7.08E+06,3470192,3470189,0,623100
100,3.38E+08,7.08E+06,3470201,3470199,0,586850
100,3.18E+08,7.21E+06,3470279,3470277,0,526250
100,3.38E+08,7.08E+06,3470310,3470309,0,613450
100,3.38E+08,7.08E+06,3470342,3470342,0,618300
100,3.38E+08,7.08E+06,3470441,3470442,0,609950
100,3.38E+08,7.08E+06,3470481,3470481,0,630200
100,3.38E+08,7.08E+06,3470493,3470493,0,586850
100,3.38E+08,7.08E+06,3470510,3470512,0,609950
100,3.38E+08,7.08E+06,3470566,3470566,0,586850
100,3.38E+08,7.08E+06,3470583,3470582,0,630100
100,3.38E+08,7.08E+06,3470588,3470585,0,607350
100,3.38E+08,7.08E+06,3470594,3470594,0,630200
100,3.38E+08,7.08E+06,3470648,3470648,0,630200
100,3.35E+08,7.25E+06,3470650,3470650,0,569550
100,3.31E+08,7.12E+06,3470759,3470759,0,558100
100,3.38E+08,7.08E+06,3470806,3470805,0,630200
100,3.38E+08,7.08E+06,3470812,3470812,0,616850
100,3.38E+08,7.08E+06,3470989,3470989,0,610000
100,3.38E+08,7.08E+06,3471002,3471002,0,638900
100,3.38E+08,7.08E+06,3471006,3471002,0,621600
100,3.38E+08,7.08E+06,3471041,3471040,0,582500
100,3.38E+08,7.08E+06,3471128,3471128,0,630200
100,3.38E+08,7.08E+06,3471140,3471146,0,607350
100,3.38E+08,7.08E+06,3471283,3471283,0,594100
100,3.38E+08,7.08E+06,3471339,3471340,0,639100
100,3.38E+08,7.08E+06,3471353,3471354,0,638900
100,3.38E+08,7.08E+06,3471413,3471412,0,607350
100,3.18E+08,7.09E+06,3471427,3471428,0,526250
100,3.38E+08,7.08E+06,3471429,3471427,0,610950
100,3.38E+08,7.08E+06,3471465,3471465,0,630200
100,3.38E+08,7.08E+06,3471503,3471503,0,618450
100,3.38E+08,7.08E+06,3471609,3471609,0,630200
100,3.38E+08,7.08E+06,3471618,3471617,0,642650
100,3.38E+08,7.08E+06,3471663,3471663,0,603700
100,3.38E+08,7.08E+06,3471734,3471734,0,630100
100,3.38E+08,7.08E+06,3471877,3471878,0,586850
100,3.38E+08,7.08E+06,3472059,3472059,0,630200
100,3.38E+08,7.08E+06,3472065,3472065,0,623100
100,3.38E+08,7.08E+06,3472071,3472073,0,586850
100,3.38E+08,7.08E+06,3472164,3472164,0,630200
100,3.38E+08,7.08E+06,3472223,3472223,0,640500
100,3.38E+08,7.08E+06,3472249,3472249,0,582500
100,3.38E+08,7.08E+06,3472251,3472251,0,606400
100,3.38E+08,7.08E+06,3472260,3472260,0,642650
100,3.38E+08,7.08E+06,3472319,3472319,0,644850
100,3.38E+08,7.08E+06,3472387,3472387,0,640500
100,3.38E+08,7.08E+06,3472528,3472525,0,623100
100,3.38E+08,7.08E+06,3472540,3472540,0,608900
100,3.38E+08,7.08E+06,3472580,3472579,0,610900
100,3.38E+08,7.08E+06,3472580,3472577,0,630100
100,3.38E+08,7.08E+06,3472601,3472600,0,623000
100,3.38E+08,7.08E+06,3472660,3472660,0,607350
100,3.38E+08,7.08E+06,3472685,3472685,0,619250
100,3.38E+08,7.08E+06,3472720,3472721,0,630200
100,3.38E+08,7.08E+06,3472763,3472764,0,607350
100,3.38E+08,7.08E+06,3472840,3472840,0,638900
100,3.38E+08,7.08E+06,3472854,3472854,0,607350
100,3.38E+08,7.08E+06,3472864,3472864,0,603700
100,3.38E+08,7.08E+06,3472913,3472911,0,607350
100,3.38E+08,7.08E+06,3472921,3472918,0,607350
100,3.07E+08,7.23E+06,3472949,3472949,0,491250
100,3.38E+08,7.08E+06,3472979,3472979,0,618300
100,3.38E+08,7.08E+06,3473011,3473013,0,610000
100,3.38E+08,7.08E+06,3473014,3473014,0,586850
100,3.38E+08,7.08E+06,3473015,3473017,0,639100
100,3.38E+08,7.08E+06,3473024,3473024,0,638900
100,3.27E+08,7.12E+06,3473048,3473046,0,545550
100,3.38E+08,7.08E+06,3473070,3473070,0,630200
100,3.38E+08,7.08E+06,3473092,3473090,0,638900
100,3.38E+08,7.08E+06,3473120,3473122,0,626650
100,3.38E+08,7.08E+06,3473144,3473143,0,630200
100,3.38E+08,7.08E+06,3473222,3473222,0,640500
100,3.38E+08,7.08E+06,3473340,3473340,0,630200
100,3.38E+08,7.08E+06,3473346,3473345,0,586850
100,3.38E+08,7.08E+06,3473359,3473358,0,628550
100,3.38E+08,7.08E+06,3473432,3473432,0,607350
100,3.38E+08,7.08E+06,3473440,3473440,0,630200
100,3.38E+08,7.08E+06,3473525,3473527,0,617150
100,3.38E+08,7.08E+06,3473577,3473578,0,594100
100,3.38E+08,7.08E+06,3473636,3473636,0,630200
100,3.38E+08,7.08E+06,3473645,3473646,0,607350
100,3.38E+08,7.08E+06,3473683,3473683,0,610950
100,3.38E+08,7.08E+06,3473719,3473715,0,610000
100,3.38E+08,7.08E+06,3473742,3473743,0,617950
100,3.38E+08,7.08E+06,3473765,3473763,0,608500
100,3.38E+08,7.08E+06,3473776,3473774,0,639100
100,3.38E+08,7.08E+06,3473958,3473956,0,644850
100,3.38E+08,7.08E+06,3473964,3473965,0,630200
100,3.38E+08,7.08E+06,3473980,3473976,0,613450
100,3.38E+08,7.24E+06,3473981,3473982,0,580850
100,3.38E+08,7.08E+06,3474005,3474003,0,630200
100,3.34E+08,7.48E+06,3474030,3474030,0,567400
100,3.34E+08,7.10E+06,3474050,3474056,0,566100
100,3.38E+08,7.08E+06,3474064,3474064,0,613450
100,3.38E+08,7.08E+06,3474101,3474101,0,630200
100,3.38E+08,7.08E+06,3474127,3474124,0,630200
100,3.38E+08,7.08E+06,3474130,3474131,0,617150
100,3.38E+08,7.08E+06,3474148,3474147,0,630200
100,3.38E+08,7.08E+06,3474256,3474255,0,610000
100,3.38E+08,7.08E+06,3474280,3474282,0,630200
100,3.38E+08,7.08E+06,3474289,3474289,0,623100
100,3.38E+08,7.08E+06,3474296,3474292,0,638150
100,3.38E+08,7.08E+06,3474306,3474310,0,607350
100,3.38E+08,7.08E+06,3474496,3474494,0,644850
100,3.38E+08,7.08E+06,3474498,3474498,0,630200
100,3.38E+08,7.08E+06,3474531,3474530,0,617950
100,3.38E+08,7.08E+06,3474545,3474545,0,630200
100,3.28E+08,7.54E+06,3474551,3474550,0,549100
100,3.38E+08,7.08E+06,3474720,3474719,0,639100
100,3.38E+08,7.08E+06,3474791,3474790,0,627000
100,3.38E+08,7.08E+06,3474811,3474812,0,580600
100,3.38E+08,7.08E+06,3474840,3474840,0,586850
100,3.38E+08,7.08E+06,3474865,3474869,0,582500
100,3.38E+08,7.08E+06,3474887,3474890,0,630200
100,3.10E+08,7.33E+06,3474907,3474906,0,501350
100,3.38E+08,7.08E+06,3474937,3474941,0,617600
100,3.38E+08,7.08E+06,3474972,3474972,0,630200
100,3.38E+08,7.08E+06,3474975,3474976,0,610000
100,3.29E+08,7.24E+06,3474979,3474975,0,551050
100,3.38E+08,7.08E+06,3475033,3475035,0,628550
100,3.38E+08,7.08E+06,3475127,3475127,0,630200
100,3.38E+08,7.08E+06,3475128,3475128,0,594100
100,3.38E+08,7.08E+06,3475154,3475156,0,616850
100,3.38E+08,7.08E+06,3475169,3475170,0,630200
100,3.38E+08,7.08E+06,3475202,3475204,0,594100
100,3.38E+08,7.08E+06,3475217,3475217,0,582500
100,3.38E+08,7.08E+06,3475353,3475353,0,617950
100,3.38E+08,7.08E+06,3475363,3475363,0,630200
100,3.38E+08,7.08E+06,3475400,3475396,0,607350
100,3.38E+08,7.08E+06,3475409,3475409,0,586850
100,3.31E+08,7.34E+06,3475414,3475413,0,557950
100,3.27E+08,7.39E+06,3475473,3475473,0,545200
100,3.19E+08,7.54E+06,3475508,3475510,0,529300
100,3.38E+08,7.08E+06,3475528,3475528,0,630200
100,3.38E+08,7.08E+06,3475573,3475573,0,610900
100,3.38E+08,7.08E+06,3475651,3475651,0,608500
100,3.34E+08,7.46E+06,3475716,3475716,0,566100
100,3.38E+08,7.17E+06,3475765,3475765,0,580850
100,3.38E+08,7.08E+06,3475787,3475788,0,606200
100,3.38E+08,7.08E+06,3475875,3475875,0,617950
100,3.38E+08,7.08E+06,3475921,3475920,0,594100
100,3.38E+08,7.08E+06,3475980,3475976,0,618300
100,3.38E+08,7.08E+06,3476014,3476013,0,638900
100,3.38E+08,7.08E+06,3476040,3476039,0,610000
100,3.38E+08,7.08E+06,3476041,3476042,0,630100
100,3.09E+08,7.37E+06,3476053,3476052,0,501300
100,3.37E+08,7.39E+06,3476069,3476070,0,576500
100,3.38E+08,7.08E+06,3476085,3476085,0,630200
100,3.38E+08,7.08E+06,3476143,3476144,0,610000
100,3.38E+08,7.08E+06,3476360,3476358,0,620150
100,3.28E+08,7.36E+06,3476372,3476372,0,548950
100,3.38E+08,7.08E+06,3476441,3476441,0,606400
100,3.38E+08,7.08E+06,3476457,3476453,0,586850
100,3.38E+08,7.08E+06,3476523,3476521,0,586850
100,3.38E+08,7.08E+06,3476599,3476599,0,621100
100,3.38E+08,7.08E+06,3476621,3476621,0,617150
100,3.38E+08,7.08E+06,3476688,3476687,0,586850
100,3.18E+08,7.34E+06,3476697,3476699,0,526250
100,3.28E+08,7.16E+06,3476706,3476708,0,548950
100,3.38E+08,7.16E+06,3476739,3476739,0,582500
100,3.29E+08,7.21E+06,3476742,3476743,0,551050
100,3.38E+08,7.08E+06,3476798,3476802,0,630200
100,3.31E+08,7.23E+06,3476815,3476815,0,558100
100,3.38E+08,7.08E+06,3476823,3476822,0,586850
100,3.38E+08,7.08E+06,3476835,3476835,0,638900
100,3.38E+08,7.08E+06,3476953,3476954,0,619250
100,3.38E+08,7.08E+06,3476970,3476967,0,630100
100,3.38E+08,7.08E+06,3476982,3476982,0,630200
100,3.38E+08,7.08E+06,3477037,3477036,0,603700
100,3.38E+08,7.08E+06,3477037,3477036,0,608300
100,3.38E+08,7.08E+06,3477113,3477114,0,610850
100,3.38E+08,7.08E+06,3477139,3477138,0,613450
100,3.38E+08,7.08E+06,3477222,3477222,0,606200
100,3.34E+08,7.46E+06,3477232,3477230,0,567400
100,3.38E+08,7.08E+06,3477273,3477273,0,582500
100,3.38E+08,7.08E+06,3477277,3477279,0,607350
100,3.38E+08,7.08E+06,3477280,3477280,0,617950
100,3.38E+08,7.08E+06,3477378,3477380,0,630200
100,2.94E+08,7.23E+06,3477406,3477405,0,449000
100,3.38E+08,7.08E+06,3477435,3477435,0,644850
100,3.38E+08,7.08E+06,3477441,3477441,0,586850
100,3.38E+08,7.08E+06,3477441,3477440,0,610000
100,3.38E+08,7.08E+06,3477443,3477440,0,610000
100,3.38E+08,7.08E+06,3477564,3477564,0,607350
100,3.38E+08,7.08E+06,3477608,3477607,0,594100
100,3.38E+08,7.08E+06,3477617,3477617,0,586850
100,3.38E+08,7.08E+06,3477637,3477636,0,617150
100,3.38E+08,7.08E+06,3477661,3477662,0,618450
100,3.38E+08,7.08E+06,3477668,3477668,0,630200
100,3.38E+08,7.08E+06,3477717,3477718,0,600300
100,3.38E+08,7.08E+06,3477731,3477731,0,630100
100,3.38E+08,7.08E+06,3477795,3477795,0,617150
100,3.38E+08,7.08E+06,3477814,3477814,0,613450
100,3.38E+08,7.08E+06,3477858,3477858,0,630200
100,3.38E+08,7.08E+06,3478015,3478014,0,617150
100,3.38E+08,7.08E+06,3478076,3478076,0,630200
100,3.38E+08,7.08E+06,3478092,3478094,0,630200
100,3.38E+08,7.08E+06,3478094,3478093,0,613450
100,3.32E+08,7.48E+06,3478102,3478101,0,562000
100,3.38E+08,7.08E+06,3478143,3478145,0,630100
100,3.38E+08,7.08E+06,3478275,3478276,0,603700
100,3.38E+08,7.08E+06,3478293,3478295,0,638900
100,3.38E+08,7.08E+06,3478298,3478298,0,642650
100,3.38E+08,7.08E+06,3478303,3478306,0,630100
100,3.29E+08,7.73E+06,3478333,3478333,0,551700
100,3.38E+08,7.08E+06,3478335,3478333,0,615450
100,3.38E+08,7.08E+06,3478371,3478371,0,638900
100,3.38E+08,7.08E+06,3478373,3478374,0,603700
100,3.38E+08,7.08E+06,3478462,3478462,0,606400
100,3.38E+08,7.08E+06,3478525,3478523,0,638900
100,3.27E+08,7.49E+06,3478549,3478549,0,545550
100,3.38E+08,7.08E+06,3478564,3478562,0,610000
100,3.38E+08,7.08E+06,3478589,3478589,0,630200
100,3.38E+08,7.08E+06,3478753,3478753,0,630100
100,3.19E+08,7.21E+06,3478789,3478789,0,529300
100,3.38E+08,7.08E+06,3478839,3478840,0,623100
100,3.38E+08,7.08E+06,3478843,3478840,0,582500
100,3.38E+08,7.08E+06,3478878,3478880,0,644850
100,3.31E+08,7.15E+06,3479019,3479020,0,558100
100,3.38E+08,7.08E+06,3479020,3479019,0,618450
100,3.38E+08,7.08E+06,3479091,3479089,0,617150
100,3.38E+08,7.08E+06,3479124,3479120,0,610850
100,3.38E+08,7.08E+06,3479126,3479123,0,608100
100,3.38E+08,7.08E+06,3479156,3479156,0,609950
100,3.38E+08,7.08E+06,3479187,3479187,0,630200
100,3.38E+08,7.08E+06,3479205,3479204,0,630200
100,3.38E+08,7.08E+06,3479210,3479210,0,630200
100,3.38E+08,7.08E+06,3479219,3479221,0,639100
100,3.38E+08,7.08E+06,3479246,3479244,0,607350
100,3.38E+08,7.08E+06,3479292,3479292,0,613450
100,3.38E+08,7.08E+06,3479357,3479357,0,619250
100,3.34E+08,7.28E+06,3479369,3479363,0,566100
100,3.38E+08,7.08E+06,3479385,3479384,0,618050
100,3.29E+08,7.14E+06,3479402,3479403,0,551050
100,3.38E+08,7.08E+06,3479443,3479442,0,617150
100,3.38E+08,7.08E+06,3479445,3479446,0,608300
100,3.38E+08,7.08E+06,3479497,3479497,0,616850
100,3.38E+08,7.08E+06,3479500,3479499,0,616850
100,3.38E+08,7.08E+06,3479518,3479516,0,630200
100,3.38E+08,7.08E+06,3479569,3479570,0,630200
100,3.38E+08,7.08E+06,3479634,3479635,0,630200
100,3.18E+08,7.27E+06,3479646,3479647,0,526250
100,3.38E+08,7.33E+06,3479672,3479672,0,580600
100,3.38E+08,7.08E+06,3479702,3479701,0,630100
100,3.38E+08,7.08E+06,3479779,3479777,0,608500
100,3.34E+08,7.45E+06,3479792,3479792,0,566100
100,3.28E+08,7.29E+06,3479840,3479840,0,549100
100,3.38E+08,7.20E+06,3479899,3479898,0,582500
100,3.38E+08,7.08E+06,3480071,3480072,0,613450
100,3.38E+08,7.08E+06,3480177,3480177,0,638900
100,3.38E+08,7.08E+06,3480201,3480197,0,623100
100,3.38E+08,7.08E+06,3480266,3480270,0,621600
100,3.31E+08,7.51E+06,3480322,3480322,0,557950
100,3.38E+08,7.08E+06,3480350,3480347,0,607350
100,3.38E+08,7.08E+06,3480424,3480425,0,630200
100,3.27E+08,7.40E+06,3480441,3480440,0,545200
100,3.38E+08,7.08E+06,3480507,3480507,0,630200
100,3.38E+08,7.08E+06,3480552,3480551,0,630200
100,3.38E+08,7.08E+06,3480561,3480561,0,616850
100,3.25E+08,7.26E+06,3480568,3480570,0,545150
100,3.38E+08,7.08E+06,3480574,3480574,0,618300
100,3.38E+08,7.08E+06,3480610,3480612,0,582500
100,3.38E+08,7.08E+06,3480669,3480669,0,608500
100,3.38E+08,7.08E+06,3480712,3479836,0,617950
100,3.28E+08,7.30E+06,3480717,3480718,0,546950
100,3.38E+08,7.08E+06,3480723,3480723,0,630200
100,3.38E+08,7.08E+06,3480769,3480769,0,610900
100,3.38E+08,7.08E+06,3480786,3480788,0,608100
100,3.38E+08,7.08E+06,3480822,3480822,0,630200
100,3.28E+08,7.20E+06,3480874,3480874,0,549100
100,3.38E+08,7.08E+06,3480967,3480967,0,623100
100,3.38E+08,7.08E+06,3481010,3481010,0,586850
100,3.38E+08,7.08E+06,3481023,3481025,0,603700
100,3.38E+08,7.08E+06,3481057,3481057,0,620150
100,3.05E+08,7.28E+06,3481109,3481109,0,483750
100,3.38E+08,7.08E+06,3481120,3481120,0,630200
100,3.38E+08,7.08E+06,3481147,3481147,0,616850
100,3.38E+08,7.08E+06,3481162,3481162,0,618050
100,3.38E+08,7.08E+06,3481178,3481178,0,630200
100,3.29E+08,7.20E+06,3481200,3481202,0,551700
100,3.38E+08,7.08E+06,3481221,3481220,0,609950
100,3.38E+08,7.08E+06,3481232,3481233,0,616850
100,3.38E+08,7.08E+06,3481257,3481258,0,626650
100,3.38E+08,7.08E+06,3481304,3481304,0,617150
100,3.28E+08,7.32E+06,3481392,3481392,0,549100
100,3.38E+08,7.08E+06,3481416,3481416,0,603700
100,3.38E+08,7.08E+06,3481425,3481425,0,607350
100,3.38E+08,7.08E+06,3481437,3481435,0,607350
100,3.38E+08,7.08E+06,3481450,3481450,0,618300
100,3.38E+08,7.08E+06,3481515,3481515,0,594100
100,3.38E+08,7.08E+06,3481548,3481548,0,607350
100,3.38E+08,7.08E+06,3481565,3481566,0,608500
100,3.38E+08,7.08E+06,3481584,3481583,0,639100
100,3.38E+08,7.08E+06,3481596,3481596,0,619250
100,3.38E+08,7.08E+06,3481632,3481632,0,613450
100,3.38E+08,7.08E+06,3481656,3481656,0,621700
100,3.38E+08,7.08E+06,3481657,3481658,0,630200
100,3.38E+08,7.08E+06,3481711,3481711,0,642650
100,3.38E+08,7.08E+06,3481751,3481749,0,638900
100,3.38E+08,7.08E+06,3481780,3481778,0,610000
100,3.38E+08,7.08E+06,3481794,3481793,0,630200
100,3.38E+08,7.08E+06,3481828,3481829,0,640500
100,3.38E+08,7.08E+06,3481888,3481889,0,586850
100,3.38E+08,7.08E+06,3481930,3481930,0,610850
100,3.38E+08,7.08E+06,3481977,3481979,0,582500
100,3.38E+08,7.08E+06,3482001,3482002,0,586850
100,3.38E+08,7.08E+06,3482051,3482051,0,638900
100,3.38E+08,7.08E+06,3482061,3482061,0,630200
100,3.38E+08,7.08E+06,3482103,3482103,0,586850
100,3.38E+08,7.08E+06,3482134,3482132,0,610800
100,3.38E+08,7.08E+06,3482138,3482138,0,642650
100,3.32E+08,7.58E+06,3482162,3482160,0,562000
100,3.34E+08,7.43E+06,3482194,3482194,0,567400
100,3.38E+08,7.08E+06,3482241,3482242,0,630200
100,3.38E+08,7.08E+06,3482280,3482275,0,630200
100,3.38E+08,7.08E+06,3482382,3482382,0,594100
100,3.38E+08,7.08E+06,3482385,3482385,0,582500
100,3.38E+08,7.08E+06,3482401,3482403,0,644850
100,3.38E+08,7.08E+06,3482428,3482428,0,639100
100,3.38E+08,7.08E+06,3482487,3482489,0,607350
100,3.34E+08,7.14E+06,3482492,3482493,0,567400
100,3.38E+08,7.08E+06,3482495,3482491,0,607350
100,3.30E+08,7.69E+06,3482499,3482498,0,553200
100,3.31E+08,7.38E+06,3482550,3482552,0,557950
100,3.13E+08,7.24E+06,3482555,3482556,0,507400
100,3.38E+08,7.47E+06,3482591,3482591,0,582500
100,3.38E+08,7.08E+06,3482592,3482587,0,610900
100,3.38E+08,7.08E+06,3482615,3482614,0,630100
100,3.38E+08,7.08E+06,3482681,3482681,0,613450
100,3.38E+08,7.08E+06,3482697,3482704,0,586150
100,3.38E+08,7.08E+06,3482709,3482709,0,630200
100,3.38E+08,7.08E+06,3482711,3482711,0,607350
100,3.38E+08,7.08E+06,3482758,3482757,0,644850
100,3.31E+08,7.70E+06,3482819,3482819,0,557950
100,3.34E+08,7.78E+06,3482837,3482837,0,566100
100,3.38E+08,7.08E+06,3482925,3482922,0,586850
100,3.38E+08,7.08E+06,3482951,3482950,0,610000
100,3.38E+08,7.08E+06,3482962,3482962,0,617150
100,3.38E+08,7.08E+06,3482963,3482956,0,586850
100,3.38E+08,7.08E+06,3482987,3482987,0,630100
100,3.38E+08,7.08E+06,3483125,3483125,0,594100
100,3.38E+08,7.08E+06,3483144,3483144,0,618450
100,3.38E+08,7.08E+06,3483147,3483147,0,644850
100,3.32E+08,7.67E+06,3483208,3483211,0,562000
100,3.38E+08,7.08E+06,3483271,3483272,0,607350
100,3.38E+08,7.08E+06,3483303,3483303,0,613450
100,3.08E+08,7.13E+06,3483392,3483392,0,493400
100,3.31E+08,7.29E+06,3483478,3483479,0,557950
100,3.38E+08,7.08E+06,3483502,3483502,0,630100
100,3.38E+08,7.08E+06,3483502,3483503,0,630200
100,3.30E+08,7.80E+06,3483512,3483513,0,553200
100,3.38E+08,7.08E+06,3483522,3483522,0,610950
100,3.38E+08,7.08E+06,3483532,3483531,0,621100
100,3.38E+08,7.08E+06,3483537,3483534,0,630200
100,3.38E+08,7.08E+06,3483542,3483542,0,610000
100,3.18E+08,7.71E+06,3483584,3483583,0,527200
100,3.34E+08,7.29E+06,3483609,3483608,0,566150
100,3.38E+08,7.08E+06,3483625,3483624,0,638900
100,3.38E+08,7.08E+06,3483637,3483637,0,638900
100,3.38E+08,7.08E+06,3483645,3483645,0,608100
100,3.38E+08,7.08E+06,3483649,3483649,0,628550
100,3.38E+08,7.08E+06,3483862,3483862,0,617150
100,3.38E+08,7.08E+06,3483952,3483951,0,609950
100,3.19E+08,7.25E+06,3483965,3483967,0,529300
100,3.38E+08,7.08E+06,3483983,3483981,0,630100
100,3.38E+08,7.08E+06,3484022,3484022,0,644850
100,3.38E+08,7.08E+06,3484029,3484033,0,630100
100,3.38E+08,7.08E+06,3484083,3484080,0,617950
100,3.38E+08,7.08E+06,3484089,3484091,0,630200
100,3.38E+08,7.08E+06,3484108,3484102,0,638900
100,3.38E+08,7.08E+06,3484164,3484164,0,613450
100,3.38E+08,7.08E+06,3484179,3484178,0,642650
100,3.38E+08,7.08E+06,3484310,3484311,0,644850
100,3.38E+08,7.08E+06,3484340,3484340,0,586850
100,3.38E+08,8.11E+06,3484379,3484379,0,582500
100,3.38E+08,7.08E+06,3484433,3484428,0,630100
100,3.38E+08,7.08E+06,3484460,3484460,0,630200
100,3.38E+08,7.08E+06,3484468,3484470,0,639100
100,3.38E+08,7.08E+06,3484604,3484606,0,610850
100,3.38E+08,7.08E+06,3484608,3484607,0,618450
100,3.38E+08,7.08E+06,3484626,3484627,0,623100
100,3.38E+08,7.08E+06,3484643,3484643,0,630200
100,3.38E+08,7.08E+06,3484654,3484659,0,630100
100,3.38E+08,7.08E+06,3484724,3484723,0,610850
100,3.38E+08,7.22E+06,3484769,3484769,0,582500
100,3.38E+08,7.08E+06,3484824,3484823,0,630200
100,3.26E+08,7.37E+06,3484830,3484830,0,545150
100,3.38E+08,7.30E+06,3484848,3484847,0,582500
100,3.38E+08,7.08E+06,3484929,3484931,0,586850
100,3.38E+08,7.08E+06,3484972,3484972,0,582500
100,3.38E+08,7.08E+06,3484995,3484995,0,630100
100,3.38E+08,7.08E+06,3485027,3485028,0,613450
100,3.38E+08,7.08E+06,3485081,3485082,0,594100
100,3.38E+08,7.08E+06,3485090,3485091,0,582500
100,3.38E+08,7.08E+06,3485107,3485101,0,607350
100,3.38E+08,7.08E+06,3485157,3485158,0,630200
100,3.38E+08,7.08E+06,3485168,3485164,0,630200
100,3.18E+08,7.26E+06,3485214,3485214,0,526400
100,3.38E+08,7.08E+06,3485327,3485326,0,623100
100,3.38E+08,7.08E+06,3485391,3485391,0,607350
100,3.38E+08,7.08E+06,3485396,3485391,0,610900
100,3.38E+08,7.08E+06,3485438,3485440,0,640500
100,3.38E+08,7.08E+06,3485505,3485505,0,618300
100,3.38E+08,7.08E+06,3485562,3485562,0,610000
100,3.38E+08,7.08E+06,3485719,3485719,0,617950
100,3.38E+08,7.08E+06,3485724,3485725,0,630200
100,3.28E+08,7.13E+06,3485754,3485749,0,546950
100,3.38E+08,7.08E+06,3485810,3485809,0,610000
100,3.32E+08,7.47E+06,3485820,3485819,0,559400
100,3.38E+08,7.08E+06,3485925,3485923,0,608100
100,3.38E+08,7.08E+06,3486019,3486022,0,623100
100,3.38E+08,7.08E+06,3486042,3486041,0,609950
100,3.38E+08,7.08E+06,3486050,3486049,0,615450
100,3.38E+08,7.08E+06,3486051,3486051,0,630200
100,3.38E+08,7.08E+06,3486061,3486061,0,640500
100,3.38E+08,7.08E+06,3486065,3486065,0,586850
100,3.34E+08,7.38E+06,3486082,3486083,0,566100
100,3.38E+08,7.08E+06,3486249,3486250,0,617950
100,3.29E+08,7.56E+06,3486347,3486347,0,551050
100,3.38E+08,7.08E+06,3486376,3486376,0,613450
100,3.28E+08,7.29E+06,3486497,3486498,0,549100
100,3.11E+08,7.35E+06,3486516,3486516,0,503800
100,3.38E+08,7.43E+06,3486520,3486520,0,581700
100,3.38E+08,7.08E+06,3486582,3486582,0,610850
100,3.38E+08,7.08E+06,3486588,3486590,0,619250
100,3.38E+08,7.08E+06,3486614,3486614,0,608500
100,3.38E+08,7.08E+06,3486618,3486618,0,630200
100,3.34E+08,7.79E+06,3486652,3486651,0,567400
100,3.38E+08,7.08E+06,3486676,3486676,0,621100
100,3.38E+08,7.08E+06,3486713,3486711,0,630200
100,3.38E+08,7.08E+06,3486721,3486721,0,582500
100,3.38E+08,7.08E+06,3486738,3486737,0,608900
100,3.38E+08,7.08E+06,3486756,3486755,0,615450
100,3.38E+08,7.08E+06,3486764,3486763,0,617950
100,3.38E+08,7.08E+06,3486788,3486790,0,609950
100,3.38E+08,7.08E+06,3486809,3486809,0,617150
100,3.38E+08,7.08E+06,3486830,3486832,0,618050
100,3.38E+08,7.08E+06,3486835,3486835,0,619250
100,3.29E+08,7.51E+06,3486841,3486840,0,551050
100,3.38E+08,7.08E+06,3486885,3486886,0,613450
100,3.38E+08,7.15E+06,3486904,3486904,0,582500
100,3.38E+08,7.08E+06,3486944,3486943,0,630100
100,3.38E+08,7.08E+06,3486944,3486943,0,630200
100,3.35E+08,7.19E+06,3486963,3486963,0,569550
100,3.38E+08,7.08E+06,3486975,3486975,0,582500
100,3.38E+08,7.08E+06,3486983,3486984,0,607350
100,3.38E+08,7.08E+06,3486997,3486995,0,586850
100,3.38E+08,7.08E+06,3487013,3487010,0,630200
100,3.38E+08,7.08E+06,3487029,3487028,0,621100
100,3.38E+08,7.08E+06,3487064,3487064,0,618450
100,3.30E+08,7.45E+06,3487067,3487068,0,553200
100,3.38E+08,7.08E+06,3487107,3487106,0,642650
100,3.38E+08,7.08E+06,3487110,3487111,0,607350
100,3.38E+08,7.08E+06,3487119,3487112,0,630200
100,3.28E+08,7.52E+06,3487158,3487158,0,548950
100,3.38E+08,7.08E+06,3487234,3487234,0,630100
100,3.16E+08,7.17E+06,3487306,3487306,0,519950
100,3.38E+08,7.08E+06,3487348,3487347,0,630100
100,3.38E+08,7.08E+06,3487435,3487431,0,586850
100,3.38E+08,7.08E+06,3487458,3487458,0,638900
100,3.38E+08,7.08E+06,3487488,3487487,0,608300
100,3.38E+08,7.08E+06,3487492,3487495,0,630200
100,3.38E+08,7.08E+06,3487507,3487509,0,621100
100,3.38E+08,7.08E+06,3487530,3487530,0,630200
100,3.38E+08,7.08E+06,3487614,3487614,0,619250
100,3.38E+08,7.08E+06,3487617,3487615,0,618300
100,3.38E+08,7.08E+06,3487637,3487629,0,607350
100,3.38E+08,7.08E+06,3487708,3487709,0,617950
100,3.38E+08,7.08E+06,3487752,3487752,0,608300
100,3.38E+08,7.08E+06,3487753,3487752,0,617600
100,3.38E+08,7.08E+06,3487755,3487755,0,630200
100,3.38E+08,7.08E+06,3487822,3487820,0,638900
100,3.38E+08,7.08E+06,3487859,3487856,0,630200
100,3.38E+08,7.08E+06,3487928,3487928,0,638900
100,2.93E+08,7.20E+06,3487935,3487936,0,447600
100,3.38E+08,7.08E+06,3487937,3487940,0,586850
100,3.38E+08,7.08E+06,3488009,3488008,0,630200
100,3.38E+08,7.08E+06,3488028,3488031,0,630200
100,3.38E+08,7.08E+06,3488111,3488110,0,630200
100,3.38E+08,7.08E+06,3488175,3488175,0,628550
100,3.33E+08,7.29E+06,3488271,3488271,0,565700
100,3.38E+08,7.08E+06,3488309,3488309,0,630100
100,3.34E+08,7.99E+06,3488315,3488314,0,566150
100,3.38E+08,7.08E+06,3488342,3488340,0,616850
100,3.38E+08,7.08E+06,3488346,3488346,0,613450
100,3.38E+08,7.08E+06,3488382,3488380,0,610000
100,3.38E+08,7.08E+06,3488406,3488407,0,613450
100,3.38E+08,7.08E+06,3488441,3488440,0,630200
100,3.32E+08,7.11E+06,3488503,3488502,0,559400
100,3.38E+08,7.08E+06,3488506,3488506,0,608500
100,3.38E+08,7.08E+06,3488523,3488524,0,630200
100,3.38E+08,7.08E+06,3488561,3488559,0,586850
100,3.38E+08,7.08E+06,3488592,3488591,0,617950
100,3.38E+08,7.08E+06,3488638,3488637,0,610000
100,2.94E+08,7.32E+06,3488707,3488707,0,449000
100,3.38E+08,7.08E+06,3488713,3488713,0,630200
100,3.38E+08,7.08E+06,3488721,3488721,0,617150
100,3.34E+08,7.09E+06,3488821,3488821,0,567400
100,3.38E+08,7.08E+06,3488867,3488868,0,626650
100,3.38E+08,7.08E+06,3488873,3488873,0,620150
100,3.38E+08,7.08E+06,3488888,3488888,0,616850
100,3.38E+08,7.08E+06,3488911,3488910,0,630200
100,3.38E+08,7.08E+06,3488965,3488965,0,639100
100,3.38E+08,7.08E+06,3488976,3488976,0,630200
100,3.38E+08,7.08E+06,3488983,3488981,0,610850
100,3.38E+08,7.08E+06,3489037,3489035,0,630200
100,3.38E+08,7.08E+06,3489122,3489122,0,617950
100,3.38E+08,7.08E+06,3489123,3489124,0,617150
100,3.28E+08,7.14E+06,3489131,3489131,0,546950
100,3.38E+08,7.08E+06,3489180,3489179,0,628550
100,3.38E+08,7.08E+06,3489204,3489204,0,610000
100,3.38E+08,7.08E+06,3489232,3489230,0,630100
100,3.38E+08,7.08E+06,3489267,3489267,0,630200
100,3.38E+08,7.08E+06,3489295,3489295,0,630200
100,3.38E+08,7.08E+06,3489337,3489336,0,621600
100,3.38E+08,7.08E+06,3489347,3489346,0,638900
100,3.28E+08,7.39E+06,3489389,3489387,0,546950
100,3.38E+08,7.08E+06,3489392,3489392,0,618450
100,3.38E+08,7.08E+06,3489416,3489415,0,608500
100,3.38E+08,7.08E+06,3489427,3489427,0,644850
100,3.38E+08,7.08E+06,3489474,3489474,0,618450
100,3.38E+08,7.08E+06,3489495,3489495,0,630200
100,3.38E+08,7.08E+06,3489527,3489528,0,613450
100,3.38E+08,7.08E+06,3489612,3489610,0,613450
100,3.38E+08,7.08E+06,3489613,3489616,0,620950
100,3.18E+08,7.24E+06,3489634,3489634,0,527200
100,3.34E+08,7.14E+06,3489663,3489660,0,566100
100,3.38E+08,7.08E+06,3489694,3489698,0,610000
100,3.38E+08,7.08E+06,3489696,3489693,0,630200
100,3.38E+08,7.08E+06,3489698,3489698,0,582500
100,3.38E+08,7.08E+06,3489735,3489735,0,617150
100,3.38E+08,7.08E+06,3489747,3489748,0,600300
100,3.28E+08,7.14E+06,3489774,3489775,0,549100
100,3.04E+08,7.82E+06,3489821,3489821,0,476750
100,3.38E+08,7.08E+06,3489844,3489845,0,621100
100,3.34E+08,7.53E+06,3489853,3489853,0,567400
100,3.38E+08,7.08E+06,3489857,3489858,0,640500
100,3.38E+08,7.08E+06,3489864,3489862,0,615450
100,3.38E+08,7.08E+06,3489874,3489877,0,616500
100,3.38E+08,7.08E+06,3489935,3489935,0,630200
100,3.38E+08,7.08E+06,3489953,3489955,0,603700
100,3.38E+08,7.08E+06,3490012,3490012,0,630100
100,3.38E+08,7.08E+06,3490013,3490011,0,630200
100,3.38E+08,7.08E+06,3490043,3490043,0,630200
100,3.38E+08,7.08E+06,3490077,3490078,0,621700
100,3.38E+08,7.08E+06,3490097,3490098,0,630200
100,3.38E+08,7.08E+06,3490136,3490134,0,610850
100,3.20E+08,7.46E+06,3490139,3490140,0,532250
100,3.12E+08,7.20E+06,3490225,3490226,0,505700
100,3.30E+08,7.90E+06,3490240,3490237,0,553200
100,3.38E+08,7.08E+06,3490311,3490311,0,608100
100,3.31E+08,7.44E+06,3490365,3490364,0,557950
100,3.38E+08,7.08E+06,3490368,3490368,0,621600
100,3.29E+08,7.06E+06,3490435,3490436,0,551700
100,3.38E+08,7.08E+06,3490455,3490455,0,618300
100,3.38E+08,7.08E+06,3490484,3490484,0,610000
100,3.38E+08,7.08E+06,3490490,3490490,0,586850
100,3.38E+08,7.08E+06,3490554,3490547,0,630200
100,3.38E+08,7.08E+06,3490563,3490562,0,630200
100,3.38E+08,7.08E+06,3490597,3490596,0,618050
100,3.38E+08,7.08E+06,3490626,3490628,0,608100
100,3.38E+08,7.08E+06,3490660,3490661,0,586850
100,3.38E+08,7.08E+06,3490684,3490682,0,621850
100,3.38E+08,7.08E+06,3490705,3490704,0,621600
100,3.38E+08,7.08E+06,3490723,3490722,0,600300
100,3.38E+08,7.08E+06,3490799,3490801,0,619250
100,3.38E+08,7.08E+06,3490910,3490907,0,607350
100,3.38E+08,7.08E+06,3490930,3490930,0,623100
100,3.38E+08,7.08E+06,3490944,3490944,0,620950
100,3.38E+08,7.12E+06,3490962,3490960,0,582500
100,3.38E+08,7.08E+06,3490965,3490965,0,615450
100,3.38E+08,7.08E+06,3490970,3490970,0,617950
100,3.38E+08,7.08E+06,3490973,3490971,0,617950
100,3.38E+08,7.08E+06,3490989,3490990,0,609950
100,3.38E+08,7.08E+06,3490995,3490994,0,607350
100,3.38E+08,7.08E+06,3491025,3491026,0,619250
100,3.38E+08,7.08E+06,3491038,3491037,0,638900
100,3.38E+08,7.08E+06,3491040,3491041,0,630100
100,3.38E+08,7.08E+06,3491050,3491051,0,610850
100,3.28E+08,7.48E+06,3491070,3491070,0,546950
100,3.38E+08,7.08E+06,3491086,3491085,0,630100
100,3.28E+08,7.16E+06,3491119,3491116,0,548900
100,3.38E+08,7.08E+06,3491179,3491179,0,594100
100,3.38E+08,7.08E+06,3491229,3491228,0,608100
100,3.38E+08,7.08E+06,3491229,3491230,0,617950
100,3.38E+08,7.08E+06,3491266,3491267,0,586850
100,3.38E+08,7.08E+06,3491321,3491320,0,586850
100,3.38E+08,7.08E+06,3491332,3491332,0,639100
100,3.38E+08,7.08E+06,3491358,3491360,0,630100
100,3.38E+08,7.08E+06,3491394,3491394,0,617150
100,3.38E+08,7.08E+06,3491396,3491396,0,617950
100,3.38E+08,7.08E+06,3491413,3491414,0,617150
100,3.38E+08,7.08E+06,3491435,3491435,0,610000
100,3.38E+08,7.08E+06,3491445,3491446,0,594100
100,3.19E+08,7.16E+06,3491473,3491472,0,527200
100,3.38E+08,7.08E+06,3491473,3491476,0,628550
100,3.38E+08,7.08E+06,3491512,3491512,0,610000
100,3.38E+08,7.08E+06,3491527,3491527,0,610000
100,3.38E+08,7.08E+06,3491570,3491570,0,639100
100,3.38E+08,7.08E+06,3491587,3491588,0,617150
100,3.38E+08,7.08E+06,3491597,3491599,0,630200
100,3.06E+08,7.39E+06,3491609,3491609,0,486200
100,3.38E+08,7.08E+06,3491622,3491623,0,603700
100,3.38E+08,7.08E+06,3491646,3491646,0,638900
100,3.38E+08,7.08E+06,3491666,3491666,0,608500
100,3.38E+08,7.08E+06,3491719,3491720,0,630200
100,3.38E+08,7.08E+06,3491738,3491738,0,618450
100,3.28E+08,7.14E+06,3491794,3491796,0,548950
100,3.38E+08,7.08E+06,3491848,3491846,0,638150
100,3.38E+08,7.08E+06,3491849,3491848,0,607350
100,3.38E+08,7.08E+06,3491887,3491886,0,615450
100,3.38E+08,7.08E+06,3491903,3491898,0,617150
100,3.38E+08,7.08E+06,3491905,3491905,0,630200
100,3.38E+08,7.08E+06,3491945,3491944,0,630200
100,3.38E+08,7.08E+06,3491971,3491970,0,630200
100,3.38E+08,7.08E+06,3491972,3491970,0,608500
100,3.38E+08,7.08E+06,3491980,3491981,0,617950
100,3.38E+08,7.08E+06,3492004,3492004,0,582500
100,3.38E+08,7.08E+06,3492021,3492021,0,623100
100,3.38E+08,7.08E+06,3492037,3492035,0,586850
100,3.38E+08,7.08E+06,3492046,3492047,0,610000
100,3.38E+08,7.08E+06,3492063,3492063,0,609950
100,3.38E+08,7.08E+06,3492073,3492074,0,630200
100,3.38E+08,7.08E+06,3492076,3492077,0,617950
100,3.38E+08,7.08E+06,3492090,3492089,0,620150
100,3.38E+08,7.08E+06,3492158,3492161,0,615450
100,3.34E+08,7.92E+06,3492159,3492158,0,567400
100,3.38E+08,7.08E+06,3492179,3492177,0,582500
100,3.38E+08,7.18E+06,3492330,3492329,0,580850
100,3.38E+08,7.08E+06,3492370,3492370,0,630200
100,3.38E+08,7.18E+06,3492374,3492374,0,582500
100,3.38E+08,7.08E+06,3492376,3492375,0,630200
100,3.38E+08,7.08E+06,3492380,3492380,0,586850
100,3.38E+08,7.08E+06,3492386,3492386,0,628550
100,3.38E+08,7.08E+06,3492402,3492402,0,617950
100,3.38E+08,7.50E+06,3492432,3492430,0,580600
100,3.38E+08,7.08E+06,3492432,3492429,0,630200
100,3.28E+08,7.63E+06,3492435,3492435,0,546950
100,3.38E+08,7.08E+06,3492470,3492470,0,630200
100,3.38E+08,7.08E+06,3492481,3492481,0,642650
100,3.38E+08,7.08E+06,3492484,3492484,0,639100
100,3.38E+08,7.08E+06,3492501,3492503,0,617950
100,3.38E+08,7.08E+06,3492528,3492530,0,618300
100,3.38E+08,7.08E+06,3492559,3492559,0,582500
100,3.34E+08,7.37E+06,3492568,3492568,0,567400
100,3.38E+08,7.08E+06,3492608,3492606,0,616850
100,3.38E+08,7.08E+06,3492619,3492619,0,623100
100,3.38E+08,7.08E+06,3492627,3492627,0,630200
100,3.38E+08,7.08E+06,3492682,3492682,0,610950
100,3.34E+08,7.75E+06,3492717,3492718,0,567400
100,3.38E+08,7.08E+06,3492735,3492735,0,606400
100,3.38E+08,7.08E+06,3492770,3492768,0,618450
100,3.38E+08,7.08E+06,3492775,3492775,0,620950
100,3.38E+08,7.08E+06,3492786,3492786,0,617150
100,3.38E+08,7.37E+06,3492798,3492800,0,582500
100,3.38E+08,7.08E+06,3492843,3492842,0,638900
100,3.38E+08,7.08E+06,3492947,3492944,0,638900
100,3.38E+08,7.08E+06,3492988,3492988,0,639100
100,3.38E+08,7.08E+06,3492989,3492988,0,606200
100,3.38E+08,7.08E+06,3493029,3493028,0,638900
100,3.38E+08,7.08E+06,3493051,3493051,0,630200
100,3.38E+08,7.08E+06,3493096,3493096,0,626650
100,3.38E+08,7.08E+06,3493141,3493141,0,640900
100,3.34E+08,7.90E+06,3493146,3493146,0,567400
100,3.38E+08,7.08E+06,3493186,3493185,0,610000
100,3.38E+08,7.08E+06,3493187,3493186,0,630200
100,3.38E+08,7.08E+06,3493293,3493292,0,639100
100,3.34E+08,7.32E+06,3493298,3493299,0,567400
100,3.38E+08,7.08E+06,3493343,3493343,0,638900
100,3.38E+08,7.08E+06,3493351,3493353,0,610850
100,3.38E+08,7.08E+06,3493354,3493356,0,610900
100,3.38E+08,7.08E+06,3493381,3493380,0,607350
100,3.38E+08,7.08E+06,3493383,3493382,0,630200
100,3.38E+08,7.21E+06,3493387,3493388,0,582500
100,3.38E+08,7.08E+06,3493396,3493396,0,608500
100,3.31E+08,7.19E+06,3493419,3493419,0,558100
100,3.38E+08,7.08E+06,3493471,3493471,0,630100
100,3.38E+08,7.08E+06,3493539,3493540,0,630200
100,3.38E+08,7.08E+06,3493576,3493573,0,630200
100,3.34E+08,7.19E+06,3493588,3493588,0,567400
100,3.38E+08,7.08E+06,3493603,3493601,0,586850
100,3.38E+08,7.08E+06,3493607,3493603,0,619250
100,3.38E+08,7.08E+06,3493670,3493669,0,613450
100,3.38E+08,7.08E+06,3493716,3493712,0,603700
100,3.30E+08,7.27E+06,3493802,3493802,0,553200
100,3.38E+08,7.08E+06,3493852,3493852,0,621600
100,3.38E+08,7.08E+06,3493911,3493910,0,617950
100,2.97E+08,7.27E+06,3493919,3493919,0,460600
100,3.38E+08,7.08E+06,3493926,3493928,0,586850
100,3.38E+08,7.08E+06,3493927,3493927,0,623100
100,3.38E+08,7.08E+06,3493955,3493958,0,608500
100,3.38E+08,7.08E+06,3493987,3493984,0,610000
100,3.31E+08,7.72E+06,3493992,3493992,0,557950
100,3.38E+08,7.08E+06,3494013,3494012,0,630200
100,3.38E+08,7.08E+06,3494022,3494023,0,586850
100,3.20E+08,7.42E+06,3494056,3494055,0,532250
100,3.38E+08,7.39E+06,3494129,3494129,0,582500
100,3.38E+08,7.08E+06,3494133,3494133,0,610000
100,3.38E+08,7.08E+06,3494142,3494142,0,608100
100,3.38E+08,7.08E+06,3494192,3494192,0,607350
100,3.38E+08,7.08E+06,3494197,3494196,0,642650
100,3.38E+08,7.08E+06,3494222,3494220,0,610900
100,3.38E+08,7.08E+06,3494231,3494231,0,586850
100,3.38E+08,7.08E+06,3494233,3494233,0,617150
100,3.38E+08,7.08E+06,3494254,3494253,0,608500
100,3.38E+08,7.08E+06,3494270,3494270,0,620950
100,3.38E+08,7.08E+06,3494311,3494311,0,630200
100,3.38E+08,7.08E+06,3494372,3494372,0,623100
100,3.38E+08,7.08E+06,3494381,3494376,0,639100
100,3.38E+08,7.08E+06,3494388,3494389,0,610000
100,3.15E+08,7.29E+06,3494397,3494396,0,518250
100,3.38E+08,7.08E+06,3494464,3494464,0,642650
100,3.38E+08,7.08E+06,3494468,3494468,0,630200
100,3.38E+08,7.08E+06,3494511,3494511,0,617150
100,3.38E+08,7.42E+06,3494646,3494646,0,580850
100,3.38E+08,7.08E+06,3494655,3494652,0,620150
100,3.38E+08,7.08E+06,3494710,3494710,0,610000
100,3.38E+08,7.08E+06,3494769,3494771,0,630200
100,3.38E+08,7.08E+06,3494808,3494808,0,616500
100,3.38E+08,7.08E+06,3494835,3494836,0,630200
100,3.37E+08,7.06E+06,3494911,3494912,0,576500
100,3.38E+08,7.08E+06,3494930,3494928,0,607350
100,3.30E+08,7.07E+06,3494933,3494933,0,557950
100,3.38E+08,7.08E+06,3494973,3494973,0,615650
100,3.38E+08,7.08E+06,3494982,3494978,0,642650
100,3.38E+08,7.08E+06,3494989,3494989,0,610000
100,3.38E+08,7.08E+06,3494989,3494987,0,630200
100,3.24E+08,7.66E+06,3495000,3495001,0,545150
100,3.38E+08,7.08E+06,3495093,3495091,0,630200
100,3.35E+08,7.19E+06,3495097,3495098,0,568700
100,3.38E+08,7.08E+06,3495136,3495135,0,642650
100,3.38E+08,7.08E+06,3495163,3495163,0,600250
100,3.38E+08,7.22E+06,3495169,3495169,0,580600
100,3.38E+08,7.08E+06,3495234,3495234,0,630200
100,3.38E+08,7.08E+06,3495299,3495299,0,586850
100,3.38E+08,7.08E+06,3495350,3495350,0,642650
100,3.38E+08,7.08E+06,3495366,3495361,0,586850
100,3.38E+08,7.08E+06,3495404,3495404,0,608500
100,3.38E+08,7.08E+06,3495415,3495415,0,610000
100,3.38E+08,7.08E+06,3495422,3495424,0,617950
100,3.38E+08,7.08E+06,3495457,3495454,0,623100
100,3.38E+08,7.08E+06,3495462,3495462,0,630200
100,3.38E+08,7.08E+06,3495572,3495572,0,628550
100,3.38E+08,7.08E+06,3495622,3495622,0,630200
100,3.38E+08,7.08E+06,3495681,3495681,0,630100
100,3.18E+08,7.25E+06,3495718,3495719,0,526450
100,3.38E+08,7.08E+06,3495729,3495726,0,630100
100,3.38E+08,7.08E+06,3495743,3495743,0,607350
100,3.38E+08,7.08E+06,3495756,3495757,0,613450
100,3.38E+08,7.08E+06,3495758,3495757,0,615650
100,3.30E+08,7.14E+06,3495801,3495800,0,553200
100,2.90E+08,7.06E+06,3495826,3495826,0,442300
100,3.38E+08,7.08E+06,3495836,3495835,0,617150
100,3.38E+08,7.08E+06,3495908,3495905,0,616850
100,3.35E+08,7.36E+06,3495918,3495915,0,568700
100,3.38E+08,7.08E+06,3495940,3495938,0,630200
100,3.38E+08,7.08E+06,3495966,3495965,0,618300
100,3.38E+08,7.08E+06,3496008,3496008,0,640500
100,3.34E+08,7.22E+06,3496104,3496104,0,566100
100,3.38E+08,7.08E+06,3496153,3496154,0,628550
100,3.38E+08,7.08E+06,3496154,3496154,0,616850
100,3.38E+08,7.08E+06,3496166,3496164,0,630200
100,3.38E+08,7.08E+06,3496226,3496226,0,594100
100,3.38E+08,7.08E+06,3496239,3496237,0,617950
100,3.38E+08,7.08E+06,3496242,3496241,0,630200
100,3.38E+08,7.08E+06,3496253,3496252,0,610850
100,3.38E+08,7.08E+06,3496256,3496255,0,630200
100,3.38E+08,7.08E+06,3496288,3496286,0,610000
100,3.38E+08,7.08E+06,3496294,3496294,0,586850
100,3.38E+08,7.08E+06,3496327,3496328,0,639100
100,3.38E+08,7.08E+06,3496370,3496372,0,620150
100,3.30E+08,7.50E+06,3496380,3496378,0,553200
100,3.38E+08,7.08E+06,3496397,3496397,0,607350
100,3.38E+08,7.08E+06,3496434,3496434,0,621100
100,3.38E+08,7.08E+06,3496464,3496466,0,582500
100,3.38E+08,7.08E+06,3496488,3496487,0,639100
100,3.38E+08,7.08E+06,3496534,3496534,0,638900
100,3.38E+08,7.08E+06,3496574,3496574,0,626650
100,3.38E+08,7.08E+06,3496640,3496641,0,613450
100,3.38E+08,7.08E+06,3496670,3496670,0,630200
100,3.38E+08,7.08E+06,3496682,3496682,0,586850
100,3.38E+08,7.08E+06,3496701,3496701,0,607350
100,3.38E+08,7.08E+06,3496730,3496731,0,630200
100,3.38E+08,7.08E+06,3496734,3496734,0,607350
100,3.38E+08,7.08E+06,3496775,3496776,0,630200
100,3.32E+08,7.26E+06,3496813,3496810,0,559450
100,3.38E+08,7.08E+06,3496818,3496819,0,619250
100,3.38E+08,7.43E+06,3496836,3496834,0,580600
100,3.38E+08,7.08E+06,3496906,3496904,0,630100
100,3.38E+08,7.08E+06,3497050,3497049,0,610000
100,3.38E+08,7.08E+06,3497075,3497072,0,621600
100,3.38E+08,7.08E+06,3497080,3497080,0,617600
100,3.34E+08,7.58E+06,3497147,3497148,0,567400
100,3.38E+08,7.08E+06,3497158,3497158,0,617150
100,3.38E+08,7.08E+06,3497225,3497225,0,586850
100,3.38E+08,7.08E+06,3497293,3497293,0,630200
100,3.38E+08,7.08E+06,3497298,3497299,0,630200
100,3.38E+08,7.08E+06,3497308,3497307,0,586850
100,3.38E+08,7.08E+06,3497322,3497319,0,638900
100,3.30E+08,7.08E+06,3497376,3497377,0,553200
100,3.38E+08,7.08E+06,3497379,3497379,0,608300
100,3.38E+08,7.08E+06,3497388,3497389,0,603700
100,3.38E+08,7.08E+06,3497450,3497451,0,603700
100,3.38E+08,7.08E+06,3497468,3497469,0,617950
100,3.32E+08,7.19E+06,3497470,3497471,0,561950
100,3.38E+08,7.08E+06,3497470,3497467,0,630200
100,3.38E+08,7.08E+06,3497506,3497506,0,617150
100,3.38E+08,7.08E+06,3497507,3497504,0,586850
100,3.38E+08,7.08E+06,3497508,3497508,0,607350
100,3.30E+08,7.58E+06,3497558,3497556,0,553200
100,3.38E+08,7.08E+06,3497592,3497589,0,644850
100,3.38E+08,7.08E+06,3497617,3497619,0,638900
100,3.38E+08,7.08E+06,3497632,3497632,0,617150
100,3.38E+08,7.08E+06,3497632,3497631,0,638900
100,3.38E+08,7.08E+06,3497663,3497663,0,610000
100,3.38E+08,7.08E+06,3497728,3497724,0,638900
100,3.38E+08,7.08E+06,3497776,3497778,0,638900
100,3.38E+08,7.08E+06,3497778,3497781,0,586850
100,3.38E+08,7.08E+06,3497852,3497852,0,608500
100,3.38E+08,7.08E+06,3497872,3497872,0,609950
100,3.38E+08,7.08E+06,3497885,3497885,0,609950
100,3.38E+08,7.08E+06,3497902,3497903,0,610000
100,3.38E+08,7.08E+06,3497966,3497966,0,630200
100,3.38E+08,7.08E+06,3497996,3497996,0,606400
100,3.38E+08,7.08E+06,3498104,3498104,0,586850
100,3.38E+08,7.08E+06,3498120,3498120,0,607350
100,3.28E+08,7.28E+06,3498123,3498121,0,549100
100,3.38E+08,7.08E+06,3498133,3498132,0,585200
100,3.38E+08,7.08E+06,3498133,3498133,0,626650
100,3.29E+08,7.13E+06,3498171,3498171,0,551050
100,3.30E+08,7.32E+06,3498265,3498259,0,553200
100,3.38E+08,7.08E+06,3498310,3498310,0,606400
100,3.38E+08,7.08E+06,3498325,3498323,0,640500
100,3.38E+08,7.08E+06,3498332,3498332,0,610950
100,3.38E+08,7.08E+06,3498347,3498347,0,620150
100,3.18E+08,7.47E+06,3498411,3498412,0,526250
100,3.38E+08,7.08E+06,3498465,3498465,0,623100
100,3.38E+08,7.08E+06,3498467,3498467,0,582500
100,3.38E+08,7.08E+06,3498511,3498511,0,607350
100,3.38E+08,7.08E+06,3498552,3498551,0,630200
100,3.34E+08,7.35E+06,3498580,3498582,0,567400
100,3.38E+08,7.08E+06,3498707,3498705,0,606400
100,3.31E+08,7.19E+06,3498724,3498724,0,557950
100,3.38E+08,7.08E+06,3498739,3498739,0,618300
100,3.38E+08,7.08E+06,3498763,3498759,0,586850
100,3.38E+08,7.08E+06,3498765,3498765,0,608100
100,3.38E+08,7.08E+06,3498846,3498845,0,640900
100,3.30E+08,7.45E+06,3498848,3498850,0,553200
100,3.38E+08,7.08E+06,3498857,3498856,0,630200
100,3.38E+08,7.08E+06,3498874,3498876,0,586850
100,3.38E+08,7.08E+06,3498881,3498881,0,626650
100,3.38E+08,7.08E+06,3498884,3498883,0,630200
100,3.38E+08,7.08E+06,3498933,3498932,0,586850
100,3.38E+08,7.08E+06,3498936,3498934,0,638150
100,3.38E+08,7.08E+06,3498961,3498961,0,610000
100,3.38E+08,7.08E+06,3498981,3498981,0,639100
100,3.38E+08,7.08E+06,3499030,3499028,0,623100
100,3.38E+08,7.08E+06,3499035,3499034,0,594100
100,3.38E+08,7.08E+06,3499108,3499111,0,582500
100,3.38E+08,7.08E+06,3499125,3499125,0,586850
100,3.38E+08,7.08E+06,3499235,3499236,0,613850
100,3.38E+08,7.17E+06,3499236,3499233,0,580850
100,3.38E+08,7.08E+06,3499245,3499248,0,586850
100,3.38E+08,7.08E+06,3499373,3499372,0,607350
100,3.38E+08,7.08E+06,3499380,3499380,0,620150
100,3.38E+08,7.08E+06,3499380,3499381,0,644850
100,3.38E+08,7.08E+06,3499399,3499395,0,618300
100,3.38E+08,7.08E+06,3499405,3499402,0,630200
100,3.38E+08,7.08E+06,3499427,3499430,0,617950
100,3.24E+08,7.70E+06,3499433,3499435,0,545150
100,3.38E+08,7.08E+06,3499451,3499450,0,582500
100,3.38E+08,7.08E+06,3499471,3499471,0,608500
100,3.38E+08,7.08E+06,3499497,3499498,0,613450
100,3.31E+08,7.45E+06,3499595,3499593,0,557950
100,3.38E+08,7.08E+06,3499602,3499602,0,609950
100,3.38E+08,7.08E+06,3499605,3499602,0,613450
100,3.38E+08,7.08E+06,3499732,3499732,0,619250
100,3.32E+08,7.19E+06,3499736,3499736,0,562000
100,3.38E+08,7.44E+06,3499741,3499741,0,582500
100,3.38E+08,7.08E+06,3499746,3499746,0,586150
100,3.38E+08,7.08E+06,3499775,3499775,0,630200
100,3.38E+08,7.08E+06,3499797,3499796,0,608500
100,3.38E+08,7.08E+06,3499799,3499798,0,610850
100,3.34E+08,7.08E+06,3499816,3499814,0,566150
100,3.38E+08,7.08E+06,3499823,3499820,0,586850
100,3.38E+08,7.08E+06,3499827,3499827,0,630200
100,3.34E+08,7.52E+06,3499843,3499845,0,567400
100,3.38E+08,7.08E+06,3499846,3499846,0,586850
100,3.38E+08,7.08E+06,3499867,3499867,0,630200
100,3.31E+08,7.31E+06,3499883,3499883,0,557950
100,3.38E+08,7.08E+06,3499908,3499908,0,630200
100,3.38E+08,7.08E+06,3499911,3499911,0,610000
100,3.38E+08,7.08E+06,3499979,3499979,0,586850
100,3.38E+08,7.08E+06,3500001,3500001,0,610000
100,3.38E+08,7.08E+06,3500045,3500045,0,619250
100,3.18E+08,7.48E+06,3500060,3500064,0,527200
100,3.38E+08,7.08E+06,3500071,3500071,0,610900
100,3.38E+08,7.08E+06,3500087,3500088,0,630100
100,3.29E+08,7.57E+06,3500095,3500094,0,551050
100,3.38E+08,7.08E+06,3500120,3500120,0,610000
100,3.28E+08,7.40E+06,3500136,3500134,0,548950
100,3.38E+08,7.08E+06,3500146,3500146,0,586850
100,3.38E+08,7.08E+06,3500163,3500163,0,638900
100,3.30E+08,7.20E+06,3500241,3500239,0,553200
100,3.38E+08,7.08E+06,3500399,3500399,0,616500
100,3.38E+08,7.08E+06,3500440,3500440,0,613450
100,3.38E+08,7.08E+06,3500454,3500453,0,618300
100,3.38E+08,7.08E+06,3500504,3500504,0,630100
100,3.38E+08,7.08E+06,3500518,3500520,0,644850
100,3.38E+08,7.08E+06,3500527,3500527,0,621700
100,3.38E+08,7.08E+06,3500555,3500554,0,617950
100,3.38E+08,7.08E+06,3500599,3500600,0,582500
100,3.38E+08,7.08E+06,3500640,3500640,0,610850
100,3.34E+08,7.31E+06,3500660,3500660,0,566150
100,3.38E+08,7.08E+06,3500717,3500717,0,609950
100,3.38E+08,7.08E+06,3500728,3500727,0,639100
100,3.16E+08,7.35E+06,3500789,3500786,0,519950
100,3.36E+08,7.25E+06,3500810,3500810,0,573700
100,3.28E+08,7.50E+06,3500822,3500822,0,549100
100,3.38E+08,7.08E+06,3500838,3500838,0,617950
100,3.38E+08,7.08E+06,3500869,3500868,0,616850
100,3.38E+08,7.08E+06,3500877,3500877,0,618300
100,3.38E+08,7.08E+06,3500892,3500891,0,620150
100,3.18E+08,7.39E+06,3500917,3500913,0,527200
100,3.38E+08,7.08E+06,3500939,3500940,0,607350
100,3.38E+08,7.08E+06,3500944,3500946,0,620950
100,3.38E+08,7.08E+06,3500975,3500976,0,617950
100,3.38E+08,7.08E+06,3500976,3500978,0,613450
100,3.18E+08,7.16E+06,3500987,3500985,0,527200
100,3.38E+08,7.08E+06,3501004,3500997,0,600300
100,3.38E+08,7.08E+06,3501014,3501014,0,628550
100,3.38E+08,7.08E+06,3501015,3501013,0,616850
100,3.38E+08,7.08E+06,3501051,3501051,0,630200
100,3.38E+08,7.08E+06,3501073,3501073,0,626650
100,3.38E+08,7.08E+06,3501074,3501074,0,594100
100,3.38E+08,7.08E+06,3501110,3501110,0,586850
100,3.32E+08,7.28E+06,3501129,3501131,0,562000
100,3.38E+08,7.08E+06,3501132,3501134,0,603700
100,3.38E+08,7.08E+06,3501134,3501132,0,630200
100,3.38E+08,7.08E+06,3501140,3501139,0,630200
100,3.38E+08,7.08E+06,3501170,3501167,0,618300
100,3.38E+08,7.08E+06,3501201,3501202,0,613450
100,3.38E+08,7.08E+06,3501205,3501205,0,630200
100,3.38E+08,7.08E+06,3501225,3501221,0,628550
100,3.38E+08,7.08E+06,3501295,3501295,0,619250
100,3.38E+08,7.08E+06,3501329,3501331,0,626650
100,3.38E+08,7.08E+06,3501342,3501344,0,610000
100,3.34E+08,7.28E+06,3501374,3501374,0,567400
100,3.18E+08,7.28E+06,3501411,3501410,0,527200
100,3.38E+08,7.08E+06,3501429,3501425,0,582500
100,3.38E+08,7.08E+06,3501433,3501434,0,638900
100,3.38E+08,7.08E+06,3501481,3501482,0,586850
100,3.25E+08,7.37E+06,3501591,3501591,0,545150
100,3.38E+08,7.08E+06,3501614,3501615,0,630200
100,3.38E+08,7.08E+06,3501636,3501637,0,607350
100,3.38E+08,7.08E+06,3501649,3501647,0,617950
100,3.24E+08,7.34E+06,3501650,3501650,0,545150
100,3.38E+08,7.08E+06,3501699,3501701,0,630100
100,3.38E+08,7.08E+06,3501731,3501730,0,630200
100,3.38E+08,7.08E+06,3501746,3501746,0,603700
100,3.38E+08,7.08E+06,3501751,3501751,0,610850
100,3.38E+08,7.08E+06,3501754,3501754,0,606400
100,3.38E+08,7.45E+06,3501766,3501768,0,580600
100,3.38E+08,7.08E+06,3501812,3501812,0,603700
100,3.38E+08,7.08E+06,3501822,3501817,0,616850
100,3.38E+08,7.08E+06,3501836,3501835,0,623100
100,3.38E+08,7.08E+06,3501837,3501837,0,639100
100,3.38E+08,7.08E+06,3501847,3501845,0,621600
100,3.38E+08,7.08E+06,3501851,3501851,0,607350
100,3.38E+08,7.08E+06,3501858,3501855,0,585200
100,3.38E+08,7.08E+06,3501867,3501867,0,623100
100,3.38E+08,7.08E+06,3501896,3501896,0,610000
100,3.38E+08,7.08E+06,3501910,3501910,0,617150
100,3.38E+08,7.11E+06,3501924,3501923,0,580850
100,3.38E+08,7.08E+06,3501931,3501931,0,638150
100,3.38E+08,7.08E+06,3501933,3501932,0,644850
100,3.38E+08,7.08E+06,3501960,3501959,0,610850
100,3.38E+08,7.22E+06,3501998,3501999,0,582500
100,3.38E+08,7.08E+06,3502003,3502003,0,644850
100,3.38E+08,7.08E+06,3502010,3502009,0,609950
100,3.38E+08,7.08E+06,3502023,3502024,0,638900
100,3.34E+08,7.34E+06,3502034,3502032,0,567400
100,3.38E+08,7.08E+06,3502043,3502042,0,618450
100,3.38E+08,7.08E+06,3502053,3502055,0,640900
100,3.38E+08,7.08E+06,3502056,3502057,0,594100
100,3.38E+08,7.08E+06,3502114,3502113,0,639100
100,3.38E+08,7.08E+06,3502122,3502122,0,626650
100,3.38E+08,7.27E+06,3502131,3502132,0,582500
100,3.38E+08,7.08E+06,3502148,3502148,0,613450
100,3.38E+08,7.08E+06,3502160,3502162,0,616850
100,3.38E+08,7.08E+06,3502172,3502173,0,638900
100,3.38E+08,7.08E+06,3502182,3475774,0,623100
100,3.38E+08,7.08E+06,3502184,3502184,0,638900
100,3.38E+08,7.08E+06,3502194,3502195,0,630200
100,3.38E+08,7.08E+06,3502201,3502201,0,630200
100,3.38E+08,7.08E+06,3502209,3502209,0,618300
100,3.38E+08,7.08E+06,3502215,3502215,0,586850
100,3.29E+08,7.36E+06,3502218,3502218,0,551250
100,3.38E+08,7.08E+06,3502222,3502220,0,638900
100,3.38E+08,7.08E+06,3502229,3502229,0,621700
100,3.38E+08,7.08E+06,3502238,3502238,0,630200
100,3.38E+08,7.08E+06,3502293,3502293,0,586850
100,3.38E+08,7.08E+06,3502309,3502309,0,610900
100,3.38E+08,7.08E+06,3502352,3502352,0,630200
100,3.38E+08,7.08E+06,3502358,3502358,0,630200
100,3.38E+08,7.08E+06,3502413,3502409,0,618450
100,3.38E+08,7.08E+06,3502472,3502472,0,607350
100,3.38E+08,7.08E+06,3502497,3502495,0,630100
100,3.38E+08,7.08E+06,3502506,3502503,0,630200
100,3.38E+08,7.08E+06,3502577,3502579,0,586850
100,3.38E+08,7.08E+06,3502583,3502579,0,640500
100,3.38E+08,7.08E+06,3502638,3502638,0,630200
100,3.38E+08,7.08E+06,3502717,3502717,0,607350
100,3.38E+08,7.08E+06,3502727,3502725,0,586850
100,2.91E+08,7.15E+06,3502739,3502739,0,444900
100,3.38E+08,7.08E+06,3502828,3502829,0,619250
100,3.38E+08,7.08E+06,3502893,3502894,0,638900
100,3.18E+08,7.46E+06,3502896,3502896,0,526250
100,3.38E+08,7.08E+06,3502905,3502905,0,608500
100,3.38E+08,7.08E+06,3502909,3502909,0,586850
100,3.38E+08,7.08E+06,3502914,3502913,0,586850
100,3.38E+08,7.08E+06,3502935,3502931,0,630200
100,3.38E+08,7.08E+06,3502962,3502962,0,613450
100,3.38E+08,7.08E+06,3503003,3503002,0,610850
100,3.30E+08,7.10E+06,3503109,3503109,0,553200
100,3.28E+08,7.15E+06,3503139,3503141,0,546950
100,3.38E+08,7.08E+06,3503147,3503143,0,630200
100,3.34E+08,7.50E+06,3503176,3503178,0,566150
100,3.31E+08,7.20E+06,3503199,3503199,0,558100
100,3.38E+08,7.08E+06,3503209,3503212,0,630200
100,3.38E+08,7.08E+06,3503211,3503211,0,619250
100,3.38E+08,7.08E+06,3503229,3503229,0,586850
100,3.05E+08,7.42E+06,3503235,3503235,0,482400
100,3.38E+08,7.08E+06,3503305,3503305,0,621100
100,3.18E+08,7.61E+06,3503385,3503386,0,526250
100,3.38E+08,7.08E+06,3503401,3503401,0,630200
100,3.38E+08,7.08E+06,3503411,3503411,0,607350
100,3.38E+08,7.08E+06,3503420,3503422,0,630200
100,3.38E+08,7.08E+06,3503513,3503507,0,630200
100,3.38E+08,7.08E+06,3503581,3503579,0,617950
100,3.34E+08,7.30E+06,3503582,3503580,0,567400
100,3.38E+08,7.08E+06,3503611,3503610,0,630200
100,3.38E+08,7.08E+06,3503623,3503622,0,619250
100,3.38E+08,7.08E+06,3503649,3503647,0,630200
100,3.27E+08,7.20E+06,3503655,3503657,0,545550
100,3.38E+08,7.08E+06,3503676,3503674,0,630100
100,3.38E+08,7.08E+06,3503681,3503677,0,638900
100,3.24E+08,7.78E+06,3503701,3503703,0,545150
100,3.38E+08,7.08E+06,3503703,3503701,0,613450
100,3.38E+08,7.08E+06,3503747,3503742,0,617150
100,3.31E+08,7.58E+06,3503753,3503756,0,557950
100,3.38E+08,7.08E+06,3503791,3503791,0,630200
100,3.38E+08,7.08E+06,3503824,3503824,0,617600
100,3.38E+08,7.08E+06,3503870,3503869,0,638150
100,3.38E+08,7.08E+06,3503927,3503926,0,617950
100,3.38E+08,7.08E+06,3503955,3503955,0,620150
100,3.36E+08,7.12E+06,3503966,3503964,0,573700
100,3.38E+08,7.08E+06,3503982,3503983,0,594100
100,3.38E+08,7.08E+06,3503992,3503992,0,630200
100,3.38E+08,7.08E+06,3504014,3504014,0,582500
100,3.38E+08,7.08E+06,3504032,3504031,0,627000
100,3.38E+08,7.08E+06,3504056,3504054,0,640500
100,3.38E+08,7.08E+06,3504060,3504061,0,582500
100,3.38E+08,7.08E+06,3504095,3504093,0,619250
100,3.38E+08,7.08E+06,3504112,3504112,0,615450
100,3.27E+08,7.72E+06,3504153,3504155,0,545200
100,3.38E+08,7.08E+06,3504167,3504167,0,603700
100,3.38E+08,7.08E+06,3504171,3504170,0,638150
100,3.38E+08,7.08E+06,3504181,3504183,0,610000
100,3.18E+08,7.58E+06,3504187,3504186,0,527200
100,3.38E+08,7.08E+06,3504256,3504256,0,630200
100,3.38E+08,7.08E+06,3504259,3504259,0,613450
100,3.38E+08,7.08E+06,3504297,3504297,0,608500
100,3.38E+08,7.08E+06,3504300,3504300,0,623100
100,3.38E+08,7.08E+06,3504307,3504306,0,586850
100,3.38E+08,7.08E+06,3504310,3504309,0,610000
100,3.38E+08,7.08E+06,3504325,3504325,0,630200
100,3.38E+08,7.08E+06,3504367,3504368,0,642650
100,3.38E+08,7.08E+06,3504391,3504392,0,638900
100,3.35E+08,7.42E+06,3504423,3504423,0,569550
100,3.38E+08,7.08E+06,3504439,3504444,0,638150
100,3.38E+08,7.08E+06,3504459,3504461,0,586850
100,3.38E+08,7.08E+06,3504470,3504470,0,606400
100,3.38E+08,7.08E+06,3504493,3504493,0,616850
100,3.38E+08,7.08E+06,3504539,3504540,0,594100
100,3.31E+08,7.47E+06,3504592,3504592,0,557950
100,3.38E+08,7.08E+06,3504618,3504617,0,606200
100,3.38E+08,7.08E+06,3504619,3504618,0,610000
100,3.38E+08,7.08E+06,3504621,3504620,0,616850
100,3.38E+08,7.08E+06,3504626,3504628,0,630200
100,3.38E+08,7.08E+06,3504636,3504634,0,639100
100,3.38E+08,7.08E+06,3504690,3504690,0,610850
100,3.38E+08,7.08E+06,3504752,3504753,0,618300
100,3.38E+08,7.08E+06,3504795,3504795,0,630200
100,3.38E+08,7.08E+06,3504815,3504816,0,630200
100,3.38E+08,7.08E+06,3504828,3504828,0,630200
100,3.38E+08,7.08E+06,3504832,3504829,0,617950
100,3.38E+08,7.08E+06,3504838,3504838,0,630200
100,3.38E+08,7.08E+06,3504867,3504869,0,617950
100,3.38E+08,7.08E+06,3504872,3504874,0,594100
100,3.26E+08,7.36E+06,3504879,3504881,0,545200
100,3.38E+08,7.08E+06,3504952,3504952,0,610000
100,3.38E+08,7.08E+06,3504991,3504990,0,619250
100,3.38E+08,7.08E+06,3504992,3504993,0,586150
100,3.38E+08,7.08E+06,3505003,3505003,0,630100
100,3.38E+08,7.08E+06,3505008,3505008,0,618300
100,3.38E+08,7.08E+06,3505018,3505020,0,613450
100,3.38E+08,7.08E+06,3505070,3505071,0,586850
100,3.38E+08,7.08E+06,3505085,3505081,0,619250
100,3.38E+08,7.08E+06,3505094,3505094,0,616850
100,3.38E+08,7.08E+06,3505145,3505145,0,620150
100,3.38E+08,7.08E+06,3505154,3505152,0,610000
100,3.28E+08,7.30E+06,3505159,3505160,0,546950
100,3.38E+08,7.08E+06,3505159,3505161,0,630200
100,3.38E+08,7.08E+06,3505183,3505183,0,630100
100,3.38E+08,7.08E+06,3505185,3505184,0,620150
100,3.38E+08,7.08E+06,3505188,3505187,0,617950
100,3.38E+08,7.08E+06,3505192,3505193,0,630200
100,3.38E+08,7.08E+06,3505201,3505202,0,620150
100,3.18E+08,7.32E+06,3505235,3505235,0,526200
100,3.38E+08,7.08E+06,3505311,3505311,0,617950
100,3.38E+08,7.08E+06,3505322,3505322,0,626650
100,3.38E+08,7.08E+06,3505360,3505357,0,582500
100,3.38E+08,7.08E+06,3505362,3505364,0,607350
100,3.25E+08,7.43E+06,3505368,3505369,0,545150
100,3.38E+08,7.08E+06,3505393,3505396,0,594100
100,3.38E+08,7.08E+06,3505404,3505403,0,640500
100,3.38E+08,7.08E+06,3505405,3505407,0,607350
100,3.38E+08,7.08E+06,3505405,3505405,0,610900
100,3.38E+08,7.08E+06,3505430,3505430,0,610950
100,3.38E+08,7.08E+06,3505436,3505436,0,619250
100,3.38E+08,7.08E+06,3505458,3505458,0,639100
100,3.38E+08,7.08E+06,3505472,3505471,0,630200
100,3.38E+08,7.46E+06,3505489,3505488,0,580600
100,3.38E+08,7.08E+06,3505498,3505499,0,630200
100,3.38E+08,7.08E+06,3505592,3505592,0,586850
100,3.34E+08,7.26E+06,3505620,3505620,0,567400
100,3.38E+08,7.08E+06,3505632,3505632,0,639100
100,3.38E+08,7.08E+06,3505638,3505637,0,619250
100,3.38E+08,7.08E+06,3505650,3505651,0,642650
100,3.38E+08,7.08E+06,3505660,3505660,0,618300
100,3.38E+08,7.08E+06,3505756,3505756,0,607350
100,3.38E+08,7.08E+06,3505756,3505756,0,610000
100,3.38E+08,7.08E+06,3505779,3505782,0,586850
100,3.28E+08,7.20E+06,3505807,3505806,0,549100
100,3.38E+08,7.08E+06,3505817,3505814,0,630200
100,3.38E+08,7.08E+06,3505875,3505875,0,613450
100,3.38E+08,7.08E+06,3505881,3505881,0,610850
100,3.38E+08,7.08E+06,3505894,3505894,0,630100
100,3.34E+08,7.14E+06,3505898,3505897,0,567400
100,3.32E+08,7.26E+06,3505911,3505911,0,561950
100,3.38E+08,7.08E+06,3505926,3505927,0,628550
100,3.38E+08,7.08E+06,3505927,3505928,0,586850
100,3.38E+08,7.08E+06,3506005,3506004,0,639100
100,3.38E+08,7.08E+06,3506057,3506057,0,620950
100,3.38E+08,7.08E+06,3506104,3506104,0,630200
100,3.38E+08,7.08E+06,3506147,3506147,0,630100
100,3.38E+08,7.08E+06,3506165,3506165,0,617950
100,3.29E+08,7.55E+06,3506181,3506181,0,551050
100,3.38E+08,7.08E+06,3506196,3506196,0,617150
100,3.38E+08,7.08E+06,3506214,3506214,0,640900
100,3.38E+08,7.08E+06,3506228,3506227,0,610850
100,3.38E+08,7.08E+06,3506279,3506279,0,623100
100,3.38E+08,7.08E+06,3506286,3506286,0,607350
100,3.38E+08,7.08E+06,3506316,3506314,0,610000
100,3.38E+08,7.08E+06,3506338,3506336,0,642650
100,3.36E+08,7.25E+06,3506341,3506341,0,573700
100,3.38E+08,7.08E+06,3506385,3506386,0,617950
100,3.38E+08,7.08E+06,3506389,3506389,0,617150
100,3.30E+08,7.10E+06,3506416,3506414,0,553200
100,3.38E+08,7.08E+06,3506440,3506441,0,626650
100,3.38E+08,7.08E+06,3506475,3506476,0,618450
100,3.38E+08,7.08E+06,3506482,3506484,0,610900
100,3.38E+08,7.08E+06,3506529,3506529,0,586850
100,3.17E+08,7.21E+06,3506536,3506536,0,524100
100,3.38E+08,7.08E+06,3506545,3506544,0,608500
100,3.38E+08,7.08E+06,3506575,3506577,0,630200
100,3.38E+08,7.08E+06,3506590,3506593,0,609950
100,3.30E+08,7.08E+06,3506770,3506770,0,553200
100,3.38E+08,7.08E+06,3506773,3506773,0,613450
100,3.38E+08,7.08E+06,3506802,3506803,0,628550
100,3.38E+08,7.08E+06,3506836,3506836,0,617950
100,3.32E+08,7.12E+06,3506856,3506857,0,559400
100,3.32E+08,7.28E+06,3506860,3506859,0,562000
100,3.38E+08,7.08E+06,3506892,3506888,0,613450
100,3.34E+08,7.13E+06,3506896,3506898,0,566100
100,3.38E+08,7.08E+06,3506917,3506917,0,615450
100,3.38E+08,7.08E+06,3506957,3506958,0,618050
100,3.38E+08,7.08E+06,3506963,3506963,0,610000
100,3.38E+08,7.08E+06,3506969,3506967,0,630100
100,3.08E+08,7.11E+06,3506983,3506985,0,493400
100,3.38E+08,7.08E+06,3506991,3506990,0,644850
100,3.38E+08,7.08E+06,3507018,3507018,0,618300
100,3.38E+08,7.08E+06,3507036,3507036,0,606400
100,3.38E+08,7.08E+06,3507092,3507092,0,607350
100,3.38E+08,7.08E+06,3507147,3507147,0,608500
100,3.38E+08,7.08E+06,3507161,3507159,0,607350
100,3.25E+08,7.33E+06,3507199,3507199,0,545150
100,3.38E+08,7.08E+06,3507199,3507196,0,617950
100,3.38E+08,7.08E+06,3507260,3507259,0,630200
100,3.38E+08,7.08E+06,3507277,3507277,0,630200
100,3.38E+08,7.08E+06,3507279,3507279,0,630100
100,3.31E+08,7.10E+06,3507340,3507334,0,558100
100,3.38E+08,7.08E+06,3507369,3507367,0,610000
100,3.25E+08,7.24E+06,3507375,3507375,0,545150
100,3.38E+08,7.08E+06,3507402,3507402,0,639100
100,3.38E+08,7.08E+06,3507403,3507403,0,642650
100,3.38E+08,7.08E+06,3507435,3507435,0,610950
100,3.38E+08,7.08E+06,3507445,3507446,0,620950
100,3.38E+08,7.08E+06,3507446,3507446,0,620950
100,3.38E+08,7.08E+06,3507464,3507465,0,623100
100,3.38E+08,7.08E+06,3507533,3507533,0,644850
100,3.38E+08,7.08E+06,3507544,3507543,0,630200
100,3.38E+08,7.08E+06,3507559,3507559,0,608100
100,3.28E+08,7.25E+06,3507584,3507583,0,549100
100,3.28E+08,7.18E+06,3507598,3507595,0,548900
100,3.35E+08,7.24E+06,3507616,3507615,0,568700
100,3.38E+08,7.08E+06,3507630,3507631,0,606400
100,3.38E+08,7.08E+06,3507687,3507687,0,586850
100,3.38E+08,7.08E+06,3507701,3507697,0,630200
100,3.35E+08,7.24E+06,3507719,3507717,0,569550
100,3.38E+08,7.08E+06,3507747,3507747,0,618450
100,3.38E+08,7.08E+06,3507757,3507757,0,620950
100,3.32E+08,7.18E+06,3507765,3507765,0,559400
100,3.38E+08,7.08E+06,3507821,3507821,0,617150
100,3.38E+08,7.08E+06,3507829,3507829,0,642650
100,3.38E+08,7.08E+06,3507837,3507838,0,607350
100,3.38E+08,7.08E+06,3507841,3507841,0,630100
100,2.96E+08,7.47E+06,3507851,3507851,0,456400
100,3.38E+08,7.08E+06,3507961,3507961,0,586850
100,3.38E+08,7.08E+06,3507981,3507982,0,618300
100,3.38E+08,7.08E+06,3507993,3507993,0,609950
100,3.38E+08,7.08E+06,3508010,3508010,0,626650
100,3.38E+08,7.08E+06,3508027,3508028,0,586850
100,3.38E+08,7.08E+06,3508033,3508033,0,610000
100,3.38E+08,7.08E+06,3508046,3508046,0,630100
100,3.38E+08,7.08E+06,3508135,3508135,0,613450
100,3.38E+08,7.08E+06,3508216,3508217,0,639100
100,3.38E+08,7.08E+06,3508242,3508242,0,613450
100,3.38E+08,7.08E+06,3508247,3508247,0,640500
100,3.38E+08,7.08E+06,3508248,3508245,0,623100
100,3.38E+08,7.08E+06,3508265,3508265,0,617950
100,3.35E+08,7.27E+06,3508344,3508344,0,568700
100,3.38E+08,7.08E+06,3508351,3508351,0,586850
100,3.38E+08,7.08E+06,3508398,3508398,0,617150
100,3.30E+08,7.12E+06,3508481,3508481,0,553200
100,3.38E+08,7.08E+06,3508482,3508483,0,642650
100,3.38E+08,7.08E+06,3508515,3508515,0,617150
100,3.38E+08,7.08E+06,3508590,3508590,0,644850
100,3.38E+08,7.08E+06,3508593,3508592,0,630100
100,3.38E+08,7.08E+06,3508613,3508613,0,623100
100,3.38E+08,7.08E+06,3508614,3508614,0,594100
100,3.38E+08,7.08E+06,3508616,3508615,0,630100
100,3.34E+08,7.08E+06,3508618,3508620,0,567400
100,3.38E+08,7.08E+06,3508640,3508640,0,623100
100,3.38E+08,7.08E+06,3508641,3508641,0,639100
100,3.38E+08,7.08E+06,3508696,3508693,0,639100
100,3.38E+08,7.08E+06,3508733,3508732,0,630200
100,3.38E+08,7.08E+06,3508746,3508745,0,638900
100,3.38E+08,7.08E+06,3508771,3508772,0,586850
100,3.38E+08,7.08E+06,3508779,3508779,0,607350
100,3.38E+08,7.08E+06,3508791,3508791,0,621600
100,3.38E+08,7.08E+06,3508798,3508797,0,610000
100,3.38E+08,7.08E+06,3508839,3508840,0,638150
100,3.38E+08,7.08E+06,3508849,3508850,0,619250
100,3.38E+08,7.08E+06,3508886,3508886,0,608500
100,3.38E+08,7.08E+06,3508907,3508910,0,640500
100,3.38E+08,7.08E+06,3508921,3508919,0,644850
100,3.38E+08,7.08E+06,3508941,3508941,0,630100
100,3.38E+08,7.08E+06,3508947,3508948,0,630200
100,2.97E+08,7.42E+06,3508953,3508955,0,460600
100,3.38E+08,7.08E+06,3508965,3508968,0,640500
100,3.38E+08,7.08E+06,3509001,3509002,0,608500
100,3.38E+08,7.08E+06,3509015,3509015,0,613450
100,3.38E+08,7.08E+06,3509059,3509059,0,607350
100,3.32E+08,7.18E+06,3509062,3509061,0,559450
100,3.38E+08,7.08E+06,3509071,3509071,0,623100
100,3.34E+08,7.17E+06,3509098,3509098,0,566100
100,3.38E+08,7.08E+06,3509122,3509125,0,603700
100,3.34E+08,7.41E+06,3509163,3509163,0,566150
100,3.38E+08,7.08E+06,3509165,3509167,0,619250
100,3.38E+08,7.08E+06,3509226,3509226,0,630200
100,3.37E+08,7.58E+06,3509233,3509232,0,576500
100,3.38E+08,7.08E+06,3509260,3509261,0,630200
100,3.38E+08,7.08E+06,3509276,3509271,0,616850
100,3.38E+08,7.08E+06,3509310,3509307,0,617950
100,3.11E+08,7.68E+06,3509341,3509332,0,503800
100,3.38E+08,7.08E+06,3509344,3509342,0,638900
100,3.38E+08,7.08E+06,3509345,3509343,0,586850
100,3.32E+08,7.17E+06,3509351,3509351,0,561950
100,3.38E+08,7.08E+06,3509390,3509390,0,608100
100,3.38E+08,7.08E+06,3509399,3509400,0,642650
100,3.31E+08,7.23E+06,3509414,3509414,0,557950
100,3.25E+08,7.75E+06,3509426,3509426,0,545150
100,3.38E+08,7.08E+06,3509438,3509438,0,608100
100,3.28E+08,8.02E+06,3509446,3509446,0,548550
100,3.38E+08,7.08E+06,3509453,3509449,0,621700
100,3.32E+08,7.19E+06,3509458,3509458,0,559400
100,3.38E+08,7.08E+06,3509483,3509483,0,616500
100,3.38E+08,7.08E+06,3509490,3509490,0,630200
100,3.38E+08,7.08E+06,3509525,3509525,0,617150
100,3.27E+08,7.40E+06,3509583,3509585,0,545200
100,3.38E+08,7.08E+06,3509618,3509618,0,630200
100,3.38E+08,7.08E+06,3509694,3509697,0,618450
100,3.38E+08,7.08E+06,3509746,3509745,0,630200
100,3.31E+08,7.13E+06,3509785,3509785,0,557950
100,3.38E+08,7.08E+06,3509793,3509793,0,610850
100,3.38E+08,7.08E+06,3509813,3509811,0,638900
100,3.38E+08,7.08E+06,3509816,3509817,0,586850
100,3.34E+08,7.43E+06,3509833,3509833,0,567400
100,3.38E+08,7.08E+06,3509861,3509861,0,630200
100,3.18E+08,7.42E+06,3509869,3509869,0,526250
100,2.97E+08,7.34E+06,3509883,3509883,0,460600
100,3.38E+08,7.08E+06,3509909,3509909,0,638900
100,3.38E+08,7.08E+06,3509936,3509937,0,586850
100,3.31E+08,7.37E+06,3509962,3509962,0,558100
100,3.38E+08,7.08E+06,3509995,3509997,0,630100
100,3.38E+08,7.08E+06,3510014,3510013,0,610000
100,3.28E+08,7.63E+06,3510022,3510022,0,546950
100,3.38E+08,7.08E+06,3510054,3510049,0,613450
100,3.34E+08,7.20E+06,3510072,3510072,0,567400
100,2.94E+08,7.41E+06,3510144,3510145,0,449000
100,3.34E+08,7.19E+06,3510269,3510267,0,567400
100,3.38E+08,7.08E+06,3510284,3510284,0,606200
100,3.38E+08,7.08E+06,3510303,3510302,0,630200
100,3.38E+08,7.08E+06,3510305,3510305,0,626650
100,3.38E+08,7.08E+06,3510315,3510315,0,616500
100,3.38E+08,7.08E+06,3510350,3510349,0,617150
100,3.31E+08,7.38E+06,3510355,3510355,0,558100
100,3.38E+08,7.08E+06,3510370,3510369,0,610000
100,3.31E+08,7.19E+06,3510427,3510428,0,557950
100,3.38E+08,7.08E+06,3510459,3510461,0,618300
100,3.12E+08,7.18E+06,3510490,3510488,0,505700
100,3.38E+08,7.08E+06,3510493,3510490,0,610000
100,3.38E+08,7.08E+06,3510545,3510543,0,610000
100,3.38E+08,7.08E+06,3510553,3510551,0,615450
100,3.34E+08,7.07E+06,3510556,3510556,0,567400
100,3.30E+08,7.44E+06,3510582,3510578,0,553200
100,3.38E+08,7.35E+06,3510628,3510628,0,580850
100,3.38E+08,7.08E+06,3510664,3510667,0,582500
100,3.38E+08,7.08E+06,3510667,3510667,0,639100
100,3.38E+08,7.08E+06,3510693,3510694,0,626650
100,3.38E+08,7.08E+06,3510710,3510710,0,630200
100,3.38E+08,7.08E+06,3510712,3510710,0,628550
100,3.38E+08,7.08E+06,3510762,3510763,0,639100
100,3.38E+08,7.08E+06,3510789,3510790,0,644850
100,3.38E+08,7.08E+06,3510795,3510793,0,642650
100,3.38E+08,7.08E+06,3510803,3510804,0,618300
100,3.35E+08,7.51E+06,3510811,3510813,0,569550
100,3.38E+08,7.08E+06,3510820,3510814,0,621700
100,3.38E+08,7.08E+06,3510831,3510829,0,603700
100,3.38E+08,7.08E+06,3510833,3510832,0,640500
100,3.38E+08,7.08E+06,3510858,3510856,0,630200
100,3.38E+08,7.08E+06,3510879,3510876,0,626650
100,3.38E+08,7.08E+06,3510942,3510942,0,617950
100,3.38E+08,7.08E+06,3511002,3511002,0,630200
100,3.38E+08,7.08E+06,3511004,3511005,0,640500
100,3.38E+08,7.08E+06,3511024,3511024,0,617950
100,3.38E+08,7.08E+06,3511041,3511041,0,630200
100,3.30E+08,7.70E+06,3511052,3511054,0,553200
100,3.34E+08,7.17E+06,3511055,3511050,0,566100
100,3.38E+08,7.08E+06,3511073,3511073,0,638150
100,3.38E+08,7.08E+06,3511076,3511077,0,607350
100,3.38E+08,7.08E+06,3511086,3511086,0,630200
100,3.38E+08,7.08E+06,3511091,3511091,0,586850
100,3.29E+08,7.51E+06,3511098,3511100,0,551050
100,3.38E+08,7.08E+06,3511137,3511139,0,610000
100,3.38E+08,7.08E+06,3511150,3511150,0,639100
100,3.38E+08,7.08E+06,3511165,3511160,0,615450
100,3.38E+08,7.08E+06,3511189,3511187,0,620950
100,3.38E+08,7.08E+06,3511192,3511192,0,630100
100,3.38E+08,7.08E+06,3511280,3511282,0,630100
100,3.38E+08,7.08E+06,3511312,3511313,0,618450
100,3.38E+08,7.08E+06,3511318,3511318,0,617150
100,3.38E+08,7.08E+06,3511325,3511325,0,594100
100,3.38E+08,7.08E+06,3511393,3511393,0,630100
100,3.19E+08,7.13E+06,3511395,3511395,0,527200
100,3.38E+08,7.08E+06,3511403,3511401,0,639100
100,3.38E+08,7.08E+06,3511417,3511417,0,630200
100,3.38E+08,7.08E+06,3511426,3511427,0,619250
100,3.38E+08,7.08E+06,3511431,3511429,0,586850
100,3.38E+08,7.08E+06,3511455,3511455,0,603700
100,3.38E+08,7.08E+06,3511472,3511473,0,621600
100,3.38E+08,7.08E+06,3511473,3511473,0,639100
100,3.38E+08,7.08E+06,3511518,3511518,0,630200
100,3.38E+08,7.08E+06,3511521,3511518,0,639100
100,3.38E+08,7.08E+06,3511531,3511531,0,610000
100,3.38E+08,7.08E+06,3511533,3511533,0,626650
100,3.38E+08,7.08E+06,3511602,3511602,0,607350
100,3.38E+08,7.08E+06,3511619,3511618,0,607350
100,3.38E+08,7.08E+06,3511622,3511622,0,630200
100,3.38E+08,7.08E+06,3511629,3511627,0,615450
100,3.38E+08,7.08E+06,3511635,3511635,0,618450
100,3.38E+08,7.08E+06,3511718,3511716,0,642650
100,3.38E+08,7.08E+06,3511730,3511728,0,609950
100,3.31E+08,7.12E+06,3511732,3511732,0,557950
100,3.38E+08,7.08E+06,3511733,3511726,0,607350
100,3.38E+08,7.08E+06,3511757,3511756,0,618300
100,3.30E+08,7.19E+06,3511773,3511769,0,553200
100,3.38E+08,7.08E+06,3511775,3511773,0,621600
100,3.38E+08,7.08E+06,3511807,3511807,0,609950
100,3.38E+08,7.08E+06,3511816,3511814,0,623100
100,3.28E+08,7.31E+06,3511823,3511824,0,549100
100,3.38E+08,7.08E+06,3511827,3511827,0,586150
100,3.38E+08,7.08E+06,3511841,3511842,0,630100
100,3.38E+08,7.08E+06,3511848,3511848,0,586850
100,3.38E+08,7.08E+06,3511865,3511865,0,619250
100,3.38E+08,7.08E+06,3511877,3511878,0,630100
100,3.38E+08,7.08E+06,3511929,3511929,0,610000
100,3.38E+08,7.08E+06,3511983,3511983,0,586850
100,3.38E+08,7.08E+06,3512022,3512022,0,586850
100,3.38E+08,7.08E+06,3512025,3512025,0,630200
100,3.38E+08,7.08E+06,3512027,3512029,0,608900
100,3.38E+08,7.08E+06,3512028,3512028,0,607350
100,3.38E+08,7.08E+06,3512036,3512037,0,639100
100,3.38E+08,7.08E+06,3512052,3512050,0,582500
100,3.24E+08,7.37E+06,3512156,3512157,0,544700
100,3.38E+08,7.08E+06,3512161,3512163,0,582500
100,3.38E+08,7.08E+06,3512177,3512176,0,617150
100,3.38E+08,7.08E+06,3512195,3512198,0,638900
100,3.37E+08,7.17E+06,3512202,3512201,0,576500
100,3.38E+08,7.08E+06,3512247,3512246,0,586850
100,3.38E+08,7.08E+06,3512257,3512256,0,630200
100,3.38E+08,7.08E+06,3512272,3512271,0,639100
100,3.38E+08,7.08E+06,3512338,3512338,0,616850
100,3.11E+08,7.26E+06,3512342,3512341,0,503800
100,3.38E+08,7.51E+06,3512356,3512357,0,580850
100,3.38E+08,7.08E+06,3512363,3512364,0,618300
100,3.38E+08,7.08E+06,3512386,3512383,0,620150
100,3.38E+08,7.08E+06,3512416,3512416,0,607350
100,3.38E+08,7.08E+06,3512431,3512429,0,630100
100,3.31E+08,7.14E+06,3512435,3512435,0,557950
100,3.38E+08,7.08E+06,3512445,3512443,0,620150
100,3.38E+08,7.08E+06,3512452,3512452,0,610000
100,3.38E+08,7.08E+06,3512493,3512488,0,626650
100,3.34E+08,7.27E+06,3512528,3512528,0,567400
100,3.38E+08,7.08E+06,3512562,3512561,0,610850
100,3.38E+08,7.08E+06,3512574,3512574,0,594100
100,3.24E+08,7.53E+06,3512582,3512580,0,545150
100,3.38E+08,7.08E+06,3512656,3512657,0,623100
100,3.38E+08,7.08E+06,3512685,3512685,0,630200
100,3.38E+08,7.08E+06,3512690,3512689,0,610000
100,3.37E+08,7.92E+06,3512735,3512734,0,576500
100,3.38E+08,7.08E+06,3512812,3512812,0,608100
100,3.38E+08,7.08E+06,3512813,3512811,0,586850
100,3.30E+08,7.19E+06,3512814,3512814,0,553200
100,3.36E+08,7.25E+06,3512840,3512840,0,573700
100,3.38E+08,7.08E+06,3512854,3512853,0,618300
100,3.38E+08,7.62E+06,3512858,3512859,0,580600
100,3.38E+08,7.08E+06,3512878,3512878,0,586850
100,3.38E+08,7.08E+06,3512882,3512881,0,603700
100,3.35E+08,7.75E+06,3512885,3512885,0,568700
100,3.31E+08,7.91E+06,3512892,3512889,0,557950
100,3.38E+08,7.08E+06,3512955,3512955,0,610850
100,3.38E+08,7.08E+06,3513055,3513054,0,607350
100,3.32E+08,7.23E+06,3513062,3513062,0,559450
100,3.38E+08,7.08E+06,3513105,3513105,0,617950
100,3.34E+08,7.11E+06,3513113,3513113,0,566150
100,3.38E+08,7.44E+06,3513121,3513123,0,582500
100,3.38E+08,7.08E+06,3513128,3513128,0,630200
100,3.38E+08,7.08E+06,3513176,3513176,0,619250
100,3.38E+08,7.08E+06,3513204,3513204,0,594100
100,3.38E+08,7.08E+06,3513236,3513237,0,628550
100,3.38E+08,7.08E+06,3513237,3513237,0,630100
100,3.38E+08,7.08E+06,3513298,3513295,0,621600
100,3.38E+08,7.08E+06,3513306,3513307,0,630200
100,3.28E+08,7.52E+06,3513314,3513314,0,549100
100,3.38E+08,7.08E+06,3513350,3513349,0,600300
100,3.38E+08,7.08E+06,3513366,3513362,0,627000
100,3.38E+08,7.08E+06,3513381,3513380,0,626650
100,3.38E+08,7.08E+06,3513397,3513398,0,630200
100,3.38E+08,7.08E+06,3513403,3513402,0,613450
100,3.38E+08,7.08E+06,3513438,3513438,0,616850
100,3.38E+08,7.08E+06,3513444,3513448,0,630100
100,3.38E+08,7.08E+06,3513520,3513523,0,607350
100,3.38E+08,7.08E+06,3513569,3513570,0,623100
100,3.38E+08,7.08E+06,3513599,3513600,0,640500
100,3.38E+08,7.08E+06,3513608,3513609,0,639100
100,3.38E+08,7.08E+06,3513639,3513637,0,617150
100,3.38E+08,7.08E+06,3513746,3513745,0,630200
100,3.38E+08,7.08E+06,3513749,3513749,0,619250
100,3.38E+08,7.08E+06,3513793,3513795,0,586150
100,3.38E+08,7.08E+06,3513828,3513828,0,623100
100,3.38E+08,7.08E+06,3513832,3513832,0,617600
100,3.38E+08,7.07E+06,3513842,3513842,0,580850
100,3.34E+08,7.21E+06,3513847,3513847,0,566150
100,3.35E+08,7.22E+06,3513868,3513868,0,568700
100,3.38E+08,7.08E+06,3513868,3513864,0,644850
100,3.38E+08,7.08E+06,3513869,3513869,0,630200
100,3.38E+08,7.08E+06,3513872,3513872,0,586850
100,3.38E+08,7.08E+06,3513888,3513887,0,630200
100,3.31E+08,7.59E+06,3513918,3513918,0,558100
100,3.18E+08,7.35E+06,3513925,3513924,0,527200
100,3.38E+08,7.08E+06,3513996,3513996,0,617150
100,3.38E+08,7.08E+06,3514026,3514026,0,619250
100,3.38E+08,7.08E+06,3514027,3514028,0,642650
100,3.38E+08,7.08E+06,3514041,3514041,0,608100
100,3.38E+08,7.08E+06,3514051,3514051,0,620950
100,3.38E+08,7.08E+06,3514059,3514060,0,586850
100,3.38E+08,7.08E+06,3514066,3514064,0,582500
100,3.38E+08,7.08E+06,3514078,3514077,0,608900
100,3.38E+08,7.08E+06,3514107,3514109,0,620950
100,3.38E+08,7.08E+06,3514141,3514140,0,642650
100,3.25E+08,7.54E+06,3514151,3514151,0,545150
100,3.34E+08,7.55E+06,3514161,3514161,0,567400
100,3.38E+08,7.08E+06,3514180,3514176,0,626650
100,3.38E+08,7.08E+06,3514205,3514205,0,621700
100,3.38E+08,7.08E+06,3514238,3514241,0,623100
100,3.38E+08,7.08E+06,3514264,3514264,0,630200
100,3.38E+08,7.08E+06,3514337,3514337,0,618300
100,3.38E+08,7.08E+06,3514338,3514337,0,630100
100,3.38E+08,7.08E+06,3514363,3514363,0,630100
100,3.38E+08,7.08E+06,3514373,3514373,0,630200
100,3.38E+08,7.08E+06,3514398,3514398,0,630200
100,3.38E+08,7.08E+06,3514448,3514448,0,582500
100,3.38E+08,7.08E+06,3514480,3514480,0,626650
100,3.38E+08,7.08E+06,3514510,3514511,0,630200
100,3.38E+08,7.08E+06,3514593,3514595,0,626650
100,3.38E+08,7.08E+06,3514607,3514607,0,609950
100,3.38E+08,7.08E+06,3514635,3514635,0,617950
100,3.38E+08,7.08E+06,3514639,3514638,0,615650
100,3.38E+08,7.08E+06,3514644,3514644,0,630200
100,3.38E+08,7.08E+06,3514647,3514647,0,607350
100,3.38E+08,7.08E+06,3514655,3514654,0,639100
100,3.38E+08,7.08E+06,3514705,3514707,0,642650
100,3.38E+08,7.08E+06,3514714,3514712,0,610850
100,3.38E+08,7.08E+06,3514787,3514787,0,582500
100,3.38E+08,7.08E+06,3514822,3514822,0,630100
100,3.38E+08,7.08E+06,3514825,3514823,0,630200
100,3.38E+08,7.08E+06,3514846,3514846,0,582500
100,3.11E+08,7.37E+06,3514873,3514873,0,503800
100,3.38E+08,7.08E+06,3514916,3514918,0,617150
100,3.38E+08,7.08E+06,3514922,3514927,0,638900
100,3.38E+08,7.08E+06,3514959,3514959,0,613450
100,3.38E+08,7.08E+06,3514967,3514968,0,617950
100,3.38E+08,7.08E+06,3514994,3514995,0,610000
100,3.30E+08,7.63E+06,3515002,3515002,0,553200
100,3.38E+08,7.08E+06,3515012,3515015,0,586150
100,3.38E+08,7.08E+06,3515032,3515032,0,630200
100,3.38E+08,7.08E+06,3515050,3515054,0,619250
100,3.38E+08,7.08E+06,3515078,3515079,0,586850
100,3.38E+08,7.08E+06,3515089,3515091,0,617950
100,3.38E+08,7.08E+06,3515105,3515105,0,640900
100,3.38E+08,7.08E+06,3515182,3515184,0,621600
100,3.38E+08,7.08E+06,3515184,3515185,0,603700
100,3.32E+08,7.37E+06,3515196,3515195,0,562000
100,3.38E+08,7.08E+06,3515238,3515232,0,630200
100,3.38E+08,7.08E+06,3515376,3515376,0,623100
100,3.38E+08,7.08E+06,3515377,3515377,0,621600
100,3.38E+08,7.08E+06,3515385,3515385,0,613450
100,3.38E+08,7.08E+06,3515551,3515552,0,630200
100,3.38E+08,7.08E+06,3515566,3515564,0,586850
100,3.38E+08,7.08E+06,3515581,3515582,0,616850
100,3.38E+08,7.08E+06,3515595,3515592,0,626650
100,3.38E+08,7.08E+06,3515638,3515637,0,617950
100,3.38E+08,7.08E+06,3515647,3515646,0,617150
100,3.38E+08,7.08E+06,3515665,3515666,0,613450
100,3.38E+08,7.08E+06,3515705,3515705,0,644850
100,3.38E+08,7.08E+06,3515723,3515724,0,582500
100,3.38E+08,7.08E+06,3515753,3515753,0,608500
100,3.38E+08,7.08E+06,3515769,3515768,0,594100
100,3.38E+08,7.08E+06,3515775,3515775,0,630200
100,3.38E+08,7.08E+06,3515779,3515779,0,627000
100,3.38E+08,7.08E+06,3515794,3515795,0,610000
100,3.38E+08,7.08E+06,3515853,3515852,0,607350
100,3.31E+08,7.22E+06,3515901,3515904,0,557950
100,3.31E+08,7.33E+06,3515910,3515908,0,557950
100,3.38E+08,7.08E+06,3515922,3515921,0,630200
100,3.38E+08,7.08E+06,3515931,3515932,0,610900
100,3.38E+08,7.08E+06,3515944,3515943,0,630100
100,3.38E+08,7.08E+06,3515958,3515959,0,617150
100,3.38E+08,7.08E+06,3515959,3515959,0,644850
100,3.38E+08,7.08E+06,3515971,3515972,0,639100
100,3.38E+08,7.08E+06,3516011,3516010,0,607350
100,3.38E+08,7.08E+06,3516012,3516012,0,630200
100,3.38E+08,7.08E+06,3516078,3516079,0,610000
100,3.38E+08,7.08E+06,3516122,3516116,0,630200
100,3.38E+08,7.08E+06,3516127,3516126,0,639100
100,3.31E+08,7.08E+06,3516129,3516129,0,558100
100,3.38E+08,7.08E+06,3516148,3516148,0,640500
100,3.38E+08,7.08E+06,3516159,3516159,0,618300
100,3.38E+08,7.08E+06,3516207,3516206,0,608500
100,3.38E+08,7.08E+06,3516216,3516215,0,620150
100,3.38E+08,7.08E+06,3516220,3516213,0,617150
100,3.38E+08,7.08E+06,3516221,3516221,0,608500
100,3.38E+08,7.08E+06,3516228,3516227,0,617950
100,3.38E+08,7.08E+06,3516230,3516230,0,610850
100,3.38E+08,7.08E+06,3516246,3516246,0,609950
100,3.38E+08,7.08E+06,3516253,3516254,0,630200
100,3.38E+08,7.08E+06,3516257,3516256,0,617600
100,3.38E+08,7.08E+06,3516264,3516264,0,582500
100,3.38E+08,7.08E+06,3516266,3516266,0,607350
100,3.38E+08,7.08E+06,3516278,3516276,0,630200
100,3.38E+08,7.08E+06,3516300,3516301,0,610000
100,3.38E+08,7.08E+06,3516332,3516332,0,630100
100,3.38E+08,7.08E+06,3516370,3516372,0,610850
100,3.38E+08,7.08E+06,3516459,3516459,0,613450
100,3.38E+08,7.08E+06,3516459,3516457,0,639100
100,3.38E+08,7.08E+06,3516483,3516484,0,586850
100,3.38E+08,7.08E+06,3516487,3516486,0,618450
100,3.38E+08,7.08E+06,3516499,3516501,0,586850
100,3.38E+08,7.08E+06,3516517,3516514,0,618300
100,3.38E+08,7.08E+06,3516614,3516609,0,638900
100,3.38E+08,7.08E+06,3516620,3516620,0,613450
100,3.32E+08,7.62E+06,3516663,3516663,0,562000
100,3.11E+08,7.35E+06,3516682,3516681,0,503800
100,3.38E+08,7.08E+06,3516689,3516689,0,617150
100,3.38E+08,7.08E+06,3516696,3516696,0,623100
100,3.38E+08,7.08E+06,3516708,3516712,0,623100
100,3.38E+08,7.08E+06,3516736,3516732,0,594100
100,3.38E+08,7.08E+06,3516786,3516784,0,618300
100,3.38E+08,7.08E+06,3516793,3516792,0,586850
100,3.38E+08,7.08E+06,3516827,3516826,0,630200
100,3.38E+08,7.08E+06,3516850,3516851,0,639100
100,3.38E+08,7.08E+06,3516879,3516879,0,639100
100,3.38E+08,7.08E+06,3516924,3516924,0,639100
100,3.38E+08,7.08E+06,3516976,3516975,0,630100
100,3.38E+08,7.08E+06,3516984,3516984,0,630200
100,3.33E+08,7.33E+06,3516991,3516992,0,565450
100,3.38E+08,7.08E+06,3517011,3517011,0,616850
100,3.38E+08,7.08E+06,3517022,3517022,0,626650
100,3.38E+08,7.08E+06,3517032,3517032,0,608100
100,3.38E+08,7.08E+06,3517109,3517108,0,630200
100,3.38E+08,7.08E+06,3517167,3517166,0,586850
100,3.38E+08,7.08E+06,3517177,3517177,0,630200
100,3.30E+08,7.12E+06,3517198,3517197,0,553200
100,3.38E+08,7.08E+06,3517216,3517216,0,608100
100,3.34E+08,7.28E+06,3517219,3517215,0,567400
100,3.38E+08,7.08E+06,3517240,3517240,0,613450
100,3.38E+08,7.08E+06,3517249,3517249,0,639100
100,3.38E+08,7.08E+06,3517258,3517254,0,639100
100,3.38E+08,7.08E+06,3517278,3517278,0,640500
100,3.38E+08,7.08E+06,3517296,3517296,0,609950
100,3.38E+08,7.08E+06,3517360,3517360,0,613450
100,3.38E+08,7.08E+06,3517423,3517426,0,586150
100,3.38E+08,7.08E+06,3517427,3517427,0,606400
100,3.38E+08,7.08E+06,3517467,3517467,0,638900
100,3.38E+08,7.08E+06,3517513,3517513,0,630200
100,3.34E+08,7.22E+06,3517539,3517539,0,567400
100,3.38E+08,7.08E+06,3517557,3517549,0,630100
100,3.38E+08,7.34E+06,3517563,3517563,0,582500
100,3.38E+08,7.08E+06,3517564,3517563,0,610850
100,3.38E+08,7.08E+06,3517575,3517573,0,582500
100,3.38E+08,7.08E+06,3517590,3517588,0,603700
100,3.38E+08,7.08E+06,3517633,3517632,0,617950
100,3.38E+08,7.08E+06,3517685,3517685,0,630200
100,3.38E+08,7.08E+06,3517735,3517735,0,586850
100,3.37E+08,7.13E+06,3517737,3517738,0,576500
100,3.38E+08,7.08E+06,3517753,3517753,0,586850
100,3.38E+08,7.08E+06,3517792,3517792,0,630200
100,3.38E+08,7.08E+06,3517806,3517806,0,619250
100,3.38E+08,7.08E+06,3517811,3517811,0,630200
100,3.38E+08,7.08E+06,3517824,3517825,0,623100
100,3.38E+08,7.08E+06,3517865,3517861,0,600300
100,3.38E+08,7.08E+06,3517868,3517867,0,616850
100,3.38E+08,7.08E+06,3517900,3517903,0,613450
100,3.31E+08,7.16E+06,3517919,3517919,0,558100
100,3.38E+08,7.08E+06,3517934,3517934,0,630200
100,3.38E+08,7.08E+06,3517956,3517956,0,618300
100,3.38E+08,7.08E+06,3517994,3517995,0,630200
100,3.38E+08,7.08E+06,3518053,3518053,0,609950
100,3.38E+08,7.08E+06,3518053,3518053,0,610900
100,3.38E+08,7.08E+06,3518060,3518060,0,586850
100,3.38E+08,7.08E+06,3518066,3518064,0,618300
100,3.38E+08,7.08E+06,3518076,3518076,0,618450
100,3.38E+08,7.08E+06,3518111,3518111,0,638150
100,3.38E+08,7.08E+06,3518113,3518113,0,586850
100,3.38E+08,7.08E+06,3518121,3518122,0,626650
100,3.38E+08,7.08E+06,3518128,3518125,0,617950
100,3.38E+08,7.08E+06,3518157,3518157,0,644850
100,3.38E+08,7.08E+06,3518161,3518159,0,638900
100,3.38E+08,7.08E+06,3518165,3518165,0,617150
100,3.38E+08,7.08E+06,3518169,3518170,0,621700
100,3.38E+08,7.08E+06,3518191,3518191,0,630200
100,3.38E+08,7.40E+06,3518205,3518206,0,580850
100,3.38E+08,7.08E+06,3518221,3518222,0,630200
100,3.38E+08,7.08E+06,3518230,3518230,0,608300
100,3.38E+08,7.08E+06,3518241,3518242,0,630200
100,3.38E+08,7.08E+06,3518244,3518244,0,630200
100,3.38E+08,7.08E+06,3518255,3518257,0,594100
100,3.38E+08,7.08E+06,3518261,3518264,0,630200
100,3.38E+08,7.08E+06,3518267,3518268,0,638900
100,3.38E+08,7.08E+06,3518289,3518285,0,617950
100,3.38E+08,7.08E+06,3518292,3518292,0,617150
100,3.38E+08,7.08E+06,3518373,3518372,0,638900
100,3.38E+08,7.08E+06,3518382,3518386,0,610000
100,3.38E+08,7.08E+06,3518387,3518387,0,638900
100,3.38E+08,7.08E+06,3518404,3518403,0,603700
100,3.38E+08,7.08E+06,3518429,3518430,0,638900
100,3.38E+08,7.08E+06,3518457,3518460,0,586850
100,3.38E+08,7.08E+06,3518508,3518508,0,617950
100,3.38E+08,7.70E+06,3518516,3518516,0,580850
100,3.38E+08,7.08E+06,3518525,3518526,0,630100
100,3.38E+08,7.51E+06,3518529,3518530,0,581700
100,3.38E+08,7.08E+06,3518624,3518624,0,630200
100,3.38E+08,7.08E+06,3518670,3518670,0,615650
100,3.38E+08,7.08E+06,3518674,3518674,0,610000
100,3.38E+08,7.08E+06,3518678,3518679,0,630200
100,3.38E+08,7.08E+06,3518695,3518696,0,642650
100,3.38E+08,7.08E+06,3518743,3518743,0,630100
100,3.38E+08,7.08E+06,3518764,3518759,0,642650
100,3.34E+08,7.51E+06,3518818,3518818,0,566100
100,3.38E+08,7.08E+06,3518834,3518834,0,620150
100,3.38E+08,7.08E+06,3518856,3518856,0,615450
100,3.38E+08,7.08E+06,3518860,3518860,0,630100
100,3.38E+08,7.08E+06,3518900,3518903,0,627000
100,3.34E+08,7.30E+06,3518913,3518913,0,566100
100,3.38E+08,7.08E+06,3518953,3518953,0,610000
100,3.38E+08,7.08E+06,3518967,3518967,0,586850
100,3.38E+08,7.08E+06,3518985,3518982,0,638900
100,3.30E+08,7.42E+06,3519047,3519046,0,553200
100,3.38E+08,7.08E+06,3519088,3519088,0,609950
100,3.38E+08,7.08E+06,3519088,3519089,0,610000
100,3.38E+08,7.08E+06,3519164,3519163,0,618300
100,3.38E+08,7.08E+06,3519184,3519183,0,607350
100,3.38E+08,7.08E+06,3519184,3519186,0,630200
100,3.38E+08,7.08E+06,3519188,3519188,0,608100
100,3.38E+08,7.08E+06,3519198,3519198,0,618300
100,3.38E+08,7.63E+06,3519261,3519261,0,582500
100,3.38E+08,7.08E+06,3519308,3519307,0,618300
100,3.38E+08,7.08E+06,3519323,3519324,0,607350
100,3.38E+08,7.08E+06,3519336,3519336,0,616500
100,3.38E+08,7.08E+06,3519350,3519349,0,623100
100,3.38E+08,7.08E+06,3519363,3519365,0,594100
100,3.30E+08,7.16E+06,3519366,3519363,0,553200
100,3.38E+08,7.08E+06,3519381,3519381,0,630200
100,3.38E+08,7.08E+06,3519405,3519401,0,618450
100,3.38E+08,7.08E+06,3519441,3519441,0,630100
100,3.38E+08,7.08E+06,3519460,3519461,0,608650
100,3.38E+08,7.08E+06,3519481,3519484,0,586850
100,3.38E+08,7.08E+06,3519482,3519481,0,623100
100,3.28E+08,7.41E+06,3519492,3519490,0,549100
100,3.38E+08,7.08E+06,3519494,3519495,0,630200
100,3.38E+08,7.08E+06,3519502,3519502,0,617150
100,3.38E+08,7.08E+06,3519519,3519517,0,642650
100,3.38E+08,7.08E+06,3519526,3519524,0,638900
100,3.38E+08,7.12E+06,3519546,3519546,0,580850
100,3.38E+08,7.08E+06,3519652,3519649,0,630100
100,2.85E+08,7.55E+06,3519714,3519715,0,427900
100,3.38E+08,7.08E+06,3519717,3519717,0,630200
100,3.38E+08,7.08E+06,3519743,3519743,0,607350
100,3.38E+08,7.08E+06,3519782,3519781,0,630200
100,3.38E+08,7.08E+06,3519800,3519800,0,610900
100,3.38E+08,7.08E+06,3519819,3519823,0,623100
100,3.38E+08,7.08E+06,3519869,3519870,0,630200
100,3.38E+08,7.08E+06,3519876,3519876,0,630200
100,3.38E+08,7.08E+06,3519907,3519905,0,617950
100,3.38E+08,7.08E+06,3519922,3519921,0,608500
100,3.38E+08,7.08E+06,3519959,3519961,0,626650
100,3.32E+08,7.13E+06,3519974,3519979,0,562000
100,3.38E+08,7.08E+06,3519978,3519978,0,621600
100,3.38E+08,7.08E+06,3520071,3520071,0,608500
100,3.38E+08,7.08E+06,3520091,3520093,0,618450
100,3.38E+08,7.08E+06,3520120,3520120,0,642650
100,3.38E+08,7.08E+06,3520121,3520122,0,610000
100,3.38E+08,7.08E+06,3520221,3520218,0,610000
100,3.38E+08,7.08E+06,3520228,3520232,0,594100
100,3.38E+08,7.08E+06,3520229,3520231,0,630200
100,3.38E+08,7.08E+06,3520255,3520257,0,630100
100,3.38E+08,7.08E+06,3520268,3520265,0,586850
100,3.38E+08,7.08E+06,3520280,3520282,0,630200
100,3.38E+08,7.08E+06,3520281,3520279,0,639100
100,3.38E+08,7.08E+06,3520286,3520285,0,639100
100,3.38E+08,7.23E+06,3520334,3520334,0,582500
100,3.38E+08,7.08E+06,3520351,3520351,0,582500
100,3.38E+08,7.08E+06,3520353,3520354,0,630200
100,3.38E+08,7.08E+06,3520357,3520356,0,618300
100,3.34E+08,7.16E+06,3520364,3520365,0,566100
100,3.38E+08,7.08E+06,3520393,3520396,0,610000
100,3.30E+08,7.42E+06,3520399,3520400,0,553200
100,3.38E+08,7.08E+06,3520437,3520437,0,608500
100,3.38E+08,7.08E+06,3520438,3520438,0,644850
100,3.38E+08,7.08E+06,3520440,3520439,0,608500
100,3.38E+08,7.08E+06,3520448,3520448,0,621700
100,3.38E+08,7.08E+06,3520469,3520471,0,617150
100,3.38E+08,7.08E+06,3520475,3520476,0,642650
100,3.38E+08,7.08E+06,3520491,3520490,0,623100
100,3.34E+08,7.53E+06,3520492,3520492,0,566100
100,3.38E+08,7.08E+06,3520503,3520497,0,630100
100,3.38E+08,7.43E+06,3520504,3520506,0,580850
100,3.38E+08,7.08E+06,3520521,3520521,0,586850
100,3.38E+08,7.08E+06,3520547,3520547,0,630200
100,3.31E+08,7.12E+06,3520570,3520571,0,557950
100,3.34E+08,7.52E+06,3520571,3520571,0,567400
100,3.38E+08,7.08E+06,3520629,3520627,0,613450
100,3.38E+08,7.08E+06,3520654,3520654,0,609950
100,3.38E+08,7.08E+06,3520661,3520661,0,642650
100,3.38E+08,7.08E+06,3520690,3520687,0,626650
100,3.38E+08,7.08E+06,3520699,3520699,0,619250
100,3.34E+08,7.33E+06,3520746,3520744,0,566150
100,3.38E+08,7.08E+06,3520769,3520771,0,607350
100,3.38E+08,7.08E+06,3520797,3520798,0,630200
100,3.38E+08,7.08E+06,3520812,3520812,0,608500
100,3.38E+08,7.08E+06,3520830,3520829,0,630200
100,3.38E+08,7.08E+06,3520903,3520905,0,618450
100,3.38E+08,7.08E+06,3520924,3520921,0,621600
100,3.38E+08,7.08E+06,3520954,3520951,0,586150
100,3.38E+08,7.08E+06,3520975,3520978,0,638900
100,3.38E+08,7.08E+06,3520976,3520977,0,639100
100,3.35E+08,7.32E+06,3520988,3520988,0,569550
100,3.38E+08,7.08E+06,3521011,3521011,0,623100
100,3.28E+08,7.49E+06,3521017,3521011,0,548550
100,3.38E+08,7.08E+06,3521029,3521027,0,628550
100,3.38E+08,7.08E+06,3521045,3521040,0,642650
100,3.38E+08,7.08E+06,3521061,3521061,0,610850
100,3.38E+08,7.08E+06,3521066,3521067,0,610850
100,3.38E+08,7.08E+06,3521070,3521070,0,608900
100,3.34E+08,7.20E+06,3521115,3521114,0,566100
100,3.38E+08,7.08E+06,3521124,3521124,0,608100
100,3.38E+08,7.08E+06,3521124,3521124,0,630200
100,3.38E+08,7.08E+06,3521129,3521129,0,607350
100,3.38E+08,7.08E+06,3521133,3521133,0,586850
100,3.34E+08,7.13E+06,3521146,3521143,0,566100
100,3.38E+08,7.08E+06,3521171,3521170,0,630100
100,3.38E+08,7.08E+06,3521179,3521178,0,619250
100,3.38E+08,7.08E+06,3521236,3521236,0,585000
100,3.38E+08,7.08E+06,3521251,3521248,0,640900
100,3.29E+08,7.12E+06,3521294,3521293,0,551050
100,3.38E+08,7.08E+06,3521363,3521364,0,618050
100,3.38E+08,7.08E+06,3521375,3521378,0,630200
100,3.38E+08,7.08E+06,3521388,3521384,0,617950
100,3.38E+08,7.08E+06,3521422,3521421,0,609950
100,3.38E+08,7.08E+06,3521442,3521444,0,638150
100,3.38E+08,7.08E+06,3521466,3521466,0,630200
100,3.38E+08,7.08E+06,3521493,3521485,0,617950
100,3.28E+08,7.42E+06,3521510,3521509,0,548550
100,3.38E+08,7.08E+06,3521511,3521510,0,606200
100,3.38E+08,7.08E+06,3521553,3521554,0,607350
100,3.38E+08,7.08E+06,3521560,3521560,0,603700
100,3.28E+08,7.12E+06,3521588,3521587,0,548550
100,3.34E+08,7.09E+06,3521597,3521597,0,566100
100,3.31E+08,7.40E+06,3521649,3521649,0,557950
100,3.38E+08,7.08E+06,3521654,3521654,0,630100
100,3.34E+08,7.37E+06,3521658,3521658,0,566100
100,3.38E+08,7.08E+06,3521698,3521696,0,594100
100,3.38E+08,7.08E+06,3521717,3521716,0,630200
100,3.38E+08,7.08E+06,3521738,3521741,0,617950
100,3.38E+08,7.08E+06,3521747,3521744,0,603700
100,3.38E+08,7.08E+06,3521818,3521818,0,623100
100,3.38E+08,7.08E+06,3521819,3521819,0,586850
100,3.38E+08,7.08E+06,3521832,3521832,0,640500
100,3.38E+08,7.08E+06,3521857,3521855,0,617150
100,3.38E+08,7.08E+06,3521874,3521874,0,609950
100,3.38E+08,7.08E+06,3521958,3521960,0,630200
100,3.38E+08,7.08E+06,3521970,3521970,0,623000
100,3.28E+08,7.61E+06,3521973,3521972,0,549100
100,3.33E+08,7.29E+06,3521998,3521997,0,565450
100,3.38E+08,7.08E+06,3522045,3522043,0,638900
100,3.38E+08,7.08E+06,3522057,3522057,0,630200
100,3.38E+08,7.08E+06,3522065,3522062,0,617150
100,3.38E+08,7.08E+06,3522092,3522097,0,609950
100,3.38E+08,7.08E+06,3522106,3522103,0,586850
100,3.38E+08,7.18E+06,3522141,3522142,0,582500
100,3.38E+08,7.08E+06,3522173,3522173,0,644850
100,3.38E+08,7.08E+06,3522176,3522174,0,594100
100,3.38E+08,7.08E+06,3522211,3522212,0,638900
100,3.32E+08,7.51E+06,3522248,3522246,0,559400
100,3.38E+08,7.08E+06,3522256,3522257,0,586850
100,3.38E+08,7.08E+06,3522280,3522280,0,630100
100,3.38E+08,7.08E+06,3522302,3522302,0,617150
100,3.38E+08,7.08E+06,3522303,3522303,0,638900
100,3.38E+08,7.08E+06,3522310,3522311,0,586850
100,3.38E+08,7.08E+06,3522327,3522327,0,607350
100,3.38E+08,7.08E+06,3522350,3522350,0,582500
100,3.38E+08,7.08E+06,3522383,3522376,0,623100
100,3.38E+08,7.08E+06,3522404,3522404,0,608100
100,3.38E+08,7.08E+06,3522408,3522408,0,603700
100,3.38E+08,7.08E+06,3522408,3522409,0,630200
100,3.38E+08,7.08E+06,3522410,3522410,0,586850
100,3.38E+08,7.08E+06,3522426,3522426,0,610850
100,3.31E+08,7.31E+06,3522427,3522428,0,558100
100,3.28E+08,7.35E+06,3522477,3522477,0,546950
100,3.38E+08,7.08E+06,3522507,3522505,0,617150
100,3.38E+08,7.08E+06,3522530,3522531,0,617150
100,3.38E+08,7.08E+06,3522565,3522566,0,623100
100,3.38E+08,7.08E+06,3522582,3522582,0,617150
100,3.38E+08,7.08E+06,3522585,3522586,0,630200
100,3.38E+08,7.08E+06,3522594,3522594,0,620950
100,3.38E+08,7.08E+06,3522618,3522618,0,600300
100,3.38E+08,7.08E+06,3522638,3522638,0,642650
100,3.38E+08,7.08E+06,3522665,3522663,0,638900
100,3.38E+08,7.08E+06,3522692,3522693,0,638900
100,3.32E+08,7.21E+06,3522698,3522698,0,561950
100,3.38E+08,7.08E+06,3522711,3522710,0,610000
100,3.30E+08,7.39E+06,3522727,3522728,0,553200
100,3.38E+08,7.08E+06,3522733,3522733,0,616850
100,3.38E+08,7.08E+06,3522777,3522777,0,642650
100,3.28E+08,7.45E+06,3522808,3522811,0,549100
100,3.38E+08,7.08E+06,3522967,3522968,0,630100
100,3.38E+08,7.08E+06,3522971,3522972,0,630200
100,3.30E+08,7.30E+06,3522974,3522976,0,553200
100,3.38E+08,7.08E+06,3522979,3522977,0,613450
100,3.38E+08,7.08E+06,3523008,3523009,0,610850
100,3.35E+08,7.43E+06,3523011,3523014,0,568700
100,3.38E+08,7.08E+06,3523015,3523016,0,607350
100,3.38E+08,7.08E+06,3523055,3523055,0,610000
100,3.38E+08,7.08E+06,3523069,3523069,0,608500
100,3.31E+08,7.14E+06,3523075,3523075,0,557950
100,3.32E+08,7.26E+06,3523135,3523128,0,562000
100,3.34E+08,7.25E+06,3523203,3523202,0,567400
100,3.38E+08,7.08E+06,3523234,3523234,0,608500
100,3.38E+08,7.08E+06,3523259,3523259,0,617950
100,3.38E+08,7.08E+06,3523336,3523331,0,640500
100,3.38E+08,7.08E+06,3523343,3523341,0,594100
100,3.38E+08,7.08E+06,3523368,3523367,0,618450
100,3.38E+08,7.08E+06,3523402,3523402,0,582500
100,3.38E+08,7.08E+06,3523467,3523467,0,617150
100,3.38E+08,7.08E+06,3523473,3523473,0,630200
100,3.38E+08,7.08E+06,3523483,3523478,0,610000
100,3.38E+08,7.08E+06,3523496,3523495,0,606400
100,3.38E+08,7.08E+06,3523515,3523516,0,600300
100,3.38E+08,7.08E+06,3523565,3523565,0,621600
100,3.38E+08,7.08E+06,3523580,3523580,0,613450
100,3.34E+08,7.29E+06,3523605,3523608,0,566150
100,3.38E+08,7.06E+06,3523641,3523640,0,582500
100,3.38E+08,7.08E+06,3523662,3523662,0,630200
100,3.38E+08,7.08E+06,3523682,3523682,0,586850
100,3.18E+08,7.28E+06,3523720,3523720,0,527200
100,3.38E+08,7.08E+06,3523790,3523791,0,621600
100,3.38E+08,7.08E+06,3523826,3523828,0,586850
100,3.38E+08,7.08E+06,3523860,3523860,0,608500
100,3.38E+08,7.08E+06,3523932,3523932,0,630100
100,3.38E+08,7.08E+06,3523941,3523942,0,586850
100,3.38E+08,7.08E+06,3523968,3523967,0,630200
100,3.35E+08,7.16E+06,3523969,3523969,0,568700
100,3.38E+08,7.08E+06,3523971,3523973,0,616850
100,3.34E+08,7.34E+06,3523992,3523992,0,567400
100,3.38E+08,7.08E+06,3524015,3524015,0,617950
100,3.38E+08,7.08E+06,3524027,3524027,0,582500
100,3.38E+08,7.08E+06,3524045,3524045,0,586850
100,3.38E+08,7.08E+06,3524084,3524084,0,621700
100,3.34E+08,7.15E+06,3524086,3524084,0,567400
100,3.38E+08,7.08E+06,3524092,3524094,0,630200
100,3.34E+08,7.43E+06,3524105,3524106,0,567400
100,3.38E+08,7.08E+06,3524120,3524119,0,617950
100,3.38E+08,7.08E+06,3524178,3524179,0,630100
100,3.38E+08,7.08E+06,3524203,3524204,0,642650
100,3.38E+08,7.08E+06,3524243,3524243,0,620950
100,3.38E+08,7.08E+06,3524257,3524255,0,621600
100,3.38E+08,7.08E+06,3524299,3524296,0,623100
100,3.38E+08,7.08E+06,3524301,3524299,0,586850
100,3.38E+08,7.08E+06,3524377,3524376,0,603700
100,3.38E+08,7.08E+06,3524393,3524393,0,613450
100,3.38E+08,7.08E+06,3524400,3524401,0,618300
100,3.38E+08,7.08E+06,3524434,3524434,0,630100
100,3.28E+08,7.25E+06,3524452,3524455,0,546950
100,3.38E+08,7.08E+06,3524466,3524467,0,630200
100,3.38E+08,7.08E+06,3524472,3524471,0,585200
100,3.38E+08,7.08E+06,3524485,3524486,0,617150
100,3.38E+08,7.08E+06,3524488,3524486,0,617150
100,3.38E+08,7.08E+06,3524509,3524509,0,630200
100,3.37E+08,7.12E+06,3524578,3524578,0,576500
100,3.38E+08,7.08E+06,3524591,3524590,0,607350
100,3.38E+08,7.16E+06,3524619,3524621,0,580600
100,3.38E+08,7.08E+06,3524743,3524743,0,623100
100,3.38E+08,7.08E+06,3524753,3524754,0,610000
100,3.38E+08,7.08E+06,3524797,3524793,0,603700
100,3.38E+08,7.08E+06,3524808,3524809,0,613450
100,3.38E+08,7.08E+06,3524816,3524816,0,594100
100,3.38E+08,7.08E+06,3524822,3524822,0,586850
100,3.38E+08,7.08E+06,3524856,3524856,0,618300
100,3.30E+08,7.11E+06,3524862,3524862,0,553200
100,3.34E+08,7.16E+06,3524905,3524905,0,567400
100,3.38E+08,7.08E+06,3524953,3524953,0,616850
100,3.38E+08,7.08E+06,3524972,3524972,0,630100
100,3.38E+08,7.08E+06,3524984,3524984,0,623100
100,3.38E+08,7.08E+06,3525027,3525027,0,630200
100,3.38E+08,7.08E+06,3525127,3525129,0,630200
100,3.38E+08,7.08E+06,3525174,3525169,0,628550
100,3.38E+08,7.08E+06,3525202,3525199,0,594100
100,3.38E+08,7.08E+06,3525235,3525240,0,610850
100,3.38E+08,7.08E+06,3525318,3525313,0,617150
100,3.38E+08,7.08E+06,3525417,3525415,0,586850
100,3.38E+08,7.08E+06,3525440,3525443,0,610850
100,3.38E+08,7.08E+06,3525450,3525450,0,617950
100,3.18E+08,7.21E+06,3525454,3525449,0,527200
100,3.38E+08,7.08E+06,3525477,3525477,0,623100
100,3.38E+08,7.08E+06,3525512,3525510,0,630200
100,3.38E+08,7.08E+06,3525525,3525527,0,630200
100,3.38E+08,7.10E+06,3525554,3525558,0,580600
100,3.38E+08,7.08E+06,3525625,3525623,0,638150
100,3.38E+08,7.08E+06,3525636,3525636,0,610000
100,3.38E+08,7.08E+06,3525643,3525644,0,594100
100,3.38E+08,7.08E+06,3525680,3525680,0,630200
100,3.38E+08,7.08E+06,3525691,3525691,0,586850
100,3.38E+08,7.08E+06,3525693,3525693,0,608100
100,3.38E+08,7.08E+06,3525698,3525697,0,607350
100,3.38E+08,7.08E+06,3525729,3525729,0,644850
100,3.38E+08,7.08E+06,3525730,3525727,0,630200
100,3.38E+08,7.08E+06,3525803,3525804,0,615450
100,3.38E+08,7.08E+06,3525803,3525803,0,621700
100,3.33E+08,7.09E+06,3525862,3525862,0,565700
100,3.33E+08,7.10E+06,3525882,3525881,0,565450
100,3.38E+08,7.08E+06,3525898,3525899,0,600300
100,3.38E+08,7.08E+06,3525912,3525912,0,600750
100,3.38E+08,7.08E+06,3525916,3525915,0,639100
100,3.38E+08,7.08E+06,3525917,3525914,0,630200
100,3.38E+08,7.08E+06,3525980,3525979,0,586850
100,3.38E+08,7.08E+06,3525982,3525982,0,630200
100,3.38E+08,7.08E+06,3525998,3526000,0,638900
100,3.38E+08,7.08E+06,3526074,3526074,0,586150
100,3.38E+08,7.08E+06,3526091,3526091,0,621700
100,3.38E+08,7.08E+06,3526099,3526099,0,618050
100,3.38E+08,7.08E+06,3526101,3526106,0,610000
100,3.38E+08,7.08E+06,3526109,3526109,0,610000
100,3.11E+08,7.54E+06,3526132,3526134,0,503800
100,3.38E+08,7.08E+06,3526136,3526139,0,640500
100,3.38E+08,7.08E+06,3526168,3526168,0,618450
100,3.33E+08,7.32E+06,3526173,3526167,0,565450
100,3.38E+08,7.08E+06,3526195,3526194,0,623100
100,3.24E+08,7.41E+06,3526196,3526196,0,544700
100,3.38E+08,7.08E+06,3526204,3526204,0,610850
100,3.38E+08,7.08E+06,3526226,3526229,0,628550
100,3.38E+08,7.08E+06,3526238,3526235,0,630100
100,3.33E+08,7.28E+06,3526247,3526248,0,565450
100,3.38E+08,7.08E+06,3526275,3526273,0,639100
100,3.38E+08,7.08E+06,3526283,3526284,0,630100
100,3.38E+08,7.08E+06,3526297,3526298,0,615450
100,3.38E+08,7.08E+06,3526322,3526322,0,630200
100,3.38E+08,7.08E+06,3526338,3526337,0,630200
100,3.38E+08,7.08E+06,3526394,3526396,0,617600
100,3.34E+08,7.18E+06,3526410,3526410,0,566150
100,3.38E+08,7.08E+06,3526416,3526416,0,621600
100,3.27E+08,7.13E+06,3526418,3526418,0,545550
100,3.38E+08,7.08E+06,3526425,3526425,0,608100
100,3.38E+08,7.08E+06,3526452,3526451,0,617950
100,3.38E+08,7.08E+06,3526456,3526455,0,630200
100,3.38E+08,7.08E+06,3526463,3526465,0,616850
100,3.38E+08,7.08E+06,3526503,3526503,0,585200
100,3.38E+08,7.08E+06,3526503,3526502,0,626650
100,3.31E+08,7.10E+06,3526519,3526520,0,557950
100,3.38E+08,7.08E+06,3526527,3526527,0,639100
100,3.38E+08,7.08E+06,3526552,3526552,0,621700
100,3.38E+08,7.08E+06,3526559,3526560,0,616500
100,3.38E+08,7.08E+06,3526565,3526565,0,618300
100,3.38E+08,7.08E+06,3526573,3526574,0,640900
100,3.38E+08,7.08E+06,3526579,3526579,0,644850
100,3.33E+08,7.28E+06,3526585,3526585,0,565700
100,3.38E+08,7.08E+06,3526597,3526597,0,630100
100,3.38E+08,7.08E+06,3526622,3526622,0,623100
100,3.31E+08,7.44E+06,3526654,3526657,0,557950
100,3.38E+08,7.08E+06,3526662,3526662,0,617150
100,3.38E+08,7.08E+06,3526665,3526664,0,630200
100,3.38E+08,7.08E+06,3526676,3526676,0,586850
100,3.38E+08,7.08E+06,3526690,3526690,0,586850
100,3.18E+08,7.43E+06,3526735,3526734,0,526250
100,3.38E+08,7.08E+06,3526743,3526743,0,619250
100,3.38E+08,7.08E+06,3526769,3526769,0,586150
100,3.38E+08,7.08E+06,3526782,3526782,0,594100
100,3.38E+08,7.24E+06,3526791,3526789,0,580850
100,3.38E+08,7.08E+06,3526822,3526822,0,620950
100,3.38E+08,7.08E+06,3526873,3526873,0,610000
100,3.38E+08,7.08E+06,3526911,3526912,0,608500
100,3.38E+08,7.08E+06,3526934,3526934,0,630200
100,3.13E+08,7.28E+06,3526998,3526998,0,507500
100,3.38E+08,7.08E+06,3527019,3527020,0,618450
100,3.38E+08,7.08E+06,3527024,3527025,0,640500
100,3.38E+08,7.08E+06,3527049,3527049,0,630100
100,3.38E+08,7.08E+06,3527066,3527066,0,630100
100,3.38E+08,7.08E+06,3527067,3527064,0,606400
100,3.34E+08,7.58E+06,3527104,3527105,0,567400
100,3.38E+08,7.08E+06,3527106,3527106,0,617150
100,2.96E+08,7.28E+06,3527129,3527121,0,456400
100,3.38E+08,7.08E+06,3527130,3527128,0,623100
100,3.38E+08,7.08E+06,3527138,3527139,0,626650
100,3.38E+08,7.08E+06,3527141,3527142,0,640500
100,3.38E+08,7.08E+06,3527192,3527193,0,626650
100,3.38E+08,7.08E+06,3527221,3527219,0,607350
100,3.38E+08,7.08E+06,3527225,3527225,0,630200
100,3.38E+08,7.08E+06,3527230,3527231,0,613450
100,3.34E+08,7.16E+06,3527256,3527255,0,566100
100,3.38E+08,7.08E+06,3527290,3527290,0,630200
100,3.38E+08,7.08E+06,3527324,3527324,0,594100
100,3.26E+08,7.31E+06,3527391,3527391,0,545150
100,3.38E+08,7.08E+06,3527401,3527398,0,642650
100,3.38E+08,7.08E+06,3527422,3527422,0,586150
100,3.38E+08,7.08E+06,3527426,3527426,0,586850
100,3.38E+08,7.08E+06,3527431,3527431,0,600300
100,3.38E+08,7.11E+06,3527437,3527437,0,580850
100,3.38E+08,7.08E+06,3527439,3527439,0,630200
100,3.38E+08,7.08E+06,3527439,3527438,0,630200
100,3.38E+08,7.08E+06,3527471,3527470,0,623100
100,3.38E+08,7.08E+06,3527476,3527476,0,610000
100,3.38E+08,7.08E+06,3527532,3527529,0,608500
100,3.38E+08,7.08E+06,3527552,3527549,0,626650
100,3.38E+08,7.08E+06,3527554,3527556,0,613450
100,3.38E+08,7.08E+06,3527580,3527580,0,616850
100,3.38E+08,7.08E+06,3527590,3527590,0,594100
100,3.38E+08,7.08E+06,3527599,3527600,0,638900
100,3.38E+08,7.08E+06,3527630,3527632,0,623100
100,3.38E+08,7.08E+06,3527685,3527685,0,630200
100,3.38E+08,7.08E+06,3527701,3527702,0,630200
100,3.38E+08,7.08E+06,3527730,3527730,0,623100
100,3.38E+08,7.08E+06,3527746,3527747,0,617150
100,3.34E+08,7.23E+06,3527767,3527768,0,566150
100,3.38E+08,7.08E+06,3527767,3527767,0,608500
100,3.38E+08,7.08E+06,3527770,3527770,0,586150
100,3.38E+08,7.08E+06,3527787,3527789,0,586850
100,3.38E+08,7.08E+06,3527827,3527827,0,620150
100,3.38E+08,7.08E+06,3527840,3527840,0,617150
100,3.34E+08,7.42E+06,3527886,3527886,0,567400
100,3.38E+08,7.08E+06,3527889,3527889,0,618300
100,3.38E+08,7.08E+06,3527901,3527900,0,617950
100,3.19E+08,7.77E+06,3527927,3527927,0,527200
100,3.38E+08,7.08E+06,3527939,3527934,0,617950
100,3.38E+08,7.08E+06,3527970,3527970,0,616850
100,3.38E+08,7.08E+06,3527972,3527974,0,586850
100,3.38E+08,7.08E+06,3527991,3527987,0,630200
100,3.38E+08,7.08E+06,3528005,3528005,0,594100
100,3.38E+08,7.08E+06,3528032,3528032,0,630200
100,3.38E+08,7.08E+06,3528036,3528038,0,616500
100,3.38E+08,7.08E+06,3528055,3528054,0,586850
100,3.38E+08,7.08E+06,3528068,3528069,0,638900
100,3.38E+08,7.08E+06,3528074,3528075,0,613450
100,3.38E+08,7.08E+06,3528121,3528120,0,608100
100,3.38E+08,7.08E+06,3528128,3528128,0,630200
100,3.38E+08,7.08E+06,3528151,3528148,0,608100
100,3.38E+08,7.08E+06,3528164,3528165,0,630100
100,3.27E+08,7.19E+06,3528185,3528185,0,545550
100,3.32E+08,7.13E+06,3528205,3528205,0,562000
100,3.38E+08,7.08E+06,3528239,3528238,0,618300
100,3.38E+08,7.08E+06,3528254,3528254,0,630100
100,3.38E+08,7.08E+06,3528277,3528277,0,630200
100,3.38E+08,7.08E+06,3528338,3528338,0,608100
100,3.38E+08,7.08E+06,3528350,3528350,0,586850
100,3.38E+08,7.08E+06,3528352,3528353,0,603700
100,3.38E+08,7.08E+06,3528382,3528380,0,582500
100,3.38E+08,7.08E+06,3528416,3528416,0,630200
100,3.38E+08,7.08E+06,3528508,3528508,0,617950
100,3.38E+08,7.08E+06,3528535,3528535,0,586850
100,3.38E+08,7.08E+06,3528552,3528550,0,639100
100,3.38E+08,7.08E+06,3528589,3528588,0,582500
100,3.30E+08,7.35E+06,3528593,3528593,0,553200
100,3.38E+08,7.08E+06,3528595,3528595,0,630200
100,3.38E+08,7.08E+06,3528612,3528610,0,582500
100,3.38E+08,7.08E+06,3528645,3528645,0,620150
100,3.38E+08,7.08E+06,3528676,3528671,0,630200
100,3.38E+08,7.14E+06,3528681,3528681,0,580600
100,3.38E+08,7.08E+06,3528681,3528683,0,616850
100,3.38E+08,7.08E+06,3528715,3528713,0,613450
100,3.38E+08,7.08E+06,3528716,3528714,0,617150
100,3.38E+08,7.08E+06,3528743,3528741,0,630100
100,3.38E+08,7.08E+06,3528780,3528781,0,586850
100,3.38E+08,7.08E+06,3528792,3528789,0,639100
100,3.38E+08,7.08E+06,3528794,3528787,0,619250
100,3.38E+08,7.08E+06,3528804,3528803,0,594100
100,3.38E+08,7.08E+06,3528815,3528816,0,618300
100,3.38E+08,7.08E+06,3528824,3528824,0,630200
100,3.38E+08,7.08E+06,3528830,3528830,0,639100
100,3.38E+08,7.08E+06,3528846,3528849,0,618300
100,3.38E+08,7.08E+06,3528894,3528893,0,608500
100,3.38E+08,7.08E+06,3528962,3528962,0,608500
100,3.38E+08,7.08E+06,3528966,3528966,0,630100
100,3.38E+08,7.08E+06,3528966,3528965,0,639100
100,3.38E+08,7.08E+06,3528975,3528972,0,609950
100,3.38E+08,7.08E+06,3528982,3528982,0,630200
100,3.38E+08,7.08E+06,3529001,3529002,0,630200
100,3.38E+08,7.08E+06,3529057,3529056,0,610000
100,3.38E+08,7.08E+06,3529075,3529075,0,619250
100,3.34E+08,7.31E+06,3529095,3529095,0,567400
100,3.38E+08,7.08E+06,3529102,3529102,0,586150
100,3.38E+08,7.08E+06,3529118,3529118,0,607350
100,3.29E+08,7.28E+06,3529129,3529129,0,551700
100,3.35E+08,7.12E+06,3529155,3529154,0,568700
100,3.38E+08,7.08E+06,3529183,3529182,0,617150
100,3.38E+08,7.08E+06,3529201,3529201,0,617150
100,3.38E+08,7.08E+06,3529209,3529209,0,630100
100,3.38E+08,7.08E+06,3529291,3529295,0,623100
100,3.31E+08,7.14E+06,3529302,3529301,0,558100
100,3.38E+08,7.08E+06,3529304,3529307,0,618450
100,3.38E+08,7.08E+06,3529316,3529311,0,640500
100,3.38E+08,7.08E+06,3529341,3529339,0,630200
100,3.38E+08,7.38E+06,3529342,3529342,0,582500
100,3.38E+08,7.08E+06,3529369,3529370,0,627000
100,3.38E+08,7.08E+06,3529392,3529392,0,603700
100,3.38E+08,7.08E+06,3529417,3529414,0,618050
100,3.38E+08,7.08E+06,3529418,3529418,0,621600
100,3.38E+08,7.08E+06,3529442,3529443,0,642650
100,3.38E+08,7.08E+06,3529448,3529447,0,630200
100,3.38E+08,7.08E+06,3529454,3529451,0,613450
100,3.38E+08,7.08E+06,3529480,3529482,0,623100
100,3.38E+08,7.08E+06,3529480,3529475,0,630200
100,3.38E+08,7.08E+06,3529523,3529523,0,621600
100,3.38E+08,7.08E+06,3529558,3529557,0,617950
100,3.38E+08,7.08E+06,3529564,3529564,0,617150
100,3.38E+08,7.08E+06,3529570,3529567,0,638900
100,3.38E+08,7.08E+06,3529572,3529572,0,608500
100,3.38E+08,7.08E+06,3529600,3529600,0,610000
100,3.38E+08,7.08E+06,3529619,3529619,0,620150
100,3.38E+08,7.08E+06,3529621,3529623,0,582500
100,3.38E+08,7.08E+06,3529629,3529628,0,613450
100,3.38E+08,7.08E+06,3529678,3529677,0,639100
100,3.28E+08,7.12E+06,3529689,3529689,0,546950
100,3.38E+08,7.08E+06,3529692,3529696,0,620150
100,3.38E+08,7.08E+06,3529708,3529708,0,610000
100,3.38E+08,7.08E+06,3529710,3529711,0,621700
100,3.38E+08,7.08E+06,3529718,3529714,0,619250
100,3.38E+08,7.17E+06,3529751,3529753,0,580600
100,3.28E+08,7.18E+06,3529757,3529757,0,548950
100,3.38E+08,7.08E+06,3529768,3529769,0,619250
100,3.28E+08,7.20E+06,3529813,3529813,0,549100
100,3.38E+08,7.08E+06,3529817,3529817,0,615650
100,3.38E+08,7.08E+06,3529820,3529819,0,613450
100,3.34E+08,7.27E+06,3529822,3529823,0,566100
100,3.38E+08,7.08E+06,3529823,3529821,0,618450
100,3.38E+08,7.08E+06,3529848,3529848,0,628550
100,3.38E+08,7.08E+06,3529929,3529928,0,642650
100,3.38E+08,7.08E+06,3529971,3529971,0,608500
100,3.38E+08,7.08E+06,3529975,3529975,0,628550
100,3.38E+08,7.08E+06,3530034,3530034,0,586850
100,3.38E+08,7.08E+06,3530079,3530079,0,610850
100,3.38E+08,7.08E+06,3530085,3530085,0,617950
100,3.38E+08,7.08E+06,3530107,3530107,0,610000
100,3.34E+08,7.08E+06,3530113,3530111,0,567400
100,3.38E+08,7.08E+06,3530178,3530178,0,586850
100,3.38E+08,7.08E+06,3530204,3530202,0,630100
100,3.38E+08,7.08E+06,3530220,3530220,0,630200
100,3.38E+08,7.08E+06,3530235,3530235,0,630200
100,3.38E+08,7.08E+06,3530278,3530274,0,630200
100,3.38E+08,7.08E+06,3530291,3530290,0,607350
100,3.38E+08,7.08E+06,3530293,3530294,0,623100
100,3.38E+08,7.08E+06,3530299,3530302,0,594100
100,3.38E+08,7.08E+06,3530327,3530322,0,618300
100,3.38E+08,7.08E+06,3530330,3530331,0,610850
100,3.38E+08,7.08E+06,3530330,3530330,0,630200
100,3.38E+08,7.08E+06,3530346,3530344,0,594100
100,3.38E+08,7.08E+06,3530359,3530358,0,606400
100,3.38E+08,7.08E+06,3530360,3530361,0,618300
100,3.38E+08,7.08E+06,3530379,3530379,0,630100
100,3.38E+08,7.08E+06,3530385,3530385,0,603700
100,3.38E+08,7.08E+06,3530392,3530390,0,618050
100,3.18E+08,7.66E+06,3530417,3530417,0,526450
100,3.38E+08,7.08E+06,3530440,3530440,0,615650
100,3.38E+08,7.08E+06,3530472,3530472,0,619250
100,3.38E+08,7.08E+06,3530496,3530497,0,630200
100,3.38E+08,7.08E+06,3530504,3530502,0,608500
100,3.38E+08,7.08E+06,3530527,3530527,0,618300
100,3.38E+08,7.08E+06,3530532,3530532,0,616850
100,3.38E+08,7.08E+06,3530539,3530539,0,618050
100,3.38E+08,7.08E+06,3530587,3530582,0,617150
100,3.38E+08,7.08E+06,3530600,3530600,0,623100
100,3.38E+08,7.08E+06,3530600,3530600,0,623100
100,3.38E+08,7.08E+06,3530623,3530623,0,610850
100,3.38E+08,7.20E+06,3530630,3530630,0,582500
100,3.38E+08,7.08E+06,3530692,3530692,0,586850
100,3.38E+08,7.08E+06,3530706,3530710,0,615450
100,3.38E+08,7.08E+06,3530713,3530715,0,617950
100,3.34E+08,7.11E+06,3530729,3530727,0,567400
100,3.38E+08,7.08E+06,3530729,3530729,0,610000
100,3.38E+08,7.08E+06,3530734,3530734,0,586850
100,3.38E+08,7.08E+06,3530734,3530734,0,613450
100,3.38E+08,7.08E+06,3530739,3530738,0,623100
100,3.38E+08,7.08E+06,3530791,3530786,0,619250
100,3.34E+08,7.62E+06,3530817,3530820,0,567400
100,3.38E+08,7.08E+06,3530859,3530859,0,610000
100,3.38E+08,7.08E+06,3530880,3530882,0,610000
100,3.38E+08,7.20E+06,3530885,3530884,0,582500
100,3.38E+08,7.08E+06,3530903,3530904,0,607350
100,3.38E+08,7.08E+06,3530919,3530922,0,586850
100,3.38E+08,7.08E+06,3530985,3530985,0,594100
100,3.38E+08,7.08E+06,3531009,3531009,0,613450
100,3.38E+08,7.08E+06,3531010,3531009,0,618050
100,3.38E+08,7.08E+06,3531016,3531015,0,582500
100,3.38E+08,7.08E+06,3531038,3531040,0,586850
100,3.38E+08,7.08E+06,3531048,3531046,0,630200
100,3.38E+08,7.08E+06,3531052,3531050,0,640500
100,3.38E+08,7.08E+06,3531054,3531052,0,644850
100,3.38E+08,7.08E+06,3531057,3531057,0,630100
100,3.18E+08,7.72E+06,3531078,3531080,0,527200
100,3.34E+08,7.10E+06,3531089,3531091,0,567400
100,3.31E+08,7.06E+06,3531152,3531152,0,557950
100,3.38E+08,7.08E+06,3531168,3531168,0,630200
100,3.38E+08,7.08E+06,3531211,3531212,0,630100
100,3.38E+08,7.08E+06,3531259,3531257,0,621600
100,3.38E+08,7.08E+06,3531263,3531264,0,630200
100,3.32E+08,7.31E+06,3531266,3531267,0,559850
100,3.38E+08,7.08E+06,3531304,3531304,0,603700
100,3.38E+08,7.08E+06,3531336,3531336,0,619250
100,3.38E+08,7.08E+06,3531366,3531364,0,610000
100,3.38E+08,7.08E+06,3531374,3531375,0,606400
100,3.18E+08,7.42E+06,3531396,3531397,0,527200
100,3.32E+08,7.49E+06,3531441,3531444,0,559400
100,3.38E+08,7.08E+06,3531448,3531448,0,582500
100,3.38E+08,7.08E+06,3531450,3531451,0,630200
100,3.38E+08,7.08E+06,3531460,3531460,0,638900
100,3.38E+08,7.08E+06,3531478,3531478,0,621850
100,3.38E+08,7.08E+06,3531502,3531504,0,630200
100,3.38E+08,7.08E+06,3531509,3531508,0,586850
100,3.38E+08,7.08E+06,3531528,3531529,0,638900
100,3.38E+08,7.08E+06,3531571,3531571,0,628550
100,3.38E+08,7.08E+06,3531599,3531599,0,617150
100,3.38E+08,7.08E+06,3531602,3531600,0,642650
100,3.38E+08,7.08E+06,3531609,3531608,0,617950
100,3.38E+08,7.08E+06,3531611,3531612,0,582500
100,3.32E+08,7.17E+06,3531634,3531632,0,559450
100,3.38E+08,7.08E+06,3531655,3531655,0,623100
100,3.38E+08,7.08E+06,3531657,3531657,0,630200
100,3.38E+08,7.08E+06,3531663,3531663,0,607350
100,3.38E+08,7.08E+06,3531672,3531671,0,585000
100,3.38E+08,7.08E+06,3531703,3531703,0,608500
100,3.38E+08,7.08E+06,3531720,3531720,0,586850
100,3.38E+08,7.27E+06,3531730,3531730,0,582500
100,3.38E+08,7.08E+06,3531736,3531736,0,613450
100,3.38E+08,7.08E+06,3531737,3531737,0,594100
100,3.38E+08,7.08E+06,3531754,3531754,0,639100
100,3.38E+08,7.08E+06,3531777,3531778,0,607350
100,3.32E+08,7.08E+06,3531782,3531780,0,559450
100,3.38E+08,7.08E+06,3531800,3531804,0,630100
100,3.30E+08,7.13E+06,3531806,3531807,0,553200
100,3.38E+08,7.08E+06,3531807,3531804,0,623100
100,3.38E+08,7.08E+06,3531810,3531809,0,586850
100,3.38E+08,7.08E+06,3531818,3531816,0,603700
100,3.38E+08,7.08E+06,3531861,3531861,0,586850
100,3.38E+08,7.08E+06,3531878,3531880,0,630200
100,3.38E+08,7.08E+06,3531921,3531921,0,617150
100,3.38E+08,7.08E+06,3531979,3531978,0,639100
100,3.38E+08,7.08E+06,3531992,3531990,0,621100
100,3.38E+08,7.08E+06,3532026,3532028,0,620150
100,3.38E+08,7.08E+06,3532055,3532055,0,630200
100,3.38E+08,7.08E+06,3532062,3532062,0,630200
100,3.38E+08,7.08E+06,3532069,3532069,0,618450
100,3.38E+08,7.08E+06,3532111,3532112,0,618300
100,3.38E+08,7.14E+06,3532115,3532106,0,580850
100,3.38E+08,7.08E+06,3532124,3532124,0,620950
100,3.34E+08,7.29E+06,3532137,3532134,0,567400
100,3.35E+08,7.45E+06,3532150,3532150,0,569550
100,3.38E+08,7.08E+06,3532240,3532240,0,607350
100,3.29E+08,7.09E+06,3532271,3532273,0,551700
100,3.38E+08,7.08E+06,3532277,3532276,0,613450
100,3.28E+08,7.48E+06,3532288,3532290,0,549100
100,3.38E+08,7.08E+06,3532311,3532311,0,630200
100,3.38E+08,7.08E+06,3532337,3532337,0,608500
100,3.38E+08,7.08E+06,3532448,3532448,0,630100
100,3.38E+08,7.08E+06,3532454,3532450,0,623100
100,3.38E+08,7.08E+06,3532459,3532459,0,610000
100,3.38E+08,7.08E+06,3532488,3532490,0,618050
100,3.38E+08,7.08E+06,3532512,3532512,0,610850
100,3.38E+08,7.08E+06,3532533,3532534,0,613450
100,3.38E+08,7.08E+06,3532554,3532554,0,630200
100,3.38E+08,7.08E+06,3532598,3532598,0,630200
100,3.32E+08,7.54E+06,3532601,3532599,0,559400
100,3.38E+08,7.33E+06,3532602,3532598,0,582500
100,3.38E+08,7.08E+06,3532605,3532606,0,620150
100,3.38E+08,7.08E+06,3532620,3532617,0,586850
100,3.38E+08,7.08E+06,3532662,3532662,0,586850
100,3.38E+08,7.08E+06,3532709,3532706,0,618050
100,3.38E+08,7.08E+06,3532716,3532718,0,630200
100,3.38E+08,7.08E+06,3532805,3532804,0,630200
100,3.38E+08,7.08E+06,3532845,3532845,0,613450
100,3.38E+08,7.08E+06,3532848,3532851,0,617150
100,2.92E+08,7.40E+06,3532870,3532870,0,445150
100,3.18E+08,7.16E+06,3532882,3532883,0,526250
100,3.38E+08,7.08E+06,3532884,3532884,0,630200
100,3.38E+08,7.08E+06,3532887,3532887,0,610900
100,3.38E+08,7.08E+06,3532916,3532916,0,638900
100,3.38E+08,7.08E+06,3532916,3532921,0,639100
100,3.38E+08,7.08E+06,3532928,3532926,0,617950
100,3.38E+08,7.28E+06,3532930,3532930,0,580400
100,3.38E+08,7.08E+06,3532949,3532951,0,586850
100,3.38E+08,7.08E+06,3532976,3532976,0,586850
100,3.17E+08,7.51E+06,3533021,3533019,0,526150
100,3.38E+08,7.08E+06,3533033,3533033,0,619250
100,3.32E+08,7.47E+06,3533035,3533036,0,562000
100,3.38E+08,7.08E+06,3533090,3533090,0,607350
100,3.38E+08,7.08E+06,3533144,3533144,0,630200
100,3.38E+08,7.08E+06,3533150,3533148,0,617150
100,3.38E+08,7.08E+06,3533160,3533161,0,638150
100,3.38E+08,7.08E+06,3533173,3533173,0,610000
100,3.38E+08,7.08E+06,3533195,3533197,0,582500
100,3.38E+08,7.08E+06,3533223,3533223,0,594100
100,3.38E+08,7.08E+06,3533223,3533223,0,610000
100,3.38E+08,7.08E+06,3533244,3533244,0,630200
100,3.38E+08,7.08E+06,3533259,3533259,0,630200
100,2.93E+08,7.25E+06,3533264,3533264,0,447550
100,3.38E+08,7.08E+06,3533284,3533285,0,610850
100,3.34E+08,7.28E+06,3533288,3533287,0,567400
100,3.38E+08,7.08E+06,3533299,3533295,0,630200
100,3.38E+08,7.08E+06,3533311,3533313,0,630200
100,3.38E+08,7.08E+06,3533317,3533316,0,613450
100,3.38E+08,7.08E+06,3533318,3533317,0,630200
100,3.38E+08,7.08E+06,3533342,3533342,0,615450
100,3.38E+08,7.08E+06,3533358,3533357,0,630200
100,3.38E+08,7.08E+06,3533361,3533361,0,618300
100,3.23E+08,7.41E+06,3533363,3533362,0,542650
100,3.31E+08,7.24E+06,3533365,3533365,0,557950
100,3.38E+08,7.08E+06,3533385,3533385,0,617150
100,3.29E+08,7.17E+06,3533429,3533428,0,551050
100,3.38E+08,7.08E+06,3533441,3533439,0,610000
100,3.38E+08,7.08E+06,3533458,3533458,0,630200
100,3.38E+08,7.08E+06,3533467,3533462,0,619250
100,3.28E+08,7.26E+06,3533478,3533479,0,546950
100,3.38E+08,7.08E+06,3533486,3533484,0,610850
100,3.38E+08,7.08E+06,3533489,3533490,0,617950
100,3.38E+08,7.08E+06,3533504,3533505,0,631700
100,3.38E+08,7.08E+06,3533600,3533600,0,630200
100,3.38E+08,7.08E+06,3533618,3533618,0,617150
100,3.38E+08,7.08E+06,3533619,3533616,0,582500
100,3.38E+08,7.08E+06,3533686,3533687,0,630200
100,3.38E+08,7.08E+06,3533700,3533700,0,618300
100,3.38E+08,7.08E+06,3533720,3533722,0,626650
100,3.38E+08,7.08E+06,3533721,3533725,0,630200
100,3.38E+08,7.08E+06,3533721,3533721,0,639100
100,3.38E+08,7.08E+06,3533726,3533725,0,610000
100,3.38E+08,7.08E+06,3533731,3533731,0,626650
100,3.38E+08,7.08E+06,3533755,3533753,0,613450
100,3.30E+08,7.09E+06,3533786,3533785,0,553200
100,3.38E+08,7.08E+06,3533786,3533786,0,630100
100,3.38E+08,7.08E+06,3533799,3533799,0,607350
100,3.38E+08,7.08E+06,3533817,3533817,0,623100
100,3.38E+08,7.08E+06,3533817,3533817,0,642650
100,3.38E+08,7.08E+06,3533840,3533840,0,623100
100,3.38E+08,7.08E+06,3533922,3533926,0,613450
100,3.38E+08,7.08E+06,3533957,3533958,0,586850
100,3.38E+08,7.08E+06,3533971,3533971,0,619250
100,3.38E+08,7.08E+06,3534027,3534026,0,618450
100,3.38E+08,7.08E+06,3534087,3534087,0,617950
100,3.38E+08,7.08E+06,3534120,3534120,0,607350
100,3.38E+08,7.08E+06,3534133,3534132,0,626650
100,3.31E+08,7.22E+06,3534136,3534136,0,558100
100,3.38E+08,7.08E+06,3534137,3534136,0,607350
100,3.38E+08,7.08E+06,3534173,3534173,0,610900
100,3.38E+08,7.08E+06,3534198,3534195,0,610850
100,3.38E+08,7.08E+06,3534225,3534225,0,630200
100,3.38E+08,7.08E+06,3534253,3534254,0,609950
100,3.35E+08,7.09E+06,3534255,3534255,0,568700
100,3.31E+08,7.12E+06,3534267,3534267,0,557950
100,3.38E+08,7.08E+06,3534280,3534282,0,630200
100,3.38E+08,7.08E+06,3534299,3534299,0,619250
100,3.38E+08,7.08E+06,3534313,3534313,0,630200
100,3.37E+08,7.07E+06,3534321,3534321,0,576500
100,3.38E+08,7.08E+06,3534335,3534335,0,619250
100,3.38E+08,7.08E+06,3534356,3534357,0,594100
100,3.38E+08,7.08E+06,3534362,3534363,0,642650
100,3.38E+08,7.08E+06,3534403,3534403,0,618050
100,3.28E+08,7.16E+06,3534412,3534414,0,549100
100,3.38E+08,7.08E+06,3534441,3534441,0,626650
100,3.38E+08,7.08E+06,3534441,3534440,0,630200
100,3.38E+08,7.08E+06,3534507,3534507,0,626650
100,3.38E+08,7.08E+06,3534516,3534519,0,642650
100,3.38E+08,7.08E+06,3534524,3534525,0,618450
100,3.38E+08,7.73E+06,3534528,3534528,0,580850
100,3.38E+08,7.08E+06,3534569,3534569,0,586850
100,3.38E+08,7.08E+06,3534588,3534586,0,586150
100,3.38E+08,7.08E+06,3534615,3534613,0,640500
100,3.38E+08,7.08E+06,3534619,3534619,0,620950
100,3.38E+08,7.08E+06,3534620,3534617,0,623100
100,3.38E+08,7.08E+06,3534629,3534629,0,630200
100,3.38E+08,7.08E+06,3534676,3534677,0,644850
100,3.38E+08,7.08E+06,3534703,3534698,0,630200
100,3.38E+08,7.08E+06,3534709,3534710,0,618050
100,3.38E+08,7.08E+06,3534744,3534744,0,586850
100,3.38E+08,7.08E+06,3534747,3534747,0,628550
100,3.38E+08,7.08E+06,3534829,3534833,0,630200
100,3.38E+08,7.08E+06,3534871,3534869,0,586850
100,3.32E+08,7.19E+06,3534872,3534873,0,559450
100,3.28E+08,7.32E+06,3534876,3534876,0,549100
100,3.38E+08,7.08E+06,3534924,3534923,0,630200
100,3.38E+08,7.08E+06,3534942,3534944,0,619250
100,3.38E+08,7.08E+06,3534951,3534951,0,630200
100,3.38E+08,7.08E+06,3534982,3534982,0,644850
100,3.29E+08,7.23E+06,3535039,3535038,0,551700
100,3.38E+08,7.08E+06,3535039,3535040,0,630100
100,3.38E+08,7.08E+06,3535072,3535072,0,616500
100,3.31E+08,7.06E+06,3535088,3535088,0,557950
100,3.38E+08,7.08E+06,3535119,3535119,0,630100
100,3.38E+08,7.08E+06,3535171,3535171,0,619250
100,3.38E+08,7.08E+06,3535177,3535178,0,586150
100,3.19E+08,7.61E+06,3535186,3535187,0,529300
100,3.38E+08,7.08E+06,3535200,3535198,0,630100
100,3.38E+08,7.08E+06,3535208,3535208,0,610850
100,3.38E+08,7.08E+06,3535210,3535210,0,619250
100,3.31E+08,7.14E+06,3535221,3535221,0,558100
100,3.38E+08,7.08E+06,3535253,3535245,0,610000
100,3.38E+08,7.08E+06,3535277,3535275,0,630200
100,3.38E+08,7.08E+06,3535293,3535293,0,608500
100,3.38E+08,7.08E+06,3535303,3535305,0,615450
100,3.38E+08,7.08E+06,3535314,3535314,0,586850
100,3.38E+08,7.08E+06,3535335,3535334,0,610850
100,3.38E+08,7.08E+06,3535369,3535371,0,630050
100,3.38E+08,7.08E+06,3535380,3535381,0,610000
100,3.38E+08,7.08E+06,3535391,3535390,0,606400
100,3.38E+08,7.08E+06,3535407,3535407,0,618450
100,3.38E+08,7.08E+06,3535418,3535418,0,630200
100,3.38E+08,7.08E+06,3535424,3535427,0,638150
100,3.38E+08,7.08E+06,3535429,3535428,0,639100
100,3.38E+08,7.08E+06,3535436,3535437,0,623100
100,3.38E+08,7.08E+06,3535438,3535438,0,618300
100,3.38E+08,7.08E+06,3535471,3535471,0,638900
100,3.38E+08,7.08E+06,3535481,3535481,0,620150
100,3.38E+08,7.08E+06,3535537,3535537,0,644850
100,3.38E+08,7.35E+06,3535601,3535601,0,580850
100,3.38E+08,7.08E+06,3535621,3535621,0,617150
100,3.35E+08,7.18E+06,3535622,3535623,0,568700
100,3.38E+08,7.08E+06,3535648,3535650,0,630200
100,3.38E+08,7.08E+06,3535649,3535649,0,630200
100,3.38E+08,7.08E+06,3535655,3535651,0,630100
100,3.38E+08,7.08E+06,3535678,3535680,0,617150
100,3.38E+08,7.08E+06,3535725,3535725,0,630200
100,3.38E+08,7.08E+06,3535772,3535776,0,618300
100,3.38E+08,7.08E+06,3535782,3535783,0,626650
100,3.38E+08,7.08E+06,3535784,3535787,0,630200
100,3.38E+08,7.08E+06,3535821,3535819,0,586850
100,3.38E+08,7.08E+06,3535825,3535825,0,610000
100,3.38E+08,7.08E+06,3535832,3535831,0,616500
100,3.38E+08,7.08E+06,3535852,3535852,0,616850
100,3.18E+08,7.45E+06,3535902,3535900,0,526450
100,3.38E+08,7.08E+06,3535911,3535910,0,630200
100,3.30E+08,7.14E+06,3535930,3535929,0,553200
100,3.38E+08,7.08E+06,3535931,3535933,0,630100
100,3.38E+08,7.08E+06,3535956,3535954,0,607350
100,3.38E+08,7.08E+06,3535963,3535964,0,613450
100,3.28E+08,7.28E+06,3535964,3535964,0,548950
100,3.38E+08,7.08E+06,3535966,3535967,0,608100
100,3.38E+08,7.08E+06,3535984,3535984,0,608300
100,3.38E+08,7.08E+06,3535988,3535986,0,630200
100,3.38E+08,7.08E+06,3535989,3535988,0,630200
100,3.38E+08,7.08E+06,3536032,3536033,0,617600
100,3.38E+08,7.08E+06,3536069,3536068,0,630200
100,3.38E+08,7.08E+06,3536082,3536081,0,607350
100,3.38E+08,7.08E+06,3536082,3536083,0,610000
100,3.38E+08,7.08E+06,3536092,3536092,0,630200
100,3.38E+08,7.08E+06,3536120,3536123,0,618450
100,3.38E+08,7.08E+06,3536135,3536138,0,607350
100,3.38E+08,7.08E+06,3536174,3536175,0,618300
100,3.38E+08,7.08E+06,3536179,3536180,0,617150
100,3.38E+08,7.08E+06,3536192,3536193,0,628550
100,3.38E+08,7.08E+06,3536220,3536220,0,618300
100,3.38E+08,7.08E+06,3536220,3536216,0,630200
100,3.38E+08,7.08E+06,3536242,3536242,0,609950
100,3.38E+08,7.08E+06,3536306,3536310,0,607350
100,3.37E+08,7.14E+06,3536322,3536321,0,576500
100,3.38E+08,7.08E+06,3536325,3536324,0,586850
100,3.38E+08,7.08E+06,3536380,3536375,0,630200
100,3.38E+08,7.08E+06,3536382,3536382,0,619250
100,3.38E+08,7.08E+06,3536385,3536384,0,615450
100,3.38E+08,7.08E+06,3536396,3536394,0,615450
100,3.38E+08,7.08E+06,3536403,3536404,0,630200
100,3.38E+08,7.08E+06,3536438,3536438,0,630200
100,3.38E+08,7.08E+06,3536481,3536482,0,630200
100,3.38E+08,7.08E+06,3536498,3536497,0,610000
100,3.28E+08,7.16E+06,3536506,3536507,0,549100
100,3.34E+08,7.17E+06,3536535,3536538,0,567400
100,3.38E+08,7.08E+06,3536557,3536556,0,616850
100,3.38E+08,7.08E+06,3536594,3536595,0,586850
100,3.38E+08,7.08E+06,3536601,3536600,0,608100
100,3.38E+08,7.08E+06,3536627,3536627,0,630200
100,3.38E+08,7.08E+06,3536628,3536629,0,630200
100,3.38E+08,7.08E+06,3536635,3536635,0,644850
100,3.38E+08,7.08E+06,3536657,3536659,0,623100
100,3.18E+08,7.52E+06,3536665,3536663,0,527200
100,3.38E+08,7.08E+06,3536671,3536671,0,623100
100,3.38E+08,7.08E+06,3536709,3536708,0,621700
100,3.38E+08,7.08E+06,3536724,3536727,0,638900
100,3.38E+08,7.08E+06,3536767,3536768,0,607350
100,3.38E+08,7.08E+06,3536782,3536783,0,620150
100,3.38E+08,7.08E+06,3536829,3536829,0,638900
100,3.38E+08,7.08E+06,3536870,3536870,0,609950
100,3.38E+08,7.08E+06,3536914,3536914,0,609950
100,3.38E+08,7.08E+06,3536916,3536917,0,644850
100,3.38E+08,7.15E+06,3536932,3536931,0,580600
100,3.38E+08,7.08E+06,3536940,3536941,0,621600
100,3.38E+08,7.08E+06,3536964,3536964,0,630200
100,3.38E+08,7.08E+06,3537036,3537036,0,616850
100,3.38E+08,7.08E+06,3537045,3537047,0,603700
100,3.28E+08,7.13E+06,3537113,3537113,0,549100
100,3.38E+08,7.08E+06,3537116,3537115,0,618450
100,3.38E+08,7.08E+06,3537155,3537152,0,600300
100,3.38E+08,7.08E+06,3537164,3537162,0,594100
100,3.38E+08,7.08E+06,3537197,3537197,0,640500
100,3.38E+08,7.08E+06,3537227,3537226,0,623000
100,3.38E+08,7.08E+06,3537232,3537231,0,621700
100,3.35E+08,7.45E+06,3537267,3537269,0,568700
100,3.38E+08,7.08E+06,3537275,3537276,0,603700
100,3.33E+08,7.62E+06,3537311,3537312,0,565700
100,3.38E+08,7.08E+06,3537327,3537325,0,630200
100,3.28E+08,7.64E+06,3537347,3537347,0,549100
100,3.38E+08,7.08E+06,3537349,3537350,0,623100
100,3.38E+08,7.08E+06,3537366,3537370,0,618300
100,3.38E+08,7.08E+06,3537367,3537365,0,617150
100,3.38E+08,7.08E+06,3537381,3537381,0,594100
100,3.38E+08,7.08E+06,3537401,3537401,0,621700
100,3.38E+08,7.08E+06,3537403,3537405,0,618300
100,3.38E+08,7.08E+06,3537423,3537424,0,630200
100,3.38E+08,7.08E+06,3537430,3537431,0,607350
100,3.38E+08,7.08E+06,3537430,3537430,0,626650
100,3.29E+08,7.14E+06,3537442,3537440,0,551050
100,3.38E+08,7.08E+06,3537457,3537457,0,586850
100,3.38E+08,7.08E+06,3537488,3537489,0,630100
100,3.38E+08,7.08E+06,3537558,3537557,0,603700
100,3.38E+08,7.08E+06,3537559,3537559,0,603700
100,3.34E+08,7.24E+06,3537586,3537586,0,566100
100,3.38E+08,7.08E+06,3537600,3537600,0,639100
100,3.38E+08,7.08E+06,3537620,3537619,0,609950
100,3.30E+08,7.07E+06,3537647,3537647,0,553200
100,3.38E+08,7.08E+06,3537728,3537728,0,615650
100,3.38E+08,7.08E+06,3537749,3537749,0,618450
100,3.28E+08,7.28E+06,3537766,3537766,0,549100
100,3.38E+08,7.08E+06,3537785,3537783,0,610000
100,3.38E+08,7.08E+06,3537811,3537814,0,630200
100,3.38E+08,7.24E+06,3537835,3537834,0,580600
100,3.38E+08,7.08E+06,3537844,3537843,0,586850
100,3.29E+08,7.24E+06,3537852,3537851,0,551050
100,3.38E+08,7.08E+06,3537860,3537860,0,610000
100,3.38E+08,7.08E+06,3537871,3537871,0,607350
100,3.38E+08,7.08E+06,3537922,3537922,0,630200
100,3.38E+08,7.08E+06,3537955,3537951,0,607350
100,3.38E+08,7.08E+06,3537975,3537978,0,644850
100,3.38E+08,7.08E+06,3537981,3537980,0,616850
100,3.32E+08,7.13E+06,3537991,3537991,0,559450
100,3.38E+08,7.08E+06,3537998,3537995,0,610000
100,3.38E+08,7.08E+06,3538034,3538033,0,582500
100,3.38E+08,7.08E+06,3538039,3538036,0,644850
100,3.38E+08,7.08E+06,3538046,3538041,0,630100
100,3.38E+08,7.08E+06,3538068,3538067,0,609950
100,3.38E+08,7.08E+06,3538129,3538129,0,619250
100,3.38E+08,7.08E+06,3538149,3538151,0,621850
100,3.38E+08,7.08E+06,3538158,3538158,0,586850
100,3.38E+08,7.08E+06,3538159,3538161,0,586850
100,3.38E+08,7.08E+06,3538162,3538162,0,617950
100,3.38E+08,7.08E+06,3538230,3538230,0,617150
100,3.38E+08,7.08E+06,3538261,3538261,0,608300
100,3.38E+08,7.08E+06,3538263,3538260,0,620950
100,3.38E+08,7.08E+06,3538309,3538309,0,630200
100,3.38E+08,7.08E+06,3538312,3538309,0,609950
100,3.38E+08,7.08E+06,3538321,3538319,0,617150
100,3.38E+08,7.08E+06,3538339,3538336,0,617950
100,3.38E+08,7.08E+06,3538402,3538402,0,618300
100,3.34E+08,7.61E+06,3538413,3538413,0,566100
100,3.38E+08,7.08E+06,3538435,3538436,0,644850
100,3.38E+08,7.08E+06,3538455,3538454,0,607350
100,3.38E+08,7.08E+06,3538465,3538465,0,618300
100,3.38E+08,7.08E+06,3538476,3538476,0,610000
100,3.38E+08,7.08E+06,3538476,3538476,0,621600
100,3.38E+08,7.08E+06,3538493,3538493,0,630200
100,3.38E+08,7.08E+06,3538500,3538500,0,594100
100,3.38E+08,7.08E+06,3538517,3538517,0,630100
100,3.38E+08,7.08E+06,3538543,3538544,0,616850
100,3.38E+08,7.08E+06,3538566,3538566,0,607350
100,3.29E+08,7.11E+06,3538574,3538574,0,551250
100,3.34E+08,7.59E+06,3538574,3538574,0,567400
100,3.38E+08,7.08E+06,3538593,3538594,0,638900
100,3.34E+08,7.55E+06,3538597,3538599,0,567400
100,3.38E+08,7.08E+06,3538631,3538631,0,630100
100,3.38E+08,7.08E+06,3538636,3538637,0,621700
100,3.38E+08,7.08E+06,3538639,3538639,0,630200
100,3.38E+08,7.08E+06,3538700,3538703,0,606400
100,3.38E+08,7.08E+06,3538700,3538698,0,630200
100,3.38E+08,7.08E+06,3538704,3538700,0,639100
100,3.38E+08,7.08E+06,3538720,3538721,0,626650
100,3.38E+08,7.08E+06,3538724,3538724,0,630100
100,3.34E+08,7.29E+06,3538754,3538754,0,566100
100,3.35E+08,7.13E+06,3538775,3538775,0,569550
100,3.38E+08,7.08E+06,3538803,3538800,0,608500
100,3.38E+08,7.08E+06,3538835,3538836,0,639100
100,3.38E+08,7.08E+06,3538848,3538846,0,621700
100,3.38E+08,7.08E+06,3538875,3538871,0,606400
100,3.38E+08,7.08E+06,3538880,3538880,0,639100
100,3.38E+08,7.08E+06,3538893,3538893,0,618450
100,3.28E+08,7.74E+06,3538899,3538900,0,549100
100,3.19E+08,7.07E+06,3538908,3538911,0,527200
100,3.38E+08,7.08E+06,3538910,3538908,0,617150
100,3.38E+08,7.08E+06,3538951,3538949,0,617950
100,3.38E+08,7.08E+06,3538965,3538967,0,622700
100,3.38E+08,7.08E+06,3538970,3538970,0,603700
100,3.38E+08,7.08E+06,3538981,3538982,0,617150
100,3.38E+08,7.08E+06,3538984,3538985,0,582500
100,3.38E+08,7.08E+06,3538985,3538985,0,608500
100,3.38E+08,7.08E+06,3539005,3539005,0,638150
100,3.38E+08,7.08E+06,3539010,3539007,0,618050
100,3.38E+08,7.08E+06,3539018,3539022,0,586850
100,3.38E+08,7.08E+06,3539091,3539090,0,618300
100,3.38E+08,7.08E+06,3539099,3539098,0,630100
100,3.38E+08,7.08E+06,3539111,3539112,0,630200
100,3.24E+08,7.60E+06,3539162,3539165,0,545150
100,3.29E+08,7.45E+06,3539167,3539164,0,551250
100,3.30E+08,7.53E+06,3539169,3539169,0,553200
100,3.38E+08,7.08E+06,3539177,3539177,0,610900
100,3.38E+08,7.08E+06,3539203,3539204,0,638150
100,3.38E+08,7.08E+06,3539205,3539204,0,586850
100,3.38E+08,7.08E+06,3539223,3539223,0,630100
100,3.38E+08,7.08E+06,3539240,3539242,0,617150
100,3.38E+08,7.08E+06,3539242,3539242,0,607350
100,3.38E+08,7.08E+06,3539285,3539283,0,586850
100,3.38E+08,7.08E+06,3539294,3539295,0,618450
100,3.38E+08,7.08E+06,3539349,3539350,0,610000
100,3.28E+08,7.63E+06,3539375,3539376,0,549100
100,3.34E+08,7.22E+06,3539379,3539379,0,566100
100,3.37E+08,7.70E+06,3539381,3539380,0,576500
100,3.38E+08,7.10E+06,3539389,3539389,0,582500
100,3.38E+08,7.08E+06,3539396,3539396,0,630200
100,3.38E+08,7.08E+06,3539409,3539408,0,621100
100,3.38E+08,7.08E+06,3539450,3539451,0,610850
100,3.38E+08,7.08E+06,3539461,3539461,0,630200
100,3.34E+08,7.11E+06,3539500,3539498,0,566100
100,3.28E+08,7.61E+06,3539511,3539511,0,548900
100,3.38E+08,7.08E+06,3539545,3539545,0,630200
100,3.38E+08,7.08E+06,3539552,3539552,0,607350
100,3.38E+08,7.08E+06,3539582,3539582,0,628550
100,3.38E+08,7.08E+06,3539588,3539590,0,623100
100,3.38E+08,7.08E+06,3539605,3539602,0,628550
100,3.29E+08,7.15E+06,3539607,3539608,0,551050
100,3.38E+08,7.08E+06,3539621,3539618,0,630100
100,3.38E+08,7.08E+06,3539632,3539632,0,617600
100,3.38E+08,7.08E+06,3539663,3539662,0,610000
100,3.38E+08,7.08E+06,3539675,3539673,0,638900
100,3.38E+08,7.08E+06,3539708,3539704,0,617950
100,3.38E+08,7.08E+06,3539719,3539719,0,621100
100,3.38E+08,7.08E+06,3539761,3539761,0,619250
100,3.38E+08,7.08E+06,3539786,3539788,0,608900
100,3.30E+08,7.20E+06,3539799,3539800,0,553200
100,3.11E+08,7.31E+06,3539802,3539803,0,503800
100,3.31E+08,7.29E+06,3539805,3539804,0,558100
100,3.38E+08,7.08E+06,3539807,3539807,0,623100
100,3.38E+08,7.08E+06,3539881,3539882,0,630200
100,3.38E+08,7.08E+06,3539931,3539930,0,628550
100,3.38E+08,7.08E+06,3539945,3539945,0,585200
100,3.38E+08,7.08E+06,3539958,3539958,0,630200
100,3.38E+08,7.08E+06,3539968,3539968,0,618300
100,3.30E+08,7.17E+06,3539988,3539987,0,553200
100,3.38E+08,7.08E+06,3539999,3539999,0,623100
100,3.38E+08,7.08E+06,3540021,3540020,0,630200
100,3.38E+08,7.08E+06,3540026,3540026,0,617950
100,3.38E+08,7.08E+06,3540056,3540056,0,617150
100,3.38E+08,7.08E+06,3540071,3540065,0,607350
100,3.38E+08,7.08E+06,3540080,3540081,0,630100
100,3.38E+08,7.08E+06,3540091,3540090,0,603700
100,3.38E+08,7.08E+06,3540134,3540134,0,630200
100,3.38E+08,7.08E+06,3540146,3540147,0,582500
100,3.38E+08,7.08E+06,3540147,3540148,0,630200
100,3.38E+08,7.08E+06,3540150,3540150,0,630100
100,3.38E+08,7.08E+06,3540169,3540166,0,603700
100,3.38E+08,7.08E+06,3540219,3540216,0,623100
100,3.38E+08,7.08E+06,3540223,3540222,0,619250
100,3.38E+08,7.08E+06,3540234,3540234,0,610000
100,3.38E+08,7.08E+06,3540288,3540288,0,616850
100,3.38E+08,7.08E+06,3540303,3540301,0,630200
100,3.38E+08,7.08E+06,3540332,3540334,0,630200
100,3.38E+08,7.08E+06,3540344,3540341,0,610850
100,3.38E+08,7.08E+06,3540371,3540368,0,618450
100,3.38E+08,7.08E+06,3540409,3540409,0,640900
100,3.38E+08,7.08E+06,3540412,3540414,0,640500
100,3.38E+08,7.08E+06,3540421,3540421,0,607350
100,3.38E+08,7.08E+06,3540422,3540421,0,630200
100,3.38E+08,7.08E+06,3540438,3540435,0,630200
100,3.35E+08,7.13E+06,3540440,3540442,0,568700
100,3.38E+08,7.08E+06,3540453,3540453,0,630100
100,3.38E+08,7.08E+06,3540473,3540472,0,626650
100,3.30E+08,7.08E+06,3540488,3540487,0,553200
100,3.36E+08,7.14E+06,3540499,3540497,0,573700
100,3.38E+08,7.18E+06,3540523,3540523,0,582500
100,3.38E+08,7.08E+06,3540524,3540524,0,610850
100,3.38E+08,7.08E+06,3540527,3540526,0,621700
100,3.38E+08,7.08E+06,3540541,3540546,0,621600
100,3.38E+08,7.08E+06,3540583,3540583,0,630200
100,3.38E+08,7.08E+06,3540592,3540590,0,623000
100,3.38E+08,7.08E+06,3540612,3540612,0,617950
100,3.38E+08,7.08E+06,3540614,3540613,0,630100
100,3.19E+08,7.52E+06,3540631,3540633,0,529300
100,3.38E+08,7.08E+06,3540634,3540634,0,615450
100,3.38E+08,7.08E+06,3540660,3540660,0,638900
100,3.38E+08,7.08E+06,3540663,3540662,0,610000
100,3.38E+08,7.08E+06,3540668,3540668,0,607350
100,3.38E+08,7.08E+06,3540699,3540694,0,613450
100,3.24E+08,7.30E+06,3540710,3540710,0,545150
100,3.38E+08,7.08E+06,3540790,3540788,0,640500
100,3.38E+08,7.08E+06,3540804,3540802,0,630200
100,3.32E+08,7.28E+06,3540839,3540840,0,562000
100,3.31E+08,7.34E+06,3540848,3540845,0,557950
100,3.38E+08,7.08E+06,3540852,3540850,0,608650
100,3.38E+08,7.08E+06,3540905,3540905,0,618450
100,3.38E+08,7.08E+06,3540916,3540916,0,582500
100,3.38E+08,7.08E+06,3540942,3540944,0,617150
100,3.38E+08,7.08E+06,3540944,3540944,0,638900
100,3.38E+08,7.08E+06,3540959,3540958,0,615450
100,3.38E+08,7.08E+06,3540973,3540971,0,609950
100,3.38E+08,7.08E+06,3540978,3540977,0,618450
100,3.38E+08,7.08E+06,3541004,3541003,0,613450
100,3.38E+08,7.08E+06,3541010,3541009,0,617150
100,3.38E+08,7.08E+06,3541013,3541014,0,615450
100,3.28E+08,7.30E+06,3541030,3541030,0,548950
100,3.38E+08,7.08E+06,3541127,3541125,0,586850
100,3.38E+08,7.08E+06,3541130,3541129,0,618050
100,3.38E+08,7.08E+06,3541141,3541141,0,616850
100,3.38E+08,7.08E+06,3541158,3541156,0,608500
100,3.38E+08,7.08E+06,3541202,3541202,0,628550
100,3.38E+08,7.08E+06,3541216,3541216,0,618300
100,3.38E+08,7.08E+06,3541229,3541231,0,626650
100,3.38E+08,7.08E+06,3541256,3541255,0,621700
100,3.38E+08,7.08E+06,3541260,3541259,0,594100
100,3.38E+08,7.08E+06,3541265,3541262,0,607350
100,3.38E+08,7.08E+06,3541283,3541285,0,613450
100,3.31E+08,7.38E+06,3541309,3541309,0,557950
100,3.38E+08,7.08E+06,3541312,3541304,0,630200
100,3.38E+08,7.08E+06,3541318,3541319,0,586850
100,3.38E+08,7.08E+06,3541334,3541334,0,630200
100,3.38E+08,7.08E+06,3541357,3541357,0,594100
100,3.38E+08,7.08E+06,3541362,3541365,0,618300
100,3.38E+08,7.08E+06,3541362,3541361,0,618300
100,3.38E+08,7.08E+06,3541379,3541379,0,610000
100,3.38E+08,7.08E+06,3541384,3541385,0,623100
100,3.38E+08,7.08E+06,3541401,3541401,0,617950
100,3.38E+08,7.08E+06,3541417,3541416,0,639100
100,3.38E+08,7.08E+06,3541434,3541434,0,586850
100,3.38E+08,7.08E+06,3541439,3541438,0,642650
100,3.38E+08,7.08E+06,3541458,3541458,0,608100
100,3.38E+08,7.08E+06,3541475,3541478,0,607350
100,3.38E+08,7.08E+06,3541498,3541496,0,618300
100,3.27E+08,7.94E+06,3541500,3541500,0,545550
100,3.38E+08,7.08E+06,3541503,3541503,0,621700
100,3.38E+08,7.08E+06,3541517,3541515,0,617150
100,3.38E+08,7.08E+06,3541556,3541555,0,617150
100,3.38E+08,7.08E+06,3541611,3541611,0,610000
100,3.38E+08,7.08E+06,3541626,3541626,0,610000
100,3.38E+08,7.08E+06,3541646,3541644,0,610850
100,3.30E+08,7.18E+06,3541682,3541682,0,553200
100,3.31E+08,7.22E+06,3541710,3541709,0,558100
100,3.38E+08,7.08E+06,3541740,3541740,0,617150
100,3.38E+08,7.08E+06,3541779,3541778,0,617150
100,3.38E+08,7.08E+06,3541798,3541798,0,610000
100,3.38E+08,7.08E+06,3541815,3541815,0,638150
100,3.38E+08,7.08E+06,3541818,3541820,0,608100
100,3.38E+08,7.08E+06,3541833,3541833,0,615450
100,3.38E+08,7.49E+06,3541837,3541836,0,580850
100,3.38E+08,7.08E+06,3541867,3541866,0,638900
100,3.38E+08,7.08E+06,3541869,3541870,0,630200
100,3.38E+08,7.08E+06,3541932,3541932,0,603700
100,3.38E+08,7.08E+06,3541940,3541940,0,586850
100,3.38E+08,7.08E+06,3541962,3541964,0,610000
100,3.38E+08,7.08E+06,3541966,3541965,0,640500
100,3.38E+08,7.08E+06,3541985,3541986,0,616850
100,3.38E+08,7.08E+06,3541996,3541994,0,616850
100,3.38E+08,7.08E+06,3542010,3542017,0,630200
100,3.38E+08,7.08E+06,3542013,3542009,0,607350
100,3.38E+08,7.08E+06,3542018,3542017,0,603700
100,3.38E+08,7.08E+06,3542041,3542042,0,610000
100,3.38E+08,7.08E+06,3542050,3542053,0,617950
100,3.38E+08,7.08E+06,3542051,3542053,0,630200
100,3.38E+08,7.08E+06,3542055,3542055,0,608900
100,3.38E+08,7.08E+06,3542064,3542064,0,603700
100,3.38E+08,7.08E+06,3542071,3542069,0,623100
100,3.34E+08,7.42E+06,3542073,3542073,0,566100
100,3.38E+08,7.08E+06,3542140,3542131,0,628550
100,3.38E+08,7.08E+06,3542164,3542164,0,610000
100,3.31E+08,7.19E+06,3542176,3542176,0,557950
100,3.38E+08,7.08E+06,3542194,3542192,0,594100
100,3.38E+08,7.08E+06,3542201,3542202,0,618450
100,3.28E+08,7.45E+06,3542209,3542209,0,549100
100,3.38E+08,7.08E+06,3542214,3542216,0,630200
100,3.33E+08,7.56E+06,3542215,3542212,0,565700
100,3.38E+08,7.08E+06,3542215,3542214,0,610000
100,3.38E+08,7.08E+06,3542227,3542227,0,627000
100,3.38E+08,7.08E+06,3542293,3542293,0,608100
100,3.38E+08,7.08E+06,3542299,3542299,0,618050
100,3.38E+08,7.08E+06,3542336,3542336,0,630200
100,3.27E+08,7.23E+06,3542394,3542394,0,545550
100,3.31E+08,7.50E+06,3542396,3542395,0,557950
100,3.38E+08,7.08E+06,3542429,3542429,0,630200
100,3.28E+08,7.17E+06,3542500,3542496,0,549100
100,3.38E+08,7.08E+06,3542544,3542544,0,617150
100,3.38E+08,7.08E+06,3542546,3542546,0,626650
100,3.38E+08,7.08E+06,3542557,3542557,0,582500
100,3.38E+08,7.08E+06,3542560,3542559,0,618300
100,3.34E+08,7.22E+06,3542562,3542564,0,566100
100,3.31E+08,7.17E+06,3542605,3542605,0,558100
100,3.38E+08,7.08E+06,3542651,3542653,0,610000
100,3.38E+08,7.44E+06,3542673,3542673,0,582500
100,3.38E+08,7.08E+06,3542679,3542679,0,620150
100,3.38E+08,7.08E+06,3542719,3542718,0,586850
100,3.38E+08,7.08E+06,3542739,3542739,0,630200
100,3.38E+08,7.08E+06,3542752,3542755,0,608500
100,3.38E+08,7.08E+06,3542775,3542775,0,582500
100,3.38E+08,7.08E+06,3542807,3542807,0,617950
100,3.38E+08,7.61E+06,3542815,3542812,0,580600
100,3.38E+08,7.08E+06,3542842,3542844,0,586850
100,3.38E+08,7.08E+06,3542859,3542859,0,638900
100,3.34E+08,7.53E+06,3542881,3542884,0,567400
100,3.38E+08,7.08E+06,3542902,3542902,0,626650
100,3.38E+08,7.08E+06,3542921,3542922,0,585200
100,3.38E+08,7.08E+06,3542927,3542927,0,586850
100,3.38E+08,7.08E+06,3542929,3542929,0,630200
100,3.38E+08,7.08E+06,3542936,3542936,0,621850
100,3.38E+08,7.08E+06,3542947,3542948,0,623100
100,3.38E+08,7.08E+06,3542954,3542954,0,639100
100,3.38E+08,7.08E+06,3542981,3542980,0,607350
100,3.38E+08,7.08E+06,3543049,3543048,0,638900
100,3.34E+08,7.10E+06,3543073,3543071,0,567400
100,3.38E+08,7.08E+06,3543093,3543090,0,586850
100,2.94E+08,7.46E+06,3543134,3543133,0,449000
100,3.38E+08,7.08E+06,3543143,3543144,0,610900
100,3.38E+08,7.08E+06,3543185,3543183,0,618450
100,3.28E+08,7.07E+06,3543193,3543193,0,549100
100,3.38E+08,7.08E+06,3543193,3543193,0,608500
100,3.38E+08,7.08E+06,3543195,3543193,0,638150
100,3.38E+08,7.08E+06,3543237,3543236,0,630200
100,3.38E+08,7.08E+06,3543273,3543273,0,630200
100,3.38E+08,7.08E+06,3543277,3543277,0,586850
100,3.28E+08,7.22E+06,3543305,3543305,0,548550
100,3.28E+08,7.26E+06,3543348,3543348,0,546950
100,3.38E+08,7.08E+06,3543360,3543361,0,619250
100,3.38E+08,7.08E+06,3543395,3543394,0,607350
100,3.27E+08,7.45E+06,3543428,3543428,0,545550
100,3.38E+08,7.08E+06,3543479,3543476,0,623100
100,3.38E+08,7.08E+06,3543482,3543482,0,621700
100,3.34E+08,7.44E+06,3543492,3543492,0,566100
100,3.38E+08,7.08E+06,3543492,3543492,0,608100
100,3.38E+08,7.08E+06,3543500,3543498,0,606400
100,2.97E+08,7.20E+06,3543501,3543500,0,460600
100,3.38E+08,7.08E+06,3543507,3543505,0,618300
100,3.38E+08,7.08E+06,3543508,3543507,0,618450
100,3.38E+08,7.08E+06,3543526,3543527,0,630100
100,3.38E+08,7.08E+06,3543531,3543530,0,618300
100,3.38E+08,7.08E+06,3543577,3543577,0,610000
100,3.38E+08,7.08E+06,3543577,3543577,0,639100
100,3.38E+08,7.08E+06,3543578,3543577,0,623100
100,3.38E+08,7.08E+06,3543583,3543581,0,586850
100,3.38E+08,7.08E+06,3543584,3543584,0,630200
100,3.38E+08,7.08E+06,3543588,3543586,0,584300
100,3.38E+08,7.08E+06,3543608,3543610,0,620150
100,3.38E+08,7.08E+06,3543612,3543610,0,610000
100,3.38E+08,7.08E+06,3543693,3543693,0,631700
100,3.38E+08,7.08E+06,3543711,3543711,0,608100
100,3.38E+08,7.08E+06,3543777,3543771,0,628550
100,3.38E+08,7.08E+06,3543780,3543780,0,617150
100,3.38E+08,7.08E+06,3543781,3543781,0,630200
100,3.38E+08,7.08E+06,3543819,3543819,0,630200
100,3.38E+08,7.08E+06,3543829,3543827,0,582500
100,3.38E+08,7.08E+06,3543869,3543869,0,610000
100,3.18E+08,7.31E+06,3543884,3543879,0,527200
100,3.38E+08,7.08E+06,3543888,3543888,0,620950
100,3.38E+08,7.08E+06,3543896,3543896,0,623100
100,3.38E+08,7.08E+06,3543954,3543954,0,615650
100,3.28E+08,7.11E+06,3543955,3543955,0,549100
100,3.38E+08,7.08E+06,3543964,3543964,0,630100
100,3.38E+08,7.08E+06,3543987,3543987,0,613450
100,3.37E+08,7.08E+06,3543995,3543995,0,576500
100,3.38E+08,7.08E+06,3544002,3544005,0,630200
100,3.38E+08,7.08E+06,3544057,3544057,0,619250
100,3.38E+08,7.08E+06,3544068,3544068,0,630200
100,3.38E+08,7.08E+06,3544074,3544075,0,607350
100,3.38E+08,7.08E+06,3544083,3544083,0,582500
100,3.34E+08,7.21E+06,3544112,3544117,0,566100
100,3.38E+08,7.08E+06,3544161,3544157,0,617150
100,3.37E+08,7.15E+06,3544180,3544178,0,576500
100,3.38E+08,7.08E+06,3544180,3544179,0,586850
100,3.38E+08,7.08E+06,3544198,3544199,0,613450
100,3.38E+08,7.08E+06,3544198,3544198,0,618300
100,3.38E+08,7.08E+06,3544205,3544205,0,586850
100,3.38E+08,7.08E+06,3544207,3544206,0,642650
100,3.38E+08,7.08E+06,3544238,3544241,0,594100
100,3.38E+08,7.08E+06,3544269,3544264,0,586150
100,3.38E+08,7.08E+06,3544273,3544273,0,613450
100,3.38E+08,7.08E+06,3544275,3544267,0,620150
100,3.38E+08,7.08E+06,3544285,3544282,0,630200
100,3.38E+08,7.08E+06,3544295,3544296,0,610000
100,3.38E+08,7.08E+06,3544317,3544316,0,610000
100,3.28E+08,7.21E+06,3544338,3544337,0,548950
100,3.38E+08,7.08E+06,3544346,3544347,0,617150
100,3.38E+08,7.08E+06,3544353,3544353,0,628550
100,3.38E+08,7.08E+06,3544356,3544352,0,582500
100,3.38E+08,7.08E+06,3544358,3544357,0,607350
100,3.38E+08,7.08E+06,3544497,3544498,0,586850
100,3.38E+08,7.08E+06,3544499,3544499,0,623100
100,3.38E+08,7.08E+06,3544500,3544501,0,603700
100,3.38E+08,7.08E+06,3544500,3544496,0,621600
100,3.38E+08,7.08E+06,3544506,3544503,0,594100
100,3.38E+08,7.08E+06,3544506,3544504,0,630200
100,3.38E+08,7.08E+06,3544536,3544536,0,626650
100,3.38E+08,7.08E+06,3544561,3544560,0,608900
100,3.38E+08,7.08E+06,3544606,3544607,0,607350
100,3.31E+08,7.25E+06,3544615,3544615,0,557950
100,3.38E+08,7.08E+06,3544644,3544644,0,628550
100,3.38E+08,7.08E+06,3544656,3544656,0,610000
100,3.38E+08,7.08E+06,3544659,3544659,0,628550
100,3.38E+08,7.08E+06,3544698,3544696,0,620950
100,3.30E+08,7.30E+06,3544740,3544741,0,553200
100,3.34E+08,7.36E+06,3544749,3544749,0,567400
100,3.28E+08,7.24E+06,3544770,3544771,0,549100
100,3.38E+08,7.08E+06,3544781,3544780,0,630200
100,3.38E+08,7.08E+06,3544787,3544787,0,603700
100,3.38E+08,7.08E+06,3544798,3544798,0,630200
100,3.38E+08,7.08E+06,3544799,3544803,0,642650
100,3.38E+08,7.08E+06,3544818,3544817,0,623100
100,3.38E+08,7.08E+06,3544855,3544854,0,608500
100,3.38E+08,7.08E+06,3544886,3544886,0,610850
100,3.28E+08,7.30E+06,3544965,3544965,0,546950
100,3.30E+08,7.28E+06,3544970,3544969,0,553200
100,3.38E+08,7.08E+06,3544981,3544981,0,626650
100,3.38E+08,7.08E+06,3544991,3544988,0,630100
100,3.38E+08,7.08E+06,3544992,3544991,0,639100
100,3.38E+08,7.08E+06,3545022,3545022,0,618450
100,3.38E+08,7.08E+06,3545026,3545026,0,630100
100,3.38E+08,7.08E+06,3545037,3545039,0,642650
100,3.38E+08,7.18E+06,3545045,3545045,0,582500
100,3.38E+08,7.08E+06,3545051,3545051,0,621700
100,3.38E+08,7.08E+06,3545061,3545061,0,586850
100,3.38E+08,7.08E+06,3545073,3545074,0,621600
100,3.38E+08,7.08E+06,3545074,3545074,0,610950
100,3.35E+08,7.15E+06,3545100,3545098,0,568700
100,3.38E+08,7.08E+06,3545125,3545125,0,607350
100,3.34E+08,7.07E+06,3545136,3545136,0,566100
100,3.38E+08,7.08E+06,3545154,3545153,0,618300
100,3.38E+08,7.08E+06,3545168,3545168,0,615450
100,3.38E+08,7.08E+06,3545187,3545187,0,594100
100,3.32E+08,7.22E+06,3545192,3545192,0,562000
100,3.34E+08,7.07E+06,3545219,3545219,0,567400
100,3.38E+08,7.08E+06,3545223,3545223,0,623100
100,3.38E+08,7.08E+06,3545232,3545231,0,630200
100,3.38E+08,7.08E+06,3545238,3545238,0,608500
100,3.38E+08,7.08E+06,3545254,3545256,0,623100
100,3.38E+08,7.08E+06,3545269,3545269,0,586850
100,3.38E+08,7.08E+06,3545292,3545288,0,644850
100,3.34E+08,7.77E+06,3545309,3545309,0,566100
100,3.38E+08,7.08E+06,3545310,3545313,0,630200
100,3.38E+08,7.08E+06,3545315,3545315,0,618450
100,3.38E+08,7.08E+06,3545346,3545346,0,610000
100,3.38E+08,7.08E+06,3545364,3545364,0,610850
100,3.38E+08,7.08E+06,3545391,3545391,0,610000
100,3.38E+08,7.08E+06,3545419,3545421,0,639100
100,3.38E+08,7.08E+06,3545448,3545448,0,582500
100,3.38E+08,7.08E+06,3545510,3545510,0,586850
100,3.38E+08,7.08E+06,3545558,3545557,0,618300
100,3.38E+08,7.08E+06,3545567,3545567,0,630100
100,3.38E+08,7.08E+06,3545599,3545598,0,586150
100,3.38E+08,7.08E+06,3545644,3545648,0,619250
100,3.38E+08,7.08E+06,3545647,3545649,0,617950
100,3.38E+08,7.08E+06,3545647,3545647,0,630200
100,3.38E+08,7.08E+06,3545662,3545663,0,586850
100,3.38E+08,7.08E+06,3545681,3545681,0,638900
100,3.38E+08,7.08E+06,3545748,3545748,0,630200
100,3.38E+08,7.08E+06,3545764,3545763,0,626650
100,3.38E+08,7.08E+06,3545776,3545776,0,616850
100,3.34E+08,7.64E+06,3545812,3545810,0,567400
100,3.38E+08,7.08E+06,3545820,3545820,0,630100
100,3.38E+08,7.25E+06,3545860,3545860,0,581700
100,3.38E+08,7.08E+06,3545874,3545874,0,617950
100,3.38E+08,7.08E+06,3545893,3545894,0,610000
100,3.38E+08,7.08E+06,3545894,3545893,0,630200
100,3.29E+08,7.26E+06,3545913,3545913,0,551050
100,3.38E+08,7.08E+06,3545925,3545924,0,617150
100,3.38E+08,7.08E+06,3545928,3545927,0,630200
100,3.38E+08,7.08E+06,3545930,3545931,0,630100
100,3.38E+08,7.50E+06,3545945,3545947,0,581700
100,3.38E+08,7.08E+06,3545968,3545968,0,607350
100,3.38E+08,7.08E+06,3545983,3545984,0,594100
100,3.38E+08,7.08E+06,3546086,3546087,0,630200
100,3.38E+08,7.08E+06,3546136,3546131,0,617950
100,3.38E+08,7.08E+06,3546151,3546149,0,638900
100,3.38E+08,7.08E+06,3546161,3546162,0,630200
100,3.38E+08,7.08E+06,3546191,3546192,0,623100
100,3.38E+08,7.08E+06,3546204,3546204,0,617150
100,3.38E+08,7.08E+06,3546232,3546232,0,630200
100,3.30E+08,7.26E+06,3546287,3546287,0,553200
100,3.38E+08,7.08E+06,3546320,3546320,0,607350
100,3.35E+08,7.20E+06,3546333,3546336,0,569550
100,3.38E+08,7.08E+06,3546357,3546357,0,630100
100,3.19E+08,7.06E+06,3546366,3546366,0,527200
100,3.38E+08,7.08E+06,3546366,3546367,0,610000
100,3.38E+08,7.08E+06,3546368,3546368,0,630200
100,3.38E+08,7.08E+06,3546434,3546432,0,582500
100,3.38E+08,7.08E+06,3546436,3546436,0,639100
100,3.38E+08,7.08E+06,3546453,3546453,0,608500
100,3.38E+08,7.08E+06,3546455,3546455,0,630200
100,3.38E+08,7.08E+06,3546480,3546480,0,618450
100,3.32E+08,7.17E+06,3546493,3546494,0,559450
100,3.38E+08,7.08E+06,3546513,3546513,0,609950
100,3.34E+08,7.30E+06,3546581,3546581,0,566100
100,3.38E+08,7.08E+06,3546583,3546581,0,639100
100,3.38E+08,7.08E+06,3546603,3546604,0,630200
100,3.38E+08,7.08E+06,3546623,3546624,0,585000
100,3.38E+08,7.08E+06,3546658,3546657,0,610000
100,3.38E+08,7.08E+06,3546664,3546663,0,619250
100,3.38E+08,7.08E+06,3546667,3546669,0,623100
100,3.38E+08,7.08E+06,3546690,3546689,0,617150
100,3.38E+08,7.08E+06,3546691,3546693,0,617950
100,3.38E+08,7.08E+06,3546701,3546702,0,617950
100,3.38E+08,7.08E+06,3546717,3546719,0,610950
100,3.28E+08,7.31E+06,3546761,3546761,0,548000
100,3.38E+08,7.08E+06,3546768,3546768,0,610000
100,3.28E+08,7.53E+06,3546774,3546774,0,549100
100,3.38E+08,7.08E+06,3546779,3546780,0,617600
100,3.38E+08,7.08E+06,3546799,3546799,0,630200
100,3.38E+08,7.08E+06,3546813,3546813,0,630200
100,3.38E+08,7.08E+06,3546889,3546891,0,586850
100,3.38E+08,7.08E+06,3546891,3546892,0,607350
100,3.38E+08,7.08E+06,3546902,3546902,0,586850
100,3.38E+08,7.08E+06,3546936,3546936,0,620150
100,3.38E+08,7.08E+06,3546947,3546947,0,620950
100,3.38E+08,7.08E+06,3546949,3546948,0,618450
100,3.38E+08,7.08E+06,3546964,3546963,0,623100
100,3.38E+08,7.08E+06,3546980,3546980,0,586850
100,3.38E+08,7.08E+06,3546984,3546984,0,639100
100,3.38E+08,7.08E+06,3546998,3546998,0,608100
100,3.38E+08,7.08E+06,3547080,3547080,0,610000
100,3.38E+08,7.08E+06,3547080,3547080,0,610900
100,3.38E+08,7.08E+06,3547132,3547132,0,613450
100,3.38E+08,7.08E+06,3547172,3547170,0,610000
100,3.38E+08,7.08E+06,3547178,3547178,0,617150
100,3.38E+08,7.08E+06,3547178,3547176,0,630200
100,3.28E+08,7.22E+06,3547181,3547181,0,546950
100,3.38E+08,7.08E+06,3547202,3547202,0,630200
100,3.38E+08,7.08E+06,3547234,3547232,0,607350
100,3.38E+08,7.08E+06,3547265,3547264,0,586150
100,3.34E+08,7.35E+06,3547270,3547270,0,567400
100,3.38E+08,7.08E+06,3547309,3547311,0,628550
100,3.38E+08,7.08E+06,3547321,3547319,0,619250
100,3.34E+08,7.29E+06,3547363,3547365,0,567400
100,3.38E+08,7.08E+06,3547453,3547451,0,617150
100,3.38E+08,7.08E+06,3547483,3547483,0,619250
100,3.38E+08,7.08E+06,3547531,3547531,0,586850
100,3.38E+08,7.08E+06,3547534,3547535,0,607350
100,3.38E+08,7.44E+06,3547536,3547535,0,580600
100,3.30E+08,7.07E+06,3547579,3547579,0,557950
100,3.38E+08,7.08E+06,3547594,3547595,0,613450
100,3.38E+08,7.08E+06,3547597,3547598,0,586850
100,3.38E+08,7.08E+06,3547602,3547599,0,630200
100,3.38E+08,7.08E+06,3547610,3547610,0,586850
100,3.38E+08,7.08E+06,3547651,3547644,0,608900
100,3.31E+08,7.10E+06,3547664,3547663,0,557950
100,3.38E+08,7.08E+06,3547685,3547687,0,630100
100,3.38E+08,7.08E+06,3547703,3547703,0,618300
100,3.38E+08,7.08E+06,3547711,3547712,0,628550
100,3.38E+08,7.08E+06,3547713,3547712,0,644850
100,3.38E+08,7.08E+06,3547738,3547738,0,608900
100,3.38E+08,7.08E+06,3547741,3547741,0,608500
100,3.38E+08,7.08E+06,3547746,3547744,0,610850
100,3.38E+08,7.08E+06,3547753,3547752,0,609950
100,3.38E+08,7.08E+06,3547769,3547769,0,630200
100,3.38E+08,7.08E+06,3547772,3547775,0,617950
100,3.38E+08,7.08E+06,3547781,3547781,0,618300
100,3.38E+08,7.08E+06,3547793,3547792,0,617950
100,3.38E+08,7.08E+06,3547816,3547814,0,639100
100,3.38E+08,7.08E+06,3547819,3547820,0,610000
100,3.38E+08,7.08E+06,3547820,3547822,0,610000
100,3.38E+08,7.08E+06,3547825,3547825,0,623100
100,3.38E+08,7.08E+06,3547839,3547840,0,638900
100,3.38E+08,7.08E+06,3547871,3547871,0,616850
100,3.38E+08,7.08E+06,3547886,3547886,0,639100
100,3.38E+08,7.08E+06,3547897,3547896,0,615650
100,3.38E+08,7.08E+06,3547940,3547940,0,623100
100,3.38E+08,7.08E+06,3547954,3547953,0,607350
100,3.38E+08,7.08E+06,3547980,3547980,0,617150
100,3.34E+08,7.23E+06,3547999,3547998,0,567400
100,3.28E+08,7.16E+06,3548002,3548000,0,548950
100,3.38E+08,7.08E+06,3548024,3548024,0,620150
100,3.38E+08,7.08E+06,3548035,3548037,0,639100
100,3.38E+08,7.08E+06,3548040,3548041,0,618050
100,3.38E+08,7.08E+06,3548054,3548054,0,610950
100,3.38E+08,7.08E+06,3548083,3548084,0,639100
100,3.38E+08,7.08E+06,3548102,3548098,0,610000
100,3.38E+08,7.08E+06,3548124,3548124,0,640900
100,3.38E+08,7.08E+06,3548132,3548132,0,623100
100,3.38E+08,7.08E+06,3548148,3548148,0,630100
100,3.38E+08,7.08E+06,3548197,3548196,0,586850
100,3.38E+08,7.08E+06,3548203,3548204,0,630200
100,3.38E+08,7.08E+06,3548247,3548246,0,607350
100,3.38E+08,7.08E+06,3548254,3548254,0,638900
100,3.38E+08,7.08E+06,3548255,3548256,0,640500
100,3.38E+08,7.08E+06,3548297,3548298,0,613450
100,3.38E+08,7.08E+06,3548341,3548337,0,621700
100,3.38E+08,7.08E+06,3548347,3548347,0,610950
100,3.38E+08,7.08E+06,3548371,3548359,0,617950
100,3.28E+08,7.27E+06,3548392,3548393,0,548950
100,3.38E+08,7.08E+06,3548396,3548396,0,607350
100,3.38E+08,7.14E+06,3548408,3548411,0,580850
100,3.29E+08,7.08E+06,3548426,3548424,0,551050
100,3.38E+08,7.08E+06,3548451,3548451,0,628550
100,3.38E+08,7.08E+06,3548467,3548467,0,600750
100,3.38E+08,7.08E+06,3548471,3548471,0,617150
100,3.38E+08,7.08E+06,3548526,3548527,0,586850
100,3.38E+08,7.08E+06,3548533,3548533,0,644850
100,3.38E+08,7.08E+06,3548534,3548534,0,642650
100,3.38E+08,7.08E+06,3548552,3548551,0,613450
100,3.38E+08,7.08E+06,3548604,3548605,0,630100
100,3.38E+08,7.08E+06,3548627,3548627,0,630200
100,3.38E+08,7.08E+06,3548656,3548653,0,630100
100,3.38E+08,7.08E+06,3548660,3548660,0,640500
100,3.38E+08,7.08E+06,3548664,3548662,0,626650
100,3.38E+08,7.08E+06,3548704,3548705,0,607350
100,3.38E+08,7.08E+06,3548723,3548723,0,619250
100,3.32E+08,7.18E+06,3548820,3548820,0,559400
100,3.32E+08,7.15E+06,3548848,3548847,0,559450
100,3.38E+08,7.08E+06,3548864,3548863,0,586150
100,3.38E+08,7.08E+06,3548881,3548881,0,586850
100,3.38E+08,7.08E+06,3548912,3548911,0,613450
100,3.38E+08,7.08E+06,3548917,3548917,0,610000
100,3.38E+08,7.08E+06,3548921,3548918,0,621600
100,3.28E+08,7.25E+06,3548944,3548940,0,549100
100,3.38E+08,7.08E+06,3548971,3548971,0,608650
100,3.38E+08,7.08E+06,3549012,3549011,0,621600
100,3.31E+08,7.22E+06,3549015,3549015,0,557950
100,3.38E+08,7.08E+06,3549036,3549032,0,623100
100,3.38E+08,7.08E+06,3549091,3549091,0,621600
100,3.38E+08,7.08E+06,3549117,3549116,0,623100
100,3.38E+08,7.08E+06,3549137,3549134,0,630200
100,3.28E+08,7.26E+06,3549208,3549214,0,549100
100,3.38E+08,7.08E+06,3549215,3549216,0,618300
100,3.38E+08,7.08E+06,3549267,3549266,0,630100
100,3.38E+08,7.08E+06,3549282,3549275,0,630200
100,3.38E+08,7.08E+06,3549308,3549308,0,610850
100,3.38E+08,7.08E+06,3549334,3549332,0,626650
100,3.38E+08,7.08E+06,3549380,3549379,0,610000
100,3.38E+08,7.08E+06,3549385,3549383,0,630100
100,3.34E+08,7.22E+06,3549405,3549403,0,567400
100,3.38E+08,7.08E+06,3549418,3549417,0,630200
100,3.38E+08,7.08E+06,3549432,3549431,0,623100
100,3.38E+08,7.08E+06,3549435,3549435,0,630200
100,3.38E+08,7.08E+06,3549494,3549493,0,586850
100,3.30E+08,7.14E+06,3549517,3549516,0,553200
100,3.38E+08,7.08E+06,3549546,3549546,0,603700
100,3.38E+08,7.08E+06,3549578,3549577,0,607350
100,3.31E+08,7.10E+06,3549582,3549583,0,557950
100,3.38E+08,7.08E+06,3549598,3549598,0,639100
100,3.38E+08,7.08E+06,3549632,3549632,0,640500
100,3.31E+08,7.20E+06,3549644,3549643,0,558100
100,3.38E+08,7.08E+06,3549649,3549649,0,639100
100,3.32E+08,7.14E+06,3549652,3549652,0,562000
100,3.38E+08,7.08E+06,3549689,3549687,0,613450
100,3.30E+08,7.20E+06,3549693,3549693,0,553200
100,3.28E+08,7.40E+06,3549710,3549706,0,546950
100,3.38E+08,7.08E+06,3549716,3549712,0,613450
100,3.38E+08,7.08E+06,3549720,3549716,0,618300
100,3.38E+08,7.08E+06,3549734,3549732,0,618300
100,3.38E+08,7.08E+06,3549803,3549803,0,621700
100,3.34E+08,7.34E+06,3549855,3549855,0,567400
100,3.38E+08,7.08E+06,3549858,3549854,0,606400
100,3.38E+08,7.08E+06,3549865,3549867,0,594100
100,3.38E+08,7.08E+06,3549866,3549866,0,610000
100,3.38E+08,7.08E+06,3549874,3549874,0,638150
100,3.38E+08,7.08E+06,3549895,3549895,0,586850
100,3.38E+08,7.08E+06,3549911,3549910,0,623100
100,3.38E+08,7.08E+06,3549920,3549920,0,630200
100,3.31E+08,7.55E+06,3549925,3549926,0,557950
100,3.38E+08,7.08E+06,3549926,3549923,0,620150
100,3.38E+08,7.08E+06,3549940,3549940,0,630200
100,3.38E+08,7.08E+06,3550056,3550056,0,603700
100,3.34E+08,7.21E+06,3550073,3550074,0,567400
100,3.38E+08,7.08E+06,3550077,3550077,0,603700
100,3.38E+08,7.08E+06,3550107,3550110,0,586850
100,3.38E+08,7.08E+06,3550202,3550202,0,626650
100,3.38E+08,7.08E+06,3550207,3550207,0,609950
100,3.38E+08,7.08E+06,3550218,3550218,0,630100
100,3.38E+08,7.08E+06,3550257,3550251,0,600750
100,3.38E+08,7.08E+06,3550257,3550255,0,617150
100,3.38E+08,7.08E+06,3550261,3550263,0,623100
100,3.38E+08,7.08E+06,3550306,3550311,0,626650
100,3.38E+08,7.08E+06,3550333,3550334,0,642650
100,3.38E+08,7.08E+06,3550338,3550338,0,630200
100,3.38E+08,7.07E+06,3550368,3550368,0,580600
100,3.38E+08,7.08E+06,3550368,3550367,0,610000
100,3.32E+08,7.36E+06,3550390,3550394,0,559450
100,3.38E+08,7.08E+06,3550397,3550399,0,586850
100,3.38E+08,7.08E+06,3550404,3550404,0,610000
100,3.38E+08,7.08E+06,3550423,3550424,0,586850
100,3.38E+08,7.08E+06,3550462,3550462,0,630200
100,3.38E+08,7.08E+06,3550468,3550471,0,618300
100,3.38E+08,7.08E+06,3550508,3550508,0,630100
100,3.34E+08,7.22E+06,3550561,3550561,0,567400
100,3.38E+08,7.08E+06,3550588,3550586,0,618300
100,3.38E+08,7.08E+06,3550640,3550640,0,638900
100,3.28E+08,7.17E+06,3550664,3550664,0,549100
100,3.30E+08,7.18E+06,3550665,3550665,0,553200
100,3.38E+08,7.08E+06,3550671,3550673,0,582500
100,3.30E+08,7.25E+06,3550673,3550674,0,553200
100,3.38E+08,7.08E+06,3550723,3550723,0,621700
100,3.38E+08,7.08E+06,3550727,3550725,0,630200
100,3.38E+08,7.08E+06,3550728,3550728,0,630100
100,3.29E+08,7.57E+06,3550732,3550732,0,551050
100,3.38E+08,7.08E+06,3550743,3550743,0,618450
100,3.38E+08,7.08E+06,3550752,3550752,0,630200
100,3.28E+08,7.37E+06,3550760,3550759,0,548900
100,3.28E+08,7.28E+06,3550767,3550767,0,546950
100,3.38E+08,7.08E+06,3550780,3550780,0,630200
100,3.38E+08,7.08E+06,3550823,3550823,0,586850
100,3.34E+08,7.21E+06,3550838,3550838,0,566100
100,3.38E+08,7.08E+06,3550843,3550845,0,610900
100,3.38E+08,7.08E+06,3550887,3550887,0,618300
100,3.38E+08,7.08E+06,3550892,3550893,0,630200
100,3.34E+08,7.60E+06,3550915,3550914,0,566150
100,3.38E+08,7.08E+06,3550915,3550918,0,617950
100,3.38E+08,7.44E+06,3550950,3550945,0,582500
100,3.38E+08,7.08E+06,3550973,3550973,0,586850
100,3.38E+08,7.08E+06,3551028,3551030,0,630200
100,3.38E+08,7.08E+06,3551037,3551037,0,613450
100,3.38E+08,7.08E+06,3551050,3551049,0,638900
100,3.38E+08,7.08E+06,3551066,3551062,0,630200
100,3.38E+08,7.08E+06,3551078,3551078,0,608100
100,3.38E+08,7.08E+06,3551078,3551077,0,621100
100,3.38E+08,7.08E+06,3551086,3551084,0,638900
100,3.38E+08,7.08E+06,3551096,3551096,0,616850
100,3.38E+08,7.08E+06,3551117,3551117,0,630200
100,2.96E+08,7.32E+06,3551128,3551128,0,456400
100,3.38E+08,7.08E+06,3551134,3551131,0,623100
100,3.38E+08,7.08E+06,3551137,3551137,0,610950
100,3.38E+08,7.08E+06,3551157,3551157,0,638150
100,3.38E+08,7.08E+06,3551163,3551162,0,644850
100,3.34E+08,7.35E+06,3551175,3551176,0,566100
100,3.38E+08,7.08E+06,3551187,3551185,0,628550
100,3.38E+08,7.08E+06,3551206,3551206,0,608100
100,3.38E+08,7.08E+06,3551210,3551212,0,582500
100,3.38E+08,7.08E+06,3551220,3551220,0,621700
100,3.38E+08,7.08E+06,3551230,3551229,0,623100
100,3.38E+08,7.08E+06,3551238,3551238,0,617150
100,3.18E+08,7.42E+06,3551272,3551272,0,526400
100,3.38E+08,7.08E+06,3551352,3551353,0,620150
100,3.38E+08,7.08E+06,3551381,3551382,0,630200
100,3.38E+08,7.08E+06,3551392,3551392,0,610850
100,3.38E+08,7.08E+06,3551412,3551412,0,610000
100,3.38E+08,7.08E+06,3551420,3551416,0,594100
100,3.38E+08,7.08E+06,3551430,3551430,0,630200
100,3.38E+08,7.08E+06,3551465,3551463,0,638900
100,3.38E+08,7.08E+06,3551474,3551473,0,617150
100,3.31E+08,7.60E+06,3551518,3551520,0,557950
100,3.38E+08,7.08E+06,3551527,3551527,0,603700
100,3.38E+08,7.08E+06,3551533,3551532,0,603700
100,3.38E+08,7.08E+06,3551600,3551601,0,621700
100,3.38E+08,7.08E+06,3551611,3551614,0,638900
100,3.38E+08,7.08E+06,3551624,3551623,0,617150
100,3.38E+08,7.08E+06,3551635,3551635,0,620150
100,3.38E+08,7.08E+06,3551669,3551669,0,615450
100,3.30E+08,7.09E+06,3551700,3551698,0,553200
100,3.38E+08,7.08E+06,3551701,3551701,0,610950
100,3.34E+08,7.43E+06,3551732,3551728,0,567400
100,3.38E+08,7.08E+06,3551735,3551734,0,618300
100,3.38E+08,7.08E+06,3551742,3551737,0,582500
100,3.38E+08,7.08E+06,3551774,3551772,0,586850
100,3.31E+08,7.13E+06,3551794,3551793,0,557950
100,3.38E+08,7.08E+06,3551830,3551830,0,630200
100,3.38E+08,7.08E+06,3551851,3551853,0,615650
100,3.34E+08,7.07E+06,3551892,3551896,0,567400
100,3.32E+08,7.33E+06,3551909,3551910,0,559900
100,3.38E+08,7.08E+06,3551954,3551954,0,639100
100,3.38E+08,7.08E+06,3551959,3551959,0,618450
100,3.38E+08,7.08E+06,3551960,3551960,0,618300
100,3.30E+08,7.15E+06,3551961,3551955,0,553200
100,3.38E+08,7.08E+06,3551965,3551964,0,620150
100,3.38E+08,7.08E+06,3551967,3551968,0,610850
100,3.38E+08,7.08E+06,3551979,3551979,0,586850
100,3.38E+08,7.08E+06,3551979,3551979,0,610850
100,3.38E+08,7.08E+06,3551988,3551988,0,630200
100,3.38E+08,7.08E+06,3551990,3551990,0,610000
100,3.38E+08,7.08E+06,3552043,3552044,0,608100
100,3.38E+08,7.08E+06,3552045,3552047,0,630200
100,3.38E+08,7.08E+06,3552050,3552050,0,617950
100,3.38E+08,7.08E+06,3552085,3552079,0,618450
100,3.38E+08,7.08E+06,3552096,3552096,0,616500
100,3.38E+08,7.08E+06,3552120,3552120,0,582500
100,3.38E+08,7.08E+06,3552135,3552136,0,618300
100,3.38E+08,7.08E+06,3552224,3552224,0,619250
100,3.38E+08,7.08E+06,3552234,3552234,0,609950
100,3.38E+08,7.08E+06,3552238,3552237,0,620150
100,3.38E+08,7.08E+06,3552266,3552266,0,617150
100,3.38E+08,7.08E+06,3552272,3552269,0,610850
100,3.38E+08,7.08E+06,3552288,3552288,0,607350
100,3.38E+08,7.08E+06,3552303,3552302,0,630100
100,3.38E+08,7.08E+06,3552316,3552316,0,630200
100,3.38E+08,7.08E+06,3552343,3552344,0,615450
100,3.38E+08,7.08E+06,3552354,3552353,0,610850
100,3.38E+08,7.08E+06,3552388,3552387,0,640500
100,3.38E+08,7.08E+06,3552413,3552414,0,623100
100,3.38E+08,7.08E+06,3552428,3552429,0,630100
100,3.38E+08,7.36E+06,3552451,3552451,0,580850
100,3.38E+08,7.08E+06,3552461,3552457,0,586850
100,3.38E+08,7.08E+06,3552477,3552477,0,623100
100,3.34E+08,7.57E+06,3552503,3552503,0,566100
100,3.38E+08,7.08E+06,3552578,3552578,0,630100
100,3.38E+08,7.08E+06,3552590,3552590,0,608500
100,3.38E+08,7.08E+06,3552592,3552594,0,617950
100,3.38E+08,7.08E+06,3552616,3552617,0,630100
100,3.38E+08,7.08E+06,3552628,3552626,0,630200
100,3.38E+08,7.08E+06,3552648,3552648,0,630200
100,3.38E+08,7.08E+06,3552692,3552687,0,608500
100,3.38E+08,7.08E+06,3552705,3552697,0,613450
100,3.28E+08,7.19E+06,3552723,3552720,0,546950
100,3.38E+08,7.08E+06,3552725,3552723,0,615450
100,3.38E+08,7.08E+06,3552730,3552731,0,586850
100,3.38E+08,7.08E+06,3552759,3552757,0,630200
100,3.38E+08,7.08E+06,3552761,3552759,0,608900
100,3.19E+08,7.48E+06,3552780,3552779,0,527200
100,3.38E+08,7.08E+06,3552793,3552793,0,610000
100,3.38E+08,7.08E+06,3552800,3552801,0,594100
100,3.38E+08,7.08E+06,3552803,3552802,0,608650
100,3.38E+08,7.08E+06,3552803,3552803,0,620950
100,3.38E+08,7.08E+06,3552812,3552812,0,603700
100,3.38E+08,7.08E+06,3552841,3553587,0,638900
100,3.38E+08,7.08E+06,3552886,3552885,0,628550
100,3.30E+08,7.23E+06,3552887,3552888,0,553200
100,3.38E+08,7.08E+06,3552926,3552925,0,617150
100,3.38E+08,7.08E+06,3552950,3552950,0,608500
100,3.38E+08,7.08E+06,3552960,3552958,0,639100
100,3.38E+08,7.08E+06,3552979,3552979,0,586850
100,3.38E+08,7.08E+06,3552990,3552992,0,630200
100,3.38E+08,7.08E+06,3552996,3552996,0,616850
100,3.38E+08,7.08E+06,3553000,3552999,0,582500
100,3.38E+08,7.08E+06,3553002,3553002,0,618300
100,3.30E+08,7.15E+06,3553006,3553005,0,553200
100,3.38E+08,7.08E+06,3553025,3553024,0,639100
100,3.38E+08,7.08E+06,3553029,3553026,0,618300
100,3.30E+08,7.22E+06,3553053,3553053,0,553200
100,3.38E+08,7.08E+06,3553056,3553060,0,608100
100,3.38E+08,7.08E+06,3553076,3553075,0,613450
100,3.38E+08,7.08E+06,3553079,3553079,0,608100
100,3.38E+08,7.08E+06,3553084,3553083,0,630100
100,3.38E+08,7.08E+06,3553090,3553091,0,608500
100,3.38E+08,7.08E+06,3553091,3553092,0,610850
100,3.38E+08,7.08E+06,3553104,3553103,0,613450
100,3.38E+08,7.08E+06,3553157,3553157,0,620150
100,3.38E+08,7.08E+06,3553173,3553171,0,642650
100,3.38E+08,7.08E+06,3553206,3553204,0,608500
100,3.38E+08,7.08E+06,3553214,3553214,0,642650
100,3.38E+08,7.08E+06,3553217,3553218,0,623100
100,3.38E+08,7.08E+06,3553256,3553255,0,644850
100,3.38E+08,7.08E+06,3553281,3553280,0,620150
100,3.38E+08,7.08E+06,3553296,3553292,0,586850
100,3.38E+08,7.08E+06,3553312,3553312,0,630200
100,3.38E+08,7.08E+06,3553320,3553322,0,608100
100,3.38E+08,7.08E+06,3553360,3553360,0,620150
100,3.38E+08,7.08E+06,3553362,3553362,0,620150
100,3.38E+08,7.08E+06,3553378,3553376,0,630200
100,3.38E+08,7.08E+06,3553391,3553387,0,630200
100,3.32E+08,7.28E+06,3553393,3553392,0,559900
100,3.38E+08,7.08E+06,3553397,3553397,0,582500
100,3.38E+08,7.08E+06,3553405,3553405,0,623100
100,3.38E+08,7.08E+06,3553441,3553441,0,586850
100,3.38E+08,7.08E+06,3553446,3553445,0,630200
100,3.31E+08,7.23E+06,3553449,3553451,0,558100
100,3.38E+08,7.08E+06,3553453,3553453,0,639100
100,3.38E+08,7.08E+06,3553458,3553460,0,630200
100,3.38E+08,7.08E+06,3553485,3553486,0,618300
100,3.38E+08,7.08E+06,3553485,3553488,0,630200
100,3.38E+08,7.08E+06,3553497,3553496,0,603700
100,3.38E+08,7.08E+06,3553500,3553499,0,586850
100,3.38E+08,7.08E+06,3553576,3553575,0,610000
100,3.38E+08,7.08E+06,3553583,3553583,0,630200
100,3.38E+08,7.08E+06,3553607,3553606,0,640500
100,3.38E+08,7.08E+06,3553675,3553675,0,617150
100,3.38E+08,7.08E+06,3553698,3553698,0,630200
100,3.38E+08,7.08E+06,3553742,3553745,0,621600
100,3.38E+08,7.08E+06,3553742,3553741,0,623100
100,3.38E+08,7.08E+06,3553743,3553741,0,582500
100,3.38E+08,7.08E+06,3553759,3553759,0,630200
100,3.34E+08,7.18E+06,3553774,3553774,0,567400
100,3.38E+08,7.08E+06,3553813,3553814,0,617950
100,3.33E+08,7.06E+06,3553829,3553830,0,565700
100,3.38E+08,7.08E+06,3553932,3553932,0,638900
100,3.38E+08,7.08E+06,3553956,3553956,0,610850
100,3.38E+08,7.08E+06,3553961,3553961,0,607350
100,3.38E+08,7.08E+06,3553966,3553966,0,610000
100,3.38E+08,7.08E+06,3553973,3553973,0,618300
100,3.34E+08,7.29E+06,3553977,3553976,0,567400
100,3.38E+08,7.08E+06,3553980,3553980,0,610000
100,3.38E+08,7.08E+06,3553984,3553983,0,594100
100,3.38E+08,7.08E+06,3554013,3554013,0,630200
100,3.31E+08,7.12E+06,3554018,3554018,0,557950
100,3.38E+08,7.08E+06,3554030,3554032,0,630200
100,3.38E+08,7.08E+06,3554047,3554047,0,639100
100,3.38E+08,7.08E+06,3554055,3554054,0,630200
100,3.38E+08,7.08E+06,3554078,3554077,0,620950
100,3.38E+08,7.08E+06,3554082,3554082,0,623000
100,3.38E+08,7.08E+06,3554117,3554117,0,642650
100,3.38E+08,7.08E+06,3554118,3554119,0,617950
100,3.38E+08,7.08E+06,3554120,3554120,0,607350
100,3.32E+08,7.10E+06,3554146,3554148,0,559450
100,3.38E+08,7.08E+06,3554164,3554164,0,639100
100,3.38E+08,7.08E+06,3554169,3554169,0,586850
100,3.38E+08,7.08E+06,3554169,3554169,0,626650
100,3.38E+08,7.08E+06,3554206,3554206,0,617950
100,3.38E+08,7.08E+06,3554210,3554207,0,630200
100,3.38E+08,7.08E+06,3554210,3554210,0,630200
100,3.28E+08,7.29E+06,3554212,3554212,0,548950
100,3.38E+08,7.08E+06,3554224,3554223,0,644850
100,3.38E+08,7.08E+06,3554239,3554239,0,582500
100,3.18E+08,7.11E+06,3554248,3554242,0,527200
100,3.38E+08,7.08E+06,3554254,3554255,0,586850
100,3.38E+08,7.08E+06,3554280,3554280,0,630200
100,3.38E+08,7.08E+06,3554312,3554313,0,621700
100,3.38E+08,7.08E+06,3554313,3554313,0,630100
100,3.19E+08,7.37E+06,3554320,3554317,0,529300
100,3.38E+08,7.08E+06,3554325,3554326,0,610000
100,3.38E+08,7.08E+06,3554371,3554371,0,639100
100,3.38E+08,7.08E+06,3554378,3554380,0,618300
100,3.31E+08,7.17E+06,3554380,3554381,0,558100
100,3.38E+08,7.08E+06,3554423,3554422,0,639100
100,3.38E+08,7.08E+06,3554436,3554434,0,603700
100,3.34E+08,7.28E+06,3554438,3554436,0,566100
100,3.38E+08,7.08E+06,3554440,3554436,0,623100
100,3.38E+08,7.08E+06,3554441,3554441,0,620150
100,3.31E+08,7.17E+06,3554462,3554462,0,557950
100,3.35E+08,7.16E+06,3554469,3554469,0,568700
100,3.38E+08,7.08E+06,3554469,3554469,0,638900
100,3.38E+08,7.08E+06,3554488,3554488,0,582500
100,3.38E+08,7.08E+06,3554496,3554495,0,618450
100,3.38E+08,7.08E+06,3554535,3554535,0,644850
100,3.38E+08,7.08E+06,3554541,3554541,0,610000
100,3.32E+08,7.14E+06,3554563,3554563,0,562000
100,3.38E+08,7.53E+06,3554587,3554589,0,580600
100,3.38E+08,7.08E+06,3554610,3554610,0,630100
100,3.38E+08,7.08E+06,3554626,3554626,0,618300
100,3.38E+08,7.08E+06,3554629,3554630,0,610000
100,3.38E+08,7.08E+06,3554652,3554649,0,630100
100,3.27E+08,7.09E+06,3554659,3554659,0,545550
100,3.38E+08,7.08E+06,3554677,3554674,0,618450
100,3.38E+08,7.08E+06,3554684,3554684,0,608500
100,3.33E+08,7.14E+06,3554690,3554690,0,565700
100,3.38E+08,7.08E+06,3554717,3554716,0,644850
100,3.38E+08,7.08E+06,3554724,3554722,0,586850
100,3.28E+08,7.14E+06,3554753,3554753,0,548900
100,3.36E+08,7.20E+06,3554774,3554774,0,573700
100,3.38E+08,7.08E+06,3554782,3554781,0,586850
100,3.38E+08,7.08E+06,3554804,3554803,0,621600
100,3.38E+08,7.08E+06,3554809,3554809,0,623100
100,3.38E+08,7.08E+06,3554810,3554810,0,630200
100,3.38E+08,7.08E+06,3554817,3554819,0,610850
100,3.38E+08,7.08E+06,3554818,3554818,0,623100
100,3.38E+08,7.08E+06,3554821,3554821,0,594100
100,3.38E+08,7.08E+06,3554829,3554831,0,607350
100,3.38E+08,7.08E+06,3554841,3554841,0,620150
100,3.38E+08,7.08E+06,3554847,3554847,0,610850
100,3.38E+08,7.08E+06,3554848,3554848,0,586850
100,3.38E+08,7.08E+06,3554849,3554848,0,613450
100,3.38E+08,7.08E+06,3554899,3554900,0,630200
100,3.38E+08,7.08E+06,3554900,3554898,0,623100
100,3.38E+08,7.08E+06,3554913,3554912,0,610000
100,3.38E+08,7.08E+06,3554974,3554973,0,620950
100,3.38E+08,7.08E+06,3554976,3554977,0,586850
100,3.38E+08,7.08E+06,3554978,3554979,0,628550
100,3.38E+08,7.08E+06,3554979,3554977,0,608650
100,3.38E+08,7.08E+06,3554983,3554984,0,630100
100,3.38E+08,7.08E+06,3554986,3554985,0,630200
100,3.38E+08,7.08E+06,3554992,3554992,0,610900
100,3.38E+08,7.08E+06,3555040,3555041,0,623100
100,3.38E+08,7.08E+06,3555060,3555060,0,630200
100,3.38E+08,7.08E+06,3555062,3555062,0,628550
100,3.38E+08,7.08E+06,3555068,3555067,0,582500
100,3.38E+08,7.08E+06,3555102,3555102,0,607350
100,3.38E+08,7.08E+06,3555116,3555113,0,607350
100,3.38E+08,7.08E+06,3555132,3555135,0,607350
100,3.38E+08,7.08E+06,3555172,3555174,0,610000
100,3.38E+08,7.08E+06,3555173,3555177,0,628550
100,3.38E+08,7.08E+06,3555263,3555263,0,628550
100,3.38E+08,7.08E+06,3555263,3555261,0,630200
100,3.38E+08,7.08E+06,3555299,3555298,0,610900
100,3.18E+08,7.45E+06,3555303,3555303,0,526250
100,3.38E+08,7.08E+06,3555308,3555306,0,630200
100,3.38E+08,7.08E+06,3555321,3555318,0,610850
100,3.38E+08,7.08E+06,3555325,3555324,0,607350
100,3.38E+08,7.08E+06,3555327,3555326,0,639100
100,3.38E+08,7.08E+06,3555338,3555336,0,620150
100,3.34E+08,7.25E+06,3555361,3555360,0,566100
100,3.27E+08,7.13E+06,3555365,3555363,0,545550
100,3.38E+08,7.08E+06,3555369,3555368,0,639100
100,3.38E+08,7.08E+06,3555388,3555388,0,640500
100,3.38E+08,7.08E+06,3555411,3555409,0,623100
100,3.34E+08,7.23E+06,3555451,3555453,0,567400
100,3.38E+08,7.08E+06,3555464,3555465,0,603700
100,3.38E+08,7.08E+06,3555467,3555469,0,606400
100,3.38E+08,7.08E+06,3555468,3555465,0,630200
100,3.38E+08,7.08E+06,3555481,3555481,0,620150
100,3.38E+08,7.08E+06,3555481,3555481,0,642650
100,3.38E+08,7.08E+06,3555494,3555492,0,642650
100,3.38E+08,7.08E+06,3555540,3555540,0,630200
100,3.28E+08,7.23E+06,3555567,3555568,0,549100
100,3.38E+08,7.08E+06,3555575,3555575,0,630200
100,3.38E+08,7.08E+06,3555626,3555619,0,618300
100,3.38E+08,7.08E+06,3555678,3555676,0,630200
100,3.38E+08,7.08E+06,3555703,3555705,0,586850
100,3.38E+08,7.08E+06,3555713,3555713,0,630200
100,3.38E+08,7.08E+06,3555724,3555725,0,630200
100,3.38E+08,7.08E+06,3555743,3555740,0,618450
100,3.38E+08,7.08E+06,3555755,3555754,0,617950
100,3.38E+08,7.08E+06,3555778,3555777,0,630100
100,3.28E+08,7.54E+06,3555793,3555793,0,548550
100,3.38E+08,7.08E+06,3555831,3555833,0,618450
100,3.38E+08,7.08E+06,3555834,3555836,0,608100
100,3.34E+08,7.16E+06,3555890,3555890,0,566100
100,3.38E+08,7.08E+06,3555894,3555894,0,619250
100,3.38E+08,7.08E+06,3555899,3555899,0,586850
100,3.38E+08,7.08E+06,3555904,3555904,0,586850
100,3.38E+08,7.08E+06,3555950,3555950,0,586850
100,3.38E+08,7.08E+06,3555956,3555954,0,617150
100,3.38E+08,7.08E+06,3555974,3555973,0,630200
100,3.38E+08,7.08E+06,3555997,3555997,0,618300
100,3.38E+08,7.08E+06,3556048,3556048,0,628550
100,3.38E+08,7.08E+06,3556055,3556055,0,617600
100,3.30E+08,7.70E+06,3556059,3556059,0,553200
100,3.28E+08,7.22E+06,3556081,3556076,0,548550
100,3.38E+08,7.60E+06,3556094,3556095,0,582500
100,3.38E+08,7.08E+06,3556096,3556097,0,630200
100,3.35E+08,7.18E+06,3556116,3556117,0,568700
100,3.28E+08,7.12E+06,3556130,3556130,0,548950
100,3.38E+08,7.35E+06,3556162,3556161,0,580850
100,3.38E+08,7.08E+06,3556179,3556177,0,619250
100,3.38E+08,7.08E+06,3556181,3556181,0,618300
100,3.38E+08,7.08E+06,3556185,3556185,0,639100
100,3.38E+08,7.08E+06,3556186,3556185,0,630100
100,3.38E+08,7.08E+06,3556189,3556190,0,640500
100,3.38E+08,7.08E+06,3556223,3556224,0,619250
100,3.38E+08,7.08E+06,3556240,3556238,0,582500
100,3.13E+08,7.17E+06,3556265,3556263,0,507400
100,3.34E+08,7.22E+06,3556281,3556280,0,567400
100,3.38E+08,7.08E+06,3556321,3556319,0,630200
100,3.38E+08,7.08E+06,3556344,3556344,0,616500
100,3.38E+08,7.08E+06,3556350,3556351,0,630200
100,3.38E+08,7.08E+06,3556363,3556364,0,610000
100,3.38E+08,7.08E+06,3556384,3556384,0,639100
100,3.38E+08,7.08E+06,3556412,3556412,0,642650
100,3.38E+08,7.08E+06,3556413,3556415,0,586850
100,3.38E+08,7.08E+06,3556415,3556415,0,630200
100,3.34E+08,7.25E+06,3556422,3556426,0,566100
100,3.38E+08,7.08E+06,3556435,3556436,0,610000
100,3.38E+08,7.08E+06,3556451,3556453,0,618300
100,3.34E+08,7.17E+06,3556473,3556474,0,567400
100,3.33E+08,7.09E+06,3556482,3556477,0,565700
100,3.38E+08,7.08E+06,3556483,3556486,0,618450
100,3.38E+08,7.08E+06,3556497,3556497,0,628550
100,3.38E+08,7.08E+06,3556507,3556507,0,586850
100,3.38E+08,7.08E+06,3556520,3556518,0,603700
100,3.28E+08,7.17E+06,3556531,3556528,0,548950
100,3.38E+08,7.08E+06,3556543,3556547,0,586150
100,3.38E+08,7.08E+06,3556562,3556562,0,630200
100,3.38E+08,7.08E+06,3556566,3556566,0,630200
100,3.37E+08,7.06E+06,3556575,3556574,0,576500
100,3.38E+08,7.08E+06,3556587,3556587,0,639100
100,3.38E+08,7.08E+06,3556617,3556618,0,608500
100,3.38E+08,7.08E+06,3556700,3556696,0,610850
100,3.38E+08,7.08E+06,3556768,3556767,0,630200
100,3.38E+08,7.08E+06,3556788,3556787,0,640500
100,3.34E+08,7.16E+06,3556794,3556794,0,566100
100,3.38E+08,7.08E+06,3556805,3556798,0,618300
100,3.38E+08,7.08E+06,3556812,3556812,0,607350
100,3.38E+08,7.08E+06,3556840,3556840,0,610900
100,3.38E+08,7.08E+06,3556840,3556840,0,638900
100,3.38E+08,7.08E+06,3556870,3556870,0,603700
100,3.38E+08,7.08E+06,3556897,3556895,0,617950
100,3.38E+08,7.08E+06,3556899,3556903,0,620150
100,3.38E+08,7.08E+06,3556944,3556942,0,617950
100,3.38E+08,7.08E+06,3556965,3556965,0,586150
100,3.38E+08,7.08E+06,3556976,3556976,0,618300
100,3.34E+08,7.22E+06,3557008,3557008,0,566150
100,3.38E+08,7.08E+06,3557035,3557035,0,618300
100,3.38E+08,7.08E+06,3557043,3557043,0,628550
100,3.38E+08,7.08E+06,3557051,3557049,0,644850
100,3.38E+08,7.22E+06,3557057,3557059,0,580850
100,3.38E+08,7.08E+06,3557079,3557079,0,620950
100,3.38E+08,7.08E+06,3557095,3557097,0,618450
100,3.38E+08,7.08E+06,3557115,3557115,0,610900
100,3.35E+08,7.08E+06,3557128,3557128,0,568700
100,3.30E+08,7.22E+06,3557160,3557160,0,553200
100,3.38E+08,7.08E+06,3557168,3557168,0,616850
100,3.38E+08,7.08E+06,3557206,3557208,0,586850
100,3.38E+08,7.08E+06,3557220,3557220,0,594100
100,3.38E+08,7.08E+06,3557239,3557238,0,630200
100,3.38E+08,7.08E+06,3557250,3557252,0,630200
100,3.38E+08,7.08E+06,3557339,3557339,0,639100
100,3.38E+08,7.08E+06,3557354,3557354,0,630200
100,3.18E+08,7.86E+06,3557358,3557358,0,527200
100,3.38E+08,7.08E+06,3557361,3557360,0,613450
100,3.38E+08,7.08E+06,3557372,3557372,0,603700
100,3.38E+08,7.08E+06,3557389,3557390,0,630100
100,3.38E+08,7.08E+06,3557395,3557394,0,642650
100,3.38E+08,7.08E+06,3557423,3557423,0,630100
100,3.38E+08,7.08E+06,3557430,3557431,0,610000
100,3.38E+08,7.08E+06,3557437,3557437,0,610000
100,3.38E+08,7.08E+06,3557440,3557440,0,603700
100,3.38E+08,7.08E+06,3557455,3557458,0,630100
100,3.27E+08,7.41E+06,3557459,3557458,0,545550
100,3.38E+08,7.08E+06,3557471,3557471,0,609950
100,3.32E+08,7.34E+06,3557489,3557491,0,562000
100,3.38E+08,7.08E+06,3557527,3557523,0,586150
100,3.38E+08,7.08E+06,3557535,3557536,0,582500
100,3.28E+08,7.12E+06,3557562,3557563,0,548950
100,3.38E+08,7.08E+06,3557562,3557562,0,630200
100,3.38E+08,7.08E+06,3557569,3557571,0,586850
100,3.38E+08,7.08E+06,3557593,3557593,0,608100
100,3.38E+08,7.08E+06,3557594,3557593,0,616850
100,3.38E+08,7.08E+06,3557648,3557647,0,644850
100,3.38E+08,7.08E+06,3557652,3557649,0,618300
100,3.34E+08,7.21E+06,3557666,3557664,0,566100
100,3.38E+08,7.08E+06,3557679,3557679,0,610000
100,3.38E+08,7.08E+06,3557690,3557692,0,630200
100,3.38E+08,7.08E+06,3557702,3557702,0,617150
100,3.38E+08,7.08E+06,3557710,3557710,0,621700
100,3.38E+08,7.08E+06,3557724,3557724,0,600300
100,3.38E+08,7.08E+06,3557725,3557720,0,607350
100,3.38E+08,7.08E+06,3557737,3557736,0,630200
100,3.38E+08,7.08E+06,3557748,3557748,0,586850
100,3.38E+08,7.08E+06,3557751,3557752,0,621600
100,3.38E+08,7.08E+06,3557763,3557763,0,630100
100,3.38E+08,7.08E+06,3557778,3557779,0,586850
100,3.38E+08,7.08E+06,3557827,3557827,0,630200
100,3.38E+08,7.08E+06,3557828,3557827,0,618450
100,3.38E+08,7.08E+06,3557866,3557866,0,640500
100,3.38E+08,7.08E+06,3557891,3557891,0,617150
100,3.38E+08,7.08E+06,3557894,3557896,0,619250
100,3.38E+08,7.08E+06,3557905,3557906,0,639100
100,3.37E+08,7.12E+06,3557911,3557914,0,576500
100,3.38E+08,7.08E+06,3557915,3557916,0,644850
100,3.38E+08,7.08E+06,3557946,3557945,0,606400
100,3.38E+08,7.08E+06,3557954,3557954,0,626650
100,3.38E+08,7.08E+06,3557966,3557966,0,621600
100,3.38E+08,7.08E+06,3557991,3557988,0,610850
100,3.38E+08,7.08E+06,3558002,3558000,0,630200
100,3.38E+08,7.08E+06,3558028,3558028,0,615650
100,3.38E+08,7.08E+06,3558066,3558066,0,603700
100,3.38E+08,7.08E+06,3558095,3558100,0,582500
100,3.38E+08,7.08E+06,3558102,3558102,0,586150
100,3.34E+08,7.11E+06,3558113,3558115,0,567400
100,3.28E+08,7.36E+06,3558179,3558184,0,546950
100,3.38E+08,7.08E+06,3558236,3558235,0,613450
100,3.38E+08,7.08E+06,3558239,3558240,0,626650
100,3.38E+08,7.08E+06,3558304,3558303,0,607350
100,3.38E+08,7.08E+06,3558307,3558305,0,618300
100,3.38E+08,7.08E+06,3558378,3558378,0,594100
100,3.38E+08,7.08E+06,3558389,3558389,0,618450
100,3.38E+08,7.08E+06,3558402,3558401,0,626650
100,3.38E+08,7.08E+06,3558463,3558464,0,639100
100,3.38E+08,7.08E+06,3558469,3558464,0,640500
100,3.38E+08,7.08E+06,3558525,3558525,0,626650
100,3.38E+08,7.08E+06,3558542,3558543,0,615450
100,3.38E+08,7.08E+06,3558562,3558562,0,603700
100,3.13E+08,7.11E+06,3558565,3558566,0,507400
100,3.38E+08,7.08E+06,3558575,3558574,0,610000
100,3.38E+08,7.08E+06,3558598,3558598,0,627000
100,3.38E+08,7.08E+06,3558612,3558612,0,630100
100,3.38E+08,7.08E+06,3558618,3558620,0,619250
100,3.30E+08,7.17E+06,3558627,3558626,0,553200
100,3.38E+08,7.51E+06,3558639,3558638,0,580850
100,3.38E+08,7.08E+06,3558641,3558641,0,619250
100,3.38E+08,7.08E+06,3558642,3558642,0,610000
100,3.38E+08,7.08E+06,3558653,3558653,0,607350
100,3.38E+08,7.08E+06,3558669,3558669,0,613450
100,3.38E+08,7.08E+06,3558680,3558681,0,586850
100,3.38E+08,7.08E+06,3558691,3558690,0,617950
100,3.38E+08,7.08E+06,3558704,3558703,0,610900
100,3.38E+08,7.08E+06,3558731,3558730,0,586150
100,3.38E+08,7.08E+06,3558733,3558733,0,630100
100,3.38E+08,7.08E+06,3558738,3558737,0,617150
100,3.38E+08,7.08E+06,3558771,3558770,0,638150
100,3.38E+08,7.08E+06,3558799,3558799,0,630100
100,3.38E+08,7.08E+06,3558804,3558804,0,613450
100,3.38E+08,7.08E+06,3558833,3558834,0,622700
100,3.38E+08,7.08E+06,3558855,3558854,0,610000
100,3.38E+08,7.08E+06,3558855,3558853,0,630200
100,3.38E+08,7.08E+06,3558890,3558892,0,630200
100,3.38E+08,7.08E+06,3558902,3558901,0,610900
100,3.38E+08,7.08E+06,3558908,3558906,0,639100
100,3.38E+08,7.08E+06,3558923,3558925,0,618300
100,3.38E+08,7.08E+06,3558952,3558953,0,638900
100,3.38E+08,7.08E+06,3558955,3558954,0,621100
100,3.38E+08,7.08E+06,3558960,3558958,0,617950
100,3.38E+08,7.08E+06,3559024,3559025,0,630100
100,3.27E+08,7.68E+06,3559039,3559039,0,546700
100,3.38E+08,7.08E+06,3559141,3559143,0,621600
100,3.38E+08,7.08E+06,3559162,3559165,0,639100
100,3.38E+08,7.08E+06,3559174,3559176,0,621700
100,3.38E+08,7.08E+06,3559182,3559182,0,610000
100,3.38E+08,7.08E+06,3559212,3559208,0,617600
100,3.38E+08,7.08E+06,3559214,3559217,0,618300
100,3.38E+08,7.13E+06,3559218,3559214,0,580850
100,3.28E+08,7.41E+06,3559253,3559253,0,549100
100,3.38E+08,7.08E+06,3559262,3559263,0,623100
100,3.38E+08,7.08E+06,3559300,3559302,0,586850
100,3.38E+08,7.08E+06,3559300,3559300,0,617150
100,3.18E+08,7.23E+06,3559316,3559315,0,526250
100,3.38E+08,7.08E+06,3559318,3559318,0,616500
100,3.38E+08,7.08E+06,3559324,3559327,0,630200
100,3.38E+08,7.08E+06,3559345,3559346,0,610900
100,3.38E+08,7.08E+06,3559349,3559356,0,644850
100,3.38E+08,7.08E+06,3559357,3559358,0,613450
100,3.38E+08,7.08E+06,3559379,3559380,0,610850
100,3.38E+08,7.08E+06,3559399,3559401,0,617950
100,3.38E+08,7.08E+06,3559405,3559404,0,621700
100,3.31E+08,7.20E+06,3559424,3559423,0,557950
100,3.34E+08,7.06E+06,3559452,3559449,0,566150
100,3.38E+08,7.08E+06,3559454,3559454,0,616500
100,3.38E+08,7.08E+06,3559459,3559459,0,626650
100,3.38E+08,7.08E+06,3559514,3559514,0,639100
100,3.38E+08,7.08E+06,3559526,3559526,0,610950
100,3.38E+08,7.08E+06,3559540,3559541,0,607350
100,3.38E+08,7.08E+06,3559561,3559561,0,594100
100,3.38E+08,7.08E+06,3559587,3559587,0,630100
100,3.34E+08,7.26E+06,3559595,3559592,0,567400
100,3.29E+08,7.31E+06,3559628,3559628,0,551050
100,3.38E+08,7.08E+06,3559658,3559659,0,586850
100,3.38E+08,7.08E+06,3559697,3559699,0,630200
100,3.38E+08,7.08E+06,3559727,3559725,0,630200
100,3.38E+08,7.08E+06,3559761,3559761,0,586850
100,3.38E+08,7.08E+06,3559774,3559773,0,618450
100,3.34E+08,7.25E+06,3559781,3559780,0,566100
100,3.30E+08,7.13E+06,3559806,3559806,0,553200
100,3.38E+08,7.08E+06,3559815,3559815,0,628550
100,3.38E+08,7.08E+06,3559861,3559861,0,586850
100,3.38E+08,7.08E+06,3559875,3559875,0,613450
100,3.38E+08,7.08E+06,3559953,3559953,0,582500
100,3.38E+08,7.08E+06,3560008,3560008,0,642650
100,3.38E+08,7.08E+06,3560029,3560031,0,623000
100,3.38E+08,7.08E+06,3560033,3560033,0,586850
100,3.29E+08,7.48E+06,3560035,3560033,0,551050
100,3.38E+08,7.08E+06,3560041,3560041,0,638900
100,3.38E+08,7.08E+06,3560080,3560080,0,623000
100,3.38E+08,7.08E+06,3560108,3560108,0,630200
100,3.38E+08,7.08E+06,3560140,3560140,0,618300
100,3.11E+08,7.44E+06,3560157,3560157,0,503800
100,3.38E+08,7.08E+06,3560193,3560197,0,617150
100,3.38E+08,7.08E+06,3560193,3560192,0,630200
100,3.38E+08,7.08E+06,3560215,3560213,0,586850
100,3.38E+08,7.08E+06,3560240,3560243,0,617950
100,3.38E+08,7.08E+06,3560286,3560288,0,613450
100,3.38E+08,7.08E+06,3560316,3560315,0,609950
100,3.38E+08,7.08E+06,3560369,3560370,0,617150
100,3.38E+08,7.08E+06,3560404,3560400,0,594100
100,3.38E+08,7.08E+06,3560447,3560447,0,613450
100,3.38E+08,7.08E+06,3560460,3560462,0,618300
100,3.38E+08,7.08E+06,3560518,3560518,0,610000
100,3.38E+08,7.08E+06,3560520,3560521,0,618300
100,3.34E+08,7.20E+06,3560555,3560555,0,567400
100,3.38E+08,7.08E+06,3560565,3560568,0,618450
100,3.38E+08,7.08E+06,3560565,3560563,0,630100
100,3.38E+08,7.08E+06,3560578,3560576,0,608100
100,3.38E+08,7.08E+06,3560592,3560590,0,619250
100,3.38E+08,7.08E+06,3560603,3560603,0,618050
100,3.38E+08,7.08E+06,3560606,3560608,0,610850
100,3.38E+08,7.08E+06,3560640,3560640,0,610000
100,3.38E+08,7.08E+06,3560642,3560642,0,639100
100,3.38E+08,7.08E+06,3560652,3560652,0,608500
100,3.38E+08,7.08E+06,3560654,3560654,0,630200
100,3.38E+08,7.08E+06,3560673,3560673,0,619250
100,3.31E+08,7.10E+06,3560731,3560731,0,557950
100,3.38E+08,7.08E+06,3560739,3560739,0,630100
100,3.38E+08,7.08E+06,3560740,3560742,0,617150
100,3.38E+08,7.08E+06,3560746,3560746,0,630200
100,3.30E+08,7.30E+06,3560794,3560797,0,553200
100,3.38E+08,7.08E+06,3560819,3560820,0,638900
100,3.38E+08,7.08E+06,3560868,3560867,0,610000
100,3.38E+08,7.08E+06,3560869,3560871,0,630200
100,3.38E+08,7.08E+06,3560871,3560871,0,642650
100,3.38E+08,7.08E+06,3560874,3560874,0,630100
100,3.38E+08,7.08E+06,3560877,3560877,0,617150
100,3.38E+08,7.08E+06,3560888,3560888,0,617150
100,3.35E+08,7.16E+06,3560899,3560899,0,568700
100,3.38E+08,7.08E+06,3560911,3560907,0,606400
100,3.34E+08,7.21E+06,3560914,3560913,0,567400
100,3.17E+08,7.74E+06,3560929,3560929,0,526200
100,3.38E+08,7.08E+06,3560944,3560945,0,630100
100,3.38E+08,7.08E+06,3561001,3561000,0,642650
100,3.38E+08,7.08E+06,3561067,3561067,0,617150
100,3.34E+08,7.14E+06,3561092,3561090,0,566100
100,3.38E+08,7.08E+06,3561146,3561146,0,617150
100,3.28E+08,7.07E+06,3561197,3561197,0,549100
100,3.32E+08,7.67E+06,3561208,3561208,0,562000
100,3.18E+08,7.13E+06,3561243,3561244,0,526250
100,3.38E+08,7.08E+06,3561279,3561281,0,630100
100,3.38E+08,7.08E+06,3561290,3561291,0,623100
100,3.38E+08,7.08E+06,3561306,3561304,0,630200
100,3.38E+08,7.08E+06,3561321,3561319,0,638900
100,3.38E+08,7.08E+06,3561334,3561334,0,630200
100,3.38E+08,7.08E+06,3561342,3561342,0,628550
100,3.38E+08,7.08E+06,3561361,3561360,0,618450
100,3.38E+08,7.08E+06,3561410,3561408,0,639100
100,3.38E+08,7.08E+06,3561458,3561459,0,594100
100,3.28E+08,7.13E+06,3561481,3561481,0,548550
100,3.38E+08,7.08E+06,3561483,3561483,0,644850
100,3.38E+08,7.08E+06,3561509,3561509,0,630200
100,3.38E+08,7.08E+06,3561539,3561532,0,609950
100,3.38E+08,7.17E+06,3561542,3561539,0,580600
100,3.38E+08,7.08E+06,3561543,3561544,0,616850
100,3.31E+08,7.13E+06,3561567,3561567,0,557950
100,3.38E+08,7.08E+06,3561608,3561607,0,582500
100,3.38E+08,7.08E+06,3561612,3561610,0,586850
100,3.38E+08,7.08E+06,3561639,3561639,0,618300
100,3.38E+08,7.08E+06,3561648,3561645,0,617150
100,3.38E+08,7.08E+06,3561677,3561677,0,642650
100,3.38E+08,7.16E+06,3561688,3561687,0,580850
100,3.38E+08,7.08E+06,3561716,3561717,0,639100
100,3.38E+08,7.08E+06,3561761,3561762,0,594100
100,3.38E+08,7.08E+06,3561790,3561790,0,623100
100,3.38E+08,7.08E+06,3561816,3561814,0,630100
100,3.38E+08,7.08E+06,3561817,3561818,0,630200
100,3.38E+08,7.08E+06,3561822,3561823,0,626650
100,3.38E+08,7.08E+06,3561863,3561863,0,618450
100,3.33E+08,7.50E+06,3561900,3561899,0,565700
100,3.38E+08,7.08E+06,3561910,3561910,0,613450
100,3.38E+08,7.08E+06,3561916,3561916,0,586850
100,3.38E+08,7.08E+06,3561921,3561921,0,610900
100,3.38E+08,7.08E+06,3561932,3561932,0,617950
100,3.38E+08,7.08E+06,3561948,3561948,0,607350
100,3.38E+08,7.08E+06,3561974,3561974,0,630200
100,3.38E+08,7.08E+06,3561983,3561983,0,630200
100,3.38E+08,7.08E+06,3561987,3561986,0,617950
100,3.38E+08,7.08E+06,3561996,3561996,0,630200
100,3.38E+08,7.08E+06,3562046,3562047,0,617950
100,3.38E+08,7.08E+06,3562057,3562057,0,613450
100,3.38E+08,7.08E+06,3562064,3562064,0,623100
100,3.38E+08,7.08E+06,3562109,3562109,0,613450
100,3.38E+08,7.08E+06,3562109,3562109,0,640500
100,3.38E+08,7.08E+06,3562144,3562143,0,610000
100,3.28E+08,7.06E+06,3562150,3562149,0,549100
100,3.38E+08,7.08E+06,3562203,3562202,0,613450
100,3.38E+08,7.08E+06,3562257,3562256,0,630200
100,3.38E+08,7.08E+06,3562283,3562283,0,644850
100,3.38E+08,7.08E+06,3562324,3562318,0,630200
100,3.38E+08,7.08E+06,3562333,3562333,0,623100
100,3.38E+08,7.08E+06,3562345,3562348,0,608500
100,3.38E+08,7.08E+06,3562382,3562381,0,639100
100,3.38E+08,7.08E+06,3562391,3562391,0,618300
100,3.38E+08,7.08E+06,3562402,3562402,0,586850
100,3.38E+08,7.08E+06,3562402,3562401,0,607350
100,3.38E+08,7.08E+06,3562449,3562450,0,642650
100,3.38E+08,7.08E+06,3562467,3562470,0,610850
100,3.38E+08,7.08E+06,3562498,3562498,0,623000
100,3.38E+08,7.08E+06,3562541,3562539,0,623100
100,3.38E+08,7.08E+06,3562552,3562553,0,610850
100,3.38E+08,7.08E+06,3562555,3562555,0,630200
100,3.38E+08,7.08E+06,3562573,3562573,0,586850
100,3.38E+08,7.08E+06,3562624,3562624,0,617150
100,3.38E+08,7.08E+06,3562634,3562634,0,638150
100,3.38E+08,7.08E+06,3562645,3562645,0,620950
100,3.38E+08,7.08E+06,3562705,3562704,0,610850
100,3.32E+08,7.19E+06,3562791,3562789,0,559450
100,3.38E+08,7.08E+06,3562809,3562809,0,600750
100,3.38E+08,7.08E+06,3562841,3562840,0,630100
100,3.34E+08,7.06E+06,3562880,3562880,0,567400
100,3.38E+08,7.08E+06,3562906,3562905,0,610000
100,3.38E+08,7.08E+06,3562919,3562919,0,621600
100,3.38E+08,7.15E+06,3562946,3562944,0,580850
100,3.38E+08,7.08E+06,3562965,3562965,0,618300
100,3.38E+08,7.08E+06,3563009,3563011,0,618450
100,3.38E+08,7.08E+06,3563020,3563030,0,630200
100,3.38E+08,7.08E+06,3563051,3563050,0,610850
100,3.38E+08,7.08E+06,3563104,3563104,0,621600
100,3.29E+08,7.20E+06,3563172,3563173,0,551700
100,3.38E+08,7.08E+06,3563235,3563235,0,607350
100,3.29E+08,7.20E+06,3563239,3563239,0,551700
100,3.38E+08,7.08E+06,3563239,3563239,0,618300
100,3.38E+08,7.08E+06,3563330,3563330,0,630200
100,3.38E+08,7.08E+06,3563339,3563339,0,616500
100,3.38E+08,7.08E+06,3563362,3563363,0,586850
100,3.32E+08,7.14E+06,3563387,3563387,0,559700
100,3.38E+08,7.08E+06,3563387,3563388,0,608650
100,3.38E+08,7.08E+06,3563393,3563387,0,642650
100,3.38E+08,7.08E+06,3563426,3563426,0,621700
100,3.38E+08,7.08E+06,3563431,3563432,0,607350
100,3.38E+08,7.08E+06,3563432,3563433,0,640900
100,3.38E+08,7.08E+06,3563436,3563435,0,610000
100,3.38E+08,7.08E+06,3563466,3563466,0,600300
100,3.29E+08,7.18E+06,3563543,3563543,0,551050
100,3.38E+08,7.08E+06,3563575,3563575,0,644850
100,3.38E+08,7.08E+06,3563579,3563579,0,630200
100,3.38E+08,7.08E+06,3563588,3563592,0,617950
100,3.38E+08,7.08E+06,3563624,3563623,0,610900
100,3.38E+08,7.08E+06,3563634,3563634,0,630200
100,3.38E+08,7.08E+06,3563646,3563644,0,608500
100,3.28E+08,7.07E+06,3563669,3563667,0,548950
100,3.38E+08,7.08E+06,3563684,3563685,0,617950
100,3.34E+08,7.34E+06,3563703,3563703,0,566100
100,3.38E+08,7.08E+06,3563710,3563710,0,603700
100,3.38E+08,7.08E+06,3563716,3563718,0,619250
100,3.38E+08,7.08E+06,3563740,3563739,0,630200
100,3.34E+08,7.14E+06,3563756,3563754,0,567400
100,3.38E+08,7.08E+06,3563797,3563796,0,618300
100,3.38E+08,7.08E+06,3563799,3563800,0,630200
100,3.18E+08,7.47E+06,3563803,3563803,0,526400
100,3.38E+08,7.08E+06,3563809,3563811,0,610000
100,3.38E+08,7.08E+06,3563825,3563826,0,630200
100,3.38E+08,7.06E+06,3563846,3563846,0,580600
100,3.38E+08,7.08E+06,3563848,3563847,0,630200
100,3.38E+08,7.08E+06,3563864,3563863,0,630100
100,3.38E+08,7.08E+06,3563871,3563871,0,630200
100,3.38E+08,7.08E+06,3563871,3563871,0,638900
100,3.33E+08,7.47E+06,3563886,3563882,0,565450
100,3.38E+08,7.08E+06,3564020,3564019,0,642650
100,3.28E+08,7.10E+06,3564036,3564038,0,546950
100,3.38E+08,7.08E+06,3564041,3564041,0,623100
100,3.38E+08,7.08E+06,3564084,3564084,0,608500
100,3.38E+08,7.08E+06,3564099,3564100,0,610900
100,3.38E+08,7.08E+06,3564116,3564115,0,626650
100,3.38E+08,7.08E+06,3564134,3564134,0,630100
100,3.38E+08,7.08E+06,3564140,3564141,0,613450
100,3.38E+08,7.08E+06,3564162,3564163,0,630200
100,3.38E+08,7.08E+06,3564162,3564162,0,639100
100,3.38E+08,7.08E+06,3564169,3564168,0,610850
100,3.38E+08,7.08E+06,3564171,3564172,0,621600
100,3.38E+08,7.08E+06,3564175,3564175,0,613450
100,3.38E+08,7.08E+06,3564203,3564202,0,586150
100,3.38E+08,7.08E+06,3564214,3564211,0,594100
100,3.38E+08,7.08E+06,3564246,3564248,0,623100
100,3.38E+08,7.08E+06,3564249,3564247,0,630200
100,3.38E+08,7.08E+06,3564262,3564259,0,639100
100,3.38E+08,7.08E+06,3564274,3564273,0,613450
100,3.38E+08,7.08E+06,3564285,3564281,0,610000
100,3.38E+08,7.08E+06,3564348,3564350,0,582500
100,3.38E+08,7.08E+06,3564354,3564353,0,608650
100,3.38E+08,7.08E+06,3564452,3564452,0,639100
100,3.34E+08,7.14E+06,3564459,3564459,0,566100
100,3.38E+08,7.08E+06,3564470,3564471,0,607350
100,3.38E+08,7.08E+06,3564476,3564476,0,618300
100,3.38E+08,7.08E+06,3564488,3564488,0,610850
100,3.38E+08,7.08E+06,3564501,3564501,0,618300
100,3.38E+08,7.08E+06,3564526,3564526,0,617150
100,3.38E+08,7.08E+06,3564539,3564540,0,644850
100,3.38E+08,7.08E+06,3564547,3564543,0,594100
100,3.38E+08,7.08E+06,3564585,3564585,0,613450
100,3.38E+08,7.08E+06,3564598,3564600,0,594100
100,3.38E+08,7.08E+06,3564626,3564627,0,639100
100,3.38E+08,7.08E+06,3564646,3564646,0,610000
100,3.38E+08,7.08E+06,3564662,3564662,0,610850
100,3.38E+08,7.08E+06,3564668,3564668,0,642650
100,3.38E+08,7.08E+06,3564690,3564690,0,582500
100,3.38E+08,7.08E+06,3564695,3564696,0,610000
100,3.38E+08,7.08E+06,3564773,3564775,0,607350
100,3.38E+08,7.08E+06,3564826,3564827,0,620950
100,3.38E+08,7.08E+06,3564846,3564845,0,618300
100,3.38E+08,7.08E+06,3564860,3564862,0,630100
100,3.38E+08,7.08E+06,3564874,3564873,0,586850
100,3.38E+08,7.08E+06,3564878,3564876,0,630200
100,3.38E+08,7.08E+06,3564895,3564895,0,608100
100,3.38E+08,7.08E+06,3564913,3564912,0,638900
100,3.38E+08,7.08E+06,3564927,3564927,0,623000
100,3.38E+08,7.08E+06,3564971,3564970,0,619250
100,3.29E+08,7.65E+06,3565027,3565027,0,551700
100,3.38E+08,7.08E+06,3565030,3565029,0,617950
100,3.38E+08,7.08E+06,3565042,3565042,0,617950
100,3.30E+08,7.25E+06,3565078,3565078,0,553200
100,3.38E+08,7.08E+06,3565091,3565091,0,613450
100,3.38E+08,7.35E+06,3565128,3565130,0,580850
100,3.34E+08,7.44E+06,3565136,3565138,0,566100
100,3.38E+08,7.08E+06,3565137,3565138,0,617150
100,3.38E+08,7.08E+06,3565183,3565184,0,610850
100,3.38E+08,7.08E+06,3565221,3565221,0,639100
100,3.38E+08,7.08E+06,3565233,3565229,0,618450
100,3.38E+08,7.08E+06,3565258,3565253,0,630200
100,3.38E+08,7.08E+06,3565268,3565268,0,608500
100,3.38E+08,7.08E+06,3565297,3565299,0,608500
100,3.38E+08,7.08E+06,3565303,3565303,0,582500
100,3.38E+08,7.08E+06,3565323,3565323,0,626650
100,3.38E+08,7.08E+06,3565326,3565326,0,610900
100,3.31E+08,7.14E+06,3565332,3565329,0,558100
100,3.38E+08,7.08E+06,3565338,3565340,0,626650
100,3.38E+08,7.08E+06,3565383,3565385,0,618300
100,3.38E+08,7.08E+06,3565402,3565402,0,618300
100,3.34E+08,7.10E+06,3565406,3565405,0,567400
100,3.38E+08,7.08E+06,3565423,3565424,0,638900
100,3.38E+08,7.08E+06,3565500,3565500,0,630200
100,3.34E+08,7.78E+06,3565517,3565516,0,566150
100,3.38E+08,7.08E+06,3565526,3565526,0,619250
100,3.38E+08,7.08E+06,3565553,3565553,0,610950
100,3.30E+08,7.27E+06,3565563,3565563,0,553200
100,3.38E+08,7.08E+06,3565569,3565569,0,630200
100,3.38E+08,7.08E+06,3565594,3565593,0,630200
100,3.38E+08,7.08E+06,3565595,3565595,0,586850
100,3.38E+08,7.08E+06,3565602,3565602,0,607350
100,3.38E+08,7.08E+06,3565629,3565627,0,621700
100,3.38E+08,7.08E+06,3565642,3565637,0,600300
100,3.38E+08,7.08E+06,3565659,3565659,0,630200
100,3.38E+08,7.08E+06,3565672,3565672,0,627000
100,3.38E+08,7.08E+06,3565678,3565679,0,628550
100,3.38E+08,7.08E+06,3565687,3565690,0,618450
100,3.38E+08,7.08E+06,3565709,3565709,0,603700
100,3.38E+08,7.08E+06,3565744,3565745,0,608300
100,3.38E+08,7.08E+06,3565748,3565749,0,630200
100,3.38E+08,7.08E+06,3565779,3565778,0,586850
100,3.38E+08,7.08E+06,3565788,3565788,0,603700
100,3.38E+08,7.08E+06,3565795,3565794,0,610000
100,3.38E+08,7.08E+06,3565795,3565795,0,626650
100,3.38E+08,7.08E+06,3565802,3565802,0,621100
100,3.38E+08,7.08E+06,3565839,3565836,0,623100
100,3.38E+08,7.08E+06,3565855,3565854,0,586850
100,3.38E+08,7.08E+06,3565898,3565898,0,630100
100,3.38E+08,7.08E+06,3565947,3565947,0,644850
100,3.34E+08,7.44E+06,3566055,3566050,0,566100
100,3.38E+08,7.08E+06,3566097,3566096,0,608100
100,3.38E+08,7.08E+06,3566133,3566135,0,640500
100,3.38E+08,7.08E+06,3566147,3566147,0,628550
100,3.28E+08,7.24E+06,3566190,3566190,0,548900
100,3.38E+08,7.08E+06,3566216,3566216,0,619250
100,3.38E+08,7.08E+06,3566235,3566236,0,630200
100,3.38E+08,7.08E+06,3566254,3566254,0,621600
100,3.38E+08,7.08E+06,3566282,3566281,0,610850
100,3.38E+08,7.08E+06,3566355,3566354,0,630200
100,3.38E+08,7.08E+06,3566370,3566370,0,619250
100,3.38E+08,7.08E+06,3566379,3566379,0,628550
100,3.38E+08,7.08E+06,3566390,3566387,0,586850
100,3.38E+08,7.08E+06,3566398,3566398,0,585000
100,3.38E+08,7.08E+06,3566406,3566407,0,618300
100,3.30E+08,7.19E+06,3566407,3566407,0,553200
100,3.38E+08,7.08E+06,3566413,3566413,0,630200
100,3.38E+08,7.08E+06,3566414,3566413,0,619250
100,3.34E+08,7.68E+06,3566426,3566426,0,567400
100,3.38E+08,7.08E+06,3566426,3566422,0,608100
100,3.38E+08,7.08E+06,3566436,3566434,0,639100
100,3.28E+08,7.33E+06,3566445,3566444,0,548900
100,3.38E+08,7.08E+06,3566468,3566469,0,619250
100,3.18E+08,7.12E+06,3566474,3566477,0,526250
100,3.38E+08,7.08E+06,3566476,3566476,0,644850
100,3.38E+08,7.08E+06,3566488,3566489,0,606400
100,3.38E+08,7.08E+06,3566489,3566489,0,616850
100,3.38E+08,7.08E+06,3566510,3566508,0,617950
100,3.38E+08,7.08E+06,3566537,3566536,0,626650
100,3.38E+08,7.08E+06,3566570,3566571,0,626650
100,3.38E+08,7.16E+06,3566617,3566612,0,580550
100,3.38E+08,7.08E+06,3566628,3566628,0,630200
100,3.38E+08,7.08E+06,3566661,3566661,0,608500
100,3.38E+08,7.08E+06,3566698,3566698,0,607350
100,3.38E+08,7.08E+06,3566729,3566729,0,586850
100,3.30E+08,7.22E+06,3566765,3566767,0,553200
100,3.38E+08,7.08E+06,3566824,3566823,0,586850
100,3.31E+08,7.45E+06,3566826,3566826,0,557950
100,3.38E+08,7.08E+06,3566839,3566838,0,630200
100,3.38E+08,7.08E+06,3566849,3566850,0,638900
100,3.38E+08,7.08E+06,3566893,3566890,0,621600
100,3.38E+08,7.08E+06,3566926,3566921,0,626650
100,3.38E+08,7.08E+06,3566927,3566929,0,610000
100,3.38E+08,7.08E+06,3566961,3566961,0,603700
100,3.38E+08,7.08E+06,3566985,3566987,0,610850
100,3.36E+08,7.35E+06,3566996,3566996,0,573700
100,3.38E+08,7.08E+06,3567090,3567088,0,619250
100,3.38E+08,7.08E+06,3567097,3567099,0,630100
100,3.38E+08,7.08E+06,3567102,3567102,0,626650
100,3.38E+08,7.08E+06,3567118,3567122,0,607350
100,3.38E+08,7.08E+06,3567156,3567155,0,630200
100,3.38E+08,7.08E+06,3567179,3567179,0,600300
100,3.38E+08,7.08E+06,3567200,3567200,0,640500
100,3.38E+08,7.08E+06,3567230,3567228,0,617150
100,3.38E+08,7.08E+06,3567239,3567239,0,616850
100,3.38E+08,7.08E+06,3567266,3567265,0,619250
100,3.38E+08,7.08E+06,3567269,3567268,0,617150
100,3.38E+08,7.08E+06,3567276,3567276,0,617600
100,3.38E+08,7.08E+06,3567351,3567351,0,618300
100,3.38E+08,7.08E+06,3567375,3567375,0,613450
100,3.38E+08,7.08E+06,3567392,3567387,0,622700
100,3.38E+08,7.08E+06,3567407,3567410,0,619250
100,3.34E+08,7.23E+06,3567415,3567418,0,566100
100,3.38E+08,7.08E+06,3567455,3567453,0,617950
100,3.28E+08,7.16E+06,3567457,3567457,0,546950
100,3.38E+08,7.08E+06,3567486,3567483,0,626650
100,3.38E+08,7.08E+06,3567497,3567496,0,630200
100,3.38E+08,7.08E+06,3567509,3567511,0,630200
100,3.38E+08,7.08E+06,3567516,3567517,0,607350
100,3.38E+08,7.08E+06,3567522,3567525,0,626650
100,3.38E+08,7.08E+06,3567547,3567548,0,626650
100,3.38E+08,7.08E+06,3567551,3567551,0,607350
100,3.38E+08,7.22E+06,3567563,3567561,0,581700
100,3.38E+08,7.08E+06,3567567,3567567,0,594100
100,3.38E+08,7.08E+06,3567622,3567622,0,586850
100,3.34E+08,7.25E+06,3567660,3567660,0,566100
100,3.38E+08,7.08E+06,3567666,3567666,0,617950
100,3.38E+08,7.08E+06,3567679,3567682,0,630200
100,3.38E+08,7.08E+06,3567734,3567733,0,610000
100,3.18E+08,7.25E+06,3567771,3567771,0,526250
100,3.38E+08,7.08E+06,3567786,3567784,0,623100
100,3.38E+08,7.08E+06,3567790,3567790,0,639100
100,3.38E+08,7.08E+06,3567800,3567800,0,610850
100,3.38E+08,7.08E+06,3567850,3567850,0,630200
100,3.38E+08,7.08E+06,3567911,3567911,0,630200
100,3.38E+08,7.08E+06,3567937,3567940,0,623100
100,3.34E+08,7.24E+06,3567940,3567940,0,566100
100,3.38E+08,7.08E+06,3567956,3567956,0,644850
100,3.28E+08,7.32E+06,3567965,3567966,0,548950
100,3.38E+08,7.08E+06,3567996,3567995,0,630200
100,3.38E+08,7.08E+06,3568023,3568021,0,613450
100,3.38E+08,7.08E+06,3568032,3568032,0,620150
100,3.38E+08,7.08E+06,3568061,3568058,0,618050
100,3.38E+08,7.08E+06,3568061,3568061,0,623100
100,3.38E+08,7.08E+06,3568070,3568070,0,613450
100,3.32E+08,7.23E+06,3568094,3568097,0,562000
100,3.38E+08,7.08E+06,3568115,3568115,0,606200
100,3.38E+08,7.08E+06,3568125,3568125,0,620150
100,3.30E+08,7.11E+06,3568138,3568138,0,553200
100,3.38E+08,7.08E+06,3568143,3568144,0,628550
100,3.38E+08,7.08E+06,3568195,3568194,0,640500
100,3.38E+08,7.08E+06,3568216,3568218,0,630200
100,3.38E+08,7.08E+06,3568270,3568268,0,608100
100,3.38E+08,7.08E+06,3568282,3568282,0,617950
100,3.38E+08,7.08E+06,3568283,3568283,0,610950
100,3.38E+08,7.08E+06,3568293,3568293,0,630200
100,3.38E+08,7.08E+06,3568302,3568301,0,586850
100,3.38E+08,7.08E+06,3568372,3568369,0,618050
100,3.38E+08,7.08E+06,3568392,3568394,0,582500
100,3.28E+08,7.28E+06,3568434,3568431,0,549100
100,3.38E+08,7.08E+06,3568497,3568497,0,594100
100,3.38E+08,7.08E+06,3568516,3568516,0,639100
100,3.38E+08,7.08E+06,3568518,3568517,0,617150
100,3.38E+08,7.08E+06,3568536,3568536,0,610900
100,3.38E+08,7.08E+06,3568550,3568550,0,630200
100,3.38E+08,7.08E+06,3568581,3568581,0,617950
100,3.38E+08,7.08E+06,3568634,3568634,0,639100
100,3.38E+08,7.08E+06,3568638,3568638,0,638900
100,3.38E+08,7.08E+06,3568642,3568640,0,610000
100,3.38E+08,7.08E+06,3568686,3568686,0,620950
100,3.38E+08,7.08E+06,3568687,3568687,0,619250
100,3.30E+08,7.20E+06,3568699,3568698,0,553200
100,3.38E+08,7.08E+06,3568705,3568705,0,638900
100,3.34E+08,7.45E+06,3568730,3568732,0,566150
100,3.38E+08,7.08E+06,3568731,3568728,0,617950
100,3.38E+08,7.08E+06,3568744,3568743,0,619250
100,3.38E+08,7.08E+06,3568748,3568747,0,638900
100,3.28E+08,7.14E+06,3568763,3568763,0,548550
100,3.38E+08,7.08E+06,3568789,3568787,0,603700
100,3.38E+08,7.08E+06,3568809,3568811,0,617150
100,3.38E+08,7.08E+06,3568822,3568823,0,626650
100,3.38E+08,7.08E+06,3568829,3568829,0,610950
100,3.38E+08,7.08E+06,3568847,3568846,0,623000
100,3.38E+08,7.08E+06,3568882,3568882,0,586850
100,3.38E+08,7.08E+06,3568883,3568883,0,616850
100,3.38E+08,7.08E+06,3568888,3568889,0,621600
100,3.30E+08,7.14E+06,3568896,3568896,0,553200
100,3.34E+08,7.09E+06,3568954,3568951,0,566100
100,3.38E+08,7.08E+06,3568999,3568999,0,623100
100,3.38E+08,7.08E+06,3569041,3569041,0,630200
100,3.38E+08,7.08E+06,3569069,3569070,0,617150
100,3.38E+08,7.08E+06,3569110,3569110,0,622700
100,3.38E+08,7.08E+06,3569116,3569116,0,617950
100,3.38E+08,7.08E+06,3569118,3569117,0,608100
100,3.34E+08,7.12E+06,3569160,3569161,0,566150
100,3.38E+08,7.08E+06,3569165,3569170,0,610850
100,3.38E+08,7.08E+06,3569172,3569174,0,586850
100,3.38E+08,7.08E+06,3569178,3569178,0,644850
100,3.34E+08,7.40E+06,3569225,3569222,0,567400
100,3.38E+08,7.08E+06,3569266,3569264,0,613450
100,3.38E+08,7.08E+06,3569272,3569272,0,586850
100,3.38E+08,7.08E+06,3569276,3569279,0,644850
100,3.30E+08,7.66E+06,3569280,3569280,0,553200
100,3.38E+08,7.08E+06,3569282,3569284,0,613450
100,3.38E+08,7.08E+06,3569310,3569308,0,610000
100,3.38E+08,7.08E+06,3569386,3569387,0,639100
100,3.38E+08,7.08E+06,3569404,3569404,0,630100
100,3.38E+08,7.08E+06,3569485,3569485,0,610900
100,3.38E+08,7.08E+06,3569489,3569489,0,630200
100,3.38E+08,7.08E+06,3569599,3569600,0,630200
100,3.38E+08,7.08E+06,3569630,3569628,0,623100
100,3.32E+08,7.18E+06,3569634,3569634,0,562000
100,3.38E+08,7.08E+06,3569634,3569636,0,610000
100,3.38E+08,7.08E+06,3569642,3569641,0,630100
100,3.38E+08,7.08E+06,3569683,3569681,0,644850
100,3.38E+08,7.08E+06,3569703,3569703,0,639100
100,3.38E+08,7.08E+06,3569747,3569748,0,638900
100,3.38E+08,7.08E+06,3569785,3569781,0,603700
100,3.38E+08,7.08E+06,3569794,3569792,0,600300
100,3.38E+08,7.08E+06,3569858,3569858,0,630100
100,3.38E+08,7.08E+06,3569892,3569892,0,603700
100,3.38E+08,7.08E+06,3569908,3569909,0,621700
100,3.28E+08,7.10E+06,3569924,3569923,0,549100
100,3.38E+08,7.08E+06,3569961,3569961,0,630100
100,3.38E+08,7.08E+06,3569979,3569977,0,586850
100,3.38E+08,7.08E+06,3569979,3569979,0,620150
100,3.34E+08,8.00E+06,3569994,3569994,0,566150
100,3.38E+08,7.08E+06,3570026,3570026,0,610900
100,3.38E+08,7.08E+06,3570044,3570046,0,623100
100,3.38E+08,7.08E+06,3570046,3570046,0,630200
100,3.38E+08,7.08E+06,3570060,3570058,0,630200
100,3.38E+08,7.08E+06,3570066,3570066,0,630200
100,3.29E+08,7.17E+06,3570096,3570096,0,551050
100,3.38E+08,7.08E+06,3570114,3570112,0,623100
100,3.38E+08,7.08E+06,3570117,3570117,0,617150
100,3.38E+08,7.08E+06,3570144,3570142,0,630100
100,3.38E+08,7.08E+06,3570159,3570159,0,619250
100,3.38E+08,7.08E+06,3570200,3570198,0,608650
100,3.38E+08,7.08E+06,3570203,3570202,0,630200
100,3.38E+08,7.08E+06,3570219,3570221,0,610950
100,3.38E+08,7.08E+06,3570235,3570234,0,586850
100,3.38E+08,7.08E+06,3570247,3570250,0,617150
100,3.38E+08,7.08E+06,3570273,3570274,0,609950
100,3.38E+08,7.08E+06,3570292,3570292,0,620150
100,3.38E+08,7.08E+06,3570306,3570307,0,623100
100,3.38E+08,7.08E+06,3570319,3570320,0,642650
100,3.38E+08,7.08E+06,3570365,3570365,0,618450
100,3.38E+08,7.08E+06,3570400,3570397,0,607350
100,3.38E+08,7.08E+06,3570406,3570405,0,630100
100,3.19E+08,7.54E+06,3570427,3570427,0,527200
100,3.38E+08,7.08E+06,3570433,3570427,0,586850
100,3.38E+08,7.08E+06,3570485,3570485,0,630200
100,3.28E+08,7.13E+06,3570487,3570487,0,549100
100,3.38E+08,7.08E+06,3570505,3570505,0,630100
100,3.38E+08,7.08E+06,3570532,3570534,0,644850
100,3.38E+08,7.08E+06,3570567,3570567,0,642650
100,3.28E+08,7.17E+06,3570625,3570624,0,546950
100,3.38E+08,7.08E+06,3570626,3570626,0,623100
100,3.38E+08,7.08E+06,3570641,3570642,0,608100
100,3.38E+08,7.08E+06,3570660,3570660,0,606200
100,3.38E+08,7.08E+06,3570661,3570661,0,623100
100,3.38E+08,7.08E+06,3570678,3570679,0,620150
100,3.38E+08,7.08E+06,3570694,3570690,0,618450
100,3.34E+08,7.10E+06,3570698,3570697,0,567400
100,3.38E+08,7.08E+06,3570698,3570698,0,585200
100,3.38E+08,7.08E+06,3570717,3570716,0,623100
100,3.38E+08,7.08E+06,3570742,3570742,0,620150
100,3.36E+08,7.55E+06,3570819,3570820,0,573950
100,3.38E+08,7.08E+06,3570829,3570830,0,618450
100,3.38E+08,7.08E+06,3570860,3570860,0,617150
100,3.38E+08,7.08E+06,3570883,3570880,0,607350
100,3.38E+08,7.08E+06,3570885,3570886,0,630100
100,3.38E+08,7.08E+06,3570949,3570947,0,586850
100,3.38E+08,7.08E+06,3570955,3570952,0,623100
100,3.38E+08,7.08E+06,3570989,3570991,0,626650
100,3.38E+08,7.08E+06,3570998,3570998,0,586850
100,3.38E+08,7.08E+06,3571003,3571003,0,586850
100,3.38E+08,7.08E+06,3571016,3571016,0,623100
100,3.38E+08,7.08E+06,3571030,3571030,0,630100
100,3.34E+08,7.16E+06,3571095,3571095,0,567400
100,3.38E+08,7.08E+06,3571125,3571125,0,586850
100,3.38E+08,7.08E+06,3571172,3571172,0,603700
100,3.38E+08,7.08E+06,3571184,3571183,0,610850
100,3.38E+08,7.08E+06,3571215,3571213,0,630100
100,3.38E+08,7.08E+06,3571225,3571225,0,639100
100,3.38E+08,7.08E+06,3571227,3571227,0,626650
100,3.38E+08,7.08E+06,3571258,3571258,0,586850
100,3.38E+08,7.08E+06,3571260,3571259,0,630200
100,3.38E+08,7.08E+06,3571264,3571266,0,586850
100,3.38E+08,7.08E+06,3571280,3571278,0,586150
100,3.38E+08,7.08E+06,3571294,3571295,0,607350
100,3.38E+08,7.08E+06,3571321,3571321,0,642650
100,3.38E+08,7.08E+06,3571381,3571382,0,610000
100,3.29E+08,7.62E+06,3571448,3571449,0,551700
100,3.38E+08,7.08E+06,3571517,3571519,0,617150
100,3.38E+08,7.08E+06,3571542,3571543,0,623100
100,3.38E+08,7.08E+06,3571576,3571576,0,613450
100,3.34E+08,7.37E+06,3571600,3571604,0,566150
100,3.38E+08,7.08E+06,3571632,3571632,0,610850
100,3.38E+08,7.08E+06,3571652,3571650,0,630200
100,3.38E+08,7.08E+06,3571659,3571660,0,610900
100,3.38E+08,7.08E+06,3571671,3571673,0,642650
100,3.38E+08,7.08E+06,3571682,3571682,0,630200
100,3.31E+08,7.10E+06,3571702,3571703,0,558100
100,3.38E+08,7.08E+06,3571717,3571717,0,618300
100,3.38E+08,7.08E+06,3571723,3571724,0,615650
100,3.38E+08,7.08E+06,3571736,3571736,0,623100
100,3.18E+08,7.39E+06,3571753,3571753,0,527200
100,3.38E+08,7.08E+06,3571796,3571797,0,617600
100,3.38E+08,7.08E+06,3571798,3571798,0,585000
100,3.38E+08,7.08E+06,3571799,3571803,0,610850
100,3.38E+08,7.08E+06,3571836,3571835,0,627000
100,3.38E+08,7.08E+06,3571857,3571854,0,638900
100,3.38E+08,7.08E+06,3571863,3571863,0,607350
100,3.38E+08,7.08E+06,3571881,3571881,0,621600
100,3.34E+08,7.13E+06,3571901,3571901,0,567400
100,3.38E+08,7.08E+06,3571904,3571904,0,608100
100,3.28E+08,7.31E+06,3571927,3571927,0,546950
100,3.38E+08,7.08E+06,3571956,3571956,0,639100
100,3.38E+08,7.08E+06,3571989,3571989,0,607350
100,3.38E+08,7.08E+06,3572002,3572002,0,594100
100,3.31E+08,7.30E+06,3572003,3572004,0,557950
100,3.37E+08,7.24E+06,3572020,3572020,0,576500
100,3.34E+08,7.08E+06,3572022,3572022,0,566100
100,3.38E+08,7.08E+06,3572045,3572045,0,626650
100,3.38E+08,7.08E+06,3572098,3572101,0,630200
100,3.38E+08,7.08E+06,3572112,3572112,0,638900
100,3.38E+08,7.08E+06,3572162,3572161,0,585000
100,3.34E+08,7.21E+06,3572181,3572181,0,566100
100,3.38E+08,7.08E+06,3572223,3572224,0,644850
100,3.38E+08,7.08E+06,3572227,3572228,0,610900
100,3.38E+08,7.08E+06,3572248,3572248,0,630100
100,3.38E+08,7.08E+06,3572274,3572276,0,610000
100,3.38E+08,7.08E+06,3572279,3572272,0,607350
100,3.38E+08,7.08E+06,3572287,3572290,0,621600
100,3.38E+08,7.08E+06,3572306,3572304,0,621100
100,3.29E+08,7.61E+06,3572349,3572347,0,551700
100,3.38E+08,7.08E+06,3572356,3572355,0,586150
100,3.38E+08,7.08E+06,3572364,3572364,0,618300
100,3.33E+08,7.15E+06,3572374,3572375,0,565450
100,3.32E+08,7.08E+06,3572404,3572405,0,559450
100,3.38E+08,7.08E+06,3572406,3572407,0,610850
100,3.34E+08,7.13E+06,3572408,3572408,0,567400
100,3.38E+08,7.08E+06,3572421,3572420,0,618300
100,3.35E+08,7.19E+06,3572464,3572464,0,568700
100,3.38E+08,7.08E+06,3572470,3572470,0,626650
100,3.38E+08,7.08E+06,3572479,3572480,0,630100
100,3.38E+08,7.08E+06,3572503,3572503,0,628550
100,3.38E+08,7.08E+06,3572519,3572522,0,618450
100,3.28E+08,7.53E+06,3572540,3572541,0,549100
100,3.38E+08,7.08E+06,3572564,3572565,0,626650
100,3.38E+08,7.08E+06,3572565,3572564,0,616500
100,3.38E+08,7.08E+06,3572569,3572572,0,626650
100,3.38E+08,7.08E+06,3572597,3572597,0,617950
100,3.38E+08,7.08E+06,3572645,3572644,0,639100
100,3.38E+08,7.08E+06,3572666,3572665,0,630200
100,3.38E+08,7.08E+06,3572683,3572680,0,582500
100,3.38E+08,7.08E+06,3572697,3572698,0,630100
100,3.38E+08,7.08E+06,3572706,3572706,0,613450
100,3.38E+08,7.08E+06,3572708,3572708,0,608500
100,3.38E+08,7.08E+06,3572717,3572717,0,623100
100,3.38E+08,7.08E+06,3572718,3572715,0,630200
100,3.38E+08,7.08E+06,3572828,3572826,0,623100
100,3.31E+08,7.17E+06,3572857,3572856,0,558100
100,3.38E+08,7.14E+06,3572863,3572862,0,582500
100,3.38E+08,7.08E+06,3572864,3572866,0,617150
100,3.38E+08,7.08E+06,3572870,3572870,0,618300
100,3.38E+08,7.08E+06,3572875,3572875,0,610850
100,3.38E+08,7.08E+06,3572889,3572889,0,617150
100,3.38E+08,7.08E+06,3572890,3572890,0,610850
100,3.38E+08,7.08E+06,3572922,3572922,0,609950
100,3.38E+08,7.08E+06,3572944,3572944,0,644850
100,3.38E+08,7.08E+06,3572979,3572981,0,618300
100,3.38E+08,7.08E+06,3573010,3573005,0,626650
100,3.38E+08,7.08E+06,3573026,3573026,0,609950
100,3.38E+08,7.08E+06,3573042,3573042,0,618300
100,3.38E+08,7.08E+06,3573056,3573058,0,623100
100,3.32E+08,7.16E+06,3573076,3573076,0,559400
100,3.38E+08,7.08E+06,3573076,3573076,0,638900
100,3.38E+08,7.08E+06,3573100,3573101,0,642650
100,3.38E+08,7.08E+06,3573105,3573107,0,615450
100,3.38E+08,7.08E+06,3573212,3573212,0,603700
100,3.38E+08,7.08E+06,3573239,3573239,0,630100
100,3.38E+08,7.08E+06,3573246,3573247,0,619250
100,3.38E+08,7.08E+06,3573247,3573247,0,630200
100,3.38E+08,7.08E+06,3573253,3573250,0,610000
100,3.38E+08,7.08E+06,3573287,3573284,0,613450
100,3.38E+08,7.08E+06,3573289,3573286,0,586850
100,3.38E+08,7.08E+06,3573323,3573320,0,618050
100,3.38E+08,7.08E+06,3573346,3573346,0,617150
100,3.38E+08,7.08E+06,3573390,3573381,0,610850
100,3.38E+08,7.08E+06,3573396,3573394,0,619250
100,3.38E+08,7.08E+06,3573423,3573422,0,621100
100,3.34E+08,7.15E+06,3573427,3573426,0,567400
100,3.38E+08,7.08E+06,3573458,3573456,0,630200
100,3.38E+08,7.08E+06,3573507,3573507,0,586850
100,3.38E+08,7.08E+06,3573539,3573539,0,640900
100,3.18E+08,7.36E+06,3573545,3573545,0,526400
100,3.31E+08,7.32E+06,3573586,3573586,0,558100
100,3.38E+08,7.08E+06,3573627,3573627,0,630200
100,3.38E+08,7.08E+06,3573647,3573648,0,630200
100,3.28E+08,7.13E+06,3573656,3573650,0,549100
100,3.38E+08,7.08E+06,3573665,3573665,0,630100
100,3.38E+08,7.08E+06,3573676,3573676,0,630100
100,3.38E+08,7.08E+06,3573686,3573686,0,617150
100,3.38E+08,7.08E+06,3573703,3573702,0,586850
100,3.38E+08,7.08E+06,3573727,3573724,0,623100
100,3.38E+08,7.08E+06,3573848,3573848,0,621600
100,3.38E+08,7.08E+06,3573883,3573883,0,617150
100,3.32E+08,7.14E+06,3573904,3573906,0,559400
100,3.38E+08,7.08E+06,3573916,3573916,0,607350
100,3.38E+08,7.08E+06,3573925,3573926,0,639100
100,3.38E+08,7.08E+06,3573937,3573937,0,630200
100,3.38E+08,7.08E+06,3573942,3573944,0,642650
100,3.38E+08,7.08E+06,3573952,3573951,0,639100
100,3.38E+08,7.08E+06,3573955,3573954,0,630100
100,3.38E+08,7.08E+06,3573956,3573955,0,630200
100,3.38E+08,7.08E+06,3573965,3573964,0,630200
100,3.38E+08,7.08E+06,3573995,3573994,0,619250
100,3.18E+08,7.45E+06,3573998,3573996,0,526450
100,3.31E+08,7.24E+06,3574008,3574009,0,557950
100,3.38E+08,7.08E+06,3574008,3574008,0,586850
100,3.38E+08,7.08E+06,3574009,3574011,0,586850
100,3.38E+08,7.08E+06,3574012,3574013,0,613450
100,3.38E+08,7.08E+06,3574066,3574068,0,630200
100,3.38E+08,7.08E+06,3574070,3574071,0,630200
100,3.38E+08,7.08E+06,3574079,3574079,0,618050
100,3.38E+08,7.08E+06,3574141,3574139,0,619250
100,3.38E+08,7.08E+06,3574147,3574150,0,617600
100,3.38E+08,7.08E+06,3574161,3574161,0,630200
100,3.38E+08,7.08E+06,3574168,3574168,0,621700
100,3.38E+08,7.08E+06,3574187,3574187,0,603700
100,3.38E+08,7.08E+06,3574244,3574244,0,608100
100,3.38E+08,7.28E+06,3574254,3574254,0,582500
100,3.38E+08,7.08E+06,3574270,3574270,0,617150
100,3.38E+08,7.08E+06,3574274,3574274,0,610000
100,3.38E+08,7.08E+06,3574282,3574285,0,586850
100,3.38E+08,7.08E+06,3574316,3574316,0,630100
100,3.38E+08,7.08E+06,3574332,3574331,0,630200
100,3.38E+08,7.08E+06,3574340,3574340,0,644850
100,3.38E+08,7.08E+06,3574341,3574339,0,630200
100,3.38E+08,7.08E+06,3574358,3574358,0,623100
100,3.38E+08,7.08E+06,3574358,3574356,0,638150
100,3.38E+08,7.25E+06,3574361,3574360,0,582500
100,3.38E+08,7.08E+06,3574373,3574373,0,613450
100,3.38E+08,7.08E+06,3574387,3574386,0,638900
100,3.38E+08,7.08E+06,3574436,3574437,0,618300
100,3.38E+08,7.08E+06,3574490,3574490,0,617950
100,3.38E+08,7.08E+06,3574510,3574512,0,630200
100,3.38E+08,7.08E+06,3574518,3574518,0,623100
100,3.38E+08,7.08E+06,3574529,3574529,0,618450
100,3.38E+08,7.08E+06,3574547,3574547,0,603700
100,3.38E+08,7.08E+06,3574571,3574572,0,621600
100,3.38E+08,7.08E+06,3574623,3574624,0,618300
100,3.38E+08,7.08E+06,3574629,3574631,0,630100
100,3.38E+08,7.08E+06,3574687,3574688,0,639100
100,3.38E+08,7.08E+06,3574690,3574691,0,610000
100,3.38E+08,7.08E+06,3574705,3574705,0,617950
100,3.38E+08,7.08E+06,3574711,3574711,0,617150
100,3.38E+08,7.08E+06,3574771,3574770,0,642650
100,3.38E+08,7.08E+06,3574780,3574779,0,617600
100,3.30E+08,7.15E+06,3574788,3574788,0,553200
100,3.32E+08,7.21E+06,3574792,3574792,0,559450
100,3.38E+08,7.08E+06,3574818,3574817,0,630200
100,3.38E+08,7.08E+06,3574821,3574821,0,616500
100,3.38E+08,7.08E+06,3574828,3574828,0,603700
100,3.38E+08,7.08E+06,3574830,3574833,0,618450
100,3.38E+08,7.08E+06,3574843,3574844,0,630200
100,3.38E+08,7.08E+06,3574964,3574968,0,603700
100,3.38E+08,7.08E+06,3574964,3574964,0,628550
100,3.38E+08,7.08E+06,3574979,3574979,0,608500
100,3.38E+08,7.08E+06,3575015,3575016,0,608500
100,3.38E+08,7.11E+06,3575022,3575018,0,580850
100,3.38E+08,7.08E+06,3575023,3575026,0,623100
100,3.38E+08,7.08E+06,3575054,3575053,0,610000
100,3.38E+08,7.08E+06,3575055,3575055,0,617150
100,3.34E+08,7.09E+06,3575057,3575059,0,566100
100,3.34E+08,7.10E+06,3575061,3575061,0,566100
100,3.38E+08,7.08E+06,3575068,3575068,0,586850
100,3.30E+08,7.18E+06,3575069,3575067,0,553200
100,3.38E+08,7.08E+06,3575094,3575094,0,642650
100,3.38E+08,7.08E+06,3575108,3575111,0,620150
100,3.38E+08,7.08E+06,3575109,3575108,0,610000
100,3.38E+08,7.08E+06,3575119,3575120,0,609950
100,3.38E+08,7.08E+06,3575154,3575153,0,620950
100,3.38E+08,7.08E+06,3575193,3575192,0,616850
100,3.38E+08,7.08E+06,3575207,3575206,0,610000
100,3.34E+08,7.33E+06,3575284,3575284,0,567400
100,3.38E+08,7.08E+06,3575296,3575295,0,586850
100,3.38E+08,7.08E+06,3575296,3575298,0,644850
100,3.38E+08,7.08E+06,3575339,3575342,0,617950
100,3.38E+08,7.08E+06,3575348,3575349,0,642650
100,3.38E+08,7.08E+06,3575351,3575347,0,618300
100,3.38E+08,7.08E+06,3575371,3575371,0,610000
100,3.38E+08,7.08E+06,3575427,3575427,0,630100
100,3.38E+08,7.08E+06,3575440,3575443,0,620150
100,3.38E+08,7.08E+06,3575451,3575452,0,617950
100,3.38E+08,7.08E+06,3575456,3575456,0,630200
100,3.38E+08,7.08E+06,3575462,3575463,0,638900
100,3.38E+08,7.08E+06,3575469,3575469,0,620150
100,3.38E+08,7.08E+06,3575518,3575516,0,608500
100,3.29E+08,7.13E+06,3575522,3575522,0,551700
100,3.28E+08,7.25E+06,3575532,3575531,0,548950
100,3.34E+08,7.14E+06,3575541,3575542,0,566100
100,3.38E+08,7.08E+06,3575567,3575567,0,594100
100,3.38E+08,7.08E+06,3575573,3575571,0,630200
100,3.38E+08,7.08E+06,3575594,3575594,0,586850
100,3.38E+08,7.08E+06,3575618,3575616,0,630200
100,3.38E+08,7.08E+06,3575630,3575630,0,617150
100,3.38E+08,7.08E+06,3575631,3575635,0,617950
100,3.38E+08,7.08E+06,3575632,3575632,0,600750
100,3.31E+08,7.62E+06,3575647,3575647,0,557950
100,3.28E+08,7.25E+06,3575697,3575697,0,548950
100,3.38E+08,7.08E+06,3575704,3575703,0,607350
100,3.38E+08,7.08E+06,3575743,3575742,0,603700
100,3.38E+08,7.08E+06,3575753,3575758,0,639100
100,3.38E+08,7.08E+06,3575753,3575753,0,642650
100,3.38E+08,7.08E+06,3575775,3575775,0,642650
100,3.38E+08,7.08E+06,3575813,3575812,0,607350
100,3.38E+08,7.08E+06,3575821,3575821,0,610800
100,3.38E+08,7.08E+06,3575822,3575822,0,630200
100,3.38E+08,7.08E+06,3575824,3575824,0,594100
100,3.38E+08,7.08E+06,3575834,3575835,0,630200
100,3.38E+08,7.08E+06,3575838,3575838,0,630200
100,3.38E+08,7.08E+06,3575862,3575862,0,610000
100,3.38E+08,7.08E+06,3575869,3575869,0,642650
100,3.38E+08,7.44E+06,3575891,3575891,0,580600
100,3.38E+08,7.08E+06,3575896,3575895,0,630200
100,3.38E+08,7.08E+06,3575917,3575917,0,620150
100,3.18E+08,7.41E+06,3575927,3575927,0,526450
100,3.37E+08,7.32E+06,3575940,3575940,0,576500
100,3.38E+08,7.08E+06,3575944,3575945,0,619250
100,3.30E+08,7.18E+06,3575951,3575951,0,553200
100,3.38E+08,7.08E+06,3576006,3576006,0,618450
100,3.38E+08,7.08E+06,3576024,3576024,0,617150
100,3.38E+08,7.08E+06,3576031,3576028,0,630100
100,3.38E+08,7.08E+06,3576069,3576069,0,617950
100,3.38E+08,7.08E+06,3576151,3576151,0,582500
100,3.38E+08,7.08E+06,3576153,3576153,0,630200
100,3.38E+08,7.08E+06,3576155,3576152,0,586850
100,3.38E+08,7.08E+06,3576169,3576169,0,630200
100,3.34E+08,7.37E+06,3576173,3576173,0,566100
100,3.38E+08,7.08E+06,3576176,3576175,0,642650
100,3.38E+08,7.08E+06,3576196,3576196,0,644850
100,3.38E+08,7.08E+06,3576237,3576240,0,639100
100,3.38E+08,7.08E+06,3576243,3576237,0,621600
100,3.38E+08,7.08E+06,3576281,3576282,0,594100
100,3.38E+08,7.08E+06,3576286,3576287,0,623100
100,3.38E+08,7.08E+06,3576295,3576295,0,642650
100,3.34E+08,7.13E+06,3576296,3576296,0,567400
100,3.38E+08,7.08E+06,3576323,3576319,0,582500
100,3.38E+08,7.08E+06,3576354,3576356,0,630100
100,3.38E+08,7.08E+06,3576376,3576376,0,639100
100,3.38E+08,7.08E+06,3576416,3576412,0,639100
100,3.38E+08,7.08E+06,3576425,3576424,0,608650
100,3.38E+08,7.08E+06,3576430,3576430,0,618300
100,3.38E+08,7.08E+06,3576440,3576440,0,621700
100,3.38E+08,7.08E+06,3576450,3576453,0,630200
100,3.31E+08,7.18E+06,3576452,3576452,0,557950
100,3.38E+08,7.08E+06,3576496,3576496,0,617600
100,3.38E+08,7.08E+06,3576509,3576509,0,623100
100,3.38E+08,7.08E+06,3576526,3576528,0,619250
100,3.38E+08,7.08E+06,3576540,3576541,0,630200
100,3.31E+08,7.14E+06,3576548,3576547,0,557950
100,3.38E+08,7.08E+06,3576562,3576563,0,617950
100,3.38E+08,7.30E+06,3576568,3576568,0,582500
100,3.38E+08,7.08E+06,3576568,3576571,0,585000
100,3.38E+08,7.08E+06,3576616,3576616,0,642650
100,3.38E+08,7.08E+06,3576628,3576626,0,617600
100,3.38E+08,7.08E+06,3576649,3576649,0,639100
100,3.38E+08,7.08E+06,3576650,3576649,0,610000
100,3.38E+08,7.08E+06,3576724,3576721,0,610000
100,3.38E+08,7.08E+06,3576728,3576728,0,617150
100,3.38E+08,7.08E+06,3576766,3576763,0,610900
100,3.30E+08,7.27E+06,3576884,3576884,0,553200
100,3.38E+08,7.08E+06,3576933,3576932,0,613450
100,3.38E+08,7.08E+06,3576933,3576935,0,617150
100,3.38E+08,7.08E+06,3577001,3577004,0,610900
100,3.38E+08,7.08E+06,3577002,3577003,0,630200
100,3.38E+08,7.08E+06,3577004,3577004,0,630200
100,3.38E+08,7.08E+06,3577014,3577012,0,638900
100,3.38E+08,7.08E+06,3577020,3577016,0,617950
100,3.38E+08,7.08E+06,3577054,3577054,0,618050
100,3.38E+08,7.08E+06,3577064,3577060,0,594100
100,3.34E+08,7.12E+06,3577072,3577072,0,566100
100,3.38E+08,7.08E+06,3577106,3577105,0,630200
100,3.34E+08,7.41E+06,3577160,3577158,0,566100
100,3.38E+08,7.08E+06,3577168,3577167,0,620950
100,3.38E+08,7.18E+06,3577186,3577186,0,580600
100,3.38E+08,7.08E+06,3577212,3577209,0,600300
100,3.38E+08,7.08E+06,3577236,3577237,0,620950
100,3.38E+08,7.08E+06,3577241,3577241,0,630200
100,3.38E+08,7.08E+06,3577295,3577295,0,630100
100,3.38E+08,7.08E+06,3577295,3577295,0,640500
100,3.38E+08,7.08E+06,3577331,3577332,0,594100
100,3.38E+08,7.08E+06,3577354,3577354,0,621700
100,3.38E+08,7.08E+06,3577388,3577388,0,639100
100,3.38E+08,7.08E+06,3577418,3577416,0,630200
100,3.38E+08,7.08E+06,3577474,3577475,0,613450
100,3.38E+08,7.08E+06,3577474,3577474,0,617950
100,3.38E+08,7.08E+06,3577492,3577492,0,639100
100,3.38E+08,7.08E+06,3577494,3577494,0,639100
100,3.38E+08,7.08E+06,3577540,3577540,0,630200
100,3.38E+08,7.08E+06,3577553,3577552,0,615450
100,3.38E+08,7.08E+06,3577553,3577553,0,617950
100,3.34E+08,7.15E+06,3577578,3577579,0,567400
100,3.38E+08,7.08E+06,3577587,3577588,0,618300
100,3.38E+08,7.08E+06,3577604,3577604,0,638900
100,3.38E+08,7.08E+06,3577612,3577612,0,610000
100,3.38E+08,7.08E+06,3577642,3577643,0,616850
100,3.38E+08,7.08E+06,3577662,3577662,0,639100
100,3.38E+08,7.08E+06,3577679,3577679,0,630200
100,3.18E+08,7.17E+06,3577682,3577679,0,527200
100,3.38E+08,7.08E+06,3577696,3577696,0,586850
100,3.38E+08,7.08E+06,3577699,3577700,0,607350
100,3.38E+08,7.08E+06,3577711,3577711,0,623100
100,3.30E+08,7.45E+06,3577782,3577783,0,553200
100,3.38E+08,7.11E+06,3577786,3577787,0,580600
100,3.38E+08,7.08E+06,3577790,3577788,0,617150
100,3.38E+08,7.08E+06,3577833,3577833,0,620150
100,3.38E+08,7.08E+06,3577839,3577836,0,586850
100,3.28E+08,7.10E+06,3577845,3577846,0,548000
100,3.38E+08,7.08E+06,3577851,3577852,0,608100
100,3.38E+08,7.08E+06,3577870,3577869,0,610000
100,3.38E+08,7.08E+06,3577895,3577895,0,630200
100,3.35E+08,7.29E+06,3577898,3577898,0,568700
100,3.38E+08,7.08E+06,3577958,3577958,0,621600
100,3.38E+08,7.08E+06,3577964,3577964,0,630200
100,3.34E+08,7.47E+06,3577991,3577991,0,567400
100,3.38E+08,7.08E+06,3578015,3578015,0,603700
100,3.38E+08,7.08E+06,3578017,3578023,0,610000
100,3.38E+08,7.08E+06,3578031,3578030,0,623100
100,3.38E+08,7.08E+06,3578038,3578038,0,610850
100,3.38E+08,7.08E+06,3578081,3578081,0,619250
100,3.38E+08,7.08E+06,3578151,3578151,0,613450
100,3.38E+08,7.08E+06,3578192,3578194,0,618300
100,3.38E+08,7.08E+06,3578223,3578225,0,618300
100,3.28E+08,7.13E+06,3578241,3578242,0,548550
100,3.38E+08,7.08E+06,3578269,3578270,0,623100
100,3.38E+08,7.08E+06,3578315,3578315,0,585200
100,3.38E+08,7.08E+06,3578321,3578321,0,630200
100,3.38E+08,7.08E+06,3578328,3578328,0,582500
100,3.38E+08,7.08E+06,3578381,3578381,0,639100
100,3.38E+08,7.08E+06,3578474,3578474,0,617150
100,3.38E+08,7.08E+06,3578504,3578507,0,586850
100,3.38E+08,7.08E+06,3578526,3578525,0,586850
100,3.38E+08,7.08E+06,3578526,3578520,0,623100
100,3.30E+08,7.17E+06,3578565,3578565,0,553200
100,3.17E+08,7.75E+06,3578579,3578580,0,526150
100,3.32E+08,7.17E+06,3578589,3578588,0,562000
100,3.38E+08,7.08E+06,3578654,3578652,0,617950
100,3.38E+08,7.08E+06,3578662,3578663,0,630200
100,3.38E+08,7.08E+06,3578672,3578672,0,630200
100,3.38E+08,7.08E+06,3578685,3578686,0,630200
100,3.38E+08,7.08E+06,3578692,3578691,0,613450
100,3.38E+08,7.08E+06,3578704,3578704,0,628550
100,3.38E+08,7.08E+06,3578709,3578709,0,626650
100,3.38E+08,7.08E+06,3578746,3578746,0,603700
100,3.38E+08,7.08E+06,3578761,3578758,0,621700
100,3.38E+08,7.08E+06,3578766,3578766,0,586850
100,3.38E+08,7.08E+06,3578812,3578814,0,630200
100,3.38E+08,7.08E+06,3578847,3578847,0,618050
100,3.38E+08,7.08E+06,3578856,3578856,0,610000
100,3.38E+08,7.08E+06,3578861,3578854,0,630200
100,3.38E+08,7.08E+06,3578862,3578863,0,618050
100,3.38E+08,7.08E+06,3578910,3578911,0,603700
100,3.38E+08,7.08E+06,3578924,3578924,0,630200
100,3.32E+08,7.07E+06,3578927,3578927,0,562000
100,3.38E+08,7.08E+06,3578931,3578932,0,586850
100,3.38E+08,7.08E+06,3578943,3578944,0,618450
100,3.38E+08,7.08E+06,3578967,3578967,0,630100
100,3.29E+08,7.06E+06,3578974,3578974,0,551050
100,3.28E+08,7.22E+06,3579014,3579015,0,549100
100,3.38E+08,7.08E+06,3579017,3579017,0,621600
100,3.38E+08,7.08E+06,3579072,3579073,0,607350
100,3.38E+08,7.08E+06,3579094,3579095,0,586850
100,3.38E+08,7.08E+06,3579109,3579111,0,607350
100,3.38E+08,7.08E+06,3579129,3579129,0,618300
100,3.38E+08,7.08E+06,3579154,3579154,0,640500
100,3.38E+08,7.08E+06,3579155,3579154,0,616850
100,3.38E+08,7.23E+06,3579156,3579156,0,580850
100,3.38E+08,7.08E+06,3579165,3579164,0,623000
100,3.38E+08,7.08E+06,3579193,3579194,0,615450
100,3.30E+08,7.23E+06,3579196,3579199,0,553200
100,3.38E+08,7.08E+06,3579210,3579210,0,628550
100,3.38E+08,7.08E+06,3579218,3579216,0,618300
100,3.38E+08,7.08E+06,3579232,3579232,0,618300
100,3.38E+08,7.08E+06,3579253,3579254,0,642650
100,3.38E+08,7.08E+06,3579260,3579260,0,630100
100,3.38E+08,7.08E+06,3579272,3579273,0,610000
100,3.31E+08,7.09E+06,3579308,3579308,0,557950
100,3.38E+08,7.08E+06,3579399,3579401,0,594100
100,3.38E+08,7.08E+06,3579419,3579417,0,618450
100,3.38E+08,7.08E+06,3579451,3579451,0,617950
100,3.38E+08,7.08E+06,3579485,3579484,0,617150
100,3.38E+08,7.08E+06,3579509,3579507,0,630200
100,3.29E+08,7.12E+06,3579517,3579518,0,551050
100,3.38E+08,7.08E+06,3579533,3579533,0,586850
100,3.38E+08,7.08E+06,3579540,3579539,0,630200
100,3.38E+08,7.08E+06,3579545,3579547,0,621600
100,3.38E+08,7.08E+06,3579549,3579549,0,623100
100,3.38E+08,7.08E+06,3579563,3579563,0,621700
100,3.38E+08,7.08E+06,3579602,3579600,0,607350
100,3.38E+08,7.08E+06,3579602,3579602,0,616500
100,3.38E+08,7.08E+06,3579610,3579609,0,640500
100,3.30E+08,7.64E+06,3579627,3579627,0,553200
100,3.38E+08,7.08E+06,3579649,3579649,0,613450
100,3.38E+08,7.08E+06,3579653,3579653,0,630200
100,3.38E+08,7.08E+06,3579674,3579672,0,639100
100,3.38E+08,7.08E+06,3579685,3579685,0,628550
100,3.38E+08,7.08E+06,3579697,3579697,0,607350
100,3.38E+08,7.08E+06,3579707,3579707,0,630200
100,3.38E+08,7.08E+06,3579738,3579733,0,620150
100,3.38E+08,7.08E+06,3579756,3579756,0,623100
100,3.38E+08,7.08E+06,3579803,3579803,0,630200
100,3.38E+08,7.08E+06,3579838,3579837,0,626650
100,3.38E+08,7.08E+06,3579859,3579859,0,630200
100,3.38E+08,7.08E+06,3579878,3579878,0,618050
100,3.38E+08,7.08E+06,3579903,3579906,0,630100
100,3.38E+08,7.08E+06,3579919,3579920,0,621600
100,3.38E+08,7.08E+06,3579922,3579922,0,607350
100,3.18E+08,7.37E+06,3579937,3579937,0,526250
100,3.38E+08,7.08E+06,3579962,3579962,0,610000
100,3.38E+08,7.08E+06,3579962,3579961,0,630200
100,3.38E+08,7.08E+06,3579989,3579989,0,615450
100,3.28E+08,7.16E+06,3579999,3579997,0,549100
100,3.38E+08,7.08E+06,3580003,3580003,0,621700
100,3.38E+08,7.08E+06,3580031,3580031,0,621600
100,3.09E+08,7.59E+06,3580083,3580084,0,501350
100,3.38E+08,7.08E+06,3580097,3580099,0,617600
100,3.38E+08,7.08E+06,3580099,3580101,0,610850
100,3.38E+08,7.08E+06,3580113,3580111,0,623100
100,3.38E+08,7.08E+06,3580156,3580156,0,628550
100,3.38E+08,7.08E+06,3580160,3580158,0,610000
100,3.38E+08,7.08E+06,3580170,3580171,0,630200
100,3.38E+08,7.08E+06,3580204,3580195,0,610950
100,3.38E+08,7.08E+06,3580208,3580208,0,609950
100,3.38E+08,7.08E+06,3580208,3580206,0,640500
100,3.38E+08,7.30E+06,3580244,3580245,0,580600
100,3.38E+08,7.08E+06,3580244,3580247,0,618450
100,3.35E+08,7.11E+06,3580259,3580259,0,568700
100,3.38E+08,7.08E+06,3580267,3580266,0,618300
100,3.38E+08,7.08E+06,3580279,3580279,0,623000
100,3.38E+08,7.08E+06,3580281,3580281,0,630200
100,3.38E+08,7.08E+06,3580285,3580283,0,610000
100,3.38E+08,7.08E+06,3580306,3580306,0,621600
100,3.29E+08,7.27E+06,3580381,3580381,0,551700
100,3.38E+08,7.08E+06,3580450,3580450,0,616850
100,3.38E+08,7.08E+06,3580452,3580452,0,617950
100,3.38E+08,7.08E+06,3580460,3580460,0,619250
100,3.38E+08,7.08E+06,3580474,3580474,0,620950
100,3.38E+08,7.08E+06,3580502,3580502,0,630200
100,3.38E+08,7.08E+06,3580526,3580526,0,622700
100,3.38E+08,7.08E+06,3580556,3580555,0,630200
100,3.38E+08,7.08E+06,3580560,3580560,0,586850
100,3.38E+08,7.08E+06,3580575,3580576,0,644850
100,3.38E+08,7.08E+06,3580631,3580631,0,608100
100,3.38E+08,7.08E+06,3580642,3580642,0,630100
100,3.38E+08,7.08E+06,3580687,3580686,0,618450
100,3.38E+08,7.08E+06,3580689,3580689,0,630200
100,3.38E+08,7.08E+06,3580694,3580692,0,630200
100,3.38E+08,7.08E+06,3580702,3580701,0,618300
100,3.38E+08,7.08E+06,3580714,3580714,0,623100
100,3.38E+08,7.08E+06,3580759,3580759,0,623100
100,3.38E+08,7.08E+06,3580811,3580810,0,626650
100,3.38E+08,7.08E+06,3580832,3580832,0,617150
100,3.38E+08,7.08E+06,3580839,3580836,0,616500
100,3.38E+08,7.08E+06,3580856,3580855,0,608650
100,3.30E+08,7.19E+06,3580863,3580862,0,553200
100,3.35E+08,7.21E+06,3580882,3580882,0,568700
100,3.38E+08,7.08E+06,3580914,3580914,0,616850
100,3.38E+08,7.08E+06,3580932,3580929,0,586850
100,3.38E+08,7.08E+06,3580941,3580940,0,630200
100,3.38E+08,7.08E+06,3581003,3581004,0,586850
100,3.38E+08,7.08E+06,3581032,3581031,0,630200
100,3.38E+08,7.08E+06,3581053,3581054,0,639100
100,3.38E+08,7.08E+06,3581107,3581108,0,630200
100,3.31E+08,7.19E+06,3581133,3581133,0,558100
100,3.38E+08,7.08E+06,3581135,3581134,0,607350
100,3.38E+08,7.08E+06,3581139,3581135,0,594100
100,3.38E+08,7.08E+06,3581168,3581168,0,618300
100,3.38E+08,7.08E+06,3581196,3581196,0,630200
100,3.38E+08,7.08E+06,3581218,3581216,0,586850
100,3.38E+08,7.08E+06,3581232,3581231,0,617950
100,3.38E+08,7.08E+06,3581242,3581242,0,642650
100,3.38E+08,7.08E+06,3581403,3581400,0,630100
100,3.38E+08,7.08E+06,3581455,3581454,0,628550
100,3.28E+08,7.56E+06,3581465,3581465,0,549100
100,3.38E+08,7.08E+06,3581469,3581471,0,630200
100,3.38E+08,7.08E+06,3581475,3581472,0,618300
100,3.38E+08,7.08E+06,3581491,3581493,0,640500
100,3.38E+08,7.08E+06,3581577,3581577,0,618300
100,3.38E+08,7.08E+06,3581587,3581587,0,610000
100,3.37E+08,7.08E+06,3581605,3581601,0,576500
100,3.38E+08,7.08E+06,3581630,3581633,0,623100
100,3.38E+08,7.08E+06,3581667,3581667,0,617150
100,3.38E+08,7.08E+06,3581678,3581676,0,610900
100,3.38E+08,7.08E+06,3581712,3581711,0,586850
100,3.38E+08,7.08E+06,3581754,3581750,0,630200
100,3.38E+08,7.08E+06,3581761,3581760,0,630200
100,3.38E+08,7.08E+06,3581771,3581771,0,607350
100,3.38E+08,7.08E+06,3581826,3581826,0,610850
100,3.38E+08,7.08E+06,3581860,3581857,0,623000
100,3.38E+08,7.08E+06,3581899,3581900,0,609950
100,3.38E+08,7.08E+06,3581899,3581899,0,644850
100,3.38E+08,7.08E+06,3581930,3581928,0,608500
100,3.38E+08,7.08E+06,3581959,3581961,0,586850
100,3.30E+08,7.35E+06,3581987,3581987,0,557950
100,3.38E+08,7.08E+06,3581994,3581993,0,586850
100,3.38E+08,7.08E+06,3582084,3582083,0,617950
100,3.38E+08,7.08E+06,3582098,3582100,0,630200
100,3.38E+08,7.08E+06,3582115,3582115,0,628550
100,3.38E+08,7.08E+06,3582163,3582162,0,640900
100,3.38E+08,7.08E+06,3582205,3582205,0,630200
100,3.38E+08,7.08E+06,3582224,3582221,0,608300
100,3.38E+08,7.08E+06,3582229,3582229,0,617150
100,3.38E+08,7.17E+06,3582247,3582245,0,582500
100,3.38E+08,7.08E+06,3582252,3582252,0,610000
100,3.38E+08,7.08E+06,3582273,3582271,0,610900
100,3.38E+08,7.08E+06,3582295,3582296,0,618300
100,3.38E+08,7.08E+06,3582302,3582302,0,586850
100,3.38E+08,7.08E+06,3582320,3582320,0,630200
100,3.38E+08,7.08E+06,3582388,3582387,0,618300
100,3.38E+08,7.08E+06,3582391,3582391,0,613450
100,3.38E+08,7.58E+06,3582393,3582393,0,580850
100,2.90E+08,7.07E+06,3582398,3582397,0,442400
100,3.38E+08,7.08E+06,3582429,3582429,0,628550
100,3.38E+08,7.08E+06,3582433,3582433,0,630200
100,3.38E+08,7.08E+06,3582451,3582453,0,639100
100,3.38E+08,7.08E+06,3582453,3582453,0,615450
100,3.28E+08,7.14E+06,3582494,3582495,0,548950
100,3.38E+08,7.08E+06,3582502,3582501,0,613450
100,3.31E+08,7.09E+06,3582541,3582538,0,558100
100,3.18E+08,7.24E+06,3582567,3582565,0,526400
100,3.38E+08,7.08E+06,3582570,3582572,0,638900
100,3.38E+08,7.08E+06,3582570,3582566,0,639100
100,3.38E+08,7.08E+06,3582631,3582631,0,600300
100,3.38E+08,7.08E+06,3582631,3582630,0,639100
100,3.38E+08,7.08E+06,3582656,3582656,0,639100
100,3.38E+08,7.99E+06,3582657,3582658,0,580600
100,3.38E+08,7.08E+06,3582667,3582664,0,630200
100,3.38E+08,7.08E+06,3582672,3582672,0,603700
100,3.38E+08,7.08E+06,3582689,3582688,0,586850
100,3.38E+08,7.08E+06,3582700,3582700,0,623100
100,3.38E+08,7.08E+06,3582732,3582734,0,630200
100,3.31E+08,7.12E+06,3582741,3582742,0,557950
100,3.38E+08,7.08E+06,3582790,3582790,0,607350
100,3.38E+08,7.08E+06,3582807,3582806,0,603700
100,3.38E+08,7.08E+06,3582815,3582815,0,582500
100,3.38E+08,7.08E+06,3582825,3582825,0,594100
100,3.38E+08,7.08E+06,3582857,3582856,0,616850
100,3.38E+08,7.08E+06,3582898,3582895,0,639100
100,3.38E+08,7.08E+06,3582906,3582908,0,618300
100,3.38E+08,7.08E+06,3582918,3582918,0,630200
100,3.38E+08,7.08E+06,3582919,3582919,0,621600
100,3.38E+08,7.08E+06,3582929,3582929,0,639100
100,3.38E+08,7.08E+06,3582953,3582953,0,638900
100,3.38E+08,7.08E+06,3582999,3582993,0,607350
100,3.38E+08,7.08E+06,3583023,3583023,0,610850
100,3.38E+08,7.08E+06,3583035,3583036,0,608500
100,3.38E+08,7.08E+06,3583050,3583050,0,630200
100,3.38E+08,7.08E+06,3583058,3583056,0,623100
100,3.38E+08,7.08E+06,3583081,3583081,0,618300
100,3.38E+08,7.08E+06,3583084,3583082,0,620150
100,3.38E+08,7.08E+06,3583138,3583138,0,586850
100,3.38E+08,7.08E+06,3583144,3583144,0,610850
100,3.28E+08,7.11E+06,3583212,3583211,0,549100
100,3.38E+08,7.08E+06,3583236,3583235,0,617150
100,3.38E+08,7.08E+06,3583236,3583235,0,618450
100,3.38E+08,7.08E+06,3583253,3583253,0,618450
100,3.32E+08,7.09E+06,3583257,3583254,0,559450
100,3.38E+08,7.08E+06,3583263,3583257,0,617600
100,3.38E+08,7.08E+06,3583316,3583317,0,610000
100,3.38E+08,7.08E+06,3583338,3583338,0,630200
100,3.34E+08,7.17E+06,3583339,3583339,0,567400
100,3.38E+08,7.08E+06,3583420,3583419,0,630200
100,3.28E+08,7.26E+06,3583495,3583496,0,549100
100,3.38E+08,7.08E+06,3583522,3583521,0,642650
100,3.38E+08,7.08E+06,3583534,3583532,0,613450
100,3.38E+08,7.08E+06,3583557,3583556,0,616850
100,3.38E+08,7.08E+06,3583558,3583558,0,621600
100,3.38E+08,7.08E+06,3583610,3583610,0,610000
100,3.38E+08,7.08E+06,3583732,3583732,0,613450
100,3.38E+08,7.08E+06,3583754,3583754,0,618450
100,3.38E+08,7.08E+06,3583773,3583772,0,610000
100,3.38E+08,7.08E+06,3583831,3583831,0,630200
100,3.38E+08,7.08E+06,3583847,3583847,0,610000
100,3.38E+08,7.08E+06,3583847,3583846,0,617150
100,3.38E+08,7.08E+06,3583856,3583853,0,642650
100,3.38E+08,7.08E+06,3583859,3583861,0,640500
100,3.38E+08,7.08E+06,3583881,3583881,0,644850
100,3.34E+08,7.15E+06,3583923,3583923,0,566100
100,3.38E+08,7.30E+06,3583935,3583935,0,582500
100,3.38E+08,7.08E+06,3583960,3583961,0,620950
100,3.38E+08,7.17E+06,3583969,3583969,0,580400
100,3.35E+08,7.12E+06,3583973,3583972,0,568700
100,3.38E+08,7.08E+06,3584013,3584012,0,630200
100,3.28E+08,7.12E+06,3584033,3584030,0,548950
100,3.38E+08,7.08E+06,3584042,3584041,0,630100
100,3.38E+08,7.08E+06,3584048,3584046,0,618300
100,3.38E+08,7.08E+06,3584128,3584131,0,617150
100,3.38E+08,7.08E+06,3584129,3584127,0,607350
100,3.38E+08,7.08E+06,3584163,3584163,0,623100
100,3.38E+08,7.08E+06,3584185,3584185,0,617950
100,3.38E+08,7.08E+06,3584211,3584211,0,617950
100,3.38E+08,7.08E+06,3584219,3584219,0,620950
100,3.38E+08,7.08E+06,3584230,3584227,0,610900
100,3.38E+08,7.08E+06,3584237,3584237,0,630200
100,3.38E+08,7.08E+06,3584256,3584256,0,618450
100,3.38E+08,7.08E+06,3584291,3584291,0,606400
100,3.32E+08,7.24E+06,3584348,3584346,0,562000
100,3.38E+08,7.08E+06,3584358,3584360,0,609950
100,3.38E+08,7.08E+06,3584373,3584372,0,628550
100,3.30E+08,7.17E+06,3584378,3584379,0,553200
100,3.38E+08,7.08E+06,3584387,3584387,0,608300
100,3.29E+08,7.09E+06,3584393,3584393,0,551050
100,3.38E+08,7.08E+06,3584413,3584413,0,617150
100,3.38E+08,7.08E+06,3584441,3584439,0,586850
100,3.38E+08,7.08E+06,3584453,3584451,0,619250
100,3.38E+08,7.08E+06,3584476,3584475,0,644850
100,3.29E+08,7.15E+06,3584494,3584494,0,551700
100,3.38E+08,7.08E+06,3584497,3584495,0,618450
100,3.28E+08,7.30E+06,3584540,3584540,0,548550
100,3.38E+08,7.08E+06,3584544,3584546,0,638900
100,3.38E+08,7.08E+06,3584580,3584580,0,617950
100,3.38E+08,7.08E+06,3584583,3584584,0,630100
100,3.35E+08,7.41E+06,3584626,3584626,0,568700
100,3.38E+08,7.08E+06,3584627,3584627,0,630200
100,3.34E+08,7.25E+06,3584636,3584636,0,566100
100,3.38E+08,7.08E+06,3584640,3584643,0,618450
100,3.18E+08,7.60E+06,3584694,3584694,0,526450
100,3.38E+08,7.08E+06,3584723,3584723,0,626650
100,3.38E+08,7.08E+06,3584740,3584740,0,617950
100,3.38E+08,7.08E+06,3584741,3584740,0,603700
100,3.38E+08,7.08E+06,3584746,3584746,0,618450
100,3.38E+08,7.08E+06,3584772,3584772,0,603700
100,3.38E+08,7.08E+06,3584772,3584771,0,630200
100,3.31E+08,7.08E+06,3584775,3584779,0,558100
100,3.38E+08,7.08E+06,3584779,3584779,0,613450
100,3.38E+08,7.08E+06,3584792,3584792,0,607350
100,3.38E+08,7.08E+06,3584820,3584820,0,630200
100,3.38E+08,7.11E+06,3584826,3584825,0,582500
100,3.34E+08,7.23E+06,3584839,3584839,0,566100
100,3.30E+08,7.08E+06,3584849,3584849,0,553200
100,3.38E+08,7.08E+06,3584861,3584861,0,626650
100,3.38E+08,7.08E+06,3584862,3584857,0,586850
100,3.38E+08,7.08E+06,3584884,3584884,0,617150
100,3.38E+08,7.08E+06,3584943,3584943,0,623000
100,3.38E+08,7.08E+06,3585002,3585003,0,630200
100,3.38E+08,7.08E+06,3585005,3585005,0,630200
100,3.34E+08,7.14E+06,3585049,3585050,0,566100
100,3.38E+08,7.08E+06,3585064,3585064,0,616500
100,3.38E+08,7.10E+06,3585068,3585068,0,582500
100,3.38E+08,7.08E+06,3585086,3585086,0,623100
100,3.38E+08,7.08E+06,3585102,3585101,0,618050
100,3.38E+08,7.08E+06,3585123,3585123,0,630200
100,3.38E+08,7.08E+06,3585173,3585173,0,586850
100,3.38E+08,7.08E+06,3585211,3585212,0,630200
100,3.38E+08,7.08E+06,3585251,3585250,0,610900
100,3.38E+08,7.08E+06,3585271,3585271,0,610000
100,3.38E+08,7.08E+06,3585272,3585272,0,630200
100,3.38E+08,7.08E+06,3585286,3585286,0,639100
100,3.38E+08,7.08E+06,3585291,3585291,0,639100
100,3.34E+08,7.68E+06,3585320,3585321,0,567400
100,3.38E+08,7.08E+06,3585349,3585349,0,610000
100,3.38E+08,7.08E+06,3585376,3585376,0,626650
100,3.38E+08,7.08E+06,3585382,3585384,0,630200
100,3.38E+08,7.08E+06,3585386,3585386,0,617950
100,3.38E+08,7.08E+06,3585387,3585387,0,608300
100,3.38E+08,7.08E+06,3585462,3585462,0,608500
100,3.38E+08,7.08E+06,3585462,3585465,0,630100
100,3.38E+08,7.08E+06,3585474,3585474,0,619250
100,3.34E+08,7.44E+06,3585502,3585500,0,566100
100,3.34E+08,7.13E+06,3585510,3585512,0,566100
100,3.38E+08,7.08E+06,3585526,3585526,0,639100
100,3.38E+08,7.08E+06,3585538,3585538,0,621600
100,3.38E+08,7.08E+06,3585543,3585544,0,586850
100,3.34E+08,7.40E+06,3585577,3585577,0,567400
100,3.38E+08,7.08E+06,3585588,3585587,0,626650
100,3.38E+08,7.08E+06,3585617,3585618,0,623100
100,3.38E+08,7.08E+06,3585636,3585634,0,623100
100,3.38E+08,7.08E+06,3585691,3585689,0,610000
100,3.38E+08,7.08E+06,3585692,3585692,0,630200
100,3.38E+08,7.08E+06,3585709,3585708,0,630200
100,3.38E+08,7.08E+06,3585736,3585736,0,630200
100,3.38E+08,7.08E+06,3585750,3585750,0,630200
100,3.38E+08,7.08E+06,3585765,3585765,0,610000
100,3.38E+08,7.08E+06,3585778,3585777,0,613450
100,3.38E+08,7.08E+06,3585803,3585801,0,586850
100,3.38E+08,7.08E+06,3585803,3585805,0,608500
100,3.38E+08,7.08E+06,3585835,3585835,0,610000
100,3.38E+08,7.08E+06,3585865,3585855,0,610950
100,3.38E+08,7.08E+06,3585874,3585878,0,630200
100,3.38E+08,7.08E+06,3585882,3585883,0,586850
100,3.38E+08,7.08E+06,3585897,3585897,0,638900
100,3.38E+08,7.43E+06,3585933,3585934,0,582500
100,3.30E+08,7.10E+06,3585955,3585956,0,553200
100,3.38E+08,7.08E+06,3585956,3585952,0,630100
100,3.28E+08,7.10E+06,3585998,3585998,0,549100
100,3.38E+08,7.08E+06,3585998,3585998,0,644850
100,3.19E+08,7.13E+06,3586018,3586018,0,527200
100,3.38E+08,7.08E+06,3586047,3586047,0,630200
100,3.38E+08,7.08E+06,3586055,3586058,0,618300
100,3.38E+08,7.08E+06,3586098,3586098,0,630100
100,3.38E+08,7.08E+06,3586114,3586114,0,618450
100,3.38E+08,7.08E+06,3586126,3586124,0,644850
100,3.38E+08,7.08E+06,3586162,3586164,0,618300
100,3.38E+08,7.08E+06,3586163,3586163,0,610000
100,3.38E+08,7.08E+06,3586207,3586207,0,630100
100,3.38E+08,7.08E+06,3586214,3586215,0,610900
100,3.38E+08,7.08E+06,3586231,3586232,0,628550
100,3.38E+08,7.08E+06,3586238,3586238,0,630200
100,3.38E+08,7.08E+06,3586268,3586268,0,617150
100,3.38E+08,7.08E+06,3586272,3586272,0,616850
100,3.38E+08,7.08E+06,3586273,3586273,0,630200
100,3.29E+08,7.15E+06,3586393,3586391,0,551050
100,3.38E+08,7.08E+06,3586407,3586406,0,613450
100,3.38E+08,7.08E+06,3586457,3586457,0,607350
100,3.28E+08,7.30E+06,3586466,3586468,0,548900
100,3.38E+08,7.08E+06,3586471,3586469,0,630100
100,3.38E+08,7.08E+06,3586478,3586478,0,630200
100,3.38E+08,7.41E+06,3586485,3586483,0,580600
100,3.32E+08,7.22E+06,3586495,3586492,0,559450
100,3.38E+08,7.08E+06,3586521,3586521,0,621700
100,3.38E+08,7.08E+06,3586566,3586566,0,630200
100,3.38E+08,7.08E+06,3586578,3586578,0,619250
100,3.38E+08,7.08E+06,3586578,3586578,0,621700
100,3.38E+08,7.08E+06,3586605,3586605,0,586850
100,3.38E+08,7.08E+06,3586643,3586643,0,630200
100,3.28E+08,7.17E+06,3586656,3586656,0,549100
100,3.38E+08,7.08E+06,3586672,3586674,0,630200
100,3.38E+08,7.08E+06,3586731,3586730,0,620150
100,3.38E+08,7.08E+06,3586738,3586737,0,630200
100,3.38E+08,7.08E+06,3586760,3586760,0,613450
100,3.38E+08,7.08E+06,3586791,3586791,0,619250
100,3.32E+08,7.13E+06,3586855,3586855,0,559700
100,3.38E+08,7.08E+06,3586875,3586877,0,610000
100,3.38E+08,7.08E+06,3586885,3586885,0,586850
100,3.38E+08,7.08E+06,3586936,3586935,0,618300
100,3.29E+08,7.10E+06,3586950,3586950,0,551050
100,3.38E+08,7.08E+06,3586957,3586957,0,610900
100,3.38E+08,7.08E+06,3586968,3586968,0,610850
100,3.38E+08,7.08E+06,3587016,3587016,0,613450
100,3.38E+08,7.08E+06,3587032,3587032,0,607350
100,3.38E+08,7.08E+06,3587054,3587048,0,630100
100,3.38E+08,7.08E+06,3587059,3587057,0,630100
100,3.38E+08,7.08E+06,3587095,3587095,0,639100
100,3.38E+08,7.08E+06,3587111,3587111,0,618300
100,3.38E+08,7.08E+06,3587142,3587142,0,610000
100,3.38E+08,7.08E+06,3587160,3587160,0,608500
100,3.38E+08,7.08E+06,3587176,3587177,0,610000
100,3.38E+08,7.08E+06,3587190,3587191,0,603700
100,3.38E+08,7.08E+06,3587197,3587193,0,603700
100,3.38E+08,7.08E+06,3587200,3587200,0,582500
100,3.38E+08,7.08E+06,3587218,3587218,0,616850
100,3.38E+08,7.08E+06,3587236,3587236,0,630200
100,3.38E+08,7.08E+06,3587241,3587241,0,603700
100,3.33E+08,7.31E+06,3587246,3587244,0,565700
100,3.38E+08,7.08E+06,3587306,3587306,0,617950
100,3.38E+08,7.08E+06,3587339,3587338,0,600300
100,3.38E+08,7.08E+06,3587340,3587341,0,630200
100,3.37E+08,7.10E+06,3587354,3587354,0,576500
100,3.38E+08,7.08E+06,3587363,3587362,0,582500
100,3.38E+08,7.08E+06,3587474,3587474,0,617150
100,3.38E+08,7.08E+06,3587494,3587494,0,616850
100,3.38E+08,7.08E+06,3587505,3587504,0,608100
100,3.38E+08,7.08E+06,3587519,3587517,0,623100
100,3.32E+08,7.14E+06,3587528,3587528,0,559450
100,3.38E+08,7.08E+06,3587531,3587530,0,630200
100,3.34E+08,7.09E+06,3587566,3587562,0,566100
100,3.38E+08,7.08E+06,3587637,3587635,0,610850
100,3.38E+08,7.08E+06,3587671,3587672,0,630100
100,3.38E+08,7.08E+06,3587672,3587672,0,594100
100,3.38E+08,7.08E+06,3587681,3587681,0,613450
100,3.38E+08,7.08E+06,3587784,3587782,0,586850
100,3.28E+08,7.08E+06,3587808,3587807,0,548950
100,3.28E+08,7.21E+06,3587811,3587812,0,549100
100,3.38E+08,7.08E+06,3587812,3587812,0,623100
100,3.38E+08,7.08E+06,3587824,3587826,0,594100
100,3.38E+08,7.08E+06,3587867,3587867,0,642650
100,3.38E+08,7.08E+06,3587982,3587982,0,630200
100,3.34E+08,7.28E+06,3587989,3587989,0,566100
100,3.38E+08,7.08E+06,3588058,3588058,0,603700
100,3.38E+08,7.08E+06,3588066,3588068,0,630200
100,3.34E+08,7.24E+06,3588090,3588091,0,566100
100,3.38E+08,7.08E+06,3588097,3588096,0,607350
100,3.38E+08,7.08E+06,3588129,3588129,0,630100
100,3.38E+08,7.08E+06,3588186,3588186,0,630200
100,3.38E+08,7.08E+06,3588196,3588195,0,613450
100,3.38E+08,7.08E+06,3588205,3588204,0,621600
100,3.38E+08,7.08E+06,3588232,3588232,0,613450
100,3.38E+08,7.08E+06,3588248,3588244,0,586150
100,3.38E+08,7.08E+06,3588260,3588261,0,610000
100,3.38E+08,7.08E+06,3588269,3588269,0,618450
100,3.38E+08,7.08E+06,3588292,3588291,0,626650
100,3.38E+08,7.08E+06,3588297,3588298,0,619250
100,3.38E+08,7.08E+06,3588316,3588319,0,615650
100,3.38E+08,7.08E+06,3588318,3588318,0,619250
100,3.38E+08,7.08E+06,3588350,3588347,0,638150
100,3.38E+08,7.08E+06,3588432,3588434,0,582500
100,3.38E+08,7.08E+06,3588476,3588476,0,630200
100,3.37E+08,7.19E+06,3588486,3588488,0,576500
100,3.38E+08,7.08E+06,3588552,3588552,0,618300
100,3.28E+08,7.07E+06,3588591,3588585,0,546950
100,3.38E+08,7.08E+06,3588626,3588630,0,630200
100,3.28E+08,7.11E+06,3588657,3588658,0,549100
100,3.38E+08,7.08E+06,3588719,3588719,0,617150
100,3.38E+08,7.08E+06,3588736,3588733,0,623100
100,3.38E+08,7.08E+06,3588761,3588759,0,618300
100,3.38E+08,7.08E+06,3588767,3588768,0,630200
100,3.32E+08,7.17E+06,3588787,3588787,0,559850
100,3.38E+08,7.43E+06,3588816,3588816,0,582500
100,3.38E+08,7.08E+06,3588923,3588925,0,594100
100,3.38E+08,7.08E+06,3588954,3588953,0,626650
100,3.38E+08,7.08E+06,3588963,3588964,0,610000
100,3.38E+08,7.08E+06,3588984,3588984,0,630200
100,3.38E+08,7.08E+06,3588986,3588986,0,623100
100,3.38E+08,7.08E+06,3589001,3589000,0,640500
100,3.38E+08,7.08E+06,3589010,3589010,0,613450
100,3.38E+08,7.08E+06,3589083,3589083,0,586150
100,3.38E+08,7.08E+06,3589084,3589086,0,630200
100,3.38E+08,7.08E+06,3589096,3589094,0,586850
100,3.38E+08,7.08E+06,3589119,3589123,0,617150
100,3.38E+08,7.08E+06,3589157,3589155,0,639100
100,3.38E+08,7.08E+06,3589190,3589194,0,603700
100,3.38E+08,7.08E+06,3589210,3589210,0,618450
100,3.28E+08,7.20E+06,3589231,3589231,0,546950
100,3.38E+08,7.08E+06,3589236,3589236,0,610950
100,3.38E+08,7.08E+06,3589247,3589244,0,618050
100,3.38E+08,7.08E+06,3589271,3589270,0,594100
100,3.37E+08,7.11E+06,3589277,3589276,0,576500
100,3.38E+08,7.08E+06,3589278,3589278,0,642650
100,3.38E+08,7.08E+06,3589327,3589327,0,630100
100,3.38E+08,7.08E+06,3589358,3589357,0,610850
100,3.34E+08,7.25E+06,3589365,3589364,0,566100
100,3.38E+08,7.08E+06,3589369,3589372,0,630200
100,3.34E+08,7.18E+06,3589381,3589381,0,566100
100,3.38E+08,7.08E+06,3589409,3589409,0,586850
100,3.38E+08,7.26E+06,3589444,3589444,0,582500
100,3.38E+08,7.08E+06,3589449,3589449,0,607350
100,3.34E+08,7.14E+06,3589494,3589494,0,566100
100,3.38E+08,7.08E+06,3589576,3589574,0,586850
100,3.38E+08,7.08E+06,3589587,3589589,0,610000
100,3.38E+08,7.08E+06,3589593,3589593,0,640500
100,3.28E+08,7.25E+06,3589685,3589687,0,549100
100,3.38E+08,7.08E+06,3589691,3589691,0,582500
100,3.38E+08,7.08E+06,3589731,3589728,0,630100
100,3.38E+08,7.08E+06,3589737,3589735,0,613450
100,3.38E+08,7.08E+06,3589769,3589770,0,630100
100,3.38E+08,7.08E+06,3589830,3589830,0,630100
100,3.38E+08,7.08E+06,3589893,3589893,0,620150
100,3.38E+08,7.08E+06,3589908,3589908,0,638900
100,3.38E+08,7.08E+06,3589920,3589920,0,623100
100,3.38E+08,7.08E+06,3589934,3589934,0,639100
100,3.38E+08,7.08E+06,3589940,3589942,0,639100
100,3.38E+08,7.08E+06,3589970,3589970,0,621700
100,3.38E+08,7.08E+06,3589977,3589978,0,623100
100,3.38E+08,7.08E+06,3589981,3589983,0,610850
100,3.38E+08,7.08E+06,3589985,3589986,0,619250
100,3.38E+08,7.08E+06,3590006,3590007,0,630100
100,3.38E+08,7.08E+06,3590016,3590016,0,586850
100,3.38E+08,7.08E+06,3590018,3590019,0,586850
100,3.38E+08,7.08E+06,3590018,3590020,0,623100
100,3.38E+08,7.08E+06,3590044,3590044,0,610000
100,3.38E+08,7.08E+06,3590063,3590063,0,609950
100,3.38E+08,7.08E+06,3590084,3590084,0,640900
100,3.38E+08,7.08E+06,3590085,3590085,0,608500
100,3.38E+08,7.08E+06,3590085,3590085,0,618450
100,3.30E+08,7.07E+06,3590125,3590125,0,553200
100,3.34E+08,7.06E+06,3590136,3590136,0,567400
100,3.38E+08,7.08E+06,3590163,3590163,0,608100
100,3.38E+08,7.08E+06,3590183,3590183,0,630100
100,3.38E+08,7.08E+06,3590197,3590196,0,638900
100,3.34E+08,7.14E+06,3590245,3590245,0,567400
100,3.38E+08,7.13E+06,3590248,3590248,0,580600
100,3.38E+08,7.08E+06,3590251,3590251,0,617150
100,3.38E+08,7.08E+06,3590293,3590292,0,630100
100,3.38E+08,7.08E+06,3590304,3590302,0,619250
100,3.38E+08,7.08E+06,3590327,3590328,0,639100
100,3.38E+08,7.08E+06,3590342,3590342,0,610850
100,3.34E+08,7.19E+06,3590351,3590352,0,566100
100,3.38E+08,7.08E+06,3590379,3590379,0,617150
100,3.30E+08,7.39E+06,3590380,3590379,0,553200
100,3.35E+08,7.26E+06,3590488,3590488,0,568700
100,3.38E+08,7.08E+06,3590502,3590502,0,623100
100,3.38E+08,7.08E+06,3590556,3590556,0,617150
100,3.38E+08,7.08E+06,3590581,3590582,0,630200
100,3.38E+08,7.08E+06,3590585,3590585,0,608900
100,3.38E+08,7.08E+06,3590594,3590596,0,630200
100,3.38E+08,7.08E+06,3590638,3590637,0,603700
100,3.28E+08,7.12E+06,3590706,3590706,0,549100
100,3.38E+08,7.08E+06,3590706,3590707,0,586850
100,3.38E+08,7.08E+06,3590709,3590709,0,644850
100,3.38E+08,7.08E+06,3590739,3590738,0,617600
100,3.38E+08,7.08E+06,3590742,3590742,0,630200
100,3.38E+08,7.08E+06,3590844,3590844,0,610850
100,3.38E+08,7.08E+06,3590885,3590885,0,642650
100,3.38E+08,7.08E+06,3590887,3590887,0,617150
100,3.38E+08,7.08E+06,3590947,3590949,0,621600
100,3.38E+08,7.08E+06,3590961,3590961,0,640500
100,3.38E+08,7.08E+06,3590962,3590960,0,642650
100,3.38E+08,7.08E+06,3590999,3591000,0,617950
100,3.38E+08,7.08E+06,3591040,3591040,0,621600
100,3.38E+08,7.08E+06,3591045,3591045,0,618300
100,3.38E+08,7.08E+06,3591054,3591054,0,617600
100,3.38E+08,7.08E+06,3591055,3591055,0,620150
100,3.38E+08,7.08E+06,3591062,3591061,0,630200
100,3.38E+08,7.08E+06,3591089,3591091,0,639100
100,3.38E+08,7.08E+06,3591139,3591135,0,582500
100,3.38E+08,7.08E+06,3591152,3591152,0,621700
100,3.28E+08,7.26E+06,3591159,3591158,0,548950
100,3.38E+08,7.08E+06,3591194,3591194,0,638900
100,3.38E+08,7.08E+06,3591199,3591199,0,630200
100,3.38E+08,7.08E+06,3591217,3591217,0,613450
100,3.38E+08,7.08E+06,3591281,3591283,0,623100
100,3.38E+08,7.08E+06,3591299,3591302,0,630200
100,3.38E+08,7.08E+06,3591346,3591347,0,630100
100,3.35E+08,7.09E+06,3591375,3591375,0,568700
100,3.38E+08,7.08E+06,3591393,3591393,0,640500
100,3.38E+08,7.08E+06,3591402,3591400,0,607350
100,3.38E+08,7.08E+06,3591407,3591407,0,620150
100,3.38E+08,7.08E+06,3591478,3591478,0,608500
100,3.38E+08,7.08E+06,3591486,3591484,0,607350
100,3.30E+08,7.07E+06,3591489,3591489,0,553200
100,3.38E+08,7.08E+06,3591499,3591499,0,618300
100,3.37E+08,7.12E+06,3591545,3591544,0,576500
100,3.38E+08,7.08E+06,3591702,3591702,0,610000
100,3.38E+08,7.08E+06,3591715,3591715,0,610000
100,3.38E+08,7.08E+06,3591738,3591735,0,630100
100,3.38E+08,7.08E+06,3591739,3591739,0,610000
100,3.38E+08,7.08E+06,3591739,3591738,0,623100
100,3.38E+08,7.08E+06,3591791,3591791,0,586850
100,3.38E+08,7.08E+06,3591818,3591817,0,630200
100,3.28E+08,7.29E+06,3591822,3591822,0,549100
100,3.38E+08,7.08E+06,3591904,3591904,0,610000
100,3.34E+08,7.27E+06,3591909,3591910,0,567400
100,3.38E+08,7.08E+06,3591916,3591916,0,621600
100,3.27E+08,7.46E+06,3591933,3591931,0,545550
100,3.38E+08,7.08E+06,3591950,3591951,0,613450
100,3.38E+08,7.08E+06,3592018,3592017,0,619250
100,3.38E+08,7.08E+06,3592073,3592073,0,585200
100,3.32E+08,7.07E+06,3592097,3592095,0,559450
100,3.34E+08,7.10E+06,3592109,3592111,0,567400
100,3.32E+08,7.16E+06,3592115,3592116,0,559450
100,3.38E+08,7.08E+06,3592134,3592134,0,586850
100,3.38E+08,7.08E+06,3592163,3592164,0,623100
100,3.38E+08,7.08E+06,3592176,3592183,0,610900
100,3.38E+08,7.08E+06,3592195,3592193,0,594100
100,3.38E+08,7.08E+06,3592253,3592252,0,616500
100,3.38E+08,7.08E+06,3592336,3592339,0,610950
100,3.38E+08,7.08E+06,3592354,3592349,0,623000
100,3.38E+08,7.08E+06,3592363,3592362,0,638900
100,3.38E+08,7.08E+06,3592374,3592374,0,603700
100,3.38E+08,7.22E+06,3592393,3592391,0,580600
100,3.34E+08,7.19E+06,3592397,3592397,0,566100
100,3.34E+08,7.62E+06,3592440,3592437,0,566100
100,3.31E+08,7.22E+06,3592453,3592454,0,557950
100,3.38E+08,7.08E+06,3592506,3592505,0,586850
100,3.38E+08,7.08E+06,3592528,3592527,0,613450
100,3.38E+08,7.08E+06,3592568,3592572,0,586850
100,3.38E+08,7.08E+06,3592602,3592603,0,620150
100,3.38E+08,7.08E+06,3592614,3592613,0,586850
100,3.38E+08,7.08E+06,3592673,3592673,0,610000
100,3.38E+08,7.08E+06,3592674,3592674,0,626650
100,3.38E+08,7.08E+06,3592675,3592675,0,618300
100,3.38E+08,7.08E+06,3592676,3592676,0,618450
100,3.38E+08,7.08E+06,3592693,3592688,0,608100
100,3.38E+08,7.08E+06,3592702,3592701,0,630200
100,3.38E+08,7.08E+06,3592706,3592706,0,626650
100,3.38E+08,7.08E+06,3592803,3592803,0,586850
100,3.38E+08,7.08E+06,3592806,3592805,0,626650
100,3.38E+08,7.08E+06,3592807,3592807,0,618300
100,3.38E+08,7.08E+06,3592816,3592815,0,640900
100,3.38E+08,7.08E+06,3592854,3592854,0,586850
100,3.38E+08,7.08E+06,3592912,3592915,0,644850
100,3.38E+08,7.08E+06,3592941,3592941,0,608500
100,3.38E+08,7.08E+06,3592945,3592943,0,617950
100,3.38E+08,7.08E+06,3592956,3592956,0,608500
100,3.38E+08,7.08E+06,3592976,3592982,0,582500
100,3.38E+08,7.08E+06,3593043,3593042,0,619250
100,3.38E+08,7.08E+06,3593058,3593059,0,606400
100,3.38E+08,7.08E+06,3593092,3593094,0,620150
100,3.38E+08,7.08E+06,3593103,3593102,0,618450
100,3.38E+08,7.08E+06,3593115,3593116,0,630200
100,3.38E+08,7.08E+06,3593116,3593119,0,586850
100,3.38E+08,7.08E+06,3593133,3593133,0,622700
100,3.38E+08,7.08E+06,3593181,3593180,0,623100
100,3.38E+08,7.08E+06,3593211,3593211,0,630100
100,3.38E+08,7.08E+06,3593225,3593225,0,630200
100,3.38E+08,7.08E+06,3593269,3593270,0,619250
100,3.38E+08,7.08E+06,3593270,3593270,0,617150
100,3.34E+08,7.11E+06,3593301,3593301,0,566100
100,3.38E+08,7.08E+06,3593324,3593321,0,644850
100,3.38E+08,7.08E+06,3593338,3593341,0,618300
100,3.38E+08,7.08E+06,3593348,3593345,0,616850
100,3.38E+08,7.08E+06,3593357,3593357,0,607350
100,3.38E+08,7.08E+06,3593390,3593393,0,586850
100,3.32E+08,7.17E+06,3593400,3593398,0,562000
100,3.38E+08,7.08E+06,3593405,3593402,0,621600
100,3.38E+08,7.08E+06,3593429,3593427,0,617950
100,3.38E+08,7.08E+06,3593448,3593445,0,586850
100,3.38E+08,7.08E+06,3593508,3593508,0,608100
100,3.34E+08,7.11E+06,3593591,3593583,0,566100
100,3.38E+08,7.08E+06,3593634,3593632,0,608100
100,3.38E+08,7.08E+06,3593661,3593661,0,586850
100,3.38E+08,7.08E+06,3593665,3593666,0,608500
100,3.38E+08,7.08E+06,3593673,3593673,0,610850
100,3.38E+08,7.08E+06,3593737,3593735,0,610850
100,3.38E+08,7.08E+06,3593761,3593761,0,638900
100,3.28E+08,7.22E+06,3593766,3593765,0,548950
100,3.29E+08,7.15E+06,3593785,3593785,0,551050
100,3.38E+08,7.08E+06,3593822,3593822,0,613450
100,3.38E+08,7.08E+06,3593827,3593826,0,630100
100,3.34E+08,7.31E+06,3593920,3593919,0,567400
100,3.38E+08,7.08E+06,3593935,3593932,0,603700
100,3.38E+08,7.08E+06,3593976,3593976,0,619250
100,3.38E+08,7.08E+06,3593985,3593986,0,617150
100,3.38E+08,7.08E+06,3593985,3593985,0,619250
100,3.38E+08,7.08E+06,3594011,3594012,0,630200
100,3.38E+08,7.08E+06,3594079,3594079,0,615450
100,3.38E+08,7.08E+06,3594104,3594104,0,630100
100,3.38E+08,7.08E+06,3594108,3594106,0,617950
100,3.38E+08,7.08E+06,3594132,3594132,0,621600
100,3.38E+08,7.08E+06,3594149,3594150,0,630200
100,3.38E+08,7.08E+06,3594176,3594176,0,630200
100,3.38E+08,7.08E+06,3594177,3594175,0,626650
100,3.38E+08,7.08E+06,3594193,3594193,0,617150
100,3.38E+08,7.08E+06,3594241,3594242,0,623100
100,3.38E+08,7.08E+06,3594269,3594268,0,620150
100,3.32E+08,7.13E+06,3594285,3594278,0,562000
100,3.28E+08,7.36E+06,3594303,3594303,0,549100
100,3.38E+08,7.08E+06,3594304,3594304,0,639100
100,3.38E+08,7.08E+06,3594339,3594338,0,586850
100,3.34E+08,7.15E+06,3594340,3594338,0,566150
100,3.38E+08,7.08E+06,3594366,3594366,0,610850
100,3.38E+08,7.08E+06,3594367,3594365,0,628550
100,3.38E+08,7.08E+06,3594399,3594396,0,623100
100,3.38E+08,7.08E+06,3594431,3594431,0,642650
100,3.38E+08,7.08E+06,3594441,3594441,0,610000
100,3.38E+08,7.08E+06,3594446,3594446,0,630200
100,3.34E+08,7.08E+06,3594456,3594455,0,567400
100,3.38E+08,7.08E+06,3594469,3594470,0,610850
100,3.38E+08,7.08E+06,3594515,3594511,0,582500
100,3.30E+08,7.15E+06,3594545,3594545,0,553200
100,3.38E+08,7.08E+06,3594578,3594578,0,594100
100,3.28E+08,7.24E+06,3594599,3594598,0,549100
100,3.38E+08,7.08E+06,3594601,3594600,0,603700
100,3.34E+08,7.22E+06,3594614,3594614,0,566100
100,3.38E+08,7.08E+06,3594642,3594641,0,586850
100,3.38E+08,7.08E+06,3594644,3594642,0,617150
100,3.38E+08,7.08E+06,3594653,3594652,0,610000
100,3.28E+08,7.13E+06,3594671,3594670,0,549100
100,3.38E+08,7.12E+06,3594688,3594689,0,580850
100,3.38E+08,7.08E+06,3594697,3594697,0,638900
100,3.34E+08,7.10E+06,3594713,3594715,0,566100
100,3.38E+08,7.08E+06,3594714,3594712,0,607350
100,3.38E+08,7.08E+06,3594715,3594714,0,617150
100,3.38E+08,7.08E+06,3594745,3594742,0,630200
100,3.38E+08,7.08E+06,3594763,3594762,0,626650
100,3.38E+08,7.08E+06,3594770,3594765,0,623100
100,3.38E+08,7.08E+06,3594772,3594771,0,603700
100,3.31E+08,7.17E+06,3594776,3594773,0,557950
100,3.38E+08,7.08E+06,3594780,3594781,0,630200
100,3.38E+08,7.08E+06,3594909,3594909,0,623100
100,3.38E+08,7.08E+06,3594931,3594931,0,607350
100,3.38E+08,7.08E+06,3594931,3594932,0,617600
100,3.38E+08,7.08E+06,3594967,3594967,0,620950
100,3.38E+08,7.08E+06,3594971,3594970,0,623100
100,3.38E+08,7.08E+06,3594980,3594981,0,623100
100,3.38E+08,7.08E+06,3595015,3595013,0,618300
100,3.38E+08,7.08E+06,3595020,3595018,0,582500
100,3.38E+08,7.08E+06,3595096,3595098,0,610000
100,3.38E+08,7.14E+06,3595118,3595118,0,582500
100,3.38E+08,7.08E+06,3595137,3595139,0,621600
100,3.38E+08,7.08E+06,3595177,3595176,0,623100
100,3.38E+08,7.08E+06,3595200,3595200,0,639100
100,3.38E+08,7.08E+06,3595220,3595220,0,586850
100,3.38E+08,7.08E+06,3595234,3595233,0,626650
100,3.38E+08,7.08E+06,3595241,3595236,0,594100
100,3.38E+08,7.08E+06,3595249,3595249,0,619250
100,3.38E+08,7.08E+06,3595271,3595271,0,626650
100,3.38E+08,7.08E+06,3595316,3595314,0,617950
100,3.38E+08,7.08E+06,3595386,3595386,0,630100
100,3.38E+08,7.08E+06,3595440,3595438,0,610000
100,3.38E+08,7.08E+06,3595465,3595462,0,586850
100,3.38E+08,7.08E+06,3595469,3595469,0,626650
100,3.38E+08,7.08E+06,3595470,3595469,0,630100
100,3.38E+08,7.08E+06,3595493,3595492,0,617600
100,3.38E+08,7.08E+06,3595529,3595531,0,618450
100,3.34E+08,7.32E+06,3595576,3595576,0,566100
100,3.38E+08,7.08E+06,3595578,3595578,0,608500
100,3.38E+08,7.08E+06,3595591,3595593,0,607350
100,3.28E+08,7.18E+06,3595608,3595608,0,546950
100,3.38E+08,7.08E+06,3595616,3595618,0,594100
100,3.38E+08,7.08E+06,3595701,3595701,0,610000
100,3.38E+08,7.08E+06,3595720,3595723,0,586850
100,3.38E+08,7.08E+06,3595745,3595745,0,617950
100,3.38E+08,7.08E+06,3595750,3595752,0,630100
100,3.38E+08,7.08E+06,3595775,3595775,0,618300
100,3.38E+08,7.08E+06,3595805,3595804,0,618300
100,3.38E+08,7.08E+06,3595808,3595808,0,610850
100,3.38E+08,7.08E+06,3595809,3595809,0,630200
100,3.38E+08,7.08E+06,3595812,3595811,0,610850
100,3.38E+08,7.08E+06,3595813,3595813,0,586850
100,3.38E+08,7.08E+06,3595821,3595823,0,610850
100,3.38E+08,7.08E+06,3595830,3595829,0,586850
100,3.38E+08,7.08E+06,3595845,3595847,0,630200
100,3.38E+08,7.08E+06,3595871,3595870,0,626650
100,3.38E+08,7.08E+06,3595944,3595942,0,642650
100,3.18E+08,7.07E+06,3596039,3596035,0,526250
100,3.38E+08,7.08E+06,3596048,3596048,0,607350
100,3.38E+08,7.08E+06,3596066,3596066,0,613450
100,3.38E+08,7.08E+06,3596098,3596098,0,608100
100,3.38E+08,7.08E+06,3596114,3596116,0,621600
100,3.38E+08,7.08E+06,3596129,3596133,0,623100
100,3.38E+08,7.08E+06,3596139,3596139,0,620150
100,3.38E+08,7.08E+06,3596171,3596171,0,586850
100,3.38E+08,7.08E+06,3596173,3596174,0,586850
100,3.38E+08,7.08E+06,3596177,3596175,0,607350
100,3.28E+08,7.43E+06,3596186,3596183,0,546950
100,3.38E+08,7.08E+06,3596221,3596221,0,582500
100,3.38E+08,7.08E+06,3596223,3596222,0,619250
100,3.38E+08,7.08E+06,3596268,3596266,0,608650
100,3.38E+08,7.08E+06,3596295,3596295,0,638150
100,3.38E+08,7.46E+06,3596302,3596302,0,580850
100,3.38E+08,7.08E+06,3596318,3596318,0,623100
100,3.38E+08,7.08E+06,3596326,3596325,0,586850
100,3.38E+08,7.08E+06,3596360,3596362,0,610000
100,3.34E+08,7.17E+06,3596389,3596388,0,567400
100,3.38E+08,7.08E+06,3596398,3596397,0,615650
100,3.34E+08,7.18E+06,3596424,3596425,0,566100
100,3.38E+08,7.08E+06,3596431,3596429,0,630200
100,3.38E+08,7.08E+06,3596432,3596430,0,630200
100,3.38E+08,7.08E+06,3596448,3596448,0,623100
100,3.34E+08,7.14E+06,3596513,3596512,0,567400
100,3.38E+08,7.08E+06,3596518,3596518,0,619250
100,3.38E+08,7.08E+06,3596599,3596595,0,619250
100,3.38E+08,7.08E+06,3596612,3596616,0,620150
100,3.38E+08,7.08E+06,3596621,3596621,0,619250
100,3.38E+08,7.08E+06,3596628,3596628,0,623100
100,3.38E+08,7.08E+06,3596657,3596658,0,617600
100,3.38E+08,7.08E+06,3596693,3596693,0,617150
100,3.32E+08,7.19E+06,3596695,3596695,0,562000
100,3.38E+08,7.08E+06,3596736,3596734,0,617150
100,3.38E+08,7.08E+06,3596777,3596777,0,630200
100,3.38E+08,7.08E+06,3596915,3596911,0,630200
100,3.38E+08,7.08E+06,3596924,3596923,0,630200
100,3.38E+08,7.08E+06,3596931,3596931,0,639100
100,3.38E+08,7.08E+06,3596955,3596955,0,640900
100,3.38E+08,7.08E+06,3597006,3597006,0,630200
100,3.38E+08,7.08E+06,3597022,3597020,0,607350
100,3.38E+08,7.08E+06,3597035,3597035,0,618300
100,3.31E+08,7.06E+06,3597085,3597085,0,558100
100,3.38E+08,7.08E+06,3597146,3597148,0,608100
100,3.38E+08,7.08E+06,3597152,3597152,0,620150
100,3.32E+08,7.23E+06,3597160,3597159,0,559850
100,3.38E+08,7.08E+06,3597179,3597180,0,639100
100,3.38E+08,7.08E+06,3597213,3597213,0,610800
100,3.38E+08,7.08E+06,3597251,3597252,0,610000
100,3.38E+08,7.52E+06,3597252,3597251,0,580600
100,3.38E+08,7.08E+06,3597280,3597279,0,610000
100,3.38E+08,7.08E+06,3597287,3597287,0,609950
100,3.38E+08,7.08E+06,3597299,3597299,0,630200
100,3.38E+08,7.08E+06,3597307,3597307,0,586850
100,3.38E+08,7.08E+06,3597322,3597322,0,586850
100,3.38E+08,7.08E+06,3597326,3597325,0,610000
100,3.30E+08,7.31E+06,3597366,3597363,0,553200
100,3.38E+08,7.08E+06,3597367,3597367,0,642650
100,3.38E+08,7.08E+06,3597389,3597388,0,585000
100,3.38E+08,7.08E+06,3597397,3597397,0,639100
100,3.38E+08,7.08E+06,3597410,3597406,0,623100
100,3.38E+08,7.08E+06,3597419,3597421,0,618300
100,3.34E+08,7.17E+06,3597435,3597434,0,566100
100,3.38E+08,7.08E+06,3597448,3597446,0,621600
100,3.38E+08,7.08E+06,3597455,3597455,0,610000
100,3.38E+08,7.08E+06,3597482,3597476,0,610850
100,3.38E+08,7.08E+06,3597484,3597484,0,638900
100,3.38E+08,7.08E+06,3597487,3597487,0,610000
100,3.38E+08,7.08E+06,3597528,3597526,0,582500
100,3.38E+08,7.08E+06,3597550,3597550,0,626650
100,3.38E+08,7.08E+06,3597571,3597571,0,586850
100,3.38E+08,7.08E+06,3597578,3597577,0,618300
100,3.31E+08,7.11E+06,3597582,3597582,0,558100
100,3.38E+08,7.08E+06,3597600,3597603,0,621600
100,3.34E+08,7.31E+06,3597663,3597661,0,566100
100,3.38E+08,7.08E+06,3597692,3597692,0,617950
100,3.38E+08,7.08E+06,3597742,3597743,0,610000
100,3.38E+08,7.08E+06,3597746,3597744,0,603700
100,3.38E+08,7.08E+06,3597752,3597753,0,623100
100,3.38E+08,7.08E+06,3597762,3597761,0,628550
100,3.38E+08,7.08E+06,3597768,3597768,0,623100
100,3.38E+08,7.08E+06,3597770,3597770,0,619250
100,3.37E+08,7.29E+06,3597773,3597772,0,576500
100,3.29E+08,7.24E+06,3597784,3597783,0,551700
100,3.37E+08,7.11E+06,3597818,3597820,0,576500
100,3.38E+08,7.08E+06,3597838,3597838,0,613450
100,3.38E+08,7.08E+06,3597877,3597878,0,610950
100,3.38E+08,7.08E+06,3597924,3597925,0,586850
100,3.38E+08,7.08E+06,3597939,3597939,0,630100
100,3.38E+08,7.08E+06,3597943,3597943,0,630200
100,3.38E+08,7.08E+06,3597947,3597947,0,626650
100,3.38E+08,7.08E+06,3597959,3597960,0,623100
100,3.38E+08,7.08E+06,3597975,3597972,0,618300
100,3.38E+08,7.08E+06,3598034,3598034,0,610000
100,3.38E+08,7.08E+06,3598042,3598039,0,618300
100,3.38E+08,7.08E+06,3598044,3598044,0,630100
100,3.38E+08,7.08E+06,3598053,3598053,0,642650
100,3.38E+08,7.08E+06,3598059,3598059,0,618300
100,3.38E+08,7.08E+06,3598062,3598062,0,618450
100,3.38E+08,7.08E+06,3598093,3598094,0,630200
100,3.38E+08,7.08E+06,3598113,3598112,0,630100
100,3.35E+08,7.09E+06,3598151,3598153,0,568700
100,3.34E+08,7.15E+06,3598173,3598173,0,566100
100,3.38E+08,7.08E+06,3598193,3598193,0,626650
100,3.38E+08,7.08E+06,3598194,3598194,0,621600
100,3.38E+08,7.08E+06,3598220,3598220,0,607350
100,3.38E+08,7.08E+06,3598261,3598261,0,630200
100,3.38E+08,7.08E+06,3598285,3598285,0,610000
100,3.38E+08,7.08E+06,3598303,3598306,0,607350
100,3.38E+08,7.08E+06,3598313,3598309,0,618300
100,3.32E+08,7.13E+06,3598339,3598339,0,559850
100,3.38E+08,7.08E+06,3598407,3598407,0,618050
100,3.38E+08,7.08E+06,3598422,3598421,0,594100
100,3.38E+08,7.08E+06,3598424,3598425,0,639100
100,3.38E+08,7.08E+06,3598434,3598433,0,610000
100,3.38E+08,7.08E+06,3598509,3598509,0,639100
100,3.38E+08,7.08E+06,3598521,3598523,0,621600
100,3.38E+08,7.08E+06,3598566,3598566,0,621100
100,3.38E+08,7.08E+06,3598571,3598571,0,618450
100,3.38E+08,7.08E+06,3598581,3598572,0,610850
100,3.18E+08,7.35E+06,3598586,3597057,0,527200
100,3.38E+08,7.08E+06,3598595,3598595,0,586850
100,3.38E+08,7.08E+06,3598600,3598601,0,586850
100,3.38E+08,7.08E+06,3598636,3598636,0,619250
100,3.38E+08,7.08E+06,3598670,3598670,0,626650
100,3.38E+08,7.09E+06,3598696,3598700,0,580850
100,3.28E+08,7.27E+06,3598756,3598753,0,549100
100,3.38E+08,7.08E+06,3598796,3598796,0,630200
100,3.38E+08,7.08E+06,3598802,3598801,0,623100
100,3.38E+08,7.08E+06,3598810,3598808,0,630200
100,3.38E+08,7.08E+06,3598813,3598813,0,623100
100,3.38E+08,7.08E+06,3598871,3598868,0,609950
100,3.38E+08,7.08E+06,3598914,3598912,0,639100
100,3.34E+08,7.35E+06,3598939,3598940,0,567400
100,3.38E+08,7.08E+06,3598949,3598949,0,630200
100,3.38E+08,7.08E+06,3599026,3599026,0,613450
100,3.38E+08,7.08E+06,3599065,3599063,0,613450
100,3.30E+08,7.21E+06,3599067,3599069,0,553200
100,3.38E+08,7.08E+06,3599075,3599075,0,603700
100,3.28E+08,7.15E+06,3599092,3599092,0,549100
100,3.38E+08,7.08E+06,3599113,3599114,0,623000
100,3.30E+08,7.15E+06,3599125,3599123,0,553200
100,3.34E+08,7.36E+06,3599156,3599155,0,566100
100,3.38E+08,7.08E+06,3599191,3599191,0,630200
100,3.38E+08,7.08E+06,3599230,3599230,0,617950
100,3.29E+08,7.13E+06,3599252,3599252,0,551050
100,3.38E+08,7.08E+06,3599264,3599262,0,623100
100,3.38E+08,7.08E+06,3599273,3599273,0,623100
100,3.38E+08,7.08E+06,3599287,3599290,0,582500
100,3.38E+08,7.08E+06,3599334,3599334,0,613450
100,3.38E+08,7.08E+06,3599336,3599336,0,610000
100,3.38E+08,7.08E+06,3599348,3599348,0,619250
100,3.38E+08,7.08E+06,3599362,3599362,0,586850
100,3.38E+08,7.08E+06,3599414,3599414,0,644850
100,3.31E+08,7.11E+06,3599426,3599425,0,558100
100,3.38E+08,7.08E+06,3599427,3599427,0,607350
100,3.38E+08,7.08E+06,3599493,3599493,0,610950
100,3.38E+08,7.08E+06,3599496,3599497,0,586850
100,3.38E+08,7.08E+06,3599505,3599507,0,600300
100,3.38E+08,7.08E+06,3599527,3599527,0,620950
100,3.34E+08,7.24E+06,3599563,3599563,0,566100
100,3.38E+08,7.08E+06,3599567,3599567,0,630100
100,3.34E+08,7.07E+06,3599572,3599571,0,566100
100,3.38E+08,7.08E+06,3599577,3599578,0,623100
100,3.38E+08,7.08E+06,3599592,3599591,0,644850
100,3.32E+08,7.16E+06,3599604,3599606,0,562000
100,3.34E+08,7.12E+06,3599630,3599631,0,566100
100,3.28E+08,7.19E+06,3599642,3599642,0,546950
100,3.38E+08,7.08E+06,3599652,3599652,0,607350
100,3.38E+08,7.08E+06,3599657,3599655,0,621600
100,3.38E+08,7.08E+06,3599659,3599659,0,630200
100,3.38E+08,7.08E+06,3599679,3599679,0,617150
100,3.38E+08,7.08E+06,3599686,3599687,0,623100
100,3.38E+08,7.08E+06,3599697,3599698,0,640500
100,3.34E+08,7.12E+06,3599698,3599699,0,567400
100,3.38E+08,7.08E+06,3599699,3599699,0,585200
100,3.31E+08,7.08E+06,3599719,3599719,0,557950
100,3.38E+08,7.08E+06,3599733,3599737,0,586850
100,3.38E+08,7.12E+06,3599737,3599737,0,580850
100,3.38E+08,7.08E+06,3599814,3599814,0,626650
100,3.32E+08,7.15E+06,3599822,3599822,0,559700
100,3.38E+08,7.08E+06,3599888,3599891,0,630200
100,3.38E+08,7.08E+06,3599896,3599896,0,610900
100,3.38E+08,7.08E+06,3599900,3599900,0,630200
100,3.38E+08,7.08E+06,3599914,3599913,0,594100
100,3.38E+08,7.08E+06,3599994,3599995,0,616850
100,3.38E+08,7.08E+06,3600052,3600052,0,630100
100,3.31E+08,7.13E+06,3600081,3600081,0,557950
100,3.38E+08,7.27E+06,3600091,3600089,0,580850
100,3.38E+08,7.08E+06,3600123,3600123,0,623100
100,3.38E+08,7.08E+06,3600123,3600117,0,630100
100,3.38E+08,7.08E+06,3600162,3600162,0,617150
100,3.38E+08,7.08E+06,3600163,3600161,0,638900
100,3.38E+08,7.08E+06,3600164,3600164,0,610000
100,3.38E+08,7.08E+06,3600170,3600172,0,616850
100,3.38E+08,7.08E+06,3600202,3600203,0,644850
100,3.38E+08,7.08E+06,3600221,3600221,0,617150
100,3.38E+08,7.08E+06,3600223,3600224,0,623100
100,3.38E+08,7.08E+06,3600248,3600248,0,621700
100,3.38E+08,7.08E+06,3600258,3600262,0,613450
100,3.38E+08,7.08E+06,3600262,3600262,0,586850
100,3.38E+08,7.08E+06,3600277,3600278,0,626650
100,3.38E+08,7.08E+06,3600348,3600347,0,613450
100,3.28E+08,7.12E+06,3600390,3600389,0,549100
100,3.34E+08,7.13E+06,3600392,3600389,0,566100
100,3.32E+08,7.10E+06,3600407,3600407,0,561950
100,3.38E+08,7.08E+06,3600419,3600419,0,617950
100,3.34E+08,7.15E+06,3600437,3600437,0,567400
100,3.38E+08,7.08E+06,3600507,3600507,0,619250
100,3.38E+08,7.08E+06,3600540,3600542,0,618300
100,3.38E+08,7.08E+06,3600541,3600539,0,618300
100,3.32E+08,7.21E+06,3600543,3600542,0,559900
100,3.38E+08,7.08E+06,3600552,3600552,0,620950
100,3.28E+08,7.13E+06,3600554,3600553,0,548950
100,3.30E+08,7.08E+06,3600557,3600557,0,553200
100,3.38E+08,7.08E+06,3600559,3600560,0,626650
100,3.38E+08,7.08E+06,3600570,3600570,0,618450
100,2.93E+08,7.37E+06,3600614,3600614,0,447550
100,3.38E+08,7.08E+06,3600623,3600622,0,613450
100,3.38E+08,7.08E+06,3600711,3600710,0,630200
100,3.38E+08,7.08E+06,3600773,3600775,0,630200
100,3.38E+08,7.08E+06,3600808,3600806,0,586850
100,3.38E+08,7.08E+06,3600810,3600813,0,620150
100,3.38E+08,7.08E+06,3600816,3600813,0,618050
100,3.36E+08,7.53E+06,3600833,3600832,0,573950
100,3.38E+08,7.08E+06,3600844,3600843,0,630100
100,3.38E+08,7.08E+06,3600908,3600909,0,603700
100,3.34E+08,7.07E+06,3600909,3600908,0,566100
100,3.31E+08,7.18E+06,3600954,3600954,0,557950
100,3.38E+08,7.08E+06,3600970,3600970,0,617950
100,3.30E+08,7.09E+06,3600973,3600972,0,553200
100,3.38E+08,7.08E+06,3600977,3600977,0,630100
100,3.38E+08,7.08E+06,3600988,3600989,0,617950
100,3.37E+08,7.17E+06,3601028,3601024,0,576500
100,3.31E+08,7.17E+06,3601044,3601038,0,558100
100,3.38E+08,7.15E+06,3601060,3601059,0,580600
100,3.38E+08,7.08E+06,3601099,3601100,0,586850
100,3.38E+08,7.08E+06,3601107,3601102,0,630100
100,3.30E+08,7.12E+06,3601141,3601141,0,553200
100,3.38E+08,7.08E+06,3601141,3601141,0,585000
100,3.38E+08,7.08E+06,3601185,3601185,0,613450
100,3.38E+08,7.08E+06,3601196,3601197,0,619250
100,3.38E+08,7.08E+06,3601233,3601235,0,603700
100,3.35E+08,7.13E+06,3601247,3601248,0,568700
100,3.38E+08,7.08E+06,3601247,3601247,0,630200
100,3.38E+08,7.08E+06,3601275,3601274,0,630100
100,3.38E+08,7.08E+06,3601322,3601322,0,586850
100,3.38E+08,7.08E+06,3601328,3601326,0,582500
100,3.38E+08,7.08E+06,3601379,3601379,0,586850
100,3.38E+08,7.08E+06,3601399,3601400,0,630200
100,3.34E+08,7.11E+06,3601480,3601480,0,567400
100,3.38E+08,7.08E+06,3601530,3601528,0,607350
100,3.38E+08,7.08E+06,3601548,3601544,0,619250
100,3.38E+08,7.08E+06,3601623,3601623,0,626650
100,3.32E+08,7.06E+06,3601628,3601629,0,559450
100,3.38E+08,7.08E+06,3601631,3601634,0,623100
100,3.38E+08,7.08E+06,3601656,3601658,0,630200
100,3.38E+08,7.08E+06,3601661,3601661,0,621700
100,3.38E+08,7.08E+06,3601746,3601746,0,607350
100,3.38E+08,7.08E+06,3601755,3601755,0,608100
100,3.34E+08,7.07E+06,3601766,3601767,0,567400
100,3.37E+08,7.13E+06,3601876,3601876,0,576500
100,3.28E+08,7.43E+06,3601918,3601916,0,549100
100,3.38E+08,7.08E+06,3601921,3601921,0,608100
100,3.38E+08,7.08E+06,3601925,3601925,0,610900
100,3.38E+08,7.08E+06,3601946,3601948,0,608650
100,3.38E+08,7.08E+06,3601949,3601948,0,616500
100,3.38E+08,7.08E+06,3601978,3601977,0,630200
100,3.38E+08,7.24E+06,3601987,3601986,0,582500
100,3.38E+08,7.08E+06,3602069,3602069,0,610850
100,3.31E+08,7.31E+06,3602071,3602071,0,558100
100,3.38E+08,7.08E+06,3602073,3602074,0,609950
100,3.38E+08,7.08E+06,3602076,3602076,0,623100
100,3.38E+08,7.08E+06,3602080,3602080,0,610850
100,3.38E+08,7.08E+06,3602087,3602085,0,630200
100,3.38E+08,7.08E+06,3602116,3602116,0,630200
100,3.38E+08,7.08E+06,3602142,3602142,0,616850
100,3.38E+08,7.08E+06,3602146,3602146,0,617950
100,3.38E+08,7.08E+06,3602157,3602157,0,603700
100,3.38E+08,7.08E+06,3602175,3602174,0,630200
100,3.38E+08,7.08E+06,3602218,3602219,0,617950
100,3.29E+08,7.11E+06,3602221,3602218,0,551050
100,3.38E+08,7.08E+06,3602237,3602239,0,610900
100,3.38E+08,7.17E+06,3602266,3602267,0,582500
100,3.38E+08,7.08E+06,3602266,3602269,0,639100
100,3.38E+08,7.08E+06,3602282,3602281,0,603700
100,3.30E+08,7.07E+06,3602289,3602291,0,553200
100,3.38E+08,7.08E+06,3602354,3602354,0,639100
100,3.38E+08,7.08E+06,3602381,3602383,0,630200
100,3.38E+08,7.08E+06,3602385,3602386,0,617150
100,3.38E+08,7.08E+06,3602421,3602421,0,610850
100,3.38E+08,7.08E+06,3602447,3602450,0,630100
100,3.38E+08,7.08E+06,3602457,3602459,0,608500
100,3.38E+08,7.08E+06,3602479,3602482,0,630200
100,3.28E+08,7.42E+06,3602503,3602503,0,549100
100,3.34E+08,7.13E+06,3602556,3602556,0,566100
100,3.38E+08,7.08E+06,3602556,3602556,0,621600
100,3.30E+08,7.10E+06,3602566,3602570,0,557950
100,3.38E+08,7.08E+06,3602580,3602580,0,603700
100,3.38E+08,7.08E+06,3602629,3602628,0,623000
100,3.38E+08,7.08E+06,3602635,3602632,0,610900
100,3.38E+08,7.08E+06,3602678,3602678,0,630200
100,3.38E+08,7.08E+06,3602776,3602771,0,613450
100,3.38E+08,7.08E+06,3602838,3602836,0,603700
100,3.38E+08,7.08E+06,3602848,3602850,0,630200
100,3.34E+08,7.16E+06,3602864,3602862,0,567400
100,3.38E+08,7.08E+06,3602864,3602863,0,620150
100,3.38E+08,7.08E+06,3602880,3602880,0,608100
100,3.38E+08,7.08E+06,3602880,3602882,0,618050
100,3.38E+08,7.08E+06,3602881,3602881,0,618300
100,3.34E+08,7.27E+06,3602905,3602904,0,566100
100,3.38E+08,7.08E+06,3602914,3602914,0,621600
100,3.38E+08,7.08E+06,3602976,3602978,0,630200
100,3.38E+08,7.08E+06,3603003,3603004,0,610000
100,3.38E+08,7.08E+06,3603089,3603089,0,586850
100,3.38E+08,7.08E+06,3603127,3603128,0,618450
100,3.38E+08,7.08E+06,3603131,3603131,0,620150
100,3.38E+08,7.08E+06,3603149,3603150,0,618300
100,3.38E+08,7.08E+06,3603152,3603152,0,610850
100,3.38E+08,7.08E+06,3603157,3603156,0,630100
100,3.38E+08,7.08E+06,3603177,3603177,0,610900
100,3.38E+08,7.08E+06,3603181,3603181,0,618450
100,3.38E+08,7.08E+06,3603197,3603196,0,617950
100,3.38E+08,7.08E+06,3603199,3603199,0,610850
100,3.38E+08,7.08E+06,3603233,3603233,0,630100
100,3.38E+08,7.08E+06,3603253,3603255,0,586850
100,3.38E+08,7.08E+06,3603259,3603259,0,621600
100,3.38E+08,7.08E+06,3603284,3603284,0,610000
100,3.28E+08,7.25E+06,3603302,3603301,0,549100
100,3.38E+08,7.08E+06,3603394,3603394,0,638900
100,3.32E+08,7.11E+06,3603415,3603416,0,559450
100,3.38E+08,7.08E+06,3603455,3603455,0,630100
100,3.38E+08,7.08E+06,3603460,3603460,0,618300
100,3.38E+08,7.08E+06,3603512,3603514,0,638900
100,3.38E+08,7.08E+06,3603561,3603558,0,626650
100,3.38E+08,7.08E+06,3603599,3603599,0,610000
100,3.38E+08,7.08E+06,3603600,3603600,0,619250
100,3.38E+08,7.08E+06,3603605,3603608,0,619250
100,3.38E+08,7.08E+06,3603641,3603640,0,630200
100,3.38E+08,7.08E+06,3603657,3603658,0,623100
100,3.38E+08,7.08E+06,3603717,3603716,0,594100
100,3.38E+08,7.08E+06,3603727,3603727,0,620950
100,3.38E+08,7.08E+06,3603801,3603801,0,610000
100,3.38E+08,7.08E+06,3603858,3603859,0,623100
100,3.28E+08,7.09E+06,3603859,3603858,0,549100
100,3.38E+08,7.08E+06,3603875,3603875,0,610000
100,3.38E+08,7.08E+06,3603883,3603881,0,630200
100,3.38E+08,7.08E+06,3603900,3603901,0,586850
100,3.38E+08,7.08E+06,3603910,3603909,0,617150
100,3.32E+08,7.42E+06,3603965,3603963,0,559450
100,3.38E+08,7.08E+06,3603991,3603990,0,628550
100,3.38E+08,7.08E+06,3603992,3603994,0,630200
100,3.38E+08,7.08E+06,3603998,3603997,0,609950
100,3.32E+08,7.13E+06,3604014,3604014,0,562000
100,3.38E+08,7.08E+06,3604042,3604043,0,617950
100,3.34E+08,7.08E+06,3604063,3604062,0,566100
100,3.32E+08,7.25E+06,3604069,3604069,0,562000
100,3.38E+08,7.08E+06,3604164,3604165,0,630200
100,3.38E+08,7.08E+06,3604165,3604167,0,586850
100,3.38E+08,7.08E+06,3604166,3604169,0,630200
100,3.38E+08,7.08E+06,3604171,3604174,0,623100
100,3.38E+08,7.08E+06,3604186,3604187,0,610900
100,3.38E+08,7.08E+06,3604202,3604201,0,617150
100,3.38E+08,7.08E+06,3604205,3604202,0,630200
100,3.38E+08,7.08E+06,3604213,3604213,0,586850
100,3.38E+08,7.08E+06,3604233,3604233,0,623100
100,3.38E+08,7.08E+06,3604279,3604279,0,630100
100,3.38E+08,7.08E+06,3604306,3604307,0,580850
100,3.38E+08,7.08E+06,3604307,3604307,0,630200
100,3.38E+08,7.08E+06,3604327,3604327,0,610000
100,3.38E+08,7.08E+06,3604364,3604364,0,582500
100,3.38E+08,7.08E+06,3604377,3604376,0,628550
100,3.32E+08,7.13E+06,3604379,3604379,0,559400
100,3.38E+08,7.08E+06,3604388,3604387,0,619250
100,3.38E+08,7.08E+06,3604403,3604403,0,630200
100,3.38E+08,7.08E+06,3604423,3604418,0,610950
100,3.28E+08,7.21E+06,3604437,3604438,0,549100
100,3.32E+08,7.08E+06,3604462,3604462,0,562000
100,3.38E+08,7.08E+06,3604466,3604464,0,621850
100,3.38E+08,7.08E+06,3604478,3604479,0,613450
100,3.28E+08,7.06E+06,3604485,3604485,0,549100
100,3.38E+08,7.08E+06,3604519,3604519,0,617150
100,3.38E+08,7.08E+06,3604523,3604522,0,619250
100,3.29E+08,7.15E+06,3604537,3604535,0,550550
100,3.38E+08,7.08E+06,3604538,3604538,0,619250
100,3.38E+08,7.08E+06,3604558,3604558,0,610950
100,3.38E+08,7.08E+06,3604562,3604563,0,586850
100,3.38E+08,7.08E+06,3604578,3604578,0,630200
100,3.38E+08,7.08E+06,3604583,3604583,0,619250
100,3.38E+08,7.08E+06,3604589,3604589,0,630200
100,3.34E+08,7.11E+06,3604659,3604659,0,566100
100,3.38E+08,7.08E+06,3604729,3604729,0,585200
100,3.38E+08,7.08E+06,3604731,3604731,0,619250
100,3.38E+08,7.08E+06,3604740,3604740,0,623100
100,3.38E+08,7.08E+06,3604758,3604758,0,618450
100,3.18E+08,7.11E+06,3604765,3604765,0,527200
100,3.38E+08,7.08E+06,3604765,3604768,0,630200
100,3.38E+08,7.08E+06,3604771,3604769,0,613450
100,3.38E+08,7.08E+06,3604796,3604796,0,610000
100,3.38E+08,7.08E+06,3604799,3604799,0,586850
100,3.38E+08,7.08E+06,3604800,3604800,0,630200
100,3.38E+08,7.08E+06,3604851,3604850,0,594100
100,3.38E+08,7.08E+06,3604897,3604896,0,610000
100,3.38E+08,7.08E+06,3604942,3604942,0,642650
100,3.38E+08,7.08E+06,3604979,3604979,0,582500
100,3.38E+08,7.08E+06,3604981,3604980,0,623100
100,3.38E+08,7.08E+06,3605024,3605027,0,610000
100,3.38E+08,7.08E+06,3605052,3605053,0,642650
100,3.38E+08,7.08E+06,3605071,3605071,0,621100
100,3.38E+08,7.08E+06,3605074,3605074,0,619250
100,3.38E+08,7.08E+06,3605075,3605075,0,639100
100,3.38E+08,7.08E+06,3605086,3605085,0,644850
100,3.38E+08,7.08E+06,3605122,3605122,0,608500
100,3.34E+08,7.27E+06,3605147,3605147,0,567400
100,3.38E+08,7.08E+06,3605157,3605157,0,617950
100,3.38E+08,7.08E+06,3605181,3605182,0,630200
100,3.38E+08,7.08E+06,3605193,3605193,0,608100
100,3.38E+08,7.08E+06,3605200,3605200,0,626650
100,3.38E+08,7.08E+06,3605213,3605213,0,610850
100,3.38E+08,7.08E+06,3605215,3605213,0,630200
100,3.38E+08,7.08E+06,3605308,3605310,0,586850
100,3.38E+08,7.08E+06,3605323,3605323,0,610000
100,3.38E+08,7.06E+06,3605337,3605337,0,580400
100,3.38E+08,7.08E+06,3605347,3605347,0,620150
100,3.38E+08,7.08E+06,3605349,3605349,0,586850
100,3.31E+08,7.11E+06,3605366,3605365,0,558100
100,3.32E+08,7.58E+06,3605367,3605367,0,559900
100,3.38E+08,7.08E+06,3605371,3605371,0,609950
100,3.38E+08,7.08E+06,3605372,3605374,0,582500
100,3.38E+08,7.08E+06,3605390,3605389,0,618450
100,3.38E+08,7.08E+06,3605409,3605409,0,630200
100,3.38E+08,7.08E+06,3605451,3605451,0,617150
100,3.38E+08,7.08E+06,3605469,3605469,0,619250
100,3.38E+08,7.08E+06,3605550,3605550,0,586850
100,3.38E+08,7.08E+06,3605566,3605566,0,644850
100,3.38E+08,7.08E+06,3605587,3605586,0,618450
100,3.38E+08,7.08E+06,3605613,3605618,0,630200
100,3.38E+08,7.08E+06,3605619,3605619,0,608100
100,3.38E+08,7.08E+06,3605696,3605693,0,613450
100,3.38E+08,7.08E+06,3605715,3605715,0,613450
100,3.38E+08,7.08E+06,3605755,3605755,0,610850
100,3.38E+08,7.08E+06,3605780,3605780,0,623100
100,3.38E+08,7.08E+06,3605793,3605793,0,630100
100,3.28E+08,7.23E+06,3605830,3605831,0,546950
100,3.38E+08,7.08E+06,3605846,3605846,0,640500
100,3.37E+08,7.06E+06,3605850,3605850,0,576500
100,3.38E+08,7.08E+06,3605864,3605864,0,621600
100,3.38E+08,7.08E+06,3605885,3605885,0,582500
100,3.38E+08,7.08E+06,3605893,3605891,0,620150
100,3.38E+08,7.08E+06,3605893,3605899,0,630200
100,3.38E+08,7.08E+06,3605920,3605920,0,617950
100,3.38E+08,7.14E+06,3606044,3606043,0,580600
100,3.38E+08,7.08E+06,3606046,3606047,0,623100
100,3.38E+08,7.08E+06,3606077,3606079,0,618300
100,3.38E+08,7.08E+06,3606099,3606097,0,623100
100,3.38E+08,7.08E+06,3606137,3606132,0,623100
100,3.38E+08,7.08E+06,3606156,3606157,0,613450
100,3.38E+08,7.08E+06,3606160,3606160,0,618300
100,3.38E+08,7.08E+06,3606172,3606172,0,603700
100,3.38E+08,7.08E+06,3606202,3606199,0,617950
100,3.38E+08,7.08E+06,3606209,3606206,0,618300
100,3.38E+08,7.08E+06,3606232,3606234,0,608500
100,3.28E+08,7.39E+06,3606237,3606237,0,549100
100,3.38E+08,7.08E+06,3606258,3606259,0,644850
100,3.38E+08,7.08E+06,3606264,3606264,0,600300
100,3.38E+08,7.08E+06,3606270,3606268,0,630200
100,3.33E+08,7.16E+06,3606301,3606302,0,565450
100,3.38E+08,7.08E+06,3606346,3606346,0,616850
100,3.38E+08,7.08E+06,3606355,3606354,0,610000
100,3.38E+08,7.08E+06,3606367,3606366,0,619250
100,3.38E+08,7.08E+06,3606395,3606397,0,644850
100,3.38E+08,7.08E+06,3606400,3606400,0,600300
100,3.38E+08,7.08E+06,3606422,3606422,0,628550
100,3.38E+08,7.08E+06,3606425,3606418,0,644850
100,3.38E+08,7.08E+06,3606444,3606445,0,618300
100,3.38E+08,7.08E+06,3606461,3606461,0,606400
100,3.38E+08,7.08E+06,3606513,3606513,0,615450
100,3.38E+08,7.08E+06,3606542,3606541,0,608500
100,3.38E+08,7.08E+06,3606582,3606582,0,616500
100,3.38E+08,7.08E+06,3606639,3606639,0,638900
100,3.38E+08,7.08E+06,3606643,3606643,0,620150
100,3.38E+08,7.08E+06,3606649,3606649,0,618450
100,3.38E+08,7.08E+06,3606664,3606664,0,610000
100,3.38E+08,7.08E+06,3606678,3606677,0,617600
100,3.38E+08,7.08E+06,3606710,3606713,0,618300
100,3.38E+08,7.08E+06,3606717,3606715,0,621850
100,3.38E+08,7.08E+06,3606738,3606740,0,610000
100,3.38E+08,7.08E+06,3606787,3606784,0,606400
100,3.38E+08,7.08E+06,3606800,3606800,0,610850
100,3.38E+08,7.08E+06,3606837,3606837,0,617150
100,3.38E+08,7.08E+06,3606883,3606881,0,613450
100,3.38E+08,7.08E+06,3606983,3606983,0,610000
100,3.38E+08,7.08E+06,3606994,3606990,0,608900
100,3.38E+08,7.08E+06,3607028,3607028,0,630100
100,3.38E+08,7.08E+06,3607030,3607030,0,639100
100,3.38E+08,7.08E+06,3607041,3607041,0,630100
100,3.38E+08,7.08E+06,3607076,3607075,0,586850
100,3.32E+08,7.09E+06,3607091,3607091,0,562000
100,3.38E+08,7.08E+06,3607126,3607126,0,620950
100,3.38E+08,7.08E+06,3607170,3607170,0,630200
100,3.38E+08,7.08E+06,3607194,3607196,0,610000
100,3.35E+08,7.22E+06,3607203,3607203,0,568700
100,3.38E+08,7.08E+06,3607320,3607320,0,621600
100,3.38E+08,7.08E+06,3607351,3607352,0,607350
100,3.38E+08,7.08E+06,3607363,3607360,0,639100
100,3.38E+08,7.08E+06,3607411,3607411,0,607350
100,3.38E+08,7.08E+06,3607439,3607439,0,620150
100,3.38E+08,7.08E+06,3607489,3607484,0,630200
100,3.34E+08,7.58E+06,3607498,3607498,0,566100
100,3.38E+08,7.33E+06,3607540,3607539,0,580600
100,3.38E+08,7.08E+06,3607578,3607581,0,630200
100,3.38E+08,7.08E+06,3607593,3607598,0,630200
100,3.38E+08,7.08E+06,3607599,3607600,0,582500
100,3.38E+08,7.08E+06,3607657,3607657,0,630200
100,3.38E+08,7.08E+06,3607658,3607657,0,617150
100,3.38E+08,7.08E+06,3607660,3607660,0,630100
100,3.28E+08,7.09E+06,3607680,3607680,0,549100
100,3.38E+08,7.08E+06,3607747,3607747,0,586850
100,3.38E+08,7.08E+06,3607760,3607759,0,630100
100,3.38E+08,7.08E+06,3607787,3607787,0,640500
100,3.38E+08,7.08E+06,3607797,3607799,0,607350
100,3.38E+08,7.08E+06,3607806,3607805,0,619250
100,3.38E+08,7.08E+06,3607859,3607861,0,616850
100,3.38E+08,7.08E+06,3607887,3607888,0,613450
100,3.38E+08,7.08E+06,3607906,3607906,0,617950
100,3.38E+08,7.08E+06,3607934,3607934,0,608900
100,3.38E+08,7.08E+06,3607978,3607981,0,609950
100,3.34E+08,7.10E+06,3607990,3607988,0,567400
100,3.38E+08,7.08E+06,3607999,3608000,0,621850
100,3.38E+08,7.08E+06,3608019,3608015,0,626650
100,3.38E+08,7.08E+06,3608096,3608099,0,586850
100,3.31E+08,7.08E+06,3608103,3608101,0,557950
100,3.38E+08,7.08E+06,3608117,3608115,0,613450
100,3.38E+08,7.08E+06,3608120,3608120,0,608100
100,3.32E+08,7.23E+06,3608132,3608132,0,559450
100,3.38E+08,7.08E+06,3608165,3608165,0,608500
100,3.38E+08,7.08E+06,3608183,3608186,0,630200
100,3.38E+08,7.08E+06,3608189,3608187,0,642650
100,3.38E+08,7.08E+06,3608257,3608257,0,619250
100,3.38E+08,7.08E+06,3608302,3608305,0,638900
100,3.38E+08,7.08E+06,3608364,3608363,0,607350
100,3.38E+08,7.08E+06,3608405,3608403,0,619250
100,3.38E+08,7.08E+06,3608417,3608417,0,623100
100,3.34E+08,7.28E+06,3608458,3608455,0,566100
100,3.38E+08,7.08E+06,3608483,3608478,0,630100
100,3.29E+08,7.06E+06,3608509,3608509,0,551050
100,3.38E+08,7.08E+06,3608510,3608510,0,603700
100,3.38E+08,7.08E+06,3608592,3608592,0,630200
100,3.38E+08,7.08E+06,3608594,3608595,0,619250
100,3.38E+08,7.08E+06,3608609,3608613,0,610950
100,3.38E+08,7.08E+06,3608616,3608616,0,586850
100,3.32E+08,7.25E+06,3608629,3608629,0,559900
100,3.34E+08,7.25E+06,3608646,3608644,0,566100
100,3.38E+08,7.08E+06,3608662,3608662,0,618300
100,3.38E+08,7.08E+06,3608681,3608681,0,620150
100,3.38E+08,7.08E+06,3608715,3608715,0,617600
100,3.38E+08,7.08E+06,3608720,3608721,0,642650
100,3.38E+08,7.08E+06,3608734,3608734,0,630200
100,3.38E+08,7.08E+06,3608742,3608742,0,623100
100,3.38E+08,7.08E+06,3608747,3608747,0,586150
100,3.38E+08,7.08E+06,3608771,3608769,0,626650
100,3.38E+08,7.08E+06,3608800,3608800,0,621600
100,3.38E+08,7.08E+06,3608824,3608819,0,630200
100,3.38E+08,7.08E+06,3608880,3608883,0,617950
100,3.38E+08,7.29E+06,3608949,3608952,0,580850
100,3.38E+08,7.08E+06,3608960,3608959,0,623100
100,3.38E+08,7.08E+06,3608971,3608970,0,630200
100,3.38E+08,7.08E+06,3608986,3608986,0,586850
100,3.38E+08,7.08E+06,3608996,3608998,0,630200
100,3.38E+08,7.08E+06,3608999,3608998,0,610000
100,3.32E+08,7.16E+06,3609001,3608997,0,561950
100,3.38E+08,7.08E+06,3609031,3609035,0,610950
100,3.28E+08,7.17E+06,3609114,3609114,0,549100
100,3.38E+08,7.08E+06,3609158,3609154,0,626650
100,3.38E+08,7.08E+06,3609219,3609220,0,621700
100,3.32E+08,7.16E+06,3609223,3609223,0,562000
100,3.38E+08,7.08E+06,3609227,3609226,0,638900
100,3.38E+08,7.08E+06,3609272,3609274,0,618050
100,3.38E+08,7.08E+06,3609286,3609286,0,586850
100,3.38E+08,7.13E+06,3609304,3609302,0,580600
100,3.38E+08,7.08E+06,3609348,3609348,0,623100
100,3.38E+08,7.08E+06,3609371,3609373,0,610000
100,3.38E+08,7.08E+06,3609376,3609376,0,630200
100,3.18E+08,7.15E+06,3609410,3609408,0,526250
100,3.38E+08,7.08E+06,3609476,3609477,0,617150
100,3.38E+08,7.08E+06,3609481,3609481,0,618300
100,3.38E+08,7.08E+06,3609497,3609496,0,630100
100,3.28E+08,7.07E+06,3609503,3609504,0,549100
100,3.38E+08,7.08E+06,3609519,3609519,0,630200
100,3.30E+08,7.20E+06,3609560,3609558,0,553200
100,3.38E+08,7.10E+06,3609566,3609564,0,580600
100,3.38E+08,7.08E+06,3609567,3609567,0,586850
100,3.38E+08,7.08E+06,3609600,3609598,0,628550
100,3.38E+08,7.08E+06,3609620,3609620,0,608100
100,3.38E+08,7.08E+06,3609624,3609624,0,628550
100,3.38E+08,7.08E+06,3609650,3609646,0,582500
100,3.38E+08,7.08E+06,3609669,3609669,0,617150
100,3.38E+08,7.08E+06,3609702,3609702,0,618450
100,3.38E+08,7.08E+06,3609705,3609707,0,618300
100,3.38E+08,7.08E+06,3609707,3609706,0,619250
100,3.34E+08,7.62E+06,3609717,3609717,0,566150
100,3.38E+08,7.08E+06,3609802,3609802,0,618050
100,3.38E+08,7.08E+06,3609834,3609834,0,630200
100,3.38E+08,7.08E+06,3609856,3609856,0,610000
100,3.38E+08,7.08E+06,3609865,3609865,0,608100
100,3.38E+08,7.08E+06,3609866,3609866,0,618300
100,3.38E+08,7.08E+06,3609879,3609881,0,619250
100,3.38E+08,7.08E+06,3609906,3609906,0,617150
100,3.38E+08,7.08E+06,3609909,3609908,0,618300
100,3.38E+08,7.08E+06,3609916,3609917,0,586850
100,3.38E+08,7.08E+06,3609945,3609943,0,586850
100,3.38E+08,7.08E+06,3609972,3609972,0,621600
100,3.38E+08,7.08E+06,3609975,3609976,0,630100
100,3.29E+08,7.25E+06,3609978,3609982,0,551050
100,3.38E+08,7.08E+06,3610009,3610008,0,621600
100,3.38E+08,7.18E+06,3610059,3610059,0,580850
100,3.31E+08,7.15E+06,3610072,3610072,0,558100
100,3.34E+08,7.69E+06,3610099,3610099,0,567400
100,3.38E+08,7.08E+06,3610154,3610154,0,617150
100,3.38E+08,7.08E+06,3610175,3610175,0,621600
100,3.38E+08,7.08E+06,3610190,3610188,0,630100
100,3.38E+08,7.08E+06,3610204,3610205,0,618300
100,3.34E+08,7.11E+06,3610209,3610209,0,566100
100,3.38E+08,7.08E+06,3610211,3610211,0,582500
100,3.38E+08,7.08E+06,3610218,3610216,0,638900
100,3.38E+08,7.08E+06,3610229,3610227,0,610900
100,3.38E+08,7.08E+06,3610230,3610227,0,630200
100,3.38E+08,7.08E+06,3610231,3610231,0,594100
100,3.38E+08,7.08E+06,3610289,3610289,0,626650
100,3.38E+08,7.08E+06,3610401,3610401,0,607350
100,3.38E+08,7.08E+06,3610481,3610481,0,610900
100,3.38E+08,7.08E+06,3610558,3610559,0,630200
100,3.38E+08,7.08E+06,3610579,3610578,0,630100
100,3.38E+08,7.08E+06,3610614,3610614,0,618450
100,3.38E+08,7.08E+06,3610623,3610623,0,586850
100,3.38E+08,7.08E+06,3610635,3610636,0,623100
100,3.38E+08,7.08E+06,3610690,3610690,0,594100
100,3.38E+08,7.08E+06,3610696,3610694,0,638900
100,3.34E+08,7.15E+06,3610722,3610724,0,566100
100,3.38E+08,7.08E+06,3610796,3610797,0,630200
100,3.28E+08,7.08E+06,3610804,3610805,0,548950
100,3.38E+08,7.08E+06,3610815,3610813,0,630200
100,3.28E+08,7.33E+06,3610868,3610870,0,549100
100,3.38E+08,7.08E+06,3610875,3610875,0,630100
100,3.38E+08,7.08E+06,3610908,3610908,0,619250
100,3.38E+08,7.08E+06,3610998,3610998,0,619250
100,3.38E+08,7.08E+06,3611040,3611038,0,630100
100,3.38E+08,7.08E+06,3611040,3611040,0,630100
100,3.38E+08,7.08E+06,3611079,3611078,0,630200
100,3.38E+08,7.08E+06,3611083,3611080,0,617150
100,3.38E+08,7.08E+06,3611085,3611085,0,586850
100,3.38E+08,7.08E+06,3611086,3611086,0,640500
100,3.38E+08,7.08E+06,3611149,3611152,0,630200
100,3.38E+08,7.08E+06,3611206,3611207,0,613450
100,3.38E+08,7.08E+06,3611214,3611214,0,642650
100,3.38E+08,7.08E+06,3611242,3611242,0,619250
100,3.38E+08,7.08E+06,3611266,3611266,0,610900
100,3.38E+08,7.08E+06,3611266,3611267,0,617600
100,3.38E+08,7.08E+06,3611269,3611269,0,617950
100,3.30E+08,7.24E+06,3611280,3611281,0,553200
100,3.38E+08,7.08E+06,3611352,3611351,0,610900
100,3.38E+08,7.08E+06,3611423,3611423,0,618300
100,3.38E+08,7.08E+06,3611544,3611540,0,642650
100,3.28E+08,7.15E+06,3611564,3611564,0,549100
100,3.38E+08,7.08E+06,3611579,3611579,0,618300
100,3.38E+08,7.08E+06,3611595,3611594,0,623100
100,3.38E+08,7.08E+06,3611618,3611617,0,608100
100,3.38E+08,7.08E+06,3611679,3611682,0,580850
100,3.38E+08,7.08E+06,3611698,3611699,0,619250
100,3.38E+08,7.08E+06,3611705,3611706,0,638900
100,3.38E+08,7.08E+06,3611709,3611709,0,627000
100,3.38E+08,7.08E+06,3611713,3611713,0,617950
100,3.38E+08,7.08E+06,3611719,3611719,0,623100
100,3.38E+08,7.08E+06,3611727,3611727,0,638900
100,3.38E+08,7.08E+06,3611740,3611742,0,621600
100,3.38E+08,7.08E+06,3611822,3611824,0,613450
100,3.38E+08,7.08E+06,3611861,3611861,0,586850
100,3.38E+08,7.08E+06,3611867,3611865,0,594100
100,3.38E+08,7.08E+06,3611879,3611876,0,608100
100,3.38E+08,7.08E+06,3611972,3611970,0,640500
100,3.38E+08,7.08E+06,3611973,3611970,0,619250
100,3.32E+08,7.17E+06,3612066,3612065,0,559450
100,3.28E+08,7.13E+06,3612096,3612096,0,548900
100,3.38E+08,7.08E+06,3612107,3612107,0,640900
100,3.38E+08,7.09E+06,3612121,3612121,0,580600
100,3.38E+08,7.08E+06,3612139,3612139,0,630200
100,3.38E+08,7.08E+06,3612200,3612202,0,630100
100,3.34E+08,7.20E+06,3612231,3612234,0,567400
100,3.38E+08,7.08E+06,3612247,3612247,0,618300
100,3.38E+08,7.08E+06,3612292,3612291,0,606200
100,3.38E+08,7.08E+06,3612304,3612305,0,610000
100,3.38E+08,7.08E+06,3612322,3612322,0,630200
100,3.32E+08,7.25E+06,3612398,3612398,0,562000
100,3.38E+08,7.08E+06,3612461,3612462,0,586850
100,3.38E+08,7.08E+06,3612481,3612481,0,630200
100,3.34E+08,7.15E+06,3612557,3612557,0,566100
100,3.38E+08,7.08E+06,3612568,3612568,0,610000
100,3.38E+08,7.08E+06,3612601,3612601,0,607350
100,3.38E+08,7.08E+06,3612633,3612634,0,615450
100,3.38E+08,7.08E+06,3612656,3612652,0,618300
100,3.38E+08,7.08E+06,3612742,3612738,0,639100
100,3.38E+08,7.08E+06,3612792,3612791,0,607350
100,3.38E+08,7.08E+06,3612814,3612813,0,618300
100,3.28E+08,7.48E+06,3612835,3612835,0,549100
100,3.38E+08,7.08E+06,3612922,3612920,0,617950
100,3.38E+08,7.08E+06,3612993,3612992,0,628550
100,3.38E+08,7.08E+06,3613026,3613027,0,610850
100,3.38E+08,7.08E+06,3613041,3613041,0,610950
100,3.38E+08,7.08E+06,3613104,3613104,0,626650
100,3.38E+08,7.08E+06,3613139,3613140,0,621600
100,3.38E+08,7.08E+06,3613142,3613142,0,613450
100,3.35E+08,7.13E+06,3613163,3613160,0,568700
100,3.38E+08,7.08E+06,3613230,3613231,0,610850
100,3.38E+08,7.08E+06,3613247,3613247,0,623100
100,3.31E+08,7.21E+06,3613268,3613268,0,558100
100,3.38E+08,7.08E+06,3613287,3613285,0,620950
100,3.38E+08,7.08E+06,3613289,3613289,0,615450
100,3.38E+08,7.08E+06,3613440,3613440,0,582500
100,3.38E+08,7.08E+06,3613447,3613447,0,613450
100,3.38E+08,7.08E+06,3613506,3613503,0,630100
100,3.38E+08,7.08E+06,3613525,3613528,0,630200
100,3.31E+08,7.11E+06,3613528,3613528,0,557950
100,3.30E+08,7.26E+06,3613560,3613559,0,553200
100,3.38E+08,7.49E+06,3613637,3613638,0,580600
100,3.38E+08,7.08E+06,3613639,3613638,0,603700
100,3.38E+08,7.08E+06,3613647,3613648,0,621600
100,3.38E+08,7.08E+06,3613672,3613674,0,623100
100,3.38E+08,7.08E+06,3613715,3613715,0,616850
100,3.38E+08,7.08E+06,3613766,3613767,0,627000
100,3.38E+08,7.08E+06,3613790,3613787,0,623100
100,3.38E+08,7.08E+06,3613793,3613792,0,616850
100,3.38E+08,7.08E+06,3613830,3613831,0,586850
100,3.38E+08,7.08E+06,3613834,3613833,0,617600
100,3.38E+08,7.08E+06,3613842,3613842,0,610000
100,3.38E+08,7.08E+06,3613864,3613866,0,617150
100,3.34E+08,7.10E+06,3613872,3613870,0,566100
100,3.28E+08,7.24E+06,3613873,3613874,0,549100
100,3.28E+08,7.20E+06,3613899,3613898,0,549100
100,3.38E+08,7.08E+06,3613909,3613907,0,630100
100,3.38E+08,7.08E+06,3613930,3613930,0,608900
100,3.33E+08,7.12E+06,3613969,3613968,0,565700
100,3.38E+08,7.08E+06,3614016,3614016,0,586150
100,3.38E+08,7.25E+06,3614026,3614026,0,580600
100,3.38E+08,7.08E+06,3614036,3614036,0,628550
100,3.38E+08,7.08E+06,3614046,3614046,0,620950
100,3.38E+08,7.08E+06,3614057,3614058,0,617150
100,3.38E+08,7.08E+06,3614102,3614102,0,617950
100,3.38E+08,7.21E+06,3614120,3614117,0,580400
100,3.38E+08,7.08E+06,3614176,3614176,0,606200
100,3.38E+08,7.08E+06,3614187,3614186,0,617150
100,3.38E+08,7.08E+06,3614195,3614195,0,618450
100,3.38E+08,7.08E+06,3614208,3614206,0,617950
100,3.38E+08,7.08E+06,3614304,3614304,0,630100
100,3.38E+08,7.08E+06,3614309,3614307,0,626650
100,3.38E+08,7.08E+06,3614356,3614356,0,630200
100,3.29E+08,7.14E+06,3614411,3614410,0,551050
100,3.28E+08,7.16E+06,3614460,3614460,0,549100
100,3.38E+08,7.08E+06,3614469,3614467,0,623100
100,3.38E+08,7.08E+06,3614484,3614486,0,639100
100,3.38E+08,7.08E+06,3614510,3614509,0,640900
100,3.38E+08,7.08E+06,3614524,3614523,0,630200
100,3.28E+08,7.59E+06,3614527,3614525,0,549100
100,3.38E+08,7.08E+06,3614627,3614627,0,610000
100,3.32E+08,7.09E+06,3614651,3614649,0,562000
100,3.38E+08,7.08E+06,3614656,3614652,0,603700
100,3.38E+08,7.08E+06,3614664,3614665,0,582500
100,3.38E+08,7.08E+06,3614673,3614671,0,630100
100,3.38E+08,7.08E+06,3614724,3614724,0,639100
100,3.38E+08,7.08E+06,3614743,3614736,0,586850
100,3.38E+08,7.08E+06,3614840,3614840,0,586850
100,3.38E+08,7.08E+06,3614851,3614852,0,630100
100,3.38E+08,7.08E+06,3614888,3614888,0,619250
100,3.38E+08,7.08E+06,3614894,3614894,0,630200
100,3.28E+08,7.17E+06,3614900,3614900,0,549100
100,3.38E+08,7.08E+06,3614904,3614899,0,630100
100,3.34E+08,7.09E+06,3614924,3614923,0,567400
100,3.38E+08,7.08E+06,3614979,3614979,0,621600
100,3.38E+08,7.08E+06,3614996,3614996,0,630100
100,3.38E+08,7.08E+06,3615006,3615007,0,617600
100,3.38E+08,7.08E+06,3615008,3615008,0,586850
100,3.38E+08,7.08E+06,3615012,3615011,0,582500
100,3.38E+08,7.08E+06,3615125,3615125,0,586850
100,3.38E+08,7.08E+06,3615148,3615148,0,630200
100,3.38E+08,7.08E+06,3615171,3615168,0,610000
100,3.38E+08,7.08E+06,3615209,3615209,0,618300
100,3.29E+08,7.25E+06,3615239,3615237,0,550550
100,3.38E+08,7.08E+06,3615256,3615259,0,630200
100,3.38E+08,7.08E+06,3615321,3615320,0,630100
100,3.37E+08,7.21E+06,3615371,3615374,0,576500
100,3.38E+08,7.08E+06,3615418,3615418,0,630100
100,3.38E+08,7.08E+06,3615433,3615433,0,586850
100,3.38E+08,7.08E+06,3615471,3615471,0,618300
100,3.38E+08,7.08E+06,3615481,3615481,0,613450
100,3.38E+08,7.08E+06,3615491,3615491,0,621100
100,3.38E+08,7.08E+06,3615508,3615510,0,640500
100,3.38E+08,7.08E+06,3615524,3615524,0,630100
100,3.28E+08,7.06E+06,3615543,3615545,0,549100
100,3.38E+08,7.08E+06,3615608,3615609,0,610950
100,3.38E+08,7.08E+06,3615652,3615652,0,619250
100,3.38E+08,7.08E+06,3615707,3615703,0,613450
100,3.38E+08,7.08E+06,3615707,3615707,0,630200
100,3.38E+08,7.08E+06,3615800,3615801,0,619250
100,3.38E+08,7.08E+06,3615817,3615819,0,617950
100,3.38E+08,7.08E+06,3615819,3615817,0,618450
100,3.38E+08,7.08E+06,3615823,3615822,0,621600
100,3.31E+08,7.07E+06,3615854,3615855,0,558100
100,3.38E+08,7.08E+06,3615869,3615873,0,630200
100,3.38E+08,7.08E+06,3615923,3615923,0,586850
100,3.38E+08,7.08E+06,3615947,3615947,0,618450
100,3.30E+08,7.09E+06,3615976,3615976,0,553200
100,3.38E+08,7.08E+06,3616043,3616043,0,630100
100,3.38E+08,7.08E+06,3616046,3616046,0,610850
100,3.18E+08,7.18E+06,3616097,3616097,0,526250
100,3.38E+08,7.08E+06,3616150,3616150,0,613450
100,3.18E+08,7.61E+06,3616196,3616195,0,526250
100,3.38E+08,7.08E+06,3616305,3616309,0,618050
100,3.38E+08,7.08E+06,3616314,3616314,0,582500
100,3.38E+08,7.08E+06,3616323,3616321,0,623100
100,3.38E+08,7.08E+06,3616324,3616320,0,630200
100,3.38E+08,7.08E+06,3616441,3616438,0,600300
100,3.38E+08,7.08E+06,3616476,3616473,0,630200
100,3.38E+08,7.08E+06,3616481,3616481,0,640900
100,3.38E+08,7.08E+06,3616501,3616499,0,630200
100,3.38E+08,7.08E+06,3616570,3616564,0,630200
100,3.38E+08,7.08E+06,3616586,3616588,0,617950
100,3.38E+08,7.08E+06,3616603,3616603,0,582500
100,3.38E+08,7.08E+06,3616603,3616603,0,630200
100,3.38E+08,7.08E+06,3616634,3616634,0,608100
100,3.38E+08,7.08E+06,3616635,3616635,0,600300
100,3.38E+08,7.08E+06,3616644,3616640,0,616850
100,3.38E+08,7.08E+06,3616719,3616718,0,617950
100,3.29E+08,7.13E+06,3616764,3616765,0,551050
100,3.38E+08,7.20E+06,3616767,3616767,0,580400
100,3.38E+08,7.08E+06,3616775,3616775,0,630200
100,3.38E+08,7.08E+06,3616964,3616966,0,630200
100,3.38E+08,7.08E+06,3616973,3616973,0,626650
100,3.34E+08,7.27E+06,3617011,3617011,0,566100
100,3.38E+08,7.08E+06,3617059,3617059,0,618450
100,3.34E+08,7.18E+06,3617129,3617129,0,566100
100,3.38E+08,7.08E+06,3617142,3617142,0,621600
100,3.38E+08,7.08E+06,3617144,3617142,0,603700
100,3.38E+08,7.08E+06,3617146,3617144,0,618300
100,3.38E+08,7.08E+06,3617203,3617201,0,630200
100,3.38E+08,7.08E+06,3617272,3617273,0,630200
100,3.18E+08,7.16E+06,3617295,3617295,0,526250
100,3.38E+08,7.83E+06,3617319,3617321,0,580400
100,3.38E+08,7.08E+06,3617351,3617351,0,644850
100,3.38E+08,7.08E+06,3617399,3617399,0,586850
100,3.38E+08,7.08E+06,3617411,3617411,0,610850
100,3.38E+08,7.08E+06,3617418,3617418,0,619250
100,3.38E+08,7.08E+06,3617425,3617423,0,617600
100,3.38E+08,7.08E+06,3617445,3617443,0,586850
100,3.38E+08,7.08E+06,3617507,3617507,0,638900
100,3.38E+08,7.08E+06,3617516,3617515,0,623100
100,3.38E+08,7.08E+06,3617557,3617558,0,613450
100,3.28E+08,7.46E+06,3617570,3617570,0,548900
100,3.38E+08,7.08E+06,3617594,3617593,0,610000
100,3.34E+08,7.18E+06,3617622,3617622,0,566100
100,3.34E+08,7.19E+06,3617638,3617638,0,566100
100,3.32E+08,7.16E+06,3617645,3617642,0,562000
100,3.32E+08,7.23E+06,3617680,3617678,0,562000
100,3.38E+08,7.08E+06,3617714,3617714,0,642650
100,3.30E+08,7.24E+06,3617734,3617734,0,553200
100,3.28E+08,7.16E+06,3617759,3617760,0,549100
100,3.38E+08,7.08E+06,3617759,3617759,0,626650
100,3.38E+08,7.08E+06,3617772,3617772,0,610900
100,3.34E+08,7.07E+06,3617859,3617861,0,566100
100,3.38E+08,7.08E+06,3617863,3617863,0,613450
100,3.38E+08,7.08E+06,3617933,3617933,0,621600
100,3.38E+08,7.08E+06,3618031,3618033,0,618300
100,3.38E+08,7.08E+06,3618103,3618101,0,586850
100,3.28E+08,7.14E+06,3618158,3618155,0,548900
100,3.34E+08,7.28E+06,3618181,3618181,0,566100
100,3.38E+08,7.08E+06,3618186,3618187,0,613450
100,3.38E+08,7.08E+06,3618197,3618197,0,618300
100,3.38E+08,7.08E+06,3618352,3618352,0,607350
100,3.38E+08,7.08E+06,3618368,3618368,0,639100
100,3.31E+08,7.23E+06,3618395,3618396,0,558100
100,3.38E+08,7.08E+06,3618401,3618401,0,610900
100,3.31E+08,7.14E+06,3618443,3618443,0,558100
100,3.38E+08,7.08E+06,3618505,3618504,0,610000
100,3.38E+08,7.08E+06,3618546,3618546,0,630100
100,3.38E+08,7.08E+06,3618562,3618562,0,610000
100,3.31E+08,7.38E+06,3618571,3618571,0,557950
100,3.38E+08,7.08E+06,3618572,3618572,0,586850
100,3.38E+08,7.08E+06,3618646,3618642,0,639100
100,3.32E+08,7.20E+06,3618659,3618658,0,562000
100,3.38E+08,7.08E+06,3618664,3618664,0,610000
100,3.38E+08,7.08E+06,3618683,3618683,0,617950
100,3.38E+08,7.08E+06,3618706,3618708,0,610950
100,3.32E+08,7.54E+06,3618734,3618734,0,559900
100,3.38E+08,7.08E+06,3618766,3618764,0,606400
100,3.38E+08,7.08E+06,3618784,3618785,0,610000
100,3.38E+08,7.08E+06,3618793,3618792,0,613450
100,3.38E+08,7.08E+06,3618821,3618821,0,621600
100,3.38E+08,7.08E+06,3618835,3618831,0,613450
100,3.38E+08,7.08E+06,3618859,3618859,0,618300
100,3.38E+08,7.08E+06,3618862,3618861,0,630200
100,3.38E+08,7.08E+06,3618869,3618869,0,582500
100,3.38E+08,7.08E+06,3618896,3618895,0,630200
100,3.31E+08,7.32E+06,3618928,3618925,0,557950
100,3.38E+08,7.08E+06,3618950,3618951,0,608900
100,3.38E+08,7.08E+06,3619062,3619059,0,619250
100,3.38E+08,7.08E+06,3619071,3619071,0,610850
100,3.38E+08,7.08E+06,3619114,3619111,0,618300
100,3.38E+08,7.08E+06,3619118,3619118,0,617150
100,3.38E+08,7.08E+06,3619211,3619212,0,586850
100,3.30E+08,7.64E+06,3619212,3619211,0,553200
100,3.38E+08,7.08E+06,3619279,3619277,0,628550
100,3.28E+08,7.06E+06,3619296,3619296,0,549100
100,3.38E+08,7.08E+06,3619337,3619338,0,617150
100,3.38E+08,7.08E+06,3619346,3619346,0,627000
100,3.29E+08,7.06E+06,3619362,3619361,0,551050
100,3.38E+08,7.08E+06,3619399,3619399,0,630200
100,3.38E+08,7.08E+06,3619442,3619442,0,586150
100,3.38E+08,7.08E+06,3619464,3619464,0,608650
100,3.31E+08,7.32E+06,3619468,3619468,0,557950
100,3.38E+08,7.08E+06,3619560,3619560,0,630200
100,3.38E+08,7.08E+06,3619619,3619619,0,623100
100,3.38E+08,7.08E+06,3619683,3619680,0,630200
100,3.38E+08,7.08E+06,3619797,3619797,0,639100
100,3.38E+08,7.08E+06,3619980,3619979,0,628550
100,3.34E+08,7.69E+06,3620019,3620018,0,567400
100,3.29E+08,7.14E+06,3620020,3620018,0,551700
100,3.38E+08,7.08E+06,3620022,3620021,0,621600
100,3.38E+08,7.08E+06,3620027,3620026,0,615450
100,3.31E+08,7.34E+06,3620078,3620078,0,558100
100,3.38E+08,7.08E+06,3620165,3620166,0,639100
100,3.38E+08,7.08E+06,3620170,3620173,0,610900
100,3.38E+08,7.08E+06,3620185,3620185,0,586850
100,3.38E+08,7.08E+06,3620219,3620219,0,613450
100,3.38E+08,7.08E+06,3620314,3620316,0,619250
100,3.38E+08,7.08E+06,3620318,3620318,0,623100
100,3.27E+08,7.13E+06,3620353,3620353,0,546700
100,3.38E+08,7.08E+06,3620359,3620358,0,586850
100,3.38E+08,7.08E+06,3620362,3620362,0,617150
100,3.38E+08,7.08E+06,3620452,3620452,0,630100
100,3.38E+08,7.08E+06,3620464,3620462,0,620150
100,3.38E+08,7.08E+06,3620466,3620465,0,617950
100,3.38E+08,7.08E+06,3620513,3620513,0,630200
100,3.38E+08,7.08E+06,3620554,3620554,0,617600
100,3.34E+08,7.16E+06,3620558,3620556,0,566100
100,3.38E+08,7.08E+06,3620570,3620576,0,623100
100,3.38E+08,7.08E+06,3620579,3620073,0,630200
100,3.38E+08,7.08E+06,3620643,3620637,0,630100
100,3.34E+08,7.13E+06,3620658,3620658,0,567400
100,3.38E+08,7.08E+06,3620723,3620723,0,586850
100,3.38E+08,7.08E+06,3620766,3620764,0,618450
100,3.38E+08,7.08E+06,3620783,3620783,0,630200
100,3.38E+08,7.08E+06,3620818,3620818,0,610000
100,3.34E+08,7.15E+06,3620848,3620848,0,566100
100,3.38E+08,7.08E+06,3620874,3620874,0,642650
100,3.38E+08,7.08E+06,3620924,3620924,0,619250
100,3.31E+08,7.37E+06,3620985,3620984,0,558100
100,3.38E+08,7.08E+06,3621049,3621049,0,618300
100,3.28E+08,7.06E+06,3621074,3621074,0,548900
100,3.38E+08,7.08E+06,3621074,3621075,0,609950
100,3.38E+08,7.08E+06,3621086,3621088,0,607350
100,3.38E+08,7.08E+06,3621135,3621135,0,622700
100,3.38E+08,7.08E+06,3621141,3621140,0,619250
100,3.38E+08,7.08E+06,3621227,3621227,0,618450
100,3.38E+08,7.08E+06,3621306,3621306,0,630200
100,3.38E+08,7.08E+06,3621322,3621317,0,609950
100,3.36E+08,7.72E+06,3621419,3621418,0,573700
100,3.38E+08,7.11E+06,3621460,3621456,0,580600
100,3.38E+08,7.08E+06,3621478,3621480,0,630200
100,2.92E+08,7.18E+06,3621503,3621503,0,445150
100,3.38E+08,7.08E+06,3621525,3621524,0,606400
100,3.38E+08,7.08E+06,3621625,3621626,0,610850
100,3.38E+08,7.24E+06,3621637,3621638,0,580600
100,3.38E+08,7.08E+06,3621727,3621729,0,630200
100,2.96E+08,7.06E+06,3621738,3621738,1,456400
100,3.38E+08,7.08E+06,3621879,3621879,0,638900
100,3.38E+08,7.08E+06,3621886,3621885,0,610000
100,3.38E+08,7.08E+06,3621918,3621918,0,613450
100,3.38E+08,7.08E+06,3621939,3621933,0,586850
100,3.38E+08,7.08E+06,3621945,3621945,0,644850
100,3.38E+08,7.08E+06,3621966,3621966,0,619250
100,3.38E+08,7.08E+06,3622032,3622031,0,642650
100,3.38E+08,7.08E+06,3622097,3622097,0,582500
100,3.38E+08,7.08E+06,3622121,3622118,0,628550
100,3.38E+08,7.08E+06,3622173,3622172,0,607350
100,3.38E+08,7.08E+06,3622285,3622285,0,610000
100,3.38E+08,7.08E+06,3622308,3622310,0,610900
100,3.34E+08,7.25E+06,3622324,3622326,0,566100
100,3.38E+08,7.08E+06,3622335,3622335,0,639100
100,3.38E+08,7.08E+06,3622340,3622341,0,630200
100,3.38E+08,7.08E+06,3622342,3622342,0,594100
100,3.34E+08,7.08E+06,3622376,3622378,0,566100
100,3.18E+08,7.12E+06,3622412,3622412,0,526250
100,3.38E+08,7.08E+06,3622415,3622417,0,642650
100,2.96E+08,7.27E+06,3622433,3622433,0,456400
100,3.38E+08,7.08E+06,3622436,3622436,0,618050
100,3.38E+08,7.08E+06,3622490,3622490,0,620950
100,3.38E+08,7.08E+06,3622497,3622502,0,617950
100,3.38E+08,7.08E+06,3622529,3622530,0,619250
100,3.38E+08,7.08E+06,3622554,3622553,0,623100
100,3.38E+08,7.08E+06,3622563,3622559,0,618450
100,3.38E+08,7.08E+06,3622583,3622577,0,630200
100,3.38E+08,7.08E+06,3622620,3622620,0,623100
100,3.34E+08,7.09E+06,3622626,3622626,0,566100
100,3.38E+08,7.08E+06,3622635,3622635,0,639100
100,3.38E+08,7.08E+06,3622642,3622642,0,644850
100,3.38E+08,7.08E+06,3622650,3622648,0,608500
100,3.38E+08,7.08E+06,3622664,3622665,0,610000
100,3.38E+08,7.08E+06,3622668,3622668,0,617950
100,3.38E+08,7.08E+06,3622707,3622707,0,610850
100,3.38E+08,7.08E+06,3622710,3622708,0,586850
100,3.38E+08,7.08E+06,3622757,3622753,0,613450
100,3.38E+08,7.08E+06,3622765,3622766,0,626650
100,3.29E+08,7.15E+06,3622876,3622877,0,551700
100,3.38E+08,7.08E+06,3622881,3622880,0,618300
100,3.38E+08,7.08E+06,3622884,3622880,0,616850
100,3.38E+08,7.08E+06,3622923,3622922,0,610850
100,3.38E+08,7.08E+06,3622943,3622943,0,630100
100,3.38E+08,7.08E+06,3622993,3622991,0,610000
100,3.38E+08,7.08E+06,3623032,3623031,0,607350
100,3.38E+08,7.08E+06,3623120,3623119,0,619250
100,3.29E+08,7.24E+06,3623186,3623185,0,551700
100,3.30E+08,7.12E+06,3623202,3623203,0,553200
100,3.38E+08,7.08E+06,3623318,3623316,0,617950
100,3.38E+08,7.08E+06,3623330,3623330,0,623100
100,3.38E+08,7.08E+06,3623333,3623330,0,619250
100,3.38E+08,7.08E+06,3623428,3623428,0,618300
100,3.35E+08,7.09E+06,3623436,3623436,0,568700
100,3.38E+08,7.08E+06,3623462,3623459,0,586850
100,3.34E+08,7.37E+06,3623541,3623541,0,566100
100,3.38E+08,7.08E+06,3623573,3623572,0,623100
100,3.38E+08,7.08E+06,3623579,3623579,0,642650
100,3.38E+08,7.08E+06,3623601,3623603,0,586850
100,3.38E+08,7.08E+06,3623661,3623661,0,630200
100,3.35E+08,7.19E+06,3623681,3623680,0,568700
100,3.38E+08,7.08E+06,3623712,3623712,0,603700
100,3.38E+08,7.08E+06,3623787,3623785,0,613450
100,3.32E+08,7.09E+06,3623788,3623789,0,562000
100,3.38E+08,7.08E+06,3623797,3623799,0,630200
100,3.38E+08,7.08E+06,3623828,3623828,0,616500
100,3.38E+08,7.08E+06,3623830,3623830,0,630200
100,3.28E+08,7.10E+06,3623844,3623845,0,549100
100,3.38E+08,7.08E+06,3623854,3623854,0,621600
100,3.38E+08,7.08E+06,3623946,3623944,0,621600
100,3.38E+08,7.08E+06,3623992,3623990,0,607350
100,3.38E+08,7.08E+06,3624020,3624016,0,642650
100,3.38E+08,7.19E+06,3624038,3624038,0,582500
100,3.38E+08,7.08E+06,3624096,3624096,0,608100
100,3.32E+08,7.18E+06,3624166,3624167,0,559450
100,3.38E+08,7.08E+06,3624265,3624265,0,618300
100,3.34E+08,7.11E+06,3624332,3624334,0,566100
100,3.38E+08,7.08E+06,3624339,3624337,0,644850
100,3.38E+08,7.08E+06,3624369,3624369,0,610850
100,3.38E+08,7.08E+06,3624393,3624392,0,630100
100,3.38E+08,7.08E+06,3624420,3624421,0,630200
100,3.38E+08,7.08E+06,3624434,3624433,0,610850
100,3.38E+08,7.08E+06,3624450,3624455,0,610000
100,3.38E+08,7.08E+06,3624477,3624476,0,586850
100,3.38E+08,7.08E+06,3624481,3624483,0,630200
100,3.38E+08,7.08E+06,3624521,3624518,0,608100
100,3.38E+08,7.08E+06,3624578,3624580,0,642650
100,3.38E+08,7.08E+06,3624594,3624593,0,621600
100,3.38E+08,7.08E+06,3624681,3624680,0,586850
100,3.38E+08,7.08E+06,3624716,3624717,0,639100
100,3.38E+08,7.08E+06,3624749,3624748,0,617950
100,3.38E+08,7.08E+06,3624772,3624772,0,620150
100,3.38E+08,7.08E+06,3624868,3624869,0,619250
100,3.38E+08,7.08E+06,3624908,3624907,0,610850
100,3.38E+08,7.08E+06,3624950,3624950,0,618050
100,3.38E+08,7.08E+06,3624962,3624959,0,623100
100,3.38E+08,7.08E+06,3625009,3625009,0,594100
100,3.38E+08,7.08E+06,3625050,3625049,0,618050
100,3.38E+08,7.08E+06,3625077,3625078,0,610000
100,3.28E+08,7.08E+06,3625124,3625124,0,546950
100,3.38E+08,7.08E+06,3625126,3625125,0,610000
100,3.38E+08,7.08E+06,3625206,3625206,0,626650
100,3.38E+08,7.08E+06,3625230,3625230,0,617950
100,3.38E+08,7.08E+06,3625255,3625256,0,610850
100,3.34E+08,7.18E+06,3625260,3625260,0,566100
100,3.38E+08,7.08E+06,3625278,3625278,0,630200
100,3.32E+08,7.14E+06,3625306,3625301,0,561950
100,3.38E+08,7.08E+06,3625319,3625317,0,618300
100,3.38E+08,7.08E+06,3625340,3625340,0,639100
100,3.38E+08,7.08E+06,3625449,3625449,0,610000
100,3.38E+08,7.08E+06,3625459,3625461,0,626650
100,3.38E+08,7.08E+06,3625496,3625490,0,617150
100,3.38E+08,7.08E+06,3625565,3625559,0,630100
100,3.38E+08,7.08E+06,3625603,3625605,0,621700
100,3.38E+08,7.08E+06,3625680,3625680,0,607350
100,3.38E+08,7.08E+06,3625723,3625720,0,586850
100,3.38E+08,7.08E+06,3625768,3625766,0,621600
100,3.29E+08,7.08E+06,3625802,3616483,0,551050
100,3.38E+08,7.08E+06,3625805,3625805,0,619250
100,3.38E+08,7.08E+06,3625823,3625823,0,582500
100,3.38E+08,7.52E+06,3625927,3625926,0,580400
100,3.34E+08,7.57E+06,3625947,3625947,0,566100
100,3.38E+08,7.08E+06,3625964,3625968,0,623100
100,3.38E+08,7.08E+06,3625991,3625991,0,626650
100,3.38E+08,7.08E+06,3626040,3626042,0,618050
100,3.38E+08,7.08E+06,3626062,3626062,0,622700
100,3.30E+08,7.12E+06,3626068,3626064,0,553200
100,3.38E+08,7.08E+06,3626084,3626084,0,618300
100,3.38E+08,7.08E+06,3626243,3626244,0,621600
100,3.38E+08,7.08E+06,3626284,3626288,0,607350
100,3.38E+08,7.08E+06,3626351,3626351,0,586850
100,3.38E+08,7.08E+06,3626354,3626353,0,619250
100,3.38E+08,7.08E+06,3626402,3626400,0,630200
100,3.38E+08,7.08E+06,3626459,3626459,0,619250
100,3.38E+08,7.08E+06,3626480,3626479,0,617600
100,3.38E+08,7.08E+06,3626488,3626488,0,630200
100,3.38E+08,7.08E+06,3626501,3626500,0,617950
100,3.38E+08,7.08E+06,3626512,3626511,0,630200
100,3.38E+08,7.08E+06,3626594,3626591,0,617950
100,3.38E+08,7.08E+06,3626594,3626594,0,630100
100,3.30E+08,7.44E+06,3626607,3626610,0,553200
100,3.38E+08,7.08E+06,3626781,3626772,0,610900
100,3.38E+08,7.08E+06,3626800,3626801,0,640500
100,3.34E+08,7.30E+06,3626805,3626808,0,566100
100,3.38E+08,7.08E+06,3626822,3626822,0,642650
100,3.38E+08,7.07E+06,3626843,3626843,0,580600
100,3.34E+08,7.17E+06,3626872,3626872,0,567400
100,3.38E+08,7.08E+06,3626903,3626902,0,617950
100,3.38E+08,7.08E+06,3626939,3626939,0,610900
100,3.38E+08,7.08E+06,3626972,3626974,0,640500
100,3.29E+08,7.23E+06,3626999,3626999,0,551050
100,3.30E+08,7.11E+06,3627041,3627043,0,553200
100,3.38E+08,7.08E+06,3627064,3627064,0,610000
100,3.34E+08,7.07E+06,3627077,3627077,0,566100
100,3.38E+08,7.08E+06,3627078,3627079,0,615450
100,3.38E+08,7.08E+06,3627092,3627093,0,616850
100,3.38E+08,7.08E+06,3627122,3627125,0,582500
100,3.38E+08,7.08E+06,3627144,3627145,0,640500
100,3.38E+08,7.08E+06,3627228,3627227,0,586850
100,3.38E+08,7.08E+06,3627278,3627276,0,610000
100,3.38E+08,7.08E+06,3627309,3627308,0,617950
100,3.38E+08,7.08E+06,3627427,3627427,0,626650
100,3.38E+08,7.08E+06,3627506,3627505,0,603700
100,3.38E+08,7.08E+06,3627537,3627537,0,586850
100,3.38E+08,7.08E+06,3627562,3627558,0,582500
100,3.38E+08,7.08E+06,3627634,3627634,0,608900
100,3.38E+08,7.08E+06,3627644,3627644,0,619250
100,3.38E+08,7.08E+06,3627700,3627701,0,615450
100,3.38E+08,7.08E+06,3627706,3627708,0,613450
100,3.28E+08,7.13E+06,3627719,3627718,0,549100
100,3.38E+08,7.08E+06,3627750,3627754,0,610000
100,3.38E+08,7.08E+06,3627801,3627802,0,621600
100,3.38E+08,7.08E+06,3627910,3627909,0,628550
100,3.38E+08,7.08E+06,3627957,3627957,0,618450
100,3.38E+08,7.06E+06,3627966,3627961,0,580600
100,3.38E+08,7.08E+06,3628151,3628155,0,630200
100,3.34E+08,7.18E+06,3628320,3628316,0,566100
100,3.32E+08,7.23E+06,3628394,3628391,0,561950
100,3.38E+08,7.08E+06,3628430,3628431,0,630100
100,3.38E+08,7.08E+06,3628448,3628448,0,618450
100,3.38E+08,7.08E+06,3628457,3628457,0,619250
100,3.38E+08,7.08E+06,3628493,3628493,0,630200
100,3.38E+08,7.08E+06,3628515,3628515,0,621600
100,3.38E+08,7.08E+06,3628517,3628517,0,619250
100,3.38E+08,7.08E+06,3628653,3628653,0,610900
100,3.38E+08,7.08E+06,3628727,3628729,0,621600
100,3.38E+08,7.08E+06,3628732,3628732,0,639100
100,3.34E+08,7.15E+06,3628790,3628789,0,566100
100,3.38E+08,7.08E+06,3628821,3628821,0,639100
100,3.28E+08,7.19E+06,3628832,3628831,0,549100
100,3.38E+08,7.08E+06,3628836,3628834,0,621600
100,3.38E+08,7.08E+06,3628871,3628871,0,630100
100,3.34E+08,7.41E+06,3628875,3628875,0,567400
100,3.38E+08,7.08E+06,3628954,3628953,0,639100
100,3.38E+08,7.08E+06,3629014,3629014,0,610000
100,3.38E+08,7.08E+06,3629104,3629104,0,620150
100,3.38E+08,7.08E+06,3629104,3629104,0,630100
100,3.38E+08,7.08E+06,3629120,3629119,0,617150
100,3.38E+08,7.08E+06,3629120,3629120,0,621700
100,3.32E+08,7.06E+06,3629149,3629151,0,559450
100,3.38E+08,7.08E+06,3629198,3629198,0,639100
100,3.38E+08,7.08E+06,3629214,3629213,0,603700
100,3.28E+08,7.12E+06,3629219,3629217,0,549100
100,3.38E+08,7.08E+06,3629257,3629256,0,621600
100,3.34E+08,7.28E+06,3629351,3629351,0,566100
100,3.38E+08,7.08E+06,3629369,3629369,0,630200
100,3.37E+08,7.06E+06,3629381,3629379,0,576500
100,3.38E+08,7.08E+06,3629381,3629381,0,619250
100,3.34E+08,7.07E+06,3629425,3629423,0,566100
100,3.38E+08,7.08E+06,3629427,3629430,0,586850
100,3.38E+08,7.08E+06,3629513,3629515,0,630200
100,3.38E+08,7.08E+06,3629517,3629516,0,618300
100,3.38E+08,7.08E+06,3629542,3629543,0,586850
100,3.38E+08,7.08E+06,3629553,3629553,0,613450
100,3.38E+08,7.08E+06,3629559,3629559,0,626650
100,3.38E+08,7.08E+06,3629579,3629573,0,630200
100,3.28E+08,7.40E+06,3629583,3629582,0,549100
100,3.38E+08,7.08E+06,3629606,3629606,0,630100
100,3.38E+08,7.08E+06,3629714,3629708,0,644850
100,3.34E+08,7.36E+06,3629752,3629752,0,567400
100,3.38E+08,7.08E+06,3629766,3629765,0,617150
100,3.38E+08,7.14E+06,3629788,3629787,0,580600
100,3.28E+08,7.07E+06,3629825,3629824,0,548950
100,3.29E+08,7.52E+06,3629846,3629845,0,551050
100,3.28E+08,7.13E+06,3629956,3629955,0,548950
100,3.30E+08,7.30E+06,3629963,3629961,0,553200
100,3.31E+08,7.06E+06,3630043,3630043,0,558100
100,3.38E+08,7.08E+06,3630141,3630140,0,639100
100,3.38E+08,7.08E+06,3630201,3630201,0,621600
100,3.38E+08,7.08E+06,3630253,3630252,0,586850
100,3.38E+08,7.08E+06,3630257,3630256,0,630100
100,3.31E+08,7.14E+06,3630260,3630259,0,558100
100,3.38E+08,7.08E+06,3630294,3630293,0,617950
100,3.38E+08,7.08E+06,3630316,3630317,0,610900
100,3.38E+08,7.08E+06,3630366,3630366,0,586850
100,3.38E+08,7.17E+06,3630422,3630422,0,580600
100,3.38E+08,7.08E+06,3630464,3630461,0,642650
100,3.38E+08,7.08E+06,3630481,3630481,0,630200
100,3.38E+08,7.08E+06,3630514,3630514,0,619250
100,3.38E+08,7.08E+06,3630525,3630524,0,630100
100,3.38E+08,7.08E+06,3630529,3630529,0,619250
100,3.38E+08,7.08E+06,3630594,3630592,0,630200
100,3.38E+08,7.08E+06,3630610,3630610,0,642650
100,3.38E+08,7.08E+06,3630628,3630629,0,610850
100,3.38E+08,7.08E+06,3630683,3630683,0,607350
100,3.38E+08,7.08E+06,3630685,3630685,0,608650
100,3.38E+08,7.08E+06,3630695,3630695,0,626650
100,3.38E+08,7.31E+06,3630724,3630722,0,580850
100,3.38E+08,7.08E+06,3630726,3630726,0,618450
100,3.27E+08,7.09E+06,3630790,3630790,0,546500
100,3.38E+08,7.08E+06,3630876,3630876,0,613450
100,3.38E+08,7.08E+06,3630924,3630922,0,610000
100,3.38E+08,7.08E+06,3630947,3630948,0,642650
100,3.34E+08,7.15E+06,3630957,3630958,0,567400
100,3.34E+08,7.38E+06,3630991,3630991,0,566100
100,3.38E+08,7.08E+06,3631059,3631059,0,621600
100,3.32E+08,7.38E+06,3631093,3631093,0,559850
100,3.38E+08,7.08E+06,3631214,3631214,0,644850
100,3.38E+08,7.08E+06,3631228,3631228,0,613450
100,3.38E+08,7.08E+06,3631318,3631320,0,594100
100,3.31E+08,7.17E+06,3631337,3631337,0,557950
100,3.34E+08,7.40E+06,3631342,3631343,0,567400
100,3.38E+08,7.17E+06,3631349,3631349,0,580400
100,3.38E+08,7.08E+06,3631358,3631357,0,609950
100,3.38E+08,7.08E+06,3631381,3631381,0,610850
100,3.38E+08,7.08E+06,3631382,3631381,0,630200
100,3.38E+08,7.08E+06,3631406,3631413,0,621600
100,3.31E+08,7.17E+06,3631416,3631417,0,557950
100,3.38E+08,7.08E+06,3631438,3631439,0,618300
100,3.38E+08,7.08E+06,3631444,3631444,0,630200
100,3.38E+08,7.08E+06,3631453,3631453,0,619250
100,3.30E+08,7.10E+06,3631458,3631458,0,553200
100,3.34E+08,7.08E+06,3631466,3631464,0,566100
100,3.34E+08,7.24E+06,3631482,3631480,0,566100
100,3.38E+08,7.08E+06,3631522,3631525,0,607350
100,3.38E+08,7.08E+06,3631523,3631520,0,594100
100,3.38E+08,7.08E+06,3631540,3631541,0,610950
100,3.38E+08,7.25E+06,3631584,3631585,0,580600
100,3.38E+08,7.08E+06,3631606,3631605,0,613450
100,3.38E+08,7.08E+06,3631616,3631615,0,630100
100,3.32E+08,7.25E+06,3631712,3631714,0,562000
100,3.28E+08,7.52E+06,3631725,3631721,0,549100
100,3.38E+08,7.08E+06,3631747,3631747,0,618300
100,3.38E+08,7.08E+06,3631761,3631761,0,630200
100,3.38E+08,7.08E+06,3631790,3631789,0,586850
100,3.38E+08,7.08E+06,3631795,3631796,0,623100
100,3.38E+08,7.08E+06,3631829,3631826,0,618450
100,3.38E+08,7.08E+06,3631839,3631840,0,639100
100,3.38E+08,7.08E+06,3631981,3631982,0,608650
100,3.38E+08,7.08E+06,3632000,3632000,0,639100
100,3.38E+08,7.08E+06,3632079,3632080,0,630200
100,3.32E+08,7.14E+06,3632091,3632091,0,559700
100,3.38E+08,7.08E+06,3632121,3632118,0,586850
100,3.38E+08,7.08E+06,3632183,3632180,0,610850
100,3.38E+08,7.08E+06,3632202,3632202,0,630100
100,3.38E+08,7.08E+06,3632293,3632286,0,621600
100,3.34E+08,7.10E+06,3632354,3632348,0,566100
100,3.38E+08,7.08E+06,3632401,3632403,0,619250
100,3.38E+08,7.08E+06,3632460,3632456,0,630200
100,3.38E+08,7.08E+06,3632467,3632467,0,618300
100,3.38E+08,7.08E+06,3632524,3632525,0,617600
100,3.38E+08,7.08E+06,3632587,3632587,0,630100
100,3.32E+08,7.43E+06,3632590,3632589,0,562000
100,3.38E+08,7.08E+06,3632699,3632699,0,617950
100,3.29E+08,7.10E+06,3632747,3632747,0,551700
100,3.38E+08,7.08E+06,3632751,3632744,0,617150
100,3.38E+08,7.08E+06,3632793,3632791,0,607350
100,3.38E+08,7.08E+06,3632794,3632794,0,617950
100,3.38E+08,7.08E+06,3632835,3632841,0,630200
100,3.38E+08,7.08E+06,3632849,3632849,0,618050
100,3.38E+08,7.08E+06,3632865,3632865,0,619250
100,3.38E+08,7.08E+06,3632901,3632900,0,630100
100,3.32E+08,7.14E+06,3632925,3632924,0,559850
100,3.38E+08,7.08E+06,3632994,3632991,0,594100
100,3.18E+08,7.07E+06,3633068,3633068,0,526250
100,3.38E+08,7.08E+06,3633139,3633139,0,642650
100,3.32E+08,7.12E+06,3633141,3633143,0,562000
100,3.38E+08,7.08E+06,3633252,3633251,0,616850
100,3.38E+08,7.08E+06,3633268,3633266,0,610000
100,3.30E+08,7.10E+06,3633370,3633369,0,553200
100,3.32E+08,7.37E+06,3633490,3633488,0,559450
100,3.38E+08,7.08E+06,3633501,3633501,0,621600
100,3.38E+08,7.08E+06,3633592,3633591,0,630200
100,3.34E+08,7.52E+06,3633655,3633655,0,567400
100,3.38E+08,7.08E+06,3633800,3633800,0,617950
100,3.38E+08,7.08E+06,3633820,3633823,0,630100
100,3.38E+08,7.08E+06,3633831,3633831,0,610000
100,3.38E+08,7.08E+06,3633836,3633836,0,610850
100,3.38E+08,7.08E+06,3633871,3633872,0,607350
100,3.38E+08,7.08E+06,3633881,3633883,0,642650
100,3.38E+08,7.10E+06,3633920,3633920,0,580400
100,3.38E+08,7.08E+06,3633941,3633942,0,618050
100,3.38E+08,7.08E+06,3634032,3634036,0,623100
100,3.32E+08,7.09E+06,3634034,3634035,0,559450
100,3.38E+08,7.08E+06,3634129,3634128,0,613450
100,3.38E+08,7.08E+06,3634138,3634138,0,628550
100,3.38E+08,7.08E+06,3634195,3634195,0,586850
100,3.38E+08,7.08E+06,3634213,3634214,0,617150
100,3.38E+08,7.08E+06,3634223,3634226,0,607350
100,3.38E+08,7.08E+06,3634240,3634240,0,623100
100,3.38E+08,7.08E+06,3634262,3634262,0,608100
100,3.30E+08,7.15E+06,3634332,3634330,0,553200
100,3.38E+08,7.08E+06,3634339,3634339,0,617150
100,3.38E+08,7.08E+06,3634423,3634424,0,630200
100,3.38E+08,7.08E+06,3634441,3634441,0,617150
100,3.38E+08,7.08E+06,3634549,3634549,0,621600
100,3.38E+08,7.08E+06,3634619,3634617,0,640500
100,3.33E+08,7.15E+06,3634718,3634719,0,565700
100,3.32E+08,7.29E+06,3634737,3634736,0,562000
100,3.38E+08,7.08E+06,3634737,3634737,0,630200
100,3.38E+08,7.08E+06,3634738,3634738,0,607350
100,3.38E+08,7.08E+06,3634748,3634748,0,628550
100,3.38E+08,7.08E+06,3634761,3634761,0,639100
100,3.38E+08,7.08E+06,3634788,3634788,0,618050
100,3.38E+08,7.08E+06,3634905,3634905,0,603700
100,3.38E+08,7.08E+06,3634905,3634902,0,626650
100,3.38E+08,7.08E+06,3634909,3634910,0,630100
100,3.38E+08,7.10E+06,3634922,3634920,0,580600
100,3.30E+08,7.38E+06,3634941,3634942,0,553200
100,3.30E+08,7.14E+06,3634955,3634955,0,553200
100,3.38E+08,7.08E+06,3634970,3634970,0,617950
100,3.38E+08,7.08E+06,3635131,3635131,0,617150
100,3.38E+08,7.18E+06,3635389,3635387,0,580600
100,3.38E+08,7.08E+06,3635420,3635419,0,582500
100,3.38E+08,7.08E+06,3635480,3635478,0,618050
100,3.38E+08,7.08E+06,3635575,3635575,0,586850
100,3.30E+08,7.11E+06,3635618,3635618,0,553200
100,3.38E+08,7.08E+06,3635662,3635662,0,610000
100,3.38E+08,7.08E+06,3635662,3635658,0,616850
100,3.38E+08,7.08E+06,3635769,3635768,0,618450
100,3.38E+08,7.08E+06,3635822,3635822,0,626650
100,3.38E+08,7.08E+06,3635919,3635920,0,619250
100,3.38E+08,7.08E+06,3635937,3635936,0,617150
100,3.38E+08,7.08E+06,3635999,3635999,0,613450
100,3.38E+08,7.08E+06,3636061,3636061,0,638900
100,3.38E+08,7.08E+06,3636113,3636113,0,620150
100,3.34E+08,7.46E+06,3636119,3636119,0,566100
100,3.38E+08,7.08E+06,3636157,3636159,0,617150
100,3.38E+08,7.08E+06,3636161,3636159,0,608100
100,3.38E+08,7.08E+06,3636219,3636219,0,630100
100,3.38E+08,7.08E+06,3636248,3636248,0,610900
100,3.38E+08,7.08E+06,3636252,3636252,0,617150
100,3.38E+08,7.08E+06,3636410,3636411,0,617950
100,3.38E+08,7.08E+06,3636431,3636426,0,582500
100,3.38E+08,7.19E+06,3636434,3636434,0,580850
100,3.38E+08,7.08E+06,3636436,3636437,0,617150
100,3.38E+08,7.08E+06,3636546,3636546,0,608100
100,3.38E+08,7.08E+06,3636628,3636628,0,630200
100,3.28E+08,7.15E+06,3636629,3636627,0,549100
100,3.34E+08,7.14E+06,3636743,3636744,0,567400
100,3.38E+08,7.29E+06,3636816,3636821,0,580400
100,3.34E+08,7.36E+06,3636823,3636823,0,567400
100,3.38E+08,7.08E+06,3636854,3636854,0,623100
100,3.38E+08,7.08E+06,3636888,3636885,0,586850
100,3.38E+08,7.08E+06,3636914,3636913,0,618450
100,3.28E+08,7.10E+06,3637004,3637007,0,549100
100,3.38E+08,7.08E+06,3637015,3637015,0,630200
100,3.38E+08,7.08E+06,3637026,3637029,0,586850
100,3.38E+08,7.08E+06,3637054,3637052,0,630100
100,3.38E+08,7.08E+06,3637063,3637063,0,621600
100,3.38E+08,7.08E+06,3637208,3637207,0,623000
100,3.34E+08,7.09E+06,3637282,3637280,0,566100
100,3.38E+08,7.08E+06,3637318,3637319,0,621600
100,3.38E+08,7.08E+06,3637379,3637380,0,617150
100,3.38E+08,7.08E+06,3637388,3637388,0,618300
100,3.34E+08,7.14E+06,3637573,3637572,0,566100
100,3.38E+08,7.08E+06,3637664,3637664,0,642650
100,3.38E+08,7.08E+06,3637678,3637678,0,610850
100,3.38E+08,7.08E+06,3637712,3637710,0,610000
100,3.38E+08,7.08E+06,3637840,3637840,0,618300
100,3.38E+08,7.08E+06,3637845,3637844,0,608650
100,3.38E+08,7.08E+06,3637853,3637853,0,618300
100,3.38E+08,7.08E+06,3637862,3637861,0,613450
100,3.38E+08,7.08E+06,3637870,3637870,0,626650
100,3.38E+08,7.08E+06,3637907,3637913,0,617150
100,3.38E+08,7.08E+06,3637929,3637929,0,630100
100,3.38E+08,7.08E+06,3637968,3637971,0,586850
100,3.38E+08,7.08E+06,3637976,3637976,0,621600
100,3.38E+08,7.08E+06,3638103,3638105,0,610900
100,3.38E+08,7.08E+06,3638167,3638164,0,621600
100,3.32E+08,7.25E+06,3638168,3638168,0,561950
100,3.38E+08,7.08E+06,3638187,3638188,0,582500
100,3.38E+08,7.08E+06,3638187,3638187,0,639100
100,3.38E+08,7.08E+06,3638319,3638322,0,638900
100,3.38E+08,7.08E+06,3638326,3638326,0,618300
100,3.28E+08,7.20E+06,3638348,3638349,0,549100
100,3.38E+08,7.08E+06,3638386,3638384,0,608100
100,3.38E+08,7.08E+06,3638411,3638411,0,630200
100,3.38E+08,7.08E+06,3638475,3638475,0,619250
100,3.38E+08,7.08E+06,3638547,3638546,0,621600
100,3.38E+08,7.08E+06,3638586,3638586,0,586850
100,3.38E+08,7.08E+06,3638608,3638606,0,610000
100,3.28E+08,7.07E+06,3638631,3638631,0,548950
100,3.31E+08,7.26E+06,3638633,3638633,0,558100
100,3.38E+08,7.08E+06,3638665,3638664,0,607350
100,3.38E+08,7.08E+06,3638713,3638714,0,582500
100,3.34E+08,7.31E+06,3638716,3638715,0,566100
100,3.38E+08,7.08E+06,3638833,3638833,0,619250
100,3.38E+08,7.08E+06,3638854,3638854,0,607350
100,3.34E+08,7.26E+06,3638873,3638872,0,567400
100,3.34E+08,7.14E+06,3638942,3638944,0,566100
100,3.38E+08,7.08E+06,3638966,3638962,0,640500
100,3.38E+08,7.08E+06,3639019,3639015,0,619250
100,3.38E+08,7.08E+06,3639174,3639173,0,642650
100,3.37E+08,7.13E+06,3639248,3639249,0,576500
100,3.38E+08,7.08E+06,3639316,3639316,0,613450
100,3.38E+08,7.08E+06,3639356,3639354,0,630200
100,3.38E+08,7.08E+06,3639374,3639375,0,630200
100,3.38E+08,7.08E+06,3639386,3639387,0,630200
100,3.38E+08,7.08E+06,3639427,3639428,0,628550
100,3.38E+08,7.08E+06,3639489,3639489,0,620150
100,3.38E+08,7.08E+06,3639512,3639512,0,618300
100,3.38E+08,7.08E+06,3639540,3639540,0,582500
100,3.38E+08,7.17E+06,3639717,3639718,0,580600
100,3.32E+08,7.08E+06,3639904,3639904,0,559450
100,3.38E+08,7.08E+06,3639943,3639943,0,608100
100,3.30E+08,7.08E+06,3639966,3639966,0,553200
100,3.38E+08,7.08E+06,3640091,3640091,0,617150
100,3.38E+08,7.08E+06,3640133,3640139,0,630200
100,3.38E+08,7.08E+06,3640147,3640146,0,603700
100,3.38E+08,7.08E+06,3640155,3640156,0,613450
100,3.38E+08,7.08E+06,3640262,3640258,0,618300
100,3.38E+08,7.08E+06,3640324,3640324,0,617600
100,3.38E+08,7.08E+06,3640331,3640331,0,630100
100,3.38E+08,7.08E+06,3640375,3640370,0,630200
100,3.38E+08,7.08E+06,3640539,3640539,0,619250
100,3.38E+08,7.08E+06,3640594,3640594,0,621600
100,3.32E+08,7.10E+06,3640678,3640680,0,561950
100,3.38E+08,7.08E+06,3640703,3640703,0,630200
100,3.38E+08,7.08E+06,3640724,3640724,0,608100
100,3.34E+08,7.13E+06,3640807,3640807,0,566100
100,3.38E+08,7.08E+06,3640886,3640886,0,630100
100,3.38E+08,7.08E+06,3641003,3641006,0,630100
100,3.38E+08,7.08E+06,3641040,3641035,0,630100
100,3.30E+08,7.20E+06,3641078,3641080,0,553200
100,3.32E+08,7.13E+06,3641224,3641224,0,562000
100,3.38E+08,7.08E+06,3641263,3641263,0,620950
100,3.38E+08,7.08E+06,3641283,3641280,0,613450
100,3.38E+08,7.08E+06,3641293,3641294,0,623100
100,3.38E+08,7.08E+06,3641349,3641349,0,630200
100,3.37E+08,7.20E+06,3641396,3641396,0,576500
100,3.38E+08,7.20E+06,3641470,3641206,0,580600
100,3.34E+08,7.29E+06,3641511,3641513,0,566100
100,3.38E+08,7.08E+06,3641652,3641653,0,586850
100,3.38E+08,7.27E+06,3641824,3641826,0,582500
100,3.38E+08,7.08E+06,3641855,3641856,0,603700
100,3.38E+08,7.08E+06,3641855,3641856,0,621600
100,3.38E+08,7.08E+06,3641869,3641871,0,608100
100,3.38E+08,7.08E+06,3642030,3642029,0,639100
100,3.38E+08,7.08E+06,3642160,3642160,0,626650
100,3.38E+08,7.08E+06,3642220,3642220,0,618300
100,3.38E+08,7.08E+06,3642230,3642230,0,586850
100,3.38E+08,7.08E+06,3642255,3642252,0,618450
100,3.38E+08,7.08E+06,3642260,3642256,0,617150
100,3.38E+08,7.09E+06,3642301,3642301,0,580600
100,3.31E+08,7.11E+06,3642325,3642325,0,557950
100,3.38E+08,7.08E+06,3642326,3642327,0,613450
100,3.38E+08,7.08E+06,3642340,3642337,0,582500
100,3.38E+08,7.08E+06,3642364,3642364,0,621600
100,3.38E+08,7.08E+06,3642406,3642407,0,586850
100,3.38E+08,7.08E+06,3642531,3642531,0,621600
100,3.38E+08,7.08E+06,3642558,3642558,0,618050
100,3.38E+08,7.08E+06,3642583,3642583,0,607350
100,3.38E+08,7.08E+06,3642697,3642698,0,608100
100,3.38E+08,7.08E+06,3642759,3642757,0,603700
100,3.38E+08,7.08E+06,3642801,3642805,0,580850
100,3.38E+08,7.08E+06,3642822,3642822,0,642650
100,3.38E+08,7.08E+06,3642905,3642905,0,621600
100,3.38E+08,7.08E+06,3642913,3642912,0,610000
100,3.38E+08,7.08E+06,3642917,3642918,0,580600
100,3.38E+08,7.08E+06,3643007,3643007,0,586850
100,3.38E+08,7.08E+06,3643048,3643048,0,630100
100,3.38E+08,7.08E+06,3643103,3643102,0,610000
100,3.38E+08,7.08E+06,3643109,3643107,0,609950
100,3.38E+08,7.08E+06,3643160,3643160,0,630200
100,3.38E+08,7.08E+06,3643170,3643171,0,608100
100,3.38E+08,7.08E+06,3643220,3643220,0,628550
100,3.38E+08,7.08E+06,3643263,3643264,0,628550
100,3.38E+08,7.08E+06,3643405,3643405,0,586850
100,3.18E+08,7.45E+06,3643460,3643458,0,526250
100,3.38E+08,7.08E+06,3643534,3643535,0,626650
100,3.38E+08,7.08E+06,3643537,3643535,0,623000
100,3.38E+08,7.08E+06,3643545,3643545,0,618300
100,3.38E+08,7.08E+06,3643573,3643572,0,586850
100,3.38E+08,7.08E+06,3643591,3643592,0,608500
100,3.38E+08,7.08E+06,3643672,3643672,0,618450
100,3.38E+08,7.11E+06,3643680,3643677,0,580400
100,3.38E+08,7.08E+06,3643682,3643682,0,586850
100,3.38E+08,7.08E+06,3643693,3643693,0,623100
100,3.38E+08,7.08E+06,3643767,3643767,0,608100
100,3.38E+08,7.08E+06,3643784,3643784,0,630100
100,3.38E+08,7.08E+06,3643983,3643986,0,626650
100,3.38E+08,7.08E+06,3644043,3644044,0,630200
100,3.38E+08,7.08E+06,3644082,3644082,0,630100
100,3.38E+08,7.08E+06,3644386,3644386,0,623100
100,3.38E+08,7.08E+06,3644442,3644444,0,586850
100,3.38E+08,7.08E+06,3644460,3644460,0,607350
100,3.38E+08,7.08E+06,3644473,3644473,0,586850
100,3.34E+08,7.06E+06,3644685,3644685,0,566100
100,3.38E+08,7.08E+06,3644757,3644757,0,617150
100,3.38E+08,7.08E+06,3644824,3644823,0,630100
100,3.38E+08,7.10E+06,3644847,3644847,0,580600
100,3.38E+08,7.08E+06,3644859,3644855,0,620950
100,3.30E+08,7.16E+06,3644885,3644885,0,553200
100,3.34E+08,7.35E+06,3644905,3644903,0,566100
100,3.38E+08,7.08E+06,3645183,3645183,0,610900
100,3.38E+08,7.08E+06,3645214,3645214,0,630200
100,3.38E+08,7.08E+06,3645225,3645227,0,630200
100,3.38E+08,7.08E+06,3645238,3645239,0,644850
100,3.38E+08,7.08E+06,3645300,3645299,0,630200
100,3.38E+08,7.08E+06,3645386,3645383,0,621600
100,3.30E+08,7.14E+06,3645388,3645383,0,553200
100,3.38E+08,7.08E+06,3645399,3645399,0,618300
100,3.38E+08,7.08E+06,3645445,3645446,0,626650
100,3.38E+08,7.08E+06,3645474,3645474,0,626650
100,3.38E+08,7.08E+06,3645558,3645558,0,586850
100,3.29E+08,7.06E+06,3645561,3645557,0,551700
100,3.38E+08,7.08E+06,3645645,3645647,0,617150
100,3.38E+08,7.08E+06,3645669,3645670,0,586850
100,3.38E+08,7.08E+06,3645728,3645722,0,630200
100,3.38E+08,7.08E+06,3645775,3645773,0,630100
100,3.38E+08,7.08E+06,3645841,3645841,0,621850
100,3.38E+08,7.08E+06,3645855,3645855,0,630200
100,3.38E+08,7.08E+06,3646019,3646020,0,628550
100,3.38E+08,7.08E+06,3646028,3646025,0,617150
100,3.38E+08,7.08E+06,3646191,3646191,0,617950
100,3.38E+08,7.08E+06,3646230,3646228,0,639100
100,3.38E+08,7.08E+06,3646270,3646268,0,630100
100,3.38E+08,7.08E+06,3646275,3646277,0,630100
100,3.38E+08,7.08E+06,3646321,3646319,0,620150
100,3.38E+08,7.18E+06,3646345,3646345,0,580600
100,3.38E+08,7.08E+06,3646370,3646373,0,618450
100,3.38E+08,7.08E+06,3646403,3646404,0,630200
100,3.38E+08,7.08E+06,3646445,3646444,0,607350
100,3.38E+08,7.08E+06,3646523,3646523,0,617950
100,3.38E+08,7.08E+06,3646536,3646536,0,630200
100,3.38E+08,7.08E+06,3646646,3646646,0,618050
100,3.38E+08,7.08E+06,3646739,3646739,0,610000
100,3.38E+08,7.08E+06,3646865,3646865,0,642650
100,3.38E+08,7.08E+06,3646915,3646914,0,621600
100,3.38E+08,7.08E+06,3647002,3647002,0,586850
100,3.38E+08,7.08E+06,3647018,3647014,0,586850
100,3.38E+08,7.08E+06,3647033,3647033,0,619250
100,3.38E+08,7.08E+06,3647044,3647044,0,586850
100,3.38E+08,7.08E+06,3647097,3647098,0,630100
100,3.38E+08,7.08E+06,3647114,3647113,0,630100
100,3.34E+08,7.15E+06,3647159,3647160,0,566100
100,3.28E+08,7.16E+06,3647190,3647190,0,549100
100,3.38E+08,7.08E+06,3647237,3647234,0,617150
100,3.38E+08,7.08E+06,3647270,3647275,0,607350
100,3.38E+08,7.08E+06,3647436,3647435,0,644850
100,3.38E+08,7.08E+06,3647590,3647589,0,586850
100,3.38E+08,7.08E+06,3647597,3647595,0,626650
100,3.38E+08,7.08E+06,3647653,3647655,0,621600
100,3.38E+08,7.08E+06,3647657,3647658,0,608500
100,3.38E+08,7.08E+06,3647734,3647735,0,617950
100,3.38E+08,7.08E+06,3647751,3647751,0,630100
100,3.38E+08,7.08E+06,3647836,3647837,0,621600
100,3.38E+08,7.08E+06,3647871,3647872,0,618300
100,3.38E+08,7.08E+06,3648000,3647998,0,640900
100,3.38E+08,7.08E+06,3648010,3648010,0,620950
100,3.38E+08,7.08E+06,3648034,3648032,0,610850
100,3.38E+08,7.08E+06,3648035,3648033,0,610950
100,3.38E+08,7.08E+06,3648077,3648077,0,618300
100,3.38E+08,7.08E+06,3648189,3648191,0,613450
100,3.38E+08,7.08E+06,3648231,3648229,0,642650
100,3.38E+08,7.08E+06,3648259,3648260,0,618300
100,3.38E+08,7.08E+06,3648263,3648263,0,586850
100,3.38E+08,7.08E+06,3648296,3648296,0,621600
100,3.38E+08,7.08E+06,3648353,3648356,0,630200
100,3.38E+08,7.08E+06,3648387,3648387,0,618300
100,3.38E+08,7.08E+06,3648387,3648388,0,642650
100,3.34E+08,7.32E+06,3648498,3648498,0,567400
100,3.38E+08,7.07E+06,3648565,3648565,0,580600
100,3.38E+08,7.08E+06,3648735,3648734,0,619250
100,3.38E+08,7.08E+06,3648845,3648846,0,616850
100,3.38E+08,7.08E+06,3649073,3649067,0,630100
100,3.38E+08,7.08E+06,3649089,3649088,0,630200
100,3.38E+08,7.08E+06,3649326,3649324,0,609950
100,3.38E+08,7.08E+06,3649351,3649351,0,628550
100,3.38E+08,7.08E+06,3649475,3649473,0,613450
100,3.28E+08,7.23E+06,3649478,3649477,0,549100
100,3.34E+08,7.10E+06,3649503,3649502,0,566100
100,3.38E+08,7.08E+06,3649523,3649526,0,586850
100,3.38E+08,7.08E+06,3649568,3649565,0,610000
100,3.38E+08,7.08E+06,3649607,3649607,0,610850
100,3.38E+08,7.08E+06,3649616,3649617,0,623100
100,3.38E+08,7.08E+06,3649681,3649679,0,580600
100,3.38E+08,7.08E+06,3649744,3649744,0,586850
100,3.38E+08,7.08E+06,3649770,3649769,0,639100
100,3.38E+08,7.08E+06,3649847,3649848,0,610000
100,3.38E+08,7.08E+06,3649975,3649975,0,610000
100,3.38E+08,7.08E+06,3650059,3650057,0,630200
100,3.38E+08,7.08E+06,3650074,3650074,0,640500
100,3.38E+08,7.08E+06,3650081,3650081,0,617150
100,3.38E+08,7.08E+06,3650238,3650233,0,621600
100,3.38E+08,7.08E+06,3650282,3650283,0,613450
100,3.34E+08,7.06E+06,3650333,3650333,0,566100
100,3.38E+08,7.08E+06,3650699,3650699,0,586850
100,3.38E+08,7.08E+06,3650740,3650740,0,630100
100,3.38E+08,7.08E+06,3650775,3650775,0,619250
100,3.38E+08,7.08E+06,3650794,3650794,0,639100
100,3.34E+08,7.19E+06,3650937,3650936,0,566100
100,3.31E+08,7.15E+06,3651032,3651032,0,557950
100,3.38E+08,7.08E+06,3651148,3651148,0,630200
100,3.38E+08,7.08E+06,3651299,3651300,0,586850
100,3.38E+08,7.08E+06,3651352,3651351,0,613450
100,3.38E+08,7.08E+06,3651363,3651364,0,630200
100,3.18E+08,7.16E+06,3651373,3651380,0,527200
100,3.38E+08,7.08E+06,3651393,3651393,0,586850
100,3.34E+08,7.20E+06,3651415,3651418,0,566100
100,3.34E+08,7.14E+06,3651491,3651492,0,566100
100,3.34E+08,7.20E+06,3651557,3651554,0,566100
100,3.38E+08,7.08E+06,3651753,3651753,0,630100
100,3.34E+08,7.30E+06,3651817,3651821,0,566100
100,3.38E+08,7.08E+06,3651882,3651882,0,610000
100,3.38E+08,7.08E+06,3651973,3651972,0,619250
100,3.38E+08,7.08E+06,3652114,3652114,0,630200
100,3.38E+08,7.08E+06,3652176,3652176,0,586850
100,3.38E+08,7.08E+06,3652258,3652257,0,642650
100,3.38E+08,7.08E+06,3652265,3652265,0,630200
100,3.38E+08,7.08E+06,3652312,3652313,0,621600
100,3.38E+08,7.08E+06,3652386,3652387,0,642650
100,3.38E+08,7.08E+06,3652387,3652387,0,618450
100,3.29E+08,7.23E+06,3652429,3652429,0,551700
100,3.38E+08,7.08E+06,3652531,3652530,0,630200
100,3.38E+08,7.08E+06,3652599,3652599,0,610000
100,3.38E+08,7.08E+06,3652660,3652660,0,610850
100,3.38E+08,7.08E+06,3652796,3652797,0,642650
100,3.34E+08,7.30E+06,3652801,3652801,0,566100
100,3.38E+08,7.08E+06,3652813,3652812,0,630100
100,3.38E+08,7.08E+06,3652828,3652831,0,638150
100,3.38E+08,7.08E+06,3652845,3652847,0,623100
100,3.34E+08,7.07E+06,3652855,3652852,0,566100
100,3.38E+08,7.08E+06,3652889,3652889,0,630200
100,3.38E+08,7.08E+06,3652963,3652964,0,623000
100,3.38E+08,7.08E+06,3652993,3652993,0,638900
100,3.38E+08,7.08E+06,3653059,3653059,0,610950
100,3.38E+08,7.08E+06,3653143,3653143,0,640500
100,3.38E+08,7.08E+06,3653340,3653340,0,610000
100,3.38E+08,7.08E+06,3653414,3653411,0,607350
100,3.29E+08,7.10E+06,3653452,3653452,0,551050
100,3.38E+08,7.08E+06,3653501,3653501,0,619250
100,3.38E+08,7.08E+06,3653548,3653545,0,623100
100,3.38E+08,7.08E+06,3653561,3653563,0,630200
100,3.38E+08,7.08E+06,3653697,3653697,0,621600
100,3.38E+08,7.08E+06,3653754,3653758,0,630200
100,3.38E+08,7.08E+06,3653854,3653855,0,610850
100,3.38E+08,7.08E+06,3653879,3653878,0,630100
100,3.38E+08,7.08E+06,3653908,3653908,0,617150
100,3.38E+08,7.08E+06,3654032,3654031,0,586850
100,3.34E+08,7.23E+06,3654050,3654051,0,567400
100,3.38E+08,7.08E+06,3654160,3654160,0,621600
100,3.38E+08,7.08E+06,3654187,3654184,0,607350
100,3.38E+08,7.08E+06,3654277,3654276,0,630200
100,3.38E+08,7.08E+06,3654296,3654295,0,618300
100,3.28E+08,7.13E+06,3654378,3654376,0,548000
100,3.38E+08,7.08E+06,3654469,3654472,0,642650
100,3.38E+08,7.08E+06,3654484,3654482,0,617950
100,3.38E+08,7.08E+06,3654777,3654777,0,619250
100,3.30E+08,7.12E+06,3654874,3654873,0,553200
100,3.38E+08,7.08E+06,3654893,3654890,0,586850
100,3.38E+08,7.08E+06,3654913,3654914,0,621850
100,3.38E+08,7.08E+06,3654937,3654939,0,582500
100,3.38E+08,7.08E+06,3654997,3654997,0,630200
100,3.38E+08,7.08E+06,3655109,3655108,0,626650
100,3.38E+08,7.08E+06,3655138,3655136,0,582500
100,3.38E+08,7.08E+06,3655175,3655176,0,639100
100,3.38E+08,7.08E+06,3655321,3655316,0,586850
100,3.38E+08,7.08E+06,3655336,3655336,0,630200
100,3.34E+08,7.12E+06,3655475,3655474,0,566100
100,3.38E+08,7.08E+06,3655481,3655482,0,617950
100,3.38E+08,7.08E+06,3655524,3655525,0,621600
100,3.38E+08,7.08E+06,3655563,3655562,0,630100
100,3.34E+08,7.06E+06,3655592,3655590,0,566150
100,3.38E+08,7.08E+06,3655607,3655609,0,616850
100,3.38E+08,7.08E+06,3655627,3655629,0,628550
100,3.38E+08,7.08E+06,3655667,3655667,0,623100
100,3.32E+08,7.10E+06,3655668,3655668,0,559450
100,3.38E+08,7.08E+06,3655683,3655683,0,630200
100,3.38E+08,7.08E+06,3655791,3655790,0,586850
100,3.38E+08,7.08E+06,3655857,3655856,0,616850
100,3.38E+08,7.08E+06,3655862,3655862,0,617150
100,3.34E+08,7.13E+06,3655868,3655868,0,566100
100,3.38E+08,7.08E+06,3655895,3655890,0,630200
100,3.38E+08,7.08E+06,3655923,3655916,0,586850
100,3.38E+08,7.08E+06,3656042,3656041,0,610000
100,3.38E+08,7.08E+06,3656311,3656311,0,623100
100,3.38E+08,7.08E+06,3656392,3656384,0,586850
100,3.28E+08,7.25E+06,3656487,3656487,0,549100
100,3.38E+08,7.08E+06,3656495,3656495,0,619250
100,3.28E+08,7.22E+06,3656504,3656504,0,549100
100,3.38E+08,7.08E+06,3656615,3656611,0,586850
100,3.30E+08,7.31E+06,3656673,3656674,0,553200
100,3.38E+08,7.08E+06,3656679,3656678,0,628550
100,3.38E+08,7.08E+06,3656798,3656798,0,630200
100,3.38E+08,7.08E+06,3657228,3657228,0,617150
100,3.38E+08,7.08E+06,3657325,3657325,0,621600
100,3.38E+08,7.35E+06,3657345,3657345,0,580400
100,3.38E+08,7.08E+06,3657593,3657594,0,586850
100,3.38E+08,7.08E+06,3657631,3657630,0,618450
100,3.38E+08,7.08E+06,3657692,3657693,0,642650
100,3.38E+08,7.08E+06,3657932,3657932,0,617950
100,3.38E+08,7.08E+06,3657951,3657948,0,610900
100,3.38E+08,7.08E+06,3658042,3658042,0,586850
100,3.38E+08,7.08E+06,3658074,3658074,0,616850
100,3.38E+08,7.08E+06,3658084,3658086,0,613450
100,3.31E+08,7.07E+06,3658209,3658209,0,558100
100,3.38E+08,7.08E+06,3658236,3658236,0,617950
100,3.38E+08,7.08E+06,3658262,3658261,0,608650
100,3.38E+08,7.08E+06,3658312,3658313,0,610950
100,3.38E+08,7.08E+06,3658314,3658314,0,630100
100,3.38E+08,7.08E+06,3658549,3658546,0,618300
100,3.34E+08,7.06E+06,3658564,3658566,0,566100
100,3.38E+08,7.08E+06,3658684,3658684,0,623000
100,3.38E+08,7.08E+06,3658844,3658844,0,608100
100,3.38E+08,7.08E+06,3658998,3658999,0,609950
100,3.34E+08,7.11E+06,3659014,3659014,0,566100
100,3.38E+08,7.08E+06,3659227,3659227,0,613450
100,3.38E+08,7.08E+06,3659260,3659259,0,610000
100,3.38E+08,7.08E+06,3659282,3659282,0,608300
100,3.38E+08,7.08E+06,3659498,3659498,0,630100
100,3.38E+08,7.08E+06,3659522,3659519,0,594100
100,3.38E+08,7.08E+06,3659585,3659579,0,618050
100,3.38E+08,7.08E+06,3659589,3659589,0,586850
100,3.34E+08,7.08E+06,3659679,3659681,0,566100
100,3.38E+08,7.08E+06,3659769,3659767,0,617150
100,3.28E+08,7.15E+06,3659832,3659832,0,548000
100,3.38E+08,7.08E+06,3659937,3659937,0,586850
100,3.38E+08,7.08E+06,3660088,3660088,0,619250
100,3.38E+08,7.08E+06,3660138,3660139,0,613450
100,3.38E+08,7.08E+06,3660328,3660328,0,626650
100,3.38E+08,7.08E+06,3660407,3660407,0,618300
100,3.38E+08,7.08E+06,3660410,3660410,0,623100
100,3.38E+08,7.08E+06,3660573,3660573,0,610950
100,3.31E+08,7.11E+06,3660622,3660623,0,558100
100,3.38E+08,7.08E+06,3660702,3660702,0,639100
100,3.38E+08,7.08E+06,3660914,3660914,0,603700
100,3.38E+08,7.08E+06,3661003,3661003,0,586850
100,3.34E+08,7.10E+06,3661085,3661088,0,566100
100,3.38E+08,7.08E+06,3661124,3661124,0,603700
100,3.38E+08,7.08E+06,3661138,3661139,0,639100
100,3.38E+08,7.08E+06,3661220,3661214,0,642650
100,3.38E+08,7.08E+06,3661367,3661367,0,638900
100,3.38E+08,7.08E+06,3661445,3661443,0,610000
100,3.38E+08,7.08E+06,3661520,3661520,0,607350
100,3.38E+08,7.08E+06,3661835,3661831,0,618300
100,3.38E+08,7.08E+06,3661843,3661843,0,610950
100,3.38E+08,7.08E+06,3662080,3662079,0,610950
100,3.34E+08,7.10E+06,3662126,3662125,0,566100
100,3.38E+08,7.08E+06,3662166,3662166,0,610850
100,3.38E+08,7.08E+06,3662173,3662172,0,621600
100,3.38E+08,7.08E+06,3662265,3662266,0,600300
100,3.38E+08,7.08E+06,3662306,3662306,0,618050
100,3.38E+08,7.08E+06,3662374,3662370,0,621600
100,3.38E+08,7.08E+06,3662422,3662422,0,621700
100,3.38E+08,7.08E+06,3662492,3662494,0,610000
100,3.38E+08,7.08E+06,3662543,3662543,0,621600
100,3.38E+08,7.08E+06,3662615,3662615,0,623100
100,3.38E+08,7.08E+06,3662629,3662631,0,620950
100,3.38E+08,7.08E+06,3662697,3662697,0,608500
100,3.38E+08,7.08E+06,3662901,3662901,0,642650
100,3.38E+08,7.08E+06,3662918,3662913,0,644850
100,3.38E+08,7.08E+06,3663064,3663064,0,623100
100,3.38E+08,7.08E+06,3663083,3663083,0,586850
100,3.38E+08,7.08E+06,3663191,3663188,0,617950
100,3.38E+08,7.08E+06,3663209,3663209,0,630100
100,3.28E+08,7.15E+06,3663297,3663298,0,549100
100,3.38E+08,7.08E+06,3663374,3663374,0,630200
100,3.38E+08,7.08E+06,3663529,3663529,0,610000
100,3.38E+08,7.08E+06,3663802,3663801,0,621600
100,3.38E+08,7.08E+06,3663870,3663867,0,594100
100,3.38E+08,7.08E+06,3664051,3664051,0,630200
100,3.38E+08,7.08E+06,3664178,3664180,0,617950
100,3.38E+08,7.08E+06,3664235,3664234,0,594100
100,3.38E+08,7.08E+06,3664255,3664255,0,621600
100,3.38E+08,7.08E+06,3664447,3664448,0,623100
100,3.38E+08,7.08E+06,3664904,3664904,0,639100
100,3.38E+08,7.08E+06,3664939,3664939,0,639100
100,3.38E+08,7.08E+06,3665076,3665075,0,618050
100,3.38E+08,7.08E+06,3665087,3665090,0,586850
100,3.38E+08,7.08E+06,3665154,3665154,0,586850
100,3.38E+08,7.08E+06,3665398,3665397,0,630200
100,3.38E+08,7.08E+06,3665542,3665538,0,586850
100,3.38E+08,7.08E+06,3665579,3665580,0,617150
100,3.38E+08,7.08E+06,3665996,3665997,0,630100
100,3.38E+08,7.08E+06,3666102,3666102,0,619250
100,3.38E+08,7.08E+06,3666132,3666132,0,610000
100,3.38E+08,7.08E+06,3666318,3666318,0,618450
100,3.38E+08,7.08E+06,3666418,3666418,0,630100
100,3.34E+08,7.14E+06,3666485,3666485,0,566100
100,3.38E+08,7.08E+06,3666491,3666491,0,618450
100,3.38E+08,7.08E+06,3666651,3666652,0,586850
100,3.38E+08,7.08E+06,3666806,3666806,0,642650
100,3.38E+08,7.08E+06,3666929,3666929,0,610850
100,3.38E+08,7.08E+06,3667181,3667182,0,616850
100,3.38E+08,7.08E+06,3667296,3667295,0,586850
100,3.38E+08,7.08E+06,3667419,3667420,0,630100
100,3.38E+08,7.14E+06,3667472,3667473,0,580600
100,3.38E+08,7.08E+06,3667486,3667486,0,620950
100,3.38E+08,7.08E+06,3667500,3667498,0,610000
100,3.38E+08,7.08E+06,3667656,3667656,0,586850
100,3.38E+08,7.08E+06,3667672,3667672,0,586850
100,3.38E+08,7.08E+06,3667702,3667700,0,644850
100,3.38E+08,7.08E+06,3667770,3667770,0,642650
100,3.38E+08,7.08E+06,3667796,3667794,0,617950
100,3.38E+08,7.08E+06,3667967,3667970,0,613450
100,3.38E+08,7.08E+06,3668009,3668009,0,623100
100,3.38E+08,7.08E+06,3668027,3668029,0,623100
100,3.38E+08,7.08E+06,3668311,3668309,0,626650
100,3.38E+08,7.08E+06,3668614,3668614,0,582500
100,3.38E+08,7.08E+06,3668768,3668767,0,639100
100,3.38E+08,7.08E+06,3668769,3668767,0,630100
100,3.38E+08,7.08E+06,3668806,3668811,0,586850
100,3.38E+08,7.08E+06,3669187,3669188,0,639100
100,3.38E+08,7.08E+06,3669195,3669195,0,618300
100,3.31E+08,7.10E+06,3669204,3669201,0,558100
100,3.38E+08,7.07E+06,3669404,3669406,0,580600
100,3.38E+08,7.08E+06,3669431,3669433,0,586850
100,3.38E+08,7.08E+06,3669444,3669446,0,621600
100,3.38E+08,7.06E+06,3669672,3669668,0,580550
100,3.38E+08,7.08E+06,3669733,3669733,0,618300
100,3.38E+08,7.08E+06,3669913,3669913,0,618300
100,3.30E+08,7.22E+06,3669972,3669972,0,553200
100,3.38E+08,7.08E+06,3670004,3670005,0,618300
100,3.38E+08,7.08E+06,3670412,3670414,0,630200
100,3.34E+08,7.15E+06,3670961,3670960,0,567400
100,3.38E+08,7.08E+06,3671052,3671052,0,608500
100,3.38E+08,7.08E+06,3671249,3671251,0,617950
100,3.38E+08,7.08E+06,3671376,3671374,0,617150
100,3.38E+08,7.08E+06,3671429,3671428,0,630200
100,3.38E+08,7.08E+06,3671625,3671622,0,586850
100,3.38E+08,7.08E+06,3671789,3671789,0,644850
100,3.38E+08,7.06E+06,3672243,3672243,0,580600
100,3.32E+08,7.32E+06,3672518,3672519,0,562000
100,3.28E+08,7.20E+06,3672532,3672532,0,549100
100,3.38E+08,7.08E+06,3672605,3672605,0,603700
100,3.28E+08,7.07E+06,3672694,3672694,0,549100
100,3.38E+08,7.08E+06,3672858,3672858,0,623100
100,3.38E+08,7.08E+06,3673243,3673242,0,618300
100,3.32E+08,7.13E+06,3673277,3673278,0,561950
100,3.38E+08,7.08E+06,3673318,3673317,0,586850
100,3.38E+08,7.08E+06,3673460,3673460,0,642650
100,3.38E+08,7.08E+06,3673670,3673669,0,610000
100,3.38E+08,7.08E+06,3673768,3673770,0,618300
100,3.38E+08,7.08E+06,3673791,3673791,0,610000
100,3.29E+08,7.34E+06,3673950,3673951,0,551050
100,3.34E+08,7.08E+06,3674008,3674007,0,566100
100,3.38E+08,7.08E+06,3674063,3674060,0,621600
100,3.38E+08,7.08E+06,3674134,3674137,0,618300
100,3.38E+08,7.08E+06,3674181,3674177,0,610950
100,3.38E+08,7.08E+06,3674242,3674242,0,618300
100,3.38E+08,7.11E+06,3674260,3674261,0,580600
100,3.28E+08,7.23E+06,3674343,3674341,0,549100
100,3.38E+08,7.08E+06,3674451,3674454,0,630200
100,3.38E+08,7.08E+06,3674534,3674530,0,586850
100,3.38E+08,7.08E+06,3674897,3674897,0,610000
100,3.38E+08,7.08E+06,3675091,3675090,0,617950
100,3.38E+08,7.08E+06,3675594,3675591,0,619250
100,3.38E+08,7.08E+06,3675607,3675608,0,603700
100,3.38E+08,7.08E+06,3675624,3675621,0,617950
100,3.38E+08,7.08E+06,3675634,3675633,0,609950
100,3.38E+08,7.08E+06,3675758,3675758,0,586850
100,3.38E+08,7.08E+06,3675909,3675909,0,630100
100,3.38E+08,7.08E+06,3676283,3676283,0,618300
100,3.38E+08,7.08E+06,3676331,3676329,0,586850
100,3.38E+08,7.08E+06,3676896,3676896,0,618300
100,3.38E+08,7.08E+06,3677064,3677064,0,630100
100,3.38E+08,7.08E+06,3677101,3677102,0,594100
100,3.38E+08,7.08E+06,3677105,3677103,0,617150
100,3.38E+08,7.08E+06,3677163,3677162,0,594100
100,3.38E+08,7.08E+06,3677377,3677375,0,617950
100,3.32E+08,7.12E+06,3677457,3677457,0,559850
100,3.34E+08,7.12E+06,3677623,3677623,0,566100
100,3.38E+08,7.08E+06,3677704,3677704,0,618450
100,3.38E+08,7.08E+06,3677797,3677793,0,642650
100,3.35E+08,7.15E+06,3678079,3678080,0,568700
100,3.38E+08,7.08E+06,3678206,3678206,0,623100
100,3.38E+08,7.08E+06,3678345,3678345,0,586850
100,3.38E+08,7.08E+06,3678351,3678351,0,630100
100,3.32E+08,7.16E+06,3678370,3678366,0,562000
100,3.28E+08,7.25E+06,3678718,3678718,0,549100
100,3.38E+08,7.08E+06,3678862,3678863,0,616850
100,3.31E+08,7.76E+06,3678961,3678960,0,557950
100,3.38E+08,7.08E+06,3678968,3678972,0,630100
100,3.34E+08,7.06E+06,3678993,3678990,0,566100
100,3.38E+08,7.08E+06,3679263,3679264,0,627000
100,3.38E+08,7.08E+06,3679338,3679339,0,630100
100,3.34E+08,7.47E+06,3679372,3679373,0,566100
100,3.38E+08,7.08E+06,3679562,3679563,0,617950
100,3.38E+08,7.08E+06,3679562,3679559,0,640500
100,3.38E+08,7.08E+06,3679599,3679601,0,610000
100,3.38E+08,7.08E+06,3679609,3679609,0,607350
100,3.38E+08,7.11E+06,3680548,3680551,0,580600
100,3.34E+08,7.10E+06,3680658,3680658,0,566100
100,3.38E+08,7.08E+06,3680765,3680763,0,626650
100,3.38E+08,7.08E+06,3681063,3681061,0,621600
100,3.38E+08,7.08E+06,3681138,3681138,0,630200
100,3.38E+08,7.08E+06,3681202,3681201,0,594100
100,3.38E+08,7.08E+06,3681211,3681210,0,638900
100,3.38E+08,7.08E+06,3681757,3681758,0,621600
100,3.34E+08,7.24E+06,3681781,3681781,0,567400
100,3.38E+08,7.08E+06,3681817,3681817,0,617150
100,3.38E+08,7.08E+06,3681874,3681873,0,639100
100,3.38E+08,7.08E+06,3682296,3682296,0,626650
100,3.38E+08,7.08E+06,3682854,3682853,0,617150
100,3.38E+08,7.08E+06,3683365,3683365,0,594100
100,3.38E+08,7.08E+06,3683429,3683429,0,618300
100,3.38E+08,7.08E+06,3683595,3683595,0,613450
100,3.38E+08,7.08E+06,3683812,3683810,0,618300
100,3.38E+08,7.08E+06,3683880,3683882,0,617950
100,3.34E+08,7.19E+06,3683908,3683908,0,566100
100,3.38E+08,7.08E+06,3684128,3684127,0,621600
100,3.38E+08,7.08E+06,3684544,3684547,0,638900
100,3.38E+08,7.08E+06,3684650,3684648,0,623100
100,3.38E+08,7.08E+06,3684722,3684722,0,586850
100,3.34E+08,7.16E+06,3684747,3684752,0,566100
100,3.38E+08,7.08E+06,3685359,3685358,0,639100
100,3.38E+08,7.08E+06,3685443,3685442,0,617950
100,3.38E+08,7.08E+06,3685496,3685499,0,586850
100,3.38E+08,7.08E+06,3685524,3685520,0,618300
100,3.34E+08,7.13E+06,3685840,3685840,0,567400
100,3.38E+08,7.08E+06,3685925,3685926,0,586850
100,3.38E+08,7.08E+06,3686209,3686209,0,623100
100,3.38E+08,7.08E+06,3686428,3686428,0,608900
100,2.96E+08,7.37E+06,3686665,3686665,0,456400
100,3.30E+08,7.08E+06,3687389,3687387,0,553200
100,3.38E+08,7.19E+06,3687556,3687556,0,580600
100,3.38E+08,7.08E+06,3687640,3687641,0,586850
100,3.38E+08,7.08E+06,3687889,3687887,0,617150
100,3.28E+08,7.13E+06,3688154,3688154,0,549100
100,3.38E+08,7.08E+06,3688282,3688284,0,621600
100,3.38E+08,7.08E+06,3688314,3688315,0,613450
100,3.38E+08,7.08E+06,3688346,3688348,0,603700
100,3.38E+08,7.34E+06,3688458,3688458,0,580600
100,3.38E+08,7.08E+06,3688466,3688464,0,639100
100,3.38E+08,7.08E+06,3688489,3688490,0,630200
100,3.38E+08,7.08E+06,3688732,3688732,0,616500
100,3.38E+08,7.08E+06,3689138,3689137,0,626650
100,3.38E+08,7.08E+06,3689488,3689487,0,630200
100,3.38E+08,7.08E+06,3689494,3689494,0,616850
100,3.38E+08,7.08E+06,3689519,3689517,0,621600
100,3.38E+08,7.22E+06,3689539,3689540,0,580850
100,3.38E+08,7.08E+06,3689674,3689675,0,582500
100,3.38E+08,7.08E+06,3689727,3689727,0,586850
100,3.38E+08,7.08E+06,3689808,3689805,0,586850
100,3.38E+08,7.08E+06,3690335,3690335,0,630100
100,3.38E+08,7.08E+06,3690498,3690498,0,610900
100,3.38E+08,7.08E+06,3690777,3690777,0,626650
100,3.38E+08,7.08E+06,3690879,3690881,0,618300
100,3.38E+08,7.08E+06,3691077,3691077,0,639100
100,3.38E+08,7.08E+06,3691081,3691081,0,639100
100,3.38E+08,7.08E+06,3691167,3691167,0,610850
100,3.38E+08,7.08E+06,3691321,3691323,0,618300
100,3.38E+08,7.08E+06,3691908,3691907,0,582500
100,3.38E+08,7.08E+06,3692124,3692122,0,618300
100,3.38E+08,7.08E+06,3692170,3692170,0,621600
100,3.32E+08,7.07E+06,3692278,3692277,0,559450
100,3.38E+08,7.08E+06,3692337,3692337,0,621600
100,3.38E+08,7.08E+06,3693079,3693079,0,620150
100,3.28E+08,7.33E+06,3693263,3693258,0,549100
100,3.38E+08,7.08E+06,3693479,3693474,0,630100
100,3.38E+08,7.08E+06,3693670,3693670,0,630100
100,3.38E+08,7.08E+06,3693761,3693760,0,630100
100,3.38E+08,7.08E+06,3693938,3693937,0,616850
100,3.38E+08,7.08E+06,3693945,3693944,0,613450
100,3.38E+08,7.08E+06,3694472,3694472,0,619250
100,3.38E+08,7.08E+06,3694940,3694942,0,586850
100,3.38E+08,7.08E+06,3694962,3694960,0,618300
100,3.38E+08,7.08E+06,3695393,3695395,0,618450
100,3.38E+08,7.08E+06,3695562,3692059,0,623100
100,3.34E+08,7.85E+06,3695753,3695752,0,566100
100,3.38E+08,7.08E+06,3695926,3695926,0,617150
100,3.38E+08,7.08E+06,3696078,3696079,0,586850
100,3.38E+08,7.08E+06,3696149,3696150,0,639100
100,3.38E+08,7.08E+06,3696799,3696799,0,638900
100,3.38E+08,7.08E+06,3697407,3697407,0,640900
100,3.32E+08,7.09E+06,3697455,3697453,0,559450
100,3.38E+08,7.08E+06,3697656,3697656,0,618300
100,3.32E+08,7.07E+06,3697747,3697746,0,559450
100,3.38E+08,7.08E+06,3697749,3697749,0,608100
100,3.38E+08,7.08E+06,3697845,3697845,0,630100
100,3.38E+08,7.08E+06,3698613,3698612,0,586850
100,3.31E+08,7.38E+06,3699561,3699561,0,557950
100,3.38E+08,7.18E+06,3699958,3699957,0,580850
100,3.38E+08,7.08E+06,3700036,3700036,0,622700
100,3.38E+08,7.08E+06,3700164,3700167,0,616850
100,3.38E+08,7.08E+06,3700780,3700780,0,610950
100,3.38E+08,7.08E+06,3700814,3700815,0,610000
100,3.38E+08,7.08E+06,3701148,3701148,0,630200
100,3.27E+08,7.08E+06,3701370,3701370,0,545550
100,3.38E+08,7.08E+06,3702479,3702479,0,586850
100,3.38E+08,7.08E+06,3703316,3703315,0,582500
100,3.38E+08,7.08E+06,3703777,3703782,0,618300
100,3.38E+08,7.08E+06,3704159,3704158,0,594100
100,3.38E+08,7.08E+06,3704456,3704455,0,617150
100,3.38E+08,7.08E+06,3706241,3706242,0,640500
100,3.38E+08,7.08E+06,3706881,3706881,0,621600
100,3.38E+08,7.08E+06,3706940,3706938,0,617150
100,3.34E+08,7.25E+06,3707181,3707183,0,566100
100,2.97E+08,7.44E+06,3707400,3707399,0,460600
100,3.38E+08,7.08E+06,3707940,3707941,0,586150
100,3.38E+08,7.08E+06,3708933,3708935,0,630100
100,3.38E+08,7.08E+06,3709472,3709472,0,640500
100,3.38E+08,7.08E+06,3709915,3709915,0,610000
100,3.28E+08,7.17E+06,3710023,3710027,0,549100
100,3.38E+08,7.08E+06,3710313,3710313,0,630200
100,3.34E+08,7.06E+06,3710499,3710499,0,566100
100,3.38E+08,7.08E+06,3711341,3711341,0,610950
100,3.38E+08,7.08E+06,3711545,3711542,0,621600
100,3.38E+08,7.08E+06,3712064,3712063,0,626650
100,3.38E+08,7.08E+06,3712077,3712077,0,639100
100,3.38E+08,7.08E+06,3712310,3712309,0,630200
100,3.34E+08,7.06E+06,3712535,3712535,0,566100
100,3.38E+08,7.08E+06,3712949,3712946,0,630100
100,3.38E+08,7.15E+06,3714536,3714537,0,580600
100,3.38E+08,7.08E+06,3715655,3715654,0,630200
100,3.38E+08,7.08E+06,3716102,3716103,0,606400
100,3.32E+08,7.09E+06,3717616,3717616,0,559450
100,3.38E+08,7.08E+06,3718654,3718656,0,616850
100,3.38E+08,7.08E+06,3720335,3720333,0,630200
100,3.38E+08,7.08E+06,3721561,3721561,0,617150
100,3.38E+08,7.08E+06,3722194,3722192,0,617150
100,3.31E+08,7.11E+06,3722406,3722406,0,558100
100,3.38E+08,7.08E+06,3723313,3723313,0,630200
100,3.38E+08,7.08E+06,3723562,3723561,0,626650
100,3.34E+08,7.07E+06,3723715,3723714,0,566100
100,3.38E+08,7.08E+06,3724086,3724088,0,620950
100,3.38E+08,7.08E+06,3724141,3724143,0,617950
100,3.38E+08,7.08E+06,3724669,3724668,0,618300
100,3.38E+08,7.08E+06,3726035,3726034,0,618050
100,3.38E+08,7.08E+06,3726893,3726894,0,630200
100,3.38E+08,7.08E+06,3727760,3727762,0,613450
100,3.38E+08,7.08E+06,3728268,3728272,0,621600
100,3.38E+08,7.08E+06,3729005,3729005,0,642650
100,3.38E+08,7.08E+06,3731187,3731186,0,639100
100,3.38E+08,7.08E+06,3732951,3732950,0,619250
100,3.38E+08,7.08E+06,3735277,3735277,0,626650
100,3.38E+08,7.08E+06,3736107,3736108,0,626650
100,3.38E+08,7.08E+06,3736564,3736565,0,630200
100,3.38E+08,7.08E+06,3737047,3737046,0,586850
100,3.32E+08,7.10E+06,3739632,3739632,0,559450
100,3.38E+08,7.08E+06,3742632,3742631,0,618300
100,3.38E+08,7.08E+06,3742995,3742994,0,617950
100,3.29E+08,7.12E+06,3743513,3743514,0,551050
100,3.38E+08,7.08E+06,3743636,3548281,0,620950
100,3.38E+08,7.08E+06,3747450,3747450,0,608100
100,3.38E+08,7.08E+06,3751570,3751570,0,594100
100,3.38E+08,7.12E+06,3756243,3756242,0,580400
100,3.34E+08,7.12E+06,3757893,3757891,0,566100
100,3.38E+08,7.08E+06,3758760,3758760,0,586850
100,3.38E+08,7.08E+06,3762907,3762907,0,610850
100,3.38E+08,7.08E+06,3763971,3763973,0,638900
100,3.38E+08,7.08E+06,3764115,3764116,0,610000
100,3.38E+08,7.13E+06,3765900,3765899,0,580600
100,3.34E+08,7.18E+06,3770349,3770349,0,566100
100,3.27E+08,7.14E+06,3785300,3785300,0,545550
100,3.38E+08,7.08E+06,3788289,3788285,0,630200
100,3.38E+08,7.08E+06,3793750,3793749,0,610800
100,3.34E+08,7.07E+06,3793926,3793926,0,566100
100,3.38E+08,7.08E+06,3795559,3795560,0,620950
100,3.38E+08,7.08E+06,3801525,3801523,0,623100
100,3.38E+08,7.08E+06,3813703,3813703,0,621100
100,3.35E+08,7.16E+06,3819519,3819513,0,568700
100,3.38E+08,7.08E+06,3843083,3843083,0,582500
100,3.37E+08,7.19E+06,3856177,3856174,0,576500
100,3.38E+08,7.08E+06,3860280,3860280,0,608100
100,3.38E+08,7.08E+06,3886078,3886078,0,607350
100,3.38E+08,7.08E+06,3886757,3886761,0,621600
100,3.36E+08,7.11E+06,3893376,3893375,0,573700
100,3.38E+08,7.08E+06,3897523,3897528,0,630200
100,3.38E+08,7.08E+06,3910417,3910418,0,586850
100,3.38E+08,7.08E+06,3914002,3914001,0,618300
100,3.38E+08,7.08E+06,3924070,3924069,0,619250
100,3.38E+08,7.08E+06,3931998,3931999,0,620150
100,3.38E+08,7.08E+06,3934282,3934281,0,623000
100,3.37E+08,7.11E+06,3964221,3964220,0,576500
100,3.38E+08,7.08E+06,3972994,3972995,0,586850
100,3.27E+08,7.13E+06,3982205,3982204,0,545550
100,3.38E+08,7.08E+06,3987651,3987651,0,617150
100,3.34E+08,7.08E+06,4035956,4035957,0,566100
100,3.38E+08,7.08E+06,4084339,4084341,0,621600
100,3.38E+08,7.08E+06,4086010,4086013,0,642650
100,3.38E+08,7.08E+06,4124160,4124160,0,620950
100,3.38E+08,7.08E+06,4186460,4186458,0,623000
100,3.38E+08,7.08E+06,4230759,4230760,0,609950
100,3.38E+08,7.08E+06,4518985,4518986,0,620950
100,3.38E+08,7.08E+06,4545985,4545985,0,617150
,,,,,,
,3.38E+08,,3499066.655,3499055.428,,
,322MB,,,,,
