cpus,mem,npmem,recvTps,sendTps,acceptTps,serializedBuffer
0,9.50E+07,11784,0,0,0,0
0,9.50E+07,11784,0,0,0,0
0,9.50E+07,11784,0,0,0,0
0,9.50E+07,11784,0,0,0,0
0,9.50E+07,11784,0,0,0,0
0,9.50E+07,11784,0,0,0,0
0,9.50E+07,11784,0,0,0,0
0,9.50E+07,11784,0,0,0,0
0,9.50E+07,11784,0,0,0,0
0,9.50E+07,11784,0,0,0,0
0,2.17E+08,17872,0,0,0,439750
0,2.17E+08,17872,0,0,0,439750
0,2.17E+08,17872,0,0,0,439750
0,2.17E+08,17872,0,0,0,439750
0,2.17E+08,17872,0,0,0,439750
0,2.17E+08,17872,0,0,0,439750
0,2.17E+08,17872,0,0,0,439750
0,2.17E+08,17872,0,0,0,439750
0,2.17E+08,17872,0,0,0,439750
7.81912,9.70E+07,880920,3876,3876,1226,6300
71.802,9.95E+07,880840,34424,34424,0,20200
67.1737,1.01E+08,880840,135000,135000,0,23100
100,1.02E+08,1.56E+06,135000,135000,958,25900
70.3706,1.03E+08,1.56E+06,135000,135000,0,26350
23.4292,1.03E+08,1.56E+06,135000,135000,0,26750
76.5409,1.03E+08,1.89E+06,139932,139932,480,28450
45.3121,1.05E+08,1.89E+06,214468,214468,0,33900
84.3494,1.05E+08,1.89E+06,225000,225000,0,35450
46.8984,1.06E+08,2.46E+06,239271,239271,809,35650
12.5086,2.17E+08,17872,274937,274937,0,439750
100,1.08E+08,2.46E+06,479279,479279,0,46550
100,1.11E+08,2.46E+06,630000,630000,0,56900
100,1.27E+08,3.58E+06,632073,632073,1527,111650
100,2.17E+08,3.67E+06,649025,649025,0,439750
100,2.17E+08,3.83E+06,1221895,1221894,0,439750
100,1.34E+08,3.65E+06,1611222,1611222,0,187700
100,2.17E+08,3.65E+06,2152113,2152114,0,439750
100,2.07E+08,3.54E+06,2179602,2179603,0,400750
100,2.07E+08,3.56E+06,2189470,2189470,0,400750
100,2.17E+08,3.54E+06,2194201,2194201,0,439750
100,2.13E+08,4.53E+06,2207831,2207831,0,426450
100,2.17E+08,3.54E+06,2211146,2211146,0,439650
100,2.13E+08,4.35E+06,2213736,2213736,0,426450
100,2.08E+08,3.99E+06,2213841,2213830,0,401600
100,2.15E+08,4.26E+06,2215113,2215113,0,431000
100,2.16E+08,4.51E+06,2215966,2215966,0,438200
100,2.07E+08,3.73E+06,2218869,2218869,0,400750
100,1.99E+08,3.59E+06,2220138,2220137,0,369550
100,2.05E+08,3.77E+06,2220242,2220242,0,396450
100,2.17E+08,3.62E+06,2220339,2220332,0,439750
100,1.99E+08,3.76E+06,2222672,2222668,0,369550
100,1.93E+08,3.78E+06,2222969,2222969,0,350350
100,2.02E+08,3.61E+06,2225642,2225641,0,384300
100,1.86E+08,3.86E+06,2225889,2225889,0,332550
100,2.17E+08,3.65E+06,2226722,2226722,0,439650
100,1.75E+08,3.95E+06,2226881,2226881,0,289950
100,2.14E+08,3.72E+06,2227387,2227386,0,430550
100,1.99E+08,3.58E+06,2227614,2227613,0,372500
100,2.05E+08,3.75E+06,2227897,2227896,0,392150
100,2.15E+08,4.04E+06,2227932,2227932,0,430550
100,2.15E+08,4.50E+06,2228608,2228608,0,431000
100,2.17E+08,3.57E+06,2228765,2228766,0,439650
100,2.13E+08,3.91E+06,2228927,2228927,0,426450
100,2.07E+08,3.54E+06,2229191,2229188,0,400650
100,2.17E+08,3.60E+06,2229220,2229222,0,439650
100,2.13E+08,3.92E+06,2229348,2229348,0,426450
100,2.14E+08,3.60E+06,2230067,2230067,0,430550
100,2.15E+08,4.11E+06,2231172,2231172,0,430550
100,2.14E+08,3.88E+06,2231393,2231393,0,430550
100,2.02E+08,3.95E+06,2232113,2232112,0,384700
100,2.17E+08,3.55E+06,2233624,2233624,0,439750
100,2.16E+08,4.04E+06,2234024,2234025,0,437700
100,2.14E+08,3.58E+06,2234514,2234512,0,430550
100,2.17E+08,3.67E+06,2234988,2234988,0,439750
100,2.17E+08,3.75E+06,2235150,2235150,0,438200
100,2.15E+08,4.19E+06,2235521,2235521,0,431000
100,1.89E+08,3.73E+06,2237033,2237032,0,338350
100,2.14E+08,3.54E+06,2237099,2237097,0,430550
100,2.17E+08,3.95E+06,2237318,2237319,0,438200
100,2.07E+08,3.55E+06,2237449,2237442,0,400750
100,1.81E+08,3.74E+06,2237460,2237458,0,314150
100,2.07E+08,3.65E+06,2237549,2237549,0,399500
100,2.14E+08,3.61E+06,2237899,2237898,0,430550
100,2.14E+08,3.54E+06,2238450,2238459,0,430550
100,2.14E+08,3.54E+06,2238626,2238628,0,430550
100,2.17E+08,3.75E+06,2239176,2239177,0,438350
100,2.13E+08,4.49E+06,2239391,2239391,0,426450
100,2.15E+08,3.74E+06,2239583,2239583,0,430550
100,1.99E+08,3.58E+06,2239643,2239643,0,369550
100,1.99E+08,3.77E+06,2239763,2239764,0,369450
100,2.17E+08,3.56E+06,2239929,2239927,0,439650
100,2.16E+08,4.26E+06,2240357,2240356,0,437700
100,2.08E+08,3.77E+06,2240434,2240434,0,401650
100,2.11E+08,3.87E+06,2240454,2240454,0,419550
100,2.07E+08,3.86E+06,2240471,2240470,0,399500
100,2.08E+08,3.79E+06,2240540,2240540,0,401650
100,2.07E+08,3.54E+06,2240542,2240543,0,400750
100,1.96E+08,3.65E+06,2240593,2240593,0,359600
100,2.17E+08,3.63E+06,2241401,2241402,0,439650
100,1.98E+08,3.79E+06,2241409,2241409,0,367450
100,2.07E+08,3.56E+06,2241625,2241625,0,400650
100,2.17E+08,3.73E+06,2241667,2241667,0,438350
100,2.17E+08,3.59E+06,2241740,2241744,0,439750
100,2.15E+08,3.83E+06,2241844,2241844,0,431200
100,2.05E+08,4.28E+06,2241979,2241979,0,396450
100,2.15E+08,3.75E+06,2242014,2242014,0,431200
100,1.97E+08,3.65E+06,2242147,2242149,0,365700
100,2.15E+08,3.73E+06,2242207,2242207,0,433550
100,2.14E+08,3.69E+06,2242231,2242231,0,430550
100,2.07E+08,4.21E+06,2242252,2242252,0,400750
100,2.14E+08,3.57E+06,2242352,2242352,0,430550
100,1.99E+08,3.64E+06,2242621,2242621,0,372500
100,2.17E+08,3.64E+06,2242629,2242629,0,439750
100,2.17E+08,3.69E+06,2242673,2242673,0,439650
100,2.14E+08,3.55E+06,2242716,2242716,0,430550
100,2.15E+08,4.18E+06,2242830,2242830,0,430550
100,1.98E+08,3.60E+06,2242858,2242856,0,367450
100,2.03E+08,4.05E+06,2242891,2242891,0,387100
100,2.15E+08,3.88E+06,2243006,2243006,0,431200
100,2.17E+08,3.57E+06,2243016,2243017,0,439650
100,2.08E+08,4.33E+06,2243055,2243055,0,401650
100,2.17E+08,3.55E+06,2243115,2243115,0,438200
100,1.99E+08,3.72E+06,2243140,2243140,0,371700
100,2.06E+08,4.01E+06,2243259,2243259,0,396450
100,2.07E+08,3.54E+06,2243277,2243274,0,400750
100,1.96E+08,3.87E+06,2243311,2243311,0,362200
100,2.05E+08,3.77E+06,2243417,2243417,0,392350
100,2.02E+08,3.55E+06,2243447,2243447,0,384700
100,2.00E+08,3.92E+06,2243464,2243464,0,377900
100,2.07E+08,3.57E+06,2243506,2243508,0,399500
100,2.13E+08,4.59E+06,2243515,2243515,0,426450
100,2.17E+08,3.59E+06,2243634,2243630,0,439650
100,2.16E+08,3.82E+06,2243700,2243701,0,437700
100,2.17E+08,3.57E+06,2243716,2243712,0,439650
100,2.15E+08,3.95E+06,2243757,2243757,0,433550
100,2.14E+08,3.65E+06,2243770,2243770,0,430550
100,2.17E+08,3.98E+06,2244000,2244000,0,438350
100,2.17E+08,3.55E+06,2244069,2244069,0,439750
100,2.17E+08,3.77E+06,2244118,2244118,0,438200
100,2.07E+08,3.73E+06,2244125,2244125,0,400750
100,2.17E+08,4.00E+06,2244152,2244153,0,438350
100,2.15E+08,4.53E+06,2244158,2244153,0,431000
100,2.13E+08,4.52E+06,2244211,2244211,0,426450
100,1.98E+08,3.82E+06,2244259,2244258,0,367450
100,2.15E+08,4.42E+06,2244343,2244343,0,433550
100,2.02E+08,4.07E+06,2244378,2244378,0,384700
100,2.17E+08,3.56E+06,2244421,2244420,0,439650
100,2.13E+08,3.95E+06,2244469,2244469,0,426450
100,2.14E+08,3.62E+06,2244642,2244642,0,430550
100,2.15E+08,3.92E+06,2244678,2244678,0,431000
100,1.97E+08,3.77E+06,2244702,2244701,0,365250
100,2.17E+08,3.55E+06,2244866,2244866,0,438200
100,2.07E+08,3.54E+06,2244951,2244953,0,400750
100,2.13E+08,3.78E+06,2244993,2244993,0,426450
100,2.07E+08,3.67E+06,2245003,2245003,0,399500
100,2.17E+08,3.81E+06,2245014,2245014,0,438200
100,2.02E+08,3.78E+06,2245024,2245029,0,385000
100,2.17E+08,4.27E+06,2245103,2245103,0,438350
100,2.02E+08,3.73E+06,2245125,2245125,0,385000
100,2.04E+08,4.16E+06,2245141,2245141,0,390000
100,2.17E+08,3.57E+06,2245181,2245181,0,439750
100,2.07E+08,3.68E+06,2245195,2245195,0,400750
100,2.07E+08,3.54E+06,2245263,2245259,0,400750
100,2.17E+08,3.57E+06,2245390,2245390,0,439650
100,2.04E+08,3.72E+06,2245420,2245420,0,389350
100,2.07E+08,3.54E+06,2245530,2245530,0,400750
100,2.07E+08,3.94E+06,2245590,2245590,0,400750
100,2.02E+08,3.80E+06,2245600,2245600,0,384300
100,2.17E+08,3.84E+06,2245609,2245608,0,439650
100,2.04E+08,3.77E+06,2245637,2245637,0,390400
100,2.13E+08,3.93E+06,2245685,2245684,0,426450
100,1.96E+08,3.77E+06,2245691,2245691,0,358700
100,2.02E+08,3.63E+06,2245766,2245766,0,384300
100,2.17E+08,3.86E+06,2245812,2245812,0,438350
100,2.17E+08,3.60E+06,2245870,2245865,0,439650
100,1.99E+08,3.67E+06,2245890,2245893,0,372500
100,2.04E+08,3.77E+06,2245903,2245904,0,390000
100,2.17E+08,3.84E+06,2245950,2245950,0,439650
100,2.14E+08,3.68E+06,2246010,2246010,0,430550
100,1.98E+08,3.65E+06,2246024,2246023,0,367450
100,2.17E+08,4.20E+06,2246028,2246028,0,438350
100,1.94E+08,4.26E+06,2246066,2246066,0,354950
100,2.07E+08,3.54E+06,2246103,2246104,0,400650
100,1.98E+08,4.03E+06,2246155,2246155,0,367050
100,2.15E+08,4.19E+06,2246162,2246162,0,430550
100,2.17E+08,3.74E+06,2246190,2246190,0,439650
100,2.15E+08,3.83E+06,2246235,2246235,0,433550
100,1.87E+08,3.78E+06,2246246,2246246,0,336650
100,2.07E+08,3.70E+06,2246265,2246265,0,400750
100,2.17E+08,4.16E+06,2246311,2246311,0,438350
100,2.04E+08,3.73E+06,2246316,2246316,0,388450
100,2.14E+08,3.55E+06,2246338,2246338,0,430550
100,2.08E+08,3.68E+06,2246360,2246361,0,401600
100,2.04E+08,4.21E+06,2246415,2246415,0,390400
100,2.17E+08,3.64E+06,2246438,2246437,0,439650
100,2.17E+08,3.60E+06,2246489,2246489,0,438200
100,2.17E+08,3.69E+06,2246524,2246524,0,439650
100,2.14E+08,3.80E+06,2246534,2246533,0,430550
100,2.00E+08,3.92E+06,2246564,2246564,0,378600
100,2.17E+08,3.81E+06,2246626,2246626,0,439650
100,2.04E+08,4.04E+06,2246633,2246633,0,388450
100,2.17E+08,3.76E+06,2246644,2246644,0,438350
100,1.97E+08,4.26E+06,2246645,2246644,0,366050
100,2.17E+08,3.55E+06,2246669,2246669,0,439650
100,2.02E+08,3.76E+06,2246672,2246671,0,385300
100,2.17E+08,3.92E+06,2246674,2246674,0,438200
100,2.02E+08,3.55E+06,2246680,2246680,0,384700
100,2.05E+08,3.83E+06,2246685,2246685,0,392100
100,2.17E+08,3.65E+06,2246691,2246691,0,438200
100,2.14E+08,3.73E+06,2246710,2246710,0,430550
100,1.99E+08,3.74E+06,2246732,2246732,0,371500
100,2.17E+08,3.61E+06,2246791,2246791,0,439650
100,2.17E+08,3.81E+06,2246806,2246806,0,439750
100,2.14E+08,3.56E+06,2246818,2246818,0,430550
100,2.14E+08,3.61E+06,2246872,2246872,0,430550
100,2.14E+08,3.74E+06,2246877,2246877,0,430550
100,2.14E+08,3.81E+06,2246901,2246901,0,430550
100,2.14E+08,3.77E+06,2246904,2246904,0,430550
100,1.99E+08,3.56E+06,2246926,2246926,0,369550
100,2.14E+08,3.76E+06,2246932,2246931,0,430550
100,2.01E+08,3.77E+06,2246935,2246935,0,382650
100,1.92E+08,4.23E+06,2246985,2246985,0,342450
100,2.14E+08,3.81E+06,2246991,2246991,0,430550
100,2.04E+08,3.95E+06,2247016,2247016,0,389250
100,2.04E+08,4.28E+06,2247125,2247125,0,390000
100,2.01E+08,3.88E+06,2247142,2247142,0,382650
100,2.14E+08,3.71E+06,2247152,2247152,0,430550
100,1.99E+08,3.74E+06,2247162,2247162,0,371700
100,2.17E+08,3.71E+06,2247166,2247167,0,438200
100,2.03E+08,3.77E+06,2247179,2247179,0,388300
100,2.07E+08,3.55E+06,2247186,2247185,0,400650
100,2.17E+08,3.67E+06,2247206,2247206,0,439750
100,2.04E+08,3.74E+06,2247242,2247242,0,388450
100,2.14E+08,3.56E+06,2247254,2247258,0,430550
100,2.08E+08,3.64E+06,2247273,2247273,0,401600
100,1.98E+08,3.64E+06,2247282,2247282,0,367450
100,2.15E+08,3.79E+06,2247285,2247285,0,430550
100,2.07E+08,3.91E+06,2247329,2247329,0,399650
100,2.17E+08,3.79E+06,2247358,2247358,0,438350
100,2.15E+08,3.77E+06,2247361,2247362,0,431000
100,1.99E+08,3.63E+06,2247366,2247366,0,372500
100,2.14E+08,3.69E+06,2247370,2247370,0,430550
100,2.14E+08,3.66E+06,2247370,2247370,0,430550
100,2.07E+08,3.57E+06,2247393,2247393,0,399500
100,2.14E+08,3.72E+06,2247427,2247427,0,430550
100,2.14E+08,3.54E+06,2247429,2247429,0,430550
100,1.99E+08,3.73E+06,2247479,2247479,0,372500
100,2.15E+08,4.14E+06,2247481,2247481,0,430700
100,2.05E+08,3.86E+06,2247490,2247490,0,396450
100,2.14E+08,3.94E+06,2247505,2247505,0,430550
100,2.17E+08,4.10E+06,2247510,2247507,0,438200
100,2.05E+08,4.43E+06,2247535,2247535,0,392100
100,2.03E+08,3.74E+06,2247536,2247536,0,387900
100,2.04E+08,3.77E+06,2247540,2247540,0,389250
100,2.03E+08,3.68E+06,2247561,2247561,0,388450
100,2.17E+08,3.71E+06,2247564,2247564,0,439750
100,2.02E+08,3.71E+06,2247602,2247602,0,384700
100,2.17E+08,3.62E+06,2247639,2247639,0,438200
100,2.07E+08,3.80E+06,2247649,2247649,0,400750
100,2.02E+08,4.04E+06,2247661,2247661,0,385000
100,1.99E+08,4.21E+06,2247697,2247697,0,371050
100,2.14E+08,3.60E+06,2247716,2247716,0,430550
100,2.17E+08,3.56E+06,2247733,2247733,0,439750
100,1.91E+08,3.72E+06,2247748,2247744,0,342150
100,1.99E+08,3.60E+06,2247755,2247755,0,372500
100,2.17E+08,4.03E+06,2247789,2247788,0,438200
100,2.17E+08,3.98E+06,2247792,2247792,0,439750
100,2.14E+08,3.92E+06,2247802,2247802,0,430550
100,1.99E+08,3.98E+06,2247808,2247807,0,372550
100,2.14E+08,3.54E+06,2247809,2247809,0,430550
100,2.02E+08,3.71E+06,2247817,2247817,0,384700
100,2.14E+08,3.72E+06,2247823,2247823,0,430550
100,2.14E+08,3.67E+06,2247827,2247828,0,430550
100,2.15E+08,4.15E+06,2247838,2247838,0,430550
100,2.17E+08,4.14E+06,2247842,2247842,0,438350
100,2.13E+08,3.85E+06,2247848,2247848,0,426450
100,2.17E+08,3.63E+06,2247893,2247892,0,439750
100,2.17E+08,3.55E+06,2247910,2247911,0,439650
100,2.02E+08,3.71E+06,2247921,2247921,0,385150
100,2.17E+08,3.73E+06,2247933,2247933,0,438200
100,1.90E+08,3.69E+06,2247939,2247939,0,342150
100,2.17E+08,3.55E+06,2247939,2247939,0,439650
100,2.04E+08,4.07E+06,2247945,2247945,0,388450
100,2.17E+08,3.70E+06,2247948,2247948,0,439750
100,2.17E+08,3.67E+06,2247979,2247974,0,439750
100,2.01E+08,4.23E+06,2247984,2247984,0,382650
100,2.02E+08,3.65E+06,2247996,2247996,0,384700
100,2.04E+08,3.71E+06,2248037,2248037,0,389250
100,2.14E+08,3.65E+06,2248053,2248053,0,430550
100,2.14E+08,3.72E+06,2248057,2248057,0,430550
100,2.17E+08,3.64E+06,2248057,2248057,0,439750
100,2.17E+08,3.77E+06,2248060,2248060,0,439650
100,2.07E+08,3.55E+06,2248066,2248066,0,400750
100,2.02E+08,3.90E+06,2248103,2248103,0,385000
100,2.07E+08,3.69E+06,2248121,2248121,0,400750
100,2.17E+08,3.79E+06,2248130,2248130,0,439750
100,1.99E+08,3.64E+06,2248145,2248145,0,369450
100,2.17E+08,3.54E+06,2248151,2248152,0,439650
100,2.17E+08,3.70E+06,2248156,2248156,0,439650
100,2.14E+08,3.72E+06,2248163,2248163,0,430550
100,2.17E+08,3.73E+06,2248180,2248180,0,439650
100,2.07E+08,3.55E+06,2248193,2248193,0,400650
100,2.14E+08,3.62E+06,2248198,2248198,0,430550
100,2.07E+08,3.97E+06,2248199,2248199,0,400750
100,1.99E+08,4.25E+06,2248204,2248204,0,374550
100,2.03E+08,4.02E+06,2248206,2248206,0,388450
100,2.07E+08,3.65E+06,2248209,2248209,0,400750
100,2.08E+08,3.75E+06,2248209,2248209,0,401600
100,1.99E+08,3.70E+06,2248226,2248226,0,369550
100,2.04E+08,3.83E+06,2248229,2248229,0,390400
100,2.07E+08,3.55E+06,2248233,2248232,0,400750
100,1.99E+08,4.23E+06,2248241,2248241,0,372500
100,2.14E+08,3.90E+06,2248246,2248247,0,430550
100,2.14E+08,3.64E+06,2248251,2248251,0,430550
100,2.07E+08,3.55E+06,2248257,2248254,0,400650
100,1.96E+08,3.74E+06,2248262,2248264,0,359600
100,2.17E+08,3.59E+06,2248265,2248264,0,439650
100,1.99E+08,3.62E+06,2248269,2248269,0,372500
100,2.07E+08,3.83E+06,2248271,2248271,0,400750
100,1.99E+08,3.58E+06,2248274,2248274,0,369550
100,2.17E+08,3.61E+06,2248283,2248283,0,439650
100,1.99E+08,3.68E+06,2248298,2248298,0,372500
100,2.14E+08,3.68E+06,2248314,2248314,0,430550
100,1.96E+08,3.75E+06,2248316,2248316,0,360500
100,2.02E+08,3.66E+06,2248319,2248319,0,384700
100,2.17E+08,3.55E+06,2248329,2248328,0,439750
100,1.97E+08,4.04E+06,2248330,2248330,0,365700
100,2.17E+08,3.71E+06,2248345,2248345,0,438200
100,2.14E+08,3.76E+06,2248353,2248353,0,430550
100,2.02E+08,3.98E+06,2248361,2248361,0,384700
100,2.17E+08,3.60E+06,2248363,2248363,0,439650
100,2.08E+08,3.79E+06,2248366,2248366,0,401600
100,2.14E+08,3.85E+06,2248366,2248366,0,430550
100,2.14E+08,3.64E+06,2248366,2248366,0,430550
100,2.04E+08,3.73E+06,2248383,2248383,0,388450
100,2.02E+08,3.78E+06,2248388,2248388,0,385300
100,2.14E+08,3.75E+06,2248396,2248396,0,430550
100,2.14E+08,3.80E+06,2248404,2248404,0,430550
100,2.14E+08,3.94E+06,2248410,2248409,0,430550
100,2.17E+08,3.69E+06,2248412,2248412,0,439650
100,2.04E+08,3.80E+06,2248421,2248421,0,388450
100,2.14E+08,3.74E+06,2248427,2248427,0,430550
100,2.01E+08,3.67E+06,2248431,2248431,0,382200
100,2.02E+08,3.65E+06,2248438,2248438,0,384300
100,2.15E+08,3.87E+06,2248441,2248437,0,431000
100,2.17E+08,3.81E+06,2248446,2248445,0,439650
100,2.02E+08,3.82E+06,2248448,2248451,0,384700
100,2.17E+08,3.71E+06,2248448,2248448,0,439650
100,2.04E+08,3.75E+06,2248450,2248450,0,389350
100,2.01E+08,4.16E+06,2248454,2248455,0,382650
100,2.14E+08,3.55E+06,2248455,2248455,0,430550
100,1.99E+08,3.63E+06,2248463,2248463,0,369550
100,2.02E+08,3.70E+06,2248487,2248487,0,385000
100,2.14E+08,3.68E+06,2248487,2248487,0,430550
100,2.15E+08,3.70E+06,2248488,2248488,0,430550
100,2.17E+08,3.61E+06,2248490,2248490,0,439650
100,1.92E+08,3.73E+06,2248493,2248493,0,342450
100,2.04E+08,3.77E+06,2248493,2248492,0,389250
100,2.17E+08,3.97E+06,2248494,2248494,0,439650
100,2.17E+08,3.57E+06,2248498,2248498,0,439650
100,1.98E+08,3.91E+06,2248504,2248504,0,367050
100,2.07E+08,3.67E+06,2248509,2248509,0,400750
100,2.17E+08,4.16E+06,2248511,2248510,0,439650
100,2.14E+08,4.09E+06,2248516,2248516,0,430550
100,2.01E+08,3.65E+06,2248520,2248520,0,382000
100,2.04E+08,3.76E+06,2248523,2248523,0,388450
100,2.17E+08,3.55E+06,2248526,2248524,0,439650
100,2.14E+08,3.79E+06,2248547,2248547,0,430550
100,2.14E+08,3.76E+06,2248553,2248553,0,430550
100,2.17E+08,3.66E+06,2248554,2248554,0,438200
100,2.14E+08,3.62E+06,2248558,2248558,0,430550
100,2.01E+08,3.93E+06,2248564,2248564,0,382650
100,2.17E+08,3.56E+06,2248566,2248566,0,439650
100,2.17E+08,3.74E+06,2248569,2248569,0,439650
100,2.17E+08,3.70E+06,2248583,2248583,0,439750
100,1.99E+08,3.65E+06,2248595,2248596,0,372500
100,2.02E+08,3.63E+06,2248615,2248615,0,384700
100,2.17E+08,3.87E+06,2248625,2248625,0,439750
100,2.17E+08,3.64E+06,2248631,2248631,0,439650
100,2.02E+08,3.68E+06,2248644,2248644,0,384700
100,2.04E+08,3.77E+06,2248644,2248644,0,389000
100,2.04E+08,3.95E+06,2248646,2248646,0,389250
100,2.03E+08,3.68E+06,2248655,2248653,0,388300
100,2.02E+08,3.72E+06,2248669,2248669,0,384300
100,2.04E+08,4.21E+06,2248679,2248680,0,390400
100,2.14E+08,3.63E+06,2248691,2248690,0,430550
100,2.14E+08,3.58E+06,2248704,2248704,0,430550
100,2.02E+08,3.76E+06,2248712,2248712,0,385300
100,2.02E+08,3.60E+06,2248719,2248719,0,384700
100,2.02E+08,3.64E+06,2248723,2248723,0,385000
100,2.17E+08,3.54E+06,2248727,2248727,0,439650
100,2.07E+08,3.54E+06,2248730,2248728,0,400750
100,2.17E+08,3.83E+06,2248732,2248733,0,439750
100,2.05E+08,4.48E+06,2248738,2248738,0,396450
100,2.14E+08,3.68E+06,2248739,2248739,0,430550
100,2.17E+08,3.70E+06,2248744,2248744,0,439750
100,2.17E+08,3.72E+06,2248750,2248750,0,439650
100,2.01E+08,3.76E+06,2248753,2248753,0,382650
100,2.14E+08,3.90E+06,2248755,2248755,0,430550
100,2.02E+08,3.73E+06,2248762,2248762,0,384700
100,2.17E+08,3.67E+06,2248765,2248765,0,439650
100,2.07E+08,3.56E+06,2248767,2248763,0,400650
100,2.14E+08,3.94E+06,2248769,2248769,0,430550
100,2.04E+08,3.74E+06,2248771,2248771,0,389350
100,2.14E+08,3.74E+06,2248776,2248776,0,430550
100,2.14E+08,3.55E+06,2248779,2248779,0,430550
100,2.02E+08,3.60E+06,2248791,2248791,0,384700
100,2.07E+08,4.05E+06,2248793,2248793,0,400100
100,2.02E+08,3.59E+06,2248794,2248794,0,384300
100,2.17E+08,3.55E+06,2248797,2248797,0,439650
100,2.17E+08,3.58E+06,2248803,2248803,0,438200
100,2.01E+08,3.73E+06,2248805,2248805,0,382650
100,2.07E+08,3.57E+06,2248807,2248800,0,400750
100,2.05E+08,3.80E+06,2248810,2248810,0,392100
100,2.01E+08,3.76E+06,2248812,2248812,0,382650
100,2.07E+08,3.80E+06,2248818,2248818,0,399500
100,2.17E+08,4.06E+06,2248825,2248825,0,439750
100,2.17E+08,3.60E+06,2248837,2248837,0,439650
100,2.14E+08,3.63E+06,2248843,2248843,0,430550
100,2.01E+08,3.79E+06,2248853,2248853,0,382650
100,2.14E+08,3.71E+06,2248853,2248853,0,430550
100,2.14E+08,3.70E+06,2248853,2248853,0,430550
100,2.07E+08,3.74E+06,2248856,2248856,0,400750
100,2.14E+08,3.61E+06,2248856,2248856,0,430550
100,2.07E+08,3.65E+06,2248865,2248865,0,400750
100,2.14E+08,4.10E+06,2248869,2248869,0,430550
100,2.17E+08,3.69E+06,2248873,2248873,0,438200
100,2.17E+08,3.86E+06,2248874,2248875,0,439750
100,2.02E+08,3.73E+06,2248876,2248876,0,384700
100,2.17E+08,3.60E+06,2248891,2248891,0,439650
100,2.07E+08,3.85E+06,2248901,2248901,0,399500
100,2.01E+08,3.81E+06,2248905,2248905,0,382650
100,2.07E+08,3.62E+06,2248905,2248907,0,400650
100,2.17E+08,3.68E+06,2248905,2248905,0,439650
100,2.07E+08,4.13E+06,2248912,2248912,0,400750
100,2.01E+08,3.77E+06,2248920,2248920,0,382650
100,2.02E+08,3.80E+06,2248920,2248920,0,385000
100,2.03E+08,3.64E+06,2248929,2248929,0,387900
100,2.17E+08,3.60E+06,2248935,2248937,0,439650
100,2.02E+08,3.67E+06,2248953,2248953,0,384700
100,2.17E+08,3.59E+06,2248971,2248971,0,439650
100,2.17E+08,3.57E+06,2248972,2248972,0,439650
100,2.17E+08,3.97E+06,2248976,2248976,0,439650
100,2.17E+08,3.54E+06,2248990,2248990,0,439650
100,1.89E+08,3.90E+06,2248991,2248991,0,338600
100,2.17E+08,3.57E+06,2248993,2248993,0,439650
100,2.02E+08,3.90E+06,2249007,2249007,0,384700
100,2.04E+08,3.69E+06,2249008,2249008,0,389250
100,2.14E+08,3.94E+06,2249010,2249010,0,430550
100,2.07E+08,3.74E+06,2249022,2249022,0,400750
100,2.14E+08,3.77E+06,2249026,2249026,0,430550
100,2.14E+08,3.69E+06,2249035,2249035,0,430550
100,2.02E+08,3.59E+06,2249036,2249036,0,384700
100,2.04E+08,3.95E+06,2249040,2249040,0,389250
100,1.99E+08,3.61E+06,2249046,2249046,0,369550
100,2.17E+08,3.64E+06,2249059,2249059,0,439650
100,2.14E+08,3.67E+06,2249067,2249067,0,430550
100,2.14E+08,3.54E+06,2249069,2249070,0,430550
100,2.17E+08,3.57E+06,2249086,2249086,0,439650
100,2.17E+08,3.69E+06,2249090,2249090,0,439650
100,2.07E+08,3.74E+06,2249096,2249096,0,399900
100,2.17E+08,3.61E+06,2249100,2249100,0,439650
100,1.99E+08,3.91E+06,2249106,2249106,0,369550
100,2.02E+08,3.61E+06,2249109,2249109,0,384300
100,1.98E+08,3.85E+06,2249111,2249111,0,367050
100,2.00E+08,3.74E+06,2249116,2249116,0,377900
100,1.99E+08,3.75E+06,2249118,2249118,0,370400
100,2.17E+08,3.58E+06,2249118,2249118,0,439650
100,2.07E+08,3.66E+06,2249127,2249126,0,400650
100,2.17E+08,3.75E+06,2249129,2249129,0,439650
100,2.14E+08,3.56E+06,2249130,2249130,0,430550
100,2.01E+08,3.72E+06,2249131,2249131,0,381050
100,2.17E+08,3.55E+06,2249131,2249133,0,439750
100,2.02E+08,3.69E+06,2249132,2249132,0,384700
100,2.14E+08,3.79E+06,2249135,2249135,0,430550
100,2.07E+08,3.63E+06,2249136,2249136,0,400750
100,2.17E+08,3.55E+06,2249138,2249138,0,439650
100,2.07E+08,3.56E+06,2249146,2249146,0,400650
100,2.17E+08,3.63E+06,2249147,2249147,0,439650
100,2.17E+08,3.77E+06,2249150,2249150,0,439750
100,1.78E+08,4.40E+06,2249153,2249153,0,302950
100,2.14E+08,3.60E+06,2249157,2249157,0,430550
100,2.14E+08,3.65E+06,2249159,2249159,0,430550
100,2.14E+08,3.66E+06,2249159,2249159,0,430550
100,2.17E+08,3.54E+06,2249159,2249154,0,439750
100,1.99E+08,3.68E+06,2249164,2249164,0,372500
100,2.07E+08,3.54E+06,2249164,2249165,0,400750
100,2.08E+08,3.74E+06,2249164,2249167,0,401600
100,1.63E+08,3.77E+06,2249168,2249168,0,251550
100,2.14E+08,3.76E+06,2249176,2249176,0,430550
100,2.17E+08,3.75E+06,2249176,2249176,0,439750
100,2.01E+08,3.96E+06,2249188,2249188,0,382650
100,1.99E+08,3.99E+06,2249190,2249190,0,369450
100,1.99E+08,3.74E+06,2249191,2249191,0,372650
100,1.99E+08,3.72E+06,2249192,2249192,0,369550
100,2.17E+08,3.57E+06,2249194,2249196,0,439650
100,2.02E+08,3.77E+06,2249196,2249196,0,384700
100,2.17E+08,3.70E+06,2249205,2249205,0,439650
100,1.99E+08,4.08E+06,2249208,2249208,0,369550
100,2.17E+08,3.68E+06,2249208,2249208,0,439650
100,2.17E+08,3.66E+06,2249214,2249214,0,438200
100,2.17E+08,3.71E+06,2249215,2249215,0,439650
100,2.04E+08,3.91E+06,2249220,2249223,0,389350
100,2.17E+08,3.56E+06,2249222,2249222,0,439650
100,1.95E+08,4.25E+06,2249223,2249223,0,356300
100,2.03E+08,3.70E+06,2249233,2249233,0,387900
100,2.07E+08,3.96E+06,2249234,2249234,0,399500
100,2.14E+08,3.82E+06,2249238,2249239,0,430550
100,2.17E+08,3.63E+06,2249239,2249239,0,438200
100,2.08E+08,3.75E+06,2249246,2249246,0,401600
100,2.17E+08,3.55E+06,2249249,2249249,0,439650
100,2.17E+08,3.64E+06,2249257,2249257,0,438200
100,2.07E+08,3.71E+06,2249260,2249260,0,400750
100,2.14E+08,3.70E+06,2249263,2249263,0,430550
100,1.99E+08,3.96E+06,2249264,2249264,0,369550
100,2.00E+08,3.66E+06,2249273,2249275,0,376400
100,2.17E+08,3.74E+06,2249282,2249282,0,439650
100,2.14E+08,3.55E+06,2249286,2249286,0,430550
100,2.17E+08,3.76E+06,2249286,2249286,0,439650
100,2.11E+08,3.78E+06,2249292,2249288,0,415800
100,2.14E+08,3.64E+06,2249298,2249298,0,430550
100,2.17E+08,3.56E+06,2249304,2249304,0,439650
100,2.07E+08,3.78E+06,2249308,2249308,0,399700
100,2.07E+08,3.77E+06,2249310,2249310,0,400750
100,2.07E+08,3.72E+06,2249315,2249315,0,400750
100,2.14E+08,3.59E+06,2249326,2249324,0,430550
100,2.17E+08,3.69E+06,2249331,2249331,0,439750
100,2.07E+08,3.62E+06,2249332,2249332,0,399500
100,2.07E+08,3.89E+06,2249332,2249332,0,400750
100,2.07E+08,3.57E+06,2249336,2249336,0,400650
100,2.17E+08,3.74E+06,2249337,2249337,0,439650
100,1.99E+08,3.80E+06,2249338,2249338,0,369550
100,2.02E+08,3.88E+06,2249339,2249339,0,384700
100,2.02E+08,3.61E+06,2249343,2249342,0,384300
100,2.17E+08,3.54E+06,2249344,2249344,0,439650
100,2.14E+08,3.55E+06,2249346,2249346,0,430550
100,2.00E+08,3.75E+06,2249347,2249347,0,378600
100,1.99E+08,3.67E+06,2249348,2249348,0,371500
100,2.17E+08,3.96E+06,2249350,2249350,0,439750
100,1.99E+08,3.61E+06,2249355,2249355,0,372500
100,2.01E+08,3.74E+06,2249359,2249360,0,381050
100,2.02E+08,3.88E+06,2249360,2249360,0,384700
100,2.17E+08,3.58E+06,2249363,2249363,0,439650
100,2.17E+08,3.58E+06,2249365,2249365,0,439650
100,2.17E+08,3.59E+06,2249366,2249366,0,439650
100,2.02E+08,3.69E+06,2249370,2249370,0,384300
100,1.99E+08,3.86E+06,2249373,2249373,0,369550
100,2.07E+08,3.57E+06,2249373,2249373,0,400650
100,2.02E+08,3.60E+06,2249380,2249380,0,384300
100,2.02E+08,3.64E+06,2249388,2249388,0,384300
100,2.14E+08,3.55E+06,2249388,2249388,0,430550
100,2.14E+08,3.62E+06,2249392,2249392,0,430550
100,2.17E+08,3.57E+06,2249400,2249400,0,439650
100,2.07E+08,3.56E+06,2249405,2249405,0,400650
100,1.99E+08,3.60E+06,2249406,2249407,0,369550
100,2.17E+08,3.56E+06,2249406,2249406,0,439750
100,2.14E+08,3.68E+06,2249416,2249416,0,430550
100,2.17E+08,3.56E+06,2249417,2249417,0,439650
100,2.14E+08,3.55E+06,2249420,2249420,0,430550
100,2.07E+08,3.73E+06,2249424,2249424,0,400650
100,2.17E+08,3.75E+06,2249426,2249426,0,438200
100,2.02E+08,3.64E+06,2249428,2249428,0,384700
100,2.14E+08,3.85E+06,2249429,2249429,0,430550
100,2.01E+08,4.09E+06,2249432,2249432,0,382650
100,2.14E+08,3.59E+06,2249432,2249432,0,430550
100,1.89E+08,3.75E+06,2249434,2249435,0,339900
100,2.17E+08,3.58E+06,2249438,2249438,0,439650
100,1.99E+08,3.64E+06,2249439,2249439,0,372500
100,2.14E+08,3.67E+06,2249441,2249441,0,430550
100,2.02E+08,3.74E+06,2249445,2249445,0,384700
100,2.02E+08,3.85E+06,2249445,2249445,0,384700
100,2.02E+08,3.65E+06,2249448,2249448,0,384700
100,2.07E+08,3.67E+06,2249449,2249449,0,399500
100,2.14E+08,3.72E+06,2249453,2249453,0,430550
100,2.02E+08,3.71E+06,2249459,2249459,0,384300
100,2.17E+08,3.58E+06,2249462,2249462,0,439750
100,2.07E+08,3.78E+06,2249465,2249465,0,399500
100,1.99E+08,3.58E+06,2249467,2249467,0,369550
100,2.02E+08,3.61E+06,2249468,2249468,0,384700
100,2.14E+08,4.06E+06,2249470,2249470,0,430550
100,1.99E+08,3.79E+06,2249472,2249472,0,372500
100,2.08E+08,4.35E+06,2249477,2249477,0,401650
100,2.17E+08,3.57E+06,2249480,2249480,0,439650
100,2.14E+08,3.74E+06,2249482,2249482,0,430550
100,2.17E+08,3.60E+06,2249490,2249490,0,439650
100,2.14E+08,3.55E+06,2249493,2249493,0,430550
100,2.02E+08,3.74E+06,2249498,2249498,0,384300
100,2.17E+08,3.78E+06,2249498,2249498,0,439650
100,2.07E+08,3.54E+06,2249500,2249500,0,400650
100,2.07E+08,3.55E+06,2249500,2249500,0,400750
100,1.99E+08,3.61E+06,2249504,2249505,0,369550
100,2.14E+08,3.84E+06,2249507,2249507,0,430550
100,2.17E+08,3.55E+06,2249513,2249513,0,439650
100,2.14E+08,3.74E+06,2249525,2249525,0,430550
100,2.07E+08,3.63E+06,2249526,2249526,0,399500
100,1.99E+08,4.12E+06,2249529,2249529,0,369550
100,2.14E+08,3.70E+06,2249540,2249540,0,430550
100,2.14E+08,3.96E+06,2249544,2249544,0,430550
100,2.17E+08,3.75E+06,2249545,2249545,0,438200
100,2.14E+08,3.55E+06,2249550,2249550,0,430550
100,2.17E+08,3.60E+06,2249550,2249550,0,438200
100,2.17E+08,3.63E+06,2249551,2249551,0,439750
100,2.17E+08,3.64E+06,2249556,2249556,0,439650
100,2.14E+08,3.63E+06,2249558,2249558,0,430550
100,1.99E+08,4.07E+06,2249566,2249566,0,369550
100,2.17E+08,3.67E+06,2249571,2249571,0,439650
100,2.17E+08,3.65E+06,2249575,2249575,0,439650
100,2.02E+08,3.77E+06,2249576,2249576,0,384700
100,2.04E+08,3.75E+06,2249578,2249578,0,388450
100,2.14E+08,3.56E+06,2249579,2249579,0,430550
100,2.07E+08,3.55E+06,2249588,2249589,0,400750
100,2.17E+08,3.60E+06,2249593,2249593,0,439650
100,2.17E+08,3.66E+06,2249597,2249597,0,439650
100,2.04E+08,3.75E+06,2249598,2249598,0,390000
100,1.99E+08,3.72E+06,2249600,2249599,0,372500
100,2.17E+08,3.61E+06,2249600,2249600,0,439750
100,2.17E+08,3.66E+06,2249601,2249602,0,439650
100,2.02E+08,3.70E+06,2249610,2249610,0,384700
100,2.14E+08,3.57E+06,2249615,2249615,0,430550
100,2.17E+08,3.54E+06,2249616,2249616,0,439650
100,2.17E+08,3.65E+06,2249620,2249621,0,439750
100,2.17E+08,3.66E+06,2249623,2249623,0,439650
100,2.14E+08,3.57E+06,2249624,2249624,0,430550
100,2.14E+08,3.55E+06,2249639,2249639,0,430550
100,2.17E+08,3.64E+06,2249639,2249639,0,439650
100,2.07E+08,4.03E+06,2249642,2249642,0,400650
100,1.99E+08,4.03E+06,2249645,2249645,0,369550
100,2.02E+08,3.75E+06,2249645,2249645,0,384300
100,2.17E+08,3.64E+06,2249652,2249652,0,439750
100,2.07E+08,3.58E+06,2249654,2249650,0,400750
100,1.89E+08,3.60E+06,2249658,2249658,0,338350
100,1.98E+08,3.83E+06,2249660,2249660,0,367450
100,2.17E+08,3.57E+06,2249660,2249659,0,439750
100,1.99E+08,3.70E+06,2249663,2249663,0,369550
100,2.02E+08,3.63E+06,2249663,2249663,0,384700
100,2.14E+08,3.57E+06,2249663,2249663,0,430550
100,1.99E+08,3.82E+06,2249664,2249664,0,371700
100,2.14E+08,3.54E+06,2249664,2249664,0,430550
100,2.17E+08,3.64E+06,2249667,2249667,0,439650
100,1.99E+08,3.60E+06,2249668,2249668,0,372500
100,2.17E+08,3.57E+06,2249670,2249670,0,439650
100,2.17E+08,3.62E+06,2249677,2249677,0,439650
100,1.99E+08,3.65E+06,2249680,2249680,0,372500
100,2.17E+08,4.22E+06,2249680,2249680,0,438200
100,2.17E+08,3.63E+06,2249687,2249687,0,439750
100,2.17E+08,3.56E+06,2249689,2249689,0,439750
100,2.07E+08,3.56E+06,2249690,2249690,0,400750
100,2.17E+08,3.60E+06,2249696,2249696,0,439750
100,2.17E+08,3.63E+06,2249701,2249701,0,439650
100,2.14E+08,3.59E+06,2249703,2249702,0,430550
100,2.01E+08,4.08E+06,2249705,2249705,0,382650
100,2.14E+08,3.54E+06,2249705,2249705,0,430550
100,1.99E+08,3.62E+06,2249707,2249707,0,372500
100,2.03E+08,3.91E+06,2249707,2249707,0,388450
100,2.07E+08,3.54E+06,2249722,2249722,0,400750
100,2.17E+08,3.75E+06,2249722,2249722,0,439650
100,1.99E+08,3.61E+06,2249723,2249723,0,372500
100,2.07E+08,3.55E+06,2249724,2249724,0,400750
100,2.02E+08,3.69E+06,2249730,2249730,0,384700
100,2.07E+08,3.58E+06,2249737,2249737,0,400650
100,2.17E+08,3.64E+06,2249737,2249737,0,439650
100,1.99E+08,3.59E+06,2249740,2249740,0,369550
100,2.17E+08,3.60E+06,2249742,2249742,0,439650
100,1.99E+08,3.59E+06,2249743,2249743,0,372500
100,2.14E+08,3.54E+06,2249743,2249743,0,430550
100,2.17E+08,3.58E+06,2249744,2249744,0,439650
100,2.17E+08,4.00E+06,2249745,2249745,0,438200
100,2.17E+08,3.58E+06,2249745,2249745,0,439650
100,2.17E+08,3.93E+06,2249746,2249746,0,439650
100,1.99E+08,3.58E+06,2249750,2249750,0,369550
100,2.07E+08,3.54E+06,2249750,2249750,0,400650
100,1.99E+08,3.99E+06,2249756,2249756,0,369550
100,2.02E+08,3.68E+06,2249756,2249756,0,384700
100,2.14E+08,3.68E+06,2249757,2249757,0,430550
100,2.17E+08,3.58E+06,2249757,2249757,0,439750
100,1.99E+08,3.56E+06,2249759,2249759,0,369550
100,1.99E+08,4.07E+06,2249761,2249761,0,369550
100,2.14E+08,3.60E+06,2249761,2249760,0,430550
100,2.14E+08,3.81E+06,2249762,2249762,0,430550
100,2.14E+08,3.63E+06,2249763,2249763,0,430550
100,1.99E+08,3.61E+06,2249765,2249765,0,369550
100,1.99E+08,3.75E+06,2249766,2249766,0,369550
100,2.14E+08,3.63E+06,2249766,2249766,0,430550
100,2.14E+08,3.66E+06,2249767,2249768,0,430550
100,2.17E+08,3.60E+06,2249767,2249767,0,439650
100,2.17E+08,3.79E+06,2249768,2249768,0,439750
100,2.14E+08,3.55E+06,2249769,2249769,0,430550
100,2.07E+08,3.55E+06,2249770,2249770,0,400750
100,2.17E+08,3.82E+06,2249770,2249770,0,439750
100,2.14E+08,3.56E+06,2249771,2249771,0,430550
100,2.01E+08,3.72E+06,2249774,2249773,0,381050
100,2.07E+08,3.56E+06,2249775,2249775,0,400650
100,1.99E+08,3.68E+06,2249778,2249778,0,372500
100,2.14E+08,3.56E+06,2249778,2249778,0,430550
100,2.07E+08,3.54E+06,2249780,2249780,0,400750
100,1.99E+08,3.60E+06,2249782,2249782,0,372500
100,1.99E+08,3.67E+06,2249783,2249783,0,372500
100,2.07E+08,3.69E+06,2249785,2249785,0,399500
100,2.07E+08,3.55E+06,2249785,2249785,0,400650
100,2.02E+08,3.69E+06,2249791,2249791,0,384700
100,2.02E+08,3.71E+06,2249791,2249791,0,384700
100,2.14E+08,3.65E+06,2249792,2249792,0,430550
100,1.99E+08,3.75E+06,2249793,2249793,0,369450
100,1.96E+08,3.79E+06,2249796,2249796,0,359600
100,2.02E+08,3.64E+06,2249796,2249796,0,384300
100,2.07E+08,3.55E+06,2249796,2249794,0,400750
100,2.07E+08,3.62E+06,2249797,2249797,0,400650
100,2.14E+08,3.88E+06,2249797,2249797,0,430550
100,1.99E+08,3.76E+06,2249800,2249800,0,369550
100,2.14E+08,3.58E+06,2249800,2249800,0,430550
100,2.14E+08,3.54E+06,2249800,2249800,0,430550
100,2.14E+08,3.55E+06,2249800,2249800,0,430550
100,1.93E+08,3.82E+06,2249804,2249804,0,350850
100,2.02E+08,3.67E+06,2249804,2249805,0,384700
100,2.17E+08,3.65E+06,2249805,2249805,0,439650
100,2.17E+08,3.55E+06,2249806,2249806,0,439650
100,2.14E+08,3.56E+06,2249807,2249807,0,430550
100,1.89E+08,3.61E+06,2249809,2249809,0,338350
100,1.96E+08,3.74E+06,2249810,2249810,0,359800
100,2.17E+08,3.81E+06,2249811,2249811,0,439650
100,1.99E+08,3.56E+06,2249818,2249818,0,372500
100,2.17E+08,3.56E+06,2249818,2249818,0,439650
100,2.02E+08,3.62E+06,2249822,2249822,0,384700
100,1.99E+08,3.65E+06,2249823,2249823,0,369550
100,2.14E+08,3.64E+06,2249824,2249824,0,430550
100,2.02E+08,3.55E+06,2249827,2249827,0,384700
100,1.99E+08,3.98E+06,2249831,2249831,0,369550
100,2.07E+08,3.65E+06,2249837,2249837,0,400750
100,1.99E+08,3.77E+06,2249838,2249838,0,372500
100,2.07E+08,3.58E+06,2249839,2249839,0,400650
100,2.14E+08,3.54E+06,2249839,2249839,0,430550
100,2.14E+08,3.56E+06,2249840,2249840,0,430550
100,1.99E+08,3.78E+06,2249842,2249842,0,369550
100,2.01E+08,3.77E+06,2249842,2249842,0,381050
100,2.14E+08,3.57E+06,2249842,2249842,0,430550
100,2.14E+08,3.57E+06,2249844,2249844,0,430550
100,1.92E+08,3.83E+06,2249846,2249846,0,342450
100,2.14E+08,3.63E+06,2249846,2249846,0,430550
100,2.01E+08,3.74E+06,2249847,2249847,0,381500
100,2.14E+08,3.55E+06,2249847,2249847,0,430550
100,1.99E+08,3.57E+06,2249849,2249849,0,369550
100,2.07E+08,3.57E+06,2249849,2249849,0,400750
100,2.07E+08,3.70E+06,2249849,2249851,0,400750
100,2.17E+08,3.62E+06,2249850,2249850,0,439650
100,2.17E+08,3.59E+06,2249850,2249850,0,439650
100,2.17E+08,3.55E+06,2249850,2249850,0,439750
100,2.07E+08,3.56E+06,2249851,2249851,0,400750
100,2.17E+08,3.55E+06,2249851,2249851,0,439650
100,2.17E+08,3.54E+06,2249851,2249851,0,439650
100,1.99E+08,3.56E+06,2249852,2249852,0,369550
100,2.17E+08,3.56E+06,2249856,2249856,0,439750
100,1.99E+08,3.75E+06,2249858,2249858,0,371050
100,2.07E+08,3.54E+06,2249858,2249858,0,400750
100,2.14E+08,3.72E+06,2249865,2249865,0,430550
100,1.99E+08,3.58E+06,2249866,2249866,0,372500
100,2.02E+08,3.85E+06,2249870,2249870,0,384300
100,2.07E+08,3.56E+06,2249874,2249874,0,400750
100,2.17E+08,3.73E+06,2249879,2249879,0,439650
100,1.99E+08,3.63E+06,2249883,2249883,0,372500
100,2.14E+08,3.55E+06,2249887,2249887,0,430550
100,1.99E+08,3.86E+06,2249888,2249888,0,369550
100,1.99E+08,3.61E+06,2249890,2249890,0,369550
100,2.07E+08,3.54E+06,2249892,2249892,0,400650
100,1.99E+08,3.56E+06,2249894,2249894,0,372500
100,2.14E+08,3.57E+06,2249895,2249895,0,430550
100,2.07E+08,3.62E+06,2249896,2249896,0,399500
100,2.14E+08,3.55E+06,2249898,2249898,0,430550
100,2.14E+08,3.59E+06,2249898,2249898,0,430550
100,1.99E+08,3.64E+06,2249900,2249900,0,369550
100,2.07E+08,3.54E+06,2249900,2249900,0,400650
100,2.07E+08,3.58E+06,2249900,2249900,0,400750
100,2.14E+08,3.57E+06,2249900,2249900,0,430550
100,2.14E+08,3.54E+06,2249900,2249900,0,430550
100,2.17E+08,3.58E+06,2249900,2249900,0,439650
100,2.17E+08,3.57E+06,2249900,2249900,0,439650
100,2.02E+08,3.63E+06,2249901,2249901,0,384300
100,2.17E+08,3.69E+06,2249902,2249902,0,439650
100,2.14E+08,3.57E+06,2249904,2249904,0,430550
100,2.07E+08,3.67E+06,2249905,2249905,0,399500
100,2.14E+08,3.61E+06,2249908,2249908,0,430550
100,2.14E+08,3.55E+06,2249909,2249909,0,430550
100,2.17E+08,3.64E+06,2249909,2249909,0,439650
100,2.02E+08,3.87E+06,2249911,2249911,0,384700
100,2.14E+08,3.89E+06,2249911,2249911,0,430550
100,2.07E+08,3.58E+06,2249913,2249913,0,400750
100,2.14E+08,3.54E+06,2249914,2249914,0,430550
100,2.14E+08,3.54E+06,2249917,2249917,0,430550
100,2.17E+08,3.60E+06,2249917,2249917,0,439650
100,2.07E+08,3.73E+06,2249918,2249918,0,400750
100,2.17E+08,3.54E+06,2249920,2249920,0,439650
100,1.99E+08,3.69E+06,2249922,2249922,0,372500
100,2.17E+08,3.55E+06,2249926,2249925,0,439650
100,2.07E+08,3.67E+06,2249929,2249929,0,399500
100,2.07E+08,3.54E+06,2249929,2249929,0,400750
100,2.17E+08,3.60E+06,2249935,2249935,0,439750
100,2.02E+08,3.63E+06,2249936,2249937,0,384700
100,2.02E+08,3.58E+06,2249936,2249936,0,384700
100,2.14E+08,3.54E+06,2249937,2249937,0,430550
100,2.07E+08,3.55E+06,2249938,2249938,0,400650
100,1.99E+08,3.72E+06,2249940,2249940,0,372500
100,2.07E+08,3.58E+06,2249941,2249941,0,400750
100,2.02E+08,3.71E+06,2249943,2249943,0,384700
100,2.14E+08,3.54E+06,2249944,2249944,0,430550
100,2.17E+08,3.66E+06,2249944,2249944,0,439650
100,2.14E+08,3.58E+06,2249945,2249948,0,430550
100,2.07E+08,3.95E+06,2249947,2249947,0,400750
100,2.07E+08,3.58E+06,2249950,2249950,0,400750
100,2.14E+08,3.54E+06,2249950,2249950,0,430550
100,2.14E+08,3.56E+06,2249950,2249950,0,430550
100,2.17E+08,3.58E+06,2249950,2249950,0,439650
100,2.07E+08,3.58E+06,2249954,2249954,0,399500
100,2.07E+08,3.61E+06,2249956,2249956,0,399500
100,1.99E+08,3.82E+06,2249960,2249960,0,372500
100,2.14E+08,3.57E+06,2249960,2249960,0,430550
100,2.14E+08,3.56E+06,2249962,2249962,0,430550
100,2.14E+08,3.97E+06,2249963,2249963,0,430550
100,2.14E+08,3.54E+06,2249963,2249963,0,430550
100,2.14E+08,3.83E+06,2249963,2249963,0,430550
100,2.02E+08,3.62E+06,2249965,2249965,0,384700
100,2.07E+08,3.58E+06,2249965,2249965,0,400650
100,2.14E+08,3.54E+06,2249965,2249965,0,430550
100,2.02E+08,3.54E+06,2249966,2249966,0,384700
100,2.14E+08,3.57E+06,2249966,2249966,0,430550
100,2.14E+08,3.55E+06,2249969,2249969,0,430550
100,2.17E+08,3.65E+06,2249969,2249969,0,439650
100,2.17E+08,3.54E+06,2249970,2249970,0,439650
100,2.14E+08,3.75E+06,2249973,2249973,0,430550
100,2.07E+08,3.55E+06,2249976,2249976,0,400650
100,2.07E+08,3.61E+06,2249976,2249976,0,400750
100,1.99E+08,3.60E+06,2249977,2249978,0,369550
100,2.14E+08,3.55E+06,2249979,2249979,0,430550
100,1.99E+08,4.11E+06,2249980,2249981,0,371050
100,2.17E+08,3.57E+06,2249983,2249983,0,439650
100,2.17E+08,3.66E+06,2249983,2249982,0,439650
100,2.13E+08,3.82E+06,2249986,2249986,0,426450
100,1.99E+08,3.60E+06,2249990,2249990,0,372500
100,1.99E+08,3.66E+06,2249990,2249990,0,372500
100,1.99E+08,3.58E+06,2249992,2249992,0,372500
100,2.02E+08,3.56E+06,2249993,2249993,0,384700
100,2.14E+08,3.55E+06,2249998,2249998,0,430550
100,2.07E+08,3.55E+06,2250000,2250000,0,399500
100,2.07E+08,3.58E+06,2250000,2250000,0,399500
100,2.07E+08,3.54E+06,2250000,2250000,0,400650
100,2.07E+08,3.62E+06,2250000,2250000,0,400650
100,2.07E+08,3.55E+06,2250000,2250000,0,400650
100,2.07E+08,3.54E+06,2250000,2250000,0,400750
100,2.07E+08,3.55E+06,2250000,2250000,0,400750
100,2.07E+08,3.56E+06,2250000,2250000,0,400750
100,2.07E+08,3.56E+06,2250000,2250000,0,400750
100,2.07E+08,3.54E+06,2250000,2250000,0,400750
100,2.14E+08,3.55E+06,2250000,2250000,0,430550
100,2.14E+08,3.62E+06,2250000,2250000,0,430550
100,2.14E+08,3.54E+06,2250000,2250000,0,430550
100,2.14E+08,3.56E+06,2250000,2250000,0,430550
100,2.17E+08,3.58E+06,2250000,2250000,0,439650
100,2.17E+08,3.56E+06,2250000,2250000,0,439650
100,2.17E+08,3.59E+06,2250000,2250000,0,439650
100,2.17E+08,3.55E+06,2250000,2250000,0,439650
100,2.17E+08,3.54E+06,2250000,2250000,0,439650
100,2.07E+08,3.56E+06,2250001,2250001,0,400750
100,2.05E+08,4.40E+06,2250006,2250007,0,392150
100,2.14E+08,3.57E+06,2250007,2250007,0,430550
100,1.99E+08,3.63E+06,2250010,2250010,0,369550
100,2.01E+08,3.82E+06,2250010,2250010,0,382650
100,2.14E+08,3.55E+06,2250010,2250010,0,430550
100,2.17E+08,3.69E+06,2250014,2250014,0,439650
100,2.07E+08,3.55E+06,2250015,2250015,0,400750
100,2.14E+08,3.56E+06,2250016,2250016,0,430550
100,2.14E+08,3.79E+06,2250018,2250018,0,430550
100,1.86E+08,3.80E+06,2250019,2250018,0,332650
100,2.17E+08,3.57E+06,2250019,2250019,0,439650
100,2.14E+08,3.57E+06,2250020,2250020,0,430550
100,2.07E+08,3.59E+06,2250021,2250021,0,400650
100,2.17E+08,3.64E+06,2250021,2250021,0,438200
100,2.07E+08,3.55E+06,2250024,2250024,0,400750
100,2.17E+08,3.54E+06,2250024,2250024,0,439650
100,2.14E+08,3.54E+06,2250027,2250027,0,430550
100,1.99E+08,3.61E+06,2250028,2250028,0,372500
100,2.14E+08,3.58E+06,2250028,2250028,0,430550
100,2.14E+08,3.82E+06,2250030,2250030,0,430550
100,1.99E+08,3.60E+06,2250032,2250032,0,369550
100,1.99E+08,3.79E+06,2250033,2250033,0,372500
100,2.02E+08,3.63E+06,2250036,2250036,0,384700
100,1.99E+08,3.64E+06,2250037,2250037,0,372500
100,2.17E+08,3.59E+06,2250037,2250037,0,439650
100,2.17E+08,3.59E+06,2250037,2250037,0,439750
100,2.07E+08,3.65E+06,2250038,2250038,0,400650
100,2.17E+08,3.57E+06,2250038,2250038,0,439750
100,1.99E+08,3.57E+06,2250039,2250039,0,372500
100,2.17E+08,3.64E+06,2250040,2250040,0,439650
100,2.14E+08,3.54E+06,2250042,2250041,0,430550
100,2.17E+08,3.56E+06,2250047,2250047,0,439750
100,2.07E+08,3.56E+06,2250050,2250050,0,400650
100,2.07E+08,3.57E+06,2250050,2250050,0,400650
100,2.07E+08,3.54E+06,2250050,2250050,0,400750
100,2.07E+08,3.54E+06,2250050,2250050,0,400750
100,2.14E+08,3.57E+06,2250050,2250050,0,430550
100,2.14E+08,3.55E+06,2250050,2250050,0,430550
100,2.14E+08,3.57E+06,2250050,2250050,0,430550
100,2.17E+08,3.54E+06,2250050,2250050,0,439650
100,2.17E+08,3.55E+06,2250050,2250050,0,439650
100,2.17E+08,3.55E+06,2250050,2250050,0,439650
100,2.14E+08,3.61E+06,2250051,2250051,0,430550
100,2.14E+08,3.80E+06,2250052,2250052,0,430550
100,2.17E+08,3.57E+06,2250052,2250052,0,439650
100,2.17E+08,3.68E+06,2250054,2250054,0,439750
100,2.02E+08,3.78E+06,2250056,2250056,0,384700
100,2.14E+08,3.57E+06,2250056,2250056,0,430550
100,2.17E+08,3.55E+06,2250058,2250058,0,439650
100,2.17E+08,3.56E+06,2250061,2250061,0,439650
100,2.14E+08,3.59E+06,2250063,2250063,0,430550
100,2.17E+08,3.56E+06,2250063,2250063,0,439650
100,2.02E+08,3.60E+06,2250064,2250064,0,384300
100,2.02E+08,3.58E+06,2250065,2250065,0,384300
100,2.17E+08,3.70E+06,2250065,2250065,0,438200
100,2.17E+08,3.88E+06,2250067,2250067,0,439650
100,2.07E+08,3.54E+06,2250068,2250068,0,400650
100,2.17E+08,3.65E+06,2250071,2250070,0,439650
100,2.17E+08,3.54E+06,2250072,2250072,0,439650
100,2.14E+08,3.57E+06,2250074,2250074,0,430550
100,1.99E+08,3.62E+06,2250075,2250070,0,372500
100,2.14E+08,3.61E+06,2250075,2250075,0,430550
100,1.99E+08,3.89E+06,2250079,2250079,0,369550
100,2.07E+08,3.55E+06,2250079,2250079,0,400650
100,2.07E+08,3.56E+06,2250079,2250080,0,400750
100,2.14E+08,3.54E+06,2250081,2250082,0,430550
100,1.99E+08,3.97E+06,2250084,2250084,0,372500
100,2.02E+08,3.61E+06,2250084,2250084,0,384700
100,2.14E+08,3.55E+06,2250084,2250084,0,430550
100,2.17E+08,3.54E+06,2250086,2250086,0,439650
100,2.07E+08,3.68E+06,2250093,2250093,0,400750
100,2.17E+08,3.56E+06,2250093,2250094,0,439750
100,2.17E+08,3.63E+06,2250095,2250095,0,439650
100,2.14E+08,3.61E+06,2250097,2250097,0,430550
100,2.17E+08,3.55E+06,2250097,2250097,0,439650
100,2.07E+08,3.54E+06,2250099,2250099,0,400750
100,1.99E+08,3.64E+06,2250100,2250100,0,369550
100,1.99E+08,3.55E+06,2250100,2250100,0,369550
100,2.07E+08,3.63E+06,2250100,2250100,0,400650
100,2.17E+08,3.78E+06,2250100,2250101,0,439750
100,2.17E+08,3.57E+06,2250100,2250100,0,439750
100,2.14E+08,3.54E+06,2250101,2250101,0,430550
100,2.14E+08,3.57E+06,2250104,2250104,0,430550
100,1.99E+08,3.58E+06,2250108,2250108,0,372500
100,2.02E+08,3.82E+06,2250108,2250108,0,384700
100,1.99E+08,3.60E+06,2250110,2250110,0,372500
100,2.17E+08,3.61E+06,2250113,2250113,0,439650
100,2.07E+08,3.58E+06,2250115,2250115,0,400650
100,2.17E+08,3.76E+06,2250117,2250117,0,438200
100,1.98E+08,3.60E+06,2250119,2250119,0,367050
100,2.07E+08,3.73E+06,2250119,2250119,0,400750
100,2.15E+08,4.18E+06,2250122,2250121,0,430550
100,2.07E+08,3.54E+06,2250125,2250125,0,400750
100,2.17E+08,3.62E+06,2250129,2250129,0,439650
100,2.07E+08,3.58E+06,2250132,2250132,0,400650
100,2.14E+08,3.59E+06,2250134,2250134,0,430550
100,2.02E+08,3.56E+06,2250137,2250137,0,384700
100,2.17E+08,3.74E+06,2250137,2250136,0,439650
100,2.17E+08,3.54E+06,2250137,2250137,0,439750
100,2.14E+08,3.60E+06,2250146,2250146,0,430550
100,2.17E+08,3.54E+06,2250148,2250148,0,439650
100,1.99E+08,4.15E+06,2250149,2250149,0,370400
100,2.07E+08,3.55E+06,2250150,2250150,0,400750
100,2.17E+08,3.54E+06,2250150,2250150,0,439650
100,1.98E+08,3.59E+06,2250152,2250152,0,367050
100,2.14E+08,3.59E+06,2250152,2250152,0,430550
100,2.02E+08,3.57E+06,2250153,2250152,0,384700
100,2.14E+08,3.54E+06,2250153,2250153,0,430550
100,2.17E+08,3.57E+06,2250161,2250161,0,439650
100,2.14E+08,3.56E+06,2250162,2250162,0,430550
100,2.14E+08,3.66E+06,2250163,2250163,0,430550
100,2.14E+08,3.58E+06,2250166,2250159,0,430550
100,2.14E+08,3.61E+06,2250170,2250170,0,430550
100,1.96E+08,3.56E+06,2250175,2250175,0,359600
100,1.99E+08,3.73E+06,2250175,2250175,0,369550
100,2.14E+08,3.60E+06,2250176,2250176,0,430550
100,2.14E+08,3.60E+06,2250177,2250177,0,430550
100,2.02E+08,3.90E+06,2250180,2250180,0,384700
100,2.17E+08,3.68E+06,2250183,2250182,0,439650
100,2.02E+08,3.67E+06,2250185,2250185,0,384300
100,2.17E+08,3.57E+06,2250185,2250186,0,439650
100,1.99E+08,4.09E+06,2250186,2250186,0,371050
100,2.17E+08,3.60E+06,2250187,2250191,0,439650
100,1.99E+08,3.58E+06,2250188,2250188,0,369550
100,2.14E+08,3.55E+06,2250188,2250188,0,430550
100,2.02E+08,3.76E+06,2250192,2250192,0,384700
100,2.17E+08,3.57E+06,2250193,2250193,0,439650
100,1.99E+08,3.67E+06,2250196,2250195,0,369550
100,2.17E+08,3.55E+06,2250196,2250196,0,439650
100,2.14E+08,3.55E+06,2250200,2250201,0,430550
100,2.07E+08,3.82E+06,2250201,2250201,0,400750
100,2.14E+08,3.55E+06,2250210,2250210,0,430550
100,2.17E+08,3.55E+06,2250212,2250212,0,439650
100,2.17E+08,3.55E+06,2250217,2250217,0,439750
100,2.17E+08,3.57E+06,2250218,2250218,0,439650
100,2.17E+08,3.56E+06,2250219,2250219,0,439650
100,2.17E+08,3.70E+06,2250219,2250219,0,439750
100,2.14E+08,3.55E+06,2250222,2250221,0,430550
100,2.02E+08,3.93E+06,2250223,2250223,0,384300
100,2.14E+08,3.54E+06,2250225,2250225,0,430550
100,2.17E+08,3.55E+06,2250227,2250227,0,439650
100,1.99E+08,3.75E+06,2250231,2250231,0,372500
100,2.14E+08,3.55E+06,2250237,2250237,0,430550
100,2.14E+08,3.60E+06,2250237,2250237,0,430550
100,2.17E+08,3.57E+06,2250239,2250239,0,439650
100,1.99E+08,3.58E+06,2250244,2250244,0,369550
100,1.99E+08,4.14E+06,2250245,2250245,0,369550
100,2.14E+08,3.61E+06,2250247,2250247,0,430550
100,2.17E+08,3.66E+06,2250247,2250247,0,438200
100,2.17E+08,3.60E+06,2250249,2250249,0,439650
100,2.07E+08,3.55E+06,2250257,2250257,0,400650
100,2.14E+08,3.80E+06,2250257,2250257,0,430550
100,2.14E+08,3.89E+06,2250260,2250260,0,430550
100,1.99E+08,4.05E+06,2250264,2250264,0,369550
100,2.02E+08,3.69E+06,2250265,2250265,0,384300
100,2.02E+08,3.84E+06,2250266,2250265,0,384700
100,1.99E+08,3.55E+06,2250270,2250270,0,372500
100,2.07E+08,3.59E+06,2250271,2250271,0,400750
100,2.14E+08,3.54E+06,2250275,2250275,0,430550
100,2.17E+08,3.63E+06,2250277,2250277,0,439650
100,2.07E+08,3.59E+06,2250279,2250279,0,400650
100,2.14E+08,3.54E+06,2250279,2250279,0,430550
100,2.07E+08,3.55E+06,2250281,2250281,0,400650
100,2.07E+08,3.56E+06,2250287,2250287,0,400650
100,2.17E+08,3.63E+06,2250288,2250290,0,439650
100,2.14E+08,3.56E+06,2250289,2250289,0,430550
100,2.02E+08,3.57E+06,2250290,2250291,0,384700
100,2.17E+08,3.55E+06,2250290,2250290,0,439750
100,2.02E+08,3.81E+06,2250291,2250291,0,384700
100,1.99E+08,3.66E+06,2250293,2250296,0,372500
100,2.08E+08,3.99E+06,2250295,2250295,0,401600
100,2.17E+08,3.56E+06,2250295,2250295,0,439650
100,2.17E+08,3.55E+06,2250296,2250296,0,439650
100,2.17E+08,3.55E+06,2250296,2250296,0,439750
100,2.14E+08,3.55E+06,2250299,2250299,0,430550
100,2.14E+08,3.61E+06,2250300,2250300,0,430550
100,2.14E+08,3.57E+06,2250300,2250299,0,430550
100,2.07E+08,3.55E+06,2250302,2250302,0,400650
100,2.17E+08,3.70E+06,2250303,2250303,0,439650
100,2.17E+08,3.54E+06,2250303,2250303,0,439650
100,2.07E+08,3.55E+06,2250304,2250304,0,400650
100,2.07E+08,3.54E+06,2250304,2250304,0,400650
100,2.05E+08,4.15E+06,2250306,2250310,0,392100
100,2.02E+08,3.57E+06,2250307,2250307,0,384300
100,2.14E+08,3.57E+06,2250308,2250308,0,430550
100,2.14E+08,3.72E+06,2250311,2250312,0,430550
100,2.07E+08,3.89E+06,2250317,2250317,0,399500
100,2.14E+08,3.55E+06,2250318,2250316,0,430550
100,2.07E+08,3.55E+06,2250319,2250319,0,400650
100,2.07E+08,3.54E+06,2250322,2250321,0,400650
100,2.14E+08,3.96E+06,2250323,2250323,0,430550
100,2.17E+08,3.80E+06,2250327,2250327,0,439750
100,2.14E+08,3.54E+06,2250332,2250332,0,430550
100,2.14E+08,3.65E+06,2250333,2250332,0,430550
100,2.07E+08,3.56E+06,2250338,2250338,0,400750
100,1.99E+08,3.66E+06,2250346,2250346,0,372500
100,2.07E+08,3.54E+06,2250350,2250350,0,400750
100,1.99E+08,3.56E+06,2250361,2250361,0,372500
100,2.02E+08,3.71E+06,2250365,2250364,0,384700
100,2.14E+08,3.75E+06,2250367,2250367,0,430550
100,1.99E+08,3.81E+06,2250373,2250373,0,372500
100,2.17E+08,3.55E+06,2250374,2250374,0,439650
100,2.14E+08,3.56E+06,2250375,2250376,0,430550
100,2.14E+08,3.79E+06,2250378,2250378,0,430550
100,2.14E+08,3.55E+06,2250380,2250380,0,430550
100,2.07E+08,3.74E+06,2250388,2250388,0,399500
100,2.07E+08,3.64E+06,2250388,2250388,0,400750
100,2.14E+08,3.54E+06,2250388,2250388,0,430550
100,2.14E+08,3.54E+06,2250388,2250388,0,430550
100,2.17E+08,3.56E+06,2250394,2250393,0,439650
100,2.17E+08,3.61E+06,2250396,2250396,0,439650
100,2.07E+08,3.55E+06,2250399,2250399,0,400750
100,2.07E+08,3.55E+06,2250399,2250399,0,400750
100,2.14E+08,3.70E+06,2250401,2250401,0,430550
100,1.99E+08,3.82E+06,2250402,2250402,0,371700
100,2.17E+08,3.69E+06,2250408,2250408,0,439750
100,2.07E+08,3.54E+06,2250409,2250409,0,400750
100,2.07E+08,3.54E+06,2250411,2250400,0,400650
100,2.02E+08,3.81E+06,2250415,2250415,0,384700
100,2.17E+08,3.54E+06,2250418,2250418,0,439650
100,2.14E+08,3.56E+06,2250421,2250421,0,430550
100,2.14E+08,3.55E+06,2250424,2250423,0,430550
100,2.07E+08,3.64E+06,2250426,2250425,0,400750
100,1.99E+08,3.79E+06,2250428,2250428,0,369450
100,2.07E+08,3.54E+06,2250438,2250438,0,400650
100,2.17E+08,3.59E+06,2250440,2250440,0,439650
100,2.02E+08,3.65E+06,2250441,2250441,0,384700
100,1.99E+08,3.64E+06,2250443,2250442,0,372500
100,2.17E+08,3.54E+06,2250444,2250445,0,439650
100,2.02E+08,3.61E+06,2250447,2250447,0,384700
100,2.07E+08,3.54E+06,2250449,2250449,0,400750
100,2.14E+08,3.59E+06,2250451,2250451,0,430550
100,2.17E+08,3.55E+06,2250457,2250457,0,439650
100,2.07E+08,3.60E+06,2250458,2250458,0,400750
100,2.14E+08,3.54E+06,2250460,2250459,0,430550
100,2.07E+08,3.56E+06,2250461,2250461,0,400750
100,2.17E+08,3.54E+06,2250461,2250461,0,439650
100,2.02E+08,3.57E+06,2250468,2250468,0,384700
100,2.17E+08,3.56E+06,2250471,2250471,0,439650
100,2.17E+08,3.56E+06,2250471,2250472,0,439650
100,2.14E+08,3.57E+06,2250474,2250474,0,430550
100,2.07E+08,3.60E+06,2250483,2250483,0,400750
100,2.17E+08,3.90E+06,2250485,2250485,0,438200
100,1.99E+08,3.54E+06,2250486,2250486,0,372500
100,2.07E+08,3.56E+06,2250490,2250490,0,400750
100,2.14E+08,3.56E+06,2250492,2250492,0,430550
100,2.07E+08,3.72E+06,2250493,2250492,0,400650
100,2.07E+08,3.55E+06,2250493,2250493,0,400650
100,2.15E+08,3.76E+06,2250495,2250496,0,430550
100,2.17E+08,3.55E+06,2250501,2250501,0,439650
100,2.17E+08,3.77E+06,2250518,2250518,0,439650
100,2.07E+08,3.54E+06,2250522,2250522,0,400750
100,2.15E+08,4.45E+06,2250527,2250528,0,431200
100,1.99E+08,3.79E+06,2250532,2250532,0,372500
100,2.17E+08,3.60E+06,2250532,2250533,0,439650
100,2.02E+08,3.69E+06,2250536,2250536,0,384700
100,2.02E+08,3.83E+06,2250541,2250541,0,384700
100,2.07E+08,3.54E+06,2250549,2250549,0,400650
100,2.07E+08,3.55E+06,2250555,2250555,0,400750
100,2.03E+08,4.21E+06,2250561,2250561,0,387100
100,1.99E+08,3.61E+06,2250563,2250563,0,369550
100,2.14E+08,3.55E+06,2250567,2250569,0,430550
100,2.17E+08,3.66E+06,2250570,2250570,0,439650
100,1.99E+08,3.54E+06,2250571,2250572,0,369550
100,2.14E+08,3.61E+06,2250571,2250571,0,430550
100,2.17E+08,3.71E+06,2250578,2250578,0,439650
100,2.17E+08,3.56E+06,2250578,2250578,0,439650
100,2.14E+08,3.54E+06,2250581,2250582,0,430550
100,2.07E+08,3.54E+06,2250583,2250583,0,400650
100,2.14E+08,3.58E+06,2250586,2250586,0,430550
100,1.99E+08,3.82E+06,2250589,2250589,0,369550
100,2.14E+08,3.54E+06,2250589,2250589,0,430550
100,2.14E+08,3.54E+06,2250594,2250595,0,430550
100,1.98E+08,3.92E+06,2250597,2250598,0,367450
100,1.99E+08,3.54E+06,2250601,2250601,0,372500
100,2.07E+08,3.55E+06,2250601,2250601,0,400750
100,2.14E+08,3.54E+06,2250604,2250604,0,430550
100,2.02E+08,3.58E+06,2250606,2250605,0,384700
100,2.07E+08,3.54E+06,2250607,2250607,0,400750
100,2.17E+08,3.59E+06,2250607,2250607,0,439650
100,2.02E+08,3.67E+06,2250609,2250609,0,384700
100,1.98E+08,3.75E+06,2250611,2250611,0,367050
100,2.07E+08,3.56E+06,2250611,2250611,0,400750
100,2.14E+08,3.54E+06,2250614,2250614,0,430550
100,2.15E+08,4.25E+06,2250614,2250614,0,430550
100,2.17E+08,3.56E+06,2250615,2250615,0,439650
100,2.17E+08,3.69E+06,2250616,2250616,0,439650
100,2.14E+08,3.55E+06,2250617,2250617,0,430550
100,2.14E+08,3.81E+06,2250619,2250620,0,430550
100,2.07E+08,3.54E+06,2250622,2250623,0,400650
100,2.17E+08,3.62E+06,2250623,2250623,0,439650
100,2.14E+08,3.57E+06,2250624,2250624,0,430550
100,2.07E+08,3.54E+06,2250632,2250632,0,400750
100,1.99E+08,3.59E+06,2250634,2250634,0,372500
100,2.07E+08,3.55E+06,2250637,2250637,0,400650
100,2.14E+08,3.64E+06,2250637,2250637,0,430550
100,2.07E+08,3.59E+06,2250640,2250640,0,400750
100,2.14E+08,3.63E+06,2250645,2250645,0,430550
100,2.15E+08,4.20E+06,2250648,2250648,0,430700
100,2.17E+08,3.63E+06,2250649,2250649,0,439650
100,2.17E+08,3.54E+06,2250650,2250650,0,439650
100,2.17E+08,3.61E+06,2250657,2250657,0,439650
100,2.17E+08,3.57E+06,2250659,2250659,0,439650
100,2.14E+08,3.55E+06,2250663,2250663,0,430550
100,2.17E+08,3.57E+06,2250663,2250662,0,439650
100,2.17E+08,3.56E+06,2250663,2250663,0,439750
100,2.14E+08,3.54E+06,2250666,2250666,0,430550
100,1.99E+08,3.74E+06,2250671,2250669,0,372500
100,2.14E+08,3.55E+06,2250690,2250690,0,430550
100,2.14E+08,3.56E+06,2250691,2250692,0,430550
100,2.17E+08,3.57E+06,2250693,2250693,0,439650
100,2.03E+08,4.05E+06,2250695,2250695,0,387900
100,2.01E+08,3.69E+06,2250697,2250697,0,381050
100,2.02E+08,3.75E+06,2250697,2250697,0,384700
100,2.17E+08,3.59E+06,2250700,2250700,0,438200
100,2.17E+08,3.57E+06,2250705,2250705,0,439650
100,2.17E+08,3.55E+06,2250705,2250705,0,439650
100,2.14E+08,3.63E+06,2250708,2250711,0,430550
100,2.04E+08,3.79E+06,2250712,2250712,0,389000
100,2.14E+08,3.66E+06,2250715,2250715,0,430550
100,1.99E+08,4.13E+06,2250720,2250720,0,369550
100,2.14E+08,3.57E+06,2250720,2250720,0,430550
100,2.07E+08,3.57E+06,2250722,2250722,0,400650
100,2.14E+08,3.57E+06,2250723,2250723,0,430550
100,2.01E+08,3.75E+06,2250724,2250724,0,381050
100,2.07E+08,3.55E+06,2250725,2250725,0,400650
100,2.14E+08,3.55E+06,2250731,2250731,0,430550
100,2.07E+08,3.55E+06,2250733,2250733,0,400650
100,2.17E+08,3.57E+06,2250738,2250738,0,439650
100,2.17E+08,3.54E+06,2250738,2250740,0,439750
100,1.99E+08,3.61E+06,2250743,2250743,0,372500
100,2.07E+08,3.59E+06,2250743,2250743,0,400750
100,2.17E+08,3.56E+06,2250745,2250746,0,439750
100,2.14E+08,3.56E+06,2250746,2250745,0,430550
100,1.99E+08,3.69E+06,2250748,2250748,0,372500
100,2.17E+08,3.70E+06,2250762,2250762,0,439650
100,2.14E+08,3.83E+06,2250766,2250766,0,430550
100,2.07E+08,3.60E+06,2250774,2250774,0,400750
100,2.17E+08,3.54E+06,2250774,2250774,0,439650
100,1.99E+08,3.63E+06,2250780,2250783,0,372500
100,2.14E+08,3.57E+06,2250780,2250780,0,430550
100,2.14E+08,3.56E+06,2250782,2250782,0,430550
100,2.14E+08,3.58E+06,2250788,2250789,0,430550
100,2.17E+08,3.57E+06,2250789,2250789,0,439650
100,2.07E+08,3.74E+06,2250790,2250791,0,399500
100,2.17E+08,3.57E+06,2250791,2250791,0,439650
100,2.02E+08,3.69E+06,2250793,2250793,0,385000
100,2.14E+08,3.58E+06,2250796,2250796,0,430550
100,2.17E+08,3.61E+06,2250800,2250800,0,439650
100,2.17E+08,3.54E+06,2250801,2250802,0,439650
100,2.07E+08,3.55E+06,2250804,2250804,0,400650
100,2.14E+08,3.55E+06,2250804,2250804,0,430550
100,2.17E+08,3.59E+06,2250814,2250816,0,439650
100,2.02E+08,3.56E+06,2250816,2250816,0,384300
100,2.02E+08,3.60E+06,2250822,2250822,0,384700
100,2.14E+08,3.75E+06,2250822,2250822,0,430550
100,2.17E+08,3.55E+06,2250824,2250825,0,439650
100,2.17E+08,3.62E+06,2250827,2250827,0,439650
100,2.14E+08,3.58E+06,2250829,2250829,0,430550
100,2.17E+08,3.56E+06,2250834,2250833,0,439650
100,2.14E+08,3.55E+06,2250837,2250837,0,430550
100,2.17E+08,3.59E+06,2250840,2250840,0,439650
100,2.14E+08,3.80E+06,2250841,2250841,0,430550
100,2.17E+08,3.63E+06,2250846,2250846,0,439750
100,2.17E+08,3.64E+06,2250847,2250847,0,439750
100,2.17E+08,3.55E+06,2250849,2250849,0,439650
100,2.17E+08,3.66E+06,2250854,2250854,0,439650
100,2.14E+08,3.63E+06,2250857,2250857,0,430550
100,2.14E+08,3.54E+06,2250861,2250861,0,430550
100,2.17E+08,3.69E+06,2250861,2250859,0,438200
100,2.01E+08,4.05E+06,2250867,2250867,0,382650
100,2.17E+08,3.55E+06,2250869,2250869,0,439650
100,2.14E+08,3.62E+06,2250880,2250880,0,430550
100,2.02E+08,3.67E+06,2250883,2250881,0,384700
100,2.17E+08,3.80E+06,2250883,2250884,0,439750
100,2.03E+08,3.66E+06,2250884,2250884,0,387100
100,2.07E+08,3.56E+06,2250884,2250884,0,400750
100,2.07E+08,3.56E+06,2250885,2250888,0,400750
100,2.17E+08,3.67E+06,2250886,2250886,0,439650
100,2.14E+08,3.79E+06,2250888,2250888,0,430550
100,2.17E+08,3.54E+06,2250890,2250890,0,439650
100,2.17E+08,3.66E+06,2250896,2250896,0,439650
100,2.14E+08,3.58E+06,2250903,2250903,0,430550
100,2.17E+08,3.67E+06,2250918,2250918,0,439650
100,2.14E+08,3.55E+06,2250921,2250921,0,430550
100,2.14E+08,3.57E+06,2250923,2250923,0,430550
100,2.17E+08,3.77E+06,2250925,2250925,0,438350
100,2.02E+08,3.64E+06,2250931,2250931,0,384700
100,1.99E+08,3.78E+06,2250933,2250933,0,372500
100,2.02E+08,3.65E+06,2250943,2250941,0,384700
100,2.17E+08,3.58E+06,2250944,2250945,0,439750
100,2.14E+08,3.59E+06,2250946,2250946,0,430550
100,1.99E+08,3.58E+06,2250948,2250949,0,369550
100,2.07E+08,3.84E+06,2250950,2250950,0,399500
100,2.17E+08,3.55E+06,2250954,2250954,0,439650
100,2.17E+08,3.62E+06,2250956,2250956,0,438200
100,2.17E+08,3.57E+06,2250960,2250960,0,439650
100,2.15E+08,4.05E+06,2250961,2250961,0,430550
100,2.07E+08,3.54E+06,2250963,2250963,0,400750
100,2.02E+08,3.92E+06,2250969,2250969,0,384700
100,2.17E+08,3.57E+06,2250969,2250969,0,439650
100,2.02E+08,3.59E+06,2250971,2250971,0,384700
100,2.17E+08,3.54E+06,2250972,2250972,0,439650
100,2.17E+08,3.74E+06,2250974,2250974,0,439650
100,2.17E+08,3.55E+06,2250976,2250981,0,439650
100,2.17E+08,3.58E+06,2250977,2250976,0,439750
100,2.17E+08,3.62E+06,2250979,2250980,0,439650
100,2.14E+08,3.73E+06,2250984,2250983,0,430550
100,2.17E+08,3.60E+06,2250986,2250987,0,439650
100,2.17E+08,3.54E+06,2250986,2250986,0,439650
100,2.17E+08,3.64E+06,2250988,2250988,0,439650
100,1.99E+08,3.58E+06,2250992,2250992,0,369550
100,2.07E+08,3.56E+06,2251000,2251000,0,400650
100,2.14E+08,3.71E+06,2251004,2251004,0,430550
100,2.14E+08,3.56E+06,2251007,2251007,0,430550
100,2.14E+08,3.67E+06,2251010,2251009,0,430550
100,1.99E+08,3.62E+06,2251011,2251010,0,372500
100,2.17E+08,3.55E+06,2251019,2251019,0,439650
100,2.14E+08,3.59E+06,2251020,2251020,0,430550
100,2.14E+08,3.57E+06,2251022,2251023,0,430550
100,2.07E+08,3.59E+06,2251025,2251025,0,400750
100,2.01E+08,3.67E+06,2251026,2251026,0,382000
100,2.02E+08,3.59E+06,2251032,2251032,0,384700
100,2.07E+08,3.55E+06,2251033,2251033,0,400750
100,1.99E+08,3.58E+06,2251037,2251037,0,372500
100,2.14E+08,3.61E+06,2251041,2251041,0,430550
100,2.07E+08,3.56E+06,2251042,2251042,0,400750
100,2.17E+08,3.59E+06,2251042,2251042,0,439650
100,1.99E+08,3.75E+06,2251045,2251048,0,372500
100,2.14E+08,3.60E+06,2251046,2251045,0,430550
100,2.14E+08,3.56E+06,2251048,2251051,0,430550
100,2.14E+08,3.54E+06,2251049,2251046,0,430550
100,2.17E+08,3.54E+06,2251050,2251050,0,439650
100,2.02E+08,3.99E+06,2251051,2251052,0,384700
100,2.14E+08,3.57E+06,2251053,2251055,0,430550
100,2.17E+08,3.66E+06,2251055,2251055,0,439650
100,2.17E+08,3.54E+06,2251055,2251055,0,439650
100,2.07E+08,3.76E+06,2251058,2251061,0,399650
100,1.99E+08,3.54E+06,2251059,2251059,0,372500
100,2.01E+08,3.99E+06,2251060,2251060,0,382650
100,2.07E+08,3.55E+06,2251061,2251062,0,400650
100,2.02E+08,3.63E+06,2251062,2251058,0,384700
100,2.14E+08,3.58E+06,2251062,2251062,0,430550
100,2.01E+08,4.12E+06,2251063,2251063,0,382000
100,2.02E+08,3.62E+06,2251064,2251064,0,384700
100,2.02E+08,3.64E+06,2251068,2251068,0,384700
100,2.07E+08,3.68E+06,2251075,2251075,0,399500
100,2.17E+08,3.66E+06,2251075,2251075,0,439650
100,2.14E+08,3.64E+06,2251079,2251079,0,430550
100,1.99E+08,3.64E+06,2251082,2251081,0,372500
100,1.89E+08,3.92E+06,2251084,2251082,0,338350
100,2.07E+08,3.55E+06,2251096,2251098,0,400650
100,2.17E+08,3.59E+06,2251097,2251097,0,439750
100,2.14E+08,3.54E+06,2251099,2251099,0,430550
100,2.14E+08,3.67E+06,2251099,2251097,0,430550
100,2.14E+08,3.73E+06,2251100,2251100,0,430550
100,2.07E+08,3.56E+06,2251105,2251105,0,400650
100,2.14E+08,3.59E+06,2251105,2251105,0,430550
100,2.14E+08,3.56E+06,2251108,2251108,0,430550
100,2.17E+08,3.76E+06,2251109,2251109,0,439750
100,1.99E+08,3.72E+06,2251114,2251114,0,369550
100,2.14E+08,3.57E+06,2251115,2251112,0,430550
100,2.07E+08,3.59E+06,2251116,2251115,0,400750
100,1.99E+08,3.55E+06,2251119,2251119,0,372500
100,2.14E+08,3.57E+06,2251119,2251118,0,430550
100,2.14E+08,3.54E+06,2251123,2251123,0,430550
100,1.99E+08,4.10E+06,2251124,2251124,0,372500
100,2.07E+08,3.54E+06,2251126,2251126,0,400650
100,2.14E+08,3.55E+06,2251135,2251135,0,430550
100,2.07E+08,3.55E+06,2251137,2251137,0,400750
100,2.14E+08,3.57E+06,2251139,2251139,0,430550
100,2.17E+08,3.55E+06,2251139,2251139,0,439750
100,2.15E+08,3.72E+06,2251140,2251140,0,430550
100,2.02E+08,3.65E+06,2251142,2251141,0,384300
100,2.17E+08,3.58E+06,2251149,2251149,0,439650
100,2.07E+08,3.57E+06,2251153,2251154,0,400750
100,2.14E+08,3.64E+06,2251155,2251154,0,430550
100,2.17E+08,3.85E+06,2251157,2251157,0,439750
100,2.07E+08,3.57E+06,2251159,2251160,0,400750
100,2.08E+08,4.23E+06,2251159,2251159,0,401650
100,2.14E+08,3.54E+06,2251161,2251161,0,430550
100,2.17E+08,3.55E+06,2251162,2251161,0,439650
100,2.14E+08,3.56E+06,2251170,2251170,0,430550
100,2.17E+08,3.54E+06,2251182,2251176,0,439750
100,2.15E+08,3.78E+06,2251186,2251188,0,431000
100,2.17E+08,3.72E+06,2251190,2251190,0,439650
100,2.14E+08,3.56E+06,2251194,2251194,0,430550
100,2.17E+08,3.69E+06,2251199,2251199,0,439750
100,2.14E+08,3.57E+06,2251205,2251205,0,430550
100,2.14E+08,3.55E+06,2251206,2251206,0,430550
100,2.14E+08,3.55E+06,2251210,2251214,0,430550
100,2.17E+08,3.55E+06,2251213,2251214,0,438200
100,1.99E+08,3.59E+06,2251219,2251219,0,372500
100,2.02E+08,3.61E+06,2251221,2251221,0,384700
100,2.14E+08,3.54E+06,2251224,2251224,0,430550
100,2.07E+08,3.54E+06,2251225,2251226,0,400650
100,2.14E+08,3.73E+06,2251228,2251228,0,430550
100,2.03E+08,3.75E+06,2251232,2251232,0,387100
100,2.02E+08,3.95E+06,2251241,2251242,0,384700
100,2.07E+08,3.56E+06,2251242,2251242,0,400750
100,2.17E+08,3.59E+06,2251249,2251249,0,439650
100,2.14E+08,3.55E+06,2251250,2251250,0,430550
100,2.14E+08,3.65E+06,2251251,2251251,0,430550
100,2.17E+08,3.70E+06,2251252,2251252,0,439650
100,2.14E+08,3.54E+06,2251254,2251254,0,430550
100,1.99E+08,3.92E+06,2251260,2251260,0,369550
100,2.17E+08,3.65E+06,2251260,2251260,0,439750
100,2.17E+08,3.56E+06,2251264,2251264,0,439650
100,2.17E+08,3.57E+06,2251264,2251264,0,439650
100,2.14E+08,3.55E+06,2251269,2251269,0,430550
100,2.17E+08,3.64E+06,2251270,2251270,0,439650
100,2.02E+08,3.74E+06,2251271,2251271,0,384700
100,2.07E+08,3.54E+06,2251273,2251272,0,400650
100,2.17E+08,3.55E+06,2251275,2251275,0,439750
100,2.17E+08,3.55E+06,2251276,2251275,0,439650
100,2.17E+08,3.59E+06,2251277,2251277,0,439650
100,2.14E+08,3.62E+06,2251278,2251278,0,430550
100,2.14E+08,3.56E+06,2251281,2251281,0,430550
100,2.17E+08,3.55E+06,2251295,2251295,0,439650
100,1.99E+08,3.69E+06,2251300,2251300,0,372500
100,2.14E+08,3.66E+06,2251302,2251302,0,430550
100,2.07E+08,3.58E+06,2251305,2251305,0,399500
100,2.17E+08,3.54E+06,2251305,2251306,0,439750
100,2.17E+08,3.55E+06,2251313,2251313,0,439650
100,2.07E+08,3.54E+06,2251317,2251317,0,400750
100,2.14E+08,3.59E+06,2251317,2251316,0,430550
100,2.17E+08,3.58E+06,2251320,2251320,0,439650
100,2.14E+08,3.55E+06,2251323,2251323,0,430550
100,1.99E+08,4.09E+06,2251326,2251326,0,369550
100,1.99E+08,3.74E+06,2251329,2251329,0,371500
100,2.17E+08,3.79E+06,2251330,2251330,0,438200
100,2.14E+08,3.55E+06,2251333,2251333,0,430550
100,2.07E+08,3.54E+06,2251338,2251338,0,399500
100,2.14E+08,3.56E+06,2251338,2251337,0,430550
100,1.99E+08,3.61E+06,2251342,2251343,0,372500
100,2.14E+08,3.57E+06,2251356,2251355,0,430550
100,2.17E+08,3.63E+06,2251358,2251357,0,439650
100,2.02E+08,3.67E+06,2251359,2251359,0,384700
100,2.17E+08,3.57E+06,2251361,2251361,0,439650
100,2.14E+08,3.54E+06,2251365,2251365,0,430550
100,2.17E+08,3.66E+06,2251366,2251365,0,439650
100,2.07E+08,3.56E+06,2251371,2251371,0,400750
100,1.99E+08,3.88E+06,2251375,2251375,0,372500
100,2.14E+08,3.55E+06,2251376,2251376,0,430550
100,2.17E+08,3.55E+06,2251376,2251376,0,439650
100,2.07E+08,3.56E+06,2251378,2251377,0,400750
100,2.17E+08,3.55E+06,2251379,2251379,0,439650
100,2.17E+08,3.89E+06,2251379,2251381,0,439650
100,2.17E+08,3.54E+06,2251386,2251387,0,439750
100,2.07E+08,3.54E+06,2251388,2251389,0,400750
100,2.17E+08,3.59E+06,2251389,2251390,0,439750
100,2.17E+08,3.54E+06,2251391,2251391,0,439750
100,1.99E+08,3.76E+06,2251394,2251394,0,372500
100,2.17E+08,3.66E+06,2251394,2251394,0,439650
100,2.07E+08,3.54E+06,2251396,2251396,0,400750
100,2.17E+08,3.54E+06,2251397,2251397,0,439650
100,2.17E+08,3.74E+06,2251401,2251401,0,439750
100,1.89E+08,4.22E+06,2251408,2251407,0,338600
100,2.02E+08,3.58E+06,2251410,2251415,0,384700
100,2.17E+08,3.75E+06,2251415,2251414,0,439750
100,2.14E+08,3.57E+06,2251420,2251421,0,430550
100,2.14E+08,3.55E+06,2251422,2251422,0,430550
100,2.17E+08,3.54E+06,2251423,2251423,0,439650
100,2.02E+08,3.89E+06,2251424,2251424,0,384700
100,2.14E+08,3.73E+06,2251428,2251428,0,430550
100,2.07E+08,3.58E+06,2251429,2251429,0,400750
100,2.17E+08,3.56E+06,2251431,2251432,0,439650
100,2.14E+08,3.60E+06,2251439,2251436,0,430550
100,2.07E+08,3.54E+06,2251441,2251442,0,400650
100,1.97E+08,3.81E+06,2251443,2251443,0,366050
100,2.17E+08,3.57E+06,2251444,2251445,0,439650
100,2.17E+08,3.85E+06,2251444,2251444,0,439750
100,2.04E+08,4.01E+06,2251446,2251445,0,388450
100,2.17E+08,3.71E+06,2251446,2251446,0,439650
100,2.08E+08,3.61E+06,2251452,2251452,0,401600
100,1.99E+08,3.77E+06,2251455,2251455,0,369550
100,2.07E+08,3.56E+06,2251457,2251456,0,400650
100,2.14E+08,3.57E+06,2251457,2251457,0,430550
100,2.03E+08,3.79E+06,2251458,2251460,0,387100
100,1.99E+08,3.66E+06,2251459,2251459,0,372500
100,2.17E+08,3.55E+06,2251462,2251461,0,439650
100,2.17E+08,3.62E+06,2251462,2251460,0,439650
100,2.01E+08,4.19E+06,2251469,2251469,0,382000
100,2.17E+08,3.60E+06,2251473,2251473,0,439650
100,2.07E+08,3.58E+06,2251478,2251477,0,400650
100,2.14E+08,3.56E+06,2251479,2251479,0,430550
100,1.99E+08,3.55E+06,2251482,2251481,0,372500
100,2.14E+08,3.68E+06,2251490,2251492,0,430550
100,2.07E+08,3.58E+06,2251495,2251495,0,400750
100,2.17E+08,3.59E+06,2251497,2251498,0,439650
100,2.14E+08,3.56E+06,2251498,2251503,0,430550
100,2.17E+08,3.58E+06,2251500,2251500,0,439650
100,2.17E+08,3.58E+06,2251507,2251506,0,439650
100,2.07E+08,3.70E+06,2251508,2251508,0,399500
100,1.99E+08,3.72E+06,2251510,2251510,0,372500
100,2.17E+08,3.68E+06,2251523,2251523,0,439650
100,2.02E+08,3.78E+06,2251530,2251530,0,385000
100,2.07E+08,3.54E+06,2251530,2251530,0,400650
100,2.14E+08,3.54E+06,2251530,2251529,0,430550
100,2.17E+08,3.58E+06,2251533,2251533,0,439750
100,2.02E+08,3.70E+06,2251535,2251535,0,384700
100,2.17E+08,3.99E+06,2251538,2251538,0,439750
100,2.07E+08,3.56E+06,2251541,2251541,0,400750
100,2.14E+08,3.56E+06,2251541,2251541,0,430550
100,2.17E+08,3.70E+06,2251542,2251542,0,439750
100,2.14E+08,3.55E+06,2251543,2251543,0,430550
100,2.14E+08,3.61E+06,2251546,2251546,0,430550
100,1.99E+08,3.59E+06,2251549,2251549,0,372500
100,2.02E+08,3.89E+06,2251558,2251555,0,384700
100,1.99E+08,3.74E+06,2251559,2251559,0,372500
100,2.14E+08,3.54E+06,2251561,2251561,0,430550
100,2.17E+08,3.61E+06,2251564,2251563,0,438200
100,2.17E+08,3.59E+06,2251566,2251566,0,439650
100,2.14E+08,3.56E+06,2251572,2251569,0,430550
100,2.08E+08,3.92E+06,2251582,2251582,0,401600
100,2.07E+08,3.55E+06,2251583,2251581,0,400650
100,2.14E+08,3.66E+06,2251585,2251584,0,430550
100,2.17E+08,3.76E+06,2251597,2251597,0,439650
100,2.14E+08,3.54E+06,2251601,2251601,0,430550
100,2.04E+08,4.06E+06,2251602,2251602,0,388450
100,2.02E+08,3.90E+06,2251607,2251607,0,384700
100,2.17E+08,3.55E+06,2251609,2251609,0,439650
100,2.07E+08,3.54E+06,2251610,2251610,0,400750
100,2.02E+08,3.61E+06,2251618,2251618,0,384700
100,2.17E+08,3.60E+06,2251623,2251622,0,439650
100,2.07E+08,3.58E+06,2251627,2251627,0,400750
100,2.17E+08,3.69E+06,2251632,2251632,0,439650
100,2.07E+08,3.56E+06,2251643,2251643,0,400750
100,2.07E+08,3.54E+06,2251647,2251647,0,400650
100,2.07E+08,3.56E+06,2251647,2251641,0,400750
100,2.07E+08,3.58E+06,2251648,2251648,0,400650
100,2.02E+08,3.57E+06,2251651,2251651,0,384700
100,2.05E+08,3.78E+06,2251655,2251655,0,392150
100,2.17E+08,3.57E+06,2251655,2251655,0,439650
100,2.02E+08,4.01E+06,2251660,2251660,0,385300
100,2.07E+08,3.58E+06,2251661,2251661,0,400750
100,2.02E+08,3.58E+06,2251669,2251669,0,384300
100,2.17E+08,3.56E+06,2251670,2251670,0,439750
100,2.14E+08,3.57E+06,2251672,2251672,0,430550
100,2.17E+08,3.74E+06,2251680,2251680,0,439650
100,1.99E+08,3.62E+06,2251682,2251682,0,372500
100,2.14E+08,3.61E+06,2251685,2251686,0,430550
100,2.07E+08,3.54E+06,2251689,2251689,0,400750
100,1.99E+08,3.62E+06,2251698,2251698,0,369550
100,2.07E+08,3.68E+06,2251699,2251699,0,399500
100,2.14E+08,3.68E+06,2251703,2251703,0,430550
100,1.98E+08,3.89E+06,2251704,2251704,0,367050
100,1.99E+08,3.59E+06,2251713,2251713,0,372500
100,2.17E+08,3.59E+06,2251716,2251716,0,439750
100,1.99E+08,3.66E+06,2251720,2251720,0,369550
100,2.17E+08,3.60E+06,2251722,2251722,0,439750
100,2.14E+08,3.58E+06,2251732,2251733,0,430550
100,1.99E+08,3.60E+06,2251733,2251733,0,369550
100,2.07E+08,3.58E+06,2251735,2251735,0,400650
100,2.07E+08,3.54E+06,2251735,2251735,0,400750
100,2.17E+08,3.56E+06,2251735,2251735,0,439750
100,2.02E+08,3.60E+06,2251736,2251736,0,384700
100,2.07E+08,3.82E+06,2251736,2251736,0,400650
100,2.07E+08,3.55E+06,2251741,2251741,0,400650
100,2.05E+08,3.79E+06,2251744,2251743,0,392100
100,2.15E+08,4.33E+06,2251744,2251744,0,433550
100,2.07E+08,3.57E+06,2251757,2251756,0,400750
100,2.07E+08,3.54E+06,2251761,2251761,0,400650
100,2.04E+08,3.77E+06,2251762,2251762,0,390000
100,2.14E+08,3.55E+06,2251763,2251763,0,430550
100,2.17E+08,3.61E+06,2251767,2251768,0,439650
100,1.99E+08,3.56E+06,2251768,2251768,0,369550
100,2.17E+08,3.59E+06,2251768,2251768,0,439650
100,1.99E+08,3.76E+06,2251769,2251769,0,372500
100,2.14E+08,3.71E+06,2251770,2251773,0,430550
100,2.14E+08,3.56E+06,2251776,2251776,0,430550
100,2.17E+08,3.57E+06,2251787,2251787,0,439650
100,2.07E+08,3.57E+06,2251788,2251788,0,400650
100,2.17E+08,3.58E+06,2251789,2251789,0,439650
100,2.17E+08,3.56E+06,2251791,2251791,0,439650
100,2.07E+08,3.55E+06,2251793,2251793,0,400650
100,2.14E+08,3.58E+06,2251803,2251802,0,430550
100,2.02E+08,3.59E+06,2251805,2251805,0,384700
100,2.07E+08,3.59E+06,2251805,2251803,0,400650
100,1.99E+08,3.64E+06,2251807,2251807,0,369550
100,2.07E+08,3.54E+06,2251810,2251810,0,400750
100,2.17E+08,3.55E+06,2251811,2251810,0,439650
100,2.14E+08,3.58E+06,2251814,2251813,0,430550
100,1.99E+08,3.87E+06,2251817,2251817,0,372500
100,2.14E+08,3.54E+06,2251818,2251818,0,430550
100,2.14E+08,3.54E+06,2251823,2251823,0,430550
100,2.17E+08,3.92E+06,2251829,2251829,0,439650
100,2.14E+08,3.54E+06,2251834,2251836,0,430550
100,2.17E+08,3.68E+06,2251835,2251835,0,439650
100,2.07E+08,3.55E+06,2251840,2251840,0,400750
100,2.14E+08,3.61E+06,2251841,2251841,0,430550
100,2.07E+08,3.68E+06,2251846,2251846,0,399500
100,2.02E+08,4.05E+06,2251851,2251851,0,384700
100,1.99E+08,3.65E+06,2251858,2251856,0,372500
100,2.17E+08,3.62E+06,2251859,2251858,0,439650
100,1.99E+08,3.82E+06,2251862,2251863,0,371500
100,1.99E+08,3.65E+06,2251862,2251862,0,372500
100,1.99E+08,3.73E+06,2251880,2251880,0,371700
100,2.02E+08,3.69E+06,2251883,2251884,0,384700
100,2.07E+08,3.56E+06,2251883,2251883,0,400650
100,2.15E+08,3.80E+06,2251887,2251887,0,430550
100,2.07E+08,3.58E+06,2251890,2251890,0,400650
100,2.17E+08,3.60E+06,2251908,2251909,0,439650
100,2.02E+08,3.57E+06,2251911,2251911,0,384700
100,2.07E+08,3.56E+06,2251914,2251914,0,400650
100,2.02E+08,3.62E+06,2251922,2251922,0,384700
100,2.14E+08,3.54E+06,2251922,2251922,0,430550
100,2.07E+08,3.58E+06,2251926,2251926,0,399500
100,2.07E+08,3.54E+06,2251930,2251930,0,400750
100,2.14E+08,3.56E+06,2251932,2251932,0,430550
100,1.98E+08,3.68E+06,2251934,2251931,0,367450
100,2.17E+08,3.61E+06,2251934,2251934,0,438200
100,2.14E+08,3.57E+06,2251942,2251936,0,430550
100,2.07E+08,3.70E+06,2251944,2251944,0,400650
100,2.07E+08,3.74E+06,2251945,2251949,0,400650
100,2.02E+08,3.70E+06,2251955,2251955,0,384300
100,1.96E+08,3.81E+06,2251957,2251954,0,359600
100,2.14E+08,3.57E+06,2251962,2251964,0,430550
100,1.99E+08,3.59E+06,2251980,2251980,0,372500
100,2.17E+08,3.72E+06,2251983,2251983,0,438200
100,2.14E+08,3.57E+06,2251987,2251987,0,430550
100,2.14E+08,3.57E+06,2251989,2251989,0,430550
100,2.14E+08,3.68E+06,2251990,2251990,0,430550
100,2.17E+08,3.54E+06,2251990,2251990,0,439650
100,2.14E+08,3.57E+06,2251991,2251993,0,430550
100,2.14E+08,3.54E+06,2251999,2252005,0,430550
100,2.07E+08,3.57E+06,2252001,2252001,0,400650
100,2.14E+08,3.55E+06,2252010,2252010,0,430550
100,2.14E+08,3.58E+06,2252011,2252011,0,430550
100,2.07E+08,3.54E+06,2252016,2252018,0,400750
100,2.17E+08,3.55E+06,2252018,2252019,0,439650
100,2.14E+08,3.60E+06,2252028,2252028,0,430550
100,2.14E+08,3.54E+06,2252029,2252029,0,430550
100,2.14E+08,3.61E+06,2252032,2252032,0,430550
100,2.17E+08,3.54E+06,2252034,2252038,0,439650
100,2.14E+08,3.61E+06,2252037,2252037,0,430550
100,2.02E+08,3.56E+06,2252039,2252039,0,384300
100,2.17E+08,3.67E+06,2252040,2252039,0,438200
100,2.01E+08,4.11E+06,2252042,2252041,0,382000
100,2.17E+08,3.56E+06,2252042,2252043,0,439650
100,2.15E+08,3.80E+06,2252043,2252043,0,433550
100,2.14E+08,3.55E+06,2252045,2252045,0,430550
100,2.14E+08,3.58E+06,2252054,2252054,0,430550
100,2.17E+08,3.56E+06,2252055,2252055,0,439650
100,2.14E+08,3.57E+06,2252065,2252065,0,430550
100,2.17E+08,3.78E+06,2252067,2252067,0,438200
100,2.17E+08,3.58E+06,2252069,2252069,0,439650
100,2.14E+08,3.55E+06,2252073,2252072,0,430550
100,2.07E+08,3.55E+06,2252077,2252077,0,400650
100,2.17E+08,3.55E+06,2252085,2252086,0,439650
100,2.07E+08,3.55E+06,2252090,2252090,0,400650
100,1.99E+08,3.64E+06,2252092,2252092,0,372500
100,2.02E+08,3.62E+06,2252094,2252094,0,384700
100,2.14E+08,3.54E+06,2252098,2252098,0,430550
100,1.99E+08,3.55E+06,2252100,2252100,0,372500
100,2.07E+08,3.84E+06,2252100,2252100,0,399500
100,2.14E+08,3.54E+06,2252100,2252100,0,430550
100,1.99E+08,3.60E+06,2252103,2252103,0,369550
100,2.14E+08,3.62E+06,2252104,2252104,0,430550
100,2.17E+08,3.55E+06,2252107,2252107,0,439650
100,2.07E+08,3.56E+06,2252109,2252109,0,400650
100,2.17E+08,3.71E+06,2252109,2252109,0,439750
100,2.07E+08,3.56E+06,2252114,2252113,0,400650
100,2.07E+08,3.58E+06,2252114,2252114,0,400750
100,1.99E+08,3.83E+06,2252117,2252117,0,369550
100,2.17E+08,3.59E+06,2252120,2252120,0,439650
100,2.07E+08,3.54E+06,2252124,2252124,0,400750
100,2.17E+08,3.56E+06,2252140,2252140,0,439750
100,2.17E+08,3.57E+06,2252142,2252142,0,439650
100,2.17E+08,3.54E+06,2252142,2252142,0,439750
100,2.02E+08,3.57E+06,2252147,2252145,0,384700
100,1.99E+08,3.60E+06,2252150,2252150,0,372500
100,2.14E+08,3.62E+06,2252162,2252162,0,430550
100,2.07E+08,3.54E+06,2252171,2252171,0,400750
100,2.17E+08,3.63E+06,2252172,2252172,0,439650
100,2.07E+08,3.57E+06,2252175,2252175,0,400650
100,2.07E+08,3.55E+06,2252188,2252188,0,400750
100,2.14E+08,3.55E+06,2252191,2252189,0,430550
100,2.14E+08,3.73E+06,2252191,2252193,0,430550
100,2.02E+08,4.02E+06,2252195,2252195,0,384700
100,2.14E+08,3.54E+06,2252195,2252195,0,430550
100,2.14E+08,4.15E+06,2252195,2252195,0,430550
100,2.14E+08,3.61E+06,2252199,2252199,0,430550
100,2.14E+08,3.57E+06,2252203,2252203,0,430550
100,2.14E+08,3.54E+06,2252206,2252206,0,430550
100,2.17E+08,3.74E+06,2252208,2252208,0,439650
100,1.99E+08,3.60E+06,2252213,2252212,0,369550
100,2.14E+08,3.58E+06,2252219,2252218,0,430550
100,2.07E+08,3.59E+06,2252221,2252221,0,399500
100,2.07E+08,3.55E+06,2252223,2252223,0,399500
100,2.07E+08,3.59E+06,2252223,2252223,0,400750
100,2.14E+08,3.57E+06,2252227,2252228,0,430550
100,2.17E+08,3.54E+06,2252229,2252229,0,439650
100,2.14E+08,3.56E+06,2252231,2252231,0,430550
100,2.14E+08,3.54E+06,2252241,2252241,0,430550
100,2.17E+08,3.57E+06,2252242,2252242,0,439650
100,1.99E+08,3.57E+06,2252243,2252244,0,372500
100,2.07E+08,3.65E+06,2252245,2252245,0,400650
100,2.14E+08,3.68E+06,2252247,2252247,0,430550
100,2.14E+08,3.96E+06,2252252,2252253,0,430550
100,2.14E+08,3.92E+06,2252254,2252256,0,430550
100,1.99E+08,3.77E+06,2252260,2252259,0,371500
100,1.99E+08,3.58E+06,2252263,2252263,0,372500
100,2.14E+08,3.64E+06,2252263,2252263,0,430550
100,1.99E+08,3.68E+06,2252266,2252266,0,372500
100,2.02E+08,3.57E+06,2252274,2252274,0,384700
100,2.14E+08,3.57E+06,2252276,2252276,0,430550
100,2.07E+08,3.56E+06,2252280,2252281,0,400750
100,2.14E+08,3.60E+06,2252284,2252284,0,430550
100,2.02E+08,3.61E+06,2252290,2252290,0,384700
100,1.96E+08,4.33E+06,2252291,2252291,0,361850
100,2.07E+08,3.56E+06,2252291,2252291,0,400650
100,2.07E+08,3.54E+06,2252291,2252290,0,400750
100,2.17E+08,3.57E+06,2252292,2252293,0,439650
100,2.14E+08,3.57E+06,2252299,2252299,0,430550
100,2.01E+08,3.84E+06,2252300,2252299,0,381050
100,2.17E+08,3.77E+06,2252303,2252306,0,438200
100,2.14E+08,3.55E+06,2252304,2252302,0,430550
100,2.14E+08,3.55E+06,2252304,2252304,0,430550
100,2.17E+08,3.63E+06,2252306,2252306,0,439750
100,2.07E+08,3.58E+06,2252308,2252308,0,400650
100,1.99E+08,3.66E+06,2252310,2252308,0,372500
100,2.07E+08,3.57E+06,2252312,2252312,0,400650
100,2.15E+08,4.19E+06,2252312,2252312,0,431000
100,2.14E+08,3.54E+06,2252316,2252316,0,430550
100,1.99E+08,3.59E+06,2252317,2252317,0,372500
100,2.07E+08,3.55E+06,2252324,2252324,0,400650
100,2.14E+08,3.55E+06,2252328,2252328,0,430550
100,2.17E+08,3.58E+06,2252328,2252328,0,439650
100,2.14E+08,3.55E+06,2252329,2252329,0,430550
100,2.17E+08,3.57E+06,2252329,2252329,0,439650
100,2.17E+08,3.62E+06,2252331,2252330,0,439750
100,2.14E+08,3.58E+06,2252337,2252339,0,430550
100,2.14E+08,3.56E+06,2252340,2252340,0,430550
100,2.14E+08,3.60E+06,2252351,2252351,0,430550
100,2.14E+08,3.69E+06,2252353,2252353,0,430550
100,2.07E+08,3.54E+06,2252356,2252353,0,400650
100,1.99E+08,3.57E+06,2252360,2252360,0,369550
100,1.99E+08,3.88E+06,2252363,2252364,0,372500
100,2.07E+08,3.58E+06,2252363,2252363,0,400750
100,2.17E+08,3.54E+06,2252364,2252364,0,439650
100,2.03E+08,4.04E+06,2252381,2252380,0,387900
100,2.17E+08,3.74E+06,2252381,2252383,0,439650
100,1.99E+08,3.62E+06,2252384,2252384,0,372500
100,2.17E+08,3.57E+06,2252388,2252388,0,439650
100,1.99E+08,3.57E+06,2252390,2252389,0,372500
100,2.07E+08,3.54E+06,2252390,2252388,0,400650
100,2.17E+08,3.54E+06,2252390,2252390,0,439650
100,2.14E+08,3.54E+06,2252391,2252391,0,430550
100,1.99E+08,3.57E+06,2252394,2252394,0,372500
100,2.14E+08,3.57E+06,2252402,2252402,0,430550
100,2.14E+08,3.83E+06,2252405,2252405,0,430550
100,2.14E+08,3.54E+06,2252414,2252414,0,430550
100,2.14E+08,3.57E+06,2252417,2252417,0,430550
100,2.17E+08,3.58E+06,2252417,2252418,0,439650
100,2.07E+08,3.54E+06,2252425,2252424,0,400750
100,2.17E+08,3.56E+06,2252427,2252427,0,439650
100,2.14E+08,3.54E+06,2252429,2252429,0,430550
100,2.14E+08,3.54E+06,2252431,2252431,0,430550
100,2.14E+08,3.59E+06,2252431,2252429,0,430550
100,2.07E+08,3.54E+06,2252436,2252434,0,400650
100,2.17E+08,3.54E+06,2252439,2252439,0,439650
100,2.04E+08,3.73E+06,2252441,2252440,0,390000
100,2.14E+08,3.55E+06,2252449,2252449,0,430550
100,1.99E+08,3.70E+06,2252452,2252452,0,372500
100,2.02E+08,3.94E+06,2252452,2252454,0,385300
100,2.07E+08,3.55E+06,2252456,2252456,0,400750
100,2.14E+08,3.57E+06,2252460,2252459,0,430550
100,1.99E+08,3.55E+06,2252462,2252462,0,369550
100,2.14E+08,3.54E+06,2252468,2252468,0,430550
100,2.08E+08,3.98E+06,2252471,2252469,0,401600
100,2.07E+08,3.71E+06,2252477,2252477,0,400750
100,2.17E+08,3.71E+06,2252479,2252479,0,439650
100,2.14E+08,3.54E+06,2252484,2252484,0,430550
100,1.99E+08,4.13E+06,2252487,2252487,0,369550
100,2.14E+08,3.60E+06,2252487,2252487,0,430550
100,2.14E+08,3.55E+06,2252488,2252488,0,430550
100,1.99E+08,3.62E+06,2252494,2252494,0,369550
100,2.17E+08,3.57E+06,2252495,2252495,0,439650
100,1.99E+08,3.67E+06,2252498,2252498,0,369550
100,2.14E+08,3.54E+06,2252499,2252496,0,430550
100,1.99E+08,3.58E+06,2252500,2252500,0,372500
100,2.14E+08,3.54E+06,2252509,2252511,0,430550
100,2.17E+08,3.56E+06,2252512,2252512,0,439750
100,2.02E+08,3.69E+06,2252513,2252513,0,384700
100,2.14E+08,4.03E+06,2252519,2252517,0,430550
100,2.01E+08,3.75E+06,2252521,2252521,0,382650
100,2.07E+08,3.55E+06,2252523,2252523,0,400750
100,1.99E+08,3.61E+06,2252528,2252530,0,372500
100,2.02E+08,4.21E+06,2252531,2252531,0,385000
100,2.07E+08,3.58E+06,2252534,2252534,0,400650
100,2.07E+08,3.56E+06,2252535,2252534,0,400650
100,2.17E+08,3.54E+06,2252535,2252535,0,439650
100,1.97E+08,4.33E+06,2252536,2252536,0,366050
100,1.99E+08,3.54E+06,2252538,2252536,0,369550
100,1.97E+08,3.79E+06,2252543,2252542,0,366050
100,2.17E+08,3.93E+06,2252551,2252551,0,439650
100,2.07E+08,3.57E+06,2252553,2252553,0,400750
100,2.02E+08,3.86E+06,2252558,2252558,0,384700
100,2.14E+08,3.56E+06,2252559,2252560,0,430550
100,2.07E+08,3.55E+06,2252562,2252562,0,400650
100,2.17E+08,3.78E+06,2252562,2252562,0,439650
100,2.17E+08,3.57E+06,2252562,2252564,0,439650
100,2.02E+08,3.66E+06,2252567,2252567,0,384300
100,2.14E+08,3.57E+06,2252569,2252572,0,430550
100,2.07E+08,3.57E+06,2252572,2252572,0,400650
100,2.14E+08,3.56E+06,2252573,2252573,0,430550
100,2.14E+08,3.60E+06,2252580,2252580,0,430550
100,2.07E+08,3.70E+06,2252581,2252581,0,399500
100,1.99E+08,3.63E+06,2252582,2252582,0,369550
100,2.17E+08,3.86E+06,2252582,2252582,0,438200
100,2.07E+08,3.55E+06,2252589,2252589,0,400750
100,2.07E+08,3.56E+06,2252591,2252591,0,400650
100,2.14E+08,3.54E+06,2252593,2252593,0,430550
100,2.14E+08,3.69E+06,2252597,2252597,0,430550
100,1.99E+08,3.56E+06,2252598,2252598,0,372500
100,2.07E+08,3.55E+06,2252601,2252602,0,400650
100,2.14E+08,3.55E+06,2252601,2252598,0,430550
100,2.17E+08,3.56E+06,2252603,2252603,0,439750
100,2.14E+08,3.55E+06,2252611,2252611,0,430550
100,2.17E+08,3.55E+06,2252615,2252615,0,439650
100,2.17E+08,3.55E+06,2252617,2252617,0,439750
100,2.14E+08,3.83E+06,2252620,2252620,0,430550
100,2.17E+08,3.54E+06,2252649,2252648,0,439650
100,2.17E+08,3.63E+06,2252650,2252650,0,439650
100,2.07E+08,3.56E+06,2252666,2252666,0,400650
100,2.02E+08,3.64E+06,2252669,2252670,0,384700
100,2.17E+08,3.70E+06,2252672,2252671,0,438200
100,2.17E+08,3.54E+06,2252680,2252681,0,439650
100,1.99E+08,3.79E+06,2252683,2252683,0,372500
100,2.17E+08,3.54E+06,2252683,2252683,0,439750
100,2.07E+08,3.62E+06,2252686,2252688,0,400650
100,2.02E+08,3.95E+06,2252694,2252694,0,385150
100,2.07E+08,3.56E+06,2252700,2252702,0,400750
100,2.15E+08,4.11E+06,2252701,2252700,0,430550
100,2.17E+08,3.55E+06,2252704,2252704,0,439650
100,2.14E+08,3.55E+06,2252706,2252707,0,430550
100,2.07E+08,3.54E+06,2252712,2252712,0,400650
100,2.07E+08,3.65E+06,2252716,2252717,0,400650
100,2.17E+08,3.54E+06,2252723,2252723,0,439750
100,2.14E+08,3.66E+06,2252725,2252728,0,430550
100,1.99E+08,3.60E+06,2252732,2252731,0,369450
100,2.14E+08,3.55E+06,2252732,2252732,0,430550
100,2.14E+08,3.77E+06,2252739,2252737,0,430550
100,2.02E+08,3.84E+06,2252741,2252741,0,384700
100,2.17E+08,3.58E+06,2252753,2252753,0,439650
100,1.99E+08,3.60E+06,2252755,2252755,0,372500
100,2.17E+08,3.55E+06,2252759,2252756,0,439650
100,2.07E+08,3.61E+06,2252761,2252761,0,400650
100,2.07E+08,3.58E+06,2252764,2252764,0,400650
100,2.14E+08,3.56E+06,2252764,2252764,0,430550
100,2.14E+08,3.69E+06,2252770,2252770,0,430550
100,1.99E+08,3.66E+06,2252780,2252780,0,372500
100,2.14E+08,3.55E+06,2252786,2252786,0,430550
100,2.17E+08,3.55E+06,2252791,2252790,0,439650
100,2.01E+08,3.70E+06,2252792,2252793,0,381050
100,2.14E+08,3.54E+06,2252792,2252792,0,430550
100,2.17E+08,3.55E+06,2252793,2252793,0,439750
100,2.17E+08,3.56E+06,2252794,2252796,0,439650
100,2.14E+08,3.54E+06,2252809,2252809,0,430550
100,2.14E+08,3.56E+06,2252811,2252810,0,430550
100,2.00E+08,3.82E+06,2252818,2252818,0,376300
100,2.17E+08,3.54E+06,2252819,2252820,0,439650
100,2.17E+08,3.64E+06,2252819,2252819,0,439750
100,2.07E+08,3.55E+06,2252827,2252827,0,400750
100,2.14E+08,3.56E+06,2252827,2252827,0,430550
100,2.14E+08,3.59E+06,2252828,2252828,0,430550
100,2.14E+08,3.95E+06,2252829,2252830,0,430550
100,2.14E+08,3.71E+06,2252833,2252834,0,430550
100,1.99E+08,3.60E+06,2252835,2252835,0,369550
100,2.17E+08,3.59E+06,2252839,2252839,0,439650
100,2.14E+08,3.54E+06,2252842,2252842,0,430550
100,2.14E+08,3.55E+06,2252842,2252840,0,430550
100,2.07E+08,4.24E+06,2252843,2252843,0,399500
100,2.14E+08,3.70E+06,2252849,2252849,0,430550
100,2.04E+08,4.08E+06,2252850,2252850,0,389000
100,2.14E+08,3.56E+06,2252851,2252850,0,430550
100,2.07E+08,3.55E+06,2252854,2252854,0,400750
100,2.17E+08,3.65E+06,2252858,2252858,0,439650
100,2.14E+08,3.55E+06,2252864,2252864,0,430550
100,2.14E+08,3.79E+06,2252864,2252865,0,430550
100,2.17E+08,3.82E+06,2252866,2252863,0,439650
100,2.14E+08,3.57E+06,2252867,2252867,0,430550
100,2.07E+08,3.56E+06,2252871,2252869,0,400750
100,2.07E+08,3.57E+06,2252876,2252876,0,400750
100,2.17E+08,3.55E+06,2252878,2252881,0,439750
100,2.14E+08,3.59E+06,2252884,2252884,0,430550
100,2.02E+08,3.65E+06,2252886,2252886,0,384700
100,1.98E+08,3.76E+06,2252887,2252887,0,367450
100,2.14E+08,3.57E+06,2252891,2252891,0,430550
100,2.17E+08,3.54E+06,2252891,2252891,0,439650
100,2.02E+08,3.70E+06,2252897,2252893,0,385000
100,2.14E+08,3.73E+06,2252897,2252899,0,430550
100,1.63E+08,3.58E+06,2252906,2252906,0,251550
100,2.07E+08,3.61E+06,2252916,2252916,0,400750
100,2.04E+08,4.19E+06,2252919,2252919,0,389350
100,2.05E+08,3.79E+06,2252923,2252923,0,396450
100,2.14E+08,3.55E+06,2252923,2252923,0,430550
100,1.99E+08,3.61E+06,2252931,2252931,0,372500
100,2.07E+08,3.61E+06,2252936,2252936,0,400750
100,2.07E+08,3.54E+06,2252937,2252940,0,400650
100,2.14E+08,3.58E+06,2252938,2252939,0,430550
100,2.07E+08,3.54E+06,2252939,2252939,0,400650
100,1.99E+08,3.58E+06,2252941,2252937,0,372500
100,2.14E+08,3.60E+06,2252944,2252942,0,430550
100,2.17E+08,3.56E+06,2252946,2252946,0,439650
100,2.14E+08,3.54E+06,2252947,2252948,0,430550
100,1.99E+08,3.56E+06,2252962,2252962,0,369550
100,2.15E+08,3.87E+06,2252963,2252962,0,431000
100,2.02E+08,3.68E+06,2252965,2252965,0,384700
100,2.07E+08,3.55E+06,2252966,2252965,0,400650
100,1.99E+08,3.65E+06,2252968,2252967,0,372500
100,2.07E+08,3.54E+06,2252974,2252975,0,400650
100,2.02E+08,3.75E+06,2252977,2252977,0,384700
100,2.17E+08,3.73E+06,2252978,2252979,0,439750
100,2.14E+08,3.56E+06,2252979,2252979,0,430550
100,2.14E+08,3.55E+06,2252988,2252988,0,430550
100,2.02E+08,3.91E+06,2252992,2252993,0,384700
100,2.17E+08,3.80E+06,2252994,2252995,0,439750
100,2.02E+08,3.75E+06,2252998,2252997,0,384700
100,2.07E+08,3.56E+06,2253003,2253003,0,399500
100,2.14E+08,3.56E+06,2253003,2253003,0,430550
100,2.14E+08,3.55E+06,2253013,2253013,0,430550
100,2.17E+08,3.68E+06,2253023,2253023,0,439650
100,2.17E+08,3.61E+06,2253025,2253024,0,439650
100,2.14E+08,3.57E+06,2253031,2253032,0,430550
100,2.07E+08,3.59E+06,2253039,2253039,0,400750
100,2.17E+08,3.54E+06,2253048,2253050,0,439750
100,2.07E+08,3.54E+06,2253053,2253053,0,400750
100,2.07E+08,3.57E+06,2253060,2253059,0,400650
100,1.99E+08,3.73E+06,2253061,2253060,0,372500
100,2.14E+08,3.56E+06,2253079,2253077,0,430550
100,2.14E+08,3.58E+06,2253081,2253080,0,430550
100,2.14E+08,3.65E+06,2253082,2253083,0,430550
100,2.14E+08,3.56E+06,2253083,2253079,0,430550
100,2.17E+08,3.54E+06,2253085,2253085,0,439650
100,1.99E+08,3.76E+06,2253094,2253094,0,372500
100,1.99E+08,3.72E+06,2253102,2253102,0,371700
100,2.14E+08,3.56E+06,2253103,2253105,0,430550
100,2.07E+08,3.54E+06,2253104,2253108,0,400750
100,2.17E+08,3.54E+06,2253105,2253105,0,439750
100,2.17E+08,3.56E+06,2253118,2253114,0,439650
100,2.17E+08,3.54E+06,2253120,2253120,0,439750
100,2.07E+08,3.57E+06,2253126,2253127,0,400750
100,2.02E+08,3.66E+06,2253131,2253131,0,384700
100,2.07E+08,3.61E+06,2253138,2253139,0,400750
100,2.14E+08,3.57E+06,2253141,2253140,0,430550
100,2.17E+08,3.55E+06,2253147,2253147,0,439650
100,2.14E+08,3.56E+06,2253150,2253151,0,430550
100,2.14E+08,3.55E+06,2253150,2253150,0,430550
100,2.07E+08,3.55E+06,2253159,2253161,0,400650
100,2.07E+08,3.56E+06,2253159,2253159,0,400750
100,2.17E+08,3.87E+06,2253173,2253173,0,439650
100,2.14E+08,3.65E+06,2253175,2253174,0,430550
100,2.17E+08,3.54E+06,2253175,2253175,0,439650
100,2.17E+08,3.59E+06,2253178,2253177,0,439750
100,2.17E+08,3.56E+06,2253179,2253180,0,439650
100,2.07E+08,3.57E+06,2253180,2253180,0,400650
100,2.17E+08,3.58E+06,2253190,2253190,0,439650
100,2.17E+08,3.55E+06,2253200,2253197,0,439750
100,2.17E+08,3.61E+06,2253204,2253204,0,439650
100,1.96E+08,3.58E+06,2253205,2253210,0,359600
100,1.99E+08,3.74E+06,2253208,2253207,0,370400
100,2.17E+08,3.57E+06,2253215,2253218,0,439650
100,2.02E+08,3.55E+06,2253217,2253218,0,384700
100,2.14E+08,3.61E+06,2253220,2253220,0,430550
100,2.02E+08,3.84E+06,2253234,2253234,0,384700
100,2.14E+08,3.58E+06,2253234,2253237,0,430550
100,2.07E+08,3.54E+06,2253238,2253238,0,400650
100,2.17E+08,3.54E+06,2253238,2253238,0,439650
100,2.02E+08,3.63E+06,2253243,2253243,0,384700
100,2.14E+08,3.79E+06,2253244,2253244,0,430550
100,2.15E+08,3.79E+06,2253247,2253244,0,431000
100,2.14E+08,3.55E+06,2253251,2253252,0,430550
100,2.02E+08,3.57E+06,2253255,2253255,0,384700
100,2.14E+08,3.69E+06,2253260,2253260,0,430550
100,1.99E+08,3.54E+06,2253261,2253263,0,372500
100,2.05E+08,4.12E+06,2253265,2253265,0,391900
100,2.17E+08,3.54E+06,2253265,2253264,0,439650
100,2.02E+08,3.81E+06,2253269,2253268,0,384700
100,2.17E+08,3.78E+06,2253284,2253284,0,439650
100,2.17E+08,3.54E+06,2253287,2253289,0,439650
100,1.96E+08,3.81E+06,2253292,2253292,0,359400
100,2.14E+08,3.56E+06,2253308,2253308,0,430550
100,2.14E+08,3.63E+06,2253310,2253309,0,430550
100,2.07E+08,3.54E+06,2253313,2253313,0,400750
100,2.02E+08,3.63E+06,2253338,2253339,0,384700
100,2.14E+08,3.56E+06,2253339,2253339,0,430550
100,2.02E+08,3.61E+06,2253342,2253342,0,384300
100,2.14E+08,3.57E+06,2253343,2253344,0,430550
100,2.02E+08,3.74E+06,2253351,2253351,0,384700
100,2.07E+08,3.61E+06,2253354,2253354,0,400650
100,2.02E+08,3.57E+06,2253356,2253355,0,384300
100,2.14E+08,3.56E+06,2253356,2253352,0,430550
100,2.07E+08,3.54E+06,2253370,2253365,0,400750
100,1.99E+08,3.74E+06,2253374,2253374,0,369450
100,2.17E+08,3.57E+06,2253387,2253386,0,439650
100,2.02E+08,3.73E+06,2253391,2253391,0,384700
100,2.17E+08,3.55E+06,2253392,2253392,0,439650
100,2.17E+08,3.56E+06,2253393,2253391,0,439650
100,1.99E+08,3.74E+06,2253396,2253396,0,372500
100,2.17E+08,3.70E+06,2253398,2253399,0,439650
100,2.17E+08,3.87E+06,2253401,2253402,0,439650
100,2.17E+08,3.59E+06,2253405,2253404,0,439650
100,2.07E+08,3.82E+06,2253421,2253420,0,400750
100,2.14E+08,3.61E+06,2253421,2253423,0,430550
100,2.07E+08,3.55E+06,2253428,2253429,0,399500
100,2.02E+08,3.70E+06,2253437,2253438,0,384700
100,2.14E+08,3.55E+06,2253441,2253442,0,430550
100,2.14E+08,3.55E+06,2253441,2253441,0,430550
100,2.14E+08,3.91E+06,2253442,2253443,0,430550
100,2.07E+08,3.54E+06,2253449,2253449,0,400750
100,2.02E+08,3.97E+06,2253450,2253451,0,384300
100,2.07E+08,3.55E+06,2253452,2253454,0,400750
100,2.14E+08,3.56E+06,2253453,2253453,0,430550
100,2.14E+08,3.64E+06,2253455,2253454,0,430550
100,2.15E+08,4.26E+06,2253465,2253465,0,430550
100,2.14E+08,3.64E+06,2253469,2253469,0,430550
100,2.14E+08,3.59E+06,2253473,2253473,0,430550
100,2.07E+08,3.55E+06,2253478,2253479,0,400650
100,2.17E+08,3.55E+06,2253479,2253478,0,439650
100,2.07E+08,3.57E+06,2253485,2253486,0,400750
100,2.17E+08,3.55E+06,2253488,2253488,0,439650
100,2.07E+08,3.56E+06,2253492,2253491,0,400750
100,2.17E+08,3.58E+06,2253493,2253493,0,439650
100,2.02E+08,3.55E+06,2253496,2253487,0,384700
100,1.99E+08,3.58E+06,2253499,2253499,0,372500
100,2.14E+08,3.95E+06,2253500,2253500,0,430550
100,2.07E+08,3.69E+06,2253503,2253504,0,400650
100,2.02E+08,3.99E+06,2253512,2253512,0,384700
100,2.07E+08,3.54E+06,2253513,2253514,0,400750
100,2.17E+08,3.61E+06,2253516,2253518,0,439750
100,2.17E+08,3.56E+06,2253519,2253520,0,439650
100,2.07E+08,3.57E+06,2253520,2253520,0,400650
100,2.07E+08,3.55E+06,2253526,2253524,0,400750
100,1.99E+08,3.68E+06,2253531,2253531,0,371050
100,2.14E+08,3.59E+06,2253538,2253538,0,430550
100,2.14E+08,3.54E+06,2253539,2253539,0,430550
100,2.17E+08,3.58E+06,2253544,2253544,0,439650
100,1.99E+08,3.74E+06,2253549,2253549,0,369550
100,2.14E+08,3.68E+06,2253549,2253549,0,430550
100,2.02E+08,3.87E+06,2253550,2253550,0,384700
100,1.99E+08,3.54E+06,2253552,2253552,0,372500
100,2.14E+08,3.60E+06,2253553,2253553,0,430550
100,2.14E+08,3.57E+06,2253569,2253569,0,430550
100,2.17E+08,3.54E+06,2253577,2253577,0,439650
100,2.17E+08,3.54E+06,2253583,2253583,0,439650
100,1.99E+08,3.57E+06,2253584,2253584,0,372500
100,1.98E+08,3.73E+06,2253589,2253589,0,367450
100,2.17E+08,3.61E+06,2253591,2253592,0,439650
100,1.99E+08,4.07E+06,2253594,2253594,0,369550
100,2.17E+08,3.58E+06,2253596,2253597,0,439650
100,2.02E+08,3.88E+06,2253599,2253599,0,384700
100,2.14E+08,3.54E+06,2253609,2253609,0,430550
100,2.14E+08,3.56E+06,2253612,2253611,0,430550
100,2.14E+08,3.56E+06,2253613,2253610,0,430550
100,2.17E+08,3.55E+06,2253622,2253621,0,439650
100,2.17E+08,3.56E+06,2253626,2253627,0,439650
100,2.14E+08,3.54E+06,2253628,2253629,0,430550
100,2.14E+08,3.57E+06,2253630,2253629,0,430550
100,2.14E+08,3.55E+06,2253633,2253635,0,430550
100,2.07E+08,3.54E+06,2253636,2253636,0,400750
100,2.04E+08,3.85E+06,2253643,2253643,0,389350
100,2.07E+08,3.54E+06,2253653,2253653,0,400650
100,2.17E+08,3.72E+06,2253657,2253655,0,439650
100,2.14E+08,3.54E+06,2253658,2253654,0,430550
100,2.17E+08,3.59E+06,2253674,2253673,0,439650
100,2.14E+08,3.71E+06,2253675,2253678,0,430550
100,2.17E+08,3.57E+06,2253680,2253679,0,439650
100,1.99E+08,3.61E+06,2253688,2253687,0,372500
100,2.02E+08,3.96E+06,2253703,2253703,0,384700
100,2.02E+08,3.65E+06,2253706,2253706,0,384300
100,2.07E+08,3.60E+06,2253710,2253710,0,400650
100,2.07E+08,3.70E+06,2253718,2253718,0,400750
100,1.99E+08,4.12E+06,2253725,2253725,0,371700
100,2.14E+08,3.63E+06,2253731,2253731,0,430550
100,2.17E+08,3.92E+06,2253731,2253731,0,439650
100,2.07E+08,3.55E+06,2253747,2253747,0,400650
100,2.17E+08,3.61E+06,2253747,2253747,0,439650
100,2.17E+08,3.55E+06,2253753,2253749,0,439650
100,2.17E+08,3.58E+06,2253754,2253754,0,439650
100,2.17E+08,3.60E+06,2253755,2253755,0,439650
100,2.14E+08,3.55E+06,2253756,2253756,0,430550
100,2.17E+08,3.55E+06,2253758,2253758,0,439650
100,2.07E+08,3.54E+06,2253761,2253761,0,400650
100,2.07E+08,3.55E+06,2253761,2253761,0,400750
100,2.07E+08,3.55E+06,2253766,2253767,0,400750
100,2.14E+08,3.56E+06,2253766,2253765,0,430550
100,2.02E+08,3.62E+06,2253773,2253769,0,384700
100,2.02E+08,3.73E+06,2253776,2253776,0,384700
100,2.02E+08,3.54E+06,2253778,2253780,0,384700
100,2.17E+08,3.57E+06,2253788,2253788,0,439650
100,2.07E+08,3.58E+06,2253801,2253802,0,400650
100,2.07E+08,3.66E+06,2253805,2253805,0,400750
100,2.14E+08,3.60E+06,2253808,2253805,0,430550
100,2.14E+08,3.55E+06,2253809,2253809,0,430550
100,2.17E+08,3.54E+06,2253810,2253810,0,439750
100,2.14E+08,3.54E+06,2253814,2253811,0,430550
100,1.99E+08,3.70E+06,2253816,2253817,0,372500
100,2.07E+08,3.54E+06,2253824,2253824,0,400750
100,2.17E+08,3.74E+06,2253832,2253833,0,438200
100,2.07E+08,3.59E+06,2253834,2253835,0,400750
100,2.14E+08,3.54E+06,2253838,2253838,0,430550
100,2.17E+08,3.55E+06,2253841,2253841,0,439650
100,2.17E+08,3.54E+06,2253842,2253843,0,439650
100,2.17E+08,3.57E+06,2253846,2253846,0,439650
100,2.17E+08,3.69E+06,2253848,2253848,0,439650
100,2.07E+08,3.61E+06,2253850,2253850,0,400750
100,2.14E+08,3.60E+06,2253861,2253860,0,430550
100,2.07E+08,3.58E+06,2253868,2253869,0,400750
100,2.14E+08,3.54E+06,2253869,2253870,0,430550
100,2.17E+08,3.57E+06,2253870,2253870,0,439650
100,2.02E+08,3.74E+06,2253872,2253872,0,384300
100,2.14E+08,3.60E+06,2253875,2253876,0,430550
100,2.14E+08,3.54E+06,2253878,2253880,0,430550
100,2.17E+08,3.74E+06,2253880,2253880,0,439650
100,2.07E+08,4.05E+06,2253884,2253875,0,400650
100,2.17E+08,3.55E+06,2253884,2253884,0,439650
100,2.14E+08,3.55E+06,2253892,2253892,0,430550
100,2.17E+08,3.55E+06,2253899,2253899,0,439650
100,2.14E+08,3.54E+06,2253900,2253900,0,430550
100,2.07E+08,3.55E+06,2253905,2253907,0,400750
100,2.14E+08,3.57E+06,2253905,2253905,0,430550
100,2.07E+08,3.55E+06,2253906,2253906,0,400750
100,2.14E+08,3.57E+06,2253929,2253927,0,430550
100,2.02E+08,3.55E+06,2253938,2253939,0,384700
100,2.17E+08,3.58E+06,2253938,2253938,0,439650
100,2.17E+08,3.57E+06,2253938,2253936,0,439750
100,2.14E+08,3.64E+06,2253939,2253939,0,430550
100,2.14E+08,3.71E+06,2253942,2253942,0,430550
100,2.14E+08,3.54E+06,2253944,2253945,0,430550
100,2.07E+08,3.56E+06,2253947,2253949,0,400750
100,1.98E+08,3.57E+06,2253950,2253950,0,367450
100,2.02E+08,3.72E+06,2253954,2253956,0,385000
100,2.07E+08,3.54E+06,2253959,2253956,0,400750
100,1.99E+08,3.58E+06,2253960,2253963,0,369550
100,2.17E+08,3.55E+06,2253964,2253964,0,439650
100,2.07E+08,3.54E+06,2253973,2253970,0,400650
100,2.17E+08,3.56E+06,2253973,2253972,0,439750
100,2.17E+08,3.56E+06,2253977,2253977,0,439750
100,2.14E+08,3.55E+06,2253979,2253980,0,430550
100,1.96E+08,3.94E+06,2253984,2253981,0,359600
100,2.07E+08,4.13E+06,2253984,2253983,0,400650
100,2.17E+08,3.55E+06,2253984,2253986,0,439650
100,2.04E+08,3.73E+06,2253985,2253985,0,390400
100,2.17E+08,3.60E+06,2253985,2253984,0,439650
100,2.07E+08,3.55E+06,2253989,2253988,0,400650
100,2.14E+08,3.58E+06,2254005,2254004,0,430550
100,1.99E+08,3.76E+06,2254006,2254005,0,372500
100,1.99E+08,3.59E+06,2254008,2254008,0,372500
100,2.07E+08,3.56E+06,2254011,2254010,0,400650
100,1.99E+08,3.77E+06,2254012,2254012,0,372500
100,2.02E+08,3.70E+06,2254019,2254019,0,384700
100,2.07E+08,3.54E+06,2254021,2254021,0,400650
100,2.05E+08,4.23E+06,2254023,2254024,0,392100
100,2.17E+08,3.63E+06,2254024,2254025,0,439650
100,2.13E+08,3.78E+06,2254030,2254029,0,426450
100,2.07E+08,3.56E+06,2254031,2254031,0,400650
100,2.14E+08,3.56E+06,2254032,2254029,0,430550
100,1.99E+08,3.55E+06,2254035,2254032,0,372500
100,2.14E+08,3.54E+06,2254037,2254041,0,430550
100,2.14E+08,3.57E+06,2254039,2254039,0,430550
100,2.17E+08,3.64E+06,2254041,2254041,0,438200
100,2.02E+08,3.71E+06,2254043,2254043,0,384700
100,1.96E+08,4.09E+06,2254044,2254044,0,359800
100,2.14E+08,3.57E+06,2254046,2254045,0,430550
100,2.17E+08,3.58E+06,2254056,2254058,0,439650
100,2.07E+08,3.63E+06,2254057,2254057,0,400750
100,2.07E+08,3.55E+06,2254062,2254061,0,400650
100,2.14E+08,3.59E+06,2254064,2254065,0,430550
100,2.02E+08,3.62E+06,2254065,2254064,0,384700
100,2.14E+08,3.59E+06,2254066,2254066,0,430550
100,2.17E+08,3.56E+06,2254070,2254070,0,439750
100,2.07E+08,3.57E+06,2254072,2254072,0,400650
100,2.07E+08,3.62E+06,2254075,2254075,0,400650
100,2.17E+08,3.64E+06,2254078,2254078,0,439650
100,2.17E+08,3.56E+06,2254085,2254087,0,439750
100,2.17E+08,3.62E+06,2254088,2254088,0,439650
100,2.02E+08,3.57E+06,2254095,2254095,0,384700
100,2.14E+08,3.74E+06,2254096,2254096,0,430550
100,1.99E+08,3.66E+06,2254098,2254098,0,369550
100,2.14E+08,3.57E+06,2254099,2254103,0,430550
100,2.14E+08,3.54E+06,2254107,2254107,0,430550
100,1.96E+08,3.62E+06,2254111,2254111,0,359400
100,2.14E+08,3.57E+06,2254122,2254122,0,430550
100,2.14E+08,3.75E+06,2254128,2254129,0,430550
100,2.00E+08,3.71E+06,2254132,2254131,0,378950
100,2.14E+08,3.55E+06,2254133,2254132,0,430550
100,2.14E+08,3.57E+06,2254138,2254138,0,430550
100,2.14E+08,3.55E+06,2254156,2254157,0,430550
100,1.99E+08,3.76E+06,2254168,2254168,0,372500
100,2.14E+08,4.15E+06,2254171,2254170,0,430550
100,2.17E+08,3.56E+06,2254177,2254172,0,439650
100,2.15E+08,3.74E+06,2254178,2254178,0,430550
100,2.02E+08,3.62E+06,2254179,2254181,0,384700
100,2.14E+08,3.57E+06,2254182,2254182,0,430550
100,2.17E+08,3.77E+06,2254182,2254181,0,439650
100,2.14E+08,3.55E+06,2254191,2254191,0,430550
100,2.17E+08,3.55E+06,2254192,2254190,0,439650
100,2.03E+08,3.84E+06,2254210,2254210,0,387100
100,2.14E+08,3.58E+06,2254220,2254216,0,430550
100,2.14E+08,3.56E+06,2254232,2254232,0,430550
100,2.07E+08,3.66E+06,2254235,2254234,0,399500
100,2.17E+08,3.61E+06,2254239,2254237,0,439650
100,2.07E+08,3.60E+06,2254243,2254246,0,400650
100,1.89E+08,3.68E+06,2254255,2254254,0,338350
100,2.14E+08,3.55E+06,2254257,2254257,0,430550
100,2.07E+08,3.56E+06,2254267,2254266,0,400750
100,2.07E+08,3.57E+06,2254268,2254269,0,400750
100,2.17E+08,3.55E+06,2254278,2254278,0,439650
100,2.14E+08,4.02E+06,2254282,2254280,0,430550
100,2.07E+08,3.56E+06,2254291,2254291,0,400750
100,2.14E+08,3.57E+06,2254291,2254291,0,430550
100,2.17E+08,3.55E+06,2254299,2254300,0,439650
100,2.02E+08,3.58E+06,2254309,2254309,0,384700
100,2.17E+08,3.59E+06,2254311,2254311,0,439650
100,2.07E+08,3.54E+06,2254316,2254316,0,400650
100,2.07E+08,3.55E+06,2254320,2254320,0,400750
100,1.99E+08,3.57E+06,2254326,2254326,0,369550
100,2.14E+08,3.57E+06,2254326,2254326,0,430550
100,2.17E+08,3.56E+06,2254330,2254330,0,439650
100,2.07E+08,3.54E+06,2254334,2254334,0,400650
100,2.17E+08,3.57E+06,2254334,2254334,0,439750
100,2.17E+08,3.74E+06,2254335,2254334,0,438200
100,2.01E+08,3.70E+06,2254344,2254347,0,382650
100,2.02E+08,3.99E+06,2254345,2254347,0,384700
100,2.14E+08,3.58E+06,2254345,2254345,0,430550
100,2.02E+08,3.78E+06,2254350,2254350,0,384700
100,2.17E+08,3.55E+06,2254351,2254352,0,439650
100,1.98E+08,4.13E+06,2254354,2254354,0,367450
100,2.14E+08,3.60E+06,2254364,2254362,0,430550
100,2.17E+08,3.65E+06,2254365,2254368,0,438200
100,2.14E+08,3.54E+06,2254367,2254364,0,430550
100,2.17E+08,3.58E+06,2254376,2254375,0,439750
100,2.17E+08,3.62E+06,2254377,2254377,0,439750
100,2.17E+08,3.63E+06,2254378,2254377,0,439650
100,2.02E+08,3.72E+06,2254382,2254379,0,385150
100,2.14E+08,3.55E+06,2254387,2254388,0,430550
100,2.17E+08,3.54E+06,2254388,2254388,0,439650
100,2.02E+08,3.57E+06,2254393,2254393,0,384700
100,2.17E+08,3.56E+06,2254394,2254395,0,439750
100,2.17E+08,3.59E+06,2254405,2254405,0,439650
100,2.02E+08,3.54E+06,2254412,2254413,0,384700
100,2.14E+08,3.55E+06,2254412,2254411,0,430550
100,1.99E+08,3.59E+06,2254417,2254415,0,372500
100,2.14E+08,3.55E+06,2254418,2254419,0,430550
100,2.04E+08,3.67E+06,2254425,2254426,0,389450
100,2.14E+08,3.55E+06,2254428,2254428,0,430550
100,1.99E+08,3.59E+06,2254429,2254429,0,372500
100,2.17E+08,3.59E+06,2254430,2254431,0,439650
100,2.17E+08,3.54E+06,2254431,2254431,0,439650
100,2.02E+08,3.58E+06,2254438,2254438,0,384300
100,2.17E+08,3.56E+06,2254442,2254442,0,439650
100,2.17E+08,3.54E+06,2254449,2254449,0,439750
100,1.99E+08,3.59E+06,2254451,2254451,0,369550
100,2.14E+08,3.83E+06,2254455,2254455,0,430550
100,2.07E+08,3.55E+06,2254456,2254456,0,400750
100,2.17E+08,3.67E+06,2254457,2254456,0,439750
100,2.17E+08,3.57E+06,2254464,2254464,0,439650
100,2.13E+08,3.70E+06,2254465,2254464,0,426450
100,2.14E+08,3.76E+06,2254465,2254465,0,430550
100,2.17E+08,3.61E+06,2254465,2254464,0,439750
100,1.99E+08,3.71E+06,2254469,2254468,0,372500
100,2.02E+08,3.56E+06,2254471,2254469,0,384700
100,2.07E+08,3.54E+06,2254473,2254473,0,400650
100,2.17E+08,3.57E+06,2254474,2254474,0,439650
100,2.14E+08,3.64E+06,2254476,2254476,0,430550
100,2.14E+08,3.56E+06,2254483,2254483,0,430550
100,2.07E+08,3.55E+06,2254486,2254486,0,400750
100,2.02E+08,3.56E+06,2254505,2254505,0,384700
100,2.14E+08,3.56E+06,2254506,2254506,0,430550
100,2.17E+08,3.54E+06,2254507,2254507,0,439650
100,2.17E+08,3.62E+06,2254511,2254512,0,439650
100,2.17E+08,3.58E+06,2254513,2254513,0,439650
100,2.07E+08,3.54E+06,2254514,2254513,0,400750
100,2.17E+08,3.56E+06,2254515,2254515,0,439650
100,2.14E+08,3.60E+06,2254516,2254515,0,430550
100,2.04E+08,4.06E+06,2254518,2254518,0,389350
100,1.99E+08,3.88E+06,2254521,2254521,0,372500
100,2.17E+08,3.57E+06,2254521,2254521,0,439650
100,2.17E+08,3.57E+06,2254521,2254521,0,439650
100,2.14E+08,3.60E+06,2254524,2254524,0,430550
100,2.14E+08,3.57E+06,2254528,2254525,0,430550
100,2.07E+08,3.55E+06,2254533,2254535,0,400750
100,2.07E+08,3.58E+06,2254551,2254551,0,400650
100,2.14E+08,3.61E+06,2254559,2254559,0,430550
100,2.17E+08,3.66E+06,2254561,2254561,0,439650
100,1.99E+08,3.64E+06,2254564,2254563,0,372500
100,2.17E+08,3.76E+06,2254564,2254563,0,438200
100,2.14E+08,3.54E+06,2254569,2254569,0,430550
100,2.14E+08,3.68E+06,2254573,2254572,0,430550
100,2.17E+08,3.56E+06,2254573,2254573,0,439650
100,2.02E+08,3.65E+06,2254576,2254575,0,384300
100,2.14E+08,3.56E+06,2254576,2254574,0,430550
100,1.99E+08,3.70E+06,2254577,2254577,0,372500
100,2.14E+08,3.54E+06,2254584,2254584,0,430550
100,2.07E+08,3.55E+06,2254593,2254588,0,400750
100,1.99E+08,3.61E+06,2254596,2254596,0,372500
100,2.02E+08,3.65E+06,2254597,2254594,0,384700
100,2.14E+08,3.57E+06,2254597,2254597,0,430550
100,2.17E+08,3.63E+06,2254606,2254606,0,439750
100,2.17E+08,3.56E+06,2254612,2254611,0,439650
100,2.17E+08,3.57E+06,2254613,2254612,0,439650
100,1.99E+08,3.57E+06,2254617,2254617,0,372500
100,2.17E+08,3.56E+06,2254618,2254618,0,439650
100,1.99E+08,3.71E+06,2254623,2254623,0,372500
100,2.14E+08,3.54E+06,2254632,2254632,0,430550
100,2.14E+08,3.76E+06,2254632,2254632,0,430550
100,2.17E+08,3.61E+06,2254649,2254649,0,439650
100,2.14E+08,3.58E+06,2254653,2254653,0,430550
100,2.14E+08,3.63E+06,2254657,2254656,0,430550
100,2.17E+08,3.56E+06,2254657,2254657,0,439650
100,2.07E+08,3.56E+06,2254659,2254659,0,400650
100,2.17E+08,3.58E+06,2254659,2254659,0,439750
100,2.07E+08,3.59E+06,2254667,2254667,0,400650
100,2.14E+08,3.55E+06,2254671,2254671,0,430550
100,2.17E+08,3.57E+06,2254671,2254671,0,439650
100,2.17E+08,3.54E+06,2254676,2254676,0,439650
100,2.03E+08,3.94E+06,2254679,2254679,0,387100
100,2.14E+08,3.55E+06,2254679,2254677,0,430550
100,2.14E+08,3.57E+06,2254679,2254682,0,430550
100,2.17E+08,3.54E+06,2254679,2254679,0,439650
100,1.99E+08,3.89E+06,2254681,2254681,0,371700
100,2.02E+08,3.69E+06,2254681,2254682,0,384700
100,1.99E+08,3.59E+06,2254682,2254682,0,372500
100,2.14E+08,3.54E+06,2254684,2254684,0,430550
100,2.14E+08,3.55E+06,2254687,2254689,0,430550
100,2.17E+08,3.57E+06,2254689,2254689,0,439650
100,2.17E+08,3.57E+06,2254690,2254690,0,439650
100,2.17E+08,3.64E+06,2254691,2254691,0,439650
100,2.14E+08,3.61E+06,2254692,2254692,0,430550
100,1.99E+08,3.58E+06,2254696,2254696,0,372500
100,2.17E+08,3.60E+06,2254701,2254699,0,439650
100,2.17E+08,3.57E+06,2254708,2254708,0,439750
100,2.07E+08,3.55E+06,2254713,2254713,0,400650
100,2.14E+08,3.58E+06,2254713,2254713,0,430550
100,2.17E+08,3.54E+06,2254718,2254718,0,439650
100,2.17E+08,3.88E+06,2254725,2254725,0,438200
100,2.17E+08,3.56E+06,2254725,2254725,0,439750
100,2.07E+08,3.57E+06,2254726,2254729,0,400650
100,2.17E+08,3.54E+06,2254727,2254727,0,439750
100,2.17E+08,3.61E+06,2254737,2254737,0,439750
100,2.17E+08,3.63E+06,2254739,2254740,0,439750
100,2.07E+08,3.54E+06,2254740,2254740,0,400750
100,1.99E+08,3.65E+06,2254741,2254741,0,372500
100,2.07E+08,3.54E+06,2254742,2254742,0,400750
100,2.14E+08,3.64E+06,2254742,2254742,0,430550
100,2.17E+08,3.57E+06,2254743,2254743,0,439650
100,2.17E+08,3.64E+06,2254750,2254750,0,439650
100,2.14E+08,3.54E+06,2254752,2254752,0,430550
100,2.17E+08,3.57E+06,2254752,2254752,0,439650
100,2.17E+08,3.56E+06,2254754,2254755,0,439750
100,2.02E+08,3.69E+06,2254756,2254758,0,384300
100,2.07E+08,3.57E+06,2254757,2254757,0,400750
100,2.14E+08,3.58E+06,2254757,2254757,0,430550
100,2.02E+08,3.68E+06,2254763,2254764,0,384700
100,2.07E+08,3.58E+06,2254773,2254773,0,400650
100,2.07E+08,3.54E+06,2254776,2254779,0,400650
100,2.17E+08,3.77E+06,2254776,2254776,0,439650
100,1.99E+08,3.63E+06,2254782,2254782,0,369550
100,1.99E+08,3.58E+06,2254782,2254782,0,372500
100,2.07E+08,3.55E+06,2254784,2254788,0,400750
100,2.14E+08,3.57E+06,2254789,2254789,0,430550
100,2.14E+08,3.56E+06,2254797,2254797,0,430550
100,2.14E+08,3.70E+06,2254806,2254808,0,430550
100,2.07E+08,3.56E+06,2254812,2254812,0,400750
100,2.14E+08,3.55E+06,2254815,2254814,0,430550
100,2.17E+08,3.59E+06,2254815,2254815,0,439750
100,2.14E+08,3.56E+06,2254816,2254815,0,430550
100,2.07E+08,3.72E+06,2254817,2254818,0,400750
100,2.14E+08,3.58E+06,2254823,2254821,0,430550
100,2.17E+08,3.56E+06,2254827,2254827,0,439750
100,2.14E+08,3.54E+06,2254830,2254830,0,430550
100,2.07E+08,3.57E+06,2254833,2254833,0,400750
100,2.14E+08,3.55E+06,2254835,2254835,0,430550
100,2.07E+08,3.54E+06,2254840,2254840,0,400750
100,1.99E+08,3.60E+06,2254848,2254849,0,369550
100,2.07E+08,3.54E+06,2254850,2254854,0,400650
100,2.14E+08,3.64E+06,2254850,2254849,0,430550
100,1.98E+08,3.56E+06,2254851,2254851,0,367450
100,2.14E+08,3.58E+06,2254854,2254854,0,430550
100,2.14E+08,3.58E+06,2254854,2254854,0,430550
100,2.14E+08,3.58E+06,2254858,2254859,0,430550
100,2.14E+08,3.66E+06,2254864,2254861,0,430550
100,2.07E+08,3.54E+06,2254868,2254868,0,400650
100,2.17E+08,3.64E+06,2254871,2254871,0,439650
100,2.02E+08,3.56E+06,2254874,2254874,0,384700
100,2.07E+08,3.57E+06,2254879,2254879,0,400750
100,2.14E+08,3.59E+06,2254879,2254876,0,430550
100,1.99E+08,3.80E+06,2254880,2254880,0,369550
100,2.17E+08,3.54E+06,2254881,2254881,0,439750
100,2.17E+08,3.56E+06,2254884,2254884,0,439650
100,1.99E+08,3.58E+06,2254886,2254886,0,372500
100,1.99E+08,3.93E+06,2254888,2254887,0,369550
100,2.02E+08,3.61E+06,2254890,2254890,0,384700
100,2.01E+08,3.75E+06,2254897,2254896,0,381050
100,2.17E+08,3.97E+06,2254897,2254896,0,439650
100,2.17E+08,3.55E+06,2254897,2254898,0,439750
100,2.17E+08,3.74E+06,2254908,2254908,0,439650
100,2.02E+08,3.58E+06,2254911,2254912,0,384700
100,2.07E+08,3.59E+06,2254911,2254911,0,400650
100,2.14E+08,3.55E+06,2254913,2254913,0,430550
100,2.14E+08,3.55E+06,2254915,2254915,0,430550
100,2.07E+08,3.54E+06,2254927,2254926,0,400750
100,2.17E+08,3.55E+06,2254937,2254937,0,439650
100,1.99E+08,3.58E+06,2254944,2254944,0,369550
100,2.07E+08,3.54E+06,2254946,2254945,0,400650
100,1.99E+08,3.63E+06,2254951,2254953,0,369550
100,2.07E+08,3.60E+06,2254952,2254952,0,400650
100,1.99E+08,3.56E+06,2254953,2254951,0,372500
100,2.07E+08,3.56E+06,2254954,2254956,0,400650
100,2.02E+08,3.62E+06,2254957,2254957,0,384700
100,1.99E+08,3.68E+06,2254958,2254958,0,369550
100,2.14E+08,3.55E+06,2254960,2254961,0,430550
100,2.14E+08,3.60E+06,2254964,2254963,0,430550
100,2.17E+08,3.57E+06,2254967,2254967,0,439650
100,2.07E+08,3.54E+06,2254968,2254970,0,400650
100,2.02E+08,3.61E+06,2254976,2254976,0,384300
100,2.14E+08,3.55E+06,2254989,2254992,0,430550
100,2.02E+08,4.03E+06,2254994,2254992,0,384700
100,1.99E+08,3.61E+06,2254995,2254995,0,369550
100,2.17E+08,3.60E+06,2254999,2255000,0,439650
100,2.07E+08,3.86E+06,2255002,2255000,0,399500
100,2.14E+08,3.54E+06,2255003,2255003,0,430550
100,2.17E+08,3.56E+06,2255006,2255006,0,439650
100,2.14E+08,3.54E+06,2255009,2255010,0,430550
100,1.99E+08,3.59E+06,2255010,2255014,0,372500
100,2.17E+08,3.54E+06,2255010,2255010,0,439650
100,1.99E+08,3.58E+06,2255024,2255023,0,372500
100,1.99E+08,3.86E+06,2255025,2255025,0,372500
100,2.14E+08,3.55E+06,2255025,2255024,0,430550
100,2.07E+08,3.56E+06,2255032,2255032,0,400650
100,2.14E+08,3.66E+06,2255037,2255037,0,430550
100,2.17E+08,3.57E+06,2255037,2255037,0,439650
100,2.17E+08,3.55E+06,2255039,2255038,0,439650
100,2.07E+08,3.54E+06,2255042,2255042,0,400650
100,2.14E+08,3.56E+06,2255043,2255041,0,430550
100,2.17E+08,3.56E+06,2255045,2255045,0,439650
100,2.17E+08,3.55E+06,2255047,2255046,0,439650
100,2.07E+08,3.58E+06,2255050,2255051,0,400750
100,2.17E+08,3.55E+06,2255050,2255052,0,439650
100,2.17E+08,3.66E+06,2255053,2255053,0,439650
100,2.07E+08,3.69E+06,2255058,2255058,0,400650
100,2.07E+08,3.55E+06,2255059,2255059,0,400750
100,2.14E+08,3.59E+06,2255066,2255066,0,430550
100,2.17E+08,3.54E+06,2255078,2255077,0,439650
100,2.17E+08,3.57E+06,2255080,2255079,0,439750
100,2.14E+08,3.54E+06,2255083,2255083,0,430550
100,2.07E+08,3.54E+06,2255084,2255083,0,400650
100,1.99E+08,3.65E+06,2255093,2255096,0,372500
100,2.17E+08,3.59E+06,2255097,2255097,0,439650
100,1.99E+08,3.56E+06,2255098,2255099,0,369550
100,2.14E+08,3.62E+06,2255098,2255098,0,430550
100,2.07E+08,3.55E+06,2255107,2255106,0,400650
100,2.17E+08,3.62E+06,2255110,2255112,0,439650
100,2.17E+08,3.55E+06,2255114,2255113,0,439650
100,1.99E+08,3.58E+06,2255116,2255116,0,372500
100,2.02E+08,3.64E+06,2255118,2255118,0,384700
100,2.14E+08,3.55E+06,2255124,2255124,0,430550
100,2.07E+08,3.62E+06,2255128,2255127,0,400750
100,2.17E+08,3.56E+06,2255128,2255127,0,439750
100,2.07E+08,3.54E+06,2255132,2255132,0,400650
100,2.08E+08,3.56E+06,2255137,2255137,0,401600
100,2.07E+08,3.54E+06,2255139,2255139,0,400650
100,2.07E+08,3.56E+06,2255141,2255141,0,400650
100,2.17E+08,3.55E+06,2255142,2255142,0,439750
100,2.17E+08,3.55E+06,2255144,2255144,0,439650
100,2.07E+08,3.56E+06,2255152,2255153,0,400650
100,2.14E+08,3.60E+06,2255155,2255149,0,430550
100,2.14E+08,3.68E+06,2255161,2255163,0,430550
100,2.17E+08,3.54E+06,2255162,2255162,0,439650
100,2.02E+08,3.64E+06,2255171,2255174,0,384700
100,2.07E+08,3.54E+06,2255172,2255168,0,400650
100,2.02E+08,3.79E+06,2255175,2255174,0,385000
100,2.14E+08,3.54E+06,2255178,2255178,0,430550
100,2.14E+08,3.54E+06,2255179,2255178,0,430550
100,2.17E+08,3.55E+06,2255181,2255181,0,439650
100,2.14E+08,3.55E+06,2255186,2255189,0,430550
100,2.07E+08,3.56E+06,2255188,2255188,0,400650
100,1.99E+08,3.69E+06,2255193,2255193,0,372500
100,2.17E+08,3.56E+06,2255194,2255194,0,439650
100,2.17E+08,3.56E+06,2255198,2255197,0,439650
100,2.17E+08,3.62E+06,2255203,2255202,0,439650
100,2.07E+08,3.57E+06,2255206,2255205,0,400750
100,2.17E+08,3.56E+06,2255208,2255208,0,439650
100,2.07E+08,3.57E+06,2255210,2255206,0,400650
100,2.07E+08,3.55E+06,2255213,2255215,0,399500
100,2.04E+08,3.74E+06,2255214,2255214,0,389350
100,2.07E+08,3.63E+06,2255215,2255219,0,400650
100,2.17E+08,3.62E+06,2255218,2255216,0,439650
100,2.07E+08,3.55E+06,2255223,2255223,0,400750
100,2.14E+08,3.57E+06,2255225,2255225,0,430550
100,2.17E+08,3.58E+06,2255225,2255226,0,439750
100,2.17E+08,3.54E+06,2255227,2255228,0,439650
100,2.17E+08,3.57E+06,2255228,2255228,0,439650
100,2.17E+08,4.02E+06,2255232,2255232,0,439750
100,2.07E+08,3.58E+06,2255236,2255236,0,400750
100,2.14E+08,3.58E+06,2255236,2255237,0,430550
100,2.07E+08,3.59E+06,2255238,2255238,0,400750
100,2.17E+08,3.61E+06,2255241,2255241,0,439650
100,2.14E+08,3.56E+06,2255242,2255242,0,430550
100,2.17E+08,3.57E+06,2255242,2255242,0,439650
100,2.02E+08,3.64E+06,2255243,2255243,0,384300
100,2.14E+08,3.57E+06,2255245,2255244,0,430550
100,2.14E+08,3.59E+06,2255247,2255249,0,430550
100,2.07E+08,3.64E+06,2255253,2255253,0,400750
100,2.02E+08,3.61E+06,2255256,2255256,0,384700
100,2.07E+08,3.62E+06,2255260,2255260,0,400650
100,2.07E+08,3.58E+06,2255260,2255260,0,400650
100,2.17E+08,3.66E+06,2255264,2255264,0,438200
100,2.14E+08,3.55E+06,2255272,2255272,0,430550
100,2.17E+08,3.58E+06,2255274,2255276,0,439650
100,2.17E+08,3.65E+06,2255275,2255277,0,439750
100,2.14E+08,3.67E+06,2255276,2255277,0,430550
100,2.14E+08,3.57E+06,2255283,2255283,0,430550
100,2.14E+08,3.59E+06,2255297,2255300,0,430550
100,1.99E+08,3.76E+06,2255304,2255304,0,369550
100,2.17E+08,3.58E+06,2255304,2255304,0,439650
100,2.17E+08,3.54E+06,2255307,2255307,0,439650
100,2.17E+08,3.54E+06,2255310,2255310,0,439650
100,1.99E+08,3.56E+06,2255314,2255314,0,369550
100,2.07E+08,3.54E+06,2255317,2255315,0,400650
100,1.99E+08,3.58E+06,2255318,2255322,0,372500
100,2.17E+08,3.56E+06,2255318,2255318,0,439750
100,2.14E+08,3.64E+06,2255320,2255320,0,430550
100,2.14E+08,3.68E+06,2255324,2255324,0,430550
100,2.14E+08,3.55E+06,2255328,2255328,0,430550
100,2.17E+08,3.54E+06,2255331,2255331,0,439650
100,2.14E+08,3.55E+06,2255340,2255341,0,430550
100,2.14E+08,3.62E+06,2255340,2255340,0,430550
100,2.07E+08,3.57E+06,2255350,2255349,0,400750
100,2.14E+08,3.57E+06,2255353,2255353,0,430550
100,2.17E+08,3.56E+06,2255358,2255352,0,439750
100,2.07E+08,3.56E+06,2255360,2255359,0,400750
100,2.02E+08,3.56E+06,2255361,2255360,0,384700
100,2.07E+08,3.54E+06,2255364,2255363,0,400750
100,2.14E+08,3.68E+06,2255378,2255379,0,430550
100,2.14E+08,3.56E+06,2255381,2255381,0,430550
100,2.14E+08,4.01E+06,2255381,2255381,0,430550
100,2.02E+08,3.68E+06,2255384,2255384,0,384300
100,2.17E+08,3.60E+06,2255385,2255386,0,439650
100,2.07E+08,3.67E+06,2255391,2255393,0,399500
100,2.17E+08,3.56E+06,2255392,2255392,0,439650
100,2.14E+08,3.57E+06,2255399,2255399,0,430550
100,1.99E+08,3.75E+06,2255400,2255400,0,372500
100,2.14E+08,3.61E+06,2255400,2255400,0,430550
100,2.17E+08,3.58E+06,2255410,2255410,0,439650
100,2.02E+08,3.67E+06,2255424,2255423,0,384300
100,2.07E+08,3.54E+06,2255428,2255428,0,400750
100,1.91E+08,3.90E+06,2255429,2255429,0,342450
100,2.14E+08,3.56E+06,2255430,2255430,0,430550
100,2.17E+08,3.60E+06,2255430,2255430,0,439650
100,2.14E+08,3.65E+06,2255437,2255437,0,430550
100,2.14E+08,3.63E+06,2255439,2255439,0,430550
100,2.02E+08,3.66E+06,2255443,2255443,0,384700
100,2.14E+08,3.61E+06,2255446,2255446,0,430550
100,2.07E+08,3.63E+06,2255448,2255447,0,400750
100,2.17E+08,3.73E+06,2255448,2255448,0,439650
100,2.14E+08,3.60E+06,2255451,2255451,0,430550
100,2.17E+08,3.58E+06,2255457,2255454,0,439750
100,2.14E+08,3.62E+06,2255462,2255462,0,430550
100,2.07E+08,3.55E+06,2255463,2255462,0,400750
100,2.17E+08,3.55E+06,2255464,2255462,0,439750
100,2.17E+08,3.55E+06,2255474,2255474,0,439650
100,2.14E+08,3.55E+06,2255477,2255477,0,430550
100,2.14E+08,3.56E+06,2255477,2255474,0,430550
100,2.07E+08,3.54E+06,2255485,2255489,0,400750
100,2.17E+08,3.59E+06,2255488,2255487,0,439650
100,2.14E+08,3.57E+06,2255499,2255496,0,430550
100,2.07E+08,3.58E+06,2255500,2255495,0,400750
100,2.17E+08,3.56E+06,2255500,2255499,0,439650
100,2.17E+08,3.55E+06,2255507,2255509,0,439750
100,2.07E+08,3.54E+06,2255511,2255511,0,400750
100,2.17E+08,3.59E+06,2255511,2255511,0,439650
100,2.14E+08,3.60E+06,2255517,2255517,0,430550
100,2.14E+08,4.09E+06,2255517,2255515,0,430550
100,2.02E+08,3.72E+06,2255538,2255538,0,385000
100,2.15E+08,4.21E+06,2255540,2255538,0,433550
100,2.17E+08,3.64E+06,2255540,2255541,0,439650
100,2.17E+08,3.56E+06,2255543,2255545,0,439650
100,2.14E+08,3.54E+06,2255544,2255545,0,430550
100,2.07E+08,3.54E+06,2255551,2255551,0,400750
100,2.14E+08,3.65E+06,2255556,2255555,0,430550
100,2.17E+08,3.58E+06,2255560,2255561,0,439650
100,2.17E+08,3.54E+06,2255563,2255564,0,439650
100,2.17E+08,3.57E+06,2255567,2255567,0,439650
100,2.17E+08,3.54E+06,2255568,2255568,0,439650
100,2.08E+08,3.65E+06,2255571,2255572,0,401600
100,2.17E+08,3.57E+06,2255574,2255574,0,439650
100,2.07E+08,3.54E+06,2255576,2255577,0,400750
100,2.14E+08,3.60E+06,2255578,2255578,0,430550
100,2.17E+08,3.61E+06,2255584,2255582,0,439650
100,2.02E+08,3.61E+06,2255585,2255587,0,384700
100,2.14E+08,3.57E+06,2255590,2255590,0,430550
100,2.14E+08,3.55E+06,2255597,2255597,0,430550
100,2.14E+08,3.55E+06,2255597,2255597,0,430550
100,2.17E+08,3.62E+06,2255597,2255597,0,439650
100,2.07E+08,3.57E+06,2255601,2255601,0,400650
100,2.17E+08,3.55E+06,2255601,2255601,0,439650
100,2.17E+08,3.58E+06,2255607,2255608,0,439650
100,2.17E+08,3.68E+06,2255617,2255617,0,438200
100,2.14E+08,3.54E+06,2255618,2255618,0,430550
100,2.07E+08,3.58E+06,2255623,2255624,0,400750
100,2.14E+08,3.54E+06,2255624,2255625,0,430550
100,2.02E+08,3.64E+06,2255636,2255635,0,384700
100,2.17E+08,3.54E+06,2255641,2255641,0,439750
100,2.17E+08,3.55E+06,2255644,2255644,0,439650
100,2.07E+08,3.58E+06,2255645,2255645,0,400750
100,2.17E+08,3.65E+06,2255650,2255650,0,439650
100,2.14E+08,3.56E+06,2255651,2255650,0,430550
100,2.07E+08,3.55E+06,2255661,2255663,0,400650
100,1.99E+08,3.58E+06,2255664,2255664,0,369550
100,2.08E+08,3.66E+06,2255669,2255670,0,401600
100,2.17E+08,3.55E+06,2255669,2255669,0,439750
100,2.07E+08,3.54E+06,2255672,2255671,0,400650
100,2.14E+08,3.56E+06,2255673,2255672,0,430550
100,2.14E+08,3.56E+06,2255677,2255677,0,430550
100,2.17E+08,3.84E+06,2255690,2255690,0,439650
100,2.04E+08,3.80E+06,2255691,2255691,0,390000
100,2.14E+08,3.57E+06,2255696,2255699,0,430550
100,2.07E+08,3.60E+06,2255700,2255693,0,400650
100,2.17E+08,3.54E+06,2255700,2255700,0,439750
100,2.14E+08,3.54E+06,2255705,2255705,0,430550
100,1.99E+08,3.81E+06,2255707,2255706,0,369550
100,2.17E+08,3.56E+06,2255716,2255716,0,439750
100,2.02E+08,3.81E+06,2255738,2255736,0,384700
100,2.17E+08,3.58E+06,2255738,2255739,0,439650
100,2.14E+08,3.62E+06,2255740,2255740,0,430550
100,2.14E+08,3.61E+06,2255741,2255745,0,430550
100,2.14E+08,3.58E+06,2255742,2255743,0,430550
100,2.14E+08,3.55E+06,2255749,2255749,0,430550
100,2.17E+08,3.54E+06,2255757,2255757,0,439750
100,2.07E+08,3.55E+06,2255759,2255758,0,400750
100,2.14E+08,3.61E+06,2255776,2255776,0,430550
100,1.99E+08,3.54E+06,2255779,2255779,0,369550
100,2.17E+08,3.57E+06,2255789,2255788,0,439650
100,2.17E+08,3.56E+06,2255791,2255791,0,439650
100,2.17E+08,3.61E+06,2255794,2255794,0,439650
100,2.07E+08,3.56E+06,2255798,2255798,0,400750
100,2.14E+08,3.54E+06,2255809,2255808,0,430550
100,2.17E+08,3.60E+06,2255809,2255809,0,439650
100,2.02E+08,3.58E+06,2255814,2255818,0,384700
100,2.07E+08,3.54E+06,2255816,2255816,0,400750
100,2.14E+08,3.56E+06,2255824,2255825,0,430550
100,1.99E+08,3.63E+06,2255828,2255828,0,369550
100,2.17E+08,3.59E+06,2255829,2255830,0,439750
100,2.07E+08,3.54E+06,2255831,2255829,0,400650
100,2.14E+08,3.61E+06,2255836,2255836,0,430550
100,2.07E+08,3.56E+06,2255841,2255841,0,400750
100,2.14E+08,3.56E+06,2255854,2255854,0,430550
100,2.14E+08,3.55E+06,2255858,2255858,0,430550
100,2.14E+08,3.56E+06,2255859,2255859,0,430550
100,2.14E+08,3.54E+06,2255865,2255864,0,430550
100,2.17E+08,3.58E+06,2255870,2255870,0,439650
100,2.02E+08,3.69E+06,2255872,2255872,0,384700
100,2.02E+08,3.57E+06,2255877,2255875,0,384700
100,2.14E+08,3.62E+06,2255878,2255879,0,430550
100,2.17E+08,3.57E+06,2255881,2255880,0,439650
100,2.02E+08,3.76E+06,2255882,2255879,0,385150
100,2.07E+08,3.60E+06,2255886,2255886,0,400650
100,2.02E+08,3.54E+06,2255894,2255891,0,384700
100,2.02E+08,3.74E+06,2255895,2255895,0,384700
100,2.17E+08,3.62E+06,2255904,2255904,0,439650
100,1.99E+08,3.60E+06,2255909,2255911,0,372500
100,2.07E+08,3.54E+06,2255913,2255910,0,400650
100,2.02E+08,3.62E+06,2255919,2255919,0,384700
100,2.14E+08,3.55E+06,2255931,2255931,0,430550
100,2.07E+08,3.56E+06,2255935,2255935,0,400650
100,2.14E+08,3.56E+06,2255936,2255936,0,430550
100,2.07E+08,3.58E+06,2255940,2255939,0,400650
100,2.17E+08,3.87E+06,2255946,2255946,0,439650
100,2.17E+08,3.69E+06,2255958,2255958,0,439650
100,2.14E+08,3.54E+06,2255962,2255962,0,430550
100,2.07E+08,3.55E+06,2255963,2255958,0,400750
100,2.07E+08,3.56E+06,2255963,2255963,0,400750
100,2.07E+08,3.63E+06,2255970,2255970,0,400650
100,2.01E+08,4.07E+06,2255971,2255971,0,381050
100,2.02E+08,3.59E+06,2255975,2255975,0,384700
100,2.07E+08,3.60E+06,2255979,2255979,0,400750
100,2.07E+08,3.58E+06,2255980,2255980,0,400750
100,2.14E+08,3.57E+06,2255981,2255981,0,430550
100,2.14E+08,3.57E+06,2255985,2255985,0,430550
100,2.14E+08,3.67E+06,2255988,2255990,0,430550
100,2.17E+08,3.59E+06,2256000,2256001,0,439650
100,2.14E+08,3.58E+06,2256009,2256009,0,430550
100,2.17E+08,3.54E+06,2256009,2256010,0,439650
100,2.14E+08,3.54E+06,2256011,2256014,0,430550
100,2.07E+08,3.55E+06,2256012,2256008,0,400750
100,2.17E+08,3.58E+06,2256018,2256020,0,439750
100,2.14E+08,3.56E+06,2256027,2256029,0,430550
100,2.07E+08,4.45E+06,2256030,2256030,0,399300
100,2.17E+08,3.60E+06,2256033,2256033,0,439650
100,2.17E+08,3.55E+06,2256035,2256038,0,439650
100,2.02E+08,3.92E+06,2256036,2256034,0,384700
100,2.02E+08,3.75E+06,2256038,2256038,0,385150
100,2.14E+08,3.56E+06,2256044,2256040,0,430550
100,2.07E+08,3.55E+06,2256051,2256051,0,400650
100,2.02E+08,3.69E+06,2256052,2256050,0,384700
100,2.14E+08,3.55E+06,2256054,2256053,0,430550
100,2.17E+08,3.90E+06,2256059,2256059,0,439650
100,1.99E+08,3.73E+06,2256061,2256058,0,369550
100,2.17E+08,3.56E+06,2256061,2256059,0,439650
100,2.17E+08,3.79E+06,2256062,2256061,0,439650
100,2.07E+08,3.54E+06,2256065,2256059,0,400750
100,2.17E+08,3.88E+06,2256068,2256068,0,439650
100,2.14E+08,3.55E+06,2256071,2256070,0,430550
100,2.15E+08,4.12E+06,2256071,2256069,0,430550
100,2.17E+08,3.59E+06,2256075,2256077,0,439650
100,2.07E+08,3.56E+06,2256079,2256077,0,400750
100,2.17E+08,3.56E+06,2256094,2256094,0,439650
100,2.17E+08,3.54E+06,2256096,2256097,0,439650
100,2.07E+08,3.62E+06,2256098,2256098,0,400750
100,2.07E+08,3.54E+06,2256099,2256100,0,400750
100,2.14E+08,3.60E+06,2256101,2256101,0,430550
100,2.02E+08,3.83E+06,2256103,2256103,0,384700
100,2.17E+08,3.76E+06,2256105,2256105,0,439650
100,2.02E+08,3.76E+06,2256106,2256106,0,384700
100,1.99E+08,3.62E+06,2256111,2256110,0,372500
100,2.17E+08,3.56E+06,2256112,2256113,0,439650
100,2.14E+08,3.81E+06,2256114,2256114,0,430550
100,2.07E+08,3.54E+06,2256115,2256113,0,400650
100,2.17E+08,3.77E+06,2256130,2256130,0,439650
100,2.14E+08,3.62E+06,2256131,2256130,0,430550
100,2.07E+08,3.55E+06,2256140,2256140,0,400650
100,2.17E+08,3.58E+06,2256140,2256140,0,439650
100,2.07E+08,3.82E+06,2256141,2256141,0,399500
100,2.14E+08,3.61E+06,2256142,2256143,0,430550
100,2.17E+08,3.55E+06,2256146,2256147,0,439650
100,1.99E+08,3.55E+06,2256157,2256157,0,372500
100,2.17E+08,3.57E+06,2256169,2256169,0,439650
100,2.14E+08,3.58E+06,2256175,2256174,0,430550
100,2.07E+08,3.63E+06,2256176,2256172,0,400650
100,2.17E+08,3.61E+06,2256177,2256177,0,439650
100,2.14E+08,3.57E+06,2256178,2256178,0,430550
100,2.17E+08,3.63E+06,2256193,2256193,0,439750
100,2.01E+08,3.78E+06,2256194,2256194,0,382650
100,2.07E+08,3.63E+06,2256194,2256194,0,400750
100,2.14E+08,3.60E+06,2256198,2256197,0,430550
100,2.07E+08,3.54E+06,2256206,2256204,0,400750
100,2.07E+08,3.54E+06,2256211,2256211,0,400750
100,2.14E+08,3.55E+06,2256214,2256214,0,430550
100,2.17E+08,3.55E+06,2256219,2256217,0,439650
100,2.07E+08,3.54E+06,2256230,2256230,0,400650
100,2.17E+08,3.74E+06,2256231,2256231,0,439750
100,2.17E+08,3.62E+06,2256233,2256233,0,439650
100,2.14E+08,3.97E+06,2256239,2256238,0,430550
100,1.99E+08,3.69E+06,2256241,2256242,0,372500
100,2.02E+08,3.65E+06,2256244,2256241,0,384700
100,2.07E+08,3.54E+06,2256249,2256249,0,400650
100,1.90E+08,3.88E+06,2256250,2256250,0,340800
100,2.02E+08,3.61E+06,2256251,2256251,0,384700
100,2.02E+08,3.70E+06,2256257,2256257,0,384700
100,2.14E+08,3.74E+06,2256261,2256261,0,430550
100,2.14E+08,3.67E+06,2256261,2256260,0,430550
100,2.14E+08,3.55E+06,2256264,2256264,0,430550
100,2.17E+08,3.67E+06,2256266,2256266,0,439650
100,2.17E+08,3.79E+06,2256267,2256266,0,439650
100,2.14E+08,3.54E+06,2256279,2256279,0,430550
100,2.07E+08,3.54E+06,2256296,2256296,0,400750
100,2.17E+08,3.60E+06,2256297,2256296,0,439650
100,2.02E+08,3.88E+06,2256302,2256302,0,384700
100,2.14E+08,3.60E+06,2256304,2256304,0,430550
100,2.17E+08,3.55E+06,2256305,2256304,0,439650
100,2.14E+08,3.55E+06,2256310,2256310,0,430550
100,2.14E+08,3.54E+06,2256320,2256319,0,430550
100,2.14E+08,3.55E+06,2256321,2256321,0,430550
100,2.02E+08,3.71E+06,2256322,2256325,0,384700
100,2.02E+08,3.83E+06,2256346,2256347,0,384700
100,2.17E+08,3.63E+06,2256349,2256348,0,439650
100,2.14E+08,3.74E+06,2256350,2256350,0,430550
100,2.17E+08,3.66E+06,2256354,2256354,0,438200
100,2.17E+08,3.54E+06,2256354,2256354,0,439650
100,2.17E+08,3.54E+06,2256362,2256363,0,439750
100,2.17E+08,3.56E+06,2256366,2256365,0,439650
100,2.14E+08,3.58E+06,2256367,2256368,0,430550
100,2.14E+08,3.55E+06,2256369,2256368,0,430550
100,2.17E+08,3.56E+06,2256369,2256369,0,439650
100,2.17E+08,3.55E+06,2256370,2256369,0,439650
100,2.07E+08,3.66E+06,2256377,2256379,0,400650
100,1.99E+08,3.61E+06,2256397,2256397,0,372500
100,2.17E+08,3.62E+06,2256401,2256401,0,439650
100,2.07E+08,3.56E+06,2256414,2256414,0,400750
100,2.17E+08,3.54E+06,2256415,2256414,0,438200
100,2.02E+08,3.78E+06,2256416,2256418,0,384700
100,2.17E+08,3.67E+06,2256424,2256426,0,438200
100,2.17E+08,3.57E+06,2256429,2256429,0,439750
100,2.17E+08,3.54E+06,2256435,2256435,0,439650
100,2.14E+08,3.60E+06,2256436,2256436,0,430550
100,1.99E+08,3.76E+06,2256438,2256437,0,372500
100,2.17E+08,3.77E+06,2256455,2256455,0,439650
100,2.17E+08,3.65E+06,2256455,2256454,0,439650
100,1.98E+08,3.97E+06,2256458,2256458,0,367050
100,2.17E+08,3.54E+06,2256459,2256459,0,439650
100,2.14E+08,3.54E+06,2256466,2256467,0,430550
100,2.14E+08,3.55E+06,2256468,2256468,0,430550
100,2.07E+08,3.56E+06,2256472,2256472,0,400650
100,2.07E+08,3.56E+06,2256472,2256474,0,400750
100,1.99E+08,3.66E+06,2256480,2256478,0,369550
100,1.99E+08,3.93E+06,2256484,2256484,0,369450
100,2.17E+08,3.93E+06,2256486,2256482,0,439750
100,2.07E+08,3.58E+06,2256491,2256489,0,400650
100,2.17E+08,3.63E+06,2256491,2256491,0,439650
100,2.14E+08,3.59E+06,2256498,2256496,0,430550
100,2.14E+08,3.57E+06,2256500,2256496,0,430550
100,2.14E+08,3.55E+06,2256506,2256506,0,430550
100,2.07E+08,3.54E+06,2256511,2256512,0,400650
100,2.14E+08,3.57E+06,2256512,2256511,0,430550
100,2.17E+08,3.56E+06,2256518,2256518,0,439650
100,2.14E+08,4.05E+06,2256523,2256520,0,430550
100,2.07E+08,3.57E+06,2256524,2256524,0,400650
100,2.01E+08,3.71E+06,2256526,2256526,0,381500
100,2.17E+08,3.60E+06,2256529,2256531,0,439650
100,2.17E+08,3.55E+06,2256538,2256535,0,439650
100,2.14E+08,3.66E+06,2256541,2256541,0,430550
100,2.17E+08,3.57E+06,2256544,2256546,0,439650
100,2.14E+08,3.58E+06,2256555,2256553,0,430550
100,1.99E+08,3.77E+06,2256557,2256557,0,369550
100,2.17E+08,3.58E+06,2256557,2256557,0,439650
100,2.02E+08,3.68E+06,2256558,2256558,0,384700
100,2.07E+08,3.55E+06,2256558,2256558,0,400750
100,2.14E+08,3.61E+06,2256559,2256560,0,430550
100,1.99E+08,3.73E+06,2256560,2256556,0,372500
100,2.14E+08,3.58E+06,2256560,2256561,0,430550
100,2.07E+08,3.56E+06,2256562,2256562,0,400650
100,2.07E+08,3.54E+06,2256573,2256573,0,400750
100,2.14E+08,3.55E+06,2256576,2256577,0,430550
100,2.14E+08,3.56E+06,2256576,2256576,0,430550
100,2.07E+08,3.56E+06,2256579,2256579,0,400650
100,1.99E+08,3.73E+06,2256587,2256587,0,372500
100,2.07E+08,3.58E+06,2256587,2256589,0,399500
100,2.17E+08,3.58E+06,2256588,2256588,0,439650
100,2.01E+08,4.10E+06,2256592,2256592,0,381050
100,2.17E+08,3.59E+06,2256592,2256592,0,439650
100,2.17E+08,3.54E+06,2256603,2256603,0,439750
100,2.17E+08,3.69E+06,2256609,2256609,0,439750
100,2.17E+08,3.55E+06,2256614,2256613,0,439650
100,2.14E+08,3.54E+06,2256615,2256614,0,430550
100,2.07E+08,3.55E+06,2256626,2256626,0,400650
100,2.07E+08,3.68E+06,2256646,2256645,0,400750
100,2.17E+08,3.55E+06,2256650,2256650,0,439650
100,2.07E+08,3.56E+06,2256654,2256653,0,400750
100,2.14E+08,3.54E+06,2256659,2256656,0,430550
100,2.02E+08,3.61E+06,2256661,2256661,0,384300
100,2.07E+08,3.56E+06,2256661,2256661,0,400750
100,2.14E+08,3.56E+06,2256663,2256663,0,430550
100,2.17E+08,3.55E+06,2256663,2256663,0,439750
100,2.14E+08,3.65E+06,2256664,2256663,0,430550
100,2.07E+08,3.55E+06,2256679,2256679,0,400650
100,2.17E+08,3.57E+06,2256681,2256681,0,439750
100,2.02E+08,3.61E+06,2256685,2256685,0,384700
100,2.14E+08,3.55E+06,2256690,2256691,0,430550
100,2.14E+08,3.54E+06,2256700,2256703,0,430550
100,1.99E+08,3.57E+06,2256703,2256703,0,372500
100,2.14E+08,3.54E+06,2256703,2256703,0,430550
100,2.14E+08,3.70E+06,2256704,2256706,0,430550
100,2.07E+08,3.59E+06,2256708,2256708,0,400750
100,2.17E+08,3.55E+06,2256708,2256708,0,439650
100,2.14E+08,3.55E+06,2256715,2256715,0,430550
100,2.17E+08,3.56E+06,2256722,2256722,0,439750
100,2.17E+08,3.58E+06,2256728,2256728,0,439650
100,1.99E+08,3.89E+06,2256735,2256734,0,372500
100,2.07E+08,3.56E+06,2256736,2256736,0,400750
100,2.14E+08,3.56E+06,2256739,2256734,0,430550
100,2.17E+08,3.55E+06,2256743,2256743,0,439650
100,2.14E+08,3.58E+06,2256747,2256747,0,430550
100,2.14E+08,3.59E+06,2256747,2256746,0,430550
100,2.17E+08,3.60E+06,2256748,2256748,0,439650
100,2.07E+08,3.54E+06,2256755,2256748,0,400750
100,2.17E+08,3.79E+06,2256755,2256755,0,439650
100,2.17E+08,3.55E+06,2256757,2256760,0,439650
100,2.07E+08,3.59E+06,2256760,2256760,0,400650
100,2.17E+08,3.60E+06,2256761,2256760,0,439650
100,2.14E+08,3.66E+06,2256764,2256762,0,430550
100,2.14E+08,3.59E+06,2256768,2256768,0,430550
100,2.17E+08,3.70E+06,2256770,2256770,0,439650
100,2.14E+08,3.61E+06,2256772,2256772,0,430550
100,1.99E+08,3.65E+06,2256773,2256772,0,369550
100,2.17E+08,3.56E+06,2256773,2256773,0,439650
100,2.02E+08,3.56E+06,2256775,2256775,0,384700
100,2.17E+08,3.61E+06,2256775,2256775,0,438200
100,1.99E+08,3.59E+06,2256778,2256776,0,369550
100,2.14E+08,3.55E+06,2256780,2256779,0,430550
100,2.17E+08,3.93E+06,2256780,2256780,0,439650
100,2.02E+08,3.74E+06,2256784,2256784,0,385300
100,2.07E+08,3.56E+06,2256784,2256783,0,400750
100,2.17E+08,3.63E+06,2256785,2256781,0,439750
100,2.14E+08,3.65E+06,2256787,2256785,0,430550
100,2.17E+08,3.59E+06,2256788,2256790,0,438200
100,2.17E+08,3.66E+06,2256788,2256788,0,439650
100,2.17E+08,3.54E+06,2256788,2256788,0,439650
100,2.17E+08,3.56E+06,2256794,2256796,0,439650
100,2.17E+08,3.57E+06,2256801,2256801,0,439650
100,2.07E+08,3.55E+06,2256802,2256805,0,400650
100,2.07E+08,3.56E+06,2256805,2256805,0,400650
100,2.14E+08,3.55E+06,2256811,2256811,0,430550
100,2.02E+08,3.82E+06,2256812,2256812,0,385150
100,2.17E+08,3.59E+06,2256815,2256815,0,439650
100,2.17E+08,3.70E+06,2256817,2256817,0,439750
100,2.01E+08,3.99E+06,2256823,2256823,0,381050
100,2.17E+08,3.61E+06,2256828,2256830,0,439650
100,2.08E+08,4.15E+06,2256831,2256832,0,401600
100,2.14E+08,3.58E+06,2256833,2256833,0,430550
100,2.02E+08,3.71E+06,2256838,2256838,0,384700
100,2.14E+08,3.66E+06,2256840,2256840,0,430550
100,2.14E+08,3.55E+06,2256852,2256852,0,430550
100,2.14E+08,3.55E+06,2256852,2256852,0,430550
100,2.14E+08,3.55E+06,2256853,2256853,0,430550
100,2.14E+08,3.57E+06,2256855,2256854,0,430550
100,2.17E+08,3.57E+06,2256856,2256853,0,439650
100,2.17E+08,3.54E+06,2256860,2256860,0,439750
100,2.07E+08,3.60E+06,2256862,2256862,0,400750
100,2.02E+08,3.55E+06,2256863,2256863,0,384700
100,1.99E+08,3.69E+06,2256875,2256876,0,372500
100,2.07E+08,3.71E+06,2256884,2256884,0,400750
100,2.17E+08,3.66E+06,2256884,2256884,0,439650
100,2.14E+08,3.55E+06,2256886,2256889,0,430550
100,2.14E+08,3.59E+06,2256898,2256898,0,430550
100,2.14E+08,3.56E+06,2256902,2256902,0,430550
100,2.17E+08,3.54E+06,2256902,2256901,0,439650
100,2.02E+08,3.59E+06,2256903,2256902,0,384700
100,2.07E+08,3.92E+06,2256904,2256902,0,399900
100,2.02E+08,3.58E+06,2256905,2256905,0,384300
100,2.17E+08,3.55E+06,2256906,2256905,0,439650
100,2.07E+08,3.58E+06,2256910,2256909,0,400650
100,1.99E+08,3.68E+06,2256911,2256911,0,369550
100,2.17E+08,3.54E+06,2256911,2256911,0,439650
100,2.07E+08,3.54E+06,2256912,2256911,0,400750
100,2.07E+08,3.55E+06,2256915,2256916,0,400650
100,2.14E+08,3.57E+06,2256916,2256918,0,430550
100,2.17E+08,3.56E+06,2256916,2256916,0,439650
100,2.04E+08,4.03E+06,2256923,2256922,0,388450
100,2.14E+08,3.58E+06,2256925,2256925,0,430550
100,2.14E+08,3.66E+06,2256926,2256927,0,430550
100,2.17E+08,3.58E+06,2256927,2256927,0,439650
100,2.17E+08,3.56E+06,2256927,2256927,0,439650
100,2.17E+08,3.54E+06,2256928,2256930,0,439650
100,1.99E+08,3.61E+06,2256929,2256929,0,372500
100,2.14E+08,3.56E+06,2256929,2256928,0,430550
100,2.17E+08,3.56E+06,2256929,2256928,0,439650
100,2.14E+08,3.57E+06,2256933,2256933,0,430550
100,2.17E+08,3.59E+06,2256937,2256937,0,439750
100,2.07E+08,3.75E+06,2256939,2256939,0,400750
100,2.07E+08,3.54E+06,2256943,2256941,0,400750
100,2.17E+08,3.57E+06,2256944,2256944,0,439750
100,2.07E+08,3.55E+06,2256948,2256947,0,400750
100,2.14E+08,3.55E+06,2256960,2256960,0,430550
100,2.07E+08,3.58E+06,2256962,2256962,0,399500
100,1.99E+08,3.54E+06,2256972,2256972,0,372500
100,2.17E+08,3.68E+06,2256978,2256978,0,439750
100,2.07E+08,3.56E+06,2256980,2256977,0,400650
100,2.17E+08,3.58E+06,2256989,2256989,0,439650
100,2.14E+08,3.56E+06,2256990,2256990,0,430550
100,2.17E+08,3.56E+06,2256990,2256991,0,439750
100,2.17E+08,3.63E+06,2256991,2256990,0,438200
100,1.99E+08,3.55E+06,2256993,2256992,0,369550
100,2.07E+08,3.54E+06,2256999,2256998,0,400750
100,1.99E+08,3.58E+06,2257000,2257001,0,372500
100,2.17E+08,3.58E+06,2257008,2257008,0,439650
100,2.08E+08,3.71E+06,2257018,2257017,0,401600
100,2.17E+08,3.56E+06,2257027,2257027,0,439650
100,2.17E+08,3.55E+06,2257027,2257027,0,439750
100,2.14E+08,3.54E+06,2257033,2257032,0,430550
100,2.17E+08,3.54E+06,2257033,2257033,0,439650
100,2.17E+08,3.88E+06,2257036,2257036,0,439750
100,2.07E+08,3.64E+06,2257042,2257042,0,400650
100,2.17E+08,3.55E+06,2257045,2257045,0,439650
100,2.07E+08,3.54E+06,2257047,2257047,0,400750
100,2.17E+08,3.59E+06,2257048,2257048,0,439650
100,1.99E+08,3.71E+06,2257051,2257051,0,372500
100,2.17E+08,3.58E+06,2257069,2257068,0,439750
100,1.99E+08,3.54E+06,2257072,2257072,0,372500
100,2.17E+08,3.61E+06,2257074,2257074,0,439750
100,2.17E+08,3.66E+06,2257085,2257083,0,439650
100,2.02E+08,3.78E+06,2257097,2257097,0,385150
100,2.02E+08,3.82E+06,2257100,2257099,0,384700
100,2.17E+08,3.61E+06,2257103,2257103,0,439750
100,2.17E+08,3.56E+06,2257104,2257104,0,439650
100,2.07E+08,3.57E+06,2257108,2257108,0,400750
100,2.17E+08,3.56E+06,2257109,2257110,0,439650
100,1.99E+08,3.60E+06,2257115,2257116,0,372500
100,2.17E+08,3.54E+06,2257123,2257123,0,439750
100,2.14E+08,3.55E+06,2257129,2257129,0,430550
100,2.02E+08,3.59E+06,2257134,2257134,0,384700
100,2.07E+08,3.55E+06,2257142,2257142,0,400750
100,1.99E+08,3.79E+06,2257144,2257145,0,372500
100,2.07E+08,3.61E+06,2257144,2257144,0,400650
100,2.08E+08,3.73E+06,2257148,2257148,0,401600
100,2.14E+08,3.97E+06,2257150,2257153,0,430550
100,2.17E+08,3.57E+06,2257151,2257151,0,439650
100,2.14E+08,3.54E+06,2257155,2257155,0,430550
100,2.14E+08,3.54E+06,2257159,2257157,0,430550
100,2.02E+08,3.57E+06,2257164,2257163,0,384700
100,2.07E+08,3.54E+06,2257165,2257166,0,400750
100,2.14E+08,3.55E+06,2257171,2257171,0,430550
100,2.07E+08,3.56E+06,2257175,2257175,0,400750
100,2.07E+08,3.55E+06,2257178,2257178,0,400750
100,2.17E+08,3.54E+06,2257179,2257176,0,439650
100,2.02E+08,4.08E+06,2257182,2257182,0,385150
100,2.14E+08,3.71E+06,2257188,2257188,0,430550
100,2.17E+08,3.56E+06,2257195,2257195,0,439650
100,2.17E+08,3.64E+06,2257197,2257196,0,439650
100,2.02E+08,3.73E+06,2257199,2257198,0,384700
100,2.14E+08,3.61E+06,2257200,2257199,0,430550
100,2.07E+08,3.54E+06,2257203,2257202,0,400750
100,2.14E+08,3.54E+06,2257204,2257204,0,430550
100,2.17E+08,3.54E+06,2257205,2257205,0,439650
100,2.14E+08,3.55E+06,2257206,2257205,0,430550
100,2.17E+08,3.56E+06,2257207,2257210,0,439750
100,2.17E+08,3.56E+06,2257223,2257220,0,439750
100,2.02E+08,3.67E+06,2257236,2257235,0,384700
100,2.14E+08,3.70E+06,2257238,2257238,0,430550
100,2.14E+08,3.54E+06,2257238,2257238,0,430550
100,2.02E+08,3.56E+06,2257241,2257241,0,384700
100,2.07E+08,3.54E+06,2257242,2257241,0,400750
100,2.14E+08,3.57E+06,2257245,2257245,0,430550
100,2.04E+08,4.23E+06,2257248,2257248,0,389350
100,2.14E+08,3.67E+06,2257249,2257247,0,430550
100,2.17E+08,3.55E+06,2257249,2257250,0,439750
100,2.14E+08,3.54E+06,2257251,2257252,0,430550
100,2.07E+08,3.60E+06,2257254,2257254,0,400650
100,2.17E+08,3.58E+06,2257254,2257255,0,439750
100,2.14E+08,3.56E+06,2257255,2257255,0,430550
100,2.17E+08,3.58E+06,2257256,2257251,0,439650
100,2.07E+08,3.55E+06,2257257,2257257,0,400750
100,2.14E+08,3.58E+06,2257257,2257257,0,430550
100,2.07E+08,4.03E+06,2257262,2257262,0,400750
100,2.17E+08,3.59E+06,2257269,2257269,0,439650
100,2.07E+08,3.60E+06,2257279,2257278,0,400650
100,2.14E+08,3.55E+06,2257287,2257287,0,430550
100,2.17E+08,3.56E+06,2257294,2257296,0,439650
100,2.14E+08,3.59E+06,2257296,2257296,0,430550
100,2.17E+08,3.60E+06,2257303,2257303,0,439650
100,2.07E+08,3.59E+06,2257304,2257304,0,400650
100,1.99E+08,3.69E+06,2257306,2257305,0,372500
100,2.17E+08,3.70E+06,2257307,2257306,0,439650
100,2.17E+08,3.56E+06,2257308,2257309,0,439650
100,2.17E+08,3.54E+06,2257309,2257311,0,439750
100,2.02E+08,3.54E+06,2257310,2257312,0,384700
100,2.14E+08,3.54E+06,2257313,2257312,0,430550
100,2.02E+08,3.56E+06,2257314,2257311,0,384300
100,2.14E+08,3.56E+06,2257314,2257314,0,430550
100,2.17E+08,3.67E+06,2257314,2257313,0,439650
100,2.14E+08,3.55E+06,2257319,2257319,0,430550
100,2.17E+08,3.61E+06,2257319,2257319,0,439650
100,1.98E+08,3.75E+06,2257331,2257331,0,367050
100,2.17E+08,3.56E+06,2257333,2257330,0,439650
100,2.17E+08,3.54E+06,2257336,2257336,0,439750
100,2.07E+08,3.56E+06,2257338,2257338,0,400750
100,2.17E+08,3.58E+06,2257342,2257340,0,439650
100,2.07E+08,3.55E+06,2257346,2257346,0,400750
100,2.07E+08,3.54E+06,2257348,2257348,0,400750
100,2.02E+08,3.66E+06,2257357,2257358,0,384300
100,2.14E+08,3.55E+06,2257361,2257357,0,430550
100,1.84E+08,3.74E+06,2257364,2257363,0,326850
100,1.99E+08,3.54E+06,2257366,2257366,0,369550
100,2.14E+08,3.56E+06,2257369,2257370,0,430550
100,2.14E+08,3.59E+06,2257373,2257373,0,430550
100,2.14E+08,3.54E+06,2257373,2257372,0,430550
100,2.14E+08,3.57E+06,2257377,2257376,0,430550
100,1.99E+08,3.56E+06,2257379,2257378,0,372500
100,2.17E+08,3.54E+06,2257382,2257382,0,439650
100,2.07E+08,3.61E+06,2257383,2257383,0,399500
100,2.07E+08,3.54E+06,2257389,2257389,0,400750
100,2.17E+08,3.76E+06,2257393,2257394,0,439650
100,2.17E+08,3.62E+06,2257395,2257395,0,439650
100,2.07E+08,3.55E+06,2257398,2257397,0,400750
100,2.14E+08,3.60E+06,2257398,2257398,0,430550
100,2.17E+08,3.73E+06,2257398,2257398,0,438200
100,2.17E+08,3.78E+06,2257399,2257401,0,439650
100,2.02E+08,3.90E+06,2257400,2257401,0,384700
100,2.14E+08,3.55E+06,2257400,2257400,0,430550
100,2.17E+08,3.57E+06,2257412,2257410,0,439650
100,2.17E+08,3.84E+06,2257413,2257413,0,439650
100,2.17E+08,3.61E+06,2257413,2257411,0,439650
100,2.14E+08,3.56E+06,2257416,2257416,0,430550
100,2.17E+08,3.56E+06,2257416,2257416,0,439650
100,2.17E+08,3.56E+06,2257422,2257422,0,439750
100,2.14E+08,3.57E+06,2257424,2257425,0,430550
100,2.07E+08,3.57E+06,2257428,2257428,0,400650
100,2.14E+08,3.59E+06,2257446,2257445,0,430550
100,2.17E+08,3.55E+06,2257466,2257466,0,439650
100,2.14E+08,3.55E+06,2257475,2257476,0,430550
100,2.17E+08,3.55E+06,2257475,2257475,0,439650
100,2.07E+08,3.54E+06,2257477,2257478,0,400650
100,2.17E+08,3.54E+06,2257477,2257477,0,439650
100,1.99E+08,3.59E+06,2257478,2257478,0,372500
100,2.14E+08,3.56E+06,2257478,2257476,0,430550
100,2.02E+08,3.79E+06,2257480,2257479,0,384700
100,2.07E+08,3.55E+06,2257482,2257483,0,400650
100,2.07E+08,3.56E+06,2257483,2257482,0,400650
100,2.02E+08,3.97E+06,2257485,2257485,0,385150
100,2.07E+08,3.55E+06,2257490,2257490,0,400750
100,2.14E+08,3.58E+06,2257501,2257501,0,430550
100,2.02E+08,3.56E+06,2257502,2257502,0,384700
100,2.17E+08,3.58E+06,2257502,2257501,0,439650
100,2.14E+08,3.55E+06,2257517,2257511,0,430550
100,2.14E+08,3.54E+06,2257519,2257519,0,430550
100,2.14E+08,3.58E+06,2257519,2257519,0,430550
100,2.07E+08,3.56E+06,2257524,2257524,0,400750
100,1.99E+08,3.69E+06,2257541,2257541,0,369550
100,2.17E+08,3.55E+06,2257541,2257542,0,439750
100,2.15E+08,3.73E+06,2257544,2257544,0,430550
100,2.17E+08,3.55E+06,2257551,2257548,0,439750
100,2.14E+08,3.54E+06,2257552,2257551,0,430550
100,2.07E+08,3.62E+06,2257558,2257558,0,400650
100,2.07E+08,4.01E+06,2257559,2257559,0,400750
100,2.07E+08,3.59E+06,2257564,2257564,0,400750
100,2.17E+08,3.57E+06,2257564,2257564,0,439650
100,2.07E+08,3.57E+06,2257568,2257568,0,400750
100,2.14E+08,3.54E+06,2257572,2257573,0,430550
100,2.14E+08,3.55E+06,2257572,2257573,0,430550
100,2.17E+08,3.54E+06,2257576,2257577,0,439750
100,2.17E+08,3.74E+06,2257577,2257577,0,439650
100,2.17E+08,3.63E+06,2257588,2257588,0,439650
100,2.14E+08,3.55E+06,2257589,2257589,0,430550
100,2.07E+08,3.61E+06,2257593,2257591,0,400650
100,2.17E+08,3.55E+06,2257594,2257593,0,439650
100,1.99E+08,3.55E+06,2257595,2257595,0,372500
100,2.14E+08,3.55E+06,2257597,2257598,0,430550
100,1.99E+08,3.57E+06,2257602,2257602,0,369550
100,2.17E+08,3.54E+06,2257612,2257608,0,439650
100,2.17E+08,3.58E+06,2257613,2257615,0,439650
100,2.07E+08,3.58E+06,2257614,2257615,0,400650
100,2.07E+08,3.54E+06,2257618,2257620,0,400750
100,2.07E+08,3.56E+06,2257621,2257620,0,400750
100,2.17E+08,3.55E+06,2257622,2257618,0,439650
100,2.14E+08,3.54E+06,2257624,2257621,0,430550
100,2.14E+08,3.59E+06,2257626,2257626,0,430550
100,2.17E+08,3.56E+06,2257627,2257628,0,439650
100,2.17E+08,3.58E+06,2257633,2257631,0,439750
100,1.99E+08,3.72E+06,2257634,2257634,0,372500
100,2.14E+08,3.54E+06,2257634,2257634,0,430550
100,2.17E+08,3.55E+06,2257648,2257648,0,439650
100,2.17E+08,3.57E+06,2257653,2257653,0,439650
100,2.17E+08,3.55E+06,2257653,2257655,0,439750
100,2.07E+08,3.59E+06,2257658,2257658,0,399500
100,1.99E+08,3.85E+06,2257663,2257664,0,372500
100,2.07E+08,3.56E+06,2257666,2257666,0,400750
100,2.14E+08,3.66E+06,2257672,2257672,0,430550
100,2.17E+08,3.54E+06,2257681,2257681,0,439650
100,2.14E+08,3.59E+06,2257685,2257685,0,430550
100,2.14E+08,3.56E+06,2257686,2257687,0,430550
100,2.17E+08,3.88E+06,2257687,2257687,0,439650
100,2.17E+08,3.54E+06,2257688,2257688,0,439650
100,2.07E+08,3.58E+06,2257695,2257696,0,400750
100,2.07E+08,3.73E+06,2257698,2257698,0,400650
100,2.02E+08,3.82E+06,2257699,2257699,0,384700
100,2.05E+08,3.91E+06,2257701,2257701,0,392150
100,2.17E+08,3.58E+06,2257702,2257695,0,439650
100,2.14E+08,3.54E+06,2257717,2257717,0,430550
100,2.07E+08,3.77E+06,2257719,2257722,0,400650
100,1.99E+08,3.60E+06,2257727,2257727,0,369550
100,2.08E+08,3.59E+06,2257734,2257734,0,401600
100,2.07E+08,3.58E+06,2257735,2257735,0,399500
100,2.07E+08,3.55E+06,2257737,2257737,0,400750
100,2.17E+08,3.65E+06,2257739,2257739,0,439650
100,2.14E+08,3.56E+06,2257740,2257740,0,430550
100,2.14E+08,3.74E+06,2257750,2257748,0,430550
100,2.17E+08,3.61E+06,2257759,2257759,0,439650
100,2.17E+08,3.71E+06,2257766,2257767,0,438200
100,2.02E+08,3.57E+06,2257774,2257774,0,384700
100,2.14E+08,3.99E+06,2257774,2257773,0,430550
100,2.14E+08,3.54E+06,2257780,2257782,0,430550
100,2.14E+08,3.54E+06,2257783,2257788,0,430550
100,2.14E+08,3.65E+06,2257784,2257784,0,430550
100,2.14E+08,3.56E+06,2257787,2257784,0,430550
100,2.17E+08,3.54E+06,2257790,2257790,0,439650
100,2.07E+08,3.54E+06,2257791,2257794,0,400750
100,2.17E+08,3.66E+06,2257791,2257792,0,439650
100,2.07E+08,3.56E+06,2257795,2257795,0,400650
100,2.14E+08,3.57E+06,2257800,2257801,0,430550
100,2.07E+08,3.77E+06,2257802,2257803,0,400650
100,2.07E+08,3.58E+06,2257802,2257803,0,400650
100,2.14E+08,3.56E+06,2257805,2257805,0,430550
100,2.17E+08,3.58E+06,2257806,2257806,0,439650
100,2.14E+08,3.55E+06,2257808,2257808,0,430550
100,2.02E+08,3.69E+06,2257820,2257819,0,384700
100,2.07E+08,3.59E+06,2257821,2257821,0,400650
100,2.07E+08,3.55E+06,2257824,2257813,0,400650
100,2.14E+08,4.09E+06,2257827,2257827,0,430550
100,2.07E+08,3.56E+06,2257831,2257832,0,400650
100,2.02E+08,3.72E+06,2257833,2257834,0,384700
100,2.02E+08,3.97E+06,2257833,2257832,0,384700
100,2.17E+08,3.56E+06,2257840,2257840,0,439650
100,2.17E+08,3.65E+06,2257840,2257839,0,439650
100,2.14E+08,3.54E+06,2257843,2257844,0,430550
100,2.17E+08,3.60E+06,2257845,2257846,0,439650
100,2.14E+08,3.55E+06,2257849,2257848,0,430550
100,2.14E+08,3.59E+06,2257852,2257853,0,430550
100,2.14E+08,3.59E+06,2257858,2257858,0,430550
100,1.99E+08,3.61E+06,2257861,2257861,0,372500
100,2.14E+08,3.55E+06,2257861,2257861,0,430550
100,1.99E+08,3.93E+06,2257862,2257862,0,372500
100,2.14E+08,3.55E+06,2257863,2257863,0,430550
100,2.14E+08,3.68E+06,2257864,2257866,0,430550
100,2.17E+08,3.56E+06,2257867,2257867,0,439650
100,2.14E+08,3.55E+06,2257870,2257870,0,430550
100,2.07E+08,3.71E+06,2257873,2257874,0,400750
100,1.99E+08,3.57E+06,2257875,2257871,0,372500
100,1.98E+08,3.66E+06,2257879,2257879,0,367450
100,2.07E+08,3.56E+06,2257881,2257883,0,400750
100,2.17E+08,3.55E+06,2257884,2257884,0,439650
100,2.07E+08,3.56E+06,2257890,2257890,0,400750
100,2.17E+08,3.57E+06,2257899,2257899,0,439750
100,1.99E+08,3.61E+06,2257905,2257905,0,372500
100,2.05E+08,4.33E+06,2257905,2257905,0,396450
100,2.14E+08,3.79E+06,2257920,2257917,0,430550
100,2.17E+08,3.70E+06,2257924,2257924,0,439650
100,2.17E+08,3.55E+06,2257928,2257928,0,439750
100,2.14E+08,3.55E+06,2257931,2257931,0,430550
100,2.01E+08,3.72E+06,2257932,2257932,0,382000
100,2.14E+08,3.61E+06,2257932,2257930,0,430550
100,2.02E+08,3.54E+06,2257937,2257937,0,384700
100,2.04E+08,3.91E+06,2257943,2257943,0,388450
100,2.17E+08,3.54E+06,2257943,2257943,0,439750
100,2.07E+08,3.57E+06,2257944,2257944,0,400750
100,2.14E+08,3.61E+06,2257948,2257948,0,430550
100,2.07E+08,3.54E+06,2257953,2257953,0,400650
100,2.07E+08,3.54E+06,2257953,2257953,0,400750
100,1.99E+08,3.59E+06,2257961,2257961,0,372500
100,2.14E+08,3.57E+06,2257962,2257966,0,430550
100,1.99E+08,3.57E+06,2257966,2257966,0,369550
100,2.14E+08,3.55E+06,2257966,2257965,0,430550
100,2.17E+08,3.54E+06,2257966,2257963,0,439650
100,2.07E+08,3.58E+06,2257972,2257972,0,400650
100,2.07E+08,3.54E+06,2257982,2257981,0,400650
100,2.14E+08,3.57E+06,2257983,2257982,0,430550
100,2.17E+08,3.56E+06,2257988,2257988,0,439650
100,2.14E+08,3.75E+06,2257990,2257984,0,430550
100,2.07E+08,3.59E+06,2257992,2257992,0,400650
100,2.07E+08,3.57E+06,2257997,2257997,0,400650
100,2.14E+08,3.54E+06,2258000,2257999,0,430550
100,2.17E+08,3.55E+06,2258005,2258006,0,439650
100,2.07E+08,3.60E+06,2258007,2258007,0,399500
100,2.14E+08,3.70E+06,2258009,2258009,0,430550
100,2.14E+08,3.60E+06,2258012,2258012,0,430550
100,2.07E+08,3.54E+06,2258027,2258027,0,400750
100,2.14E+08,3.54E+06,2258029,2258031,0,430550
100,2.17E+08,3.55E+06,2258031,2258031,0,439650
100,2.14E+08,3.61E+06,2258035,2258032,0,430550
100,2.14E+08,3.55E+06,2258037,2258035,0,430550
100,2.07E+08,3.54E+06,2258047,2258047,0,400750
100,2.14E+08,3.54E+06,2258047,2258045,0,430550
100,1.99E+08,3.59E+06,2258048,2258045,0,372500
100,2.02E+08,3.62E+06,2258059,2258059,0,385000
100,2.17E+08,3.54E+06,2258070,2258070,0,439650
100,2.07E+08,3.57E+06,2258075,2258074,0,400650
100,2.07E+08,3.73E+06,2258077,2258079,0,400750
100,2.17E+08,3.63E+06,2258080,2258079,0,439750
100,2.17E+08,3.57E+06,2258083,2258084,0,439650
100,2.14E+08,3.56E+06,2258085,2258087,0,430550
100,2.17E+08,3.66E+06,2258085,2258084,0,439750
100,1.99E+08,3.56E+06,2258087,2258087,0,369550
100,2.14E+08,3.56E+06,2258087,2258087,0,430550
100,2.17E+08,3.58E+06,2258091,2258090,0,439650
100,1.99E+08,3.66E+06,2258092,2258092,0,372500
100,2.07E+08,3.55E+06,2258096,2258096,0,400650
100,2.14E+08,3.64E+06,2258096,2258096,0,430550
100,2.14E+08,3.57E+06,2258097,2258098,0,430550
100,2.07E+08,3.54E+06,2258100,2258101,0,400650
100,2.14E+08,3.54E+06,2258100,2258100,0,430550
100,2.17E+08,3.57E+06,2258105,2258105,0,439650
100,2.17E+08,3.54E+06,2258112,2258111,0,439650
100,2.14E+08,3.60E+06,2258113,2258112,0,430550
100,2.17E+08,3.56E+06,2258118,2258119,0,439650
100,2.02E+08,3.71E+06,2258123,2258123,0,384700
100,1.99E+08,3.58E+06,2258128,2258128,0,372500
100,2.02E+08,3.68E+06,2258138,2258137,0,384700
100,2.02E+08,3.86E+06,2258142,2258142,0,384700
100,2.14E+08,3.58E+06,2258147,2258146,0,430550
100,2.02E+08,3.60E+06,2258152,2258152,0,384700
100,2.17E+08,4.08E+06,2258155,2258157,0,438200
100,2.07E+08,3.54E+06,2258180,2258180,0,400750
100,2.14E+08,3.56E+06,2258187,2258187,0,430550
100,2.03E+08,4.28E+06,2258197,2258197,0,387900
100,1.99E+08,3.60E+06,2258199,2258199,0,369550
100,2.17E+08,3.58E+06,2258207,2258207,0,439650
100,2.17E+08,3.60E+06,2258212,2258209,0,439650
100,2.07E+08,3.56E+06,2258216,2258214,0,400650
100,2.07E+08,3.54E+06,2258221,2258221,0,400750
100,2.14E+08,3.54E+06,2258222,2258221,0,430550
100,2.14E+08,3.63E+06,2258234,2258233,0,430550
100,2.17E+08,3.61E+06,2258237,2258240,0,439650
100,2.14E+08,3.55E+06,2258239,2258239,0,430550
100,2.14E+08,3.54E+06,2258249,2258249,0,430550
100,2.14E+08,3.54E+06,2258274,2258271,0,430550
100,2.14E+08,3.54E+06,2258277,2258277,0,430550
100,2.14E+08,3.64E+06,2258284,2258282,0,430550
100,2.02E+08,3.62E+06,2258288,2258288,0,384700
100,2.17E+08,3.55E+06,2258288,2258288,0,439650
100,2.07E+08,3.66E+06,2258291,2258292,0,400650
100,2.07E+08,3.54E+06,2258300,2258300,0,400650
100,2.14E+08,3.57E+06,2258303,2258299,0,430550
100,2.01E+08,3.76E+06,2258308,2258306,0,382000
100,2.02E+08,3.59E+06,2258310,2258310,0,384700
100,2.07E+08,3.56E+06,2258311,2258311,0,400750
100,2.17E+08,3.54E+06,2258320,2258320,0,439650
100,2.17E+08,3.54E+06,2258322,2258324,0,439650
100,2.02E+08,3.59E+06,2258325,2258326,0,384300
100,2.07E+08,3.55E+06,2258328,2258329,0,400650
100,2.14E+08,3.56E+06,2258329,2258328,0,430550
100,2.08E+08,3.60E+06,2258332,2258332,0,401600
100,1.96E+08,3.65E+06,2258343,2258338,0,359400
100,1.96E+08,3.75E+06,2258343,2258342,0,359600
100,2.17E+08,3.55E+06,2258347,2258346,0,439650
100,2.17E+08,3.67E+06,2258349,2258350,0,439650
100,1.99E+08,3.60E+06,2258350,2258350,0,369550
100,2.07E+08,3.57E+06,2258350,2258350,0,400650
100,2.14E+08,3.69E+06,2258352,2258352,0,430550
100,2.07E+08,3.56E+06,2258353,2258351,0,400750
100,2.17E+08,3.56E+06,2258353,2258349,0,439650
100,2.02E+08,3.62E+06,2258354,2258354,0,384700
100,2.07E+08,3.56E+06,2258356,2258356,0,400650
100,2.07E+08,3.57E+06,2258359,2258362,0,400650
100,2.14E+08,3.65E+06,2258359,2258359,0,430550
100,2.17E+08,3.54E+06,2258364,2258363,0,439650
100,2.17E+08,3.55E+06,2258365,2258368,0,439650
100,2.14E+08,3.66E+06,2258366,2258367,0,430550
100,2.14E+08,3.63E+06,2258372,2258370,0,430550
100,2.17E+08,3.57E+06,2258372,2258372,0,439650
100,2.14E+08,3.75E+06,2258382,2258376,0,430550
100,2.14E+08,3.55E+06,2258383,2258382,0,430550
100,2.14E+08,3.57E+06,2258386,2258387,0,430550
100,2.07E+08,3.58E+06,2258387,2258387,0,400750
100,2.14E+08,3.56E+06,2258387,2258387,0,430550
100,2.17E+08,3.54E+06,2258399,2258402,0,439650
100,2.02E+08,3.78E+06,2258404,2258409,0,385000
100,2.17E+08,3.59E+06,2258404,2258401,0,439750
100,2.14E+08,3.69E+06,2258407,2258407,0,430550
100,2.17E+08,3.61E+06,2258407,2258411,0,439650
100,2.14E+08,3.54E+06,2258412,2258412,0,430550
100,2.07E+08,3.61E+06,2258414,2258414,0,400650
100,2.17E+08,3.54E+06,2258415,2258414,0,439650
100,2.07E+08,3.55E+06,2258420,2258420,0,400650
100,2.07E+08,3.61E+06,2258428,2258428,0,400750
100,2.14E+08,3.54E+06,2258429,2258429,0,430550
100,2.17E+08,3.56E+06,2258430,2258431,0,439650
100,2.07E+08,3.54E+06,2258432,2258437,0,400650
100,2.07E+08,3.56E+06,2258438,2258438,0,400650
100,2.14E+08,3.55E+06,2258438,2258436,0,430550
100,2.07E+08,3.54E+06,2258451,2258452,0,400650
100,1.93E+08,3.88E+06,2258453,2258453,0,350350
100,2.15E+08,3.89E+06,2258453,2258453,0,430550
100,2.01E+08,3.73E+06,2258454,2258454,0,382000
100,2.17E+08,3.55E+06,2258456,2258456,0,439650
100,2.02E+08,3.69E+06,2258457,2258454,0,384700
100,2.07E+08,3.54E+06,2258457,2258457,0,400650
100,2.02E+08,3.63E+06,2258458,2258458,0,384300
100,2.17E+08,3.54E+06,2258462,2258462,0,439650
100,2.14E+08,3.59E+06,2258464,2258464,0,430550
100,2.14E+08,3.67E+06,2258468,2258467,0,430550
100,2.17E+08,3.54E+06,2258468,2258468,0,439750
100,1.99E+08,3.62E+06,2258479,2258478,0,372500
100,2.14E+08,3.79E+06,2258481,2258481,0,430550
100,2.14E+08,3.61E+06,2258482,2258479,0,430550
100,2.17E+08,3.58E+06,2258485,2258485,0,439750
100,2.17E+08,3.54E+06,2258488,2258489,0,439650
100,2.14E+08,3.58E+06,2258489,2258490,0,430550
100,2.07E+08,3.55E+06,2258495,2258495,0,400650
100,2.17E+08,3.69E+06,2258503,2258503,0,439650
100,1.99E+08,3.81E+06,2258507,2258509,0,372550
100,2.17E+08,3.59E+06,2258508,2258509,0,439650
100,2.17E+08,3.58E+06,2258511,2258512,0,439650
100,2.14E+08,3.58E+06,2258512,2258511,0,430550
100,2.17E+08,3.56E+06,2258512,2258511,0,439650
100,2.17E+08,3.56E+06,2258519,2258519,0,439750
100,2.07E+08,3.55E+06,2258531,2258531,0,400750
100,2.07E+08,3.55E+06,2258533,2258533,0,400750
100,2.14E+08,3.71E+06,2258537,2258538,0,430550
100,2.17E+08,3.56E+06,2258538,2258538,0,439650
100,2.17E+08,3.58E+06,2258539,2258536,0,439650
100,2.14E+08,3.58E+06,2258540,2258538,0,430550
100,2.07E+08,3.54E+06,2258546,2258544,0,400750
100,2.17E+08,3.58E+06,2258555,2258555,0,439650
100,1.99E+08,3.57E+06,2258556,2258557,0,372500
100,2.17E+08,3.56E+06,2258558,2258558,0,439750
100,2.02E+08,3.62E+06,2258560,2258558,0,384700
100,2.17E+08,3.85E+06,2258560,2258560,0,439650
100,2.14E+08,3.78E+06,2258561,2258562,0,430550
100,1.98E+08,3.80E+06,2258563,2258562,0,367050
100,2.17E+08,3.54E+06,2258574,2258576,0,439750
100,2.14E+08,3.63E+06,2258583,2258583,0,430550
100,2.02E+08,3.58E+06,2258584,2258584,0,384700
100,2.17E+08,3.81E+06,2258587,2258588,0,439650
100,2.07E+08,3.62E+06,2258588,2258588,0,399500
100,2.14E+08,3.56E+06,2258588,2258588,0,430550
100,2.17E+08,3.54E+06,2258590,2258587,0,439750
100,2.14E+08,3.75E+06,2258597,2258598,0,430550
100,2.02E+08,3.57E+06,2258599,2258599,0,384700
100,2.14E+08,3.61E+06,2258622,2258622,0,430550
100,2.14E+08,3.55E+06,2258626,2258625,0,430550
100,2.17E+08,3.54E+06,2258628,2258628,0,439650
100,2.14E+08,3.92E+06,2258629,2258629,0,430550
100,2.17E+08,3.55E+06,2258631,2258631,0,439750
100,2.02E+08,3.55E+06,2258633,2258633,0,384700
100,2.17E+08,3.57E+06,2258633,2258631,0,439650
100,2.02E+08,3.55E+06,2258641,2258643,0,384700
100,2.14E+08,3.62E+06,2258643,2258642,0,430550
100,2.14E+08,3.55E+06,2258645,2258645,0,430550
100,2.14E+08,3.54E+06,2258647,2258647,0,430550
100,2.07E+08,3.55E+06,2258649,2258647,0,400650
100,2.07E+08,3.56E+06,2258650,2258646,0,400750
100,2.14E+08,3.56E+06,2258653,2258653,0,430550
100,2.14E+08,3.57E+06,2258664,2258664,0,430550
100,2.14E+08,3.71E+06,2258665,2258665,0,430550
100,2.14E+08,3.67E+06,2258671,2258672,0,430550
100,2.17E+08,3.68E+06,2258676,2258676,0,439750
100,1.99E+08,3.67E+06,2258683,2258683,0,369550
100,2.17E+08,3.72E+06,2258686,2258687,0,439650
100,2.17E+08,3.58E+06,2258687,2258687,0,439650
100,2.17E+08,3.76E+06,2258691,2258689,0,439650
100,2.14E+08,3.55E+06,2258692,2258692,0,430550
100,2.07E+08,3.56E+06,2258694,2258689,0,400750
100,2.17E+08,3.59E+06,2258697,2258696,0,439650
100,2.14E+08,3.58E+06,2258705,2258705,0,430550
100,2.17E+08,3.65E+06,2258707,2258707,0,439650
100,2.17E+08,3.64E+06,2258723,2258725,0,439650
100,1.99E+08,3.88E+06,2258732,2258732,0,372500
100,2.14E+08,3.58E+06,2258732,2258734,0,430550
100,2.14E+08,3.57E+06,2258738,2258738,0,430550
100,2.07E+08,3.56E+06,2258745,2258746,0,400650
100,2.17E+08,3.57E+06,2258748,2258748,0,439650
100,1.99E+08,4.11E+06,2258750,2258750,0,372500
100,2.14E+08,3.54E+06,2258761,2258760,0,430550
100,1.99E+08,3.60E+06,2258763,2258756,0,372500
100,1.99E+08,3.61E+06,2258765,2258765,0,372500
100,2.02E+08,3.81E+06,2258766,2258766,0,385300
100,2.17E+08,3.56E+06,2258768,2258768,0,439650
100,1.99E+08,3.62E+06,2258771,2258771,0,372500
100,2.07E+08,3.60E+06,2258774,2258774,0,400650
100,2.14E+08,3.56E+06,2258775,2258775,0,430550
100,2.14E+08,3.55E+06,2258779,2258781,0,430550
100,2.07E+08,3.66E+06,2258780,2258781,0,400650
100,2.02E+08,3.59E+06,2258782,2258784,0,384300
100,1.99E+08,3.77E+06,2258785,2258785,0,371700
100,1.99E+08,3.56E+06,2258788,2258788,0,372500
100,1.99E+08,3.59E+06,2258791,2258792,0,369550
100,2.17E+08,3.56E+06,2258798,2258799,0,439650
100,2.17E+08,3.57E+06,2258799,2258801,0,439650
100,1.99E+08,3.81E+06,2258807,2258808,0,369550
100,2.14E+08,3.58E+06,2258816,2258816,0,430550
100,2.17E+08,3.58E+06,2258818,2258817,0,439650
100,2.14E+08,3.85E+06,2258820,2258818,0,430550
100,2.14E+08,3.54E+06,2258821,2258822,0,430550
100,2.14E+08,3.57E+06,2258825,2258824,0,430550
100,2.14E+08,3.54E+06,2258825,2258826,0,430550
100,2.17E+08,3.55E+06,2258830,2258830,0,439650
100,2.07E+08,3.54E+06,2258832,2258832,0,400750
100,2.07E+08,3.55E+06,2258836,2258838,0,400650
100,2.17E+08,3.56E+06,2258843,2258842,0,439650
100,2.14E+08,3.58E+06,2258845,2258845,0,430550
100,2.14E+08,3.66E+06,2258845,2258846,0,430550
100,1.99E+08,3.59E+06,2258853,2258855,0,369550
100,2.14E+08,3.55E+06,2258853,2258858,0,430550
100,2.14E+08,3.54E+06,2258854,2258851,0,430550
100,2.17E+08,3.54E+06,2258856,2258856,0,439650
100,2.14E+08,3.54E+06,2258859,2258859,0,430550
100,2.14E+08,3.55E+06,2258872,2258872,0,430550
100,2.07E+08,3.56E+06,2258883,2258883,0,400750
100,2.03E+08,4.00E+06,2258885,2258884,0,387900
100,2.07E+08,4.15E+06,2258887,2258889,0,400650
100,2.14E+08,3.54E+06,2258891,2258891,0,430550
100,2.02E+08,3.75E+06,2258892,2258895,0,384700
100,2.17E+08,3.71E+06,2258892,2258891,0,439750
100,2.07E+08,3.54E+06,2258893,2258892,0,400650
100,2.17E+08,3.59E+06,2258894,2258894,0,439750
100,2.14E+08,3.57E+06,2258899,2258898,0,430550
100,2.17E+08,3.56E+06,2258902,2258902,0,439750
100,2.17E+08,3.55E+06,2258904,2258904,0,439650
100,2.07E+08,3.69E+06,2258911,2258909,0,400750
100,2.07E+08,3.56E+06,2258912,2258912,0,400650
100,2.14E+08,3.58E+06,2258912,2258912,0,430550
100,2.17E+08,3.56E+06,2258919,2258919,0,439650
100,2.01E+08,3.67E+06,2258925,2258925,0,381500
100,2.14E+08,3.86E+06,2258937,2258937,0,430550
100,2.17E+08,3.55E+06,2258937,2258937,0,439650
100,1.99E+08,3.54E+06,2258938,2258940,0,369550
100,2.14E+08,3.58E+06,2258940,2258943,0,430550
100,2.17E+08,3.56E+06,2258941,2258942,0,439650
100,2.07E+08,3.57E+06,2258942,2258939,0,400650
100,2.14E+08,3.59E+06,2258943,2258944,0,430550
100,2.14E+08,3.57E+06,2258945,2258937,0,430550
100,2.14E+08,3.62E+06,2258947,2258948,0,430550
100,2.14E+08,3.54E+06,2258948,2258946,0,430550
100,2.14E+08,3.54E+06,2258952,2258952,0,430550
100,2.14E+08,3.55E+06,2258954,2258954,0,430550
100,2.17E+08,3.91E+06,2258954,2258954,0,439750
100,2.17E+08,3.79E+06,2258956,2258955,0,438350
100,2.07E+08,3.62E+06,2258958,2258959,0,400750
100,2.07E+08,3.55E+06,2258959,2258959,0,400750
100,2.07E+08,3.54E+06,2258962,2258962,0,400650
100,2.17E+08,3.54E+06,2258968,2258968,0,439650
100,2.14E+08,3.54E+06,2258969,2258969,0,430550
100,2.07E+08,3.56E+06,2258975,2258975,0,400750
100,2.14E+08,3.59E+06,2258978,2258978,0,430550
100,2.17E+08,3.54E+06,2258991,2258991,0,439650
100,2.07E+08,3.55E+06,2258995,2258995,0,400750
100,2.02E+08,3.76E+06,2259008,2259007,0,384700
100,2.07E+08,3.54E+06,2259009,2259009,0,400750
100,2.17E+08,3.55E+06,2259009,2259006,0,439750
100,1.99E+08,3.59E+06,2259011,2259011,0,369550
100,2.14E+08,3.55E+06,2259013,2259018,0,430550
100,2.14E+08,3.60E+06,2259014,2259014,0,430550
100,2.02E+08,3.66E+06,2259015,2259015,0,384700
100,2.07E+08,3.55E+06,2259016,2259016,0,400750
100,2.17E+08,3.60E+06,2259018,2259017,0,438200
100,2.14E+08,3.56E+06,2259028,2259025,0,430550
100,1.99E+08,3.69E+06,2259030,2259030,0,369550
100,1.99E+08,3.54E+06,2259034,2259035,0,369550
100,2.14E+08,3.73E+06,2259034,2259034,0,430550
100,2.14E+08,3.55E+06,2259036,2259035,0,430550
100,2.07E+08,3.72E+06,2259038,2259037,0,400750
100,2.07E+08,3.54E+06,2259041,2259041,0,400650
100,2.14E+08,3.56E+06,2259045,2259045,0,430550
100,2.14E+08,3.66E+06,2259052,2259051,0,430550
100,2.14E+08,3.59E+06,2259054,2259054,0,430550
100,1.99E+08,3.58E+06,2259059,2259058,0,369550
100,2.02E+08,3.56E+06,2259062,2259062,0,384700
100,2.07E+08,3.56E+06,2259063,2259063,0,400750
100,2.07E+08,3.90E+06,2259070,2259070,0,399500
100,2.02E+08,4.13E+06,2259072,2259073,0,385150
100,1.99E+08,3.62E+06,2259084,2259084,0,369550
100,2.02E+08,3.75E+06,2259084,2259080,0,384700
100,2.14E+08,3.55E+06,2259085,2259084,0,430550
100,2.07E+08,3.55E+06,2259086,2259085,0,400750
100,1.98E+08,3.82E+06,2259090,2259091,0,367450
100,2.07E+08,3.59E+06,2259090,2259086,0,400650
100,2.02E+08,3.68E+06,2259094,2259094,0,384700
100,2.07E+08,3.56E+06,2259098,2259099,0,400650
100,2.14E+08,3.56E+06,2259106,2259096,0,430550
100,2.17E+08,3.56E+06,2259107,2259106,0,439750
100,2.14E+08,3.54E+06,2259109,2259109,0,430550
100,1.98E+08,3.67E+06,2259115,2259115,0,367450
100,2.14E+08,3.56E+06,2259115,2259112,0,430550
100,2.17E+08,3.54E+06,2259116,2259116,0,439650
100,2.17E+08,3.58E+06,2259122,2259119,0,439750
100,1.99E+08,3.57E+06,2259124,2259124,0,369550
100,2.14E+08,3.57E+06,2259128,2259128,0,430550
100,2.17E+08,3.56E+06,2259135,2259135,0,439650
100,2.17E+08,3.57E+06,2259135,2259135,0,439750
100,2.02E+08,3.62E+06,2259136,2259136,0,384300
100,2.07E+08,3.54E+06,2259141,2259139,0,400750
100,2.14E+08,3.61E+06,2259144,2259144,0,430550
100,2.14E+08,3.60E+06,2259146,2259143,0,430550
100,2.17E+08,3.62E+06,2259146,2259146,0,439650
100,2.17E+08,3.55E+06,2259147,2259150,0,439650
100,2.17E+08,3.59E+06,2259148,2259146,0,439650
100,2.17E+08,3.56E+06,2259154,2259154,0,439650
100,1.99E+08,3.87E+06,2259155,2259155,0,369550
100,2.07E+08,3.55E+06,2259161,2259159,0,400650
100,2.07E+08,3.68E+06,2259164,2259162,0,399500
100,1.99E+08,3.76E+06,2259165,2259165,0,369550
100,2.02E+08,3.69E+06,2259170,2259168,0,384700
100,2.17E+08,3.56E+06,2259175,2259175,0,439650
100,2.17E+08,3.76E+06,2259176,2259176,0,439650
100,2.14E+08,3.62E+06,2259188,2259188,0,430550
100,2.02E+08,3.64E+06,2259190,2259190,0,384300
100,2.14E+08,3.56E+06,2259190,2259190,0,430550
100,2.17E+08,3.58E+06,2259191,2259191,0,439750
100,2.17E+08,3.55E+06,2259196,2259196,0,439750
100,2.17E+08,3.57E+06,2259196,2259196,0,439750
100,1.99E+08,3.59E+06,2259197,2259200,0,372500
100,2.02E+08,3.64E+06,2259204,2259203,0,384700
100,2.08E+08,3.65E+06,2259204,2259204,0,401600
100,2.07E+08,3.54E+06,2259206,2259205,0,400650
100,2.17E+08,3.54E+06,2259207,2259205,0,439650
100,2.07E+08,3.62E+06,2259213,2259214,0,400650
100,2.07E+08,3.60E+06,2259214,2259215,0,400750
100,2.07E+08,3.54E+06,2259215,2259215,0,400750
100,2.07E+08,3.55E+06,2259217,2259218,0,400650
100,2.07E+08,3.55E+06,2259218,2259217,0,400650
100,2.14E+08,3.55E+06,2259220,2259219,0,430550
100,2.14E+08,3.73E+06,2259222,2259223,0,430550
100,2.14E+08,3.57E+06,2259225,2259225,0,430550
100,2.17E+08,3.54E+06,2259228,2259228,0,439650
100,1.99E+08,3.56E+06,2259233,2259232,0,369550
100,2.17E+08,3.82E+06,2259241,2259242,0,439650
100,2.07E+08,3.54E+06,2259242,2259242,0,400750
100,2.14E+08,3.56E+06,2259242,2259242,0,430550
100,2.17E+08,3.55E+06,2259243,2259241,0,439650
100,2.01E+08,3.79E+06,2259246,2259246,0,381050
100,2.07E+08,3.60E+06,2259247,2259243,0,400650
100,2.17E+08,3.54E+06,2259256,2259256,0,439650
100,2.00E+08,3.67E+06,2259260,2259259,0,376400
100,1.63E+08,3.63E+06,2259271,2259272,0,251550
100,2.14E+08,3.66E+06,2259276,2259274,0,430550
100,2.17E+08,3.55E+06,2259283,2259283,0,439650
100,2.07E+08,3.54E+06,2259288,2259288,0,400650
100,2.07E+08,3.56E+06,2259292,2259292,0,400650
100,1.99E+08,3.60E+06,2259294,2259294,0,372500
100,2.17E+08,3.54E+06,2259294,2259297,0,439650
100,2.17E+08,3.61E+06,2259296,2259296,0,439650
100,2.07E+08,3.55E+06,2259299,2259299,0,400750
100,2.17E+08,3.55E+06,2259299,2259299,0,439750
100,2.17E+08,3.59E+06,2259300,2259300,0,439750
100,2.17E+08,3.56E+06,2259301,2259300,0,439650
100,2.02E+08,3.58E+06,2259307,2259307,0,384700
100,2.17E+08,3.60E+06,2259310,2259309,0,438200
100,2.02E+08,3.69E+06,2259317,2259317,0,384700
100,2.07E+08,3.56E+06,2259317,2259318,0,400650
100,2.17E+08,3.63E+06,2259319,2259318,0,439650
100,2.14E+08,3.56E+06,2259321,2259321,0,430550
100,2.17E+08,3.56E+06,2259325,2259324,0,439650
100,2.14E+08,3.60E+06,2259328,2259328,0,430550
100,1.99E+08,3.73E+06,2259330,2259330,0,369550
100,2.14E+08,3.62E+06,2259336,2259336,0,430550
100,1.99E+08,3.70E+06,2259340,2259340,0,372500
100,2.14E+08,3.55E+06,2259346,2259345,0,430550
100,2.17E+08,3.60E+06,2259361,2259361,0,439650
100,2.14E+08,3.57E+06,2259367,2259367,0,430550
100,2.14E+08,3.56E+06,2259367,2259367,0,430550
100,2.17E+08,3.54E+06,2259370,2259370,0,439650
100,2.07E+08,3.54E+06,2259371,2259371,0,400750
100,2.14E+08,3.72E+06,2259371,2259371,0,430550
100,2.07E+08,3.55E+06,2259374,2259375,0,400750
100,2.14E+08,3.70E+06,2259374,2259374,0,430550
100,2.07E+08,3.58E+06,2259379,2259379,0,400750
100,2.14E+08,3.55E+06,2259379,2259377,0,430550
100,2.07E+08,3.58E+06,2259386,2259387,0,400650
100,1.99E+08,3.69E+06,2259387,2259388,0,369550
100,2.17E+08,3.56E+06,2259392,2259394,0,439750
100,2.14E+08,3.57E+06,2259396,2259396,0,430550
100,2.07E+08,3.55E+06,2259406,2259406,0,400750
100,1.99E+08,3.54E+06,2259409,2259409,0,372500
100,2.14E+08,3.54E+06,2259418,2259417,0,430550
100,2.14E+08,3.76E+06,2259424,2259423,0,430550
100,1.99E+08,3.83E+06,2259428,2259427,0,372500
100,2.17E+08,3.55E+06,2259435,2259430,0,439650
100,2.14E+08,3.54E+06,2259441,2259441,0,430550
100,2.14E+08,3.61E+06,2259441,2259441,0,430550
100,2.14E+08,3.54E+06,2259443,2259442,0,430550
100,2.17E+08,3.67E+06,2259445,2259448,0,439650
100,2.07E+08,3.55E+06,2259450,2259450,0,400650
100,1.98E+08,3.64E+06,2259457,2259457,0,367450
100,2.14E+08,3.55E+06,2259458,2259458,0,430550
100,2.07E+08,3.55E+06,2259461,2259461,0,400650
100,2.17E+08,3.55E+06,2259462,2259462,0,439650
100,2.02E+08,3.64E+06,2259464,2259463,0,384700
100,2.07E+08,3.76E+06,2259465,2259466,0,400750
100,2.17E+08,3.57E+06,2259470,2259470,0,439650
100,2.07E+08,3.54E+06,2259475,2259475,0,400750
100,1.99E+08,3.62E+06,2259483,2259483,0,372500
100,2.17E+08,3.54E+06,2259486,2259486,0,439650
100,2.17E+08,3.55E+06,2259500,2259504,0,439650
100,2.07E+08,3.54E+06,2259504,2259507,0,400750
100,2.17E+08,3.56E+06,2259504,2259504,0,439650
100,2.14E+08,3.55E+06,2259513,2259513,0,430550
100,2.07E+08,3.57E+06,2259516,2259516,0,400750
100,2.07E+08,3.58E+06,2259524,2259523,0,400750
100,2.07E+08,3.55E+06,2259527,2259526,0,400750
100,2.17E+08,3.57E+06,2259530,2259530,0,439650
100,2.02E+08,3.59E+06,2259535,2259535,0,384700
100,2.02E+08,3.58E+06,2259536,2259536,0,384700
100,2.17E+08,3.56E+06,2259537,2259537,0,439750
100,2.14E+08,3.73E+06,2259540,2259542,0,430550
100,2.17E+08,3.56E+06,2259543,2259543,0,439650
100,2.17E+08,3.61E+06,2259545,2259545,0,439650
100,2.07E+08,3.54E+06,2259547,2259547,0,400750
100,2.17E+08,3.56E+06,2259547,2259546,0,439650
100,2.17E+08,3.55E+06,2259548,2259544,0,439650
100,2.17E+08,3.54E+06,2259552,2259549,0,439650
100,2.17E+08,3.75E+06,2259554,2259553,0,439750
100,2.14E+08,3.56E+06,2259555,2259555,0,430550
100,2.17E+08,3.64E+06,2259558,2259556,0,439650
100,2.07E+08,3.60E+06,2259566,2259566,0,400750
100,2.14E+08,3.56E+06,2259567,2259570,0,430550
100,2.14E+08,3.56E+06,2259576,2259576,0,430550
100,2.17E+08,3.55E+06,2259576,2259576,0,439750
100,2.14E+08,3.55E+06,2259578,2259577,0,430550
100,2.07E+08,3.55E+06,2259579,2259578,0,400650
100,2.07E+08,3.72E+06,2259580,2259580,0,400750
100,2.17E+08,3.54E+06,2259581,2259579,0,439650
100,2.17E+08,3.92E+06,2259582,2259585,0,439750
100,2.17E+08,3.54E+06,2259583,2259583,0,439650
100,2.17E+08,3.58E+06,2259588,2259590,0,439650
100,2.17E+08,3.54E+06,2259592,2259592,0,439650
100,2.17E+08,3.55E+06,2259592,2259591,0,439650
100,2.14E+08,3.59E+06,2259593,2259593,0,430550
100,2.14E+08,3.73E+06,2259600,2259600,0,430550
100,2.17E+08,3.55E+06,2259601,2259601,0,439650
100,1.99E+08,3.59E+06,2259604,2259605,0,369550
100,2.14E+08,3.55E+06,2259605,2259605,0,430550
100,2.03E+08,3.73E+06,2259615,2259615,0,387100
100,2.07E+08,3.62E+06,2259615,2259616,0,400750
100,1.99E+08,3.62E+06,2259620,2259620,0,369550
100,2.17E+08,3.55E+06,2259623,2259623,0,439650
100,2.17E+08,3.54E+06,2259623,2259624,0,439750
100,2.07E+08,3.54E+06,2259624,2259624,0,400750
100,2.07E+08,3.55E+06,2259627,2259627,0,400650
100,2.17E+08,3.64E+06,2259629,2259629,0,439650
100,2.14E+08,3.54E+06,2259630,2259632,0,430550
100,2.17E+08,3.62E+06,2259630,2259633,0,439650
100,2.07E+08,3.55E+06,2259633,2259635,0,400650
100,2.14E+08,3.56E+06,2259636,2259636,0,430550
100,2.07E+08,3.55E+06,2259638,2259638,0,400750
100,2.07E+08,3.55E+06,2259640,2259640,0,400650
100,2.07E+08,3.54E+06,2259640,2259640,0,400650
100,2.17E+08,3.54E+06,2259642,2259642,0,439650
100,2.07E+08,3.54E+06,2259646,2259646,0,400750
100,2.14E+08,3.63E+06,2259649,2259648,0,430550
100,2.14E+08,3.65E+06,2259654,2259654,0,430550
100,2.17E+08,3.55E+06,2259660,2259659,0,439750
100,2.07E+08,3.62E+06,2259663,2259663,0,400750
100,2.07E+08,3.54E+06,2259664,2259664,0,400650
100,2.02E+08,3.64E+06,2259668,2259668,0,384700
100,2.17E+08,3.54E+06,2259668,2259668,0,439750
100,2.07E+08,3.59E+06,2259675,2259678,0,400650
100,2.17E+08,3.56E+06,2259682,2259682,0,439750
100,2.14E+08,3.57E+06,2259683,2259683,0,430550
100,2.14E+08,3.54E+06,2259685,2259688,0,430550
100,2.07E+08,3.54E+06,2259686,2259687,0,400650
100,2.07E+08,3.61E+06,2259686,2259682,0,400750
100,2.14E+08,3.54E+06,2259687,2259687,0,430550
100,1.99E+08,3.61E+06,2259688,2259682,0,369550
100,2.17E+08,3.58E+06,2259689,2259687,0,439650
100,2.14E+08,3.54E+06,2259691,2259691,0,430550
100,2.04E+08,3.77E+06,2259697,2259697,0,390000
100,2.14E+08,4.00E+06,2259698,2259697,0,430550
100,2.14E+08,3.56E+06,2259703,2259703,0,430550
100,2.02E+08,4.08E+06,2259704,2259704,0,385150
100,2.17E+08,3.80E+06,2259710,2259710,0,438200
100,1.99E+08,3.56E+06,2259712,2259712,0,372500
100,2.17E+08,3.55E+06,2259716,2259716,0,439650
100,2.02E+08,3.66E+06,2259720,2259721,0,384300
100,1.99E+08,3.59E+06,2259721,2259717,0,369550
100,2.07E+08,3.57E+06,2259721,2259721,0,400750
100,2.17E+08,3.57E+06,2259721,2259720,0,439750
100,2.17E+08,3.54E+06,2259723,2259726,0,439650
100,2.07E+08,3.54E+06,2259724,2259728,0,400750
100,2.17E+08,3.63E+06,2259726,2259726,0,439650
100,2.14E+08,3.59E+06,2259729,2259727,0,430550
100,2.07E+08,3.54E+06,2259731,2259732,0,400650
100,2.14E+08,3.60E+06,2259733,2259736,0,430550
100,2.17E+08,3.77E+06,2259733,2259732,0,439650
100,2.07E+08,3.55E+06,2259738,2259740,0,400650
100,2.14E+08,3.57E+06,2259738,2259739,0,430550
100,2.14E+08,3.54E+06,2259739,2259740,0,430550
100,2.07E+08,3.65E+06,2259740,2259740,0,400650
100,2.14E+08,3.54E+06,2259741,2259741,0,430550
100,2.17E+08,3.57E+06,2259747,2259747,0,439750
100,2.14E+08,3.54E+06,2259753,2259754,0,430550
100,1.99E+08,3.56E+06,2259755,2259755,0,369550
100,2.14E+08,3.70E+06,2259760,2259760,0,430550
100,2.17E+08,3.55E+06,2259760,2259760,0,439650
100,2.02E+08,4.00E+06,2259761,2259761,0,384700
100,2.14E+08,3.58E+06,2259765,2259765,0,430550
100,2.17E+08,3.56E+06,2259767,2259766,0,439750
100,2.14E+08,3.57E+06,2259768,2259768,0,430550
100,2.02E+08,3.88E+06,2259778,2259778,0,384700
100,2.07E+08,3.57E+06,2259781,2259780,0,400750
100,2.17E+08,3.55E+06,2259785,2259786,0,439650
100,2.07E+08,3.61E+06,2259787,2259787,0,400750
100,2.17E+08,3.60E+06,2259791,2259791,0,439650
100,2.17E+08,3.58E+06,2259793,2259787,0,439650
100,2.17E+08,3.54E+06,2259796,2259796,0,439650
100,2.07E+08,3.58E+06,2259797,2259797,0,400750
100,2.02E+08,3.55E+06,2259803,2259803,0,384700
100,2.07E+08,3.57E+06,2259806,2259807,0,400750
100,1.99E+08,3.78E+06,2259808,2259808,0,369550
100,1.99E+08,3.71E+06,2259812,2259813,0,369450
100,2.02E+08,3.95E+06,2259818,2259817,0,385150
100,2.00E+08,3.67E+06,2259821,2259821,0,378950
100,2.17E+08,3.87E+06,2259822,2259822,0,439650
100,2.14E+08,3.54E+06,2259825,2259831,0,430550
100,2.14E+08,3.55E+06,2259827,2259827,0,430550
100,2.17E+08,3.57E+06,2259836,2259836,0,439650
100,2.14E+08,3.54E+06,2259845,2259845,0,430550
100,2.17E+08,3.57E+06,2259845,2259845,0,439650
100,1.99E+08,3.56E+06,2259850,2259850,0,369550
100,2.05E+08,3.87E+06,2259851,2259851,0,392100
100,2.14E+08,3.55E+06,2259855,2259855,0,430550
100,1.99E+08,3.66E+06,2259861,2259861,0,372500
100,2.14E+08,3.61E+06,2259862,2259862,0,430550
100,2.14E+08,3.81E+06,2259862,2259862,0,430550
100,2.07E+08,3.56E+06,2259865,2259864,0,400650
100,2.17E+08,3.63E+06,2259866,2259866,0,439650
100,2.17E+08,3.56E+06,2259870,2259870,0,439650
100,2.02E+08,3.59E+06,2259871,2259867,0,384700
100,2.14E+08,3.54E+06,2259871,2259871,0,430550
100,2.07E+08,3.56E+06,2259874,2259874,0,400650
100,2.14E+08,3.54E+06,2259874,2259874,0,430550
100,2.07E+08,3.54E+06,2259875,2259878,0,400750
100,2.07E+08,3.54E+06,2259876,2259878,0,400750
100,2.14E+08,3.54E+06,2259880,2259880,0,430550
100,2.14E+08,3.58E+06,2259880,2259881,0,430550
100,2.07E+08,3.54E+06,2259881,2259881,0,400650
100,2.14E+08,3.54E+06,2259883,2259883,0,430550
100,2.07E+08,3.55E+06,2259885,2259885,0,400750
100,2.14E+08,3.54E+06,2259887,2259884,0,430550
100,2.17E+08,3.59E+06,2259891,2259891,0,439650
100,2.14E+08,3.56E+06,2259896,2259896,0,430550
100,2.02E+08,3.65E+06,2259900,2259900,0,384700
100,2.02E+08,3.66E+06,2259906,2259906,0,384700
100,2.17E+08,3.62E+06,2259910,2259910,0,439650
100,2.17E+08,3.58E+06,2259911,2259913,0,439750
100,2.17E+08,3.57E+06,2259912,2259910,0,439650
100,2.07E+08,3.55E+06,2259916,2259916,0,400750
100,2.14E+08,3.55E+06,2259918,2259919,0,430550
100,2.14E+08,3.72E+06,2259918,2259918,0,430550
100,1.99E+08,3.54E+06,2259930,2259931,0,372500
100,2.14E+08,3.56E+06,2259932,2259932,0,430550
100,2.07E+08,3.56E+06,2259933,2259933,0,400750
100,2.14E+08,3.56E+06,2259933,2259933,0,430550
100,1.99E+08,3.72E+06,2259940,2259940,0,372500
100,2.07E+08,3.56E+06,2259940,2259940,0,400650
100,2.17E+08,3.82E+06,2259940,2259941,0,439650
100,2.02E+08,3.58E+06,2259942,2259942,0,384700
100,2.17E+08,3.54E+06,2259942,2259943,0,439650
100,2.17E+08,3.55E+06,2259949,2259948,0,439650
100,2.17E+08,3.61E+06,2259950,2259950,0,439650
100,2.17E+08,3.55E+06,2259950,2259950,0,439650
100,2.07E+08,3.56E+06,2259952,2259950,0,400650
100,2.17E+08,3.66E+06,2259957,2259957,0,439750
100,1.99E+08,3.56E+06,2259958,2259956,0,372500
100,2.03E+08,4.18E+06,2259959,2259959,0,387100
100,2.07E+08,3.58E+06,2259960,2259961,0,400750
100,2.14E+08,3.56E+06,2259964,2259965,0,430550
100,2.14E+08,3.59E+06,2259976,2259976,0,430550
100,2.02E+08,3.85E+06,2259978,2259980,0,384700
100,2.07E+08,3.54E+06,2259983,2259985,0,400750
100,2.14E+08,3.56E+06,2259985,2259985,0,430550
100,2.07E+08,3.54E+06,2259987,2259987,0,400750
100,2.17E+08,3.54E+06,2259987,2259987,0,439750
100,2.07E+08,3.55E+06,2259989,2259989,0,400750
100,2.14E+08,3.54E+06,2259991,2259991,0,430550
100,2.04E+08,3.69E+06,2260007,2260007,0,389350
100,2.17E+08,3.55E+06,2260008,2260008,0,439650
100,2.17E+08,3.59E+06,2260010,2260010,0,439750
100,2.17E+08,3.56E+06,2260019,2260019,0,439750
100,2.01E+08,3.70E+06,2260024,2260025,0,381500
100,2.17E+08,3.60E+06,2260025,2260025,0,439650
100,1.98E+08,4.39E+06,2260027,2260027,0,367050
100,2.17E+08,3.58E+06,2260030,2260030,0,439650
100,2.07E+08,3.54E+06,2260037,2260037,0,400650
100,2.14E+08,3.60E+06,2260037,2260036,0,430550
100,2.17E+08,3.64E+06,2260041,2260042,0,439650
100,1.99E+08,3.64E+06,2260044,2260042,0,369550
100,2.02E+08,3.65E+06,2260047,2260048,0,384700
100,1.99E+08,3.56E+06,2260049,2260050,0,369550
100,2.14E+08,3.54E+06,2260050,2260047,0,430550
100,2.07E+08,3.55E+06,2260056,2260056,0,400750
100,1.99E+08,3.57E+06,2260060,2260060,0,369550
100,2.02E+08,4.17E+06,2260060,2260060,0,385150
100,2.05E+08,3.85E+06,2260060,2260060,0,391900
100,2.14E+08,3.57E+06,2260064,2260066,0,430550
100,2.14E+08,3.59E+06,2260070,2260070,0,430550
100,2.07E+08,3.57E+06,2260072,2260072,0,400750
100,1.98E+08,3.96E+06,2260074,2260074,0,367050
100,1.99E+08,3.67E+06,2260077,2260077,0,369550
100,2.07E+08,3.72E+06,2260079,2260079,0,399650
100,2.17E+08,3.78E+06,2260079,2260079,0,439650
100,2.14E+08,3.57E+06,2260081,2260084,0,430550
100,2.17E+08,3.66E+06,2260082,2260083,0,439650
100,1.99E+08,3.56E+06,2260089,2260089,0,369550
100,2.17E+08,3.58E+06,2260091,2260091,0,439650
100,2.02E+08,3.61E+06,2260092,2260091,0,384700
100,2.17E+08,3.57E+06,2260097,2260098,0,439750
100,2.07E+08,3.54E+06,2260104,2260103,0,400750
100,2.14E+08,3.58E+06,2260115,2260116,0,430550
100,2.17E+08,3.60E+06,2260122,2260121,0,439650
100,2.14E+08,3.61E+06,2260124,2260123,0,430550
100,2.17E+08,3.79E+06,2260136,2260133,0,439750
100,2.14E+08,3.55E+06,2260140,2260139,0,430550
100,2.17E+08,3.61E+06,2260140,2260141,0,439650
100,2.00E+08,3.89E+06,2260152,2260149,0,377900
100,2.07E+08,3.57E+06,2260164,2260164,0,400750
100,2.14E+08,3.54E+06,2260169,2260169,0,430550
100,2.07E+08,3.56E+06,2260173,2260173,0,400650
100,2.17E+08,3.73E+06,2260174,2260174,0,438200
100,2.07E+08,3.59E+06,2260175,2260174,0,400750
100,2.14E+08,3.77E+06,2260179,2260179,0,430550
100,2.02E+08,3.66E+06,2260180,2260180,0,384300
100,2.14E+08,3.55E+06,2260188,2260188,0,430550
100,1.99E+08,3.68E+06,2260192,2260192,0,369550
100,2.14E+08,3.54E+06,2260198,2260198,0,430550
100,2.14E+08,3.64E+06,2260198,2260198,0,430550
100,2.07E+08,3.68E+06,2260207,2260206,0,400650
100,2.17E+08,3.57E+06,2260209,2260209,0,439650
100,2.07E+08,3.76E+06,2260210,2260211,0,400750
100,2.17E+08,3.54E+06,2260216,2260216,0,439650
100,1.99E+08,3.81E+06,2260217,2260216,0,372500
100,2.17E+08,3.86E+06,2260217,2260217,0,439650
100,1.99E+08,3.60E+06,2260219,2260215,0,369550
100,2.17E+08,3.56E+06,2260223,2260223,0,439750
100,2.07E+08,3.54E+06,2260229,2260229,0,400650
100,2.07E+08,3.57E+06,2260235,2260235,0,400750
100,2.07E+08,3.61E+06,2260236,2260235,0,400650
100,2.17E+08,3.64E+06,2260239,2260240,0,439750
100,2.14E+08,3.55E+06,2260244,2260244,0,430550
100,2.02E+08,3.73E+06,2260246,2260245,0,384700
100,2.14E+08,3.56E+06,2260259,2260259,0,430550
100,2.14E+08,3.61E+06,2260261,2260260,0,430550
100,2.14E+08,3.68E+06,2260262,2260262,0,430550
100,2.07E+08,3.56E+06,2260265,2260265,0,400750
100,2.17E+08,3.59E+06,2260265,2260265,0,439650
100,2.07E+08,3.56E+06,2260268,2260268,0,400650
100,2.14E+08,3.55E+06,2260272,2260271,0,430550
100,2.07E+08,3.74E+06,2260278,2260278,0,399500
100,2.14E+08,3.54E+06,2260279,2260279,0,430550
100,2.07E+08,3.66E+06,2260287,2260287,0,400750
100,2.17E+08,3.59E+06,2260291,2260292,0,439650
100,2.14E+08,3.54E+06,2260292,2260292,0,430550
100,1.99E+08,3.74E+06,2260296,2260296,0,369550
100,2.07E+08,3.55E+06,2260297,2260298,0,400650
100,2.17E+08,3.65E+06,2260297,2260297,0,439650
100,2.14E+08,3.57E+06,2260301,2260301,0,430550
100,2.14E+08,3.55E+06,2260303,2260303,0,430550
100,2.07E+08,3.54E+06,2260304,2260302,0,400750
100,2.14E+08,3.56E+06,2260304,2260302,0,430550
100,2.14E+08,3.54E+06,2260309,2260309,0,430550
100,2.14E+08,3.57E+06,2260311,2260311,0,430550
100,2.17E+08,3.54E+06,2260311,2260306,0,439650
100,2.17E+08,3.64E+06,2260312,2260312,0,439650
100,2.14E+08,3.55E+06,2260313,2260315,0,430550
100,1.99E+08,3.63E+06,2260314,2260314,0,372500
100,2.17E+08,3.57E+06,2260316,2260316,0,439650
100,2.14E+08,3.58E+06,2260326,2260322,0,430550
100,2.17E+08,4.00E+06,2260326,2260325,0,439750
100,1.99E+08,3.55E+06,2260329,2260329,0,369550
100,2.17E+08,3.56E+06,2260329,2260330,0,439650
100,2.14E+08,3.72E+06,2260330,2260330,0,430550
100,2.14E+08,3.55E+06,2260333,2260330,0,430550
100,2.17E+08,3.55E+06,2260335,2260336,0,439750
100,2.14E+08,3.76E+06,2260336,2260335,0,430550
100,1.99E+08,3.58E+06,2260343,2260343,0,369550
100,1.99E+08,3.64E+06,2260346,2260341,0,372500
100,2.07E+08,3.58E+06,2260346,2260346,0,399500
100,2.17E+08,3.68E+06,2260346,2260346,0,439750
100,1.99E+08,3.62E+06,2260347,2260347,0,369550
100,2.02E+08,3.62E+06,2260349,2260352,0,384700
100,2.17E+08,3.55E+06,2260350,2260350,0,439750
100,2.14E+08,3.55E+06,2260352,2260352,0,430550
100,2.02E+08,3.58E+06,2260356,2260356,0,384300
100,2.07E+08,3.56E+06,2260362,2260363,0,400750
100,2.17E+08,3.58E+06,2260362,2260362,0,439750
100,2.07E+08,3.56E+06,2260364,2260361,0,400750
100,2.14E+08,3.62E+06,2260366,2260369,0,430550
100,2.17E+08,3.56E+06,2260375,2260376,0,439650
100,2.07E+08,3.75E+06,2260377,2260377,0,400650
100,2.17E+08,3.54E+06,2260380,2260379,0,439650
100,2.17E+08,3.64E+06,2260383,2260383,0,439650
100,2.17E+08,3.70E+06,2260394,2260392,0,438200
100,2.17E+08,3.74E+06,2260398,2260398,0,439650
100,2.14E+08,3.56E+06,2260399,2260399,0,430550
100,2.14E+08,3.56E+06,2260402,2260401,0,430550
100,2.03E+08,3.96E+06,2260408,2260409,0,388300
100,2.17E+08,3.62E+06,2260408,2260411,0,438200
100,2.14E+08,3.63E+06,2260409,2260408,0,430550
100,2.14E+08,3.54E+06,2260409,2260405,0,430550
100,2.07E+08,3.58E+06,2260412,2260412,0,400650
100,2.07E+08,3.71E+06,2260414,2260415,0,400650
100,2.17E+08,3.66E+06,2260414,2260414,0,439650
100,2.02E+08,3.62E+06,2260415,2260416,0,384700
100,2.15E+08,3.75E+06,2260415,2260416,0,430700
100,2.14E+08,3.84E+06,2260422,2260424,0,430550
100,2.14E+08,3.58E+06,2260424,2260425,0,430550
100,2.17E+08,3.92E+06,2260425,2260425,0,439650
100,2.17E+08,3.71E+06,2260426,2260427,0,439650
100,1.99E+08,3.68E+06,2260427,2260426,0,369550
100,2.07E+08,3.54E+06,2260428,2260431,0,400650
100,1.99E+08,3.72E+06,2260434,2260432,0,372500
100,2.14E+08,3.59E+06,2260443,2260443,0,430550
100,1.96E+08,3.55E+06,2260464,2260464,0,359600
100,2.07E+08,3.63E+06,2260467,2260469,0,399500
100,2.07E+08,3.56E+06,2260468,2260465,0,400750
100,2.02E+08,3.94E+06,2260476,2260476,0,384700
100,2.02E+08,3.99E+06,2260479,2260479,0,384700
100,2.17E+08,3.55E+06,2260484,2260483,0,439650
100,2.17E+08,3.55E+06,2260490,2260489,0,439650
100,2.17E+08,3.62E+06,2260499,2260499,0,439650
100,2.17E+08,3.56E+06,2260505,2260505,0,439650
100,2.17E+08,3.55E+06,2260513,2260513,0,439650
100,1.99E+08,3.54E+06,2260515,2260515,0,369550
100,2.07E+08,3.58E+06,2260517,2260516,0,400650
100,2.17E+08,3.83E+06,2260517,2260519,0,439650
100,2.17E+08,3.54E+06,2260519,2260519,0,439650
100,2.07E+08,3.55E+06,2260522,2260521,0,400750
100,2.07E+08,3.62E+06,2260523,2260523,0,400650
100,2.17E+08,3.55E+06,2260525,2260525,0,439650
100,2.07E+08,3.56E+06,2260526,2260526,0,400650
100,1.99E+08,3.56E+06,2260533,2260533,0,372500
100,2.07E+08,3.61E+06,2260536,2260536,0,400750
100,2.17E+08,3.55E+06,2260548,2260545,0,439650
100,2.02E+08,3.62E+06,2260549,2260548,0,384700
100,2.17E+08,3.58E+06,2260552,2260549,0,439650
100,2.17E+08,3.60E+06,2260555,2260556,0,439650
100,2.07E+08,3.54E+06,2260562,2260559,0,400750
100,2.07E+08,3.56E+06,2260565,2260564,0,400650
100,2.17E+08,3.58E+06,2260566,2260566,0,439650
100,2.17E+08,3.65E+06,2260571,2260572,0,439650
100,2.14E+08,3.57E+06,2260574,2260573,0,430550
100,2.07E+08,3.55E+06,2260576,2260576,0,400750
100,2.17E+08,3.56E+06,2260587,2260586,0,439650
100,2.17E+08,3.59E+06,2260591,2260591,0,439750
100,2.17E+08,3.56E+06,2260601,2260600,0,439750
100,2.07E+08,3.57E+06,2260609,2260610,0,400650
100,2.02E+08,3.61E+06,2260614,2260616,0,384700
100,2.14E+08,3.57E+06,2260615,2260617,0,430550
100,2.17E+08,3.57E+06,2260624,2260620,0,439650
100,2.14E+08,3.56E+06,2260629,2260629,0,430550
100,2.14E+08,3.55E+06,2260631,2260628,0,430550
100,1.99E+08,3.61E+06,2260641,2260642,0,372500
100,2.17E+08,3.60E+06,2260642,2260641,0,439650
100,2.17E+08,3.56E+06,2260645,2260645,0,439650
100,2.14E+08,3.55E+06,2260648,2260648,0,430550
100,2.14E+08,3.56E+06,2260657,2260655,0,430550
100,2.17E+08,3.56E+06,2260660,2260660,0,439650
100,2.17E+08,3.54E+06,2260663,2260663,0,439650
100,2.17E+08,3.56E+06,2260668,2260668,0,439650
100,2.02E+08,3.71E+06,2260671,2260669,0,384700
100,2.14E+08,3.55E+06,2260671,2260671,0,430550
100,2.14E+08,3.56E+06,2260674,2260672,0,430550
100,2.07E+08,3.54E+06,2260678,2260678,0,400750
100,2.14E+08,3.55E+06,2260679,2260679,0,430550
100,2.14E+08,3.56E+06,2260682,2260682,0,430550
100,2.02E+08,3.57E+06,2260689,2260689,0,384700
100,2.07E+08,3.69E+06,2260693,2260692,0,400650
100,1.52E+08,3.56E+06,2260708,2260708,0,208750
100,2.14E+08,3.55E+06,2260711,2260711,0,430550
100,2.02E+08,3.87E+06,2260712,2260712,0,384700
100,2.07E+08,3.56E+06,2260712,2260713,0,400750
100,2.07E+08,3.55E+06,2260720,2260719,0,400750
100,2.14E+08,3.55E+06,2260721,2260721,0,430550
100,1.99E+08,3.63E+06,2260723,2260719,0,369550
100,2.14E+08,3.60E+06,2260731,2260731,0,430550
100,2.17E+08,3.55E+06,2260734,2260734,0,439650
100,2.14E+08,3.59E+06,2260735,2260732,0,430550
100,2.17E+08,3.67E+06,2260749,2260747,0,439650
100,2.17E+08,3.77E+06,2260750,2260750,0,439650
100,2.17E+08,3.57E+06,2260755,2260755,0,439650
100,2.14E+08,3.56E+06,2260763,2260764,0,430550
100,1.96E+08,3.61E+06,2260764,2260762,0,359600
100,2.17E+08,3.57E+06,2260767,2260768,0,439650
100,2.07E+08,3.55E+06,2260775,2260775,0,400650
100,2.17E+08,3.57E+06,2260779,2260779,0,439650
100,1.99E+08,3.58E+06,2260780,2260781,0,372500
100,2.07E+08,3.58E+06,2260783,2260786,0,400650
100,2.17E+08,3.55E+06,2260783,2260783,0,439650
100,2.07E+08,3.56E+06,2260786,2260783,0,400650
100,2.17E+08,3.59E+06,2260790,2260790,0,439650
100,2.17E+08,3.54E+06,2260792,2260792,0,439750
100,2.07E+08,3.56E+06,2260798,2260798,0,400650
100,2.02E+08,3.73E+06,2260800,2260802,0,384300
100,2.17E+08,3.60E+06,2260800,2260799,0,439750
100,1.99E+08,3.59E+06,2260801,2260802,0,369550
100,2.17E+08,3.56E+06,2260801,2260798,0,439650
100,2.14E+08,3.56E+06,2260808,2260805,0,430550
100,2.02E+08,3.54E+06,2260814,2260814,0,384300
100,2.14E+08,3.55E+06,2260814,2260817,0,430550
100,1.97E+08,3.77E+06,2260815,2260815,0,366050
100,2.17E+08,3.57E+06,2260820,2260817,0,439650
100,2.17E+08,3.55E+06,2260821,2260821,0,439650
100,2.14E+08,3.55E+06,2260830,2260828,0,430550
100,2.17E+08,3.56E+06,2260832,2260832,0,439750
100,2.17E+08,3.68E+06,2260835,2260835,0,439650
100,2.02E+08,3.60E+06,2260838,2260838,0,384700
100,2.17E+08,3.56E+06,2260838,2260838,0,439750
100,2.17E+08,3.57E+06,2260841,2260842,0,439650
100,2.14E+08,3.54E+06,2260842,2260842,0,430550
100,2.14E+08,3.54E+06,2260842,2260842,0,430550
100,2.14E+08,3.55E+06,2260842,2260842,0,430550
100,2.13E+08,4.05E+06,2260843,2260843,0,426450
100,2.14E+08,3.55E+06,2260847,2260846,0,430550
100,2.14E+08,3.55E+06,2260848,2260847,0,430550
100,2.17E+08,3.54E+06,2260850,2260851,0,439750
100,1.99E+08,3.54E+06,2260853,2260851,0,369550
100,2.02E+08,3.56E+06,2260853,2260849,0,384700
100,2.07E+08,3.56E+06,2260857,2260857,0,400750
100,2.14E+08,3.59E+06,2260857,2260860,0,430550
100,2.17E+08,3.56E+06,2260861,2260863,0,439650
100,2.17E+08,3.58E+06,2260863,2260865,0,439650
100,2.14E+08,3.64E+06,2260865,2260865,0,430550
100,2.07E+08,3.56E+06,2260869,2260869,0,400650
100,1.99E+08,3.63E+06,2260873,2260877,0,369550
100,2.02E+08,3.76E+06,2260876,2260876,0,385150
100,2.17E+08,3.61E+06,2260877,2260878,0,439650
100,2.04E+08,4.19E+06,2260883,2260883,0,389350
100,2.17E+08,3.56E+06,2260886,2260886,0,439650
100,2.17E+08,3.58E+06,2260893,2260893,0,439750
100,2.07E+08,3.55E+06,2260894,2260893,0,400750
100,2.14E+08,4.03E+06,2260901,2260906,0,430550
100,1.99E+08,3.61E+06,2260904,2260905,0,372500
100,2.14E+08,3.57E+06,2260913,2260914,0,430550
100,2.02E+08,3.79E+06,2260923,2260923,0,384700
100,2.17E+08,3.56E+06,2260925,2260924,0,439650
100,1.99E+08,3.68E+06,2260932,2260932,0,372500
100,2.17E+08,3.61E+06,2260932,2260930,0,439650
100,2.17E+08,3.55E+06,2260933,2260933,0,439750
100,2.14E+08,3.58E+06,2260946,2260946,0,430550
100,2.17E+08,3.54E+06,2260946,2260945,0,439650
100,2.17E+08,3.56E+06,2260947,2260947,0,439650
100,2.14E+08,3.70E+06,2260953,2260953,0,430550
100,2.14E+08,3.57E+06,2260954,2260954,0,430550
100,2.14E+08,3.57E+06,2260966,2260966,0,430550
100,2.07E+08,3.54E+06,2260971,2260971,0,400650
100,2.17E+08,3.89E+06,2260971,2260968,0,439650
100,2.07E+08,3.59E+06,2260973,2260974,0,400650
100,2.07E+08,3.61E+06,2260973,2260972,0,400750
100,2.07E+08,3.58E+06,2260974,2260972,0,400650
100,2.07E+08,3.57E+06,2260974,2260974,0,400750
100,2.17E+08,3.64E+06,2260974,2260975,0,439650
100,2.14E+08,3.82E+06,2260975,2260975,0,430550
100,2.14E+08,3.54E+06,2260977,2260977,0,430550
100,2.14E+08,3.82E+06,2260979,2260979,0,430550
100,2.15E+08,3.78E+06,2260980,2260980,0,430700
100,2.07E+08,3.56E+06,2260985,2260984,0,400650
100,2.17E+08,3.57E+06,2260985,2260985,0,439650
100,1.99E+08,3.73E+06,2260987,2260987,0,372500
100,2.17E+08,3.63E+06,2260996,2260994,0,439650
100,2.07E+08,3.56E+06,2260998,2260998,0,400750
100,2.14E+08,3.60E+06,2261002,2261005,0,430550
100,2.02E+08,3.58E+06,2261011,2261009,0,384700
100,1.98E+08,3.68E+06,2261019,2261018,0,367450
100,2.14E+08,3.54E+06,2261019,2261018,0,430550
100,2.07E+08,3.55E+06,2261020,2261020,0,400750
100,2.02E+08,3.59E+06,2261023,2261023,0,384700
100,2.17E+08,3.61E+06,2261027,2261028,0,439650
100,2.07E+08,3.54E+06,2261030,2261034,0,400750
100,2.15E+08,3.67E+06,2261040,2261040,0,430550
100,2.17E+08,3.67E+06,2261042,2261037,0,439650
100,2.17E+08,3.60E+06,2261043,2261043,0,438200
100,2.07E+08,3.60E+06,2261044,2261044,0,400650
100,2.17E+08,3.65E+06,2261047,2261047,0,439650
100,2.17E+08,3.55E+06,2261050,2261050,0,439650
100,2.00E+08,3.68E+06,2261051,2261052,0,378950
100,2.07E+08,3.56E+06,2261060,2261060,0,400750
100,2.17E+08,3.77E+06,2261067,2261068,0,439650
100,1.99E+08,3.65E+06,2261073,2261073,0,369550
100,2.17E+08,3.58E+06,2261073,2261075,0,439650
100,2.14E+08,3.70E+06,2261077,2261077,0,430550
100,2.17E+08,3.55E+06,2261079,2261079,0,439650
100,2.14E+08,3.54E+06,2261080,2261081,0,430550
100,2.07E+08,3.56E+06,2261084,2261085,0,400650
100,2.17E+08,3.54E+06,2261088,2261081,0,439650
100,2.14E+08,3.64E+06,2261091,2261091,0,430550
100,1.99E+08,3.55E+06,2261108,2261108,0,372500
100,2.02E+08,4.15E+06,2261120,2261120,0,385300
100,2.17E+08,3.59E+06,2261124,2261125,0,439650
100,2.01E+08,3.77E+06,2261128,2261130,0,382000
100,2.14E+08,3.54E+06,2261131,2261130,0,430550
100,2.17E+08,3.57E+06,2261131,2261131,0,439650
100,2.17E+08,3.56E+06,2261134,2261135,0,439650
100,1.98E+08,3.73E+06,2261143,2261142,0,369450
100,2.07E+08,3.55E+06,2261146,2261146,0,400750
100,2.07E+08,3.57E+06,2261146,2261146,0,400750
100,2.07E+08,3.54E+06,2261146,2261149,0,400750
100,2.07E+08,3.54E+06,2261148,2261148,0,400750
100,2.07E+08,3.58E+06,2261153,2261154,0,400750
100,2.17E+08,3.55E+06,2261157,2261156,0,439650
100,2.17E+08,3.54E+06,2261175,2261175,0,439650
100,2.17E+08,3.55E+06,2261178,2261178,0,439750
100,2.07E+08,3.55E+06,2261182,2261182,0,400750
100,2.17E+08,3.63E+06,2261182,2261181,0,439650
100,2.14E+08,3.74E+06,2261183,2261183,0,430550
100,2.17E+08,3.56E+06,2261183,2261184,0,439650
100,2.17E+08,3.56E+06,2261187,2261187,0,439650
100,2.17E+08,3.56E+06,2261188,2261185,0,439650
100,2.07E+08,3.57E+06,2261190,2261190,0,399500
100,2.07E+08,3.55E+06,2261191,2261191,0,400650
100,2.14E+08,3.57E+06,2261191,2261191,0,430550
100,2.17E+08,3.70E+06,2261192,2261193,0,439650
100,2.02E+08,3.67E+06,2261197,2261197,0,385150
100,2.07E+08,3.54E+06,2261210,2261214,0,400650
100,1.99E+08,3.77E+06,2261216,2261212,0,372500
100,2.14E+08,3.56E+06,2261219,2261219,0,430550
100,2.14E+08,3.59E+06,2261221,2261222,0,430550
100,2.17E+08,3.55E+06,2261223,2261221,0,439650
100,2.14E+08,3.56E+06,2261224,2261227,0,430550
100,2.14E+08,3.55E+06,2261224,2261226,0,430550
100,2.17E+08,3.69E+06,2261233,2261233,0,438200
100,2.07E+08,3.57E+06,2261234,2261236,0,400650
100,2.07E+08,3.54E+06,2261235,2261234,0,400650
100,2.07E+08,3.58E+06,2261239,2261239,0,400750
100,2.02E+08,3.54E+06,2261246,2261245,0,384700
100,2.01E+08,3.68E+06,2261247,2261247,0,382650
100,2.07E+08,3.58E+06,2261265,2261265,0,400650
100,1.99E+08,3.54E+06,2261266,2261265,0,372500
100,1.99E+08,3.86E+06,2261290,2261291,0,369550
100,2.15E+08,3.83E+06,2261297,2261297,0,431000
100,2.14E+08,3.54E+06,2261298,2261294,0,430550
100,2.07E+08,3.55E+06,2261303,2261303,0,400650
100,2.17E+08,3.58E+06,2261306,2261306,0,439750
100,2.17E+08,3.56E+06,2261308,2261309,0,439650
100,1.99E+08,3.62E+06,2261310,2261310,0,372500
100,2.14E+08,3.65E+06,2261311,2261311,0,430550
100,1.99E+08,3.55E+06,2261315,2261314,0,372500
100,2.14E+08,3.78E+06,2261316,2261316,0,430550
100,2.14E+08,3.55E+06,2261317,2261317,0,430550
100,2.00E+08,4.13E+06,2261318,2261318,0,378950
100,2.14E+08,3.55E+06,2261321,2261322,0,430550
100,2.17E+08,3.59E+06,2261322,2261322,0,439750
100,2.14E+08,3.56E+06,2261323,2261323,0,430550
100,2.17E+08,3.58E+06,2261324,2261324,0,438200
100,2.17E+08,3.59E+06,2261332,2261332,0,439650
100,2.14E+08,3.59E+06,2261334,2261335,0,430550
100,2.14E+08,3.54E+06,2261336,2261336,0,430550
100,2.14E+08,3.64E+06,2261338,2261338,0,430550
100,2.14E+08,3.55E+06,2261340,2261340,0,430550
100,2.14E+08,3.55E+06,2261343,2261343,0,430550
100,2.17E+08,3.59E+06,2261343,2261342,0,439650
100,2.17E+08,3.72E+06,2261349,2261348,0,439650
100,2.07E+08,3.54E+06,2261354,2261357,0,400650
100,2.14E+08,3.57E+06,2261356,2261356,0,430550
100,2.17E+08,3.62E+06,2261361,2261361,0,439650
100,2.17E+08,3.54E+06,2261361,2261364,0,439650
100,1.99E+08,3.55E+06,2261373,2261373,0,369550
100,2.14E+08,3.54E+06,2261373,2261373,0,430550
100,2.17E+08,3.55E+06,2261378,2261378,0,439750
100,2.07E+08,3.54E+06,2261380,2261380,0,400750
100,2.17E+08,3.67E+06,2261381,2261381,0,439650
100,2.14E+08,3.57E+06,2261387,2261387,0,430550
100,2.17E+08,3.54E+06,2261391,2261388,0,439650
100,2.07E+08,3.54E+06,2261393,2261393,0,400750
100,2.17E+08,3.54E+06,2261393,2261394,0,439750
100,2.07E+08,3.61E+06,2261395,2261395,0,400650
100,2.14E+08,3.54E+06,2261396,2261396,0,430550
100,2.06E+08,3.83E+06,2261397,2261398,0,399300
100,2.17E+08,3.56E+06,2261409,2261408,0,439650
100,2.17E+08,3.54E+06,2261410,2261408,0,439650
100,1.99E+08,3.56E+06,2261411,2261411,0,372500
100,2.14E+08,3.57E+06,2261413,2261413,0,430550
100,2.02E+08,3.55E+06,2261418,2261418,0,384700
100,2.07E+08,3.63E+06,2261421,2261421,0,399500
100,2.07E+08,3.62E+06,2261421,2261421,0,400650
100,2.07E+08,3.61E+06,2261421,2261420,0,400750
100,2.17E+08,3.70E+06,2261422,2261422,0,439650
100,2.07E+08,3.58E+06,2261423,2261423,0,400650
100,1.99E+08,3.73E+06,2261426,2261427,0,372500
100,1.99E+08,3.57E+06,2261428,2261417,0,369550
100,1.99E+08,3.76E+06,2261430,2261430,0,371700
100,2.17E+08,3.59E+06,2261433,2261433,0,439650
100,2.17E+08,3.54E+06,2261438,2261435,0,439650
100,2.14E+08,3.54E+06,2261447,2261447,0,430550
100,2.07E+08,3.57E+06,2261460,2261461,0,400750
100,2.07E+08,3.55E+06,2261464,2261464,0,400750
100,2.02E+08,3.54E+06,2261477,2261477,0,384700
100,2.17E+08,3.64E+06,2261480,2261479,0,439650
100,2.02E+08,3.58E+06,2261490,2261492,0,384300
100,2.07E+08,3.54E+06,2261497,2261497,0,400750
100,2.02E+08,3.68E+06,2261498,2261497,0,384700
100,2.01E+08,3.75E+06,2261499,2261498,0,382650
100,2.14E+08,3.62E+06,2261501,2261501,0,430550
100,2.17E+08,3.54E+06,2261505,2261505,0,439750
100,2.14E+08,3.70E+06,2261511,2261511,0,430550
100,2.14E+08,3.62E+06,2261511,2261511,0,430550
100,2.17E+08,3.63E+06,2261514,2261514,0,439650
100,2.17E+08,3.74E+06,2261518,2261516,0,439750
100,2.01E+08,4.15E+06,2261521,2261521,0,381050
100,2.14E+08,3.54E+06,2261522,2261522,0,430550
100,2.17E+08,3.83E+06,2261527,2261527,0,439650
100,2.02E+08,3.54E+06,2261528,2261527,0,384700
100,2.07E+08,3.56E+06,2261528,2261527,0,400750
100,2.17E+08,3.55E+06,2261528,2261529,0,439650
100,2.07E+08,4.39E+06,2261529,2261526,0,399500
100,2.17E+08,3.57E+06,2261540,2261540,0,439650
100,2.07E+08,3.55E+06,2261542,2261542,0,400650
100,2.14E+08,3.56E+06,2261547,2261548,0,430550
100,2.14E+08,3.58E+06,2261548,2261548,0,430550
100,2.14E+08,4.03E+06,2261550,2261547,0,430550
100,2.17E+08,3.59E+06,2261555,2261555,0,439650
100,2.17E+08,3.60E+06,2261558,2261559,0,439650
100,2.07E+08,3.55E+06,2261562,2261562,0,400650
100,2.14E+08,3.56E+06,2261566,2261563,0,430550
100,2.07E+08,3.57E+06,2261569,2261569,0,400750
100,2.17E+08,3.56E+06,2261571,2261571,0,439750
100,2.17E+08,3.76E+06,2261574,2261574,0,439650
100,1.99E+08,3.66E+06,2261575,2261575,0,372500
100,2.17E+08,3.57E+06,2261575,2261575,0,439750
100,1.98E+08,3.65E+06,2261578,2261577,0,367450
100,2.14E+08,3.62E+06,2261579,2261579,0,430550
100,2.17E+08,3.67E+06,2261584,2261587,0,439650
100,2.01E+08,3.98E+06,2261586,2261586,0,382650
100,2.07E+08,3.56E+06,2261588,2261588,0,400750
100,1.99E+08,3.76E+06,2261590,2261590,0,369550
100,2.17E+08,3.56E+06,2261591,2261591,0,439750
100,1.99E+08,3.77E+06,2261592,2261593,0,372500
100,1.99E+08,3.59E+06,2261594,2261595,0,372500
100,2.07E+08,3.67E+06,2261596,2261597,0,399500
100,1.99E+08,3.56E+06,2261598,2261598,0,369550
100,2.17E+08,3.55E+06,2261603,2261603,0,439650
100,2.17E+08,3.61E+06,2261603,2261602,0,439750
100,2.17E+08,3.62E+06,2261604,2261607,0,439750
100,2.17E+08,3.67E+06,2261605,2261605,0,438200
100,2.14E+08,3.55E+06,2261612,2261612,0,430550
100,2.14E+08,3.57E+06,2261616,2261617,0,430550
100,2.02E+08,3.56E+06,2261619,2261618,0,384700
100,2.14E+08,3.61E+06,2261625,2261626,0,430550
100,2.04E+08,4.21E+06,2261635,2261635,0,390000
100,2.17E+08,3.54E+06,2261635,2261635,0,439650
100,2.07E+08,3.54E+06,2261636,2261637,0,400750
100,2.14E+08,3.54E+06,2261636,2261636,0,430550
100,2.02E+08,3.67E+06,2261637,2261637,0,384300
100,2.07E+08,3.55E+06,2261643,2261643,0,400750
100,2.02E+08,3.62E+06,2261645,2261644,0,384300
100,2.14E+08,3.55E+06,2261646,2261646,0,430550
100,2.17E+08,3.57E+06,2261648,2261648,0,439650
100,2.14E+08,3.56E+06,2261651,2261651,0,430550
100,1.99E+08,3.67E+06,2261653,2261653,0,372500
100,2.17E+08,3.60E+06,2261653,2261653,0,439650
100,2.14E+08,3.54E+06,2261659,2261660,0,430550
100,2.14E+08,3.58E+06,2261660,2261660,0,430550
100,2.14E+08,3.54E+06,2261661,2261661,0,430550
100,2.17E+08,3.56E+06,2261661,2261661,0,439650
100,2.14E+08,3.58E+06,2261662,2261661,0,430550
100,2.14E+08,3.61E+06,2261665,2261665,0,430550
100,2.17E+08,3.56E+06,2261679,2261679,0,439650
100,2.14E+08,3.59E+06,2261683,2261683,0,430550
100,2.02E+08,3.58E+06,2261685,2261685,0,384700
100,2.07E+08,3.57E+06,2261690,2261690,0,400650
100,2.07E+08,3.58E+06,2261694,2261693,0,400750
100,2.14E+08,3.56E+06,2261695,2261695,0,430550
100,2.14E+08,3.56E+06,2261704,2261703,0,430550
100,2.17E+08,3.67E+06,2261704,2261704,0,439650
100,1.93E+08,4.31E+06,2261705,2261705,0,350350
100,2.17E+08,4.18E+06,2261711,2261711,0,439650
100,2.02E+08,3.65E+06,2261713,2261713,0,384700
100,2.07E+08,3.56E+06,2261723,2261726,0,400750
100,2.14E+08,3.56E+06,2261726,2261726,0,430550
100,2.07E+08,3.54E+06,2261727,2261726,0,400650
100,2.17E+08,3.75E+06,2261732,2261732,0,439750
100,2.07E+08,3.63E+06,2261734,2261733,0,400750
100,2.03E+08,3.76E+06,2261741,2261735,0,387100
100,2.17E+08,3.60E+06,2261741,2261741,0,439650
100,2.14E+08,3.57E+06,2261748,2261748,0,430550
100,2.07E+08,3.59E+06,2261750,2261750,0,400750
100,2.07E+08,3.64E+06,2261751,2261755,0,399500
100,2.02E+08,3.59E+06,2261752,2261753,0,384700
100,2.14E+08,3.57E+06,2261759,2261758,0,430550
100,2.14E+08,3.55E+06,2261759,2261759,0,430550
100,2.14E+08,3.55E+06,2261760,2261758,0,430550
100,2.17E+08,3.57E+06,2261763,2261762,0,439650
100,1.99E+08,3.59E+06,2261764,2261764,0,372500
100,2.02E+08,3.65E+06,2261767,2261767,0,384700
100,2.07E+08,3.56E+06,2261769,2261767,0,400650
100,2.13E+08,3.93E+06,2261775,2261773,0,426450
100,1.99E+08,3.64E+06,2261776,2261778,0,369550
100,2.14E+08,3.57E+06,2261779,2261779,0,430550
100,2.14E+08,3.54E+06,2261781,2261781,0,430550
100,2.17E+08,3.56E+06,2261785,2261785,0,439650
100,2.14E+08,3.73E+06,2261786,2261786,0,430550
100,2.02E+08,3.55E+06,2261787,2261790,0,384700
100,2.14E+08,3.64E+06,2261788,2261789,0,430550
100,2.17E+08,3.75E+06,2261788,2261791,0,439650
100,2.17E+08,3.54E+06,2261789,2261791,0,439650
100,2.07E+08,3.57E+06,2261792,2261792,0,400650
100,2.07E+08,3.54E+06,2261797,2261798,0,400650
100,2.07E+08,3.64E+06,2261797,2261797,0,400750
100,2.14E+08,3.59E+06,2261800,2261798,0,430550
100,2.17E+08,3.76E+06,2261802,2261802,0,439650
100,2.14E+08,3.54E+06,2261804,2261804,0,430550
100,2.14E+08,3.58E+06,2261805,2261805,0,430550
100,2.14E+08,3.56E+06,2261807,2261808,0,430550
100,2.14E+08,3.54E+06,2261820,2261820,0,430550
100,2.17E+08,3.54E+06,2261822,2261822,0,439650
100,2.07E+08,3.57E+06,2261825,2261825,0,400750
100,2.17E+08,3.56E+06,2261826,2261827,0,439650
100,2.02E+08,3.58E+06,2261829,2261831,0,384700
100,2.14E+08,3.54E+06,2261830,2261830,0,430550
100,2.14E+08,3.63E+06,2261835,2261835,0,430550
100,2.17E+08,3.56E+06,2261835,2261833,0,439650
100,2.07E+08,3.57E+06,2261836,2261836,0,400650
100,1.99E+08,3.92E+06,2261838,2261838,0,372500
100,2.07E+08,3.54E+06,2261845,2261846,0,400750
100,2.17E+08,3.57E+06,2261846,2261849,0,439650
100,2.02E+08,3.99E+06,2261849,2261849,0,385000
100,2.04E+08,4.08E+06,2261855,2261853,0,390000
100,2.14E+08,3.54E+06,2261855,2261855,0,430550
100,2.14E+08,3.58E+06,2261859,2261860,0,430550
100,2.14E+08,3.55E+06,2261861,2261860,0,430550
100,1.99E+08,3.62E+06,2261865,2261865,0,369550
100,2.07E+08,3.54E+06,2261867,2261867,0,400650
100,2.02E+08,3.73E+06,2261869,2261869,0,384300
100,2.07E+08,3.54E+06,2261871,2261871,0,400650
100,2.07E+08,3.54E+06,2261875,2261873,0,400650
100,2.17E+08,3.55E+06,2261878,2261878,0,439650
100,2.17E+08,3.72E+06,2261881,2261881,0,439650
100,2.17E+08,3.54E+06,2261883,2261884,0,439650
100,2.14E+08,3.61E+06,2261885,2261885,0,430550
100,2.17E+08,3.57E+06,2261887,2261887,0,439750
100,2.07E+08,3.56E+06,2261889,2261889,0,400650
100,2.14E+08,3.54E+06,2261892,2261893,0,430550
100,2.17E+08,3.61E+06,2261898,2261898,0,439750
100,2.14E+08,3.55E+06,2261899,2261900,0,430550
100,2.14E+08,3.58E+06,2261901,2261907,0,430550
100,2.17E+08,3.54E+06,2261902,2261901,0,439650
100,2.07E+08,3.68E+06,2261903,2261902,0,400750
100,2.14E+08,3.55E+06,2261905,2261904,0,430550
100,2.14E+08,3.66E+06,2261915,2261915,0,430550
100,2.07E+08,3.54E+06,2261917,2261917,0,400750
100,2.14E+08,3.60E+06,2261917,2261918,0,430550
100,2.17E+08,3.55E+06,2261918,2261918,0,439750
100,2.07E+08,3.61E+06,2261920,2261920,0,399500
100,2.07E+08,3.55E+06,2261920,2261919,0,400750
100,1.97E+08,3.86E+06,2261927,2261924,0,366050
100,2.14E+08,3.64E+06,2261927,2261927,0,430550
100,2.07E+08,3.55E+06,2261929,2261929,0,400650
100,2.14E+08,3.59E+06,2261933,2261933,0,430550
100,2.17E+08,3.57E+06,2261934,2261934,0,439750
100,2.17E+08,3.56E+06,2261938,2261935,0,439750
100,2.17E+08,3.61E+06,2261939,2261939,0,439650
100,2.14E+08,3.64E+06,2261940,2261940,0,430550
100,2.17E+08,3.56E+06,2261940,2261943,0,439750
100,2.07E+08,3.54E+06,2261943,2261943,0,400750
100,1.99E+08,3.55E+06,2261946,2261942,0,369550
100,2.14E+08,3.88E+06,2261954,2261951,0,430550
100,2.14E+08,3.74E+06,2261956,2261956,0,430550
100,2.14E+08,3.59E+06,2261957,2261957,0,430550
100,2.17E+08,3.69E+06,2261957,2261957,0,439650
100,2.17E+08,3.60E+06,2261963,2261961,0,439650
100,2.07E+08,3.70E+06,2261965,2261965,0,400750
100,2.17E+08,3.73E+06,2261966,2261966,0,439650
100,2.14E+08,3.59E+06,2261970,2261970,0,430550
100,2.17E+08,3.56E+06,2261971,2261971,0,439750
100,2.14E+08,3.55E+06,2261972,2261972,0,430550
100,2.14E+08,3.61E+06,2261972,2261973,0,430550
100,2.14E+08,3.55E+06,2261982,2261983,0,430550
100,2.17E+08,3.55E+06,2261982,2261982,0,439650
100,2.17E+08,3.63E+06,2261983,2261983,0,439650
100,2.17E+08,3.55E+06,2261991,2261991,0,439650
100,2.07E+08,3.56E+06,2261997,2261997,0,400750
100,1.99E+08,3.63E+06,2262001,2262000,0,372500
100,2.14E+08,3.56E+06,2262004,2262005,0,430550
100,2.07E+08,3.57E+06,2262006,2262005,0,400650
100,2.07E+08,3.55E+06,2262006,2262008,0,400650
100,2.14E+08,3.56E+06,2262007,2262005,0,430550
100,2.07E+08,3.54E+06,2262010,2262010,0,400750
100,2.07E+08,3.59E+06,2262011,2262011,0,400650
100,2.07E+08,3.71E+06,2262019,2262019,0,400650
100,2.07E+08,3.64E+06,2262019,2262018,0,400750
100,2.07E+08,3.61E+06,2262024,2262024,0,400650
100,2.07E+08,3.63E+06,2262027,2262027,0,400750
100,2.07E+08,3.57E+06,2262028,2262028,0,400650
100,2.02E+08,3.65E+06,2262033,2262033,0,384700
100,2.14E+08,3.54E+06,2262034,2262034,0,430550
100,2.17E+08,3.55E+06,2262035,2262035,0,439650
100,2.07E+08,3.56E+06,2262036,2262036,0,400750
100,1.99E+08,3.60E+06,2262046,2262046,0,369550
100,2.14E+08,3.56E+06,2262046,2262045,0,430550
100,2.17E+08,3.62E+06,2262048,2262048,0,439650
100,2.17E+08,3.58E+06,2262050,2262048,0,439650
100,2.07E+08,3.63E+06,2262051,2262053,0,400650
100,2.17E+08,3.54E+06,2262052,2262050,0,439650
100,2.14E+08,3.57E+06,2262060,2262060,0,430550
100,2.01E+08,4.05E+06,2262062,2262062,0,381500
100,2.14E+08,3.54E+06,2262062,2262063,0,430550
100,2.17E+08,3.64E+06,2262065,2262067,0,439650
100,2.17E+08,3.54E+06,2262065,2262064,0,439650
100,2.17E+08,3.79E+06,2262066,2262067,0,439750
100,2.17E+08,3.64E+06,2262069,2262071,0,439650
100,2.17E+08,3.56E+06,2262077,2262076,0,439650
100,2.02E+08,3.55E+06,2262086,2262086,0,384700
100,2.17E+08,3.62E+06,2262090,2262090,0,439650
100,2.14E+08,3.85E+06,2262092,2262092,0,430550
100,2.17E+08,3.61E+06,2262093,2262093,0,438200
100,1.99E+08,3.59E+06,2262094,2262094,0,369550
100,2.02E+08,3.75E+06,2262097,2262097,0,384700
100,2.17E+08,3.56E+06,2262105,2262105,0,439650
100,2.17E+08,3.59E+06,2262106,2262106,0,439650
100,2.07E+08,3.55E+06,2262107,2262107,0,400650
100,2.14E+08,3.56E+06,2262107,2262106,0,430550
100,2.14E+08,3.59E+06,2262108,2262108,0,430550
100,2.07E+08,3.56E+06,2262110,2262109,0,400750
100,2.07E+08,3.54E+06,2262111,2262111,0,400750
100,1.99E+08,3.62E+06,2262114,2262116,0,372500
100,1.99E+08,3.59E+06,2262117,2262117,0,372500
100,2.14E+08,3.55E+06,2262118,2262118,0,430550
100,2.07E+08,3.58E+06,2262120,2262120,0,400750
100,2.07E+08,3.55E+06,2262122,2262119,0,400750
100,2.17E+08,3.57E+06,2262124,2262124,0,439650
100,1.99E+08,3.60E+06,2262130,2262131,0,372500
100,2.14E+08,3.55E+06,2262137,2262140,0,430550
100,2.17E+08,3.76E+06,2262138,2262138,0,439650
100,2.17E+08,3.69E+06,2262143,2262143,0,438200
100,1.99E+08,3.54E+06,2262144,2262145,0,372500
100,2.07E+08,3.57E+06,2262145,2262146,0,400650
100,2.02E+08,3.62E+06,2262148,2262148,0,384700
100,2.17E+08,3.55E+06,2262149,2262150,0,439750
100,2.07E+08,3.54E+06,2262151,2262151,0,400750
100,2.14E+08,3.55E+06,2262151,2262151,0,430550
100,2.17E+08,3.60E+06,2262156,2262157,0,439650
100,2.17E+08,3.65E+06,2262157,2262157,0,439650
100,2.02E+08,3.60E+06,2262158,2262158,0,384300
100,2.07E+08,3.55E+06,2262160,2262160,0,400750
100,2.02E+08,4.08E+06,2262169,2262168,0,385300
100,2.17E+08,3.57E+06,2262170,2262171,0,439650
100,2.07E+08,3.55E+06,2262173,2262173,0,400650
100,2.07E+08,3.56E+06,2262177,2262177,0,400750
100,2.07E+08,3.59E+06,2262183,2262184,0,400650
100,2.07E+08,3.54E+06,2262187,2262192,0,400650
100,2.17E+08,3.65E+06,2262188,2262188,0,439650
100,2.14E+08,3.57E+06,2262190,2262191,0,430550
100,2.02E+08,3.75E+06,2262194,2262194,0,385300
100,2.17E+08,3.99E+06,2262194,2262196,0,439650
100,2.02E+08,3.60E+06,2262204,2262203,0,384700
100,2.07E+08,3.55E+06,2262205,2262205,0,400750
100,2.14E+08,3.56E+06,2262206,2262205,0,430550
100,2.02E+08,3.54E+06,2262210,2262211,0,384700
100,2.07E+08,3.55E+06,2262215,2262212,0,400650
100,2.07E+08,3.57E+06,2262216,2262216,0,400650
100,1.99E+08,3.63E+06,2262220,2262220,0,372500
100,1.99E+08,3.77E+06,2262220,2262219,0,372500
100,2.02E+08,3.61E+06,2262220,2262220,0,384700
100,2.17E+08,3.57E+06,2262222,2262222,0,439650
100,2.07E+08,3.81E+06,2262223,2262223,0,399500
100,2.14E+08,3.59E+06,2262224,2262224,0,430550
100,2.14E+08,3.58E+06,2262225,2262225,0,430550
100,2.07E+08,3.68E+06,2262226,2262225,0,400650
100,2.14E+08,3.57E+06,2262226,2262226,0,430550
100,2.17E+08,3.56E+06,2262226,2262225,0,439650
100,2.02E+08,3.98E+06,2262233,2262232,0,384700
100,2.07E+08,3.54E+06,2262233,2262234,0,400650
100,2.14E+08,3.57E+06,2262240,2262241,0,430550
100,2.14E+08,3.60E+06,2262243,2262243,0,430550
100,2.01E+08,3.78E+06,2262246,2262247,0,382200
100,2.07E+08,3.57E+06,2262250,2262250,0,400650
100,2.14E+08,3.56E+06,2262257,2262257,0,430550
100,2.14E+08,3.55E+06,2262258,2262258,0,430550
100,2.14E+08,3.55E+06,2262258,2262258,0,430550
100,2.01E+08,4.14E+06,2262265,2262262,0,381050
100,2.17E+08,3.55E+06,2262268,2262267,0,439750
100,2.17E+08,3.60E+06,2262283,2262284,0,439650
100,2.02E+08,3.66E+06,2262286,2262286,0,384300
100,2.14E+08,3.59E+06,2262288,2262288,0,430550
100,2.07E+08,3.72E+06,2262289,2262289,0,400750
100,2.14E+08,3.54E+06,2262292,2262292,0,430550
100,2.17E+08,3.55E+06,2262293,2262292,0,439650
100,2.07E+08,3.56E+06,2262296,2262298,0,400650
100,2.14E+08,3.55E+06,2262296,2262296,0,430550
100,2.17E+08,3.55E+06,2262299,2262297,0,439750
100,2.07E+08,3.56E+06,2262305,2262305,0,400650
100,2.02E+08,3.60E+06,2262306,2262306,0,384700
100,1.99E+08,3.65E+06,2262312,2262312,0,369550
100,2.07E+08,3.54E+06,2262316,2262316,0,400750
100,2.14E+08,3.54E+06,2262317,2262315,0,430550
100,2.02E+08,3.70E+06,2262319,2262320,0,384700
100,2.02E+08,3.71E+06,2262321,2262321,0,384700
100,2.17E+08,3.55E+06,2262321,2262321,0,439650
100,2.17E+08,4.13E+06,2262330,2262330,0,439650
100,2.07E+08,3.56E+06,2262337,2262338,0,400650
100,2.14E+08,3.62E+06,2262340,2262340,0,430550
100,2.14E+08,3.59E+06,2262351,2262352,0,430550
100,2.14E+08,3.60E+06,2262353,2262353,0,430550
100,1.99E+08,3.65E+06,2262356,2262356,0,369550
100,2.14E+08,3.57E+06,2262356,2262356,0,430550
100,2.14E+08,3.59E+06,2262358,2262358,0,430550
100,1.99E+08,3.68E+06,2262361,2262361,0,372500
100,2.17E+08,3.63E+06,2262363,2262365,0,439650
100,2.07E+08,3.54E+06,2262370,2262370,0,400750
100,1.99E+08,3.58E+06,2262373,2262373,0,369550
100,2.07E+08,3.55E+06,2262379,2262380,0,400650
100,2.17E+08,3.87E+06,2262380,2262381,0,439750
100,2.02E+08,3.60E+06,2262382,2262382,0,384700
100,2.17E+08,3.71E+06,2262383,2262384,0,439650
100,2.07E+08,3.58E+06,2262385,2262382,0,400650
100,2.07E+08,3.55E+06,2262394,2262396,0,400650
100,1.96E+08,4.01E+06,2262396,2262396,0,359800
100,2.07E+08,3.55E+06,2262398,2262398,0,400750
100,2.14E+08,3.56E+06,2262399,2262400,0,430550
100,2.14E+08,3.55E+06,2262400,2262400,0,430550
100,2.14E+08,3.58E+06,2262401,2262400,0,430550
100,1.99E+08,3.66E+06,2262404,2262405,0,372500
100,2.07E+08,3.62E+06,2262404,2262404,0,400650
100,2.17E+08,3.57E+06,2262404,2262403,0,439650
100,1.99E+08,3.60E+06,2262405,2262405,0,372500
100,2.17E+08,3.63E+06,2262409,2262409,0,439750
100,1.90E+08,4.12E+06,2262410,2262405,0,340200
100,2.02E+08,3.61E+06,2262412,2262409,0,384700
100,2.07E+08,3.56E+06,2262412,2262412,0,400750
100,2.02E+08,3.54E+06,2262414,2262414,0,384300
100,2.14E+08,3.58E+06,2262418,2262422,0,430550
100,2.07E+08,3.55E+06,2262420,2262420,0,400650
100,2.17E+08,3.55E+06,2262421,2262421,0,439650
100,2.17E+08,3.59E+06,2262424,2262425,0,439650
100,2.07E+08,3.57E+06,2262431,2262431,0,400650
100,2.07E+08,3.54E+06,2262432,2262429,0,400750
100,2.07E+08,3.55E+06,2262437,2262435,0,400750
100,1.99E+08,3.55E+06,2262443,2262443,0,372500
100,2.17E+08,3.59E+06,2262443,2262441,0,439650
100,2.01E+08,3.67E+06,2262444,2262445,0,381050
100,2.17E+08,3.59E+06,2262451,2262451,0,439650
100,2.07E+08,3.55E+06,2262455,2262457,0,400650
100,2.17E+08,3.55E+06,2262460,2262460,0,438200
100,2.14E+08,3.54E+06,2262464,2262464,0,430550
100,2.07E+08,3.57E+06,2262465,2262465,0,400650
100,1.99E+08,3.58E+06,2262468,2262468,0,372500
100,2.08E+08,3.56E+06,2262479,2262480,0,401600
100,2.17E+08,3.54E+06,2262481,2262481,0,439650
100,2.17E+08,3.56E+06,2262484,2262486,0,439650
100,2.07E+08,3.56E+06,2262486,2262486,0,400650
100,2.17E+08,3.59E+06,2262487,2262487,0,439650
100,2.17E+08,3.59E+06,2262490,2262489,0,439650
100,1.99E+08,3.56E+06,2262492,2262491,0,372500
100,2.14E+08,3.62E+06,2262492,2262492,0,430550
100,2.07E+08,3.59E+06,2262495,2262497,0,399500
100,2.17E+08,3.75E+06,2262498,2262501,0,439650
100,2.07E+08,3.57E+06,2262502,2262502,0,400750
100,2.17E+08,3.60E+06,2262504,2262505,0,439650
100,2.03E+08,3.66E+06,2262505,2262506,0,387100
100,2.07E+08,3.56E+06,2262506,2262504,0,400650
100,2.17E+08,3.61E+06,2262508,2262508,0,439650
100,2.14E+08,3.69E+06,2262515,2262514,0,430550
100,2.17E+08,3.54E+06,2262515,2262515,0,439750
100,2.07E+08,3.54E+06,2262519,2262512,0,400650
100,2.14E+08,3.95E+06,2262520,2262520,0,430550
100,2.17E+08,3.71E+06,2262522,2262522,0,439650
100,2.07E+08,3.54E+06,2262524,2262525,0,400750
100,2.07E+08,3.54E+06,2262524,2262526,0,400750
100,2.14E+08,3.59E+06,2262526,2262525,0,430550
100,2.17E+08,3.59E+06,2262526,2262526,0,439650
100,2.14E+08,3.55E+06,2262528,2262529,0,430550
100,2.14E+08,3.54E+06,2262535,2262535,0,430550
100,2.14E+08,3.64E+06,2262536,2262537,0,430550
100,2.01E+08,4.15E+06,2262539,2262540,0,381050
100,2.02E+08,3.67E+06,2262547,2262547,0,384700
100,2.17E+08,3.63E+06,2262548,2262547,0,439650
100,2.17E+08,3.60E+06,2262548,2262549,0,439750
100,2.02E+08,3.55E+06,2262552,2262552,0,384700
100,2.07E+08,3.55E+06,2262552,2262550,0,400750
100,2.14E+08,3.55E+06,2262557,2262557,0,430550
100,2.14E+08,3.54E+06,2262557,2262556,0,430550
100,2.02E+08,3.55E+06,2262560,2262560,0,384700
100,2.07E+08,3.56E+06,2262561,2262560,0,400750
100,2.17E+08,3.78E+06,2262561,2262556,0,439750
100,2.14E+08,3.55E+06,2262562,2262562,0,430550
100,2.17E+08,3.54E+06,2262565,2262568,0,439650
100,2.17E+08,3.54E+06,2262567,2262567,0,439750
100,2.17E+08,3.58E+06,2262568,2262567,0,439650
100,2.17E+08,3.54E+06,2262569,2262568,0,439750
100,2.17E+08,3.54E+06,2262575,2262574,0,439750
100,2.14E+08,3.98E+06,2262580,2262580,0,430550
100,2.02E+08,3.59E+06,2262585,2262582,0,384300
100,1.99E+08,3.78E+06,2262586,2262585,0,369550
100,2.14E+08,3.69E+06,2262590,2262594,0,430550
100,2.14E+08,3.59E+06,2262592,2262593,0,430550
100,1.99E+08,3.57E+06,2262593,2262595,0,369550
100,2.14E+08,3.55E+06,2262595,2262595,0,430550
100,2.14E+08,3.55E+06,2262595,2262594,0,430550
100,2.14E+08,3.54E+06,2262598,2262598,0,430550
100,2.17E+08,3.70E+06,2262603,2262603,0,439650
100,2.02E+08,3.60E+06,2262607,2262607,0,384300
100,2.17E+08,3.54E+06,2262611,2262609,0,439650
100,2.14E+08,3.57E+06,2262613,2262613,0,430550
100,2.02E+08,4.08E+06,2262619,2262618,0,385000
100,1.99E+08,3.54E+06,2262621,2262621,0,369550
100,2.17E+08,3.55E+06,2262624,2262624,0,439650
100,2.17E+08,3.61E+06,2262628,2262628,0,439650
100,2.07E+08,3.56E+06,2262630,2262630,0,400650
100,2.17E+08,3.75E+06,2262633,2262630,0,439650
100,2.14E+08,3.54E+06,2262640,2262635,0,430550
100,2.17E+08,3.67E+06,2262641,2262638,0,439650
100,2.17E+08,3.55E+06,2262643,2262643,0,439650
100,2.14E+08,3.61E+06,2262646,2262645,0,430550
100,2.07E+08,3.55E+06,2262651,2262645,0,400650
100,1.99E+08,3.79E+06,2262653,2262655,0,369550
100,2.02E+08,3.72E+06,2262661,2262658,0,385000
100,2.07E+08,3.55E+06,2262661,2262662,0,400650
100,2.17E+08,3.61E+06,2262665,2262664,0,439750
100,1.99E+08,3.60E+06,2262670,2262671,0,369550
100,2.07E+08,3.55E+06,2262682,2262682,0,400750
100,2.14E+08,3.55E+06,2262684,2262684,0,430550
100,2.02E+08,3.70E+06,2262691,2262691,0,384700
100,2.17E+08,3.59E+06,2262692,2262692,0,439650
100,2.14E+08,3.55E+06,2262693,2262693,0,430550
100,1.99E+08,3.73E+06,2262696,2262696,0,372500
100,2.07E+08,3.58E+06,2262706,2262711,0,400650
100,2.14E+08,3.88E+06,2262710,2262710,0,430550
100,2.17E+08,3.60E+06,2262710,2262710,0,439650
100,2.17E+08,3.56E+06,2262711,2262711,0,439750
100,2.02E+08,3.82E+06,2262713,2262713,0,384700
100,2.07E+08,3.79E+06,2262715,2262716,0,400750
100,1.99E+08,3.58E+06,2262719,2262718,0,372500
100,2.07E+08,3.55E+06,2262719,2262718,0,400750
100,2.14E+08,3.54E+06,2262722,2262722,0,430550
100,2.07E+08,3.54E+06,2262723,2262724,0,400750
100,2.17E+08,3.65E+06,2262724,2262724,0,438200
100,2.17E+08,3.93E+06,2262728,2262728,0,439650
100,2.17E+08,3.64E+06,2262732,2262732,0,439650
100,2.17E+08,3.58E+06,2262732,2262734,0,439750
100,2.17E+08,3.56E+06,2262736,2262732,0,439650
100,2.14E+08,3.56E+06,2262740,2262739,0,430550
100,2.17E+08,3.64E+06,2262741,2262741,0,439750
100,2.17E+08,3.56E+06,2262746,2262746,0,438200
100,2.07E+08,3.62E+06,2262748,2262748,0,400750
100,2.07E+08,4.07E+06,2262758,2262753,0,399500
100,2.17E+08,3.58E+06,2262760,2262760,0,439650
100,1.99E+08,3.55E+06,2262769,2262769,0,372500
100,2.07E+08,3.56E+06,2262769,2262769,0,400650
100,2.02E+08,3.76E+06,2262772,2262771,0,384700
100,2.17E+08,3.58E+06,2262777,2262779,0,439650
100,2.17E+08,3.57E+06,2262783,2262783,0,439650
100,2.00E+08,4.12E+06,2262789,2262789,0,378950
100,2.07E+08,3.54E+06,2262789,2262783,0,400650
100,2.14E+08,3.70E+06,2262799,2262799,0,430550
100,2.14E+08,3.64E+06,2262799,2262798,0,430550
100,2.07E+08,3.56E+06,2262801,2262801,0,400650
100,2.17E+08,3.55E+06,2262802,2262802,0,439750
100,2.14E+08,3.54E+06,2262811,2262812,0,430550
100,2.02E+08,3.54E+06,2262812,2262816,0,384700
100,2.14E+08,3.65E+06,2262818,2262818,0,430550
100,2.14E+08,3.61E+06,2262823,2262824,0,430550
100,2.02E+08,3.55E+06,2262826,2262825,0,384700
100,2.14E+08,3.54E+06,2262826,2262826,0,430550
100,2.07E+08,3.57E+06,2262833,2262834,0,400750
100,2.17E+08,3.62E+06,2262841,2262842,0,439650
100,2.17E+08,3.99E+06,2262841,2262842,0,439650
100,2.17E+08,3.67E+06,2262842,2262841,0,439750
100,2.14E+08,3.72E+06,2262843,2262842,0,430550
100,2.02E+08,3.63E+06,2262846,2262846,0,384300
100,2.02E+08,3.62E+06,2262846,2262846,0,384300
100,2.07E+08,3.54E+06,2262851,2262853,0,400750
100,2.07E+08,4.09E+06,2262857,2262855,0,400750
100,2.07E+08,3.54E+06,2262859,2262859,0,400650
100,2.14E+08,3.56E+06,2262863,2262863,0,430550
100,2.07E+08,3.58E+06,2262864,2262865,0,400750
100,2.17E+08,3.54E+06,2262865,2262864,0,439750
100,2.07E+08,3.79E+06,2262871,2262871,0,400750
100,2.05E+08,3.86E+06,2262874,2262874,0,396450
100,2.02E+08,3.76E+06,2262877,2262876,0,384700
100,2.07E+08,3.57E+06,2262880,2262880,0,400650
100,2.14E+08,3.67E+06,2262882,2262879,0,430550
100,2.02E+08,3.54E+06,2262883,2262881,0,384700
100,2.14E+08,3.57E+06,2262885,2262885,0,430550
100,2.14E+08,3.57E+06,2262888,2262888,0,430550
100,2.07E+08,3.57E+06,2262889,2262891,0,400650
100,1.99E+08,3.59E+06,2262890,2262891,0,372500
100,2.14E+08,3.55E+06,2262894,2262894,0,430550
100,2.02E+08,3.58E+06,2262895,2262894,0,384700
100,2.07E+08,3.59E+06,2262897,2262896,0,400650
100,2.14E+08,3.58E+06,2262900,2262900,0,430550
100,1.64E+08,3.61E+06,2262902,2262902,0,251550
100,2.07E+08,3.55E+06,2262902,2262903,0,400750
100,2.17E+08,3.54E+06,2262910,2262907,0,439650
100,2.07E+08,3.54E+06,2262920,2262917,0,400750
100,2.14E+08,3.56E+06,2262922,2262922,0,430550
100,2.17E+08,3.58E+06,2262922,2262922,0,439650
100,2.14E+08,3.62E+06,2262930,2262930,0,430550
100,2.17E+08,3.68E+06,2262934,2262934,0,439650
100,2.07E+08,3.54E+06,2262935,2262935,0,400750
100,2.07E+08,3.56E+06,2262939,2262943,0,400750
100,2.17E+08,3.55E+06,2262947,2262948,0,439650
100,2.14E+08,3.71E+06,2262954,2262954,0,430550
100,2.17E+08,3.95E+06,2262956,2262956,0,439650
100,2.17E+08,3.56E+06,2262959,2262959,0,439750
100,2.14E+08,3.61E+06,2262965,2262965,0,430550
100,2.14E+08,3.56E+06,2262966,2262966,0,430550
100,2.14E+08,3.54E+06,2262969,2262969,0,430550
100,2.14E+08,3.77E+06,2262969,2262970,0,430550
100,2.02E+08,4.10E+06,2262972,2262972,0,385300
100,2.02E+08,3.56E+06,2262975,2262978,0,384300
100,2.07E+08,3.61E+06,2262977,2262972,0,400650
100,1.99E+08,3.62E+06,2262979,2262978,0,369550
100,2.02E+08,3.78E+06,2262984,2262984,0,384700
100,2.14E+08,3.58E+06,2262984,2262985,0,430550
100,2.17E+08,3.56E+06,2262990,2262990,0,439650
100,2.17E+08,3.54E+06,2262991,2262991,0,439650
100,2.07E+08,3.54E+06,2262998,2262997,0,400650
100,2.02E+08,3.67E+06,2263002,2263002,0,384700
100,2.14E+08,3.57E+06,2263002,2263001,0,430550
100,2.17E+08,3.58E+06,2263002,2263003,0,439650
100,2.14E+08,3.54E+06,2263003,2263003,0,430550
100,2.14E+08,3.56E+06,2263005,2263006,0,430550
100,2.14E+08,3.54E+06,2263010,2263012,0,430550
100,2.07E+08,3.57E+06,2263013,2263013,0,400650
100,2.14E+08,3.84E+06,2263016,2263016,0,430550
100,2.07E+08,3.55E+06,2263019,2263019,0,400650
100,2.07E+08,3.56E+06,2263020,2263020,0,400750
100,2.17E+08,3.56E+06,2263023,2263023,0,439650
100,2.17E+08,3.55E+06,2263025,2263025,0,439650
100,2.14E+08,3.55E+06,2263040,2263040,0,430550
100,2.02E+08,3.55E+06,2263041,2263041,0,384300
100,2.17E+08,3.55E+06,2263042,2263043,0,439650
100,2.14E+08,3.54E+06,2263044,2263044,0,430550
100,2.07E+08,3.80E+06,2263045,2263046,0,400750
100,2.17E+08,3.56E+06,2263054,2263053,0,439650
100,2.07E+08,3.54E+06,2263056,2263056,0,400650
100,1.99E+08,3.94E+06,2263059,2263059,0,372500
100,2.17E+08,3.55E+06,2263062,2263062,0,439650
100,2.17E+08,3.56E+06,2263075,2263074,0,439650
100,2.07E+08,3.54E+06,2263084,2263081,0,400750
100,2.17E+08,3.66E+06,2263093,2263093,0,439650
100,2.02E+08,3.67E+06,2263095,2263095,0,384700
100,2.17E+08,3.58E+06,2263095,2263095,0,439650
100,2.17E+08,3.55E+06,2263096,2263098,0,439650
100,2.17E+08,3.55E+06,2263097,2263094,0,439650
100,2.14E+08,3.56E+06,2263103,2263099,0,430550
100,2.02E+08,3.76E+06,2263110,2263108,0,384700
100,2.17E+08,3.59E+06,2263111,2263111,0,439650
100,2.07E+08,3.55E+06,2263117,2263118,0,400650
100,2.14E+08,3.57E+06,2263127,2263127,0,430550
100,2.14E+08,3.54E+06,2263132,2263132,0,430550
100,2.07E+08,3.57E+06,2263137,2263137,0,400750
100,2.07E+08,3.64E+06,2263146,2263146,0,400650
100,2.07E+08,3.54E+06,2263152,2263152,0,400650
100,2.07E+08,3.56E+06,2263160,2263162,0,399500
100,2.14E+08,3.62E+06,2263160,2263160,0,430550
100,2.02E+08,4.20E+06,2263161,2263161,0,385150
100,2.14E+08,3.58E+06,2263162,2263163,0,430550
100,2.14E+08,3.55E+06,2263162,2263162,0,430550
100,2.17E+08,3.59E+06,2263165,2263165,0,439650
100,2.14E+08,3.79E+06,2263166,2263166,0,430550
100,2.17E+08,3.64E+06,2263168,2263168,0,439750
100,2.14E+08,3.56E+06,2263174,2263176,0,430550
100,2.17E+08,3.58E+06,2263177,2263176,0,439650
100,2.17E+08,3.59E+06,2263180,2263180,0,439650
100,2.14E+08,4.03E+06,2263181,2263180,0,430550
100,2.02E+08,3.97E+06,2263182,2263182,0,384700
100,2.14E+08,3.55E+06,2263182,2263182,0,430550
100,2.17E+08,3.61E+06,2263187,2263180,0,439750
100,2.17E+08,3.56E+06,2263188,2263190,0,439650
100,2.17E+08,3.56E+06,2263189,2263188,0,439750
100,1.98E+08,3.77E+06,2263191,2263192,0,367450
100,2.14E+08,3.56E+06,2263200,2263202,0,430550
100,2.17E+08,3.55E+06,2263202,2263203,0,438200
100,2.01E+08,3.79E+06,2263204,2263201,0,382650
100,2.02E+08,3.59E+06,2263204,2263204,0,384700
100,2.17E+08,3.54E+06,2263204,2263203,0,439650
100,2.17E+08,3.55E+06,2263206,2263206,0,439650
100,2.07E+08,3.55E+06,2263209,2263209,0,400750
100,2.14E+08,3.55E+06,2263209,2263209,0,430550
100,2.13E+08,3.95E+06,2263213,2263213,0,426450
100,2.17E+08,3.54E+06,2263225,2263223,0,439650
100,2.07E+08,3.55E+06,2263228,2263227,0,400750
100,2.07E+08,3.67E+06,2263230,2263228,0,399500
100,1.99E+08,3.62E+06,2263233,2263233,0,372500
100,2.14E+08,3.63E+06,2263236,2263233,0,430550
100,2.17E+08,3.65E+06,2263236,2263236,0,439650
100,2.17E+08,3.60E+06,2263236,2263236,0,439650
100,2.17E+08,3.61E+06,2263240,2263240,0,439650
100,2.07E+08,3.70E+06,2263241,2263242,0,400650
100,2.17E+08,3.72E+06,2263241,2263241,0,439750
100,2.17E+08,3.55E+06,2263243,2263244,0,439650
100,2.14E+08,3.58E+06,2263252,2263252,0,430550
100,2.17E+08,3.59E+06,2263252,2263251,0,439650
100,2.07E+08,3.56E+06,2263254,2263250,0,400650
100,2.17E+08,3.54E+06,2263260,2263260,0,439750
100,2.17E+08,3.56E+06,2263264,2263263,0,439650
100,2.17E+08,3.64E+06,2263267,2263270,0,439650
100,2.02E+08,3.57E+06,2263275,2263276,0,384700
100,2.14E+08,3.55E+06,2263281,2263280,0,430550
100,2.14E+08,3.61E+06,2263283,2263283,0,430550
100,1.99E+08,3.65E+06,2263286,2263287,0,372500
100,2.17E+08,3.57E+06,2263288,2263288,0,439750
100,2.07E+08,3.55E+06,2263289,2263293,0,400650
100,2.14E+08,3.63E+06,2263289,2263290,0,430550
100,2.07E+08,4.03E+06,2263293,2263293,0,400750
100,2.16E+08,3.92E+06,2263296,2263296,0,437700
100,2.17E+08,3.58E+06,2263296,2263296,0,439650
100,2.02E+08,3.57E+06,2263297,2263297,0,384700
100,2.14E+08,3.58E+06,2263299,2263299,0,430550
100,2.14E+08,3.59E+06,2263300,2263298,0,430550
100,2.14E+08,3.56E+06,2263300,2263298,0,430550
100,2.17E+08,3.54E+06,2263301,2263301,0,439650
100,2.14E+08,3.63E+06,2263304,2263304,0,430550
100,2.14E+08,3.54E+06,2263304,2263303,0,430550
100,1.99E+08,3.70E+06,2263307,2263307,0,369450
100,2.14E+08,3.57E+06,2263310,2263305,0,430550
100,2.07E+08,3.87E+06,2263312,2263312,0,399500
100,2.17E+08,3.58E+06,2263317,2263317,0,439650
100,1.99E+08,3.61E+06,2263318,2263316,0,372500
100,2.17E+08,3.55E+06,2263318,2263318,0,439650
100,2.14E+08,3.54E+06,2263320,2263320,0,430550
100,2.17E+08,3.56E+06,2263322,2263322,0,439650
100,2.14E+08,3.57E+06,2263323,2263322,0,430550
100,2.07E+08,3.55E+06,2263328,2263327,0,400650
100,2.14E+08,3.58E+06,2263333,2263333,0,430550
100,2.14E+08,3.59E+06,2263335,2263335,0,430550
100,1.92E+08,4.01E+06,2263341,2263342,0,342450
100,2.14E+08,3.55E+06,2263345,2263342,0,430550
100,2.17E+08,3.65E+06,2263354,2263354,0,439650
100,2.17E+08,3.59E+06,2263357,2263357,0,439650
100,2.17E+08,3.54E+06,2263358,2263358,0,439650
100,2.02E+08,3.62E+06,2263359,2263359,0,384700
100,2.14E+08,3.61E+06,2263366,2263366,0,430550
100,2.17E+08,3.58E+06,2263370,2263370,0,439750
100,2.07E+08,3.81E+06,2263380,2263380,0,400750
100,2.14E+08,3.67E+06,2263381,2263381,0,430550
100,2.17E+08,3.55E+06,2263382,2263382,0,439650
100,1.99E+08,3.64E+06,2263383,2263383,0,372500
100,2.17E+08,3.81E+06,2263387,2263387,0,439650
100,1.99E+08,3.63E+06,2263389,2263389,0,372500
100,2.14E+08,3.54E+06,2263392,2263393,0,430550
100,2.14E+08,3.62E+06,2263393,2263393,0,430550
100,2.17E+08,3.56E+06,2263393,2263394,0,439750
100,2.17E+08,3.78E+06,2263408,2263410,0,439650
100,1.98E+08,4.17E+06,2263412,2263411,0,367050
100,1.99E+08,3.60E+06,2263416,2263416,0,372500
100,2.17E+08,3.55E+06,2263422,2263423,0,439650
100,2.14E+08,3.55E+06,2263425,2263425,0,430550
100,2.07E+08,3.56E+06,2263429,2263431,0,400650
100,2.01E+08,3.81E+06,2263433,2263433,0,382200
100,2.14E+08,3.60E+06,2263435,2263433,0,430550
100,2.14E+08,3.90E+06,2263446,2263446,0,430550
100,2.17E+08,3.61E+06,2263448,2263443,0,439750
100,1.99E+08,3.62E+06,2263453,2263453,0,369550
100,2.07E+08,3.54E+06,2263462,2263459,0,400650
100,2.17E+08,3.56E+06,2263465,2263464,0,439650
100,2.14E+08,3.57E+06,2263473,2263472,0,430550
100,1.99E+08,3.67E+06,2263475,2263475,0,369550
100,2.17E+08,3.92E+06,2263475,2263478,0,439750
100,1.99E+08,3.62E+06,2263477,2263477,0,369550
100,2.07E+08,3.56E+06,2263485,2263485,0,400650
100,2.02E+08,3.62E+06,2263486,2263486,0,384700
100,2.02E+08,3.62E+06,2263487,2263487,0,384700
100,2.14E+08,3.73E+06,2263488,2263487,0,430550
100,2.17E+08,3.54E+06,2263499,2263499,0,439650
100,2.07E+08,3.56E+06,2263501,2263503,0,400650
100,2.07E+08,3.56E+06,2263501,2263501,0,400750
100,2.14E+08,3.55E+06,2263508,2263509,0,430550
100,2.14E+08,3.56E+06,2263514,2263514,0,430550
100,2.17E+08,3.57E+06,2263517,2263515,0,439650
100,2.14E+08,3.54E+06,2263518,2263518,0,430550
100,2.14E+08,3.72E+06,2263520,2263520,0,430550
100,1.98E+08,3.62E+06,2263522,2263522,0,367450
100,2.14E+08,3.55E+06,2263523,2263525,0,430550
100,2.14E+08,3.68E+06,2263526,2263526,0,430550
100,2.17E+08,3.56E+06,2263526,2263524,0,439650
100,2.07E+08,3.55E+06,2263532,2263531,0,400750
100,2.17E+08,3.54E+06,2263537,2263537,0,439650
100,2.14E+08,3.62E+06,2263540,2263539,0,430550
100,2.14E+08,3.56E+06,2263542,2263542,0,430550
100,2.07E+08,3.54E+06,2263544,2263544,0,400650
100,2.14E+08,3.60E+06,2263544,2263544,0,430550
100,2.14E+08,3.54E+06,2263548,2263549,0,430550
100,2.17E+08,3.60E+06,2263548,2263548,0,439650
100,2.14E+08,3.54E+06,2263549,2263549,0,430550
100,2.17E+08,3.60E+06,2263553,2263553,0,439650
100,2.14E+08,3.54E+06,2263561,2263563,0,430550
100,1.99E+08,3.59E+06,2263562,2263564,0,369550
100,2.17E+08,3.56E+06,2263563,2263563,0,439650
100,2.02E+08,3.65E+06,2263564,2263564,0,384300
100,1.99E+08,3.69E+06,2263566,2263565,0,372500
100,2.17E+08,3.58E+06,2263568,2263566,0,439650
100,2.14E+08,3.56E+06,2263569,2263569,0,430550
100,2.17E+08,3.62E+06,2263571,2263575,0,439650
100,2.07E+08,3.55E+06,2263572,2263572,0,400750
100,2.17E+08,3.60E+06,2263573,2263567,0,439750
100,2.07E+08,3.86E+06,2263575,2263576,0,400750
100,2.14E+08,3.58E+06,2263575,2263575,0,430550
100,2.07E+08,3.56E+06,2263579,2263578,0,400650
100,2.14E+08,3.54E+06,2263579,2263579,0,430550
100,2.17E+08,3.58E+06,2263583,2263585,0,439650
100,2.02E+08,3.63E+06,2263590,2263590,0,384700
100,2.14E+08,3.64E+06,2263591,2263589,0,430550
100,2.14E+08,3.57E+06,2263592,2263592,0,430550
100,2.07E+08,3.56E+06,2263596,2263595,0,400750
100,2.17E+08,3.55E+06,2263599,2263601,0,439650
100,1.99E+08,3.55E+06,2263600,2263598,0,369550
100,2.14E+08,3.61E+06,2263601,2263601,0,430550
100,2.14E+08,3.56E+06,2263602,2263601,0,430550
100,2.14E+08,3.56E+06,2263603,2263603,0,430550
100,2.17E+08,3.57E+06,2263604,2263606,0,439650
100,2.17E+08,3.54E+06,2263607,2263606,0,439650
100,2.17E+08,3.54E+06,2263607,2263611,0,439750
100,2.17E+08,3.62E+06,2263614,2263614,0,439650
100,2.14E+08,3.54E+06,2263616,2263617,0,430550
100,2.14E+08,3.70E+06,2263623,2263621,0,430550
100,2.01E+08,3.66E+06,2263625,2263626,0,381050
100,2.17E+08,3.59E+06,2263626,2263626,0,439650
100,2.07E+08,3.55E+06,2263628,2263626,0,400750
100,2.14E+08,3.62E+06,2263629,2263629,0,430550
100,2.07E+08,3.56E+06,2263631,2263630,0,400750
100,2.14E+08,3.68E+06,2263643,2263644,0,430550
100,2.14E+08,3.56E+06,2263643,2263643,0,430550
100,2.17E+08,3.54E+06,2263656,2263656,0,439650
100,1.99E+08,3.60E+06,2263657,2263657,0,372500
100,2.17E+08,3.57E+06,2263659,2263657,0,439650
100,2.17E+08,3.54E+06,2263661,2263661,0,439750
100,2.14E+08,3.61E+06,2263662,2263662,0,430550
100,2.14E+08,3.58E+06,2263663,2263663,0,430550
100,2.02E+08,4.16E+06,2263672,2263674,0,385000
100,1.99E+08,3.59E+06,2263676,2263677,0,369550
100,2.02E+08,3.91E+06,2263677,2263678,0,384700
100,2.07E+08,3.55E+06,2263682,2263682,0,400650
100,2.14E+08,3.54E+06,2263684,2263684,0,430550
100,1.99E+08,3.61E+06,2263686,2263685,0,372500
100,2.14E+08,3.54E+06,2263688,2263686,0,430550
100,2.02E+08,3.63E+06,2263691,2263692,0,384700
100,2.14E+08,3.54E+06,2263694,2263693,0,430550
100,2.07E+08,3.54E+06,2263702,2263702,0,400650
100,2.14E+08,3.57E+06,2263703,2263705,0,430550
100,2.02E+08,3.71E+06,2263707,2263707,0,384700
100,2.14E+08,3.58E+06,2263713,2263712,0,430550
100,2.14E+08,3.63E+06,2263714,2263713,0,430550
100,2.07E+08,3.57E+06,2263715,2263715,0,400750
100,2.17E+08,3.61E+06,2263715,2263713,0,439750
100,2.17E+08,3.56E+06,2263719,2263719,0,439650
100,2.02E+08,3.64E+06,2263721,2263714,0,384700
100,2.14E+08,3.56E+06,2263721,2263719,0,430550
100,2.14E+08,3.56E+06,2263732,2263729,0,430550
100,2.14E+08,3.55E+06,2263732,2263732,0,430550
100,2.07E+08,3.56E+06,2263734,2263732,0,400650
100,2.17E+08,3.60E+06,2263736,2263739,0,439750
100,2.14E+08,3.56E+06,2263738,2263738,0,430550
100,2.17E+08,3.58E+06,2263747,2263747,0,439650
100,1.99E+08,3.72E+06,2263750,2263748,0,372500
100,2.14E+08,3.57E+06,2263754,2263754,0,430550
100,2.07E+08,3.57E+06,2263756,2263756,0,400750
100,2.14E+08,3.57E+06,2263761,2263759,0,430550
100,2.01E+08,3.72E+06,2263762,2263762,0,381050
100,2.17E+08,3.55E+06,2263762,2263765,0,439650
100,2.17E+08,3.56E+06,2263762,2263764,0,439750
100,2.17E+08,3.59E+06,2263769,2263769,0,439650
100,2.14E+08,3.56E+06,2263772,2263774,0,430550
100,2.17E+08,3.59E+06,2263780,2263780,0,439650
100,2.02E+08,3.74E+06,2263781,2263782,0,385300
100,2.14E+08,3.65E+06,2263782,2263781,0,430550
100,1.99E+08,3.63E+06,2263791,2263791,0,369550
100,2.02E+08,3.57E+06,2263797,2263798,0,384700
100,2.14E+08,3.54E+06,2263797,2263800,0,430550
100,2.07E+08,3.57E+06,2263806,2263806,0,400750
100,1.99E+08,3.61E+06,2263808,2263807,0,369550
100,2.02E+08,3.59E+06,2263810,2263810,0,384300
100,2.07E+08,3.57E+06,2263812,2263813,0,400750
100,2.17E+08,3.57E+06,2263820,2263820,0,439650
100,2.07E+08,3.55E+06,2263821,2263821,0,400750
100,2.17E+08,3.55E+06,2263823,2263823,0,439650
100,2.07E+08,3.54E+06,2263824,2263826,0,400650
100,2.07E+08,3.58E+06,2263826,2263826,0,400750
100,2.14E+08,3.60E+06,2263827,2263827,0,430550
100,1.99E+08,3.57E+06,2263830,2263830,0,369550
100,2.17E+08,3.63E+06,2263833,2263833,0,439650
100,2.14E+08,3.77E+06,2263842,2263842,0,430550
100,2.07E+08,3.57E+06,2263847,2263847,0,400750
100,2.07E+08,3.54E+06,2263849,2263851,0,400650
100,2.17E+08,3.55E+06,2263856,2263858,0,439650
100,2.17E+08,3.56E+06,2263862,2263860,0,439650
100,2.14E+08,3.60E+06,2263863,2263863,0,430550
100,2.07E+08,3.79E+06,2263871,2263871,0,400750
100,2.14E+08,3.68E+06,2263872,2263873,0,430550
100,2.07E+08,3.54E+06,2263873,2263874,0,400650
100,2.14E+08,3.56E+06,2263876,2263876,0,430550
100,2.14E+08,3.55E+06,2263879,2263876,0,430550
100,2.17E+08,3.59E+06,2263880,2263875,0,439750
100,2.17E+08,3.56E+06,2263884,2263884,0,439650
100,2.14E+08,3.55E+06,2263892,2263892,0,430550
100,2.14E+08,3.60E+06,2263898,2263898,0,430550
100,2.07E+08,3.55E+06,2263902,2263895,0,400750
100,2.14E+08,3.63E+06,2263902,2263902,0,430550
100,2.17E+08,3.59E+06,2263906,2263906,0,439650
100,2.14E+08,3.57E+06,2263907,2263907,0,430550
100,2.17E+08,3.55E+06,2263908,2263909,0,439750
100,2.14E+08,3.56E+06,2263912,2263912,0,430550
100,2.14E+08,3.54E+06,2263914,2263914,0,430550
100,2.17E+08,3.55E+06,2263925,2263925,0,439650
100,2.17E+08,3.58E+06,2263927,2263928,0,439650
100,2.07E+08,3.54E+06,2263958,2263958,0,400650
100,2.14E+08,3.55E+06,2263961,2263960,0,430550
100,2.02E+08,3.54E+06,2263966,2263968,0,384700
100,2.14E+08,3.54E+06,2263967,2263968,0,430550
100,2.02E+08,3.61E+06,2263980,2263980,0,384700
100,2.07E+08,3.55E+06,2263985,2263982,0,400650
100,1.99E+08,3.55E+06,2263991,2263991,0,369550
100,2.15E+08,3.79E+06,2263992,2263992,0,430550
100,2.17E+08,3.59E+06,2263999,2263998,0,439650
100,1.99E+08,3.77E+06,2264000,2264000,0,369550
100,2.02E+08,3.56E+06,2264000,2264000,0,384700
100,2.07E+08,3.56E+06,2264004,2264003,0,400750
100,2.15E+08,4.04E+06,2264005,2264007,0,430550
100,2.14E+08,3.55E+06,2264014,2264014,0,430550
100,2.02E+08,3.54E+06,2264018,2264017,0,384700
100,2.14E+08,3.68E+06,2264020,2264020,0,430550
100,1.99E+08,3.56E+06,2264021,2264021,0,372500
100,2.14E+08,3.60E+06,2264022,2264022,0,430550
100,2.14E+08,3.54E+06,2264023,2264022,0,430550
100,2.14E+08,3.56E+06,2264024,2264022,0,430550
100,2.17E+08,3.60E+06,2264024,2264023,0,439650
100,2.17E+08,3.81E+06,2264028,2264028,0,439650
100,2.17E+08,3.62E+06,2264032,2264030,0,439650
100,2.02E+08,3.74E+06,2264033,2264033,0,384700
100,2.14E+08,3.54E+06,2264035,2264035,0,430550
100,2.17E+08,3.55E+06,2264037,2264037,0,439650
100,2.02E+08,3.58E+06,2264039,2264038,0,384700
100,2.14E+08,3.56E+06,2264042,2264042,0,430550
100,2.14E+08,3.54E+06,2264062,2264056,0,430550
100,2.17E+08,3.56E+06,2264062,2264062,0,439650
100,2.07E+08,3.70E+06,2264063,2264063,0,399500
100,2.14E+08,3.62E+06,2264067,2264070,0,430550
100,2.14E+08,3.55E+06,2264069,2264071,0,430550
100,2.14E+08,3.68E+06,2264069,2264070,0,430550
100,2.14E+08,3.56E+06,2264080,2264080,0,430550
100,2.02E+08,3.72E+06,2264083,2264078,0,384700
100,2.02E+08,3.56E+06,2264083,2264082,0,384700
100,2.14E+08,3.58E+06,2264090,2264092,0,430550
100,2.14E+08,3.55E+06,2264090,2264088,0,430550
100,2.17E+08,3.60E+06,2264093,2264091,0,439650
100,2.07E+08,3.56E+06,2264094,2264095,0,400650
100,2.07E+08,3.58E+06,2264097,2264097,0,399500
100,1.89E+08,3.55E+06,2264104,2264103,0,338350
100,2.14E+08,3.57E+06,2264105,2264100,0,430550
100,2.17E+08,3.57E+06,2264105,2264104,0,439750
100,2.07E+08,3.56E+06,2264109,2264109,0,400650
100,2.14E+08,3.56E+06,2264112,2264114,0,430550
100,2.17E+08,3.83E+06,2264112,2264112,0,439650
100,2.14E+08,3.57E+06,2264114,2264114,0,430550
100,2.02E+08,3.55E+06,2264115,2264115,0,384300
100,2.17E+08,3.85E+06,2264119,2264119,0,439650
100,2.07E+08,3.58E+06,2264120,2264120,0,400750
100,2.17E+08,3.70E+06,2264123,2264118,0,439650
100,2.14E+08,3.59E+06,2264124,2264123,0,430550
100,1.99E+08,3.65E+06,2264127,2264129,0,372500
100,2.17E+08,3.57E+06,2264129,2264129,0,439650
100,2.07E+08,3.54E+06,2264135,2264135,0,400650
100,2.17E+08,3.63E+06,2264141,2264141,0,439650
100,2.17E+08,3.54E+06,2264141,2264142,0,439650
100,2.07E+08,3.58E+06,2264142,2264145,0,400750
100,2.17E+08,3.70E+06,2264144,2264144,0,439650
100,2.14E+08,3.54E+06,2264145,2264145,0,430550
100,2.07E+08,3.54E+06,2264147,2264139,0,400650
100,1.99E+08,4.15E+06,2264151,2264151,0,369550
100,2.02E+08,3.60E+06,2264153,2264154,0,384300
100,2.17E+08,3.54E+06,2264153,2264153,0,439650
100,2.07E+08,3.58E+06,2264156,2264156,0,400750
100,2.02E+08,3.62E+06,2264165,2264165,0,384700
100,2.17E+08,3.80E+06,2264165,2264165,0,439650
100,2.17E+08,3.55E+06,2264165,2264169,0,439650
100,2.14E+08,3.55E+06,2264168,2264168,0,430550
100,2.17E+08,3.55E+06,2264168,2264168,0,439650
100,2.07E+08,3.56E+06,2264170,2264167,0,400750
100,2.17E+08,3.55E+06,2264173,2264171,0,439750
100,2.14E+08,3.61E+06,2264174,2264174,0,430550
100,2.14E+08,3.55E+06,2264176,2264176,0,430550
100,2.14E+08,3.54E+06,2264179,2264179,0,430550
100,2.17E+08,3.65E+06,2264179,2264180,0,439650
100,2.17E+08,3.56E+06,2264181,2264180,0,439750
100,1.99E+08,3.61E+06,2264188,2264188,0,369550
100,2.14E+08,3.56E+06,2264192,2264192,0,430550
100,2.07E+08,3.55E+06,2264194,2264194,0,400750
100,2.17E+08,3.58E+06,2264197,2264197,0,439650
100,2.14E+08,3.55E+06,2264198,2264199,0,430550
100,2.14E+08,3.55E+06,2264199,2264199,0,430550
100,2.17E+08,3.63E+06,2264204,2264204,0,439650
100,2.14E+08,3.56E+06,2264207,2264203,0,430550
100,2.14E+08,3.71E+06,2264212,2264212,0,430550
100,2.17E+08,3.55E+06,2264212,2264212,0,439650
100,2.14E+08,3.55E+06,2264213,2264209,0,430550
100,2.07E+08,3.54E+06,2264214,2264214,0,400750
100,2.14E+08,3.55E+06,2264217,2264217,0,430550
100,2.14E+08,3.60E+06,2264223,2264226,0,430550
100,2.14E+08,3.55E+06,2264226,2264228,0,430550
100,2.17E+08,3.57E+06,2264230,2264228,0,439650
100,2.17E+08,3.55E+06,2264231,2264233,0,439650
100,1.99E+08,3.56E+06,2264232,2264232,0,372500
100,2.14E+08,3.54E+06,2264234,2264234,0,430550
100,2.17E+08,3.54E+06,2264242,2264242,0,439650
100,2.14E+08,3.67E+06,2264243,2264243,0,430550
100,2.07E+08,3.54E+06,2264250,2264250,0,400750
100,2.17E+08,3.63E+06,2264252,2264252,0,439650
100,2.07E+08,3.54E+06,2264253,2264255,0,400650
100,2.14E+08,3.56E+06,2264257,2264257,0,430550
100,2.14E+08,3.59E+06,2264258,2264258,0,430550
100,2.07E+08,3.58E+06,2264259,2264259,0,400650
100,2.14E+08,3.85E+06,2264267,2264267,0,430550
100,2.17E+08,3.62E+06,2264268,2264269,0,439650
100,2.02E+08,3.66E+06,2264269,2264269,0,385150
100,2.14E+08,3.62E+06,2264269,2264269,0,430550
100,2.07E+08,3.60E+06,2264271,2264271,0,400750
100,2.14E+08,3.59E+06,2264273,2264273,0,430550
100,2.04E+08,3.74E+06,2264281,2264280,0,389450
100,2.14E+08,3.64E+06,2264283,2264284,0,430550
100,2.07E+08,3.54E+06,2264290,2264289,0,400750
100,1.99E+08,3.66E+06,2264291,2264291,0,369550
100,2.17E+08,3.57E+06,2264297,2264297,0,439650
100,2.07E+08,3.57E+06,2264299,2264299,0,400650
100,2.14E+08,3.56E+06,2264305,2264305,0,430550
100,2.14E+08,3.54E+06,2264306,2264308,0,430550
100,2.17E+08,3.54E+06,2264307,2264307,0,439650
100,2.17E+08,3.55E+06,2264309,2264310,0,439650
100,2.17E+08,3.78E+06,2264310,2264309,0,439650
100,2.07E+08,3.63E+06,2264311,2264311,0,400750
100,2.14E+08,3.54E+06,2264314,2264314,0,430550
100,2.17E+08,3.60E+06,2264314,2264314,0,439650
100,2.17E+08,3.59E+06,2264323,2264324,0,439650
100,2.17E+08,3.56E+06,2264324,2264324,0,439750
100,2.17E+08,3.57E+06,2264326,2264326,0,439650
100,2.17E+08,3.56E+06,2264332,2264332,0,439650
100,2.17E+08,3.56E+06,2264342,2264339,0,439650
100,2.14E+08,3.56E+06,2264351,2264351,0,430550
100,2.17E+08,3.57E+06,2264355,2264355,0,439650
100,2.17E+08,3.57E+06,2264356,2264355,0,439650
100,2.17E+08,3.55E+06,2264357,2264357,0,439650
100,2.14E+08,4.06E+06,2264360,2264358,0,430550
100,2.14E+08,3.57E+06,2264364,2264364,0,430550
100,2.08E+08,3.77E+06,2264366,2264366,0,401600
100,2.05E+08,3.76E+06,2264368,2264367,0,392100
100,2.07E+08,3.58E+06,2264372,2264372,0,399500
100,2.07E+08,3.55E+06,2264372,2264372,0,400650
100,2.14E+08,3.57E+06,2264374,2264374,0,430550
100,1.99E+08,3.68E+06,2264375,2264375,0,372500
100,2.17E+08,3.57E+06,2264380,2264380,0,439650
100,2.07E+08,3.57E+06,2264381,2264381,0,400750
100,1.98E+08,3.84E+06,2264384,2264384,0,369450
100,2.17E+08,3.57E+06,2264384,2264387,0,439650
100,2.02E+08,3.75E+06,2264385,2264385,0,384700
100,2.17E+08,3.56E+06,2264385,2264384,0,439650
100,2.14E+08,3.54E+06,2264389,2264389,0,430550
100,2.07E+08,3.54E+06,2264394,2264391,0,400750
100,2.14E+08,3.56E+06,2264406,2264406,0,430550
100,2.14E+08,3.54E+06,2264410,2264411,0,430550
100,2.14E+08,3.54E+06,2264411,2264411,0,430550
100,2.17E+08,3.66E+06,2264411,2264411,0,439650
100,2.14E+08,3.57E+06,2264413,2264413,0,430550
100,2.07E+08,3.54E+06,2264417,2264417,0,400750
100,2.17E+08,3.54E+06,2264422,2264417,0,439650
100,2.17E+08,4.03E+06,2264426,2264426,0,439650
100,1.96E+08,3.83E+06,2264427,2264426,0,359600
100,2.17E+08,3.57E+06,2264428,2264428,0,439750
100,2.02E+08,3.77E+06,2264432,2264432,0,384700
100,2.17E+08,3.54E+06,2264433,2264433,0,439650
100,2.07E+08,3.56E+06,2264436,2264436,0,400750
100,2.07E+08,3.63E+06,2264436,2264436,0,400750
100,2.14E+08,3.55E+06,2264438,2264436,0,430550
100,1.99E+08,3.69E+06,2264440,2264440,0,372500
100,2.17E+08,3.55E+06,2264440,2264442,0,439650
100,2.14E+08,3.56E+06,2264445,2264445,0,430550
100,2.17E+08,3.56E+06,2264451,2264450,0,439650
100,2.14E+08,3.54E+06,2264461,2264461,0,430550
100,2.17E+08,3.56E+06,2264462,2264462,0,439750
100,2.17E+08,3.59E+06,2264467,2264466,0,439650
100,2.07E+08,3.55E+06,2264470,2264470,0,400650
100,2.17E+08,3.54E+06,2264470,2264470,0,439650
100,2.01E+08,3.97E+06,2264479,2264476,0,381050
100,1.99E+08,3.61E+06,2264486,2264485,0,372500
100,2.07E+08,3.54E+06,2264488,2264488,0,400750
100,2.07E+08,3.57E+06,2264489,2264490,0,400650
100,2.17E+08,3.55E+06,2264498,2264501,0,439650
100,2.14E+08,3.57E+06,2264503,2264503,0,430550
100,2.17E+08,3.59E+06,2264507,2264504,0,439750
100,1.99E+08,3.56E+06,2264511,2264509,0,372500
100,1.99E+08,3.54E+06,2264512,2264513,0,369550
100,2.15E+08,3.65E+06,2264514,2264514,0,430550
100,1.86E+08,3.88E+06,2264517,2264519,0,333100
100,2.17E+08,3.55E+06,2264517,2264517,0,439650
100,2.17E+08,3.54E+06,2264524,2264524,0,439650
100,2.14E+08,3.55E+06,2264525,2264527,0,430550
100,1.94E+08,3.66E+06,2264526,2264528,0,354950
100,2.14E+08,3.55E+06,2264528,2264527,0,430550
100,1.99E+08,3.60E+06,2264529,2264529,0,372500
100,2.07E+08,3.54E+06,2264532,2264532,0,400650
100,2.17E+08,3.54E+06,2264532,2264533,0,439650
100,2.14E+08,3.69E+06,2264535,2264526,0,430550
100,2.17E+08,3.56E+06,2264541,2264541,0,439650
100,2.17E+08,3.61E+06,2264550,2264548,0,439650
100,2.17E+08,3.59E+06,2264552,2264553,0,439650
100,2.17E+08,3.55E+06,2264554,2264558,0,439650
100,2.14E+08,3.56E+06,2264556,2264556,0,430550
100,2.14E+08,3.58E+06,2264570,2264566,0,430550
100,2.17E+08,3.57E+06,2264570,2264572,0,439650
100,2.07E+08,3.54E+06,2264571,2264571,0,400750
100,2.14E+08,3.56E+06,2264571,2264574,0,430550
100,2.14E+08,3.67E+06,2264572,2264571,0,430550
100,2.17E+08,3.56E+06,2264572,2264572,0,439650
100,2.14E+08,3.55E+06,2264576,2264575,0,430550
100,2.02E+08,3.57E+06,2264578,2264579,0,384700
100,2.17E+08,3.54E+06,2264581,2264581,0,439650
100,2.17E+08,3.55E+06,2264581,2264580,0,439750
100,2.14E+08,3.57E+06,2264587,2264583,0,430550
100,2.14E+08,3.59E+06,2264588,2264587,0,430550
100,2.02E+08,3.63E+06,2264591,2264591,0,384700
100,2.14E+08,3.57E+06,2264595,2264599,0,430550
100,2.17E+08,4.33E+06,2264596,2264595,0,438200
100,2.17E+08,3.56E+06,2264601,2264602,0,439650
100,2.02E+08,3.54E+06,2264604,2264604,0,384300
100,2.07E+08,3.54E+06,2264606,2264607,0,400650
100,2.17E+08,3.80E+06,2264606,2264608,0,439650
100,2.02E+08,3.59E+06,2264613,2264614,0,384700
100,2.17E+08,3.55E+06,2264613,2264613,0,439650
100,2.02E+08,3.97E+06,2264617,2264617,0,384700
100,1.99E+08,3.55E+06,2264628,2264628,0,369550
100,2.14E+08,3.54E+06,2264631,2264631,0,430550
100,2.14E+08,3.55E+06,2264632,2264632,0,430550
100,2.02E+08,3.58E+06,2264634,2264637,0,384700
100,2.07E+08,3.55E+06,2264635,2264631,0,400750
100,2.07E+08,3.55E+06,2264637,2264637,0,400650
100,2.07E+08,3.54E+06,2264637,2264635,0,400750
100,1.99E+08,3.63E+06,2264643,2264642,0,372500
100,2.17E+08,3.56E+06,2264643,2264646,0,439650
100,2.07E+08,3.73E+06,2264653,2264653,0,400750
100,2.07E+08,3.69E+06,2264655,2264655,0,400650
100,2.14E+08,3.54E+06,2264658,2264658,0,430550
100,2.14E+08,3.55E+06,2264664,2264663,0,430550
100,2.17E+08,3.56E+06,2264665,2264666,0,439650
100,2.07E+08,3.58E+06,2264666,2264666,0,400650
100,2.14E+08,3.58E+06,2264666,2264666,0,430550
100,2.14E+08,3.56E+06,2264667,2264669,0,430550
100,2.14E+08,3.58E+06,2264676,2264676,0,430550
100,1.99E+08,3.58E+06,2264681,2264681,0,369550
100,2.02E+08,3.62E+06,2264683,2264682,0,384700
100,2.17E+08,3.72E+06,2264683,2264680,0,439750
100,2.07E+08,3.56E+06,2264687,2264684,0,400650
100,2.02E+08,3.56E+06,2264692,2264694,0,384300
100,2.02E+08,3.57E+06,2264692,2264692,0,384300
100,2.17E+08,3.71E+06,2264692,2264692,0,438200
100,2.17E+08,3.55E+06,2264693,2264695,0,439650
100,2.07E+08,3.62E+06,2264694,2264693,0,400750
100,2.14E+08,3.62E+06,2264696,2264697,0,430550
100,1.99E+08,3.78E+06,2264697,2264698,0,372500
100,2.07E+08,3.54E+06,2264697,2264696,0,400650
100,2.14E+08,3.54E+06,2264697,2264695,0,430550
100,2.02E+08,3.85E+06,2264710,2264710,0,385150
100,2.07E+08,3.73E+06,2264710,2264708,0,400650
100,2.17E+08,3.58E+06,2264710,2264711,0,439750
100,2.02E+08,3.61E+06,2264716,2264714,0,384700
100,2.14E+08,3.64E+06,2264718,2264716,0,430550
100,2.14E+08,3.67E+06,2264721,2264721,0,430550
100,2.07E+08,3.64E+06,2264724,2264723,0,400650
100,2.02E+08,3.55E+06,2264726,2264726,0,384300
100,1.89E+08,3.68E+06,2264728,2264727,0,338350
100,2.14E+08,3.55E+06,2264729,2264729,0,430550
100,2.17E+08,3.56E+06,2264731,2264731,0,439750
100,2.17E+08,3.55E+06,2264738,2264738,0,439650
100,2.14E+08,3.58E+06,2264739,2264739,0,430550
100,2.14E+08,3.71E+06,2264739,2264738,0,430550
100,2.14E+08,3.55E+06,2264743,2264743,0,430550
100,1.99E+08,3.62E+06,2264748,2264749,0,372500
100,2.17E+08,3.57E+06,2264750,2264750,0,439650
100,2.02E+08,3.80E+06,2264751,2264751,0,384300
100,2.17E+08,3.55E+06,2264751,2264751,0,439650
100,2.07E+08,3.60E+06,2264753,2264752,0,400650
100,2.14E+08,3.59E+06,2264754,2264754,0,430550
100,2.07E+08,3.56E+06,2264756,2264756,0,400750
100,2.17E+08,3.73E+06,2264761,2264763,0,439750
100,2.14E+08,3.55E+06,2264765,2264765,0,430550
100,2.17E+08,3.55E+06,2264766,2264766,0,439650
100,2.02E+08,3.69E+06,2264769,2264768,0,384700
100,2.14E+08,3.54E+06,2264773,2264773,0,430550
100,2.17E+08,3.54E+06,2264774,2264774,0,439650
100,2.14E+08,4.00E+06,2264776,2264778,0,430550
100,1.98E+08,3.58E+06,2264782,2264782,0,367050
100,2.17E+08,3.56E+06,2264782,2264782,0,439650
100,2.17E+08,3.66E+06,2264784,2264784,0,439750
100,2.07E+08,3.57E+06,2264798,2264798,0,400750
100,2.14E+08,3.58E+06,2264799,2264800,0,430550
100,2.07E+08,3.56E+06,2264805,2264805,0,400750
100,2.17E+08,3.64E+06,2264812,2264812,0,439650
100,2.14E+08,3.55E+06,2264813,2264813,0,430550
100,2.14E+08,3.56E+06,2264815,2264814,0,430550
100,2.17E+08,3.58E+06,2264817,2264817,0,439650
100,2.07E+08,3.61E+06,2264818,2264818,0,400750
100,2.17E+08,3.54E+06,2264818,2264820,0,439650
100,2.17E+08,3.60E+06,2264820,2264819,0,439650
100,2.14E+08,3.55E+06,2264834,2264834,0,430550
100,2.17E+08,3.55E+06,2264834,2264831,0,439650
100,2.07E+08,3.56E+06,2264837,2264836,0,400750
100,2.07E+08,3.65E+06,2264839,2264839,0,399500
100,2.17E+08,3.77E+06,2264843,2264845,0,439750
100,2.14E+08,3.77E+06,2264847,2264849,0,430550
100,2.14E+08,3.62E+06,2264851,2264851,0,430550
100,2.07E+08,3.54E+06,2264854,2264854,0,400750
100,2.07E+08,3.55E+06,2264855,2264855,0,400650
100,2.17E+08,3.55E+06,2264859,2264861,0,439650
100,1.99E+08,3.65E+06,2264869,2264869,0,372500
100,2.07E+08,3.56E+06,2264869,2264869,0,400650
100,1.99E+08,3.67E+06,2264872,2264872,0,372500
100,2.07E+08,3.57E+06,2264872,2264872,0,400650
100,2.07E+08,3.55E+06,2264879,2264878,0,400750
100,2.07E+08,3.58E+06,2264883,2264883,0,400750
100,2.14E+08,3.55E+06,2264883,2264886,0,430550
100,2.17E+08,3.56E+06,2264886,2264886,0,439650
100,1.99E+08,3.83E+06,2264889,2264891,0,372500
100,2.02E+08,3.63E+06,2264889,2264889,0,384700
100,2.14E+08,3.55E+06,2264890,2264893,0,430550
100,2.17E+08,3.56E+06,2264893,2264893,0,439650
100,2.07E+08,3.55E+06,2264894,2264894,0,400750
100,2.14E+08,3.55E+06,2264895,2264895,0,430550
100,2.07E+08,3.56E+06,2264901,2264900,0,400650
100,2.17E+08,3.68E+06,2264903,2264903,0,439650
100,2.07E+08,3.58E+06,2264907,2264907,0,400750
100,2.17E+08,3.60E+06,2264911,2264911,0,439750
100,2.17E+08,3.61E+06,2264918,2264918,0,439650
100,2.07E+08,3.56E+06,2264919,2264920,0,400750
100,2.07E+08,3.54E+06,2264922,2264922,0,400650
100,2.17E+08,3.56E+06,2264925,2264926,0,439650
100,2.17E+08,3.66E+06,2264926,2264926,0,438200
100,2.07E+08,3.55E+06,2264929,2264929,0,400750
100,2.17E+08,3.57E+06,2264929,2264927,0,439650
100,2.17E+08,3.55E+06,2264929,2264929,0,439650
100,2.07E+08,3.73E+06,2264936,2264936,0,400750
100,2.17E+08,3.57E+06,2264937,2264936,0,439650
100,2.14E+08,3.54E+06,2264939,2264938,0,430550
100,2.14E+08,3.57E+06,2264940,2264941,0,430550
100,2.14E+08,3.64E+06,2264941,2264942,0,430550
100,2.07E+08,3.54E+06,2264948,2264949,0,399500
100,1.99E+08,3.70E+06,2264950,2264950,0,372500
100,2.17E+08,3.55E+06,2264958,2264957,0,439650
100,2.07E+08,3.66E+06,2264959,2264959,0,400650
100,2.07E+08,3.58E+06,2264961,2264961,0,400750
100,2.17E+08,3.59E+06,2264971,2264971,0,439650
100,2.14E+08,3.57E+06,2264972,2264968,0,430550
100,2.14E+08,3.56E+06,2264978,2264976,0,430550
100,2.02E+08,3.62E+06,2264981,2264981,0,384300
100,2.17E+08,3.56E+06,2264982,2264979,0,439750
100,2.17E+08,3.54E+06,2264983,2264983,0,439750
100,2.17E+08,3.62E+06,2264988,2264990,0,439650
100,1.99E+08,3.64E+06,2264989,2264986,0,372500
100,2.02E+08,3.54E+06,2264992,2264992,0,384700
100,2.14E+08,3.55E+06,2264992,2264990,0,430550
100,2.17E+08,3.58E+06,2264994,2264994,0,439750
100,2.07E+08,3.55E+06,2264998,2264997,0,400750
100,2.14E+08,3.60E+06,2264999,2265000,0,430550
100,2.14E+08,3.54E+06,2265007,2265005,0,430550
100,2.17E+08,3.57E+06,2265007,2265009,0,439650
100,1.99E+08,3.61E+06,2265011,2265011,0,369550
100,2.14E+08,3.54E+06,2265013,2265015,0,430550
100,2.14E+08,3.56E+06,2265025,2265025,0,430550
100,2.14E+08,3.55E+06,2265037,2265036,0,430550
100,1.99E+08,3.88E+06,2265040,2265040,0,372500
100,2.14E+08,3.54E+06,2265043,2265044,0,430550
100,2.14E+08,3.55E+06,2265044,2265046,0,430550
100,2.14E+08,3.68E+06,2265044,2265044,0,430550
100,2.17E+08,3.63E+06,2265045,2265046,0,439650
100,2.17E+08,3.82E+06,2265051,2265038,0,439650
100,2.07E+08,3.59E+06,2265052,2265051,0,400750
100,2.14E+08,3.54E+06,2265061,2265062,0,430550
100,2.17E+08,3.56E+06,2265065,2265065,0,439650
100,2.17E+08,3.59E+06,2265067,2265066,0,439650
100,2.14E+08,3.68E+06,2265075,2265076,0,430550
100,2.07E+08,3.54E+06,2265080,2265079,0,400650
100,2.07E+08,3.54E+06,2265080,2265081,0,400750
100,2.14E+08,3.55E+06,2265083,2265083,0,430550
100,2.07E+08,3.57E+06,2265084,2265084,0,400750
100,2.14E+08,3.55E+06,2265087,2265088,0,430550
100,2.14E+08,3.56E+06,2265090,2265088,0,430550
100,1.99E+08,3.62E+06,2265091,2265091,0,372500
100,2.17E+08,3.60E+06,2265091,2265090,0,439650
100,2.17E+08,3.62E+06,2265091,2265095,0,439650
100,2.07E+08,3.55E+06,2265094,2265092,0,400750
100,2.17E+08,3.55E+06,2265096,2265093,0,439650
100,2.17E+08,3.54E+06,2265103,2265103,0,439750
100,2.14E+08,3.57E+06,2265104,2265107,0,430550
100,2.14E+08,3.54E+06,2265106,2265107,0,430550
100,2.07E+08,3.87E+06,2265108,2265108,0,400750
100,2.02E+08,3.56E+06,2265110,2265109,0,384700
100,2.02E+08,3.58E+06,2265124,2265124,0,384700
100,2.02E+08,3.61E+06,2265125,2265124,0,384300
100,2.07E+08,3.58E+06,2265132,2265137,0,399500
100,2.07E+08,3.57E+06,2265135,2265135,0,400650
100,2.07E+08,3.55E+06,2265145,2265144,0,400650
100,2.14E+08,3.55E+06,2265148,2265145,0,430550
100,1.99E+08,3.56E+06,2265149,2265149,0,372500
100,2.02E+08,3.83E+06,2265149,2265149,0,385150
100,2.07E+08,3.55E+06,2265149,2265148,0,400650
100,2.17E+08,3.57E+06,2265152,2265152,0,439650
100,2.17E+08,3.63E+06,2265152,2265151,0,439750
100,2.17E+08,3.54E+06,2265153,2265153,0,439650
100,2.15E+08,3.83E+06,2265156,2265156,0,431000
100,2.17E+08,3.57E+06,2265157,2265157,0,439650
100,1.99E+08,3.60E+06,2265163,2265165,0,372500
100,2.17E+08,3.62E+06,2265166,2265166,0,439650
100,2.08E+08,3.71E+06,2265167,2265167,0,401600
100,2.14E+08,3.54E+06,2265167,2265167,0,430550
100,2.07E+08,3.57E+06,2265170,2265170,0,400750
100,1.99E+08,3.59E+06,2265173,2265173,0,369550
100,2.07E+08,3.68E+06,2265173,2265173,0,399500
100,2.14E+08,3.55E+06,2265190,2265186,0,430550
100,2.14E+08,3.55E+06,2265194,2265194,0,430550
100,2.14E+08,3.58E+06,2265195,2265197,0,430550
100,1.99E+08,3.57E+06,2265198,2265198,0,369550
100,1.99E+08,3.57E+06,2265201,2265203,0,372500
100,2.14E+08,3.56E+06,2265201,2265199,0,430550
100,2.07E+08,3.54E+06,2265204,2265206,0,400650
100,2.07E+08,3.59E+06,2265205,2265204,0,400750
100,2.14E+08,3.61E+06,2265207,2265207,0,430550
100,2.07E+08,3.54E+06,2265208,2265208,0,400650
100,2.17E+08,3.55E+06,2265208,2265212,0,439750
100,2.14E+08,3.54E+06,2265213,2265212,0,430550
100,2.17E+08,3.54E+06,2265213,2265212,0,439650
100,2.14E+08,3.54E+06,2265214,2265214,0,430550
100,2.07E+08,3.57E+06,2265215,2265215,0,400750
100,2.14E+08,3.55E+06,2265218,2265219,0,430550
100,2.14E+08,3.55E+06,2265219,2265218,0,430550
100,2.14E+08,3.56E+06,2265219,2265224,0,430550
100,2.14E+08,3.54E+06,2265222,2265222,0,430550
100,2.02E+08,3.58E+06,2265224,2265225,0,384300
100,2.07E+08,3.55E+06,2265227,2265230,0,400650
100,2.14E+08,3.55E+06,2265231,2265231,0,430550
100,1.89E+08,3.60E+06,2265232,2265231,0,338350
100,2.14E+08,3.54E+06,2265233,2265232,0,430550
100,2.07E+08,3.54E+06,2265239,2265238,0,400750
100,2.17E+08,3.63E+06,2265239,2265239,0,439650
100,2.07E+08,3.55E+06,2265240,2265241,0,400750
100,2.07E+08,3.55E+06,2265240,2265241,0,400750
100,2.14E+08,3.70E+06,2265240,2265240,0,430550
100,2.17E+08,3.54E+06,2265242,2265242,0,439650
100,2.02E+08,3.64E+06,2265245,2265243,0,384300
100,2.14E+08,3.60E+06,2265245,2265244,0,430550
100,2.17E+08,3.63E+06,2265245,2265245,0,439650
100,2.17E+08,3.57E+06,2265248,2265241,0,439650
100,2.14E+08,3.56E+06,2265249,2265247,0,430550
100,2.14E+08,3.60E+06,2265250,2265251,0,430550
100,1.99E+08,3.70E+06,2265254,2265254,0,369550
100,2.02E+08,3.57E+06,2265255,2265255,0,384700
100,2.14E+08,3.54E+06,2265256,2265256,0,430550
100,1.99E+08,3.54E+06,2265260,2265261,0,372500
100,2.14E+08,3.56E+06,2265264,2265263,0,430550
100,2.17E+08,3.56E+06,2265265,2265265,0,439650
100,2.14E+08,3.57E+06,2265270,2265270,0,430550
100,2.01E+08,3.81E+06,2265271,2265272,0,381050
100,2.14E+08,3.81E+06,2265275,2265275,0,430550
100,2.14E+08,3.60E+06,2265275,2265275,0,430550
100,2.07E+08,3.57E+06,2265283,2265278,0,400650
100,2.02E+08,3.60E+06,2265290,2265290,0,384300
100,2.07E+08,3.54E+06,2265294,2265295,0,400750
100,2.07E+08,3.55E+06,2265297,2265296,0,400750
100,2.01E+08,3.79E+06,2265300,2265301,0,382650
100,2.17E+08,3.57E+06,2265302,2265302,0,439650
100,2.14E+08,3.55E+06,2265306,2265306,0,430550
100,2.07E+08,3.55E+06,2265307,2265309,0,400750
100,2.07E+08,3.57E+06,2265309,2265309,0,400650
100,2.17E+08,3.56E+06,2265310,2265310,0,439650
100,2.17E+08,3.57E+06,2265312,2265312,0,439650
100,2.07E+08,3.57E+06,2265314,2265314,0,400750
100,2.17E+08,3.72E+06,2265314,2265314,0,439650
100,2.07E+08,3.54E+06,2265317,2265311,0,400650
100,2.17E+08,3.56E+06,2265319,2265319,0,439650
100,2.07E+08,3.55E+06,2265323,2265323,0,400650
100,2.07E+08,3.63E+06,2265324,2265324,0,399500
100,2.14E+08,3.85E+06,2265335,2265335,0,430550
100,2.07E+08,3.55E+06,2265345,2265345,0,400650
100,2.17E+08,3.57E+06,2265355,2265355,0,439650
100,2.02E+08,3.66E+06,2265356,2265356,0,384300
100,2.17E+08,3.58E+06,2265356,2265356,0,439650
100,2.02E+08,3.59E+06,2265358,2265361,0,384700
100,1.99E+08,3.63E+06,2265366,2265366,0,372500
100,2.02E+08,3.65E+06,2265367,2265367,0,384700
100,1.99E+08,3.81E+06,2265370,2265371,0,372500
100,2.17E+08,3.69E+06,2265378,2265378,0,439650
100,2.14E+08,3.54E+06,2265381,2265381,0,430550
100,2.02E+08,3.65E+06,2265383,2265383,0,384700
100,2.17E+08,3.55E+06,2265383,2265382,0,439750
100,2.14E+08,3.55E+06,2265388,2265388,0,430550
100,2.17E+08,3.55E+06,2265390,2265390,0,439750
100,2.02E+08,3.65E+06,2265394,2265397,0,384700
100,2.14E+08,3.59E+06,2265397,2265397,0,430550
100,2.01E+08,3.79E+06,2265400,2265400,0,381050
100,2.17E+08,3.63E+06,2265402,2265402,0,439650
100,2.17E+08,3.64E+06,2265408,2265408,0,439650
100,1.99E+08,3.57E+06,2265416,2265416,0,369550
100,1.99E+08,3.73E+06,2265417,2265417,0,369550
100,2.17E+08,3.54E+06,2265420,2265419,0,439650
100,2.07E+08,3.58E+06,2265423,2265422,0,400750
100,2.14E+08,3.56E+06,2265424,2265420,0,430550
100,2.14E+08,3.56E+06,2265425,2265425,0,430550
100,2.07E+08,3.69E+06,2265430,2265431,0,400750
100,1.99E+08,3.54E+06,2265435,2265431,0,369550
100,2.03E+08,3.75E+06,2265448,2265448,0,387100
100,2.17E+08,3.60E+06,2265450,2265450,0,439750
100,2.14E+08,3.56E+06,2265453,2265454,0,430550
100,2.17E+08,3.65E+06,2265453,2265453,0,439650
100,2.14E+08,3.54E+06,2265454,2265455,0,430550
100,2.14E+08,3.56E+06,2265457,2265456,0,430550
100,2.14E+08,3.71E+06,2265457,2265457,0,430550
100,2.07E+08,3.54E+06,2265469,2265470,0,400650
100,2.14E+08,3.55E+06,2265469,2265471,0,430550
100,2.14E+08,3.57E+06,2265473,2265476,0,430550
100,2.17E+08,3.61E+06,2265474,2265473,0,439650
100,2.14E+08,3.72E+06,2265475,2265467,0,430550
100,2.17E+08,3.71E+06,2265476,2265476,0,439650
100,2.07E+08,3.54E+06,2265480,2265480,0,400650
100,2.14E+08,3.56E+06,2265488,2265488,0,430550
100,2.14E+08,3.91E+06,2265492,2265491,0,430550
100,2.14E+08,3.57E+06,2265493,2265493,0,430550
100,2.14E+08,3.61E+06,2265497,2265497,0,430550
100,2.02E+08,3.60E+06,2265498,2265499,0,384700
100,1.99E+08,3.63E+06,2265501,2265500,0,372500
100,2.17E+08,3.54E+06,2265502,2265504,0,439650
100,2.14E+08,3.57E+06,2265503,2265503,0,430550
100,2.14E+08,3.64E+06,2265505,2265505,0,430550
100,2.17E+08,3.66E+06,2265506,2265506,0,439650
100,2.14E+08,3.57E+06,2265507,2265507,0,430550
100,2.02E+08,3.77E+06,2265513,2265514,0,385300
100,2.14E+08,3.67E+06,2265513,2265513,0,430550
100,1.99E+08,3.71E+06,2265517,2265517,0,369550
100,2.14E+08,3.55E+06,2265520,2265521,0,430550
100,2.14E+08,3.77E+06,2265525,2265524,0,430550
100,2.17E+08,3.54E+06,2265525,2265525,0,439650
100,2.17E+08,3.58E+06,2265526,2265526,0,439650
100,2.02E+08,3.61E+06,2265528,2265528,0,384300
100,2.14E+08,3.56E+06,2265543,2265541,0,430550
100,1.99E+08,3.54E+06,2265545,2265545,0,369550
100,2.07E+08,3.54E+06,2265546,2265546,0,400750
100,2.14E+08,3.54E+06,2265550,2265551,0,430550
100,2.17E+08,3.54E+06,2265567,2265567,0,439750
100,1.99E+08,3.61E+06,2265568,2265569,0,372500
100,2.14E+08,3.60E+06,2265576,2265576,0,430550
100,2.17E+08,3.60E+06,2265576,2265579,0,439650
100,1.99E+08,3.74E+06,2265579,2265579,0,369550
100,2.14E+08,3.59E+06,2265579,2265581,0,430550
100,2.14E+08,3.59E+06,2265584,2265583,0,430550
100,2.02E+08,3.63E+06,2265587,2265587,0,384700
100,2.14E+08,3.54E+06,2265587,2265586,0,430550
100,1.99E+08,3.95E+06,2265589,2265590,0,372500
100,2.07E+08,3.57E+06,2265590,2265587,0,400750
100,2.07E+08,3.54E+06,2265591,2265586,0,400650
100,2.07E+08,3.82E+06,2265594,2265594,0,399500
100,1.99E+08,3.64E+06,2265596,2265596,0,369550
100,2.02E+08,3.89E+06,2265600,2265601,0,385150
100,2.14E+08,3.82E+06,2265606,2265611,0,430550
100,2.17E+08,3.68E+06,2265618,2265618,0,439650
100,2.07E+08,3.54E+06,2265629,2265630,0,400750
100,2.17E+08,3.57E+06,2265629,2265628,0,439650
100,2.14E+08,3.56E+06,2265634,2265634,0,430550
100,2.07E+08,3.76E+06,2265636,2265637,0,400650
100,2.07E+08,3.61E+06,2265639,2265639,0,400650
100,2.07E+08,3.67E+06,2265644,2265644,0,400750
100,2.14E+08,3.55E+06,2265647,2265647,0,430550
100,2.14E+08,3.70E+06,2265649,2265649,0,430550
100,2.14E+08,3.61E+06,2265651,2265651,0,430550
100,2.07E+08,3.56E+06,2265656,2265656,0,400650
100,2.17E+08,3.61E+06,2265662,2265663,0,439650
100,2.17E+08,3.63E+06,2265665,2265665,0,438200
100,2.17E+08,3.55E+06,2265665,2265665,0,439650
100,2.07E+08,3.54E+06,2265666,2265666,0,400650
100,1.99E+08,3.57E+06,2265667,2265666,0,369550
100,2.14E+08,3.57E+06,2265673,2265673,0,430550
100,2.07E+08,3.56E+06,2265679,2265678,0,400650
100,1.98E+08,3.69E+06,2265685,2265683,0,367450
100,2.07E+08,3.54E+06,2265697,2265697,0,400750
100,2.14E+08,3.60E+06,2265700,2265701,0,430550
100,2.17E+08,3.57E+06,2265707,2265708,0,439750
100,2.17E+08,3.56E+06,2265708,2265705,0,439650
100,2.14E+08,3.55E+06,2265711,2265714,0,430550
100,2.07E+08,3.55E+06,2265723,2265720,0,400750
100,2.14E+08,3.65E+06,2265728,2265728,0,430550
100,2.14E+08,3.56E+06,2265728,2265724,0,430550
100,2.17E+08,3.74E+06,2265730,2265728,0,439650
100,2.14E+08,3.54E+06,2265736,2265736,0,430550
100,2.14E+08,3.55E+06,2265737,2265736,0,430550
100,1.99E+08,3.71E+06,2265739,2265739,0,369550
100,2.17E+08,3.56E+06,2265739,2265736,0,439650
100,2.14E+08,3.57E+06,2265741,2265740,0,430550
100,2.02E+08,3.58E+06,2265752,2265749,0,384700
100,2.14E+08,3.55E+06,2265753,2265753,0,430550
100,2.02E+08,3.61E+06,2265754,2265754,0,384700
100,2.07E+08,3.55E+06,2265760,2265760,0,400650
100,2.07E+08,3.56E+06,2265766,2265766,0,400750
100,2.14E+08,3.72E+06,2265769,2265767,0,430550
100,2.07E+08,3.58E+06,2265775,2265775,0,400750
100,2.14E+08,3.58E+06,2265778,2265778,0,430550
100,2.07E+08,3.63E+06,2265779,2265779,0,400650
100,2.17E+08,3.54E+06,2265779,2265779,0,439650
100,1.99E+08,3.61E+06,2265781,2265786,0,369550
100,2.14E+08,3.55E+06,2265782,2265781,0,430550
100,1.99E+08,3.63E+06,2265784,2265784,0,369550
100,2.14E+08,3.56E+06,2265788,2265789,0,430550
100,2.07E+08,3.54E+06,2265792,2265790,0,400650
100,2.17E+08,3.58E+06,2265793,2265797,0,439750
100,2.14E+08,3.71E+06,2265798,2265798,0,430550
100,2.07E+08,3.56E+06,2265805,2265805,0,400750
100,2.07E+08,3.56E+06,2265806,2265806,0,400650
100,1.99E+08,3.77E+06,2265810,2265813,0,372500
100,2.14E+08,3.66E+06,2265812,2265814,0,430550
100,2.14E+08,3.55E+06,2265814,2265814,0,430550
100,1.99E+08,3.57E+06,2265815,2265813,0,372500
100,2.14E+08,3.59E+06,2265815,2265815,0,430550
100,2.07E+08,3.54E+06,2265818,2265817,0,400650
100,2.14E+08,3.74E+06,2265818,2265817,0,430550
100,2.02E+08,3.69E+06,2265823,2265825,0,384700
100,2.17E+08,3.57E+06,2265823,2265823,0,439650
100,2.07E+08,3.56E+06,2265832,2265832,0,400650
100,2.07E+08,3.54E+06,2265833,2265833,0,400650
100,2.14E+08,3.54E+06,2265836,2265836,0,430550
100,1.99E+08,3.57E+06,2265838,2265837,0,369550
100,1.99E+08,3.65E+06,2265838,2265839,0,372500
100,2.17E+08,3.54E+06,2265843,2265843,0,439650
100,2.07E+08,3.57E+06,2265845,2265844,0,400750
100,2.07E+08,3.56E+06,2265848,2265847,0,400750
100,2.17E+08,3.55E+06,2265848,2265849,0,439650
100,2.17E+08,3.56E+06,2265853,2265853,0,438200
100,2.17E+08,3.59E+06,2265866,2265866,0,438200
100,2.17E+08,3.61E+06,2265866,2265858,0,439750
100,2.14E+08,3.55E+06,2265868,2265865,0,430550
100,2.07E+08,3.56E+06,2265872,2265870,0,400750
100,2.17E+08,3.55E+06,2265882,2265884,0,439750
100,2.14E+08,3.56E+06,2265892,2265892,0,430550
100,2.17E+08,3.57E+06,2265903,2265901,0,439650
100,2.07E+08,3.60E+06,2265904,2265904,0,400750
100,2.07E+08,3.60E+06,2265905,2265906,0,400650
100,2.14E+08,3.57E+06,2265907,2265907,0,430550
100,2.07E+08,3.58E+06,2265909,2265909,0,400650
100,2.14E+08,3.66E+06,2265912,2265912,0,430550
100,1.99E+08,3.59E+06,2265922,2265922,0,372500
100,2.07E+08,3.61E+06,2265922,2265923,0,400750
100,2.17E+08,3.57E+06,2265934,2265934,0,438200
100,2.14E+08,3.56E+06,2265937,2265937,0,430550
100,1.99E+08,3.55E+06,2265938,2265939,0,369550
100,2.14E+08,3.59E+06,2265942,2265942,0,430550
100,1.99E+08,3.67E+06,2265944,2265944,0,372500
100,2.14E+08,3.58E+06,2265947,2265949,0,430550
100,2.07E+08,3.56E+06,2265955,2265957,0,400650
100,1.99E+08,3.84E+06,2265956,2265955,0,372500
100,2.07E+08,3.56E+06,2265958,2265958,0,400750
100,2.17E+08,3.55E+06,2265961,2265960,0,439650
100,2.17E+08,3.55E+06,2265975,2265974,0,439650
100,2.15E+08,3.76E+06,2265976,2265976,0,430550
100,2.17E+08,3.57E+06,2265976,2265976,0,439650
100,2.14E+08,3.54E+06,2265978,2265978,0,430550
100,2.07E+08,3.55E+06,2265983,2265983,0,400650
100,2.14E+08,3.54E+06,2265987,2265987,0,430550
100,2.14E+08,3.59E+06,2265991,2265991,0,430550
100,2.07E+08,3.54E+06,2265992,2265992,0,400650
100,2.17E+08,3.55E+06,2266004,2266005,0,439750
100,2.07E+08,3.56E+06,2266005,2266005,0,400650
100,2.15E+08,3.70E+06,2266007,2266008,0,430550
100,1.98E+08,3.62E+06,2266010,2266009,0,367450
100,2.14E+08,3.54E+06,2266015,2266013,0,430550
100,2.02E+08,3.54E+06,2266026,2266022,0,384300
100,2.02E+08,3.56E+06,2266028,2266027,0,384700
100,2.17E+08,3.57E+06,2266030,2266029,0,439650
100,2.02E+08,3.54E+06,2266032,2266036,0,384300
100,2.02E+08,3.59E+06,2266037,2266037,0,384700
100,2.17E+08,3.56E+06,2266041,2266041,0,439750
100,2.02E+08,3.85E+06,2266049,2266049,0,384700
100,2.02E+08,3.68E+06,2266050,2266048,0,384700
100,2.17E+08,3.74E+06,2266054,2266054,0,439650
100,2.17E+08,3.58E+06,2266061,2266061,0,439650
100,2.17E+08,3.56E+06,2266063,2266063,0,439650
100,2.17E+08,3.82E+06,2266063,2266064,0,439750
100,2.17E+08,3.56E+06,2266065,2266067,0,439650
100,2.14E+08,3.57E+06,2266067,2266067,0,430550
100,2.17E+08,3.54E+06,2266070,2266069,0,439650
100,2.17E+08,3.58E+06,2266074,2266073,0,439650
100,2.07E+08,3.56E+06,2266075,2266074,0,400750
100,2.17E+08,3.89E+06,2266076,2266076,0,439650
100,2.14E+08,3.56E+06,2266079,2266080,0,430550
100,2.17E+08,3.54E+06,2266081,2266080,0,439650
100,2.14E+08,3.70E+06,2266083,2266082,0,430550
100,2.17E+08,3.55E+06,2266083,2266083,0,439750
100,2.02E+08,3.61E+06,2266084,2266085,0,384700
100,2.17E+08,3.62E+06,2266086,2266086,0,439650
100,2.17E+08,3.57E+06,2266089,2266089,0,439650
100,2.02E+08,3.62E+06,2266094,2266094,0,384700
100,2.17E+08,3.75E+06,2266098,2266092,0,439650
100,1.96E+08,3.73E+06,2266113,2266113,0,359600
100,2.14E+08,3.62E+06,2266118,2266118,0,430550
100,2.17E+08,3.57E+06,2266120,2266119,0,439750
100,2.02E+08,3.65E+06,2266121,2266121,0,384300
100,2.17E+08,3.54E+06,2266122,2266124,0,439650
100,1.95E+08,4.10E+06,2266123,2266123,0,358400
100,2.01E+08,3.95E+06,2266124,2266124,0,381050
100,2.07E+08,3.55E+06,2266124,2266124,0,400650
100,2.02E+08,3.73E+06,2266126,2266126,0,385000
100,2.17E+08,3.63E+06,2266129,2266132,0,439650
100,2.14E+08,3.54E+06,2266141,2266141,0,430550
100,2.14E+08,3.67E+06,2266143,2266143,0,430550
100,2.02E+08,3.72E+06,2266147,2266146,0,384700
100,2.02E+08,3.63E+06,2266149,2266150,0,384700
100,2.07E+08,3.55E+06,2266151,2266151,0,400750
100,2.07E+08,3.54E+06,2266161,2266161,0,400650
100,2.02E+08,3.60E+06,2266163,2266163,0,384700
100,1.99E+08,4.13E+06,2266165,2266165,0,369450
100,2.14E+08,3.55E+06,2266171,2266171,0,430550
100,2.17E+08,3.54E+06,2266172,2266172,0,438200
100,2.02E+08,3.77E+06,2266174,2266172,0,384700
100,2.07E+08,3.66E+06,2266174,2266174,0,399500
100,2.14E+08,3.58E+06,2266178,2266178,0,430550
100,2.17E+08,3.58E+06,2266182,2266185,0,439650
100,2.02E+08,3.59E+06,2266187,2266182,0,384700
100,2.02E+08,3.81E+06,2266189,2266189,0,384700
100,2.14E+08,3.60E+06,2266194,2266195,0,430550
100,2.14E+08,3.57E+06,2266196,2266196,0,430550
100,1.99E+08,3.56E+06,2266200,2266201,0,372500
100,2.14E+08,3.54E+06,2266204,2266205,0,430550
100,2.17E+08,3.69E+06,2266204,2266204,0,439650
100,2.17E+08,3.55E+06,2266207,2266212,0,439650
100,2.07E+08,3.54E+06,2266208,2266210,0,400650
100,2.17E+08,3.91E+06,2266210,2266210,0,438200
100,2.08E+08,3.56E+06,2266212,2266212,0,401600
100,2.14E+08,3.57E+06,2266214,2266215,0,430550
100,1.99E+08,3.93E+06,2266223,2266224,0,372500
100,2.17E+08,3.85E+06,2266223,2266223,0,438200
100,2.07E+08,3.54E+06,2266229,2266229,0,400650
100,2.14E+08,3.61E+06,2266231,2266231,0,430550
100,2.17E+08,3.55E+06,2266234,2266233,0,439650
100,2.07E+08,3.54E+06,2266239,2266240,0,400750
100,2.07E+08,3.55E+06,2266240,2266240,0,400650
100,2.17E+08,3.56E+06,2266241,2266246,0,439650
100,2.07E+08,3.56E+06,2266242,2266243,0,400750
100,2.17E+08,3.70E+06,2266244,2266244,0,439650
100,2.17E+08,3.73E+06,2266246,2266246,0,439750
100,2.14E+08,3.55E+06,2266249,2266249,0,430550
100,1.99E+08,3.82E+06,2266259,2266258,0,372500
100,2.07E+08,3.55E+06,2266262,2266261,0,400650
100,2.17E+08,3.57E+06,2266263,2266262,0,439750
100,2.14E+08,3.59E+06,2266266,2266266,0,430550
100,2.17E+08,3.55E+06,2266273,2266273,0,439650
100,2.02E+08,3.57E+06,2266274,2266274,0,384700
100,1.99E+08,3.69E+06,2266277,2266278,0,369450
100,1.99E+08,3.58E+06,2266277,2266277,0,372500
100,2.14E+08,3.66E+06,2266278,2266278,0,430550
100,1.99E+08,3.61E+06,2266281,2266281,0,372500
100,2.14E+08,3.72E+06,2266285,2266285,0,430550
100,2.17E+08,3.64E+06,2266288,2266288,0,439750
100,2.17E+08,3.54E+06,2266289,2266289,0,439650
100,1.99E+08,3.62E+06,2266290,2266291,0,372500
100,2.17E+08,3.58E+06,2266291,2266293,0,439650
100,1.99E+08,3.60E+06,2266294,2266294,0,369550
100,2.17E+08,3.56E+06,2266294,2266294,0,439650
100,1.99E+08,3.54E+06,2266296,2266295,0,372500
100,2.17E+08,3.55E+06,2266297,2266297,0,439650
100,2.14E+08,3.57E+06,2266298,2266297,0,430550
100,2.14E+08,3.62E+06,2266303,2266300,0,430550
100,2.14E+08,3.55E+06,2266314,2266314,0,430550
100,2.07E+08,3.56E+06,2266315,2266315,0,400650
100,2.17E+08,3.56E+06,2266316,2266316,0,439750
100,2.07E+08,3.56E+06,2266317,2266315,0,400650
100,2.15E+08,4.42E+06,2266319,2266319,0,431200
100,2.07E+08,3.56E+06,2266320,2266320,0,400650
100,1.99E+08,3.60E+06,2266324,2266324,0,372500
100,1.98E+08,3.73E+06,2266327,2266327,0,367050
100,2.07E+08,3.54E+06,2266327,2266327,0,400750
100,1.99E+08,3.62E+06,2266334,2266337,0,372500
100,1.99E+08,3.60E+06,2266340,2266340,0,369550
100,2.17E+08,3.61E+06,2266340,2266341,0,439650
100,1.99E+08,3.63E+06,2266342,2266342,0,369550
100,2.01E+08,3.76E+06,2266351,2266351,0,382650
100,2.14E+08,3.56E+06,2266351,2266351,0,430550
100,2.07E+08,3.54E+06,2266357,2266357,0,400750
100,2.07E+08,3.59E+06,2266361,2266361,0,400750
100,2.07E+08,3.55E+06,2266363,2266363,0,400650
100,2.17E+08,3.57E+06,2266366,2266366,0,439650
100,2.07E+08,3.88E+06,2266375,2266374,0,400750
100,2.14E+08,3.59E+06,2266379,2266377,0,430550
100,2.14E+08,3.57E+06,2266387,2266386,0,430550
100,2.17E+08,3.58E+06,2266393,2266392,0,439650
100,2.07E+08,3.55E+06,2266397,2266396,0,400750
100,2.02E+08,3.56E+06,2266405,2266404,0,384700
100,2.17E+08,3.54E+06,2266408,2266408,0,439650
100,1.99E+08,3.56E+06,2266409,2266408,0,372500
100,2.02E+08,3.65E+06,2266410,2266411,0,384300
100,2.02E+08,3.85E+06,2266410,2266410,0,384700
100,1.99E+08,3.58E+06,2266413,2266411,0,369550
100,2.07E+08,3.55E+06,2266413,2266413,0,400750
100,2.17E+08,3.58E+06,2266415,2266415,0,439650
100,1.99E+08,3.66E+06,2266417,2266416,0,372500
100,2.02E+08,3.56E+06,2266418,2266418,0,384300
100,1.99E+08,3.60E+06,2266420,2266420,0,372500
100,2.14E+08,3.68E+06,2266421,2266425,0,430550
100,1.99E+08,3.66E+06,2266429,2266427,0,372500
100,2.07E+08,3.97E+06,2266443,2266443,0,399650
100,2.17E+08,3.75E+06,2266443,2266442,0,439650
100,2.17E+08,3.58E+06,2266448,2266448,0,439650
100,2.02E+08,3.70E+06,2266453,2266452,0,384700
100,2.14E+08,3.58E+06,2266457,2266456,0,430550
100,2.17E+08,3.54E+06,2266458,2266458,0,439650
100,2.17E+08,3.62E+06,2266460,2266460,0,439650
100,2.14E+08,3.55E+06,2266462,2266462,0,430550
100,2.14E+08,3.54E+06,2266465,2266466,0,430550
100,2.17E+08,3.55E+06,2266465,2266465,0,439650
100,2.14E+08,3.59E+06,2266466,2266467,0,430550
100,2.07E+08,3.55E+06,2266469,2266469,0,400750
100,2.02E+08,3.63E+06,2266471,2266474,0,384700
100,2.17E+08,3.55E+06,2266471,2266471,0,439750
100,2.17E+08,3.57E+06,2266473,2266473,0,439650
100,2.14E+08,3.54E+06,2266482,2266480,0,430550
100,2.07E+08,3.55E+06,2266491,2266491,0,400650
100,1.99E+08,3.56E+06,2266493,2266494,0,372500
100,2.03E+08,3.80E+06,2266506,2266508,0,387100
100,1.99E+08,3.60E+06,2266511,2266511,0,372500
100,2.07E+08,3.55E+06,2266511,2266510,0,400750
100,2.07E+08,3.55E+06,2266521,2266520,0,400650
100,2.14E+08,3.54E+06,2266521,2266521,0,430550
100,2.07E+08,3.55E+06,2266522,2266521,0,400750
100,2.17E+08,3.54E+06,2266530,2266530,0,439750
100,2.14E+08,3.57E+06,2266533,2266534,0,430550
100,1.99E+08,3.63E+06,2266539,2266539,0,372500
100,2.07E+08,3.59E+06,2266539,2266540,0,400650
100,1.99E+08,3.78E+06,2266542,2266541,0,372500
100,2.17E+08,3.65E+06,2266544,2266544,0,439650
100,2.17E+08,3.54E+06,2266549,2266551,0,439750
100,2.17E+08,3.55E+06,2266552,2266547,0,439650
100,2.02E+08,3.63E+06,2266558,2266560,0,384300
100,2.07E+08,3.54E+06,2266558,2266559,0,400750
100,2.07E+08,3.58E+06,2266560,2266557,0,400750
100,2.14E+08,3.58E+06,2266560,2266561,0,430550
100,2.14E+08,3.62E+06,2266560,2266560,0,430550
100,2.07E+08,3.60E+06,2266561,2266561,0,400750
100,2.07E+08,3.58E+06,2266564,2266562,0,400650
100,2.07E+08,3.65E+06,2266566,2266567,0,400750
100,2.17E+08,3.55E+06,2266571,2266569,0,439650
100,2.14E+08,3.56E+06,2266576,2266576,0,430550
100,1.99E+08,3.63E+06,2266578,2266580,0,369550
100,2.14E+08,3.61E+06,2266582,2266583,0,430550
100,2.17E+08,3.57E+06,2266584,2266583,0,439650
100,2.01E+08,3.86E+06,2266589,2266592,0,382650
100,2.17E+08,3.56E+06,2266590,2266590,0,439650
100,2.17E+08,3.66E+06,2266591,2266591,0,439650
100,2.17E+08,3.55E+06,2266591,2266588,0,439650
100,2.17E+08,3.66E+06,2266593,2266593,0,439650
100,2.14E+08,3.54E+06,2266594,2266595,0,430550
100,2.14E+08,3.86E+06,2266600,2266596,0,430550
100,2.14E+08,3.55E+06,2266609,2266610,0,430550
100,2.14E+08,3.54E+06,2266611,2266610,0,430550
100,2.14E+08,3.56E+06,2266612,2266612,0,430550
100,2.14E+08,3.62E+06,2266615,2266615,0,430550
100,2.17E+08,3.67E+06,2266616,2266616,0,439650
100,2.07E+08,3.54E+06,2266620,2266619,0,400650
100,2.02E+08,3.68E+06,2266627,2266627,0,384700
100,2.07E+08,3.57E+06,2266628,2266628,0,400750
100,2.08E+08,4.17E+06,2266639,2266640,0,401600
100,2.14E+08,3.54E+06,2266643,2266646,0,430550
100,2.02E+08,3.60E+06,2266645,2266644,0,384700
100,2.14E+08,3.57E+06,2266648,2266649,0,430550
100,2.14E+08,3.85E+06,2266650,2266650,0,430550
100,2.02E+08,3.67E+06,2266653,2266653,0,384300
100,2.14E+08,3.59E+06,2266665,2266666,0,430550
100,2.07E+08,3.56E+06,2266666,2266666,0,400750
100,2.17E+08,3.89E+06,2266674,2266671,0,439750
100,2.17E+08,3.55E+06,2266675,2266675,0,439750
100,2.14E+08,3.55E+06,2266678,2266679,0,430550
100,2.07E+08,3.54E+06,2266683,2266675,0,400650
100,2.07E+08,3.55E+06,2266685,2266686,0,400650
100,2.14E+08,3.77E+06,2266685,2266684,0,430550
100,1.99E+08,3.56E+06,2266687,2266686,0,372500
100,2.17E+08,3.58E+06,2266694,2266694,0,439650
100,2.14E+08,3.57E+06,2266711,2266711,0,430550
100,2.02E+08,3.57E+06,2266717,2266717,0,384300
100,2.17E+08,3.56E+06,2266717,2266717,0,439750
100,2.07E+08,3.56E+06,2266739,2266736,0,400650
100,2.14E+08,3.59E+06,2266741,2266741,0,430550
100,2.07E+08,3.55E+06,2266744,2266745,0,399500
100,2.02E+08,3.77E+06,2266751,2266751,0,384300
100,2.17E+08,3.55E+06,2266756,2266756,0,439750
100,2.17E+08,3.54E+06,2266757,2266756,0,439750
100,1.99E+08,3.55E+06,2266758,2266758,0,369550
100,2.14E+08,3.66E+06,2266758,2266758,0,430550
100,1.99E+08,3.90E+06,2266759,2266760,0,372500
100,2.17E+08,3.56E+06,2266763,2266759,0,439650
100,2.07E+08,3.54E+06,2266766,2266762,0,400650
100,2.17E+08,3.61E+06,2266767,2266768,0,439750
100,2.07E+08,3.55E+06,2266773,2266773,0,400650
100,2.07E+08,3.56E+06,2266776,2266777,0,400750
100,2.17E+08,3.68E+06,2266776,2266776,0,439750
100,2.17E+08,3.62E+06,2266787,2266787,0,439650
100,2.07E+08,3.94E+06,2266788,2266786,0,400750
100,2.17E+08,3.56E+06,2266792,2266793,0,439650
100,2.07E+08,3.54E+06,2266794,2266795,0,400650
100,2.14E+08,3.56E+06,2266795,2266795,0,430550
100,2.02E+08,3.59E+06,2266800,2266799,0,384700
100,2.14E+08,3.56E+06,2266800,2266800,0,430550
100,2.07E+08,3.55E+06,2266802,2266802,0,400750
100,1.99E+08,3.74E+06,2266804,2266807,0,369450
100,2.17E+08,3.61E+06,2266804,2266803,0,439650
100,2.14E+08,3.56E+06,2266805,2266798,0,430550
100,2.14E+08,3.92E+06,2266807,2266807,0,430550
100,2.14E+08,3.61E+06,2266808,2266808,0,430550
100,2.17E+08,3.59E+06,2266814,2266813,0,439750
100,2.07E+08,3.56E+06,2266817,2266817,0,400750
100,2.17E+08,3.54E+06,2266820,2266820,0,439650
100,2.14E+08,3.58E+06,2266821,2266819,0,430550
100,2.02E+08,3.57E+06,2266825,2266826,0,384700
100,2.02E+08,3.57E+06,2266825,2266826,0,384700
100,2.14E+08,3.59E+06,2266826,2266828,0,430550
100,2.02E+08,3.55E+06,2266829,2266829,0,384700
100,1.99E+08,3.67E+06,2266838,2266838,0,372500
100,2.02E+08,3.67E+06,2266843,2266842,0,384700
100,2.14E+08,3.58E+06,2266843,2266844,0,430550
100,1.99E+08,3.56E+06,2266847,2266849,0,369550
100,2.07E+08,3.54E+06,2266848,2266848,0,400750
100,2.14E+08,3.55E+06,2266850,2266852,0,430550
100,2.17E+08,3.66E+06,2266855,2266855,0,439650
100,2.14E+08,3.56E+06,2266856,2266857,0,430550
100,2.14E+08,3.58E+06,2266860,2266861,0,430550
100,2.14E+08,3.64E+06,2266861,2266861,0,430550
100,2.14E+08,3.57E+06,2266863,2266856,0,430550
100,2.14E+08,3.54E+06,2266863,2266863,0,430550
100,2.07E+08,3.68E+06,2266877,2266877,0,400650
100,2.17E+08,3.57E+06,2266887,2266885,0,439750
100,2.02E+08,4.08E+06,2266889,2266889,0,385150
100,2.07E+08,3.57E+06,2266894,2266895,0,400650
100,2.17E+08,3.66E+06,2266899,2266899,0,439650
100,1.99E+08,3.70E+06,2266901,2266895,0,372500
100,2.08E+08,4.05E+06,2266907,2266904,0,401600
100,1.99E+08,3.64E+06,2266908,2266908,0,372500
100,2.14E+08,3.57E+06,2266912,2266911,0,430550
100,2.14E+08,3.55E+06,2266913,2266913,0,430550
100,2.07E+08,3.55E+06,2266915,2266911,0,400650
100,2.14E+08,3.54E+06,2266922,2266921,0,430550
100,2.14E+08,3.72E+06,2266922,2266921,0,430550
100,1.99E+08,3.57E+06,2266925,2266924,0,369550
100,2.07E+08,3.54E+06,2266931,2266934,0,400750
100,2.14E+08,3.56E+06,2266931,2266932,0,430550
100,2.17E+08,3.54E+06,2266931,2266933,0,439650
100,2.02E+08,3.57E+06,2266936,2266935,0,384700
100,2.05E+08,4.01E+06,2266943,2266943,0,396450
100,2.14E+08,3.74E+06,2266943,2266943,0,430550
100,2.17E+08,3.57E+06,2266947,2266947,0,439650
100,2.17E+08,3.54E+06,2266948,2266948,0,439650
100,2.07E+08,3.68E+06,2266951,2266951,0,400650
100,2.17E+08,3.55E+06,2266953,2266953,0,439650
100,2.07E+08,3.65E+06,2266954,2266955,0,399500
100,2.14E+08,3.56E+06,2266956,2266956,0,430550
100,2.14E+08,3.67E+06,2266961,2266960,0,430550
100,2.07E+08,3.54E+06,2266962,2266959,0,400750
100,2.17E+08,3.66E+06,2266965,2266965,0,439650
100,2.02E+08,3.64E+06,2266967,2266967,0,384300
100,2.07E+08,3.62E+06,2266974,2266974,0,400750
100,2.02E+08,3.59E+06,2266980,2266980,0,384700
100,2.07E+08,3.69E+06,2266982,2266984,0,400650
100,2.07E+08,3.59E+06,2266982,2266983,0,400650
100,2.02E+08,3.59E+06,2266983,2266983,0,384700
100,2.01E+08,3.93E+06,2266986,2266986,0,381050
100,2.17E+08,3.63E+06,2266992,2266992,0,439650
100,2.14E+08,3.54E+06,2266993,2266991,0,430550
100,1.99E+08,3.67E+06,2266997,2266997,0,372500
100,2.07E+08,3.54E+06,2266997,2266996,0,400650
100,2.07E+08,3.56E+06,2267002,2267000,0,400650
100,2.01E+08,3.76E+06,2267005,2267007,0,382200
100,2.14E+08,3.66E+06,2267005,2267005,0,430550
100,2.17E+08,3.56E+06,2267006,2267003,0,439650
100,2.07E+08,3.54E+06,2267007,2267004,0,400650
100,2.14E+08,3.56E+06,2267008,2267011,0,430550
100,2.14E+08,3.56E+06,2267010,2267010,0,430550
100,2.17E+08,3.56E+06,2267011,2267011,0,439750
100,2.03E+08,3.69E+06,2267012,2267012,0,387100
100,2.14E+08,3.57E+06,2267012,2267011,0,430550
100,2.14E+08,3.55E+06,2267012,2267011,0,430550
100,2.07E+08,3.60E+06,2267013,2267013,0,400650
100,2.07E+08,3.55E+06,2267018,2267018,0,400750
100,2.14E+08,3.74E+06,2267019,2267019,0,430550
100,2.14E+08,3.56E+06,2267020,2267020,0,430550
100,2.02E+08,3.57E+06,2267021,2267023,0,384700
100,2.14E+08,3.58E+06,2267023,2267023,0,430550
100,2.14E+08,3.59E+06,2267024,2267025,0,430550
100,2.14E+08,3.80E+06,2267026,2267025,0,430550
100,1.99E+08,3.56E+06,2267028,2267026,0,372500
100,1.99E+08,3.65E+06,2267033,2267034,0,369550
100,2.17E+08,3.66E+06,2267038,2267039,0,439650
100,2.14E+08,3.54E+06,2267048,2267047,0,430550
100,2.17E+08,3.59E+06,2267052,2267050,0,439750
100,2.14E+08,3.55E+06,2267056,2267057,0,430550
100,2.17E+08,3.63E+06,2267057,2267057,0,439650
100,1.99E+08,3.60E+06,2267059,2267057,0,369550
100,2.02E+08,3.63E+06,2267073,2267071,0,384700
100,2.02E+08,3.65E+06,2267074,2267074,0,384700
100,2.14E+08,3.54E+06,2267074,2267075,0,430550
100,2.02E+08,3.71E+06,2267079,2267079,0,384700
100,2.07E+08,3.54E+06,2267079,2267079,0,400650
100,2.14E+08,3.55E+06,2267081,2267083,0,430550
100,2.07E+08,3.76E+06,2267082,2267079,0,399650
100,2.17E+08,3.73E+06,2267082,2267084,0,438200
100,2.17E+08,3.55E+06,2267085,2267085,0,439650
100,2.02E+08,3.54E+06,2267089,2267090,0,384300
100,2.07E+08,3.54E+06,2267090,2267090,0,400750
100,2.17E+08,3.58E+06,2267093,2267093,0,439650
100,2.07E+08,3.54E+06,2267097,2267096,0,400650
100,2.07E+08,3.78E+06,2267098,2267098,0,399500
100,2.14E+08,3.60E+06,2267099,2267100,0,430550
100,1.99E+08,3.54E+06,2267100,2267100,0,372500
100,1.99E+08,3.67E+06,2267103,2267103,0,369550
100,1.99E+08,3.60E+06,2267103,2267101,0,372500
100,2.07E+08,3.55E+06,2267110,2267111,0,400650
100,2.07E+08,3.67E+06,2267114,2267114,0,400750
100,2.17E+08,3.63E+06,2267122,2267121,0,439650
100,1.99E+08,3.54E+06,2267124,2267126,0,369550
100,2.17E+08,3.57E+06,2267124,2267125,0,439750
100,2.14E+08,3.67E+06,2267125,2267125,0,430550
100,2.17E+08,3.59E+06,2267128,2267128,0,439650
100,2.02E+08,3.72E+06,2267130,2267131,0,384700
100,2.14E+08,3.56E+06,2267130,2267125,0,430550
100,2.17E+08,3.65E+06,2267131,2267131,0,439750
100,2.07E+08,3.62E+06,2267132,2267130,0,400750
100,2.14E+08,3.55E+06,2267137,2267139,0,430550
100,1.99E+08,3.58E+06,2267143,2267144,0,369550
100,2.17E+08,3.55E+06,2267147,2267147,0,439750
100,1.99E+08,3.56E+06,2267149,2267149,0,369550
100,2.17E+08,3.54E+06,2267150,2267150,0,439650
100,2.14E+08,3.97E+06,2267155,2267155,0,430550
100,2.07E+08,3.76E+06,2267169,2267169,0,400650
100,2.07E+08,3.54E+06,2267178,2267178,0,400750
100,2.14E+08,3.54E+06,2267180,2267180,0,430550
100,2.02E+08,3.71E+06,2267190,2267190,0,385000
100,2.17E+08,3.61E+06,2267191,2267193,0,439650
100,2.17E+08,3.56E+06,2267194,2267194,0,439650
100,2.17E+08,3.57E+06,2267194,2267194,0,439650
100,2.17E+08,3.54E+06,2267195,2267194,0,439650
100,2.07E+08,3.55E+06,2267197,2267197,0,400650
100,2.14E+08,3.54E+06,2267198,2267201,0,430550
100,2.17E+08,3.55E+06,2267199,2267199,0,439650
100,2.14E+08,3.54E+06,2267200,2267206,0,430550
100,2.17E+08,3.58E+06,2267201,2267202,0,439650
100,2.14E+08,3.65E+06,2267204,2267204,0,430550
100,2.17E+08,3.58E+06,2267206,2267206,0,439750
100,2.17E+08,3.56E+06,2267209,2267210,0,439650
100,2.07E+08,3.55E+06,2267218,2267218,0,400650
100,1.99E+08,3.56E+06,2267222,2267222,0,372500
100,2.14E+08,3.64E+06,2267228,2267228,0,430550
100,2.17E+08,3.57E+06,2267231,2267232,0,439650
100,2.07E+08,3.54E+06,2267234,2267235,0,400650
100,2.14E+08,3.56E+06,2267241,2267241,0,430550
100,2.17E+08,3.58E+06,2267244,2267237,0,439750
100,2.07E+08,3.54E+06,2267245,2267245,0,400650
100,2.17E+08,3.55E+06,2267249,2267249,0,439650
100,2.14E+08,3.70E+06,2267252,2267251,0,430550
100,2.02E+08,3.57E+06,2267259,2267259,0,384300
100,2.17E+08,3.57E+06,2267261,2267261,0,439650
100,2.17E+08,3.54E+06,2267262,2267262,0,439650
100,2.14E+08,3.55E+06,2267266,2267266,0,430550
100,1.99E+08,3.58E+06,2267270,2267270,0,369550
100,2.14E+08,3.57E+06,2267270,2267270,0,430550
100,2.14E+08,3.59E+06,2267270,2267270,0,430550
100,2.17E+08,3.57E+06,2267281,2267281,0,439650
100,2.14E+08,3.55E+06,2267291,2267291,0,430550
100,2.17E+08,3.54E+06,2267292,2267295,0,439750
100,1.99E+08,3.60E+06,2267304,2267306,0,369550
100,2.07E+08,3.54E+06,2267305,2267305,0,400750
100,2.17E+08,3.55E+06,2267309,2267308,0,439750
100,2.07E+08,3.55E+06,2267312,2267312,0,400650
100,2.14E+08,3.54E+06,2267315,2267318,0,430550
100,2.07E+08,3.55E+06,2267319,2267320,0,400750
100,2.07E+08,3.71E+06,2267328,2267326,0,400750
100,2.17E+08,3.56E+06,2267332,2267332,0,439650
100,2.02E+08,3.56E+06,2267335,2267338,0,384300
100,2.14E+08,3.57E+06,2267337,2267340,0,430550
100,2.14E+08,3.54E+06,2267339,2267340,0,430550
100,2.17E+08,3.65E+06,2267339,2267339,0,439650
100,2.17E+08,3.56E+06,2267340,2267340,0,439750
100,2.07E+08,3.55E+06,2267342,2267342,0,400750
100,2.14E+08,3.61E+06,2267349,2267349,0,430550
100,2.17E+08,3.56E+06,2267349,2267349,0,439650
100,2.02E+08,3.64E+06,2267350,2267347,0,384700
100,2.02E+08,3.68E+06,2267351,2267352,0,384700
100,2.17E+08,3.54E+06,2267352,2267351,0,439650
100,2.17E+08,3.57E+06,2267353,2267353,0,439650
100,2.17E+08,3.54E+06,2267353,2267354,0,439650
100,2.17E+08,3.55E+06,2267358,2267358,0,439650
100,2.07E+08,3.55E+06,2267359,2267359,0,400750
100,1.99E+08,3.62E+06,2267361,2267361,0,372500
100,2.17E+08,3.56E+06,2267362,2267362,0,439650
100,2.07E+08,3.55E+06,2267365,2267365,0,400750
100,2.17E+08,3.62E+06,2267365,2267365,0,439650
100,2.17E+08,3.58E+06,2267366,2267365,0,438200
100,2.14E+08,3.70E+06,2267369,2267371,0,430550
100,2.14E+08,3.55E+06,2267373,2267373,0,430550
100,2.14E+08,3.57E+06,2267373,2267373,0,430550
100,2.17E+08,3.55E+06,2267373,2267373,0,439650
100,2.07E+08,3.55E+06,2267377,2267379,0,400650
100,2.07E+08,3.54E+06,2267378,2267378,0,400750
100,2.17E+08,3.57E+06,2267378,2267377,0,439650
100,2.17E+08,3.72E+06,2267381,2267381,0,439650
100,2.07E+08,3.63E+06,2267383,2267385,0,400650
100,2.17E+08,3.58E+06,2267386,2267386,0,439650
100,2.14E+08,3.55E+06,2267390,2267383,0,430550
100,2.07E+08,3.58E+06,2267391,2267391,0,400750
100,2.07E+08,3.54E+06,2267397,2267397,0,400650
100,2.14E+08,3.57E+06,2267400,2267399,0,430550
100,2.14E+08,3.57E+06,2267401,2267403,0,430550
100,2.14E+08,3.56E+06,2267403,2267403,0,430550
100,2.14E+08,3.56E+06,2267403,2267403,0,430550
100,2.14E+08,3.55E+06,2267405,2267407,0,430550
100,2.02E+08,3.62E+06,2267407,2267405,0,384700
100,2.07E+08,3.91E+06,2267408,2267408,0,400750
100,2.17E+08,3.54E+06,2267415,2267412,0,439650
100,2.14E+08,3.58E+06,2267417,2267420,0,430550
100,2.17E+08,3.59E+06,2267420,2267420,0,439650
100,2.07E+08,3.54E+06,2267421,2267421,0,400750
100,1.99E+08,3.74E+06,2267438,2267437,0,369550
100,2.14E+08,3.62E+06,2267443,2267443,0,430550
100,2.17E+08,3.55E+06,2267443,2267439,0,439650
100,2.17E+08,3.65E+06,2267446,2267446,0,438200
100,2.17E+08,3.55E+06,2267446,2267446,0,439650
100,2.17E+08,3.54E+06,2267456,2267455,0,439650
100,2.02E+08,3.64E+06,2267459,2267458,0,384700
100,2.17E+08,3.65E+06,2267461,2267457,0,439750
100,2.17E+08,3.61E+06,2267462,2267462,0,439650
100,2.17E+08,3.62E+06,2267465,2267465,0,439650
100,2.17E+08,3.55E+06,2267467,2267465,0,439650
100,2.02E+08,3.55E+06,2267470,2267470,0,384700
100,2.14E+08,3.63E+06,2267471,2267472,0,430550
100,2.14E+08,3.62E+06,2267473,2267473,0,430550
100,2.17E+08,3.54E+06,2267481,2267481,0,439650
100,2.14E+08,3.67E+06,2267482,2267482,0,430550
100,2.07E+08,3.56E+06,2267488,2267484,0,400750
100,2.07E+08,3.56E+06,2267488,2267486,0,400750
100,1.99E+08,3.59E+06,2267489,2267489,0,372500
100,2.07E+08,3.55E+06,2267489,2267489,0,400750
100,2.17E+08,3.54E+06,2267489,2267490,0,439650
100,2.17E+08,3.60E+06,2267490,2267492,0,439650
100,2.14E+08,3.58E+06,2267493,2267494,0,430550
100,2.14E+08,3.66E+06,2267493,2267490,0,430550
100,2.17E+08,3.73E+06,2267496,2267496,0,439650
100,2.07E+08,3.62E+06,2267499,2267499,0,400650
100,2.07E+08,3.71E+06,2267500,2267500,0,400750
100,2.14E+08,3.55E+06,2267513,2267513,0,430550
100,2.17E+08,3.57E+06,2267522,2267523,0,439750
100,2.17E+08,3.56E+06,2267523,2267521,0,439750
100,1.99E+08,3.75E+06,2267524,2267523,0,369450
100,2.17E+08,3.54E+06,2267526,2267526,0,439750
100,2.02E+08,3.81E+06,2267527,2267526,0,385300
100,2.07E+08,3.54E+06,2267527,2267527,0,400650
100,2.07E+08,3.56E+06,2267531,2267531,0,400750
100,2.17E+08,3.60E+06,2267532,2267532,0,439650
100,2.14E+08,3.60E+06,2267534,2267534,0,430550
100,2.17E+08,3.59E+06,2267534,2267534,0,439650
100,2.17E+08,3.54E+06,2267537,2267535,0,439650
100,2.17E+08,3.65E+06,2267539,2267539,0,439650
100,2.07E+08,3.66E+06,2267540,2267544,0,400650
100,2.17E+08,3.60E+06,2267543,2267543,0,439750
100,2.17E+08,3.60E+06,2267546,2267546,0,439650
100,2.07E+08,3.65E+06,2267548,2267549,0,400750
100,2.02E+08,3.67E+06,2267554,2267554,0,384700
100,2.07E+08,3.54E+06,2267555,2267543,0,400750
100,2.07E+08,3.54E+06,2267564,2267564,0,400650
100,2.02E+08,3.58E+06,2267566,2267565,0,384700
100,2.08E+08,3.66E+06,2267570,2267570,0,401600
100,2.17E+08,3.54E+06,2267570,2267568,0,439650
100,2.14E+08,3.55E+06,2267572,2267572,0,430550
100,2.07E+08,3.56E+06,2267574,2267574,0,400750
100,2.07E+08,3.55E+06,2267574,2267573,0,400750
100,2.14E+08,3.55E+06,2267574,2267576,0,430550
100,2.14E+08,3.54E+06,2267577,2267570,0,430550
100,2.14E+08,3.56E+06,2267577,2267578,0,430550
100,2.14E+08,3.55E+06,2267578,2267578,0,430550
100,2.14E+08,3.54E+06,2267580,2267581,0,430550
100,2.14E+08,3.59E+06,2267581,2267581,0,430550
100,2.02E+08,3.54E+06,2267582,2267582,0,384700
100,2.17E+08,3.72E+06,2267583,2267583,0,439650
100,2.14E+08,3.66E+06,2267585,2267584,0,430550
100,2.14E+08,3.56E+06,2267595,2267594,0,430550
100,2.07E+08,3.55E+06,2267597,2267600,0,400650
100,2.17E+08,3.57E+06,2267604,2267604,0,439650
100,2.07E+08,3.57E+06,2267605,2267608,0,400650
100,2.14E+08,3.87E+06,2267607,2267606,0,430550
100,2.14E+08,3.77E+06,2267619,2267619,0,430550
100,2.07E+08,3.55E+06,2267624,2267624,0,400650
100,2.07E+08,3.57E+06,2267625,2267624,0,400650
100,1.63E+08,3.63E+06,2267626,2267626,0,251550
100,2.02E+08,3.55E+06,2267629,2267628,0,384700
100,2.07E+08,3.56E+06,2267631,2267630,0,400750
100,2.17E+08,3.62E+06,2267632,2267632,0,439650
100,2.14E+08,3.57E+06,2267637,2267637,0,430550
100,2.14E+08,3.54E+06,2267639,2267640,0,430550
100,1.99E+08,3.61E+06,2267640,2267640,0,372500
100,2.17E+08,3.55E+06,2267646,2267646,0,439650
100,2.17E+08,3.57E+06,2267648,2267649,0,439650
100,1.99E+08,3.61E+06,2267650,2267650,0,369550
100,2.17E+08,3.54E+06,2267651,2267651,0,439750
100,2.17E+08,3.57E+06,2267654,2267654,0,439650
100,2.14E+08,3.57E+06,2267655,2267652,0,430550
100,1.99E+08,3.77E+06,2267658,2267656,0,369550
100,2.14E+08,3.55E+06,2267658,2267655,0,430550
100,2.14E+08,4.08E+06,2267661,2267661,0,430550
100,2.14E+08,3.54E+06,2267661,2267661,0,430550
100,1.99E+08,3.88E+06,2267670,2267671,0,371500
100,2.14E+08,3.57E+06,2267675,2267674,0,430550
100,2.17E+08,3.65E+06,2267679,2267683,0,439750
100,2.17E+08,3.54E+06,2267684,2267686,0,439650
100,2.07E+08,3.54E+06,2267686,2267685,0,400650
100,2.17E+08,3.59E+06,2267687,2267687,0,439650
100,2.17E+08,3.54E+06,2267693,2267691,0,439650
100,1.99E+08,3.63E+06,2267698,2267700,0,369550
100,2.17E+08,3.67E+06,2267698,2267698,0,439650
100,2.14E+08,3.61E+06,2267699,2267694,0,430550
100,1.99E+08,3.60E+06,2267700,2267700,0,369550
100,1.99E+08,3.62E+06,2267703,2267703,0,369550
100,2.02E+08,3.68E+06,2267705,2267707,0,384700
100,1.99E+08,3.63E+06,2267714,2267715,0,372500
100,1.99E+08,3.62E+06,2267714,2267715,0,372500
100,2.17E+08,3.77E+06,2267717,2267712,0,439650
100,2.07E+08,3.55E+06,2267723,2267723,0,400650
100,2.17E+08,3.57E+06,2267725,2267724,0,439650
100,2.02E+08,3.90E+06,2267727,2267726,0,384700
100,2.07E+08,3.54E+06,2267727,2267727,0,400750
100,2.14E+08,3.72E+06,2267727,2267726,0,430550
100,2.17E+08,3.56E+06,2267727,2267730,0,439650
100,2.17E+08,3.61E+06,2267731,2267727,0,439750
100,2.17E+08,3.62E+06,2267738,2267739,0,439750
100,2.17E+08,3.57E+06,2267743,2267744,0,439750
100,2.14E+08,3.57E+06,2267755,2267757,0,430550
100,2.17E+08,3.55E+06,2267756,2267755,0,439650
100,1.99E+08,3.57E+06,2267757,2267757,0,369550
100,2.07E+08,3.55E+06,2267772,2267771,0,400650
100,2.07E+08,3.54E+06,2267775,2267776,0,400650
100,2.14E+08,3.62E+06,2267781,2267779,0,430550
100,2.14E+08,3.58E+06,2267781,2267781,0,430550
100,2.07E+08,3.55E+06,2267787,2267787,0,400750
100,2.14E+08,3.54E+06,2267792,2267791,0,430550
100,2.02E+08,3.66E+06,2267795,2267795,0,384700
100,1.99E+08,3.69E+06,2267796,2267796,0,372500
100,2.17E+08,3.62E+06,2267797,2267799,0,438200
100,2.14E+08,3.56E+06,2267807,2267805,0,430550
100,2.07E+08,3.54E+06,2267811,2267810,0,400750
100,1.99E+08,3.56E+06,2267818,2267817,0,372500
100,2.14E+08,3.56E+06,2267818,2267819,0,430550
100,2.17E+08,3.54E+06,2267819,2267819,0,439750
100,2.17E+08,3.55E+06,2267831,2267831,0,439750
100,2.14E+08,3.57E+06,2267839,2267839,0,430550
100,2.14E+08,3.55E+06,2267841,2267842,0,430550
100,2.07E+08,3.68E+06,2267845,2267845,0,400650
100,2.14E+08,3.57E+06,2267853,2267854,0,430550
100,1.99E+08,3.60E+06,2267859,2267859,0,372500
100,2.14E+08,3.54E+06,2267859,2267862,0,430550
100,2.14E+08,3.57E+06,2267862,2267867,0,430550
100,2.17E+08,3.55E+06,2267867,2267864,0,439650
100,2.17E+08,3.55E+06,2267869,2267869,0,439650
100,2.17E+08,3.60E+06,2267873,2267873,0,439650
100,2.17E+08,3.54E+06,2267875,2267875,0,439750
100,1.99E+08,3.62E+06,2267876,2267876,0,369550
100,1.99E+08,3.56E+06,2267883,2267883,0,369550
100,2.07E+08,3.58E+06,2267884,2267884,0,400750
100,2.14E+08,3.73E+06,2267885,2267887,0,430550
100,2.14E+08,3.56E+06,2267890,2267891,0,430550
100,1.89E+08,3.60E+06,2267895,2267897,0,338350
100,2.14E+08,3.60E+06,2267896,2267896,0,430550
100,2.17E+08,3.61E+06,2267909,2267909,0,439650
100,2.07E+08,3.72E+06,2267912,2267912,0,400750
100,2.17E+08,3.56E+06,2267914,2267914,0,439650
100,2.07E+08,3.55E+06,2267915,2267909,0,400750
100,2.07E+08,3.56E+06,2267916,2267914,0,400650
100,1.99E+08,3.59E+06,2267917,2267914,0,372500
100,2.17E+08,3.55E+06,2267919,2267918,0,439650
100,2.17E+08,3.62E+06,2267921,2267921,0,439650
100,2.17E+08,3.59E+06,2267922,2267921,0,439650
100,2.02E+08,3.72E+06,2267926,2267927,0,385300
100,2.17E+08,3.55E+06,2267926,2267925,0,439650
100,1.99E+08,3.65E+06,2267932,2267933,0,372500
100,2.14E+08,3.65E+06,2267942,2267945,0,430550
100,2.14E+08,3.59E+06,2267949,2267948,0,430550
100,1.99E+08,3.63E+06,2267955,2267956,0,369550
100,2.17E+08,3.56E+06,2267958,2267959,0,439650
100,2.14E+08,3.55E+06,2267964,2267965,0,430550
100,2.02E+08,3.60E+06,2267968,2267966,0,384300
100,2.07E+08,3.56E+06,2267973,2267972,0,400750
100,2.02E+08,3.63E+06,2267976,2267977,0,384300
100,2.17E+08,3.62E+06,2267977,2267977,0,439650
100,2.07E+08,3.66E+06,2267980,2267980,0,400650
100,2.02E+08,3.56E+06,2267981,2267981,0,384700
100,2.14E+08,3.60E+06,2267982,2267987,0,430550
100,2.07E+08,3.65E+06,2267987,2267987,0,399500
100,2.17E+08,3.92E+06,2267992,2267986,0,439750
100,2.14E+08,3.54E+06,2267999,2267987,0,430550
100,2.17E+08,3.63E+06,2267999,2267999,0,439650
100,2.07E+08,3.73E+06,2268001,2268001,0,400500
100,2.07E+08,3.58E+06,2268003,2268003,0,400650
100,2.00E+08,4.01E+06,2268004,2268003,0,376400
100,2.17E+08,3.64E+06,2268005,2268004,0,439650
100,2.07E+08,3.55E+06,2268008,2268006,0,400650
100,2.07E+08,3.56E+06,2268008,2268007,0,400750
100,2.17E+08,3.56E+06,2268009,2268006,0,439650
100,2.07E+08,3.54E+06,2268011,2268008,0,400750
100,2.14E+08,3.57E+06,2268013,2268013,0,430550
100,2.17E+08,3.55E+06,2268015,2268014,0,439650
100,1.99E+08,3.58E+06,2268016,2268012,0,369550
100,2.07E+08,3.82E+06,2268016,2268016,0,399500
100,2.14E+08,3.55E+06,2268020,2268020,0,430550
100,2.14E+08,3.57E+06,2268020,2268020,0,430550
100,1.99E+08,3.72E+06,2268024,2268025,0,372500
100,2.17E+08,3.56E+06,2268024,2268025,0,439650
100,2.02E+08,3.74E+06,2268028,2268028,0,385150
100,2.07E+08,3.56E+06,2268031,2268026,0,400650
100,2.17E+08,3.55E+06,2268041,2268040,0,439650
100,1.98E+08,3.63E+06,2268044,2268047,0,367450
100,2.07E+08,3.55E+06,2268048,2268048,0,400750
100,2.14E+08,3.55E+06,2268049,2268044,0,430550
100,2.07E+08,3.54E+06,2268052,2268048,0,400650
100,2.07E+08,3.56E+06,2268053,2268053,0,400750
100,2.14E+08,3.54E+06,2268055,2268052,0,430550
100,2.17E+08,3.57E+06,2268061,2268061,0,438200
100,2.17E+08,3.58E+06,2268066,2268066,0,439650
100,2.14E+08,3.57E+06,2268069,2268067,0,430550
100,2.14E+08,3.54E+06,2268071,2268070,0,430550
100,2.17E+08,3.55E+06,2268073,2268073,0,439650
100,2.14E+08,3.55E+06,2268079,2268079,0,430550
100,2.07E+08,3.58E+06,2268084,2268084,0,400650
100,2.17E+08,3.68E+06,2268095,2268095,0,439650
100,2.02E+08,3.58E+06,2268097,2268099,0,384300
100,2.14E+08,3.54E+06,2268103,2268107,0,430550
100,2.07E+08,3.54E+06,2268120,2268122,0,400750
100,2.07E+08,3.54E+06,2268121,2268121,0,400750
100,1.99E+08,3.66E+06,2268130,2268130,0,372500
100,1.99E+08,3.73E+06,2268132,2268132,0,372500
100,1.99E+08,3.65E+06,2268141,2268141,0,372500
100,2.07E+08,3.57E+06,2268141,2268143,0,400750
100,2.14E+08,3.55E+06,2268146,2268143,0,430550
100,2.14E+08,3.56E+06,2268154,2268154,0,430550
100,2.14E+08,3.55E+06,2268155,2268155,0,430550
100,1.99E+08,3.59E+06,2268157,2268156,0,372500
100,2.17E+08,3.55E+06,2268158,2268152,0,439650
100,2.17E+08,3.55E+06,2268159,2268160,0,439650
100,2.17E+08,3.55E+06,2268160,2268160,0,439650
100,2.07E+08,3.57E+06,2268161,2268158,0,400750
100,2.07E+08,3.56E+06,2268162,2268161,0,400750
100,2.07E+08,3.55E+06,2268170,2268172,0,400650
100,2.17E+08,3.54E+06,2268170,2268167,0,439650
100,2.02E+08,3.61E+06,2268178,2268178,0,384700
100,2.15E+08,3.78E+06,2268180,2268180,0,430550
100,1.99E+08,3.64E+06,2268181,2268181,0,372500
100,1.99E+08,3.58E+06,2268186,2268187,0,369550
100,2.17E+08,3.56E+06,2268188,2268188,0,439750
100,2.07E+08,3.54E+06,2268189,2268190,0,400650
100,2.14E+08,3.54E+06,2268189,2268192,0,430550
100,2.17E+08,3.61E+06,2268192,2268192,0,439650
100,2.14E+08,3.55E+06,2268198,2268198,0,430550
100,2.17E+08,3.55E+06,2268199,2268196,0,439650
100,2.07E+08,3.56E+06,2268206,2268206,0,400750
100,2.17E+08,3.61E+06,2268209,2268209,0,438200
100,2.07E+08,3.54E+06,2268210,2268209,0,400650
100,2.07E+08,3.54E+06,2268211,2268208,0,400750
100,2.07E+08,3.65E+06,2268219,2268220,0,400750
100,2.07E+08,3.55E+06,2268220,2268218,0,400750
100,2.07E+08,3.54E+06,2268245,2268245,0,400750
100,2.02E+08,3.67E+06,2268252,2268254,0,384700
100,2.15E+08,3.81E+06,2268252,2268253,0,431200
100,2.17E+08,3.74E+06,2268252,2268252,0,438200
100,2.14E+08,3.61E+06,2268254,2268254,0,430550
100,2.02E+08,3.64E+06,2268255,2268255,0,384700
100,1.99E+08,3.59E+06,2268258,2268252,0,372500
100,2.14E+08,3.54E+06,2268262,2268260,0,430550
100,2.14E+08,3.58E+06,2268265,2268265,0,430550
100,2.17E+08,3.56E+06,2268266,2268266,0,439650
100,2.17E+08,3.59E+06,2268271,2268270,0,439650
100,2.17E+08,3.58E+06,2268287,2268288,0,439650
100,2.17E+08,3.55E+06,2268287,2268287,0,439650
100,2.07E+08,3.63E+06,2268289,2268289,0,400750
100,2.17E+08,3.57E+06,2268291,2268291,0,439650
100,2.07E+08,3.57E+06,2268300,2268300,0,399500
100,1.99E+08,3.58E+06,2268301,2268300,0,372500
100,2.14E+08,3.56E+06,2268302,2268304,0,430550
100,2.14E+08,3.65E+06,2268307,2268307,0,430550
100,1.99E+08,3.61E+06,2268322,2268321,0,372500
100,2.15E+08,3.80E+06,2268322,2268322,0,430550
100,1.99E+08,3.56E+06,2268325,2268328,0,372500
100,2.17E+08,3.70E+06,2268331,2268330,0,439650
100,2.02E+08,3.57E+06,2268341,2268342,0,384700
100,2.07E+08,3.56E+06,2268345,2268345,0,400750
100,2.17E+08,3.61E+06,2268345,2268345,0,439650
100,2.17E+08,3.54E+06,2268345,2268344,0,439650
100,2.07E+08,3.54E+06,2268348,2268344,0,400750
100,2.17E+08,3.64E+06,2268350,2268350,0,438200
100,2.14E+08,3.57E+06,2268353,2268353,0,430550
100,2.17E+08,3.55E+06,2268353,2268343,0,439750
100,2.14E+08,3.67E+06,2268361,2268359,0,430550
100,2.14E+08,3.56E+06,2268364,2268364,0,430550
100,2.14E+08,3.65E+06,2268368,2268367,0,430550
100,2.07E+08,3.54E+06,2268369,2268367,0,400650
100,2.14E+08,3.61E+06,2268369,2268367,0,430550
100,2.07E+08,3.54E+06,2268371,2268374,0,400750
100,2.17E+08,3.79E+06,2268372,2268375,0,439650
100,2.14E+08,3.59E+06,2268373,2268373,0,430550
100,2.02E+08,3.62E+06,2268374,2268376,0,384700
100,2.17E+08,3.64E+06,2268375,2268376,0,439650
100,2.14E+08,3.56E+06,2268377,2268377,0,430550
100,2.01E+08,3.66E+06,2268379,2268380,0,382200
100,2.02E+08,3.72E+06,2268387,2268387,0,384700
100,2.07E+08,3.54E+06,2268388,2268388,0,400650
100,2.14E+08,3.57E+06,2268389,2268387,0,430550
100,2.17E+08,3.60E+06,2268395,2268396,0,439650
100,2.14E+08,3.56E+06,2268400,2268400,0,430550
100,2.07E+08,3.57E+06,2268402,2268394,0,400650
100,2.07E+08,3.61E+06,2268403,2268403,0,400650
100,2.17E+08,3.57E+06,2268404,2268403,0,439750
100,2.17E+08,3.54E+06,2268406,2268406,0,439650
100,2.07E+08,3.54E+06,2268408,2268410,0,400750
100,2.14E+08,3.60E+06,2268408,2268406,0,430550
100,2.14E+08,3.58E+06,2268413,2268413,0,430550
100,1.99E+08,3.58E+06,2268414,2268414,0,369550
100,2.17E+08,3.56E+06,2268416,2268417,0,439650
100,2.14E+08,3.69E+06,2268418,2268418,0,430550
100,2.14E+08,3.63E+06,2268422,2268420,0,430550
100,2.14E+08,3.60E+06,2268426,2268420,0,430550
100,1.89E+08,3.93E+06,2268430,2268428,0,338350
100,2.17E+08,3.59E+06,2268441,2268440,0,439650
100,2.17E+08,3.54E+06,2268448,2268448,0,439650
100,2.17E+08,3.56E+06,2268450,2268450,0,439750
100,2.02E+08,3.54E+06,2268455,2268455,0,384700
100,2.17E+08,3.68E+06,2268457,2268457,0,439650
100,1.99E+08,3.54E+06,2268463,2268458,0,372500
100,2.02E+08,3.60E+06,2268464,2268464,0,384700
100,2.07E+08,3.54E+06,2268464,2268464,0,400750
100,2.14E+08,3.54E+06,2268468,2268468,0,430550
100,2.17E+08,3.56E+06,2268472,2268472,0,439650
100,2.17E+08,3.56E+06,2268473,2268473,0,439650
100,2.02E+08,3.55E+06,2268475,2268475,0,384700
100,1.99E+08,3.54E+06,2268480,2268484,0,369550
100,2.17E+08,3.55E+06,2268480,2268482,0,439650
100,2.14E+08,3.54E+06,2268484,2268484,0,430550
100,2.17E+08,3.59E+06,2268484,2268485,0,439650
100,2.07E+08,3.56E+06,2268490,2268493,0,400650
100,2.07E+08,3.54E+06,2268491,2268491,0,400750
100,2.07E+08,3.57E+06,2268497,2268497,0,400750
100,1.99E+08,3.62E+06,2268499,2268499,0,372500
100,2.14E+08,3.63E+06,2268499,2268499,0,430550
100,2.17E+08,3.54E+06,2268500,2268502,0,439650
100,2.14E+08,3.55E+06,2268513,2268515,0,430550
100,2.07E+08,3.57E+06,2268515,2268514,0,400750
100,1.99E+08,3.89E+06,2268518,2268518,0,369550
100,2.02E+08,3.61E+06,2268518,2268519,0,384300
100,2.14E+08,3.59E+06,2268518,2268517,0,430550
100,2.17E+08,3.65E+06,2268528,2268531,0,439650
100,2.17E+08,3.96E+06,2268530,2268531,0,439650
100,2.14E+08,3.55E+06,2268532,2268533,0,430550
100,1.99E+08,3.71E+06,2268548,2268548,0,369550
100,2.17E+08,3.56E+06,2268558,2268558,0,439750
100,2.14E+08,3.74E+06,2268563,2268563,0,430550
100,1.99E+08,3.58E+06,2268564,2268564,0,372500
100,1.99E+08,3.57E+06,2268566,2268568,0,369550
100,2.17E+08,3.55E+06,2268567,2268568,0,439650
100,2.07E+08,3.55E+06,2268568,2268568,0,400650
100,2.14E+08,3.61E+06,2268571,2268569,0,430550
100,2.07E+08,3.55E+06,2268576,2268574,0,400750
100,2.17E+08,3.56E+06,2268583,2268583,0,439750
100,2.17E+08,3.73E+06,2268585,2268584,0,439650
100,2.17E+08,3.58E+06,2268592,2268593,0,439650
100,2.02E+08,3.64E+06,2268599,2268599,0,384300
100,2.17E+08,3.59E+06,2268612,2268613,0,439650
100,1.99E+08,3.61E+06,2268617,2268616,0,369550
100,1.99E+08,3.56E+06,2268618,2268616,0,372500
100,2.17E+08,3.63E+06,2268619,2268619,0,439750
100,2.14E+08,3.56E+06,2268630,2268632,0,430550
100,1.99E+08,3.58E+06,2268632,2268632,0,372500
100,2.17E+08,3.56E+06,2268637,2268637,0,439650
100,1.98E+08,3.58E+06,2268640,2268640,0,367450
100,2.17E+08,3.56E+06,2268641,2268641,0,439650
100,2.07E+08,3.59E+06,2268642,2268642,0,400650
100,2.14E+08,3.57E+06,2268642,2268642,0,430550
100,2.17E+08,3.55E+06,2268643,2268643,0,439650
100,2.07E+08,3.66E+06,2268648,2268649,0,400650
100,2.17E+08,3.70E+06,2268648,2268648,0,438200
100,2.07E+08,3.54E+06,2268654,2268656,0,400750
100,2.07E+08,3.54E+06,2268657,2268657,0,400650
100,2.14E+08,3.54E+06,2268660,2268657,0,430550
100,2.14E+08,3.55E+06,2268661,2268661,0,430550
100,2.17E+08,3.55E+06,2268663,2268663,0,439650
100,1.99E+08,3.64E+06,2268665,2268665,0,372500
100,1.99E+08,3.59E+06,2268674,2268672,0,369550
100,2.14E+08,3.82E+06,2268674,2268675,0,430550
100,2.02E+08,3.55E+06,2268675,2268674,0,384700
100,1.99E+08,3.74E+06,2268676,2268676,0,371500
100,2.14E+08,3.56E+06,2268678,2268678,0,430550
100,2.14E+08,3.54E+06,2268679,2268679,0,430550
100,2.14E+08,3.58E+06,2268686,2268685,0,430550
100,2.07E+08,3.61E+06,2268692,2268691,0,400750
100,2.02E+08,3.54E+06,2268694,2268694,0,384300
100,2.17E+08,3.72E+06,2268699,2268698,0,438200
100,2.17E+08,3.61E+06,2268699,2268699,0,439650
100,2.07E+08,3.81E+06,2268701,2268700,0,400650
100,1.98E+08,3.98E+06,2268704,2268703,0,369450
100,2.07E+08,3.54E+06,2268704,2268706,0,400750
100,2.17E+08,3.59E+06,2268705,2268705,0,439650
100,2.17E+08,3.55E+06,2268706,2268704,0,439650
100,2.17E+08,3.57E+06,2268707,2268707,0,439650
100,2.02E+08,3.96E+06,2268713,2268714,0,385000
100,2.17E+08,3.59E+06,2268714,2268714,0,439650
100,2.14E+08,3.56E+06,2268717,2268717,0,430550
100,2.17E+08,3.57E+06,2268717,2268717,0,439650
100,2.17E+08,3.55E+06,2268721,2268721,0,439650
100,2.14E+08,3.56E+06,2268722,2268720,0,430550
100,2.14E+08,3.59E+06,2268728,2268728,0,430550
100,2.15E+08,3.96E+06,2268728,2268728,0,430550
100,2.02E+08,3.87E+06,2268729,2268729,0,385150
100,2.07E+08,3.56E+06,2268732,2268733,0,400650
100,2.17E+08,3.61E+06,2268736,2268737,0,439650
100,2.14E+08,3.61E+06,2268745,2268743,0,430550
100,2.07E+08,3.58E+06,2268749,2268747,0,400750
100,2.07E+08,3.55E+06,2268751,2268752,0,400750
100,2.17E+08,3.54E+06,2268752,2268753,0,439650
100,2.14E+08,3.56E+06,2268754,2268756,0,430550
100,2.02E+08,3.74E+06,2268757,2268758,0,384700
100,2.14E+08,3.54E+06,2268760,2268760,0,430550
100,2.17E+08,3.54E+06,2268760,2268758,0,439650
100,2.02E+08,3.66E+06,2268764,2268765,0,384700
100,2.14E+08,3.60E+06,2268770,2268770,0,430550
100,2.17E+08,3.58E+06,2268772,2268772,0,439650
100,2.07E+08,3.59E+06,2268774,2268774,0,399500
100,2.02E+08,3.57E+06,2268776,2268775,0,384700
100,2.17E+08,3.57E+06,2268776,2268778,0,439750
100,2.07E+08,3.56E+06,2268777,2268778,0,400650
100,2.17E+08,3.55E+06,2268777,2268777,0,439750
100,1.99E+08,3.73E+06,2268780,2268779,0,369550
100,2.17E+08,3.55E+06,2268780,2268780,0,439650
100,2.14E+08,3.56E+06,2268785,2268785,0,430550
100,2.17E+08,3.54E+06,2268787,2268785,0,439650
100,2.07E+08,3.61E+06,2268788,2268791,0,400650
100,2.01E+08,3.67E+06,2268789,2268790,0,382000
100,2.17E+08,3.55E+06,2268789,2268792,0,439650
100,2.14E+08,3.54E+06,2268790,2268794,0,430550
100,2.17E+08,3.58E+06,2268791,2268793,0,439650
100,2.01E+08,3.88E+06,2268795,2268795,0,381500
100,2.14E+08,3.55E+06,2268798,2268799,0,430550
100,2.14E+08,3.59E+06,2268798,2268791,0,430550
100,2.14E+08,3.62E+06,2268814,2268813,0,430550
100,2.17E+08,3.55E+06,2268821,2268815,0,439650
100,2.17E+08,3.54E+06,2268826,2268827,0,439650
100,2.02E+08,3.57E+06,2268832,2268834,0,384700
100,2.07E+08,3.56E+06,2268834,2268834,0,400750
100,2.17E+08,3.59E+06,2268835,2268835,0,439650
100,2.14E+08,3.55E+06,2268839,2268837,0,430550
100,2.02E+08,3.56E+06,2268844,2268847,0,384700
100,2.17E+08,3.59E+06,2268846,2268845,0,439650
100,2.14E+08,3.56E+06,2268847,2268845,0,430550
100,2.17E+08,3.60E+06,2268847,2268847,0,439650
100,2.07E+08,3.58E+06,2268850,2268849,0,400650
100,2.14E+08,3.56E+06,2268854,2268854,0,430550
100,2.07E+08,3.57E+06,2268856,2268856,0,399500
100,2.14E+08,3.56E+06,2268859,2268859,0,430550
100,2.14E+08,3.54E+06,2268862,2268858,0,430550
100,2.02E+08,3.57E+06,2268864,2268862,0,384300
100,2.13E+08,4.05E+06,2268866,2268867,0,426450
100,2.14E+08,3.55E+06,2268867,2268867,0,430550
100,2.14E+08,3.65E+06,2268868,2268868,0,430550
100,2.17E+08,3.92E+06,2268869,2268869,0,439650
100,2.14E+08,3.56E+06,2268875,2268871,0,430550
100,2.07E+08,3.55E+06,2268880,2268883,0,400750
100,2.14E+08,3.59E+06,2268880,2268878,0,430550
100,2.17E+08,3.60E+06,2268881,2268880,0,439650
100,2.17E+08,3.67E+06,2268882,2268885,0,439650
100,2.17E+08,3.56E+06,2268882,2268882,0,439750
100,2.17E+08,3.59E+06,2268884,2268884,0,439650
100,2.02E+08,3.62E+06,2268886,2268886,0,384700
100,2.14E+08,3.54E+06,2268886,2268886,0,430550
100,2.07E+08,3.64E+06,2268889,2268889,0,400650
100,2.14E+08,3.60E+06,2268891,2268896,0,430550
100,2.07E+08,3.54E+06,2268896,2268897,0,400650
100,2.17E+08,3.58E+06,2268898,2268893,0,439650
100,2.14E+08,3.55E+06,2268900,2268897,0,430550
100,2.14E+08,3.55E+06,2268902,2268903,0,430550
100,2.14E+08,3.57E+06,2268916,2268916,0,430550
100,1.99E+08,3.69E+06,2268917,2268919,0,369550
100,1.99E+08,3.57E+06,2268921,2268919,0,372500
100,2.02E+08,3.66E+06,2268923,2268923,0,384700
100,2.07E+08,3.56E+06,2268925,2268925,0,400750
100,2.14E+08,3.62E+06,2268925,2268925,0,430550
100,2.14E+08,3.55E+06,2268935,2268933,0,430550
100,2.14E+08,3.56E+06,2268940,2268940,0,430550
100,2.17E+08,3.64E+06,2268940,2268943,0,439750
100,1.90E+08,4.20E+06,2268947,2268947,0,340800
100,2.07E+08,3.55E+06,2268947,2268947,0,400750
100,2.14E+08,3.57E+06,2268951,2268951,0,430550
100,2.14E+08,3.55E+06,2268964,2268963,0,430550
100,2.17E+08,3.83E+06,2268967,2268968,0,439650
100,2.17E+08,3.90E+06,2268968,2268963,0,439650
100,1.99E+08,3.60E+06,2268971,2268966,0,372500
100,2.14E+08,3.71E+06,2268973,2268974,0,430550
100,2.14E+08,3.54E+06,2268977,2268977,0,430550
100,2.07E+08,3.55E+06,2268979,2268979,0,400750
100,2.14E+08,3.57E+06,2268980,2268979,0,430550
100,2.07E+08,3.55E+06,2268983,2268983,0,400750
100,2.07E+08,3.55E+06,2268984,2268984,0,400650
100,2.02E+08,3.60E+06,2268988,2268990,0,384700
100,2.14E+08,3.54E+06,2268988,2268990,0,430550
100,2.07E+08,3.54E+06,2268991,2268991,0,400650
100,2.07E+08,3.55E+06,2268992,2268992,0,400750
100,2.07E+08,3.55E+06,2268997,2268995,0,400750
100,2.07E+08,3.56E+06,2269005,2269001,0,400750
100,2.14E+08,3.57E+06,2269005,2269003,0,430550
100,2.14E+08,3.54E+06,2269007,2269010,0,430550
100,2.14E+08,3.79E+06,2269008,2269008,0,430550
100,2.14E+08,3.58E+06,2269009,2269006,0,430550
100,2.14E+08,3.57E+06,2269021,2269021,0,430550
100,2.14E+08,3.58E+06,2269027,2269025,0,430550
100,1.99E+08,3.56E+06,2269031,2269031,0,372500
100,2.14E+08,3.54E+06,2269032,2269032,0,430550
100,2.17E+08,3.64E+06,2269032,2269034,0,439650
100,1.99E+08,3.70E+06,2269051,2269053,0,369550
100,2.17E+08,3.54E+06,2269051,2269053,0,439650
100,1.98E+08,4.01E+06,2269053,2269054,0,367750
100,2.07E+08,3.55E+06,2269057,2269057,0,400750
100,2.14E+08,3.55E+06,2269057,2269052,0,430550
100,2.17E+08,3.61E+06,2269057,2269053,0,439650
100,2.07E+08,3.54E+06,2269066,2269065,0,400750
100,2.17E+08,3.54E+06,2269071,2269071,0,439650
100,1.99E+08,3.61E+06,2269073,2269073,0,369550
100,2.07E+08,3.58E+06,2269077,2269077,0,400750
100,1.99E+08,3.66E+06,2269081,2269081,0,372500
100,2.14E+08,3.55E+06,2269084,2269086,0,430550
100,2.17E+08,3.58E+06,2269085,2269086,0,439650
100,1.99E+08,3.56E+06,2269088,2269086,0,372500
100,2.14E+08,3.56E+06,2269092,2269092,0,430550
100,2.14E+08,3.54E+06,2269094,2269096,0,430550
100,2.02E+08,3.65E+06,2269098,2269099,0,384700
100,2.15E+08,4.15E+06,2269101,2269101,0,431000
100,2.02E+08,3.63E+06,2269108,2269108,0,384700
100,2.17E+08,3.55E+06,2269111,2269111,0,439750
100,2.14E+08,3.69E+06,2269113,2269113,0,430550
100,2.14E+08,3.54E+06,2269113,2269112,0,430550
100,2.17E+08,3.56E+06,2269114,2269114,0,439650
100,2.07E+08,3.55E+06,2269118,2269117,0,400650
100,2.07E+08,3.54E+06,2269118,2269118,0,400650
100,2.17E+08,3.55E+06,2269119,2269120,0,439750
100,2.14E+08,4.04E+06,2269123,2269123,0,430550
100,2.17E+08,3.62E+06,2269129,2269129,0,439650
100,2.17E+08,3.57E+06,2269130,2269132,0,439650
100,2.07E+08,3.55E+06,2269137,2269134,0,400750
100,2.14E+08,3.58E+06,2269138,2269135,0,430550
100,1.99E+08,3.59E+06,2269139,2269142,0,372500
100,2.02E+08,3.81E+06,2269139,2269139,0,384700
100,2.02E+08,3.69E+06,2269142,2269142,0,384300
100,2.14E+08,3.54E+06,2269142,2269143,0,430550
100,2.07E+08,3.54E+06,2269161,2269161,0,400750
100,2.07E+08,3.58E+06,2269164,2269164,0,400750
100,2.14E+08,3.55E+06,2269164,2269164,0,430550
100,2.14E+08,3.55E+06,2269166,2269166,0,430550
100,2.07E+08,3.56E+06,2269167,2269167,0,400650
100,2.07E+08,3.55E+06,2269167,2269167,0,400650
100,2.14E+08,3.55E+06,2269175,2269175,0,430550
100,2.07E+08,3.58E+06,2269178,2269178,0,400650
100,2.07E+08,3.54E+06,2269179,2269179,0,400750
100,2.17E+08,3.56E+06,2269179,2269179,0,439650
100,2.14E+08,3.55E+06,2269184,2269183,0,430550
100,2.14E+08,3.55E+06,2269189,2269184,0,430550
100,2.02E+08,3.54E+06,2269190,2269195,0,384700
100,2.07E+08,3.58E+06,2269193,2269193,0,400650
100,2.02E+08,3.61E+06,2269198,2269201,0,384700
100,2.07E+08,3.54E+06,2269206,2269202,0,400650
100,2.17E+08,3.54E+06,2269206,2269206,0,439650
100,2.17E+08,3.63E+06,2269208,2269207,0,439650
100,2.17E+08,3.56E+06,2269208,2269211,0,439750
100,2.15E+08,3.80E+06,2269211,2269208,0,430550
100,2.17E+08,3.57E+06,2269214,2269214,0,439650
100,2.07E+08,3.54E+06,2269220,2269220,0,400750
100,2.17E+08,3.55E+06,2269223,2269223,0,439650
100,2.17E+08,3.60E+06,2269223,2269223,0,439650
100,2.07E+08,3.57E+06,2269227,2269227,0,400750
100,2.02E+08,3.61E+06,2269237,2269237,0,384700
100,2.07E+08,3.56E+06,2269238,2269238,0,400750
100,1.99E+08,3.64E+06,2269240,2269240,0,369550
100,2.14E+08,3.57E+06,2269245,2269245,0,430550
100,1.99E+08,3.64E+06,2269246,2269245,0,372500
100,2.07E+08,3.56E+06,2269252,2269252,0,400650
100,2.14E+08,3.66E+06,2269253,2269253,0,430550
100,2.17E+08,3.57E+06,2269261,2269261,0,439650
100,2.14E+08,3.58E+06,2269262,2269259,0,430550
100,2.14E+08,3.56E+06,2269266,2269266,0,430550
100,2.17E+08,3.54E+06,2269267,2269270,0,439750
100,2.17E+08,3.56E+06,2269270,2269270,0,439650
100,2.17E+08,3.56E+06,2269270,2269270,0,439650
100,2.07E+08,3.57E+06,2269274,2269270,0,400650
100,2.17E+08,3.55E+06,2269278,2269278,0,439650
100,2.14E+08,3.55E+06,2269283,2269282,0,430550
100,2.02E+08,3.64E+06,2269290,2269288,0,384700
100,2.14E+08,3.57E+06,2269290,2269282,0,430550
100,1.99E+08,3.54E+06,2269291,2269293,0,372500
100,2.14E+08,3.54E+06,2269293,2269294,0,430550
100,2.07E+08,3.55E+06,2269298,2269296,0,400750
100,2.17E+08,3.56E+06,2269301,2269300,0,439650
100,2.07E+08,3.59E+06,2269303,2269303,0,400750
100,2.14E+08,3.56E+06,2269303,2269303,0,430550
100,2.02E+08,3.57E+06,2269304,2269306,0,384300
100,2.07E+08,3.60E+06,2269304,2269304,0,400650
100,2.17E+08,3.56E+06,2269306,2269306,0,439750
100,2.07E+08,3.54E+06,2269307,2269311,0,400750
100,2.07E+08,3.55E+06,2269311,2269305,0,400650
100,2.07E+08,3.82E+06,2269312,2269312,0,399300
100,2.14E+08,3.56E+06,2269315,2269312,0,430550
100,2.14E+08,3.57E+06,2269317,2269317,0,430550
100,2.14E+08,3.58E+06,2269318,2269318,0,430550
100,2.17E+08,3.57E+06,2269319,2269323,0,439750
100,2.14E+08,3.55E+06,2269320,2269317,0,430550
100,2.02E+08,3.75E+06,2269322,2269323,0,384700
100,2.02E+08,3.57E+06,2269327,2269324,0,384700
100,2.17E+08,3.57E+06,2269327,2269328,0,439650
100,2.07E+08,3.56E+06,2269330,2269330,0,400650
100,2.17E+08,3.60E+06,2269335,2269338,0,439650
100,2.07E+08,3.56E+06,2269336,2269334,0,400750
100,2.14E+08,3.56E+06,2269347,2269346,0,430550
100,2.14E+08,3.56E+06,2269349,2269349,0,430550
100,2.02E+08,3.63E+06,2269350,2269350,0,384700
100,2.17E+08,3.57E+06,2269350,2269350,0,439650
100,2.17E+08,3.54E+06,2269352,2269352,0,439650
100,2.17E+08,3.56E+06,2269360,2269360,0,439650
100,2.14E+08,3.56E+06,2269363,2269363,0,430550
100,2.17E+08,3.54E+06,2269372,2269372,0,439750
100,2.14E+08,3.55E+06,2269378,2269378,0,430550
100,2.14E+08,3.55E+06,2269378,2269378,0,430550
100,2.17E+08,3.54E+06,2269378,2269378,0,439650
100,2.14E+08,3.71E+06,2269384,2269384,0,430550
100,2.17E+08,3.82E+06,2269391,2269388,0,439650
100,2.17E+08,3.55E+06,2269392,2269394,0,439650
100,1.99E+08,3.56E+06,2269397,2269397,0,372500
100,2.07E+08,3.55E+06,2269397,2269397,0,400750
100,2.02E+08,3.65E+06,2269402,2269402,0,384700
100,2.14E+08,3.55E+06,2269403,2269403,0,430550
100,2.17E+08,3.70E+06,2269404,2269404,0,439750
100,2.14E+08,3.54E+06,2269408,2269408,0,430550
100,2.14E+08,3.58E+06,2269410,2269406,0,430550
100,1.99E+08,3.58E+06,2269420,2269421,0,372500
100,2.07E+08,3.75E+06,2269422,2269422,0,400750
100,2.17E+08,3.56E+06,2269424,2269422,0,439650
100,2.14E+08,3.55E+06,2269431,2269434,0,430550
100,1.99E+08,3.54E+06,2269432,2269432,0,372500
100,2.14E+08,3.56E+06,2269436,2269431,0,430550
100,2.02E+08,3.57E+06,2269441,2269441,0,384700
100,2.14E+08,3.54E+06,2269441,2269440,0,430550
100,2.07E+08,3.57E+06,2269442,2269441,0,400650
100,2.07E+08,3.59E+06,2269443,2269444,0,400750
100,2.00E+08,3.79E+06,2269448,2269447,0,378600
100,2.17E+08,3.58E+06,2269451,2269451,0,439650
100,2.02E+08,3.62E+06,2269453,2269453,0,384700
100,1.99E+08,3.59E+06,2269455,2269455,0,369550
100,2.14E+08,3.96E+06,2269465,2269465,0,430550
100,2.14E+08,3.56E+06,2269465,2269460,0,430550
100,2.07E+08,3.57E+06,2269466,2269467,0,400650
100,2.17E+08,3.57E+06,2269467,2269467,0,439650
100,2.02E+08,3.61E+06,2269476,2269475,0,384700
100,1.99E+08,3.57E+06,2269485,2269485,0,372500
100,2.07E+08,3.68E+06,2269488,2269487,0,400750
100,1.99E+08,3.57E+06,2269491,2269491,0,369550
100,2.17E+08,3.55E+06,2269491,2269493,0,439650
100,1.99E+08,3.55E+06,2269492,2269489,0,372500
100,2.07E+08,3.55E+06,2269496,2269494,0,400650
100,2.14E+08,3.56E+06,2269499,2269500,0,430550
100,2.17E+08,3.61E+06,2269509,2269509,0,439650
100,1.99E+08,3.57E+06,2269512,2269510,0,372500
100,1.99E+08,3.58E+06,2269512,2269512,0,372500
100,2.07E+08,3.56E+06,2269517,2269517,0,400750
100,2.17E+08,3.54E+06,2269517,2269517,0,439750
100,2.14E+08,3.55E+06,2269518,2269519,0,430550
100,2.15E+08,3.90E+06,2269527,2269527,0,431000
100,1.99E+08,3.79E+06,2269528,2269528,0,369550
100,2.17E+08,3.57E+06,2269537,2269538,0,439650
100,2.14E+08,3.54E+06,2269538,2269535,0,430550
100,2.14E+08,3.57E+06,2269542,2269541,0,430550
100,2.02E+08,3.71E+06,2269545,2269545,0,384700
100,1.99E+08,3.57E+06,2269552,2269551,0,372500
100,2.02E+08,3.59E+06,2269552,2269553,0,384700
100,2.14E+08,3.75E+06,2269553,2269553,0,430550
100,2.17E+08,3.57E+06,2269555,2269555,0,439750
100,2.17E+08,3.54E+06,2269558,2269557,0,439650
100,2.15E+08,4.27E+06,2269559,2269556,0,431000
100,2.14E+08,3.60E+06,2269564,2269563,0,430550
100,1.99E+08,3.62E+06,2269565,2269565,0,372500
100,2.01E+08,3.75E+06,2269566,2269563,0,381050
100,2.14E+08,3.59E+06,2269573,2269573,0,430550
100,2.07E+08,3.54E+06,2269584,2269584,0,400750
100,2.17E+08,3.58E+06,2269588,2269588,0,439650
100,2.17E+08,3.54E+06,2269588,2269586,0,439650
100,2.14E+08,3.55E+06,2269592,2269592,0,430550
100,2.14E+08,3.56E+06,2269596,2269596,0,430550
100,2.17E+08,3.65E+06,2269602,2269606,0,439650
100,2.17E+08,3.64E+06,2269602,2269602,0,439650
100,2.14E+08,3.54E+06,2269603,2269604,0,430550
100,2.14E+08,3.54E+06,2269604,2269604,0,430550
100,1.99E+08,3.65E+06,2269606,2269606,0,369550
100,2.02E+08,3.63E+06,2269607,2269607,0,384700
100,2.14E+08,3.56E+06,2269612,2269612,0,430550
100,1.89E+08,4.07E+06,2269614,2269614,0,338350
100,2.07E+08,3.54E+06,2269614,2269612,0,400750
100,2.14E+08,3.64E+06,2269617,2269617,0,430550
100,2.17E+08,3.54E+06,2269618,2269619,0,439650
100,2.14E+08,3.57E+06,2269619,2269618,0,430550
100,2.07E+08,3.57E+06,2269624,2269624,0,400650
100,2.14E+08,3.55E+06,2269625,2269625,0,430550
100,2.07E+08,3.57E+06,2269628,2269627,0,400750
100,2.17E+08,3.55E+06,2269628,2269631,0,439650
100,2.17E+08,3.56E+06,2269631,2269626,0,439650
100,2.14E+08,3.55E+06,2269638,2269638,0,430550
100,1.99E+08,3.62E+06,2269641,2269639,0,372500
100,2.02E+08,3.72E+06,2269646,2269646,0,384700
100,1.99E+08,3.64E+06,2269649,2269649,0,372500
100,2.17E+08,3.60E+06,2269649,2269651,0,439650
100,2.14E+08,3.73E+06,2269650,2269650,0,430550
100,1.99E+08,3.58E+06,2269652,2269654,0,369550
100,2.14E+08,3.73E+06,2269653,2269649,0,430550
100,2.14E+08,3.63E+06,2269659,2269659,0,430550
100,1.99E+08,3.77E+06,2269661,2269661,0,369550
100,2.07E+08,3.58E+06,2269667,2269667,0,400650
100,2.17E+08,3.70E+06,2269673,2269670,0,439650
100,2.14E+08,3.58E+06,2269678,2269677,0,430550
100,2.17E+08,3.57E+06,2269685,2269685,0,439650
100,2.07E+08,3.55E+06,2269689,2269689,0,400750
100,2.14E+08,3.57E+06,2269690,2269690,0,430550
100,2.07E+08,3.55E+06,2269691,2269691,0,400750
100,2.14E+08,3.61E+06,2269691,2269692,0,430550
100,1.98E+08,3.67E+06,2269693,2269695,0,367450
100,2.07E+08,3.55E+06,2269699,2269699,0,400650
100,2.14E+08,3.69E+06,2269709,2269709,0,430550
100,2.07E+08,3.56E+06,2269715,2269715,0,400750
100,2.14E+08,3.59E+06,2269715,2269716,0,430550
100,2.14E+08,3.65E+06,2269720,2269719,0,430550
100,2.07E+08,3.58E+06,2269722,2269720,0,400750
100,1.99E+08,3.62E+06,2269732,2269732,0,372500
100,2.17E+08,3.58E+06,2269732,2269732,0,439650
100,2.07E+08,3.59E+06,2269742,2269742,0,400750
100,2.17E+08,3.54E+06,2269750,2269750,0,439650
100,2.15E+08,3.77E+06,2269753,2269754,0,430550
100,2.14E+08,3.56E+06,2269760,2269760,0,430550
100,1.99E+08,3.67E+06,2269761,2269764,0,369550
100,2.14E+08,3.63E+06,2269768,2269768,0,430550
100,2.02E+08,3.55E+06,2269774,2269774,0,384300
100,2.14E+08,3.54E+06,2269780,2269780,0,430550
100,2.01E+08,4.13E+06,2269781,2269781,0,382000
100,2.14E+08,3.54E+06,2269781,2269781,0,430550
100,2.14E+08,3.60E+06,2269788,2269789,0,430550
100,2.07E+08,3.57E+06,2269789,2269789,0,400750
100,1.99E+08,3.61E+06,2269793,2269793,0,369550
100,2.07E+08,3.65E+06,2269796,2269796,0,400750
100,2.02E+08,3.55E+06,2269806,2269806,0,384700
100,2.07E+08,3.86E+06,2269806,2269806,0,400750
100,1.99E+08,3.58E+06,2269807,2269807,0,369550
100,2.02E+08,3.66E+06,2269811,2269811,0,384700
100,2.07E+08,3.54E+06,2269811,2269813,0,400650
100,2.17E+08,3.64E+06,2269813,2269813,0,439650
100,2.17E+08,3.54E+06,2269814,2269814,0,439650
100,2.17E+08,3.65E+06,2269817,2269817,0,439650
100,2.14E+08,3.54E+06,2269822,2269821,0,430550
100,2.02E+08,3.62E+06,2269823,2269823,0,384700
100,2.01E+08,3.77E+06,2269831,2269831,0,382650
100,2.07E+08,3.56E+06,2269832,2269832,0,400750
100,1.99E+08,3.60E+06,2269833,2269833,0,372500
100,1.99E+08,3.69E+06,2269835,2269835,0,369550
100,2.08E+08,3.64E+06,2269835,2269836,0,401600
100,2.07E+08,3.59E+06,2269840,2269840,0,400650
100,2.02E+08,3.64E+06,2269846,2269847,0,384700
100,1.99E+08,3.56E+06,2269847,2269847,0,372500
100,2.17E+08,3.54E+06,2269853,2269853,0,439650
100,2.14E+08,3.54E+06,2269854,2269853,0,430550
100,1.99E+08,3.56E+06,2269857,2269857,0,369550
100,2.17E+08,3.56E+06,2269860,2269860,0,439650
100,2.14E+08,3.62E+06,2269861,2269861,0,430550
100,2.07E+08,3.55E+06,2269864,2269864,0,400650
100,2.17E+08,3.54E+06,2269867,2269869,0,439650
100,2.17E+08,3.66E+06,2269871,2269864,0,439650
100,2.07E+08,3.55E+06,2269877,2269877,0,400750
100,2.14E+08,3.56E+06,2269878,2269878,0,430550
100,2.02E+08,3.61E+06,2269883,2269883,0,384700
100,2.14E+08,3.57E+06,2269886,2269887,0,430550
100,2.14E+08,3.57E+06,2269888,2269888,0,430550
100,2.07E+08,3.55E+06,2269893,2269895,0,400750
100,2.02E+08,3.73E+06,2269899,2269899,0,384700
100,2.14E+08,3.56E+06,2269900,2269900,0,430550
100,2.02E+08,3.66E+06,2269909,2269909,0,384700
100,2.07E+08,3.55E+06,2269911,2269911,0,400650
100,2.07E+08,3.56E+06,2269911,2269909,0,400750
100,2.07E+08,3.55E+06,2269912,2269913,0,399500
100,1.99E+08,3.56E+06,2269918,2269920,0,369550
100,2.14E+08,3.54E+06,2269921,2269921,0,430550
100,2.17E+08,3.55E+06,2269923,2269923,0,439650
100,2.14E+08,3.95E+06,2269926,2269925,0,430550
100,2.14E+08,3.87E+06,2269942,2269943,0,430550
100,2.02E+08,3.57E+06,2269946,2269946,0,384300
100,2.17E+08,3.61E+06,2269946,2269946,0,439650
100,2.14E+08,3.65E+06,2269949,2269949,0,430550
100,2.07E+08,3.66E+06,2269950,2269950,0,400750
100,2.07E+08,3.58E+06,2269951,2269952,0,400750
100,2.15E+08,4.28E+06,2269954,2269956,0,430550
100,2.17E+08,3.54E+06,2269954,2269952,0,439650
100,2.14E+08,3.56E+06,2269955,2269955,0,430550
100,2.14E+08,3.63E+06,2269956,2269956,0,430550
100,1.99E+08,3.58E+06,2269957,2269957,0,369550
100,2.17E+08,3.54E+06,2269967,2269967,0,439650
100,2.14E+08,3.75E+06,2269969,2269969,0,430550
100,2.02E+08,3.58E+06,2269971,2269971,0,384700
100,2.07E+08,3.57E+06,2269971,2269971,0,400750
100,1.99E+08,3.54E+06,2269973,2269973,0,372500
100,2.07E+08,3.56E+06,2269975,2269975,0,400750
100,2.14E+08,3.57E+06,2269977,2269977,0,430550
100,2.17E+08,3.55E+06,2269977,2269977,0,439750
100,2.02E+08,3.57E+06,2269981,2269981,0,384700
100,2.07E+08,3.54E+06,2269982,2269982,0,400750
100,2.17E+08,3.63E+06,2269982,2269980,0,439650
100,2.07E+08,3.58E+06,2269986,2269986,0,400750
100,2.07E+08,3.66E+06,2269989,2269989,0,399500
100,2.17E+08,3.58E+06,2269991,2269990,0,439650
100,2.17E+08,3.56E+06,2269993,2269993,0,439650
100,2.17E+08,3.58E+06,2269995,2269995,0,439650
100,1.99E+08,3.64E+06,2269996,2269996,0,369550
100,2.17E+08,3.58E+06,2269996,2269998,0,439750
100,2.14E+08,3.65E+06,2269998,2269998,0,430550
100,2.14E+08,3.57E+06,2269999,2269997,0,430550
100,2.14E+08,3.54E+06,2270000,2269993,0,430550
100,2.17E+08,3.57E+06,2270000,2270000,0,439650
100,1.99E+08,3.59E+06,2270004,2270006,0,372500
100,2.14E+08,3.68E+06,2270008,2270008,0,430550
100,2.02E+08,3.54E+06,2270009,2270012,0,384300
100,2.14E+08,3.67E+06,2270011,2270009,0,430550
100,2.17E+08,3.55E+06,2270011,2270011,0,439650
100,2.17E+08,3.57E+06,2270011,2270010,0,439750
100,2.07E+08,3.55E+06,2270017,2270017,0,400750
100,2.14E+08,3.61E+06,2270017,2270015,0,430550
100,2.14E+08,3.63E+06,2270021,2270023,0,430550
100,2.14E+08,3.56E+06,2270025,2270025,0,430550
100,2.02E+08,3.55E+06,2270032,2270031,0,384700
100,2.17E+08,3.62E+06,2270033,2270036,0,439650
100,2.14E+08,3.55E+06,2270037,2270037,0,430550
100,2.17E+08,3.66E+06,2270041,2270043,0,439650
100,2.07E+08,3.55E+06,2270043,2270041,0,400750
100,2.02E+08,3.75E+06,2270047,2270046,0,385000
100,2.07E+08,3.57E+06,2270049,2270049,0,400650
100,2.17E+08,3.57E+06,2270051,2270055,0,439750
100,2.07E+08,3.54E+06,2270052,2270052,0,400650
100,2.02E+08,4.07E+06,2270057,2270055,0,384700
100,2.14E+08,3.57E+06,2270059,2270059,0,430550
100,2.07E+08,3.55E+06,2270064,2270064,0,400750
100,2.17E+08,3.57E+06,2270066,2270066,0,438200
100,1.99E+08,3.54E+06,2270075,2270075,0,369550
100,2.17E+08,3.56E+06,2270075,2270076,0,439650
100,2.14E+08,3.59E+06,2270078,2270077,0,430550
100,1.89E+08,3.79E+06,2270082,2270082,0,338600
100,2.17E+08,3.55E+06,2270086,2270089,0,439650
100,2.07E+08,3.55E+06,2270094,2270089,0,400650
100,2.07E+08,3.57E+06,2270100,2270100,0,400650
100,2.14E+08,3.54E+06,2270103,2270102,0,430550
100,2.17E+08,3.59E+06,2270104,2270104,0,439650
100,2.17E+08,3.55E+06,2270104,2270104,0,439750
100,2.17E+08,3.83E+06,2270107,2270104,0,438350
100,2.07E+08,3.54E+06,2270108,2270108,0,400650
100,2.07E+08,3.54E+06,2270109,2270109,0,400750
100,2.14E+08,3.55E+06,2270113,2270113,0,430550
100,2.17E+08,3.55E+06,2270115,2270115,0,439650
100,1.99E+08,3.62E+06,2270121,2270121,0,369550
100,2.14E+08,3.55E+06,2270127,2270127,0,430550
100,2.14E+08,3.56E+06,2270129,2270129,0,430550
100,2.15E+08,3.70E+06,2270129,2270129,0,430550
100,1.99E+08,3.66E+06,2270132,2270130,0,372500
100,2.02E+08,3.68E+06,2270137,2270137,0,384700
100,2.17E+08,3.55E+06,2270138,2270138,0,439650
100,1.99E+08,3.54E+06,2270141,2270141,0,369550
100,2.14E+08,3.55E+06,2270142,2270140,0,430550
100,2.02E+08,3.64E+06,2270146,2270146,0,384700
100,2.14E+08,3.58E+06,2270146,2270148,0,430550
100,2.07E+08,3.56E+06,2270147,2270147,0,400650
100,2.17E+08,3.60E+06,2270158,2270155,0,439650
100,2.07E+08,3.54E+06,2270159,2270158,0,400750
100,2.17E+08,3.82E+06,2270165,2270167,0,439650
100,2.17E+08,3.56E+06,2270165,2270164,0,439650
100,2.17E+08,3.55E+06,2270168,2270168,0,439750
100,2.02E+08,3.55E+06,2270169,2270169,0,384700
100,2.07E+08,3.54E+06,2270172,2270168,0,400650
100,2.14E+08,3.57E+06,2270172,2270173,0,430550
100,2.14E+08,3.63E+06,2270174,2270171,0,430550
100,2.14E+08,3.56E+06,2270174,2270170,0,430550
100,1.99E+08,3.68E+06,2270177,2270177,0,372500
100,2.02E+08,3.55E+06,2270179,2270174,0,384700
100,2.17E+08,3.56E+06,2270183,2270183,0,439650
100,2.17E+08,3.54E+06,2270187,2270187,0,439750
100,2.07E+08,3.55E+06,2270190,2270194,0,400650
100,2.17E+08,3.67E+06,2270193,2270193,0,439650
100,2.17E+08,3.59E+06,2270194,2270194,0,439750
100,2.17E+08,3.72E+06,2270200,2270200,0,439650
100,2.07E+08,3.56E+06,2270201,2270199,0,400650
100,2.07E+08,3.54E+06,2270204,2270204,0,400650
100,2.02E+08,3.55E+06,2270207,2270210,0,384700
100,2.17E+08,3.61E+06,2270207,2270209,0,439650
100,2.17E+08,3.55E+06,2270208,2270211,0,439750
100,2.14E+08,3.55E+06,2270209,2270209,0,430550
100,2.17E+08,3.55E+06,2270209,2270205,0,439650
100,1.99E+08,3.63E+06,2270212,2270212,0,369550
100,2.07E+08,3.56E+06,2270212,2270211,0,400650
100,2.07E+08,3.54E+06,2270214,2270214,0,400650
100,2.07E+08,3.56E+06,2270216,2270216,0,400750
100,2.17E+08,3.56E+06,2270218,2270215,0,439650
100,2.07E+08,3.54E+06,2270222,2270222,0,400650
100,2.15E+08,3.76E+06,2270222,2270221,0,430700
100,2.17E+08,3.57E+06,2270222,2270222,0,439650
100,2.17E+08,3.54E+06,2270222,2270220,0,439650
100,2.14E+08,3.59E+06,2270223,2270223,0,430550
100,2.07E+08,3.55E+06,2270226,2270225,0,400750
100,2.14E+08,3.63E+06,2270228,2270224,0,430550
100,2.07E+08,3.59E+06,2270230,2270233,0,400650
100,2.14E+08,3.54E+06,2270246,2270243,0,430550
100,2.17E+08,3.73E+06,2270247,2270251,0,439750
100,2.02E+08,3.58E+06,2270251,2270252,0,384700
100,2.17E+08,3.54E+06,2270267,2270267,0,439650
100,2.07E+08,3.56E+06,2270269,2270274,0,400750
100,2.14E+08,3.56E+06,2270269,2270269,0,430550
100,2.17E+08,3.73E+06,2270271,2270270,0,439750
100,2.07E+08,3.56E+06,2270273,2270273,0,400750
100,2.14E+08,3.54E+06,2270273,2270271,0,430550
100,2.07E+08,3.56E+06,2270274,2270277,0,400750
100,2.17E+08,3.54E+06,2270274,2270275,0,439650
100,2.07E+08,3.54E+06,2270281,2270280,0,400650
100,1.96E+08,3.73E+06,2270282,2270282,0,360500
100,2.17E+08,3.65E+06,2270284,2270284,0,438200
100,2.02E+08,3.56E+06,2270293,2270295,0,384700
100,2.17E+08,3.55E+06,2270293,2270293,0,439650
100,2.14E+08,3.55E+06,2270295,2270293,0,430550
100,1.99E+08,3.56E+06,2270302,2270303,0,372500
100,2.07E+08,3.54E+06,2270304,2270305,0,400650
100,2.07E+08,3.55E+06,2270305,2270298,0,400650
100,2.07E+08,3.55E+06,2270306,2270305,0,400650
100,2.14E+08,3.58E+06,2270306,2270307,0,430550
100,2.07E+08,3.72E+06,2270311,2270311,0,400750
100,2.07E+08,3.64E+06,2270320,2270320,0,400650
100,1.99E+08,3.65E+06,2270322,2270322,0,372500
100,2.02E+08,3.79E+06,2270325,2270326,0,384700
100,2.14E+08,3.54E+06,2270332,2270330,0,430550
100,2.14E+08,4.18E+06,2270332,2270333,0,430550
100,2.17E+08,3.83E+06,2270333,2270331,0,439650
100,2.17E+08,3.61E+06,2270333,2270333,0,439650
100,2.02E+08,3.78E+06,2270339,2270339,0,384700
100,2.17E+08,3.60E+06,2270341,2270340,0,439650
100,2.17E+08,3.54E+06,2270342,2270342,0,439650
100,2.17E+08,3.58E+06,2270349,2270348,0,439650
100,2.02E+08,3.70E+06,2270350,2270350,0,384700
100,2.17E+08,3.54E+06,2270351,2270351,0,439750
100,2.07E+08,3.55E+06,2270352,2270352,0,400750
100,2.17E+08,3.54E+06,2270359,2270357,0,439650
100,2.02E+08,3.65E+06,2270360,2270360,0,384300
100,2.07E+08,3.54E+06,2270361,2270359,0,400750
100,1.98E+08,3.68E+06,2270362,2270362,0,367450
100,1.99E+08,3.54E+06,2270362,2270363,0,369550
100,1.99E+08,3.61E+06,2270370,2270370,0,369550
100,2.17E+08,3.56E+06,2270371,2270370,0,439650
100,2.02E+08,3.63E+06,2270374,2270374,0,384700
100,1.99E+08,3.57E+06,2270377,2270373,0,369550
100,2.17E+08,3.59E+06,2270380,2270377,0,439650
100,2.17E+08,3.56E+06,2270382,2270382,0,439750
100,2.14E+08,3.56E+06,2270383,2270378,0,430550
100,2.17E+08,3.55E+06,2270383,2270383,0,439750
100,2.17E+08,3.60E+06,2270387,2270387,0,439650
100,2.14E+08,3.55E+06,2270390,2270390,0,430550
100,2.14E+08,3.57E+06,2270393,2270391,0,430550
100,2.17E+08,3.54E+06,2270396,2270396,0,439650
100,2.17E+08,3.60E+06,2270399,2270398,0,439650
100,2.14E+08,3.62E+06,2270400,2270399,0,430550
100,2.07E+08,3.56E+06,2270410,2270410,0,400750
100,2.07E+08,3.55E+06,2270413,2270413,0,400650
100,2.14E+08,3.54E+06,2270413,2270413,0,430550
100,2.02E+08,3.58E+06,2270425,2270426,0,384700
100,2.02E+08,3.57E+06,2270429,2270425,0,384300
100,2.03E+08,3.74E+06,2270430,2270425,0,387100
100,2.07E+08,3.54E+06,2270433,2270432,0,400650
100,2.02E+08,3.61E+06,2270435,2270430,0,384700
100,2.14E+08,3.58E+06,2270441,2270441,0,430550
100,2.15E+08,3.83E+06,2270441,2270441,0,430550
100,2.17E+08,3.55E+06,2270444,2270444,0,438200
100,2.17E+08,3.54E+06,2270447,2270447,0,439750
100,2.14E+08,4.00E+06,2270449,2270449,0,430550
100,2.17E+08,3.64E+06,2270452,2270453,0,439650
100,2.17E+08,3.54E+06,2270456,2270455,0,439650
100,2.07E+08,3.57E+06,2270471,2270473,0,400650
100,2.02E+08,3.80E+06,2270472,2270472,0,384700
100,2.17E+08,3.56E+06,2270474,2270472,0,439750
100,2.17E+08,3.54E+06,2270478,2270477,0,439650
100,2.17E+08,3.57E+06,2270481,2270486,0,439650
100,2.14E+08,3.55E+06,2270487,2270487,0,430550
100,2.17E+08,3.62E+06,2270489,2270490,0,439650
100,2.07E+08,3.56E+06,2270490,2270492,0,400750
100,1.99E+08,3.75E+06,2270498,2270498,0,369550
100,2.17E+08,3.74E+06,2270501,2270501,0,439650
100,2.17E+08,3.66E+06,2270502,2270502,0,439650
100,2.14E+08,3.56E+06,2270504,2270503,0,430550
100,2.14E+08,3.55E+06,2270515,2270515,0,430550
100,1.96E+08,3.70E+06,2270519,2270522,0,359600
100,2.17E+08,3.65E+06,2270522,2270522,0,438200
100,2.02E+08,3.66E+06,2270523,2270523,0,385000
100,2.07E+08,3.57E+06,2270526,2270518,0,400750
100,2.07E+08,3.59E+06,2270532,2270531,0,400650
100,1.98E+08,3.88E+06,2270533,2270531,0,367450
100,2.07E+08,3.54E+06,2270534,2270535,0,400650
100,2.07E+08,3.61E+06,2270535,2270535,0,400750
100,2.07E+08,3.55E+06,2270540,2270540,0,400650
100,2.02E+08,4.00E+06,2270541,2270540,0,384700
100,2.14E+08,3.59E+06,2270541,2270541,0,430550
100,2.07E+08,3.56E+06,2270542,2270542,0,400750
100,2.14E+08,3.56E+06,2270545,2270541,0,430550
100,2.14E+08,3.60E+06,2270546,2270546,0,430550
100,2.17E+08,3.69E+06,2270553,2270553,0,439650
100,2.14E+08,3.56E+06,2270560,2270560,0,430550
100,2.14E+08,3.56E+06,2270561,2270560,0,430550
100,2.15E+08,3.86E+06,2270568,2270568,0,430700
100,2.02E+08,3.60E+06,2270573,2270573,0,384700
100,2.07E+08,3.54E+06,2270578,2270580,0,400650
100,2.17E+08,3.55E+06,2270579,2270580,0,439650
100,2.14E+08,3.79E+06,2270594,2270593,0,430550
100,1.99E+08,3.56E+06,2270595,2270593,0,372500
100,2.14E+08,3.56E+06,2270600,2270601,0,430550
100,2.17E+08,3.56E+06,2270600,2270600,0,439750
100,2.07E+08,3.60E+06,2270604,2270604,0,400650
100,2.17E+08,3.55E+06,2270606,2270606,0,439650
100,2.07E+08,3.54E+06,2270608,2270608,0,400750
100,2.17E+08,3.57E+06,2270623,2270625,0,439650
100,2.07E+08,3.56E+06,2270629,2270630,0,400750
100,2.17E+08,3.57E+06,2270629,2270631,0,439650
100,1.99E+08,3.57E+06,2270630,2270630,0,372500
100,2.17E+08,3.55E+06,2270633,2270631,0,439650
100,2.14E+08,3.56E+06,2270635,2270635,0,430550
100,2.07E+08,3.55E+06,2270637,2270637,0,400650
100,2.07E+08,3.57E+06,2270638,2270637,0,400650
100,2.17E+08,3.56E+06,2270639,2270637,0,439650
100,2.02E+08,3.59E+06,2270642,2270641,0,384700
100,2.07E+08,3.56E+06,2270646,2270646,0,400650
100,2.07E+08,3.54E+06,2270648,2270648,0,400750
100,1.99E+08,3.57E+06,2270654,2270654,0,372500
100,1.99E+08,3.56E+06,2270667,2270668,0,369550
100,2.02E+08,3.54E+06,2270669,2270667,0,384700
100,2.14E+08,3.56E+06,2270669,2270669,0,430550
100,2.02E+08,3.93E+06,2270675,2270678,0,384700
100,2.02E+08,3.55E+06,2270690,2270690,0,384300
100,2.17E+08,3.65E+06,2270695,2270695,0,439650
100,1.99E+08,3.67E+06,2270699,2270699,0,369550
100,2.14E+08,3.57E+06,2270702,2270701,0,430550
100,2.07E+08,3.60E+06,2270708,2270708,0,399500
100,2.17E+08,3.54E+06,2270708,2270709,0,439650
100,2.17E+08,3.54E+06,2270725,2270723,0,439650
100,2.17E+08,3.57E+06,2270731,2270732,0,439650
100,2.07E+08,3.54E+06,2270733,2270733,0,400750
100,2.17E+08,3.62E+06,2270739,2270739,0,439650
100,2.02E+08,3.61E+06,2270748,2270748,0,384700
100,2.17E+08,3.56E+06,2270752,2270752,0,439650
100,2.14E+08,3.56E+06,2270754,2270754,0,430550
100,2.14E+08,3.57E+06,2270754,2270753,0,430550
100,2.14E+08,3.58E+06,2270756,2270756,0,430550
100,2.14E+08,3.60E+06,2270761,2270761,0,430550
100,1.99E+08,3.61E+06,2270777,2270777,0,369550
100,1.99E+08,3.60E+06,2270777,2270777,0,372500
100,2.17E+08,3.57E+06,2270778,2270778,0,439750
100,2.14E+08,3.54E+06,2270782,2270781,0,430550
100,2.07E+08,3.54E+06,2270793,2270793,0,400650
100,2.17E+08,3.57E+06,2270799,2270798,0,439650
100,2.14E+08,3.54E+06,2270801,2270800,0,430550
100,2.01E+08,3.73E+06,2270816,2270812,0,382200
100,2.14E+08,3.57E+06,2270819,2270818,0,430550
100,1.99E+08,3.54E+06,2270825,2270825,0,372500
100,2.00E+08,3.72E+06,2270826,2270826,0,378600
100,2.07E+08,3.70E+06,2270827,2270827,0,400750
100,2.07E+08,3.54E+06,2270832,2270832,0,400750
100,2.17E+08,3.57E+06,2270835,2270836,0,439750
100,2.14E+08,3.57E+06,2270839,2270839,0,430550
100,2.02E+08,3.67E+06,2270854,2270851,0,384700
100,2.17E+08,3.54E+06,2270854,2270854,0,439750
100,2.17E+08,3.54E+06,2270855,2270855,0,439650
100,2.14E+08,3.58E+06,2270856,2270857,0,430550
100,2.17E+08,3.56E+06,2270857,2270857,0,439750
100,2.14E+08,3.59E+06,2270859,2270858,0,430550
100,2.17E+08,3.62E+06,2270860,2270860,0,439650
100,2.17E+08,3.59E+06,2270863,2270863,0,439750
100,2.14E+08,3.59E+06,2270865,2270864,0,430550
100,2.14E+08,3.57E+06,2270869,2270870,0,430550
100,2.14E+08,3.55E+06,2270869,2270869,0,430550
100,2.17E+08,3.84E+06,2270869,2270869,0,439750
100,2.14E+08,3.54E+06,2270874,2270873,0,430550
100,2.17E+08,3.63E+06,2270875,2270875,0,439650
100,2.17E+08,3.64E+06,2270878,2270878,0,439650
100,2.07E+08,3.57E+06,2270883,2270879,0,400750
100,1.99E+08,3.83E+06,2270884,2270884,0,371500
100,2.17E+08,3.56E+06,2270884,2270883,0,439650
100,2.07E+08,3.54E+06,2270887,2270887,0,400750
100,2.14E+08,3.58E+06,2270889,2270888,0,430550
100,2.02E+08,3.62E+06,2270891,2270891,0,384300
100,2.17E+08,3.56E+06,2270893,2270893,0,439650
100,2.17E+08,3.57E+06,2270894,2270894,0,439750
100,2.07E+08,3.98E+06,2270895,2270895,0,400750
100,2.02E+08,3.71E+06,2270896,2270896,0,384700
100,2.07E+08,3.72E+06,2270896,2270896,0,399500
100,2.14E+08,3.60E+06,2270897,2270897,0,430550
100,2.17E+08,3.55E+06,2270897,2270897,0,439750
100,2.14E+08,3.76E+06,2270903,2270904,0,430550
100,2.17E+08,3.60E+06,2270904,2270904,0,439750
100,1.82E+08,3.75E+06,2270906,2270910,0,319700
100,2.14E+08,3.54E+06,2270912,2270913,0,430550
100,1.99E+08,3.55E+06,2270913,2270912,0,372500
100,2.07E+08,3.54E+06,2270914,2270916,0,400750
100,2.02E+08,3.54E+06,2270916,2270911,0,384300
100,2.07E+08,3.55E+06,2270919,2270916,0,400650
100,2.17E+08,3.63E+06,2270922,2270925,0,439650
100,2.02E+08,3.58E+06,2270923,2270925,0,384700
100,2.14E+08,3.62E+06,2270924,2270924,0,430550
100,2.07E+08,3.55E+06,2270926,2270927,0,400750
100,2.17E+08,3.62E+06,2270931,2270930,0,439650
100,1.99E+08,3.58E+06,2270932,2270932,0,372500
100,2.17E+08,3.54E+06,2270933,2270932,0,439650
100,1.98E+08,3.75E+06,2270937,2270938,0,367450
100,2.14E+08,3.55E+06,2270943,2270944,0,430550
100,2.02E+08,3.59E+06,2270947,2270940,0,384700
100,2.17E+08,3.54E+06,2270948,2270948,0,439650
100,2.17E+08,3.54E+06,2270948,2270947,0,439650
100,2.07E+08,3.54E+06,2270954,2270954,0,400650
100,2.07E+08,3.55E+06,2270956,2270956,0,400750
100,2.07E+08,3.58E+06,2270957,2270957,0,400750
100,2.02E+08,3.54E+06,2270958,2270958,0,384300
100,1.99E+08,3.54E+06,2270965,2270965,0,369550
100,2.02E+08,3.54E+06,2270965,2270965,0,384700
100,2.02E+08,3.57E+06,2270968,2270968,0,384700
100,1.99E+08,3.57E+06,2270969,2270968,0,372500
100,2.14E+08,3.65E+06,2270969,2270971,0,430550
100,2.17E+08,3.55E+06,2270969,2270970,0,439650
100,2.07E+08,3.62E+06,2270970,2270967,0,400650
100,2.07E+08,3.54E+06,2270980,2270980,0,400750
100,2.17E+08,3.61E+06,2270980,2270979,0,439650
100,2.17E+08,3.61E+06,2270983,2270985,0,439650
100,2.17E+08,3.56E+06,2270987,2270987,0,439650
100,2.07E+08,3.55E+06,2270989,2270989,0,400750
100,2.07E+08,3.57E+06,2270996,2270996,0,400750
100,1.98E+08,3.67E+06,2270997,2270998,0,367450
100,2.17E+08,3.57E+06,2270999,2271003,0,439750
100,1.99E+08,3.55E+06,2271002,2271004,0,369550
100,1.99E+08,3.69E+06,2271002,2271003,0,374550
100,2.17E+08,3.67E+06,2271002,2271002,0,439650
100,2.07E+08,3.57E+06,2271005,2271006,0,400650
100,2.07E+08,3.58E+06,2271009,2271009,0,399500
100,2.07E+08,3.55E+06,2271015,2271015,0,400650
100,2.14E+08,3.56E+06,2271017,2271017,0,430550
100,2.07E+08,3.55E+06,2271018,2271016,0,400650
100,2.17E+08,3.64E+06,2271019,2271019,0,438200
100,2.17E+08,3.56E+06,2271033,2271033,0,439750
100,2.14E+08,3.67E+06,2271034,2271034,0,430550
100,2.14E+08,3.55E+06,2271036,2271038,0,430550
100,2.14E+08,3.55E+06,2271039,2271038,0,430550
100,2.17E+08,3.69E+06,2271039,2271039,0,439750
100,1.99E+08,3.54E+06,2271045,2271043,0,372500
100,2.07E+08,3.56E+06,2271049,2271049,0,400750
100,2.07E+08,3.58E+06,2271049,2271050,0,400750
100,2.02E+08,3.62E+06,2271051,2271054,0,384700
100,2.14E+08,3.55E+06,2271052,2271052,0,430550
100,2.14E+08,3.55E+06,2271055,2271054,0,430550
100,2.17E+08,3.59E+06,2271057,2271057,0,439650
100,2.14E+08,3.57E+06,2271058,2271058,0,430550
100,2.14E+08,3.61E+06,2271061,2271061,0,430550
100,2.14E+08,3.54E+06,2271064,2271064,0,430550
100,2.14E+08,3.57E+06,2271064,2271064,0,430550
100,2.07E+08,3.54E+06,2271070,2271070,0,400650
100,2.17E+08,3.55E+06,2271071,2271068,0,439650
100,2.02E+08,3.73E+06,2271072,2271072,0,384700
100,2.02E+08,3.57E+06,2271072,2271072,0,384700
100,2.14E+08,3.59E+06,2271073,2271074,0,430550
100,1.99E+08,3.57E+06,2271075,2271075,0,369550
100,2.07E+08,3.54E+06,2271078,2271080,0,400750
100,2.07E+08,3.54E+06,2271085,2271084,0,400650
100,2.17E+08,3.57E+06,2271085,2271085,0,439650
100,1.99E+08,3.65E+06,2271086,2271084,0,372500
100,2.17E+08,3.63E+06,2271093,2271093,0,439650
100,2.17E+08,3.56E+06,2271093,2271092,0,439750
100,2.14E+08,3.54E+06,2271094,2271094,0,430550
100,2.07E+08,3.54E+06,2271096,2271096,0,400650
100,2.02E+08,3.80E+06,2271099,2271096,0,384700
100,2.14E+08,3.54E+06,2271102,2271103,0,430550
100,2.14E+08,3.62E+06,2271102,2271102,0,430550
100,2.17E+08,3.54E+06,2271103,2271102,0,439650
100,2.17E+08,3.54E+06,2271108,2271109,0,439650
100,2.17E+08,3.56E+06,2271113,2271112,0,439750
100,2.14E+08,3.72E+06,2271114,2271114,0,430550
100,2.02E+08,3.76E+06,2271117,2271117,0,384700
100,2.14E+08,3.55E+06,2271118,2271119,0,430550
100,2.07E+08,3.56E+06,2271119,2271119,0,400750
100,2.02E+08,3.56E+06,2271132,2271132,0,384700
100,2.14E+08,3.55E+06,2271133,2271133,0,430550
100,2.17E+08,3.56E+06,2271144,2271143,0,439650
100,2.17E+08,3.59E+06,2271148,2271148,0,438200
100,1.99E+08,3.55E+06,2271151,2271151,0,372500
100,2.14E+08,3.54E+06,2271152,2271157,0,430550
100,2.14E+08,3.70E+06,2271152,2271153,0,430550
100,2.17E+08,3.56E+06,2271156,2271156,0,439650
100,2.07E+08,3.57E+06,2271161,2271161,0,400750
100,2.14E+08,3.54E+06,2271163,2271163,0,430550
100,2.17E+08,3.55E+06,2271166,2271166,0,439650
100,2.17E+08,3.58E+06,2271168,2271160,0,439650
100,2.07E+08,3.55E+06,2271173,2271171,0,400750
100,2.17E+08,3.56E+06,2271176,2271173,0,439650
100,2.14E+08,3.54E+06,2271183,2271184,0,430550
100,2.14E+08,3.56E+06,2271190,2271190,0,430550
100,2.02E+08,3.61E+06,2271193,2271193,0,384300
100,2.02E+08,3.65E+06,2271193,2271194,0,384700
100,2.17E+08,3.80E+06,2271196,2271196,0,439650
100,2.02E+08,3.80E+06,2271197,2271197,0,384700
100,2.14E+08,3.57E+06,2271198,2271196,0,430550
100,2.17E+08,3.56E+06,2271198,2271196,0,439650
100,2.17E+08,3.61E+06,2271198,2271197,0,439650
100,2.07E+08,3.57E+06,2271201,2271206,0,400750
100,1.99E+08,3.58E+06,2271202,2271203,0,372500
100,2.02E+08,3.63E+06,2271203,2271205,0,384700
100,2.17E+08,3.71E+06,2271203,2271202,0,439650
100,2.17E+08,3.87E+06,2271204,2271204,0,439650
100,2.07E+08,3.60E+06,2271205,2271205,0,400650
100,2.14E+08,3.55E+06,2271215,2271213,0,430550
100,2.17E+08,3.67E+06,2271216,2271213,0,439750
100,2.02E+08,3.63E+06,2271219,2271219,0,384700
100,2.17E+08,3.56E+06,2271223,2271223,0,439650
100,2.14E+08,3.56E+06,2271224,2271224,0,430550
100,2.17E+08,3.72E+06,2271226,2271226,0,439650
100,2.14E+08,3.57E+06,2271229,2271229,0,430550
100,1.99E+08,3.68E+06,2271232,2271232,0,369550
100,2.17E+08,3.57E+06,2271236,2271236,0,439750
100,2.02E+08,3.60E+06,2271238,2271238,0,384300
100,2.07E+08,3.55E+06,2271238,2271237,0,399500
100,2.07E+08,3.54E+06,2271240,2271240,0,400750
100,1.99E+08,3.57E+06,2271241,2271242,0,372500
100,2.17E+08,3.56E+06,2271242,2271242,0,439650
100,1.99E+08,3.69E+06,2271263,2271259,0,369550
100,1.99E+08,3.61E+06,2271265,2271267,0,372500
100,2.17E+08,3.55E+06,2271268,2271269,0,439750
100,2.17E+08,3.61E+06,2271270,2271271,0,439650
100,2.02E+08,3.61E+06,2271279,2271278,0,384700
100,2.14E+08,3.56E+06,2271279,2271280,0,430550
100,2.08E+08,3.74E+06,2271281,2271280,0,401600
100,1.99E+08,3.75E+06,2271288,2271288,0,369550
100,2.07E+08,3.55E+06,2271290,2271292,0,400750
100,2.14E+08,3.58E+06,2271292,2271292,0,430550
100,2.02E+08,4.31E+06,2271295,2271298,0,384300
100,1.99E+08,3.59E+06,2271296,2271293,0,369550
100,2.17E+08,3.62E+06,2271299,2271299,0,439650
100,2.07E+08,3.57E+06,2271302,2271301,0,400750
100,2.07E+08,3.58E+06,2271303,2271303,0,400650
100,2.14E+08,3.54E+06,2271304,2271305,0,430550
100,2.07E+08,3.55E+06,2271306,2271306,0,400750
100,2.14E+08,3.54E+06,2271309,2271309,0,430550
100,2.14E+08,3.55E+06,2271309,2271312,0,430550
100,2.17E+08,3.68E+06,2271313,2271313,0,439650
100,2.14E+08,3.54E+06,2271325,2271325,0,430550
100,2.07E+08,3.54E+06,2271326,2271325,0,400750
100,2.14E+08,3.57E+06,2271328,2271323,0,430550
100,2.07E+08,3.72E+06,2271329,2271331,0,400750
100,1.99E+08,3.68E+06,2271330,2271330,0,369550
100,2.17E+08,3.55E+06,2271330,2271324,0,439650
100,2.17E+08,3.56E+06,2271330,2271329,0,439650
100,2.17E+08,3.65E+06,2271339,2271339,0,439650
100,2.17E+08,3.58E+06,2271347,2271347,0,439650
100,2.17E+08,3.55E+06,2271354,2271355,0,439750
100,2.14E+08,3.57E+06,2271356,2271356,0,430550
100,2.14E+08,3.55E+06,2271357,2271359,0,430550
100,2.07E+08,3.55E+06,2271359,2271353,0,400750
100,2.14E+08,3.54E+06,2271363,2271363,0,430550
100,2.07E+08,3.59E+06,2271364,2271364,0,400650
100,2.02E+08,3.54E+06,2271368,2271369,0,384700
100,2.02E+08,3.59E+06,2271370,2271369,0,384700
100,2.14E+08,3.56E+06,2271372,2271373,0,430550
100,1.91E+08,3.96E+06,2271378,2271380,0,342150
100,2.07E+08,3.58E+06,2271379,2271375,0,400650
100,2.17E+08,3.56E+06,2271383,2271386,0,439650
100,2.14E+08,3.58E+06,2271384,2271384,0,430550
100,1.99E+08,3.64E+06,2271387,2271387,0,372500
100,1.99E+08,3.80E+06,2271388,2271389,0,369550
100,1.99E+08,3.60E+06,2271391,2271391,0,369550
100,2.17E+08,3.56E+06,2271391,2271391,0,439650
100,2.14E+08,3.64E+06,2271392,2271390,0,430550
100,2.17E+08,3.55E+06,2271396,2271397,0,439650
100,2.02E+08,3.80E+06,2271400,2271399,0,385150
100,2.07E+08,3.71E+06,2271407,2271408,0,400750
100,1.98E+08,3.75E+06,2271410,2271413,0,367450
100,2.14E+08,3.54E+06,2271411,2271412,0,430550
100,1.99E+08,3.55E+06,2271418,2271418,0,372500
100,2.07E+08,3.57E+06,2271419,2271417,0,400750
100,2.14E+08,3.55E+06,2271421,2271421,0,430550
100,1.99E+08,3.58E+06,2271422,2271422,0,369550
100,2.14E+08,3.54E+06,2271422,2271424,0,430550
100,2.07E+08,3.58E+06,2271423,2271422,0,400750
100,2.17E+08,3.54E+06,2271429,2271428,0,439650
100,2.14E+08,3.54E+06,2271431,2271431,0,430550
100,2.14E+08,3.61E+06,2271433,2271433,0,430550
100,2.14E+08,3.54E+06,2271434,2271434,0,430550
100,2.14E+08,3.75E+06,2271436,2271435,0,430550
100,2.14E+08,3.54E+06,2271438,2271441,0,430550
100,2.14E+08,3.55E+06,2271440,2271440,0,430550
100,2.07E+08,3.56E+06,2271442,2271443,0,400650
100,2.17E+08,3.58E+06,2271444,2271445,0,439650
100,2.14E+08,3.55E+06,2271449,2271450,0,430550
100,2.07E+08,3.56E+06,2271451,2271451,0,400750
100,1.99E+08,3.71E+06,2271457,2271458,0,372500
100,2.17E+08,3.54E+06,2271462,2271458,0,439750
100,2.07E+08,3.87E+06,2271468,2271468,0,399500
100,2.14E+08,3.54E+06,2271468,2271461,0,430550
100,2.14E+08,3.56E+06,2271468,2271468,0,430550
100,2.07E+08,3.57E+06,2271469,2271471,0,400750
100,2.07E+08,3.55E+06,2271485,2271483,0,400650
100,2.17E+08,3.59E+06,2271486,2271487,0,439650
100,2.07E+08,3.62E+06,2271489,2271489,0,400750
100,2.07E+08,3.56E+06,2271491,2271491,0,400750
100,2.14E+08,3.58E+06,2271496,2271492,0,430550
100,2.14E+08,3.54E+06,2271503,2271503,0,430550
100,2.14E+08,3.65E+06,2271504,2271504,0,430550
100,2.07E+08,3.55E+06,2271507,2271509,0,400650
100,2.02E+08,3.62E+06,2271509,2271509,0,384700
100,2.14E+08,3.55E+06,2271510,2271509,0,430550
100,2.17E+08,3.56E+06,2271510,2271510,0,439650
100,2.14E+08,3.54E+06,2271511,2271511,0,430550
100,2.14E+08,3.56E+06,2271513,2271514,0,430550
100,2.07E+08,3.76E+06,2271514,2271512,0,399500
100,2.14E+08,3.55E+06,2271517,2271517,0,430550
100,2.17E+08,3.65E+06,2271519,2271520,0,439650
100,2.07E+08,3.57E+06,2271520,2271521,0,400650
100,2.14E+08,3.54E+06,2271527,2271528,0,430550
100,2.14E+08,3.54E+06,2271527,2271529,0,430550
100,2.14E+08,3.55E+06,2271528,2271529,0,430550
100,2.17E+08,3.56E+06,2271528,2271528,0,439750
100,2.08E+08,3.75E+06,2271530,2271530,0,401600
100,1.99E+08,3.64E+06,2271531,2271531,0,369550
100,2.02E+08,3.57E+06,2271531,2271535,0,384700
100,1.99E+08,3.69E+06,2271532,2271530,0,372500
100,2.14E+08,3.57E+06,2271532,2271532,0,430550
100,2.14E+08,3.60E+06,2271543,2271547,0,430550
100,2.14E+08,3.55E+06,2271547,2271548,0,430550
100,1.99E+08,3.69E+06,2271551,2271547,0,369550
100,2.17E+08,3.59E+06,2271551,2271549,0,439650
100,2.17E+08,3.55E+06,2271553,2271551,0,438200
100,1.99E+08,3.72E+06,2271555,2271555,0,371700
100,2.14E+08,4.04E+06,2271556,2271556,0,430550
100,2.14E+08,3.54E+06,2271562,2271562,0,430550
100,2.07E+08,3.55E+06,2271564,2271565,0,400750
100,2.14E+08,3.55E+06,2271571,2271571,0,430550
100,2.17E+08,3.68E+06,2271571,2271571,0,439650
100,2.17E+08,3.57E+06,2271573,2271574,0,439650
100,2.14E+08,3.55E+06,2271574,2271574,0,430550
100,2.14E+08,3.63E+06,2271577,2271576,0,430550
100,2.17E+08,3.94E+06,2271578,2271580,0,439650
100,2.07E+08,3.54E+06,2271581,2271580,0,400650
100,2.17E+08,3.56E+06,2271581,2271583,0,439750
100,2.17E+08,3.58E+06,2271583,2271579,0,439650
100,2.17E+08,3.56E+06,2271590,2271590,0,439750
100,2.07E+08,3.54E+06,2271592,2271592,0,400650
100,2.14E+08,3.60E+06,2271599,2271599,0,430550
100,2.14E+08,3.65E+06,2271601,2271601,0,430550
100,2.14E+08,3.80E+06,2271603,2271605,0,430550
100,2.14E+08,3.61E+06,2271603,2271603,0,430550
100,2.17E+08,3.56E+06,2271605,2271607,0,439650
100,2.07E+08,3.54E+06,2271607,2271607,0,400650
100,2.07E+08,3.56E+06,2271610,2271612,0,400750
100,2.14E+08,3.55E+06,2271613,2271613,0,430550
100,2.17E+08,3.79E+06,2271619,2271620,0,439650
100,2.17E+08,3.59E+06,2271626,2271626,0,439650
100,2.14E+08,3.60E+06,2271631,2271631,0,430550
100,1.98E+08,3.79E+06,2271636,2271636,0,367750
100,2.14E+08,3.54E+06,2271637,2271638,0,430550
100,2.17E+08,3.57E+06,2271637,2271637,0,439650
100,2.07E+08,3.57E+06,2271639,2271641,0,399500
100,2.17E+08,3.54E+06,2271639,2271639,0,439650
100,2.14E+08,3.57E+06,2271643,2271644,0,430550
100,2.14E+08,3.54E+06,2271647,2271647,0,430550
100,1.96E+08,3.70E+06,2271648,2271648,0,359600
100,2.14E+08,3.85E+06,2271654,2271654,0,430550
100,2.07E+08,3.58E+06,2271655,2271653,0,400650
100,2.17E+08,3.54E+06,2271655,2271651,0,439650
100,2.17E+08,3.55E+06,2271656,2271655,0,439650
100,1.99E+08,3.58E+06,2271657,2271657,0,369550
100,2.02E+08,3.60E+06,2271659,2271658,0,384300
100,2.02E+08,3.70E+06,2271659,2271658,0,384700
100,2.07E+08,3.55E+06,2271660,2271660,0,400750
100,2.17E+08,3.63E+06,2271665,2271662,0,439750
100,2.14E+08,3.56E+06,2271669,2271665,0,430550
100,2.17E+08,3.54E+06,2271669,2271669,0,439650
100,2.17E+08,3.57E+06,2271672,2271671,0,439750
100,2.07E+08,3.56E+06,2271676,2271671,0,400650
100,2.17E+08,3.54E+06,2271678,2271678,0,439650
100,2.02E+08,3.57E+06,2271684,2271678,0,384700
100,1.99E+08,3.79E+06,2271688,2271689,0,371700
100,2.07E+08,3.56E+06,2271690,2271690,0,400750
100,2.17E+08,3.54E+06,2271696,2271696,0,439650
100,2.02E+08,3.59E+06,2271698,2271698,0,384700
100,2.17E+08,3.55E+06,2271698,2271697,0,439650
100,2.07E+08,3.58E+06,2271699,2271699,0,400750
100,2.14E+08,3.61E+06,2271703,2271703,0,430550
100,2.07E+08,3.68E+06,2271706,2271707,0,399500
100,2.07E+08,3.54E+06,2271706,2271706,0,400750
100,2.17E+08,3.54E+06,2271714,2271714,0,439750
100,2.14E+08,3.54E+06,2271716,2271717,0,430550
100,2.07E+08,3.55E+06,2271717,2271716,0,400650
100,2.17E+08,3.54E+06,2271717,2271717,0,439650
100,2.17E+08,3.65E+06,2271718,2271718,0,439650
100,2.07E+08,3.54E+06,2271721,2271722,0,400650
100,2.17E+08,3.55E+06,2271721,2271721,0,439650
100,1.99E+08,3.70E+06,2271722,2271720,0,369550
100,2.07E+08,3.55E+06,2271722,2271723,0,400650
100,1.99E+08,3.54E+06,2271723,2271723,0,372500
100,2.02E+08,3.57E+06,2271727,2270944,0,384700
100,2.14E+08,3.62E+06,2271731,2271728,0,430550
100,2.17E+08,3.58E+06,2271731,2271731,0,439750
100,2.07E+08,3.57E+06,2271733,2271733,0,400750
100,2.02E+08,3.54E+06,2271738,2271738,0,384700
100,2.14E+08,3.56E+06,2271738,2271738,0,430550
100,2.14E+08,3.54E+06,2271741,2271741,0,430550
100,2.07E+08,3.63E+06,2271749,2271751,0,400750
100,2.17E+08,3.54E+06,2271750,2271747,0,439750
100,2.17E+08,3.56E+06,2271751,2271751,0,439750
100,2.17E+08,3.55E+06,2271755,2271755,0,439750
100,2.17E+08,3.54E+06,2271758,2271758,0,439650
100,2.14E+08,3.56E+06,2271760,2271760,0,430550
100,2.17E+08,3.65E+06,2271764,2271764,0,439750
100,1.99E+08,3.54E+06,2271766,2271766,0,369550
100,2.17E+08,3.66E+06,2271768,2271768,0,438200
100,2.14E+08,3.56E+06,2271785,2271785,0,430550
100,1.99E+08,3.54E+06,2271786,2271786,0,372500
100,2.07E+08,3.54E+06,2271786,2271781,0,400750
100,2.17E+08,3.59E+06,2271791,2271792,0,439650
100,2.17E+08,3.56E+06,2271794,2271793,0,439650
100,2.14E+08,3.57E+06,2271797,2271798,0,430550
100,2.14E+08,3.57E+06,2271813,2271813,0,430550
100,2.17E+08,3.63E+06,2271814,2271815,0,439650
100,2.17E+08,3.57E+06,2271818,2271815,0,439750
100,2.17E+08,3.55E+06,2271824,2271824,0,439650
100,2.07E+08,3.54E+06,2271827,2271825,0,400750
100,2.07E+08,3.55E+06,2271829,2271827,0,400750
100,2.07E+08,3.54E+06,2271829,2271829,0,400750
100,2.14E+08,3.66E+06,2271830,2271830,0,430550
100,2.02E+08,3.59E+06,2271833,2271833,0,384700
100,2.17E+08,3.65E+06,2271840,2271840,0,438200
100,2.07E+08,3.56E+06,2271841,2271843,0,400750
100,2.07E+08,4.03E+06,2271843,2271846,0,399650
100,2.17E+08,3.61E+06,2271844,2271844,0,439650
100,1.99E+08,3.65E+06,2271846,2271846,0,372500
100,2.14E+08,3.56E+06,2271848,2271844,0,430550
100,2.02E+08,3.58E+06,2271852,2271853,0,384700
100,2.08E+08,4.20E+06,2271862,2271860,0,401600
100,2.07E+08,3.56E+06,2271865,2271865,0,400750
100,2.07E+08,3.54E+06,2271869,2271870,0,400650
100,2.07E+08,3.54E+06,2271869,2271870,0,400750
100,1.99E+08,3.60E+06,2271873,2271873,0,372500
100,2.07E+08,3.56E+06,2271875,2271877,0,400650
100,2.07E+08,3.56E+06,2271877,2271877,0,400650
100,2.14E+08,3.54E+06,2271877,2271877,0,430550
100,2.17E+08,3.61E+06,2271883,2271883,0,439650
100,2.17E+08,3.59E+06,2271884,2271884,0,439650
100,2.07E+08,3.54E+06,2271886,2271886,0,400750
100,2.02E+08,3.54E+06,2271888,2271889,0,384700
100,2.14E+08,3.54E+06,2271889,2271890,0,430550
100,2.14E+08,3.54E+06,2271897,2271897,0,430550
100,2.02E+08,3.58E+06,2271898,2271898,0,384700
100,1.98E+08,3.72E+06,2271910,2271909,0,367450
100,2.14E+08,3.54E+06,2271920,2271923,0,430550
100,2.17E+08,3.60E+06,2271920,2271920,0,439650
100,2.17E+08,3.60E+06,2271921,2271921,0,439650
100,1.76E+08,3.86E+06,2271922,2271922,0,295800
100,2.17E+08,3.65E+06,2271928,2271921,0,439650
100,2.17E+08,3.54E+06,2271933,2271933,0,439650
100,2.14E+08,3.54E+06,2271938,2271938,0,430550
100,2.07E+08,3.63E+06,2271942,2271942,0,399500
100,2.17E+08,3.54E+06,2271942,2271942,0,439650
100,2.17E+08,3.54E+06,2271943,2271943,0,439750
100,2.07E+08,3.61E+06,2271945,2271945,0,400650
100,1.99E+08,3.60E+06,2271955,2271955,0,372500
100,2.14E+08,3.60E+06,2271963,2271958,0,430550
100,2.07E+08,3.55E+06,2271965,2271966,0,400650
100,2.17E+08,3.61E+06,2271966,2271966,0,439650
100,2.07E+08,3.55E+06,2271977,2271976,0,400750
100,2.02E+08,3.58E+06,2271983,2271987,0,384300
100,2.17E+08,3.59E+06,2271983,2271985,0,439650
100,1.99E+08,3.67E+06,2271984,2271983,0,372500
100,2.17E+08,3.61E+06,2271986,2271986,0,439650
100,2.14E+08,3.59E+06,2271987,2271987,0,430550
100,2.07E+08,3.54E+06,2271989,2271991,0,400750
100,2.07E+08,3.64E+06,2271992,2271992,0,400650
100,1.99E+08,3.56E+06,2271993,2271993,0,369550
100,2.07E+08,3.56E+06,2272000,2271996,0,400750
100,2.07E+08,3.58E+06,2272002,2272005,0,400650
100,2.14E+08,3.55E+06,2272002,2272001,0,430550
100,2.17E+08,3.55E+06,2272005,2272002,0,439650
100,2.07E+08,3.54E+06,2272007,2272006,0,400650
100,2.17E+08,3.55E+06,2272008,2272007,0,439650
100,2.17E+08,3.65E+06,2272010,2272008,0,439750
100,2.14E+08,3.56E+06,2272016,2272016,0,430550
100,2.17E+08,3.55E+06,2272016,2272019,0,439650
100,2.02E+08,3.64E+06,2272021,2272024,0,384700
100,2.17E+08,3.54E+06,2272027,2272023,0,439650
100,2.07E+08,3.66E+06,2272032,2272032,0,399500
100,2.02E+08,3.56E+06,2272035,2272033,0,384300
100,2.14E+08,3.58E+06,2272039,2272039,0,430550
100,2.14E+08,3.59E+06,2272042,2272042,0,430550
100,2.02E+08,3.65E+06,2272044,2272046,0,384700
100,2.01E+08,3.70E+06,2272055,2272055,0,382650
100,2.07E+08,3.56E+06,2272060,2272060,0,400750
100,2.17E+08,3.54E+06,2272064,2272062,0,439650
100,2.14E+08,3.62E+06,2272067,2272066,0,430550
100,2.17E+08,3.58E+06,2272069,2272069,0,439650
100,2.14E+08,3.55E+06,2272070,2272069,0,430550
100,2.17E+08,3.56E+06,2272070,2272070,0,439650
100,2.14E+08,3.61E+06,2272071,2272070,0,430550
100,2.17E+08,3.55E+06,2272072,2272072,0,439650
100,2.17E+08,3.70E+06,2272074,2272072,0,439650
100,2.17E+08,3.55E+06,2272074,2272074,0,439650
100,2.17E+08,4.02E+06,2272074,2272075,0,439650
100,2.17E+08,3.66E+06,2272075,2272075,0,439650
100,2.17E+08,3.57E+06,2272077,2272077,0,439650
100,2.07E+08,3.54E+06,2272083,2272081,0,400750
100,2.17E+08,3.55E+06,2272083,2272083,0,439650
100,2.14E+08,3.56E+06,2272087,2272087,0,430550
100,2.02E+08,3.70E+06,2272090,2272090,0,384700
100,2.14E+08,3.66E+06,2272090,2272090,0,430550
100,2.14E+08,3.54E+06,2272092,2272092,0,430550
100,2.02E+08,3.60E+06,2272102,2272102,0,384700
100,2.07E+08,3.57E+06,2272110,2272110,0,400650
100,2.07E+08,3.54E+06,2272114,2272116,0,400750
100,1.99E+08,3.66E+06,2272115,2272115,0,372500
100,2.02E+08,3.59E+06,2272118,2272118,0,384300
100,2.02E+08,3.67E+06,2272119,2272119,0,384700
100,2.14E+08,3.58E+06,2272120,2272120,0,430550
100,2.17E+08,3.56E+06,2272120,2272120,0,439650
100,2.17E+08,3.62E+06,2272123,2272123,0,439750
100,2.08E+08,3.74E+06,2272125,2272125,0,401600
100,2.17E+08,3.60E+06,2272126,2272126,0,439650
100,2.07E+08,3.59E+06,2272127,2272127,0,400750
100,2.02E+08,3.70E+06,2272131,2272131,0,384700
100,2.17E+08,3.56E+06,2272138,2272138,0,439650
100,2.17E+08,3.60E+06,2272142,2272143,0,439650
100,2.17E+08,3.63E+06,2272143,2272144,0,438200
100,2.07E+08,3.54E+06,2272145,2272145,0,400750
100,2.14E+08,3.73E+06,2272145,2272147,0,430550
100,2.17E+08,3.54E+06,2272151,2272151,0,439650
100,2.17E+08,3.58E+06,2272152,2272151,0,439650
100,1.97E+08,4.02E+06,2272154,2272155,0,366050
100,2.14E+08,3.58E+06,2272155,2272155,0,430550
100,1.99E+08,3.73E+06,2272158,2272156,0,369550
100,2.02E+08,3.65E+06,2272158,2272159,0,384700
100,2.02E+08,3.64E+06,2272158,2272158,0,384700
100,1.99E+08,3.65E+06,2272169,2272169,0,372500
100,2.17E+08,3.61E+06,2272174,2272173,0,439750
100,2.07E+08,3.55E+06,2272176,2272176,0,400750
100,2.14E+08,3.58E+06,2272178,2272179,0,430550
100,2.17E+08,3.71E+06,2272182,2272181,0,439750
100,2.07E+08,3.56E+06,2272183,2272183,0,400750
100,2.14E+08,3.55E+06,2272187,2272187,0,430550
100,2.17E+08,3.54E+06,2272193,2272193,0,439750
100,2.17E+08,3.63E+06,2272193,2272196,0,439750
100,2.17E+08,3.54E+06,2272197,2272197,0,439750
100,1.99E+08,3.66E+06,2272207,2272207,0,372500
100,2.07E+08,3.56E+06,2272207,2272208,0,400750
100,2.14E+08,3.58E+06,2272207,2272207,0,430550
100,2.17E+08,3.54E+06,2272207,2272206,0,439650
100,2.14E+08,3.57E+06,2272208,2272208,0,430550
100,2.02E+08,3.61E+06,2272210,2272210,0,384700
100,2.07E+08,3.58E+06,2272210,2272210,0,400650
100,2.07E+08,3.55E+06,2272217,2272221,0,400650
100,2.17E+08,3.89E+06,2272220,2272220,0,439750
100,2.17E+08,3.60E+06,2272221,2272221,0,439650
100,1.99E+08,3.55E+06,2272224,2272224,0,372500
100,2.07E+08,3.54E+06,2272227,2272227,0,400750
100,2.07E+08,3.56E+06,2272232,2272232,0,400750
100,2.17E+08,3.56E+06,2272234,2272233,0,439750
100,2.07E+08,3.57E+06,2272237,2272238,0,400750
100,2.14E+08,3.57E+06,2272243,2272243,0,430550
100,2.02E+08,3.56E+06,2272246,2272245,0,384700
100,2.14E+08,3.57E+06,2272248,2272247,0,430550
100,2.14E+08,3.58E+06,2272249,2272249,0,430550
100,2.17E+08,3.55E+06,2272249,2272249,0,438200
100,2.17E+08,3.55E+06,2272249,2272249,0,439750
100,2.14E+08,3.65E+06,2272252,2272253,0,430550
100,2.02E+08,3.68E+06,2272253,2272249,0,384700
100,2.07E+08,3.54E+06,2272257,2272256,0,400750
100,2.14E+08,3.57E+06,2272257,2272257,0,430550
100,2.02E+08,3.55E+06,2272259,2272260,0,384700
100,2.14E+08,3.62E+06,2272261,2272261,0,430550
100,2.17E+08,3.59E+06,2272271,2272271,0,439750
100,2.17E+08,3.55E+06,2272272,2272271,0,439650
100,2.14E+08,3.87E+06,2272276,2272277,0,430550
100,2.17E+08,3.58E+06,2272277,2272273,0,439650
100,1.99E+08,3.54E+06,2272278,2272278,0,369550
100,2.17E+08,3.57E+06,2272279,2272279,0,439750
100,2.17E+08,3.54E+06,2272280,2272280,0,439650
100,2.17E+08,3.58E+06,2272282,2272282,0,439650
100,1.99E+08,3.54E+06,2272283,2272280,0,372500
100,2.07E+08,3.62E+06,2272283,2272284,0,400650
100,2.07E+08,3.54E+06,2272287,2272287,0,400750
100,2.07E+08,3.57E+06,2272291,2272290,0,400650
100,2.07E+08,3.54E+06,2272291,2272291,0,400750
100,2.14E+08,3.54E+06,2272297,2272298,0,430550
100,1.99E+08,3.62E+06,2272298,2272298,0,372500
100,2.17E+08,3.59E+06,2272298,2272300,0,439650
100,1.99E+08,3.61E+06,2272300,2272300,0,369550
100,2.14E+08,3.54E+06,2272302,2272296,0,430550
100,1.99E+08,3.63E+06,2272306,2272304,0,369550
100,2.17E+08,3.54E+06,2272308,2272308,0,439750
100,2.14E+08,3.54E+06,2272318,2272320,0,430550
100,2.07E+08,3.55E+06,2272320,2272320,0,400750
100,2.17E+08,3.54E+06,2272321,2272321,0,439750
100,2.07E+08,3.54E+06,2272322,2272321,0,400750
100,2.14E+08,3.56E+06,2272323,2272323,0,430550
100,2.02E+08,4.13E+06,2272324,2272324,0,384700
100,2.07E+08,3.56E+06,2272327,2272327,0,400650
100,2.17E+08,3.55E+06,2272330,2272330,0,439650
100,2.17E+08,3.57E+06,2272333,2272333,0,439650
100,2.07E+08,3.55E+06,2272335,2272328,0,400750
100,1.89E+08,3.97E+06,2272336,2272334,0,338350
100,2.14E+08,3.60E+06,2272338,2272338,0,430550
100,2.17E+08,3.59E+06,2272341,2272342,0,439650
100,2.17E+08,3.54E+06,2272346,2272346,0,439650
100,2.07E+08,3.65E+06,2272347,2272347,0,400750
100,2.07E+08,3.54E+06,2272353,2272350,0,400750
100,2.07E+08,3.76E+06,2272359,2272360,0,400650
100,1.99E+08,3.80E+06,2272360,2272362,0,372500
100,2.17E+08,3.63E+06,2272367,2272368,0,439650
100,2.17E+08,3.56E+06,2272371,2272371,0,439750
100,2.14E+08,3.58E+06,2272377,2272378,0,430550
100,1.99E+08,3.63E+06,2272380,2272377,0,369550
100,2.07E+08,3.59E+06,2272380,2272380,0,400650
100,2.14E+08,3.54E+06,2272382,2272382,0,430550
100,2.07E+08,3.60E+06,2272385,2272385,0,400650
100,2.17E+08,3.67E+06,2272387,2272387,0,439650
100,2.14E+08,3.55E+06,2272388,2272387,0,430550
100,2.07E+08,3.56E+06,2272389,2272388,0,400750
100,2.07E+08,3.55E+06,2272392,2272392,0,400650
100,2.17E+08,3.58E+06,2272395,2272395,0,439750
100,2.07E+08,3.56E+06,2272396,2272396,0,400650
100,2.14E+08,3.56E+06,2272397,2272397,0,430550
100,2.14E+08,3.54E+06,2272397,2272397,0,430550
100,2.14E+08,3.57E+06,2272397,2272397,0,430550
100,2.17E+08,3.57E+06,2272401,2272401,0,439650
100,2.07E+08,3.74E+06,2272403,2272403,0,399500
100,2.07E+08,3.64E+06,2272404,2272404,0,399500
100,2.14E+08,3.56E+06,2272415,2272413,0,430550
100,2.14E+08,3.54E+06,2272417,2272417,0,430550
100,2.02E+08,3.64E+06,2272418,2272418,0,384700
100,2.02E+08,3.54E+06,2272420,2272415,0,384700
100,2.17E+08,3.58E+06,2272423,2272423,0,439650
100,2.02E+08,3.64E+06,2272432,2272433,0,384700
100,2.17E+08,3.63E+06,2272437,2272437,0,439750
100,2.07E+08,3.58E+06,2272438,2272437,0,400750
100,2.17E+08,3.55E+06,2272447,2272448,0,439650
100,2.07E+08,3.65E+06,2272451,2272451,0,399500
100,2.02E+08,3.63E+06,2272452,2272452,0,384700
100,2.14E+08,3.57E+06,2272454,2272455,0,430550
100,2.17E+08,3.58E+06,2272458,2272459,0,439650
100,2.07E+08,3.56E+06,2272460,2272460,0,400650
100,2.17E+08,3.66E+06,2272462,2272461,0,439650
100,1.99E+08,3.54E+06,2272467,2272471,0,372500
100,2.17E+08,3.54E+06,2272467,2272467,0,439650
100,2.07E+08,3.55E+06,2272477,2272479,0,400750
100,2.02E+08,3.56E+06,2272480,2272480,0,384700
100,2.02E+08,3.81E+06,2272480,2272479,0,385300
100,2.14E+08,3.55E+06,2272480,2272477,0,430550
100,1.99E+08,3.60E+06,2272486,2272479,0,372500
100,2.07E+08,3.60E+06,2272488,2272488,0,400650
100,2.17E+08,3.54E+06,2272489,2272489,0,439650
100,2.14E+08,3.74E+06,2272491,2272491,0,430550
100,2.17E+08,3.56E+06,2272492,2272492,0,439650
100,2.14E+08,3.59E+06,2272494,2272494,0,430550
100,2.17E+08,3.55E+06,2272494,2272498,0,439750
100,1.99E+08,3.59E+06,2272496,2272496,0,369550
100,2.17E+08,3.58E+06,2272501,2272503,0,439750
100,2.17E+08,3.55E+06,2272505,2272505,0,439650
100,2.02E+08,3.68E+06,2272509,2272509,0,384300
100,2.14E+08,3.59E+06,2272510,2272510,0,430550
100,2.17E+08,3.55E+06,2272513,2272515,0,439650
100,2.14E+08,3.57E+06,2272515,2272515,0,430550
100,2.14E+08,3.56E+06,2272524,2272524,0,430550
100,2.17E+08,3.55E+06,2272524,2272524,0,439750
100,2.02E+08,3.56E+06,2272526,2272526,0,384700
100,2.07E+08,3.63E+06,2272526,2272526,0,399500
100,2.14E+08,3.60E+06,2272526,2272525,0,430550
100,2.14E+08,3.64E+06,2272534,2272533,0,430550
100,2.17E+08,3.59E+06,2272535,2272535,0,439650
100,2.14E+08,3.54E+06,2272539,2272539,0,430550
100,2.14E+08,3.58E+06,2272540,2272540,0,430550
100,2.07E+08,3.57E+06,2272542,2272542,0,400650
100,2.07E+08,3.54E+06,2272542,2272538,0,400650
100,2.17E+08,3.57E+06,2272542,2272542,0,439650
100,2.17E+08,3.54E+06,2272556,2272556,0,439650
100,2.14E+08,3.55E+06,2272558,2272560,0,430550
100,2.17E+08,3.58E+06,2272558,2272558,0,439650
100,2.02E+08,3.58E+06,2272560,2272560,0,384700
100,2.02E+08,3.57E+06,2272571,2272571,0,384700
100,2.07E+08,3.55E+06,2272576,2272573,0,400750
100,2.17E+08,3.54E+06,2272576,2272580,0,439650
100,2.02E+08,3.61E+06,2272582,2272582,0,384700
100,2.07E+08,3.57E+06,2272582,2272585,0,400650
100,2.14E+08,3.58E+06,2272584,2272584,0,430550
100,2.14E+08,3.62E+06,2272584,2272584,0,430550
100,2.17E+08,3.54E+06,2272585,2272586,0,439650
100,2.07E+08,3.57E+06,2272592,2272592,0,399500
100,2.07E+08,3.55E+06,2272595,2272595,0,400650
100,2.14E+08,3.56E+06,2272601,2272601,0,430550
100,2.14E+08,3.54E+06,2272611,2272610,0,430550
100,2.07E+08,3.57E+06,2272612,2272606,0,400650
100,2.14E+08,3.57E+06,2272613,2272613,0,430550
100,2.17E+08,3.54E+06,2272613,2272613,0,439650
100,2.07E+08,3.54E+06,2272615,2272617,0,400750
100,2.17E+08,3.62E+06,2272620,2272620,0,438200
100,2.14E+08,3.56E+06,2272621,2272621,0,430550
100,2.14E+08,3.57E+06,2272625,2272625,0,430550
100,2.17E+08,3.56E+06,2272625,2272625,0,439650
100,2.14E+08,3.55E+06,2272628,2272628,0,430550
100,2.14E+08,3.57E+06,2272628,2272628,0,430550
100,2.17E+08,3.56E+06,2272633,2272633,0,439650
100,2.07E+08,3.56E+06,2272634,2272634,0,400650
100,2.07E+08,3.55E+06,2272643,2272640,0,400650
100,2.17E+08,3.58E+06,2272643,2272643,0,439650
100,2.02E+08,3.67E+06,2272646,2272646,0,384700
100,2.17E+08,3.60E+06,2272647,2272647,0,439650
100,2.02E+08,3.71E+06,2272650,2272647,0,385000
100,2.17E+08,3.57E+06,2272665,2272665,0,439750
100,2.17E+08,3.55E+06,2272666,2272666,0,439650
100,2.14E+08,3.54E+06,2272674,2272672,0,430550
100,2.02E+08,3.99E+06,2272676,2272674,0,384700
100,2.14E+08,3.57E+06,2272680,2272676,0,430550
100,2.07E+08,3.62E+06,2272685,2272686,0,400650
100,2.07E+08,3.54E+06,2272685,2272683,0,400650
100,2.17E+08,3.56E+06,2272686,2272687,0,439650
100,1.99E+08,3.54E+06,2272694,2272694,0,369550
100,2.17E+08,3.63E+06,2272696,2272695,0,439650
100,2.17E+08,3.69E+06,2272698,2272698,0,439650
100,2.17E+08,3.54E+06,2272708,2272711,0,439650
100,2.17E+08,3.57E+06,2272708,2272709,0,439650
100,2.07E+08,3.55E+06,2272715,2272713,0,400750
100,2.07E+08,3.57E+06,2272716,2272715,0,400650
100,2.17E+08,3.76E+06,2272717,2272719,0,438350
100,2.14E+08,3.57E+06,2272718,2272719,0,430550
100,2.17E+08,3.58E+06,2272721,2272722,0,439650
100,2.17E+08,3.55E+06,2272726,2272722,0,439650
100,2.14E+08,3.54E+06,2272729,2272728,0,430550
100,2.07E+08,3.54E+06,2272737,2272736,0,400750
100,2.14E+08,3.66E+06,2272739,2272740,0,430550
100,2.17E+08,3.72E+06,2272741,2272741,0,439650
100,2.14E+08,3.69E+06,2272745,2272745,0,430550
100,2.17E+08,3.54E+06,2272746,2272745,0,439650
100,2.17E+08,3.55E+06,2272746,2272746,0,439650
100,2.17E+08,3.56E+06,2272747,2272747,0,439750
100,2.07E+08,3.54E+06,2272761,2272761,0,400750
100,2.17E+08,3.55E+06,2272765,2272766,0,439650
100,1.99E+08,3.58E+06,2272767,2272767,0,369550
100,2.14E+08,3.55E+06,2272769,2272769,0,430550
100,2.17E+08,3.54E+06,2272769,2272767,0,439650
100,2.14E+08,3.56E+06,2272772,2272767,0,430550
100,2.14E+08,3.63E+06,2272773,2272773,0,430550
100,2.17E+08,3.61E+06,2272778,2272779,0,439650
100,2.02E+08,3.69E+06,2272784,2272784,0,384300
100,2.11E+08,4.13E+06,2272785,2272787,0,415800
100,2.17E+08,3.57E+06,2272785,2272785,0,439650
100,2.14E+08,3.90E+06,2272787,2272787,0,430550
100,1.99E+08,3.68E+06,2272793,2272792,0,372500
100,2.07E+08,3.54E+06,2272794,2272794,0,400750
100,2.14E+08,3.83E+06,2272796,2272796,0,430550
100,2.14E+08,3.64E+06,2272798,2272799,0,430550
100,2.14E+08,3.57E+06,2272799,2272799,0,430550
100,2.02E+08,3.56E+06,2272803,2272803,0,384700
100,2.17E+08,3.65E+06,2272804,2272803,0,439650
100,2.02E+08,3.59E+06,2272807,2272807,0,384300
100,2.07E+08,3.56E+06,2272808,2272808,0,399500
100,2.14E+08,3.60E+06,2272808,2272808,0,430550
100,2.02E+08,3.56E+06,2272809,2272810,0,384700
100,2.02E+08,3.67E+06,2272811,2272811,0,384700
100,2.07E+08,3.56E+06,2272813,2272814,0,400750
100,2.07E+08,3.58E+06,2272830,2272830,0,400650
100,1.99E+08,3.54E+06,2272832,2272827,0,372500
100,2.07E+08,3.56E+06,2272834,2272834,0,399500
100,2.07E+08,3.55E+06,2272836,2272833,0,400650
100,2.07E+08,3.54E+06,2272838,2272838,0,400650
100,2.07E+08,3.69E+06,2272843,2272843,0,400750
100,2.17E+08,3.54E+06,2272848,2272848,0,439750
100,2.01E+08,4.01E+06,2272849,2272846,0,381050
100,2.17E+08,3.64E+06,2272851,2272851,0,438200
100,2.17E+08,3.55E+06,2272851,2272851,0,439650
100,1.99E+08,3.58E+06,2272859,2272859,0,369550
100,2.17E+08,3.55E+06,2272863,2272863,0,439650
100,2.07E+08,3.57E+06,2272864,2272864,0,400750
100,2.02E+08,3.56E+06,2272865,2272862,0,384700
100,2.07E+08,3.81E+06,2272872,2272875,0,399300
100,2.17E+08,3.58E+06,2272873,2272873,0,438200
100,1.99E+08,3.80E+06,2272877,2272877,0,372500
100,2.17E+08,3.54E+06,2272878,2272878,0,439650
100,2.14E+08,3.54E+06,2272879,2272877,0,430550
100,2.14E+08,3.56E+06,2272883,2272883,0,430550
100,2.17E+08,3.63E+06,2272885,2272886,0,439650
100,2.17E+08,3.54E+06,2272886,2272886,0,439650
100,2.17E+08,3.55E+06,2272890,2272888,0,439750
100,2.14E+08,3.66E+06,2272891,2272891,0,430550
100,2.07E+08,3.54E+06,2272901,2272904,0,400750
100,2.14E+08,3.55E+06,2272905,2272907,0,430550
100,2.07E+08,3.54E+06,2272908,2272908,0,400650
100,2.07E+08,3.58E+06,2272911,2272911,0,400750
100,2.02E+08,3.55E+06,2272913,2272913,0,384300
100,2.07E+08,3.55E+06,2272914,2272914,0,400750
100,2.17E+08,3.66E+06,2272918,2272919,0,439650
100,2.07E+08,3.59E+06,2272921,2272921,0,400750
100,2.14E+08,3.55E+06,2272931,2272932,0,430550
100,2.17E+08,3.55E+06,2272934,2272934,0,439650
100,2.14E+08,3.55E+06,2272936,2272936,0,430550
100,2.02E+08,3.97E+06,2272943,2272943,0,385000
100,2.14E+08,3.58E+06,2272944,2272946,0,430550
100,2.14E+08,3.65E+06,2272947,2272941,0,430550
100,2.14E+08,3.57E+06,2272948,2272948,0,430550
100,1.99E+08,3.67E+06,2272949,2272946,0,372500
100,2.17E+08,3.57E+06,2272949,2272949,0,439650
100,2.14E+08,3.59E+06,2272952,2272951,0,430550
100,1.99E+08,3.62E+06,2272955,2272961,0,372500
100,2.14E+08,3.64E+06,2272964,2272962,0,430550
100,2.14E+08,3.54E+06,2272965,2272968,0,430550
100,2.14E+08,3.57E+06,2272965,2272964,0,430550
100,2.14E+08,3.57E+06,2272966,2272965,0,430550
100,2.17E+08,3.56E+06,2272966,2272966,0,439750
100,2.17E+08,3.62E+06,2272967,2272968,0,439650
100,2.17E+08,3.54E+06,2272968,2272968,0,439650
100,2.17E+08,3.60E+06,2272974,2272976,0,439650
100,2.02E+08,3.57E+06,2272975,2272975,0,384700
100,2.17E+08,3.54E+06,2272976,2272979,0,439650
100,2.17E+08,3.55E+06,2272977,2272977,0,439750
100,2.14E+08,3.65E+06,2272980,2272979,0,430550
100,2.13E+08,4.01E+06,2272996,2272996,0,426450
100,2.17E+08,3.58E+06,2273008,2273008,0,439650
100,2.02E+08,3.60E+06,2273011,2273011,0,384300
100,2.07E+08,3.54E+06,2273017,2273012,0,400650
100,2.17E+08,3.54E+06,2273017,2273017,0,439750
100,2.02E+08,3.55E+06,2273018,2273018,0,384700
100,2.14E+08,3.54E+06,2273018,2273018,0,430550
100,2.14E+08,3.55E+06,2273019,2273019,0,430550
100,2.14E+08,3.54E+06,2273019,2273017,0,430550
100,2.14E+08,3.54E+06,2273025,2273022,0,430550
100,2.07E+08,3.54E+06,2273029,2273027,0,400650
100,2.17E+08,3.56E+06,2273031,2273031,0,439650
100,2.17E+08,3.55E+06,2273041,2273038,0,439650
100,2.14E+08,3.66E+06,2273045,2273048,0,430550
100,1.99E+08,3.62E+06,2273047,2273047,0,372500
100,2.17E+08,3.54E+06,2273048,2273047,0,439750
100,2.14E+08,3.55E+06,2273051,2273051,0,430550
100,2.17E+08,3.55E+06,2273051,2273050,0,439650
100,2.14E+08,3.54E+06,2273059,2273053,0,430550
100,2.17E+08,3.64E+06,2273059,2273059,0,439650
100,2.02E+08,3.55E+06,2273062,2273062,0,384700
100,2.07E+08,3.55E+06,2273066,2273066,0,400750
100,2.14E+08,3.58E+06,2273066,2273065,0,430550
100,2.07E+08,3.56E+06,2273075,2273075,0,400650
100,2.14E+08,3.55E+06,2273075,2273075,0,430550
100,1.99E+08,3.59E+06,2273077,2273077,0,372500
100,2.17E+08,3.60E+06,2273080,2273079,0,438200
100,2.17E+08,3.62E+06,2273081,2273080,0,439750
100,2.07E+08,3.56E+06,2273082,2273082,0,400650
100,2.17E+08,3.54E+06,2273087,2273088,0,439750
100,2.04E+08,3.83E+06,2273096,2273096,0,388450
100,2.07E+08,3.55E+06,2273097,2273097,0,400650
100,2.14E+08,3.54E+06,2273097,2273096,0,430550
100,2.02E+08,3.61E+06,2273098,2273098,0,384700
100,2.02E+08,3.64E+06,2273103,2273102,0,384700
100,2.17E+08,3.54E+06,2273108,2273108,0,439650
100,2.07E+08,3.68E+06,2273109,2273111,0,400650
100,2.17E+08,3.67E+06,2273111,2273110,0,439650
100,1.99E+08,4.02E+06,2273117,2273117,0,371500
100,2.02E+08,3.60E+06,2273120,2273120,0,384700
100,2.17E+08,3.54E+06,2273120,2273116,0,439650
100,2.07E+08,3.67E+06,2273121,2273121,0,400750
100,2.14E+08,3.67E+06,2273121,2273121,0,430550
100,1.99E+08,3.58E+06,2273128,2273127,0,372500
100,2.02E+08,3.62E+06,2273142,2273141,0,384300
100,2.02E+08,3.69E+06,2273142,2273142,0,384700
100,2.14E+08,3.55E+06,2273145,2273142,0,430550
100,2.17E+08,3.64E+06,2273147,2273147,0,439650
100,2.14E+08,3.62E+06,2273154,2273158,0,430550
100,2.17E+08,3.54E+06,2273157,2273158,0,439650
100,2.14E+08,3.57E+06,2273158,2273160,0,430550
100,2.14E+08,3.54E+06,2273165,2273166,0,430550
100,2.07E+08,3.56E+06,2273169,2273173,0,400650
100,2.02E+08,3.58E+06,2273183,2273182,0,384300
100,2.14E+08,3.61E+06,2273186,2273184,0,430550
100,2.07E+08,3.56E+06,2273189,2273189,0,400750
100,2.14E+08,3.54E+06,2273193,2273193,0,430550
100,2.14E+08,3.55E+06,2273197,2273194,0,430550
100,2.14E+08,3.57E+06,2273201,2273201,0,430550
100,2.07E+08,3.55E+06,2273202,2273201,0,400750
100,2.07E+08,3.55E+06,2273202,2273200,0,400750
100,2.02E+08,3.62E+06,2273203,2273203,0,384700
100,2.17E+08,3.72E+06,2273205,2273205,0,439650
100,2.17E+08,3.60E+06,2273212,2273212,0,439650
100,2.17E+08,3.59E+06,2273212,2273213,0,439650
100,2.14E+08,3.61E+06,2273215,2273214,0,430550
100,2.07E+08,3.85E+06,2273216,2273216,0,400750
100,2.02E+08,3.63E+06,2273219,2273219,0,384700
100,2.17E+08,3.54E+06,2273220,2273220,0,439750
100,2.07E+08,3.54E+06,2273221,2273221,0,400650
100,1.99E+08,3.61E+06,2273223,2273220,0,369550
100,2.14E+08,3.54E+06,2273224,2273224,0,430550
100,2.17E+08,3.57E+06,2273224,2273222,0,439750
100,2.17E+08,3.56E+06,2273232,2273233,0,439650
100,2.02E+08,3.74E+06,2273237,2273238,0,385150
100,2.14E+08,3.54E+06,2273238,2273239,0,430550
100,2.14E+08,3.55E+06,2273238,2273238,0,430550
100,2.14E+08,3.56E+06,2273238,2273235,0,430550
100,2.07E+08,3.54E+06,2273240,2273241,0,400750
100,2.07E+08,3.77E+06,2273242,2273242,0,400750
100,2.02E+08,3.64E+06,2273244,2273245,0,384300
100,2.07E+08,3.61E+06,2273247,2273247,0,400750
100,2.02E+08,3.64E+06,2273250,2273251,0,384700
100,2.17E+08,3.56E+06,2273255,2273259,0,439650
100,2.17E+08,3.55E+06,2273259,2273263,0,439650
100,2.14E+08,3.54E+06,2273262,2273259,0,430550
100,2.17E+08,3.64E+06,2273266,2273266,0,439650
100,2.17E+08,3.57E+06,2273268,2273269,0,439650
100,2.07E+08,3.54E+06,2273271,2273271,0,400650
100,2.07E+08,3.54E+06,2273271,2273271,0,400650
100,2.02E+08,3.54E+06,2273276,2273275,0,384700
100,2.17E+08,3.60E+06,2273279,2273279,0,439650
100,1.99E+08,3.86E+06,2273286,2273287,0,372500
100,2.17E+08,3.64E+06,2273292,2273291,0,439650
100,2.07E+08,3.82E+06,2273304,2273304,0,400650
100,2.14E+08,3.57E+06,2273307,2273306,0,430550
100,2.07E+08,3.54E+06,2273309,2273310,0,400650
100,2.14E+08,3.55E+06,2273309,2273309,0,430550
100,2.07E+08,3.57E+06,2273312,2273312,0,400650
100,2.17E+08,3.55E+06,2273312,2273310,0,439650
100,2.02E+08,3.56E+06,2273324,2273325,0,384700
100,2.17E+08,3.56E+06,2273324,2273324,0,439650
100,2.14E+08,3.60E+06,2273328,2273330,0,430550
100,2.17E+08,3.54E+06,2273332,2273332,0,439650
100,2.17E+08,3.62E+06,2273341,2273341,0,439650
100,2.07E+08,3.58E+06,2273342,2273340,0,400650
100,2.17E+08,3.57E+06,2273342,2273342,0,439750
100,2.17E+08,3.61E+06,2273345,2273345,0,438200
100,2.17E+08,4.11E+06,2273346,2273349,0,439650
100,1.98E+08,3.80E+06,2273347,2273347,0,367050
100,2.07E+08,3.56E+06,2273355,2273354,0,400650
100,2.14E+08,3.78E+06,2273358,2273358,0,430550
100,2.02E+08,3.72E+06,2273361,2273361,0,384700
100,2.17E+08,3.59E+06,2273366,2273365,0,439650
100,2.07E+08,3.56E+06,2273369,2273370,0,400750
100,2.07E+08,3.55E+06,2273374,2273375,0,400750
100,2.17E+08,3.55E+06,2273376,2273376,0,439650
100,2.17E+08,3.67E+06,2273379,2273379,0,439650
100,2.08E+08,3.83E+06,2273381,2273381,0,401600
100,2.14E+08,3.57E+06,2273381,2273374,0,430550
100,2.07E+08,3.64E+06,2273384,2273386,0,399500
100,2.07E+08,3.54E+06,2273384,2273384,0,400650
100,2.02E+08,3.56E+06,2273386,2273390,0,384700
100,2.02E+08,3.72E+06,2273396,2273396,0,384300
100,1.99E+08,3.58E+06,2273399,2273398,0,369550
100,2.07E+08,3.54E+06,2273404,2273404,0,400750
100,2.02E+08,3.70E+06,2273406,2273406,0,384700
100,2.17E+08,3.71E+06,2273409,2273406,0,439650
100,2.17E+08,3.59E+06,2273410,2273412,0,439650
100,1.99E+08,3.66E+06,2273412,2273411,0,372500
100,2.14E+08,3.57E+06,2273414,2273412,0,430550
100,1.99E+08,3.56E+06,2273416,2273416,0,372500
100,2.07E+08,3.56E+06,2273418,2273418,0,400750
100,2.07E+08,3.54E+06,2273422,2273423,0,400750
100,2.07E+08,3.55E+06,2273424,2273421,0,400750
100,2.17E+08,3.55E+06,2273428,2273430,0,439650
100,2.02E+08,3.55E+06,2273430,2273426,0,384700
100,2.17E+08,3.58E+06,2273430,2273427,0,439650
100,1.99E+08,3.71E+06,2273432,2273432,0,369550
100,2.17E+08,3.56E+06,2273441,2273440,0,439650
100,1.99E+08,3.61E+06,2273444,2273444,0,369550
100,2.14E+08,3.57E+06,2273444,2273442,0,430550
100,2.07E+08,3.55E+06,2273445,2273445,0,400750
100,2.17E+08,3.55E+06,2273447,2273447,0,439650
100,2.14E+08,3.56E+06,2273452,2273455,0,430550
100,2.14E+08,3.63E+06,2273452,2273453,0,430550
100,1.99E+08,3.79E+06,2273459,2273459,0,371950
100,1.99E+08,3.69E+06,2273459,2273460,0,372500
100,2.07E+08,3.56E+06,2273460,2273457,0,400750
100,2.17E+08,3.60E+06,2273462,2273464,0,439650
100,2.14E+08,3.54E+06,2273469,2273469,0,430550
100,2.17E+08,3.54E+06,2273472,2273472,0,439650
100,1.99E+08,3.56E+06,2273473,2273474,0,372500
100,2.02E+08,3.54E+06,2273474,2273474,0,384700
100,2.14E+08,3.60E+06,2273476,2273478,0,430550
100,2.02E+08,3.65E+06,2273477,2273477,0,384300
100,2.07E+08,3.54E+06,2273478,2273478,0,400650
100,2.07E+08,3.54E+06,2273480,2273480,0,400750
100,2.17E+08,3.54E+06,2273481,2273481,0,439650
100,2.17E+08,3.55E+06,2273481,2273482,0,439650
100,2.17E+08,3.57E+06,2273488,2273487,0,439650
100,2.02E+08,3.61E+06,2273505,2273506,0,384700
100,2.07E+08,3.54E+06,2273509,2273508,0,400750
100,2.17E+08,3.54E+06,2273518,2273509,0,439750
100,1.99E+08,3.57E+06,2273520,2273521,0,372500
100,2.07E+08,3.54E+06,2273520,2273521,0,400650
100,2.07E+08,3.54E+06,2273521,2273522,0,400750
100,2.17E+08,3.54E+06,2273522,2273521,0,439650
100,2.07E+08,3.64E+06,2273524,2273523,0,400650
100,2.14E+08,3.57E+06,2273529,2273529,0,430550
100,2.17E+08,3.62E+06,2273529,2273529,0,439650
100,2.03E+08,3.70E+06,2273531,2273531,0,387100
100,2.07E+08,3.54E+06,2273531,2273534,0,400650
100,2.17E+08,3.55E+06,2273536,2273535,0,439650
100,2.14E+08,3.55E+06,2273538,2273539,0,430550
100,2.14E+08,3.58E+06,2273542,2273542,0,430550
100,2.14E+08,3.58E+06,2273543,2273543,0,430550
100,2.07E+08,3.55E+06,2273547,2273542,0,400750
100,2.07E+08,3.60E+06,2273551,2273553,0,400650
100,2.17E+08,3.59E+06,2273555,2273556,0,439650
100,2.17E+08,3.61E+06,2273565,2273565,0,439750
100,2.14E+08,3.55E+06,2273569,2273568,0,430550
100,2.17E+08,3.55E+06,2273579,2273580,0,439650
100,2.07E+08,3.55E+06,2273580,2273580,0,400650
100,2.07E+08,3.56E+06,2273583,2273583,0,400650
100,2.17E+08,3.54E+06,2273584,2273584,0,439650
100,2.07E+08,3.78E+06,2273585,2273584,0,399900
100,2.17E+08,3.78E+06,2273587,2273586,0,438350
100,2.07E+08,3.56E+06,2273594,2273594,0,400750
100,2.14E+08,3.54E+06,2273595,2273591,0,430550
100,2.17E+08,3.59E+06,2273595,2273595,0,439650
100,2.17E+08,3.58E+06,2273596,2273596,0,439650
100,2.14E+08,3.55E+06,2273598,2273598,0,430550
100,2.14E+08,3.54E+06,2273601,2273599,0,430550
100,2.17E+08,3.57E+06,2273604,2273604,0,439750
100,2.17E+08,3.55E+06,2273605,2273605,0,439650
100,2.14E+08,3.55E+06,2273608,2273608,0,430550
100,1.99E+08,3.80E+06,2273614,2273613,0,371500
100,2.02E+08,3.65E+06,2273614,2273614,0,384700
100,2.07E+08,3.56E+06,2273620,2273620,0,400650
100,2.14E+08,3.57E+06,2273621,2273621,0,430550
100,2.07E+08,3.55E+06,2273623,2273623,0,400750
100,2.07E+08,3.54E+06,2273631,2273630,0,400750
100,2.07E+08,3.58E+06,2273635,2273636,0,400750
100,2.02E+08,3.54E+06,2273636,2273636,0,384300
100,2.07E+08,3.55E+06,2273638,2273636,0,400650
100,2.07E+08,3.60E+06,2273639,2273644,0,400650
100,2.17E+08,3.69E+06,2273642,2273642,0,439650
100,2.17E+08,3.71E+06,2273643,2273643,0,439650
100,1.99E+08,3.56E+06,2273644,2273644,0,372500
100,2.17E+08,3.55E+06,2273644,2273645,0,439650
100,2.14E+08,3.56E+06,2273646,2273645,0,430550
100,1.99E+08,3.60E+06,2273647,2273648,0,372500
100,2.07E+08,3.67E+06,2273649,2273651,0,400650
100,2.14E+08,3.55E+06,2273656,2273656,0,430550
100,2.14E+08,3.63E+06,2273656,2273659,0,430550
100,2.17E+08,3.58E+06,2273656,2273655,0,439650
100,2.07E+08,3.55E+06,2273666,2273664,0,400650
100,2.02E+08,3.75E+06,2273677,2273674,0,385000
100,2.07E+08,3.55E+06,2273680,2273682,0,400650
100,2.17E+08,3.56E+06,2273680,2273680,0,439650
100,2.07E+08,3.56E+06,2273681,2273681,0,400650
100,2.14E+08,3.57E+06,2273681,2273685,0,430550
100,2.07E+08,3.56E+06,2273682,2273678,0,400650
100,2.07E+08,3.54E+06,2273696,2273694,0,400650
100,2.08E+08,3.58E+06,2273696,2273696,0,401600
100,2.14E+08,3.68E+06,2273700,2273705,0,430550
100,2.14E+08,3.59E+06,2273700,2273701,0,430550
100,2.14E+08,3.67E+06,2273706,2273708,0,430550
100,2.17E+08,3.61E+06,2273710,2273711,0,439650
100,2.17E+08,3.83E+06,2273714,2273714,0,439750
100,2.17E+08,3.58E+06,2273715,2273715,0,439650
100,2.07E+08,3.68E+06,2273731,2273732,0,400650
100,2.07E+08,3.57E+06,2273734,2273734,0,400750
100,2.17E+08,3.55E+06,2273736,2273736,0,439750
100,2.14E+08,3.54E+06,2273738,2273738,0,430550
100,2.17E+08,3.55E+06,2273739,2273738,0,439750
100,2.17E+08,3.56E+06,2273747,2273748,0,439650
100,2.14E+08,4.05E+06,2273748,2273748,0,430550
100,2.15E+08,3.76E+06,2273752,2273752,0,431000
100,2.17E+08,3.57E+06,2273754,2273754,0,439750
100,2.17E+08,3.55E+06,2273756,2273756,0,439750
100,2.17E+08,3.58E+06,2273763,2273763,0,438200
100,2.17E+08,3.62E+06,2273765,2273765,0,439650
100,1.99E+08,3.60E+06,2273770,2273770,0,372500
100,2.07E+08,3.75E+06,2273770,2273770,0,400750
100,2.07E+08,3.55E+06,2273771,2273771,0,400650
100,2.17E+08,3.55E+06,2273771,2273771,0,439650
100,2.15E+08,3.73E+06,2273775,2273775,0,430550
100,1.89E+08,3.58E+06,2273778,2273778,0,338350
100,2.07E+08,3.57E+06,2273779,2273779,0,400750
100,2.02E+08,3.55E+06,2273781,2273779,0,384700
100,2.14E+08,3.72E+06,2273786,2273786,0,430550
100,2.07E+08,3.54E+06,2273794,2273794,0,400650
100,2.07E+08,3.57E+06,2273797,2273796,0,400750
100,2.02E+08,3.58E+06,2273803,2273803,0,384300
100,2.17E+08,3.58E+06,2273812,2273812,0,439650
100,2.14E+08,3.57E+06,2273813,2273816,0,430550
100,1.99E+08,3.72E+06,2273814,2273814,0,372500
100,2.07E+08,3.56E+06,2273814,2273814,0,400750
100,2.17E+08,3.71E+06,2273814,2273816,0,438200
100,2.07E+08,3.56E+06,2273817,2273815,0,400750
100,2.14E+08,3.63E+06,2273817,2273817,0,430550
100,2.14E+08,3.57E+06,2273821,2273819,0,430550
100,2.14E+08,3.54E+06,2273821,2273821,0,430550
100,2.14E+08,3.58E+06,2273825,2273826,0,430550
100,2.02E+08,3.60E+06,2273826,2273826,0,384700
100,2.07E+08,3.55E+06,2273826,2273826,0,400750
100,2.17E+08,3.60E+06,2273841,2273842,0,439650
100,2.17E+08,3.64E+06,2273842,2273842,0,439750
100,2.17E+08,3.55E+06,2273843,2273841,0,439650
100,2.17E+08,3.58E+06,2273845,2273843,0,439650
100,2.17E+08,3.55E+06,2273849,2273849,0,439650
100,1.99E+08,3.56E+06,2273860,2273863,0,372500
100,2.17E+08,3.63E+06,2273860,2273860,0,438200
100,2.07E+08,3.54E+06,2273863,2273862,0,400750
100,2.07E+08,3.56E+06,2273864,2273865,0,400750
100,2.07E+08,3.54E+06,2273868,2273867,0,400650
100,2.02E+08,3.66E+06,2273875,2273875,0,384700
100,2.14E+08,3.56E+06,2273878,2273878,0,430550
100,2.14E+08,3.56E+06,2273879,2273880,0,430550
100,2.17E+08,3.61E+06,2273881,2273881,0,439650
100,2.14E+08,3.62E+06,2273882,2273882,0,430550
100,1.99E+08,3.62E+06,2273884,2273884,0,369550
100,2.17E+08,3.61E+06,2273885,2273885,0,439650
100,1.96E+08,3.75E+06,2273886,2273880,0,359400
100,1.99E+08,3.70E+06,2273887,2273887,0,369550
100,1.99E+08,3.56E+06,2273888,2273888,0,369550
100,2.02E+08,3.59E+06,2273889,2273889,0,384700
100,2.14E+08,3.54E+06,2273893,2273897,0,430550
100,2.14E+08,3.58E+06,2273896,2273895,0,430550
100,2.02E+08,3.66E+06,2273901,2273900,0,384700
100,2.14E+08,3.55E+06,2273909,2273908,0,430550
100,2.14E+08,3.54E+06,2273912,2273912,0,430550
100,2.14E+08,3.80E+06,2273913,2273914,0,430550
100,2.07E+08,3.56E+06,2273916,2273915,0,400650
100,2.17E+08,3.57E+06,2273916,2273916,0,439650
100,2.14E+08,3.57E+06,2273919,2273918,0,430550
100,2.17E+08,3.66E+06,2273929,2273929,0,439650
100,2.07E+08,3.55E+06,2273932,2273932,0,400750
100,1.99E+08,3.69E+06,2273933,2273933,0,372500
100,1.99E+08,3.65E+06,2273938,2273938,0,369550
100,2.17E+08,3.56E+06,2273939,2273939,0,439650
100,2.17E+08,3.54E+06,2273944,2273943,0,439650
100,2.02E+08,3.54E+06,2273946,2273945,0,384700
100,2.14E+08,3.54E+06,2273946,2273947,0,430550
100,2.14E+08,3.62E+06,2273948,2273947,0,430550
100,2.17E+08,3.55E+06,2273948,2273948,0,439750
100,2.14E+08,3.62E+06,2273949,2273949,0,430550
100,2.17E+08,3.58E+06,2273953,2273955,0,439750
100,2.17E+08,3.55E+06,2273955,2273955,0,439650
100,2.02E+08,3.54E+06,2273958,2273955,0,384700
100,2.14E+08,3.55E+06,2273960,2273960,0,430550
100,2.07E+08,3.57E+06,2273968,2273967,0,400750
100,2.14E+08,3.84E+06,2273979,2273979,0,430550
100,2.17E+08,3.65E+06,2273979,2273979,0,439750
100,2.02E+08,3.64E+06,2273980,2273980,0,384700
100,2.07E+08,3.56E+06,2273981,2273985,0,400750
100,2.14E+08,3.54E+06,2273992,2273992,0,430550
100,1.98E+08,3.75E+06,2273993,2273993,0,367450
100,1.99E+08,3.58E+06,2273993,2273993,0,372500
100,2.07E+08,3.64E+06,2273994,2273994,0,400650
100,2.02E+08,4.13E+06,2273995,2273995,0,384700
100,2.14E+08,3.54E+06,2273998,2273998,0,430550
100,2.07E+08,3.58E+06,2274002,2274002,0,400650
100,2.07E+08,3.61E+06,2274008,2274008,0,399500
100,2.14E+08,3.62E+06,2274008,2274009,0,430550
100,2.17E+08,3.63E+06,2274008,2274007,0,439650
100,2.02E+08,3.62E+06,2274013,2274013,0,384700
100,2.17E+08,3.56E+06,2274014,2274014,0,439650
100,2.17E+08,3.56E+06,2274014,2274014,0,439750
100,2.17E+08,3.58E+06,2274017,2274019,0,439650
100,2.14E+08,3.63E+06,2274020,2274021,0,430550
100,2.14E+08,3.54E+06,2274021,2274020,0,430550
100,2.07E+08,3.56E+06,2274023,2274022,0,399500
100,2.07E+08,3.55E+06,2274023,2274018,0,400650
100,2.07E+08,3.56E+06,2274024,2274026,0,400650
100,2.17E+08,3.56E+06,2274026,2274026,0,439750
100,2.02E+08,3.67E+06,2274027,2274028,0,384700
100,2.07E+08,3.60E+06,2274032,2274027,0,400650
100,2.14E+08,3.54E+06,2274037,2274037,0,430550
100,2.01E+08,3.67E+06,2274042,2274043,0,382650
100,1.99E+08,3.58E+06,2274044,2274044,0,372500
100,2.17E+08,3.54E+06,2274059,2274057,0,439650
100,2.14E+08,3.64E+06,2274060,2274060,0,430550
100,2.02E+08,3.69E+06,2274066,2274066,0,385300
100,2.14E+08,3.56E+06,2274066,2274065,0,430550
100,2.17E+08,3.54E+06,2274071,2274071,0,439650
100,2.17E+08,3.55E+06,2274071,2274071,0,439650
100,2.17E+08,3.56E+06,2274083,2274087,0,439650
100,2.07E+08,3.64E+06,2274084,2274084,0,400650
100,2.17E+08,3.59E+06,2274092,2274093,0,439650
100,2.07E+08,3.55E+06,2274099,2274099,0,400650
100,2.07E+08,3.54E+06,2274123,2274123,0,400650
100,2.17E+08,3.90E+06,2274124,2274124,0,439750
100,2.17E+08,3.54E+06,2274127,2274127,0,439650
100,2.07E+08,3.73E+06,2274131,2274130,0,400650
100,2.17E+08,3.55E+06,2274131,2274136,0,439650
100,2.01E+08,3.71E+06,2274137,2274136,0,382650
100,2.02E+08,3.68E+06,2274139,2274138,0,384700
100,2.17E+08,3.56E+06,2274140,2274140,0,439650
100,2.07E+08,3.60E+06,2274142,2274142,0,400650
100,2.14E+08,3.57E+06,2274144,2274142,0,430550
100,2.14E+08,3.56E+06,2274145,2274146,0,430550
100,2.17E+08,3.77E+06,2274145,2274144,0,439650
100,2.17E+08,3.55E+06,2274154,2274153,0,439650
100,2.14E+08,3.54E+06,2274168,2274169,0,430550
100,2.17E+08,3.57E+06,2274168,2274168,0,439750
100,2.07E+08,3.75E+06,2274172,2274172,0,400650
100,2.07E+08,3.55E+06,2274172,2274172,0,400750
100,2.07E+08,3.55E+06,2274173,2274173,0,400650
100,2.05E+08,3.90E+06,2274174,2274174,0,396450
100,1.99E+08,3.63E+06,2274175,2274175,0,369550
100,2.14E+08,3.55E+06,2274175,2274175,0,430550
100,1.99E+08,3.58E+06,2274178,2274178,0,369550
100,2.07E+08,3.59E+06,2274184,2274182,0,400650
100,2.17E+08,3.70E+06,2274185,2274185,0,439650
100,2.07E+08,3.54E+06,2274194,2274194,0,400750
100,2.07E+08,3.55E+06,2274200,2274199,0,400750
100,2.17E+08,3.54E+06,2274202,2274202,0,439750
100,2.14E+08,3.73E+06,2274205,2274207,0,430550
100,2.07E+08,3.57E+06,2274208,2274208,0,400650
100,2.02E+08,3.57E+06,2274211,2274210,0,384700
100,2.17E+08,3.59E+06,2274214,2274218,0,439650
100,2.14E+08,3.56E+06,2274215,2274217,0,430550
100,2.07E+08,3.55E+06,2274216,2274217,0,400750
100,2.02E+08,3.58E+06,2274219,2274220,0,384700
100,2.14E+08,3.55E+06,2274219,2274219,0,430550
100,2.14E+08,3.59E+06,2274221,2274217,0,430550
100,2.14E+08,3.59E+06,2274230,2274230,0,430550
100,1.99E+08,3.56E+06,2274232,2274229,0,372500
100,2.07E+08,3.54E+06,2274233,2274233,0,400750
100,2.17E+08,3.64E+06,2274237,2274237,0,439650
100,2.14E+08,3.57E+06,2274242,2274242,0,430550
100,2.17E+08,3.57E+06,2274243,2274242,0,439750
100,2.17E+08,3.56E+06,2274250,2274250,0,439650
100,2.02E+08,3.61E+06,2274253,2274253,0,384700
100,2.07E+08,3.55E+06,2274253,2274253,0,400750
100,2.02E+08,3.63E+06,2274256,2274258,0,384700
100,2.02E+08,3.98E+06,2274257,2274257,0,385150
100,2.17E+08,3.54E+06,2274257,2274256,0,439650
100,2.07E+08,3.65E+06,2274261,2274260,0,400650
100,2.14E+08,3.59E+06,2274270,2274269,0,430550
100,2.17E+08,3.59E+06,2274273,2274270,0,439650
100,2.14E+08,3.54E+06,2274276,2274275,0,430550
100,2.17E+08,3.54E+06,2274280,2274281,0,439650
100,2.17E+08,3.59E+06,2274280,2274279,0,439750
100,2.17E+08,3.55E+06,2274281,2274280,0,438200
100,2.17E+08,3.55E+06,2274283,2274285,0,439650
100,2.17E+08,3.69E+06,2274287,2274286,0,439650
100,2.07E+08,3.56E+06,2274291,2274290,0,400750
100,2.02E+08,3.64E+06,2274292,2274294,0,384300
100,2.14E+08,3.70E+06,2274292,2274292,0,430550
100,2.14E+08,3.61E+06,2274304,2274304,0,430550
100,1.99E+08,3.75E+06,2274305,2274308,0,372500
100,2.17E+08,3.54E+06,2274307,2274307,0,439650
100,2.14E+08,3.55E+06,2274308,2274308,0,430550
100,1.99E+08,3.83E+06,2274310,2274310,0,372500
100,2.14E+08,3.57E+06,2274315,2274316,0,430550
100,2.14E+08,3.54E+06,2274316,2274316,0,430550
100,2.14E+08,3.54E+06,2274317,2274315,0,430550
100,1.99E+08,3.59E+06,2274319,2274319,0,372500
100,2.02E+08,3.69E+06,2274323,2274317,0,385150
100,1.99E+08,3.55E+06,2274325,2274325,0,369550
100,1.99E+08,3.57E+06,2274332,2274332,0,372500
100,2.07E+08,3.56E+06,2274332,2274335,0,400750
100,2.02E+08,3.61E+06,2274340,2274340,0,384300
100,2.07E+08,3.62E+06,2274340,2274341,0,400750
100,2.14E+08,3.55E+06,2274341,2274341,0,430550
100,2.14E+08,3.69E+06,2274344,2274344,0,430550
100,1.99E+08,3.67E+06,2274351,2274351,0,372500
100,2.14E+08,3.59E+06,2274353,2274353,0,430550
100,2.07E+08,3.54E+06,2274354,2274356,0,400650
100,1.99E+08,3.69E+06,2274358,2274354,0,372500
100,2.14E+08,3.55E+06,2274359,2274360,0,430550
100,2.17E+08,3.56E+06,2274359,2274359,0,439650
100,1.89E+08,3.77E+06,2274361,2274359,0,338350
100,1.99E+08,3.54E+06,2274361,2274357,0,369550
100,2.14E+08,3.56E+06,2274370,2274370,0,430550
100,2.07E+08,3.76E+06,2274374,2274375,0,400650
100,2.17E+08,3.55E+06,2274374,2274373,0,439650
100,2.14E+08,3.58E+06,2274376,2274378,0,430550
100,2.07E+08,3.54E+06,2274385,2274385,0,400750
100,2.15E+08,3.80E+06,2274391,2274392,0,430550
100,2.07E+08,3.54E+06,2274393,2274392,0,400750
100,2.17E+08,3.55E+06,2274394,2274393,0,439750
100,2.17E+08,3.59E+06,2274395,2274394,0,439650
100,1.99E+08,3.63E+06,2274396,2274396,0,369550
100,2.17E+08,3.61E+06,2274397,2274397,0,438200
100,2.14E+08,3.54E+06,2274398,2274396,0,430550
100,2.14E+08,3.63E+06,2274401,2274400,0,430550
100,2.14E+08,3.54E+06,2274402,2274402,0,430550
100,2.14E+08,3.54E+06,2274403,2274402,0,430550
100,2.17E+08,3.62E+06,2274406,2274406,0,438200
100,1.99E+08,3.61E+06,2274407,2274407,0,369550
100,2.07E+08,3.56E+06,2274409,2274409,0,400750
100,2.07E+08,3.54E+06,2274410,2274412,0,400750
100,2.17E+08,3.59E+06,2274412,2274412,0,439650
100,2.17E+08,3.55E+06,2274412,2274412,0,439750
100,2.14E+08,3.83E+06,2274417,2274417,0,430550
100,2.15E+08,3.85E+06,2274417,2274417,0,431200
100,2.02E+08,3.67E+06,2274422,2274422,0,384700
100,2.14E+08,3.55E+06,2274426,2274425,0,430550
100,2.17E+08,3.58E+06,2274428,2274428,0,439650
100,2.14E+08,3.54E+06,2274445,2274449,0,430550
100,2.14E+08,3.58E+06,2274445,2274445,0,430550
100,2.14E+08,3.57E+06,2274452,2274452,0,430550
100,1.99E+08,3.71E+06,2274454,2274456,0,369550
100,2.14E+08,3.67E+06,2274460,2274462,0,430550
100,2.07E+08,3.54E+06,2274464,2274455,0,400650
100,2.17E+08,3.55E+06,2274465,2274466,0,439650
100,2.17E+08,3.83E+06,2274467,2274463,0,439650
100,2.17E+08,3.54E+06,2274472,2274474,0,439750
100,2.14E+08,3.54E+06,2274476,2274476,0,430550
100,2.17E+08,3.97E+06,2274477,2274477,0,439750
100,2.17E+08,3.56E+06,2274485,2274483,0,439650
100,2.02E+08,3.58E+06,2274488,2274483,0,384700
100,2.07E+08,3.60E+06,2274488,2274488,0,400650
100,2.14E+08,3.72E+06,2274488,2274488,0,430550
100,2.02E+08,3.63E+06,2274491,2274491,0,384700
100,2.17E+08,3.54E+06,2274491,2274488,0,439650
100,2.17E+08,3.70E+06,2274497,2274497,0,439650
100,2.14E+08,3.58E+06,2274498,2274500,0,430550
100,2.14E+08,3.55E+06,2274499,2274499,0,430550
100,2.07E+08,3.54E+06,2274501,2274500,0,400750
100,2.07E+08,3.57E+06,2274504,2274506,0,400750
100,2.07E+08,3.54E+06,2274508,2274510,0,400750
100,2.07E+08,3.56E+06,2274511,2274511,0,400650
100,2.17E+08,3.58E+06,2274511,2274511,0,439650
100,2.07E+08,3.83E+06,2274518,2274517,0,400650
100,2.07E+08,3.58E+06,2274519,2274519,0,400750
100,2.08E+08,3.66E+06,2274522,2274522,0,401600
100,2.14E+08,3.55E+06,2274524,2274526,0,430550
100,2.14E+08,3.58E+06,2274524,2274525,0,430550
100,2.07E+08,3.54E+06,2274531,2274533,0,400650
100,2.07E+08,3.55E+06,2274532,2274532,0,400750
100,2.17E+08,3.68E+06,2274536,2274535,0,439650
100,2.17E+08,3.62E+06,2274540,2274534,0,439650
100,2.07E+08,3.55E+06,2274544,2274542,0,400650
100,2.02E+08,4.10E+06,2274545,2274545,0,385000
100,2.04E+08,3.83E+06,2274546,2274546,0,389350
100,2.02E+08,3.54E+06,2274549,2274544,0,384700
100,2.14E+08,3.55E+06,2274549,2274549,0,430550
100,2.17E+08,3.58E+06,2274560,2274560,0,439650
100,2.17E+08,3.58E+06,2274563,2274562,0,439650
100,2.02E+08,3.68E+06,2274569,2274569,0,384700
100,2.14E+08,3.55E+06,2274573,2274573,0,430550
100,1.99E+08,3.76E+06,2274575,2274575,0,372500
100,2.17E+08,3.56E+06,2274581,2274575,0,439750
100,2.07E+08,3.68E+06,2274586,2274589,0,400750
100,2.14E+08,3.54E+06,2274586,2274583,0,430550
100,2.14E+08,3.55E+06,2274606,2274606,0,430550
100,2.14E+08,3.57E+06,2274609,2274609,0,430550
100,2.17E+08,3.55E+06,2274611,2274610,0,439650
100,2.14E+08,3.59E+06,2274612,2274611,0,430550
100,2.07E+08,3.55E+06,2274616,2274616,0,400750
100,2.17E+08,3.54E+06,2274616,2274613,0,439650
100,2.17E+08,3.55E+06,2274621,2274622,0,439650
100,2.02E+08,3.64E+06,2274625,2274624,0,384700
100,2.07E+08,3.82E+06,2274632,2274632,0,399500
100,2.17E+08,3.58E+06,2274634,2274634,0,439650
100,2.14E+08,3.55E+06,2274636,2274637,0,430550
100,1.99E+08,3.65E+06,2274645,2274646,0,372500
100,2.02E+08,3.59E+06,2274645,2274644,0,384300
100,2.17E+08,3.55E+06,2274657,2274656,0,439650
100,2.14E+08,3.57E+06,2274662,2274662,0,430550
100,2.17E+08,3.58E+06,2274663,2274661,0,439750
100,2.07E+08,3.54E+06,2274666,2274666,0,400650
100,2.17E+08,3.71E+06,2274672,2274673,0,439650
100,2.14E+08,3.57E+06,2274675,2274675,0,430550
100,2.14E+08,3.62E+06,2274678,2274677,0,430550
100,2.15E+08,3.80E+06,2274679,2274679,0,433550
100,2.07E+08,3.55E+06,2274681,2274681,0,400650
100,2.17E+08,3.55E+06,2274685,2274679,0,439650
100,2.17E+08,3.56E+06,2274686,2274686,0,439650
100,2.14E+08,3.54E+06,2274696,2274697,0,430550
100,2.07E+08,3.59E+06,2274700,2274699,0,400650
100,2.02E+08,3.65E+06,2274702,2274702,0,384700
100,2.14E+08,3.62E+06,2274712,2274712,0,430550
100,1.80E+08,3.85E+06,2274716,2274716,0,309150
100,2.07E+08,3.54E+06,2274716,2274716,0,400750
100,2.17E+08,3.57E+06,2274717,2274717,0,439650
100,2.07E+08,3.56E+06,2274723,2274725,0,400750
100,2.17E+08,3.57E+06,2274723,2274724,0,439650
100,1.99E+08,3.58E+06,2274729,2274729,0,369550
100,2.14E+08,3.62E+06,2274737,2274735,0,430550
100,2.17E+08,3.67E+06,2274737,2274737,0,439650
100,2.07E+08,3.57E+06,2274742,2274742,0,400750
100,2.14E+08,3.54E+06,2274746,2274747,0,430550
100,2.14E+08,3.54E+06,2274746,2274744,0,430550
100,2.02E+08,3.81E+06,2274747,2274746,0,384700
100,2.17E+08,3.55E+06,2274748,2274747,0,439650
100,2.17E+08,3.77E+06,2274750,2274750,0,439650
100,2.07E+08,3.54E+06,2274751,2274754,0,400750
100,2.17E+08,3.59E+06,2274753,2274755,0,439650
100,2.07E+08,3.56E+06,2274771,2274769,0,400750
100,2.07E+08,3.54E+06,2274775,2274774,0,400650
100,2.17E+08,3.54E+06,2274777,2274777,0,439650
100,2.17E+08,3.55E+06,2274779,2274780,0,439750
100,2.14E+08,3.60E+06,2274783,2274784,0,430550
100,2.14E+08,3.55E+06,2274783,2274783,0,430550
100,2.17E+08,3.55E+06,2274784,2274784,0,439650
100,2.14E+08,3.55E+06,2274786,2274787,0,430550
100,2.14E+08,3.54E+06,2274794,2274793,0,430550
100,2.14E+08,3.57E+06,2274800,2274800,0,430550
100,2.14E+08,3.54E+06,2274802,2274801,0,430550
100,1.99E+08,3.70E+06,2274804,2274801,0,372500
100,2.02E+08,3.67E+06,2274804,2274803,0,384700
100,2.14E+08,3.59E+06,2274806,2274805,0,430550
100,2.14E+08,3.64E+06,2274808,2274808,0,430550
100,2.17E+08,3.55E+06,2274810,2274810,0,439650
100,2.17E+08,3.71E+06,2274811,2274811,0,439650
100,2.17E+08,3.60E+06,2274813,2274812,0,439650
100,2.17E+08,3.55E+06,2274813,2274813,0,439650
100,2.02E+08,3.60E+06,2274816,2274816,0,384300
100,2.17E+08,3.57E+06,2274818,2274816,0,439650
100,2.14E+08,3.62E+06,2274820,2274820,0,430550
100,2.07E+08,3.55E+06,2274824,2274823,0,400750
100,2.14E+08,3.58E+06,2274826,2274824,0,430550
100,2.07E+08,3.59E+06,2274828,2274830,0,400750
100,2.17E+08,3.63E+06,2274832,2274832,0,439650
100,2.17E+08,3.56E+06,2274832,2274831,0,439650
100,2.14E+08,3.59E+06,2274837,2274837,0,430550
100,2.17E+08,3.62E+06,2274839,2274838,0,439650
100,1.99E+08,3.55E+06,2274841,2274841,0,372500
100,2.14E+08,3.54E+06,2274843,2274845,0,430550
100,2.14E+08,3.55E+06,2274845,2274847,0,430550
100,2.02E+08,3.55E+06,2274846,2274844,0,384700
100,2.07E+08,3.54E+06,2274850,2274850,0,400650
100,2.07E+08,3.54E+06,2274853,2274852,0,400650
100,2.17E+08,3.55E+06,2274855,2274855,0,439650
100,2.07E+08,3.54E+06,2274860,2274860,0,400750
100,2.14E+08,3.54E+06,2274860,2274860,0,430550
100,2.02E+08,3.54E+06,2274864,2274868,0,384700
100,2.07E+08,3.54E+06,2274865,2274866,0,400750
100,2.14E+08,3.59E+06,2274868,2274868,0,430550
100,2.14E+08,3.56E+06,2274872,2274875,0,430550
100,1.99E+08,3.85E+06,2274875,2274875,0,372500
100,2.14E+08,3.73E+06,2274878,2274878,0,430550
100,2.07E+08,3.56E+06,2274880,2274882,0,400750
100,2.17E+08,3.57E+06,2274880,2274882,0,439750
100,2.14E+08,3.58E+06,2274882,2274882,0,430550
100,2.14E+08,3.54E+06,2274883,2274883,0,430550
100,2.14E+08,3.55E+06,2274883,2274883,0,430550
100,2.02E+08,3.64E+06,2274885,2274886,0,384700
100,2.14E+08,3.55E+06,2274890,2274886,0,430550
100,2.17E+08,3.54E+06,2274890,2274889,0,439650
100,2.14E+08,3.55E+06,2274902,2274902,0,430550
100,2.14E+08,3.54E+06,2274902,2274898,0,430550
100,2.14E+08,3.55E+06,2274903,2274903,0,430550
100,2.14E+08,3.59E+06,2274906,2274906,0,430550
100,2.07E+08,3.65E+06,2274908,2274908,0,399500
100,2.02E+08,3.73E+06,2274909,2274912,0,384700
100,2.14E+08,3.55E+06,2274915,2274914,0,430550
100,1.99E+08,3.69E+06,2274916,2274916,0,369550
100,2.14E+08,3.57E+06,2274916,2274916,0,430550
100,2.07E+08,3.59E+06,2274919,2274919,0,400650
100,1.99E+08,3.58E+06,2274923,2274922,0,372500
100,2.14E+08,3.57E+06,2274924,2274924,0,430550
100,2.02E+08,3.68E+06,2274926,2274926,0,384700
100,2.17E+08,3.56E+06,2274927,2274927,0,439650
100,2.02E+08,3.61E+06,2274929,2274928,0,384700
100,2.02E+08,3.56E+06,2274934,2274936,0,384700
100,2.07E+08,3.54E+06,2274938,2274940,0,400650
100,2.07E+08,3.56E+06,2274941,2274939,0,400650
100,2.08E+08,3.81E+06,2274943,2274943,0,401600
100,2.17E+08,3.67E+06,2274947,2274943,0,439750
100,1.98E+08,3.62E+06,2274956,2274958,0,367450
100,2.17E+08,3.58E+06,2274956,2274956,0,439650
100,2.17E+08,3.58E+06,2274957,2274957,0,439750
100,2.02E+08,3.65E+06,2274966,2274966,0,384700
100,2.07E+08,3.55E+06,2274968,2274968,0,400650
100,2.04E+08,3.80E+06,2274970,2274973,0,388450
100,2.14E+08,3.57E+06,2274973,2274973,0,430550
100,1.92E+08,3.79E+06,2274977,2274977,0,342450
100,1.99E+08,3.56E+06,2274982,2274982,0,369550
100,2.02E+08,3.68E+06,2274983,2274983,0,384700
100,2.17E+08,3.55E+06,2274983,2274983,0,439650
100,2.14E+08,3.62E+06,2274984,2274987,0,430550
100,2.14E+08,3.55E+06,2274986,2274986,0,430550
100,2.02E+08,3.57E+06,2274988,2274985,0,384700
100,2.17E+08,3.60E+06,2274991,2274991,0,438200
100,2.07E+08,3.55E+06,2274995,2275000,0,400650
100,2.14E+08,4.05E+06,2274995,2274995,0,430550
100,2.17E+08,3.55E+06,2275004,2275002,0,439650
100,2.14E+08,3.55E+06,2275010,2275010,0,430550
100,1.99E+08,3.57E+06,2275011,2275013,0,372500
100,1.99E+08,3.64E+06,2275016,2275016,0,371700
100,2.14E+08,3.64E+06,2275017,2275017,0,430550
100,2.02E+08,3.57E+06,2275020,2275020,0,384700
100,2.17E+08,3.76E+06,2275020,2275016,0,439650
100,2.17E+08,3.54E+06,2275020,2275017,0,439750
100,1.99E+08,3.57E+06,2275022,2275022,0,372500
100,2.07E+08,3.60E+06,2275024,2275024,0,400650
100,2.17E+08,3.68E+06,2275025,2275024,0,439750
100,1.99E+08,3.58E+06,2275026,2275026,0,372500
100,2.14E+08,3.54E+06,2275029,2275029,0,430550
100,2.02E+08,3.94E+06,2275045,2275045,0,384700
100,2.17E+08,3.56E+06,2275047,2275047,0,439650
100,2.07E+08,3.54E+06,2275049,2275050,0,400750
100,2.02E+08,3.66E+06,2275051,2275051,0,384700
100,2.14E+08,3.58E+06,2275062,2275060,0,430550
100,1.99E+08,3.70E+06,2275065,2275065,0,369550
100,2.17E+08,3.54E+06,2275066,2275064,0,439650
100,2.03E+08,3.71E+06,2275067,2275067,0,387900
100,1.99E+08,3.55E+06,2275069,2275070,0,372500
100,2.14E+08,3.59E+06,2275069,2275069,0,430550
100,2.17E+08,3.55E+06,2275069,2275069,0,439750
100,2.07E+08,3.58E+06,2275070,2275070,0,400750
100,2.17E+08,3.54E+06,2275071,2275071,0,439650
100,2.14E+08,3.61E+06,2275078,2275075,0,430550
100,2.17E+08,3.55E+06,2275080,2275080,0,439650
100,2.07E+08,3.54E+06,2275085,2275085,0,400650
100,2.17E+08,3.65E+06,2275085,2275087,0,438200
100,1.99E+08,3.54E+06,2275094,2275094,0,372500
100,2.14E+08,3.60E+06,2275099,2275102,0,430550
100,2.17E+08,3.71E+06,2275103,2275103,0,439650
100,2.07E+08,3.57E+06,2275106,2275103,0,400750
100,2.17E+08,3.55E+06,2275106,2275106,0,439750
100,2.02E+08,3.62E+06,2275118,2275118,0,385000
100,2.14E+08,3.55E+06,2275118,2275117,0,430550
100,2.17E+08,3.54E+06,2275118,2275117,0,439750
100,2.07E+08,3.62E+06,2275122,2275123,0,400650
100,2.14E+08,3.58E+06,2275122,2275122,0,430550
100,2.07E+08,3.54E+06,2275123,2275127,0,400750
100,2.14E+08,3.63E+06,2275127,2275128,0,430550
100,2.07E+08,3.56E+06,2275134,2275135,0,400750
100,2.17E+08,3.54E+06,2275134,2275133,0,439750
100,2.07E+08,3.56E+06,2275135,2275135,0,400750
100,2.14E+08,3.75E+06,2275136,2275136,0,430550
100,2.14E+08,3.57E+06,2275143,2275141,0,430550
100,2.02E+08,3.66E+06,2275144,2275142,0,384700
100,2.17E+08,3.55E+06,2275146,2275146,0,439650
100,2.07E+08,3.54E+06,2275149,2275146,0,400750
100,2.14E+08,3.54E+06,2275152,2275152,0,430550
100,2.15E+08,3.82E+06,2275152,2275152,0,430550
100,2.14E+08,3.58E+06,2275155,2275157,0,430550
100,2.14E+08,3.55E+06,2275160,2275162,0,430550
100,2.02E+08,3.72E+06,2275165,2275164,0,384700
100,2.14E+08,3.56E+06,2275171,2275170,0,430550
100,2.14E+08,3.65E+06,2275172,2275172,0,430550
100,1.99E+08,3.77E+06,2275173,2275173,0,369550
100,2.07E+08,3.54E+06,2275175,2275176,0,400650
100,1.99E+08,3.54E+06,2275176,2275176,0,372500
100,2.17E+08,3.69E+06,2275179,2275179,0,438200
100,2.17E+08,3.54E+06,2275182,2275177,0,439750
100,2.17E+08,3.63E+06,2275190,2275189,0,439750
100,2.14E+08,3.54E+06,2275194,2275190,0,430550
100,2.14E+08,3.55E+06,2275195,2275198,0,430550
100,2.17E+08,3.64E+06,2275196,2275197,0,439650
100,2.17E+08,3.59E+06,2275199,2275199,0,439650
100,2.17E+08,3.66E+06,2275199,2275199,0,439650
100,2.17E+08,3.61E+06,2275205,2275205,0,439650
100,1.99E+08,3.99E+06,2275207,2275206,0,372500
100,2.17E+08,3.62E+06,2275208,2275208,0,439750
100,2.07E+08,3.55E+06,2275210,2275214,0,400750
100,2.17E+08,3.54E+06,2275212,2275212,0,439650
100,2.14E+08,3.56E+06,2275213,2275214,0,430550
100,2.17E+08,3.59E+06,2275215,2275212,0,439650
100,2.17E+08,3.54E+06,2275215,2275215,0,439650
100,2.07E+08,3.54E+06,2275219,2275219,0,400650
100,2.14E+08,3.68E+06,2275219,2275219,0,430550
100,2.17E+08,3.55E+06,2275219,2275217,0,439750
100,2.14E+08,3.58E+06,2275222,2275222,0,430550
100,2.07E+08,3.61E+06,2275226,2275226,0,400650
100,1.99E+08,3.62E+06,2275227,2275227,0,372500
100,2.14E+08,3.60E+06,2275242,2275242,0,430550
100,2.14E+08,3.66E+06,2275244,2275244,0,430550
100,2.14E+08,3.71E+06,2275244,2275246,0,430550
100,2.02E+08,3.57E+06,2275246,2275246,0,384700
100,2.07E+08,3.71E+06,2275246,2275246,0,399500
100,2.07E+08,3.79E+06,2275249,2275248,0,400750
100,2.17E+08,3.61E+06,2275250,2275249,0,439650
100,2.17E+08,3.64E+06,2275250,2275250,0,439650
100,2.14E+08,3.87E+06,2275251,2275251,0,430550
100,2.17E+08,3.75E+06,2275251,2275251,0,439650
100,2.07E+08,3.57E+06,2275255,2275255,0,400750
100,2.14E+08,3.59E+06,2275257,2275254,0,430550
100,1.99E+08,3.57E+06,2275267,2275260,0,372500
100,2.14E+08,3.55E+06,2275268,2275268,0,430550
100,1.99E+08,3.62E+06,2275276,2275276,0,372500
100,2.17E+08,3.65E+06,2275277,2275279,0,439650
100,2.17E+08,3.57E+06,2275279,2275279,0,439650
100,2.07E+08,3.58E+06,2275282,2275286,0,400650
100,2.07E+08,3.70E+06,2275291,2275290,0,399500
100,2.14E+08,3.54E+06,2275292,2275287,0,430550
100,2.17E+08,3.57E+06,2275292,2275292,0,439650
100,1.99E+08,3.57E+06,2275295,2275294,0,372500
100,1.99E+08,3.70E+06,2275295,2275297,0,372500
100,2.17E+08,3.59E+06,2275296,2275293,0,439650
100,2.14E+08,3.57E+06,2275298,2275295,0,430550
100,2.07E+08,3.56E+06,2275299,2275298,0,400650
100,2.04E+08,4.09E+06,2275303,2275298,0,389350
100,2.17E+08,3.73E+06,2275304,2275304,0,439650
100,2.14E+08,3.61E+06,2275310,2275310,0,430550
100,2.17E+08,3.54E+06,2275310,2275312,0,439650
100,2.07E+08,3.54E+06,2275312,2275306,0,400750
100,2.14E+08,3.75E+06,2275323,2275323,0,430550
100,2.17E+08,3.61E+06,2275326,2275326,0,438200
100,2.17E+08,3.55E+06,2275326,2275325,0,439650
100,2.17E+08,3.55E+06,2275327,2275327,0,439750
100,2.17E+08,3.65E+06,2275328,2275328,0,439650
100,2.17E+08,3.59E+06,2275331,2275334,0,439650
100,2.07E+08,3.56E+06,2275332,2275332,0,400750
100,2.17E+08,3.59E+06,2275335,2275336,0,439750
100,2.14E+08,3.55E+06,2275342,2275342,0,430550
100,2.14E+08,3.64E+06,2275344,2275344,0,430550
100,2.17E+08,3.55E+06,2275346,2275346,0,439650
100,2.07E+08,3.55E+06,2275347,2275345,0,400650
100,1.99E+08,3.55E+06,2275348,2275348,0,369550
100,2.02E+08,3.60E+06,2275348,2275348,0,384700
100,2.02E+08,3.56E+06,2275348,2275345,0,384700
100,1.99E+08,3.57E+06,2275356,2275356,0,369550
100,2.14E+08,3.64E+06,2275366,2275367,0,430550
100,2.14E+08,3.58E+06,2275371,2275372,0,430550
100,2.14E+08,3.55E+06,2275374,2275373,0,430550
100,2.17E+08,3.60E+06,2275374,2275374,0,439750
100,2.02E+08,3.64E+06,2275377,2275377,0,384700
100,2.14E+08,3.55E+06,2275381,2275381,0,430550
100,2.14E+08,3.55E+06,2275381,2275380,0,430550
100,2.14E+08,3.56E+06,2275387,2275386,0,430550
100,2.17E+08,3.54E+06,2275388,2275388,0,439650
100,1.99E+08,3.58E+06,2275394,2275395,0,372500
100,2.14E+08,3.54E+06,2275397,2275396,0,430550
100,1.99E+08,3.67E+06,2275401,2275401,0,369550
100,2.14E+08,3.54E+06,2275401,2275401,0,430550
100,2.17E+08,3.54E+06,2275402,2275404,0,439650
100,2.17E+08,3.55E+06,2275405,2275408,0,439650
100,2.17E+08,3.54E+06,2275407,2275407,0,439750
100,2.02E+08,3.57E+06,2275414,2275416,0,384700
100,2.07E+08,3.57E+06,2275415,2275412,0,400650
100,2.14E+08,3.55E+06,2275417,2275417,0,430550
100,2.17E+08,3.74E+06,2275417,2275415,0,439650
100,2.07E+08,3.56E+06,2275418,2275417,0,400750
100,2.14E+08,3.55E+06,2275421,2275421,0,430550
100,2.02E+08,3.65E+06,2275423,2275418,0,384700
100,2.14E+08,3.55E+06,2275424,2275424,0,430550
100,2.14E+08,3.55E+06,2275425,2275425,0,430550
100,2.07E+08,3.56E+06,2275429,2275427,0,400650
100,2.07E+08,3.67E+06,2275435,2275436,0,400750
100,2.14E+08,3.55E+06,2275436,2275436,0,430550
100,2.14E+08,3.57E+06,2275438,2275438,0,430550
100,2.14E+08,3.56E+06,2275439,2275441,0,430550
100,2.07E+08,3.54E+06,2275444,2275443,0,400750
100,2.17E+08,3.54E+06,2275447,2275439,0,439650
100,2.17E+08,3.59E+06,2275448,2275450,0,439650
100,2.17E+08,3.56E+06,2275448,2275449,0,439650
100,2.17E+08,3.54E+06,2275448,2275449,0,439750
100,1.99E+08,3.87E+06,2275451,2275453,0,369550
100,2.17E+08,3.54E+06,2275452,2275450,0,439650
100,2.17E+08,3.62E+06,2275453,2275452,0,439650
100,2.07E+08,3.54E+06,2275457,2275458,0,400750
100,1.98E+08,3.81E+06,2275464,2275464,0,367050
100,2.17E+08,3.56E+06,2275467,2275466,0,439650
100,2.07E+08,3.57E+06,2275469,2275470,0,400750
100,2.17E+08,3.64E+06,2275470,2275469,0,439650
100,2.17E+08,3.63E+06,2275472,2275472,0,439650
100,2.17E+08,3.56E+06,2275475,2275475,0,439650
100,2.14E+08,3.57E+06,2275476,2275475,0,430550
100,2.17E+08,3.77E+06,2275483,2275481,0,438350
100,2.14E+08,3.56E+06,2275485,2275485,0,430550
100,2.14E+08,3.56E+06,2275495,2275495,0,430550
100,2.14E+08,3.60E+06,2275501,2275501,0,430550
100,2.17E+08,3.59E+06,2275501,2275502,0,438200
100,2.07E+08,3.58E+06,2275502,2275501,0,400750
100,1.99E+08,3.68E+06,2275504,2275504,0,369450
100,2.14E+08,3.54E+06,2275507,2275506,0,430550
100,2.17E+08,3.55E+06,2275507,2275507,0,439750
100,2.17E+08,3.60E+06,2275509,2275509,0,439650
100,2.02E+08,3.54E+06,2275514,2275514,0,384700
100,2.14E+08,3.56E+06,2275514,2275514,0,430550
100,1.99E+08,3.61E+06,2275518,2275519,0,372500
100,2.14E+08,3.55E+06,2275518,2275518,0,430550
100,2.17E+08,3.55E+06,2275522,2275522,0,439650
100,2.14E+08,3.58E+06,2275523,2275523,0,430550
100,2.07E+08,3.56E+06,2275528,2275528,0,400650
100,2.02E+08,3.65E+06,2275540,2275538,0,384700
100,2.17E+08,3.56E+06,2275541,2275541,0,439650
100,2.14E+08,3.54E+06,2275543,2275541,0,430550
100,1.89E+08,3.66E+06,2275544,2275544,0,338350
100,2.17E+08,3.60E+06,2275549,2275550,0,439650
100,2.05E+08,3.79E+06,2275552,2275552,0,396450
100,1.98E+08,3.80E+06,2275553,2275555,0,367050
100,2.14E+08,3.60E+06,2275553,2275553,0,430550
100,2.07E+08,3.54E+06,2275556,2275554,0,400650
100,2.17E+08,3.54E+06,2275565,2275565,0,439750
100,2.14E+08,3.55E+06,2275567,2275566,0,430550
100,2.17E+08,3.61E+06,2275569,2275569,0,439650
100,2.07E+08,3.57E+06,2275570,2275570,0,400650
100,2.17E+08,3.55E+06,2275571,2275570,0,439750
100,2.00E+08,3.99E+06,2275575,2275575,0,378600
100,2.14E+08,3.55E+06,2275576,2275574,0,430550
100,2.14E+08,3.54E+06,2275579,2275578,0,430550
100,2.14E+08,3.56E+06,2275584,2275584,0,430550
100,2.14E+08,3.54E+06,2275584,2275584,0,430550
100,2.07E+08,3.58E+06,2275586,2275586,0,400750
100,2.14E+08,3.56E+06,2275588,2275584,0,430550
100,2.14E+08,3.54E+06,2275590,2275590,0,430550
100,2.07E+08,3.56E+06,2275593,2275592,0,400750
100,2.14E+08,3.55E+06,2275597,2275597,0,430550
100,2.14E+08,3.62E+06,2275599,2275599,0,430550
100,2.07E+08,3.57E+06,2275605,2275605,0,400650
100,2.07E+08,3.59E+06,2275607,2275607,0,400650
100,2.14E+08,3.54E+06,2275612,2275614,0,430550
100,2.07E+08,3.62E+06,2275614,2275614,0,400650
100,2.14E+08,3.55E+06,2275615,2275612,0,430550
100,2.02E+08,3.54E+06,2275616,2275619,0,384700
100,2.14E+08,3.54E+06,2275627,2275627,0,430550
100,2.14E+08,3.54E+06,2275629,2275630,0,430550
100,2.07E+08,3.55E+06,2275631,2275631,0,399500
100,2.17E+08,3.58E+06,2275638,2275637,0,439650
100,2.17E+08,3.54E+06,2275644,2275643,0,439650
100,2.07E+08,3.55E+06,2275646,2275649,0,400750
100,2.14E+08,3.60E+06,2275647,2275647,0,430550
100,2.02E+08,3.71E+06,2275648,2275648,0,384700
100,2.17E+08,3.54E+06,2275650,2275650,0,439750
100,2.14E+08,3.61E+06,2275654,2275650,0,430550
100,2.14E+08,3.55E+06,2275669,2275671,0,430550
100,2.02E+08,3.69E+06,2275673,2275673,0,384700
100,2.17E+08,3.56E+06,2275677,2275678,0,439750
100,2.07E+08,3.55E+06,2275678,2275679,0,400650
100,2.14E+08,3.56E+06,2275685,2275686,0,430550
100,2.02E+08,3.65E+06,2275686,2275686,0,384700
100,2.17E+08,3.58E+06,2275690,2275688,0,439650
100,2.07E+08,3.58E+06,2275697,2275696,0,400650
100,2.14E+08,3.55E+06,2275699,2275696,0,430550
100,2.07E+08,3.57E+06,2275701,2275701,0,400650
100,2.17E+08,3.60E+06,2275701,2275698,0,439650
100,2.17E+08,3.54E+06,2275705,2275704,0,439650
100,2.14E+08,3.71E+06,2275707,2275708,0,430550
100,2.14E+08,3.59E+06,2275709,2275710,0,430550
100,2.07E+08,3.56E+06,2275710,2275712,0,400750
100,1.99E+08,3.71E+06,2275711,2275710,0,369550
100,2.17E+08,3.54E+06,2275711,2275712,0,439650
100,2.14E+08,3.56E+06,2275712,2275712,0,430550
100,2.14E+08,3.55E+06,2275713,2275713,0,430550
100,2.17E+08,3.80E+06,2275715,2275714,0,439750
100,2.14E+08,3.56E+06,2275728,2275718,0,430550
100,2.17E+08,3.54E+06,2275730,2275730,0,439650
100,1.99E+08,3.56E+06,2275739,2275739,0,369550
100,2.07E+08,3.57E+06,2275740,2275740,0,400750
100,2.14E+08,3.59E+06,2275740,2275741,0,430550
100,2.14E+08,3.59E+06,2275740,2275740,0,430550
100,2.07E+08,3.54E+06,2275746,2275742,0,400750
100,2.14E+08,3.55E+06,2275763,2275763,0,430550
100,2.17E+08,3.65E+06,2275766,2275766,0,439650
100,2.07E+08,3.55E+06,2275769,2275769,0,400650
100,2.14E+08,3.58E+06,2275776,2275776,0,430550
100,2.07E+08,3.57E+06,2275777,2275777,0,400650
100,2.17E+08,3.65E+06,2275778,2275778,0,439650
100,2.17E+08,3.63E+06,2275786,2275784,0,439750
100,1.99E+08,3.61E+06,2275788,2275788,0,372500
100,2.17E+08,3.54E+06,2275788,2275787,0,439650
100,1.99E+08,3.65E+06,2275796,2275796,0,372500
100,2.17E+08,3.54E+06,2275797,2275794,0,439650
100,1.99E+08,3.64E+06,2275800,2275800,0,369550
100,2.14E+08,3.55E+06,2275801,2275801,0,430550
100,2.07E+08,3.56E+06,2275803,2275797,0,400750
100,1.99E+08,3.54E+06,2275806,2275806,0,372500
100,2.14E+08,3.57E+06,2275808,2275807,0,430550
100,2.14E+08,3.67E+06,2275808,2275812,0,430550
100,2.14E+08,3.72E+06,2275809,2275807,0,430550
100,2.02E+08,3.61E+06,2275819,2275820,0,384700
100,2.02E+08,3.57E+06,2275823,2275823,0,384300
100,2.14E+08,3.54E+06,2275823,2275824,0,430550
100,2.14E+08,3.54E+06,2275823,2275822,0,430550
100,1.99E+08,3.55E+06,2275829,2275829,0,372500
100,2.07E+08,3.59E+06,2275830,2275827,0,400750
100,2.17E+08,3.63E+06,2275833,2275831,0,439650
100,2.14E+08,3.55E+06,2275834,2275834,0,430550
100,2.17E+08,3.54E+06,2275836,2275836,0,439750
100,2.17E+08,3.69E+06,2275837,2275835,0,439650
100,2.17E+08,3.58E+06,2275838,2275833,0,439650
100,2.07E+08,3.56E+06,2275840,2275841,0,400650
100,2.07E+08,3.61E+06,2275842,2275841,0,400650
100,2.07E+08,3.56E+06,2275843,2275845,0,400750
100,2.14E+08,3.55E+06,2275846,2275841,0,430550
100,2.14E+08,3.55E+06,2275846,2275845,0,430550
100,2.17E+08,3.57E+06,2275850,2275851,0,439750
100,2.07E+08,3.56E+06,2275853,2275852,0,400650
100,2.07E+08,3.55E+06,2275854,2275854,0,400650
100,2.17E+08,3.58E+06,2275859,2275862,0,439650
100,2.14E+08,3.59E+06,2275862,2275862,0,430550
100,2.17E+08,3.59E+06,2275866,2275867,0,439650
100,2.03E+08,3.84E+06,2275868,2275868,0,387100
100,2.14E+08,3.55E+06,2275868,2275865,0,430550
100,2.17E+08,3.59E+06,2275873,2275873,0,439750
100,2.14E+08,3.56E+06,2275875,2275875,0,430550
100,1.99E+08,3.65E+06,2275878,2275881,0,369550
100,2.17E+08,3.58E+06,2275879,2275879,0,439650
100,2.17E+08,3.59E+06,2275879,2275877,0,439750
100,2.17E+08,3.60E+06,2275887,2275887,0,439650
100,2.17E+08,3.58E+06,2275892,2275893,0,439650
100,2.02E+08,3.64E+06,2275900,2275900,0,384700
100,2.17E+08,3.54E+06,2275903,2275904,0,439650
100,2.14E+08,3.56E+06,2275904,2275903,0,430550
100,2.17E+08,3.58E+06,2275905,2275894,0,439750
100,1.98E+08,3.79E+06,2275908,2275908,0,367450
100,2.14E+08,3.57E+06,2275909,2275905,0,430550
100,1.99E+08,3.60E+06,2275910,2275910,0,372500
100,2.07E+08,3.56E+06,2275910,2275906,0,400650
100,2.17E+08,3.54E+06,2275915,2275915,0,439650
100,2.07E+08,3.64E+06,2275920,2275920,0,400650
100,2.14E+08,3.55E+06,2275921,2275921,0,430550
100,2.14E+08,3.55E+06,2275922,2275922,0,430550
100,2.07E+08,3.69E+06,2275925,2275925,0,400750
100,2.07E+08,3.56E+06,2275929,2275922,0,400650
100,2.14E+08,3.56E+06,2275930,2275930,0,430550
100,2.17E+08,3.72E+06,2275932,2275932,0,439750
100,2.17E+08,3.57E+06,2275937,2275939,0,439650
100,2.07E+08,3.55E+06,2275939,2275939,0,400650
100,2.07E+08,3.54E+06,2275941,2275939,0,400650
100,1.99E+08,3.65E+06,2275945,2275945,0,369550
100,2.02E+08,3.82E+06,2275945,2275944,0,384700
100,2.02E+08,3.61E+06,2275946,2275946,0,384700
100,2.01E+08,3.79E+06,2275953,2275952,0,382650
100,2.03E+08,3.79E+06,2275954,2275954,0,387900
100,1.99E+08,3.55E+06,2275962,2275961,0,369550
100,2.14E+08,3.69E+06,2275962,2275962,0,430550
100,2.17E+08,3.57E+06,2275965,2275965,0,439650
100,2.07E+08,3.73E+06,2275970,2275969,0,400750
100,2.07E+08,3.55E+06,2275974,2275975,0,400750
100,2.07E+08,3.55E+06,2275978,2275978,0,400650
100,2.14E+08,3.54E+06,2275978,2275977,0,430550
100,2.17E+08,3.71E+06,2275978,2275977,0,438200
100,2.02E+08,3.74E+06,2275979,2275979,0,384700
100,2.07E+08,3.57E+06,2275979,2275981,0,400750
100,2.08E+08,4.25E+06,2275983,2275983,0,401600
100,2.17E+08,3.54E+06,2275985,2275985,0,439650
100,2.02E+08,3.64E+06,2275986,2275986,0,384700
100,2.14E+08,3.61E+06,2275987,2275985,0,430550
100,2.07E+08,3.54E+06,2275993,2275993,0,400750
100,2.14E+08,3.55E+06,2275994,2275989,0,430550
100,2.07E+08,3.54E+06,2275998,2275998,0,400750
100,2.17E+08,3.54E+06,2276003,2276003,0,439750
100,2.07E+08,3.55E+06,2276016,2276016,0,400650
100,2.02E+08,3.54E+06,2276021,2276022,0,384700
100,2.17E+08,3.54E+06,2276027,2276027,0,439650
100,1.99E+08,3.58E+06,2276030,2276028,0,372500
100,1.99E+08,3.57E+06,2276033,2276033,0,369550
100,1.99E+08,3.57E+06,2276033,2276033,0,372500
100,2.17E+08,3.59E+06,2276035,2276037,0,439750
100,1.99E+08,3.58E+06,2276037,2276037,0,372500
100,2.07E+08,3.54E+06,2276039,2276039,0,400650
100,2.14E+08,3.54E+06,2276039,2276039,0,430550
100,2.07E+08,3.56E+06,2276044,2276045,0,400750
100,2.14E+08,3.54E+06,2276047,2276046,0,430550
100,2.14E+08,3.54E+06,2276047,2276046,0,430550
100,2.17E+08,3.56E+06,2276052,2276052,0,439650
100,2.07E+08,3.55E+06,2276053,2276053,0,400650
100,2.17E+08,3.57E+06,2276054,2276054,0,439650
100,2.02E+08,3.58E+06,2276055,2276054,0,384700
100,2.07E+08,3.56E+06,2276055,2276054,0,400750
100,2.17E+08,3.57E+06,2276056,2276057,0,439650
100,2.14E+08,3.56E+06,2276058,2276059,0,430550
100,2.07E+08,3.55E+06,2276060,2276060,0,400650
100,2.15E+08,3.82E+06,2276061,2276056,0,430550
100,2.14E+08,3.65E+06,2276064,2276064,0,430550
100,2.17E+08,3.58E+06,2276064,2276064,0,439750
100,2.02E+08,3.56E+06,2276072,2276072,0,384700
100,2.17E+08,3.81E+06,2276075,2276075,0,438350
100,2.07E+08,3.54E+06,2276077,2276078,0,400750
100,2.17E+08,3.59E+06,2276078,2276076,0,439650
100,2.17E+08,3.57E+06,2276079,2276079,0,439650
100,2.07E+08,3.54E+06,2276089,2276087,0,400750
100,2.17E+08,3.54E+06,2276092,2276092,0,439750
100,2.14E+08,3.65E+06,2276094,2276093,0,430550
100,2.14E+08,3.82E+06,2276096,2276096,0,430550
100,2.17E+08,3.63E+06,2276099,2276100,0,439750
100,2.02E+08,3.59E+06,2276103,2276102,0,384700
100,2.02E+08,3.71E+06,2276103,2276103,0,384700
100,2.14E+08,3.56E+06,2276103,2276105,0,430550
100,2.17E+08,3.54E+06,2276105,2276107,0,439650
100,2.14E+08,3.54E+06,2276108,2276106,0,430550
100,2.17E+08,3.54E+06,2276111,2276111,0,439650
100,2.17E+08,3.54E+06,2276114,2276113,0,439650
100,2.14E+08,3.55E+06,2276116,2276116,0,430550
100,2.17E+08,3.71E+06,2276120,2276120,0,438200
100,2.02E+08,3.59E+06,2276122,2276122,0,384700
100,2.17E+08,3.59E+06,2276122,2276121,0,439650
100,2.17E+08,3.55E+06,2276123,2276123,0,439650
100,2.17E+08,3.57E+06,2276129,2276132,0,439650
100,2.14E+08,3.54E+06,2276139,2276140,0,430550
100,2.14E+08,3.56E+06,2276140,2276142,0,430550
100,2.07E+08,3.54E+06,2276142,2276139,0,400750
100,1.99E+08,3.61E+06,2276144,2276138,0,372500
100,2.02E+08,3.56E+06,2276145,2276146,0,384700
100,2.02E+08,3.66E+06,2276149,2276150,0,384700
100,2.07E+08,3.54E+06,2276153,2276153,0,400750
100,2.14E+08,3.65E+06,2276155,2276155,0,430550
100,2.17E+08,3.56E+06,2276159,2276158,0,439750
100,2.17E+08,3.58E+06,2276163,2276163,0,439650
100,2.17E+08,3.59E+06,2276175,2276175,0,439650
100,2.17E+08,3.57E+06,2276184,2276187,0,439650
100,2.02E+08,3.62E+06,2276191,2276192,0,384300
100,2.07E+08,3.63E+06,2276192,2276191,0,400650
100,2.07E+08,3.56E+06,2276192,2276192,0,400750
100,2.02E+08,3.64E+06,2276195,2276197,0,384700
100,2.17E+08,3.62E+06,2276195,2276195,0,439650
100,2.14E+08,3.56E+06,2276196,2276196,0,430550
100,2.17E+08,3.54E+06,2276204,2276204,0,439650
100,1.99E+08,3.54E+06,2276210,2276210,0,372500
100,2.17E+08,3.62E+06,2276211,2276213,0,438200
100,2.14E+08,3.75E+06,2276216,2276219,0,430550
100,2.07E+08,3.55E+06,2276226,2276226,0,400750
100,2.14E+08,3.59E+06,2276228,2276218,0,430550
100,2.17E+08,3.62E+06,2276230,2276230,0,439750
100,2.17E+08,3.67E+06,2276231,2276230,0,439650
100,2.17E+08,3.56E+06,2276234,2276237,0,439650
100,2.17E+08,3.56E+06,2276237,2276238,0,439650
100,2.14E+08,3.56E+06,2276243,2276243,0,430550
100,1.99E+08,3.54E+06,2276246,2276246,0,372500
100,2.17E+08,3.59E+06,2276247,2276246,0,439750
100,2.07E+08,3.62E+06,2276251,2276251,0,400750
100,2.01E+08,3.63E+06,2276253,2276253,0,382650
100,2.14E+08,3.57E+06,2276254,2276254,0,430550
100,2.07E+08,3.56E+06,2276255,2276253,0,400650
100,2.14E+08,3.55E+06,2276263,2276261,0,430550
100,2.14E+08,3.55E+06,2276268,2276266,0,430550
100,2.14E+08,3.58E+06,2276269,2276270,0,430550
100,2.07E+08,3.59E+06,2276271,2276270,0,400650
100,2.07E+08,3.57E+06,2276276,2276278,0,400750
100,1.99E+08,3.58E+06,2276277,2276277,0,369550
100,2.07E+08,3.55E+06,2276277,2276277,0,400650
100,2.17E+08,3.60E+06,2276278,2276278,0,438200
100,1.99E+08,3.58E+06,2276285,2276279,0,372500
100,2.07E+08,3.56E+06,2276287,2276285,0,400750
100,1.85E+08,4.25E+06,2276290,2276290,0,331400
100,2.14E+08,3.73E+06,2276293,2276293,0,430550
100,2.17E+08,3.58E+06,2276294,2276294,0,439650
100,1.99E+08,3.66E+06,2276303,2276303,0,372500
100,2.17E+08,3.54E+06,2276304,2276303,0,439650
100,2.14E+08,3.54E+06,2276305,2276305,0,430550
100,1.99E+08,3.60E+06,2276312,2276312,0,372500
100,2.14E+08,3.60E+06,2276316,2276317,0,430550
100,2.17E+08,3.56E+06,2276316,2276316,0,439650
100,2.14E+08,3.56E+06,2276320,2276320,0,430550
100,2.17E+08,3.54E+06,2276328,2276325,0,439650
100,2.14E+08,3.56E+06,2276333,2276333,0,430550
100,2.07E+08,3.56E+06,2276335,2276335,0,400650
100,2.17E+08,3.61E+06,2276335,2276335,0,439750
100,2.14E+08,3.55E+06,2276338,2276338,0,430550
100,2.07E+08,3.57E+06,2276340,2276340,0,400750
100,2.14E+08,3.54E+06,2276340,2276340,0,430550
100,2.07E+08,3.54E+06,2276351,2276352,0,400750
100,2.17E+08,3.57E+06,2276353,2276357,0,439650
100,2.17E+08,3.54E+06,2276357,2276357,0,439650
100,2.14E+08,3.59E+06,2276368,2276368,0,430550
100,2.14E+08,3.56E+06,2276369,2276368,0,430550
100,2.17E+08,3.56E+06,2276370,2276369,0,439650
100,2.07E+08,3.84E+06,2276371,2276371,0,400750
100,2.14E+08,3.58E+06,2276380,2276380,0,430550
100,2.02E+08,3.67E+06,2276382,2276381,0,384700
100,1.99E+08,3.56E+06,2276392,2276390,0,372500
100,2.02E+08,3.57E+06,2276395,2276397,0,384300
100,2.14E+08,3.55E+06,2276397,2276397,0,430550
100,2.02E+08,3.62E+06,2276405,2276407,0,384300
100,2.17E+08,3.56E+06,2276406,2276408,0,439650
100,2.07E+08,3.56E+06,2276409,2276409,0,400650
100,2.17E+08,3.69E+06,2276412,2276413,0,439650
100,2.07E+08,3.54E+06,2276417,2276412,0,400750
100,2.17E+08,3.56E+06,2276424,2276424,0,439650
100,2.14E+08,3.54E+06,2276426,2276426,0,430550
100,2.17E+08,3.54E+06,2276426,2276426,0,439650
100,1.99E+08,3.56E+06,2276430,2276432,0,372500
100,2.14E+08,3.54E+06,2276433,2276433,0,430550
100,2.17E+08,3.55E+06,2276435,2276434,0,439650
100,2.07E+08,3.54E+06,2276437,2276438,0,400750
100,2.17E+08,3.57E+06,2276441,2276436,0,439650
100,2.02E+08,3.61E+06,2276442,2276440,0,384700
100,2.07E+08,3.54E+06,2276443,2276439,0,400650
100,2.17E+08,3.54E+06,2276445,2276445,0,439650
100,2.17E+08,3.56E+06,2276446,2276446,0,439750
100,2.07E+08,3.60E+06,2276455,2276456,0,400650
100,2.02E+08,3.65E+06,2276456,2276456,0,384700
100,2.14E+08,3.56E+06,2276456,2276456,0,430550
100,2.08E+08,3.58E+06,2276458,2276458,0,401600
100,2.17E+08,3.56E+06,2276458,2276459,0,439650
100,2.14E+08,3.65E+06,2276459,2276460,0,430550
100,2.14E+08,3.54E+06,2276460,2276458,0,430550
100,2.02E+08,3.54E+06,2276461,2276456,0,384700
100,2.17E+08,3.57E+06,2276462,2276459,0,439750
100,2.07E+08,3.57E+06,2276463,2276463,0,400750
100,2.17E+08,3.55E+06,2276467,2276464,0,439650
100,2.17E+08,3.54E+06,2276472,2276470,0,438200
100,2.07E+08,3.58E+06,2276473,2276473,0,400750
100,2.07E+08,3.57E+06,2276475,2276475,0,400750
100,2.07E+08,3.63E+06,2276476,2276479,0,400650
100,2.07E+08,3.62E+06,2276479,2276481,0,400650
100,1.98E+08,3.60E+06,2276480,2276481,0,367450
100,2.17E+08,3.57E+06,2276480,2276480,0,439650
100,1.99E+08,3.59E+06,2276488,2276488,0,369550
100,2.17E+08,3.59E+06,2276493,2276492,0,439650
100,2.17E+08,3.58E+06,2276500,2276500,0,439650
100,2.02E+08,3.68E+06,2276502,2276502,0,384700
100,2.07E+08,3.56E+06,2276502,2276501,0,400750
100,2.07E+08,3.55E+06,2276508,2276509,0,400650
100,2.07E+08,3.62E+06,2276509,2276509,0,400650
100,2.14E+08,3.54E+06,2276516,2276516,0,430550
100,2.14E+08,3.56E+06,2276522,2276522,0,430550
100,1.99E+08,3.62E+06,2276526,2276526,0,372500
100,2.02E+08,3.56E+06,2276526,2276522,0,384700
100,1.98E+08,3.66E+06,2276527,2276525,0,367750
100,2.14E+08,3.63E+06,2276536,2276534,0,430550
100,2.17E+08,3.61E+06,2276536,2276536,0,439650
100,2.14E+08,3.59E+06,2276540,2276541,0,430550
100,2.17E+08,3.58E+06,2276540,2276539,0,439650
100,2.17E+08,3.56E+06,2276547,2276548,0,439650
100,2.08E+08,3.66E+06,2276555,2276555,0,401600
100,2.17E+08,3.58E+06,2276555,2276554,0,439650
100,2.14E+08,3.54E+06,2276557,2276557,0,430550
100,2.17E+08,3.56E+06,2276559,2276558,0,439650
100,2.02E+08,3.57E+06,2276561,2276560,0,384700
100,2.14E+08,3.58E+06,2276562,2276564,0,430550
100,1.99E+08,3.59E+06,2276565,2276565,0,369550
100,2.07E+08,3.56E+06,2276568,2276569,0,400750
100,2.02E+08,3.57E+06,2276572,2276572,0,384700
100,2.17E+08,3.65E+06,2276572,2276573,0,438200
100,2.14E+08,3.71E+06,2276574,2276574,0,430550
100,2.02E+08,3.62E+06,2276575,2276574,0,384700
100,2.02E+08,3.55E+06,2276577,2276577,0,384700
100,2.17E+08,3.59E+06,2276577,2276574,0,439650
100,1.93E+08,3.77E+06,2276578,2276580,0,350850
100,2.14E+08,3.56E+06,2276582,2276585,0,430550
100,2.07E+08,3.56E+06,2276583,2276583,0,400650
100,2.17E+08,3.54E+06,2276584,2276585,0,439650
100,2.14E+08,3.54E+06,2276589,2276588,0,430550
100,2.17E+08,3.55E+06,2276589,2276591,0,439650
100,2.17E+08,3.54E+06,2276595,2276599,0,439750
100,2.07E+08,3.56E+06,2276597,2276597,0,400650
100,2.07E+08,3.56E+06,2276611,2276611,0,400650
100,2.17E+08,3.56E+06,2276611,2276611,0,439750
100,2.14E+08,3.55E+06,2276614,2276612,0,430550
100,2.14E+08,3.55E+06,2276617,2276617,0,430550
100,2.07E+08,3.57E+06,2276622,2276622,0,400750
100,2.07E+08,3.54E+06,2276624,2276624,0,400650
100,2.14E+08,3.55E+06,2276628,2276629,0,430550
100,2.14E+08,3.57E+06,2276628,2276628,0,430550
100,2.14E+08,3.58E+06,2276631,2276631,0,430550
100,2.02E+08,3.83E+06,2276633,2276633,0,385300
100,2.14E+08,3.64E+06,2276636,2276636,0,430550
100,2.02E+08,3.55E+06,2276638,2276638,0,384700
100,2.14E+08,3.56E+06,2276641,2276641,0,430550
100,2.14E+08,3.59E+06,2276643,2276645,0,430550
100,2.07E+08,3.55E+06,2276644,2276644,0,399500
100,2.02E+08,3.63E+06,2276646,2276646,0,384700
100,1.99E+08,3.64E+06,2276648,2276649,0,372500
100,2.07E+08,3.77E+06,2276648,2276650,0,400500
100,2.07E+08,3.54E+06,2276649,2276645,0,400750
100,2.07E+08,3.55E+06,2276651,2276650,0,400650
100,2.07E+08,3.54E+06,2276653,2276652,0,400650
100,2.14E+08,3.55E+06,2276653,2276653,0,430550
100,2.14E+08,3.56E+06,2276653,2276653,0,430550
100,2.14E+08,3.54E+06,2276657,2276657,0,430550
100,2.14E+08,3.57E+06,2276657,2276657,0,430550
100,2.17E+08,3.64E+06,2276659,2276659,0,439650
100,2.07E+08,3.54E+06,2276662,2276662,0,400650
100,1.99E+08,3.59E+06,2276670,2276671,0,369550
100,2.17E+08,3.60E+06,2276671,2276670,0,439650
100,2.17E+08,3.56E+06,2276671,2276671,0,439750
100,2.07E+08,3.67E+06,2276682,2276680,0,400750
100,1.99E+08,3.57E+06,2276684,2276684,0,369550
100,2.14E+08,3.57E+06,2276686,2276686,0,430550
100,2.14E+08,3.54E+06,2276693,2276699,0,430550
100,2.07E+08,3.54E+06,2276695,2276695,0,400750
100,2.14E+08,3.56E+06,2276697,2276698,0,430550
100,2.17E+08,3.56E+06,2276698,2276699,0,439650
100,2.07E+08,3.54E+06,2276699,2276696,0,400750
100,1.99E+08,3.56E+06,2276703,2276703,0,372500
100,2.05E+08,3.81E+06,2276705,2276705,0,391900
100,2.17E+08,3.59E+06,2276718,2276719,0,439650
100,2.14E+08,3.66E+06,2276719,2276719,0,430550
100,2.14E+08,3.57E+06,2276721,2276722,0,430550
100,2.07E+08,3.55E+06,2276727,2276727,0,400750
100,1.99E+08,3.70E+06,2276729,2276731,0,369550
100,1.99E+08,3.55E+06,2276731,2276731,0,369550
100,2.14E+08,3.58E+06,2276736,2276736,0,430550
100,2.17E+08,3.56E+06,2276738,2276739,0,439650
100,2.17E+08,3.65E+06,2276741,2276741,0,439650
100,2.17E+08,3.58E+06,2276747,2276744,0,439650
100,2.14E+08,3.54E+06,2276748,2276749,0,430550
100,2.07E+08,3.55E+06,2276749,2276748,0,400650
100,2.14E+08,3.59E+06,2276750,2276750,0,430550
100,2.14E+08,3.55E+06,2276753,2276751,0,430550
100,2.17E+08,3.57E+06,2276757,2276759,0,439650
100,2.14E+08,3.73E+06,2276760,2276762,0,430550
100,1.89E+08,3.61E+06,2276762,2276766,0,338350
100,2.07E+08,3.54E+06,2276762,2276764,0,400650
100,2.17E+08,3.56E+06,2276762,2276764,0,439650
100,2.17E+08,3.60E+06,2276765,2276760,0,439650
100,2.17E+08,3.60E+06,2276770,2276770,0,439650
100,1.99E+08,3.66E+06,2276772,2276773,0,369550
100,1.98E+08,3.54E+06,2276773,2276772,0,367450
100,2.17E+08,3.56E+06,2276776,2276776,0,439650
100,2.02E+08,3.58E+06,2276779,2276778,0,384300
100,1.99E+08,3.58E+06,2276782,2276781,0,372500
100,2.17E+08,3.62E+06,2276789,2276789,0,439650
100,2.17E+08,3.56E+06,2276789,2276789,0,439650
100,2.14E+08,3.56E+06,2276792,2276792,0,430550
100,2.01E+08,3.84E+06,2276799,2276802,0,382000
100,2.14E+08,3.54E+06,2276800,2276802,0,430550
100,2.17E+08,3.56E+06,2276800,2276800,0,439650
100,2.17E+08,3.54E+06,2276806,2276805,0,439650
100,2.07E+08,3.58E+06,2276817,2276817,0,400650
100,2.14E+08,3.54E+06,2276827,2276828,0,430550
100,2.17E+08,3.61E+06,2276827,2276827,0,439650
100,2.17E+08,3.57E+06,2276830,2276834,0,439650
100,2.14E+08,3.57E+06,2276837,2276837,0,430550
100,2.14E+08,3.54E+06,2276845,2276845,0,430550
100,2.13E+08,3.88E+06,2276853,2276853,0,426450
100,2.17E+08,3.55E+06,2276853,2276853,0,439650
100,2.02E+08,3.55E+06,2276864,2276864,0,384700
100,2.08E+08,3.98E+06,2276864,2276862,0,401600
100,2.07E+08,3.58E+06,2276866,2276867,0,400650
100,2.17E+08,3.60E+06,2276869,2276869,0,439650
100,2.14E+08,3.64E+06,2276870,2276869,0,430550
100,2.14E+08,3.54E+06,2276871,2276871,0,430550
100,2.17E+08,3.58E+06,2276871,2276871,0,439650
100,2.17E+08,3.67E+06,2276872,2276872,0,439650
100,2.17E+08,3.67E+06,2276888,2276887,0,439650
100,2.01E+08,3.71E+06,2276895,2276895,0,382650
100,2.14E+08,3.56E+06,2276898,2276901,0,430550
100,2.07E+08,3.54E+06,2276902,2276895,0,399500
100,2.02E+08,3.57E+06,2276904,2276904,0,384300
100,2.17E+08,3.63E+06,2276904,2276904,0,439650
100,2.07E+08,3.54E+06,2276915,2276917,0,400750
100,2.17E+08,3.54E+06,2276917,2276917,0,439650
100,2.14E+08,3.54E+06,2276918,2276918,0,430550
100,2.17E+08,3.57E+06,2276922,2276922,0,439650
100,2.14E+08,3.55E+06,2276925,2276925,0,430550
100,2.14E+08,3.57E+06,2276932,2276932,0,430550
100,2.14E+08,3.55E+06,2276944,2276944,0,430550
100,2.07E+08,3.74E+06,2276948,2276948,0,400750
100,1.99E+08,3.58E+06,2276955,2276954,0,372500
100,2.14E+08,3.57E+06,2276957,2276957,0,430550
100,2.02E+08,3.54E+06,2276962,2276962,0,384300
100,2.02E+08,3.69E+06,2276963,2276962,0,384700
100,2.07E+08,3.59E+06,2276966,2276966,0,400750
100,2.07E+08,3.65E+06,2276970,2276970,0,400650
100,2.14E+08,3.56E+06,2276970,2276970,0,430550
100,2.17E+08,3.55E+06,2276971,2276971,0,439650
100,2.14E+08,3.55E+06,2276975,2276975,0,430550
100,2.02E+08,3.54E+06,2276977,2276978,0,384300
100,2.14E+08,3.67E+06,2276985,2276986,0,430550
100,2.14E+08,3.80E+06,2276990,2276990,0,430550
100,2.14E+08,3.55E+06,2277004,2277006,0,430550
100,2.17E+08,3.55E+06,2277011,2277004,0,439650
100,2.17E+08,3.55E+06,2277018,2277018,0,439650
100,2.07E+08,3.54E+06,2277021,2277021,0,400750
100,2.17E+08,3.54E+06,2277022,2277024,0,439650
100,2.14E+08,3.57E+06,2277023,2277018,0,430550
100,2.02E+08,3.74E+06,2277029,2277029,0,384300
100,2.14E+08,3.54E+06,2277034,2277034,0,430550
100,2.17E+08,3.56E+06,2277035,2277035,0,439650
100,2.07E+08,3.60E+06,2277042,2277034,0,400750
100,2.17E+08,3.56E+06,2277044,2277045,0,439650
100,2.07E+08,3.56E+06,2277050,2277051,0,400750
100,2.14E+08,3.65E+06,2277050,2277050,0,430550
100,2.14E+08,3.80E+06,2277051,2277050,0,430550
100,2.17E+08,3.54E+06,2277052,2277050,0,439650
100,2.07E+08,3.54E+06,2277073,2277075,0,400650
100,2.14E+08,3.63E+06,2277073,2277072,0,430550
100,1.99E+08,3.66E+06,2277074,2277072,0,369550
100,2.14E+08,3.54E+06,2277075,2277073,0,430550
100,2.14E+08,3.55E+06,2277075,2277077,0,430550
100,2.14E+08,3.55E+06,2277086,2277082,0,430550
100,1.99E+08,3.69E+06,2277088,2277087,0,369550
100,2.08E+08,3.64E+06,2277090,2277090,0,401600
100,2.17E+08,3.56E+06,2277102,2277098,0,439650
100,1.99E+08,3.80E+06,2277103,2277105,0,369550
100,1.99E+08,3.59E+06,2277103,2277106,0,369550
100,2.14E+08,3.67E+06,2277104,2277106,0,430550
100,2.14E+08,3.61E+06,2277107,2277107,0,430550
100,2.07E+08,3.60E+06,2277108,2277108,0,400750
100,2.07E+08,3.57E+06,2277113,2277114,0,400750
100,2.07E+08,3.54E+06,2277114,2277113,0,400650
100,2.17E+08,3.61E+06,2277114,2277114,0,439650
100,2.14E+08,3.56E+06,2277115,2277114,0,430550
100,2.14E+08,3.55E+06,2277119,2277117,0,430550
100,2.02E+08,3.57E+06,2277122,2277120,0,384700
100,2.17E+08,3.62E+06,2277123,2277122,0,439750
100,2.02E+08,3.69E+06,2277126,2277127,0,384700
100,2.17E+08,3.63E+06,2277126,2277127,0,439650
100,2.14E+08,3.57E+06,2277127,2277128,0,430550
100,2.14E+08,3.55E+06,2277127,2277123,0,430550
100,2.07E+08,3.61E+06,2277131,2277131,0,400750
100,2.14E+08,3.58E+06,2277133,2277132,0,430550
100,2.14E+08,3.61E+06,2277134,2277134,0,430550
100,2.17E+08,3.57E+06,2277145,2277144,0,439650
100,2.07E+08,3.56E+06,2277152,2277153,0,400750
100,2.14E+08,3.56E+06,2277158,2277159,0,430550
100,2.17E+08,3.66E+06,2277159,2277159,0,439650
100,2.17E+08,3.60E+06,2277160,2277160,0,439650
100,1.99E+08,3.59E+06,2277163,2277163,0,369550
100,2.17E+08,3.55E+06,2277170,2277170,0,439650
100,2.17E+08,3.54E+06,2277174,2277176,0,439650
100,2.08E+08,3.89E+06,2277177,2277169,0,401600
100,2.17E+08,3.66E+06,2277177,2277176,0,439650
100,1.99E+08,3.65E+06,2277179,2277179,0,372500
100,2.17E+08,3.55E+06,2277195,2277196,0,439650
100,2.07E+08,3.55E+06,2277199,2277202,0,400650
100,2.17E+08,3.54E+06,2277201,2277202,0,439750
100,2.17E+08,3.57E+06,2277202,2277202,0,439650
100,2.14E+08,3.67E+06,2277209,2277209,0,430550
100,2.17E+08,3.54E+06,2277209,2277207,0,439650
100,2.17E+08,3.55E+06,2277222,2277222,0,439650
100,2.17E+08,3.56E+06,2277233,2277233,0,439650
100,2.07E+08,3.57E+06,2277237,2277234,0,400750
100,1.99E+08,3.60E+06,2277246,2277246,0,369550
100,1.99E+08,4.09E+06,2277246,2277246,0,372500
100,2.17E+08,3.55E+06,2277246,2277246,0,439750
100,2.14E+08,3.54E+06,2277256,2277256,0,430550
100,2.07E+08,3.56E+06,2277258,2277261,0,400750
100,2.15E+08,3.79E+06,2277259,2277260,0,431000
100,2.14E+08,3.56E+06,2277264,2277264,0,430550
100,2.07E+08,3.54E+06,2277268,2277266,0,400750
100,2.14E+08,3.64E+06,2277271,2277272,0,430550
100,2.17E+08,3.56E+06,2277272,2277265,0,439650
100,1.99E+08,3.54E+06,2277273,2277273,0,372500
100,2.02E+08,3.56E+06,2277274,2277275,0,384700
100,1.99E+08,3.79E+06,2277280,2277280,0,371950
100,2.17E+08,3.54E+06,2277280,2277280,0,439650
100,2.17E+08,3.54E+06,2277280,2277280,0,439650
100,2.07E+08,3.54E+06,2277284,2277286,0,400650
100,2.17E+08,3.58E+06,2277287,2277287,0,439650
100,2.07E+08,3.55E+06,2277289,2277287,0,400750
100,2.07E+08,3.64E+06,2277305,2277305,0,400750
100,2.07E+08,3.55E+06,2277307,2277308,0,400750
100,2.17E+08,3.59E+06,2277311,2277313,0,439650
100,2.14E+08,3.56E+06,2277312,2277309,0,430550
100,2.14E+08,3.54E+06,2277314,2277314,0,430550
100,2.17E+08,3.55E+06,2277314,2277314,0,439650
100,2.17E+08,3.60E+06,2277323,2277321,0,439750
100,2.17E+08,3.67E+06,2277328,2277330,0,439650
100,2.07E+08,3.57E+06,2277329,2277327,0,400650
100,2.17E+08,3.66E+06,2277333,2277332,0,439650
100,2.14E+08,3.56E+06,2277336,2277336,0,430550
100,2.14E+08,3.54E+06,2277340,2277340,0,430550
100,2.14E+08,3.56E+06,2277349,2277349,0,430550
100,2.17E+08,3.61E+06,2277352,2277354,0,439650
100,2.17E+08,3.69E+06,2277353,2277353,0,439650
100,2.17E+08,3.62E+06,2277355,2277355,0,439650
100,2.17E+08,3.64E+06,2277356,2277356,0,439650
100,1.99E+08,3.56E+06,2277360,2277360,0,369550
100,2.07E+08,3.55E+06,2277360,2277363,0,400750
100,2.17E+08,3.57E+06,2277366,2277365,0,439650
100,2.02E+08,3.69E+06,2277368,2277369,0,384700
100,2.17E+08,3.55E+06,2277380,2277380,0,439650
100,2.07E+08,3.56E+06,2277387,2277387,0,400650
100,2.07E+08,3.55E+06,2277388,2277390,0,400650
100,2.14E+08,3.60E+06,2277391,2277391,0,430550
100,2.02E+08,3.63E+06,2277393,2277392,0,384700
100,2.07E+08,3.59E+06,2277397,2277398,0,400750
100,1.99E+08,3.55E+06,2277398,2277398,0,372500
100,2.17E+08,3.56E+06,2277404,2277403,0,439650
100,2.14E+08,3.54E+06,2277415,2277415,0,430550
100,2.07E+08,3.66E+06,2277420,2277419,0,399500
100,2.14E+08,3.56E+06,2277425,2277419,0,430550
100,2.02E+08,3.66E+06,2277429,2277428,0,384700
100,1.99E+08,3.54E+06,2277434,2277434,0,369550
100,1.99E+08,3.62E+06,2277439,2277439,0,372500
100,2.17E+08,3.57E+06,2277441,2277440,0,439650
100,2.07E+08,3.54E+06,2277443,2277443,0,400750
100,2.07E+08,3.54E+06,2277444,2277442,0,400750
100,2.02E+08,3.54E+06,2277446,2277446,0,384700
100,1.99E+08,3.67E+06,2277447,2277447,0,369550
100,2.07E+08,3.54E+06,2277447,2277445,0,400750
100,2.17E+08,3.59E+06,2277453,2277453,0,439650
100,2.17E+08,3.60E+06,2277456,2277456,0,439750
100,2.14E+08,3.55E+06,2277459,2277464,0,430550
100,2.14E+08,3.55E+06,2277461,2277461,0,430550
100,2.07E+08,3.54E+06,2277462,2277461,0,400750
100,2.07E+08,3.57E+06,2277464,2277464,0,400650
100,2.14E+08,3.59E+06,2277465,2277466,0,430550
100,2.02E+08,3.68E+06,2277466,2277467,0,384700
100,1.99E+08,3.62E+06,2277468,2277468,0,372500
100,2.07E+08,3.55E+06,2277468,2277468,0,400750
100,2.14E+08,3.61E+06,2277468,2277468,0,430550
100,2.02E+08,3.72E+06,2277470,2277470,0,384300
100,2.15E+08,3.75E+06,2277473,2277473,0,431200
100,2.14E+08,3.56E+06,2277479,2277479,0,430550
100,2.17E+08,3.56E+06,2277480,2277480,0,439650
100,2.17E+08,3.54E+06,2277481,2277481,0,439650
100,1.99E+08,3.63E+06,2277483,2277484,0,372500
100,2.17E+08,3.57E+06,2277484,2277481,0,439650
100,2.17E+08,3.61E+06,2277485,2277485,0,439650
100,2.02E+08,3.64E+06,2277486,2277489,0,384700
100,2.08E+08,3.74E+06,2277487,2277487,0,401600
100,2.07E+08,3.58E+06,2277488,2277481,0,400650
100,2.17E+08,3.62E+06,2277495,2277495,0,439750
100,2.17E+08,3.62E+06,2277500,2277500,0,439650
100,2.07E+08,3.58E+06,2277501,2277503,0,400750
100,2.14E+08,3.55E+06,2277503,2277503,0,430550
100,2.17E+08,3.55E+06,2277506,2277505,0,439650
100,2.14E+08,3.59E+06,2277509,2277508,0,430550
100,2.02E+08,3.65E+06,2277510,2277510,0,384700
100,2.14E+08,3.55E+06,2277513,2277513,0,430550
100,2.07E+08,3.56E+06,2277519,2277519,0,400750
100,2.17E+08,3.59E+06,2277524,2277524,0,439650
100,2.14E+08,3.66E+06,2277529,2277528,0,430550
100,2.14E+08,3.58E+06,2277531,2277531,0,430550
100,2.07E+08,3.58E+06,2277532,2277532,0,400750
100,2.17E+08,3.74E+06,2277532,2277533,0,439650
100,1.99E+08,3.63E+06,2277534,2277534,0,369550
100,1.99E+08,3.75E+06,2277538,2277538,0,372500
100,2.07E+08,3.55E+06,2277547,2277547,0,400750
100,1.99E+08,3.54E+06,2277548,2277549,0,372500
100,2.14E+08,3.54E+06,2277548,2277548,0,430550
100,2.14E+08,3.67E+06,2277549,2277544,0,430550
100,2.07E+08,3.55E+06,2277553,2277553,0,400650
100,2.14E+08,3.55E+06,2277558,2277558,0,430550
100,2.14E+08,3.64E+06,2277559,2277559,0,430550
100,2.14E+08,3.57E+06,2277560,2277561,0,430550
100,2.03E+08,3.69E+06,2277570,2277570,0,387900
100,2.17E+08,3.63E+06,2277570,2277573,0,439750
100,2.14E+08,3.74E+06,2277573,2277567,0,430550
100,2.14E+08,3.57E+06,2277574,2277574,0,430550
100,2.14E+08,3.66E+06,2277578,2277578,0,430550
100,2.14E+08,3.64E+06,2277578,2277581,0,430550
100,2.07E+08,3.55E+06,2277579,2277578,0,400650
100,1.99E+08,3.55E+06,2277582,2277579,0,372500
100,1.96E+08,3.72E+06,2277583,2277584,0,359400
100,2.14E+08,3.54E+06,2277587,2277587,0,430550
100,2.07E+08,3.56E+06,2277589,2277589,0,400750
100,2.14E+08,3.55E+06,2277591,2277591,0,430550
100,2.07E+08,3.57E+06,2277597,2277596,0,400650
100,2.14E+08,3.55E+06,2277597,2277597,0,430550
100,2.14E+08,3.57E+06,2277597,2277597,0,430550
100,2.02E+08,3.63E+06,2277600,2277599,0,384700
100,2.02E+08,3.62E+06,2277600,2277600,0,384700
100,2.14E+08,3.54E+06,2277600,2277600,0,430550
100,2.14E+08,3.59E+06,2277603,2277603,0,430550
100,1.99E+08,3.60E+06,2277605,2277605,0,372500
100,2.14E+08,3.55E+06,2277607,2277606,0,430550
100,2.17E+08,3.54E+06,2277612,2277612,0,439650
100,2.02E+08,3.71E+06,2277613,2277611,0,384700
100,2.02E+08,3.60E+06,2277614,2277608,0,384700
100,2.17E+08,3.56E+06,2277617,2277617,0,439750
100,2.17E+08,3.54E+06,2277620,2277622,0,439750
100,2.14E+08,3.58E+06,2277630,2277628,0,430550
100,2.17E+08,3.54E+06,2277636,2277636,0,439650
100,2.17E+08,3.56E+06,2277636,2277636,0,439650
100,2.17E+08,3.57E+06,2277638,2277638,0,439650
100,2.17E+08,3.54E+06,2277639,2277642,0,439750
100,2.17E+08,3.55E+06,2277642,2277642,0,439650
100,2.14E+08,3.55E+06,2277646,2277645,0,430550
100,1.99E+08,3.67E+06,2277652,2277655,0,369550
100,2.07E+08,3.60E+06,2277653,2277653,0,400650
100,2.14E+08,3.59E+06,2277654,2277653,0,430550
100,2.14E+08,3.56E+06,2277654,2277653,0,430550
100,2.17E+08,3.59E+06,2277656,2277656,0,439750
100,2.07E+08,3.60E+06,2277657,2277657,0,400750
100,2.07E+08,3.56E+06,2277659,2277659,0,400750
100,2.14E+08,3.54E+06,2277659,2277659,0,430550
100,2.07E+08,3.57E+06,2277664,2277663,0,400750
100,2.17E+08,3.57E+06,2277664,2277664,0,439650
100,2.14E+08,3.64E+06,2277665,2277663,0,430550
100,2.02E+08,3.57E+06,2277667,2277667,0,384700
100,2.17E+08,3.67E+06,2277668,2277668,0,438200
100,2.07E+08,3.56E+06,2277670,2277669,0,400750
100,2.14E+08,3.55E+06,2277670,2277672,0,430550
100,2.14E+08,3.60E+06,2277670,2277670,0,430550
100,2.07E+08,3.54E+06,2277675,2277677,0,400750
100,2.07E+08,3.56E+06,2277677,2277677,0,400650
100,2.17E+08,3.54E+06,2277683,2277683,0,439650
100,2.14E+08,3.54E+06,2277685,2277683,0,430550
100,2.07E+08,3.54E+06,2277691,2277694,0,400750
100,2.17E+08,3.57E+06,2277691,2277687,0,439750
100,2.02E+08,3.57E+06,2277695,2277695,0,384700
100,2.17E+08,3.61E+06,2277700,2277701,0,439650
100,2.07E+08,3.54E+06,2277706,2277708,0,400750
100,2.14E+08,3.62E+06,2277709,2277708,0,430550
100,2.14E+08,3.75E+06,2277714,2277714,0,430550
100,2.17E+08,3.57E+06,2277721,2277718,0,439650
100,2.17E+08,3.63E+06,2277722,2277726,0,439650
100,2.14E+08,3.55E+06,2277728,2277728,0,430550
100,2.07E+08,3.55E+06,2277734,2277734,0,400650
100,2.17E+08,3.78E+06,2277736,2277730,0,439750
100,2.07E+08,3.54E+06,2277741,2277743,0,400750
100,1.99E+08,3.56E+06,2277745,2277746,0,372500
100,2.14E+08,3.58E+06,2277745,2277745,0,430550
100,2.07E+08,3.56E+06,2277747,2277747,0,400750
100,2.14E+08,3.57E+06,2277748,2277748,0,430550
100,2.14E+08,3.60E+06,2277750,2277752,0,430550
100,2.14E+08,3.58E+06,2277754,2277755,0,430550
100,1.99E+08,3.58E+06,2277756,2277755,0,372500
100,2.14E+08,3.59E+06,2277764,2277764,0,430550
100,2.07E+08,3.55E+06,2277765,2277762,0,400750
100,2.14E+08,3.74E+06,2277766,2277767,0,430550
100,2.14E+08,3.64E+06,2277767,2277768,0,430550
100,2.07E+08,3.58E+06,2277768,2277768,0,400650
100,2.14E+08,3.57E+06,2277771,2277772,0,430550
100,2.17E+08,3.54E+06,2277771,2277770,0,439650
100,2.14E+08,3.54E+06,2277776,2277767,0,430550
100,2.02E+08,3.66E+06,2277779,2277778,0,384700
100,2.14E+08,3.61E+06,2277788,2277788,0,430550
100,2.14E+08,3.56E+06,2277788,2277788,0,430550
100,2.02E+08,3.56E+06,2277792,2277792,0,384700
100,2.02E+08,3.57E+06,2277795,2277795,0,384700
100,2.14E+08,3.69E+06,2277796,2277796,0,430550
100,1.99E+08,3.69E+06,2277804,2277804,0,372500
100,2.07E+08,3.55E+06,2277804,2277804,0,400650
100,1.98E+08,3.55E+06,2277805,2277804,0,367450
100,2.14E+08,3.59E+06,2277805,2277805,0,430550
100,2.17E+08,3.77E+06,2277805,2277804,0,439750
100,1.99E+08,3.58E+06,2277809,2277800,0,372500
100,2.07E+08,3.57E+06,2277809,2277809,0,400750
100,2.17E+08,3.68E+06,2277814,2277817,0,439650
100,2.07E+08,3.60E+06,2277826,2277826,0,400650
100,2.02E+08,3.58E+06,2277830,2277830,0,384700
100,2.07E+08,3.59E+06,2277831,2277832,0,400650
100,2.14E+08,3.57E+06,2277835,2277835,0,430550
100,2.04E+08,3.70E+06,2277837,2277839,0,389350
100,2.14E+08,3.75E+06,2277843,2277843,0,430550
100,2.14E+08,3.54E+06,2277844,2277843,0,430550
100,2.17E+08,3.61E+06,2277854,2277854,0,439650
100,2.07E+08,3.58E+06,2277859,2277859,0,400750
100,2.07E+08,3.55E+06,2277860,2277860,0,400750
100,2.14E+08,3.56E+06,2277865,2277865,0,430550
100,2.14E+08,3.62E+06,2277866,2277866,0,430550
100,2.07E+08,3.72E+06,2277867,2277867,0,400750
100,2.17E+08,3.54E+06,2277869,2277869,0,439750
100,2.07E+08,3.70E+06,2277875,2277874,0,400750
100,2.17E+08,3.55E+06,2277890,2277890,0,439650
100,2.07E+08,3.54E+06,2277897,2277895,0,400750
100,1.99E+08,3.65E+06,2277899,2277898,0,369550
100,2.02E+08,3.63E+06,2277902,2277902,0,384700
100,2.17E+08,3.85E+06,2277910,2277910,0,439650
100,2.14E+08,3.54E+06,2277913,2277913,0,430550
100,2.17E+08,3.55E+06,2277915,2277912,0,439750
100,2.02E+08,3.58E+06,2277916,2277917,0,384700
100,2.14E+08,3.54E+06,2277916,2277920,0,430550
100,2.17E+08,3.78E+06,2277917,2277915,0,439650
100,2.14E+08,3.54E+06,2277922,2277923,0,430550
100,2.14E+08,3.60E+06,2277923,2277924,0,430550
100,2.17E+08,3.55E+06,2277924,2277924,0,439650
100,2.14E+08,3.66E+06,2277932,2277930,0,430550
100,2.17E+08,3.56E+06,2277935,2277935,0,439650
100,2.14E+08,3.55E+06,2277939,2277938,0,430550
100,1.99E+08,3.65E+06,2277940,2277938,0,372500
100,2.17E+08,3.59E+06,2277940,2277938,0,439650
100,2.17E+08,3.59E+06,2277940,2277939,0,439650
100,2.07E+08,3.62E+06,2277941,2277941,0,400750
100,2.17E+08,3.57E+06,2277941,2277943,0,439650
100,2.17E+08,3.57E+06,2277944,2277944,0,439650
100,2.14E+08,3.74E+06,2277945,2277945,0,430550
100,2.02E+08,3.61E+06,2277954,2277954,0,384700
100,2.17E+08,3.59E+06,2277956,2277960,0,439650
100,2.14E+08,3.54E+06,2277957,2277955,0,430550
100,2.04E+08,3.74E+06,2277961,2277960,0,389000
100,2.14E+08,3.56E+06,2277963,2277964,0,430550
100,2.07E+08,3.54E+06,2277964,2277964,0,400750
100,2.07E+08,3.55E+06,2277968,2277967,0,400750
100,2.07E+08,3.74E+06,2277970,2277971,0,400750
100,2.17E+08,3.56E+06,2277972,2277969,0,439650
100,2.17E+08,3.54E+06,2277976,2277976,0,439750
100,1.99E+08,3.60E+06,2277978,2277977,0,369550
100,2.17E+08,3.54E+06,2277978,2277977,0,439650
100,1.99E+08,3.67E+06,2277981,2277981,0,369550
100,2.17E+08,3.70E+06,2277988,2277987,0,439650
100,1.99E+08,3.60E+06,2277992,2277992,0,369550
100,2.07E+08,3.54E+06,2277992,2277990,0,400650
100,2.07E+08,3.54E+06,2277995,2277995,0,400750
100,2.17E+08,3.57E+06,2277996,2277992,0,439650
100,2.14E+08,3.56E+06,2277998,2277998,0,430550
100,2.07E+08,3.57E+06,2278000,2277999,0,400750
100,2.17E+08,3.57E+06,2278001,2278002,0,439650
100,2.07E+08,3.54E+06,2278002,2278001,0,400750
100,2.17E+08,3.56E+06,2278007,2278006,0,439650
100,2.14E+08,3.54E+06,2278009,2278009,0,430550
100,2.17E+08,3.70E+06,2278011,2278010,0,439650
100,1.93E+08,3.76E+06,2278014,2278013,0,350850
100,2.17E+08,3.60E+06,2278018,2278018,0,439650
100,2.17E+08,3.61E+06,2278023,2278024,0,439750
100,2.14E+08,3.66E+06,2278024,2278023,0,430550
100,2.17E+08,3.55E+06,2278024,2278020,0,439650
100,2.07E+08,3.60E+06,2278027,2278028,0,400650
100,2.02E+08,3.56E+06,2278028,2278028,0,384700
100,2.14E+08,3.54E+06,2278031,2278037,0,430550
100,2.14E+08,3.57E+06,2278042,2278042,0,430550
100,1.99E+08,3.58E+06,2278043,2278043,0,372500
100,2.07E+08,3.54E+06,2278043,2278043,0,400650
100,2.14E+08,3.55E+06,2278043,2278044,0,430550
100,2.14E+08,3.55E+06,2278046,2278046,0,430550
100,2.07E+08,3.84E+06,2278048,2278048,0,399900
100,2.17E+08,3.59E+06,2278050,2278048,0,439650
100,2.17E+08,3.55E+06,2278051,2278051,0,439650
100,2.07E+08,3.54E+06,2278053,2278053,0,400750
100,2.17E+08,3.54E+06,2278061,2278059,0,438200
100,2.17E+08,3.80E+06,2278063,2278063,0,439750
100,2.07E+08,3.55E+06,2278077,2278084,0,400650
100,2.17E+08,3.68E+06,2278081,2278080,0,439650
100,1.99E+08,3.70E+06,2278083,2278084,0,372500
100,2.17E+08,3.54E+06,2278083,2278079,0,439650
100,2.07E+08,3.55E+06,2278085,2278084,0,400750
100,1.99E+08,3.62E+06,2278087,2278087,0,369550
100,2.14E+08,3.57E+06,2278089,2278091,0,430550
100,1.99E+08,3.54E+06,2278093,2278091,0,372500
100,2.07E+08,3.55E+06,2278093,2278093,0,400750
100,2.17E+08,3.56E+06,2278094,2278092,0,439650
100,2.14E+08,3.55E+06,2278097,2278093,0,430550
100,2.14E+08,3.65E+06,2278099,2278099,0,430550
100,2.07E+08,3.56E+06,2278103,2278102,0,400750
100,2.17E+08,3.54E+06,2278104,2278104,0,439650
100,2.17E+08,3.54E+06,2278109,2278109,0,439750
100,2.07E+08,3.55E+06,2278119,2278119,0,400650
100,2.14E+08,3.66E+06,2278120,2278120,0,430550
100,2.14E+08,3.70E+06,2278130,2278131,0,430550
100,2.14E+08,3.55E+06,2278132,2278128,0,430550
100,1.99E+08,3.63E+06,2278139,2278140,0,369550
100,2.02E+08,3.55E+06,2278141,2278142,0,384700
100,2.07E+08,3.54E+06,2278148,2278148,0,400650
100,2.17E+08,3.56E+06,2278149,2278149,0,439650
100,2.17E+08,3.54E+06,2278149,2278147,0,439650
100,2.17E+08,3.59E+06,2278151,2278146,0,438200
100,2.14E+08,3.60E+06,2278153,2278153,0,430550
100,2.14E+08,3.69E+06,2278156,2278156,0,430550
100,2.01E+08,3.69E+06,2278159,2278159,0,382200
100,2.17E+08,3.57E+06,2278159,2278159,0,439650
100,2.07E+08,3.55E+06,2278160,2278161,0,400750
100,2.07E+08,3.61E+06,2278165,2278166,0,400650
100,2.14E+08,3.57E+06,2278167,2278166,0,430550
100,2.03E+08,3.75E+06,2278172,2278172,0,387100
100,2.07E+08,3.59E+06,2278172,2278166,0,400650
100,1.63E+08,3.58E+06,2278174,2278174,0,251550
100,2.15E+08,3.83E+06,2278179,2278179,0,430550
100,2.17E+08,3.57E+06,2278180,2278180,0,439650
100,2.03E+08,3.73E+06,2278188,2278191,0,388300
100,2.14E+08,3.57E+06,2278188,2278187,0,430550
100,2.17E+08,3.54E+06,2278191,2278191,0,439650
100,2.14E+08,3.55E+06,2278194,2278194,0,430550
100,2.14E+08,3.54E+06,2278197,2278197,0,430550
100,2.14E+08,3.54E+06,2278217,2278217,0,430550
100,2.07E+08,3.56E+06,2278221,2278220,0,400750
100,1.99E+08,3.62E+06,2278225,2278220,0,369550
100,2.17E+08,3.60E+06,2278240,2278241,0,439650
100,2.02E+08,3.68E+06,2278243,2278243,0,384700
100,1.99E+08,3.65E+06,2278254,2278255,0,369550
100,2.14E+08,3.55E+06,2278257,2278259,0,430550
100,1.99E+08,3.59E+06,2278260,2278260,0,372500
100,2.14E+08,3.60E+06,2278269,2278270,0,430550
100,2.17E+08,3.54E+06,2278269,2278263,0,439650
100,2.17E+08,3.62E+06,2278269,2278269,0,439650
100,2.14E+08,3.57E+06,2278272,2278272,0,430550
100,2.17E+08,3.69E+06,2278273,2278273,0,439650
100,2.17E+08,3.58E+06,2278275,2278274,0,439650
100,2.14E+08,3.58E+06,2278279,2278281,0,430550
100,2.14E+08,3.54E+06,2278280,2278280,0,430550
100,2.17E+08,3.59E+06,2278281,2278281,0,439650
100,2.17E+08,3.54E+06,2278281,2278278,0,439650
100,2.02E+08,3.66E+06,2278290,2278290,0,384700
100,2.07E+08,3.56E+06,2278290,2278283,0,400650
100,2.14E+08,3.56E+06,2278294,2278294,0,430550
100,2.02E+08,3.60E+06,2278297,2278299,0,384300
100,1.99E+08,3.59E+06,2278313,2278313,0,369550
100,2.14E+08,3.56E+06,2278315,2278315,0,430550
100,2.02E+08,3.62E+06,2278316,2278317,0,384700
100,2.14E+08,3.55E+06,2278317,2278322,0,430550
100,2.17E+08,3.62E+06,2278317,2278318,0,439650
100,2.17E+08,3.62E+06,2278319,2278317,0,439650
100,2.02E+08,3.65E+06,2278320,2278320,0,384700
100,2.17E+08,3.55E+06,2278320,2278320,0,439650
100,2.07E+08,3.61E+06,2278326,2278326,0,399500
100,2.07E+08,3.54E+06,2278330,2278328,0,400750
100,2.17E+08,3.72E+06,2278337,2278337,0,439650
100,2.14E+08,3.75E+06,2278338,2278337,0,430550
100,2.07E+08,3.57E+06,2278340,2278342,0,400750
100,2.14E+08,3.54E+06,2278344,2278345,0,430550
100,2.07E+08,3.55E+06,2278345,2278344,0,400750
100,2.14E+08,3.62E+06,2278350,2278349,0,430550
100,2.14E+08,3.58E+06,2278352,2278349,0,430550
100,1.99E+08,3.64E+06,2278353,2278350,0,372500
100,1.99E+08,3.62E+06,2278355,2278352,0,369550
100,2.17E+08,3.57E+06,2278355,2278355,0,439650
100,1.80E+08,3.80E+06,2278357,2278358,0,312000
100,2.14E+08,3.67E+06,2278362,2278361,0,430550
100,2.07E+08,3.58E+06,2278364,2278362,0,399500
100,2.14E+08,3.54E+06,2278364,2278365,0,430550
100,2.14E+08,3.58E+06,2278368,2278368,0,430550
100,2.14E+08,3.66E+06,2278377,2278379,0,430550
100,2.07E+08,3.59E+06,2278381,2278382,0,400650
100,2.17E+08,3.54E+06,2278389,2278390,0,439750
100,2.07E+08,3.55E+06,2278390,2278391,0,400650
100,2.14E+08,3.69E+06,2278391,2278391,0,430550
100,2.14E+08,3.56E+06,2278391,2278395,0,430550
100,2.14E+08,3.72E+06,2278401,2278401,0,430550
100,2.14E+08,3.56E+06,2278402,2278406,0,430550
100,2.01E+08,3.92E+06,2278405,2278402,0,382200
100,2.17E+08,3.60E+06,2278406,2278407,0,439650
100,2.17E+08,3.56E+06,2278409,2278409,0,439650
100,1.99E+08,3.60E+06,2278410,2278414,0,372500
100,2.02E+08,3.55E+06,2278427,2278427,0,384700
100,2.07E+08,3.56E+06,2278428,2278426,0,400650
100,2.17E+08,3.55E+06,2278433,2278432,0,438200
100,1.99E+08,3.73E+06,2278434,2278435,0,372500
100,2.14E+08,3.61E+06,2278436,2278436,0,430550
100,2.17E+08,3.69E+06,2278437,2278437,0,439650
100,1.99E+08,3.58E+06,2278438,2278438,0,369550
100,1.99E+08,3.61E+06,2278438,2278438,0,369550
100,2.08E+08,3.57E+06,2278443,2278441,0,401600
100,2.14E+08,3.57E+06,2278443,2278442,0,430550
100,2.17E+08,3.57E+06,2278444,2278443,0,439650
100,2.14E+08,3.57E+06,2278450,2278451,0,430550
100,2.02E+08,3.66E+06,2278452,2278450,0,384700
100,2.17E+08,3.62E+06,2278458,2278457,0,438200
100,2.02E+08,3.88E+06,2278459,2278460,0,384700
100,2.14E+08,3.57E+06,2278460,2278461,0,430550
100,2.17E+08,3.78E+06,2278467,2278466,0,439650
100,2.14E+08,3.60E+06,2278470,2278466,0,430550
100,2.14E+08,3.57E+06,2278482,2278482,0,430550
100,2.14E+08,3.77E+06,2278485,2278484,0,430550
100,2.07E+08,3.54E+06,2278488,2278488,0,400650
100,2.17E+08,3.64E+06,2278490,2278490,0,439650
100,2.07E+08,3.68E+06,2278491,2278492,0,399500
100,2.07E+08,3.59E+06,2278491,2278493,0,400750
100,2.14E+08,3.57E+06,2278499,2278499,0,430550
100,2.17E+08,3.56E+06,2278500,2278500,0,439650
100,1.99E+08,3.57E+06,2278501,2278501,0,372500
100,2.17E+08,3.58E+06,2278503,2278505,0,439650
100,2.17E+08,3.63E+06,2278506,2278505,0,438200
100,2.14E+08,3.55E+06,2278509,2278510,0,430550
100,2.17E+08,3.54E+06,2278511,2278513,0,439650
100,2.13E+08,3.84E+06,2278512,2278513,0,426450
100,2.14E+08,3.55E+06,2278515,2278515,0,430550
100,2.17E+08,3.55E+06,2278515,2278511,0,439650
100,1.99E+08,3.60E+06,2278520,2278519,0,369550
100,2.17E+08,3.54E+06,2278525,2278524,0,439750
100,2.07E+08,3.54E+06,2278530,2278535,0,400650
100,2.17E+08,3.54E+06,2278540,2278542,0,439650
100,1.99E+08,3.75E+06,2278541,2278541,0,372500
100,1.99E+08,3.56E+06,2278543,2278542,0,372500
100,2.02E+08,3.59E+06,2278549,2278544,0,384700
100,2.17E+08,3.80E+06,2278555,2278550,0,439750
100,2.14E+08,3.55E+06,2278557,2278555,0,430550
100,2.07E+08,3.72E+06,2278561,2278560,0,399500
100,2.17E+08,3.55E+06,2278565,2278564,0,439650
100,2.17E+08,3.59E+06,2278567,2278567,0,439650
100,2.07E+08,3.55E+06,2278573,2278572,0,400650
100,2.07E+08,3.55E+06,2278573,2278574,0,400650
100,2.02E+08,4.06E+06,2278574,2278574,0,385000
100,2.14E+08,3.55E+06,2278576,2278576,0,430550
100,2.01E+08,3.78E+06,2278579,2278579,0,382650
100,2.07E+08,3.56E+06,2278586,2278584,0,400750
100,2.17E+08,3.62E+06,2278590,2278590,0,439750
100,2.07E+08,3.64E+06,2278591,2278591,0,400650
100,2.07E+08,3.54E+06,2278591,2278590,0,400750
100,2.14E+08,3.56E+06,2278595,2278594,0,430550
100,2.14E+08,3.54E+06,2278596,2278590,0,430550
100,2.14E+08,3.54E+06,2278597,2278597,0,430550
100,1.99E+08,3.70E+06,2278598,2278598,0,369550
100,2.07E+08,3.55E+06,2278601,2278601,0,400650
100,2.07E+08,3.56E+06,2278601,2278601,0,400650
100,2.03E+08,3.68E+06,2278605,2278606,0,387900
100,2.14E+08,3.62E+06,2278605,2278604,0,430550
100,2.17E+08,3.54E+06,2278606,2278608,0,439750
100,2.17E+08,3.57E+06,2278612,2278615,0,439650
100,2.17E+08,3.71E+06,2278612,2278610,0,439650
100,2.01E+08,3.67E+06,2278616,2278616,0,382200
100,2.17E+08,3.56E+06,2278617,2278617,0,439650
100,2.07E+08,3.56E+06,2278620,2278619,0,400650
100,2.17E+08,3.57E+06,2278622,2278628,0,439650
100,2.02E+08,3.90E+06,2278629,2278629,0,384300
100,2.17E+08,3.57E+06,2278632,2278632,0,439650
100,2.14E+08,3.92E+06,2278658,2278657,0,430550
100,2.17E+08,3.78E+06,2278658,2278656,0,439650
100,2.07E+08,3.54E+06,2278663,2278663,0,400650
100,2.07E+08,3.54E+06,2278669,2278669,0,400650
100,2.02E+08,3.58E+06,2278670,2278670,0,384700
100,2.17E+08,3.56E+06,2278670,2278670,0,439650
100,2.08E+08,3.70E+06,2278673,2278672,0,401600
100,2.17E+08,3.55E+06,2278678,2278678,0,439650
100,2.07E+08,3.54E+06,2278679,2278680,0,400650
100,1.99E+08,3.61E+06,2278684,2278687,0,369550
100,1.99E+08,3.59E+06,2278687,2278687,0,372500
100,2.14E+08,3.55E+06,2278688,2278688,0,430550
100,2.07E+08,3.56E+06,2278690,2278688,0,400750
100,2.17E+08,3.64E+06,2278691,2278691,0,439650
100,1.99E+08,3.62E+06,2278702,2278701,0,372500
100,1.99E+08,3.70E+06,2278706,2278704,0,372500
100,2.17E+08,3.56E+06,2278710,2278710,0,439650
100,2.07E+08,3.75E+06,2278723,2278723,0,400750
100,2.07E+08,3.61E+06,2278724,2278724,0,399500
100,2.17E+08,3.54E+06,2278727,2278727,0,439650
100,2.17E+08,3.56E+06,2278729,2278729,0,439650
100,2.14E+08,3.55E+06,2278731,2278737,0,430550
100,2.07E+08,3.54E+06,2278739,2278739,0,400750
100,2.07E+08,3.69E+06,2278744,2278742,0,400650
100,2.17E+08,3.59E+06,2278750,2278752,0,439650
100,2.14E+08,3.58E+06,2278752,2278752,0,430550
100,2.17E+08,3.57E+06,2278753,2278753,0,439650
100,2.17E+08,3.64E+06,2278754,2278752,0,439650
100,2.07E+08,3.62E+06,2278756,2278757,0,399500
100,2.17E+08,3.55E+06,2278757,2278758,0,439650
100,2.07E+08,3.54E+06,2278762,2278762,0,400750
100,2.14E+08,3.55E+06,2278766,2278766,0,430550
100,2.07E+08,3.54E+06,2278772,2278772,0,400750
100,2.07E+08,3.65E+06,2278773,2278779,0,400650
100,2.14E+08,3.54E+06,2278780,2278779,0,430550
100,1.99E+08,3.75E+06,2278787,2278788,0,372500
100,2.14E+08,3.55E+06,2278788,2278790,0,430550
100,2.14E+08,3.56E+06,2278789,2278789,0,430550
100,2.14E+08,3.54E+06,2278791,2278792,0,430550
100,2.07E+08,3.59E+06,2278795,2278793,0,400750
100,2.01E+08,3.73E+06,2278798,2278796,0,381050
100,2.14E+08,3.66E+06,2278807,2278807,0,430550
100,2.17E+08,3.62E+06,2278807,2278805,0,439750
100,2.07E+08,3.56E+06,2278809,2278809,0,400750
100,2.14E+08,3.56E+06,2278811,2278811,0,430550
100,1.99E+08,3.55E+06,2278812,2278812,0,369550
100,2.17E+08,3.55E+06,2278816,2278817,0,439650
100,2.07E+08,3.58E+06,2278819,2278822,0,400650
100,1.99E+08,3.75E+06,2278820,2278820,0,369550
100,2.07E+08,3.55E+06,2278821,2278821,0,400650
100,2.14E+08,3.69E+06,2278822,2278822,0,430550
100,2.17E+08,3.75E+06,2278840,2278839,0,439650
100,2.02E+08,3.55E+06,2278842,2278843,0,384700
100,2.02E+08,3.73E+06,2278843,2278843,0,384700
100,1.99E+08,3.56E+06,2278848,2278846,0,372500
100,2.17E+08,3.64E+06,2278853,2278853,0,439650
100,2.07E+08,3.57E+06,2278860,2278861,0,400750
100,2.14E+08,3.54E+06,2278862,2278862,0,430550
100,2.07E+08,3.54E+06,2278867,2278867,0,400650
100,2.07E+08,3.54E+06,2278868,2278869,0,400750
100,2.14E+08,3.54E+06,2278874,2278874,0,430550
100,2.17E+08,3.58E+06,2278878,2278878,0,439750
100,1.99E+08,3.57E+06,2278888,2278888,0,372500
100,2.14E+08,3.56E+06,2278889,2278889,0,430550
100,2.14E+08,3.58E+06,2278890,2278894,0,430550
100,2.14E+08,3.74E+06,2278890,2278890,0,430550
100,2.14E+08,3.67E+06,2278898,2278898,0,430550
100,2.14E+08,3.61E+06,2278901,2278901,0,430550
100,2.14E+08,3.60E+06,2278909,2278910,0,430550
100,2.15E+08,4.03E+06,2278910,2278912,0,430550
100,2.17E+08,3.67E+06,2278916,2278916,0,439650
100,2.02E+08,3.70E+06,2278922,2278922,0,385300
100,2.07E+08,3.59E+06,2278923,2278920,0,400750
100,2.07E+08,3.56E+06,2278924,2278920,0,400650
100,2.14E+08,3.58E+06,2278932,2278934,0,430550
100,2.14E+08,3.56E+06,2278935,2278935,0,430550
100,2.07E+08,3.55E+06,2278938,2278938,0,400650
100,2.17E+08,3.55E+06,2278941,2278941,0,439650
100,2.14E+08,3.57E+06,2278944,2278943,0,430550
100,2.17E+08,3.55E+06,2278944,2278944,0,439650
100,2.07E+08,3.54E+06,2278949,2278948,0,400750
100,2.07E+08,3.55E+06,2278952,2278952,0,400750
100,2.07E+08,3.57E+06,2278953,2278953,0,400750
100,2.14E+08,3.60E+06,2278955,2278955,0,430550
100,2.07E+08,3.57E+06,2278959,2278959,0,400750
100,2.17E+08,3.58E+06,2278960,2278960,0,439650
100,2.14E+08,3.55E+06,2278963,2278963,0,430550
100,2.14E+08,3.56E+06,2278964,2278964,0,430550
100,1.99E+08,3.70E+06,2278969,2278970,0,372500
100,2.07E+08,3.54E+06,2278970,2278968,0,400650
100,1.98E+08,3.68E+06,2278973,2278972,0,367450
100,2.17E+08,3.54E+06,2278977,2278979,0,439650
100,2.07E+08,3.56E+06,2278978,2278980,0,400650
100,2.17E+08,3.54E+06,2278981,2278978,0,439650
100,2.02E+08,3.76E+06,2278982,2278977,0,384700
100,2.07E+08,3.57E+06,2278985,2278985,0,400750
100,2.02E+08,3.70E+06,2278986,2278983,0,384700
100,2.17E+08,3.72E+06,2278987,2278986,0,439650
100,2.14E+08,3.55E+06,2278990,2278990,0,430550
100,2.17E+08,3.54E+06,2278998,2278995,0,439650
100,2.14E+08,3.57E+06,2278999,2278999,0,430550
100,2.14E+08,3.79E+06,2278999,2278999,0,430550
100,2.14E+08,3.54E+06,2279004,2279006,0,430550
100,2.14E+08,3.54E+06,2279005,2279002,0,430550
100,2.14E+08,3.56E+06,2279006,2279004,0,430550
100,2.14E+08,3.62E+06,2279008,2279003,0,430550
100,2.17E+08,3.54E+06,2279013,2279012,0,439650
100,2.17E+08,3.62E+06,2279016,2279016,0,439650
100,1.99E+08,3.79E+06,2279018,2279018,0,369550
100,1.99E+08,3.69E+06,2279021,2279021,0,372500
100,2.17E+08,3.55E+06,2279027,2279023,0,439650
100,1.99E+08,3.56E+06,2279030,2279033,0,372500
100,2.14E+08,3.56E+06,2279030,2279030,0,430550
100,2.17E+08,3.78E+06,2279030,2279030,0,439650
100,2.02E+08,3.66E+06,2279032,2279031,0,384700
100,2.07E+08,3.58E+06,2279032,2279032,0,400750
100,2.14E+08,3.55E+06,2279034,2279034,0,430550
100,2.17E+08,3.54E+06,2279035,2279023,0,439650
100,2.14E+08,3.59E+06,2279048,2279048,0,430550
100,2.14E+08,3.54E+06,2279050,2279052,0,430550
100,2.17E+08,3.55E+06,2279062,2279063,0,439750
100,2.17E+08,3.55E+06,2279063,2279063,0,439650
100,2.14E+08,3.59E+06,2279068,2279068,0,430550
100,2.07E+08,3.56E+06,2279069,2279069,0,400750
100,2.02E+08,3.66E+06,2279075,2279076,0,384700
100,1.99E+08,3.62E+06,2279076,2279075,0,369550
100,2.17E+08,3.72E+06,2279076,2279076,0,439750
100,2.17E+08,3.59E+06,2279077,2279076,0,439650
100,2.17E+08,3.56E+06,2279077,2279077,0,439650
100,2.02E+08,3.78E+06,2279082,2279082,0,384700
100,2.17E+08,3.56E+06,2279089,2279089,0,439650
100,2.14E+08,3.57E+06,2279094,2279093,0,430550
100,2.14E+08,3.54E+06,2279096,2279095,0,430550
100,2.17E+08,3.54E+06,2279101,2279101,0,439650
100,2.17E+08,3.54E+06,2279104,2279104,0,439650
100,2.14E+08,3.54E+06,2279113,2279113,0,430550
100,2.17E+08,3.56E+06,2279114,2279113,0,439650
100,1.99E+08,3.59E+06,2279117,2279117,0,372500
100,2.14E+08,3.57E+06,2279122,2279123,0,430550
100,2.07E+08,3.56E+06,2279123,2279125,0,400750
100,2.07E+08,3.75E+06,2279125,2279125,0,400750
100,2.07E+08,3.56E+06,2279131,2279129,0,400650
100,2.14E+08,3.59E+06,2279149,2279150,0,430550
100,2.17E+08,3.54E+06,2279151,2279151,0,439750
100,1.99E+08,3.76E+06,2279163,2279163,0,369550
100,2.07E+08,3.54E+06,2279163,2279163,0,400750
100,2.07E+08,3.55E+06,2279166,2279165,0,400650
100,2.17E+08,3.75E+06,2279171,2279171,0,439650
100,2.02E+08,3.69E+06,2279172,2279172,0,384700
100,2.17E+08,4.07E+06,2279176,2279175,0,438350
100,2.14E+08,3.54E+06,2279180,2279178,0,430550
100,2.02E+08,3.62E+06,2279181,2279181,0,384700
100,2.17E+08,3.59E+06,2279181,2279183,0,439650
100,2.07E+08,3.59E+06,2279185,2279185,0,400650
100,2.07E+08,3.58E+06,2279189,2279188,0,400750
100,2.17E+08,3.55E+06,2279189,2279189,0,439650
100,2.15E+08,3.74E+06,2279196,2279196,0,430550
100,2.14E+08,3.73E+06,2279200,2279200,0,430550
100,2.14E+08,3.63E+06,2279201,2279200,0,430550
100,2.14E+08,3.54E+06,2279202,2279202,0,430550
100,2.14E+08,3.58E+06,2279203,2279203,0,430550
100,2.07E+08,3.59E+06,2279204,2279204,0,400650
100,2.14E+08,3.67E+06,2279206,2279206,0,430550
100,2.14E+08,3.55E+06,2279206,2279206,0,430550
100,1.98E+08,3.57E+06,2279207,2279207,0,367050
100,2.02E+08,3.54E+06,2279210,2279211,0,384700
100,2.17E+08,3.59E+06,2279213,2279212,0,439650
100,2.14E+08,3.54E+06,2279214,2279214,0,430550
100,2.17E+08,3.59E+06,2279215,2279215,0,439650
100,2.07E+08,3.58E+06,2279216,2279218,0,400750
100,2.07E+08,3.55E+06,2279221,2279222,0,400650
100,2.14E+08,3.60E+06,2279222,2279224,0,430550
100,2.17E+08,3.82E+06,2279228,2279228,0,439750
100,1.99E+08,3.60E+06,2279229,2279229,0,372500
100,2.02E+08,3.57E+06,2279239,2279239,0,384300
100,2.17E+08,3.58E+06,2279239,2279238,0,439650
100,2.17E+08,3.56E+06,2279243,2279243,0,439650
100,2.17E+08,3.69E+06,2279245,2279245,0,439750
100,2.14E+08,3.55E+06,2279247,2279248,0,430550
100,2.17E+08,3.62E+06,2279249,2279251,0,439750
100,2.14E+08,3.57E+06,2279250,2279250,0,430550
100,2.02E+08,3.58E+06,2279259,2279256,0,384300
100,2.02E+08,3.67E+06,2279261,2279261,0,384700
100,2.17E+08,3.54E+06,2279265,2279266,0,439750
100,2.17E+08,3.54E+06,2279269,2279269,0,439650
100,1.99E+08,3.64E+06,2279273,2279273,0,372500
100,2.17E+08,3.60E+06,2279273,2279273,0,439650
100,2.02E+08,3.60E+06,2279278,2279279,0,384700
100,1.96E+08,3.57E+06,2279281,2279281,0,359600
100,2.17E+08,3.59E+06,2279287,2279287,0,439650
100,2.17E+08,3.55E+06,2279287,2279288,0,439650
100,2.14E+08,3.57E+06,2279294,2279296,0,430550
100,2.07E+08,3.60E+06,2279297,2279297,0,400750
100,2.07E+08,3.56E+06,2279297,2279297,0,400750
100,1.99E+08,3.62E+06,2279298,2279298,0,372500
100,2.07E+08,3.55E+06,2279299,2279299,0,399500
100,2.17E+08,3.54E+06,2279315,2279316,0,439650
100,2.17E+08,3.56E+06,2279317,2279318,0,439650
100,2.14E+08,3.55E+06,2279335,2279337,0,430550
100,2.07E+08,3.56E+06,2279336,2279336,0,400650
100,1.99E+08,3.59E+06,2279341,2279341,0,369550
100,2.07E+08,3.54E+06,2279343,2279343,0,400750
100,2.07E+08,3.81E+06,2279344,2279344,0,400750
100,2.14E+08,3.58E+06,2279345,2279345,0,430550
100,2.17E+08,3.63E+06,2279346,2279346,0,439750
100,2.14E+08,3.64E+06,2279349,2279348,0,430550
100,2.14E+08,3.68E+06,2279350,2279352,0,430550
100,2.07E+08,3.54E+06,2279357,2279357,0,400650
100,2.07E+08,3.55E+06,2279361,2279361,0,400750
100,2.14E+08,3.58E+06,2279363,2279363,0,430550
100,2.07E+08,3.56E+06,2279374,2279371,0,400650
100,2.07E+08,3.58E+06,2279378,2279378,0,400750
100,2.07E+08,3.63E+06,2279381,2279381,0,400650
100,2.02E+08,3.56E+06,2279385,2279384,0,384300
100,1.99E+08,3.72E+06,2279387,2279387,0,372500
100,2.14E+08,3.58E+06,2279388,2279390,0,430550
100,2.07E+08,3.64E+06,2279391,2279381,0,399500
100,2.14E+08,3.55E+06,2279395,2279392,0,430550
100,2.14E+08,3.56E+06,2279398,2279395,0,430550
100,2.17E+08,3.54E+06,2279401,2279400,0,439650
100,2.07E+08,3.57E+06,2279403,2279402,0,400650
100,2.07E+08,3.78E+06,2279405,2279405,0,400750
100,2.17E+08,3.59E+06,2279410,2279411,0,439650
100,2.14E+08,3.54E+06,2279412,2279411,0,430550
100,2.07E+08,3.68E+06,2279416,2279416,0,400650
100,1.99E+08,3.69E+06,2279418,2279417,0,369550
100,2.14E+08,3.57E+06,2279428,2279431,0,430550
100,2.17E+08,3.55E+06,2279433,2279433,0,439650
100,2.02E+08,3.61E+06,2279436,2279436,0,384700
100,2.15E+08,3.73E+06,2279443,2279441,0,430550
100,2.14E+08,3.59E+06,2279445,2279447,0,430550
100,2.17E+08,3.58E+06,2279446,2279446,0,439650
100,2.17E+08,3.55E+06,2279451,2279450,0,439750
100,2.07E+08,3.56E+06,2279454,2279454,0,400750
100,1.99E+08,3.76E+06,2279459,2279459,0,371500
100,2.14E+08,3.54E+06,2279462,2279462,0,430550
100,2.14E+08,3.55E+06,2279463,2279463,0,430550
100,1.99E+08,3.59E+06,2279465,2279465,0,372500
100,2.17E+08,3.55E+06,2279467,2279467,0,439650
100,2.07E+08,3.57E+06,2279471,2279472,0,400750
100,2.14E+08,3.56E+06,2279478,2279478,0,430550
100,1.99E+08,3.57E+06,2279483,2279483,0,369550
100,2.02E+08,3.66E+06,2279483,2279483,0,384300
100,2.02E+08,3.66E+06,2279484,2279484,0,384700
100,2.14E+08,3.54E+06,2279487,2279487,0,430550
100,2.14E+08,3.55E+06,2279487,2279485,0,430550
100,1.99E+08,3.66E+06,2279495,2279495,0,369550
100,2.14E+08,3.54E+06,2279500,2279500,0,430550
100,2.14E+08,3.64E+06,2279502,2279502,0,430550
100,2.14E+08,3.57E+06,2279502,2279508,0,430550
100,2.14E+08,3.58E+06,2279504,2279504,0,430550
100,2.17E+08,3.59E+06,2279504,2279503,0,438200
100,2.14E+08,3.56E+06,2279508,2279508,0,430550
100,2.17E+08,3.58E+06,2279515,2279516,0,439650
100,2.01E+08,3.81E+06,2279519,2279520,0,382000
100,2.07E+08,3.58E+06,2279524,2279519,0,400750
100,2.02E+08,3.64E+06,2279531,2279531,0,384700
100,2.02E+08,3.70E+06,2279533,2279533,0,384700
100,2.07E+08,3.65E+06,2279540,2279544,0,400750
100,2.02E+08,3.62E+06,2279555,2279555,0,384300
100,2.14E+08,3.56E+06,2279556,2279558,0,430550
100,2.17E+08,3.59E+06,2279557,2279558,0,439650
100,2.17E+08,3.56E+06,2279559,2279560,0,439650
100,2.02E+08,3.67E+06,2279561,2279561,0,384700
100,2.17E+08,3.54E+06,2279563,2279563,0,439650
100,2.14E+08,3.58E+06,2279564,2279558,0,430550
100,2.02E+08,3.76E+06,2279568,2279568,0,384700
100,2.07E+08,3.55E+06,2279570,2279567,0,400750
100,2.17E+08,3.54E+06,2279572,2279570,0,439750
100,1.99E+08,3.72E+06,2279581,2279581,0,369550
100,2.07E+08,3.54E+06,2279584,2279583,0,400650
100,2.17E+08,3.55E+06,2279585,2279585,0,439650
100,2.17E+08,3.56E+06,2279590,2279590,0,439650
100,2.17E+08,3.84E+06,2279592,2279595,0,438200
100,1.99E+08,3.56E+06,2279595,2279597,0,369550
100,2.14E+08,3.61E+06,2279601,2279601,0,430550
100,2.14E+08,3.56E+06,2279602,2279601,0,430550
100,2.14E+08,3.74E+06,2279604,2279604,0,430550
100,2.14E+08,3.62E+06,2279606,2279606,0,430550
100,2.17E+08,3.62E+06,2279615,2279619,0,439650
100,2.14E+08,3.58E+06,2279617,2279618,0,430550
100,2.17E+08,3.55E+06,2279618,2279618,0,439650
100,1.99E+08,3.56E+06,2279620,2279621,0,372500
100,2.07E+08,3.55E+06,2279625,2279623,0,400650
100,2.02E+08,3.64E+06,2279632,2279631,0,384700
100,2.17E+08,3.61E+06,2279640,2279644,0,439650
100,2.17E+08,3.54E+06,2279645,2279647,0,439650
100,2.17E+08,3.63E+06,2279646,2279648,0,439750
100,2.17E+08,3.61E+06,2279647,2279648,0,438200
100,2.02E+08,3.61E+06,2279651,2279651,0,384700
100,2.17E+08,3.55E+06,2279652,2279652,0,439650
100,2.14E+08,3.56E+06,2279654,2279654,0,430550
100,2.14E+08,3.54E+06,2279655,2279655,0,430550
100,2.14E+08,3.73E+06,2279656,2279656,0,430550
100,2.03E+08,3.74E+06,2279659,2279661,0,388450
100,2.07E+08,3.62E+06,2279659,2279659,0,400650
100,2.14E+08,3.57E+06,2279667,2279667,0,430550
100,2.07E+08,3.54E+06,2279670,2279663,0,400650
100,2.17E+08,3.55E+06,2279670,2279670,0,439650
100,2.17E+08,3.56E+06,2279674,2279674,0,439650
100,2.03E+08,3.62E+06,2279676,2279675,0,387900
100,2.14E+08,3.68E+06,2279676,2279675,0,430550
100,2.07E+08,3.59E+06,2279677,2279678,0,400650
100,2.07E+08,3.56E+06,2279680,2279682,0,400750
100,1.99E+08,3.54E+06,2279685,2279685,0,369550
100,2.17E+08,3.56E+06,2279685,2279684,0,439750
100,2.07E+08,3.54E+06,2279689,2279688,0,400750
100,2.07E+08,3.54E+06,2279691,2279694,0,400750
100,1.99E+08,3.60E+06,2279696,2279695,0,372500
100,2.07E+08,3.57E+06,2279697,2279697,0,400750
100,2.17E+08,3.58E+06,2279702,2279702,0,439650
100,2.14E+08,3.54E+06,2279704,2279703,0,430550
100,2.17E+08,3.58E+06,2279705,2279708,0,439650
100,2.02E+08,3.56E+06,2279706,2279706,0,384700
100,2.14E+08,3.62E+06,2279707,2279708,0,430550
100,2.07E+08,3.56E+06,2279715,2279716,0,400750
100,2.14E+08,3.56E+06,2279725,2279726,0,430550
100,2.14E+08,3.82E+06,2279728,2279727,0,430550
100,2.14E+08,3.67E+06,2279730,2279730,0,430550
100,2.07E+08,3.54E+06,2279733,2279733,0,400750
100,2.07E+08,3.55E+06,2279748,2279749,0,400750
100,2.07E+08,3.96E+06,2279750,2279750,0,399500
100,2.17E+08,3.62E+06,2279755,2279755,0,439650
100,2.14E+08,3.55E+06,2279767,2279768,0,430550
100,2.14E+08,3.55E+06,2279771,2279771,0,430550
100,2.14E+08,3.62E+06,2279777,2279777,0,430550
100,2.14E+08,3.55E+06,2279779,2279783,0,430550
100,2.17E+08,3.65E+06,2279781,2279781,0,439650
100,2.17E+08,3.55E+06,2279782,2279782,0,439750
100,2.02E+08,3.57E+06,2279794,2279793,0,384700
100,2.07E+08,3.55E+06,2279798,2279802,0,400650
100,2.17E+08,3.54E+06,2279805,2279803,0,439750
100,2.07E+08,3.54E+06,2279810,2279810,0,400750
100,2.17E+08,3.55E+06,2279812,2279812,0,439650
100,1.99E+08,3.57E+06,2279814,2279814,0,372500
100,2.14E+08,3.54E+06,2279815,2279815,0,430550
100,2.17E+08,3.54E+06,2279817,2279817,0,439650
100,2.02E+08,3.58E+06,2279820,2279820,0,384700
100,2.14E+08,3.64E+06,2279821,2279820,0,430550
100,2.14E+08,3.54E+06,2279822,2279825,0,430550
100,2.02E+08,3.69E+06,2279834,2279837,0,384700
100,1.99E+08,3.62E+06,2279840,2279840,0,369550
100,2.14E+08,3.59E+06,2279846,2279846,0,430550
100,1.99E+08,3.54E+06,2279848,2279848,0,369550
100,2.14E+08,3.55E+06,2279850,2279849,0,430550
100,2.02E+08,3.54E+06,2279872,2279871,0,384700
100,2.02E+08,3.56E+06,2279876,2279876,0,384700
100,2.14E+08,3.54E+06,2279878,2279879,0,430550
100,1.99E+08,3.66E+06,2279879,2279879,0,372500
100,2.07E+08,3.55E+06,2279881,2279881,0,400750
100,2.17E+08,3.56E+06,2279895,2279895,0,439750
100,2.07E+08,3.55E+06,2279899,2279901,0,400650
100,2.17E+08,3.57E+06,2279900,2279900,0,439650
100,2.14E+08,3.56E+06,2279901,2279901,0,430550
100,2.14E+08,3.57E+06,2279903,2279903,0,430550
100,2.17E+08,3.61E+06,2279904,2279907,0,439750
100,2.02E+08,4.13E+06,2279907,2279907,0,384700
100,2.17E+08,3.54E+06,2279913,2279913,0,439650
100,2.02E+08,3.66E+06,2279918,2279918,0,384700
100,2.17E+08,3.55E+06,2279918,2279919,0,438200
100,2.14E+08,3.56E+06,2279922,2279922,0,430550
100,2.17E+08,3.55E+06,2279924,2279920,0,439650
100,1.99E+08,3.60E+06,2279927,2279922,0,372500
100,2.07E+08,3.61E+06,2279929,2279929,0,400750
100,2.17E+08,3.54E+06,2279934,2279934,0,439650
100,2.17E+08,3.56E+06,2279935,2279935,0,439650
100,2.07E+08,3.60E+06,2279937,2279939,0,400750
100,2.17E+08,3.55E+06,2279937,2279937,0,439650
100,2.07E+08,3.54E+06,2279941,2279940,0,400750
100,2.14E+08,3.58E+06,2279941,2279941,0,430550
100,2.17E+08,3.62E+06,2279941,2279941,0,439750
100,2.17E+08,3.56E+06,2279942,2279944,0,439650
100,1.99E+08,3.67E+06,2279953,2279953,0,372500
100,2.14E+08,3.56E+06,2279970,2279971,0,430550
100,2.17E+08,3.55E+06,2279970,2279970,0,439650
100,1.99E+08,3.57E+06,2279973,2279975,0,369550
100,2.14E+08,3.55E+06,2279973,2279970,0,430550
100,2.17E+08,3.55E+06,2279978,2279978,0,439650
100,2.14E+08,3.58E+06,2279987,2279987,0,430550
100,2.17E+08,3.61E+06,2279987,2279987,0,439650
100,1.99E+08,3.62E+06,2279994,2279994,0,372500
100,2.17E+08,3.59E+06,2280001,2280001,0,439650
100,1.99E+08,3.57E+06,2280002,2280000,0,372500
100,2.02E+08,3.58E+06,2280002,2280003,0,384700
100,2.07E+08,3.57E+06,2280002,2280002,0,399500
100,2.14E+08,3.72E+06,2280004,2280005,0,430550
100,2.00E+08,3.74E+06,2280005,2280005,0,377900
100,2.17E+08,3.63E+06,2280007,2280010,0,438200
100,1.99E+08,3.60E+06,2280008,2280007,0,372500
100,2.17E+08,3.60E+06,2280009,2280009,0,439650
100,2.17E+08,3.64E+06,2280010,2280010,0,438200
100,1.99E+08,3.67E+06,2280012,2280015,0,372500
100,2.07E+08,3.57E+06,2280013,2280012,0,400750
100,2.14E+08,3.56E+06,2280015,2280014,0,430550
100,2.14E+08,3.55E+06,2280015,2280015,0,430550
100,1.99E+08,3.68E+06,2280022,2280022,0,372500
100,2.14E+08,3.57E+06,2280023,2280020,0,430550
100,2.17E+08,3.56E+06,2280025,2280026,0,439650
100,2.02E+08,3.61E+06,2280030,2280024,0,384700
100,2.07E+08,3.55E+06,2280034,2280035,0,400650
100,2.14E+08,3.55E+06,2280034,2280029,0,430550
100,2.14E+08,3.66E+06,2280037,2280037,0,430550
100,2.14E+08,3.56E+06,2280038,2280038,0,430550
100,2.17E+08,3.58E+06,2280040,2280034,0,439650
100,2.17E+08,3.54E+06,2280042,2280042,0,439650
100,2.17E+08,3.54E+06,2280044,2280044,0,439650
100,2.01E+08,3.72E+06,2280045,2280044,0,381050
100,2.07E+08,3.55E+06,2280045,2280049,0,400750
100,2.02E+08,3.57E+06,2280047,2280048,0,384700
100,2.14E+08,3.56E+06,2280047,2280047,0,430550
100,2.02E+08,3.69E+06,2280053,2280053,0,384700
100,2.14E+08,3.55E+06,2280060,2280055,0,430550
100,2.17E+08,3.55E+06,2280060,2280061,0,439750
100,2.07E+08,3.57E+06,2280068,2280068,0,400750
100,2.17E+08,3.57E+06,2280070,2280071,0,439650
100,2.07E+08,3.54E+06,2280075,2280075,0,400750
100,2.07E+08,3.57E+06,2280077,2280077,0,399500
100,2.17E+08,3.62E+06,2280080,2280081,0,438200
100,2.17E+08,3.61E+06,2280081,2280083,0,438200
100,2.07E+08,3.58E+06,2280084,2280088,0,400750
100,2.07E+08,3.55E+06,2280087,2280087,0,400650
100,2.17E+08,3.63E+06,2280087,2280087,0,439750
100,2.17E+08,3.56E+06,2280087,2280087,0,439750
100,1.98E+08,3.66E+06,2280090,2280090,0,367450
100,2.02E+08,3.61E+06,2280092,2280092,0,384300
100,2.02E+08,3.70E+06,2280094,2280094,0,384700
100,2.07E+08,3.54E+06,2280094,2280094,0,400750
100,2.14E+08,3.58E+06,2280095,2280095,0,430550
100,2.14E+08,3.62E+06,2280098,2280097,0,430550
100,2.13E+08,3.75E+06,2280100,2280100,0,426450
100,2.17E+08,3.54E+06,2280100,2280100,0,439650
100,2.02E+08,3.60E+06,2280109,2280109,0,384700
100,2.07E+08,3.54E+06,2280116,2280116,0,400750
100,2.07E+08,3.60E+06,2280120,2280121,0,399500
100,2.07E+08,3.55E+06,2280122,2280122,0,400650
100,2.07E+08,3.57E+06,2280125,2280125,0,400650
100,2.14E+08,3.54E+06,2280129,2280123,0,430550
100,2.14E+08,3.55E+06,2280134,2280134,0,430550
100,2.07E+08,3.57E+06,2280136,2280136,0,400750
100,1.99E+08,3.63E+06,2280139,2280132,0,372500
100,1.99E+08,3.65E+06,2280141,2280142,0,372500
100,1.99E+08,3.57E+06,2280148,2280142,0,372500
100,2.02E+08,3.64E+06,2280154,2280154,0,384700
100,2.07E+08,3.55E+06,2280158,2280158,0,400650
100,2.02E+08,3.56E+06,2280169,2280168,0,384300
100,2.02E+08,3.61E+06,2280173,2280172,0,384300
100,2.07E+08,3.55E+06,2280173,2280173,0,400650
100,2.07E+08,3.54E+06,2280173,2280174,0,400750
100,2.17E+08,3.62E+06,2280174,2280174,0,439650
100,2.14E+08,3.61E+06,2280175,2280174,0,430550
100,1.98E+08,3.94E+06,2280176,2280175,0,367450
100,2.14E+08,3.60E+06,2280179,2280182,0,430550
100,2.02E+08,3.63E+06,2280182,2280182,0,384300
100,2.14E+08,3.55E+06,2280182,2280182,0,430550
100,2.04E+08,3.85E+06,2280184,2280184,0,388450
100,2.02E+08,3.62E+06,2280188,2280188,0,384700
100,2.07E+08,3.55E+06,2280189,2280188,0,400750
100,2.07E+08,3.58E+06,2280192,2280193,0,400750
100,2.14E+08,3.59E+06,2280196,2280196,0,430550
100,2.17E+08,3.54E+06,2280206,2280206,0,439650
100,2.07E+08,3.63E+06,2280208,2280206,0,400750
100,2.17E+08,3.55E+06,2280208,2280207,0,439650
100,2.14E+08,3.58E+06,2280210,2280210,0,430550
100,2.14E+08,3.60E+06,2280214,2280211,0,430550
100,2.17E+08,3.64E+06,2280218,2280217,0,439650
100,2.14E+08,3.54E+06,2280222,2280222,0,430550
100,2.02E+08,3.69E+06,2280227,2280227,0,385150
100,2.14E+08,3.55E+06,2280228,2280227,0,430550
100,2.02E+08,3.88E+06,2280233,2280234,0,384700
100,2.07E+08,3.55E+06,2280233,2280232,0,400650
100,2.14E+08,3.81E+06,2280233,2280234,0,430550
100,2.07E+08,3.58E+06,2280237,2280238,0,400750
100,1.99E+08,3.59E+06,2280240,2280240,0,372500
100,2.17E+08,3.81E+06,2280242,2280242,0,439650
100,2.17E+08,3.59E+06,2280253,2280248,0,439650
100,2.17E+08,3.54E+06,2280253,2280253,0,439750
100,2.17E+08,3.76E+06,2280259,2280259,0,438200
100,2.07E+08,3.61E+06,2280262,2280262,0,400650
100,2.14E+08,3.69E+06,2280270,2280270,0,430550
100,2.17E+08,3.59E+06,2280276,2280276,0,439650
100,1.99E+08,3.54E+06,2280286,2280286,0,369550
100,2.07E+08,3.64E+06,2280292,2280292,0,400750
100,2.14E+08,3.56E+06,2280299,2280299,0,430550
100,2.07E+08,3.56E+06,2280302,2280302,0,400650
100,2.17E+08,3.58E+06,2280304,2280304,0,439750
100,2.14E+08,3.64E+06,2280305,2280308,0,430550
100,2.14E+08,3.57E+06,2280307,2280307,0,430550
100,2.07E+08,3.55E+06,2280308,2280308,0,400750
100,1.99E+08,3.68E+06,2280309,2280309,0,369550
100,2.07E+08,3.54E+06,2280309,2280309,0,400750
100,2.07E+08,3.69E+06,2280317,2280315,0,400750
100,2.17E+08,3.55E+06,2280322,2280319,0,439650
100,1.99E+08,3.65E+06,2280323,2280323,0,369550
100,2.02E+08,3.83E+06,2280325,2280325,0,384700
100,2.04E+08,3.78E+06,2280325,2280325,0,390000
100,2.14E+08,3.55E+06,2280325,2280325,0,430550
100,2.14E+08,3.64E+06,2280334,2280331,0,430550
100,2.01E+08,3.84E+06,2280341,2280341,0,381050
100,2.14E+08,3.54E+06,2280342,2280342,0,430550
100,2.17E+08,3.59E+06,2280344,2280342,0,439650
100,2.14E+08,3.54E+06,2280345,2280345,0,430550
100,1.99E+08,3.57E+06,2280348,2280348,0,372500
100,2.17E+08,3.56E+06,2280348,2280348,0,439750
100,2.07E+08,3.55E+06,2280353,2280353,0,400750
100,1.99E+08,3.75E+06,2280356,2280358,0,372500
100,2.02E+08,3.57E+06,2280372,2280372,0,384300
100,2.02E+08,3.59E+06,2280373,2280374,0,384700
100,2.14E+08,3.90E+06,2280373,2280373,0,430550
100,2.14E+08,3.57E+06,2280384,2280386,0,430550
100,2.14E+08,3.62E+06,2280385,2280386,0,430550
100,2.17E+08,3.55E+06,2280391,2280388,0,439750
100,2.14E+08,3.56E+06,2280398,2280398,0,430550
100,2.14E+08,3.60E+06,2280401,2280399,0,430550
100,2.17E+08,3.56E+06,2280404,2280403,0,439650
100,2.07E+08,3.57E+06,2280407,2280409,0,400650
100,2.07E+08,3.69E+06,2280408,2280408,0,399500
100,2.14E+08,3.67E+06,2280409,2280410,0,430550
100,2.07E+08,3.54E+06,2280411,2280412,0,400750
100,2.17E+08,3.65E+06,2280414,2280414,0,439750
100,2.17E+08,3.87E+06,2280418,2280418,0,439650
100,2.14E+08,3.56E+06,2280420,2280420,0,430550
100,2.07E+08,3.54E+06,2280421,2280421,0,400750
100,2.07E+08,3.58E+06,2280423,2280423,0,400650
100,2.17E+08,3.59E+06,2280426,2280427,0,439650
100,2.17E+08,3.59E+06,2280426,2280428,0,439650
100,2.14E+08,3.56E+06,2280434,2280435,0,430550
100,2.02E+08,3.58E+06,2280435,2280435,0,384700
100,2.14E+08,3.55E+06,2280437,2280437,0,430550
100,2.07E+08,3.56E+06,2280440,2280440,0,400750
100,2.14E+08,3.54E+06,2280447,2280447,0,430550
100,2.14E+08,3.55E+06,2280455,2280455,0,430550
100,2.04E+08,3.84E+06,2280462,2280462,0,388450
100,2.02E+08,3.58E+06,2280473,2280473,0,384700
100,2.14E+08,3.56E+06,2280474,2280473,0,430550
100,2.02E+08,3.64E+06,2280478,2280478,0,384700
100,2.17E+08,3.55E+06,2280484,2280481,0,439650
100,2.02E+08,3.56E+06,2280485,2280485,0,384300
100,2.07E+08,3.73E+06,2280486,2280486,0,400750
100,2.14E+08,3.57E+06,2280487,2280491,0,430550
100,2.14E+08,3.60E+06,2280489,2280491,0,430550
100,2.17E+08,3.86E+06,2280492,2280492,0,439650
100,2.14E+08,3.57E+06,2280500,2280500,0,430550
100,1.99E+08,3.54E+06,2280501,2280501,0,372500
100,2.14E+08,3.60E+06,2280505,2280500,0,430550
100,2.17E+08,3.59E+06,2280506,2280506,0,439750
100,2.07E+08,3.56E+06,2280509,2280510,0,400650
100,2.14E+08,3.64E+06,2280512,2280514,0,430550
100,1.99E+08,3.62E+06,2280514,2280515,0,372500
100,2.17E+08,3.57E+06,2280517,2280517,0,439650
100,2.14E+08,3.56E+06,2280520,2280520,0,430550
100,2.14E+08,3.65E+06,2280521,2280522,0,430550
100,2.07E+08,3.55E+06,2280522,2280519,0,400750
100,2.14E+08,3.67E+06,2280527,2280526,0,430550
100,2.14E+08,3.64E+06,2280528,2280528,0,430550
100,2.17E+08,3.59E+06,2280533,2280533,0,439650
100,2.14E+08,3.55E+06,2280537,2280534,0,430550
100,2.07E+08,3.55E+06,2280539,2280539,0,400750
100,2.17E+08,3.54E+06,2280542,2280543,0,439650
100,2.14E+08,3.56E+06,2280545,2280544,0,430550
100,2.07E+08,3.56E+06,2280548,2280548,0,400750
100,2.02E+08,4.21E+06,2280553,2280548,0,385000
100,2.14E+08,3.55E+06,2280554,2280550,0,430550
100,2.07E+08,3.56E+06,2280555,2280551,0,400650
100,2.17E+08,3.66E+06,2280555,2280555,0,439650
100,2.02E+08,3.65E+06,2280557,2280558,0,384700
100,1.96E+08,3.61E+06,2280563,2280562,0,359600
100,1.99E+08,3.58E+06,2280566,2280566,0,369550
100,2.14E+08,3.57E+06,2280569,2280570,0,430550
100,2.07E+08,3.55E+06,2280571,2280562,0,400650
100,2.14E+08,3.65E+06,2280572,2280572,0,430550
100,2.14E+08,3.55E+06,2280573,2280573,0,430550
100,2.07E+08,3.54E+06,2280588,2280588,0,400650
100,2.17E+08,3.55E+06,2280590,2280592,0,439750
100,2.14E+08,3.63E+06,2280597,2280597,0,430550
100,2.07E+08,3.54E+06,2280600,2280599,0,400650
100,2.02E+08,3.55E+06,2280601,2280601,0,384700
100,2.14E+08,3.56E+06,2280604,2280604,0,430550
100,2.17E+08,3.76E+06,2280609,2280607,0,439650
100,2.14E+08,3.59E+06,2280611,2280611,0,430550
100,2.07E+08,3.55E+06,2280613,2280613,0,400750
100,2.17E+08,3.59E+06,2280615,2280615,0,439650
100,2.07E+08,3.54E+06,2280618,2280619,0,400750
100,2.07E+08,3.54E+06,2280619,2280619,0,400650
100,2.17E+08,3.57E+06,2280620,2280620,0,439650
100,2.14E+08,3.57E+06,2280634,2280627,0,430550
100,2.17E+08,3.54E+06,2280643,2280644,0,439650
100,2.07E+08,3.55E+06,2280647,2280644,0,400650
100,2.17E+08,3.62E+06,2280652,2280656,0,439650
100,2.14E+08,3.54E+06,2280653,2280653,0,430550
100,2.07E+08,3.57E+06,2280657,2280656,0,400650
100,2.07E+08,3.55E+06,2280658,2280654,0,400650
100,2.07E+08,3.65E+06,2280658,2280656,0,400650
100,2.07E+08,3.55E+06,2280661,2280662,0,400650
100,1.99E+08,3.72E+06,2280662,2280662,0,369550
100,2.17E+08,3.62E+06,2280662,2280661,0,439750
100,2.02E+08,3.60E+06,2280663,2280661,0,384700
100,2.02E+08,3.76E+06,2280665,2280666,0,385000
100,2.14E+08,3.54E+06,2280668,2280667,0,430550
100,2.14E+08,3.56E+06,2280669,2280665,0,430550
100,2.02E+08,3.62E+06,2280674,2280676,0,384700
100,2.17E+08,3.62E+06,2280677,2280680,0,439650
100,2.07E+08,3.54E+06,2280678,2280678,0,400750
100,2.14E+08,3.55E+06,2280678,2280677,0,430550
100,2.07E+08,3.56E+06,2280683,2280683,0,400750
100,2.17E+08,3.55E+06,2280686,2280686,0,439650
100,2.15E+08,3.72E+06,2280689,2280693,0,430550
100,2.17E+08,3.79E+06,2280689,2280687,0,439650
100,2.17E+08,3.57E+06,2280690,2280690,0,439650
100,2.14E+08,3.57E+06,2280692,2280693,0,430550
100,2.14E+08,3.57E+06,2280694,2280694,0,430550
100,2.17E+08,3.55E+06,2280700,2280699,0,439650
100,2.17E+08,3.56E+06,2280707,2280707,0,439750
100,2.07E+08,3.55E+06,2280711,2280711,0,400650
100,2.14E+08,3.60E+06,2280714,2280715,0,430550
100,1.99E+08,3.57E+06,2280719,2280719,0,372500
100,2.17E+08,3.54E+06,2280720,2280717,0,439650
100,2.07E+08,3.54E+06,2280729,2280729,0,400650
100,2.14E+08,3.60E+06,2280733,2280733,0,430550
100,2.07E+08,3.55E+06,2280735,2280736,0,400650
100,2.14E+08,3.56E+06,2280736,2280735,0,430550
100,2.14E+08,3.55E+06,2280742,2280738,0,430550
100,2.02E+08,3.63E+06,2280745,2280746,0,384700
100,2.14E+08,3.61E+06,2280750,2280750,0,430550
100,2.14E+08,3.58E+06,2280752,2280750,0,430550
100,2.07E+08,3.56E+06,2280756,2280756,0,400750
100,2.17E+08,3.67E+06,2280756,2280754,0,439750
100,2.17E+08,3.75E+06,2280758,2280753,0,438200
100,2.17E+08,3.54E+06,2280760,2280758,0,439650
100,2.07E+08,3.55E+06,2280762,2280763,0,400650
100,2.14E+08,3.57E+06,2280762,2280764,0,430550
100,2.14E+08,3.62E+06,2280765,2280765,0,430550
100,2.07E+08,3.76E+06,2280772,2280772,0,400750
100,2.17E+08,3.54E+06,2280776,2280776,0,439750
100,2.07E+08,3.58E+06,2280777,2280777,0,400750
100,2.17E+08,3.54E+06,2280778,2280777,0,439750
100,1.99E+08,3.60E+06,2280783,2280783,0,369550
100,2.14E+08,3.54E+06,2280784,2280784,0,430550
100,2.14E+08,3.61E+06,2280787,2280786,0,430550
100,2.17E+08,3.58E+06,2280789,2280788,0,439750
100,2.17E+08,3.59E+06,2280798,2280799,0,439650
100,2.14E+08,3.58E+06,2280801,2280798,0,430550
100,2.14E+08,3.55E+06,2280803,2280803,0,430550
100,2.17E+08,3.81E+06,2280805,2280805,0,438350
100,2.07E+08,3.55E+06,2280807,2280803,0,400650
100,2.07E+08,3.55E+06,2280813,2280813,0,400650
100,2.14E+08,3.56E+06,2280813,2280815,0,430550
100,1.99E+08,3.57E+06,2280822,2280824,0,372500
100,2.17E+08,3.56E+06,2280841,2280841,0,439650
100,2.07E+08,3.57E+06,2280843,2280843,0,400750
100,2.17E+08,3.60E+06,2280853,2280853,0,439650
100,2.07E+08,3.78E+06,2280855,2280855,0,400750
100,1.99E+08,3.56E+06,2280858,2280858,0,369550
100,2.07E+08,3.63E+06,2280860,2280858,0,399500
100,2.14E+08,3.60E+06,2280861,2280860,0,430550
100,1.99E+08,3.64E+06,2280862,2280862,0,372500
100,2.14E+08,3.56E+06,2280862,2280861,0,430550
100,2.07E+08,3.83E+06,2280866,2280858,0,400750
100,2.14E+08,3.66E+06,2280875,2280875,0,430550
100,2.14E+08,3.57E+06,2280880,2280880,0,430550
100,2.17E+08,3.56E+06,2280880,2280881,0,439650
100,2.14E+08,3.89E+06,2280882,2280885,0,430550
100,2.17E+08,3.55E+06,2280884,2280885,0,439650
100,2.14E+08,3.61E+06,2280894,2280894,0,430550
100,2.07E+08,3.56E+06,2280899,2280899,0,400750
100,1.99E+08,3.64E+06,2280903,2280905,0,372500
100,2.07E+08,3.55E+06,2280903,2280900,0,400650
100,2.07E+08,3.55E+06,2280906,2280904,0,400650
100,1.99E+08,3.60E+06,2280909,2280910,0,372500
100,2.07E+08,3.55E+06,2280909,2280911,0,400750
100,2.14E+08,3.55E+06,2280911,2280911,0,430550
100,2.14E+08,3.61E+06,2280911,2280911,0,430550
100,1.96E+08,4.05E+06,2280915,2280915,0,359800
100,1.99E+08,3.64E+06,2280922,2280922,0,369550
100,2.02E+08,3.54E+06,2280926,2280925,0,384700
100,2.07E+08,3.54E+06,2280926,2280926,0,400650
100,1.99E+08,3.61E+06,2280928,2280927,0,372500
100,2.14E+08,3.57E+06,2280931,2280931,0,430550
100,2.14E+08,3.54E+06,2280938,2280931,0,430550
100,2.17E+08,3.58E+06,2280944,2280944,0,439650
100,2.07E+08,3.56E+06,2280945,2280945,0,400750
100,2.07E+08,3.54E+06,2280945,2280938,0,400750
100,2.14E+08,3.55E+06,2280945,2280948,0,430550
100,2.17E+08,3.62E+06,2280952,2280953,0,439750
100,2.02E+08,3.57E+06,2280953,2280953,0,384700
100,2.07E+08,3.54E+06,2280955,2280955,0,400650
100,2.14E+08,3.54E+06,2280963,2280963,0,430550
100,2.14E+08,3.55E+06,2280966,2280966,0,430550
100,2.07E+08,3.54E+06,2280968,2280966,0,400650
100,2.07E+08,3.54E+06,2280970,2280970,0,400650
100,2.17E+08,3.59E+06,2280972,2280973,0,439650
100,2.02E+08,3.58E+06,2280973,2280973,0,384700
100,2.14E+08,3.58E+06,2280974,2280974,0,430550
100,2.07E+08,3.54E+06,2280979,2280984,0,400650
100,2.14E+08,3.55E+06,2280980,2280980,0,430550
100,2.17E+08,3.63E+06,2280990,2280991,0,439650
100,2.14E+08,3.61E+06,2280995,2280992,0,430550
100,2.02E+08,3.54E+06,2280998,2280998,0,384700
100,2.17E+08,3.57E+06,2281002,2281004,0,439650
100,2.14E+08,3.55E+06,2281004,2281006,0,430550
100,2.17E+08,3.54E+06,2281004,2281004,0,439650
100,2.07E+08,3.54E+06,2281016,2281016,0,400650
100,2.02E+08,3.58E+06,2281018,2281019,0,384300
100,2.14E+08,3.57E+06,2281019,2281019,0,430550
100,2.14E+08,3.55E+06,2281024,2281023,0,430550
100,2.14E+08,3.66E+06,2281028,2281023,0,430550
100,2.14E+08,3.60E+06,2281030,2281028,0,430550
100,2.14E+08,3.54E+06,2281031,2281029,0,430550
100,2.17E+08,3.62E+06,2281033,2281033,0,439650
100,2.14E+08,3.55E+06,2281034,2281034,0,430550
100,1.99E+08,3.61E+06,2281036,2281035,0,369550
100,2.17E+08,3.56E+06,2281036,2281036,0,439650
100,2.17E+08,3.54E+06,2281036,2281040,0,439650
100,1.99E+08,3.58E+06,2281039,2281035,0,372500
100,2.02E+08,3.72E+06,2281043,2281042,0,385150
100,2.14E+08,3.57E+06,2281045,2281045,0,430550
100,2.07E+08,3.57E+06,2281049,2281049,0,400650
100,2.07E+08,3.60E+06,2281051,2281051,0,400750
100,2.14E+08,3.58E+06,2281055,2281055,0,430550
100,2.17E+08,3.63E+06,2281055,2281055,0,439650
100,2.07E+08,3.57E+06,2281063,2281063,0,399500
100,1.99E+08,3.67E+06,2281067,2281067,0,372500
100,2.14E+08,3.55E+06,2281074,2281075,0,430550
100,2.17E+08,3.70E+06,2281079,2281079,0,439650
100,2.14E+08,3.55E+06,2281080,2281079,0,430550
100,2.17E+08,3.55E+06,2281083,2281082,0,439650
100,2.07E+08,3.57E+06,2281085,2281087,0,400650
100,2.14E+08,3.54E+06,2281086,2281084,0,430550
100,2.14E+08,3.74E+06,2281088,2281088,0,430550
100,2.17E+08,3.56E+06,2281092,2281091,0,439650
100,2.14E+08,3.55E+06,2281094,2281094,0,430550
100,2.17E+08,3.58E+06,2281101,2281101,0,439650
100,1.99E+08,3.68E+06,2281114,2281111,0,369550
100,2.17E+08,3.55E+06,2281115,2281113,0,439650
100,1.99E+08,3.60E+06,2281120,2281121,0,369550
100,1.99E+08,3.60E+06,2281120,2281119,0,372500
100,2.07E+08,3.55E+06,2281121,2281123,0,400650
100,2.17E+08,3.55E+06,2281126,2281126,0,439650
100,1.99E+08,3.56E+06,2281128,2281131,0,369550
100,2.14E+08,3.54E+06,2281131,2281132,0,430550
100,2.07E+08,3.64E+06,2281135,2281135,0,399500
100,2.14E+08,3.55E+06,2281138,2281139,0,430550
100,2.17E+08,3.67E+06,2281145,2281144,0,439750
100,2.14E+08,3.56E+06,2281148,2281148,0,430550
100,2.17E+08,3.65E+06,2281148,2281147,0,439650
100,2.14E+08,3.60E+06,2281150,2281149,0,430550
100,2.04E+08,3.87E+06,2281151,2281151,0,390400
100,2.02E+08,3.63E+06,2281158,2281158,0,384700
100,2.14E+08,3.54E+06,2281161,2281160,0,430550
100,2.17E+08,3.65E+06,2281163,2281164,0,439650
100,2.07E+08,3.56E+06,2281165,2281164,0,400750
100,2.17E+08,3.54E+06,2281173,2281169,0,439650
100,2.07E+08,3.60E+06,2281178,2281177,0,400650
100,2.02E+08,3.60E+06,2281180,2281180,0,384700
100,1.99E+08,3.57E+06,2281182,2281182,0,372500
100,2.02E+08,3.73E+06,2281184,2281183,0,384700
100,2.17E+08,3.56E+06,2281190,2281189,0,439650
100,2.04E+08,4.00E+06,2281194,2281193,0,389350
100,2.14E+08,3.58E+06,2281195,2281195,0,430550
100,2.02E+08,3.62E+06,2281198,2281199,0,384700
100,2.14E+08,3.56E+06,2281198,2281198,0,430550
100,2.02E+08,3.83E+06,2281199,2281197,0,384700
100,2.14E+08,3.55E+06,2281200,2281198,0,430550
100,2.07E+08,3.56E+06,2281202,2281201,0,400650
100,2.14E+08,3.56E+06,2281202,2281200,0,430550
100,2.14E+08,3.54E+06,2281203,2281203,0,430550
100,2.17E+08,3.61E+06,2281204,2281204,0,439650
100,2.14E+08,3.76E+06,2281206,2281206,0,430550
100,2.14E+08,3.64E+06,2281207,2281207,0,430550
100,2.07E+08,3.57E+06,2281209,2281206,0,400650
100,2.14E+08,3.54E+06,2281211,2281211,0,430550
100,2.14E+08,3.54E+06,2281215,2281213,0,430550
100,2.17E+08,3.54E+06,2281215,2281215,0,439650
100,2.14E+08,3.84E+06,2281218,2281218,0,430550
100,2.14E+08,3.63E+06,2281222,2281222,0,430550
100,2.14E+08,3.54E+06,2281223,2281223,0,430550
100,2.17E+08,3.57E+06,2281223,2281225,0,439650
100,2.14E+08,3.58E+06,2281237,2281237,0,430550
100,2.14E+08,3.55E+06,2281237,2281237,0,430550
100,2.07E+08,3.55E+06,2281248,2281248,0,400750
100,2.04E+08,3.76E+06,2281252,2281251,0,388450
100,2.07E+08,3.55E+06,2281253,2281253,0,400650
100,2.01E+08,3.82E+06,2281254,2281254,0,381500
100,1.99E+08,4.08E+06,2281255,2281255,0,371700
100,2.14E+08,3.55E+06,2281255,2281255,0,430550
100,1.99E+08,3.62E+06,2281258,2281256,0,372500
100,2.14E+08,3.54E+06,2281261,2281264,0,430550
100,2.14E+08,3.59E+06,2281263,2281264,0,430550
100,2.17E+08,3.62E+06,2281264,2281262,0,439650
100,2.17E+08,3.69E+06,2281268,2281268,0,439650
100,2.07E+08,3.56E+06,2281270,2281269,0,400750
100,1.99E+08,3.75E+06,2281272,2281272,0,369450
100,2.02E+08,3.82E+06,2281276,2281276,0,385000
100,2.07E+08,3.54E+06,2281280,2281280,0,400750
100,1.99E+08,3.56E+06,2281285,2281284,0,372500
100,1.99E+08,3.62E+06,2281286,2281286,0,369550
100,2.14E+08,3.55E+06,2281287,2281282,0,430550
100,2.17E+08,3.56E+06,2281290,2281285,0,439650
100,2.17E+08,3.55E+06,2281291,2281291,0,439750
100,2.14E+08,3.55E+06,2281293,2281293,0,430550
100,2.07E+08,3.61E+06,2281296,2281294,0,400650
100,2.17E+08,3.57E+06,2281300,2281300,0,438200
100,1.99E+08,3.60E+06,2281303,2281304,0,369550
100,2.14E+08,3.60E+06,2281304,2281304,0,430550
100,2.14E+08,3.54E+06,2281305,2281304,0,430550
100,1.99E+08,3.63E+06,2281306,2281306,0,369550
100,2.07E+08,3.58E+06,2281306,2281309,0,400650
100,2.17E+08,3.66E+06,2281311,2281310,0,439650
100,2.02E+08,3.58E+06,2281313,2281313,0,384700
100,2.17E+08,3.57E+06,2281313,2281319,0,439650
100,2.17E+08,3.55E+06,2281313,2281313,0,439750
100,2.07E+08,3.54E+06,2281315,2281314,0,400650
100,2.07E+08,3.56E+06,2281315,2281315,0,400750
100,1.99E+08,3.57E+06,2281325,2281325,0,372500
100,2.02E+08,3.60E+06,2281325,2281325,0,384700
100,1.99E+08,3.61E+06,2281327,2281327,0,369550
100,2.17E+08,3.55E+06,2281327,2281327,0,439650
100,1.99E+08,4.02E+06,2281331,2281337,0,372500
100,2.04E+08,4.02E+06,2281331,2281330,0,389250
100,2.07E+08,3.65E+06,2281331,2281331,0,400750
100,2.17E+08,3.75E+06,2281335,2281334,0,439750
100,2.07E+08,3.54E+06,2281336,2281336,0,400750
100,2.14E+08,3.57E+06,2281339,2281339,0,430550
100,2.07E+08,3.57E+06,2281347,2281347,0,400750
100,2.17E+08,3.55E+06,2281352,2281351,0,439650
100,2.02E+08,3.58E+06,2281353,2281353,0,384300
100,2.14E+08,3.55E+06,2281354,2281354,0,430550
100,1.99E+08,3.66E+06,2281356,2281356,0,372500
100,2.17E+08,3.58E+06,2281356,2281356,0,439750
100,2.14E+08,3.57E+06,2281369,2281368,0,430550
100,1.99E+08,3.66E+06,2281370,2281369,0,372500
100,2.14E+08,3.60E+06,2281375,2281373,0,430550
100,2.14E+08,3.55E+06,2281384,2281384,0,430550
100,2.14E+08,3.54E+06,2281387,2281389,0,430550
100,2.14E+08,3.56E+06,2281390,2281388,0,430550
100,2.07E+08,3.57E+06,2281393,2281393,0,400650
100,2.17E+08,3.55E+06,2281395,2281394,0,439750
100,2.14E+08,3.71E+06,2281396,2281395,0,430550
100,1.96E+08,3.77E+06,2281399,2281397,0,359600
100,2.17E+08,3.57E+06,2281403,2281403,0,439650
100,2.17E+08,3.54E+06,2281404,2281405,0,439650
100,2.07E+08,3.55E+06,2281406,2281408,0,400650
100,2.17E+08,3.55E+06,2281411,2281410,0,439650
100,2.14E+08,3.54E+06,2281427,2281426,0,430550
100,1.99E+08,3.59E+06,2281428,2281428,0,372500
100,1.99E+08,3.63E+06,2281431,2281431,0,372500
100,2.17E+08,3.68E+06,2281436,2281439,0,439650
100,2.07E+08,3.54E+06,2281438,2281438,0,400750
100,2.14E+08,3.54E+06,2281439,2281439,0,430550
100,2.17E+08,3.54E+06,2281442,2281443,0,439650
100,2.17E+08,3.57E+06,2281445,2281445,0,439750
100,1.99E+08,3.78E+06,2281446,2281447,0,369550
100,2.07E+08,3.54E+06,2281446,2281445,0,400750
100,2.02E+08,3.55E+06,2281461,2281464,0,384700
100,2.17E+08,3.54E+06,2281464,2281464,0,439650
100,2.15E+08,3.92E+06,2281466,2281465,0,431200
100,2.07E+08,3.57E+06,2281467,2281466,0,399500
100,2.17E+08,3.58E+06,2281467,2281467,0,439650
100,2.02E+08,3.71E+06,2281476,2281476,0,384700
100,2.14E+08,3.55E+06,2281476,2281476,0,430550
100,2.02E+08,3.58E+06,2281478,2281478,0,384300
100,2.02E+08,3.58E+06,2281482,2281482,0,384700
100,2.14E+08,3.60E+06,2281482,2281480,0,430550
100,2.14E+08,3.54E+06,2281484,2281484,0,430550
100,2.17E+08,3.61E+06,2281487,2281489,0,439650
100,2.07E+08,3.57E+06,2281492,2281492,0,400750
100,2.17E+08,3.61E+06,2281496,2281495,0,438200
100,2.07E+08,3.72E+06,2281497,2281498,0,399500
100,2.14E+08,3.55E+06,2281500,2281499,0,430550
100,2.14E+08,3.59E+06,2281502,2281502,0,430550
100,2.14E+08,3.55E+06,2281503,2281503,0,430550
100,2.02E+08,3.63E+06,2281504,2281505,0,384700
100,2.17E+08,3.55E+06,2281514,2281518,0,439650
100,2.07E+08,3.55E+06,2281519,2281519,0,400750
100,2.14E+08,3.62E+06,2281521,2281520,0,430550
100,2.07E+08,3.59E+06,2281530,2281527,0,400650
100,2.17E+08,3.57E+06,2281538,2281539,0,439750
100,2.03E+08,3.70E+06,2281547,2281547,0,387100
100,2.14E+08,3.57E+06,2281551,2281551,0,430550
100,2.07E+08,3.55E+06,2281554,2281551,0,400650
100,1.99E+08,3.55E+06,2281561,2281561,0,372500
100,2.17E+08,3.68E+06,2281564,2281562,0,439650
100,1.99E+08,3.58E+06,2281565,2281565,0,372500
100,2.07E+08,3.59E+06,2281568,2281568,0,400750
100,1.99E+08,3.55E+06,2281569,2281569,0,372500
100,2.17E+08,3.58E+06,2281570,2281569,0,439650
100,2.07E+08,3.66E+06,2281582,2281579,0,400650
100,2.14E+08,3.55E+06,2281586,2281585,0,430550
100,2.17E+08,3.64E+06,2281586,2281583,0,439750
100,2.17E+08,3.63E+06,2281589,2281590,0,439650
100,2.07E+08,3.58E+06,2281590,2281587,0,400750
100,2.17E+08,3.55E+06,2281592,2281593,0,439650
100,2.14E+08,3.54E+06,2281597,2281597,0,430550
100,2.14E+08,3.55E+06,2281602,2281601,0,430550
100,2.14E+08,3.57E+06,2281608,2281608,0,430550
100,1.99E+08,3.54E+06,2281609,2281609,0,369550
100,2.17E+08,3.55E+06,2281614,2281611,0,439650
100,2.14E+08,3.71E+06,2281615,2281615,0,430550
100,2.14E+08,3.54E+06,2281618,2281617,0,430550
100,2.14E+08,3.55E+06,2281624,2281626,0,430550
100,2.14E+08,3.57E+06,2281635,2281635,0,430550
100,2.14E+08,3.58E+06,2281645,2281641,0,430550
100,2.17E+08,3.55E+06,2281646,2281647,0,439750
100,1.99E+08,3.61E+06,2281649,2281650,0,372500
100,2.14E+08,3.55E+06,2281650,2281650,0,430550
100,2.17E+08,3.54E+06,2281650,2281646,0,439650
100,1.99E+08,3.63E+06,2281652,2281655,0,369550
100,2.17E+08,3.58E+06,2281653,2281649,0,439650
100,2.07E+08,3.57E+06,2281661,2281667,0,400750
100,2.17E+08,3.70E+06,2281661,2281661,0,439650
100,2.02E+08,3.70E+06,2281662,2281662,0,384700
100,2.14E+08,3.58E+06,2281667,2281667,0,430550
100,2.17E+08,3.64E+06,2281668,2281668,0,439650
100,2.07E+08,3.57E+06,2281673,2281671,0,400650
100,2.02E+08,3.67E+06,2281683,2281683,0,384700
100,2.07E+08,3.56E+06,2281695,2281695,0,400650
100,2.07E+08,3.56E+06,2281696,2281697,0,400650
100,2.14E+08,3.56E+06,2281696,2281696,0,430550
100,2.02E+08,3.58E+06,2281697,2281697,0,384300
100,2.07E+08,3.55E+06,2281701,2281703,0,400750
100,1.99E+08,3.56E+06,2281703,2281703,0,372500
100,2.14E+08,3.58E+06,2281705,2281703,0,430550
100,2.07E+08,3.56E+06,2281707,2281705,0,400750
100,2.14E+08,3.57E+06,2281711,2281711,0,430550
100,2.14E+08,3.55E+06,2281712,2281711,0,430550
100,2.17E+08,3.55E+06,2281716,2281716,0,439650
100,2.07E+08,3.60E+06,2281718,2281719,0,400750
100,2.14E+08,3.58E+06,2281720,2281720,0,430550
100,2.14E+08,3.55E+06,2281721,2281721,0,430550
100,1.99E+08,3.68E+06,2281733,2281733,0,372500
100,2.14E+08,3.71E+06,2281733,2281733,0,430550
100,2.14E+08,3.56E+06,2281734,2281730,0,430550
100,2.17E+08,3.61E+06,2281736,2281736,0,438200
100,2.17E+08,3.58E+06,2281740,2281736,0,439650
100,2.07E+08,3.54E+06,2281741,2281741,0,400650
100,2.14E+08,3.63E+06,2281752,2281752,0,430550
100,2.17E+08,3.57E+06,2281752,2281752,0,439650
100,2.17E+08,3.58E+06,2281752,2281752,0,439650
100,1.99E+08,3.57E+06,2281756,2281753,0,372500
100,2.17E+08,3.55E+06,2281758,2281757,0,439650
100,2.02E+08,3.65E+06,2281759,2281759,0,384700
100,2.02E+08,3.59E+06,2281764,2281764,0,384700
100,2.14E+08,3.61E+06,2281768,2281768,0,430550
100,1.99E+08,3.55E+06,2281769,2281766,0,369550
100,2.07E+08,3.58E+06,2281777,2281775,0,400750
100,2.17E+08,3.80E+06,2281780,2281780,0,439750
100,1.99E+08,3.88E+06,2281782,2281782,0,369550
100,2.02E+08,3.71E+06,2281784,2281784,0,384700
100,2.17E+08,3.62E+06,2281784,2281784,0,439650
100,2.02E+08,3.61E+06,2281785,2281786,0,384700
100,2.14E+08,3.56E+06,2281786,2281784,0,430550
100,2.17E+08,3.59E+06,2281786,2281787,0,439750
100,2.07E+08,3.62E+06,2281788,2281788,0,400750
100,2.07E+08,3.57E+06,2281791,2281790,0,400750
100,2.14E+08,3.64E+06,2281791,2281791,0,430550
100,2.07E+08,3.61E+06,2281797,2281797,0,400750
100,2.17E+08,3.55E+06,2281800,2281799,0,439650
100,2.17E+08,3.61E+06,2281804,2281804,0,439650
100,2.02E+08,3.60E+06,2281807,2281807,0,384700
100,2.02E+08,3.62E+06,2281808,2281807,0,384700
100,2.17E+08,3.54E+06,2281810,2281807,0,439650
100,2.14E+08,3.59E+06,2281816,2281818,0,430550
100,2.14E+08,3.73E+06,2281823,2281821,0,430550
100,1.99E+08,3.62E+06,2281828,2281828,0,369550
100,2.07E+08,3.55E+06,2281828,2281831,0,400650
100,2.02E+08,3.67E+06,2281830,2281830,0,384700
100,2.17E+08,3.56E+06,2281835,2281834,0,439750
100,2.02E+08,3.80E+06,2281836,2281835,0,384700
100,2.17E+08,3.54E+06,2281843,2281842,0,439750
100,2.14E+08,3.56E+06,2281844,2281845,0,430550
100,2.17E+08,3.54E+06,2281847,2281844,0,439650
100,2.02E+08,3.63E+06,2281854,2281854,0,384700
100,2.02E+08,3.56E+06,2281861,2281861,0,384700
100,2.17E+08,3.56E+06,2281863,2281863,0,439650
100,2.14E+08,3.55E+06,2281866,2281866,0,430550
100,2.17E+08,3.75E+06,2281869,2281871,0,438200
100,2.17E+08,3.58E+06,2281873,2281874,0,438200
100,2.14E+08,3.64E+06,2281875,2281878,0,430550
100,2.17E+08,3.55E+06,2281877,2281878,0,439650
100,2.07E+08,3.55E+06,2281878,2281877,0,400650
100,2.02E+08,3.60E+06,2281883,2281883,0,384700
100,2.14E+08,3.56E+06,2281885,2281886,0,430550
100,2.17E+08,3.64E+06,2281888,2281890,0,439650
100,2.14E+08,3.74E+06,2281896,2281895,0,430550
100,1.99E+08,3.55E+06,2281903,2281902,0,372500
100,2.07E+08,3.57E+06,2281903,2281903,0,400650
100,1.99E+08,3.58E+06,2281910,2281913,0,369550
100,2.07E+08,3.56E+06,2281912,2281912,0,400650
100,2.14E+08,3.54E+06,2281919,2281914,0,430550
100,2.02E+08,3.58E+06,2281920,2281920,0,384700
100,2.14E+08,3.55E+06,2281921,2281918,0,430550
100,2.17E+08,3.54E+06,2281922,2281922,0,439650
100,2.07E+08,3.55E+06,2281924,2281924,0,400750
100,2.07E+08,3.85E+06,2281926,2281923,0,399500
100,2.17E+08,3.54E+06,2281926,2281926,0,439650
100,2.14E+08,3.60E+06,2281929,2281930,0,430550
100,2.14E+08,3.54E+06,2281931,2281931,0,430550
100,2.07E+08,3.56E+06,2281940,2281940,0,400650
100,1.99E+08,3.59E+06,2281946,2281946,0,372500
100,2.07E+08,3.56E+06,2281946,2281947,0,400650
100,2.17E+08,3.55E+06,2281948,2281950,0,439650
100,2.01E+08,3.68E+06,2281954,2281954,0,382000
100,2.02E+08,3.58E+06,2281962,2281958,0,384700
100,2.14E+08,3.55E+06,2281964,2281965,0,430550
100,2.07E+08,3.55E+06,2281967,2281967,0,400650
100,2.14E+08,3.88E+06,2281970,2281970,0,430550
100,2.14E+08,3.57E+06,2281970,2281969,0,430550
100,2.17E+08,3.61E+06,2281976,2281976,0,439650
100,2.17E+08,3.56E+06,2281977,2281979,0,439650
100,2.14E+08,3.69E+06,2281979,2281978,0,430550
100,2.17E+08,3.55E+06,2281983,2281984,0,439750
100,2.13E+08,3.93E+06,2281985,2281985,0,426450
100,2.14E+08,3.55E+06,2281985,2281984,0,430550
100,1.98E+08,3.73E+06,2281990,2281988,0,367050
100,2.07E+08,3.55E+06,2281991,2281990,0,400650
100,2.14E+08,3.54E+06,2281999,2282000,0,430550
100,2.17E+08,3.62E+06,2282000,2282001,0,439650
100,2.07E+08,3.58E+06,2282005,2282005,0,400750
100,2.17E+08,3.59E+06,2282008,2282008,0,439750
100,2.17E+08,3.64E+06,2282010,2282010,0,439650
100,2.17E+08,3.57E+06,2282012,2282014,0,439650
100,2.17E+08,3.55E+06,2282013,2282013,0,439750
100,2.17E+08,3.55E+06,2282015,2282016,0,439650
100,2.07E+08,3.55E+06,2282018,2282018,0,400750
100,2.17E+08,3.57E+06,2282018,2282013,0,439650
100,2.07E+08,3.58E+06,2282020,2282020,0,400750
100,2.17E+08,3.54E+06,2282024,2282024,0,439650
100,1.99E+08,3.56E+06,2282029,2282029,0,369550
100,2.14E+08,3.64E+06,2282032,2282032,0,430550
100,2.14E+08,3.59E+06,2282040,2282040,0,430550
100,2.14E+08,3.57E+06,2282043,2282043,0,430550
100,2.14E+08,3.57E+06,2282044,2282044,0,430550
100,2.02E+08,3.54E+06,2282046,2282042,0,384700
100,2.14E+08,3.58E+06,2282049,2282048,0,430550
100,2.17E+08,3.54E+06,2282049,2282050,0,439650
100,2.07E+08,3.54E+06,2282053,2282052,0,400650
100,2.07E+08,3.55E+06,2282055,2282055,0,400650
100,2.07E+08,3.54E+06,2282055,2282056,0,400750
100,2.14E+08,3.61E+06,2282055,2282055,0,430550
100,2.07E+08,3.54E+06,2282059,2282059,0,400750
100,2.17E+08,3.61E+06,2282066,2282066,0,439650
100,2.14E+08,3.55E+06,2282067,2282068,0,430550
100,2.14E+08,3.57E+06,2282073,2282067,0,430550
100,2.14E+08,3.64E+06,2282077,2282075,0,430550
100,2.17E+08,3.56E+06,2282079,2282079,0,439650
100,2.02E+08,3.58E+06,2282082,2282082,0,384700
100,2.02E+08,3.57E+06,2282083,2282085,0,384700
100,1.99E+08,3.66E+06,2282086,2282085,0,372500
100,1.99E+08,3.61E+06,2282090,2282089,0,372500
100,2.04E+08,3.71E+06,2282090,2282089,0,389250
100,1.99E+08,3.75E+06,2282093,2282096,0,371500
100,1.99E+08,3.57E+06,2282096,2282098,0,372500
100,2.07E+08,3.55E+06,2282107,2282106,0,400750
100,1.99E+08,3.62E+06,2282108,2282108,0,372500
100,2.02E+08,3.95E+06,2282111,2282113,0,384700
100,2.17E+08,3.57E+06,2282114,2282115,0,439650
100,2.07E+08,3.60E+06,2282117,2282117,0,400650
100,1.99E+08,3.56E+06,2282120,2282120,0,372500
100,2.17E+08,3.60E+06,2282120,2282120,0,439650
100,2.17E+08,3.54E+06,2282122,2282122,0,439750
100,2.14E+08,3.57E+06,2282126,2282125,0,430550
100,2.17E+08,3.63E+06,2282126,2282127,0,439650
100,2.14E+08,3.56E+06,2282132,2282133,0,430550
100,2.02E+08,3.73E+06,2282136,2282136,0,384700
100,2.07E+08,3.58E+06,2282138,2282137,0,400650
100,2.14E+08,3.55E+06,2282140,2282141,0,430550
100,2.07E+08,3.60E+06,2282144,2282144,0,400650
100,2.17E+08,3.80E+06,2282153,2282152,0,439650
100,2.07E+08,3.54E+06,2282160,2282161,0,400750
100,2.02E+08,3.67E+06,2282174,2282174,0,384700
100,1.98E+08,3.59E+06,2282175,2282177,0,367450
100,2.14E+08,3.64E+06,2282182,2282178,0,430550
100,1.99E+08,3.58E+06,2282185,2282180,0,372500
100,2.14E+08,3.54E+06,2282191,2282191,0,430550
100,2.02E+08,3.64E+06,2282192,2282192,0,384700
100,2.04E+08,3.66E+06,2282192,2282193,0,388450
100,2.02E+08,3.61E+06,2282196,2282197,0,384300
100,2.02E+08,3.60E+06,2282198,2282199,0,384700
100,2.17E+08,3.61E+06,2282203,2282203,0,439650
100,1.99E+08,3.64E+06,2282220,2282220,0,372500
100,2.14E+08,3.58E+06,2282223,2282221,0,430550
100,2.14E+08,3.66E+06,2282224,2282225,0,430550
100,2.07E+08,3.54E+06,2282228,2282228,0,400750
100,2.07E+08,3.55E+06,2282231,2282226,0,400650
100,2.14E+08,3.55E+06,2282237,2282237,0,430550
100,2.07E+08,3.56E+06,2282239,2282236,0,400650
100,2.07E+08,3.56E+06,2282241,2282241,0,400750
100,2.17E+08,3.56E+06,2282246,2282246,0,439750
100,2.02E+08,3.58E+06,2282253,2282252,0,384700
100,2.17E+08,3.54E+06,2282253,2282255,0,439750
100,1.99E+08,3.87E+06,2282259,2282259,0,369550
100,1.99E+08,3.56E+06,2282264,2282264,0,372500
100,2.14E+08,3.55E+06,2282264,2282264,0,430550
100,2.07E+08,3.54E+06,2282271,2282271,0,400650
100,2.02E+08,4.07E+06,2282276,2282276,0,385000
100,2.17E+08,3.60E+06,2282279,2282279,0,438200
100,2.17E+08,3.65E+06,2282285,2282285,0,439650
100,2.14E+08,3.55E+06,2282292,2282292,0,430550
100,2.14E+08,3.57E+06,2282297,2282297,0,430550
100,2.07E+08,3.55E+06,2282298,2282297,0,400750
100,2.14E+08,3.54E+06,2282305,2282305,0,430550
100,2.07E+08,3.55E+06,2282309,2282308,0,400750
100,2.02E+08,3.54E+06,2282310,2282309,0,384300
100,2.02E+08,3.55E+06,2282316,2282317,0,384700
100,2.14E+08,3.55E+06,2282322,2282322,0,430550
100,2.07E+08,3.55E+06,2282325,2282325,0,400750
100,2.14E+08,3.56E+06,2282325,2282322,0,430550
100,1.99E+08,3.72E+06,2282326,2282326,0,369550
100,2.14E+08,3.64E+06,2282328,2282327,0,430550
100,1.99E+08,3.54E+06,2282337,2282335,0,372500
100,2.15E+08,3.76E+06,2282338,2282338,0,430550
100,2.14E+08,3.60E+06,2282339,2282335,0,430550
100,2.07E+08,3.56E+06,2282344,2282344,0,400750
100,2.14E+08,3.56E+06,2282346,2282346,0,430550
100,2.13E+08,3.82E+06,2282350,2282351,0,426450
100,1.99E+08,3.59E+06,2282353,2282345,0,369550
100,1.99E+08,3.58E+06,2282353,2282352,0,372500
100,2.02E+08,3.55E+06,2282354,2282355,0,384700
100,2.01E+08,3.65E+06,2282360,2282360,0,382200
100,2.14E+08,3.63E+06,2282376,2282374,0,430550
100,2.07E+08,3.61E+06,2282382,2282383,0,400650
100,2.17E+08,3.56E+06,2282384,2282381,0,439650
100,2.04E+08,3.97E+06,2282386,2282385,0,389250
100,2.14E+08,3.54E+06,2282387,2282386,0,430550
100,2.17E+08,3.55E+06,2282388,2282387,0,439650
100,2.07E+08,3.55E+06,2282391,2282392,0,400650
100,2.02E+08,3.64E+06,2282404,2282404,0,384700
100,2.07E+08,3.54E+06,2282405,2282405,0,400650
100,2.02E+08,3.62E+06,2282406,2282406,0,384700
100,2.14E+08,3.55E+06,2282410,2282411,0,430550
100,2.17E+08,3.56E+06,2282413,2282413,0,439750
100,2.14E+08,3.54E+06,2282418,2282418,0,430550
100,2.14E+08,3.55E+06,2282420,2282423,0,430550
100,1.99E+08,3.57E+06,2282421,2282421,0,372500
100,2.02E+08,3.66E+06,2282422,2282422,0,384700
100,1.99E+08,3.62E+06,2282426,2282426,0,372500
100,2.14E+08,3.59E+06,2282431,2282431,0,430550
100,1.99E+08,3.56E+06,2282432,2282432,0,369550
100,1.98E+08,3.66E+06,2282437,2282435,0,367450
100,2.14E+08,3.61E+06,2282440,2282440,0,430550
100,2.07E+08,3.56E+06,2282443,2282440,0,400750
100,2.07E+08,3.54E+06,2282444,2282444,0,400750
100,2.17E+08,3.57E+06,2282445,2282445,0,439650
100,2.07E+08,3.54E+06,2282450,2282450,0,400650
100,2.14E+08,3.57E+06,2282455,2282456,0,430550
100,2.14E+08,3.54E+06,2282462,2282463,0,430550
100,1.99E+08,3.59E+06,2282464,2282467,0,372500
100,2.07E+08,3.77E+06,2282464,2282464,0,399900
100,2.17E+08,3.63E+06,2282470,2282468,0,439650
100,2.07E+08,3.54E+06,2282471,2282469,0,400650
100,2.17E+08,3.59E+06,2282489,2282490,0,439650
100,2.14E+08,3.58E+06,2282492,2282491,0,430550
100,2.14E+08,3.55E+06,2282492,2282490,0,430550
100,1.99E+08,3.59E+06,2282500,2282500,0,372500
100,2.17E+08,3.55E+06,2282500,2282500,0,439650
100,2.17E+08,3.54E+06,2282503,2282503,0,439750
100,2.14E+08,3.55E+06,2282507,2282506,0,430550
100,1.99E+08,3.60E+06,2282508,2282508,0,372500
100,2.17E+08,3.55E+06,2282509,2282509,0,439650
100,2.17E+08,3.61E+06,2282518,2282517,0,439650
100,2.14E+08,3.58E+06,2282520,2282520,0,430550
100,2.17E+08,3.58E+06,2282528,2282528,0,439650
100,2.07E+08,3.56E+06,2282531,2282528,0,400650
100,2.14E+08,3.60E+06,2282532,2282531,0,430550
100,2.14E+08,3.57E+06,2282533,2282534,0,430550
100,2.02E+08,3.56E+06,2282539,2282540,0,384700
100,2.17E+08,3.57E+06,2282540,2282535,0,439650
100,2.14E+08,3.57E+06,2282544,2282545,0,430550
100,2.17E+08,3.55E+06,2282544,2282542,0,439750
100,2.14E+08,3.55E+06,2282548,2282550,0,430550
100,2.07E+08,3.54E+06,2282551,2282550,0,400650
100,2.17E+08,3.56E+06,2282553,2282553,0,439650
100,2.02E+08,3.56E+06,2282554,2282553,0,384300
100,2.14E+08,3.88E+06,2282555,2282555,0,430550
100,2.17E+08,3.55E+06,2282555,2282554,0,439750
100,2.07E+08,3.56E+06,2282557,2282557,0,400650
100,2.17E+08,3.79E+06,2282564,2282562,0,439650
100,2.07E+08,3.54E+06,2282569,2282568,0,400650
100,2.07E+08,3.60E+06,2282574,2282572,0,400750
100,2.14E+08,3.58E+06,2282576,2282576,0,430550
100,2.17E+08,3.54E+06,2282576,2282573,0,439650
100,2.17E+08,3.54E+06,2282585,2282585,0,439650
100,2.07E+08,3.59E+06,2282587,2282587,0,400650
100,2.02E+08,3.62E+06,2282590,2282590,0,384700
100,1.99E+08,3.60E+06,2282607,2282607,0,372500
100,2.14E+08,3.54E+06,2282609,2282609,0,430550
100,2.07E+08,3.56E+06,2282615,2282615,0,400650
100,2.07E+08,3.55E+06,2282621,2282622,0,400750
100,2.07E+08,3.56E+06,2282623,2282623,0,400650
100,2.07E+08,3.56E+06,2282627,2282626,0,400650
100,2.07E+08,3.54E+06,2282628,2282628,0,400650
100,2.14E+08,3.57E+06,2282628,2282624,0,430550
100,2.14E+08,3.55E+06,2282629,2282630,0,430550
100,2.03E+08,3.63E+06,2282633,2282633,0,387900
100,2.07E+08,3.56E+06,2282633,2282633,0,400650
100,2.17E+08,3.54E+06,2282642,2282641,0,439650
100,2.07E+08,3.54E+06,2282644,2282645,0,400750
100,2.02E+08,3.55E+06,2282646,2282645,0,384300
100,2.07E+08,3.56E+06,2282648,2282649,0,400750
100,1.99E+08,3.62E+06,2282654,2282654,0,372500
100,2.07E+08,3.57E+06,2282656,2282657,0,400750
100,2.14E+08,3.56E+06,2282657,2282658,0,430550
100,2.02E+08,3.62E+06,2282662,2282662,0,384700
100,2.17E+08,3.59E+06,2282668,2282670,0,439650
100,2.02E+08,3.77E+06,2282669,2282666,0,384700
100,2.14E+08,3.56E+06,2282678,2282678,0,430550
100,1.99E+08,3.57E+06,2282680,2282677,0,372500
100,2.14E+08,3.54E+06,2282680,2282680,0,430550
100,2.17E+08,3.70E+06,2282681,2282680,0,439650
100,1.96E+08,3.58E+06,2282685,2282685,0,359600
100,2.17E+08,3.55E+06,2282687,2282687,0,439650
100,2.14E+08,3.55E+06,2282688,2282689,0,430550
100,2.14E+08,3.54E+06,2282690,2282690,0,430550
100,2.17E+08,3.58E+06,2282690,2282690,0,438200
100,1.99E+08,3.61E+06,2282697,2282697,0,369550
100,2.17E+08,3.59E+06,2282706,2282706,0,439650
100,2.17E+08,3.59E+06,2282713,2282713,0,439750
100,2.17E+08,3.55E+06,2282718,2282720,0,439650
100,2.14E+08,3.54E+06,2282719,2282720,0,430550
100,2.14E+08,3.59E+06,2282721,2282718,0,430550
100,2.07E+08,3.56E+06,2282722,2282722,0,400750
100,2.14E+08,3.54E+06,2282726,2282726,0,430550
100,2.07E+08,3.65E+06,2282728,2282728,0,400650
100,2.02E+08,3.91E+06,2282729,2282729,0,384300
100,2.07E+08,3.56E+06,2282729,2282728,0,400750
100,2.14E+08,3.54E+06,2282729,2282730,0,430550
100,1.99E+08,3.60E+06,2282730,2282730,0,369550
100,2.02E+08,3.55E+06,2282734,2282731,0,384700
100,2.17E+08,3.55E+06,2282736,2282736,0,439650
100,2.17E+08,3.67E+06,2282740,2282740,0,439650
100,2.14E+08,3.66E+06,2282742,2282742,0,430550
100,2.07E+08,3.58E+06,2282750,2282747,0,400650
100,2.17E+08,3.66E+06,2282750,2282746,0,439650
100,2.17E+08,3.55E+06,2282750,2282749,0,439650
100,2.07E+08,3.58E+06,2282753,2282756,0,400650
100,2.14E+08,3.54E+06,2282753,2282752,0,430550
100,2.07E+08,3.55E+06,2282756,2282754,0,400750
100,2.17E+08,3.59E+06,2282757,2282757,0,439650
100,2.17E+08,3.54E+06,2282766,2282770,0,439650
100,2.17E+08,3.61E+06,2282770,2282758,0,439650
100,2.14E+08,3.54E+06,2282771,2282771,0,430550
100,1.97E+08,3.78E+06,2282772,2282772,0,366050
100,2.07E+08,3.62E+06,2282777,2282778,0,399500
100,2.14E+08,3.63E+06,2282778,2282778,0,430550
100,2.14E+08,3.54E+06,2282784,2282784,0,430550
100,2.14E+08,3.56E+06,2282789,2282789,0,430550
100,2.14E+08,4.01E+06,2282797,2282795,0,430550
100,2.07E+08,3.54E+06,2282799,2282800,0,400650
100,2.14E+08,3.54E+06,2282812,2282814,0,430550
100,1.99E+08,3.60E+06,2282813,2282815,0,372500
100,2.14E+08,3.57E+06,2282813,2282811,0,430550
100,2.17E+08,3.57E+06,2282814,2282814,0,439750
100,2.17E+08,3.67E+06,2282819,2282818,0,439650
100,1.99E+08,3.56E+06,2282821,2282821,0,369550
100,2.17E+08,3.54E+06,2282823,2282822,0,439650
100,2.14E+08,3.58E+06,2282825,2282825,0,430550
100,2.14E+08,3.64E+06,2282833,2282832,0,430550
100,2.17E+08,3.60E+06,2282834,2282834,0,439650
100,2.02E+08,3.55E+06,2282835,2282834,0,384300
100,2.14E+08,3.55E+06,2282838,2282838,0,430550
100,2.07E+08,3.58E+06,2282840,2282840,0,400650
100,2.07E+08,3.88E+06,2282842,2282842,0,400750
100,2.14E+08,3.54E+06,2282842,2282842,0,430550
100,2.07E+08,3.56E+06,2282844,2282844,0,400750
100,2.14E+08,3.58E+06,2282844,2282840,0,430550
100,2.07E+08,3.56E+06,2282860,2282860,0,400750
100,2.14E+08,3.60E+06,2282866,2282866,0,430550
100,2.02E+08,3.63E+06,2282870,2282870,0,384700
100,2.17E+08,3.56E+06,2282874,2282872,0,439650
100,1.99E+08,4.01E+06,2282879,2282879,0,372500
100,2.14E+08,3.60E+06,2282880,2282883,0,430550
100,2.14E+08,3.58E+06,2282883,2282881,0,430550
100,2.14E+08,3.57E+06,2282902,2282901,0,430550
100,2.14E+08,3.54E+06,2282905,2282906,0,430550
100,2.17E+08,3.63E+06,2282905,2282905,0,439650
100,2.02E+08,3.64E+06,2282915,2282916,0,384700
100,2.17E+08,3.55E+06,2282915,2282912,0,439650
100,1.99E+08,3.55E+06,2282919,2282921,0,372500
100,2.07E+08,3.55E+06,2282919,2282919,0,400650
100,2.17E+08,3.59E+06,2282919,2282918,0,439650
100,2.07E+08,3.82E+06,2282925,2282925,0,400750
100,2.07E+08,3.63E+06,2282926,2282920,0,400650
100,2.14E+08,3.56E+06,2282927,2282927,0,430550
100,2.17E+08,3.57E+06,2282930,2282930,0,439650
100,2.02E+08,3.58E+06,2282934,2282934,0,384700
100,2.14E+08,3.56E+06,2282938,2282938,0,430550
100,2.14E+08,3.57E+06,2282942,2282942,0,430550
100,2.07E+08,3.55E+06,2282958,2282958,0,400750
100,2.14E+08,3.55E+06,2282963,2282963,0,430550
100,2.07E+08,3.56E+06,2282968,2282967,0,400650
100,2.01E+08,3.69E+06,2282970,2282968,0,382650
100,2.17E+08,3.66E+06,2282980,2282982,0,438200
100,2.07E+08,3.57E+06,2282983,2282987,0,400750
100,2.14E+08,3.55E+06,2282983,2282983,0,430550
100,2.14E+08,3.55E+06,2282986,2282988,0,430550
100,1.99E+08,3.61E+06,2282987,2282987,0,372500
100,2.07E+08,3.55E+06,2282988,2282989,0,400750
100,2.02E+08,3.61E+06,2282995,2282999,0,384300
100,1.99E+08,3.60E+06,2283007,2283008,0,372500
100,2.14E+08,3.60E+06,2283018,2283018,0,430550
100,2.17E+08,3.55E+06,2283018,2283018,0,439650
100,2.17E+08,3.58E+06,2283026,2283024,0,439650
100,2.14E+08,3.85E+06,2283035,2283029,0,430550
100,2.14E+08,3.57E+06,2283045,2283045,0,430550
100,2.17E+08,3.72E+06,2283051,2283049,0,438200
100,1.99E+08,3.77E+06,2283054,2283053,0,372500
100,2.01E+08,3.75E+06,2283056,2283056,0,381050
100,2.14E+08,3.55E+06,2283059,2283057,0,430550
100,2.17E+08,3.55E+06,2283060,2283060,0,439650
100,2.14E+08,3.54E+06,2283062,2283063,0,430550
100,2.02E+08,3.62E+06,2283063,2283064,0,384700
100,2.14E+08,3.54E+06,2283066,2283065,0,430550
100,2.17E+08,3.58E+06,2283077,2283074,0,439650
100,2.17E+08,3.66E+06,2283080,2283081,0,438200
100,2.14E+08,3.56E+06,2283082,2283082,0,430550
100,2.14E+08,3.61E+06,2283084,2283084,0,430550
100,2.14E+08,3.55E+06,2283085,2283085,0,430550
100,2.07E+08,3.54E+06,2283087,2283087,0,400750
100,2.17E+08,3.54E+06,2283097,2283096,0,439750
100,1.99E+08,3.62E+06,2283099,2283099,0,369550
100,1.99E+08,3.60E+06,2283099,2283098,0,372500
100,2.07E+08,3.55E+06,2283101,2283100,0,400650
100,2.14E+08,3.66E+06,2283106,2283106,0,430550
100,2.07E+08,3.57E+06,2283111,2283111,0,400650
100,2.14E+08,3.54E+06,2283119,2283117,0,430550
100,1.99E+08,3.57E+06,2283123,2283122,0,372500
100,2.07E+08,3.60E+06,2283126,2283126,0,399500
100,2.15E+08,4.00E+06,2283128,2283128,0,431000
100,2.17E+08,3.68E+06,2283136,2283136,0,439750
100,2.17E+08,3.54E+06,2283137,2283137,0,439750
100,1.99E+08,3.56E+06,2283138,2283135,0,369550
100,2.14E+08,3.55E+06,2283140,2283138,0,430550
100,2.17E+08,3.54E+06,2283140,2283139,0,439650
100,2.17E+08,3.71E+06,2283140,2283140,0,439650
100,2.17E+08,3.59E+06,2283146,2283144,0,439650
100,2.07E+08,3.55E+06,2283152,2283152,0,400750
100,2.14E+08,3.55E+06,2283157,2283157,0,430550
100,2.17E+08,3.55E+06,2283160,2283160,0,439650
100,2.14E+08,3.73E+06,2283163,2283163,0,430550
100,2.17E+08,3.75E+06,2283165,2283164,0,439650
100,2.07E+08,3.59E+06,2283167,2283169,0,399500
100,2.14E+08,3.54E+06,2283168,2283168,0,430550
100,2.02E+08,3.70E+06,2283173,2283174,0,384700
100,2.07E+08,3.58E+06,2283173,2283173,0,400750
100,2.14E+08,3.55E+06,2283173,2283173,0,430550
100,2.07E+08,3.54E+06,2283174,2283174,0,400650
100,2.14E+08,3.57E+06,2283184,2283184,0,430550
100,2.02E+08,3.69E+06,2283189,2283189,0,384700
100,2.17E+08,3.69E+06,2283196,2283196,0,439650
100,2.17E+08,3.64E+06,2283197,2283199,0,438200
100,2.14E+08,3.55E+06,2283200,2283200,0,430550
100,2.17E+08,3.63E+06,2283201,2283200,0,439650
100,2.17E+08,3.57E+06,2283201,2283201,0,439650
100,2.02E+08,3.54E+06,2283209,2283209,0,384700
100,2.14E+08,3.58E+06,2283214,2283214,0,430550
100,2.17E+08,3.56E+06,2283215,2283214,0,439650
100,2.07E+08,3.58E+06,2283224,2283223,0,400650
100,2.07E+08,3.55E+06,2283226,2283226,0,400750
100,2.17E+08,3.58E+06,2283228,2283230,0,439650
100,2.17E+08,3.54E+06,2283231,2283231,0,439650
100,2.14E+08,3.56E+06,2283232,2283231,0,430550
100,2.02E+08,3.69E+06,2283233,2283234,0,384700
100,2.17E+08,3.56E+06,2283235,2283235,0,439650
100,2.17E+08,3.64E+06,2283235,2283233,0,439650
100,2.14E+08,3.63E+06,2283241,2283243,0,430550
100,2.14E+08,3.56E+06,2283243,2283243,0,430550
100,2.17E+08,3.56E+06,2283252,2283254,0,439650
100,2.02E+08,3.66E+06,2283255,2283251,0,384700
100,2.07E+08,4.14E+06,2283256,2283256,0,400100
100,2.14E+08,3.65E+06,2283257,2283257,0,430550
100,2.14E+08,3.57E+06,2283262,2283260,0,430550
100,2.17E+08,3.65E+06,2283263,2283263,0,439650
100,2.17E+08,3.66E+06,2283271,2283270,0,439650
100,2.14E+08,3.55E+06,2283272,2283272,0,430550
100,2.07E+08,3.55E+06,2283286,2283286,0,400750
100,1.99E+08,3.56E+06,2283300,2283300,0,372500
100,2.17E+08,3.63E+06,2283302,2283302,0,439650
100,2.17E+08,3.55E+06,2283312,2283312,0,439650
100,2.17E+08,3.55E+06,2283312,2283307,0,439650
100,2.07E+08,3.56E+06,2283313,2283316,0,400650
100,2.14E+08,3.57E+06,2283318,2283318,0,430550
100,2.17E+08,3.54E+06,2283320,2283319,0,439650
100,2.07E+08,3.54E+06,2283326,2283326,0,400750
100,2.17E+08,3.76E+06,2283326,2283325,0,439650
100,2.17E+08,3.56E+06,2283334,2283334,0,439650
100,2.17E+08,3.57E+06,2283335,2283333,0,439650
100,1.96E+08,3.74E+06,2283345,2283345,0,362200
100,2.17E+08,3.57E+06,2283347,2283348,0,439650
100,2.17E+08,3.56E+06,2283350,2283350,0,439650
100,1.98E+08,3.73E+06,2283351,2283351,0,367450
100,2.17E+08,3.65E+06,2283351,2283355,0,439650
100,2.08E+08,3.73E+06,2283354,2283354,0,401650
100,2.14E+08,3.56E+06,2283355,2283355,0,430550
100,2.17E+08,3.56E+06,2283359,2283359,0,438200
100,2.07E+08,3.55E+06,2283370,2283370,0,400650
100,2.14E+08,3.56E+06,2283373,2283372,0,430550
100,1.86E+08,3.84E+06,2283374,2283374,0,333100
100,2.17E+08,3.58E+06,2283377,2283377,0,439650
100,2.07E+08,3.55E+06,2283378,2283378,0,400650
100,2.07E+08,3.55E+06,2283386,2283382,0,400750
100,2.17E+08,3.54E+06,2283388,2283386,0,439650
100,1.99E+08,3.59E+06,2283389,2283384,0,372500
100,1.99E+08,3.63E+06,2283390,2283389,0,369550
100,1.99E+08,3.57E+06,2283403,2283402,0,369550
100,2.02E+08,3.55E+06,2283403,2283406,0,384700
100,2.14E+08,3.56E+06,2283403,2283401,0,430550
100,2.14E+08,3.55E+06,2283404,2283396,0,430550
100,2.17E+08,3.58E+06,2283404,2283399,0,439650
100,2.17E+08,3.78E+06,2283407,2283407,0,438200
100,2.17E+08,3.55E+06,2283412,2283411,0,439750
100,2.14E+08,3.55E+06,2283416,2283412,0,430550
100,2.14E+08,3.60E+06,2283422,2283422,0,430550
100,2.14E+08,3.54E+06,2283424,2283423,0,430550
100,2.14E+08,3.55E+06,2283428,2283428,0,430550
100,1.89E+08,3.66E+06,2283429,2283432,0,338350
100,2.14E+08,3.55E+06,2283436,2283434,0,430550
100,2.07E+08,3.59E+06,2283442,2283443,0,400650
100,2.14E+08,3.55E+06,2283449,2283449,0,430550
100,2.17E+08,3.59E+06,2283449,2283451,0,439650
100,2.14E+08,3.55E+06,2283450,2283446,0,430550
100,2.14E+08,3.65E+06,2283451,2283450,0,430550
100,2.17E+08,3.55E+06,2283452,2283448,0,439750
100,2.17E+08,3.54E+06,2283454,2283451,0,439750
100,2.07E+08,3.58E+06,2283455,2283454,0,400750
100,2.17E+08,3.56E+06,2283456,2283456,0,439650
100,1.99E+08,3.54E+06,2283459,2283464,0,372500
100,2.14E+08,3.58E+06,2283460,2283460,0,430550
100,2.17E+08,3.61E+06,2283465,2283467,0,439650
100,2.14E+08,3.56E+06,2283478,2283477,0,430550
100,2.14E+08,3.55E+06,2283486,2283486,0,430550
100,2.07E+08,3.55E+06,2283487,2283489,0,400650
100,2.17E+08,3.55E+06,2283490,2283489,0,439650
100,2.17E+08,3.73E+06,2283498,2283498,0,438200
100,2.07E+08,3.60E+06,2283510,2283510,0,399500
100,2.14E+08,3.54E+06,2283510,2283512,0,430550
100,2.14E+08,3.58E+06,2283513,2283516,0,430550
100,2.17E+08,3.55E+06,2283515,2283512,0,439750
100,2.14E+08,3.63E+06,2283516,2283516,0,430550
100,2.17E+08,3.63E+06,2283523,2283523,0,439650
100,2.02E+08,3.66E+06,2283533,2283533,0,384700
100,2.07E+08,3.54E+06,2283535,2283535,0,400750
100,2.17E+08,3.55E+06,2283535,2283535,0,439650
100,2.14E+08,3.54E+06,2283536,2283537,0,430550
100,2.07E+08,3.58E+06,2283539,2283539,0,400650
100,2.14E+08,3.60E+06,2283540,2283540,0,430550
100,2.07E+08,3.59E+06,2283541,2283541,0,400650
100,2.07E+08,3.56E+06,2283541,2283540,0,400750
100,2.07E+08,3.66E+06,2283546,2283546,0,400750
100,2.04E+08,3.99E+06,2283547,2283547,0,390000
100,2.07E+08,3.54E+06,2283551,2283551,0,400750
100,2.14E+08,3.60E+06,2283551,2283553,0,430550
100,2.14E+08,3.56E+06,2283553,2283555,0,430550
100,2.07E+08,3.54E+06,2283559,2283559,0,400650
100,2.08E+08,3.79E+06,2283562,2283563,0,401600
100,2.07E+08,3.60E+06,2283570,2283571,0,399500
100,2.17E+08,3.54E+06,2283570,2283570,0,439650
100,2.17E+08,3.63E+06,2283576,2283576,0,439650
100,2.14E+08,3.56E+06,2283577,2283574,0,430550
100,2.17E+08,3.59E+06,2283578,2283578,0,439650
100,2.17E+08,3.57E+06,2283585,2283585,0,439650
100,2.02E+08,3.69E+06,2283589,2283587,0,384700
100,2.07E+08,3.56E+06,2283589,2283582,0,400750
100,2.14E+08,3.58E+06,2283589,2283582,0,430550
100,2.17E+08,3.64E+06,2283592,2283593,0,439650
100,2.07E+08,3.56E+06,2283597,2283597,0,400650
100,2.14E+08,3.60E+06,2283599,2283595,0,430550
100,2.17E+08,3.68E+06,2283607,2283607,0,439750
100,2.07E+08,3.63E+06,2283610,2283610,0,400650
100,2.02E+08,3.82E+06,2283612,2283612,0,384700
100,2.04E+08,3.79E+06,2283614,2283614,0,389350
100,2.07E+08,3.56E+06,2283614,2283614,0,400650
100,2.02E+08,3.64E+06,2283618,2283622,0,384300
100,2.14E+08,3.61E+06,2283620,2283619,0,430550
100,2.02E+08,3.65E+06,2283627,2283627,0,384300
100,2.17E+08,3.56E+06,2283636,2283636,0,439750
100,2.07E+08,3.56E+06,2283646,2283650,0,400750
100,2.07E+08,3.56E+06,2283647,2283649,0,400650
100,2.17E+08,3.57E+06,2283653,2283655,0,439650
100,2.02E+08,3.55E+06,2283654,2283650,0,384700
100,2.02E+08,3.69E+06,2283656,2283656,0,384700
100,2.07E+08,3.54E+06,2283656,2283656,0,400650
100,2.07E+08,3.56E+06,2283662,2283662,0,400650
100,2.17E+08,3.54E+06,2283662,2283662,0,439750
100,2.07E+08,3.59E+06,2283666,2283665,0,400750
100,2.14E+08,3.66E+06,2283670,2283671,0,430550
100,2.07E+08,3.61E+06,2283671,2283671,0,400650
100,2.17E+08,3.56E+06,2283673,2283674,0,439650
100,2.02E+08,3.66E+06,2283675,2283672,0,384700
100,2.14E+08,3.54E+06,2283675,2283679,0,430550
100,2.17E+08,3.64E+06,2283680,2283680,0,438200
100,2.02E+08,3.58E+06,2283681,2283681,0,384700
100,2.14E+08,3.60E+06,2283687,2283688,0,430550
100,2.14E+08,3.54E+06,2283687,2283684,0,430550
100,2.14E+08,3.64E+06,2283688,2283688,0,430550
100,2.17E+08,3.64E+06,2283691,2283691,0,439650
100,2.14E+08,3.58E+06,2283695,2283694,0,430550
100,2.17E+08,3.58E+06,2283704,2283704,0,439650
100,2.14E+08,3.56E+06,2283705,2283705,0,430550
100,2.07E+08,3.54E+06,2283706,2283706,0,400650
100,2.17E+08,3.57E+06,2283706,2283706,0,439650
100,2.07E+08,3.56E+06,2283717,2283716,0,400650
100,2.17E+08,3.57E+06,2283722,2283722,0,439650
100,2.07E+08,3.54E+06,2283725,2283723,0,400650
100,2.04E+08,3.80E+06,2283726,2283726,0,390400
100,2.17E+08,3.58E+06,2283728,2283728,0,439750
100,2.17E+08,3.57E+06,2283737,2283738,0,439650
100,1.99E+08,3.75E+06,2283738,2283739,0,369550
100,2.02E+08,3.67E+06,2283738,2283736,0,384300
100,2.17E+08,3.57E+06,2283742,2283741,0,439650
100,2.17E+08,3.66E+06,2283743,2283743,0,439650
100,2.02E+08,3.55E+06,2283748,2283747,0,384700
100,2.02E+08,3.58E+06,2283755,2283756,0,384700
100,2.17E+08,3.56E+06,2283755,2283753,0,439650
100,2.14E+08,3.60E+06,2283756,2283755,0,430550
100,1.99E+08,3.57E+06,2283763,2283763,0,369550
100,2.17E+08,3.58E+06,2283766,2283766,0,439650
100,2.17E+08,3.67E+06,2283768,2283768,0,439750
100,2.17E+08,3.55E+06,2283773,2283773,0,439650
100,2.17E+08,3.54E+06,2283774,2283772,0,439750
100,2.14E+08,3.58E+06,2283776,2283776,0,430550
100,1.99E+08,4.09E+06,2283783,2283781,0,372500
100,2.14E+08,3.56E+06,2283784,2283784,0,430550
100,2.14E+08,3.54E+06,2283785,2283782,0,430550
100,2.14E+08,3.58E+06,2283785,2283790,0,430550
100,2.17E+08,3.58E+06,2283786,2283786,0,439650
100,2.14E+08,3.59E+06,2283802,2283802,0,430550
100,2.14E+08,3.54E+06,2283803,2283803,0,430550
100,2.07E+08,3.54E+06,2283806,2283804,0,400750
100,2.17E+08,3.60E+06,2283807,2283806,0,439750
100,2.14E+08,3.65E+06,2283809,2283804,0,430550
100,1.99E+08,3.59E+06,2283819,2283818,0,372500
100,2.07E+08,3.55E+06,2283822,2283822,0,400650
100,2.14E+08,3.55E+06,2283824,2283824,0,430550
100,2.14E+08,3.54E+06,2283824,2283824,0,430550
100,2.17E+08,3.74E+06,2283826,2283827,0,439650
100,2.17E+08,3.54E+06,2283838,2283837,0,439650
100,2.14E+08,3.59E+06,2283846,2283846,0,430550
100,2.17E+08,3.68E+06,2283846,2283846,0,439650
100,1.96E+08,3.72E+06,2283847,2283846,0,359800
100,1.99E+08,3.69E+06,2283850,2283849,0,372500
100,2.02E+08,3.67E+06,2283852,2283849,0,384700
100,2.14E+08,3.57E+06,2283856,2283855,0,430550
100,2.17E+08,3.54E+06,2283857,2283857,0,439650
100,2.17E+08,3.83E+06,2283861,2283862,0,438200
100,2.14E+08,3.55E+06,2283863,2283863,0,430550
100,2.14E+08,3.68E+06,2283864,2283864,0,430550
100,2.14E+08,3.78E+06,2283864,2283867,0,430550
100,2.14E+08,3.61E+06,2283876,2283872,0,430550
100,2.14E+08,3.62E+06,2283879,2283878,0,430550
100,2.14E+08,3.54E+06,2283888,2283888,0,430550
100,2.17E+08,3.55E+06,2283889,2283890,0,439650
100,2.02E+08,3.59E+06,2283890,2283892,0,384700
100,2.14E+08,3.57E+06,2283893,2283895,0,430550
100,2.17E+08,3.56E+06,2283895,2283894,0,439650
100,2.14E+08,3.56E+06,2283896,2283896,0,430550
100,2.17E+08,3.54E+06,2283899,2283901,0,439650
100,2.14E+08,3.61E+06,2283902,2283902,0,430550
100,2.14E+08,3.55E+06,2283905,2283911,0,430550
100,2.17E+08,3.56E+06,2283912,2283912,0,439650
100,2.07E+08,3.54E+06,2283914,2283913,0,400750
100,2.17E+08,3.60E+06,2283914,2283914,0,439650
100,2.07E+08,3.54E+06,2283916,2283921,0,400650
100,2.07E+08,3.56E+06,2283927,2283930,0,400750
100,2.08E+08,3.94E+06,2283929,2283929,0,401650
100,1.98E+08,3.64E+06,2283930,2283930,0,367450
100,2.02E+08,3.63E+06,2283935,2283935,0,384700
100,2.07E+08,3.56E+06,2283937,2283937,0,400650
100,2.07E+08,3.58E+06,2283937,2283936,0,400750
100,1.99E+08,3.60E+06,2283940,2283940,0,369550
100,2.17E+08,3.57E+06,2283941,2283935,0,439650
100,2.14E+08,3.54E+06,2283953,2283957,0,430550
100,2.07E+08,3.54E+06,2283956,2283955,0,400650
100,2.14E+08,3.55E+06,2283956,2283956,0,430550
100,2.14E+08,3.56E+06,2283964,2283964,0,430550
100,2.17E+08,3.59E+06,2283969,2283969,0,439650
100,2.07E+08,3.55E+06,2283974,2283972,0,400750
100,2.14E+08,3.55E+06,2283975,2283978,0,430550
100,2.17E+08,3.55E+06,2283991,2283991,0,439650
100,2.08E+08,3.81E+06,2283994,2283993,0,401600
100,2.17E+08,3.55E+06,2283995,2283995,0,439650
100,2.14E+08,3.54E+06,2284002,2284002,0,430550
100,2.14E+08,3.56E+06,2284013,2284013,0,430550
100,2.17E+08,3.61E+06,2284015,2284015,0,439750
100,2.17E+08,3.73E+06,2284017,2284017,0,438350
100,2.17E+08,3.54E+06,2284018,2284019,0,439650
100,2.14E+08,3.59E+06,2284020,2284020,0,430550
100,2.17E+08,3.54E+06,2284020,2284020,0,439650
100,2.02E+08,3.55E+06,2284021,2284021,0,384700
100,2.17E+08,3.65E+06,2284023,2284023,0,439650
100,2.14E+08,3.60E+06,2284025,2284025,0,430550
100,2.17E+08,3.54E+06,2284025,2284026,0,439650
100,2.17E+08,3.57E+06,2284026,2284026,0,439650
100,2.17E+08,3.55E+06,2284036,2284035,0,439750
100,2.07E+08,3.57E+06,2284038,2284039,0,400750
100,2.01E+08,3.74E+06,2284039,2284037,0,382650
100,2.14E+08,3.57E+06,2284046,2284045,0,430550
100,2.14E+08,3.54E+06,2284051,2284051,0,430550
100,2.02E+08,3.69E+06,2284053,2284055,0,384700
100,2.07E+08,3.56E+06,2284063,2284062,0,400650
100,2.02E+08,3.63E+06,2284066,2284061,0,384700
100,2.14E+08,3.57E+06,2284067,2284067,0,430550
100,2.03E+08,3.72E+06,2284069,2284069,0,388450
100,2.17E+08,3.56E+06,2284069,2284068,0,439650
100,2.14E+08,3.59E+06,2284072,2284072,0,430550
100,2.14E+08,3.63E+06,2284082,2284079,0,430550
100,2.17E+08,3.54E+06,2284088,2284091,0,439650
100,2.07E+08,3.57E+06,2284090,2284090,0,400650
100,2.02E+08,3.54E+06,2284091,2284090,0,384700
100,2.17E+08,3.54E+06,2284092,2284088,0,439650
100,2.17E+08,3.54E+06,2284095,2284096,0,439650
100,2.07E+08,3.55E+06,2284097,2284097,0,400650
100,2.02E+08,3.59E+06,2284101,2284101,0,384300
100,2.02E+08,3.65E+06,2284111,2284111,0,384700
100,2.14E+08,3.56E+06,2284112,2284110,0,430550
100,2.17E+08,3.68E+06,2284115,2284116,0,439650
100,2.14E+08,3.54E+06,2284122,2284122,0,430550
100,2.07E+08,3.55E+06,2284127,2284128,0,400650
100,2.17E+08,3.65E+06,2284127,2284127,0,439750
100,2.17E+08,3.60E+06,2284133,2284133,0,438200
100,2.17E+08,3.59E+06,2284141,2284143,0,439650
100,2.07E+08,3.57E+06,2284142,2284142,0,400750
100,2.07E+08,3.59E+06,2284149,2284149,0,400650
100,2.17E+08,3.62E+06,2284150,2284150,0,439650
100,1.99E+08,3.66E+06,2284153,2284153,0,369550
100,2.07E+08,3.56E+06,2284153,2284153,0,400750
100,2.07E+08,3.55E+06,2284160,2284160,0,400650
100,2.14E+08,3.54E+06,2284160,2284162,0,430550
100,1.99E+08,3.58E+06,2284167,2284167,0,372500
100,2.02E+08,3.56E+06,2284167,2284167,0,384700
100,2.17E+08,3.56E+06,2284176,2284177,0,439650
100,2.17E+08,3.55E+06,2284184,2284184,0,439650
100,2.07E+08,3.56E+06,2284193,2284192,0,400650
100,2.17E+08,3.55E+06,2284200,2284199,0,439650
100,1.99E+08,3.60E+06,2284202,2284202,0,372500
100,2.14E+08,3.54E+06,2284204,2284204,0,430550
100,2.07E+08,3.54E+06,2284208,2284208,0,400750
100,2.17E+08,3.60E+06,2284208,2284207,0,439650
100,2.14E+08,3.72E+06,2284215,2284216,0,430550
100,2.17E+08,3.56E+06,2284215,2284213,0,439650
100,2.17E+08,3.54E+06,2284218,2284217,0,439650
100,2.17E+08,3.58E+06,2284221,2284221,0,439650
100,2.17E+08,3.55E+06,2284223,2284223,0,439650
100,2.17E+08,3.57E+06,2284225,2284225,0,439750
100,2.02E+08,3.62E+06,2284226,2284227,0,384700
100,2.02E+08,4.00E+06,2284226,2284225,0,384700
100,2.14E+08,3.63E+06,2284226,2284226,0,430550
100,2.17E+08,3.57E+06,2284229,2284231,0,439650
100,2.17E+08,3.57E+06,2284230,2284230,0,438200
100,2.14E+08,3.55E+06,2284238,2284238,0,430550
100,2.07E+08,3.54E+06,2284243,2284244,0,400650
100,2.14E+08,3.57E+06,2284243,2284243,0,430550
100,2.14E+08,3.58E+06,2284244,2284244,0,430550
100,2.14E+08,3.55E+06,2284248,2284247,0,430550
100,2.07E+08,3.59E+06,2284257,2284255,0,400650
100,2.02E+08,3.61E+06,2284260,2284260,0,384700
100,2.04E+08,3.81E+06,2284268,2284269,0,388450
100,2.07E+08,3.55E+06,2284269,2284270,0,400750
100,2.17E+08,3.61E+06,2284269,2284266,0,439650
100,2.07E+08,3.54E+06,2284271,2284274,0,400750
100,2.07E+08,3.56E+06,2284273,2284272,0,400750
100,2.14E+08,3.60E+06,2284274,2284274,0,430550
100,1.99E+08,3.75E+06,2284277,2284277,0,372500
100,2.14E+08,3.55E+06,2284277,2284277,0,430550
100,2.17E+08,3.56E+06,2284283,2284283,0,439650
100,2.14E+08,3.58E+06,2284286,2284287,0,430550
100,2.07E+08,3.62E+06,2284293,2284292,0,400750
100,1.99E+08,3.62E+06,2284304,2284303,0,372500
100,2.14E+08,3.57E+06,2284304,2284301,0,430550
100,2.17E+08,3.62E+06,2284305,2284305,0,439650
100,1.99E+08,3.68E+06,2284320,2284320,0,369550
100,2.17E+08,3.58E+06,2284321,2284320,0,439650
100,2.07E+08,3.56E+06,2284330,2284327,0,400650
100,2.17E+08,3.61E+06,2284345,2284345,0,439650
100,2.02E+08,3.98E+06,2284347,2284346,0,384700
100,2.07E+08,3.69E+06,2284347,2284347,0,400750
100,1.99E+08,3.60E+06,2284364,2284360,0,372500
100,2.17E+08,3.69E+06,2284367,2284367,0,439650
100,2.17E+08,3.54E+06,2284368,2284368,0,439650
100,1.99E+08,3.57E+06,2284370,2284364,0,372500
100,2.04E+08,4.20E+06,2284370,2284370,0,390000
100,2.17E+08,3.58E+06,2284381,2284381,0,439650
100,2.14E+08,3.55E+06,2284382,2284382,0,430550
100,2.17E+08,3.54E+06,2284388,2284383,0,439650
100,2.02E+08,3.80E+06,2284400,2284400,0,384700
100,2.02E+08,3.58E+06,2284402,2284403,0,384700
100,2.14E+08,3.57E+06,2284402,2284402,0,430550
100,2.14E+08,3.55E+06,2284404,2284404,0,430550
100,2.17E+08,3.55E+06,2284406,2284407,0,439750
100,2.07E+08,3.58E+06,2284410,2284410,0,400650
100,2.17E+08,3.55E+06,2284410,2284410,0,439650
100,2.14E+08,3.79E+06,2284414,2284414,0,430550
100,2.14E+08,3.55E+06,2284421,2284421,0,430550
100,2.17E+08,3.54E+06,2284425,2284423,0,439750
100,1.97E+08,3.77E+06,2284431,2284431,0,366050
100,2.07E+08,3.68E+06,2284434,2284434,0,399500
100,2.17E+08,3.55E+06,2284441,2284441,0,439750
100,2.07E+08,3.56E+06,2284442,2284441,0,400750
100,2.02E+08,3.54E+06,2284444,2284444,0,384300
100,1.99E+08,3.56E+06,2284445,2284437,0,372500
100,2.17E+08,3.63E+06,2284445,2284445,0,438200
100,2.02E+08,3.69E+06,2284446,2284445,0,384700
100,2.17E+08,3.59E+06,2284448,2284450,0,439750
100,2.07E+08,3.68E+06,2284456,2284457,0,400650
100,1.99E+08,3.64E+06,2284457,2284457,0,372500
100,1.99E+08,3.56E+06,2284468,2284469,0,372500
100,1.99E+08,3.57E+06,2284477,2284477,0,372500
100,2.17E+08,3.54E+06,2284478,2284478,0,439650
100,2.14E+08,3.58E+06,2284483,2284483,0,430550
100,2.14E+08,3.54E+06,2284483,2284484,0,430550
100,2.14E+08,3.55E+06,2284488,2284487,0,430550
100,2.14E+08,3.54E+06,2284489,2284491,0,430550
100,2.07E+08,3.54E+06,2284491,2284491,0,400750
100,2.02E+08,3.73E+06,2284495,2284494,0,384700
100,2.14E+08,3.61E+06,2284495,2284495,0,430550
100,2.17E+08,3.57E+06,2284499,2284499,0,439650
100,2.14E+08,3.55E+06,2284500,2284499,0,430550
100,2.17E+08,3.66E+06,2284500,2284499,0,439750
100,2.02E+08,3.79E+06,2284507,2284506,0,384700
100,2.07E+08,3.67E+06,2284508,2284509,0,400750
100,2.17E+08,3.59E+06,2284510,2284510,0,439650
100,2.17E+08,3.59E+06,2284512,2284512,0,439650
100,2.02E+08,3.57E+06,2284514,2284514,0,384700
100,2.14E+08,3.54E+06,2284520,2284521,0,430550
100,2.17E+08,3.58E+06,2284521,2284521,0,439650
100,2.14E+08,3.62E+06,2284524,2284522,0,430550
100,2.02E+08,3.72E+06,2284529,2284529,0,384700
100,2.02E+08,3.62E+06,2284539,2284534,0,384700
100,2.17E+08,3.55E+06,2284549,2284549,0,439650
100,2.14E+08,3.57E+06,2284557,2284557,0,430550
100,2.02E+08,3.60E+06,2284558,2284558,0,384700
100,2.14E+08,3.81E+06,2284560,2284560,0,430550
100,2.17E+08,3.55E+06,2284560,2284563,0,439750
100,2.14E+08,3.63E+06,2284566,2284566,0,430550
100,2.02E+08,3.67E+06,2284567,2284567,0,384700
100,2.14E+08,3.57E+06,2284574,2284574,0,430550
100,2.07E+08,3.55E+06,2284577,2284576,0,400750
100,2.14E+08,3.58E+06,2284578,2284578,0,430550
100,2.14E+08,3.58E+06,2284579,2284579,0,430550
100,2.14E+08,3.58E+06,2284586,2284587,0,430550
100,2.14E+08,3.55E+06,2284587,2284578,0,430550
100,2.14E+08,3.75E+06,2284590,2284590,0,430550
100,1.99E+08,3.75E+06,2284591,2284591,0,372500
100,2.07E+08,3.54E+06,2284603,2284604,0,400650
100,2.17E+08,3.56E+06,2284608,2284607,0,439650
100,1.99E+08,3.55E+06,2284615,2284615,0,372500
100,2.07E+08,3.54E+06,2284627,2284631,0,400750
100,2.17E+08,3.61E+06,2284628,2284628,0,438200
100,2.17E+08,3.60E+06,2284628,2284628,0,439650
100,2.17E+08,3.67E+06,2284630,2284630,0,439650
100,2.07E+08,3.58E+06,2284634,2284634,0,400750
100,2.07E+08,3.54E+06,2284640,2284638,0,400750
100,2.14E+08,3.55E+06,2284643,2284642,0,430550
100,2.07E+08,3.57E+06,2284645,2284645,0,399500
100,2.14E+08,3.54E+06,2284654,2284656,0,430550
100,2.14E+08,3.57E+06,2284658,2284658,0,430550
100,2.17E+08,3.69E+06,2284663,2284663,0,439750
100,2.14E+08,3.68E+06,2284671,2284671,0,430550
100,2.07E+08,3.55E+06,2284673,2284672,0,400750
100,2.14E+08,3.66E+06,2284674,2284674,0,430550
100,2.02E+08,3.55E+06,2284680,2284680,0,384300
100,2.02E+08,3.59E+06,2284680,2284680,0,384700
100,2.02E+08,3.62E+06,2284681,2284679,0,384700
100,2.17E+08,3.61E+06,2284696,2284698,0,439650
100,2.14E+08,3.54E+06,2284698,2284698,0,430550
100,2.14E+08,3.97E+06,2284701,2284697,0,430550
100,2.17E+08,3.58E+06,2284701,2284702,0,439750
100,2.02E+08,3.58E+06,2284703,2284703,0,384700
100,2.14E+08,3.56E+06,2284703,2284701,0,430550
100,2.17E+08,3.54E+06,2284703,2284707,0,439650
100,2.02E+08,3.60E+06,2284711,2284709,0,384300
100,2.17E+08,3.58E+06,2284712,2284712,0,439650
100,2.17E+08,3.55E+06,2284712,2284707,0,439650
100,2.14E+08,3.55E+06,2284724,2284727,0,430550
100,2.17E+08,3.55E+06,2284724,2284727,0,439650
100,1.99E+08,3.57E+06,2284726,2284727,0,372500
100,1.99E+08,3.65E+06,2284730,2284731,0,369550
100,2.14E+08,3.59E+06,2284733,2284732,0,430550
100,2.17E+08,3.56E+06,2284733,2284733,0,439650
100,1.99E+08,3.77E+06,2284736,2284736,0,372500
100,2.14E+08,3.54E+06,2284737,2284738,0,430550
100,2.17E+08,3.77E+06,2284739,2284739,0,438350
100,2.14E+08,3.57E+06,2284745,2284744,0,430550
100,2.17E+08,3.55E+06,2284747,2284748,0,439650
100,2.14E+08,3.54E+06,2284752,2284752,0,430550
100,2.07E+08,3.56E+06,2284759,2284759,0,400650
100,2.07E+08,3.55E+06,2284764,2284764,0,400750
100,2.17E+08,3.58E+06,2284766,2284766,0,439650
100,1.99E+08,3.58E+06,2284767,2284767,0,372500
100,2.07E+08,3.54E+06,2284769,2284769,0,400650
100,2.14E+08,3.59E+06,2284770,2284769,0,430550
100,2.14E+08,3.66E+06,2284773,2284773,0,430550
100,1.96E+08,3.95E+06,2284775,2284775,0,359800
100,2.07E+08,3.71E+06,2284783,2284781,0,400650
100,2.17E+08,3.54E+06,2284786,2284787,0,438200
100,2.14E+08,3.56E+06,2284790,2284791,0,430550
100,2.17E+08,3.55E+06,2284790,2284789,0,439650
100,2.17E+08,3.54E+06,2284796,2284796,0,439650
100,2.17E+08,3.98E+06,2284799,2284796,0,439650
100,2.17E+08,3.55E+06,2284799,2284799,0,439750
100,2.02E+08,3.55E+06,2284800,2284800,0,384700
100,2.07E+08,3.70E+06,2284815,2284813,0,400750
100,2.14E+08,3.66E+06,2284816,2284819,0,430550
100,2.07E+08,3.54E+06,2284821,2284819,0,400650
100,2.17E+08,3.57E+06,2284828,2284828,0,439650
100,1.99E+08,3.54E+06,2284834,2284834,0,372500
100,2.02E+08,3.56E+06,2284837,2284838,0,384700
100,1.99E+08,3.67E+06,2284842,2284842,0,372500
100,2.08E+08,3.57E+06,2284850,2284849,0,401600
100,2.17E+08,3.66E+06,2284851,2284851,0,439650
100,2.17E+08,3.56E+06,2284851,2284851,0,439650
100,2.14E+08,3.54E+06,2284853,2284852,0,430550
100,2.17E+08,3.62E+06,2284855,2284855,0,439650
100,2.07E+08,3.54E+06,2284856,2284856,0,400750
100,2.02E+08,3.61E+06,2284857,2284857,0,384700
100,2.14E+08,3.55E+06,2284857,2284859,0,430550
100,1.99E+08,3.73E+06,2284858,2284856,0,369550
100,2.07E+08,3.56E+06,2284861,2284861,0,400750
100,2.17E+08,3.56E+06,2284864,2284867,0,439650
100,2.02E+08,3.59E+06,2284865,2284868,0,384700
100,2.14E+08,3.54E+06,2284865,2284865,0,430550
100,2.14E+08,3.54E+06,2284867,2284869,0,430550
100,2.07E+08,3.82E+06,2284870,2284871,0,400750
100,2.14E+08,3.55E+06,2284875,2284877,0,430550
100,2.05E+08,3.85E+06,2284877,2284876,0,396450
100,2.14E+08,3.63E+06,2284880,2284879,0,430550
100,2.07E+08,3.55E+06,2284882,2284882,0,400750
100,2.14E+08,3.56E+06,2284887,2284888,0,430550
100,2.07E+08,3.61E+06,2284891,2284891,0,400750
100,2.17E+08,3.58E+06,2284900,2284900,0,439650
100,2.17E+08,3.54E+06,2284902,2284902,0,439650
100,2.17E+08,3.54E+06,2284916,2284916,0,439650
100,2.17E+08,3.75E+06,2284919,2284919,0,439650
100,2.07E+08,3.67E+06,2284930,2284932,0,399500
100,2.14E+08,3.64E+06,2284935,2284931,0,430550
100,2.17E+08,3.55E+06,2284938,2284941,0,439650
100,2.07E+08,3.56E+06,2284940,2284940,0,400750
100,2.14E+08,3.57E+06,2284941,2284940,0,430550
100,2.14E+08,3.55E+06,2284944,2284944,0,430550
100,2.14E+08,3.56E+06,2284950,2284950,0,430550
100,2.17E+08,3.56E+06,2284951,2284953,0,438200
100,2.02E+08,3.60E+06,2284953,2284953,0,384700
100,2.02E+08,3.61E+06,2284966,2284966,0,384700
100,2.14E+08,3.55E+06,2284970,2284970,0,430550
100,2.17E+08,3.59E+06,2284970,2284969,0,438200
100,2.14E+08,3.54E+06,2284979,2284982,0,430550
100,2.02E+08,3.58E+06,2284982,2284985,0,384700
100,2.17E+08,3.56E+06,2284982,2284983,0,439750
100,2.02E+08,3.69E+06,2284988,2284988,0,384700
100,2.15E+08,4.36E+06,2284988,2284987,0,433550
100,2.14E+08,3.56E+06,2284989,2284989,0,430550
100,2.17E+08,3.55E+06,2284991,2284991,0,439650
100,2.14E+08,3.59E+06,2284997,2284997,0,430550
100,2.02E+08,3.55E+06,2284999,2284999,0,384700
100,2.07E+08,3.54E+06,2285000,2285000,0,400650
100,2.17E+08,3.54E+06,2285008,2285006,0,439650
100,2.02E+08,3.55E+06,2285009,2285008,0,384700
100,2.02E+08,3.58E+06,2285015,2285015,0,384300
100,2.02E+08,3.60E+06,2285017,2285016,0,384300
100,2.14E+08,3.55E+06,2285027,2285027,0,430550
100,2.02E+08,3.55E+06,2285029,2285031,0,384300
100,2.07E+08,3.59E+06,2285032,2285028,0,400750
100,2.17E+08,3.56E+06,2285033,2285033,0,439750
100,2.07E+08,3.56E+06,2285035,2285032,0,400750
100,2.07E+08,3.57E+06,2285039,2285039,0,400750
100,2.02E+08,3.64E+06,2285041,2285041,0,384700
100,2.14E+08,3.58E+06,2285044,2285046,0,430550
100,2.02E+08,3.70E+06,2285047,2285048,0,384700
100,2.14E+08,3.55E+06,2285052,2285054,0,430550
100,2.02E+08,3.56E+06,2285055,2285052,0,384300
100,2.17E+08,3.56E+06,2285059,2285060,0,438200
100,2.07E+08,3.71E+06,2285060,2285060,0,400750
100,2.17E+08,3.92E+06,2285066,2285066,0,439650
100,2.07E+08,3.54E+06,2285067,2285057,0,400750
100,2.07E+08,3.56E+06,2285068,2285066,0,400750
100,2.02E+08,3.63E+06,2285075,2285076,0,384700
100,2.17E+08,3.59E+06,2285078,2285078,0,439650
100,2.02E+08,3.66E+06,2285079,2285079,0,384700
100,2.17E+08,3.56E+06,2285082,2285082,0,439650
100,2.17E+08,3.62E+06,2285083,2285083,0,438200
100,2.07E+08,3.62E+06,2285084,2285085,0,400650
100,2.17E+08,3.56E+06,2285084,2285084,0,439750
100,2.14E+08,3.56E+06,2285085,2285085,0,430550
100,2.17E+08,3.54E+06,2285085,2285083,0,439750
100,2.02E+08,3.60E+06,2285086,2285086,0,384700
100,2.14E+08,3.79E+06,2285087,2285087,0,430550
100,2.14E+08,3.55E+06,2285089,2285089,0,430550
100,2.17E+08,3.54E+06,2285089,2285085,0,439650
100,2.02E+08,3.66E+06,2285091,2285092,0,384700
100,1.99E+08,3.61E+06,2285098,2285099,0,372500
100,2.07E+08,3.60E+06,2285098,2285098,0,400750
100,2.07E+08,3.60E+06,2285100,2285100,0,400750
100,2.17E+08,3.54E+06,2285107,2285107,0,439750
100,2.17E+08,3.57E+06,2285110,2285110,0,439650
100,2.17E+08,3.55E+06,2285117,2285116,0,439650
100,2.02E+08,3.60E+06,2285132,2285134,0,384300
100,1.99E+08,3.56E+06,2285133,2285133,0,372500
100,2.14E+08,3.66E+06,2285133,2285133,0,430550
100,1.99E+08,4.07E+06,2285137,2285137,0,369550
100,2.07E+08,3.56E+06,2285138,2285141,0,400650
100,2.17E+08,3.62E+06,2285154,2285155,0,439750
100,2.02E+08,3.65E+06,2285157,2285158,0,384700
100,2.17E+08,3.60E+06,2285164,2285165,0,439650
100,2.02E+08,3.61E+06,2285169,2285168,0,384700
100,2.14E+08,3.55E+06,2285170,2285170,0,430550
100,2.04E+08,3.76E+06,2285185,2285184,0,389350
100,2.02E+08,3.62E+06,2285186,2285186,0,384700
100,2.02E+08,3.59E+06,2285196,2285196,0,384700
100,2.14E+08,3.61E+06,2285198,2285194,0,430550
100,2.17E+08,3.63E+06,2285204,2285203,0,439650
100,2.07E+08,3.55E+06,2285206,2285206,0,400750
100,2.17E+08,3.61E+06,2285209,2285207,0,439650
100,2.17E+08,3.62E+06,2285211,2285211,0,439650
100,2.07E+08,3.56E+06,2285215,2285215,0,400650
100,2.17E+08,3.65E+06,2285216,2285218,0,439650
100,2.02E+08,3.57E+06,2285227,2285231,0,384700
100,2.17E+08,3.58E+06,2285229,2285229,0,439750
100,1.99E+08,3.69E+06,2285232,2285232,0,371050
100,2.14E+08,3.54E+06,2285233,2285234,0,430550
100,2.17E+08,3.54E+06,2285233,2285233,0,439750
100,1.99E+08,3.62E+06,2285239,2285243,0,369550
100,2.07E+08,3.54E+06,2285241,2285241,0,400750
100,2.02E+08,3.61E+06,2285248,2285248,0,384700
100,2.17E+08,3.56E+06,2285248,2285248,0,439650
100,2.14E+08,3.57E+06,2285253,2285253,0,430550
100,1.99E+08,3.73E+06,2285255,2285253,0,372500
100,2.17E+08,3.54E+06,2285256,2285256,0,439650
100,2.14E+08,3.57E+06,2285263,2285263,0,430550
100,2.14E+08,3.55E+06,2285267,2285258,0,430550
100,2.14E+08,3.56E+06,2285268,2285267,0,430550
100,2.02E+08,3.63E+06,2285273,2285271,0,384700
100,2.17E+08,3.64E+06,2285274,2285274,0,439650
100,1.99E+08,3.77E+06,2285275,2285274,0,372500
100,2.17E+08,3.56E+06,2285277,2285278,0,439750
100,1.99E+08,3.60E+06,2285294,2285294,0,369550
100,2.07E+08,3.59E+06,2285299,2285300,0,399500
100,2.07E+08,3.66E+06,2285299,2285300,0,400750
100,2.17E+08,3.63E+06,2285300,2285300,0,439650
100,2.14E+08,3.57E+06,2285301,2285301,0,430550
100,1.99E+08,3.61E+06,2285303,2285301,0,369550
100,1.99E+08,3.65E+06,2285303,2285304,0,372500
100,2.14E+08,3.55E+06,2285303,2285303,0,430550
100,2.17E+08,3.67E+06,2285303,2285303,0,439650
100,2.14E+08,3.70E+06,2285316,2285316,0,430550
100,2.17E+08,3.56E+06,2285316,2285317,0,439650
100,2.07E+08,3.55E+06,2285323,2285323,0,400750
100,2.14E+08,3.58E+06,2285325,2285324,0,430550
100,1.99E+08,3.54E+06,2285326,2285323,0,369550
100,2.14E+08,3.61E+06,2285327,2285328,0,430550
100,2.14E+08,3.60E+06,2285329,2285325,0,430550
100,2.17E+08,3.67E+06,2285329,2285327,0,439650
100,2.07E+08,3.55E+06,2285330,2285331,0,400750
100,2.14E+08,3.58E+06,2285331,2285331,0,430550
100,2.17E+08,3.54E+06,2285340,2285340,0,439650
100,2.02E+08,3.80E+06,2285342,2285345,0,384700
100,2.07E+08,3.56E+06,2285345,2285344,0,400750
100,2.14E+08,3.59E+06,2285348,2285349,0,430550
100,2.14E+08,3.73E+06,2285353,2285353,0,430550
100,2.14E+08,3.54E+06,2285361,2285361,0,430550
100,2.02E+08,3.59E+06,2285362,2285360,0,384700
100,1.99E+08,3.61E+06,2285381,2285382,0,372500
100,2.07E+08,3.55E+06,2285381,2285381,0,400750
100,2.02E+08,3.55E+06,2285387,2285387,0,384700
100,2.17E+08,3.67E+06,2285388,2285391,0,439650
100,2.17E+08,3.55E+06,2285394,2285392,0,439750
100,2.17E+08,3.55E+06,2285400,2285400,0,439650
100,2.17E+08,3.55E+06,2285402,2285406,0,439650
100,1.99E+08,3.58E+06,2285404,2285404,0,372500
100,2.17E+08,3.54E+06,2285404,2285404,0,439750
100,2.02E+08,3.69E+06,2285405,2285403,0,384700
100,2.14E+08,3.58E+06,2285414,2285409,0,430550
100,2.14E+08,3.59E+06,2285415,2285402,0,430550
100,1.99E+08,3.57E+06,2285421,2285423,0,372500
100,2.07E+08,3.55E+06,2285423,2285426,0,400750
100,1.99E+08,3.57E+06,2285426,2285426,0,369550
100,1.99E+08,3.61E+06,2285427,2285428,0,372500
100,2.14E+08,3.55E+06,2285438,2285437,0,430550
100,2.17E+08,3.56E+06,2285450,2285450,0,439650
100,2.17E+08,3.54E+06,2285457,2285457,0,438200
100,2.14E+08,3.70E+06,2285458,2285458,0,430550
100,2.07E+08,3.54E+06,2285459,2285459,0,400750
100,1.99E+08,3.57E+06,2285460,2285458,0,372500
100,2.14E+08,3.55E+06,2285460,2285460,0,430550
100,2.17E+08,3.54E+06,2285465,2285465,0,439650
100,2.07E+08,3.60E+06,2285478,2285474,0,400650
100,2.17E+08,3.54E+06,2285478,2285476,0,439650
100,2.17E+08,3.57E+06,2285482,2285480,0,439650
100,2.02E+08,3.58E+06,2285485,2285485,0,384700
100,2.17E+08,3.54E+06,2285493,2285490,0,439750
100,2.07E+08,3.55E+06,2285494,2285494,0,400750
100,2.07E+08,3.72E+06,2285495,2285497,0,399500
100,2.17E+08,3.54E+06,2285495,2285495,0,439650
100,1.99E+08,3.62E+06,2285506,2285506,0,369550
100,2.15E+08,3.83E+06,2285509,2285512,0,431000
100,2.14E+08,3.61E+06,2285516,2285516,0,430550
100,2.17E+08,3.56E+06,2285521,2285519,0,439650
100,2.14E+08,3.54E+06,2285525,2285526,0,430550
100,2.14E+08,3.57E+06,2285526,2281059,0,430550
100,2.17E+08,3.55E+06,2285526,2285526,0,439750
100,2.07E+08,3.60E+06,2285531,2285531,0,400750
100,2.17E+08,3.57E+06,2285542,2285541,0,439650
100,2.14E+08,3.54E+06,2285544,2285545,0,430550
100,2.03E+08,3.72E+06,2285555,2285555,0,388300
100,2.02E+08,3.57E+06,2285558,2285557,0,384700
100,2.07E+08,3.55E+06,2285558,2285558,0,400650
100,2.07E+08,3.54E+06,2285562,2285562,0,400650
100,2.14E+08,3.54E+06,2285562,2285562,0,430550
100,2.07E+08,3.55E+06,2285563,2285564,0,400650
100,2.14E+08,3.59E+06,2285564,2285564,0,430550
100,1.99E+08,3.63E+06,2285566,2285568,0,372500
100,1.99E+08,3.72E+06,2285568,2285566,0,372500
100,2.07E+08,3.92E+06,2285568,2285568,0,399500
100,2.17E+08,3.54E+06,2285569,2285568,0,439650
100,2.07E+08,3.57E+06,2285570,2285570,0,400650
100,2.07E+08,3.54E+06,2285573,2285573,0,400650
100,2.07E+08,3.54E+06,2285573,2285576,0,400750
100,2.07E+08,3.54E+06,2285576,2285572,0,400750
100,2.14E+08,3.56E+06,2285579,2285579,0,430550
100,2.07E+08,3.57E+06,2285585,2285584,0,399500
100,1.99E+08,3.55E+06,2285598,2285598,0,372500
100,2.17E+08,3.55E+06,2285602,2285601,0,439750
100,2.14E+08,3.54E+06,2285606,2285606,0,430550
100,1.99E+08,3.55E+06,2285608,2285609,0,369550
100,2.07E+08,3.55E+06,2285611,2285613,0,400750
100,2.14E+08,3.56E+06,2285611,2285608,0,430550
100,1.99E+08,3.54E+06,2285615,2285615,0,372500
100,2.17E+08,3.72E+06,2285619,2285619,0,439650
100,2.02E+08,3.64E+06,2285620,2285620,0,384700
100,1.99E+08,3.61E+06,2285622,2285623,0,372500
100,2.17E+08,3.54E+06,2285625,2285624,0,439650
100,2.07E+08,3.56E+06,2285629,2285629,0,400750
100,2.14E+08,3.55E+06,2285639,2285636,0,430550
100,2.14E+08,3.54E+06,2285648,2285648,0,430550
100,2.14E+08,3.54E+06,2285650,2285650,0,430550
100,2.17E+08,3.54E+06,2285654,2285654,0,439650
100,2.04E+08,3.99E+06,2285658,2285652,0,389350
100,2.07E+08,3.64E+06,2285660,2285656,0,400750
100,2.14E+08,3.55E+06,2285664,2285664,0,430550
100,1.99E+08,3.58E+06,2285673,2285670,0,372500
100,2.02E+08,3.55E+06,2285674,2285671,0,384700
100,2.17E+08,3.54E+06,2285678,2285678,0,439650
100,2.17E+08,3.54E+06,2285679,2285679,0,439750
100,2.17E+08,3.54E+06,2285683,2285684,0,439650
100,2.17E+08,3.55E+06,2285695,2285692,0,439650
100,2.02E+08,3.62E+06,2285709,2285706,0,384700
100,2.14E+08,3.57E+06,2285711,2285711,0,430550
100,2.14E+08,3.56E+06,2285713,2285712,0,430550
100,1.99E+08,3.99E+06,2285714,2285710,0,372500
100,2.14E+08,3.54E+06,2285724,2285724,0,430550
100,2.17E+08,3.55E+06,2285729,2285730,0,439650
100,1.99E+08,3.54E+06,2285730,2285730,0,372500
100,2.07E+08,3.56E+06,2285730,2285728,0,400750
100,2.08E+08,4.06E+06,2285733,2285729,0,401600
100,2.14E+08,3.54E+06,2285736,2285737,0,430550
100,2.14E+08,3.58E+06,2285739,2285741,0,430550
100,2.17E+08,3.56E+06,2285744,2285745,0,439650
100,2.14E+08,3.57E+06,2285746,2285746,0,430550
100,2.14E+08,3.55E+06,2285753,2285753,0,430550
100,1.99E+08,3.59E+06,2285755,2285748,0,369550
100,2.17E+08,3.58E+06,2285757,2285753,0,439650
100,2.14E+08,3.56E+06,2285759,2285759,0,430550
100,2.17E+08,3.55E+06,2285759,2285759,0,439650
100,2.14E+08,3.56E+06,2285761,2285756,0,430550
100,2.14E+08,3.54E+06,2285761,2285761,0,430550
100,2.14E+08,3.54E+06,2285772,2285773,0,430550
100,2.14E+08,3.58E+06,2285772,2285772,0,430550
100,2.14E+08,3.59E+06,2285772,2285774,0,430550
100,2.07E+08,3.54E+06,2285778,2285775,0,400750
100,2.14E+08,3.55E+06,2285782,2285782,0,430550
100,2.17E+08,3.58E+06,2285785,2285788,0,439650
100,2.17E+08,3.56E+06,2285787,2285790,0,439750
100,2.17E+08,3.63E+06,2285788,2285788,0,439750
100,2.14E+08,3.55E+06,2285796,2285795,0,430550
100,2.02E+08,3.59E+06,2285809,2285810,0,384700
100,2.14E+08,3.55E+06,2285810,2285810,0,430550
100,2.17E+08,3.54E+06,2285810,2285810,0,439650
100,2.14E+08,3.58E+06,2285811,2285806,0,430550
100,2.17E+08,3.56E+06,2285813,2285815,0,439650
100,2.14E+08,3.56E+06,2285815,2285814,0,430550
100,2.17E+08,3.60E+06,2285816,2285816,0,439750
100,2.17E+08,3.54E+06,2285817,2285818,0,439650
100,2.14E+08,3.55E+06,2285820,2285820,0,430550
100,2.14E+08,3.64E+06,2285825,2285825,0,430550
100,2.01E+08,3.75E+06,2285826,2285828,0,382200
100,2.17E+08,3.61E+06,2285828,2285827,0,439650
100,2.14E+08,3.55E+06,2285838,2285839,0,430550
100,2.14E+08,3.56E+06,2285842,2285842,0,430550
100,2.02E+08,3.98E+06,2285849,2285848,0,384700
100,2.14E+08,3.73E+06,2285856,2285853,0,430550
100,2.14E+08,3.56E+06,2285857,2285857,0,430550
100,1.99E+08,3.62E+06,2285860,2285860,0,372500
100,2.14E+08,3.55E+06,2285860,2285858,0,430550
100,1.97E+08,4.06E+06,2285861,2285860,0,365700
100,2.17E+08,3.63E+06,2285861,2285861,0,439650
100,2.14E+08,3.55E+06,2285866,2285866,0,430550
100,2.14E+08,3.55E+06,2285868,2285866,0,430550
100,2.14E+08,3.56E+06,2285870,2285869,0,430550
100,2.14E+08,3.70E+06,2285890,2285890,0,430550
100,2.07E+08,3.55E+06,2285897,2285897,0,400650
100,2.14E+08,3.54E+06,2285902,2285901,0,430550
100,2.14E+08,3.54E+06,2285902,2285901,0,430550
100,2.14E+08,3.59E+06,2285903,2285903,0,430550
100,1.99E+08,3.81E+06,2285908,2285909,0,369450
100,2.17E+08,3.54E+06,2285914,2285912,0,439650
100,2.14E+08,3.61E+06,2285915,2285915,0,430550
100,2.14E+08,3.54E+06,2285918,2285920,0,430550
100,1.99E+08,3.54E+06,2285919,2285918,0,372500
100,2.14E+08,3.57E+06,2285930,2285931,0,430550
100,2.14E+08,3.57E+06,2285940,2285941,0,430550
100,2.03E+08,3.85E+06,2285942,2285942,0,387900
100,2.17E+08,3.55E+06,2285952,2285952,0,439650
100,2.14E+08,3.59E+06,2285953,2285953,0,430550
100,2.14E+08,3.55E+06,2285954,2285954,0,430550
100,2.17E+08,3.59E+06,2285956,2285953,0,439650
100,2.17E+08,3.60E+06,2285960,2285960,0,438200
100,2.02E+08,3.63E+06,2285966,2285966,0,384700
100,2.17E+08,3.63E+06,2285972,2285974,0,439650
100,2.14E+08,3.58E+06,2285973,2285971,0,430550
100,2.02E+08,3.63E+06,2285975,2285975,0,384700
100,2.14E+08,3.62E+06,2285975,2285976,0,430550
100,2.17E+08,3.57E+06,2285975,2285975,0,439750
100,2.14E+08,3.55E+06,2285976,2285978,0,430550
100,2.17E+08,3.70E+06,2285981,2285980,0,439750
100,2.17E+08,3.55E+06,2285987,2285984,0,439650
100,2.14E+08,3.58E+06,2285988,2285991,0,430550
100,2.14E+08,3.68E+06,2285998,2285995,0,430550
100,2.17E+08,3.55E+06,2286005,2286004,0,439650
100,2.14E+08,3.60E+06,2286008,2286008,0,430550
100,2.14E+08,3.58E+06,2286015,2286011,0,430550
100,1.99E+08,3.57E+06,2286016,2286009,0,372500
100,2.17E+08,3.55E+06,2286023,2286019,0,439650
100,2.02E+08,3.56E+06,2286027,2286027,0,384700
100,2.02E+08,3.58E+06,2286030,2286029,0,384700
100,2.14E+08,3.68E+06,2286033,2286030,0,430550
100,2.17E+08,3.66E+06,2286037,2286037,0,439650
100,2.14E+08,3.56E+06,2286040,2286040,0,430550
100,2.17E+08,3.54E+06,2286043,2286043,0,439650
100,2.02E+08,3.56E+06,2286049,2286047,0,384700
100,2.07E+08,3.55E+06,2286049,2286049,0,400750
100,2.17E+08,3.55E+06,2286049,2286050,0,439650
100,2.14E+08,3.95E+06,2286052,2286051,0,430550
100,2.07E+08,3.55E+06,2286056,2286055,0,400650
100,2.17E+08,3.55E+06,2286057,2286056,0,439650
100,2.14E+08,3.57E+06,2286062,2286062,0,430550
100,2.17E+08,3.55E+06,2286064,2286064,0,439650
100,2.17E+08,3.54E+06,2286064,2286064,0,439750
100,2.07E+08,3.56E+06,2286066,2286070,0,400750
100,2.14E+08,3.57E+06,2286067,2286066,0,430550
100,2.14E+08,3.57E+06,2286073,2286073,0,430550
100,2.17E+08,3.56E+06,2286076,2286076,0,439750
100,2.14E+08,3.55E+06,2286089,2286087,0,430550
100,2.14E+08,3.60E+06,2286103,2286107,0,430550
100,1.99E+08,3.57E+06,2286104,2286105,0,372500
100,2.02E+08,3.63E+06,2286111,2286109,0,384700
100,1.99E+08,3.54E+06,2286121,2286118,0,369550
100,2.04E+08,3.75E+06,2286126,2286126,0,390400
100,2.15E+08,3.72E+06,2286141,2286141,0,430550
100,2.14E+08,3.55E+06,2286143,2286142,0,430550
100,1.99E+08,3.54E+06,2286164,2286162,0,372500
100,2.07E+08,3.56E+06,2286164,2286164,0,400650
100,2.17E+08,3.56E+06,2286168,2286168,0,439650
100,2.02E+08,3.66E+06,2286169,2286171,0,384700
100,2.02E+08,3.54E+06,2286179,2286179,0,384700
100,2.17E+08,3.55E+06,2286180,2286180,0,439650
100,1.99E+08,3.55E+06,2286183,2286178,0,372500
100,2.17E+08,3.56E+06,2286185,2286184,0,439750
100,2.17E+08,3.54E+06,2286202,2286202,0,439750
100,1.99E+08,3.59E+06,2286211,2286211,0,369550
100,1.99E+08,3.58E+06,2286215,2286215,0,369550
100,2.07E+08,3.54E+06,2286216,2286215,0,400650
100,1.99E+08,3.94E+06,2286218,2286216,0,371700
100,2.07E+08,3.56E+06,2286231,2286234,0,400650
100,2.14E+08,3.55E+06,2286234,2286238,0,430550
100,2.17E+08,3.60E+06,2286236,2286237,0,439650
100,2.14E+08,3.55E+06,2286240,2286243,0,430550
100,2.07E+08,3.56E+06,2286241,2286242,0,400750
100,2.14E+08,3.55E+06,2286250,2286250,0,430550
100,2.02E+08,3.59E+06,2286256,2286256,0,384700
100,2.14E+08,3.57E+06,2286263,2286263,0,430550
100,2.14E+08,3.54E+06,2286272,2286264,0,430550
100,2.14E+08,3.58E+06,2286274,2286274,0,430550
100,2.07E+08,3.56E+06,2286277,2286277,0,400750
100,2.17E+08,3.54E+06,2286286,2286284,0,439650
100,2.14E+08,3.55E+06,2286293,2286293,0,430550
100,2.04E+08,3.74E+06,2286295,2286295,0,388450
100,2.17E+08,3.58E+06,2286300,2286300,0,439750
100,2.14E+08,3.59E+06,2286301,2286300,0,430550
100,1.98E+08,3.66E+06,2286304,2286305,0,367450
100,2.14E+08,3.54E+06,2286307,2286306,0,430550
100,2.14E+08,3.54E+06,2286317,2286317,0,430550
100,2.14E+08,3.73E+06,2286323,2286324,0,430550
100,2.02E+08,3.59E+06,2286327,2286327,0,384300
100,2.07E+08,3.55E+06,2286335,2286336,0,400650
100,2.17E+08,3.54E+06,2286336,2286336,0,439750
100,2.13E+08,3.89E+06,2286342,2286342,0,426450
100,1.99E+08,3.84E+06,2286344,2286344,0,372500
100,2.14E+08,3.62E+06,2286344,2286344,0,430550
100,2.14E+08,3.54E+06,2286345,2286344,0,430550
100,2.14E+08,3.55E+06,2286345,2286343,0,430550
100,2.08E+08,3.80E+06,2286346,2286346,0,401600
100,2.14E+08,3.57E+06,2286355,2286355,0,430550
100,1.99E+08,3.64E+06,2286358,2286358,0,372500
100,2.07E+08,3.58E+06,2286363,2286364,0,400750
100,2.02E+08,3.62E+06,2286369,2286369,0,384700
100,2.17E+08,3.55E+06,2286370,2286372,0,439750
100,2.02E+08,3.60E+06,2286373,2286372,0,384700
100,2.07E+08,3.56E+06,2286374,2286378,0,400650
100,2.14E+08,3.59E+06,2286376,2286377,0,430550
100,2.03E+08,3.84E+06,2286382,2286385,0,388450
100,2.17E+08,3.56E+06,2286385,2286385,0,439650
100,2.17E+08,3.59E+06,2286388,2286388,0,439650
100,2.14E+08,3.55E+06,2286389,2286389,0,430550
100,2.07E+08,3.57E+06,2286390,2286390,0,400750
100,2.07E+08,3.54E+06,2286393,2286393,0,400750
100,2.07E+08,3.56E+06,2286394,2286395,0,400650
100,2.07E+08,3.56E+06,2286394,2286395,0,400750
100,2.07E+08,3.55E+06,2286394,2286394,0,400750
100,2.17E+08,3.63E+06,2286400,2286396,0,439650
100,2.02E+08,3.60E+06,2286407,2286406,0,384300
100,2.07E+08,3.57E+06,2286409,2286409,0,399500
100,2.17E+08,3.55E+06,2286411,2286411,0,439750
100,2.07E+08,3.54E+06,2286412,2286412,0,400650
100,2.14E+08,3.57E+06,2286425,2286427,0,430550
100,2.01E+08,3.75E+06,2286429,2286429,0,381050
100,2.17E+08,3.61E+06,2286432,2286431,0,439650
100,2.02E+08,3.60E+06,2286435,2286435,0,384700
100,1.99E+08,3.93E+06,2286437,2286437,0,371700
100,2.17E+08,3.59E+06,2286444,2286444,0,439650
100,2.17E+08,3.59E+06,2286445,2286446,0,439750
100,2.14E+08,3.56E+06,2286449,2286449,0,430550
100,2.14E+08,3.54E+06,2286449,2286448,0,430550
100,2.05E+08,3.80E+06,2286462,2286462,0,391900
100,1.98E+08,3.77E+06,2286473,2286471,0,369450
100,2.14E+08,3.56E+06,2286475,2286477,0,430550
100,2.14E+08,3.54E+06,2286482,2286482,0,430550
100,2.14E+08,3.58E+06,2286486,2286485,0,430550
100,2.02E+08,3.62E+06,2286490,2286490,0,384700
100,2.14E+08,3.55E+06,2286494,2286494,0,430550
100,1.99E+08,3.66E+06,2286496,2286497,0,369550
100,2.07E+08,3.57E+06,2286507,2286508,0,400650
100,2.02E+08,3.71E+06,2286514,2286512,0,385000
100,2.07E+08,3.59E+06,2286515,2286515,0,400750
100,1.99E+08,3.54E+06,2286519,2286519,0,372500
100,2.14E+08,3.55E+06,2286522,2286522,0,430550
100,2.02E+08,3.67E+06,2286523,2286525,0,384700
100,2.07E+08,3.56E+06,2286523,2286523,0,399500
100,2.07E+08,3.54E+06,2286524,2286528,0,400750
100,2.07E+08,3.55E+06,2286534,2286534,0,400750
100,2.14E+08,3.58E+06,2286538,2286538,0,430550
100,2.02E+08,3.76E+06,2286547,2286545,0,385000
100,2.07E+08,3.56E+06,2286547,2286548,0,400650
100,2.17E+08,3.57E+06,2286547,2286546,0,439650
100,2.14E+08,3.55E+06,2286550,2286550,0,430550
100,2.17E+08,3.55E+06,2286551,2286549,0,439650
100,1.99E+08,3.57E+06,2286553,2286553,0,372500
100,2.02E+08,3.56E+06,2286553,2286552,0,384300
100,2.07E+08,3.55E+06,2286553,2286553,0,400750
100,2.17E+08,3.57E+06,2286553,2286554,0,439750
100,2.14E+08,3.60E+06,2286556,2286556,0,430550
100,2.14E+08,3.70E+06,2286556,2286557,0,430550
100,1.99E+08,3.74E+06,2286570,2286570,0,369550
100,2.14E+08,3.60E+06,2286571,2286571,0,430550
100,2.07E+08,3.54E+06,2286586,2286586,0,400750
100,2.07E+08,3.66E+06,2286588,2286588,0,399500
100,2.02E+08,3.58E+06,2286595,2286599,0,384700
100,1.99E+08,3.64E+06,2286601,2286598,0,371700
100,2.14E+08,3.57E+06,2286601,2286601,0,430550
100,2.14E+08,3.65E+06,2286602,2286593,0,430550
100,2.14E+08,3.54E+06,2286602,2286602,0,430550
100,2.07E+08,3.55E+06,2286604,2286604,0,400750
100,2.17E+08,3.56E+06,2286604,2286605,0,439650
100,2.14E+08,3.54E+06,2286610,2286613,0,430550
100,1.99E+08,3.86E+06,2286614,2286614,0,372500
100,2.14E+08,3.54E+06,2286616,2286615,0,430550
100,2.02E+08,3.54E+06,2286620,2286621,0,384700
100,2.17E+08,3.54E+06,2286623,2286619,0,439650
100,2.14E+08,3.65E+06,2286624,2286625,0,430550
100,2.14E+08,3.56E+06,2286626,2286626,0,430550
100,2.14E+08,3.63E+06,2286631,2286631,0,430550
100,2.17E+08,3.62E+06,2286633,2286633,0,439650
100,2.14E+08,3.56E+06,2286641,2286641,0,430550
100,1.99E+08,3.68E+06,2286644,2286645,0,372500
100,2.17E+08,3.55E+06,2286644,2286645,0,439750
100,2.14E+08,3.56E+06,2286647,2286645,0,430550
100,2.14E+08,3.56E+06,2286650,2286650,0,430550
100,2.14E+08,3.65E+06,2286651,2286653,0,430550
100,2.07E+08,3.55E+06,2286654,2286654,0,400750
100,2.14E+08,3.60E+06,2286654,2286653,0,430550
100,1.99E+08,3.58E+06,2286657,2286657,0,372500
100,1.99E+08,3.56E+06,2286661,2286664,0,369550
100,2.07E+08,3.70E+06,2286661,2286661,0,400750
100,2.17E+08,3.56E+06,2286661,2286666,0,439650
100,2.17E+08,3.57E+06,2286663,2286666,0,439650
100,2.02E+08,3.57E+06,2286673,2286672,0,384700
100,2.17E+08,3.54E+06,2286677,2286676,0,439650
100,2.14E+08,3.56E+06,2286678,2286679,0,430550
100,2.07E+08,3.68E+06,2286687,2286687,0,399500
100,2.07E+08,3.54E+06,2286693,2286689,0,400750
100,2.17E+08,3.69E+06,2286693,2286691,0,439650
100,2.17E+08,3.55E+06,2286696,2286697,0,439650
100,2.17E+08,3.60E+06,2286699,2286696,0,439650
100,2.02E+08,3.64E+06,2286701,2286698,0,384300
100,2.14E+08,3.55E+06,2286712,2286711,0,430550
100,2.17E+08,3.59E+06,2286714,2286715,0,439650
100,2.14E+08,3.59E+06,2286715,2286715,0,430550
100,2.17E+08,3.57E+06,2286718,2286719,0,439650
100,2.07E+08,3.57E+06,2286722,2286725,0,400750
100,2.17E+08,3.54E+06,2286724,2286725,0,439650
100,2.14E+08,3.55E+06,2286726,2286723,0,430550
100,2.02E+08,3.65E+06,2286733,2286734,0,384700
100,2.14E+08,3.84E+06,2286733,2286736,0,430550
100,1.99E+08,3.59E+06,2286735,2286734,0,372500
100,2.02E+08,3.63E+06,2286739,2286739,0,384700
100,2.17E+08,3.61E+06,2286740,2286735,0,439650
100,2.14E+08,3.56E+06,2286744,2286744,0,430550
100,1.99E+08,3.65E+06,2286747,2286744,0,372500
100,2.07E+08,3.57E+06,2286748,2286748,0,400750
100,2.14E+08,3.54E+06,2286749,2286749,0,430550
100,2.17E+08,3.60E+06,2286760,2286760,0,439650
100,1.99E+08,3.65E+06,2286761,2286762,0,372500
100,2.02E+08,3.56E+06,2286762,2286762,0,385000
100,2.17E+08,3.60E+06,2286762,2286762,0,439750
100,2.02E+08,3.56E+06,2286764,2286764,0,384700
100,2.07E+08,3.56E+06,2286766,2286767,0,400750
100,2.17E+08,3.54E+06,2286769,2286768,0,439650
100,2.14E+08,3.65E+06,2286770,2286771,0,430550
100,2.14E+08,3.59E+06,2286772,2286773,0,430550
100,2.07E+08,3.76E+06,2286785,2286783,0,399500
100,1.99E+08,3.97E+06,2286801,2286801,0,371500
100,2.17E+08,3.65E+06,2286803,2286803,0,439650
100,2.17E+08,3.67E+06,2286806,2286805,0,439750
100,1.99E+08,3.78E+06,2286809,2286809,0,369550
100,2.17E+08,3.61E+06,2286819,2286817,0,439650
100,2.07E+08,3.61E+06,2286820,2286820,0,400750
100,2.17E+08,3.57E+06,2286824,2286824,0,439650
100,2.17E+08,3.54E+06,2286834,2286830,0,439650
100,2.07E+08,3.56E+06,2286835,2286837,0,400650
100,2.14E+08,3.58E+06,2286837,2286837,0,430550
100,2.14E+08,3.61E+06,2286839,2286839,0,430550
100,2.17E+08,3.58E+06,2286844,2286844,0,439650
100,2.14E+08,3.58E+06,2286855,2286855,0,430550
100,2.17E+08,3.56E+06,2286858,2286859,0,439750
100,2.02E+08,3.57E+06,2286863,2286863,0,384700
100,2.07E+08,3.57E+06,2286866,2286865,0,400650
100,2.07E+08,3.56E+06,2286867,2286864,0,400650
100,1.99E+08,3.56E+06,2286872,2286872,0,372500
100,2.14E+08,3.64E+06,2286879,2286879,0,430550
100,2.07E+08,3.70E+06,2286883,2286883,0,399500
100,2.14E+08,3.65E+06,2286892,2286893,0,430550
100,2.17E+08,3.57E+06,2286897,2286896,0,439650
100,2.14E+08,3.56E+06,2286898,2286895,0,430550
100,2.07E+08,3.58E+06,2286904,2286904,0,400650
100,2.14E+08,3.56E+06,2286904,2286906,0,430550
100,1.90E+08,3.73E+06,2286913,2286911,0,342150
100,1.99E+08,3.58E+06,2286916,2286916,0,372500
100,2.02E+08,3.57E+06,2286929,2286927,0,384700
100,1.99E+08,3.59E+06,2286930,2286929,0,372500
100,2.14E+08,3.55E+06,2286930,2286929,0,430550
100,2.14E+08,3.58E+06,2286938,2286938,0,430550
100,2.17E+08,3.55E+06,2286941,2286940,0,439650
100,2.17E+08,3.75E+06,2286950,2286950,0,439750
100,2.17E+08,3.57E+06,2286954,2286954,0,439750
100,2.17E+08,3.59E+06,2286964,2286963,0,439650
100,2.07E+08,3.54E+06,2286969,2286970,0,400650
100,2.17E+08,3.54E+06,2286970,2286968,0,439750
100,2.07E+08,3.54E+06,2286973,2286974,0,400750
100,2.14E+08,3.56E+06,2286986,2286986,0,430550
100,2.14E+08,3.59E+06,2286986,2286985,0,430550
100,2.14E+08,3.55E+06,2286988,2286988,0,430550
100,2.07E+08,3.55E+06,2286989,2286992,0,400750
100,2.15E+08,3.84E+06,2286989,2286989,0,431000
100,2.07E+08,3.54E+06,2286998,2286996,0,400750
100,2.02E+08,3.60E+06,2287020,2287020,0,384700
100,2.14E+08,3.58E+06,2287020,2287021,0,430550
100,2.17E+08,3.58E+06,2287020,2287020,0,439650
100,2.07E+08,3.54E+06,2287025,2287025,0,400750
100,2.14E+08,3.57E+06,2287042,2287044,0,430550
100,2.14E+08,3.54E+06,2287047,2287046,0,430550
100,2.17E+08,3.57E+06,2287056,2287056,0,439650
100,2.17E+08,3.56E+06,2287057,2287053,0,439650
100,1.99E+08,3.58E+06,2287060,2287058,0,372500
100,2.14E+08,3.57E+06,2287060,2287057,0,430550
100,2.07E+08,3.56E+06,2287061,2287061,0,400650
100,2.17E+08,3.54E+06,2287067,2287067,0,439650
100,2.07E+08,3.66E+06,2287071,2287070,0,400650
100,2.15E+08,3.87E+06,2287071,2287071,0,430550
100,1.99E+08,3.57E+06,2287073,2287069,0,369550
100,2.07E+08,3.60E+06,2287074,2287072,0,400650
100,2.14E+08,3.57E+06,2287074,2287077,0,430550
100,2.14E+08,3.58E+06,2287078,2287078,0,430550
100,2.02E+08,3.59E+06,2287079,2287079,0,384300
100,2.14E+08,3.57E+06,2287079,2287079,0,430550
100,2.14E+08,3.64E+06,2287081,2287080,0,430550
100,2.08E+08,3.62E+06,2287085,2287087,0,401600
100,2.14E+08,3.58E+06,2287087,2287088,0,430550
100,2.07E+08,3.57E+06,2287097,2287097,0,399500
100,2.17E+08,3.63E+06,2287098,2287098,0,439650
100,1.99E+08,3.55E+06,2287104,2287104,0,372500
100,2.14E+08,3.55E+06,2287105,2287105,0,430550
100,2.07E+08,3.55E+06,2287118,2287117,0,400650
100,2.17E+08,3.70E+06,2287123,2287123,0,438200
100,2.17E+08,3.57E+06,2287129,2287128,0,439650
100,2.07E+08,3.55E+06,2287132,2287134,0,400750
100,2.07E+08,3.61E+06,2287133,2287131,0,400650
100,2.07E+08,3.59E+06,2287133,2287133,0,400750
100,2.02E+08,3.82E+06,2287140,2287142,0,384700
100,2.14E+08,3.62E+06,2287140,2287139,0,430550
100,2.07E+08,3.56E+06,2287152,2287153,0,400750
100,2.17E+08,3.65E+06,2287158,2287158,0,439650
100,2.07E+08,3.55E+06,2287160,2287161,0,400650
100,2.07E+08,3.55E+06,2287168,2287165,0,400750
100,2.17E+08,3.56E+06,2287170,2287169,0,439650
100,1.99E+08,3.62E+06,2287171,2287171,0,369550
100,2.17E+08,3.54E+06,2287172,2287173,0,439750
100,2.02E+08,3.55E+06,2287177,2287177,0,384700
100,1.99E+08,3.58E+06,2287181,2287181,0,372500
100,2.07E+08,3.56E+06,2287190,2287193,0,400750
100,2.17E+08,3.55E+06,2287190,2287190,0,439650
100,2.02E+08,3.57E+06,2287198,2287198,0,384700
100,2.14E+08,3.54E+06,2287206,2287206,0,430550
100,2.17E+08,3.62E+06,2287210,2287210,0,439650
100,2.17E+08,3.54E+06,2287221,2287221,0,439650
100,2.17E+08,3.55E+06,2287224,2287223,0,439750
100,2.07E+08,3.54E+06,2287227,2287227,0,400750
100,2.07E+08,3.58E+06,2287228,2287227,0,400750
100,2.07E+08,3.54E+06,2287228,2287229,0,400750
100,2.17E+08,3.56E+06,2287228,2287229,0,439650
100,2.17E+08,3.54E+06,2287235,2287235,0,439750
100,2.14E+08,3.55E+06,2287240,2287239,0,430550
100,2.02E+08,3.55E+06,2287241,2287238,0,384700
100,1.99E+08,3.71E+06,2287243,2287243,0,369550
100,2.02E+08,3.65E+06,2287244,2287238,0,384700
100,2.03E+08,3.70E+06,2287246,2287246,0,387900
100,2.17E+08,3.56E+06,2287246,2287246,0,439650
100,2.17E+08,3.59E+06,2287252,2287252,0,439750
100,1.99E+08,3.54E+06,2287254,2287254,0,372500
100,1.99E+08,3.58E+06,2287256,2287255,0,372500
100,2.07E+08,3.55E+06,2287256,2287260,0,400650
100,2.17E+08,3.61E+06,2287262,2287262,0,439750
100,2.07E+08,3.56E+06,2287268,2287268,0,400750
100,2.14E+08,3.54E+06,2287274,2287276,0,430550
100,2.17E+08,3.54E+06,2287274,2287274,0,439650
100,2.17E+08,3.61E+06,2287275,2287275,0,439650
100,2.14E+08,4.00E+06,2287279,2287276,0,430550
100,1.99E+08,3.55E+06,2287283,2287285,0,372500
100,2.07E+08,3.58E+06,2287284,2287284,0,400750
100,2.07E+08,3.54E+06,2287285,2287283,0,400750
100,2.02E+08,3.58E+06,2287290,2287290,0,384700
100,2.14E+08,3.64E+06,2287292,2287292,0,430550
100,2.17E+08,3.54E+06,2287294,2287293,0,439750
100,2.07E+08,3.57E+06,2287299,2287299,0,400650
100,2.17E+08,3.56E+06,2287300,2287300,0,439650
100,2.07E+08,3.58E+06,2287306,2287305,0,400650
100,2.07E+08,3.55E+06,2287306,2287308,0,400650
100,2.17E+08,3.58E+06,2287313,2287317,0,439650
100,2.07E+08,3.54E+06,2287315,2287317,0,400650
100,2.17E+08,3.55E+06,2287315,2287315,0,439650
100,2.07E+08,3.55E+06,2287322,2287322,0,400750
100,2.17E+08,3.55E+06,2287322,2287322,0,439650
100,2.14E+08,3.58E+06,2287331,2287331,0,430550
100,2.02E+08,3.69E+06,2287345,2287347,0,384700
100,2.07E+08,3.55E+06,2287346,2287345,0,400750
100,2.14E+08,3.78E+06,2287349,2287349,0,430550
100,2.14E+08,3.56E+06,2287349,2287344,0,430550
100,2.07E+08,3.54E+06,2287351,2287352,0,400750
100,2.17E+08,3.56E+06,2287352,2287353,0,439650
100,2.07E+08,3.58E+06,2287355,2287359,0,400650
100,2.17E+08,3.62E+06,2287371,2287372,0,439650
100,1.99E+08,3.62E+06,2287372,2287372,0,372500
100,2.17E+08,3.56E+06,2287378,2287377,0,439750
100,2.02E+08,3.54E+06,2287384,2287381,0,384700
100,2.07E+08,3.62E+06,2287387,2287389,0,400650
100,2.14E+08,3.54E+06,2287390,2287390,0,430550
100,2.02E+08,3.54E+06,2287393,2287393,0,384700
100,1.63E+08,3.57E+06,2287399,2287398,0,251550
100,2.17E+08,3.70E+06,2287399,2287399,0,439650
100,2.17E+08,3.56E+06,2287403,2287407,0,439650
100,2.17E+08,3.56E+06,2287404,2287404,0,439650
100,2.14E+08,3.63E+06,2287405,2287404,0,430550
100,2.07E+08,3.65E+06,2287415,2287412,0,400750
100,2.14E+08,3.66E+06,2287415,2287415,0,430550
100,2.17E+08,3.56E+06,2287416,2287413,0,439650
100,2.17E+08,3.56E+06,2287419,2287417,0,439650
100,2.17E+08,3.54E+06,2287420,2287420,0,439750
100,2.17E+08,3.55E+06,2287430,2287430,0,439650
100,2.02E+08,3.58E+06,2287435,2287431,0,384700
100,2.14E+08,3.57E+06,2287435,2287433,0,430550
100,2.17E+08,3.58E+06,2287437,2287437,0,439650
100,2.02E+08,3.67E+06,2287442,2287441,0,384700
100,2.05E+08,3.78E+06,2287446,2287446,0,396450
100,1.99E+08,3.58E+06,2287450,2287450,0,372500
100,2.17E+08,3.55E+06,2287455,2287450,0,439650
100,2.17E+08,3.55E+06,2287458,2287457,0,439650
100,1.99E+08,3.70E+06,2287469,2287469,0,371500
100,2.02E+08,3.56E+06,2287474,2287474,0,384700
100,2.14E+08,3.62E+06,2287474,2287474,0,430550
100,2.02E+08,3.56E+06,2287475,2287473,0,384700
100,2.14E+08,3.56E+06,2287475,2287475,0,430550
100,2.17E+08,3.61E+06,2287480,2287478,0,439650
100,2.14E+08,3.54E+06,2287485,2287485,0,430550
100,2.07E+08,3.55E+06,2287486,2287485,0,400650
100,1.99E+08,3.70E+06,2287498,2287498,0,369550
100,2.15E+08,3.77E+06,2287499,2287497,0,430550
100,2.17E+08,3.68E+06,2287500,2287500,0,439650
100,2.17E+08,3.54E+06,2287500,2287500,0,439750
100,2.17E+08,3.54E+06,2287504,2287504,0,439650
100,2.17E+08,3.54E+06,2287504,2287506,0,439650
100,2.07E+08,3.74E+06,2287508,2287510,0,400750
100,2.02E+08,3.68E+06,2287511,2287512,0,384300
100,1.99E+08,3.61E+06,2287513,2287510,0,372500
100,2.07E+08,3.54E+06,2287515,2287516,0,400650
100,2.17E+08,3.54E+06,2287522,2287522,0,439750
100,1.99E+08,3.57E+06,2287524,2287524,0,369550
100,2.07E+08,3.56E+06,2287527,2287527,0,400650
100,2.14E+08,3.54E+06,2287527,2287526,0,430550
100,2.14E+08,3.56E+06,2287527,2287524,0,430550
100,2.14E+08,3.56E+06,2287528,2287528,0,430550
100,2.07E+08,3.63E+06,2287534,2287534,0,399500
100,2.07E+08,3.57E+06,2287537,2287537,0,400750
100,2.14E+08,3.59E+06,2287538,2287537,0,430550
100,1.99E+08,3.59E+06,2287539,2287539,0,369550
100,1.99E+08,3.67E+06,2287542,2287542,0,369550
100,1.99E+08,3.56E+06,2287544,2287544,0,372500
100,2.14E+08,3.54E+06,2287545,2287546,0,430550
100,2.14E+08,3.58E+06,2287552,2287552,0,430550
100,2.17E+08,3.54E+06,2287554,2287555,0,439650
100,2.14E+08,3.55E+06,2287558,2287557,0,430550
100,1.99E+08,3.58E+06,2287563,2287563,0,372500
100,2.14E+08,3.58E+06,2287563,2287563,0,430550
100,2.14E+08,3.55E+06,2287564,2287563,0,430550
100,2.07E+08,3.77E+06,2287568,2287568,0,400650
100,2.02E+08,3.57E+06,2287569,2287569,0,384700
100,1.99E+08,3.70E+06,2287571,2287571,0,372500
100,1.99E+08,4.03E+06,2287577,2287576,0,372500
100,2.07E+08,3.55E+06,2287578,2287578,0,400750
100,2.07E+08,3.59E+06,2287584,2287583,0,400750
100,2.14E+08,3.56E+06,2287584,2287584,0,430550
100,2.17E+08,3.54E+06,2287584,2287586,0,439650
100,2.17E+08,3.55E+06,2287584,2287584,0,439650
100,2.14E+08,3.54E+06,2287585,2287585,0,430550
100,2.14E+08,3.55E+06,2287585,2287584,0,430550
100,2.14E+08,3.60E+06,2287589,2287588,0,430550
100,2.07E+08,3.55E+06,2287592,2287591,0,400650
100,2.17E+08,3.54E+06,2287600,2287600,0,439650
100,2.14E+08,3.54E+06,2287607,2287607,0,430550
100,1.99E+08,3.66E+06,2287611,2287615,0,369550
100,1.99E+08,3.58E+06,2287612,2287612,0,369550
100,2.02E+08,3.71E+06,2287614,2287614,0,384300
100,2.17E+08,3.55E+06,2287623,2287625,0,439750
100,2.17E+08,3.54E+06,2287626,2287626,0,439650
100,2.02E+08,3.62E+06,2287630,2287630,0,384700
100,2.17E+08,3.59E+06,2287631,2287631,0,439750
100,1.99E+08,3.82E+06,2287634,2287635,0,372500
100,2.17E+08,3.57E+06,2287643,2287643,0,439650
100,2.17E+08,3.72E+06,2287644,2287644,0,438200
100,2.17E+08,3.57E+06,2287645,2287645,0,439650
100,2.07E+08,3.55E+06,2287651,2287651,0,400650
100,2.14E+08,3.55E+06,2287652,2287648,0,430550
100,2.14E+08,3.64E+06,2287668,2287668,0,430550
100,2.17E+08,3.60E+06,2287669,2287669,0,439650
100,2.17E+08,3.55E+06,2287676,2287676,0,439650
100,2.17E+08,3.58E+06,2287678,2287677,0,439650
100,2.17E+08,3.63E+06,2287680,2287676,0,439650
100,2.07E+08,3.66E+06,2287691,2287691,0,400750
100,2.07E+08,3.59E+06,2287695,2287695,0,400750
100,2.14E+08,3.70E+06,2287695,2287695,0,430550
100,2.14E+08,3.55E+06,2287696,2287696,0,430550
100,2.07E+08,3.54E+06,2287698,2287700,0,400750
100,1.99E+08,3.63E+06,2287704,2287702,0,372500
100,2.14E+08,3.54E+06,2287706,2287707,0,430550
100,2.17E+08,3.56E+06,2287706,2287706,0,439650
100,2.17E+08,3.61E+06,2287713,2287714,0,439650
100,2.07E+08,3.62E+06,2287714,2287715,0,400650
100,2.17E+08,3.54E+06,2287715,2287716,0,439650
100,2.14E+08,3.62E+06,2287721,2287725,0,430550
100,2.17E+08,3.57E+06,2287734,2287737,0,439650
100,2.07E+08,3.64E+06,2287735,2287735,0,400650
100,2.14E+08,3.58E+06,2287750,2287750,0,430550
100,1.99E+08,3.55E+06,2287753,2287754,0,372500
100,2.17E+08,3.60E+06,2287754,2287754,0,439650
100,2.17E+08,3.59E+06,2287762,2287762,0,439650
100,2.02E+08,3.67E+06,2287767,2287769,0,384700
100,2.02E+08,3.66E+06,2287771,2287772,0,384300
100,1.99E+08,3.55E+06,2287773,2287772,0,372500
100,2.14E+08,3.57E+06,2287775,2287774,0,430550
100,2.17E+08,3.58E+06,2287775,2287776,0,439750
100,2.14E+08,3.60E+06,2287776,2287776,0,430550
100,2.14E+08,3.70E+06,2287778,2287778,0,430550
100,1.99E+08,3.94E+06,2287779,2287779,0,370400
100,2.04E+08,3.81E+06,2287786,2287787,0,389350
100,2.17E+08,3.65E+06,2287786,2287786,0,438200
100,2.02E+08,3.58E+06,2287793,2287793,0,384700
100,2.14E+08,3.55E+06,2287794,2287794,0,430550
100,2.07E+08,3.56E+06,2287799,2287800,0,400750
100,1.85E+08,4.12E+06,2287804,2287804,0,331400
100,2.02E+08,3.57E+06,2287804,2287804,0,384700
100,2.17E+08,3.58E+06,2287807,2287809,0,439750
100,2.17E+08,3.54E+06,2287809,2287808,0,439650
100,2.14E+08,3.54E+06,2287814,2287815,0,430550
100,2.07E+08,3.58E+06,2287815,2287816,0,400750
100,2.17E+08,3.54E+06,2287816,2287816,0,439650
100,2.07E+08,3.57E+06,2287818,2287819,0,400750
100,2.14E+08,3.71E+06,2287824,2287824,0,430550
100,2.17E+08,3.55E+06,2287828,2287828,0,439650
100,2.14E+08,3.56E+06,2287843,2287843,0,430550
100,1.99E+08,4.01E+06,2287849,2287849,0,374550
100,2.07E+08,3.55E+06,2287852,2287845,0,400650
100,2.17E+08,3.81E+06,2287854,2287854,0,439650
100,2.07E+08,3.54E+06,2287859,2287859,0,400650
100,2.02E+08,3.68E+06,2287860,2287859,0,384700
100,2.17E+08,3.55E+06,2287866,2287866,0,439750
100,1.99E+08,3.55E+06,2287872,2287872,0,369550
100,2.14E+08,3.59E+06,2287874,2287872,0,430550
100,2.07E+08,3.54E+06,2287879,2287879,0,400750
100,1.99E+08,3.58E+06,2287881,2287881,0,372500
100,2.05E+08,3.97E+06,2287882,2287882,0,392100
100,2.17E+08,3.54E+06,2287883,2287886,0,439650
100,2.02E+08,3.57E+06,2287885,2287886,0,384700
100,2.17E+08,3.60E+06,2287886,2287888,0,439750
100,2.07E+08,3.56E+06,2287887,2287887,0,400650
100,2.07E+08,3.54E+06,2287887,2287890,0,400650
100,2.14E+08,3.54E+06,2287887,2287887,0,430550
100,2.14E+08,3.54E+06,2287904,2287906,0,430550
100,2.17E+08,3.55E+06,2287904,2287901,0,439650
100,2.14E+08,3.64E+06,2287912,2287914,0,430550
100,2.17E+08,3.56E+06,2287914,2287919,0,439750
100,2.07E+08,3.55E+06,2287920,2287920,0,400750
100,2.02E+08,3.54E+06,2287930,2287930,0,384700
100,2.17E+08,3.63E+06,2287931,2287931,0,439650
100,2.17E+08,3.54E+06,2287934,2287936,0,439650
100,1.99E+08,3.86E+06,2287940,2287938,0,369550
100,2.14E+08,3.57E+06,2287943,2287942,0,430550
100,1.98E+08,3.65E+06,2287945,2287947,0,367050
100,2.14E+08,3.60E+06,2287946,2287946,0,430550
100,2.17E+08,3.76E+06,2287970,2287970,0,438200
100,2.14E+08,3.55E+06,2287973,2287974,0,430550
100,2.15E+08,3.75E+06,2287981,2287983,0,430550
100,2.14E+08,3.56E+06,2287989,2287989,0,430550
100,2.02E+08,3.59E+06,2287990,2287985,0,384700
100,2.07E+08,3.54E+06,2287991,2287989,0,400750
100,1.96E+08,3.81E+06,2287994,2287994,0,358700
100,2.02E+08,3.87E+06,2287995,2287994,0,385000
100,1.99E+08,3.58E+06,2287999,2287998,0,372500
100,2.04E+08,3.79E+06,2287999,2288000,0,389350
100,2.07E+08,3.56E+06,2288000,2288000,0,400750
100,2.17E+08,3.55E+06,2288004,2288004,0,439650
100,2.17E+08,3.55E+06,2288010,2288010,0,439750
100,2.17E+08,3.60E+06,2288011,2288010,0,439650
100,2.17E+08,3.55E+06,2288017,2288017,0,439650
100,2.14E+08,3.56E+06,2288018,2288018,0,430550
100,2.17E+08,3.56E+06,2288020,2288020,0,439750
100,2.07E+08,3.56E+06,2288023,2288025,0,400750
100,2.17E+08,3.60E+06,2288029,2288018,0,439650
100,2.17E+08,3.56E+06,2288029,2288026,0,439650
100,2.07E+08,3.54E+06,2288031,2288029,0,400750
100,2.17E+08,3.54E+06,2288035,2288037,0,439750
100,2.02E+08,3.92E+06,2288043,2288044,0,384700
100,2.14E+08,3.86E+06,2288044,2288042,0,430550
100,2.14E+08,3.54E+06,2288049,2288050,0,430550
100,2.14E+08,3.56E+06,2288050,2288050,0,430550
100,2.17E+08,3.59E+06,2288050,2288048,0,439650
100,2.17E+08,3.56E+06,2288052,2288051,0,439650
100,2.17E+08,3.56E+06,2288058,2288058,0,439650
100,2.17E+08,3.57E+06,2288058,2288055,0,439650
100,2.02E+08,3.59E+06,2288059,2288059,0,384700
100,2.14E+08,3.54E+06,2288062,2288064,0,430550
100,2.02E+08,3.60E+06,2288072,2288072,0,384700
100,2.17E+08,3.59E+06,2288078,2288076,0,439650
100,2.17E+08,3.57E+06,2288079,2288080,0,439650
100,2.17E+08,3.56E+06,2288079,2288075,0,439650
100,2.14E+08,3.56E+06,2288081,2288078,0,430550
100,2.07E+08,3.56E+06,2288084,2288084,0,400750
100,2.14E+08,3.56E+06,2288090,2288087,0,430550
100,1.99E+08,3.54E+06,2288093,2288094,0,369550
100,2.17E+08,3.56E+06,2288093,2288093,0,439650
100,2.07E+08,3.54E+06,2288099,2288101,0,400650
100,2.14E+08,3.56E+06,2288101,2288103,0,430550
100,2.14E+08,3.54E+06,2288104,2288104,0,430550
100,2.02E+08,3.75E+06,2288106,2288103,0,384300
100,2.02E+08,3.57E+06,2288108,2288106,0,384300
100,2.17E+08,3.59E+06,2288111,2288112,0,439650
100,2.17E+08,3.57E+06,2288111,2288110,0,439650
100,2.17E+08,3.59E+06,2288121,2288121,0,439650
100,2.14E+08,3.55E+06,2288122,2288120,0,430550
100,2.02E+08,3.59E+06,2288132,2288131,0,384300
100,2.02E+08,3.84E+06,2288134,2288133,0,384700
100,2.07E+08,3.65E+06,2288135,2288133,0,400650
100,2.07E+08,3.62E+06,2288136,2288136,0,400650
100,2.07E+08,3.61E+06,2288137,2288138,0,400750
100,2.02E+08,3.60E+06,2288138,2288141,0,384700
100,2.07E+08,3.55E+06,2288139,2288139,0,400750
100,2.14E+08,3.57E+06,2288139,2288139,0,430550
100,1.99E+08,3.61E+06,2288140,2288140,0,369550
100,2.14E+08,3.55E+06,2288142,2288142,0,430550
100,2.14E+08,3.59E+06,2288148,2288148,0,430550
100,2.14E+08,3.56E+06,2288163,2288165,0,430550
100,2.07E+08,3.56E+06,2288168,2288167,0,400750
100,1.99E+08,3.65E+06,2288173,2288176,0,372500
100,2.07E+08,3.55E+06,2288175,2288174,0,400650
100,2.07E+08,3.54E+06,2288177,2288175,0,400650
100,2.07E+08,3.55E+06,2288181,2288178,0,400650
100,2.17E+08,3.56E+06,2288183,2288184,0,439650
100,2.03E+08,3.66E+06,2288189,2288189,0,387100
100,1.99E+08,3.69E+06,2288203,2288202,0,369550
100,2.02E+08,3.72E+06,2288215,2288219,0,384700
100,1.99E+08,3.65E+06,2288231,2288230,0,372500
100,1.99E+08,3.55E+06,2288234,2288233,0,369550
100,2.07E+08,3.56E+06,2288238,2288240,0,400650
100,2.17E+08,3.55E+06,2288238,2288239,0,439650
100,2.07E+08,3.56E+06,2288240,2288240,0,400750
100,2.17E+08,3.55E+06,2288247,2288246,0,439650
100,2.17E+08,3.56E+06,2288252,2288252,0,439650
100,1.96E+08,3.61E+06,2288253,2288253,0,359800
100,2.07E+08,3.63E+06,2288258,2288258,0,400750
100,2.14E+08,3.56E+06,2288263,2288262,0,430550
100,2.14E+08,3.55E+06,2288270,2288267,0,430550
100,2.07E+08,3.59E+06,2288271,2288271,0,400650
100,2.17E+08,3.54E+06,2288271,2288271,0,439650
100,2.17E+08,3.54E+06,2288273,2288273,0,439650
100,2.14E+08,3.57E+06,2288274,2288276,0,430550
100,2.17E+08,3.54E+06,2288283,2288283,0,439650
100,2.14E+08,3.55E+06,2288287,2288287,0,430550
100,1.99E+08,3.62E+06,2288288,2288288,0,372500
100,2.14E+08,3.73E+06,2288293,2288293,0,430550
100,2.14E+08,3.56E+06,2288293,2288293,0,430550
100,2.14E+08,3.55E+06,2288295,2288294,0,430550
100,2.14E+08,3.55E+06,2288298,2288299,0,430550
100,2.17E+08,3.56E+06,2288300,2288298,0,439650
100,2.17E+08,3.55E+06,2288304,2288304,0,439650
100,2.14E+08,3.60E+06,2288309,2288311,0,430550
100,2.07E+08,3.57E+06,2288310,2288311,0,400650
100,1.99E+08,3.60E+06,2288313,2288312,0,372500
100,2.14E+08,3.56E+06,2288319,2288318,0,430550
100,2.07E+08,3.55E+06,2288324,2288324,0,400650
100,2.02E+08,3.62E+06,2288330,2288332,0,384700
100,2.17E+08,3.55E+06,2288332,2288332,0,439650
100,2.14E+08,3.57E+06,2288334,2288331,0,430550
100,2.14E+08,3.75E+06,2288337,2288336,0,430550
100,2.02E+08,3.61E+06,2288338,2288337,0,384700
100,1.99E+08,3.62E+06,2288340,2288338,0,369550
100,1.99E+08,3.56E+06,2288351,2288351,0,372500
100,2.17E+08,3.57E+06,2288351,2288351,0,439650
100,2.17E+08,3.58E+06,2288370,2288371,0,439650
100,2.17E+08,3.55E+06,2288373,2288372,0,439650
100,1.97E+08,3.85E+06,2288375,2288376,0,365250
100,2.17E+08,3.57E+06,2288375,2288373,0,439650
100,2.17E+08,3.58E+06,2288377,2288377,0,439650
100,2.07E+08,3.56E+06,2288385,2288386,0,400750
100,2.17E+08,3.61E+06,2288389,2288389,0,438200
100,2.14E+08,3.64E+06,2288390,2288390,0,430550
100,1.99E+08,3.57E+06,2288393,2288393,0,372500
100,2.07E+08,3.54E+06,2288393,2288393,0,400650
100,2.14E+08,3.55E+06,2288397,2288397,0,430550
100,2.14E+08,3.56E+06,2288400,2288401,0,430550
100,2.14E+08,3.55E+06,2288406,2288403,0,430550
100,2.02E+08,3.67E+06,2288407,2288407,0,384300
100,2.02E+08,3.58E+06,2288407,2288407,0,384700
100,1.99E+08,3.60E+06,2288421,2288421,0,372500
100,2.07E+08,3.55E+06,2288423,2288427,0,400750
100,2.17E+08,3.69E+06,2288424,2288424,0,439750
100,2.14E+08,3.56E+06,2288429,2288429,0,430550
100,2.17E+08,3.55E+06,2288429,2288429,0,439650
100,2.07E+08,3.56E+06,2288430,2288427,0,400750
100,2.14E+08,3.55E+06,2288433,2288432,0,430550
100,2.02E+08,3.54E+06,2288435,2288435,0,384700
100,2.17E+08,3.59E+06,2288440,2288440,0,439650
100,2.17E+08,3.63E+06,2288449,2288449,0,439650
100,2.07E+08,3.54E+06,2288451,2288450,0,400650
100,2.02E+08,3.59E+06,2288457,2288458,0,384700
100,1.99E+08,3.56E+06,2288460,2288462,0,372500
100,2.17E+08,3.55E+06,2288460,2288460,0,439750
100,2.07E+08,3.67E+06,2288466,2288466,0,400750
100,2.14E+08,3.56E+06,2288466,2288461,0,430550
100,2.17E+08,3.61E+06,2288481,2288481,0,439650
100,2.07E+08,3.65E+06,2288483,2288481,0,400750
100,2.17E+08,3.57E+06,2288486,2288486,0,439650
100,2.17E+08,3.61E+06,2288487,2288485,0,439650
100,1.99E+08,3.58E+06,2288490,2288491,0,369550
100,2.07E+08,3.59E+06,2288490,2288485,0,400650
100,2.07E+08,3.54E+06,2288493,2288495,0,400750
100,2.07E+08,3.57E+06,2288498,2288499,0,400750
100,2.07E+08,3.54E+06,2288499,2288499,0,400750
100,2.07E+08,3.63E+06,2288499,2288499,0,400750
100,2.17E+08,3.56E+06,2288503,2288498,0,439650
100,2.17E+08,3.79E+06,2288509,2288509,0,439650
100,2.14E+08,3.56E+06,2288520,2288521,0,430550
100,2.17E+08,3.57E+06,2288522,2288521,0,439650
100,1.99E+08,3.54E+06,2288536,2288536,0,372500
100,2.07E+08,3.57E+06,2288537,2288541,0,400650
100,2.14E+08,3.57E+06,2288538,2288539,0,430550
100,2.14E+08,3.62E+06,2288539,2288538,0,430550
100,2.17E+08,3.55E+06,2288541,2288543,0,439650
100,2.07E+08,3.54E+06,2288555,2288555,0,400750
100,2.14E+08,3.55E+06,2288557,2288557,0,430550
100,1.99E+08,3.54E+06,2288560,2288558,0,372500
100,2.14E+08,3.54E+06,2288564,2288561,0,430550
100,2.17E+08,3.59E+06,2288567,2288564,0,439650
100,2.02E+08,3.57E+06,2288568,2288566,0,384300
100,2.17E+08,3.54E+06,2288569,2288569,0,439750
100,1.99E+08,3.76E+06,2288572,2288573,0,372500
100,2.14E+08,3.54E+06,2288573,2288572,0,430550
100,2.17E+08,3.54E+06,2288574,2288574,0,439650
100,2.14E+08,3.58E+06,2288575,2288575,0,430550
100,2.14E+08,3.58E+06,2288575,2288575,0,430550
100,2.05E+08,3.84E+06,2288582,2288582,0,392100
100,2.17E+08,3.56E+06,2288583,2288583,0,439650
100,2.14E+08,3.76E+06,2288585,2288584,0,430550
100,2.03E+08,3.73E+06,2288587,2288586,0,388300
100,2.17E+08,3.55E+06,2288593,2288593,0,439650
100,2.07E+08,3.59E+06,2288594,2288593,0,400650
100,2.02E+08,3.67E+06,2288596,2288597,0,384700
100,2.07E+08,3.92E+06,2288607,2288609,0,399500
100,2.14E+08,3.55E+06,2288609,2288609,0,430550
100,2.14E+08,3.75E+06,2288616,2288617,0,430550
100,2.17E+08,3.57E+06,2288619,2288619,0,439650
100,1.99E+08,3.56E+06,2288623,2288621,0,372500
100,2.14E+08,3.54E+06,2288623,2288623,0,430550
100,2.17E+08,3.58E+06,2288626,2288626,0,439650
100,1.99E+08,3.54E+06,2288631,2288631,0,372500
100,2.17E+08,3.59E+06,2288633,2288632,0,439750
100,2.07E+08,3.55E+06,2288635,2288635,0,400750
100,1.99E+08,3.58E+06,2288641,2288641,0,372500
100,2.02E+08,3.59E+06,2288647,2288646,0,384700
100,2.17E+08,3.73E+06,2288648,2288648,0,439650
100,2.14E+08,3.76E+06,2288655,2288655,0,430550
100,2.17E+08,3.57E+06,2288659,2288658,0,439650
100,2.07E+08,3.56E+06,2288662,2288662,0,400750
100,2.17E+08,3.56E+06,2288665,2288666,0,439650
100,2.07E+08,3.62E+06,2288670,2288671,0,400650
100,2.14E+08,3.65E+06,2288671,2288671,0,430550
100,2.14E+08,3.54E+06,2288676,2288675,0,430550
100,2.17E+08,3.62E+06,2288677,2288677,0,439650
100,2.07E+08,3.58E+06,2288683,2288683,0,400650
100,1.99E+08,3.61E+06,2288687,2288686,0,372500
100,2.07E+08,3.54E+06,2288693,2288693,0,400650
100,2.14E+08,3.56E+06,2288701,2288706,0,430550
100,2.07E+08,3.57E+06,2288704,2288699,0,400650
100,2.14E+08,3.55E+06,2288704,2288705,0,430550
100,2.17E+08,3.68E+06,2288705,2288705,0,438200
100,2.14E+08,3.57E+06,2288708,2288708,0,430550
100,1.99E+08,3.54E+06,2288709,2288709,0,372500
100,2.14E+08,3.56E+06,2288716,2288716,0,430550
100,2.14E+08,3.61E+06,2288719,2288717,0,430550
100,2.14E+08,3.63E+06,2288720,2288718,0,430550
100,2.07E+08,3.57E+06,2288726,2288726,0,400650
100,2.07E+08,3.54E+06,2288731,2288732,0,400650
100,2.17E+08,3.97E+06,2288732,2288730,0,438350
100,2.07E+08,3.58E+06,2288734,2288734,0,400650
100,2.07E+08,3.63E+06,2288739,2288739,0,400750
100,2.14E+08,3.56E+06,2288742,2288742,0,430550
100,2.14E+08,3.64E+06,2288746,2288746,0,430550
100,2.07E+08,3.54E+06,2288747,2288747,0,400650
100,2.02E+08,3.65E+06,2288752,2288752,0,384700
100,2.05E+08,4.09E+06,2288758,2288758,0,392100
100,2.14E+08,3.69E+06,2288758,2288758,0,430550
100,2.14E+08,3.55E+06,2288762,2288760,0,430550
100,2.14E+08,3.67E+06,2288769,2288769,0,430550
100,1.99E+08,3.62E+06,2288770,2288772,0,372500
100,2.14E+08,3.62E+06,2288771,2288769,0,430550
100,2.02E+08,3.58E+06,2288773,2288773,0,384700
100,2.14E+08,3.54E+06,2288773,2288773,0,430550
100,2.17E+08,3.57E+06,2288773,2288774,0,439650
100,2.07E+08,3.54E+06,2288776,2288779,0,400750
100,2.02E+08,3.57E+06,2288777,2288775,0,384300
100,2.14E+08,3.57E+06,2288777,2288775,0,430550
100,1.99E+08,3.66E+06,2288782,2288783,0,372500
100,1.99E+08,3.55E+06,2288793,2288793,0,372500
100,2.07E+08,3.58E+06,2288793,2288792,0,400750
100,1.99E+08,3.56E+06,2288794,2288794,0,372500
100,1.99E+08,3.59E+06,2288795,2288796,0,372500
100,2.14E+08,3.60E+06,2288797,2288797,0,430550
100,2.04E+08,4.28E+06,2288800,2288800,0,390400
100,1.99E+08,3.57E+06,2288803,2288803,0,372500
100,2.14E+08,3.67E+06,2288808,2288808,0,430550
100,2.14E+08,3.54E+06,2288812,2288813,0,430550
100,2.14E+08,3.56E+06,2288813,2288813,0,430550
100,2.07E+08,3.59E+06,2288815,2288815,0,400650
100,2.07E+08,3.57E+06,2288815,2288815,0,400650
100,1.99E+08,3.58E+06,2288819,2288819,0,369550
100,2.14E+08,3.62E+06,2288822,2288820,0,430550
100,2.07E+08,3.55E+06,2288841,2288841,0,400750
100,2.02E+08,3.60E+06,2288842,2288842,0,384700
100,2.07E+08,3.55E+06,2288842,2288841,0,400650
100,2.17E+08,3.63E+06,2288842,2288841,0,439750
100,2.14E+08,3.56E+06,2288847,2288839,0,430550
100,2.14E+08,3.55E+06,2288854,2288854,0,430550
100,2.02E+08,3.56E+06,2288856,2288855,0,384700
100,2.14E+08,3.60E+06,2288856,2288855,0,430550
100,2.17E+08,3.57E+06,2288856,2288854,0,439650
100,2.14E+08,3.54E+06,2288859,2288860,0,430550
100,2.07E+08,3.56E+06,2288860,2288860,0,400650
100,2.17E+08,3.63E+06,2288865,2288865,0,439650
100,2.14E+08,3.56E+06,2288866,2288863,0,430550
100,2.14E+08,3.55E+06,2288874,2288875,0,430550
100,2.04E+08,3.72E+06,2288878,2288877,0,389350
100,2.02E+08,3.58E+06,2288883,2288886,0,384700
100,2.07E+08,3.77E+06,2288888,2288888,0,400650
100,2.14E+08,3.55E+06,2288889,2288889,0,430550
100,2.02E+08,3.62E+06,2288892,2288890,0,384300
100,2.17E+08,3.57E+06,2288898,2288900,0,439650
100,2.17E+08,3.55E+06,2288899,2288895,0,439650
100,2.07E+08,3.58E+06,2288901,2288903,0,400750
100,2.07E+08,3.54E+06,2288902,2288901,0,400650
100,2.07E+08,3.54E+06,2288904,2288905,0,400650
100,2.04E+08,3.95E+06,2288905,2288905,0,389350
100,2.07E+08,3.67E+06,2288912,2288912,0,400750
100,2.17E+08,3.67E+06,2288917,2288918,0,439750
100,2.17E+08,3.70E+06,2288938,2288936,0,439650
100,1.99E+08,3.56E+06,2288939,2288939,0,372500
100,2.14E+08,3.60E+06,2288940,2288940,0,430550
100,2.17E+08,3.57E+06,2288940,2288940,0,439650
100,2.07E+08,3.54E+06,2288947,2288949,0,400650
100,2.07E+08,3.57E+06,2288947,2288947,0,400650
100,2.07E+08,3.56E+06,2288947,2288945,0,400750
100,2.07E+08,3.55E+06,2288948,2288948,0,400750
100,2.07E+08,3.71E+06,2288950,2288950,0,400750
100,2.17E+08,3.58E+06,2288956,2288951,0,439650
100,2.07E+08,3.54E+06,2288957,2288957,0,400750
100,2.17E+08,3.57E+06,2288965,2288965,0,439750
100,2.07E+08,4.23E+06,2288966,2288966,0,400650
100,2.14E+08,3.61E+06,2288966,2288968,0,430550
100,2.14E+08,3.66E+06,2288975,2288975,0,430550
100,2.14E+08,3.59E+06,2288976,2288977,0,430550
100,2.17E+08,3.60E+06,2288976,2288977,0,438200
100,2.14E+08,3.54E+06,2288981,2288980,0,430550
100,2.17E+08,3.81E+06,2288981,2288979,0,438200
100,2.14E+08,3.59E+06,2288985,2288985,0,430550
100,1.89E+08,3.60E+06,2288988,2288988,0,338350
100,2.17E+08,3.54E+06,2288988,2288990,0,439650
100,2.07E+08,3.56E+06,2288992,2288987,0,400650
100,2.14E+08,3.55E+06,2288992,2288994,0,430550
100,2.17E+08,3.61E+06,2288993,2288993,0,439750
100,2.17E+08,3.54E+06,2288996,2288996,0,439650
100,1.99E+08,3.72E+06,2289000,2289000,0,371050
100,2.17E+08,3.54E+06,2289003,2289002,0,439650
100,2.17E+08,3.64E+06,2289015,2289017,0,439650
100,1.99E+08,3.55E+06,2289017,2289013,0,369550
100,2.14E+08,3.69E+06,2289022,2289022,0,430550
100,2.14E+08,3.56E+06,2289028,2289027,0,430550
100,2.17E+08,3.64E+06,2289031,2289031,0,439750
100,2.07E+08,3.55E+06,2289032,2289035,0,400750
100,2.14E+08,3.57E+06,2289034,2289034,0,430550
100,2.01E+08,3.71E+06,2289047,2289048,0,382650
100,2.14E+08,3.56E+06,2289047,2289047,0,430550
100,2.17E+08,3.61E+06,2289050,2289048,0,439650
100,2.15E+08,3.84E+06,2289059,2289059,0,431000
100,2.17E+08,3.77E+06,2289061,2289061,0,439650
100,2.17E+08,3.55E+06,2289063,2289062,0,439650
100,2.17E+08,3.54E+06,2289063,2289063,0,439750
100,2.17E+08,3.60E+06,2289069,2289070,0,439650
100,2.07E+08,3.55E+06,2289071,2289072,0,400650
100,2.14E+08,3.56E+06,2289072,2289075,0,430550
100,2.17E+08,3.71E+06,2289072,2289072,0,438200
100,2.02E+08,3.63E+06,2289073,2289072,0,384700
100,2.17E+08,3.56E+06,2289075,2289073,0,439650
100,1.99E+08,3.61E+06,2289078,2289079,0,369550
100,2.17E+08,3.55E+06,2289081,2289081,0,438200
100,2.17E+08,3.58E+06,2289081,2289082,0,439650
100,2.07E+08,3.58E+06,2289090,2289090,0,400750
100,2.14E+08,3.57E+06,2289091,2289090,0,430550
100,2.07E+08,3.57E+06,2289092,2289090,0,400750
100,2.14E+08,3.70E+06,2289095,2289094,0,430550
100,2.07E+08,3.54E+06,2289096,2289094,0,400650
100,2.17E+08,3.89E+06,2289099,2289099,0,438200
100,2.14E+08,3.57E+06,2289115,2289115,0,430550
100,2.14E+08,3.54E+06,2289116,2289115,0,430550
100,2.14E+08,3.70E+06,2289117,2289118,0,430550
100,2.17E+08,3.69E+06,2289125,2289124,0,438200
100,2.14E+08,3.55E+06,2289126,2289126,0,430550
100,2.14E+08,3.59E+06,2289126,2289126,0,430550
100,2.17E+08,3.55E+06,2289131,2289129,0,439650
100,2.07E+08,3.55E+06,2289140,2289140,0,400650
100,2.07E+08,3.55E+06,2289140,2289139,0,400750
100,2.14E+08,3.54E+06,2289149,2289150,0,430550
100,2.07E+08,3.58E+06,2289154,2289157,0,400650
100,2.02E+08,3.59E+06,2289161,2289161,0,384700
100,2.02E+08,3.60E+06,2289164,2289164,0,384700
100,2.17E+08,3.67E+06,2289166,2289166,0,439650
100,2.17E+08,3.57E+06,2289177,2289177,0,438200
100,2.17E+08,3.57E+06,2289183,2289184,0,439650
100,2.02E+08,3.66E+06,2289191,2289192,0,384700
100,2.07E+08,3.54E+06,2289191,2289192,0,400650
100,2.17E+08,3.60E+06,2289193,2289193,0,439650
100,2.14E+08,3.60E+06,2289200,2289202,0,430550
100,1.99E+08,3.62E+06,2289201,2289203,0,372500
100,2.17E+08,3.62E+06,2289207,2289208,0,439650
100,2.17E+08,3.57E+06,2289210,2289208,0,439650
100,2.17E+08,3.54E+06,2289210,2289213,0,439750
100,2.07E+08,3.57E+06,2289211,2289210,0,400650
100,2.07E+08,3.54E+06,2289211,2289211,0,400750
100,2.04E+08,3.76E+06,2289218,2289219,0,389000
100,2.07E+08,3.56E+06,2289222,2289223,0,400750
100,2.07E+08,3.60E+06,2289224,2289222,0,400750
100,2.14E+08,3.54E+06,2289230,2289230,0,430550
100,2.07E+08,3.59E+06,2289232,2289231,0,400750
100,2.14E+08,3.56E+06,2289246,2289245,0,430550
100,1.99E+08,3.55E+06,2289249,2289249,0,369550
100,2.07E+08,3.55E+06,2289256,2289253,0,400750
100,2.02E+08,3.57E+06,2289258,2289256,0,384700
100,2.04E+08,3.66E+06,2289258,2289258,0,388450
100,1.99E+08,3.67E+06,2289259,2289260,0,371050
100,2.17E+08,3.59E+06,2289259,2289259,0,439650
100,2.17E+08,3.65E+06,2289259,2289259,0,439650
100,2.07E+08,3.55E+06,2289260,2289260,0,400650
100,2.17E+08,3.55E+06,2289260,2289259,0,438200
100,1.99E+08,3.56E+06,2289267,2289267,0,372500
100,2.14E+08,3.55E+06,2289273,2289273,0,430550
100,2.02E+08,3.60E+06,2289284,2289284,0,384700
100,2.07E+08,3.54E+06,2289284,2289284,0,400750
100,2.14E+08,3.58E+06,2289287,2289288,0,430550
100,2.15E+08,3.93E+06,2289291,2289291,0,430550
100,2.17E+08,3.54E+06,2289293,2289293,0,439750
100,2.17E+08,3.54E+06,2289307,2289307,0,439650
100,2.14E+08,3.57E+06,2289313,2289309,0,430550
100,2.14E+08,3.56E+06,2289326,2289327,0,430550
100,1.99E+08,3.86E+06,2289328,2289324,0,369550
100,2.07E+08,3.56E+06,2289334,2289326,0,400750
100,2.07E+08,3.54E+06,2289336,2289333,0,400750
100,2.14E+08,3.55E+06,2289337,2289335,0,430550
100,2.14E+08,3.59E+06,2289340,2289341,0,430550
100,2.17E+08,3.54E+06,2289349,2289347,0,439650
100,2.02E+08,3.71E+06,2289350,2289350,0,384700
100,2.13E+08,3.65E+06,2289351,2289350,0,426450
100,2.14E+08,3.57E+06,2289356,2289355,0,430550
100,2.14E+08,3.57E+06,2289364,2289365,0,430550
100,2.14E+08,3.56E+06,2289369,2289369,0,430550
100,2.07E+08,3.76E+06,2289370,2289370,0,400750
100,2.14E+08,3.55E+06,2289378,2289380,0,430550
100,2.17E+08,3.78E+06,2289380,2289380,0,438350
100,2.17E+08,3.79E+06,2289382,2289382,0,438200
100,2.07E+08,3.58E+06,2289385,2289385,0,400750
100,2.17E+08,3.55E+06,2289385,2289385,0,439650
100,2.02E+08,3.55E+06,2289397,2289394,0,384300
100,2.07E+08,3.61E+06,2289399,2289395,0,400650
100,2.17E+08,3.59E+06,2289410,2289409,0,439650
100,2.05E+08,3.95E+06,2289413,2289412,0,392100
100,2.07E+08,3.80E+06,2289414,2289414,0,400750
100,2.14E+08,3.61E+06,2289417,2289416,0,430550
100,2.07E+08,3.54E+06,2289419,2289418,0,400650
100,2.07E+08,3.58E+06,2289421,2289423,0,400650
100,2.07E+08,3.59E+06,2289429,2289429,0,400650
100,1.99E+08,3.58E+06,2289433,2289432,0,369550
100,2.07E+08,3.55E+06,2289433,2289434,0,400650
100,2.07E+08,3.56E+06,2289436,2289432,0,400650
100,2.07E+08,3.60E+06,2289438,2289441,0,400650
100,2.17E+08,3.55E+06,2289453,2289450,0,439650
100,1.99E+08,3.78E+06,2289457,2289457,0,369550
100,2.17E+08,3.55E+06,2289465,2289464,0,439650
100,2.14E+08,3.54E+06,2289467,2289467,0,430550
100,2.07E+08,3.55E+06,2289483,2289485,0,400650
100,2.14E+08,3.56E+06,2289487,2289487,0,430550
100,2.17E+08,3.64E+06,2289487,2289488,0,439750
100,2.07E+08,3.55E+06,2289489,2289488,0,400750
100,2.14E+08,3.54E+06,2289504,2289504,0,430550
100,2.07E+08,3.55E+06,2289505,2289497,0,400650
100,1.99E+08,3.58E+06,2289507,2289510,0,372500
100,2.14E+08,3.56E+06,2289510,2289510,0,430550
100,1.99E+08,3.72E+06,2289513,2289503,0,372500
100,2.17E+08,3.54E+06,2289521,2289521,0,439650
100,2.17E+08,3.56E+06,2289528,2289529,0,439750
100,1.99E+08,3.59E+06,2289531,2289531,0,372500
100,2.14E+08,3.56E+06,2289531,2289528,0,430550
100,2.17E+08,3.58E+06,2289535,2289535,0,439650
100,2.17E+08,3.64E+06,2289537,2289532,0,439750
100,2.02E+08,3.55E+06,2289539,2289539,0,384700
100,2.17E+08,3.56E+06,2289540,2289541,0,439650
100,2.14E+08,3.56E+06,2289541,2289539,0,430550
100,2.07E+08,3.57E+06,2289547,2289547,0,400650
100,2.17E+08,3.58E+06,2289554,2289552,0,439650
100,2.14E+08,3.55E+06,2289557,2289557,0,430550
100,2.04E+08,3.71E+06,2289565,2289564,0,388450
100,2.17E+08,3.56E+06,2289569,2289569,0,439650
100,2.17E+08,3.57E+06,2289570,2289566,0,439650
100,2.07E+08,3.55E+06,2289572,2289572,0,400650
100,2.17E+08,3.57E+06,2289573,2289572,0,439650
100,1.99E+08,3.67E+06,2289580,2289580,0,372500
100,2.14E+08,3.58E+06,2289581,2289581,0,430550
100,2.02E+08,3.77E+06,2289590,2289590,0,384700
100,2.17E+08,3.59E+06,2289593,2289593,0,439750
100,2.14E+08,3.54E+06,2289597,2289598,0,430550
100,1.99E+08,3.56E+06,2289599,2289598,0,369550
100,2.14E+08,3.55E+06,2289601,2289602,0,430550
100,2.14E+08,3.58E+06,2289602,2289603,0,430550
100,2.02E+08,3.64E+06,2289610,2289613,0,384300
100,1.99E+08,3.59E+06,2289613,2289613,0,372500
100,2.17E+08,3.54E+06,2289618,2289618,0,439750
100,2.14E+08,3.54E+06,2289624,2289622,0,430550
100,2.17E+08,3.56E+06,2289626,2289628,0,439650
100,2.07E+08,3.57E+06,2289628,2289626,0,400650
100,2.17E+08,3.57E+06,2289633,2289634,0,439650
100,2.07E+08,3.54E+06,2289640,2289639,0,400650
100,2.17E+08,3.54E+06,2289640,2289643,0,439750
100,2.04E+08,3.74E+06,2289641,2289638,0,389350
100,2.17E+08,3.67E+06,2289641,2289637,0,439750
100,2.14E+08,3.57E+06,2289644,2289644,0,430550
100,2.14E+08,3.58E+06,2289644,2289644,0,430550
100,2.02E+08,3.55E+06,2289655,2289655,0,384700
100,1.99E+08,3.67E+06,2289659,2289658,0,372500
100,2.14E+08,3.56E+06,2289659,2289655,0,430550
100,2.14E+08,3.60E+06,2289661,2289661,0,430550
100,2.07E+08,3.55E+06,2289665,2289664,0,400750
100,2.14E+08,3.54E+06,2289669,2289668,0,430550
100,2.17E+08,3.54E+06,2289673,2289674,0,439650
100,2.01E+08,4.15E+06,2289676,2289675,0,382650
100,2.02E+08,3.60E+06,2289680,2289680,0,384700
100,2.05E+08,3.74E+06,2289686,2289686,0,392150
100,2.14E+08,3.66E+06,2289688,2289688,0,430550
100,2.14E+08,3.55E+06,2289689,2289688,0,430550
100,2.02E+08,3.59E+06,2289693,2289696,0,384700
100,2.14E+08,3.54E+06,2289693,2289694,0,430550
100,2.02E+08,3.60E+06,2289694,2289694,0,384700
100,2.02E+08,3.54E+06,2289696,2289695,0,384300
100,2.14E+08,3.56E+06,2289698,2289701,0,430550
100,2.07E+08,3.62E+06,2289705,2289705,0,400750
100,2.17E+08,3.83E+06,2289710,2289709,0,439650
100,2.14E+08,3.55E+06,2289718,2289718,0,430550
100,2.07E+08,3.67E+06,2289724,2289724,0,400750
100,2.17E+08,3.56E+06,2289735,2289735,0,439750
100,2.17E+08,3.57E+06,2289736,2289736,0,439650
100,2.17E+08,3.54E+06,2289739,2289740,0,439650
100,2.14E+08,3.54E+06,2289761,2289760,0,430550
100,2.07E+08,3.54E+06,2289762,2289757,0,400650
100,1.99E+08,3.59E+06,2289766,2289766,0,369550
100,2.02E+08,3.74E+06,2289766,2289766,0,385150
100,1.99E+08,3.54E+06,2289769,2289770,0,372500
100,2.17E+08,3.60E+06,2289771,2289772,0,439650
100,2.07E+08,3.54E+06,2289776,2289776,0,400750
100,2.17E+08,3.68E+06,2289786,2289786,0,439750
100,2.07E+08,3.55E+06,2289794,2289795,0,400750
100,2.17E+08,3.65E+06,2289815,2289816,0,439650
100,2.17E+08,3.54E+06,2289826,2289825,0,439650
100,1.99E+08,3.63E+06,2289831,2289827,0,369550
100,1.99E+08,3.63E+06,2289831,2289831,0,372500
100,2.14E+08,3.57E+06,2289846,2289849,0,430550
100,1.99E+08,4.12E+06,2289848,2289848,0,371700
100,2.01E+08,3.72E+06,2289865,2289866,0,381050
100,2.14E+08,3.57E+06,2289869,2289869,0,430550
100,2.07E+08,3.56E+06,2289871,2289872,0,400750
100,2.17E+08,3.55E+06,2289873,2289873,0,439650
100,2.17E+08,3.54E+06,2289873,2289874,0,439750
100,1.99E+08,3.60E+06,2289874,2289874,0,372500
100,2.17E+08,3.55E+06,2289878,2289878,0,439650
100,1.99E+08,3.61E+06,2289879,2289878,0,369550
100,2.07E+08,3.57E+06,2289879,2289879,0,400750
100,1.99E+08,3.73E+06,2289890,2289890,0,372500
100,2.07E+08,3.54E+06,2289895,2289896,0,400750
100,2.15E+08,3.80E+06,2289898,2289896,0,433550
100,1.99E+08,3.60E+06,2289903,2289907,0,372500
100,2.17E+08,3.56E+06,2289903,2289903,0,439650
100,2.02E+08,3.67E+06,2289908,2289912,0,384700
100,2.14E+08,3.58E+06,2289914,2289913,0,430550
100,2.17E+08,3.54E+06,2289914,2289914,0,439650
100,2.14E+08,3.56E+06,2289915,2289915,0,430550
100,2.17E+08,3.56E+06,2289915,2289910,0,439650
100,2.07E+08,3.61E+06,2289918,2289918,0,400650
100,2.14E+08,3.86E+06,2289924,2289925,0,430550
100,2.17E+08,3.56E+06,2289928,2289929,0,439650
100,2.02E+08,3.64E+06,2289930,2289933,0,384700
100,2.14E+08,3.55E+06,2289931,2289930,0,430550
100,1.99E+08,3.62E+06,2289933,2289933,0,372500
100,2.14E+08,3.56E+06,2289935,2289936,0,430550
100,2.17E+08,3.56E+06,2289936,2289936,0,439650
100,2.08E+08,3.59E+06,2289939,2289939,0,401600
100,1.99E+08,3.58E+06,2289941,2289941,0,372500
100,1.99E+08,3.54E+06,2289948,2289948,0,369550
100,2.07E+08,3.61E+06,2289956,2289956,0,400650
100,2.14E+08,3.58E+06,2289956,2289957,0,430550
100,2.07E+08,3.57E+06,2289959,2289959,0,400650
100,2.14E+08,3.58E+06,2289962,2289962,0,430550
100,2.14E+08,3.54E+06,2289962,2289961,0,430550
100,1.99E+08,3.75E+06,2289963,2289963,0,369550
100,2.17E+08,3.55E+06,2289968,2289967,0,439650
100,2.02E+08,3.54E+06,2289972,2289972,0,384700
100,2.17E+08,3.67E+06,2289980,2289976,0,439650
100,2.04E+08,3.71E+06,2289983,2289984,0,389000
100,2.07E+08,3.54E+06,2289983,2289982,0,400750
100,2.07E+08,3.57E+06,2289988,2289988,0,400650
100,2.17E+08,3.55E+06,2289989,2289989,0,439650
100,2.14E+08,3.58E+06,2289991,2289991,0,430550
100,2.07E+08,3.54E+06,2289992,2289985,0,400650
100,2.14E+08,3.87E+06,2289992,2289990,0,430550
100,2.07E+08,3.54E+06,2289993,2289993,0,400650
100,2.17E+08,3.58E+06,2289999,2289999,0,439650
100,2.17E+08,3.56E+06,2289999,2289999,0,439650
100,1.99E+08,3.64E+06,2290000,2290000,0,372500
100,2.02E+08,3.66E+06,2290001,2290001,0,384700
100,2.04E+08,3.74E+06,2290004,2290003,0,389250
100,2.17E+08,3.60E+06,2290005,2290000,0,438200
100,2.02E+08,3.61E+06,2290006,2290004,0,384700
100,1.99E+08,3.57E+06,2290009,2290008,0,369550
100,2.14E+08,3.65E+06,2290010,2290011,0,430550
100,2.07E+08,3.57E+06,2290011,2290011,0,400750
100,2.07E+08,3.54E+06,2290012,2290013,0,400650
100,2.07E+08,3.63E+06,2290013,2290014,0,400650
100,2.17E+08,3.57E+06,2290014,2290014,0,439650
100,1.99E+08,3.55E+06,2290017,2290017,0,372500
100,2.14E+08,3.63E+06,2290019,2290019,0,430550
100,2.15E+08,3.85E+06,2290022,2290012,0,431000
100,2.14E+08,3.57E+06,2290027,2290027,0,430550
100,2.07E+08,3.58E+06,2290028,2290028,0,400750
100,1.99E+08,3.55E+06,2290029,2290029,0,372500
100,2.17E+08,3.76E+06,2290035,2290034,0,439650
100,2.17E+08,3.55E+06,2290037,2290037,0,439650
100,2.07E+08,3.54E+06,2290040,2290040,0,400650
100,2.07E+08,3.54E+06,2290040,2290040,0,400750
100,2.17E+08,3.56E+06,2290043,2290043,0,439650
100,2.17E+08,3.54E+06,2290045,2290045,0,439650
100,2.14E+08,3.56E+06,2290049,2290050,0,430550
100,2.14E+08,3.57E+06,2290054,2290054,0,430550
100,2.07E+08,3.55E+06,2290056,2290058,0,400650
100,2.02E+08,3.56E+06,2290061,2290061,0,384300
100,2.07E+08,3.54E+06,2290061,2290061,0,400750
100,2.17E+08,3.63E+06,2290065,2290065,0,439650
100,2.07E+08,3.54E+06,2290068,2290068,0,400750
100,2.14E+08,3.57E+06,2290068,2290068,0,430550
100,2.14E+08,3.61E+06,2290070,2290071,0,430550
100,1.99E+08,3.59E+06,2290077,2290077,0,369550
100,2.14E+08,3.54E+06,2290079,2290070,0,430550
100,2.07E+08,3.54E+06,2290091,2290091,0,400650
100,2.04E+08,3.70E+06,2290100,2290095,0,389350
100,2.07E+08,3.54E+06,2290104,2290104,0,400650
100,2.17E+08,3.58E+06,2290107,2290109,0,439650
100,2.17E+08,3.68E+06,2290110,2290110,0,439650
100,2.14E+08,3.54E+06,2290112,2290113,0,430550
100,2.02E+08,3.70E+06,2290113,2290112,0,384700
100,2.07E+08,3.61E+06,2290113,2290116,0,399500
100,1.99E+08,3.75E+06,2290114,2290114,0,372500
100,2.14E+08,3.55E+06,2290114,2290114,0,430550
100,2.14E+08,3.60E+06,2290116,2290117,0,430550
100,2.17E+08,3.55E+06,2290117,2290119,0,439650
100,2.14E+08,3.58E+06,2290126,2290126,0,430550
100,2.14E+08,3.56E+06,2290130,2290130,0,430550
100,2.14E+08,3.65E+06,2290137,2290137,0,430550
100,2.14E+08,3.55E+06,2290139,2290140,0,430550
100,2.17E+08,3.55E+06,2290140,2290140,0,439650
100,2.02E+08,3.71E+06,2290144,2290143,0,385300
100,1.99E+08,3.65E+06,2290150,2290150,0,372500
100,2.07E+08,3.58E+06,2290151,2290150,0,400750
100,2.07E+08,3.55E+06,2290155,2290155,0,400750
100,2.17E+08,3.75E+06,2290156,2290157,0,439650
100,2.14E+08,3.57E+06,2290158,2290159,0,430550
100,2.14E+08,3.57E+06,2290167,2290167,0,430550
100,2.07E+08,3.55E+06,2290172,2290172,0,399500
100,1.99E+08,3.54E+06,2290175,2290178,0,369550
100,2.07E+08,3.54E+06,2290184,2290184,0,400650
100,2.14E+08,3.55E+06,2290184,2290184,0,430550
100,2.07E+08,3.55E+06,2290185,2290186,0,400750
100,2.17E+08,3.57E+06,2290190,2290186,0,439650
100,2.14E+08,3.66E+06,2290196,2290196,0,430550
100,2.17E+08,3.72E+06,2290204,2290204,0,439650
100,2.07E+08,3.56E+06,2290206,2290205,0,400750
100,2.02E+08,3.54E+06,2290208,2290209,0,384700
100,2.17E+08,3.64E+06,2290212,2290211,0,439650
100,2.07E+08,3.55E+06,2290214,2290214,0,400750
100,2.17E+08,3.55E+06,2290214,2290215,0,439750
100,2.07E+08,3.55E+06,2290254,2290252,0,400650
100,2.14E+08,3.57E+06,2290254,2290253,0,430550
100,2.14E+08,3.66E+06,2290254,2290254,0,430550
100,2.14E+08,3.54E+06,2290259,2290258,0,430550
100,1.99E+08,3.59E+06,2290260,2290263,0,372500
100,1.99E+08,3.59E+06,2290261,2290258,0,372500
100,2.17E+08,3.61E+06,2290261,2290261,0,439650
100,2.17E+08,3.54E+06,2290261,2290261,0,439750
100,2.17E+08,3.59E+06,2290263,2290263,0,439650
100,2.07E+08,3.54E+06,2290264,2290265,0,400750
100,2.02E+08,3.54E+06,2290273,2290273,0,384700
100,2.17E+08,3.95E+06,2290283,2290284,0,439650
100,2.07E+08,3.57E+06,2290290,2290290,0,400650
100,2.17E+08,3.56E+06,2290294,2290287,0,439650
100,2.17E+08,3.57E+06,2290301,2290301,0,439750
100,2.17E+08,3.54E+06,2290302,2290301,0,439650
100,2.17E+08,3.55E+06,2290302,2290304,0,439650
100,2.14E+08,3.57E+06,2290306,2290306,0,430550
100,1.99E+08,3.72E+06,2290307,2290307,0,372500
100,1.99E+08,3.56E+06,2290311,2290312,0,372500
100,2.14E+08,3.54E+06,2290320,2290322,0,430550
100,2.07E+08,3.54E+06,2290322,2290323,0,400650
100,2.07E+08,3.54E+06,2290325,2290325,0,400750
100,2.14E+08,3.64E+06,2290325,2290325,0,430550
100,2.17E+08,3.61E+06,2290328,2290328,0,438200
100,2.17E+08,3.73E+06,2290328,2290330,0,439750
100,2.17E+08,3.60E+06,2290332,2290332,0,439650
100,2.14E+08,3.60E+06,2290335,2290335,0,430550
100,2.17E+08,3.57E+06,2290340,2290339,0,439650
100,2.14E+08,3.56E+06,2290343,2290343,0,430550
100,2.17E+08,3.56E+06,2290344,2290335,0,439750
100,2.17E+08,3.57E+06,2290347,2290351,0,439750
100,2.07E+08,3.55E+06,2290349,2290349,0,400650
100,1.99E+08,3.59E+06,2290361,2290361,0,372500
100,2.17E+08,3.62E+06,2290366,2290361,0,438200
100,2.14E+08,3.55E+06,2290373,2290374,0,430550
100,2.14E+08,3.54E+06,2290380,2290380,0,430550
100,2.07E+08,3.56E+06,2290383,2290383,0,400650
100,2.08E+08,3.74E+06,2290383,2290383,0,401600
100,2.08E+08,3.71E+06,2290388,2290388,0,401600
100,2.13E+08,3.84E+06,2290402,2290400,0,426450
100,2.17E+08,3.57E+06,2290403,2290400,0,439650
100,2.14E+08,3.54E+06,2290408,2290408,0,430550
100,1.99E+08,3.56E+06,2290410,2290409,0,369550
100,2.14E+08,3.55E+06,2290416,2290417,0,430550
100,1.99E+08,3.54E+06,2290417,2290418,0,369550
100,1.96E+08,3.90E+06,2290419,2290422,0,359400
100,2.17E+08,3.56E+06,2290419,2290416,0,439650
100,2.02E+08,3.63E+06,2290420,2290422,0,384700
100,2.14E+08,3.56E+06,2290420,2290419,0,430550
100,2.07E+08,3.54E+06,2290427,2290427,0,400650
100,1.99E+08,3.54E+06,2290432,2290435,0,372500
100,2.17E+08,3.59E+06,2290432,2290425,0,439650
100,2.07E+08,3.56E+06,2290435,2290433,0,400650
100,2.14E+08,3.70E+06,2290441,2290442,0,430550
100,2.17E+08,3.56E+06,2290451,2290451,0,439650
100,2.14E+08,3.54E+06,2290463,2290459,0,430550
100,2.17E+08,3.72E+06,2290464,2290464,0,438200
100,2.15E+08,3.77E+06,2290473,2290473,0,430700
100,2.14E+08,3.56E+06,2290489,2290489,0,430550
100,2.17E+08,3.85E+06,2290490,2290490,0,439650
100,2.17E+08,3.69E+06,2290494,2290495,0,439750
100,2.17E+08,3.54E+06,2290495,2290495,0,439750
100,2.17E+08,3.56E+06,2290497,2290497,0,439650
100,2.04E+08,3.76E+06,2290498,2290498,0,388450
100,2.07E+08,3.57E+06,2290504,2290504,0,400750
100,2.14E+08,3.91E+06,2290504,2290502,0,430550
100,2.14E+08,3.56E+06,2290504,2290504,0,430550
100,2.17E+08,3.60E+06,2290505,2290505,0,439750
100,2.17E+08,3.61E+06,2290506,2290505,0,439650
100,2.14E+08,3.62E+06,2290531,2290531,0,430550
100,2.17E+08,3.54E+06,2290533,2290533,0,439650
100,2.17E+08,3.57E+06,2290538,2290536,0,439650
100,2.07E+08,3.54E+06,2290549,2290549,0,400650
100,2.17E+08,3.54E+06,2290555,2290556,0,439650
100,2.17E+08,3.68E+06,2290555,2290555,0,439650
100,2.14E+08,3.57E+06,2290569,2290568,0,430550
100,2.07E+08,3.56E+06,2290572,2290572,0,400650
100,2.07E+08,3.55E+06,2290576,2290574,0,400750
100,2.02E+08,3.59E+06,2290580,2290573,0,384700
100,1.99E+08,3.61E+06,2290589,2290589,0,372500
100,2.17E+08,3.59E+06,2290596,2290596,0,439650
100,1.99E+08,3.54E+06,2290601,2290601,0,372500
100,2.07E+08,3.56E+06,2290609,2290609,0,400750
100,2.07E+08,3.56E+06,2290609,2290609,0,400750
100,1.99E+08,3.78E+06,2290610,2290611,0,369550
100,2.14E+08,3.54E+06,2290641,2290641,0,430550
100,1.99E+08,3.56E+06,2290643,2290645,0,372500
100,2.07E+08,3.57E+06,2290643,2290648,0,400650
100,2.17E+08,3.60E+06,2290644,2290639,0,439650
100,2.02E+08,3.58E+06,2290651,2290651,0,384700
100,2.14E+08,3.56E+06,2290652,2290654,0,430550
100,2.14E+08,3.56E+06,2290655,2290655,0,430550
100,2.17E+08,3.69E+06,2290655,2290655,0,438350
100,2.07E+08,3.55E+06,2290656,2290656,0,400650
100,2.14E+08,3.59E+06,2290656,2290657,0,430550
100,1.99E+08,3.56E+06,2290658,2290658,0,372500
100,2.14E+08,3.55E+06,2290658,2290659,0,430550
100,2.17E+08,3.64E+06,2290663,2290665,0,439650
100,2.07E+08,3.55E+06,2290664,2290665,0,400650
100,2.17E+08,3.56E+06,2290670,2290665,0,439650
100,2.02E+08,3.59E+06,2290671,2290670,0,384300
100,2.17E+08,3.60E+06,2290671,2290669,0,439650
100,2.07E+08,3.56E+06,2290673,2290673,0,400750
100,2.02E+08,3.55E+06,2290696,2290699,0,384700
100,2.17E+08,3.57E+06,2290696,2290695,0,439650
100,2.14E+08,3.57E+06,2290697,2290697,0,430550
100,2.14E+08,3.56E+06,2290705,2290709,0,430550
100,2.07E+08,3.56E+06,2290706,2290708,0,400650
100,2.17E+08,3.79E+06,2290707,2290706,0,439750
100,1.99E+08,3.58E+06,2290709,2290709,0,372500
100,2.07E+08,3.54E+06,2290712,2290711,0,399500
100,2.17E+08,3.55E+06,2290714,2290714,0,439650
100,2.07E+08,3.61E+06,2290718,2290718,0,400750
100,2.02E+08,3.65E+06,2290722,2290719,0,384700
100,2.17E+08,3.63E+06,2290726,2290729,0,439750
100,2.14E+08,3.57E+06,2290737,2290735,0,430550
100,1.99E+08,3.57E+06,2290739,2290741,0,372500
100,2.17E+08,3.57E+06,2290739,2290739,0,439650
100,1.99E+08,3.63E+06,2290744,2290742,0,372500
100,2.17E+08,3.56E+06,2290747,2290747,0,439650
100,2.17E+08,3.55E+06,2290750,2290751,0,439650
100,2.14E+08,3.90E+06,2290754,2290755,0,430550
100,1.99E+08,3.55E+06,2290755,2290754,0,369550
100,2.14E+08,3.55E+06,2290761,2290759,0,430550
100,1.99E+08,3.70E+06,2290763,2290764,0,369550
100,2.07E+08,3.65E+06,2290764,2290765,0,400650
100,2.14E+08,3.54E+06,2290771,2290771,0,430550
100,2.17E+08,3.67E+06,2290772,2290773,0,439650
100,2.17E+08,3.66E+06,2290775,2290774,0,439650
100,2.07E+08,3.62E+06,2290776,2290778,0,400750
100,2.14E+08,3.54E+06,2290776,2290776,0,430550
100,2.07E+08,3.56E+06,2290778,2290778,0,400750
100,2.07E+08,3.70E+06,2290780,2290780,0,400650
100,2.14E+08,3.55E+06,2290785,2290788,0,430550
100,2.14E+08,3.57E+06,2290790,2290790,0,430550
100,2.17E+08,3.54E+06,2290790,2290784,0,439650
100,2.17E+08,3.54E+06,2290792,2290792,0,439650
100,2.17E+08,3.54E+06,2290801,2290797,0,439650
100,2.07E+08,3.55E+06,2290803,2290801,0,400650
100,2.07E+08,3.56E+06,2290809,2290809,0,400750
100,2.17E+08,3.54E+06,2290809,2290809,0,439650
100,2.14E+08,3.54E+06,2290810,2290810,0,430550
100,2.07E+08,3.66E+06,2290811,2290811,0,400750
100,2.17E+08,3.77E+06,2290811,2290810,0,438200
100,2.02E+08,3.63E+06,2290813,2290813,0,384700
100,2.17E+08,3.54E+06,2290821,2290821,0,439650
100,2.14E+08,3.54E+06,2290828,2290827,0,430550
100,2.07E+08,3.69E+06,2290830,2290829,0,400750
100,2.14E+08,3.55E+06,2290832,2290832,0,430550
100,2.07E+08,3.54E+06,2290833,2290832,0,400650
100,2.14E+08,3.54E+06,2290833,2290833,0,430550
100,1.99E+08,3.77E+06,2290835,2290836,0,372500
100,2.14E+08,3.55E+06,2290857,2290858,0,430550
100,2.17E+08,3.54E+06,2290861,2290863,0,439650
100,2.14E+08,3.57E+06,2290866,2290866,0,430550
100,2.07E+08,3.60E+06,2290877,2290878,0,400750
100,2.17E+08,3.55E+06,2290877,2290874,0,439750
100,2.14E+08,3.55E+06,2290885,2290887,0,430550
100,1.99E+08,3.58E+06,2290893,2290894,0,369550
100,2.07E+08,3.59E+06,2290893,2290895,0,400650
100,2.07E+08,3.55E+06,2290894,2290895,0,400650
100,2.17E+08,3.56E+06,2290897,2290901,0,439750
100,2.07E+08,3.62E+06,2290899,2290902,0,400650
100,2.14E+08,3.54E+06,2290899,2290899,0,430550
100,2.07E+08,3.54E+06,2290901,2290902,0,400750
100,2.07E+08,3.55E+06,2290910,2290905,0,400750
100,1.99E+08,3.61E+06,2290912,2290911,0,372500
100,1.99E+08,3.67E+06,2290914,2290914,0,372500
100,2.07E+08,3.54E+06,2290914,2290915,0,400750
100,2.14E+08,3.63E+06,2290914,2290914,0,430550
100,2.07E+08,3.60E+06,2290919,2290919,0,400650
100,2.02E+08,3.59E+06,2290926,2290929,0,384700
100,2.14E+08,3.56E+06,2290932,2290932,0,430550
100,2.14E+08,3.91E+06,2290933,2290933,0,430550
100,2.17E+08,3.54E+06,2290934,2290934,0,439650
100,1.99E+08,3.71E+06,2290940,2290941,0,370400
100,2.04E+08,4.09E+06,2290944,2290939,0,389350
100,2.17E+08,3.54E+06,2290946,2290946,0,439650
100,2.17E+08,3.66E+06,2290951,2290953,0,438200
100,2.17E+08,3.70E+06,2290951,2290952,0,439650
100,2.17E+08,3.59E+06,2290953,2290954,0,439650
100,1.99E+08,3.57E+06,2290959,2290959,0,369550
100,2.07E+08,3.55E+06,2290975,2290975,0,400650
100,2.02E+08,3.57E+06,2290984,2290981,0,384700
100,2.17E+08,3.55E+06,2290988,2290988,0,439650
100,2.17E+08,3.60E+06,2290993,2290993,0,439750
100,1.99E+08,3.62E+06,2290999,2290997,0,372500
100,1.99E+08,3.75E+06,2291003,2291003,0,370400
100,2.17E+08,3.60E+06,2291008,2291004,0,439750
100,2.17E+08,3.61E+06,2291009,2291009,0,439650
100,2.14E+08,3.58E+06,2291012,2291012,0,430550
100,1.99E+08,3.60E+06,2291018,2291017,0,369550
100,2.17E+08,3.66E+06,2291019,2291019,0,439650
100,2.17E+08,3.60E+06,2291022,2291024,0,439750
100,2.17E+08,3.55E+06,2291027,2291028,0,439650
100,2.02E+08,3.60E+06,2291039,2291036,0,384700
100,2.07E+08,3.91E+06,2291043,2291043,0,400750
100,2.17E+08,3.58E+06,2291043,2291044,0,439650
100,2.07E+08,3.74E+06,2291059,2291058,0,400650
100,2.14E+08,3.57E+06,2291062,2291062,0,430550
100,1.94E+08,3.70E+06,2291063,2291063,0,354100
100,2.17E+08,3.62E+06,2291063,2291060,0,439650
100,2.02E+08,3.66E+06,2291065,2291065,0,384300
100,2.07E+08,3.54E+06,2291068,2291068,0,400750
100,2.14E+08,3.57E+06,2291068,2291067,0,430550
100,2.07E+08,3.54E+06,2291070,2291070,0,400750
100,2.17E+08,3.55E+06,2291074,2291073,0,439650
100,2.14E+08,3.57E+06,2291081,2291082,0,430550
100,2.14E+08,3.57E+06,2291081,2291076,0,430550
100,2.14E+08,3.60E+06,2291085,2291085,0,430550
100,2.14E+08,3.56E+06,2291092,2291091,0,430550
100,2.07E+08,3.54E+06,2291095,2291092,0,400750
100,1.99E+08,3.54E+06,2291100,2291100,0,369550
100,2.14E+08,3.56E+06,2291103,2291103,0,430550
100,2.17E+08,3.58E+06,2291109,2291108,0,439650
100,1.99E+08,3.54E+06,2291120,2291120,0,369550
100,2.17E+08,3.54E+06,2291122,2291124,0,439650
100,2.17E+08,3.56E+06,2291122,2291120,0,439750
100,2.14E+08,3.63E+06,2291133,2291131,0,430550
100,2.07E+08,3.55E+06,2291142,2291142,0,400650
100,2.14E+08,3.57E+06,2291146,2291146,0,430550
100,1.99E+08,3.76E+06,2291150,2291150,0,369550
100,2.02E+08,3.67E+06,2291151,2291151,0,384300
100,2.14E+08,3.56E+06,2291160,2291160,0,430550
100,2.17E+08,3.54E+06,2291171,2291171,0,439650
100,2.02E+08,3.69E+06,2291175,2291172,0,384300
100,2.17E+08,3.87E+06,2291179,2291174,0,439650
100,2.17E+08,3.60E+06,2291179,2291183,0,439650
100,2.17E+08,3.63E+06,2291180,2291180,0,439650
100,2.17E+08,3.55E+06,2291180,2291180,0,439750
100,2.14E+08,3.57E+06,2291183,2291183,0,430550
100,2.17E+08,3.55E+06,2291189,2291188,0,439750
100,2.07E+08,3.55E+06,2291196,2291196,0,400650
100,2.17E+08,3.55E+06,2291196,2291192,0,439650
100,2.17E+08,3.54E+06,2291206,2291206,0,439650
100,1.99E+08,3.67E+06,2291208,2291208,0,369550
100,1.99E+08,3.71E+06,2291210,2291209,0,372500
100,2.03E+08,3.83E+06,2291222,2291222,0,387900
100,2.02E+08,3.56E+06,2291225,2291223,0,384700
100,2.02E+08,3.63E+06,2291227,2291227,0,384700
100,2.17E+08,3.56E+06,2291227,2291220,0,439750
100,2.17E+08,3.56E+06,2291231,2291231,0,439750
100,2.14E+08,3.54E+06,2291235,2291235,0,430550
100,2.07E+08,3.56E+06,2291252,2291249,0,400650
100,1.99E+08,3.57E+06,2291255,2291255,0,372500
100,2.14E+08,3.63E+06,2291262,2291258,0,430550
100,2.17E+08,3.56E+06,2291269,2291267,0,438200
100,1.99E+08,3.68E+06,2291275,2291276,0,372500
100,2.14E+08,3.55E+06,2291279,2291279,0,430550
100,2.14E+08,3.56E+06,2291294,2291295,0,430550
100,2.17E+08,3.56E+06,2291302,2291302,0,439650
100,2.14E+08,3.56E+06,2291305,2291304,0,430550
100,2.07E+08,3.55E+06,2291313,2291313,0,400650
100,2.14E+08,3.56E+06,2291315,2291315,0,430550
100,2.02E+08,3.60E+06,2291316,2291316,0,384700
100,2.14E+08,3.55E+06,2291323,2291323,0,430550
100,2.14E+08,3.66E+06,2291325,2291325,0,430550
100,2.07E+08,3.54E+06,2291326,2291327,0,400750
100,2.17E+08,3.55E+06,2291329,2291329,0,439650
100,2.02E+08,3.54E+06,2291334,2291334,0,384700
100,2.14E+08,3.57E+06,2291336,2291336,0,430550
100,2.14E+08,3.55E+06,2291339,2291338,0,430550
100,2.17E+08,3.57E+06,2291342,2291340,0,439650
100,2.07E+08,3.58E+06,2291346,2291349,0,400750
100,2.07E+08,3.74E+06,2291347,2291349,0,400750
100,1.99E+08,3.59E+06,2291348,2291348,0,369550
100,2.02E+08,3.61E+06,2291351,2291353,0,384700
100,2.17E+08,3.57E+06,2291351,2291351,0,439650
100,2.14E+08,3.80E+06,2291359,2291357,0,430550
100,2.17E+08,3.81E+06,2291365,2291365,0,438200
100,2.02E+08,3.64E+06,2291367,2291367,0,384700
100,2.14E+08,3.57E+06,2291375,2291375,0,430550
100,2.02E+08,3.55E+06,2291381,2291381,0,384700
100,2.17E+08,3.54E+06,2291381,2291379,0,439650
100,2.07E+08,3.89E+06,2291384,2291384,0,400750
100,2.02E+08,3.67E+06,2291387,2291387,0,385000
100,2.17E+08,3.76E+06,2291390,2291392,0,439650
100,2.17E+08,3.55E+06,2291396,2291398,0,439750
100,1.99E+08,3.79E+06,2291400,2291400,0,372500
100,2.07E+08,3.55E+06,2291403,2291396,0,400750
100,2.17E+08,3.63E+06,2291408,2291408,0,439650
100,1.99E+08,3.58E+06,2291411,2291409,0,372500
100,2.07E+08,3.59E+06,2291412,2291412,0,400750
100,2.17E+08,3.54E+06,2291420,2291420,0,439650
100,2.14E+08,3.67E+06,2291422,2291421,0,430550
100,2.14E+08,3.55E+06,2291427,2291427,0,430550
100,2.14E+08,3.54E+06,2291430,2291433,0,430550
100,1.99E+08,3.67E+06,2291432,2291432,0,372500
100,2.17E+08,3.55E+06,2291432,2291432,0,439650
100,1.99E+08,3.54E+06,2291435,2291435,0,372500
100,2.14E+08,3.56E+06,2291438,2291438,0,430550
100,1.99E+08,3.67E+06,2291446,2291447,0,370400
100,2.17E+08,3.63E+06,2291446,2291446,0,439650
100,2.07E+08,3.56E+06,2291447,2291447,0,400750
100,2.14E+08,3.60E+06,2291450,2291450,0,430550
100,1.99E+08,3.57E+06,2291457,2291457,0,372500
100,1.99E+08,3.56E+06,2291463,2291461,0,372500
100,2.17E+08,3.57E+06,2291463,2291459,0,439650
100,2.02E+08,3.64E+06,2291469,2291471,0,384300
100,2.02E+08,3.56E+06,2291471,2291470,0,384700
100,2.14E+08,3.60E+06,2291476,2291476,0,430550
100,1.99E+08,3.63E+06,2291491,2291491,0,372500
100,2.17E+08,3.57E+06,2291495,2291495,0,439650
100,2.17E+08,3.68E+06,2291496,2291497,0,439650
100,2.07E+08,3.56E+06,2291498,2291498,0,400650
100,2.07E+08,3.57E+06,2291504,2291504,0,400750
100,2.07E+08,3.64E+06,2291508,2291509,0,400650
100,2.14E+08,3.56E+06,2291514,2291514,0,430550
100,2.07E+08,3.54E+06,2291520,2291520,0,400750
100,2.07E+08,3.54E+06,2291521,2291521,0,400750
100,2.17E+08,3.58E+06,2291521,2291521,0,439650
100,1.99E+08,3.60E+06,2291536,2291536,0,372500
100,2.07E+08,3.90E+06,2291551,2291551,0,400750
100,2.17E+08,3.54E+06,2291558,2291558,0,439650
100,2.14E+08,3.78E+06,2291559,2291557,0,430550
100,2.17E+08,3.64E+06,2291560,2291560,0,439650
100,2.07E+08,3.65E+06,2291564,2291564,0,399500
100,2.14E+08,3.68E+06,2291564,2291565,0,430550
100,2.17E+08,3.60E+06,2291567,2291567,0,438200
100,2.14E+08,3.54E+06,2291569,2291569,0,430550
100,1.99E+08,3.56E+06,2291570,2291569,0,369550
100,2.07E+08,3.67E+06,2291571,2291568,0,399500
100,2.14E+08,3.54E+06,2291576,2291576,0,430550
100,2.02E+08,3.60E+06,2291589,2291588,0,384300
100,2.07E+08,3.56E+06,2291594,2291593,0,400750
100,2.17E+08,3.55E+06,2291594,2291592,0,439750
100,2.07E+08,3.54E+06,2291602,2291602,0,400650
100,2.17E+08,3.55E+06,2291610,2291608,0,439650
100,2.14E+08,3.56E+06,2291611,2291611,0,430550
100,1.99E+08,3.68E+06,2291620,2291620,0,369550
100,1.99E+08,3.59E+06,2291621,2291620,0,369550
100,2.17E+08,3.67E+06,2291623,2291625,0,439650
100,2.17E+08,3.55E+06,2291625,2291623,0,439650
100,2.17E+08,3.55E+06,2291627,2291627,0,439750
100,2.03E+08,3.88E+06,2291629,2291629,0,387900
100,2.06E+08,3.79E+06,2291630,2291628,0,399300
100,2.02E+08,3.54E+06,2291631,2291631,0,384300
100,2.07E+08,3.54E+06,2291646,2291646,0,400650
100,2.02E+08,3.57E+06,2291654,2291655,0,384300
100,2.17E+08,3.54E+06,2291656,2291658,0,439650
100,2.14E+08,3.58E+06,2291676,2291675,0,430550
100,2.17E+08,3.58E+06,2291680,2291680,0,439750
100,2.02E+08,3.69E+06,2291682,2291682,0,384700
100,2.07E+08,3.58E+06,2291688,2291688,0,400650
100,2.01E+08,3.87E+06,2291689,2291689,0,382650
100,1.99E+08,3.56E+06,2291692,2291691,0,369550
100,2.17E+08,3.60E+06,2291705,2291705,0,439750
100,2.02E+08,3.67E+06,2291724,2291721,0,384700
100,2.14E+08,3.65E+06,2291724,2291720,0,430550
100,2.17E+08,3.61E+06,2291728,2291729,0,439650
100,2.17E+08,3.54E+06,2291733,2291733,0,439650
100,2.14E+08,3.58E+06,2291740,2291738,0,430550
100,1.99E+08,3.95E+06,2291745,2291745,0,371700
100,2.17E+08,3.61E+06,2291750,2291750,0,439650
100,2.14E+08,3.59E+06,2291754,2291754,0,430550
100,2.17E+08,3.55E+06,2291762,2291763,0,439650
100,1.99E+08,3.81E+06,2291768,2291768,0,371700
100,2.07E+08,3.55E+06,2291769,2291769,0,400750
100,2.17E+08,3.56E+06,2291777,2291776,0,439650
100,2.07E+08,3.58E+06,2291778,2291777,0,400650
100,2.17E+08,3.54E+06,2291782,2291781,0,439650
100,2.14E+08,3.58E+06,2291787,2291787,0,430550
100,2.14E+08,3.60E+06,2291789,2291790,0,430550
100,2.17E+08,3.59E+06,2291792,2291792,0,439750
100,2.14E+08,3.54E+06,2291796,2291796,0,430550
100,2.07E+08,3.79E+06,2291800,2291800,0,400750
100,2.17E+08,3.54E+06,2291805,2291804,0,439650
100,2.17E+08,3.54E+06,2291812,2291812,0,439650
100,2.07E+08,3.58E+06,2291814,2291814,0,400650
100,2.17E+08,3.54E+06,2291820,2291820,0,439650
100,2.14E+08,3.66E+06,2291827,2291826,0,430550
100,1.99E+08,3.66E+06,2291833,2291833,0,372500
100,1.99E+08,3.61E+06,2291841,2291843,0,372500
100,2.14E+08,3.56E+06,2291842,2291843,0,430550
100,1.99E+08,3.63E+06,2291843,2291843,0,372500
100,2.02E+08,3.54E+06,2291843,2291843,0,384700
100,2.07E+08,3.75E+06,2291855,2291855,0,399500
100,2.17E+08,3.60E+06,2291855,2291856,0,439650
100,2.02E+08,3.73E+06,2291877,2291877,0,385000
100,2.14E+08,3.55E+06,2291877,2291877,0,430550
100,2.07E+08,3.56E+06,2291885,2291887,0,400750
100,2.14E+08,3.65E+06,2291895,2291893,0,430550
100,2.14E+08,3.55E+06,2291896,2291895,0,430550
100,2.04E+08,3.84E+06,2291904,2291904,0,389250
100,2.07E+08,3.55E+06,2291906,2291909,0,400750
100,2.14E+08,3.56E+06,2291907,2291898,0,430550
100,2.14E+08,3.56E+06,2291907,2291905,0,430550
100,2.14E+08,3.54E+06,2291914,2291910,0,430550
100,2.14E+08,3.56E+06,2291922,2291921,0,430550
100,2.14E+08,3.54E+06,2291929,2291930,0,430550
100,2.17E+08,3.55E+06,2291940,2291940,0,439650
100,2.02E+08,3.77E+06,2291941,2291941,0,384700
100,2.17E+08,3.65E+06,2291943,2291944,0,439750
100,2.14E+08,3.70E+06,2291944,2291944,0,430550
100,1.99E+08,3.55E+06,2291945,2291945,0,372500
100,2.07E+08,3.55E+06,2291948,2291943,0,400650
100,2.00E+08,3.66E+06,2291953,2291954,0,378950
100,2.04E+08,3.80E+06,2291954,2291954,0,389350
100,2.14E+08,3.80E+06,2291959,2291958,0,430550
100,2.17E+08,3.56E+06,2291960,2291960,0,439650
100,1.99E+08,3.76E+06,2291962,2291962,0,372500
100,2.02E+08,3.78E+06,2291964,2291964,0,385000
100,2.14E+08,3.64E+06,2291970,2291972,0,430550
100,2.14E+08,3.64E+06,2291970,2291969,0,430550
100,2.07E+08,3.65E+06,2291972,2291972,0,400650
100,1.99E+08,3.61E+06,2291976,2291976,0,372500
100,2.07E+08,3.55E+06,2291976,2291976,0,400750
100,2.07E+08,3.58E+06,2291977,2291977,0,400750
100,2.17E+08,3.56E+06,2291987,2291987,0,439650
100,2.07E+08,3.67E+06,2291989,2291989,0,399500
100,2.17E+08,3.59E+06,2291989,2291991,0,439650
100,2.07E+08,3.57E+06,2291991,2291991,0,400750
100,2.07E+08,3.55E+06,2291994,2291999,0,400650
100,2.07E+08,3.64E+06,2291995,2291998,0,399500
100,2.07E+08,3.59E+06,2292000,2291999,0,400750
100,2.02E+08,3.60E+06,2292003,2292000,0,384700
100,2.07E+08,3.55E+06,2292003,2292008,0,400650
100,2.14E+08,3.55E+06,2292006,2292003,0,430550
100,1.99E+08,3.63E+06,2292008,2292008,0,369550
100,1.99E+08,3.57E+06,2292008,2292008,0,372500
100,2.14E+08,3.67E+06,2292008,2292006,0,430550
100,1.99E+08,3.75E+06,2292015,2292015,0,371050
100,1.99E+08,3.67E+06,2292023,2292023,0,372500
100,2.02E+08,3.74E+06,2292027,2292025,0,384700
100,2.17E+08,3.59E+06,2292037,2292036,0,438200
100,2.14E+08,3.59E+06,2292045,2292049,0,430550
100,2.07E+08,3.56E+06,2292046,2292046,0,400750
100,2.07E+08,3.61E+06,2292048,2292048,0,399500
100,2.17E+08,3.57E+06,2292052,2292052,0,439650
100,2.17E+08,3.63E+06,2292055,2292054,0,439750
100,2.14E+08,3.68E+06,2292056,2292056,0,430550
100,1.99E+08,3.61E+06,2292066,2292060,0,372500
100,2.14E+08,3.60E+06,2292070,2292070,0,430550
100,2.14E+08,3.54E+06,2292076,2292079,0,430550
100,2.02E+08,3.61E+06,2292079,2292079,0,384700
100,2.14E+08,3.54E+06,2292079,2292077,0,430550
100,2.14E+08,3.65E+06,2292082,2292075,0,430550
100,2.17E+08,3.64E+06,2292090,2292091,0,439650
100,2.17E+08,3.56E+06,2292092,2292092,0,439650
100,2.07E+08,3.55E+06,2292094,2292092,0,400650
100,2.17E+08,3.54E+06,2292094,2292094,0,439650
100,2.02E+08,3.60E+06,2292100,2292100,0,384700
100,1.99E+08,3.59E+06,2292103,2292103,0,369550
100,2.17E+08,3.56E+06,2292105,2292104,0,439650
100,2.17E+08,3.56E+06,2292107,2292110,0,439650
100,2.17E+08,3.55E+06,2292110,2292108,0,439750
100,2.14E+08,3.59E+06,2292113,2292115,0,430550
100,2.14E+08,3.58E+06,2292115,2292116,0,430550
100,2.17E+08,3.73E+06,2292117,2292117,0,439750
100,2.02E+08,3.78E+06,2292121,2292121,0,384700
100,2.02E+08,3.57E+06,2292122,2292122,0,384700
100,2.17E+08,3.62E+06,2292126,2292126,0,439650
100,2.02E+08,3.70E+06,2292130,2292130,0,384700
100,2.02E+08,3.66E+06,2292132,2292132,0,384700
100,2.17E+08,3.54E+06,2292138,2292138,0,439750
100,2.17E+08,3.54E+06,2292139,2292139,0,439650
100,2.14E+08,3.68E+06,2292141,2292141,0,430550
100,2.14E+08,3.55E+06,2292142,2292142,0,430550
100,2.17E+08,3.54E+06,2292144,2292142,0,439650
100,2.14E+08,3.55E+06,2292147,2292147,0,430550
100,2.14E+08,3.58E+06,2292148,2292149,0,430550
100,2.14E+08,3.56E+06,2292156,2292155,0,430550
100,2.14E+08,3.59E+06,2292156,2292156,0,430550
100,2.17E+08,3.57E+06,2292160,2292152,0,439650
100,2.17E+08,3.71E+06,2292171,2292170,0,439650
100,2.14E+08,3.57E+06,2292176,2292176,0,430550
100,2.07E+08,3.72E+06,2292179,2292179,0,400650
100,2.17E+08,3.59E+06,2292187,2292186,0,439650
100,2.01E+08,3.64E+06,2292189,2292189,0,382650
100,2.07E+08,3.54E+06,2292192,2292189,0,400650
100,2.17E+08,3.58E+06,2292194,2292194,0,439650
100,2.02E+08,3.63E+06,2292198,2292199,0,384700
100,2.02E+08,3.76E+06,2292199,2292200,0,384700
100,2.07E+08,3.56E+06,2292208,2292208,0,399500
100,2.17E+08,3.56E+06,2292214,2292214,0,439650
100,1.99E+08,3.65E+06,2292216,2292216,0,372500
100,2.14E+08,3.55E+06,2292220,2292220,0,430550
100,2.14E+08,3.56E+06,2292232,2292232,0,430550
100,2.14E+08,3.56E+06,2292234,2292236,0,430550
100,2.07E+08,3.62E+06,2292236,2292236,0,400650
100,2.14E+08,3.54E+06,2292236,2292234,0,430550
100,2.14E+08,3.55E+06,2292237,2292237,0,430550
100,2.07E+08,3.55E+06,2292239,2292239,0,400750
100,2.17E+08,3.55E+06,2292246,2292245,0,439650
100,2.17E+08,3.54E+06,2292247,2292247,0,439750
100,2.07E+08,3.54E+06,2292254,2292255,0,400650
100,2.07E+08,3.54E+06,2292264,2292264,0,400750
100,2.07E+08,3.57E+06,2292270,2292270,0,400650
100,2.14E+08,3.54E+06,2292272,2292272,0,430550
100,2.14E+08,3.58E+06,2292272,2292272,0,430550
100,2.17E+08,3.61E+06,2292272,2292272,0,439650
100,2.07E+08,3.55E+06,2292275,2292277,0,400650
100,2.17E+08,3.76E+06,2292281,2292280,0,439650
100,2.07E+08,3.55E+06,2292283,2292283,0,400650
100,2.04E+08,3.80E+06,2292291,2292287,0,389350
100,2.17E+08,3.57E+06,2292291,2292294,0,439750
100,1.99E+08,3.57E+06,2292303,2292303,0,369550
100,2.17E+08,3.54E+06,2292303,2292302,0,439650
100,2.14E+08,3.56E+06,2292304,2292305,0,430550
100,2.14E+08,3.54E+06,2292304,2292302,0,430550
100,2.07E+08,3.57E+06,2292307,2292311,0,400750
100,2.14E+08,3.54E+06,2292308,2292307,0,430550
100,2.14E+08,3.65E+06,2292313,2292313,0,430550
100,2.17E+08,3.55E+06,2292322,2292322,0,439650
100,2.07E+08,3.58E+06,2292330,2292328,0,400750
100,2.14E+08,3.55E+06,2292336,2292336,0,430550
100,2.17E+08,3.54E+06,2292337,2292337,0,439650
100,2.02E+08,3.57E+06,2292347,2292348,0,384300
100,2.17E+08,3.65E+06,2292347,2292347,0,439650
100,2.02E+08,3.67E+06,2292349,2292349,0,384700
100,2.14E+08,3.67E+06,2292360,2292359,0,430550
100,2.17E+08,3.56E+06,2292362,2292360,0,439650
100,2.17E+08,3.63E+06,2292362,2292362,0,439750
100,2.02E+08,3.69E+06,2292369,2292371,0,384700
100,2.14E+08,3.55E+06,2292376,2292380,0,430550
100,2.04E+08,4.20E+06,2292385,2292384,0,390400
100,2.14E+08,3.54E+06,2292394,2292394,0,430550
100,2.02E+08,3.68E+06,2292400,2292400,0,384700
100,2.02E+08,3.58E+06,2292401,2292401,0,384700
100,2.14E+08,3.56E+06,2292402,2292402,0,430550
100,2.14E+08,3.54E+06,2292406,2292405,0,430550
100,2.14E+08,3.56E+06,2292407,2292407,0,430550
100,2.14E+08,3.62E+06,2292421,2292422,0,430550
100,2.14E+08,3.55E+06,2292422,2292422,0,430550
100,2.07E+08,3.54E+06,2292423,2292423,0,400750
100,2.02E+08,3.59E+06,2292428,2292428,0,384700
100,2.02E+08,3.57E+06,2292433,2292429,0,384700
100,2.17E+08,3.65E+06,2292436,2292436,0,439650
100,1.99E+08,3.72E+06,2292439,2292433,0,369450
100,1.99E+08,3.56E+06,2292439,2292438,0,372500
100,1.99E+08,3.57E+06,2292440,2292440,0,369550
100,1.99E+08,3.67E+06,2292440,2292440,0,369550
100,2.07E+08,3.55E+06,2292440,2292439,0,400650
100,2.14E+08,3.56E+06,2292444,2292443,0,430550
100,2.17E+08,3.57E+06,2292450,2292450,0,439650
100,2.17E+08,3.54E+06,2292459,2292460,0,439750
100,2.14E+08,3.60E+06,2292460,2292461,0,430550
100,1.99E+08,3.58E+06,2292463,2292463,0,369550
100,2.17E+08,3.60E+06,2292468,2292470,0,439750
100,2.14E+08,3.54E+06,2292470,2292472,0,430550
100,2.14E+08,3.56E+06,2292480,2292479,0,430550
100,2.14E+08,3.54E+06,2292486,2292486,0,430550
100,1.99E+08,3.60E+06,2292491,2292491,0,369550
100,1.99E+08,3.56E+06,2292500,2292500,0,369550
100,2.02E+08,3.59E+06,2292500,2292500,0,384700
100,2.17E+08,3.55E+06,2292500,2292500,0,439650
100,2.07E+08,3.58E+06,2292501,2292501,0,400650
100,2.14E+08,3.60E+06,2292506,2292506,0,430550
100,2.01E+08,3.66E+06,2292509,2292509,0,382200
100,2.07E+08,3.54E+06,2292509,2292510,0,400750
100,2.02E+08,3.57E+06,2292510,2292510,0,384700
100,2.14E+08,3.57E+06,2292520,2292519,0,430550
100,1.99E+08,3.59E+06,2292539,2292540,0,372500
100,2.14E+08,3.56E+06,2292546,2292546,0,430550
100,1.99E+08,3.58E+06,2292550,2292550,0,369550
100,2.02E+08,3.61E+06,2292550,2292551,0,384300
100,2.07E+08,3.54E+06,2292555,2292555,0,400650
100,1.99E+08,3.61E+06,2292557,2292557,0,372500
100,2.17E+08,3.57E+06,2292562,2292562,0,439750
100,2.02E+08,3.59E+06,2292569,2292569,0,384700
100,2.17E+08,3.56E+06,2292569,2292570,0,439750
100,2.02E+08,3.61E+06,2292570,2292570,0,384700
100,2.14E+08,3.54E+06,2292570,2292569,0,430550
100,2.14E+08,3.55E+06,2292571,2292573,0,430550
100,2.17E+08,3.55E+06,2292572,2292572,0,439650
100,2.14E+08,3.58E+06,2292576,2292574,0,430550
100,2.17E+08,3.54E+06,2292576,2292577,0,439650
100,1.99E+08,3.55E+06,2292579,2292579,0,372500
100,2.14E+08,3.56E+06,2292580,2292581,0,430550
100,2.14E+08,3.54E+06,2292580,2292580,0,430550
100,2.14E+08,3.54E+06,2292588,2292590,0,430550
100,2.14E+08,3.59E+06,2292588,2292589,0,430550
100,2.17E+08,3.57E+06,2292593,2292593,0,439650
100,2.14E+08,3.61E+06,2292596,2292596,0,430550
100,2.17E+08,3.54E+06,2292601,2292601,0,439650
100,2.08E+08,3.70E+06,2292614,2292614,0,401600
100,1.99E+08,3.71E+06,2292621,2292621,0,369550
100,2.07E+08,3.58E+06,2292622,2292621,0,400650
100,2.07E+08,3.54E+06,2292623,2292625,0,400750
100,2.14E+08,3.54E+06,2292630,2292630,0,430550
100,2.14E+08,3.56E+06,2292631,2292631,0,430550
100,2.07E+08,3.55E+06,2292635,2292635,0,400750
100,2.07E+08,3.67E+06,2292636,2292636,0,399500
100,2.17E+08,3.66E+06,2292638,2292638,0,439650
100,2.14E+08,3.56E+06,2292640,2292640,0,430550
100,2.14E+08,3.60E+06,2292640,2292639,0,430550
100,2.17E+08,3.69E+06,2292644,2292642,0,439650
100,2.17E+08,3.55E+06,2292644,2292642,0,439750
100,2.02E+08,3.58E+06,2292646,2292645,0,384700
100,2.17E+08,3.57E+06,2292651,2292653,0,439650
100,2.07E+08,3.54E+06,2292662,2292661,0,400750
100,2.17E+08,3.57E+06,2292671,2292670,0,439650
100,2.07E+08,3.54E+06,2292674,2292674,0,400750
100,2.07E+08,3.57E+06,2292681,2292680,0,400750
100,2.07E+08,3.57E+06,2292687,2292687,0,400750
100,2.14E+08,3.56E+06,2292690,2292692,0,430550
100,2.17E+08,3.55E+06,2292690,2292687,0,439650
100,2.17E+08,3.56E+06,2292694,2292693,0,439650
100,2.17E+08,3.55E+06,2292698,2292694,0,439650
100,2.17E+08,3.61E+06,2292700,2292700,0,439650
100,2.14E+08,3.54E+06,2292708,2292707,0,430550
100,2.14E+08,3.54E+06,2292710,2292710,0,430550
100,2.07E+08,3.55E+06,2292711,2292711,0,400650
100,2.14E+08,3.59E+06,2292717,2292716,0,430550
100,2.17E+08,3.60E+06,2292723,2292723,0,439650
100,2.14E+08,3.58E+06,2292726,2292726,0,430550
100,2.17E+08,3.54E+06,2292728,2292728,0,439650
100,2.14E+08,3.59E+06,2292730,2292730,0,430550
100,2.14E+08,3.55E+06,2292731,2292731,0,430550
100,2.07E+08,3.57E+06,2292735,2292735,0,400750
100,2.14E+08,3.62E+06,2292737,2292738,0,430550
100,1.99E+08,3.64E+06,2292740,2292738,0,372500
100,2.17E+08,3.58E+06,2292745,2292746,0,439650
100,1.99E+08,3.58E+06,2292747,2292749,0,369550
100,2.14E+08,3.65E+06,2292749,2292742,0,430550
100,1.98E+08,3.72E+06,2292750,2292750,0,367450
100,2.14E+08,3.65E+06,2292754,2292754,0,430550
100,2.14E+08,3.54E+06,2292758,2292759,0,430550
100,2.07E+08,3.61E+06,2292762,2292766,0,400750
100,2.07E+08,3.54E+06,2292763,2292761,0,399500
100,2.17E+08,3.61E+06,2292770,2292770,0,439650
100,2.17E+08,3.55E+06,2292783,2292783,0,439650
100,2.07E+08,3.58E+06,2292791,2292791,0,400650
100,2.17E+08,3.65E+06,2292797,2292798,0,439650
100,2.07E+08,3.54E+06,2292798,2292798,0,400750
100,2.15E+08,3.87E+06,2292809,2292809,0,430550
100,2.14E+08,3.55E+06,2292816,2292813,0,430550
100,2.07E+08,3.54E+06,2292817,2292819,0,400650
100,2.14E+08,3.76E+06,2292823,2292822,0,430550
100,2.02E+08,3.64E+06,2292827,2292827,0,384700
100,2.07E+08,3.68E+06,2292827,2292827,0,399500
100,2.02E+08,3.58E+06,2292828,2292828,0,384300
100,2.17E+08,3.55E+06,2292832,2292833,0,439650
100,2.17E+08,3.56E+06,2292836,2292833,0,439650
100,2.14E+08,3.54E+06,2292839,2292840,0,430550
100,2.17E+08,3.68E+06,2292840,2292840,0,439650
100,2.14E+08,3.56E+06,2292841,2292841,0,430550
100,2.17E+08,3.57E+06,2292841,2292841,0,439750
100,2.02E+08,3.57E+06,2292845,2292847,0,384700
100,2.07E+08,3.54E+06,2292846,2292846,0,400750
100,1.99E+08,3.63E+06,2292847,2292847,0,372500
100,2.14E+08,3.54E+06,2292847,2292847,0,430550
100,2.14E+08,3.54E+06,2292847,2292847,0,430550
100,2.17E+08,3.55E+06,2292850,2292848,0,439650
100,2.14E+08,4.04E+06,2292858,2292858,0,430550
100,2.17E+08,3.54E+06,2292858,2292858,0,439650
100,2.15E+08,3.93E+06,2292860,2292857,0,433550
100,2.14E+08,3.55E+06,2292862,2292861,0,430550
100,2.17E+08,3.54E+06,2292862,2292862,0,439650
100,2.14E+08,3.57E+06,2292884,2292884,0,430550
100,2.02E+08,3.59E+06,2292886,2292891,0,384700
100,2.14E+08,3.54E+06,2292897,2292897,0,430550
100,2.14E+08,3.62E+06,2292900,2292900,0,430550
100,2.02E+08,3.58E+06,2292901,2292898,0,384700
100,2.17E+08,3.62E+06,2292901,2292902,0,439650
100,2.17E+08,3.57E+06,2292907,2292908,0,439650
100,2.14E+08,3.64E+06,2292910,2292912,0,430550
100,2.02E+08,3.60E+06,2292912,2292912,0,384300
100,2.02E+08,3.65E+06,2292924,2292924,0,384700
100,2.17E+08,3.57E+06,2292929,2292930,0,439650
100,2.07E+08,3.70E+06,2292945,2292943,0,400750
100,2.14E+08,3.59E+06,2292946,2292946,0,430550
100,2.07E+08,3.57E+06,2292959,2292959,0,400750
100,2.02E+08,3.72E+06,2292964,2292964,0,384700
100,2.02E+08,3.65E+06,2292968,2292968,0,384700
100,2.17E+08,3.63E+06,2292968,2292968,0,439750
100,2.07E+08,3.54E+06,2292971,2292971,0,400750
100,2.07E+08,3.58E+06,2292973,2292973,0,399500
100,2.17E+08,3.59E+06,2292979,2292980,0,439650
100,2.17E+08,3.57E+06,2292986,2292986,0,439650
100,1.99E+08,3.57E+06,2292989,2292991,0,372500
100,2.07E+08,3.54E+06,2292992,2292988,0,400750
100,2.17E+08,3.60E+06,2292997,2292993,0,439650
100,2.14E+08,3.54E+06,2293007,2293007,0,430550
100,2.14E+08,3.55E+06,2293016,2293016,0,430550
100,2.17E+08,3.62E+06,2293017,2293017,0,439650
100,2.07E+08,3.55E+06,2293022,2293019,0,400650
100,2.01E+08,3.79E+06,2293025,2293025,0,382650
100,2.02E+08,3.56E+06,2293026,2293022,0,384300
100,2.14E+08,3.54E+06,2293026,2293025,0,430550
100,2.14E+08,3.57E+06,2293027,2293027,0,430550
100,2.07E+08,3.54E+06,2293031,2293033,0,400750
100,2.14E+08,3.55E+06,2293035,2293034,0,430550
100,2.14E+08,3.57E+06,2293036,2293035,0,430550
100,2.14E+08,3.68E+06,2293037,2293037,0,430550
100,2.07E+08,3.54E+06,2293038,2293038,0,400750
100,2.02E+08,3.56E+06,2293043,2293036,0,384700
100,2.02E+08,3.61E+06,2293050,2293050,0,384700
100,2.14E+08,3.54E+06,2293058,2293058,0,430550
100,2.17E+08,3.55E+06,2293062,2293062,0,439650
100,2.14E+08,3.61E+06,2293063,2293063,0,430550
100,2.17E+08,3.66E+06,2293069,2293070,0,439650
100,2.14E+08,3.55E+06,2293071,2293069,0,430550
100,2.17E+08,3.61E+06,2293075,2293073,0,439650
100,2.14E+08,3.54E+06,2293076,2293074,0,430550
100,2.14E+08,3.56E+06,2293080,2293078,0,430550
100,2.02E+08,3.55E+06,2293084,2293085,0,384700
100,2.14E+08,3.77E+06,2293093,2293094,0,430550
100,2.17E+08,3.67E+06,2293104,2293104,0,439650
100,2.14E+08,3.54E+06,2293105,2293105,0,430550
100,1.99E+08,3.58E+06,2293108,2293108,0,372500
100,2.14E+08,3.57E+06,2293108,2293112,0,430550
100,2.07E+08,3.56E+06,2293110,2293111,0,400650
100,2.14E+08,3.54E+06,2293114,2293114,0,430550
100,2.02E+08,3.80E+06,2293123,2293122,0,384700
100,2.14E+08,3.67E+06,2293123,2293123,0,430550
100,2.02E+08,3.58E+06,2293129,2293128,0,384700
100,2.07E+08,3.58E+06,2293130,2293133,0,400750
100,2.14E+08,3.61E+06,2293130,2293130,0,430550
100,2.02E+08,3.71E+06,2293131,2293131,0,384700
100,2.14E+08,3.55E+06,2293132,2293131,0,430550
100,2.07E+08,3.54E+06,2293135,2293135,0,400750
100,2.14E+08,3.64E+06,2293143,2293143,0,430550
100,2.17E+08,3.58E+06,2293145,2293139,0,439650
100,1.99E+08,3.56E+06,2293146,2293146,0,372500
100,2.17E+08,3.65E+06,2293146,2293145,0,439650
100,2.14E+08,3.55E+06,2293148,2293148,0,430550
100,2.17E+08,3.59E+06,2293154,2293154,0,439650
100,2.07E+08,3.54E+06,2293159,2293159,0,400650
100,1.99E+08,3.86E+06,2293160,2293158,0,371700
100,2.17E+08,3.54E+06,2293162,2293162,0,439650
100,1.99E+08,3.64E+06,2293163,2293163,0,372500
100,2.14E+08,3.68E+06,2293169,2293169,0,430550
100,2.14E+08,3.55E+06,2293174,2293173,0,430550
100,2.17E+08,3.57E+06,2293174,2293175,0,439650
100,2.17E+08,3.56E+06,2293177,2293177,0,439650
100,2.02E+08,3.54E+06,2293185,2293184,0,384700
100,2.17E+08,3.77E+06,2293190,2293187,0,439750
100,2.17E+08,3.54E+06,2293194,2293194,0,439650
100,2.07E+08,3.54E+06,2293203,2293204,0,400750
100,2.17E+08,3.54E+06,2293204,2293203,0,439650
100,2.14E+08,3.58E+06,2293205,2293198,0,430550
100,2.07E+08,3.55E+06,2293209,2293208,0,400750
100,2.02E+08,3.62E+06,2293211,2293213,0,384700
100,2.02E+08,3.65E+06,2293214,2293210,0,384700
100,2.17E+08,3.57E+06,2293220,2293220,0,439650
100,2.17E+08,3.62E+06,2293222,2293222,0,439750
100,1.99E+08,3.69E+06,2293223,2293220,0,369550
100,2.17E+08,3.57E+06,2293225,2293224,0,439750
100,2.17E+08,3.87E+06,2293226,2293226,0,438350
100,2.17E+08,3.55E+06,2293230,2293230,0,439650
100,2.14E+08,3.72E+06,2293232,2293232,0,430550
100,2.17E+08,3.57E+06,2293232,2293232,0,439650
100,2.14E+08,3.59E+06,2293233,2293233,0,430550
100,1.99E+08,3.64E+06,2293241,2293241,0,369550
100,1.99E+08,3.58E+06,2293242,2293241,0,372500
100,2.17E+08,3.54E+06,2293243,2293246,0,439650
100,1.99E+08,3.56E+06,2293244,2293246,0,372500
100,2.02E+08,4.19E+06,2293245,2293242,0,384700
100,2.14E+08,3.63E+06,2293245,2293248,0,430550
100,2.14E+08,3.55E+06,2293253,2293253,0,430550
100,2.02E+08,3.59E+06,2293261,2293253,0,384300
100,2.07E+08,3.54E+06,2293261,2293261,0,400750
100,2.07E+08,3.56E+06,2293266,2293266,0,400750
100,1.99E+08,3.54E+06,2293271,2293271,0,369550
100,1.99E+08,3.65E+06,2293275,2293275,0,372500
100,2.14E+08,3.55E+06,2293275,2293275,0,430550
100,2.14E+08,3.62E+06,2293275,2293275,0,430550
100,2.14E+08,3.55E+06,2293276,2293274,0,430550
100,2.02E+08,3.71E+06,2293277,2293278,0,384700
100,2.14E+08,3.54E+06,2293282,2293282,0,430550
100,1.99E+08,3.77E+06,2293283,2293283,0,371050
100,2.14E+08,3.54E+06,2293286,2293158,0,430550
100,2.07E+08,3.55E+06,2293289,2293289,0,400750
100,2.07E+08,3.54E+06,2293297,2293290,0,400750
100,1.99E+08,3.57E+06,2293298,2293298,0,369550
100,2.02E+08,3.63E+06,2293298,2293300,0,384700
100,2.02E+08,3.66E+06,2293300,2293300,0,384700
100,2.07E+08,3.54E+06,2293309,2293308,0,400750
100,2.17E+08,3.64E+06,2293309,2293310,0,439750
100,2.17E+08,3.55E+06,2293315,2293314,0,439650
100,2.17E+08,3.57E+06,2293315,2293315,0,439750
100,2.17E+08,3.62E+06,2293321,2293323,0,438200
100,2.17E+08,3.55E+06,2293328,2293329,0,439650
100,2.14E+08,3.67E+06,2293331,2293330,0,430550
100,2.14E+08,3.61E+06,2293338,2293342,0,430550
100,2.07E+08,3.54E+06,2293345,2293346,0,400750
100,1.99E+08,3.69E+06,2293350,2293351,0,369550
100,2.04E+08,3.69E+06,2293351,2293351,0,389250
100,2.02E+08,3.61E+06,2293358,2293359,0,384700
100,2.14E+08,3.54E+06,2293365,2293366,0,430550
100,2.17E+08,3.54E+06,2293369,2293369,0,439650
100,2.02E+08,3.60E+06,2293372,2293372,0,384700
100,2.02E+08,3.56E+06,2293373,2293374,0,384700
100,2.14E+08,3.55E+06,2293376,2293372,0,430550
100,2.02E+08,3.66E+06,2293378,2293378,0,384700
100,2.17E+08,3.60E+06,2293380,2293381,0,439650
100,2.14E+08,3.54E+06,2293381,2293378,0,430550
100,2.17E+08,3.66E+06,2293383,2293383,0,439750
100,2.02E+08,3.61E+06,2293391,2293391,0,384700
100,1.99E+08,3.55E+06,2293393,2293390,0,369550
100,2.01E+08,3.69E+06,2293393,2293393,0,382650
100,2.17E+08,3.67E+06,2293395,2293395,0,439750
100,2.14E+08,3.54E+06,2293397,2293396,0,430550
100,2.17E+08,3.56E+06,2293399,2293398,0,439650
100,2.07E+08,3.55E+06,2293405,2293406,0,400750
100,2.14E+08,3.55E+06,2293432,2293432,0,430550
100,2.17E+08,3.65E+06,2293439,2293438,0,439650
100,2.17E+08,3.56E+06,2293445,2293445,0,439650
100,2.02E+08,3.64E+06,2293452,2293454,0,384700
100,2.02E+08,3.64E+06,2293459,2293462,0,385300
100,2.17E+08,3.55E+06,2293463,2293463,0,439650
100,2.17E+08,3.56E+06,2293465,2293466,0,439650
100,2.17E+08,3.55E+06,2293469,2293469,0,439650
100,2.17E+08,3.58E+06,2293474,2293474,0,439650
100,2.17E+08,3.55E+06,2293478,2293480,0,439650
100,2.14E+08,3.55E+06,2293479,2293479,0,430550
100,2.14E+08,3.65E+06,2293482,2293482,0,430550
100,2.07E+08,3.59E+06,2293484,2293482,0,400750
100,1.99E+08,3.62E+06,2293486,2293490,0,372500
100,2.17E+08,3.54E+06,2293489,2293489,0,439650
100,2.07E+08,3.54E+06,2293491,2293491,0,399500
100,2.17E+08,3.55E+06,2293491,2293490,0,439650
100,2.07E+08,3.55E+06,2293492,2293488,0,400750
100,2.02E+08,3.54E+06,2293493,2293493,0,384300
100,2.17E+08,3.54E+06,2293493,2293493,0,439650
100,2.14E+08,3.55E+06,2293495,2293495,0,430550
100,2.17E+08,3.57E+06,2293496,2293493,0,439650
100,2.17E+08,3.54E+06,2293498,2293498,0,439650
100,2.17E+08,3.59E+06,2293499,2293500,0,439650
100,1.99E+08,3.60E+06,2293501,2293500,0,369550
100,2.17E+08,3.56E+06,2293506,2293504,0,439650
100,2.17E+08,3.54E+06,2293510,2293512,0,439750
100,2.07E+08,3.57E+06,2293518,2293520,0,400750
100,2.14E+08,3.54E+06,2293518,2293517,0,430550
100,2.02E+08,3.60E+06,2293522,2293520,0,384300
100,2.07E+08,3.56E+06,2293522,2293522,0,400650
100,1.99E+08,3.62E+06,2293526,2293522,0,369550
100,2.14E+08,3.56E+06,2293530,2293530,0,430550
100,2.17E+08,3.62E+06,2293530,2293530,0,439650
100,2.17E+08,3.54E+06,2293531,2293531,0,439750
100,2.17E+08,3.55E+06,2293533,2293533,0,439750
100,2.02E+08,3.75E+06,2293535,2293535,0,384700
100,2.14E+08,3.72E+06,2293536,2293532,0,430550
100,2.14E+08,3.54E+06,2293538,2293538,0,430550
100,2.17E+08,3.62E+06,2293539,2293539,0,439650
100,2.14E+08,3.58E+06,2293540,2293542,0,430550
100,2.14E+08,3.56E+06,2293558,2293558,0,430550
100,2.02E+08,3.76E+06,2293561,2293561,0,384700
100,2.02E+08,3.60E+06,2293562,2293562,0,384700
100,2.17E+08,3.63E+06,2293562,2293563,0,439650
100,2.02E+08,3.58E+06,2293567,2293567,0,384700
100,2.14E+08,3.68E+06,2293567,2293565,0,430550
100,2.15E+08,3.84E+06,2293577,2293577,0,430700
100,2.17E+08,3.54E+06,2293579,2293574,0,439750
100,2.17E+08,3.68E+06,2293580,2293580,0,438200
100,1.99E+08,3.71E+06,2293587,2293588,0,372500
100,2.07E+08,3.55E+06,2293598,2293598,0,400750
100,2.01E+08,3.66E+06,2293606,2293601,0,382650
100,2.01E+08,3.90E+06,2293611,2293611,0,382000
100,2.07E+08,3.54E+06,2293611,2293612,0,400650
100,1.99E+08,3.68E+06,2293613,2293613,0,372500
100,2.07E+08,3.54E+06,2293613,2293613,0,400750
100,2.17E+08,3.55E+06,2293633,2293631,0,439650
100,2.14E+08,3.55E+06,2293634,2293634,0,430550
100,1.99E+08,3.54E+06,2293636,2293636,0,369550
100,1.99E+08,3.56E+06,2293639,2293639,0,372500
100,1.99E+08,3.57E+06,2293640,2293640,0,372500
100,1.99E+08,3.55E+06,2293664,2293661,0,372500
100,2.17E+08,3.56E+06,2293664,2293660,0,439650
100,2.14E+08,3.54E+06,2293665,2293665,0,430550
100,2.17E+08,3.56E+06,2293665,2293665,0,439650
100,2.02E+08,3.61E+06,2293682,2293682,0,384700
100,2.08E+08,3.76E+06,2293687,2293687,0,401600
100,2.17E+08,3.54E+06,2293690,2293691,0,439650
100,2.07E+08,3.56E+06,2293693,2293693,0,400650
100,2.07E+08,3.54E+06,2293694,2293693,0,400750
100,2.14E+08,3.54E+06,2293695,2293689,0,430550
100,2.07E+08,3.54E+06,2293699,2293700,0,400650
100,2.07E+08,3.57E+06,2293701,2293701,0,400750
100,2.14E+08,3.54E+06,2293705,2293704,0,430550
100,2.07E+08,3.56E+06,2293706,2293706,0,400750
100,2.04E+08,3.83E+06,2293708,2293708,0,389350
100,1.99E+08,3.74E+06,2293712,2293714,0,370400
100,2.17E+08,3.54E+06,2293719,2293717,0,439650
100,2.17E+08,3.59E+06,2293725,2293722,0,439650
100,1.99E+08,3.57E+06,2293729,2293729,0,369550
100,2.07E+08,3.57E+06,2293729,2293731,0,400750
100,2.07E+08,3.54E+06,2293735,2293734,0,400750
100,2.17E+08,3.56E+06,2293751,2293750,0,439750
100,2.17E+08,3.60E+06,2293755,2293755,0,439650
100,2.02E+08,3.59E+06,2293756,2293756,0,384700
100,2.07E+08,3.56E+06,2293760,2293760,0,400750
100,2.07E+08,3.55E+06,2293762,2293761,0,400650
100,2.02E+08,3.71E+06,2293767,2293767,0,384300
100,2.07E+08,3.68E+06,2293774,2293775,0,399500
100,2.15E+08,3.90E+06,2293775,2293775,0,433550
100,2.17E+08,3.64E+06,2293775,2293775,0,439650
100,2.17E+08,3.57E+06,2293781,2293781,0,439650
100,2.17E+08,3.54E+06,2293794,2293794,0,439650
100,2.17E+08,3.72E+06,2293799,2293802,0,439750
100,2.07E+08,3.70E+06,2293800,2293801,0,399500
100,2.17E+08,3.57E+06,2293800,2293799,0,439650
100,2.17E+08,3.55E+06,2293802,2293802,0,439750
100,2.14E+08,3.56E+06,2293803,2293803,0,430550
100,2.07E+08,3.54E+06,2293807,2293807,0,400750
100,2.02E+08,4.08E+06,2293811,2293811,0,384700
100,2.04E+08,3.73E+06,2293834,2293833,0,389250
100,2.05E+08,3.82E+06,2293840,2293839,0,392100
100,2.14E+08,3.72E+06,2293840,2293840,0,430550
100,2.14E+08,3.59E+06,2293840,2293835,0,430550
100,2.14E+08,3.75E+06,2293845,2293849,0,430550
100,2.14E+08,3.56E+06,2293848,2293847,0,430550
100,2.07E+08,3.55E+06,2293852,2293853,0,400750
100,2.14E+08,3.68E+06,2293852,2293856,0,430550
100,2.02E+08,3.55E+06,2293853,2293852,0,384700
100,2.14E+08,3.57E+06,2293853,2293853,0,430550
100,2.02E+08,3.61E+06,2293855,2293855,0,384700
100,2.14E+08,3.56E+06,2293855,2293854,0,430550
100,2.14E+08,3.54E+06,2293858,2293858,0,430550
100,2.14E+08,3.56E+06,2293858,2293858,0,430550
100,2.04E+08,3.84E+06,2293860,2293856,0,389000
100,2.02E+08,3.65E+06,2293861,2293857,0,384700
100,2.14E+08,3.55E+06,2293862,2293862,0,430550
100,2.04E+08,3.78E+06,2293870,2293870,0,389350
100,2.07E+08,3.54E+06,2293870,2293870,0,400750
100,2.14E+08,3.59E+06,2293870,2293870,0,430550
100,2.14E+08,3.55E+06,2293871,2293866,0,430550
100,2.14E+08,3.57E+06,2293872,2293873,0,430550
100,2.02E+08,3.59E+06,2293893,2293893,0,384700
100,2.04E+08,3.84E+06,2293893,2293893,0,388450
100,2.07E+08,3.66E+06,2293894,2293894,0,399500
100,2.14E+08,3.63E+06,2293896,2293896,0,430550
100,2.02E+08,3.54E+06,2293899,2293900,0,384700
100,2.17E+08,3.61E+06,2293902,2293902,0,439650
100,2.17E+08,3.54E+06,2293903,2293903,0,439650
100,1.99E+08,3.60E+06,2293904,2293904,0,369550
100,2.07E+08,3.55E+06,2293909,2293908,0,400650
100,2.17E+08,3.54E+06,2293909,2293908,0,439650
100,2.14E+08,3.59E+06,2293915,2293915,0,430550
100,2.17E+08,3.59E+06,2293917,2293916,0,439650
100,2.14E+08,3.54E+06,2293923,2293921,0,430550
100,2.17E+08,3.56E+06,2293929,2293932,0,439650
100,1.99E+08,3.59E+06,2293932,2293933,0,369550
100,2.14E+08,3.55E+06,2293936,2293937,0,430550
100,2.07E+08,3.56E+06,2293937,2293937,0,400650
100,2.07E+08,3.54E+06,2293951,2293951,0,400650
100,2.07E+08,3.54E+06,2293951,2293954,0,400750
100,2.02E+08,3.56E+06,2293952,2293952,0,384700
100,2.17E+08,3.62E+06,2293969,2293970,0,439650
100,2.07E+08,3.55E+06,2293972,2293973,0,400750
100,2.17E+08,3.68E+06,2293983,2293983,0,438350
100,2.14E+08,3.65E+06,2293984,2293983,0,430550
100,2.15E+08,3.69E+06,2294003,2294003,0,430550
100,2.14E+08,3.69E+06,2294008,2294008,0,430550
100,2.17E+08,3.57E+06,2294014,2294014,0,439650
100,1.99E+08,3.57E+06,2294016,2294015,0,369550
100,2.17E+08,3.55E+06,2294031,2294024,0,439650
100,2.14E+08,3.61E+06,2294037,2294037,0,430550
100,2.17E+08,3.54E+06,2294039,2294043,0,439650
100,2.14E+08,3.54E+06,2294041,2294043,0,430550
100,2.02E+08,3.55E+06,2294057,2294061,0,384700
100,2.04E+08,3.68E+06,2294064,2294063,0,389250
100,2.17E+08,3.57E+06,2294067,2294064,0,439650
100,2.14E+08,3.54E+06,2294077,2294077,0,430550
100,2.17E+08,3.72E+06,2294082,2294082,0,438200
100,2.14E+08,3.54E+06,2294084,2294083,0,430550
100,2.07E+08,3.60E+06,2294085,2294083,0,400750
100,2.07E+08,3.59E+06,2294086,2294086,0,400650
100,2.04E+08,3.81E+06,2294088,2294092,0,390400
100,2.14E+08,3.56E+06,2294089,2294090,0,430550
100,2.14E+08,3.55E+06,2294094,2294094,0,430550
100,2.17E+08,3.61E+06,2294097,2294098,0,439750
100,1.99E+08,3.59E+06,2294098,2294094,0,372500
100,2.17E+08,3.56E+06,2294105,2294105,0,439650
100,2.07E+08,3.64E+06,2294108,2294108,0,400650
100,2.14E+08,3.55E+06,2294114,2294112,0,430550
100,2.14E+08,3.59E+06,2294120,2294121,0,430550
100,2.07E+08,3.56E+06,2294121,2294122,0,400650
100,2.17E+08,3.54E+06,2294121,2294120,0,439650
100,2.14E+08,3.55E+06,2294125,2294122,0,430550
100,2.07E+08,3.61E+06,2294129,2294129,0,400650
100,2.17E+08,3.55E+06,2294147,2294150,0,439650
100,2.07E+08,3.55E+06,2294148,2294148,0,400750
100,2.17E+08,3.55E+06,2294164,2294164,0,439650
100,1.99E+08,3.56E+06,2294167,2294167,0,369550
100,2.17E+08,3.70E+06,2294172,2294172,0,439650
100,1.99E+08,3.56E+06,2294173,2294174,0,372500
100,2.02E+08,3.54E+06,2294181,2294181,0,384700
100,2.02E+08,3.64E+06,2294187,2294185,0,384700
100,2.14E+08,3.54E+06,2294187,2294188,0,430550
100,2.07E+08,3.57E+06,2294194,2294194,0,400650
100,2.14E+08,3.69E+06,2294194,2294193,0,430550
100,2.07E+08,3.54E+06,2294205,2294203,0,400750
100,2.14E+08,3.54E+06,2294217,2294217,0,430550
100,2.02E+08,3.68E+06,2294218,2294217,0,384700
100,2.07E+08,3.71E+06,2294222,2294222,0,400750
100,2.17E+08,3.57E+06,2294225,2294223,0,439650
100,1.99E+08,3.88E+06,2294229,2294228,0,372500
100,2.07E+08,3.59E+06,2294236,2294236,0,400750
100,2.07E+08,3.59E+06,2294241,2294242,0,400750
100,2.17E+08,3.61E+06,2294245,2294246,0,439650
100,2.17E+08,3.59E+06,2294254,2294254,0,439750
100,2.14E+08,3.57E+06,2294258,2294257,0,430550
100,1.99E+08,3.71E+06,2294259,2294260,0,369550
100,2.01E+08,3.75E+06,2294263,2294263,0,382000
100,2.17E+08,3.54E+06,2294264,2294264,0,439650
100,2.07E+08,3.92E+06,2294265,2294265,0,400750
100,2.17E+08,3.54E+06,2294267,2294262,0,439750
100,2.02E+08,3.67E+06,2294271,2294271,0,384700
100,2.17E+08,3.56E+06,2294271,2294271,0,439650
100,2.17E+08,3.57E+06,2294271,2294273,0,439650
100,2.14E+08,3.56E+06,2294286,2294285,0,430550
100,2.17E+08,3.57E+06,2294293,2294293,0,439650
100,1.99E+08,3.96E+06,2294294,2294290,0,369550
100,2.08E+08,3.68E+06,2294295,2294295,0,401650
100,2.14E+08,3.55E+06,2294301,2294302,0,430550
100,2.17E+08,3.58E+06,2294301,2294302,0,439650
100,2.02E+08,3.54E+06,2294305,2294306,0,384700
100,2.07E+08,3.59E+06,2294327,2294327,0,400750
100,2.07E+08,3.58E+06,2294328,2294328,0,400750
100,2.07E+08,3.56E+06,2294332,2294321,0,400750
100,2.17E+08,3.72E+06,2294333,2294333,0,439750
100,1.99E+08,3.68E+06,2294341,2294341,0,372500
100,2.14E+08,3.58E+06,2294349,2294350,0,430550
100,2.14E+08,3.56E+06,2294356,2294356,0,430550
100,2.00E+08,3.74E+06,2294358,2294358,0,378950
100,2.17E+08,3.57E+06,2294358,2294359,0,439750
100,2.14E+08,3.54E+06,2294360,2294360,0,430550
100,2.17E+08,3.62E+06,2294373,2294374,0,439750
100,1.99E+08,3.65E+06,2294381,2294382,0,369550
100,2.14E+08,3.57E+06,2294381,2294379,0,430550
100,2.17E+08,3.58E+06,2294391,2294391,0,439750
100,2.07E+08,3.54E+06,2294392,2294391,0,400750
100,2.07E+08,3.57E+06,2294393,2294395,0,400650
100,2.02E+08,3.61E+06,2294394,2294394,0,384700
100,1.96E+08,3.76E+06,2294413,2294414,0,359600
100,2.07E+08,3.55E+06,2294418,2294418,0,400750
100,2.14E+08,3.64E+06,2294437,2294437,0,430550
100,1.99E+08,3.62E+06,2294448,2294448,0,369550
100,2.17E+08,3.59E+06,2294450,2294449,0,439650
100,2.02E+08,3.71E+06,2294452,2294451,0,384700
100,2.17E+08,3.54E+06,2294452,2294451,0,439750
100,2.07E+08,3.55E+06,2294455,2294459,0,400650
100,2.14E+08,3.54E+06,2294455,2294456,0,430550
100,2.17E+08,3.54E+06,2294455,2294456,0,439650
100,2.07E+08,3.56E+06,2294457,2294457,0,400650
100,2.17E+08,3.54E+06,2294458,2294458,0,439750
100,1.99E+08,3.58E+06,2294462,2294462,0,372500
100,2.02E+08,3.54E+06,2294464,2294463,0,384700
100,2.07E+08,3.54E+06,2294466,2294466,0,400750
100,2.14E+08,3.56E+06,2294466,2294464,0,430550
100,2.17E+08,3.57E+06,2294468,2294471,0,439650
100,2.07E+08,3.57E+06,2294472,2294480,0,400750
100,2.07E+08,3.77E+06,2294475,2294475,0,400650
100,1.99E+08,4.02E+06,2294484,2294481,0,372500
100,2.17E+08,3.56E+06,2294492,2294492,0,439650
100,2.17E+08,3.57E+06,2294504,2294503,0,439750
100,2.14E+08,3.67E+06,2294508,2294507,0,430550
100,2.14E+08,3.70E+06,2294512,2294512,0,430550
100,2.07E+08,3.59E+06,2294515,2294507,0,400650
100,2.07E+08,3.56E+06,2294519,2294520,0,400650
100,2.07E+08,3.55E+06,2294520,2294519,0,400750
100,2.14E+08,3.56E+06,2294526,2294523,0,430550
100,2.14E+08,3.54E+06,2294528,2294530,0,430550
100,2.14E+08,3.56E+06,2294532,2294532,0,430550
100,2.02E+08,3.65E+06,2294537,2294535,0,384700
100,2.07E+08,3.54E+06,2294553,2294554,0,400750
100,2.17E+08,3.54E+06,2294557,2294557,0,439650
100,2.07E+08,3.56E+06,2294577,2294578,0,400650
100,2.02E+08,3.56E+06,2294589,2294589,0,384700
100,2.02E+08,3.60E+06,2294594,2294593,0,384700
100,2.07E+08,3.56E+06,2294594,2294596,0,400650
100,2.02E+08,3.61E+06,2294597,2294596,0,384300
100,2.08E+08,3.92E+06,2294601,2294601,0,401600
100,2.17E+08,3.58E+06,2294601,2294602,0,439650
100,1.99E+08,3.77E+06,2294603,2294603,0,369450
100,2.14E+08,3.56E+06,2294604,2294610,0,430550
100,2.01E+08,3.85E+06,2294606,2294606,0,382650
100,2.02E+08,3.58E+06,2294608,2294609,0,384700
100,2.17E+08,3.65E+06,2294614,2294615,0,439650
100,2.14E+08,3.60E+06,2294623,2294623,0,430550
100,2.02E+08,3.59E+06,2294628,2294626,0,384700
100,2.14E+08,3.54E+06,2294628,2294627,0,430550
100,2.07E+08,3.56E+06,2294635,2294636,0,400650
100,2.17E+08,3.58E+06,2294640,2294641,0,439650
100,2.07E+08,3.57E+06,2294645,2294647,0,400650
100,2.14E+08,3.70E+06,2294647,2294647,0,430550
100,2.02E+08,3.54E+06,2294657,2294660,0,384700
100,2.17E+08,3.55E+06,2294657,2294655,0,439650
100,2.14E+08,3.54E+06,2294667,2294667,0,430550
100,2.17E+08,3.61E+06,2294676,2294676,0,439650
100,2.17E+08,3.56E+06,2294677,2294678,0,439650
100,2.17E+08,3.54E+06,2294680,2294679,0,439650
100,2.02E+08,3.54E+06,2294681,2294680,0,384700
100,2.17E+08,3.57E+06,2294681,2294678,0,439750
100,2.02E+08,3.56E+06,2294682,2294682,0,384700
100,2.14E+08,3.58E+06,2294696,2294696,0,430550
100,1.99E+08,3.66E+06,2294698,2294698,0,369550
100,2.17E+08,3.56E+06,2294704,2294704,0,439650
100,2.07E+08,3.59E+06,2294712,2294712,0,400750
100,2.17E+08,3.69E+06,2294713,2294706,0,438200
100,2.14E+08,3.55E+06,2294720,2294720,0,430550
100,2.07E+08,3.54E+06,2294723,2294724,0,400650
100,2.17E+08,3.55E+06,2294723,2294723,0,439750
100,2.07E+08,3.72E+06,2294731,2294731,0,400750
100,2.14E+08,3.64E+06,2294733,2294733,0,430550
100,2.14E+08,3.59E+06,2294734,2294732,0,430550
100,2.07E+08,3.54E+06,2294736,2294736,0,400750
100,2.17E+08,3.59E+06,2294738,2294738,0,439650
100,2.17E+08,3.57E+06,2294743,2294742,0,439750
100,2.07E+08,3.61E+06,2294745,2294745,0,400750
100,2.02E+08,3.55E+06,2294748,2294753,0,384300
100,2.04E+08,3.73E+06,2294755,2294755,0,388450
100,2.17E+08,3.59E+06,2294756,2294756,0,439750
100,2.07E+08,3.61E+06,2294773,2294773,0,399500
100,2.03E+08,3.84E+06,2294777,2294776,0,387900
100,2.14E+08,3.54E+06,2294782,2294782,0,430550
100,2.07E+08,3.55E+06,2294800,2294799,0,400750
100,1.99E+08,3.54E+06,2294807,2294803,0,369550
100,2.07E+08,3.55E+06,2294811,2294811,0,400650
100,2.07E+08,3.54E+06,2294815,2294818,0,400650
100,1.99E+08,3.80E+06,2294831,2294831,0,371500
100,2.02E+08,3.78E+06,2294846,2294845,0,385150
100,2.17E+08,3.56E+06,2294856,2294860,0,439650
100,1.99E+08,3.72E+06,2294860,2294860,0,369550
100,1.99E+08,3.56E+06,2294862,2294862,0,369550
100,2.17E+08,3.56E+06,2294866,2294864,0,439650
100,2.02E+08,3.67E+06,2294868,2294869,0,384700
100,2.02E+08,3.72E+06,2294871,2294871,0,384700
100,1.99E+08,3.61E+06,2294877,2294877,0,372500
100,1.99E+08,3.79E+06,2294880,2294881,0,372500
100,1.99E+08,3.60E+06,2294886,2294886,0,372500
100,2.07E+08,3.55E+06,2294887,2294887,0,400750
100,2.17E+08,3.55E+06,2294898,2294898,0,439650
100,2.14E+08,3.54E+06,2294902,2294901,0,430550
100,1.99E+08,3.54E+06,2294904,2294905,0,372500
100,2.14E+08,3.54E+06,2294913,2294913,0,430550
100,1.99E+08,3.77E+06,2294924,2294924,0,371700
100,2.17E+08,3.60E+06,2294926,2294926,0,439650
100,2.02E+08,3.57E+06,2294930,2294927,0,384300
100,2.02E+08,3.55E+06,2294942,2294936,0,384700
100,2.07E+08,3.60E+06,2294944,2294939,0,400650
100,2.17E+08,3.61E+06,2294960,2294959,0,439650
100,2.17E+08,3.61E+06,2294961,2294961,0,439650
100,2.17E+08,3.56E+06,2294964,2294963,0,439650
100,2.02E+08,3.64E+06,2294969,2294969,0,384300
100,2.07E+08,3.55E+06,2294971,2294971,0,400750
100,2.14E+08,3.55E+06,2294987,2294987,0,430550
100,1.99E+08,3.55E+06,2294991,2294991,0,372500
100,1.99E+08,3.71E+06,2294995,2294995,0,369550
100,1.99E+08,3.54E+06,2294995,2294993,0,369550
100,2.17E+08,3.54E+06,2294997,2294997,0,439650
100,2.07E+08,3.54E+06,2295008,2295008,0,400750
100,2.17E+08,3.54E+06,2295008,2295008,0,439750
100,2.07E+08,3.55E+06,2295013,2295009,0,400750
100,2.02E+08,3.58E+06,2295017,2295016,0,384700
100,2.14E+08,3.63E+06,2295017,2295015,0,430550
100,2.02E+08,3.57E+06,2295019,2295018,0,384700
100,2.07E+08,3.55E+06,2295022,2295022,0,400750
100,2.02E+08,3.56E+06,2295026,2295027,0,384700
100,2.14E+08,3.58E+06,2295029,2295028,0,430550
100,2.07E+08,3.58E+06,2295032,2295032,0,399500
100,1.99E+08,3.57E+06,2295036,2295036,0,372500
100,2.14E+08,3.56E+06,2295040,2295042,0,430550
100,2.17E+08,3.75E+06,2295040,2295038,0,439650
100,2.02E+08,3.75E+06,2295051,2295051,0,384700
100,2.14E+08,3.65E+06,2295051,2295051,0,430550
100,2.02E+08,3.64E+06,2295054,2295054,0,384700
100,2.17E+08,3.56E+06,2295058,2295058,0,439750
100,2.17E+08,3.55E+06,2295059,2295059,0,439650
100,2.07E+08,3.59E+06,2295075,2295076,0,400650
100,2.07E+08,3.57E+06,2295082,2295080,0,400650
100,2.07E+08,3.56E+06,2295095,2295095,0,400750
100,2.07E+08,3.58E+06,2295097,2295101,0,400750
100,2.14E+08,3.64E+06,2295100,2295099,0,430550
100,2.17E+08,3.54E+06,2295100,2295100,0,439650
100,2.07E+08,3.59E+06,2295101,2295101,0,400650
100,1.96E+08,3.62E+06,2295106,2295108,0,359400
100,2.17E+08,3.57E+06,2295107,2295109,0,439750
100,2.07E+08,3.55E+06,2295112,2295113,0,400650
100,2.14E+08,3.54E+06,2295116,2295112,0,430550
100,2.07E+08,3.57E+06,2295117,2295117,0,400650
100,2.17E+08,3.57E+06,2295119,2295114,0,439650
100,2.02E+08,3.62E+06,2295125,2295118,0,384700
100,2.17E+08,3.56E+06,2295125,2295125,0,439650
100,1.99E+08,3.73E+06,2295127,2295125,0,372500
100,1.99E+08,3.59E+06,2295128,2295127,0,372500
100,2.14E+08,3.54E+06,2295132,2295131,0,430550
100,2.17E+08,3.57E+06,2295144,2295144,0,439750
100,2.15E+08,4.00E+06,2295145,2295145,0,433550
100,1.99E+08,3.71E+06,2295149,2295150,0,369550
100,2.02E+08,3.58E+06,2295153,2295153,0,384700
100,2.08E+08,4.10E+06,2295154,2295154,0,401650
100,2.14E+08,3.55E+06,2295154,2295154,0,430550
100,2.17E+08,3.55E+06,2295157,2295157,0,439650
100,2.07E+08,3.55E+06,2295158,2295157,0,400650
100,2.07E+08,3.55E+06,2295160,2295160,0,400750
100,2.03E+08,3.77E+06,2295164,2295164,0,387900
100,2.02E+08,3.61E+06,2295167,2295167,0,384700
100,2.17E+08,3.77E+06,2295175,2295175,0,438350
100,2.07E+08,3.62E+06,2295176,2295176,0,400750
100,2.02E+08,3.58E+06,2295181,2295181,0,384700
100,2.07E+08,3.61E+06,2295181,2295183,0,400650
100,2.07E+08,3.55E+06,2295181,2295183,0,400650
100,2.17E+08,3.55E+06,2295191,2295192,0,439650
100,2.17E+08,3.54E+06,2295191,2295191,0,439650
100,1.99E+08,3.55E+06,2295198,2295199,0,372500
100,1.99E+08,3.63E+06,2295200,2295201,0,369550
100,2.14E+08,3.59E+06,2295201,2295201,0,430550
100,2.17E+08,3.55E+06,2295204,2295204,0,439650
100,1.99E+08,3.55E+06,2295207,2295207,0,372500
100,2.17E+08,3.57E+06,2295212,2295209,0,439750
100,2.14E+08,3.65E+06,2295215,2295215,0,430550
100,2.17E+08,3.56E+06,2295220,2295220,0,439750
100,2.04E+08,3.94E+06,2295222,2295222,0,390000
100,2.14E+08,3.55E+06,2295229,2295229,0,430550
100,2.14E+08,3.54E+06,2295230,2295230,0,430550
100,2.07E+08,3.71E+06,2295248,2295248,0,400750
100,2.17E+08,3.54E+06,2295248,2295248,0,439750
100,2.14E+08,3.58E+06,2295261,2295260,0,430550
100,2.07E+08,3.56E+06,2295269,2295267,0,399500
100,2.14E+08,3.54E+06,2295272,2295272,0,430550
100,2.17E+08,3.57E+06,2295274,2295275,0,439750
100,2.14E+08,3.54E+06,2295278,2295277,0,430550
100,2.17E+08,3.60E+06,2295280,2295278,0,439750
100,2.17E+08,3.57E+06,2295283,2295283,0,439750
100,2.14E+08,3.61E+06,2295290,2295290,0,430550
100,1.99E+08,3.75E+06,2295292,2295294,0,371500
100,2.14E+08,3.57E+06,2295298,2295298,0,430550
100,2.02E+08,3.56E+06,2295313,2295315,0,384700
100,2.14E+08,3.56E+06,2295313,2295311,0,430550
100,2.14E+08,3.59E+06,2295314,2295314,0,430550
100,2.02E+08,3.59E+06,2295315,2295315,0,384300
100,2.14E+08,3.55E+06,2295318,2295318,0,430550
100,2.17E+08,3.56E+06,2295319,2295319,0,439650
100,2.07E+08,3.69E+06,2295321,2295321,0,400650
100,2.14E+08,3.54E+06,2295322,2295322,0,430550
100,2.02E+08,3.56E+06,2295323,2295322,0,384700
100,2.02E+08,3.63E+06,2295328,2295328,0,384300
100,2.17E+08,3.63E+06,2295333,2295333,0,439650
100,2.02E+08,3.61E+06,2295342,2295339,0,384300
100,1.99E+08,3.80E+06,2295344,2295344,0,369550
100,2.07E+08,3.58E+06,2295349,2295349,0,400650
100,2.02E+08,3.85E+06,2295350,2295353,0,385000
100,2.17E+08,3.58E+06,2295351,2295351,0,439650
100,2.14E+08,3.57E+06,2295354,2295353,0,430550
100,2.17E+08,3.59E+06,2295354,2295354,0,439750
100,1.99E+08,3.60E+06,2295358,2295357,0,372500
100,2.14E+08,3.59E+06,2295365,2295365,0,430550
100,1.99E+08,3.66E+06,2295366,2295366,0,371700
100,2.14E+08,3.57E+06,2295368,2295367,0,430550
100,2.07E+08,3.54E+06,2295369,2295369,0,400650
100,2.14E+08,3.58E+06,2295370,2295372,0,430550
100,2.17E+08,3.74E+06,2295371,2295371,0,439650
100,2.17E+08,3.55E+06,2295371,2295371,0,439750
100,1.96E+08,3.62E+06,2295372,2295373,0,359600
100,2.17E+08,3.72E+06,2295383,2295383,0,439650
100,2.17E+08,3.54E+06,2295384,2295383,0,439650
100,2.17E+08,3.56E+06,2295385,2295386,0,439750
100,2.14E+08,3.68E+06,2295388,2295387,0,430550
100,2.02E+08,3.60E+06,2295389,2295389,0,384300
100,1.99E+08,3.87E+06,2295392,2295393,0,372500
100,2.14E+08,3.60E+06,2295397,2295397,0,430550
100,2.07E+08,3.54E+06,2295402,2295400,0,400750
100,2.07E+08,3.57E+06,2295404,2295404,0,400650
100,2.14E+08,3.54E+06,2295409,2295409,0,430550
100,1.99E+08,3.63E+06,2295413,2295411,0,369550
100,1.99E+08,3.67E+06,2295414,2295415,0,369550
100,2.07E+08,3.66E+06,2295417,2295417,0,400500
100,2.04E+08,3.79E+06,2295418,2295418,0,388450
100,2.14E+08,3.54E+06,2295424,2295424,0,430550
100,2.14E+08,3.54E+06,2295426,2295426,0,430550
100,2.14E+08,3.59E+06,2295427,2295426,0,430550
100,2.14E+08,3.55E+06,2295439,2295437,0,430550
100,2.17E+08,3.57E+06,2295440,2295440,0,439650
100,2.14E+08,3.55E+06,2295442,2295442,0,430550
100,1.99E+08,3.57E+06,2295445,2295445,0,369550
100,2.07E+08,3.54E+06,2295448,2295448,0,400650
100,2.07E+08,3.65E+06,2295450,2295450,0,400750
100,2.14E+08,3.55E+06,2295457,2295458,0,430550
100,2.02E+08,3.57E+06,2295475,2295477,0,384700
100,1.99E+08,3.58E+06,2295476,2295477,0,372500
100,2.07E+08,3.54E+06,2295481,2295480,0,400650
100,2.14E+08,3.56E+06,2295483,2295483,0,430550
100,1.99E+08,3.60E+06,2295485,2295485,0,372500
100,2.02E+08,3.70E+06,2295485,2295484,0,384700
100,2.02E+08,3.60E+06,2295494,2295494,0,384700
100,2.17E+08,3.55E+06,2295494,2295494,0,439650
100,2.17E+08,3.56E+06,2295500,2295500,0,439650
100,2.14E+08,3.57E+06,2295503,2295503,0,430550
100,2.07E+08,3.54E+06,2295506,2295504,0,400650
100,2.14E+08,3.75E+06,2295512,2295512,0,430550
100,2.07E+08,3.56E+06,2295515,2295514,0,400650
100,2.14E+08,3.55E+06,2295520,2295518,0,430550
100,2.17E+08,3.54E+06,2295529,2295527,0,439650
100,1.99E+08,3.75E+06,2295533,2295529,0,372500
100,2.07E+08,3.69E+06,2295537,2295540,0,399500
100,2.17E+08,3.65E+06,2295538,2295541,0,439750
100,2.07E+08,3.54E+06,2295546,2295545,0,400750
100,2.17E+08,3.60E+06,2295551,2295557,0,439750
100,2.17E+08,3.70E+06,2295558,2295558,0,439650
100,2.14E+08,3.55E+06,2295563,2295567,0,430550
100,2.07E+08,3.54E+06,2295570,2295568,0,400750
100,2.07E+08,3.54E+06,2295575,2295574,0,400650
100,2.17E+08,3.55E+06,2295584,2295584,0,439750
100,2.04E+08,3.71E+06,2295590,2295591,0,388450
100,2.17E+08,3.64E+06,2295590,2295592,0,439650
100,2.14E+08,3.68E+06,2295593,2295592,0,430550
100,2.07E+08,3.57E+06,2295606,2295606,0,400650
100,2.14E+08,3.58E+06,2295611,2295611,0,430550
100,1.99E+08,3.60E+06,2295614,2295613,0,372500
100,2.07E+08,3.54E+06,2295615,2295614,0,400650
100,2.07E+08,3.56E+06,2295618,2295618,0,400650
100,2.07E+08,3.56E+06,2295620,2295620,0,400750
100,1.99E+08,3.54E+06,2295624,2295624,0,372500
100,2.07E+08,3.55E+06,2295627,2295627,0,400750
100,2.17E+08,3.56E+06,2295628,2295625,0,439650
100,2.17E+08,3.60E+06,2295628,2295628,0,439750
100,2.04E+08,3.84E+06,2295629,2295628,0,388450
100,2.02E+08,3.61E+06,2295632,2295631,0,384700
100,2.17E+08,3.55E+06,2295643,2295641,0,439650
100,2.02E+08,3.68E+06,2295647,2295647,0,384700
100,2.07E+08,3.54E+06,2295648,2295648,0,400750
100,1.99E+08,3.57E+06,2295650,2295651,0,372500
100,2.14E+08,3.59E+06,2295650,2295650,0,430550
100,2.14E+08,3.54E+06,2295653,2295653,0,430550
100,2.14E+08,3.55E+06,2295653,2295653,0,430550
100,2.17E+08,3.59E+06,2295659,2295659,0,439650
100,2.02E+08,3.66E+06,2295661,2295661,0,384700
100,2.04E+08,3.71E+06,2295665,2295667,0,389250
100,2.07E+08,3.54E+06,2295671,2295669,0,400750
100,2.07E+08,3.57E+06,2295672,2295672,0,400650
100,2.02E+08,3.63E+06,2295677,2295676,0,384300
100,2.07E+08,3.58E+06,2295683,2295683,0,399500
100,1.99E+08,3.64E+06,2295687,2295683,0,369550
100,2.16E+08,3.74E+06,2295693,2295691,0,437700
100,2.07E+08,3.60E+06,2295696,2295697,0,399500
100,2.17E+08,3.55E+06,2295696,2295697,0,439650
100,2.17E+08,3.63E+06,2295700,2295700,0,439650
100,2.01E+08,3.80E+06,2295702,2295702,0,382650
100,1.99E+08,3.58E+06,2295706,2295706,0,372500
100,2.03E+08,3.64E+06,2295706,2295711,0,387100
100,2.02E+08,3.56E+06,2295714,2295714,0,384700
100,2.14E+08,3.56E+06,2295720,2295720,0,430550
100,2.07E+08,3.56E+06,2295725,2295728,0,400650
100,2.07E+08,3.54E+06,2295729,2295730,0,400650
100,2.07E+08,3.54E+06,2295729,2295727,0,400650
100,2.14E+08,3.58E+06,2295730,2295731,0,430550
100,2.14E+08,3.67E+06,2295732,2295732,0,430550
100,2.14E+08,3.56E+06,2295733,2295731,0,430550
100,2.17E+08,3.57E+06,2295741,2295742,0,439650
100,2.17E+08,3.56E+06,2295744,2295740,0,439750
100,2.07E+08,3.54E+06,2295745,2295745,0,400750
100,2.17E+08,3.58E+06,2295745,2295746,0,439650
100,2.07E+08,3.55E+06,2295757,2295757,0,400750
100,2.07E+08,3.54E+06,2295761,2295761,0,400650
100,1.99E+08,3.75E+06,2295765,2295765,0,369550
100,2.07E+08,3.60E+06,2295765,2295762,0,400750
100,2.07E+08,3.55E+06,2295768,2295768,0,400750
100,1.53E+08,3.61E+06,2295770,2295771,0,210950
100,2.17E+08,3.55E+06,2295775,2295774,0,439650
100,1.99E+08,3.63E+06,2295778,2295778,0,369450
100,2.07E+08,3.55E+06,2295780,2295780,0,400750
100,2.01E+08,3.72E+06,2295782,2295785,0,382650
100,1.99E+08,3.57E+06,2295783,2295784,0,372500
100,1.99E+08,3.55E+06,2295787,2295786,0,372500
100,2.14E+08,3.54E+06,2295789,2295789,0,430550
100,2.17E+08,3.60E+06,2295792,2295792,0,439650
100,1.99E+08,3.76E+06,2295793,2295793,0,370400
100,2.07E+08,3.56E+06,2295800,2295798,0,400750
100,2.17E+08,3.57E+06,2295803,2295802,0,439650
100,2.14E+08,3.61E+06,2295805,2295805,0,430550
100,2.17E+08,3.56E+06,2295807,2295807,0,439650
100,2.14E+08,3.61E+06,2295811,2295815,0,430550
100,2.17E+08,3.54E+06,2295812,2295812,0,439650
100,2.07E+08,3.68E+06,2295819,2295819,0,400650
100,2.17E+08,3.55E+06,2295821,2295823,0,439650
100,2.17E+08,3.55E+06,2295824,2295822,0,439750
100,2.02E+08,3.58E+06,2295825,2295825,0,384700
100,2.02E+08,3.55E+06,2295828,2295829,0,384300
100,2.14E+08,3.55E+06,2295835,2295835,0,430550
100,2.14E+08,3.57E+06,2295836,2295836,0,430550
100,2.02E+08,3.56E+06,2295840,2295840,0,384300
100,2.07E+08,3.56E+06,2295841,2295840,0,400650
100,2.07E+08,3.55E+06,2295841,2295841,0,400750
100,2.17E+08,3.66E+06,2295846,2295842,0,439650
100,2.07E+08,3.55E+06,2295849,2295849,0,400650
100,2.17E+08,3.58E+06,2295850,2295849,0,439650
100,2.17E+08,3.56E+06,2295858,2295853,0,439650
100,1.99E+08,3.60E+06,2295859,2295859,0,372500
100,2.17E+08,3.75E+06,2295860,2295860,0,439650
100,2.14E+08,3.56E+06,2295862,2295864,0,430550
100,2.17E+08,3.56E+06,2295864,2295864,0,439650
100,2.14E+08,3.55E+06,2295865,2295865,0,430550
100,2.07E+08,3.77E+06,2295870,2295870,0,400750
100,2.17E+08,3.57E+06,2295870,2295870,0,439650
100,2.07E+08,3.54E+06,2295876,2295876,0,400650
100,2.17E+08,3.57E+06,2295876,2295876,0,439650
100,1.99E+08,3.76E+06,2295877,2295876,0,371050
100,1.99E+08,3.60E+06,2295880,2295880,0,369550
100,2.14E+08,3.59E+06,2295882,2295882,0,430550
100,2.17E+08,3.54E+06,2295884,2295884,0,439650
100,2.14E+08,3.56E+06,2295887,2295886,0,430550
100,2.02E+08,3.61E+06,2295890,2295891,0,384300
100,2.17E+08,3.65E+06,2295892,2295894,0,439650
100,2.07E+08,3.56E+06,2295897,2295896,0,400650
100,1.99E+08,3.70E+06,2295898,2295899,0,369550
100,2.17E+08,3.77E+06,2295914,2295915,0,438200
100,2.17E+08,3.57E+06,2295922,2295921,0,439650
100,2.02E+08,3.65E+06,2295933,2295933,0,384700
100,2.17E+08,3.57E+06,2295953,2295951,0,439650
100,2.17E+08,3.63E+06,2295954,2295952,0,439650
100,1.99E+08,3.57E+06,2295956,2295956,0,369550
100,1.99E+08,3.59E+06,2295959,2295959,0,369550
100,2.02E+08,3.57E+06,2295964,2295964,0,384700
100,2.02E+08,3.56E+06,2295972,2295974,0,384700
100,2.17E+08,3.58E+06,2295977,2295977,0,439650
100,2.14E+08,3.54E+06,2295978,2295979,0,430550
100,2.14E+08,3.54E+06,2295980,2295978,0,430550
100,2.14E+08,3.66E+06,2295981,2295981,0,430550
100,2.14E+08,3.59E+06,2295992,2295993,0,430550
100,2.17E+08,3.56E+06,2295992,2295993,0,439650
100,1.99E+08,3.60E+06,2295993,2295994,0,372500
100,2.14E+08,3.55E+06,2295998,2295999,0,430550
100,2.17E+08,3.62E+06,2295999,2295996,0,439750
100,1.99E+08,3.55E+06,2296003,2296003,0,369550
100,2.02E+08,3.59E+06,2296005,2296005,0,384300
100,2.14E+08,3.55E+06,2296005,2296007,0,430550
100,2.14E+08,3.55E+06,2296007,2296006,0,430550
100,2.14E+08,3.57E+06,2296009,2296008,0,430550
100,2.07E+08,3.72E+06,2296013,2296013,0,400650
100,2.14E+08,3.68E+06,2296017,2296017,0,430550
100,2.02E+08,3.65E+06,2296028,2296029,0,384700
100,2.07E+08,3.56E+06,2296040,2296040,0,400750
100,2.07E+08,3.56E+06,2296056,2296054,0,400650
100,2.07E+08,3.67E+06,2296057,2296058,0,400750
100,2.14E+08,3.67E+06,2296066,2296067,0,430550
100,2.07E+08,3.54E+06,2296069,2296067,0,400750
100,2.14E+08,3.65E+06,2296072,2296072,0,430550
100,2.14E+08,3.54E+06,2296074,2296072,0,430550
100,2.17E+08,3.71E+06,2296079,2296079,0,439750
100,2.07E+08,3.54E+06,2296086,2296086,0,399500
100,2.07E+08,3.54E+06,2296088,2296088,0,400650
100,2.14E+08,3.63E+06,2296098,2296099,0,430550
100,2.17E+08,3.55E+06,2296111,2296112,0,439650
100,2.17E+08,3.67E+06,2296113,2296113,0,438200
100,2.07E+08,3.54E+06,2296122,2296121,0,400650
100,2.14E+08,3.56E+06,2296126,2296126,0,430550
100,2.02E+08,3.56E+06,2296128,2296128,0,384700
100,2.15E+08,3.87E+06,2296128,2296129,0,430550
100,2.17E+08,3.57E+06,2296130,2296127,0,439650
100,2.14E+08,3.71E+06,2296138,2296138,0,430550
100,2.14E+08,3.56E+06,2296142,2296141,0,430550
100,2.17E+08,3.61E+06,2296144,2296144,0,439650
100,2.17E+08,3.60E+06,2296146,2296146,0,438200
100,1.99E+08,3.59E+06,2296155,2296155,0,372500
100,2.07E+08,3.55E+06,2296156,2296153,0,400750
100,2.14E+08,3.56E+06,2296160,2296160,0,430550
100,1.99E+08,3.61E+06,2296166,2296166,0,372500
100,2.07E+08,3.56E+06,2296173,2296172,0,399500
100,2.14E+08,3.55E+06,2296173,2296170,0,430550
100,1.99E+08,3.68E+06,2296174,2296174,0,372500
100,2.17E+08,3.72E+06,2296175,2296175,0,439750
100,2.07E+08,3.54E+06,2296198,2296198,0,400750
100,2.07E+08,3.58E+06,2296211,2296211,0,400650
100,2.17E+08,3.76E+06,2296212,2296212,0,439650
100,1.99E+08,3.58E+06,2296221,2296221,0,369550
100,2.14E+08,3.54E+06,2296222,2296222,0,430550
100,2.07E+08,3.54E+06,2296223,2296223,0,400750
100,1.99E+08,3.54E+06,2296224,2296223,0,369550
100,2.14E+08,3.66E+06,2296233,2296234,0,430550
100,2.01E+08,3.82E+06,2296245,2296245,0,382650
100,2.14E+08,3.57E+06,2296256,2296256,0,430550
100,2.14E+08,3.58E+06,2296260,2296261,0,430550
100,2.17E+08,3.55E+06,2296263,2296264,0,439650
100,2.17E+08,3.57E+06,2296270,2296272,0,438200
100,2.17E+08,3.55E+06,2296270,2296271,0,439650
100,2.07E+08,3.54E+06,2296276,2296276,0,400650
100,2.02E+08,3.62E+06,2296292,2296292,0,384700
100,2.07E+08,3.54E+06,2296300,2296300,0,400750
100,2.02E+08,3.75E+06,2296302,2296303,0,385000
100,2.17E+08,3.54E+06,2296302,2296299,0,439650
100,2.02E+08,3.55E+06,2296308,2296311,0,384300
100,2.17E+08,3.55E+06,2296314,2296314,0,439650
100,2.07E+08,3.60E+06,2296325,2296323,0,400650
100,1.99E+08,3.80E+06,2296338,2296338,0,369550
100,2.14E+08,3.57E+06,2296338,2296335,0,430550
100,1.99E+08,3.73E+06,2296341,2296340,0,371500
100,2.17E+08,3.54E+06,2296343,2296343,0,439750
100,2.14E+08,3.56E+06,2296345,2296340,0,430550
100,2.14E+08,3.63E+06,2296348,2296349,0,430550
100,2.02E+08,3.54E+06,2296350,2296350,0,384700
100,1.99E+08,3.65E+06,2296351,2296351,0,369550
100,2.17E+08,3.82E+06,2296353,2296354,0,439650
100,2.17E+08,3.55E+06,2296372,2296376,0,439650
100,2.14E+08,3.56E+06,2296378,2296377,0,430550
100,2.07E+08,3.56E+06,2296385,2296385,0,400650
100,2.17E+08,3.63E+06,2296385,2296386,0,439650
100,2.02E+08,3.65E+06,2296386,2296385,0,384700
100,2.14E+08,3.65E+06,2296387,2296388,0,430550
100,2.07E+08,3.55E+06,2296394,2296393,0,400750
100,2.17E+08,3.56E+06,2296394,2296394,0,439750
100,2.14E+08,3.65E+06,2296398,2296398,0,430550
100,2.07E+08,3.58E+06,2296403,2296401,0,400750
100,2.14E+08,3.55E+06,2296404,2296403,0,430550
100,2.17E+08,3.58E+06,2296408,2296407,0,439650
100,2.07E+08,3.57E+06,2296410,2296411,0,400650
100,2.05E+08,3.76E+06,2296417,2296419,0,391900
100,2.07E+08,3.54E+06,2296419,2296419,0,400750
100,2.14E+08,3.68E+06,2296421,2296422,0,430550
100,2.14E+08,3.58E+06,2296422,2296422,0,430550
100,2.02E+08,3.58E+06,2296423,2296422,0,384700
100,2.08E+08,3.56E+06,2296423,2296423,0,401600
100,2.07E+08,3.54E+06,2296426,2296427,0,400750
100,2.17E+08,3.54E+06,2296440,2296439,0,439650
100,2.07E+08,3.55E+06,2296462,2296461,0,400650
100,2.14E+08,3.91E+06,2296463,2296460,0,430550
100,2.08E+08,3.56E+06,2296474,2296470,0,401600
100,2.02E+08,3.61E+06,2296477,2296477,0,384700
100,2.14E+08,3.56E+06,2296481,2296483,0,430550
100,2.14E+08,3.55E+06,2296483,2296482,0,430550
100,1.99E+08,3.62E+06,2296487,2296486,0,372500
100,2.17E+08,3.54E+06,2296487,2296487,0,439650
100,1.99E+08,3.59E+06,2296489,2296489,0,372500
100,1.99E+08,3.60E+06,2296497,2296497,0,372500
100,1.99E+08,3.55E+06,2296502,2296502,0,369550
100,2.17E+08,3.56E+06,2296502,2296502,0,439650
100,2.14E+08,3.55E+06,2296504,2296502,0,430550
100,2.14E+08,3.58E+06,2296512,2296512,0,430550
100,2.14E+08,3.55E+06,2296514,2296515,0,430550
100,2.17E+08,3.56E+06,2296516,2296516,0,439650
100,2.14E+08,3.63E+06,2296526,2296529,0,430550
100,2.14E+08,3.61E+06,2296530,2296529,0,430550
100,2.02E+08,3.70E+06,2296531,2296531,0,384300
100,2.17E+08,3.59E+06,2296534,2296534,0,439650
100,2.07E+08,3.56E+06,2296536,2296537,0,400650
100,1.99E+08,3.58E+06,2296545,2296550,0,369550
100,1.99E+08,3.64E+06,2296546,2296544,0,369550
100,2.07E+08,3.73E+06,2296559,2296559,0,400750
100,2.17E+08,3.59E+06,2296565,2296565,0,439650
100,2.17E+08,3.56E+06,2296569,2296569,0,439650
100,2.07E+08,3.54E+06,2296573,2296572,0,400650
100,2.14E+08,3.55E+06,2296588,2296588,0,430550
100,2.02E+08,3.54E+06,2296597,2296598,0,384700
100,2.02E+08,3.55E+06,2296600,2296600,0,384700
100,2.14E+08,3.55E+06,2296615,2296615,0,430550
100,2.17E+08,3.62E+06,2296616,2296616,0,439650
100,2.17E+08,3.62E+06,2296618,2296615,0,439650
100,2.17E+08,3.56E+06,2296634,2296634,0,439650
100,2.17E+08,3.60E+06,2296638,2296641,0,439750
100,2.04E+08,3.75E+06,2296640,2296641,0,389350
100,2.17E+08,3.59E+06,2296647,2296647,0,439650
100,2.17E+08,3.60E+06,2296650,2296650,0,439650
100,2.17E+08,3.57E+06,2296652,2296652,0,439650
100,2.02E+08,3.63E+06,2296657,2296659,0,384700
100,2.17E+08,3.54E+06,2296662,2296661,0,439650
100,2.17E+08,3.54E+06,2296675,2296675,0,439650
100,2.17E+08,3.63E+06,2296678,2296675,0,439650
100,2.17E+08,3.60E+06,2296681,2296681,0,439650
100,2.07E+08,3.59E+06,2296684,2296682,0,400750
100,2.17E+08,3.54E+06,2296688,2296687,0,439650
100,1.96E+08,3.58E+06,2296696,2296696,0,359600
100,2.17E+08,3.57E+06,2296698,2296696,0,438200
100,2.07E+08,3.59E+06,2296712,2296712,0,400750
100,2.14E+08,3.56E+06,2296712,2296711,0,430550
100,2.14E+08,3.54E+06,2296716,2296714,0,430550
100,2.14E+08,3.54E+06,2296716,2296716,0,430550
100,2.14E+08,3.54E+06,2296718,2296718,0,430550
100,2.07E+08,3.56E+06,2296720,2296722,0,400650
100,2.17E+08,3.54E+06,2296721,2296719,0,439650
100,2.07E+08,3.56E+06,2296729,2296729,0,400750
100,2.14E+08,3.57E+06,2296730,2296730,0,430550
100,2.17E+08,3.55E+06,2296731,2296731,0,439750
100,2.07E+08,3.56E+06,2296737,2296736,0,400650
100,1.99E+08,3.55E+06,2296743,2296743,0,372500
100,2.07E+08,3.71E+06,2296747,2296747,0,399500
100,1.99E+08,3.67E+06,2296750,2296750,0,372500
100,2.17E+08,3.56E+06,2296753,2296753,0,439650
100,2.14E+08,3.54E+06,2296754,2296755,0,430550
100,1.99E+08,3.56E+06,2296755,2296755,0,372500
100,2.02E+08,3.71E+06,2296757,2296757,0,384700
100,2.14E+08,3.59E+06,2296760,2296766,0,430550
100,2.02E+08,3.59E+06,2296766,2296767,0,384700
100,2.14E+08,3.83E+06,2296773,2296773,0,430550
100,2.14E+08,3.56E+06,2296775,2296771,0,430550
100,2.07E+08,3.54E+06,2296781,2296783,0,400650
100,2.14E+08,3.55E+06,2296789,2296787,0,430550
100,2.02E+08,3.60E+06,2296796,2296796,0,384700
100,2.17E+08,3.57E+06,2296800,2296800,0,439650
100,2.14E+08,3.55E+06,2296801,2296801,0,430550
100,2.07E+08,3.65E+06,2296803,2296803,0,400750
100,2.14E+08,3.55E+06,2296814,2296813,0,430550
100,2.17E+08,3.55E+06,2296816,2296811,0,439750
100,2.17E+08,3.58E+06,2296817,2296819,0,439650
100,2.07E+08,3.57E+06,2296820,2296820,0,399500
100,2.07E+08,3.56E+06,2296825,2296824,0,400750
100,2.17E+08,3.66E+06,2296826,2296824,0,439650
100,2.17E+08,3.55E+06,2296847,2296847,0,439650
100,2.14E+08,3.70E+06,2296850,2296849,0,430550
100,2.17E+08,3.55E+06,2296854,2296854,0,439650
100,2.14E+08,3.67E+06,2296858,2296856,0,430550
100,2.14E+08,3.59E+06,2296858,2296855,0,430550
100,2.02E+08,3.57E+06,2296866,2296865,0,384700
100,1.99E+08,3.67E+06,2296870,2296870,0,371700
100,2.17E+08,3.64E+06,2296877,2296877,0,438200
100,2.07E+08,3.57E+06,2296879,2296878,0,400650
100,2.17E+08,3.54E+06,2296880,2296880,0,439650
100,2.02E+08,3.56E+06,2296882,2296882,0,384700
100,2.17E+08,3.58E+06,2296888,2296888,0,439650
100,1.99E+08,3.59E+06,2296893,2296894,0,369550
100,2.14E+08,3.54E+06,2296893,2296893,0,430550
100,2.17E+08,3.54E+06,2296896,2296897,0,439650
100,2.17E+08,3.55E+06,2296904,2296904,0,439650
100,2.14E+08,3.58E+06,2296916,2296916,0,430550
100,1.99E+08,3.62E+06,2296921,2296920,0,369550
100,1.99E+08,3.58E+06,2296925,2296925,0,369550
100,2.14E+08,3.56E+06,2296929,2296929,0,430550
100,2.17E+08,3.56E+06,2296933,2296933,0,439650
100,2.17E+08,3.54E+06,2296938,2296934,0,439650
100,2.17E+08,3.60E+06,2296961,2296960,0,439650
100,2.14E+08,3.54E+06,2296972,2296973,0,430550
100,2.17E+08,3.55E+06,2296973,2296973,0,439750
100,2.07E+08,3.59E+06,2296976,2296976,0,400650
100,2.17E+08,3.54E+06,2296978,2296978,0,439650
100,2.17E+08,3.55E+06,2296984,2296982,0,439750
100,1.99E+08,3.73E+06,2296987,2296983,0,369550
100,1.99E+08,3.81E+06,2296989,2296989,0,371700
100,2.14E+08,3.59E+06,2296991,2296994,0,430550
100,2.02E+08,3.65E+06,2296995,2296994,0,384300
100,2.14E+08,3.56E+06,2297002,2297002,0,430550
100,2.17E+08,3.58E+06,2297006,2297007,0,439650
100,2.07E+08,3.56E+06,2297018,2297018,0,400750
100,2.17E+08,3.54E+06,2297021,2297021,0,439650
100,2.14E+08,3.56E+06,2297026,2297026,0,430550
100,1.99E+08,3.63E+06,2297030,2297026,0,369550
100,2.07E+08,3.82E+06,2297031,2297031,0,400750
100,2.04E+08,4.13E+06,2297032,2297032,0,390400
100,2.14E+08,3.65E+06,2297038,2297041,0,430550
100,1.99E+08,3.64E+06,2297045,2297045,0,369550
100,2.17E+08,3.63E+06,2297047,2297047,0,439650
100,2.14E+08,3.66E+06,2297061,2297063,0,430550
100,2.02E+08,3.57E+06,2297064,2297064,0,384700
100,2.17E+08,3.77E+06,2297069,2297069,0,438350
100,2.04E+08,3.74E+06,2297072,2297072,0,388450
100,2.17E+08,3.55E+06,2297079,2297079,0,439650
100,2.14E+08,3.56E+06,2297081,2297079,0,430550
100,1.99E+08,3.62E+06,2297086,2297084,0,372500
100,2.07E+08,3.54E+06,2297090,2297090,0,400750
100,2.14E+08,3.54E+06,2297094,2297097,0,430550
100,2.02E+08,3.55E+06,2297101,2297101,0,384300
100,2.14E+08,3.57E+06,2297101,2297101,0,430550
100,1.99E+08,3.65E+06,2297110,2297112,0,369550
100,2.07E+08,3.54E+06,2297110,2297110,0,400650
100,1.99E+08,3.60E+06,2297117,2297117,0,372500
100,2.07E+08,3.74E+06,2297117,2297117,0,400500
100,2.17E+08,3.58E+06,2297123,2297131,0,439650
100,2.17E+08,3.54E+06,2297126,2297128,0,439650
100,2.14E+08,3.56E+06,2297130,2297127,0,430550
100,2.02E+08,3.55E+06,2297131,2297131,0,384700
100,1.99E+08,3.72E+06,2297132,2297132,0,369550
100,2.14E+08,3.56E+06,2297141,2297142,0,430550
100,2.07E+08,3.54E+06,2297159,2297159,0,400750
100,2.07E+08,3.58E+06,2297163,2297169,0,400650
100,2.14E+08,3.62E+06,2297187,2297186,0,430550
100,2.14E+08,3.54E+06,2297187,2297187,0,430550
100,2.17E+08,3.60E+06,2297189,2297187,0,439650
100,2.07E+08,3.55E+06,2297191,2297191,0,400650
100,2.08E+08,3.60E+06,2297195,2297195,0,401600
100,2.14E+08,3.56E+06,2297197,2297195,0,430550
100,2.17E+08,3.59E+06,2297197,2297193,0,439650
100,2.14E+08,3.55E+06,2297203,2297205,0,430550
100,2.17E+08,3.63E+06,2297207,2297207,0,439650
100,2.17E+08,3.63E+06,2297207,2297210,0,439750
100,2.02E+08,3.68E+06,2297218,2297222,0,385000
100,2.14E+08,3.55E+06,2297221,2297221,0,430550
100,2.07E+08,3.56E+06,2297228,2297229,0,400750
100,2.07E+08,3.93E+06,2297229,2297235,0,400750
100,2.17E+08,3.60E+06,2297229,2297229,0,438200
100,2.02E+08,3.64E+06,2297244,2297244,0,384700
100,1.98E+08,3.59E+06,2297245,2297245,0,367050
100,2.02E+08,3.62E+06,2297245,2297246,0,384300
100,2.17E+08,3.55E+06,2297248,2297252,0,439650
100,2.17E+08,3.84E+06,2297251,2297256,0,438350
100,2.17E+08,3.54E+06,2297268,2297268,0,439650
100,1.99E+08,3.63E+06,2297270,2297270,0,371700
100,2.14E+08,3.57E+06,2297274,2297274,0,430550
100,2.02E+08,3.64E+06,2297279,2297279,0,384700
100,2.14E+08,3.66E+06,2297279,2297279,0,430550
100,2.02E+08,3.59E+06,2297288,2297284,0,384700
100,2.07E+08,3.61E+06,2297289,2297290,0,400650
100,2.17E+08,3.55E+06,2297292,2297291,0,438200
100,2.17E+08,3.55E+06,2297295,2297295,0,439650
100,2.07E+08,3.55E+06,2297312,2297311,0,400650
100,2.17E+08,3.54E+06,2297316,2297317,0,439750
100,2.17E+08,3.54E+06,2297319,2297319,0,439650
100,2.17E+08,3.54E+06,2297320,2297320,0,439650
100,1.99E+08,3.57E+06,2297326,2297329,0,369550
100,2.07E+08,3.56E+06,2297326,2297326,0,400650
100,2.17E+08,3.54E+06,2297329,2297329,0,439650
100,2.02E+08,3.59E+06,2297335,2297335,0,384700
100,1.99E+08,3.56E+06,2297342,2297342,0,372500
100,2.14E+08,3.59E+06,2297344,2297344,0,430550
100,2.07E+08,3.57E+06,2297349,2297349,0,400750
100,1.99E+08,3.56E+06,2297358,2297358,0,372500
100,2.14E+08,3.56E+06,2297360,2297358,0,430550
100,2.17E+08,3.92E+06,2297361,2297361,0,438200
100,2.14E+08,3.54E+06,2297371,2297370,0,430550
100,2.17E+08,3.64E+06,2297380,2297380,0,439750
100,2.17E+08,3.57E+06,2297382,2297382,0,439650
100,2.14E+08,3.54E+06,2297385,2297388,0,430550
100,2.17E+08,3.70E+06,2297385,2297384,0,439650
100,2.14E+08,3.54E+06,2297392,2297393,0,430550
100,2.17E+08,3.61E+06,2297397,2297397,0,439650
100,2.17E+08,3.59E+06,2297400,2297401,0,439750
100,2.02E+08,3.64E+06,2297401,2297401,0,384300
100,2.17E+08,3.60E+06,2297403,2297405,0,438200
100,2.17E+08,3.63E+06,2297403,2297403,0,439650
100,2.02E+08,3.66E+06,2297405,2297405,0,384700
100,2.14E+08,3.54E+06,2297405,2297405,0,430550
100,2.14E+08,3.58E+06,2297410,2297410,0,430550
100,1.99E+08,3.57E+06,2297418,2297421,0,372500
100,2.07E+08,3.54E+06,2297419,2297419,0,400750
100,1.99E+08,3.54E+06,2297421,2297422,0,372500
100,2.01E+08,3.83E+06,2297421,2297421,0,382000
100,2.02E+08,3.57E+06,2297424,2297424,0,384300
100,1.99E+08,3.58E+06,2297429,2297428,0,372500
100,2.17E+08,3.55E+06,2297432,2297432,0,438200
100,2.17E+08,3.55E+06,2297437,2297437,0,439650
100,2.07E+08,3.54E+06,2297438,2297438,0,400650
100,2.14E+08,3.57E+06,2297446,2297446,0,430550
100,1.99E+08,3.60E+06,2297448,2297446,0,372500
100,2.02E+08,3.71E+06,2297448,2297448,0,384700
100,2.07E+08,3.56E+06,2297448,2297448,0,400750
100,2.14E+08,3.60E+06,2297448,2297448,0,430550
100,2.17E+08,3.55E+06,2297450,2297450,0,439750
100,2.17E+08,3.54E+06,2297454,2297451,0,439650
100,2.07E+08,3.55E+06,2297457,2297459,0,400750
100,1.99E+08,3.59E+06,2297461,2297461,0,369550
100,2.14E+08,3.54E+06,2297474,2297474,0,430550
100,2.07E+08,3.56E+06,2297476,2297476,0,400650
100,2.17E+08,3.58E+06,2297488,2297484,0,439650
100,2.17E+08,3.62E+06,2297495,2297495,0,439650
100,2.07E+08,3.56E+06,2297496,2297496,0,400750
100,2.14E+08,3.55E+06,2297497,2297497,0,430550
100,1.99E+08,3.56E+06,2297499,2297494,0,369550
100,2.17E+08,3.56E+06,2297503,2297502,0,439650
100,2.07E+08,3.56E+06,2297508,2297509,0,400750
100,2.17E+08,3.60E+06,2297509,2297509,0,439650
100,2.17E+08,3.54E+06,2297512,2297512,0,439650
100,2.02E+08,3.72E+06,2297515,2297514,0,384700
100,2.14E+08,3.58E+06,2297516,2297516,0,430550
100,2.17E+08,3.54E+06,2297519,2297517,0,439650
100,2.17E+08,3.57E+06,2297531,2297532,0,439650
100,2.13E+08,4.29E+06,2297535,2297535,0,426450
100,2.14E+08,3.58E+06,2297537,2297537,0,430550
100,2.14E+08,3.54E+06,2297554,2297547,0,430550
100,2.17E+08,3.56E+06,2297554,2297556,0,439650
100,1.99E+08,3.85E+06,2297556,2297552,0,372500
100,2.14E+08,3.55E+06,2297561,2297561,0,430550
100,2.02E+08,3.63E+06,2297573,2297573,0,384700
100,2.07E+08,3.55E+06,2297574,2297573,0,400750
100,2.14E+08,3.55E+06,2297575,2297571,0,430550
100,2.17E+08,3.55E+06,2297586,2297586,0,439650
100,2.17E+08,3.58E+06,2297590,2297593,0,439650
100,1.99E+08,3.61E+06,2297591,2297591,0,369550
100,2.14E+08,3.70E+06,2297595,2297595,0,430550
100,1.99E+08,3.75E+06,2297599,2297601,0,369550
100,2.07E+08,3.54E+06,2297600,2297600,0,400750
100,2.02E+08,3.56E+06,2297601,2297601,0,384700
100,1.99E+08,3.62E+06,2297603,2297603,0,372500
100,2.02E+08,3.66E+06,2297605,2297605,0,384700
100,2.17E+08,3.62E+06,2297609,2297611,0,439650
100,2.14E+08,3.61E+06,2297610,2297612,0,430550
100,2.07E+08,3.56E+06,2297613,2297614,0,400750
100,1.99E+08,3.65E+06,2297619,2297619,0,369550
100,2.02E+08,3.70E+06,2297627,2297627,0,384700
100,2.17E+08,3.61E+06,2297633,2297633,0,439650
100,2.17E+08,3.56E+06,2297640,2297640,0,439650
100,2.17E+08,3.74E+06,2297642,2297642,0,438200
100,2.07E+08,3.54E+06,2297647,2297647,0,400750
100,2.14E+08,3.55E+06,2297647,2297647,0,430550
100,2.07E+08,3.56E+06,2297650,2297650,0,399500
100,2.17E+08,3.55E+06,2297657,2297654,0,439650
100,1.99E+08,3.70E+06,2297673,2297673,0,372500
100,2.14E+08,3.55E+06,2297673,2297673,0,430550
100,2.17E+08,3.57E+06,2297680,2297680,0,439650
100,2.17E+08,3.62E+06,2297683,2297685,0,439650
100,2.14E+08,3.57E+06,2297688,2297689,0,430550
100,2.14E+08,3.59E+06,2297688,2297688,0,430550
100,2.02E+08,3.57E+06,2297691,2297693,0,384700
100,2.02E+08,3.69E+06,2297693,2297693,0,384700
100,2.07E+08,3.54E+06,2297695,2297695,0,400750
100,2.14E+08,3.54E+06,2297695,2297690,0,430550
100,2.14E+08,3.57E+06,2297697,2297697,0,430550
100,2.08E+08,3.72E+06,2297698,2297698,0,401600
100,2.17E+08,3.58E+06,2297700,2297700,0,438200
100,2.14E+08,3.61E+06,2297702,2297701,0,430550
100,2.17E+08,3.60E+06,2297703,2297703,0,439650
100,2.07E+08,3.58E+06,2297709,2297709,0,399500
100,1.99E+08,3.67E+06,2297716,2297716,0,369550
100,2.17E+08,3.55E+06,2297719,2297719,0,439650
100,2.14E+08,3.56E+06,2297724,2297725,0,430550
100,2.17E+08,3.74E+06,2297726,2297726,0,439750
100,2.07E+08,3.54E+06,2297729,2297725,0,400650
100,2.07E+08,3.63E+06,2297729,2297729,0,400750
100,2.02E+08,3.58E+06,2297733,2297734,0,384300
100,1.99E+08,3.66E+06,2297738,2297733,0,372500
100,2.07E+08,3.55E+06,2297740,2297739,0,400650
100,2.17E+08,3.56E+06,2297746,2297745,0,439650
100,2.02E+08,3.64E+06,2297755,2297755,0,385000
100,2.14E+08,3.57E+06,2297755,2297755,0,430550
100,2.17E+08,3.64E+06,2297770,2297770,0,439750
100,2.07E+08,3.54E+06,2297772,2297771,0,399500
100,1.97E+08,3.75E+06,2297775,2297775,0,366050
100,2.02E+08,3.57E+06,2297785,2297785,0,384700
100,2.14E+08,3.54E+06,2297786,2297786,0,430550
100,2.17E+08,3.62E+06,2297791,2297791,0,439650
100,1.99E+08,3.64E+06,2297798,2297798,0,369550
100,2.07E+08,3.56E+06,2297798,2297800,0,399500
100,2.07E+08,3.59E+06,2297798,2297793,0,399500
100,2.14E+08,3.54E+06,2297805,2297805,0,430550
100,2.07E+08,3.55E+06,2297807,2297808,0,400650
100,2.14E+08,3.57E+06,2297808,2297801,0,430550
100,2.17E+08,3.55E+06,2297817,2297817,0,439650
100,2.17E+08,3.55E+06,2297819,2297821,0,439650
100,1.99E+08,3.55E+06,2297832,2297832,0,372500
100,1.99E+08,3.69E+06,2297834,2297837,0,371500
100,2.14E+08,3.54E+06,2297841,2297843,0,430550
100,2.02E+08,3.65E+06,2297842,2297843,0,384700
100,2.17E+08,3.57E+06,2297843,2297836,0,439750
100,1.99E+08,3.59E+06,2297851,2297851,0,372500
100,2.14E+08,3.56E+06,2297851,2297851,0,430550
100,2.14E+08,3.67E+06,2297851,2297851,0,430550
100,2.17E+08,3.57E+06,2297851,2297851,0,438200
100,2.17E+08,3.56E+06,2297857,2297858,0,439650
100,2.14E+08,3.54E+06,2297859,2297858,0,430550
100,2.07E+08,3.54E+06,2297872,2297873,0,400650
100,2.14E+08,3.54E+06,2297875,2297875,0,430550
100,2.07E+08,3.58E+06,2297876,2297875,0,400650
100,2.01E+08,3.63E+06,2297882,2297881,0,382650
100,2.17E+08,3.63E+06,2297889,2297891,0,439650
100,2.02E+08,3.75E+06,2297895,2297895,0,384700
100,2.17E+08,3.56E+06,2297896,2297897,0,439650
100,2.07E+08,3.58E+06,2297899,2297899,0,399500
100,2.14E+08,3.56E+06,2297915,2297916,0,430550
100,2.14E+08,3.59E+06,2297916,2297916,0,430550
100,2.17E+08,3.56E+06,2297919,2297919,0,439650
100,2.07E+08,3.59E+06,2297920,2297920,0,399500
100,2.07E+08,3.55E+06,2297922,2297919,0,400650
100,2.02E+08,3.71E+06,2297923,2297923,0,384300
100,2.17E+08,3.62E+06,2297923,2297923,0,438200
100,2.14E+08,3.54E+06,2297927,2297927,0,430550
100,2.14E+08,3.62E+06,2297937,2297937,0,430550
100,2.02E+08,3.56E+06,2297940,2297940,0,384700
100,2.17E+08,3.66E+06,2297946,2297944,0,439650
100,2.02E+08,3.63E+06,2297948,2297949,0,384700
100,1.99E+08,3.62E+06,2297949,2297949,0,372500
100,2.02E+08,3.54E+06,2297956,2297956,0,384300
100,2.07E+08,3.61E+06,2297970,2297965,0,400650
100,2.17E+08,3.57E+06,2297972,2297972,0,439650
100,2.14E+08,3.55E+06,2297976,2297976,0,430550
100,2.07E+08,3.54E+06,2297981,2297981,0,400750
100,2.02E+08,3.67E+06,2297987,2297989,0,384700
100,2.17E+08,3.64E+06,2297987,2297987,0,439650
100,2.17E+08,3.54E+06,2297990,2297991,0,439750
100,1.99E+08,3.82E+06,2297992,2297992,0,369450
100,2.14E+08,3.55E+06,2298003,2298003,0,430550
100,2.14E+08,3.61E+06,2298008,2298008,0,430550
100,2.07E+08,3.55E+06,2298012,2298012,0,400750
100,2.17E+08,3.67E+06,2298016,2298016,0,439750
100,2.14E+08,3.57E+06,2298017,2298017,0,430550
100,2.07E+08,3.55E+06,2298027,2298028,0,400750
100,2.02E+08,3.60E+06,2298035,2298035,0,384700
100,2.17E+08,3.54E+06,2298042,2298042,0,439650
100,2.14E+08,3.54E+06,2298047,2298047,0,430550
100,2.17E+08,3.56E+06,2298048,2298048,0,439650
100,2.07E+08,3.56E+06,2298050,2298050,0,400750
100,2.14E+08,3.56E+06,2298056,2298055,0,430550
100,2.17E+08,3.55E+06,2298067,2298065,0,439750
100,2.07E+08,3.54E+06,2298076,2298076,0,400650
100,2.02E+08,3.69E+06,2298085,2298085,0,384700
100,2.05E+08,3.76E+06,2298103,2298097,0,392100
100,2.14E+08,3.68E+06,2298103,2298101,0,430550
100,2.17E+08,3.56E+06,2298110,2298111,0,439650
100,2.17E+08,3.55E+06,2298114,2298114,0,439650
100,2.14E+08,3.55E+06,2298115,2298116,0,430550
100,1.98E+08,3.71E+06,2298120,2298118,0,367050
100,2.02E+08,3.68E+06,2298120,2298120,0,384700
100,1.99E+08,3.54E+06,2298127,2298127,0,372500
100,2.17E+08,3.55E+06,2298130,2298130,0,439650
100,2.17E+08,3.68E+06,2298133,2298131,0,439650
100,2.14E+08,3.64E+06,2298136,2298135,0,430550
100,1.99E+08,3.80E+06,2298140,2298137,0,369550
100,2.17E+08,3.54E+06,2298141,2298141,0,439750
100,1.99E+08,3.75E+06,2298143,2298143,0,370400
100,2.07E+08,3.59E+06,2298146,2298146,0,400750
100,2.07E+08,3.54E+06,2298147,2298146,0,400750
100,2.14E+08,3.61E+06,2298149,2298149,0,430550
100,2.17E+08,3.58E+06,2298149,2298148,0,439750
100,2.02E+08,3.55E+06,2298158,2298159,0,384700
100,2.14E+08,3.55E+06,2298161,2298161,0,430550
100,2.17E+08,3.58E+06,2298166,2298168,0,439750
100,2.14E+08,3.61E+06,2298176,2298176,0,430550
100,2.02E+08,3.75E+06,2298180,2298180,0,384300
100,2.14E+08,3.56E+06,2298181,2298181,0,430550
100,1.99E+08,3.73E+06,2298195,2298195,0,371500
100,2.07E+08,3.58E+06,2298207,2298207,0,400750
100,2.07E+08,3.54E+06,2298209,2298210,0,400750
100,2.14E+08,3.54E+06,2298217,2298218,0,430550
100,2.07E+08,3.55E+06,2298224,2298225,0,400750
100,2.14E+08,3.59E+06,2298225,2298226,0,430550
100,2.14E+08,3.58E+06,2298225,2298222,0,430550
100,2.17E+08,3.54E+06,2298225,2298226,0,439750
100,1.99E+08,3.61E+06,2298227,2298227,0,369550
100,2.07E+08,3.54E+06,2298228,2298229,0,400750
100,2.14E+08,3.54E+06,2298229,2298229,0,430550
100,2.17E+08,3.55E+06,2298230,2298229,0,439650
100,2.02E+08,3.57E+06,2298235,2298235,0,384700
100,1.98E+08,3.87E+06,2298237,2298237,0,367050
100,2.17E+08,3.67E+06,2298250,2298250,0,439650
100,2.02E+08,3.56E+06,2298253,2298255,0,384700
100,2.07E+08,3.56E+06,2298255,2298248,0,400750
100,2.14E+08,3.55E+06,2298255,2298252,0,430550
100,2.07E+08,3.55E+06,2298259,2298257,0,400650
100,2.07E+08,3.59E+06,2298264,2298265,0,400650
100,2.17E+08,3.67E+06,2298269,2298270,0,438200
100,2.02E+08,3.61E+06,2298289,2298289,0,384300
100,2.14E+08,3.55E+06,2298291,2298290,0,430550
100,2.14E+08,3.54E+06,2298291,2298291,0,430550
100,2.14E+08,3.70E+06,2298294,2298294,0,430550
100,2.14E+08,3.65E+06,2298310,2298306,0,430550
100,2.17E+08,3.65E+06,2298312,2298312,0,439750
100,2.17E+08,3.57E+06,2298315,2298312,0,439750
100,2.17E+08,3.57E+06,2298334,2298337,0,438200
100,2.17E+08,3.54E+06,2298335,2298333,0,439650
100,2.07E+08,3.54E+06,2298340,2298337,0,400750
100,2.17E+08,3.56E+06,2298342,2298342,0,439750
100,2.14E+08,3.56E+06,2298344,2298342,0,430550
100,2.02E+08,3.54E+06,2298350,2298353,0,384700
100,1.99E+08,3.54E+06,2298353,2298352,0,369550
100,1.99E+08,3.65E+06,2298353,2298353,0,372500
100,1.99E+08,3.99E+06,2298355,2298355,0,372500
100,1.99E+08,3.54E+06,2298358,2298359,0,369550
100,2.17E+08,3.58E+06,2298360,2298358,0,439650
100,2.17E+08,3.73E+06,2298362,2298362,0,439650
100,2.17E+08,3.57E+06,2298373,2298371,0,439650
100,2.17E+08,3.54E+06,2298378,2298379,0,439650
100,2.14E+08,3.71E+06,2298386,2298387,0,430550
100,2.14E+08,3.59E+06,2298388,2298388,0,430550
100,2.05E+08,4.23E+06,2298393,2298391,0,396450
100,2.07E+08,3.56E+06,2298393,2298391,0,400750
100,2.07E+08,3.54E+06,2298397,2298397,0,400650
100,2.14E+08,3.64E+06,2298401,2298401,0,430550
100,2.07E+08,3.55E+06,2298410,2298411,0,400750
100,2.17E+08,3.54E+06,2298413,2298412,0,439750
100,2.17E+08,3.65E+06,2298414,2298413,0,438200
100,2.14E+08,3.54E+06,2298419,2298420,0,430550
100,2.17E+08,3.57E+06,2298444,2298444,0,439650
100,1.99E+08,3.59E+06,2298449,2298445,0,369550
100,2.14E+08,3.55E+06,2298449,2298450,0,430550
100,2.14E+08,3.58E+06,2298457,2298459,0,430550
100,1.99E+08,3.61E+06,2298458,2298458,0,369550
100,2.17E+08,3.61E+06,2298458,2298458,0,439650
100,2.07E+08,3.54E+06,2298462,2298464,0,400650
100,2.17E+08,4.05E+06,2298465,2298458,0,438350
100,2.17E+08,3.54E+06,2298466,2298466,0,439650
100,2.17E+08,3.55E+06,2298473,2298472,0,439650
100,2.07E+08,3.57E+06,2298488,2298488,0,400750
100,2.02E+08,3.66E+06,2298490,2298490,0,384700
100,2.02E+08,3.55E+06,2298494,2298492,0,384700
100,2.17E+08,3.61E+06,2298498,2298498,0,439650
100,2.17E+08,3.54E+06,2298508,2298508,0,439650
100,2.14E+08,3.57E+06,2298511,2298511,0,430550
100,2.07E+08,3.54E+06,2298516,2298517,0,400750
100,2.14E+08,3.54E+06,2298518,2298517,0,430550
100,1.99E+08,3.64E+06,2298524,2298523,0,369550
100,2.14E+08,3.55E+06,2298526,2298528,0,430550
100,2.17E+08,3.84E+06,2298532,2298532,0,438200
100,2.01E+08,3.70E+06,2298536,2298536,0,382650
100,2.17E+08,3.83E+06,2298538,2298539,0,438200
100,2.14E+08,3.55E+06,2298539,2298540,0,430550
100,2.14E+08,3.55E+06,2298542,2298542,0,430550
100,2.17E+08,3.59E+06,2298558,2298558,0,439650
100,2.07E+08,3.55E+06,2298559,2298559,0,400750
100,2.17E+08,3.57E+06,2298561,2298561,0,439650
100,2.17E+08,3.54E+06,2298564,2298560,0,439650
100,2.04E+08,3.68E+06,2298571,2298572,0,390000
100,2.07E+08,3.55E+06,2298571,2298571,0,400750
100,2.17E+08,3.59E+06,2298573,2298573,0,439650
100,1.99E+08,3.57E+06,2298577,2298580,0,372500
100,2.14E+08,3.54E+06,2298579,2298579,0,430550
100,2.17E+08,3.56E+06,2298582,2298582,0,439650
100,1.99E+08,3.57E+06,2298585,2298585,0,372500
100,2.07E+08,3.56E+06,2298587,2298588,0,400650
100,2.17E+08,3.56E+06,2298587,2298584,0,439750
100,2.14E+08,3.54E+06,2298592,2298587,0,430550
100,1.89E+08,3.58E+06,2298594,2298595,0,338350
100,2.17E+08,3.56E+06,2298600,2298603,0,439650
100,2.07E+08,3.54E+06,2298604,2298604,0,400750
100,2.14E+08,3.54E+06,2298606,2298606,0,430550
100,2.17E+08,3.71E+06,2298608,2298607,0,438200
100,2.17E+08,3.68E+06,2298608,2298608,0,439650
100,1.99E+08,3.60E+06,2298610,2298611,0,369550
100,2.17E+08,3.58E+06,2298611,2298608,0,439650
100,2.14E+08,3.61E+06,2298613,2298615,0,430550
100,2.14E+08,3.56E+06,2298614,2298614,0,430550
100,2.16E+08,3.98E+06,2298615,2298618,0,437700
100,2.02E+08,3.58E+06,2298617,2298617,0,384700
100,1.99E+08,3.55E+06,2298620,2298621,0,372500
100,2.14E+08,3.54E+06,2298628,2298629,0,430550
100,2.17E+08,3.54E+06,2298628,2298628,0,439650
100,2.07E+08,3.54E+06,2298632,2298631,0,399500
100,2.17E+08,3.58E+06,2298635,2298635,0,439750
100,2.14E+08,3.54E+06,2298646,2298646,0,430550
100,2.02E+08,3.71E+06,2298653,2298653,0,384700
100,2.07E+08,3.56E+06,2298653,2298657,0,400650
100,2.17E+08,3.55E+06,2298654,2298649,0,439650
100,1.99E+08,3.55E+06,2298656,2298655,0,372500
100,2.07E+08,3.56E+06,2298658,2298658,0,400750
100,1.90E+08,3.93E+06,2298663,2298664,0,340200
100,2.14E+08,3.56E+06,2298666,2298666,0,430550
100,2.07E+08,3.56E+06,2298671,2298671,0,400650
100,2.17E+08,3.64E+06,2298683,2298682,0,439650
100,2.17E+08,3.55E+06,2298684,2298685,0,439650
100,1.99E+08,3.56E+06,2298697,2298698,0,369550
100,2.17E+08,3.58E+06,2298698,2298700,0,439750
100,2.14E+08,3.54E+06,2298699,2298699,0,430550
100,2.14E+08,3.65E+06,2298701,2298702,0,430550
100,2.02E+08,3.56E+06,2298702,2298705,0,384700
100,2.17E+08,3.58E+06,2298703,2298705,0,439650
100,2.02E+08,3.65E+06,2298710,2298710,0,384300
100,2.02E+08,3.65E+06,2298713,2298711,0,384700
100,2.07E+08,3.54E+06,2298713,2298713,0,400750
100,2.17E+08,3.56E+06,2298726,2298726,0,439750
100,2.14E+08,3.55E+06,2298738,2298736,0,430550
100,2.14E+08,3.56E+06,2298741,2298741,0,430550
100,1.99E+08,3.62E+06,2298744,2298744,0,372500
100,2.02E+08,3.68E+06,2298751,2298748,0,384700
100,2.17E+08,3.62E+06,2298754,2298754,0,439750
100,2.17E+08,3.56E+06,2298755,2298753,0,439650
100,2.17E+08,3.54E+06,2298766,2298766,0,439650
100,2.02E+08,3.54E+06,2298768,2298768,0,384700
100,2.14E+08,3.59E+06,2298773,2298773,0,430550
100,2.14E+08,3.62E+06,2298775,2298775,0,430550
100,2.00E+08,3.71E+06,2298779,2298779,0,378600
100,2.14E+08,3.54E+06,2298782,2298783,0,430550
100,2.14E+08,3.60E+06,2298783,2298783,0,430550
100,2.17E+08,3.57E+06,2298784,2298783,0,439650
100,2.17E+08,3.57E+06,2298790,2298789,0,439650
100,2.17E+08,3.55E+06,2298791,2298790,0,439750
100,2.17E+08,3.65E+06,2298793,2298795,0,439650
100,2.17E+08,3.64E+06,2298804,2298806,0,438200
100,2.14E+08,3.57E+06,2298808,2298807,0,430550
100,2.17E+08,3.54E+06,2298814,2298815,0,439650
100,2.07E+08,3.55E+06,2298829,2298828,0,400650
100,2.14E+08,3.56E+06,2298845,2298846,0,430550
100,2.17E+08,3.58E+06,2298846,2298846,0,438200
100,2.07E+08,3.56E+06,2298855,2298855,0,400650
100,2.07E+08,3.56E+06,2298858,2298856,0,400750
100,2.14E+08,3.63E+06,2298858,2298857,0,430550
100,2.02E+08,3.64E+06,2298860,2298863,0,385150
100,1.99E+08,3.54E+06,2298868,2298865,0,372500
100,2.14E+08,3.57E+06,2298869,2298868,0,430550
100,2.07E+08,3.56E+06,2298878,2298877,0,400650
100,2.17E+08,3.64E+06,2298891,2298891,0,439650
100,2.02E+08,3.60E+06,2298897,2298902,0,384700
100,2.14E+08,3.64E+06,2298900,2298899,0,430550
100,1.63E+08,3.57E+06,2298906,2298906,0,251550
100,2.07E+08,3.63E+06,2298916,2298912,0,400750
100,2.14E+08,3.54E+06,2298920,2298919,0,430550
100,2.07E+08,3.56E+06,2298921,2298921,0,400750
100,2.17E+08,3.54E+06,2298929,2298929,0,439650
100,2.07E+08,3.56E+06,2298935,2298937,0,399500
100,2.07E+08,3.55E+06,2298937,2298937,0,400650
100,2.17E+08,3.98E+06,2298938,2298938,0,438200
100,2.14E+08,3.70E+06,2298942,2298942,0,430550
100,2.07E+08,3.56E+06,2298946,2298947,0,400750
100,2.02E+08,3.63E+06,2298949,2298949,0,384700
100,2.17E+08,3.58E+06,2298952,2298952,0,439650
100,2.03E+08,3.94E+06,2298953,2298952,0,388300
100,2.02E+08,3.58E+06,2298965,2298968,0,384700
100,1.99E+08,3.69E+06,2298966,2298966,0,372500
100,2.07E+08,3.57E+06,2298966,2298963,0,399500
100,2.14E+08,3.59E+06,2298985,2298985,0,430550
100,2.17E+08,3.69E+06,2298988,2298988,0,439750
100,2.14E+08,3.54E+06,2298990,2298990,0,430550
100,2.17E+08,3.67E+06,2298990,2298990,0,439650
100,2.17E+08,3.54E+06,2299001,2299001,0,439650
100,2.07E+08,3.67E+06,2299004,2299005,0,399500
100,1.99E+08,3.63E+06,2299007,2299008,0,369550
100,2.17E+08,3.57E+06,2299009,2299009,0,439650
100,2.14E+08,3.59E+06,2299010,2299013,0,430550
100,2.17E+08,3.54E+06,2299013,2299015,0,439650
100,2.14E+08,3.62E+06,2299016,2299014,0,430550
100,2.17E+08,3.58E+06,2299019,2299019,0,439650
100,1.99E+08,3.75E+06,2299022,2299022,0,369550
100,2.14E+08,3.67E+06,2299022,2299022,0,430550
100,2.17E+08,3.56E+06,2299023,2299022,0,439750
100,2.17E+08,3.54E+06,2299035,2299035,0,439650
100,1.99E+08,3.55E+06,2299037,2299037,0,369550
100,2.14E+08,3.57E+06,2299050,2299054,0,430550
100,2.17E+08,3.57E+06,2299050,2299050,0,438200
100,2.17E+08,3.56E+06,2299056,2299056,0,439750
100,2.02E+08,3.66E+06,2299064,2299064,0,384700
100,1.99E+08,3.60E+06,2299070,2299070,0,369550
100,1.99E+08,3.72E+06,2299078,2299080,0,369550
100,2.07E+08,3.58E+06,2299079,2299078,0,400650
100,2.03E+08,3.82E+06,2299080,2299080,0,388450
100,2.14E+08,3.54E+06,2299082,2299085,0,430550
100,2.07E+08,3.54E+06,2299085,2299081,0,400650
100,2.02E+08,3.71E+06,2299089,2299089,0,384700
100,2.17E+08,3.54E+06,2299091,2299092,0,439650
100,2.14E+08,3.57E+06,2299095,2299095,0,430550
100,2.07E+08,3.55E+06,2299099,2299097,0,400750
100,2.02E+08,3.59E+06,2299104,2299104,0,384700
100,2.02E+08,3.69E+06,2299111,2299111,0,384700
100,2.17E+08,3.54E+06,2299115,2299117,0,439650
100,2.14E+08,3.61E+06,2299124,2299124,0,430550
100,1.99E+08,3.59E+06,2299138,2299140,0,372500
100,2.02E+08,3.59E+06,2299149,2299149,0,384700
100,2.02E+08,3.55E+06,2299165,2299161,0,384700
100,2.14E+08,3.55E+06,2299170,2299170,0,430550
100,2.17E+08,3.54E+06,2299174,2299173,0,439650
100,2.14E+08,3.57E+06,2299179,2299176,0,430550
100,2.17E+08,3.65E+06,2299184,2299185,0,439650
100,2.07E+08,3.56E+06,2299190,2299190,0,400650
100,2.14E+08,3.59E+06,2299202,2299202,0,430550
100,2.02E+08,3.54E+06,2299204,2299204,0,384300
100,2.17E+08,3.61E+06,2299205,2299205,0,439650
100,2.14E+08,3.56E+06,2299206,2299205,0,430550
100,1.99E+08,3.58E+06,2299209,2299210,0,369550
100,2.17E+08,3.56E+06,2299211,2299210,0,439650
100,2.17E+08,3.54E+06,2299216,2299216,0,439650
100,2.03E+08,3.65E+06,2299223,2299225,0,387900
100,2.14E+08,3.57E+06,2299226,2299226,0,430550
100,2.07E+08,3.55E+06,2299229,2299229,0,400650
100,2.17E+08,3.54E+06,2299230,2299231,0,439650
100,2.02E+08,3.62E+06,2299233,2299233,0,384700
100,2.17E+08,3.66E+06,2299233,2299233,0,439650
100,2.14E+08,3.63E+06,2299253,2299253,0,430550
100,2.17E+08,3.64E+06,2299253,2299253,0,439750
100,2.17E+08,3.56E+06,2299255,2299255,0,439650
100,2.07E+08,3.56E+06,2299259,2299258,0,400750
100,2.14E+08,3.56E+06,2299259,2299259,0,430550
100,2.06E+08,3.90E+06,2299260,2299259,0,399300
100,2.17E+08,3.55E+06,2299260,2299260,0,439750
100,2.14E+08,3.56E+06,2299262,2299261,0,430550
100,2.17E+08,3.65E+06,2299262,2299260,0,439650
100,2.14E+08,3.58E+06,2299264,2299265,0,430550
100,2.14E+08,3.57E+06,2299269,2299265,0,430550
100,2.17E+08,3.62E+06,2299271,2299271,0,439650
100,2.02E+08,3.58E+06,2299273,2299275,0,384300
100,2.17E+08,3.56E+06,2299273,2299272,0,439650
100,2.02E+08,3.75E+06,2299275,2299275,0,385150
100,2.17E+08,3.54E+06,2299275,2299276,0,439650
100,2.17E+08,3.54E+06,2299276,2299274,0,439650
100,1.99E+08,3.73E+06,2299277,2299277,0,372500
100,1.99E+08,3.57E+06,2299278,2299279,0,372500
100,2.02E+08,3.68E+06,2299284,2299284,0,384700
100,2.14E+08,3.56E+06,2299287,2299286,0,430550
100,1.99E+08,3.72E+06,2299290,2299290,0,371700
100,2.02E+08,3.54E+06,2299291,2299287,0,384700
100,2.17E+08,3.55E+06,2299291,2299290,0,439650
100,2.14E+08,3.54E+06,2299310,2299311,0,430550
100,2.07E+08,3.59E+06,2299312,2299311,0,400750
100,2.07E+08,3.64E+06,2299325,2299324,0,400650
100,2.14E+08,3.56E+06,2299325,2299332,0,430550
100,1.99E+08,3.56E+06,2299333,2299334,0,372500
100,2.15E+08,3.78E+06,2299369,2299369,0,431000
100,2.14E+08,3.55E+06,2299377,2299377,0,430550
100,2.02E+08,3.57E+06,2299386,2299387,0,384700
100,2.07E+08,3.54E+06,2299386,2299389,0,400750
100,2.17E+08,3.56E+06,2299386,2299385,0,439650
100,2.04E+08,3.72E+06,2299388,2299387,0,390000
100,2.17E+08,3.55E+06,2299388,2299387,0,439650
100,1.99E+08,3.82E+06,2299392,2299391,0,372500
100,2.14E+08,3.55E+06,2299392,2299393,0,430550
100,2.02E+08,3.59E+06,2299394,2299394,0,384700
100,2.17E+08,3.54E+06,2299400,2299400,0,439750
100,2.07E+08,3.66E+06,2299408,2299409,0,400750
100,2.02E+08,3.57E+06,2299409,2299409,0,384700
100,2.07E+08,3.56E+06,2299420,2299420,0,400750
100,2.07E+08,3.56E+06,2299423,2299423,0,400650
100,1.99E+08,3.60E+06,2299441,2299442,0,372500
100,2.14E+08,3.55E+06,2299443,2299441,0,430550
100,2.07E+08,3.55E+06,2299449,2299448,0,400750
100,2.02E+08,3.72E+06,2299450,2299450,0,385150
100,2.17E+08,3.61E+06,2299452,2299453,0,438200
100,2.07E+08,3.56E+06,2299455,2299454,0,400650
100,2.14E+08,3.61E+06,2299459,2299459,0,430550
100,2.17E+08,3.56E+06,2299459,2299459,0,439650
100,2.17E+08,3.56E+06,2299461,2299461,0,439650
100,2.17E+08,3.56E+06,2299468,2299470,0,439650
100,2.14E+08,3.54E+06,2299472,2299470,0,430550
100,1.99E+08,3.60E+06,2299481,2299481,0,369550
100,2.07E+08,3.55E+06,2299492,2299492,0,400650
100,2.14E+08,3.56E+06,2299499,2299499,0,430550
100,2.14E+08,3.56E+06,2299506,2299506,0,430550
100,2.14E+08,3.54E+06,2299508,2299509,0,430550
100,1.99E+08,3.63E+06,2299510,2299510,0,372500
100,2.17E+08,3.54E+06,2299517,2299517,0,439750
100,2.14E+08,3.65E+06,2299522,2299526,0,430550
100,2.04E+08,3.78E+06,2299528,2299529,0,388450
100,2.17E+08,3.59E+06,2299536,2299536,0,439650
100,2.14E+08,3.54E+06,2299537,2299537,0,430550
100,1.99E+08,3.58E+06,2299544,2299544,0,372500
100,2.17E+08,3.69E+06,2299546,2299546,0,438200
100,2.17E+08,3.56E+06,2299547,2299547,0,439650
100,2.14E+08,3.57E+06,2299553,2299553,0,430550
100,2.07E+08,3.56E+06,2299558,2299555,0,399500
100,1.99E+08,3.67E+06,2299563,2299564,0,372500
100,2.17E+08,3.59E+06,2299564,2299564,0,439650
100,2.14E+08,3.77E+06,2299566,2299566,0,430550
100,2.07E+08,3.58E+06,2299567,2299565,0,400750
100,2.17E+08,3.56E+06,2299567,2299567,0,439650
100,2.17E+08,3.55E+06,2299567,2299567,0,439650
100,2.17E+08,3.63E+06,2299572,2299572,0,439650
100,2.17E+08,3.57E+06,2299572,2299571,0,439650
100,2.14E+08,3.55E+06,2299577,2299578,0,430550
100,2.17E+08,3.55E+06,2299577,2299575,0,439650
100,2.02E+08,3.59E+06,2299579,2299578,0,384300
100,2.17E+08,3.55E+06,2299580,2299579,0,439750
100,2.14E+08,3.54E+06,2299584,2299581,0,430550
100,2.17E+08,3.58E+06,2299588,2299588,0,439650
100,1.99E+08,3.77E+06,2299592,2299591,0,371050
100,2.14E+08,3.59E+06,2299598,2299598,0,430550
100,2.14E+08,3.54E+06,2299598,2299596,0,430550
100,2.02E+08,3.64E+06,2299605,2299603,0,384300
100,2.14E+08,3.69E+06,2299606,2299604,0,430550
100,2.07E+08,3.54E+06,2299607,2299608,0,400650
100,2.17E+08,3.64E+06,2299610,2299605,0,439650
100,2.14E+08,3.56E+06,2299614,2299610,0,430550
100,2.14E+08,3.57E+06,2299617,2299617,0,430550
100,2.14E+08,3.54E+06,2299620,2299620,0,430550
100,2.14E+08,3.79E+06,2299621,2299620,0,430550
100,2.02E+08,3.58E+06,2299623,2299622,0,384300
100,2.17E+08,3.55E+06,2299627,2299627,0,439650
100,2.02E+08,3.66E+06,2299628,2299628,0,384700
100,2.14E+08,3.72E+06,2299629,2299629,0,430550
100,1.99E+08,3.61E+06,2299633,2299633,0,369550
100,2.14E+08,3.58E+06,2299648,2299645,0,430550
100,2.14E+08,3.66E+06,2299649,2299647,0,430550
100,2.07E+08,3.55E+06,2299651,2299652,0,400750
100,2.17E+08,3.54E+06,2299652,2299650,0,439650
100,2.13E+08,3.73E+06,2299659,2299659,0,426450
100,2.17E+08,3.60E+06,2299661,2299661,0,439650
100,2.07E+08,3.57E+06,2299663,2299663,0,400650
100,2.07E+08,3.54E+06,2299667,2299661,0,400650
100,2.07E+08,3.54E+06,2299671,2299668,0,400650
100,2.14E+08,3.58E+06,2299671,2299671,0,430550
100,2.17E+08,3.64E+06,2299673,2299673,0,439650
100,2.02E+08,3.60E+06,2299675,2299677,0,384300
100,2.14E+08,3.55E+06,2299675,2299672,0,430550
100,2.07E+08,3.55E+06,2299677,2299677,0,400750
100,2.17E+08,3.61E+06,2299682,2299682,0,439750
100,2.17E+08,3.54E+06,2299683,2299683,0,439650
100,2.17E+08,3.54E+06,2299687,2299687,0,439650
100,1.99E+08,3.66E+06,2299690,2299690,0,372500
100,2.17E+08,3.55E+06,2299690,2299689,0,439650
100,2.07E+08,3.54E+06,2299693,2299693,0,400650
100,2.02E+08,3.57E+06,2299696,2299697,0,384300
100,1.99E+08,3.70E+06,2299709,2299709,0,372500
100,2.17E+08,3.57E+06,2299711,2299708,0,439650
100,2.14E+08,3.57E+06,2299713,2299712,0,430550
100,2.02E+08,3.63E+06,2299718,2299718,0,385000
100,2.14E+08,3.60E+06,2299721,2299717,0,430550
100,2.17E+08,3.57E+06,2299723,2299723,0,439650
100,2.14E+08,3.57E+06,2299728,2299727,0,430550
100,2.02E+08,3.75E+06,2299729,2299729,0,384700
100,2.02E+08,3.61E+06,2299735,2299735,0,384300
100,2.07E+08,3.74E+06,2299738,2299738,0,400750
100,2.03E+08,3.84E+06,2299745,2299745,0,388300
100,1.99E+08,3.57E+06,2299748,2299746,0,372500
100,2.07E+08,3.54E+06,2299751,2299752,0,400650
100,2.02E+08,3.56E+06,2299756,2299756,0,384300
100,2.17E+08,3.57E+06,2299773,2299775,0,439750
100,2.07E+08,3.55E+06,2299774,2299774,0,400750
100,2.07E+08,3.54E+06,2299775,2299769,0,400750
100,2.17E+08,3.58E+06,2299777,2299777,0,439650
100,2.02E+08,3.61E+06,2299778,2299779,0,384300
100,2.14E+08,3.59E+06,2299780,2299780,0,430550
100,2.17E+08,3.54E+06,2299780,2299780,0,439650
100,2.07E+08,3.54E+06,2299781,2299782,0,400750
100,2.17E+08,3.63E+06,2299786,2299784,0,438350
100,1.99E+08,3.56E+06,2299789,2299792,0,372500
100,2.07E+08,3.55E+06,2299789,2299788,0,400650
100,2.14E+08,3.63E+06,2299790,2299786,0,430550
100,2.14E+08,3.56E+06,2299790,2299791,0,430550
100,2.17E+08,3.57E+06,2299791,2299791,0,439750
100,2.02E+08,3.62E+06,2299802,2299803,0,384700
100,2.07E+08,3.54E+06,2299806,2299806,0,400650
100,1.99E+08,3.63E+06,2299812,2299811,0,372500
100,2.14E+08,3.59E+06,2299812,2299811,0,430550
100,2.07E+08,3.60E+06,2299816,2299817,0,400750
100,2.14E+08,3.58E+06,2299817,2299815,0,430550
100,2.17E+08,3.93E+06,2299822,2299822,0,439650
100,2.14E+08,3.60E+06,2299824,2299825,0,430550
100,2.07E+08,3.62E+06,2299825,2299826,0,400750
100,2.14E+08,3.62E+06,2299831,2299834,0,430550
100,2.17E+08,3.57E+06,2299838,2299838,0,439650
100,2.14E+08,3.66E+06,2299840,2299840,0,430550
100,2.14E+08,3.60E+06,2299845,2299847,0,430550
100,2.02E+08,3.55E+06,2299850,2299850,0,384700
100,2.07E+08,3.54E+06,2299851,2299848,0,399500
100,2.14E+08,3.55E+06,2299854,2299854,0,430550
100,2.17E+08,3.54E+06,2299854,2299854,0,439750
100,2.17E+08,3.54E+06,2299856,2299857,0,439650
100,2.03E+08,3.83E+06,2299859,2299858,0,387900
100,2.14E+08,3.75E+06,2299870,2299870,0,430550
100,2.02E+08,3.59E+06,2299871,2299871,0,384300
100,2.17E+08,3.56E+06,2299876,2299872,0,439650
100,2.07E+08,3.55E+06,2299877,2299877,0,400650
100,2.14E+08,3.54E+06,2299890,2299890,0,430550
100,1.99E+08,3.64E+06,2299898,2299898,0,369550
100,2.02E+08,3.54E+06,2299898,2299898,0,384300
100,2.02E+08,3.57E+06,2299901,2299902,0,384300
100,2.14E+08,3.64E+06,2299901,2299900,0,430550
100,2.17E+08,3.56E+06,2299916,2299546,0,439750
100,1.99E+08,3.55E+06,2299918,2299920,0,369550
100,2.14E+08,3.79E+06,2299919,2299916,0,430550
100,2.02E+08,3.57E+06,2299921,2299921,0,384700
100,2.01E+08,3.75E+06,2299922,2299923,0,382650
100,2.07E+08,3.57E+06,2299923,2299924,0,400750
100,2.14E+08,3.56E+06,2299924,2299926,0,430550
100,1.99E+08,3.74E+06,2299927,2299926,0,372500
100,2.07E+08,3.57E+06,2299930,2299930,0,400750
100,2.17E+08,3.67E+06,2299936,2299937,0,439650
100,1.97E+08,3.80E+06,2299938,2299938,0,365250
100,1.99E+08,3.61E+06,2299945,2299945,0,372500
100,2.02E+08,3.67E+06,2299949,2299948,0,384700
100,2.14E+08,3.54E+06,2299950,2299950,0,430550
100,2.14E+08,3.59E+06,2299959,2299954,0,430550
100,2.17E+08,3.57E+06,2299961,2299961,0,439650
100,2.17E+08,3.55E+06,2299963,2299962,0,439650
100,2.07E+08,3.56E+06,2299974,2299977,0,400750
100,2.17E+08,3.57E+06,2299981,2299981,0,439650
100,2.17E+08,3.56E+06,2299983,2299983,0,439650
100,2.14E+08,3.62E+06,2299984,2299986,0,430550
100,2.07E+08,3.60E+06,2299987,2299987,0,400750
100,2.14E+08,3.62E+06,2300014,2300014,0,430550
100,2.07E+08,3.55E+06,2300024,2300024,0,400650
100,2.14E+08,3.63E+06,2300028,2300028,0,430550
100,2.01E+08,3.81E+06,2300041,2300040,0,382000
100,2.14E+08,3.54E+06,2300044,2300044,0,430550
100,2.04E+08,3.75E+06,2300048,2300049,0,389350
100,2.14E+08,3.55E+06,2300061,2300061,0,430550
100,2.17E+08,3.67E+06,2300067,2300067,0,439650
100,2.17E+08,3.87E+06,2300070,2300069,0,438350
100,2.07E+08,3.58E+06,2300076,2300076,0,400650
100,2.17E+08,3.57E+06,2300076,2300076,0,439750
100,2.17E+08,3.60E+06,2300089,2300089,0,439650
100,2.07E+08,3.55E+06,2300105,2300105,0,400750
100,2.14E+08,3.56E+06,2300112,2300112,0,430550
100,2.14E+08,3.56E+06,2300114,2300114,0,430550
100,2.17E+08,3.61E+06,2300114,2300115,0,439750
100,1.89E+08,3.55E+06,2300134,2300136,0,338350
100,2.17E+08,3.61E+06,2300134,2300135,0,439750
100,1.99E+08,3.66E+06,2300136,2300136,0,369550
100,2.14E+08,4.04E+06,2300139,2300139,0,430550
100,2.13E+08,3.73E+06,2300143,2300141,0,426450
100,2.14E+08,3.68E+06,2300146,2300146,0,430550
100,2.14E+08,3.54E+06,2300149,2300149,0,430550
100,2.14E+08,3.54E+06,2300151,2300146,0,430550
100,2.17E+08,3.60E+06,2300171,2300171,0,438200
100,2.14E+08,3.55E+06,2300173,2300174,0,430550
100,2.14E+08,3.55E+06,2300175,2300173,0,430550
100,2.07E+08,3.55E+06,2300184,2300182,0,400750
100,2.02E+08,3.61E+06,2300185,2300186,0,384700
100,1.96E+08,3.62E+06,2300187,2300187,0,360500
100,2.17E+08,3.55E+06,2300188,2300189,0,439650
100,2.14E+08,3.59E+06,2300198,2300198,0,430550
100,1.99E+08,3.57E+06,2300200,2300200,0,372500
100,2.14E+08,3.54E+06,2300218,2300217,0,430550
100,1.99E+08,3.61E+06,2300219,2300219,0,369550
100,2.07E+08,3.55E+06,2300225,2300225,0,400650
100,2.17E+08,3.57E+06,2300234,2300234,0,439650
100,2.17E+08,3.54E+06,2300242,2300242,0,439650
100,2.17E+08,4.02E+06,2300245,2300241,0,438200
100,1.99E+08,3.72E+06,2300249,2300248,0,369550
100,2.17E+08,3.55E+06,2300252,2300251,0,439650
100,2.14E+08,3.54E+06,2300257,2300257,0,430550
100,2.07E+08,3.54E+06,2300260,2300261,0,400650
100,1.84E+08,3.78E+06,2300262,2300262,0,326850
100,1.99E+08,3.60E+06,2300265,2300265,0,369550
100,2.14E+08,3.54E+06,2300282,2300278,0,430550
100,2.17E+08,3.63E+06,2300282,2300284,0,439650
100,1.99E+08,3.57E+06,2300287,2300287,0,372500
100,2.17E+08,3.55E+06,2300288,2300288,0,439650
100,2.02E+08,3.55E+06,2300294,2300294,0,384700
100,2.14E+08,3.55E+06,2300295,2300294,0,430550
100,2.17E+08,3.55E+06,2300295,2300293,0,439750
100,2.17E+08,3.55E+06,2300296,2300294,0,439650
100,1.99E+08,3.61E+06,2300308,2300311,0,372500
100,2.17E+08,3.58E+06,2300308,2300307,0,439650
100,2.17E+08,3.55E+06,2300325,2300325,0,439650
100,1.99E+08,3.68E+06,2300326,2300326,0,371700
100,2.02E+08,3.65E+06,2300328,2300328,0,384700
100,2.17E+08,3.60E+06,2300330,2300326,0,439650
100,2.14E+08,3.54E+06,2300340,2300342,0,430550
100,2.17E+08,3.64E+06,2300341,2300341,0,439650
100,2.07E+08,3.56E+06,2300345,2300345,0,400650
100,1.99E+08,3.76E+06,2300348,2300348,0,369550
100,2.14E+08,3.54E+06,2300349,2300348,0,430550
100,2.14E+08,3.55E+06,2300353,2300353,0,430550
100,2.17E+08,3.54E+06,2300353,2300355,0,439650
100,2.17E+08,3.55E+06,2300358,2300358,0,439750
100,2.17E+08,3.54E+06,2300359,2300357,0,439750
100,2.17E+08,3.68E+06,2300370,2300365,0,439650
100,2.07E+08,3.55E+06,2300376,2300376,0,400750
100,1.99E+08,3.62E+06,2300381,2300383,0,372500
100,2.14E+08,3.56E+06,2300384,2300384,0,430550
100,1.99E+08,3.64E+06,2300385,2300385,0,372500
100,2.14E+08,3.54E+06,2300392,2300392,0,430550
100,2.17E+08,3.62E+06,2300392,2300390,0,439750
100,2.04E+08,3.79E+06,2300396,2300397,0,388450
100,2.02E+08,3.70E+06,2300410,2300403,0,385000
100,2.17E+08,3.57E+06,2300418,2300418,0,439750
100,2.17E+08,3.61E+06,2300439,2300442,0,439650
100,1.99E+08,3.57E+06,2300443,2300441,0,372500
100,2.17E+08,3.60E+06,2300445,2300445,0,439650
100,2.17E+08,3.56E+06,2300446,2300446,0,439650
100,2.14E+08,3.61E+06,2300465,2300465,0,430550
100,1.96E+08,3.88E+06,2300466,2300465,0,360500
100,2.07E+08,3.54E+06,2300468,2300467,0,399500
100,2.02E+08,3.59E+06,2300472,2300471,0,384700
100,2.17E+08,3.59E+06,2300475,2300475,0,439650
100,2.17E+08,3.54E+06,2300478,2300478,0,439650
100,2.14E+08,3.55E+06,2300486,2300486,0,430550
100,1.99E+08,3.56E+06,2300489,2300492,0,372500
100,2.14E+08,3.54E+06,2300489,2300489,0,430550
100,2.14E+08,3.55E+06,2300492,2300492,0,430550
100,2.14E+08,3.56E+06,2300494,2300495,0,430550
100,2.17E+08,3.55E+06,2300495,2300494,0,439750
100,2.14E+08,3.55E+06,2300496,2300496,0,430550
100,2.14E+08,3.57E+06,2300496,2300496,0,430550
100,2.17E+08,3.61E+06,2300503,2300503,0,439650
100,2.17E+08,3.57E+06,2300509,2300512,0,439750
100,2.07E+08,3.57E+06,2300518,2300518,0,399500
100,2.17E+08,3.76E+06,2300528,2300528,0,439750
100,2.02E+08,3.56E+06,2300529,2300527,0,384700
100,2.17E+08,3.59E+06,2300529,2300529,0,439650
100,2.17E+08,3.68E+06,2300533,2300533,0,438200
100,2.02E+08,3.72E+06,2300538,2300538,0,384700
100,2.07E+08,3.55E+06,2300541,2300542,0,400750
100,2.02E+08,3.54E+06,2300560,2300560,0,384700
100,2.17E+08,3.56E+06,2300563,2300563,0,439750
100,2.14E+08,3.55E+06,2300564,2300564,0,430550
100,2.17E+08,3.57E+06,2300564,2300564,0,439650
100,2.14E+08,3.67E+06,2300566,2300567,0,430550
100,2.14E+08,3.68E+06,2300570,2300572,0,430550
100,2.17E+08,3.87E+06,2300573,2300569,0,438350
100,2.17E+08,3.55E+06,2300575,2300576,0,439650
100,2.02E+08,3.60E+06,2300576,2300576,0,384300
100,2.17E+08,3.60E+06,2300578,2300578,0,439650
100,2.07E+08,3.54E+06,2300583,2300583,0,400750
100,2.17E+08,3.58E+06,2300590,2300590,0,439650
100,2.07E+08,3.56E+06,2300594,2300594,0,400650
100,2.14E+08,3.61E+06,2300594,2300594,0,430550
100,2.17E+08,3.54E+06,2300602,2300602,0,439650
100,2.17E+08,3.58E+06,2300603,2300601,0,439650
100,2.14E+08,3.56E+06,2300607,2300605,0,430550
100,2.02E+08,3.58E+06,2300614,2300613,0,384700
100,1.99E+08,3.68E+06,2300623,2300620,0,370400
100,2.17E+08,3.56E+06,2300629,2300629,0,439650
100,2.07E+08,3.54E+06,2300631,2300631,0,400650
100,2.02E+08,3.57E+06,2300652,2300652,0,384700
100,2.07E+08,3.57E+06,2300652,2300652,0,400750
100,2.14E+08,3.60E+06,2300653,2300652,0,430550
100,2.14E+08,3.57E+06,2300656,2300657,0,430550
100,1.98E+08,3.69E+06,2300658,2300659,0,367450
100,2.15E+08,3.82E+06,2300658,2300658,0,430550
100,2.17E+08,3.57E+06,2300661,2300664,0,439650
100,2.14E+08,3.60E+06,2300664,2300664,0,430550
100,2.17E+08,3.54E+06,2300669,2300669,0,439650
100,2.02E+08,3.55E+06,2300673,2300667,0,384300
100,2.02E+08,3.83E+06,2300678,2300678,0,384700
100,2.02E+08,3.57E+06,2300679,2300679,0,384700
100,2.14E+08,3.56E+06,2300688,2300685,0,430550
100,2.07E+08,3.56E+06,2300690,2300690,0,400750
100,2.02E+08,3.56E+06,2300691,2300691,0,384300
100,2.02E+08,3.67E+06,2300695,2300697,0,384700
100,2.07E+08,3.61E+06,2300703,2300703,0,399500
100,2.14E+08,3.57E+06,2300711,2300710,0,430550
100,2.17E+08,3.63E+06,2300717,2300717,0,439650
100,2.17E+08,3.57E+06,2300717,2300717,0,439650
100,2.17E+08,3.54E+06,2300721,2300721,0,439650
100,2.17E+08,3.54E+06,2300727,2300728,0,439650
100,2.15E+08,3.68E+06,2300733,2300732,0,430550
100,2.02E+08,3.72E+06,2300735,2300732,0,384700
100,2.14E+08,3.54E+06,2300739,2300740,0,430550
100,2.17E+08,3.65E+06,2300740,2300740,0,439750
100,2.14E+08,3.54E+06,2300741,2300741,0,430550
100,1.99E+08,3.54E+06,2300747,2300747,0,369550
100,2.07E+08,3.55E+06,2300747,2300747,0,400650
100,2.17E+08,3.56E+06,2300747,2300749,0,439650
100,2.07E+08,3.55E+06,2300748,2300747,0,400650
100,2.14E+08,3.57E+06,2300773,2300773,0,430550
100,2.14E+08,3.54E+06,2300784,2300784,0,430550
100,2.17E+08,3.67E+06,2300784,2300785,0,439650
100,2.17E+08,3.64E+06,2300785,2300784,0,439650
100,2.14E+08,3.55E+06,2300791,2300791,0,430550
100,2.04E+08,3.71E+06,2300792,2300792,0,388450
100,2.17E+08,3.59E+06,2300798,2300798,0,439750
100,2.14E+08,3.54E+06,2300802,2300802,0,430550
100,2.17E+08,3.55E+06,2300807,2300807,0,439750
100,2.02E+08,3.58E+06,2300819,2300820,0,384700
100,2.17E+08,3.57E+06,2300828,2300828,0,439650
100,2.07E+08,3.54E+06,2300843,2300842,0,400750
100,2.07E+08,3.57E+06,2300846,2300846,0,400650
100,2.14E+08,3.63E+06,2300853,2300853,0,430550
100,2.14E+08,3.56E+06,2300855,2300855,0,430550
100,2.07E+08,3.56E+06,2300860,2300860,0,400650
100,2.14E+08,3.54E+06,2300863,2300862,0,430550
100,1.99E+08,3.68E+06,2300865,2300860,0,372500
100,2.17E+08,3.55E+06,2300865,2300867,0,439650
100,1.99E+08,3.69E+06,2300868,2300868,0,369550
100,2.03E+08,3.82E+06,2300871,2300869,0,388450
100,2.07E+08,3.59E+06,2300880,2300885,0,400750
100,2.17E+08,3.63E+06,2300881,2300883,0,439650
100,2.17E+08,3.65E+06,2300889,2300889,0,439750
100,2.17E+08,3.69E+06,2300906,2300906,0,439650
100,2.17E+08,3.54E+06,2300913,2300913,0,439650
100,2.14E+08,3.54E+06,2300914,2300914,0,430550
100,2.17E+08,3.59E+06,2300914,2300914,0,439650
100,2.07E+08,3.74E+06,2300915,2300914,0,400050
100,1.99E+08,3.56E+06,2300926,2300927,0,372500
100,2.02E+08,3.74E+06,2300929,2300926,0,384700
100,2.17E+08,3.54E+06,2300930,2300930,0,439650
100,2.07E+08,3.59E+06,2300943,2300943,0,400750
100,2.14E+08,3.57E+06,2300943,2300944,0,430550
100,1.99E+08,3.60E+06,2300945,2300943,0,372500
100,2.17E+08,3.55E+06,2300947,2300947,0,439650
100,2.02E+08,3.56E+06,2300957,2300956,0,384700
100,2.14E+08,3.54E+06,2300957,2300957,0,430550
100,2.17E+08,3.68E+06,2300963,2300963,0,439750
100,1.98E+08,3.80E+06,2300967,2300967,0,367050
100,2.07E+08,3.56E+06,2300973,2300973,0,400750
100,2.14E+08,3.56E+06,2300986,2300986,0,430550
100,2.17E+08,3.57E+06,2300987,2300987,0,439650
100,2.14E+08,3.60E+06,2300991,2300987,0,430550
100,2.17E+08,3.55E+06,2300999,2301001,0,439650
100,2.14E+08,3.54E+06,2301004,2301003,0,430550
100,2.14E+08,3.54E+06,2301022,2301022,0,430550
100,2.17E+08,3.61E+06,2301023,2301022,0,439650
100,2.02E+08,3.56E+06,2301025,2301025,0,384700
100,2.07E+08,3.55E+06,2301029,2301033,0,400650
100,2.17E+08,3.57E+06,2301032,2301032,0,439650
100,2.17E+08,3.68E+06,2301044,2301044,0,439750
100,2.14E+08,3.56E+06,2301047,2301047,0,430550
100,2.07E+08,3.67E+06,2301054,2301054,0,400750
100,1.99E+08,3.76E+06,2301056,2301055,0,372500
100,2.07E+08,3.58E+06,2301057,2301056,0,400750
100,2.02E+08,3.57E+06,2301058,2301060,0,384700
100,2.14E+08,3.55E+06,2301064,2301063,0,430550
100,1.96E+08,3.70E+06,2301066,2301068,0,359600
100,1.99E+08,3.76E+06,2301067,2301067,0,371050
100,2.07E+08,3.61E+06,2301068,2301069,0,400650
100,2.07E+08,3.57E+06,2301071,2301071,0,400750
100,2.07E+08,3.76E+06,2301082,2301081,0,400650
100,2.14E+08,3.55E+06,2301083,2301083,0,430550
100,2.17E+08,3.55E+06,2301087,2301089,0,439650
100,1.99E+08,3.63E+06,2301092,2301092,0,369550
100,2.17E+08,3.55E+06,2301097,2301096,0,439650
100,2.17E+08,3.55E+06,2301106,2301106,0,439750
100,2.17E+08,3.54E+06,2301107,2301106,0,439650
100,2.17E+08,3.55E+06,2301114,2301115,0,439650
100,2.14E+08,3.55E+06,2301119,2301117,0,430550
100,2.17E+08,3.59E+06,2301125,2301125,0,439750
100,2.14E+08,3.58E+06,2301138,2301141,0,430550
100,2.02E+08,3.87E+06,2301146,2301146,0,384700
100,2.07E+08,3.54E+06,2301149,2301149,0,400650
100,2.14E+08,3.57E+06,2301155,2301156,0,430550
100,1.99E+08,3.54E+06,2301158,2301156,0,372500
100,1.99E+08,3.59E+06,2301168,2301166,0,369450
100,2.02E+08,3.66E+06,2301171,2301171,0,384300
100,2.07E+08,3.70E+06,2301195,2301191,0,400750
100,2.17E+08,3.55E+06,2301195,2301193,0,439650
100,2.14E+08,3.60E+06,2301200,2301199,0,430550
100,2.14E+08,3.58E+06,2301206,2301206,0,430550
100,2.02E+08,3.59E+06,2301224,2301224,0,384300
100,2.14E+08,3.57E+06,2301225,2301226,0,430550
100,2.17E+08,3.55E+06,2301235,2301234,0,439650
100,2.07E+08,3.55E+06,2301239,2301239,0,400750
100,2.14E+08,3.73E+06,2301246,2301246,0,430550
100,2.07E+08,3.54E+06,2301251,2301251,0,400750
100,2.07E+08,3.57E+06,2301257,2301258,0,400750
100,2.14E+08,3.55E+06,2301258,2301255,0,430550
100,2.02E+08,3.61E+06,2301280,2301280,0,384700
100,2.15E+08,3.98E+06,2301281,2301281,0,431000
100,2.14E+08,3.54E+06,2301307,2301307,0,430550
100,2.17E+08,3.73E+06,2301319,2301319,0,439650
100,2.07E+08,3.58E+06,2301332,2301332,0,400650
100,2.02E+08,3.57E+06,2301337,2301337,0,384700
100,2.07E+08,3.54E+06,2301340,2301340,0,400750
100,2.07E+08,3.54E+06,2301346,2301342,0,400750
100,2.02E+08,3.57E+06,2301350,2301350,0,384700
100,2.17E+08,3.67E+06,2301359,2301359,0,439650
100,2.07E+08,3.55E+06,2301371,2301371,0,400750
100,2.07E+08,3.55E+06,2301373,2301377,0,400750
100,2.14E+08,3.55E+06,2301375,2301374,0,430550
100,2.14E+08,3.55E+06,2301379,2301379,0,430550
100,2.17E+08,3.69E+06,2301379,2301380,0,439750
100,1.99E+08,3.61E+06,2301385,2301385,0,372500
100,2.14E+08,3.57E+06,2301391,2301389,0,430550
100,2.14E+08,3.59E+06,2301394,2301395,0,430550
100,1.99E+08,3.63E+06,2301401,2301404,0,372500
100,2.02E+08,3.58E+06,2301401,2301401,0,384700
100,2.17E+08,3.58E+06,2301414,2301412,0,438200
100,2.17E+08,3.54E+06,2301414,2301414,0,439650
100,2.14E+08,3.55E+06,2301419,2301417,0,430550
100,2.14E+08,3.55E+06,2301420,2301421,0,430550
100,1.99E+08,3.60E+06,2301425,2301420,0,372500
100,1.99E+08,3.66E+06,2301429,2301430,0,372500
100,2.07E+08,3.55E+06,2301433,2301433,0,400650
100,2.17E+08,3.58E+06,2301452,2301453,0,439650
100,1.99E+08,3.74E+06,2301458,2301459,0,372500
100,2.17E+08,3.62E+06,2301459,2301456,0,439650
100,2.14E+08,3.54E+06,2301466,2301467,0,430550
100,2.17E+08,3.64E+06,2301474,2301476,0,439650
100,2.14E+08,3.58E+06,2301479,2301477,0,430550
100,2.17E+08,3.55E+06,2301479,2301477,0,439650
100,2.07E+08,3.58E+06,2301480,2301480,0,400750
100,2.17E+08,3.54E+06,2301484,2301484,0,439650
100,2.07E+08,3.64E+06,2301489,2301489,0,399500
100,2.14E+08,3.59E+06,2301497,2301498,0,430550
100,2.17E+08,3.71E+06,2301501,2301500,0,439650
100,2.14E+08,3.57E+06,2301503,2301503,0,430550
100,2.02E+08,3.55E+06,2301514,2301515,0,384700
100,2.03E+08,3.83E+06,2301532,2301532,0,387100
100,2.07E+08,3.54E+06,2301550,2301547,0,400650
100,2.14E+08,3.55E+06,2301550,2301550,0,430550
100,2.07E+08,3.61E+06,2301562,2301561,0,400650
100,2.07E+08,3.54E+06,2301566,2301566,0,400650
100,2.14E+08,3.56E+06,2301571,2301573,0,430550
100,2.07E+08,3.72E+06,2301576,2301576,0,399650
100,2.17E+08,3.61E+06,2301587,2301587,0,439650
100,2.17E+08,3.55E+06,2301596,2301596,0,439650
100,2.14E+08,3.55E+06,2301597,2301597,0,430550
100,1.99E+08,3.75E+06,2301601,2301606,0,369550
100,2.17E+08,3.55E+06,2301614,2301614,0,439750
100,2.17E+08,3.64E+06,2301615,2301615,0,439750
100,2.05E+08,4.01E+06,2301621,2301617,0,391900
100,2.07E+08,3.54E+06,2301623,2301622,0,400750
100,2.17E+08,3.74E+06,2301625,2301625,0,439650
100,2.01E+08,3.84E+06,2301630,2301630,0,382200
100,2.17E+08,3.56E+06,2301635,2301635,0,439650
100,1.99E+08,3.60E+06,2301636,2301636,0,372500
100,2.07E+08,3.56E+06,2301647,2301646,0,400750
100,2.02E+08,3.60E+06,2301649,2301650,0,384700
100,2.14E+08,3.57E+06,2301653,2301653,0,430550
100,2.17E+08,3.55E+06,2301653,2301653,0,439650
100,2.17E+08,3.54E+06,2301654,2301655,0,439650
100,1.99E+08,3.60E+06,2301667,2301670,0,372500
100,2.03E+08,3.69E+06,2301673,2301673,0,387900
100,2.07E+08,3.57E+06,2301679,2301679,0,400650
100,2.14E+08,3.54E+06,2301683,2301682,0,430550
100,2.02E+08,3.65E+06,2301693,2301693,0,384700
100,2.02E+08,3.58E+06,2301697,2301697,0,384300
100,2.14E+08,3.55E+06,2301701,2301704,0,430550
100,2.07E+08,3.55E+06,2301707,2301707,0,400750
100,2.07E+08,3.54E+06,2301708,2301707,0,400650
100,2.02E+08,3.60E+06,2301717,2301716,0,384700
100,2.14E+08,3.56E+06,2301722,2301722,0,430550
100,2.17E+08,3.56E+06,2301724,2301724,0,439650
100,2.17E+08,3.59E+06,2301726,2301725,0,439650
100,2.17E+08,3.57E+06,2301735,2301735,0,439650
100,2.14E+08,3.54E+06,2301736,2301736,0,430550
100,2.07E+08,3.57E+06,2301737,2301737,0,400650
100,2.15E+08,4.05E+06,2301744,2301742,0,433550
100,2.14E+08,3.57E+06,2301748,2301748,0,430550
100,2.07E+08,3.57E+06,2301754,2301754,0,400650
100,1.99E+08,3.65E+06,2301755,2301757,0,372500
100,2.07E+08,3.54E+06,2301759,2301758,0,400650
100,2.17E+08,3.72E+06,2301763,2301760,0,439650
100,2.17E+08,3.61E+06,2301774,2301774,0,439650
100,2.17E+08,3.56E+06,2301774,2301773,0,439650
100,2.07E+08,3.66E+06,2301775,2301773,0,399500
100,2.07E+08,3.54E+06,2301783,2301784,0,400650
100,2.14E+08,3.58E+06,2301785,2301785,0,430550
100,2.14E+08,3.60E+06,2301786,2301785,0,430550
100,2.07E+08,3.70E+06,2301791,2301791,0,400750
100,2.17E+08,3.92E+06,2301796,2301795,0,438200
100,2.17E+08,3.54E+06,2301796,2301795,0,439650
100,2.17E+08,3.54E+06,2301799,2301799,0,439650
100,2.17E+08,3.54E+06,2301813,2301811,0,439750
100,2.17E+08,3.59E+06,2301820,2301819,0,439650
100,2.01E+08,3.79E+06,2301826,2301822,0,382000
100,2.02E+08,3.64E+06,2301831,2301831,0,384700
100,2.07E+08,3.67E+06,2301837,2301837,0,400750
100,1.99E+08,3.61E+06,2301838,2301838,0,372500
100,2.07E+08,3.56E+06,2301838,2301838,0,400650
100,1.99E+08,3.58E+06,2301843,2301843,0,372500
100,2.07E+08,3.58E+06,2301857,2301857,0,400650
100,2.02E+08,3.60E+06,2301858,2301856,0,384700
100,1.99E+08,3.64E+06,2301865,2301863,0,369550
100,2.14E+08,3.69E+06,2301880,2301880,0,430550
100,2.17E+08,3.60E+06,2301893,2301897,0,439650
100,1.99E+08,3.59E+06,2301894,2301892,0,372500
100,2.17E+08,3.55E+06,2301905,2301903,0,439650
100,1.99E+08,3.60E+06,2301908,2301907,0,369550
100,2.14E+08,3.60E+06,2301917,2301917,0,430550
100,2.07E+08,3.54E+06,2301923,2301923,0,400650
100,2.14E+08,3.55E+06,2301925,2301925,0,430550
100,2.17E+08,3.59E+06,2301925,2301925,0,439750
100,1.99E+08,3.58E+06,2301928,2301927,0,372500
100,2.07E+08,3.58E+06,2301928,2301928,0,400750
100,2.17E+08,3.76E+06,2301934,2301930,0,439650
100,2.07E+08,3.54E+06,2301936,2301935,0,400650
100,2.17E+08,3.64E+06,2301940,2301940,0,439650
100,2.02E+08,3.57E+06,2301943,2301943,0,384700
100,2.07E+08,3.54E+06,2301944,2301939,0,400650
100,2.17E+08,3.63E+06,2301944,2301943,0,439650
100,2.14E+08,3.54E+06,2301948,2301948,0,430550
100,2.14E+08,3.58E+06,2301953,2301953,0,430550
100,2.17E+08,3.89E+06,2301956,2301956,0,438350
100,2.07E+08,3.54E+06,2301961,2301959,0,400750
100,2.14E+08,3.54E+06,2301961,2301961,0,430550
100,2.02E+08,3.74E+06,2301964,2301964,0,385150
100,2.07E+08,3.55E+06,2301964,2301963,0,400650
100,1.99E+08,3.55E+06,2301969,2301969,0,369550
100,2.14E+08,3.55E+06,2301969,2301970,0,430550
100,1.94E+08,3.74E+06,2301972,2301972,0,354950
100,2.02E+08,3.64E+06,2301972,2301973,0,384700
100,2.14E+08,3.57E+06,2301973,2301972,0,430550
100,2.02E+08,3.80E+06,2301974,2301974,0,385300
100,2.17E+08,3.62E+06,2301982,2301982,0,439650
100,2.02E+08,3.55E+06,2301991,2301987,0,384700
100,2.14E+08,3.90E+06,2301991,2301991,0,430550
100,2.07E+08,3.57E+06,2301994,2301994,0,400650
100,2.02E+08,3.59E+06,2301997,2301997,0,384700
100,2.14E+08,3.55E+06,2301999,2301996,0,430550
100,2.01E+08,3.73E+06,2302002,2302002,0,381050
100,2.02E+08,3.62E+06,2302002,2302002,0,384300
100,2.17E+08,3.70E+06,2302004,2302001,0,439650
100,2.17E+08,3.60E+06,2302006,2302007,0,439650
100,2.14E+08,3.54E+06,2302014,2302014,0,430550
100,2.17E+08,3.55E+06,2302016,2302016,0,439650
100,2.17E+08,3.65E+06,2302019,2302019,0,439650
100,1.96E+08,3.66E+06,2302033,2302027,0,359800
100,2.07E+08,3.55E+06,2302039,2302039,0,400650
100,2.17E+08,3.62E+06,2302043,2302041,0,439650
100,2.14E+08,3.58E+06,2302057,2302057,0,430550
100,2.17E+08,3.54E+06,2302057,2302057,0,439650
100,2.17E+08,3.57E+06,2302058,2302055,0,439750
100,1.99E+08,3.55E+06,2302062,2302064,0,369550
100,2.14E+08,3.54E+06,2302067,2302069,0,430550
100,2.02E+08,3.71E+06,2302074,2302074,0,384700
100,2.14E+08,3.55E+06,2302079,2302079,0,430550
100,2.14E+08,3.58E+06,2302080,2302078,0,430550
100,2.17E+08,3.57E+06,2302084,2302084,0,439650
100,2.17E+08,3.55E+06,2302085,2302083,0,439650
100,2.07E+08,3.54E+06,2302090,2302090,0,400750
100,2.14E+08,3.54E+06,2302097,2302100,0,430550
100,2.14E+08,3.56E+06,2302100,2302100,0,430550
100,2.02E+08,3.60E+06,2302102,2302099,0,384700
100,2.17E+08,3.55E+06,2302102,2302094,0,439650
100,1.99E+08,3.72E+06,2302103,2302101,0,372500
100,2.17E+08,3.59E+06,2302109,2302110,0,439650
100,1.98E+08,3.75E+06,2302120,2302121,0,366950
100,2.02E+08,3.75E+06,2302120,2302120,0,384700
100,2.02E+08,3.58E+06,2302123,2302123,0,384700
100,2.14E+08,3.55E+06,2302126,2302126,0,430550
100,2.07E+08,4.02E+06,2302128,2302128,0,400750
100,2.03E+08,3.80E+06,2302135,2302135,0,387900
100,2.14E+08,3.56E+06,2302137,2302137,0,430550
100,2.02E+08,3.66E+06,2302144,2302146,0,384700
100,2.17E+08,3.55E+06,2302146,2302146,0,439650
100,2.17E+08,3.71E+06,2302146,2302146,0,439650
100,2.14E+08,3.58E+06,2302162,2302165,0,430550
100,2.14E+08,3.54E+06,2302162,2302162,0,430550
100,2.17E+08,3.79E+06,2302162,2302161,0,439650
100,2.07E+08,3.73E+06,2302170,2302171,0,400650
100,2.14E+08,3.58E+06,2302171,2302171,0,430550
100,2.14E+08,3.55E+06,2302173,2302173,0,430550
100,2.07E+08,3.54E+06,2302179,2302179,0,400750
100,2.14E+08,3.57E+06,2302180,2302179,0,430550
100,2.07E+08,3.55E+06,2302183,2302183,0,400750
100,2.17E+08,3.55E+06,2302185,2302186,0,439750
100,2.17E+08,3.67E+06,2302193,2302193,0,439650
100,2.14E+08,3.62E+06,2302200,2302200,0,430550
100,2.14E+08,3.55E+06,2302210,2302210,0,430550
100,2.07E+08,3.79E+06,2302223,2302223,0,400750
100,2.14E+08,3.56E+06,2302223,2302223,0,430550
100,2.07E+08,3.54E+06,2302226,2302225,0,400750
100,2.17E+08,3.62E+06,2302227,2302222,0,439650
100,1.99E+08,3.63E+06,2302228,2302228,0,372500
100,2.17E+08,3.56E+06,2302229,2302230,0,439650
100,2.17E+08,3.57E+06,2302237,2302237,0,439650
100,2.02E+08,3.70E+06,2302238,2302236,0,384700
100,2.17E+08,3.54E+06,2302240,2302238,0,439650
100,1.99E+08,3.54E+06,2302241,2302241,0,369550
100,2.02E+08,3.65E+06,2302250,2302251,0,384300
100,2.07E+08,3.55E+06,2302251,2302251,0,399500
100,2.17E+08,3.54E+06,2302272,2302270,0,439650
100,1.99E+08,3.63E+06,2302277,2302277,0,372500
100,2.17E+08,3.58E+06,2302277,2302277,0,439650
100,2.07E+08,3.56E+06,2302280,2302274,0,400750
100,2.02E+08,3.65E+06,2302287,2302287,0,384700
100,1.94E+08,3.91E+06,2302289,2302288,0,354950
100,2.02E+08,3.63E+06,2302295,2302296,0,384700
100,2.17E+08,3.63E+06,2302308,2302308,0,439650
100,2.17E+08,3.57E+06,2302310,2302310,0,438200
100,2.14E+08,3.59E+06,2302311,2302311,0,430550
100,2.07E+08,3.57E+06,2302315,2302315,0,400750
100,2.17E+08,3.54E+06,2302336,2302333,0,439650
100,2.17E+08,3.55E+06,2302341,2302341,0,439750
100,2.02E+08,3.54E+06,2302342,2302342,0,384700
100,2.17E+08,3.58E+06,2302342,2302341,0,439650
100,2.07E+08,3.56E+06,2302348,2302347,0,400750
100,1.99E+08,3.55E+06,2302352,2302353,0,372500
100,1.99E+08,3.55E+06,2302354,2302353,0,372500
100,2.17E+08,3.62E+06,2302355,2302352,0,439750
100,2.14E+08,3.54E+06,2302359,2302360,0,430550
100,2.14E+08,3.85E+06,2302360,2302359,0,430550
100,2.17E+08,3.63E+06,2302364,2302361,0,439650
100,2.14E+08,3.56E+06,2302367,2302369,0,430550
100,2.17E+08,3.57E+06,2302370,2302371,0,439650
100,2.17E+08,3.57E+06,2302370,2302370,0,439750
100,2.14E+08,3.57E+06,2302372,2302372,0,430550
100,2.17E+08,3.59E+06,2302373,2302373,0,439650
100,2.17E+08,3.58E+06,2302374,2302374,0,438200
100,2.08E+08,3.66E+06,2302375,2302375,0,401600
100,2.07E+08,3.57E+06,2302377,2302378,0,399500
100,1.99E+08,3.77E+06,2302383,2302383,0,372500
100,2.01E+08,3.65E+06,2302386,2302385,0,382650
100,2.17E+08,3.65E+06,2302386,2302386,0,439650
100,2.17E+08,3.58E+06,2302386,2302384,0,439650
100,1.96E+08,3.67E+06,2302391,2302391,0,360500
100,1.99E+08,3.62E+06,2302395,2302395,0,369550
100,2.07E+08,3.54E+06,2302404,2302404,0,400650
100,2.14E+08,3.64E+06,2302415,2302415,0,430550
100,2.02E+08,3.55E+06,2302421,2302422,0,384700
100,2.17E+08,3.59E+06,2302421,2302421,0,439650
100,2.02E+08,3.64E+06,2302422,2302422,0,384700
100,2.14E+08,3.62E+06,2302426,2302425,0,430550
100,2.07E+08,3.54E+06,2302428,2302428,0,400650
100,1.99E+08,3.60E+06,2302431,2302431,0,369550
100,2.17E+08,3.67E+06,2302431,2302429,0,438200
100,2.14E+08,3.54E+06,2302435,2302435,0,430550
100,2.02E+08,3.57E+06,2302438,2302438,0,384300
100,2.07E+08,3.54E+06,2302438,2302438,0,400750
100,1.99E+08,3.66E+06,2302439,2302439,0,369550
100,2.07E+08,3.54E+06,2302439,2302439,0,400750
100,2.14E+08,3.57E+06,2302439,2302439,0,430550
100,2.14E+08,3.61E+06,2302440,2302440,0,430550
100,2.14E+08,3.59E+06,2302440,2302440,0,430550
100,2.17E+08,3.67E+06,2302441,2302441,0,439750
100,2.17E+08,3.61E+06,2302452,2302452,0,439650
100,1.99E+08,3.70E+06,2302470,2302469,0,369550
100,1.99E+08,3.68E+06,2302471,2302470,0,372500
100,2.14E+08,3.54E+06,2302475,2302473,0,430550
100,1.99E+08,3.67E+06,2302482,2302481,0,372500
100,2.02E+08,3.68E+06,2302483,2302484,0,384700
100,2.06E+08,3.86E+06,2302483,2302481,0,399300
100,2.17E+08,3.54E+06,2302483,2302483,0,439650
100,1.99E+08,3.59E+06,2302487,2302487,0,369550
100,2.07E+08,3.73E+06,2302489,2302489,0,400750
100,2.17E+08,3.62E+06,2302503,2302500,0,439650
100,2.17E+08,3.57E+06,2302503,2302503,0,439650
100,2.02E+08,3.54E+06,2302512,2302511,0,384700
100,2.14E+08,3.70E+06,2302519,2302519,0,430550
100,2.14E+08,3.55E+06,2302525,2302525,0,430550
100,2.04E+08,3.70E+06,2302527,2302527,0,389250
100,2.17E+08,3.61E+06,2302528,2302528,0,439750
100,2.14E+08,3.56E+06,2302529,2302529,0,430550
100,2.17E+08,3.55E+06,2302533,2302533,0,439650
100,2.14E+08,3.57E+06,2302539,2302539,0,430550
100,2.07E+08,3.54E+06,2302548,2302548,0,400650
100,2.07E+08,3.57E+06,2302550,2302550,0,400750
100,2.07E+08,3.54E+06,2302552,2302552,0,400750
100,2.17E+08,3.57E+06,2302562,2302562,0,439650
100,2.14E+08,3.60E+06,2302565,2302565,0,430550
100,2.14E+08,3.58E+06,2302565,2302566,0,430550
100,2.17E+08,3.54E+06,2302567,2302567,0,439650
100,2.07E+08,3.55E+06,2302572,2302572,0,400650
100,1.99E+08,3.64E+06,2302573,2302573,0,372500
100,2.07E+08,3.65E+06,2302579,2302578,0,399500
100,2.02E+08,3.67E+06,2302582,2302580,0,384700
100,2.01E+08,3.70E+06,2302583,2302585,0,382650
100,2.02E+08,3.55E+06,2302585,2302585,0,384700
100,2.07E+08,3.60E+06,2302585,2302584,0,400650
100,2.07E+08,3.54E+06,2302588,2302587,0,400750
100,2.17E+08,3.59E+06,2302588,2302588,0,439650
100,2.07E+08,3.54E+06,2302595,2302595,0,400650
100,2.17E+08,3.60E+06,2302596,2302595,0,439650
100,2.07E+08,3.55E+06,2302606,2302606,0,400750
100,1.99E+08,3.66E+06,2302609,2302615,0,369550
100,1.96E+08,3.74E+06,2302612,2302613,0,359800
100,2.07E+08,3.55E+06,2302619,2302619,0,400750
100,2.07E+08,3.56E+06,2302634,2302634,0,400650
100,2.17E+08,3.55E+06,2302634,2302634,0,439650
100,2.14E+08,3.56E+06,2302638,2302638,0,430550
100,2.17E+08,3.61E+06,2302660,2302659,0,439650
100,1.99E+08,3.58E+06,2302664,2302665,0,372500
100,2.14E+08,3.58E+06,2302664,2302664,0,430550
100,2.17E+08,3.57E+06,2302676,2302677,0,439650
100,2.07E+08,3.56E+06,2302677,2302676,0,400650
100,2.17E+08,3.54E+06,2302677,2302675,0,439750
100,2.02E+08,3.56E+06,2302687,2302687,0,384300
100,2.02E+08,3.64E+06,2302699,2302704,0,384700
100,2.14E+08,3.80E+06,2302700,2302700,0,430550
100,2.17E+08,3.65E+06,2302700,2302699,0,439750
100,2.14E+08,3.56E+06,2302703,2302703,0,430550
100,2.17E+08,3.62E+06,2302717,2302717,0,439650
100,2.07E+08,3.56E+06,2302719,2302719,0,400650
100,2.17E+08,3.55E+06,2302724,2302722,0,439750
100,2.14E+08,3.57E+06,2302731,2302731,0,430550
100,2.14E+08,3.55E+06,2302738,2302738,0,430550
100,2.14E+08,3.62E+06,2302739,2302741,0,430550
100,2.07E+08,3.59E+06,2302748,2302747,0,400650
100,2.14E+08,3.58E+06,2302748,2302748,0,430550
100,1.99E+08,3.65E+06,2302751,2302751,0,372500
100,2.14E+08,3.54E+06,2302751,2302746,0,430550
100,2.14E+08,3.59E+06,2302751,2302751,0,430550
100,2.14E+08,3.56E+06,2302755,2302755,0,430550
100,2.17E+08,3.58E+06,2302759,2302759,0,439650
100,2.07E+08,3.54E+06,2302762,2302760,0,400650
100,2.07E+08,3.55E+06,2302771,2302765,0,400650
100,2.17E+08,3.55E+06,2302772,2302772,0,439750
100,2.17E+08,3.62E+06,2302776,2302775,0,439650
100,2.07E+08,3.54E+06,2302778,2302774,0,399500
100,2.07E+08,3.54E+06,2302780,2302780,0,400750
100,2.17E+08,3.90E+06,2302789,2302790,0,438200
100,1.99E+08,3.64E+06,2302799,2302799,0,372500
100,2.07E+08,3.54E+06,2302817,2302817,0,400750
100,1.99E+08,3.69E+06,2302819,2302819,0,372500
100,2.17E+08,3.74E+06,2302819,2302822,0,439650
100,2.17E+08,3.55E+06,2302824,2302824,0,439650
100,2.07E+08,3.54E+06,2302838,2302838,0,400750
100,2.17E+08,3.54E+06,2302840,2302840,0,439750
100,2.17E+08,3.60E+06,2302846,2302843,0,439650
100,2.07E+08,3.54E+06,2302851,2302855,0,400650
100,2.14E+08,3.76E+06,2302859,2302862,0,430550
100,2.17E+08,3.54E+06,2302863,2302863,0,439750
100,1.99E+08,3.60E+06,2302864,2302865,0,372500
100,2.14E+08,3.54E+06,2302871,2302873,0,430550
100,2.07E+08,3.55E+06,2302872,2302869,0,400650
100,2.14E+08,3.54E+06,2302888,2302887,0,430550
100,2.02E+08,3.55E+06,2302890,2302885,0,384700
100,1.99E+08,3.59E+06,2302893,2302893,0,372500
100,2.17E+08,3.55E+06,2302897,2302897,0,439650
100,1.99E+08,3.60E+06,2302902,2302902,0,369550
100,2.17E+08,3.60E+06,2302906,2302906,0,439650
100,2.17E+08,3.54E+06,2302907,2302907,0,439650
100,2.07E+08,3.72E+06,2302911,2302911,0,400650
100,2.17E+08,3.58E+06,2302920,2302919,0,439650
100,2.17E+08,3.60E+06,2302932,2302932,0,439650
100,2.02E+08,3.63E+06,2302947,2302947,0,384700
100,2.14E+08,3.70E+06,2302947,2302947,0,430550
100,2.02E+08,3.83E+06,2302948,2302948,0,385300
100,1.99E+08,3.59E+06,2302953,2302951,0,369550
100,2.17E+08,3.54E+06,2302958,2302958,0,439750
100,2.17E+08,3.55E+06,2302961,2302961,0,439650
100,1.99E+08,3.60E+06,2302964,2302964,0,369550
100,2.17E+08,3.55E+06,2302969,2302967,0,439650
100,2.07E+08,3.54E+06,2302970,2302965,0,400650
100,1.99E+08,3.66E+06,2302986,2302982,0,369550
100,2.01E+08,3.74E+06,2302994,2302989,0,382000
100,2.07E+08,3.54E+06,2303003,2303003,0,400750
100,2.17E+08,3.54E+06,2303005,2303006,0,439650
100,2.17E+08,3.56E+06,2303015,2303016,0,439650
100,2.14E+08,3.57E+06,2303017,2303015,0,430550
100,2.14E+08,3.57E+06,2303027,2303030,0,430550
100,2.07E+08,3.66E+06,2303029,2303029,0,399500
100,2.14E+08,3.55E+06,2303033,2303035,0,430550
100,2.14E+08,3.59E+06,2303041,2303041,0,430550
100,2.07E+08,3.66E+06,2303046,2303048,0,399500
100,2.14E+08,3.58E+06,2303061,2303061,0,430550
100,2.17E+08,4.00E+06,2303067,2303064,0,438200
100,2.07E+08,3.60E+06,2303077,2303076,0,400750
100,2.14E+08,3.55E+06,2303078,2303078,0,430550
100,2.14E+08,3.55E+06,2303086,2303086,0,430550
100,1.99E+08,3.64E+06,2303091,2303089,0,372500
100,2.07E+08,3.56E+06,2303091,2303090,0,399500
100,2.01E+08,3.95E+06,2303095,2303093,0,382650
100,2.17E+08,3.59E+06,2303100,2303101,0,439650
100,1.99E+08,3.56E+06,2303107,2303107,0,372500
100,2.07E+08,3.56E+06,2303111,2303112,0,400750
100,2.17E+08,3.54E+06,2303127,2303127,0,439750
100,2.14E+08,3.66E+06,2303128,2303128,0,430550
100,2.07E+08,3.57E+06,2303133,2303132,0,400650
100,1.99E+08,3.54E+06,2303139,2303140,0,372500
100,2.07E+08,3.54E+06,2303143,2303143,0,400750
100,2.14E+08,3.55E+06,2303143,2303143,0,430550
100,2.14E+08,3.58E+06,2303157,2303157,0,430550
100,2.02E+08,3.59E+06,2303164,2303163,0,384700
100,2.14E+08,3.64E+06,2303164,2303162,0,430550
100,1.99E+08,3.76E+06,2303165,2303165,0,369550
100,1.99E+08,3.66E+06,2303169,2303169,0,372500
100,2.14E+08,3.63E+06,2303172,2303172,0,430550
100,2.17E+08,3.59E+06,2303172,2303172,0,439650
100,2.14E+08,3.57E+06,2303175,2303174,0,430550
100,2.17E+08,3.56E+06,2303175,2303175,0,439650
100,2.17E+08,3.54E+06,2303176,2303176,0,439650
100,2.17E+08,3.58E+06,2303202,2303203,0,439650
100,2.17E+08,3.54E+06,2303204,2303204,0,439750
100,2.17E+08,3.58E+06,2303205,2303205,0,438200
100,2.14E+08,3.59E+06,2303206,2303205,0,430550
100,2.14E+08,3.70E+06,2303212,2303212,0,430550
100,2.14E+08,3.57E+06,2303214,2303214,0,430550
100,2.07E+08,3.56E+06,2303223,2303224,0,400750
100,2.17E+08,3.63E+06,2303225,2303223,0,439650
100,1.99E+08,3.56E+06,2303230,2303229,0,372500
100,2.14E+08,3.62E+06,2303230,2303227,0,430550
100,2.14E+08,3.57E+06,2303230,2303230,0,430550
100,2.17E+08,3.57E+06,2303235,2303235,0,439750
100,2.07E+08,3.56E+06,2303240,2303239,0,400750
100,2.17E+08,3.66E+06,2303240,2303240,0,439650
100,2.02E+08,3.54E+06,2303242,2303243,0,384300
100,2.07E+08,3.69E+06,2303253,2303254,0,399500
100,2.07E+08,3.55E+06,2303254,2303255,0,400750
100,2.17E+08,3.54E+06,2303272,2303272,0,439650
100,2.07E+08,3.54E+06,2303274,2303275,0,400750
100,2.17E+08,3.55E+06,2303278,2303280,0,439650
100,1.99E+08,3.59E+06,2303283,2303280,0,372500
100,1.99E+08,3.60E+06,2303286,2303286,0,372500
100,2.14E+08,3.72E+06,2303289,2303289,0,430550
100,2.07E+08,3.57E+06,2303290,2303283,0,400650
100,2.14E+08,3.54E+06,2303290,2303291,0,430550
100,2.07E+08,3.55E+06,2303291,2303290,0,400650
100,2.02E+08,3.66E+06,2303321,2303321,0,384700
100,1.99E+08,3.60E+06,2303322,2303322,0,369550
100,2.07E+08,3.54E+06,2303329,2303327,0,400650
100,2.17E+08,3.54E+06,2303340,2303340,0,439650
100,2.02E+08,3.56E+06,2303362,2303362,0,384300
100,2.07E+08,3.60E+06,2303362,2303362,0,400650
100,1.99E+08,3.57E+06,2303365,2303360,0,369550
100,2.17E+08,3.55E+06,2303369,2303369,0,439650
100,2.17E+08,3.54E+06,2303390,2303390,0,439750
100,2.14E+08,3.55E+06,2303391,2303391,0,430550
100,2.02E+08,3.63E+06,2303405,2303405,0,384700
100,1.99E+08,3.74E+06,2303406,2303402,0,369550
100,1.99E+08,3.64E+06,2303406,2303406,0,372500
100,2.07E+08,3.56E+06,2303408,2303410,0,400650
100,2.17E+08,3.79E+06,2303425,2303425,0,438350
100,2.07E+08,3.59E+06,2303426,2303425,0,400650
100,2.02E+08,3.71E+06,2303429,2303429,0,384300
100,2.02E+08,3.77E+06,2303429,2303431,0,385150
100,2.07E+08,3.54E+06,2303429,2303429,0,400750
100,2.17E+08,3.59E+06,2303439,2303439,0,439650
100,2.17E+08,3.58E+06,2303450,2303450,0,439650
100,1.99E+08,3.70E+06,2303458,2303458,0,372500
100,2.17E+08,3.54E+06,2303463,2303464,0,439750
100,2.14E+08,3.54E+06,2303466,2303466,0,430550
100,2.17E+08,3.54E+06,2303472,2303473,0,439650
100,2.17E+08,3.55E+06,2303475,2303475,0,439650
100,2.14E+08,3.65E+06,2303478,2303478,0,430550
100,2.14E+08,3.69E+06,2303484,2303484,0,430550
100,2.14E+08,3.57E+06,2303490,2303490,0,430550
100,2.17E+08,3.66E+06,2303491,2303492,0,439650
100,2.17E+08,3.56E+06,2303507,2303507,0,439650
100,2.17E+08,3.58E+06,2303507,2303508,0,439650
100,2.17E+08,3.54E+06,2303518,2303520,0,439650
100,2.07E+08,3.54E+06,2303520,2303520,0,400750
100,2.07E+08,3.56E+06,2303524,2303523,0,400750
100,2.14E+08,3.57E+06,2303525,2303525,0,430550
100,2.02E+08,3.77E+06,2303536,2303539,0,384700
100,2.14E+08,3.55E+06,2303544,2303542,0,430550
100,2.02E+08,3.59E+06,2303555,2303555,0,384300
100,2.02E+08,3.60E+06,2303567,2303567,0,384700
100,2.14E+08,3.65E+06,2303575,2303575,0,430550
100,2.03E+08,3.74E+06,2303577,2303577,0,388450
100,1.99E+08,3.59E+06,2303582,2303583,0,369550
100,2.14E+08,3.56E+06,2303583,2303579,0,430550
100,2.17E+08,3.67E+06,2303584,2303585,0,438200
100,2.07E+08,3.57E+06,2303589,2303588,0,400650
100,2.14E+08,3.57E+06,2303589,2303589,0,430550
100,2.17E+08,3.61E+06,2303595,2303596,0,439650
100,2.07E+08,3.58E+06,2303601,2303601,0,400750
100,2.14E+08,3.54E+06,2303604,2303603,0,430550
100,2.14E+08,3.54E+06,2303606,2303606,0,430550
100,2.13E+08,3.90E+06,2303611,2303611,0,426450
100,2.04E+08,3.74E+06,2303616,2303616,0,389350
100,2.14E+08,3.58E+06,2303626,2303627,0,430550
100,2.07E+08,3.55E+06,2303629,2303629,0,400650
100,2.02E+08,3.59E+06,2303630,2303632,0,384700
100,2.14E+08,3.92E+06,2303631,2303632,0,430550
100,2.14E+08,3.71E+06,2303637,2303635,0,430550
100,2.17E+08,3.61E+06,2303639,2303639,0,439650
100,2.14E+08,3.54E+06,2303666,2303665,0,430550
100,2.14E+08,3.54E+06,2303680,2303678,0,430550
100,2.02E+08,3.56E+06,2303683,2303683,0,384300
100,1.61E+08,3.62E+06,2303684,2303681,0,244000
100,2.17E+08,3.54E+06,2303685,2303684,0,439750
100,1.99E+08,3.55E+06,2303687,2303687,0,369550
100,2.07E+08,3.59E+06,2303697,2303698,0,400750
100,2.14E+08,3.56E+06,2303702,2303701,0,430550
100,2.17E+08,3.55E+06,2303720,2303719,0,439750
100,2.07E+08,3.57E+06,2303722,2303724,0,400750
100,2.17E+08,3.54E+06,2303722,2303721,0,439650
100,1.99E+08,3.54E+06,2303726,2303726,0,372500
100,2.17E+08,3.63E+06,2303726,2303727,0,439650
100,2.17E+08,3.56E+06,2303729,2303727,0,439750
100,2.02E+08,3.54E+06,2303741,2303741,0,384300
100,2.07E+08,3.58E+06,2303746,2303748,0,400750
100,2.17E+08,3.57E+06,2303750,2303750,0,439650
100,2.14E+08,3.54E+06,2303786,2303786,0,430550
100,2.07E+08,3.54E+06,2303790,2303790,0,400750
100,2.01E+08,3.87E+06,2303795,2303795,0,382650
100,1.99E+08,3.55E+06,2303801,2303800,0,369550
100,2.17E+08,3.68E+06,2303807,2303807,0,439750
100,2.17E+08,3.58E+06,2303812,2303810,0,439650
100,2.07E+08,3.56E+06,2303817,2303817,0,400750
100,2.07E+08,3.55E+06,2303836,2303840,0,400650
100,2.17E+08,3.55E+06,2303837,2303836,0,439650
100,2.14E+08,3.59E+06,2303846,2303847,0,430550
100,2.17E+08,3.59E+06,2303846,2303846,0,439650
100,2.14E+08,3.63E+06,2303851,2303852,0,430550
100,2.17E+08,3.56E+06,2303852,2303850,0,439650
100,2.17E+08,3.54E+06,2303855,2303854,0,439650
100,2.14E+08,3.63E+06,2303858,2303858,0,430550
100,2.14E+08,3.56E+06,2303860,2303859,0,430550
100,2.02E+08,3.65E+06,2303874,2303873,0,384700
100,2.14E+08,3.54E+06,2303896,2303896,0,430550
100,2.14E+08,3.55E+06,2303897,2303897,0,430550
100,2.17E+08,3.56E+06,2303899,2303899,0,439650
100,2.14E+08,3.56E+06,2303905,2303905,0,430550
100,2.14E+08,3.57E+06,2303910,2303912,0,430550
100,2.14E+08,3.58E+06,2303913,2303914,0,430550
100,1.99E+08,3.70E+06,2303919,2303919,0,372500
100,2.07E+08,3.91E+06,2303924,2303925,0,400750
100,1.99E+08,3.82E+06,2303925,2303925,0,369550
100,2.17E+08,3.56E+06,2303932,2303933,0,439650
100,2.02E+08,3.63E+06,2303941,2303940,0,384700
100,2.14E+08,3.54E+06,2303951,2303951,0,430550
100,2.13E+08,4.02E+06,2303975,2303975,0,426450
100,2.17E+08,3.73E+06,2303985,2303983,0,438200
100,2.02E+08,3.55E+06,2303990,2303989,0,384300
100,2.07E+08,3.55E+06,2303993,2303993,0,400750
100,2.14E+08,3.55E+06,2304002,2304001,0,430550
100,2.14E+08,3.62E+06,2304002,2303999,0,430550
100,1.99E+08,3.55E+06,2304006,2304006,0,372500
100,2.14E+08,3.60E+06,2304009,2304009,0,430550
100,2.14E+08,3.54E+06,2304015,2304015,0,430550
100,2.14E+08,3.58E+06,2304017,2304017,0,430550
100,2.17E+08,3.54E+06,2304017,2304014,0,439650
100,2.07E+08,3.56E+06,2304022,2304023,0,400650
100,2.14E+08,3.60E+06,2304026,2304028,0,430550
100,2.07E+08,3.57E+06,2304040,2304041,0,400750
100,2.17E+08,3.55E+06,2304055,2304054,0,439750
100,1.63E+08,3.58E+06,2304056,2304055,0,251550
100,2.15E+08,3.70E+06,2304067,2304069,0,431000
100,2.17E+08,3.60E+06,2304072,2304071,0,439650
100,2.17E+08,3.61E+06,2304077,2304077,0,438200
100,2.14E+08,3.58E+06,2304078,2304079,0,430550
100,2.17E+08,3.54E+06,2304080,2304080,0,439650
100,2.07E+08,3.56E+06,2304102,2304102,0,400650
100,2.17E+08,3.56E+06,2304103,2304102,0,439650
100,2.02E+08,3.63E+06,2304105,2304105,0,384300
100,2.07E+08,3.55E+06,2304110,2304110,0,400650
100,2.14E+08,3.57E+06,2304114,2304115,0,430550
100,2.07E+08,3.58E+06,2304117,2304118,0,400750
100,2.14E+08,3.72E+06,2304117,2304116,0,430550
100,1.99E+08,3.60E+06,2304121,2304121,0,372500
100,2.17E+08,3.55E+06,2304130,2304126,0,439750
100,2.14E+08,3.55E+06,2304131,2304130,0,430550
100,2.02E+08,3.56E+06,2304139,2304139,0,384300
100,2.14E+08,3.55E+06,2304144,2304144,0,430550
100,2.17E+08,3.55E+06,2304147,2304148,0,439650
100,2.07E+08,3.54E+06,2304149,2304149,0,400650
100,2.07E+08,3.55E+06,2304157,2304157,0,400750
100,2.17E+08,3.84E+06,2304158,2304159,0,439650
100,2.14E+08,3.54E+06,2304159,2304159,0,430550
100,2.07E+08,3.63E+06,2304165,2304168,0,399500
100,2.14E+08,3.61E+06,2304173,2304174,0,430550
100,2.07E+08,3.57E+06,2304174,2304176,0,400750
100,2.17E+08,3.55E+06,2304177,2304172,0,439650
100,2.14E+08,3.70E+06,2304183,2304183,0,430550
100,2.02E+08,3.56E+06,2304185,2304186,0,384700
100,2.00E+08,3.74E+06,2304190,2304190,0,377900
100,1.99E+08,3.63E+06,2304199,2304199,0,372500
100,2.17E+08,3.54E+06,2304206,2304205,0,439650
100,2.07E+08,3.58E+06,2304209,2304208,0,399500
100,2.07E+08,3.54E+06,2304222,2304223,0,400650
100,2.14E+08,3.57E+06,2304235,2304235,0,430550
100,2.17E+08,3.55E+06,2304236,2304236,0,439650
100,2.14E+08,3.57E+06,2304241,2304241,0,430550
100,2.17E+08,3.80E+06,2304242,2304241,0,439650
100,2.17E+08,3.61E+06,2304253,2304253,0,439650
100,2.07E+08,3.59E+06,2304254,2304254,0,399500
100,2.02E+08,3.71E+06,2304257,2304260,0,384700
100,2.14E+08,3.67E+06,2304259,2304259,0,430550
100,2.14E+08,3.56E+06,2304266,2304267,0,430550
100,2.17E+08,3.56E+06,2304268,2304268,0,439650
100,2.14E+08,3.60E+06,2304275,2304272,0,430550
100,2.07E+08,3.69E+06,2304276,2304276,0,399500
100,2.17E+08,3.56E+06,2304279,2304279,0,439750
100,2.07E+08,3.54E+06,2304297,2304298,0,400750
100,2.14E+08,3.64E+06,2304306,2304306,0,430550
100,2.17E+08,3.55E+06,2304306,2304306,0,439650
100,2.07E+08,3.55E+06,2304309,2304310,0,400650
100,2.14E+08,3.56E+06,2304315,2304315,0,430550
100,2.17E+08,3.59E+06,2304318,2304318,0,439650
100,2.14E+08,3.56E+06,2304322,2304322,0,430550
100,2.07E+08,3.58E+06,2304323,2304323,0,400650
100,2.17E+08,3.56E+06,2304334,2304333,0,439650
100,2.17E+08,3.55E+06,2304338,2304338,0,439650
100,2.07E+08,3.54E+06,2304354,2304354,0,400650
100,2.02E+08,3.59E+06,2304358,2304358,0,384300
100,1.99E+08,3.54E+06,2304363,2304363,0,372500
100,2.17E+08,3.58E+06,2304374,2304376,0,439650
100,2.02E+08,3.66E+06,2304376,2304373,0,384300
100,2.14E+08,3.58E+06,2304377,2304377,0,430550
100,2.02E+08,3.65E+06,2304379,2304379,0,384700
100,2.02E+08,3.58E+06,2304380,2304381,0,384700
100,2.14E+08,3.55E+06,2304382,2304382,0,430550
100,2.02E+08,3.61E+06,2304385,2304387,0,384700
100,2.14E+08,3.55E+06,2304400,2304397,0,430550
100,2.14E+08,3.54E+06,2304417,2304417,0,430550
100,2.17E+08,3.59E+06,2304418,2304419,0,439650
100,2.14E+08,3.55E+06,2304420,2304420,0,430550
100,2.02E+08,3.54E+06,2304421,2304420,0,384300
100,1.99E+08,3.59E+06,2304441,2304441,0,369550
100,2.14E+08,3.57E+06,2304450,2304450,0,430550
100,2.07E+08,3.54E+06,2304455,2304455,0,400750
100,2.17E+08,3.57E+06,2304466,2304466,0,439750
100,2.07E+08,3.55E+06,2304469,2304470,0,399500
100,2.17E+08,3.58E+06,2304472,2304472,0,439650
100,2.02E+08,3.59E+06,2304480,2304481,0,384700
100,2.14E+08,3.54E+06,2304488,2304486,0,430550
100,2.17E+08,3.60E+06,2304492,2304492,0,439650
100,2.02E+08,3.56E+06,2304500,2304495,0,385000
100,2.14E+08,3.59E+06,2304510,2304509,0,430550
100,2.17E+08,3.63E+06,2304512,2304512,0,438200
100,2.14E+08,3.63E+06,2304521,2304519,0,430550
100,2.05E+08,3.69E+06,2304531,2304534,0,391900
100,2.02E+08,3.58E+06,2304555,2304555,0,384300
100,2.08E+08,3.58E+06,2304555,2304552,0,401600
100,2.17E+08,3.56E+06,2304559,2304559,0,439650
100,2.14E+08,3.54E+06,2304560,2304559,0,430550
100,2.07E+08,3.54E+06,2304563,2304563,0,400650
100,2.04E+08,3.72E+06,2304570,2304569,0,388450
100,2.14E+08,3.63E+06,2304582,2304582,0,430550
100,2.14E+08,3.59E+06,2304589,2304589,0,430550
100,1.99E+08,3.56E+06,2304596,2304598,0,369550
100,2.00E+08,3.71E+06,2304596,2304597,0,378950
100,2.07E+08,3.57E+06,2304606,2304606,0,400750
100,2.14E+08,3.62E+06,2304615,2304615,0,430550
100,2.17E+08,3.60E+06,2304620,2304619,0,439650
100,2.04E+08,3.76E+06,2304625,2304628,0,390400
100,2.14E+08,3.77E+06,2304625,2304623,0,430550
100,2.17E+08,3.54E+06,2304632,2304629,0,439650
100,2.17E+08,3.55E+06,2304634,2304634,0,439650
100,2.17E+08,3.54E+06,2304637,2304637,0,439650
100,2.07E+08,3.56E+06,2304643,2304642,0,400650
100,2.07E+08,3.54E+06,2304647,2304647,0,400750
100,2.17E+08,3.55E+06,2304653,2304654,0,439650
100,2.14E+08,3.54E+06,2304660,2304659,0,430550
100,1.99E+08,3.54E+06,2304663,2304663,0,369550
100,2.17E+08,3.54E+06,2304663,2304662,0,439650
100,2.14E+08,3.57E+06,2304664,2304664,0,430550
100,2.02E+08,3.59E+06,2304674,2304674,0,384700
100,2.02E+08,3.61E+06,2304677,2304677,0,384300
100,2.07E+08,3.54E+06,2304683,2304683,0,400750
100,1.99E+08,3.61E+06,2304685,2304687,0,369550
100,2.17E+08,3.54E+06,2304687,2304687,0,439650
100,2.14E+08,3.55E+06,2304693,2304694,0,430550
100,2.13E+08,3.97E+06,2304696,2304696,0,426450
100,2.14E+08,3.55E+06,2304698,2304699,0,430550
100,2.02E+08,3.55E+06,2304709,2304710,0,384700
100,2.15E+08,3.65E+06,2304718,2304718,0,430550
100,2.14E+08,3.93E+06,2304719,2304717,0,430550
100,2.17E+08,3.59E+06,2304730,2304731,0,439650
100,2.13E+08,4.14E+06,2304732,2304727,0,426450
100,2.14E+08,3.56E+06,2304732,2304728,0,430550
100,2.17E+08,3.73E+06,2304732,2304736,0,439750
100,2.14E+08,3.54E+06,2304736,2304736,0,430550
100,2.02E+08,3.59E+06,2304747,2304747,0,384700
100,1.99E+08,3.56E+06,2304750,2304739,0,372500
100,1.99E+08,3.67E+06,2304750,2304750,0,372500
100,2.07E+08,3.54E+06,2304754,2304751,0,400750
100,2.02E+08,3.55E+06,2304767,2304767,0,384300
100,2.14E+08,3.60E+06,2304772,2304772,0,430550
100,2.01E+08,3.78E+06,2304773,2304772,0,382650
100,2.14E+08,3.54E+06,2304778,2304779,0,430550
100,2.14E+08,3.55E+06,2304784,2304783,0,430550
100,2.17E+08,3.60E+06,2304787,2304787,0,439650
100,2.17E+08,3.59E+06,2304788,2304788,0,439650
100,2.17E+08,3.55E+06,2304788,2304788,0,439750
100,2.17E+08,3.56E+06,2304789,2304789,0,439650
100,2.17E+08,3.55E+06,2304802,2304801,0,439650
100,2.04E+08,3.72E+06,2304807,2304807,0,390000
100,2.14E+08,3.56E+06,2304820,2304818,0,430550
100,2.17E+08,3.57E+06,2304830,2304830,0,439650
100,2.02E+08,3.54E+06,2304831,2304831,0,384700
100,2.14E+08,3.58E+06,2304831,2304831,0,430550
100,2.17E+08,3.65E+06,2304840,2304840,0,439750
100,2.07E+08,3.55E+06,2304848,2304848,0,400650
100,2.14E+08,3.55E+06,2304848,2304848,0,430550
100,2.17E+08,3.57E+06,2304862,2304854,0,439650
100,2.17E+08,3.55E+06,2304864,2304864,0,439650
100,2.14E+08,3.61E+06,2304869,2304871,0,430550
100,2.14E+08,3.63E+06,2304872,2304870,0,430550
100,2.14E+08,3.54E+06,2304873,2304873,0,430550
100,2.14E+08,3.54E+06,2304882,2304882,0,430550
100,2.02E+08,3.56E+06,2304888,2304887,0,384700
100,2.17E+08,3.54E+06,2304893,2304893,0,439650
100,2.02E+08,3.69E+06,2304897,2304897,0,384700
100,2.14E+08,3.73E+06,2304907,2304909,0,430550
100,2.14E+08,3.54E+06,2304910,2304910,0,430550
100,2.14E+08,3.60E+06,2304911,2304911,0,430550
100,2.14E+08,3.57E+06,2304913,2304913,0,430550
100,2.14E+08,3.56E+06,2304921,2304921,0,430550
100,2.14E+08,3.55E+06,2304922,2304922,0,430550
100,2.14E+08,3.55E+06,2304927,2304927,0,430550
100,2.07E+08,3.60E+06,2304928,2304927,0,399500
100,2.14E+08,3.55E+06,2304937,2304936,0,430550
100,2.14E+08,3.60E+06,2304939,2304939,0,430550
100,2.17E+08,3.64E+06,2304939,2304939,0,438200
100,2.04E+08,3.81E+06,2304941,2304942,0,389000
100,2.17E+08,3.59E+06,2304944,2304944,0,439650
100,2.17E+08,3.72E+06,2304945,2304945,0,439650
100,2.17E+08,3.54E+06,2304954,2304954,0,439650
100,2.07E+08,4.05E+06,2304958,2304958,0,399300
100,2.07E+08,3.59E+06,2304958,2304957,0,400650
100,2.04E+08,3.67E+06,2304961,2304959,0,388450
100,2.14E+08,3.61E+06,2304968,2304969,0,430550
100,2.14E+08,3.58E+06,2304970,2304970,0,430550
100,2.02E+08,3.65E+06,2304975,2304975,0,384700
100,2.17E+08,3.62E+06,2304976,2304975,0,439650
100,2.17E+08,3.64E+06,2304983,2304983,0,439650
100,2.17E+08,3.56E+06,2304992,2304992,0,439750
100,2.02E+08,3.63E+06,2304997,2304995,0,384700
100,2.07E+08,3.54E+06,2305002,2305000,0,400750
100,2.17E+08,3.55E+06,2305008,2305008,0,439650
100,2.17E+08,3.56E+06,2305009,2305005,0,439750
100,2.17E+08,3.55E+06,2305015,2305015,0,439650
100,2.02E+08,3.74E+06,2305016,2305016,0,384300
100,2.17E+08,3.62E+06,2305039,2305039,0,439650
100,2.17E+08,3.56E+06,2305041,2305042,0,439650
100,2.14E+08,3.55E+06,2305052,2305052,0,430550
100,2.14E+08,3.68E+06,2305066,2305066,0,430550
100,2.14E+08,3.58E+06,2305066,2305065,0,430550
100,2.07E+08,3.57E+06,2305077,2305077,0,400750
100,2.04E+08,3.62E+06,2305078,2305080,0,389250
100,2.07E+08,3.56E+06,2305078,2305077,0,400750
100,2.14E+08,3.54E+06,2305079,2305079,0,430550
100,2.17E+08,3.54E+06,2305082,2305083,0,439650
100,2.07E+08,3.58E+06,2305084,2305087,0,400750
100,1.99E+08,3.67E+06,2305096,2305095,0,372500
100,1.99E+08,3.55E+06,2305100,2305102,0,369550
100,2.17E+08,3.55E+06,2305106,2305106,0,439650
100,2.14E+08,3.56E+06,2305109,2305109,0,430550
100,2.17E+08,3.54E+06,2305109,2305113,0,439650
100,2.07E+08,3.54E+06,2305110,2305108,0,400650
100,2.07E+08,3.54E+06,2305110,2305112,0,400750
100,2.17E+08,3.55E+06,2305111,2305113,0,439750
100,2.14E+08,3.58E+06,2305115,2305115,0,430550
100,2.02E+08,3.63E+06,2305117,2305117,0,384700
100,2.17E+08,3.56E+06,2305120,2305121,0,439650
100,2.07E+08,3.54E+06,2305129,2305129,0,400650
100,2.07E+08,3.55E+06,2305138,2305138,0,400750
100,2.07E+08,3.56E+06,2305140,2305140,0,400750
100,2.17E+08,3.55E+06,2305150,2305150,0,439750
100,2.14E+08,3.55E+06,2305160,2305160,0,430550
100,1.99E+08,3.63E+06,2305176,2305176,0,372500
100,2.02E+08,3.56E+06,2305177,2305175,0,384700
100,2.03E+08,3.79E+06,2305182,2305182,0,387900
100,2.17E+08,3.56E+06,2305189,2305188,0,439650
100,1.99E+08,3.57E+06,2305190,2305187,0,372500
100,1.99E+08,3.64E+06,2305202,2305202,0,372500
100,2.02E+08,3.66E+06,2305208,2305210,0,384700
100,2.17E+08,3.59E+06,2305210,2305210,0,439650
100,2.14E+08,3.61E+06,2305216,2305213,0,430550
100,2.07E+08,3.55E+06,2305222,2305223,0,400650
100,2.02E+08,3.57E+06,2305223,2305229,0,384300
100,2.17E+08,3.75E+06,2305224,2305224,0,438200
100,2.15E+08,4.10E+06,2305227,2305227,0,431200
100,2.07E+08,3.55E+06,2305237,2305237,0,400650
100,2.14E+08,3.57E+06,2305237,2305237,0,430550
100,2.14E+08,3.57E+06,2305244,2305244,0,430550
100,2.17E+08,3.54E+06,2305244,2305244,0,439750
100,2.07E+08,3.55E+06,2305248,2305250,0,400750
100,2.14E+08,3.55E+06,2305252,2305252,0,430550
100,2.14E+08,3.57E+06,2305274,2305274,0,430550
100,2.02E+08,3.75E+06,2305276,2305276,0,384700
100,2.02E+08,3.70E+06,2305279,2305279,0,384700
100,2.14E+08,3.54E+06,2305281,2305281,0,430550
100,1.99E+08,3.56E+06,2305284,2305281,0,372500
100,2.07E+08,3.54E+06,2305308,2305305,0,400650
100,2.07E+08,3.57E+06,2305310,2305310,0,400650
100,2.07E+08,3.61E+06,2305312,2305312,0,400750
100,2.07E+08,3.54E+06,2305315,2305316,0,400750
100,2.17E+08,3.54E+06,2305321,2305321,0,439650
100,2.17E+08,3.54E+06,2305322,2305322,0,439650
100,2.01E+08,3.70E+06,2305326,2305324,0,381500
100,2.14E+08,3.73E+06,2305328,2305326,0,430550
100,2.07E+08,3.78E+06,2305333,2305333,0,399650
100,2.02E+08,3.60E+06,2305343,2305342,0,384700
100,2.17E+08,3.62E+06,2305344,2305345,0,439750
100,2.07E+08,3.66E+06,2305346,2305346,0,400650
100,2.14E+08,3.56E+06,2305346,2305346,0,430550
100,2.17E+08,3.54E+06,2305348,2305348,0,439650
100,2.17E+08,3.54E+06,2305349,2305349,0,439750
100,2.02E+08,3.65E+06,2305356,2305357,0,384300
100,2.17E+08,3.59E+06,2305358,2305356,0,439650
100,2.14E+08,3.54E+06,2305369,2305368,0,430550
100,2.14E+08,3.55E+06,2305369,2305369,0,430550
100,2.14E+08,3.57E+06,2305369,2305369,0,430550
100,2.14E+08,3.55E+06,2305377,2305376,0,430550
100,2.14E+08,3.66E+06,2305378,2305378,0,430550
100,2.02E+08,3.68E+06,2305379,2305379,0,384700
100,2.02E+08,3.62E+06,2305380,2305380,0,384700
100,2.17E+08,3.57E+06,2305383,2305383,0,439650
100,2.14E+08,3.55E+06,2305390,2305391,0,430550
100,2.07E+08,3.55E+06,2305401,2305402,0,400750
100,2.02E+08,3.65E+06,2305404,2305404,0,384700
100,2.01E+08,3.81E+06,2305409,2305409,0,381500
100,2.14E+08,3.55E+06,2305409,2305409,0,430550
100,2.07E+08,3.58E+06,2305412,2305412,0,399500
100,2.17E+08,3.54E+06,2305412,2305410,0,439650
100,2.17E+08,3.55E+06,2305417,2305417,0,439650
100,1.96E+08,3.72E+06,2305434,2305433,0,359600
100,2.14E+08,3.56E+06,2305439,2305441,0,430550
100,2.14E+08,3.65E+06,2305442,2305441,0,430550
100,2.07E+08,3.56E+06,2305444,2305444,0,400750
100,2.15E+08,3.78E+06,2305454,2305456,0,433550
100,2.02E+08,3.63E+06,2305463,2305463,0,385150
100,2.07E+08,3.54E+06,2305467,2305469,0,400750
100,2.14E+08,3.54E+06,2305467,2305467,0,430550
100,2.07E+08,3.61E+06,2305469,2305468,0,400750
100,2.02E+08,3.56E+06,2305473,2305473,0,384300
100,2.14E+08,3.54E+06,2305477,2305477,0,430550
100,2.17E+08,3.62E+06,2305478,2305478,0,439650
100,2.17E+08,3.71E+06,2305485,2305484,0,439650
100,2.07E+08,3.57E+06,2305509,2305509,0,399500
100,2.14E+08,3.54E+06,2305510,2305510,0,430550
100,1.99E+08,3.61E+06,2305514,2305515,0,369550
100,2.07E+08,3.63E+06,2305516,2305513,0,399500
100,2.14E+08,3.56E+06,2305523,2305521,0,430550
100,2.17E+08,3.59E+06,2305525,2305526,0,439650
100,2.17E+08,3.69E+06,2305534,2305535,0,439650
100,1.99E+08,3.58E+06,2305536,2305536,0,372500
100,2.17E+08,3.68E+06,2305542,2305542,0,439650
100,2.14E+08,3.55E+06,2305545,2305545,0,430550
100,2.14E+08,3.56E+06,2305546,2305549,0,430550
100,2.02E+08,3.54E+06,2305548,2305550,0,384700
100,2.02E+08,3.59E+06,2305575,2305575,0,384300
100,2.14E+08,3.54E+06,2305586,2305585,0,430550
100,2.14E+08,3.78E+06,2305587,2305587,0,430550
100,2.02E+08,3.62E+06,2305588,2305588,0,384700
100,2.02E+08,3.60E+06,2305593,2305594,0,384700
100,1.99E+08,3.61E+06,2305595,2305598,0,369550
100,2.17E+08,3.67E+06,2305609,2305609,0,439650
100,2.02E+08,3.54E+06,2305614,2305611,0,384700
100,2.07E+08,3.56E+06,2305617,2305618,0,399500
100,1.99E+08,3.57E+06,2305619,2305618,0,369550
100,2.14E+08,3.58E+06,2305619,2305620,0,430550
100,2.14E+08,3.54E+06,2305621,2305621,0,430550
100,2.17E+08,3.55E+06,2305637,2305637,0,439650
100,1.99E+08,3.55E+06,2305638,2305638,0,369550
100,2.17E+08,3.67E+06,2305638,2305637,0,439750
100,2.14E+08,3.55E+06,2305659,2305659,0,430550
100,2.07E+08,3.56E+06,2305662,2305663,0,400650
100,2.14E+08,3.54E+06,2305669,2305670,0,430550
100,2.17E+08,3.64E+06,2305671,2305672,0,439750
100,2.17E+08,3.55E+06,2305677,2305677,0,439750
100,2.14E+08,3.58E+06,2305678,2305678,0,430550
100,2.07E+08,3.63E+06,2305697,2305697,0,400650
100,2.17E+08,3.55E+06,2305701,2305701,0,438200
100,2.02E+08,3.60E+06,2305704,2305703,0,384700
100,2.17E+08,3.56E+06,2305728,2305728,0,439650
100,2.02E+08,3.64E+06,2305735,2305737,0,384700
100,1.99E+08,3.58E+06,2305755,2305757,0,372500
100,2.17E+08,3.60E+06,2305760,2305760,0,439650
100,2.14E+08,3.54E+06,2305761,2305757,0,430550
100,1.99E+08,3.60E+06,2305764,2305767,0,369550
100,2.17E+08,3.55E+06,2305766,2305767,0,439650
100,2.14E+08,3.57E+06,2305773,2305773,0,430550
100,1.99E+08,3.56E+06,2305778,2305777,0,372500
100,2.07E+08,3.55E+06,2305789,2305789,0,400750
100,2.17E+08,3.77E+06,2305793,2305794,0,439650
100,2.07E+08,3.60E+06,2305797,2305796,0,399500
100,1.99E+08,3.56E+06,2305798,2305797,0,372500
100,2.07E+08,3.55E+06,2305799,2305798,0,400750
100,2.14E+08,3.63E+06,2305809,2305809,0,430550
100,2.01E+08,3.83E+06,2305812,2305813,0,381050
100,2.17E+08,3.58E+06,2305814,2305814,0,439650
100,2.17E+08,3.54E+06,2305815,2305814,0,438200
100,1.99E+08,3.55E+06,2305820,2305820,0,369550
100,2.17E+08,3.64E+06,2305821,2305820,0,439650
100,1.99E+08,3.54E+06,2305840,2305841,0,369550
100,2.14E+08,3.54E+06,2305841,2305845,0,430550
100,2.15E+08,3.70E+06,2305850,2305850,0,430550
100,2.17E+08,3.54E+06,2305853,2305849,0,439650
100,1.99E+08,3.63E+06,2305858,2305861,0,372500
100,2.14E+08,3.55E+06,2305863,2305863,0,430550
100,1.96E+08,3.78E+06,2305864,2305864,0,360500
100,2.17E+08,3.60E+06,2305864,2305864,0,439650
100,2.07E+08,3.54E+06,2305866,2305866,0,400650
100,2.17E+08,3.61E+06,2305869,2305868,0,439750
100,2.07E+08,3.60E+06,2305872,2305872,0,400750
100,2.14E+08,3.56E+06,2305877,2305877,0,430550
100,2.17E+08,3.58E+06,2305880,2305876,0,439650
100,2.07E+08,3.60E+06,2305901,2305901,0,400650
100,2.14E+08,3.55E+06,2305918,2305918,0,430550
100,2.14E+08,3.66E+06,2305923,2305922,0,430550
100,2.14E+08,3.58E+06,2305925,2305925,0,430550
100,1.99E+08,3.54E+06,2305926,2305926,0,369550
100,2.07E+08,3.55E+06,2305927,2305927,0,400750
100,2.17E+08,3.54E+06,2305927,2305919,0,439750
100,2.17E+08,3.69E+06,2305930,2305930,0,438200
100,2.02E+08,3.67E+06,2305935,2305931,0,384700
100,1.99E+08,3.56E+06,2305944,2305944,0,372500
100,2.17E+08,3.57E+06,2305950,2305950,0,439650
100,2.07E+08,3.54E+06,2305963,2305962,0,400650
100,2.17E+08,3.54E+06,2305967,2305963,0,439650
100,1.99E+08,3.73E+06,2305968,2305969,0,369550
100,2.14E+08,3.55E+06,2305969,2305970,0,430550
100,2.04E+08,3.66E+06,2305972,2305972,0,389250
100,2.17E+08,3.63E+06,2305980,2305980,0,439650
100,2.02E+08,3.57E+06,2305989,2305986,0,384700
100,2.07E+08,3.55E+06,2305999,2305998,0,400750
100,2.02E+08,3.55E+06,2306004,2306004,0,384700
100,2.07E+08,3.57E+06,2306013,2306013,0,400650
100,2.14E+08,3.56E+06,2306015,2306015,0,430550
100,2.02E+08,3.54E+06,2306017,2306017,0,384700
100,2.17E+08,3.54E+06,2306026,2306026,0,439650
100,2.07E+08,3.56E+06,2306034,2306034,0,400650
100,2.14E+08,3.55E+06,2306034,2306033,0,430550
100,2.14E+08,3.58E+06,2306043,2306043,0,430550
100,1.99E+08,3.63E+06,2306044,2306042,0,369550
100,2.15E+08,3.61E+06,2306055,2306055,0,430550
100,2.07E+08,3.56E+06,2306056,2306056,0,400750
100,2.14E+08,3.54E+06,2306065,2306065,0,430550
100,2.07E+08,3.56E+06,2306066,2306066,0,400650
100,2.07E+08,3.64E+06,2306066,2306066,0,400750
100,1.97E+08,3.84E+06,2306073,2306073,0,366050
100,1.99E+08,3.55E+06,2306084,2306084,0,372500
100,2.15E+08,3.62E+06,2306087,2306083,0,430550
100,2.02E+08,3.66E+06,2306089,2306089,0,384700
100,2.14E+08,3.57E+06,2306094,2306092,0,430550
100,2.07E+08,3.57E+06,2306112,2306112,0,400650
100,2.14E+08,3.56E+06,2306137,2306136,0,430550
100,2.07E+08,3.57E+06,2306139,2306139,0,400750
100,2.14E+08,3.55E+06,2306143,2306143,0,430550
100,2.04E+08,3.74E+06,2306149,2306149,0,390000
100,2.14E+08,3.55E+06,2306163,2306165,0,430550
100,2.17E+08,3.55E+06,2306166,2306166,0,439650
100,2.14E+08,3.54E+06,2306169,2306169,0,430550
100,1.96E+08,3.63E+06,2306177,2306178,0,359600
100,2.14E+08,3.54E+06,2306180,2306179,0,430550
100,2.17E+08,3.88E+06,2306182,2306179,0,439750
100,2.07E+08,3.71E+06,2306190,2306192,0,400750
100,1.99E+08,3.59E+06,2306195,2306195,0,369550
100,2.02E+08,3.60E+06,2306202,2306204,0,384700
100,2.17E+08,3.57E+06,2306205,2306205,0,439650
100,2.08E+08,3.76E+06,2306209,2306210,0,401600
100,2.14E+08,3.58E+06,2306211,2306211,0,430550
100,2.17E+08,3.65E+06,2306217,2306220,0,439650
100,2.17E+08,3.58E+06,2306220,2306223,0,439650
100,2.17E+08,3.61E+06,2306240,2306240,0,438200
100,2.17E+08,3.56E+06,2306241,2306241,0,439650
100,2.01E+08,3.71E+06,2306243,2306243,0,382000
100,2.17E+08,3.55E+06,2306246,2306247,0,439650
100,2.14E+08,3.66E+06,2306264,2306265,0,430550
100,2.17E+08,3.59E+06,2306265,2306267,0,439650
100,1.99E+08,3.54E+06,2306275,2306275,0,372500
100,2.17E+08,3.63E+06,2306287,2306287,0,439650
100,2.17E+08,3.89E+06,2306293,2306287,0,439650
100,2.17E+08,3.54E+06,2306293,2306291,0,439750
100,2.17E+08,3.58E+06,2306308,2306308,0,439650
100,2.02E+08,3.56E+06,2306310,2306310,0,384700
100,2.17E+08,3.58E+06,2306312,2306312,0,439750
100,1.99E+08,3.62E+06,2306314,2306317,0,371700
100,2.14E+08,3.57E+06,2306319,2306320,0,430550
100,1.98E+08,3.68E+06,2306320,2306322,0,367450
100,2.02E+08,3.55E+06,2306331,2306331,0,384700
100,1.99E+08,3.65E+06,2306338,2306338,0,369550
100,2.17E+08,3.57E+06,2306340,2306341,0,439650
100,2.17E+08,3.58E+06,2306341,2306344,0,439650
100,2.14E+08,3.55E+06,2306345,2306345,0,430550
100,2.14E+08,3.55E+06,2306346,2306349,0,430550
100,2.07E+08,3.56E+06,2306349,2306351,0,400750
100,2.17E+08,3.55E+06,2306349,2306349,0,439650
100,2.14E+08,3.56E+06,2306352,2306353,0,430550
100,2.14E+08,3.56E+06,2306369,2306367,0,430550
100,2.17E+08,3.57E+06,2306370,2306369,0,439650
100,2.17E+08,3.63E+06,2306381,2306380,0,438200
100,2.07E+08,3.61E+06,2306384,2306378,0,400650
100,2.07E+08,3.58E+06,2306390,2306392,0,400750
100,2.17E+08,3.64E+06,2306390,2306390,0,438200
100,2.07E+08,3.54E+06,2306391,2306389,0,400650
100,2.17E+08,3.54E+06,2306395,2306397,0,439650
100,2.07E+08,3.59E+06,2306404,2306404,0,400750
100,1.99E+08,3.64E+06,2306413,2306413,0,372500
100,2.07E+08,3.65E+06,2306417,2306417,0,399500
100,1.99E+08,3.75E+06,2306422,2306420,0,372500
100,1.99E+08,3.55E+06,2306428,2306429,0,372500
100,2.07E+08,3.54E+06,2306428,2306428,0,400750
100,2.07E+08,3.55E+06,2306430,2306430,0,400750
100,2.17E+08,3.55E+06,2306431,2306431,0,439650
100,1.99E+08,3.55E+06,2306433,2306435,0,372500
100,2.14E+08,3.60E+06,2306435,2306438,0,430550
100,2.17E+08,3.59E+06,2306442,2306446,0,439650
100,2.17E+08,3.64E+06,2306452,2306452,0,439750
100,2.14E+08,3.54E+06,2306454,2306456,0,430550
100,1.99E+08,3.69E+06,2306455,2306455,0,372500
100,2.14E+08,3.58E+06,2306460,2306463,0,430550
100,2.14E+08,3.62E+06,2306463,2306463,0,430550
100,2.14E+08,3.55E+06,2306464,2306464,0,430550
100,2.07E+08,3.54E+06,2306466,2306466,0,400650
100,2.17E+08,3.55E+06,2306481,2306481,0,439750
100,2.17E+08,3.65E+06,2306484,2306487,0,439750
100,2.17E+08,3.56E+06,2306486,2306486,0,439650
100,2.17E+08,3.54E+06,2306487,2306487,0,439650
100,2.14E+08,3.57E+06,2306492,2306489,0,430550
100,2.02E+08,3.55E+06,2306497,2306497,0,384700
100,1.99E+08,3.78E+06,2306498,2306498,0,369550
100,2.14E+08,3.55E+06,2306498,2306502,0,430550
100,2.02E+08,3.60E+06,2306510,2306510,0,384700
100,2.07E+08,3.54E+06,2306516,2306513,0,400650
100,2.17E+08,3.55E+06,2306520,2306520,0,439650
100,2.02E+08,3.63E+06,2306523,2306520,0,384700
100,2.17E+08,3.66E+06,2306527,2306527,0,439750
100,2.17E+08,3.54E+06,2306530,2306530,0,439750
100,2.14E+08,3.56E+06,2306533,2306533,0,430550
100,2.14E+08,3.54E+06,2306538,2306538,0,430550
100,2.17E+08,3.60E+06,2306542,2306542,0,439650
100,2.07E+08,3.54E+06,2306548,2306551,0,400750
100,2.14E+08,3.62E+06,2306559,2306560,0,430550
100,2.17E+08,3.65E+06,2306569,2306569,0,439650
100,2.02E+08,3.63E+06,2306575,2306573,0,384700
100,2.07E+08,3.55E+06,2306578,2306580,0,400650
100,2.14E+08,3.54E+06,2306586,2306587,0,430550
100,2.14E+08,3.54E+06,2306590,2306591,0,430550
100,2.17E+08,3.56E+06,2306622,2306622,0,439650
100,2.17E+08,3.55E+06,2306630,2306630,0,439650
100,2.15E+08,3.89E+06,2306649,2306650,0,431000
100,2.17E+08,3.54E+06,2306649,2306649,0,439650
100,1.99E+08,3.54E+06,2306657,2306658,0,372500
100,2.02E+08,3.57E+06,2306657,2306657,0,384700
100,2.07E+08,3.54E+06,2306659,2306659,0,400750
100,2.01E+08,3.65E+06,2306676,2306675,0,382650
100,1.99E+08,3.54E+06,2306685,2306688,0,372500
100,2.17E+08,3.59E+06,2306696,2306694,0,439650
100,2.07E+08,3.72E+06,2306704,2306704,0,400750
100,2.07E+08,3.54E+06,2306708,2306708,0,400750
100,2.17E+08,3.57E+06,2306721,2306722,0,439750
100,2.02E+08,3.62E+06,2306728,2306728,0,384700
100,2.07E+08,3.66E+06,2306728,2306724,0,400650
100,2.14E+08,3.69E+06,2306738,2306738,0,430550
100,2.04E+08,3.72E+06,2306740,2306737,0,388450
100,2.02E+08,3.65E+06,2306741,2306740,0,384700
100,2.07E+08,3.56E+06,2306746,2306748,0,400750
100,2.14E+08,3.55E+06,2306753,2306753,0,430550
100,2.14E+08,3.58E+06,2306765,2306764,0,430550
100,2.14E+08,3.58E+06,2306765,2306766,0,430550
100,1.99E+08,3.65E+06,2306771,2306771,0,372500
100,2.07E+08,3.55E+06,2306773,2306771,0,400650
100,2.17E+08,3.54E+06,2306778,2306781,0,439650
100,1.99E+08,3.64E+06,2306786,2306785,0,372500
100,2.14E+08,3.85E+06,2306786,2306785,0,430550
100,2.17E+08,3.56E+06,2306788,2306789,0,439650
100,2.17E+08,3.57E+06,2306791,2306790,0,439650
100,2.14E+08,3.54E+06,2306795,2306795,0,430550
100,2.14E+08,3.59E+06,2306798,2306798,0,430550
100,2.17E+08,3.62E+06,2306803,2306803,0,439650
100,2.03E+08,3.67E+06,2306809,2306809,0,387100
100,2.14E+08,3.54E+06,2306810,2306810,0,430550
100,2.02E+08,3.54E+06,2306813,2306812,0,384700
100,2.14E+08,3.90E+06,2306816,2306816,0,430550
100,2.17E+08,3.55E+06,2306824,2306824,0,439750
100,2.07E+08,3.54E+06,2306825,2306828,0,400650
100,2.14E+08,3.57E+06,2306836,2306835,0,430550
100,2.17E+08,3.60E+06,2306838,2306837,0,439750
100,2.14E+08,3.54E+06,2306852,2306853,0,430550
100,2.14E+08,3.56E+06,2306857,2306857,0,430550
100,2.14E+08,3.54E+06,2306860,2306860,0,430550
100,2.17E+08,3.70E+06,2306861,2306861,0,439650
100,2.17E+08,3.55E+06,2306871,2306872,0,439750
100,2.07E+08,3.64E+06,2306874,2306872,0,400750
100,2.17E+08,3.65E+06,2306874,2306872,0,439750
100,2.14E+08,3.61E+06,2306886,2306886,0,430550
100,1.99E+08,3.54E+06,2306889,2306889,0,372500
100,2.02E+08,3.59E+06,2306892,2306892,0,384700
100,2.03E+08,3.64E+06,2306894,2306897,0,388300
100,2.14E+08,3.55E+06,2306899,2306899,0,430550
100,2.17E+08,3.57E+06,2306906,2306905,0,439650
100,2.17E+08,3.55E+06,2306908,2306908,0,439750
100,2.02E+08,3.54E+06,2306928,2306928,0,384700
100,2.14E+08,3.54E+06,2306945,2306948,0,430550
100,2.17E+08,3.65E+06,2306947,2306947,0,439650
100,2.14E+08,3.90E+06,2306948,2306948,0,430550
100,2.04E+08,3.65E+06,2306951,2306951,0,389350
100,2.14E+08,3.65E+06,2306951,2306950,0,430550
100,1.99E+08,3.70E+06,2306957,2306956,0,369550
100,2.14E+08,3.54E+06,2306962,2306955,0,430550
100,1.99E+08,3.63E+06,2306968,2306969,0,372500
100,2.17E+08,3.54E+06,2306970,2306970,0,439650
100,2.01E+08,3.77E+06,2306989,2306990,0,382650
100,2.07E+08,3.54E+06,2306989,2306987,0,400750
100,2.14E+08,3.57E+06,2306993,2306993,0,430550
100,2.14E+08,3.56E+06,2306998,2306997,0,430550
100,2.07E+08,3.54E+06,2306999,2306999,0,400650
100,2.14E+08,3.58E+06,2307013,2307014,0,430550
100,2.07E+08,3.56E+06,2307025,2307025,0,400750
100,2.17E+08,3.59E+06,2307025,2307024,0,439750
100,2.14E+08,3.55E+06,2307027,2307026,0,430550
100,2.17E+08,3.56E+06,2307027,2307027,0,439650
100,2.02E+08,3.57E+06,2307041,2307041,0,384300
100,2.14E+08,3.56E+06,2307044,2307044,0,430550
100,2.07E+08,3.55E+06,2307047,2307047,0,400650
100,2.08E+08,3.91E+06,2307047,2307047,0,401600
100,2.02E+08,3.75E+06,2307052,2307050,0,384700
100,2.17E+08,3.56E+06,2307063,2307063,0,439650
100,2.17E+08,3.55E+06,2307066,2307067,0,439650
100,2.17E+08,3.70E+06,2307066,2307064,0,439750
100,2.17E+08,3.61E+06,2307071,2307070,0,439650
100,2.17E+08,3.60E+06,2307072,2307072,0,439650
100,2.17E+08,3.60E+06,2307090,2307094,0,438200
100,2.07E+08,3.56E+06,2307108,2307106,0,400750
100,2.02E+08,3.60E+06,2307115,2307115,0,384700
100,2.17E+08,3.62E+06,2307120,2307119,0,438200
100,2.07E+08,3.54E+06,2307127,2307127,0,400650
100,1.99E+08,3.70E+06,2307129,2307129,0,371700
100,1.92E+08,3.80E+06,2307131,2307130,0,342450
100,2.14E+08,3.55E+06,2307132,2307135,0,430550
100,2.07E+08,3.54E+06,2307144,2307144,0,400750
100,2.07E+08,3.56E+06,2307151,2307151,0,400750
100,2.14E+08,3.57E+06,2307153,2307156,0,430550
100,2.17E+08,3.54E+06,2307156,2307156,0,439650
100,2.14E+08,3.59E+06,2307158,2307158,0,430550
100,2.14E+08,3.58E+06,2307162,2307162,0,430550
100,2.17E+08,3.58E+06,2307165,2307168,0,439650
100,2.14E+08,3.54E+06,2307172,2307164,0,430550
100,1.99E+08,3.62E+06,2307182,2307181,0,369550
100,2.17E+08,3.73E+06,2307187,2307188,0,439650
100,2.07E+08,3.66E+06,2307194,2307195,0,400750
100,2.07E+08,3.54E+06,2307199,2307198,0,400650
100,2.14E+08,3.55E+06,2307203,2307203,0,430550
100,2.14E+08,3.62E+06,2307212,2307213,0,430550
100,2.17E+08,3.57E+06,2307222,2307222,0,439750
100,2.17E+08,3.62E+06,2307226,2307226,0,439750
100,2.07E+08,3.56E+06,2307229,2307229,0,400650
100,2.07E+08,3.54E+06,2307243,2307242,0,400750
100,2.14E+08,3.57E+06,2307243,2307243,0,430550
100,2.17E+08,3.56E+06,2307250,2307249,0,439650
100,2.07E+08,3.66E+06,2307251,2307248,0,400750
100,2.14E+08,3.54E+06,2307255,2307255,0,430550
100,2.17E+08,3.65E+06,2307255,2307255,0,439650
100,2.14E+08,3.58E+06,2307261,2307261,0,430550
100,2.17E+08,3.57E+06,2307270,2307272,0,439650
100,2.14E+08,3.55E+06,2307274,2307274,0,430550
100,1.99E+08,3.58E+06,2307278,2307277,0,369550
100,2.17E+08,3.55E+06,2307283,2307283,0,439650
100,2.17E+08,3.54E+06,2307285,2307285,0,439750
100,2.07E+08,3.55E+06,2307288,2307288,0,400650
100,1.99E+08,3.66E+06,2307291,2307289,0,371700
100,2.07E+08,3.55E+06,2307293,2307292,0,400650
100,1.99E+08,3.64E+06,2307296,2307297,0,372500
100,2.07E+08,3.58E+06,2307299,2307299,0,400650
100,2.14E+08,3.55E+06,2307308,2307308,0,430550
100,2.17E+08,3.63E+06,2307331,2307332,0,439750
100,2.02E+08,3.62E+06,2307332,2307332,0,384700
100,2.14E+08,3.62E+06,2307346,2307346,0,430550
100,2.04E+08,3.98E+06,2307354,2307354,0,389250
100,2.14E+08,3.55E+06,2307358,2307359,0,430550
100,2.07E+08,3.54E+06,2307359,2307359,0,400650
100,2.08E+08,3.72E+06,2307365,2307367,0,401650
100,2.17E+08,3.58E+06,2307366,2307366,0,439650
100,2.02E+08,3.57E+06,2307371,2307371,0,384700
100,1.99E+08,3.65E+06,2307376,2307377,0,369550
100,2.14E+08,3.59E+06,2307381,2307381,0,430550
100,2.14E+08,3.55E+06,2307387,2307387,0,430550
100,1.99E+08,3.64E+06,2307389,2307387,0,372500
100,2.14E+08,3.81E+06,2307389,2307389,0,430550
100,2.07E+08,3.60E+06,2307392,2307392,0,400750
100,2.17E+08,3.57E+06,2307397,2307397,0,439650
100,2.14E+08,3.56E+06,2307400,2307400,0,430550
100,2.14E+08,3.55E+06,2307400,2307400,0,430550
100,2.14E+08,3.60E+06,2307400,2307400,0,430550
100,2.17E+08,3.55E+06,2307400,2307400,0,439650
100,2.17E+08,3.55E+06,2307402,2307402,0,439650
100,1.99E+08,3.68E+06,2307413,2307411,0,369550
100,2.14E+08,3.58E+06,2307421,2307421,0,430550
100,2.17E+08,3.71E+06,2307430,2307429,0,439750
100,2.14E+08,3.54E+06,2307434,2307434,0,430550
100,2.17E+08,3.56E+06,2307439,2307439,0,439650
100,1.99E+08,3.56E+06,2307440,2307440,0,369550
100,2.07E+08,3.55E+06,2307441,2307441,0,400750
100,2.01E+08,3.84E+06,2307449,2307452,0,381050
100,2.14E+08,3.54E+06,2307451,2307449,0,430550
100,2.07E+08,3.55E+06,2307460,2307461,0,400750
100,2.15E+08,3.91E+06,2307460,2307459,0,430550
100,1.99E+08,3.56E+06,2307461,2307461,0,372500
100,2.17E+08,3.56E+06,2307465,2307465,0,439650
100,2.07E+08,3.58E+06,2307468,2307468,0,400650
100,2.17E+08,3.68E+06,2307470,2307472,0,439750
100,2.14E+08,3.56E+06,2307481,2307481,0,430550
100,2.14E+08,3.60E+06,2307484,2307486,0,430550
100,2.17E+08,3.66E+06,2307490,2307490,0,439750
100,2.17E+08,3.60E+06,2307494,2307494,0,439650
100,2.14E+08,3.54E+06,2307496,2307496,0,430550
100,2.17E+08,3.55E+06,2307496,2307495,0,439750
100,2.14E+08,3.55E+06,2307500,2307500,0,430550
100,2.17E+08,3.80E+06,2307511,2307511,0,439750
100,1.99E+08,3.59E+06,2307513,2307514,0,372500
100,2.14E+08,3.55E+06,2307515,2307514,0,430550
100,2.02E+08,3.73E+06,2307519,2307522,0,384700
100,2.07E+08,3.55E+06,2307521,2307521,0,400750
100,2.14E+08,3.55E+06,2307529,2307529,0,430550
100,2.17E+08,3.78E+06,2307537,2307537,0,439650
100,2.17E+08,3.57E+06,2307537,2307536,0,439750
100,2.17E+08,3.77E+06,2307538,2307538,0,439750
100,2.17E+08,3.54E+06,2307543,2307543,0,439650
100,2.14E+08,3.64E+06,2307548,2307548,0,430550
100,2.02E+08,3.65E+06,2307550,2307550,0,384700
100,2.14E+08,3.55E+06,2307554,2307556,0,430550
100,2.14E+08,3.56E+06,2307566,2307566,0,430550
100,2.14E+08,3.55E+06,2307566,2307566,0,430550
100,2.17E+08,3.54E+06,2307598,2307598,0,439650
100,2.14E+08,3.54E+06,2307600,2307600,0,430550
100,2.17E+08,3.54E+06,2307605,2307605,0,439650
100,2.17E+08,3.63E+06,2307612,2307614,0,439750
100,1.99E+08,3.60E+06,2307613,2307613,0,372500
100,2.02E+08,3.61E+06,2307613,2307616,0,384700
100,1.99E+08,3.59E+06,2307614,2307614,0,372500
100,2.02E+08,3.59E+06,2307619,2307619,0,384700
100,2.14E+08,3.65E+06,2307622,2307622,0,430550
100,2.17E+08,3.55E+06,2307623,2307623,0,439750
100,2.14E+08,3.57E+06,2307625,2307625,0,430550
100,2.14E+08,3.54E+06,2307636,2307636,0,430550
100,2.14E+08,3.55E+06,2307638,2307638,0,430550
100,2.05E+08,3.75E+06,2307640,2307640,0,396450
100,2.14E+08,3.54E+06,2307650,2307650,0,430550
100,2.17E+08,3.57E+06,2307650,2307650,0,439650
100,2.07E+08,3.54E+06,2307651,2307651,0,400650
100,2.14E+08,3.54E+06,2307655,2307655,0,430550
100,2.17E+08,3.57E+06,2307656,2307656,0,439650
100,2.17E+08,3.58E+06,2307666,2307666,0,439750
100,2.17E+08,3.55E+06,2307669,2307669,0,439650
100,2.07E+08,3.59E+06,2307673,2307674,0,400750
100,2.07E+08,3.57E+06,2307682,2307682,0,400650
100,2.07E+08,3.55E+06,2307682,2307682,0,400650
100,2.02E+08,3.57E+06,2307687,2307684,0,384700
100,2.02E+08,3.60E+06,2307689,2307689,0,385000
100,2.14E+08,3.54E+06,2307700,2307701,0,430550
100,2.14E+08,3.59E+06,2307707,2307710,0,430550
100,2.17E+08,3.61E+06,2307710,2307710,0,439650
100,1.99E+08,3.62E+06,2307725,2307724,0,369550
100,2.07E+08,3.54E+06,2307728,2307727,0,400750
100,2.17E+08,3.54E+06,2307730,2307730,0,439650
100,2.14E+08,3.55E+06,2307741,2307742,0,430550
100,2.07E+08,3.55E+06,2307743,2307743,0,400650
100,2.17E+08,3.57E+06,2307744,2307744,0,439650
100,2.14E+08,3.60E+06,2307753,2307752,0,430550
100,2.17E+08,3.57E+06,2307753,2307753,0,439650
100,2.17E+08,3.55E+06,2307760,2307757,0,439650
100,2.07E+08,3.56E+06,2307766,2307765,0,400650
100,1.99E+08,3.58E+06,2307778,2307778,0,372500
100,2.17E+08,3.56E+06,2307779,2307775,0,439650
100,2.07E+08,3.76E+06,2307781,2307784,0,400650
100,2.17E+08,3.77E+06,2307788,2307788,0,439650
100,2.14E+08,3.64E+06,2307791,2307791,0,430550
100,2.07E+08,3.55E+06,2307802,2307802,0,400650
100,2.07E+08,3.84E+06,2307803,2307803,0,400750
100,2.17E+08,3.57E+06,2307811,2307811,0,439650
100,2.17E+08,3.56E+06,2307845,2307846,0,439750
100,2.17E+08,3.54E+06,2307854,2307854,0,439650
100,1.98E+08,3.54E+06,2307863,2307862,0,367450
100,2.17E+08,3.54E+06,2307867,2307867,0,439750
100,2.07E+08,3.56E+06,2307876,2307875,0,400750
100,2.02E+08,3.70E+06,2307877,2307876,0,384300
100,1.99E+08,3.60E+06,2307893,2307895,0,372500
100,1.99E+08,3.58E+06,2307899,2307899,0,372500
100,2.17E+08,3.55E+06,2307908,2307909,0,439750
100,2.14E+08,3.56E+06,2307923,2307925,0,430550
100,2.02E+08,3.55E+06,2307924,2307924,0,384700
100,2.17E+08,3.55E+06,2307924,2307924,0,439750
100,1.99E+08,3.59E+06,2307942,2307942,0,372500
100,2.14E+08,3.71E+06,2307943,2307943,0,430550
100,2.14E+08,3.56E+06,2307944,2307944,0,430550
100,2.02E+08,3.59E+06,2307951,2307948,0,384700
100,2.14E+08,3.54E+06,2307960,2307960,0,430550
100,2.17E+08,3.79E+06,2307965,2307965,0,438200
100,2.07E+08,3.56E+06,2307968,2307969,0,400650
100,2.02E+08,3.65E+06,2307978,2307979,0,384700
100,2.14E+08,3.62E+06,2307980,2307980,0,430550
100,2.14E+08,3.56E+06,2307984,2307985,0,430550
100,2.02E+08,3.55E+06,2307987,2307989,0,384700
100,1.99E+08,3.61E+06,2307993,2307993,0,369550
100,2.02E+08,3.78E+06,2308010,2308010,0,385150
100,2.07E+08,3.78E+06,2308017,2308016,0,400650
100,1.99E+08,3.60E+06,2308019,2308016,0,369550
100,2.14E+08,3.54E+06,2308024,2308024,0,430550
100,2.17E+08,3.56E+06,2308025,2308028,0,439650
100,2.13E+08,3.70E+06,2308031,2308032,0,426450
100,2.02E+08,3.55E+06,2308054,2308053,0,384300
100,2.03E+08,3.72E+06,2308056,2308054,0,387100
100,2.07E+08,3.63E+06,2308075,2308077,0,399500
100,1.99E+08,3.57E+06,2308089,2308088,0,369550
100,1.98E+08,3.69E+06,2308096,2308096,0,367450
100,2.14E+08,3.59E+06,2308101,2308100,0,430550
100,2.14E+08,3.60E+06,2308105,2308107,0,430550
100,2.14E+08,3.54E+06,2308108,2308108,0,430550
100,2.17E+08,3.66E+06,2308127,2308127,0,438350
100,2.07E+08,3.60E+06,2308131,2308131,0,400750
100,1.99E+08,3.62E+06,2308140,2308140,0,372500
100,2.17E+08,3.68E+06,2308141,2308143,0,439650
100,2.17E+08,3.57E+06,2308156,2308156,0,439750
100,2.14E+08,3.55E+06,2308161,2308158,0,430550
100,2.02E+08,3.65E+06,2308162,2308163,0,384700
100,2.07E+08,3.55E+06,2308170,2308171,0,400750
100,2.14E+08,3.54E+06,2308171,2308171,0,430550
100,2.17E+08,3.73E+06,2308174,2308174,0,438350
100,2.17E+08,3.57E+06,2308195,2308195,0,439650
100,1.99E+08,3.62E+06,2308198,2308194,0,372500
100,2.17E+08,3.55E+06,2308202,2308202,0,439650
100,2.07E+08,3.56E+06,2308210,2308211,0,400650
100,2.07E+08,3.55E+06,2308213,2308211,0,400650
100,2.17E+08,3.54E+06,2308215,2308215,0,439650
100,2.14E+08,3.58E+06,2308227,2308226,0,430550
100,1.99E+08,3.58E+06,2308233,2308235,0,372500
100,2.17E+08,3.57E+06,2308235,2308231,0,439750
100,2.17E+08,3.56E+06,2308240,2308240,0,439650
100,2.15E+08,3.98E+06,2308248,2308248,0,430550
100,2.17E+08,3.56E+06,2308255,2308255,0,439750
100,2.17E+08,3.59E+06,2308258,2308257,0,439750
100,2.17E+08,3.55E+06,2308261,2308261,0,439750
100,2.14E+08,3.57E+06,2308271,2308267,0,430550
100,2.14E+08,3.60E+06,2308281,2308280,0,430550
100,2.17E+08,3.60E+06,2308295,2308293,0,439750
100,2.17E+08,3.60E+06,2308316,2308316,0,439650
100,2.17E+08,3.59E+06,2308317,2308315,0,438200
100,2.07E+08,3.54E+06,2308320,2308320,0,400750
100,2.02E+08,3.70E+06,2308321,2308321,0,384700
100,2.17E+08,3.55E+06,2308352,2308352,0,439650
100,2.04E+08,3.71E+06,2308355,2308354,0,389350
100,2.17E+08,3.55E+06,2308356,2308356,0,439750
100,2.07E+08,3.54E+06,2308370,2308366,0,399500
100,2.14E+08,3.55E+06,2308370,2308367,0,430550
100,2.07E+08,3.57E+06,2308373,2308373,0,400650
100,2.14E+08,3.66E+06,2308377,2308375,0,430550
100,2.17E+08,3.55E+06,2308378,2308378,0,439650
100,2.17E+08,3.57E+06,2308383,2308383,0,439650
100,2.14E+08,3.56E+06,2308394,2308396,0,430550
100,2.17E+08,3.56E+06,2308414,2308414,0,438200
100,2.17E+08,3.57E+06,2308422,2308421,0,439650
100,2.14E+08,3.56E+06,2308424,2308424,0,430550
100,2.17E+08,3.63E+06,2308427,2308428,0,439750
100,2.17E+08,3.55E+06,2308440,2308441,0,439650
100,2.14E+08,3.58E+06,2308442,2308442,0,430550
100,2.07E+08,3.54E+06,2308443,2308444,0,400650
100,2.13E+08,3.65E+06,2308444,2308445,0,426450
100,2.17E+08,3.55E+06,2308446,2308445,0,439650
100,2.07E+08,3.56E+06,2308453,2308453,0,400750
100,1.99E+08,3.70E+06,2308454,2308454,0,372500
100,1.99E+08,3.77E+06,2308468,2308468,0,369550
100,2.17E+08,3.54E+06,2308469,2308468,0,439650
100,2.17E+08,3.65E+06,2308473,2308473,0,439650
100,2.07E+08,3.59E+06,2308484,2308484,0,400750
100,2.14E+08,3.72E+06,2308487,2308489,0,430550
100,2.14E+08,3.54E+06,2308489,2308488,0,430550
100,2.14E+08,3.56E+06,2308504,2308504,0,430550
100,1.99E+08,3.68E+06,2308507,2308507,0,369550
100,2.14E+08,3.58E+06,2308508,2308502,0,430550
100,2.02E+08,3.61E+06,2308511,2308512,0,384700
100,1.99E+08,3.62E+06,2308543,2308541,0,369550
100,2.07E+08,3.57E+06,2308553,2308555,0,399500
100,2.17E+08,3.64E+06,2308560,2308560,0,439650
100,2.02E+08,3.85E+06,2308565,2308567,0,385000
100,2.07E+08,3.56E+06,2308568,2308568,0,400650
100,2.14E+08,3.56E+06,2308571,2308574,0,430550
100,2.03E+08,3.70E+06,2308575,2308575,0,387900
100,2.07E+08,3.55E+06,2308588,2308588,0,400750
100,2.14E+08,3.56E+06,2308593,2308592,0,430550
100,2.17E+08,3.57E+06,2308606,2308606,0,439650
100,2.17E+08,3.59E+06,2308610,2308610,0,439750
100,2.14E+08,3.55E+06,2308614,2308614,0,430550
100,2.17E+08,3.54E+06,2308615,2308615,0,439650
100,2.07E+08,3.54E+06,2308620,2308620,0,400750
100,2.02E+08,3.61E+06,2308644,2308644,0,384700
100,2.17E+08,3.54E+06,2308646,2308646,0,439650
100,2.17E+08,3.58E+06,2308653,2308653,0,439650
100,2.14E+08,3.87E+06,2308660,2308660,0,430550
100,2.02E+08,3.67E+06,2308665,2308665,0,384700
100,2.07E+08,3.57E+06,2308670,2308670,0,400650
100,2.14E+08,3.55E+06,2308670,2308669,0,430550
100,2.07E+08,3.59E+06,2308671,2308671,0,400750
100,1.99E+08,3.54E+06,2308675,2308675,0,369550
100,2.07E+08,3.55E+06,2308685,2308686,0,400650
100,1.99E+08,3.68E+06,2308695,2308696,0,372500
100,1.99E+08,3.65E+06,2308696,2308696,0,369550
100,1.99E+08,3.54E+06,2308701,2308702,0,369550
100,1.99E+08,3.61E+06,2308715,2308714,0,372500
100,2.01E+08,3.89E+06,2308717,2308716,0,381050
100,2.14E+08,3.55E+06,2308717,2308716,0,430550
100,2.17E+08,3.68E+06,2308719,2308719,0,439750
100,1.99E+08,3.56E+06,2308725,2308726,0,372500
100,2.14E+08,3.56E+06,2308726,2308726,0,430550
100,2.17E+08,3.76E+06,2308730,2308735,0,439750
100,2.14E+08,3.56E+06,2308731,2308733,0,430550
100,2.14E+08,3.60E+06,2308742,2308742,0,430550
100,2.02E+08,3.60E+06,2308743,2308746,0,384300
100,2.17E+08,3.60E+06,2308751,2308747,0,438200
100,2.02E+08,3.58E+06,2308754,2308752,0,384700
100,2.02E+08,3.56E+06,2308763,2308763,0,384700
100,2.14E+08,3.57E+06,2308765,2308765,0,430550
100,2.02E+08,3.66E+06,2308772,2308772,0,385000
100,2.14E+08,3.54E+06,2308775,2308774,0,430550
100,1.99E+08,3.55E+06,2308782,2308782,0,372500
100,2.14E+08,3.57E+06,2308801,2308799,0,430550
100,2.14E+08,3.69E+06,2308802,2308801,0,430550
100,1.99E+08,3.59E+06,2308812,2308812,0,369550
100,2.17E+08,3.55E+06,2308825,2308828,0,439650
100,1.99E+08,3.61E+06,2308832,2308832,0,372500
100,2.17E+08,3.55E+06,2308836,2308836,0,439650
100,2.07E+08,3.54E+06,2308848,2308848,0,400650
100,2.17E+08,3.59E+06,2308860,2308862,0,439650
100,2.17E+08,3.63E+06,2308873,2308872,0,439750
100,2.07E+08,3.54E+06,2308878,2308874,0,400650
100,2.07E+08,3.56E+06,2308914,2308913,0,400750
100,2.02E+08,3.70E+06,2308921,2308921,0,384700
100,2.03E+08,3.87E+06,2308924,2308921,0,388450
100,2.17E+08,3.55E+06,2308924,2308924,0,439650
100,2.07E+08,3.54E+06,2308928,2308926,0,400650
100,2.07E+08,3.59E+06,2308932,2308932,0,400750
100,2.17E+08,3.59E+06,2308935,2308935,0,439650
100,2.14E+08,3.55E+06,2308946,2308947,0,430550
100,2.17E+08,3.56E+06,2308946,2308946,0,439750
100,2.17E+08,3.59E+06,2308950,2308951,0,439750
100,2.07E+08,3.58E+06,2308953,2308952,0,400650
100,2.14E+08,3.55E+06,2308956,2308957,0,430550
100,2.14E+08,3.57E+06,2308957,2308957,0,430550
100,2.14E+08,3.61E+06,2308959,2308963,0,430550
100,1.99E+08,3.67E+06,2308970,2308970,0,372500
100,2.14E+08,3.72E+06,2308978,2308976,0,430550
100,2.14E+08,3.54E+06,2308979,2308979,0,430550
100,2.07E+08,3.63E+06,2308980,2308980,0,400750
100,2.14E+08,3.55E+06,2308992,2308992,0,430550
100,1.98E+08,3.68E+06,2308994,2308994,0,367050
100,2.17E+08,3.68E+06,2309001,2309000,0,439650
100,2.14E+08,3.60E+06,2309006,2309006,0,430550
100,2.14E+08,3.65E+06,2309027,2309029,0,430550
100,2.17E+08,3.57E+06,2309027,2309027,0,439650
100,2.14E+08,3.54E+06,2309048,2309044,0,430550
100,2.07E+08,3.60E+06,2309051,2309053,0,400650
100,2.07E+08,3.62E+06,2309055,2309056,0,399500
100,2.15E+08,3.60E+06,2309055,2309053,0,430550
100,1.99E+08,3.58E+06,2309074,2309077,0,372500
100,2.14E+08,3.54E+06,2309087,2309087,0,430550
100,2.17E+08,3.67E+06,2309101,2309099,0,439650
100,2.07E+08,3.58E+06,2309102,2309102,0,400650
100,2.17E+08,3.64E+06,2309110,2309110,0,438350
100,1.99E+08,3.62E+06,2309119,2309115,0,372500
100,2.14E+08,3.55E+06,2309129,2309130,0,430550
100,2.14E+08,3.79E+06,2309145,2309145,0,430550
100,1.99E+08,3.56E+06,2309150,2309150,0,369550
100,2.14E+08,3.56E+06,2309150,2309151,0,430550
100,2.14E+08,3.57E+06,2309161,2309156,0,430550
100,2.14E+08,3.54E+06,2309162,2309158,0,430550
100,2.14E+08,3.55E+06,2309163,2309165,0,430550
100,2.17E+08,3.58E+06,2309166,2309166,0,439650
100,2.17E+08,3.54E+06,2309173,2309174,0,439650
100,2.17E+08,3.68E+06,2309177,2309177,0,439650
100,2.14E+08,3.62E+06,2309198,2309198,0,430550
100,2.17E+08,3.58E+06,2309200,2309199,0,439650
100,2.07E+08,3.55E+06,2309209,2309209,0,400750
100,2.14E+08,3.59E+06,2309209,2309209,0,430550
100,2.07E+08,3.63E+06,2309233,2309233,0,400650
100,2.02E+08,3.73E+06,2309236,2309236,0,384700
100,2.07E+08,3.54E+06,2309237,2309237,0,400750
100,2.13E+08,3.82E+06,2309244,2309244,0,425650
100,2.17E+08,3.58E+06,2309245,2309242,0,438200
100,1.99E+08,3.64E+06,2309250,2309245,0,369550
100,2.14E+08,3.56E+06,2309265,2309265,0,430550
100,2.07E+08,3.54E+06,2309268,2309268,0,400750
100,2.17E+08,3.55E+06,2309271,2309273,0,439650
100,2.14E+08,3.54E+06,2309299,2309301,0,430550
100,2.07E+08,3.57E+06,2309307,2309307,0,400750
100,1.99E+08,3.55E+06,2309315,2309311,0,372500
100,2.17E+08,3.54E+06,2309320,2309320,0,439650
100,2.02E+08,3.67E+06,2309321,2309320,0,384700
100,2.17E+08,3.54E+06,2309328,2309328,0,439650
100,2.14E+08,3.55E+06,2309331,2309331,0,430550
100,2.02E+08,3.72E+06,2309334,2309334,0,385000
100,2.14E+08,3.54E+06,2309348,2309348,0,430550
100,2.07E+08,3.67E+06,2309363,2309364,0,400750
100,2.17E+08,3.56E+06,2309375,2309375,0,439650
100,2.17E+08,3.62E+06,2309375,2309375,0,439750
100,2.07E+08,3.57E+06,2309378,2309372,0,400750
100,2.17E+08,3.54E+06,2309379,2309379,0,439750
100,2.02E+08,3.58E+06,2309383,2309382,0,384700
100,2.17E+08,3.57E+06,2309384,2309386,0,439650
100,2.14E+08,3.56E+06,2309396,2309398,0,430550
100,2.17E+08,3.58E+06,2309409,2309409,0,439750
100,2.07E+08,3.54E+06,2309415,2309415,0,400650
100,2.14E+08,3.58E+06,2309427,2309427,0,430550
100,2.17E+08,3.59E+06,2309429,2309427,0,439650
100,2.17E+08,3.63E+06,2309441,2309441,0,439650
100,2.14E+08,3.54E+06,2309453,2309453,0,430550
100,2.08E+08,3.56E+06,2309454,2309454,0,401600
100,2.14E+08,3.55E+06,2309456,2309458,0,430550
100,2.07E+08,3.56E+06,2309458,2309458,0,400650
100,2.02E+08,3.57E+06,2309477,2309477,0,384700
100,2.07E+08,3.55E+06,2309477,2309477,0,400750
100,2.14E+08,3.67E+06,2309484,2309485,0,430550
100,2.17E+08,3.54E+06,2309487,2309486,0,439750
100,2.07E+08,3.56E+06,2309492,2309493,0,400750
100,2.14E+08,3.63E+06,2309497,2309499,0,430550
100,1.99E+08,3.71E+06,2309504,2309504,0,369550
100,2.14E+08,3.56E+06,2309526,2309526,0,430550
100,2.07E+08,3.59E+06,2309529,2309529,0,400750
100,2.07E+08,3.56E+06,2309539,2309539,0,399500
100,2.00E+08,3.71E+06,2309542,2309542,0,378600
100,2.14E+08,3.59E+06,2309546,2309546,0,430550
100,2.17E+08,3.54E+06,2309550,2309550,0,439750
100,1.99E+08,3.64E+06,2309552,2309552,0,369550
100,2.17E+08,3.54E+06,2309555,2309558,0,439650
100,2.14E+08,3.57E+06,2309559,2309559,0,430550
100,2.17E+08,3.57E+06,2309567,2309566,0,439750
100,2.17E+08,3.58E+06,2309573,2309573,0,439650
100,1.99E+08,3.54E+06,2309587,2309587,0,372500
100,2.14E+08,3.54E+06,2309589,2309589,0,430550
100,2.17E+08,3.60E+06,2309606,2309605,0,439650
100,2.14E+08,3.54E+06,2309616,2309616,0,430550
100,2.02E+08,3.56E+06,2309619,2309618,0,384700
100,2.07E+08,3.56E+06,2309619,2309619,0,400650
100,2.17E+08,3.55E+06,2309631,2309627,0,439650
100,2.02E+08,3.65E+06,2309639,2309638,0,385000
100,2.02E+08,3.60E+06,2309646,2309647,0,384700
100,2.02E+08,3.62E+06,2309648,2309648,0,384700
100,2.15E+08,3.67E+06,2309648,2309649,0,430550
100,2.07E+08,3.57E+06,2309655,2309655,0,400750
100,2.02E+08,3.55E+06,2309664,2309663,0,384700
100,2.07E+08,3.55E+06,2309665,2309665,0,400750
100,2.02E+08,3.58E+06,2309668,2309668,0,384700
100,1.99E+08,3.57E+06,2309672,2309672,0,372500
100,2.14E+08,3.56E+06,2309673,2309673,0,430550
100,2.17E+08,3.54E+06,2309677,2309675,0,439750
100,2.17E+08,3.62E+06,2309680,2309680,0,439750
100,2.17E+08,3.56E+06,2309682,2309681,0,439650
100,2.14E+08,3.55E+06,2309694,2309694,0,430550
100,2.14E+08,3.60E+06,2309695,2309695,0,430550
100,2.07E+08,3.58E+06,2309700,2309700,0,400650
100,1.99E+08,3.62E+06,2309702,2309704,0,372500
100,2.14E+08,3.54E+06,2309706,2309705,0,430550
100,1.99E+08,3.59E+06,2309708,2309708,0,369550
100,2.14E+08,3.54E+06,2309724,2309724,0,430550
100,2.17E+08,3.58E+06,2309738,2309737,0,439650
100,2.02E+08,3.57E+06,2309748,2309748,0,384700
100,2.17E+08,3.58E+06,2309769,2309769,0,439650
100,2.14E+08,3.55E+06,2309776,2309776,0,430550
100,2.01E+08,3.75E+06,2309782,2309783,0,381050
100,2.14E+08,3.59E+06,2309787,2309787,0,430550
100,1.99E+08,3.55E+06,2309797,2309795,0,372500
100,2.02E+08,3.66E+06,2309801,2309799,0,384700
100,1.99E+08,3.55E+06,2309804,2309805,0,372500
100,2.17E+08,3.55E+06,2309807,2309807,0,439750
100,2.17E+08,3.56E+06,2309812,2309812,0,439750
100,1.99E+08,3.65E+06,2309815,2309815,0,372500
100,2.07E+08,3.54E+06,2309818,2309818,0,400750
100,2.14E+08,3.54E+06,2309818,2309817,0,430550
100,2.17E+08,3.54E+06,2309818,2309818,0,439650
100,2.07E+08,3.56E+06,2309829,2309829,0,400650
100,2.14E+08,3.61E+06,2309839,2309843,0,430550
100,2.07E+08,3.55E+06,2309860,2309861,0,400650
100,2.01E+08,3.85E+06,2309869,2309869,0,382650
100,2.14E+08,3.55E+06,2309871,2309871,0,430550
100,1.98E+08,3.64E+06,2309874,2309875,0,367050
100,2.07E+08,3.59E+06,2309881,2309878,0,400650
100,2.14E+08,3.55E+06,2309890,2309890,0,430550
100,2.14E+08,3.56E+06,2309894,2309893,0,430550
100,1.99E+08,3.81E+06,2309903,2309904,0,372500
100,2.07E+08,3.54E+06,2309906,2309903,0,400650
100,2.14E+08,3.57E+06,2309908,2309908,0,430550
100,2.03E+08,3.67E+06,2309911,2309914,0,387100
100,2.17E+08,3.62E+06,2309914,2309914,0,439750
100,2.02E+08,3.59E+06,2309923,2309925,0,384700
100,2.02E+08,3.54E+06,2309923,2309923,0,384700
100,1.99E+08,3.58E+06,2309925,2309926,0,372500
100,2.17E+08,3.54E+06,2309929,2309930,0,439650
100,2.07E+08,3.67E+06,2309932,2309933,0,400750
100,2.17E+08,3.56E+06,2309939,2309940,0,439650
100,2.07E+08,3.55E+06,2309940,2309940,0,400650
100,2.14E+08,3.54E+06,2309947,2309947,0,430550
100,1.99E+08,3.59E+06,2309950,2309950,0,369550
100,1.99E+08,3.57E+06,2309953,2309952,0,369550
100,2.07E+08,3.56E+06,2309953,2309953,0,400650
100,2.14E+08,3.56E+06,2309959,2309959,0,430550
100,2.07E+08,3.55E+06,2309964,2309964,0,400750
100,2.17E+08,3.56E+06,2309965,2309965,0,439750
100,2.07E+08,3.55E+06,2309966,2309966,0,400650
100,2.07E+08,3.58E+06,2309967,2309968,0,400750
100,2.14E+08,3.54E+06,2309972,2309972,0,430550
100,2.07E+08,3.55E+06,2309974,2309974,0,400750
100,2.07E+08,3.56E+06,2309976,2309976,0,400750
100,2.17E+08,3.54E+06,2309978,2309978,0,439650
100,2.14E+08,3.56E+06,2309984,2309984,0,430550
100,2.14E+08,3.55E+06,2309988,2309990,0,430550
100,2.07E+08,3.54E+06,2309989,2309990,0,400750
100,2.02E+08,3.61E+06,2309995,2309995,0,384700
100,2.17E+08,3.71E+06,2310010,2310017,0,439750
100,2.14E+08,3.98E+06,2310011,2310011,0,430550
100,1.99E+08,3.58E+06,2310015,2310015,0,372500
100,2.17E+08,3.56E+06,2310015,2310015,0,439650
100,2.17E+08,3.55E+06,2310015,2310007,0,439650
100,2.14E+08,3.54E+06,2310020,2310020,0,430550
100,1.91E+08,3.65E+06,2310022,2310022,0,342250
100,2.07E+08,3.55E+06,2310024,2310024,0,400750
100,2.02E+08,3.57E+06,2310029,2310029,0,384300
100,2.14E+08,3.64E+06,2310029,2310028,0,430550
100,1.99E+08,3.59E+06,2310036,2310037,0,372500
100,2.02E+08,3.60E+06,2310036,2310035,0,384700
100,2.02E+08,3.57E+06,2310036,2310036,0,384700
100,2.17E+08,3.57E+06,2310036,2310035,0,439750
100,1.99E+08,3.55E+06,2310056,2310057,0,369550
100,2.14E+08,3.54E+06,2310060,2310058,0,430550
100,2.17E+08,3.57E+06,2310065,2310065,0,439650
100,2.14E+08,3.56E+06,2310069,2310069,0,430550
100,2.07E+08,3.59E+06,2310070,2310068,0,400650
100,2.17E+08,3.56E+06,2310076,2310076,0,439650
100,2.17E+08,3.54E+06,2310081,2310081,0,439750
100,2.07E+08,3.57E+06,2310101,2310101,0,400650
100,2.07E+08,3.54E+06,2310101,2310098,0,400750
100,1.99E+08,3.63E+06,2310108,2310106,0,369550
100,2.14E+08,3.57E+06,2310135,2310135,0,430550
100,2.07E+08,3.55E+06,2310146,2310146,0,400750
100,2.14E+08,3.55E+06,2310146,2310148,0,430550
100,2.17E+08,3.59E+06,2310154,2310154,0,439750
100,2.02E+08,3.55E+06,2310159,2310159,0,384700
100,2.07E+08,3.54E+06,2310173,2310172,0,400650
100,2.02E+08,3.59E+06,2310178,2310178,0,384300
100,2.02E+08,3.55E+06,2310182,2310181,0,384700
100,2.01E+08,3.73E+06,2310190,2310190,0,382650
100,2.17E+08,3.55E+06,2310197,2310197,0,439650
100,2.17E+08,3.54E+06,2310202,2310202,0,439650
100,2.17E+08,3.56E+06,2310214,2310214,0,439650
100,2.07E+08,3.54E+06,2310225,2310225,0,400650
100,2.17E+08,3.60E+06,2310230,2310233,0,439650
100,1.96E+08,3.72E+06,2310231,2310231,0,359600
100,2.17E+08,3.55E+06,2310234,2310234,0,439650
100,2.14E+08,3.57E+06,2310235,2310238,0,430550
100,2.02E+08,3.58E+06,2310248,2310250,0,384300
100,2.07E+08,3.56E+06,2310249,2310249,0,400750
100,2.07E+08,3.56E+06,2310250,2310250,0,400650
100,2.14E+08,3.56E+06,2310255,2310255,0,430550
100,2.14E+08,3.77E+06,2310267,2310267,0,430550
100,2.01E+08,3.64E+06,2310272,2310270,0,381050
100,2.02E+08,3.56E+06,2310307,2310306,0,384700
100,2.14E+08,3.54E+06,2310307,2310306,0,430550
100,2.14E+08,3.64E+06,2310313,2310313,0,430550
100,1.99E+08,3.68E+06,2310325,2310325,0,372500
100,2.17E+08,3.54E+06,2310326,2310326,0,439650
100,1.99E+08,3.54E+06,2310339,2310339,0,369550
100,2.14E+08,3.55E+06,2310341,2310343,0,430550
100,2.17E+08,3.57E+06,2310348,2310348,0,439650
100,2.07E+08,3.56E+06,2310349,2310349,0,400750
100,1.99E+08,3.57E+06,2310362,2310362,0,372500
100,2.07E+08,3.63E+06,2310365,2310365,0,400650
100,2.07E+08,3.62E+06,2310370,2310369,0,400750
100,2.07E+08,3.90E+06,2310381,2310382,0,400500
100,2.17E+08,3.66E+06,2310395,2310395,0,439650
100,2.17E+08,3.54E+06,2310399,2310399,0,439750
100,2.14E+08,3.60E+06,2310402,2310402,0,430550
100,2.13E+08,3.82E+06,2310407,2310407,0,426450
100,2.14E+08,3.56E+06,2310415,2310415,0,430550
100,2.14E+08,3.66E+06,2310420,2310420,0,430550
100,2.17E+08,3.59E+06,2310420,2310418,0,439650
100,1.99E+08,3.55E+06,2310423,2310423,0,372500
100,2.17E+08,3.55E+06,2310427,2310426,0,439650
100,2.07E+08,3.73E+06,2310428,2310428,0,400650
100,2.14E+08,3.61E+06,2310441,2310441,0,430550
100,2.14E+08,3.61E+06,2310442,2310442,0,430550
100,2.14E+08,3.65E+06,2310457,2310456,0,430550
100,2.07E+08,3.67E+06,2310461,2310461,0,400750
100,2.17E+08,3.54E+06,2310486,2310486,0,439750
100,2.17E+08,3.58E+06,2310489,2310488,0,438200
100,2.17E+08,3.61E+06,2310491,2310492,0,438200
100,2.17E+08,3.62E+06,2310495,2310497,0,439650
100,2.17E+08,3.66E+06,2310496,2310495,0,439650
100,1.99E+08,3.58E+06,2310516,2310515,0,369550
100,2.17E+08,3.65E+06,2310520,2310519,0,439650
100,2.02E+08,3.70E+06,2310522,2310522,0,384300
100,2.08E+08,3.57E+06,2310522,2310523,0,401600
100,2.17E+08,3.59E+06,2310540,2310540,0,439650
100,2.17E+08,3.60E+06,2310541,2310541,0,439650
100,2.17E+08,3.60E+06,2310543,2310543,0,439750
100,1.99E+08,3.60E+06,2310555,2310555,0,369550
100,2.02E+08,3.60E+06,2310555,2310554,0,384700
100,2.17E+08,3.60E+06,2310582,2310582,0,439750
100,2.07E+08,3.57E+06,2310586,2310586,0,400650
100,2.17E+08,3.64E+06,2310587,2310587,0,439750
100,2.07E+08,3.57E+06,2310597,2310597,0,400650
100,2.17E+08,3.55E+06,2310597,2310597,0,439650
100,2.05E+08,4.02E+06,2310599,2310599,0,396450
100,2.14E+08,3.84E+06,2310607,2310605,0,430550
100,2.02E+08,3.56E+06,2310618,2310618,0,384700
100,2.07E+08,3.56E+06,2310620,2310620,0,400750
100,2.14E+08,3.57E+06,2310621,2310618,0,430550
100,2.17E+08,3.54E+06,2310621,2310624,0,439650
100,2.07E+08,3.54E+06,2310624,2310624,0,400650
100,2.17E+08,3.64E+06,2310635,2310635,0,439650
100,2.14E+08,3.54E+06,2310641,2310641,0,430550
100,2.08E+08,4.00E+06,2310648,2310646,0,401650
100,1.99E+08,3.57E+06,2310649,2310647,0,369550
100,1.99E+08,3.56E+06,2310656,2310659,0,369550
100,1.99E+08,3.62E+06,2310659,2310659,0,372500
100,2.07E+08,3.55E+06,2310659,2310659,0,400750
100,2.07E+08,3.56E+06,2310678,2310678,0,400650
100,1.99E+08,3.83E+06,2310712,2310711,0,369550
100,2.17E+08,3.55E+06,2310724,2310725,0,439650
100,2.02E+08,3.56E+06,2310732,2310732,0,384700
100,2.07E+08,3.54E+06,2310733,2310733,0,400650
100,2.14E+08,3.55E+06,2310736,2310736,0,430550
100,2.07E+08,3.56E+06,2310740,2310740,0,399500
100,2.02E+08,3.68E+06,2310745,2310745,0,384700
100,2.07E+08,3.62E+06,2310767,2310768,0,400650
100,2.07E+08,3.57E+06,2310770,2310771,0,400750
100,1.99E+08,3.54E+06,2310772,2310772,0,372500
100,2.07E+08,3.54E+06,2310775,2310773,0,400650
100,2.07E+08,3.54E+06,2310781,2310782,0,400650
100,1.99E+08,3.55E+06,2310792,2310792,0,369550
100,2.07E+08,3.56E+06,2310824,2310823,0,400750
100,2.14E+08,3.55E+06,2310836,2310836,0,430550
100,2.02E+08,3.67E+06,2310844,2310847,0,385000
100,2.17E+08,3.60E+06,2310850,2310850,0,439650
100,1.99E+08,3.56E+06,2310851,2310851,0,369550
100,2.14E+08,3.67E+06,2310861,2310861,0,430550
100,2.17E+08,3.58E+06,2310864,2310864,0,439650
100,2.07E+08,3.58E+06,2310866,2310866,0,400650
100,2.17E+08,3.57E+06,2310870,2310868,0,439650
100,2.07E+08,3.61E+06,2310871,2310866,0,400650
100,2.07E+08,3.67E+06,2310874,2310874,0,399500
100,2.17E+08,3.55E+06,2310875,2310873,0,439650
100,2.07E+08,3.54E+06,2310877,2310877,0,400650
100,2.07E+08,3.55E+06,2310881,2310881,0,400650
100,1.99E+08,3.66E+06,2310887,2310889,0,372500
100,2.07E+08,3.55E+06,2310889,2310890,0,400750
100,2.14E+08,3.57E+06,2310911,2310911,0,430550
100,1.99E+08,3.59E+06,2310925,2310926,0,372500
100,2.17E+08,3.55E+06,2310925,2310925,0,439650
100,2.14E+08,3.56E+06,2310926,2310926,0,430550
100,2.17E+08,3.61E+06,2310926,2310925,0,439650
100,2.17E+08,3.56E+06,2310926,2310926,0,439650
100,2.17E+08,3.55E+06,2310932,2310929,0,439750
100,2.07E+08,3.57E+06,2310933,2310934,0,399500
100,2.02E+08,3.60E+06,2310934,2310933,0,384300
100,2.07E+08,3.54E+06,2310935,2310935,0,400650
100,2.17E+08,3.54E+06,2310939,2310939,0,439650
100,1.99E+08,3.58E+06,2310949,2310950,0,372500
100,1.99E+08,3.56E+06,2310954,2310952,0,369550
100,2.17E+08,3.55E+06,2310961,2310961,0,439650
100,2.04E+08,3.64E+06,2310962,2310961,0,388450
100,2.14E+08,3.56E+06,2310969,2310966,0,430550
100,2.17E+08,3.60E+06,2310981,2310981,0,439650
100,1.99E+08,3.72E+06,2310992,2310991,0,372500
100,2.07E+08,3.65E+06,2311010,2311010,0,400650
100,2.17E+08,3.70E+06,2311010,2311011,0,439750
100,2.02E+08,3.61E+06,2311013,2311013,0,384700
100,2.14E+08,3.56E+06,2311021,2311021,0,430550
100,2.14E+08,3.54E+06,2311024,2311024,0,430550
100,2.17E+08,3.63E+06,2311028,2311028,0,439650
100,1.99E+08,3.55E+06,2311045,2311046,0,372500
100,2.14E+08,3.57E+06,2311050,2311052,0,430550
100,2.14E+08,3.54E+06,2311059,2311059,0,430550
100,2.02E+08,3.68E+06,2311062,2311062,0,384700
100,2.17E+08,3.59E+06,2311070,2311070,0,439650
100,2.17E+08,3.55E+06,2311072,2311072,0,439650
100,2.02E+08,3.57E+06,2311076,2311076,0,384700
100,1.99E+08,3.62E+06,2311077,2311073,0,369550
100,1.99E+08,3.60E+06,2311077,2311077,0,372500
100,2.17E+08,3.58E+06,2311085,2311085,0,439650
100,2.07E+08,3.54E+06,2311101,2311101,0,400650
100,2.07E+08,3.55E+06,2311102,2311102,0,400650
100,2.17E+08,3.57E+06,2311104,2311101,0,439650
100,2.14E+08,3.54E+06,2311109,2311109,0,430550
100,2.14E+08,3.55E+06,2311117,2311119,0,430550
100,2.14E+08,3.55E+06,2311117,2311117,0,430550
100,2.07E+08,3.56E+06,2311122,2311121,0,400750
100,2.07E+08,3.55E+06,2311122,2311118,0,400750
100,2.17E+08,3.54E+06,2311122,2311122,0,439750
100,2.14E+08,3.55E+06,2311125,2311124,0,430550
100,2.07E+08,3.54E+06,2311127,2311124,0,400650
100,1.91E+08,3.65E+06,2311128,2311128,0,342450
100,2.17E+08,3.59E+06,2311145,2311145,0,439650
100,2.17E+08,3.55E+06,2311146,2311146,0,439650
100,2.07E+08,3.61E+06,2311147,2311150,0,400750
100,2.07E+08,3.59E+06,2311151,2311151,0,399500
100,1.99E+08,3.67E+06,2311157,2311159,0,372500
100,2.17E+08,3.56E+06,2311166,2311166,0,439650
100,2.02E+08,3.56E+06,2311171,2311168,0,384700
100,2.07E+08,3.57E+06,2311172,2311172,0,400650
100,2.17E+08,3.66E+06,2311172,2311172,0,438350
100,2.17E+08,3.69E+06,2311175,2311173,0,438200
100,2.17E+08,3.56E+06,2311180,2311180,0,439650
100,1.99E+08,3.58E+06,2311184,2311184,0,372500
100,2.17E+08,3.60E+06,2311188,2311188,0,439650
100,2.08E+08,3.54E+06,2311198,2311199,0,401600
100,2.07E+08,3.56E+06,2311199,2311198,0,400650
100,2.14E+08,3.69E+06,2311202,2311204,0,430550
100,2.14E+08,3.55E+06,2311206,2311202,0,430550
100,2.14E+08,3.55E+06,2311232,2311231,0,430550
100,2.01E+08,3.69E+06,2311238,2311238,0,381050
100,2.17E+08,3.55E+06,2311238,2311239,0,439650
100,2.14E+08,3.56E+06,2311252,2311252,0,430550
100,2.17E+08,3.61E+06,2311270,2311271,0,439650
100,2.07E+08,3.56E+06,2311275,2311275,0,400650
100,2.04E+08,3.64E+06,2311291,2311290,0,390400
100,2.02E+08,3.57E+06,2311292,2311291,0,384700
100,2.17E+08,3.54E+06,2311292,2311289,0,439650
100,2.17E+08,3.61E+06,2311295,2311294,0,438200
100,2.04E+08,3.74E+06,2311296,2311295,0,390400
100,2.07E+08,3.54E+06,2311299,2311299,0,400750
100,2.14E+08,3.55E+06,2311306,2311308,0,430550
100,2.15E+08,3.63E+06,2311308,2311306,0,430550
100,2.17E+08,3.55E+06,2311316,2311316,0,439650
100,2.14E+08,3.54E+06,2311319,2311309,0,430550
100,1.99E+08,3.56E+06,2311362,2311361,0,372500
100,1.99E+08,3.58E+06,2311377,2311376,0,372500
100,2.17E+08,3.54E+06,2311381,2311381,0,439750
100,1.99E+08,3.58E+06,2311383,2311383,0,369550
100,2.14E+08,3.55E+06,2311383,2311383,0,430550
100,2.17E+08,3.58E+06,2311386,2311386,0,439650
100,2.14E+08,3.64E+06,2311387,2311387,0,430550
100,1.99E+08,3.55E+06,2311389,2311386,0,372500
100,2.07E+08,3.62E+06,2311390,2311389,0,400750
100,2.14E+08,3.54E+06,2311391,2311388,0,430550
100,2.17E+08,3.55E+06,2311391,2311393,0,439650
100,2.07E+08,3.57E+06,2311397,2311400,0,399500
100,2.17E+08,3.55E+06,2311411,2311411,0,439650
100,2.14E+08,3.61E+06,2311417,2311415,0,430550
100,2.17E+08,3.61E+06,2311421,2311421,0,439750
100,1.99E+08,3.58E+06,2311423,2311424,0,372500
100,2.15E+08,3.83E+06,2311450,2311450,0,430550
100,1.99E+08,3.57E+06,2311471,2311470,0,372500
100,1.99E+08,3.59E+06,2311480,2311479,0,369550
100,2.14E+08,3.65E+06,2311487,2311489,0,430550
100,2.07E+08,3.59E+06,2311492,2311492,0,400750
100,2.17E+08,3.61E+06,2311500,2311497,0,439650
100,2.14E+08,3.55E+06,2311501,2311501,0,430550
100,2.17E+08,3.62E+06,2311503,2311503,0,439750
100,1.99E+08,3.56E+06,2311509,2311510,0,369550
100,2.17E+08,3.54E+06,2311509,2311509,0,438200
100,2.17E+08,3.55E+06,2311525,2311526,0,439650
100,2.17E+08,3.56E+06,2311531,2311530,0,439650
100,2.02E+08,3.78E+06,2311537,2311538,0,385300
100,1.99E+08,3.54E+06,2311539,2311537,0,372500
100,2.07E+08,3.59E+06,2311548,2311545,0,399500
100,2.14E+08,3.54E+06,2311563,2311563,0,430550
100,2.04E+08,3.71E+06,2311568,2311568,0,388450
100,2.02E+08,3.59E+06,2311588,2311588,0,384700
100,1.99E+08,3.54E+06,2311597,2311600,0,369550
100,2.02E+08,3.61E+06,2311598,2311599,0,384300
100,2.07E+08,3.56E+06,2311603,2311603,0,400650
100,2.02E+08,3.62E+06,2311609,2311610,0,385150
100,2.17E+08,3.60E+06,2311615,2311615,0,439650
100,1.99E+08,3.54E+06,2311616,2311616,0,372500
100,2.17E+08,3.56E+06,2311616,2311616,0,439650
100,2.07E+08,3.55E+06,2311617,2311617,0,400750
100,2.17E+08,3.60E+06,2311617,2311617,0,439650
100,2.17E+08,3.55E+06,2311635,2311633,0,439650
100,2.14E+08,3.56E+06,2311644,2311645,0,430550
100,2.01E+08,3.79E+06,2311645,2311645,0,381500
100,2.14E+08,3.64E+06,2311651,2311651,0,430550
100,1.99E+08,3.59E+06,2311653,2311653,0,372500
100,2.02E+08,3.74E+06,2311656,2311661,0,384700
100,2.14E+08,3.58E+06,2311694,2311695,0,430550
100,2.14E+08,3.54E+06,2311701,2311701,0,430550
100,1.99E+08,3.59E+06,2311712,2311712,0,369550
100,2.02E+08,3.67E+06,2311713,2311713,0,384700
100,2.17E+08,3.68E+06,2311723,2311721,0,439650
100,2.14E+08,3.56E+06,2311734,2311734,0,430550
100,2.14E+08,3.54E+06,2311745,2311746,0,430550
100,2.17E+08,3.57E+06,2311748,2311748,0,439650
100,2.02E+08,3.56E+06,2311759,2311759,0,384700
100,2.14E+08,3.54E+06,2311768,2311768,0,430550
100,2.02E+08,3.60E+06,2311777,2311779,0,384700
100,2.07E+08,3.55E+06,2311777,2311777,0,400750
100,2.14E+08,3.58E+06,2311789,2311789,0,430550
100,1.99E+08,3.59E+06,2311802,2311802,0,372500
100,2.14E+08,3.54E+06,2311804,2311794,0,430550
100,1.99E+08,3.56E+06,2311810,2311810,0,372500
100,2.17E+08,3.62E+06,2311811,2311810,0,439650
100,2.15E+08,3.71E+06,2311831,2311831,0,430550
100,2.17E+08,3.54E+06,2311833,2311834,0,439650
100,2.14E+08,3.56E+06,2311836,2311836,0,430550
100,2.17E+08,3.55E+06,2311844,2311844,0,439650
100,1.99E+08,3.56E+06,2311862,2311863,0,369550
100,2.17E+08,3.54E+06,2311865,2311865,0,439650
100,2.07E+08,3.57E+06,2311869,2311868,0,400750
100,2.01E+08,3.75E+06,2311870,2311870,0,381050
100,2.14E+08,3.64E+06,2311872,2311872,0,430550
100,2.05E+08,4.04E+06,2311873,2311873,0,396450
100,2.17E+08,3.54E+06,2311873,2311873,0,439650
100,2.17E+08,3.57E+06,2311875,2311875,0,439750
100,2.01E+08,3.94E+06,2311885,2311885,0,381050
100,2.17E+08,3.58E+06,2311898,2311898,0,439650
100,2.07E+08,3.54E+06,2311905,2311905,0,400650
100,2.17E+08,3.65E+06,2311913,2311913,0,439650
100,2.07E+08,3.54E+06,2311918,2311918,0,400750
100,2.17E+08,3.55E+06,2311920,2311919,0,439650
100,2.17E+08,3.54E+06,2311936,2311933,0,439650
100,2.00E+08,3.69E+06,2311946,2311945,0,376400
100,2.14E+08,3.54E+06,2311952,2311951,0,430550
100,2.07E+08,3.56E+06,2311957,2311957,0,400650
100,2.07E+08,3.54E+06,2311966,2311967,0,400650
100,1.99E+08,3.58E+06,2311972,2311972,0,372500
100,2.14E+08,3.55E+06,2311972,2311972,0,430550
100,1.99E+08,3.67E+06,2311973,2311973,0,369550
100,1.99E+08,3.76E+06,2311982,2311982,0,372500
100,2.14E+08,3.54E+06,2311984,2311984,0,430550
100,2.07E+08,3.55E+06,2311995,2311995,0,400750
100,1.99E+08,3.55E+06,2311999,2311999,0,372500
100,2.14E+08,3.57E+06,2311999,2311998,0,430550
100,2.14E+08,3.58E+06,2311999,2312001,0,430550
100,2.02E+08,3.62E+06,2312006,2312006,0,384700
100,2.17E+08,3.57E+06,2312008,2312008,0,439750
100,2.14E+08,3.56E+06,2312011,2312011,0,430550
100,2.17E+08,3.63E+06,2312018,2312018,0,439650
100,2.14E+08,3.55E+06,2312025,2312025,0,430550
100,2.17E+08,3.60E+06,2312025,2312027,0,439750
100,1.99E+08,3.56E+06,2312026,2312026,0,372500
100,2.17E+08,3.61E+06,2312041,2312041,0,439750
100,1.99E+08,3.60E+06,2312045,2312043,0,369550
100,2.14E+08,3.64E+06,2312046,2312046,0,430550
100,2.07E+08,3.54E+06,2312050,2312050,0,400650
100,2.07E+08,3.54E+06,2312050,2312051,0,400750
100,2.02E+08,3.63E+06,2312055,2312055,0,384700
100,2.17E+08,3.58E+06,2312061,2312061,0,439650
100,2.14E+08,3.54E+06,2312062,2312062,0,430550
100,2.02E+08,3.57E+06,2312068,2312057,0,384300
100,2.07E+08,3.73E+06,2312079,2312079,0,399500
100,2.17E+08,3.55E+06,2312086,2312086,0,439650
100,2.17E+08,3.55E+06,2312093,2312093,0,439650
100,2.17E+08,3.75E+06,2312111,2312112,0,439750
100,2.07E+08,3.56E+06,2312112,2312112,0,400750
100,1.99E+08,3.57E+06,2312117,2312117,0,369550
100,2.02E+08,3.65E+06,2312124,2312124,0,384700
100,1.99E+08,3.59E+06,2312125,2312125,0,372500
100,2.17E+08,3.59E+06,2312125,2312122,0,439750
100,2.02E+08,3.62E+06,2312129,2312129,0,384700
100,2.14E+08,3.54E+06,2312131,2312131,0,430550
100,2.14E+08,3.68E+06,2312132,2312132,0,430550
100,2.07E+08,3.54E+06,2312138,2312138,0,400650
100,2.17E+08,3.60E+06,2312138,2312138,0,439650
100,2.14E+08,3.60E+06,2312139,2312139,0,430550
100,2.14E+08,3.59E+06,2312146,2312145,0,430550
100,1.96E+08,3.62E+06,2312148,2312148,0,359600
100,2.14E+08,3.55E+06,2312151,2312151,0,430550
100,2.14E+08,3.65E+06,2312156,2312157,0,430550
100,2.14E+08,3.76E+06,2312157,2312156,0,430550
100,2.17E+08,3.62E+06,2312160,2312159,0,439650
100,2.07E+08,3.56E+06,2312172,2312172,0,400750
100,2.14E+08,3.54E+06,2312175,2312175,0,430550
100,2.07E+08,3.68E+06,2312178,2312178,0,399500
100,2.02E+08,3.68E+06,2312188,2312188,0,384700
100,1.99E+08,3.57E+06,2312205,2312205,0,372500
100,1.99E+08,3.60E+06,2312209,2312207,0,372500
100,2.02E+08,3.62E+06,2312209,2312205,0,384700
100,2.02E+08,3.55E+06,2312227,2312229,0,384700
100,2.14E+08,3.54E+06,2312232,2312232,0,430550
100,2.14E+08,3.56E+06,2312234,2312231,0,430550
100,2.17E+08,3.56E+06,2312245,2312245,0,439750
100,1.98E+08,3.56E+06,2312255,2312255,0,367050
100,2.02E+08,3.56E+06,2312256,2312257,0,384700
100,2.14E+08,3.55E+06,2312261,2312261,0,430550
100,2.07E+08,3.54E+06,2312263,2312263,0,400750
100,2.17E+08,3.54E+06,2312274,2312274,0,439650
100,2.01E+08,3.97E+06,2312277,2312275,0,381500
100,1.99E+08,3.58E+06,2312278,2312277,0,369550
100,2.07E+08,3.55E+06,2312288,2312288,0,400750
100,2.17E+08,3.55E+06,2312308,2312308,0,439650
100,2.17E+08,3.56E+06,2312311,2312311,0,438200
100,2.17E+08,3.60E+06,2312314,2312314,0,439650
100,2.17E+08,3.58E+06,2312316,2312317,0,439650
100,2.07E+08,3.56E+06,2312319,2312319,0,400750
100,1.99E+08,3.56E+06,2312323,2312323,0,369550
100,1.99E+08,3.56E+06,2312325,2312327,0,369550
100,2.07E+08,3.60E+06,2312328,2312328,0,400750
100,2.07E+08,3.54E+06,2312331,2312331,0,400650
100,2.14E+08,3.63E+06,2312332,2312330,0,430550
100,2.14E+08,3.58E+06,2312350,2312350,0,430550
100,2.14E+08,3.63E+06,2312353,2312352,0,430550
100,2.07E+08,3.57E+06,2312362,2312362,0,400750
100,2.14E+08,3.55E+06,2312363,2312363,0,430550
100,2.14E+08,3.55E+06,2312364,2312364,0,430550
100,2.17E+08,3.56E+06,2312365,2312365,0,439650
100,2.07E+08,3.54E+06,2312376,2312376,0,400750
100,2.14E+08,3.76E+06,2312393,2312393,0,430550
100,2.02E+08,3.58E+06,2312396,2312397,0,384700
100,2.02E+08,3.59E+06,2312399,2312397,0,384700
100,2.17E+08,3.55E+06,2312400,2312400,0,439650
100,2.17E+08,3.58E+06,2312400,2312400,0,439750
100,2.03E+08,3.89E+06,2312405,2312402,0,387100
100,2.07E+08,3.55E+06,2312405,2312405,0,400750
100,2.17E+08,3.54E+06,2312411,2312411,0,439650
100,2.14E+08,3.58E+06,2312413,2312413,0,430550
100,2.07E+08,3.54E+06,2312415,2312415,0,400650
100,2.02E+08,3.54E+06,2312418,2312415,0,384300
100,2.07E+08,3.57E+06,2312419,2312419,0,400750
100,2.14E+08,3.56E+06,2312429,2312429,0,430550
100,2.02E+08,3.62E+06,2312441,2312443,0,384700
100,2.14E+08,3.61E+06,2312445,2312445,0,430550
100,2.17E+08,3.54E+06,2312446,2312446,0,439650
100,2.14E+08,3.55E+06,2312450,2312450,0,430550
100,1.98E+08,3.62E+06,2312451,2312451,0,367050
100,2.02E+08,3.65E+06,2312453,2312453,0,384700
100,2.17E+08,3.54E+06,2312457,2312459,0,439650
100,2.01E+08,3.74E+06,2312459,2312459,0,382650
100,2.07E+08,3.60E+06,2312464,2312464,0,399500
100,2.14E+08,3.55E+06,2312473,2312473,0,430550
100,2.07E+08,3.54E+06,2312476,2312476,0,400750
100,2.07E+08,3.56E+06,2312479,2312479,0,400750
100,1.99E+08,3.56E+06,2312481,2312478,0,369550
100,2.14E+08,3.57E+06,2312481,2312481,0,430550
100,2.07E+08,3.62E+06,2312500,2312500,0,400650
100,2.07E+08,3.55E+06,2312500,2312500,0,400650
100,2.07E+08,3.54E+06,2312500,2312500,0,400750
100,2.07E+08,3.55E+06,2312500,2312500,0,400750
100,2.14E+08,3.56E+06,2312500,2312500,0,430550
100,2.14E+08,3.55E+06,2312500,2312500,0,430550
100,2.17E+08,3.54E+06,2312500,2312500,0,439650
100,2.14E+08,3.54E+06,2312505,2312506,0,430550
100,1.99E+08,3.56E+06,2312533,2312534,0,369550
100,2.07E+08,3.62E+06,2312543,2312543,0,399500
100,2.02E+08,3.66E+06,2312544,2312541,0,384700
100,2.07E+08,3.55E+06,2312550,2312550,0,400750
100,2.07E+08,3.58E+06,2312550,2312550,0,400750
100,2.07E+08,3.55E+06,2312558,2312558,0,400650
100,2.07E+08,3.54E+06,2312560,2312560,0,399500
100,2.07E+08,3.61E+06,2312561,2312561,0,400750
100,2.17E+08,3.58E+06,2312566,2312566,0,439750
100,2.02E+08,3.64E+06,2312587,2312587,0,384700
100,2.17E+08,3.68E+06,2312587,2312588,0,439650
100,2.17E+08,3.58E+06,2312609,2312609,0,439650
100,2.17E+08,3.70E+06,2312613,2312613,0,439650
100,1.99E+08,3.60E+06,2312621,2312621,0,372500
100,2.07E+08,3.54E+06,2312626,2312626,0,400750
100,2.17E+08,3.57E+06,2312635,2312635,0,439750
100,2.02E+08,3.60E+06,2312638,2312638,0,384700
100,2.14E+08,3.56E+06,2312646,2312646,0,430550
100,2.02E+08,3.54E+06,2312648,2312648,0,384300
100,2.02E+08,3.56E+06,2312662,2312661,0,384700
100,2.17E+08,3.62E+06,2312663,2312663,0,438200
100,2.17E+08,3.57E+06,2312666,2312666,0,439650
100,2.07E+08,3.66E+06,2312681,2312680,0,399650
100,2.07E+08,3.55E+06,2312683,2312683,0,400650
100,2.04E+08,3.67E+06,2312701,2312701,0,388450
100,2.14E+08,3.54E+06,2312715,2312715,0,430550
100,2.17E+08,3.54E+06,2312716,2312716,0,439650
100,2.07E+08,3.55E+06,2312736,2312736,0,400750
100,2.04E+08,3.81E+06,2312742,2312741,0,388450
100,2.17E+08,3.54E+06,2312744,2312742,0,439650
100,2.14E+08,3.54E+06,2312746,2312747,0,430550
100,2.02E+08,3.61E+06,2312752,2312749,0,384300
100,2.07E+08,3.57E+06,2312764,2312764,0,400650
100,2.17E+08,3.58E+06,2312765,2312762,0,439650
100,2.14E+08,3.67E+06,2312771,2312773,0,430550
100,2.16E+08,3.80E+06,2312778,2312777,0,437700
100,2.17E+08,3.56E+06,2312782,2312780,0,439750
100,2.14E+08,3.54E+06,2312789,2312789,0,430550
100,2.14E+08,3.70E+06,2312789,2312790,0,430550
100,1.99E+08,3.58E+06,2312796,2312796,0,369550
100,2.17E+08,3.65E+06,2312810,2312810,0,439750
100,2.14E+08,3.56E+06,2312850,2312850,0,430550
100,2.08E+08,3.75E+06,2312854,2312854,0,401650
100,2.17E+08,3.59E+06,2312861,2312859,0,439650
100,2.17E+08,3.55E+06,2312876,2312876,0,439650
100,2.14E+08,3.55E+06,2312881,2312881,0,430550
100,1.99E+08,3.63E+06,2312887,2312886,0,371500
100,2.17E+08,3.59E+06,2312895,2312893,0,439650
100,2.02E+08,3.58E+06,2312896,2312893,0,384300
100,2.02E+08,3.55E+06,2312901,2312899,0,384300
100,2.14E+08,3.58E+06,2312901,2312901,0,430550
100,2.07E+08,3.54E+06,2312920,2312913,0,400650
100,2.07E+08,3.55E+06,2312928,2312926,0,400750
100,1.99E+08,3.57E+06,2312990,2312989,0,372500
100,2.17E+08,3.58E+06,2312993,2312993,0,439650
100,2.17E+08,3.54E+06,2312999,2312997,0,439650
100,2.14E+08,3.66E+06,2313017,2313018,0,430550
100,2.17E+08,3.58E+06,2313025,2313024,0,439650
100,2.14E+08,3.55E+06,2313066,2313065,0,430550
100,2.17E+08,3.58E+06,2313073,2313073,0,439650
100,1.98E+08,3.80E+06,2313084,2313082,0,367750
100,2.07E+08,3.54E+06,2313106,2313106,0,399500
100,2.07E+08,3.54E+06,2313115,2313115,0,400650
100,1.99E+08,3.61E+06,2313123,2313122,0,372500
100,2.02E+08,3.55E+06,2313124,2313125,0,384700
100,2.17E+08,3.71E+06,2313129,2313132,0,439750
100,1.98E+08,3.59E+06,2313131,2313123,0,367450
100,2.14E+08,3.63E+06,2313136,2313137,0,430550
100,2.17E+08,3.54E+06,2313146,2313145,0,439650
100,2.02E+08,3.68E+06,2313147,2313145,0,385150
100,2.17E+08,3.60E+06,2313148,2313146,0,439650
100,2.17E+08,3.55E+06,2313160,2313160,0,439650
100,2.07E+08,3.67E+06,2313183,2313183,0,399500
100,2.17E+08,3.57E+06,2313201,2313201,0,439650
100,1.99E+08,3.58E+06,2313208,2313210,0,369550
100,2.02E+08,3.72E+06,2313220,2313220,0,384700
100,2.02E+08,3.59E+06,2313225,2313224,0,384700
100,2.14E+08,3.54E+06,2313225,2313224,0,430550
100,2.02E+08,3.54E+06,2313232,2313229,0,384700
100,2.14E+08,3.70E+06,2313232,2313232,0,430550
100,2.15E+08,3.77E+06,2313237,2313235,0,430700
100,2.17E+08,3.65E+06,2313248,2313246,0,438200
100,1.99E+08,3.59E+06,2313262,2313259,0,369550
100,2.17E+08,3.60E+06,2313265,2313265,0,439650
100,1.99E+08,3.70E+06,2313296,2313296,0,369550
100,2.17E+08,3.67E+06,2313299,2313299,0,438200
100,2.02E+08,3.67E+06,2313303,2313303,0,385300
100,2.17E+08,3.55E+06,2313305,2313305,0,439650
100,2.01E+08,3.77E+06,2313306,2313305,0,382650
100,2.07E+08,3.55E+06,2313317,2313317,0,400650
100,2.07E+08,3.64E+06,2313351,2313348,0,399500
100,2.14E+08,3.74E+06,2313364,2313364,0,430550
100,2.17E+08,3.55E+06,2313381,2313380,0,439650
100,2.02E+08,3.63E+06,2313383,2313384,0,384300
100,1.84E+08,3.76E+06,2313400,2313399,0,326300
100,2.14E+08,3.74E+06,2313415,2313415,0,430550
100,2.14E+08,3.74E+06,2313426,2313422,0,430550
100,2.02E+08,3.71E+06,2313429,2313428,0,384700
100,2.14E+08,3.64E+06,2313450,2313450,0,430550
100,1.99E+08,3.64E+06,2313452,2313454,0,372500
100,2.14E+08,3.70E+06,2313464,2313465,0,430550
100,1.99E+08,3.56E+06,2313476,2313476,0,369550
100,2.02E+08,3.82E+06,2313476,2313476,0,385150
100,2.17E+08,3.56E+06,2313483,2313483,0,439650
100,2.17E+08,3.58E+06,2313489,2313489,0,439650
100,2.01E+08,3.68E+06,2313506,2313508,0,382000
100,2.17E+08,3.56E+06,2313507,2313507,0,439650
100,1.98E+08,3.67E+06,2313545,2313544,0,367450
100,2.14E+08,3.55E+06,2313548,2313553,0,430550
100,2.07E+08,3.60E+06,2313561,2313558,0,400750
100,2.05E+08,3.78E+06,2313564,2313564,0,392100
100,2.17E+08,3.55E+06,2313582,2313580,0,438200
100,2.07E+08,3.54E+06,2313612,2313612,0,400650
100,2.17E+08,3.59E+06,2313624,2313628,0,439650
100,2.02E+08,3.58E+06,2313628,2313628,0,384300
100,2.14E+08,3.61E+06,2313628,2313628,0,430550
100,1.99E+08,3.60E+06,2313683,2313683,0,372500
100,2.17E+08,3.54E+06,2313694,2313692,0,439650
100,2.17E+08,3.62E+06,2313700,2313699,0,439650
100,1.99E+08,3.67E+06,2313705,2313705,0,372500
100,1.99E+08,3.66E+06,2313707,2313709,0,372500
100,2.14E+08,3.59E+06,2313721,2313721,0,430550
100,2.17E+08,3.54E+06,2313726,2313724,0,439650
100,2.02E+08,3.70E+06,2313748,2313745,0,385150
100,2.14E+08,3.54E+06,2313755,2313749,0,430550
100,2.02E+08,3.57E+06,2313760,2313760,0,384300
100,2.17E+08,3.65E+06,2313761,2313761,0,439650
100,2.14E+08,3.55E+06,2313767,2313763,0,430550
100,2.08E+08,3.80E+06,2313775,2313774,0,401600
100,2.17E+08,3.62E+06,2313775,2313776,0,439650
100,2.07E+08,3.56E+06,2313806,2313806,0,400650
100,2.17E+08,3.56E+06,2313813,2313812,0,439750
100,2.17E+08,3.55E+06,2313819,2313817,0,439750
100,2.17E+08,3.63E+06,2313820,2313822,0,439650
100,2.02E+08,3.64E+06,2313838,2313838,0,384700
100,2.17E+08,3.55E+06,2313861,2313861,0,439650
100,2.17E+08,3.58E+06,2313878,2313877,0,439650
100,2.07E+08,3.55E+06,2313887,2313887,0,400650
100,2.08E+08,3.55E+06,2313899,2313898,0,401600
100,1.99E+08,3.63E+06,2313905,2313905,0,372500
100,1.99E+08,3.60E+06,2313908,2313912,0,372500
100,2.17E+08,3.57E+06,2313916,2313917,0,439650
100,2.17E+08,3.55E+06,2313924,2313924,0,439650
100,2.17E+08,3.55E+06,2313931,2313931,0,439650
100,2.17E+08,3.59E+06,2313935,2313935,0,439650
100,2.14E+08,3.65E+06,2313946,2313945,0,430550
100,2.17E+08,3.59E+06,2313949,2313949,0,439650
100,2.02E+08,3.60E+06,2313950,2313950,0,384700
100,2.07E+08,3.74E+06,2313979,2313977,0,400650
100,2.14E+08,3.54E+06,2313979,2313979,0,430550
100,2.17E+08,3.62E+06,2313984,2313986,0,439650
100,2.14E+08,3.59E+06,2313985,2313986,0,430550
100,2.17E+08,3.72E+06,2313986,2313986,0,439650
100,2.07E+08,3.93E+06,2313994,2313996,0,399500
100,2.02E+08,3.60E+06,2314058,2314059,0,384700
100,1.96E+08,3.78E+06,2314074,2314078,0,359600
100,2.07E+08,3.54E+06,2314079,2314076,0,400750
100,2.17E+08,3.55E+06,2314083,2314081,0,439650
100,2.14E+08,3.57E+06,2314085,2314085,0,430550
100,2.02E+08,3.61E+06,2314090,2314089,0,384700
100,1.99E+08,3.59E+06,2314102,2314102,0,369550
100,1.99E+08,3.61E+06,2314127,2314124,0,372500
100,2.14E+08,3.54E+06,2314134,2314135,0,430550
100,2.14E+08,3.54E+06,2314136,2314136,0,430550
100,2.17E+08,3.56E+06,2314137,2314138,0,439650
100,2.02E+08,3.60E+06,2314142,2314141,0,384700
100,2.14E+08,3.56E+06,2314159,2314157,0,430550
100,2.07E+08,3.70E+06,2314160,2314160,0,399500
100,1.99E+08,3.65E+06,2314167,2314166,0,369550
100,1.99E+08,3.58E+06,2314183,2314183,0,369550
100,2.07E+08,3.59E+06,2314185,2314185,0,400650
100,2.15E+08,3.82E+06,2314185,2314185,0,430550
100,1.99E+08,3.56E+06,2314188,2314185,0,372500
100,2.17E+08,3.68E+06,2314193,2314193,0,439650
100,2.17E+08,3.57E+06,2314193,2314193,0,439650
100,2.02E+08,3.97E+06,2314197,2314197,0,384700
100,1.99E+08,3.64E+06,2314214,2314216,0,369450
100,1.99E+08,3.63E+06,2314215,2314212,0,372500
100,2.17E+08,3.64E+06,2314227,2314227,0,439750
100,1.99E+08,3.61E+06,2314230,2314228,0,369550
100,2.17E+08,3.54E+06,2314256,2314258,0,439650
100,2.02E+08,3.72E+06,2314258,2314260,0,385150
100,2.17E+08,3.55E+06,2314259,2314259,0,439650
100,2.07E+08,3.64E+06,2314269,2314268,0,399700
100,2.04E+08,3.61E+06,2314293,2314293,0,388450
100,2.17E+08,3.68E+06,2314294,2314296,0,439650
100,2.02E+08,3.56E+06,2314296,2314296,0,384300
100,2.14E+08,3.54E+06,2314300,2314300,0,430550
100,2.07E+08,3.68E+06,2314301,2314296,0,400750
100,2.14E+08,3.54E+06,2314311,2314311,0,430550
100,2.02E+08,3.60E+06,2314321,2314320,0,384700
100,2.03E+08,3.81E+06,2314323,2314322,0,387100
100,2.14E+08,3.58E+06,2314326,2314326,0,430550
100,2.01E+08,3.76E+06,2314330,2314332,0,382650
100,1.99E+08,3.68E+06,2314340,2314341,0,369550
100,1.99E+08,3.54E+06,2314361,2314362,0,369550
100,2.14E+08,3.59E+06,2314374,2314374,0,430550
100,2.02E+08,3.61E+06,2314388,2314389,0,384700
100,2.17E+08,3.60E+06,2314405,2314405,0,439650
100,2.07E+08,3.55E+06,2314412,2314412,0,400650
100,2.17E+08,3.63E+06,2314421,2314421,0,439650
100,1.99E+08,3.60E+06,2314424,2314419,0,372500
100,2.07E+08,3.54E+06,2314431,2314426,0,399500
100,2.07E+08,3.58E+06,2314438,2314437,0,400650
100,2.07E+08,3.55E+06,2314455,2314455,0,400650
100,2.14E+08,3.57E+06,2314468,2314469,0,430550
100,2.07E+08,3.54E+06,2314473,2314473,0,400650
100,2.17E+08,3.55E+06,2314486,2314487,0,439650
100,2.14E+08,3.66E+06,2314494,2314495,0,430550
100,2.07E+08,3.55E+06,2314499,2314500,0,400750
100,2.14E+08,3.54E+06,2314500,2314500,0,430550
100,2.02E+08,3.55E+06,2314501,2314501,0,384700
100,2.17E+08,3.60E+06,2314519,2314520,0,439650
100,2.08E+08,3.59E+06,2314523,2314521,0,401600
100,2.17E+08,3.56E+06,2314536,2314535,0,439650
100,2.17E+08,3.59E+06,2314539,2314538,0,438200
100,2.14E+08,3.74E+06,2314558,2314559,0,430550
100,2.14E+08,3.75E+06,2314565,2314562,0,430550
100,2.07E+08,3.54E+06,2314575,2314575,0,400750
100,2.02E+08,3.65E+06,2314584,2314584,0,385300
100,2.02E+08,3.58E+06,2314590,2314582,0,384300
100,2.02E+08,3.73E+06,2314595,2314597,0,385000
100,1.99E+08,3.59E+06,2314607,2314607,0,369550
100,2.17E+08,3.59E+06,2314619,2314619,0,439650
100,2.02E+08,3.68E+06,2314652,2314652,0,385300
100,2.02E+08,3.58E+06,2314657,2314657,0,384700
100,2.17E+08,3.54E+06,2314657,2314657,0,439650
100,2.14E+08,3.55E+06,2314661,2314658,0,430550
100,2.17E+08,3.57E+06,2314663,2314663,0,439650
100,2.02E+08,3.66E+06,2314669,2314671,0,384700
100,2.14E+08,3.63E+06,2314672,2314670,0,430550
100,2.02E+08,3.63E+06,2314709,2314709,0,384700
100,2.17E+08,3.56E+06,2314720,2314720,0,439650
100,2.17E+08,3.73E+06,2314724,2314725,0,439750
100,2.17E+08,3.54E+06,2314734,2314734,0,439650
100,2.17E+08,3.56E+06,2314743,2314743,0,439750
100,2.14E+08,3.57E+06,2314752,2314753,0,430550
100,2.01E+08,3.62E+06,2314770,2314770,0,382650
100,2.17E+08,3.61E+06,2314770,2314770,0,438200
100,2.14E+08,3.55E+06,2314788,2314787,0,430550
100,2.17E+08,3.70E+06,2314795,2314795,0,439650
100,2.07E+08,3.54E+06,2314817,2314817,0,400750
100,2.14E+08,3.56E+06,2314820,2314820,0,430550
100,2.02E+08,3.64E+06,2314823,2314823,0,384300
100,2.07E+08,3.54E+06,2314846,2314846,0,400750
100,2.14E+08,3.60E+06,2314851,2314851,0,430550
100,2.17E+08,3.57E+06,2314853,2314852,0,439650
100,2.14E+08,3.74E+06,2314862,2314862,0,430550
100,2.02E+08,3.60E+06,2314863,2314862,0,384300
100,2.07E+08,3.56E+06,2314870,2314870,0,400750
100,2.17E+08,3.57E+06,2314874,2314874,0,439750
100,2.17E+08,3.55E+06,2314894,2314894,0,439650
100,1.99E+08,3.54E+06,2314900,2314900,0,372500
100,2.17E+08,3.55E+06,2314900,2314900,0,439650
100,1.99E+08,3.57E+06,2314907,2314908,0,369550
100,2.07E+08,3.58E+06,2314918,2314918,0,400650
100,2.14E+08,3.68E+06,2314922,2314921,0,430550
100,2.07E+08,3.54E+06,2314925,2314925,0,400750
100,2.04E+08,3.73E+06,2314933,2314934,0,389250
100,2.07E+08,3.57E+06,2314937,2314937,0,400650
100,2.17E+08,3.54E+06,2314947,2314947,0,439650
100,2.07E+08,3.55E+06,2314950,2314950,0,400750
100,2.17E+08,3.54E+06,2314950,2314950,0,439650
100,2.17E+08,3.54E+06,2314964,2314964,0,439650
100,2.07E+08,3.60E+06,2314966,2314967,0,400750
100,1.99E+08,3.54E+06,2314974,2314974,0,372500
100,1.99E+08,3.54E+06,2314975,2314975,0,369550
100,2.02E+08,3.57E+06,2314977,2314977,0,384700
100,2.02E+08,3.59E+06,2314999,2314998,0,384700
100,2.17E+08,3.55E+06,2315000,2315000,0,439650
100,2.17E+08,3.57E+06,2315000,2315000,0,439750
100,2.14E+08,3.55E+06,2315015,2315016,0,430550
100,2.02E+08,3.55E+06,2315017,2315016,0,384700
100,2.01E+08,3.70E+06,2315021,2315020,0,382650
100,2.14E+08,3.67E+06,2315021,2315022,0,430550
100,1.98E+08,3.62E+06,2315034,2315034,0,367450
100,2.14E+08,3.54E+06,2315042,2315042,0,430550
100,1.99E+08,3.57E+06,2315052,2315047,0,369550
100,2.17E+08,3.54E+06,2315055,2315052,0,439650
100,1.99E+08,3.56E+06,2315056,2315054,0,369550
100,2.02E+08,3.74E+06,2315089,2315089,0,385000
100,2.14E+08,3.69E+06,2315097,2315097,0,430550
100,2.04E+08,3.65E+06,2315109,2315115,0,389350
100,1.99E+08,3.59E+06,2315115,2315117,0,372500
100,1.99E+08,3.61E+06,2315138,2315138,0,372500
100,2.15E+08,3.73E+06,2315146,2315146,0,431200
100,1.99E+08,3.56E+06,2315185,2315189,0,369550
100,1.99E+08,3.60E+06,2315201,2315201,0,372500
100,1.99E+08,3.54E+06,2315227,2315227,0,372500
100,2.07E+08,3.55E+06,2315242,2315243,0,400650
100,2.14E+08,3.58E+06,2315272,2315270,0,430550
100,2.14E+08,3.55E+06,2315282,2315282,0,430550
100,2.17E+08,3.55E+06,2315290,2315291,0,439650
100,2.03E+08,3.79E+06,2315312,2315312,0,387100
100,2.17E+08,3.58E+06,2315317,2315319,0,439650
100,2.17E+08,3.55E+06,2315327,2315328,0,439650
100,1.98E+08,3.83E+06,2315328,2315327,0,367050
100,2.17E+08,3.54E+06,2315337,2315337,0,439650
100,2.17E+08,3.55E+06,2315342,2315337,0,439650
100,2.14E+08,3.62E+06,2315353,2315353,0,430550
100,1.99E+08,3.54E+06,2315377,2315377,0,369550
100,2.01E+08,3.60E+06,2315377,2315375,0,381050
100,1.96E+08,3.59E+06,2315383,2315383,0,359400
100,2.02E+08,3.56E+06,2315395,2315395,0,384700
100,2.17E+08,3.55E+06,2315395,2315395,0,439650
100,2.03E+08,3.67E+06,2315408,2315408,0,387900
100,2.17E+08,3.58E+06,2315415,2315413,0,438200
100,2.14E+08,3.60E+06,2315432,2315434,0,430550
100,2.02E+08,3.56E+06,2315472,2315471,0,384700
100,2.17E+08,3.57E+06,2315487,2315485,0,439650
100,2.17E+08,3.66E+06,2315524,2315523,0,439750
100,2.02E+08,3.76E+06,2315532,2315532,0,385000
100,2.02E+08,3.65E+06,2315551,2315551,0,384700
100,2.14E+08,3.57E+06,2315566,2315566,0,430550
100,2.14E+08,3.68E+06,2315569,2315565,0,430550
100,2.07E+08,3.55E+06,2315583,2315582,0,400650
100,2.17E+08,3.57E+06,2315586,2315584,0,439650
100,2.05E+08,3.67E+06,2315616,2315616,0,392100
100,2.05E+08,3.66E+06,2315640,2315642,0,392100
100,2.14E+08,3.65E+06,2315667,2315668,0,430550
100,2.17E+08,3.54E+06,2315683,2315684,0,439650
100,2.00E+08,3.72E+06,2315688,2315689,0,377900
100,1.99E+08,3.64E+06,2315714,2315714,0,370400
100,2.14E+08,3.55E+06,2315714,2315714,0,430550
100,1.99E+08,3.58E+06,2315724,2315724,0,372500
100,2.14E+08,3.61E+06,2315730,2315730,0,430550
100,2.14E+08,3.61E+06,2315741,2315739,0,430550
100,2.17E+08,3.58E+06,2315756,2315756,0,439650
100,2.17E+08,3.59E+06,2315765,2315767,0,439750
100,2.02E+08,3.74E+06,2315811,2315811,0,385150
100,2.03E+08,3.61E+06,2315814,2315814,0,387900
100,2.15E+08,3.76E+06,2315818,2315815,0,431000
100,2.00E+08,3.69E+06,2315841,2315838,0,376400
100,2.14E+08,3.64E+06,2315842,2315842,0,430550
100,2.14E+08,3.64E+06,2315860,2315862,0,430550
100,2.14E+08,3.75E+06,2315862,2315861,0,430550
100,1.99E+08,3.63E+06,2315875,2315875,0,369550
100,2.02E+08,3.55E+06,2315877,2315877,0,384700
100,1.99E+08,3.75E+06,2315903,2315902,0,369550
100,2.14E+08,3.56E+06,2315903,2315903,0,430550
100,2.17E+08,3.55E+06,2315909,2315909,0,439750
100,2.17E+08,3.57E+06,2315910,2315908,0,439650
100,2.14E+08,3.72E+06,2315937,2315938,0,430550
100,2.14E+08,3.58E+06,2315967,2315964,0,430550
100,2.05E+08,3.75E+06,2315975,2315977,0,392150
100,2.02E+08,3.63E+06,2315982,2315983,0,384700
100,2.17E+08,3.58E+06,2315982,2315982,0,439750
100,2.17E+08,3.62E+06,2315983,2315981,0,439650
100,2.07E+08,3.73E+06,2315992,2315989,0,400750
100,2.14E+08,3.65E+06,2315992,2315991,0,430550
100,2.17E+08,3.57E+06,2315997,2315997,0,439650
100,1.99E+08,3.55E+06,2316002,2316001,0,369550
100,2.02E+08,3.65E+06,2316005,2316006,0,384700
100,2.17E+08,3.56E+06,2316005,2316005,0,439650
100,2.07E+08,3.64E+06,2316013,2316013,0,400750
100,2.02E+08,3.70E+06,2316036,2316036,0,384700
100,2.14E+08,3.70E+06,2316049,2316049,0,430550
100,2.14E+08,3.64E+06,2316066,2316065,0,430550
100,2.17E+08,3.61E+06,2316076,2316076,0,439750
100,2.17E+08,3.61E+06,2316079,2316079,0,439650
100,2.02E+08,3.58E+06,2316093,2316094,0,384700
100,2.02E+08,3.59E+06,2316096,2316096,0,384300
100,2.14E+08,3.80E+06,2316106,2316106,0,430550
100,2.02E+08,3.55E+06,2316112,2316112,0,384700
100,1.99E+08,3.64E+06,2316123,2316124,0,372500
100,2.07E+08,3.58E+06,2316126,2316124,0,399500
100,2.17E+08,3.54E+06,2316129,2316128,0,439650
100,2.15E+08,3.72E+06,2316160,2316162,0,430700
100,2.17E+08,3.61E+06,2316161,2316163,0,439750
100,1.99E+08,3.56E+06,2316167,2316167,0,372500
100,2.17E+08,3.71E+06,2316211,2316211,0,439750
100,2.02E+08,3.67E+06,2316217,2316217,0,385000
100,2.14E+08,3.59E+06,2316219,2316219,0,430550
100,2.17E+08,3.60E+06,2316221,2316218,0,439650
100,2.02E+08,3.73E+06,2316262,2316262,0,384700
100,2.02E+08,3.75E+06,2316297,2316298,0,384700
100,2.17E+08,3.54E+06,2316342,2316342,0,439750
100,1.99E+08,3.58E+06,2316380,2316379,0,372500
100,2.17E+08,3.59E+06,2316383,2316382,0,439650
100,2.17E+08,3.54E+06,2316385,2316385,0,439750
100,2.02E+08,3.62E+06,2316392,2316392,0,384700
100,2.17E+08,3.54E+06,2316397,2316395,0,439650
100,2.02E+08,3.54E+06,2316407,2316406,0,384700
100,2.14E+08,3.54E+06,2316417,2316412,0,430550
100,1.99E+08,3.64E+06,2316424,2316424,0,372500
100,2.14E+08,3.60E+06,2316450,2316449,0,430550
100,2.17E+08,3.59E+06,2316457,2316457,0,439650
100,2.17E+08,3.58E+06,2316458,2316460,0,439650
100,1.89E+08,3.91E+06,2316467,2316467,0,338600
100,2.04E+08,3.62E+06,2316471,2316470,0,388450
100,2.17E+08,3.60E+06,2316482,2316482,0,439650
100,2.17E+08,3.63E+06,2316553,2316553,0,439650
100,2.02E+08,3.59E+06,2316568,2316568,0,384700
100,2.17E+08,3.58E+06,2316587,2316588,0,439650
100,1.99E+08,3.57E+06,2316599,2316599,0,369550
100,2.14E+08,3.57E+06,2316604,2316604,0,430550
100,1.98E+08,3.69E+06,2316621,2316621,0,367450
100,2.14E+08,3.72E+06,2316633,2316634,0,430550
100,2.02E+08,3.60E+06,2316643,2316642,0,384700
100,2.02E+08,3.59E+06,2316655,2316656,0,384700
100,2.17E+08,3.59E+06,2316661,2316661,0,439650
100,1.99E+08,3.58E+06,2316685,2316685,0,369550
100,2.14E+08,3.59E+06,2316719,2316717,0,430550
100,2.07E+08,3.54E+06,2316720,2316716,0,400650
100,1.99E+08,3.55E+06,2316737,2316735,0,369550
100,1.89E+08,3.70E+06,2316760,2316758,0,339900
100,2.14E+08,3.65E+06,2316773,2316773,0,430550
100,2.02E+08,3.79E+06,2316794,2316795,0,385000
100,2.14E+08,3.66E+06,2316803,2316803,0,430550
100,2.17E+08,3.67E+06,2316827,2316827,0,439650
100,2.17E+08,3.58E+06,2316853,2316847,0,439650
100,1.99E+08,3.66E+06,2316856,2316856,0,369550
100,2.14E+08,3.56E+06,2316859,2316859,0,430550
100,2.17E+08,3.55E+06,2316866,2316866,0,439650
100,2.14E+08,3.58E+06,2316884,2316883,0,430550
100,1.99E+08,3.54E+06,2316886,2316883,0,372500
100,2.14E+08,3.62E+06,2316931,2316931,0,430550
100,2.02E+08,3.68E+06,2316959,2316959,0,384700
100,2.03E+08,3.64E+06,2316961,2316962,0,388300
100,2.17E+08,3.58E+06,2316975,2316971,0,439750
100,2.17E+08,3.64E+06,2317021,2317021,0,439650
100,2.07E+08,3.60E+06,2317033,2317033,0,399500
100,2.14E+08,3.66E+06,2317047,2317047,0,430550
100,1.98E+08,3.56E+06,2317054,2317054,0,367450
100,2.14E+08,3.64E+06,2317087,2317087,0,430550
100,1.99E+08,3.60E+06,2317094,2317093,0,369550
100,2.14E+08,3.60E+06,2317098,2317098,0,430550
100,1.99E+08,3.59E+06,2317117,2317112,0,372500
100,2.14E+08,3.70E+06,2317132,2317132,0,430550
100,2.17E+08,3.56E+06,2317135,2317134,0,439650
100,2.17E+08,3.56E+06,2317149,2317149,0,439750
100,2.14E+08,3.55E+06,2317150,2317150,0,430550
100,2.17E+08,3.55E+06,2317150,2317150,0,439650
100,2.17E+08,3.58E+06,2317162,2317154,0,439650
100,2.02E+08,3.59E+06,2317212,2317214,0,384700
100,2.17E+08,3.59E+06,2317216,2317216,0,438200
100,2.02E+08,3.63E+06,2317236,2317236,0,384700
100,2.17E+08,3.54E+06,2317246,2317246,0,439650
100,2.14E+08,3.55E+06,2317250,2317250,0,430550
100,2.14E+08,3.54E+06,2317262,2317262,0,430550
100,2.14E+08,3.54E+06,2317270,2317270,0,430550
100,2.14E+08,3.74E+06,2317298,2317297,0,430550
100,1.99E+08,3.58E+06,2317303,2317303,0,372500
100,2.17E+08,3.56E+06,2317335,2317333,0,439650
100,2.15E+08,3.74E+06,2317353,2317353,0,431000
100,2.02E+08,3.67E+06,2317370,2317370,0,385150
100,2.01E+08,3.63E+06,2317371,2317371,0,382650
100,1.99E+08,3.64E+06,2317398,2317398,0,371050
100,2.02E+08,3.60E+06,2317404,2317404,0,384700
100,2.02E+08,3.56E+06,2317408,2317407,0,384700
100,2.17E+08,3.58E+06,2317437,2317435,0,439650
100,2.02E+08,3.57E+06,2317440,2317441,0,384700
100,1.99E+08,3.55E+06,2317485,2317487,0,372500
100,2.14E+08,3.57E+06,2317485,2317484,0,430550
100,2.14E+08,3.62E+06,2317487,2317487,0,430550
100,1.99E+08,3.54E+06,2317505,2317506,0,372500
100,2.14E+08,3.54E+06,2317514,2317514,0,430550
100,1.99E+08,3.58E+06,2317522,2317522,0,369550
100,2.14E+08,3.55E+06,2317537,2317537,0,430550
100,2.02E+08,3.58E+06,2317550,2317550,0,384300
100,2.14E+08,3.54E+06,2317550,2317550,0,430550
100,2.17E+08,3.55E+06,2317564,2317564,0,439750
100,2.14E+08,3.54E+06,2317571,2317571,0,430550
100,2.14E+08,3.54E+06,2317591,2317590,0,430550
100,2.02E+08,3.62E+06,2317631,2317632,0,384700
100,2.02E+08,3.57E+06,2317652,2317653,0,384700
100,2.17E+08,3.55E+06,2317666,2317667,0,439650
100,1.99E+08,3.56E+06,2317667,2317667,0,372500
100,2.02E+08,3.57E+06,2317698,2317698,0,384700
100,1.99E+08,3.78E+06,2317701,2317702,0,372500
100,2.17E+08,3.58E+06,2317702,2317702,0,439650
100,2.02E+08,3.59E+06,2317709,2317708,0,384700
100,1.99E+08,3.73E+06,2317714,2317714,0,372500
100,2.02E+08,3.83E+06,2317734,2317734,0,385000
100,2.02E+08,3.64E+06,2317736,2317734,0,384700
100,2.17E+08,3.65E+06,2317767,2317765,0,439650
100,2.02E+08,3.61E+06,2317831,2317829,0,384700
100,2.17E+08,3.58E+06,2317857,2317856,0,438200
100,2.17E+08,3.70E+06,2317859,2317853,0,439650
100,2.07E+08,3.62E+06,2317876,2317876,0,399500
100,1.99E+08,3.61E+06,2317883,2317883,0,372500
100,2.17E+08,3.59E+06,2317891,2317892,0,439750
100,2.02E+08,3.81E+06,2317904,2317904,0,384700
100,2.02E+08,3.57E+06,2317906,2317901,0,384700
100,1.99E+08,3.62E+06,2317919,2317914,0,369550
100,1.99E+08,3.56E+06,2317934,2317932,0,372500
100,2.17E+08,3.65E+06,2317937,2317938,0,438200
100,1.93E+08,3.96E+06,2317940,2317938,0,350350
100,2.14E+08,3.59E+06,2317951,2317953,0,430550
100,2.01E+08,3.78E+06,2317963,2317964,0,382000
100,2.17E+08,3.63E+06,2317977,2317977,0,439650
100,1.99E+08,3.68E+06,2317979,2317979,0,372500
100,1.99E+08,3.60E+06,2317991,2317991,0,372500
100,2.17E+08,3.57E+06,2317993,2317995,0,439650
100,1.99E+08,3.57E+06,2318024,2318023,0,369550
100,2.17E+08,3.61E+06,2318033,2318033,0,439650
100,2.04E+08,3.85E+06,2318062,2318063,0,390000
100,2.17E+08,3.61E+06,2318082,2318083,0,438200
100,2.02E+08,3.61E+06,2318110,2318110,0,384700
100,1.99E+08,3.56E+06,2318111,2318109,0,372500
100,2.17E+08,3.58E+06,2318114,2318112,0,439650
100,2.07E+08,3.54E+06,2318131,2318131,0,399500
100,2.17E+08,3.55E+06,2318156,2318156,0,439650
100,2.02E+08,3.60E+06,2318205,2318206,0,384700
100,2.02E+08,3.55E+06,2318222,2318221,0,384700
100,2.00E+08,3.78E+06,2318252,2318253,0,378600
100,1.89E+08,3.61E+06,2318289,2318285,0,338350
100,2.17E+08,3.63E+06,2318289,2318289,0,439650
100,2.02E+08,3.62E+06,2318297,2318297,0,384300
100,2.14E+08,3.71E+06,2318322,2318322,0,430550
100,1.99E+08,3.64E+06,2318327,2318327,0,372500
100,2.02E+08,3.63E+06,2318331,2318331,0,384700
100,1.99E+08,3.70E+06,2318334,2318334,0,372500
100,1.99E+08,3.63E+06,2318359,2318358,0,372500
100,2.07E+08,3.60E+06,2318371,2318372,0,400750
100,1.99E+08,3.55E+06,2318396,2318396,0,372500
100,2.17E+08,3.62E+06,2318409,2318408,0,439650
100,2.04E+08,3.63E+06,2318413,2318413,0,390000
100,2.17E+08,3.56E+06,2318419,2318419,0,439750
100,2.02E+08,3.60E+06,2318428,2318429,0,384700
100,2.14E+08,3.58E+06,2318458,2318458,0,430550
100,2.17E+08,3.58E+06,2318478,2318476,0,439650
100,1.99E+08,3.61E+06,2318512,2318509,0,372500
100,2.14E+08,3.69E+06,2318516,2318515,0,430550
100,2.14E+08,3.73E+06,2318550,2318551,0,430550
100,2.17E+08,3.70E+06,2318566,2318566,0,439650
100,1.99E+08,3.69E+06,2318572,2318572,0,369550
100,2.17E+08,3.54E+06,2318598,2318598,0,439650
100,1.99E+08,3.59E+06,2318625,2318625,0,369550
100,2.17E+08,3.60E+06,2318626,2318626,0,439650
100,1.99E+08,3.65E+06,2318638,2318637,0,369550
100,2.14E+08,3.54E+06,2318706,2318708,0,430550
100,2.17E+08,3.57E+06,2318727,2318726,0,439650
100,2.14E+08,3.57E+06,2318734,2318735,0,430550
100,2.14E+08,3.57E+06,2318752,2318748,0,430550
100,2.02E+08,3.56E+06,2318756,2318756,0,384300
100,2.14E+08,3.54E+06,2318770,2318771,0,430550
100,2.02E+08,3.58E+06,2318776,2318775,0,384700
100,2.07E+08,3.60E+06,2318779,2318776,0,399500
100,1.96E+08,3.72E+06,2318787,2318787,0,359800
100,2.02E+08,3.59E+06,2318795,2318793,0,384700
100,2.02E+08,3.55E+06,2318817,2318817,0,384700
100,2.17E+08,3.56E+06,2318837,2318837,0,439650
100,2.07E+08,3.60E+06,2318871,2318870,0,400750
100,2.17E+08,3.55E+06,2318913,2318912,0,439650
100,1.99E+08,3.67E+06,2318939,2318941,0,369550
100,2.14E+08,3.75E+06,2318969,2318969,0,430550
100,2.14E+08,3.61E+06,2318981,2318976,0,430550
100,1.99E+08,3.60E+06,2318989,2318989,0,372500
100,2.08E+08,3.71E+06,2319008,2319009,0,401650
100,2.17E+08,3.57E+06,2319022,2319022,0,439650
100,2.02E+08,3.58E+06,2319037,2319038,0,384700
100,1.99E+08,3.63E+06,2319050,2319050,0,371500
100,2.04E+08,3.66E+06,2319056,2319055,0,389250
100,2.17E+08,3.59E+06,2319069,2319070,0,438200
100,2.15E+08,3.69E+06,2319097,2319100,0,430550
100,2.17E+08,3.54E+06,2319098,2319097,0,439650
100,1.99E+08,3.63E+06,2319104,2319103,0,372500
100,2.14E+08,3.61E+06,2319117,2319114,0,430550
100,2.17E+08,3.60E+06,2319123,2319120,0,439650
100,2.02E+08,3.58E+06,2319135,2319133,0,384700
100,2.07E+08,3.55E+06,2319145,2319143,0,400650
100,1.99E+08,3.63E+06,2319149,2319149,0,369550
100,2.14E+08,3.62E+06,2319189,2319192,0,430550
100,2.07E+08,3.60E+06,2319226,2319226,0,399500
100,2.14E+08,3.69E+06,2319247,2319247,0,430550
100,2.02E+08,3.57E+06,2319252,2319252,0,384700
100,2.17E+08,3.54E+06,2319267,2319267,0,439650
100,2.03E+08,3.64E+06,2319288,2319287,0,387100
100,2.15E+08,3.67E+06,2319301,2319302,0,430550
100,2.17E+08,3.57E+06,2319322,2319321,0,439650
100,2.02E+08,3.56E+06,2319328,2319328,0,384700
100,2.02E+08,3.60E+06,2319343,2319343,0,384700
100,2.17E+08,3.68E+06,2319360,2319361,0,439650
100,2.02E+08,3.60E+06,2319414,2319412,0,384700
100,2.02E+08,3.71E+06,2319499,2319497,0,384700
100,2.17E+08,3.57E+06,2319500,2319500,0,439650
100,2.14E+08,3.56E+06,2319547,2319543,0,430550
100,1.98E+08,3.57E+06,2319556,2319554,0,367450
100,2.17E+08,3.55E+06,2319566,2319566,0,439650
100,2.17E+08,3.54E+06,2319584,2319584,0,439650
100,2.17E+08,3.65E+06,2319585,2319586,0,438350
100,2.17E+08,3.60E+06,2319627,2319630,0,439650
100,2.02E+08,3.61E+06,2319631,2319626,0,384700
100,2.17E+08,3.58E+06,2319661,2319661,0,439650
100,1.99E+08,3.60E+06,2319662,2319662,0,372500
100,2.03E+08,3.65E+06,2319668,2319670,0,387100
100,2.14E+08,3.63E+06,2319687,2319689,0,430550
100,2.17E+08,3.54E+06,2319688,2319688,0,439650
100,2.17E+08,3.59E+06,2319710,2319711,0,439650
100,2.02E+08,3.62E+06,2319711,2319712,0,384700
100,2.17E+08,3.59E+06,2319716,2319716,0,439650
100,2.02E+08,3.79E+06,2319723,2319723,0,385150
100,2.15E+08,3.63E+06,2319726,2319725,0,430550
100,2.14E+08,3.75E+06,2319741,2319742,0,430550
100,1.99E+08,3.57E+06,2319774,2319775,0,369550
100,2.02E+08,3.55E+06,2319789,2319789,0,384700
100,1.99E+08,3.84E+06,2319792,2319792,0,369550
100,2.02E+08,3.57E+06,2319814,2319814,0,384700
100,2.02E+08,3.80E+06,2319821,2319822,0,385150
100,2.14E+08,3.57E+06,2319838,2319839,0,430550
100,2.14E+08,3.63E+06,2319853,2319854,0,430550
100,2.17E+08,3.56E+06,2319853,2319853,0,439650
100,1.99E+08,3.78E+06,2319864,2319864,0,372650
100,2.17E+08,3.60E+06,2319869,2319869,0,439650
100,2.14E+08,3.84E+06,2319900,2319894,0,430550
100,2.02E+08,3.58E+06,2319912,2319910,0,384700
100,2.02E+08,3.58E+06,2319937,2319936,0,384300
100,1.99E+08,3.55E+06,2319960,2319963,0,369550
100,2.14E+08,3.70E+06,2319983,2319983,0,430550
100,2.14E+08,3.55E+06,2319987,2319989,0,430550
100,2.15E+08,3.69E+06,2319989,2319990,0,431000
100,2.14E+08,3.58E+06,2319992,2319993,0,430550
100,2.14E+08,3.55E+06,2319998,2320000,0,430550
100,2.17E+08,3.54E+06,2320000,2320000,0,439650
100,2.17E+08,3.63E+06,2320005,2320009,0,439750
100,2.07E+08,3.56E+06,2320013,2320013,0,399500
100,2.14E+08,3.57E+06,2320019,2320019,0,430550
100,1.99E+08,3.65E+06,2320053,2320051,0,369450
100,2.02E+08,3.64E+06,2320118,2320114,0,384700
100,1.99E+08,3.54E+06,2320133,2320133,0,372500
100,2.15E+08,3.94E+06,2320145,2320146,0,430550
100,2.03E+08,3.68E+06,2320183,2320184,0,387900
100,2.07E+08,3.67E+06,2320202,2320202,0,399500
100,2.02E+08,3.64E+06,2320228,2320228,0,384700
100,2.02E+08,3.67E+06,2320248,2320249,0,384700
100,1.99E+08,3.56E+06,2320262,2320262,0,372500
100,1.99E+08,3.56E+06,2320289,2320288,0,372500
100,2.02E+08,3.72E+06,2320299,2320299,0,385000
100,2.17E+08,3.63E+06,2320350,2320350,0,439650
100,1.99E+08,3.65E+06,2320365,2320365,0,370400
100,2.17E+08,3.56E+06,2320366,2320367,0,439750
100,2.17E+08,3.60E+06,2320375,2320375,0,439650
100,2.17E+08,3.58E+06,2320402,2320402,0,439750
100,2.17E+08,3.67E+06,2320414,2320414,0,439650
100,2.07E+08,3.59E+06,2320441,2320441,0,399500
100,2.02E+08,3.69E+06,2320450,2320449,0,384700
100,2.02E+08,3.63E+06,2320461,2320461,0,385150
100,2.01E+08,3.59E+06,2320469,2320470,0,382200
100,2.14E+08,3.60E+06,2320474,2320473,0,430550
100,2.13E+08,4.21E+06,2320475,2320475,0,426450
100,2.02E+08,3.55E+06,2320489,2320485,0,384300
100,2.02E+08,3.66E+06,2320489,2320489,0,384700
100,2.02E+08,3.58E+06,2320490,2320490,0,384700
100,2.17E+08,3.66E+06,2320491,2320487,0,438350
100,2.02E+08,3.65E+06,2320494,2320496,0,384700
100,2.07E+08,3.56E+06,2320496,2320496,0,400750
100,2.17E+08,3.54E+06,2320497,2320497,0,439650
100,2.02E+08,3.79E+06,2320510,2320510,0,385000
100,1.99E+08,3.60E+06,2320517,2320519,0,372500
100,2.02E+08,3.56E+06,2320532,2320532,0,384700
100,2.14E+08,3.58E+06,2320575,2320575,0,430550
100,2.17E+08,3.60E+06,2320616,2320614,0,439650
100,2.14E+08,3.58E+06,2320640,2320643,0,430550
100,2.07E+08,3.58E+06,2320643,2320643,0,399500
100,2.02E+08,3.56E+06,2320655,2320651,0,384700
100,2.14E+08,3.75E+06,2320658,2320662,0,430550
100,2.14E+08,3.62E+06,2320675,2320675,0,430550
100,2.17E+08,3.68E+06,2320677,2320678,0,439650
100,2.17E+08,3.72E+06,2320702,2320702,0,439750
100,1.99E+08,3.59E+06,2320806,2320806,0,372500
100,2.17E+08,3.56E+06,2320828,2320828,0,439650
100,1.98E+08,3.67E+06,2320829,2320829,0,367050
100,2.02E+08,3.61E+06,2320836,2320836,0,384700
100,2.17E+08,3.67E+06,2320840,2320840,0,439750
100,2.17E+08,3.63E+06,2320847,2320846,0,439650
100,2.14E+08,3.61E+06,2320851,2320851,0,430550
100,2.01E+08,3.65E+06,2320854,2320852,0,382650
100,2.07E+08,3.58E+06,2320863,2320863,0,399500
100,2.17E+08,3.55E+06,2320923,2320925,0,439650
100,2.01E+08,3.77E+06,2320947,2320948,0,381050
100,2.02E+08,3.60E+06,2320972,2320973,0,384700
100,2.17E+08,3.56E+06,2320972,2320976,0,439650
100,1.99E+08,3.56E+06,2320982,2320982,0,372500
100,1.99E+08,3.67E+06,2320996,2321000,0,372500
100,2.14E+08,3.65E+06,2321043,2321046,0,430550
100,2.17E+08,3.57E+06,2321046,2321048,0,439650
100,2.03E+08,3.69E+06,2321057,2321057,0,387100
100,2.02E+08,3.70E+06,2321068,2321066,0,385300
100,2.01E+08,3.73E+06,2321147,2321146,0,381050
100,2.03E+08,3.68E+06,2321183,2321183,0,387100
100,2.17E+08,3.57E+06,2321186,2321188,0,439650
100,2.17E+08,3.55E+06,2321241,2321241,0,439650
100,1.99E+08,3.68E+06,2321256,2321257,0,372500
100,1.99E+08,3.73E+06,2321335,2321335,0,372500
100,2.14E+08,3.77E+06,2321336,2321334,0,430550
100,2.02E+08,3.64E+06,2321354,2321354,0,384300
100,2.04E+08,3.68E+06,2321408,2321407,0,388450
100,2.17E+08,3.61E+06,2321447,2321445,0,439650
100,2.17E+08,3.64E+06,2321465,2321467,0,438200
100,2.14E+08,3.65E+06,2321470,2321467,0,430550
100,2.04E+08,3.65E+06,2321486,2321485,0,389000
100,2.17E+08,3.70E+06,2321486,2321486,0,439650
100,2.17E+08,3.56E+06,2321500,2321499,0,439650
100,2.17E+08,3.59E+06,2321506,2321506,0,439650
100,2.17E+08,3.62E+06,2321508,2321508,0,439650
100,2.03E+08,3.78E+06,2321535,2321533,0,387100
100,2.02E+08,3.54E+06,2321541,2321541,0,384300
100,2.17E+08,3.60E+06,2321556,2321556,0,438200
100,1.93E+08,3.71E+06,2321634,2321636,0,348750
100,2.02E+08,3.61E+06,2321658,2321650,0,384700
100,2.00E+08,3.78E+06,2321663,2321664,0,378950
100,2.08E+08,3.79E+06,2321694,2321696,0,401600
100,2.02E+08,3.55E+06,2321757,2321754,0,384700
100,2.14E+08,3.56E+06,2321759,2321761,0,430550
100,2.17E+08,3.59E+06,2321760,2321761,0,439650
100,2.17E+08,3.58E+06,2321766,2321766,0,439650
100,2.02E+08,3.75E+06,2321855,2321855,0,384700
100,2.17E+08,3.58E+06,2321938,2321938,0,439750
100,2.17E+08,3.56E+06,2321963,2321962,0,439650
100,2.17E+08,3.55E+06,2321976,2321977,0,439750
100,2.02E+08,3.65E+06,2322007,2322009,0,385300
100,2.17E+08,3.66E+06,2322037,2322041,0,439650
100,2.14E+08,3.60E+06,2322040,2322039,0,430550
100,1.99E+08,3.59E+06,2322059,2322060,0,369550
100,1.99E+08,3.65E+06,2322096,2322095,0,369450
100,2.17E+08,3.58E+06,2322100,2322100,0,439650
100,1.99E+08,3.54E+06,2322115,2322115,0,369550
100,2.07E+08,3.56E+06,2322159,2322159,0,399500
100,2.17E+08,3.63E+06,2322169,2322169,0,439750
100,2.17E+08,3.56E+06,2322191,2322189,0,439650
100,2.07E+08,3.73E+06,2322205,2322205,0,399500
100,2.17E+08,3.56E+06,2322212,2322211,0,439650
100,2.17E+08,3.57E+06,2322218,2322218,0,439650
100,1.99E+08,3.67E+06,2322219,2322220,0,369550
100,2.17E+08,3.56E+06,2322246,2322244,0,439650
100,1.99E+08,3.73E+06,2322298,2322296,0,369550
100,2.17E+08,3.55E+06,2322324,2322324,0,439650
100,2.02E+08,3.65E+06,2322332,2322334,0,384700
100,1.99E+08,3.60E+06,2322339,2322339,0,372500
100,2.02E+08,3.55E+06,2322339,2322339,0,384700
100,2.14E+08,3.59E+06,2322377,2322376,0,430550
100,2.02E+08,3.73E+06,2322402,2322401,0,384700
100,1.99E+08,3.60E+06,2322424,2322423,0,372500
100,2.04E+08,3.63E+06,2322432,2322431,0,389350
100,1.99E+08,3.56E+06,2322459,2322458,0,369550
100,2.02E+08,3.76E+06,2322473,2322473,0,385000
100,2.08E+08,3.77E+06,2322529,2322531,0,401600
100,2.14E+08,3.62E+06,2322545,2322545,0,430550
100,2.01E+08,3.64E+06,2322552,2322552,0,381050
100,2.15E+08,3.69E+06,2322628,2322630,0,433550
100,2.17E+08,3.58E+06,2322629,2322628,0,438200
100,2.02E+08,3.70E+06,2322645,2322638,0,385300
100,2.02E+08,3.60E+06,2322670,2322671,0,384300
100,2.17E+08,3.57E+06,2322692,2322690,0,439750
100,2.07E+08,3.62E+06,2322706,2322704,0,400750
100,2.17E+08,3.72E+06,2322711,2322711,0,439650
100,2.17E+08,3.62E+06,2322715,2322715,0,439650
100,1.99E+08,3.59E+06,2322718,2322718,0,372500
100,2.05E+08,3.67E+06,2322718,2322718,0,396450
100,2.02E+08,3.73E+06,2322742,2322741,0,385150
100,2.14E+08,3.66E+06,2322781,2322781,0,430550
100,2.08E+08,3.70E+06,2322785,2322784,0,401600
100,1.96E+08,3.63E+06,2322872,2322871,0,359600
100,2.14E+08,3.61E+06,2322885,2322882,0,430550
100,1.99E+08,3.72E+06,2322905,2322905,0,369550
100,1.99E+08,3.67E+06,2322950,2322949,0,369550
100,2.01E+08,3.69E+06,2323043,2323037,0,382650
100,2.17E+08,3.56E+06,2323081,2323086,0,439650
100,2.02E+08,3.57E+06,2323089,2323089,0,384700
100,1.99E+08,3.61E+06,2323116,2323121,0,369550
100,1.99E+08,3.61E+06,2323168,2323168,0,372500
100,2.02E+08,3.57E+06,2323198,2323198,0,384700
100,2.02E+08,3.62E+06,2323214,2323213,0,385000
100,1.99E+08,3.59E+06,2323222,2323221,0,372500
100,2.14E+08,3.63E+06,2323225,2323225,0,430550
100,2.03E+08,3.64E+06,2323253,2323250,0,388450
100,1.99E+08,3.65E+06,2323256,2323257,0,371050
100,2.17E+08,3.58E+06,2323266,2323271,0,439750
100,2.01E+08,3.58E+06,2323278,2323275,0,382200
100,2.17E+08,3.59E+06,2323282,2323282,0,439750
100,2.04E+08,3.66E+06,2323294,2323293,0,390000
100,2.14E+08,3.61E+06,2323306,2323307,0,430550
100,2.07E+08,3.71E+06,2323321,2323322,0,400050
100,1.99E+08,3.56E+06,2323340,2323338,0,369550
100,1.99E+08,3.63E+06,2323348,2323348,0,369550
100,2.17E+08,3.58E+06,2323375,2323375,0,439750
100,1.99E+08,3.76E+06,2323376,2323372,0,369550
100,2.17E+08,3.58E+06,2323378,2323377,0,439650
100,2.07E+08,3.63E+06,2323465,2323465,0,400750
100,2.14E+08,3.60E+06,2323474,2323474,0,430550
100,2.17E+08,3.59E+06,2323475,2323475,0,439650
100,1.99E+08,3.59E+06,2323477,2323477,0,372500
100,2.14E+08,3.75E+06,2323477,2323475,0,430550
100,2.02E+08,3.61E+06,2323494,2323494,0,384700
100,2.17E+08,3.62E+06,2323499,2323497,0,438200
100,2.17E+08,3.56E+06,2323529,2323530,0,439650
100,2.02E+08,3.63E+06,2323557,2323562,0,385150
100,2.01E+08,3.73E+06,2323558,2323555,0,382650
100,1.99E+08,3.59E+06,2323594,2323590,0,372500
100,2.14E+08,3.66E+06,2323620,2323621,0,430550
100,2.17E+08,3.58E+06,2323694,2323694,0,439650
100,2.02E+08,3.58E+06,2323724,2323724,0,384700
100,2.14E+08,3.61E+06,2323756,2323756,0,430550
100,2.14E+08,3.64E+06,2323768,2323769,0,430550
100,2.02E+08,3.66E+06,2323825,2323822,0,384700
100,2.02E+08,3.67E+06,2323827,2323828,0,385150
100,2.14E+08,3.68E+06,2323827,2323829,0,430550
100,1.99E+08,3.56E+06,2323864,2323864,0,369550
100,2.07E+08,3.61E+06,2323904,2323904,0,399500
100,2.07E+08,3.68E+06,2323908,2323906,0,399500
100,2.14E+08,3.60E+06,2323908,2323908,0,430550
100,2.14E+08,3.68E+06,2323925,2323925,0,430550
100,2.17E+08,3.57E+06,2323938,2323937,0,439650
100,2.14E+08,3.56E+06,2323953,2323952,0,430550
100,2.14E+08,3.74E+06,2323959,2323959,0,430550
100,2.07E+08,3.59E+06,2323962,2323962,0,400750
100,2.02E+08,3.64E+06,2324006,2324006,0,384700
100,2.14E+08,3.57E+06,2324096,2324097,0,430550
100,2.17E+08,3.54E+06,2324119,2324119,0,438200
100,2.14E+08,3.64E+06,2324238,2324238,0,430550
100,1.98E+08,3.61E+06,2324252,2324252,0,367050
100,2.08E+08,3.63E+06,2324316,2324316,0,401600
100,2.02E+08,3.70E+06,2324349,2324349,0,384300
100,2.14E+08,3.54E+06,2324380,2324377,0,430550
100,2.14E+08,3.55E+06,2324405,2324403,0,430550
100,2.14E+08,3.62E+06,2324434,2324434,0,430550
100,2.17E+08,3.60E+06,2324446,2324447,0,438200
100,2.17E+08,3.56E+06,2324447,2324444,0,439650
100,2.02E+08,3.58E+06,2324475,2324473,0,384700
100,2.02E+08,3.56E+06,2324477,2324478,0,384700
100,2.02E+08,3.58E+06,2324505,2324502,0,384700
100,1.99E+08,3.54E+06,2324561,2324560,0,372500
100,2.17E+08,3.63E+06,2324583,2324583,0,439650
100,2.14E+08,3.68E+06,2324607,2324608,0,430550
100,2.14E+08,3.65E+06,2324639,2324638,0,430550
100,2.14E+08,3.57E+06,2324646,2324645,0,430550
100,2.02E+08,3.82E+06,2324674,2324674,0,385300
100,2.17E+08,3.58E+06,2324702,2324697,0,439650
100,2.14E+08,3.78E+06,2324714,2324714,0,430550
100,2.14E+08,3.58E+06,2324744,2324746,0,430550
100,2.02E+08,3.54E+06,2324746,2324742,0,384700
100,2.17E+08,3.63E+06,2324754,2324755,0,439650
100,1.99E+08,3.55E+06,2324818,2324818,0,369550
100,2.17E+08,3.57E+06,2324885,2324886,0,439650
100,1.99E+08,3.63E+06,2324901,2324897,0,369550
100,2.07E+08,3.60E+06,2324914,2324914,0,400750
100,2.17E+08,3.54E+06,2324964,2324964,0,439650
100,1.99E+08,3.59E+06,2324988,2324986,0,369550
100,2.02E+08,3.58E+06,2324992,2324992,0,384700
100,2.17E+08,3.55E+06,2325129,2325130,0,439650
100,2.07E+08,3.61E+06,2325148,2325145,0,400650
100,2.17E+08,3.60E+06,2325197,2325196,0,438200
100,1.99E+08,3.62E+06,2325217,2325217,0,372500
100,2.17E+08,3.54E+06,2325217,2325216,0,439750
100,2.17E+08,3.63E+06,2325233,2325233,0,439650
100,2.14E+08,3.63E+06,2325236,2325236,0,430550
100,2.17E+08,3.63E+06,2325254,2325256,0,439650
100,2.01E+08,3.71E+06,2325303,2325302,0,381050
100,2.14E+08,3.57E+06,2325419,2325421,0,430550
100,2.02E+08,3.60E+06,2325438,2325438,0,384700
100,1.99E+08,3.55E+06,2325482,2325482,0,369550
100,2.02E+08,3.56E+06,2325537,2325537,0,384700
100,2.14E+08,3.64E+06,2325539,2325539,0,430550
100,2.14E+08,3.60E+06,2325571,2325571,0,430550
100,2.17E+08,3.56E+06,2325573,2325575,0,439650
100,2.14E+08,3.54E+06,2325592,2325591,0,430550
100,2.02E+08,3.58E+06,2325639,2325639,0,384300
100,1.99E+08,3.58E+06,2325643,2325644,0,372500
100,2.17E+08,3.58E+06,2325643,2325642,0,439650
100,1.99E+08,3.57E+06,2325647,2325648,0,369550
100,2.14E+08,3.60E+06,2325744,2325744,0,430550
100,2.17E+08,3.55E+06,2325780,2325772,0,438200
100,2.02E+08,3.64E+06,2325814,2325812,0,384300
100,1.99E+08,3.59E+06,2325917,2325919,0,369550
100,2.14E+08,3.58E+06,2325946,2325945,0,430550
100,1.99E+08,3.63E+06,2325978,2325978,0,369550
100,2.17E+08,3.54E+06,2326001,2326001,0,439650
100,2.00E+08,3.73E+06,2326051,2326051,0,376400
100,2.14E+08,3.54E+06,2326054,2326052,0,430550
100,1.99E+08,3.54E+06,2326059,2326059,0,372500
100,2.07E+08,3.55E+06,2326067,2326067,0,399500
100,2.17E+08,3.59E+06,2326167,2326167,0,439650
100,2.14E+08,3.64E+06,2326204,2326203,0,430550
100,2.02E+08,3.56E+06,2326210,2326212,0,384700
100,1.99E+08,3.60E+06,2326243,2326243,0,372500
100,1.99E+08,3.57E+06,2326302,2326303,0,372500
100,2.17E+08,3.55E+06,2326320,2326320,0,439650
100,2.17E+08,3.70E+06,2326327,2326329,0,439650
100,2.17E+08,3.60E+06,2326339,2326339,0,438200
100,2.17E+08,3.60E+06,2326414,2326415,0,439650
100,2.17E+08,3.66E+06,2326469,2326470,0,439650
100,2.08E+08,3.60E+06,2326609,2326609,0,401600
100,1.99E+08,3.65E+06,2326631,2326631,0,369550
100,2.02E+08,3.62E+06,2326766,2326766,0,384700
100,2.17E+08,3.60E+06,2326776,2326776,0,439650
100,2.02E+08,4.01E+06,2326827,2326823,0,384300
100,2.17E+08,3.71E+06,2326960,2326959,0,438200
100,2.07E+08,3.66E+06,2327047,2327047,0,399500
100,2.14E+08,3.54E+06,2327066,2327066,0,430550
100,2.17E+08,3.73E+06,2327163,2327163,0,438200
100,2.17E+08,3.60E+06,2327253,2327246,0,439750
100,2.08E+08,3.69E+06,2327291,2327292,0,401600
100,1.99E+08,3.57E+06,2327387,2327385,0,372500
100,2.17E+08,3.56E+06,2327389,2327389,0,439650
100,2.17E+08,3.59E+06,2327393,2327392,0,439650
100,2.02E+08,3.61E+06,2327405,2327401,0,384300
100,2.17E+08,3.63E+06,2327575,2327578,0,439750
100,1.99E+08,3.58E+06,2327585,2327585,0,372500
100,2.17E+08,3.57E+06,2327593,2327593,0,439650
100,2.04E+08,3.79E+06,2327604,2327604,0,390000
100,2.02E+08,3.55E+06,2327647,2327647,0,384700
100,2.02E+08,3.60E+06,2327723,2327722,0,384300
100,1.99E+08,3.57E+06,2327730,2327730,0,372500
100,2.14E+08,3.65E+06,2327934,2327936,0,430550
100,2.02E+08,3.83E+06,2328047,2328049,0,385150
100,2.17E+08,3.56E+06,2328082,2328083,0,439650
100,2.02E+08,3.63E+06,2328087,2328086,0,384700
100,2.00E+08,3.77E+06,2328113,2328112,0,378950
100,2.01E+08,3.63E+06,2328131,2328132,0,381500
100,1.99E+08,3.56E+06,2328236,2328236,0,369550
100,2.17E+08,3.62E+06,2328246,2328250,0,439650
100,2.07E+08,3.58E+06,2328250,2328250,0,399500
100,2.17E+08,3.64E+06,2328283,2328284,0,439650
100,2.17E+08,3.54E+06,2328397,2328397,0,439650
100,2.14E+08,3.56E+06,2328627,2328627,0,430550
100,2.14E+08,3.68E+06,2328718,2328718,0,430550
100,2.02E+08,3.76E+06,2328748,2328748,0,384700
100,2.02E+08,3.64E+06,2328802,2328802,0,384700
100,2.14E+08,3.74E+06,2328833,2328835,0,430550
100,2.14E+08,3.56E+06,2328853,2328853,0,430550
100,2.14E+08,3.65E+06,2328962,2328962,0,430550
100,2.07E+08,3.70E+06,2329107,2329107,0,399650
100,1.99E+08,3.65E+06,2329229,2329229,0,369550
100,2.17E+08,3.64E+06,2329325,2329322,0,439650
100,1.99E+08,3.73E+06,2329339,2329339,0,369550
100,2.14E+08,3.64E+06,2329555,2329555,0,430550
100,1.99E+08,3.57E+06,2329568,2329568,0,369550
100,1.99E+08,3.56E+06,2329607,2329607,0,369550
100,2.17E+08,3.55E+06,2329609,2329609,0,439650
100,2.01E+08,3.61E+06,2329654,2329655,0,382650
100,1.99E+08,3.59E+06,2329685,2329686,0,369550
100,1.99E+08,3.59E+06,2329723,2329723,0,369550
100,2.14E+08,3.71E+06,2329758,2329758,0,430550
100,2.14E+08,3.68E+06,2329960,2329959,0,430550
100,2.01E+08,3.63E+06,2329981,2329981,0,381050
100,2.17E+08,3.73E+06,2329982,2329981,0,439650
100,2.02E+08,3.58E+06,2330052,2330052,0,384700
100,1.99E+08,3.68E+06,2330060,2330062,0,372500
100,2.17E+08,3.71E+06,2330193,2330193,0,439750
100,1.99E+08,3.55E+06,2330261,2330261,0,372500
100,2.17E+08,3.62E+06,2330309,2330309,0,439650
100,1.99E+08,3.54E+06,2330323,2330324,0,369550
100,2.02E+08,3.58E+06,2330323,2330325,0,384300
100,2.02E+08,3.54E+06,2330324,2330323,0,384700
100,2.04E+08,3.68E+06,2330584,2330583,0,389250
100,2.17E+08,3.70E+06,2330601,2330599,0,439750
100,1.99E+08,3.67E+06,2330622,2330622,0,371950
100,2.02E+08,3.63E+06,2330638,2330636,0,384700
100,2.02E+08,3.61E+06,2330706,2330706,0,384700
100,2.14E+08,3.58E+06,2330957,2330956,0,430550
100,2.17E+08,3.59E+06,2330975,2330974,0,439650
100,1.98E+08,3.63E+06,2331017,2331017,0,367450
100,2.17E+08,3.58E+06,2331042,2331041,0,439650
100,1.99E+08,3.67E+06,2331043,2331044,0,369550
100,2.14E+08,3.60E+06,2331090,2331090,0,430550
100,2.07E+08,4.07E+06,2331128,2331128,0,399500
100,2.07E+08,3.71E+06,2331145,2331145,0,399700
100,2.14E+08,3.66E+06,2331148,2331148,0,430550
100,2.08E+08,3.73E+06,2331220,2331221,0,401600
100,2.00E+08,3.64E+06,2331225,2331226,0,377900
100,2.02E+08,3.57E+06,2331339,2331340,0,384700
100,1.99E+08,3.58E+06,2331343,2331344,0,369550
100,2.17E+08,3.61E+06,2331367,2331370,0,439650
100,2.02E+08,3.60E+06,2331377,2331372,0,384700
100,2.14E+08,3.63E+06,2331394,2331394,0,430550
100,2.14E+08,3.67E+06,2331463,2331464,0,430550
100,2.15E+08,3.67E+06,2331562,2331562,0,430550
100,2.17E+08,3.54E+06,2331689,2331687,0,439650
100,2.01E+08,3.80E+06,2331703,2331702,0,381050
100,2.14E+08,3.67E+06,2331714,2331714,0,430550
100,2.14E+08,3.57E+06,2331792,2331791,0,430550
100,1.99E+08,3.59E+06,2331842,2331841,0,372500
100,2.02E+08,3.60E+06,2331894,2331896,0,384700
100,2.02E+08,3.68E+06,2332088,2332087,0,385300
100,1.99E+08,3.58E+06,2332276,2332277,0,372500
100,2.17E+08,3.58E+06,2332570,2332573,0,439750
100,2.01E+08,3.70E+06,2332613,2332615,0,381500
100,2.17E+08,3.62E+06,2332638,2332638,0,439650
100,1.98E+08,3.64E+06,2332727,2332727,0,367450
100,2.17E+08,3.60E+06,2332730,2332729,0,439650
100,2.02E+08,3.72E+06,2332749,2332749,0,384700
100,1.98E+08,3.66E+06,2332758,2332757,0,367050
100,1.89E+08,3.60E+06,2332830,2332827,0,338350
100,2.05E+08,3.68E+06,2332841,2332842,0,396450
100,2.03E+08,3.67E+06,2332930,2332932,0,387100
100,2.14E+08,3.68E+06,2332966,2332967,0,430550
100,1.97E+08,3.69E+06,2333065,2333062,0,365700
100,2.01E+08,3.69E+06,2333338,2333338,0,381050
100,2.07E+08,3.58E+06,2333370,2333373,0,400650
100,1.99E+08,3.66E+06,2333557,2333552,0,369550
100,2.14E+08,3.57E+06,2333558,2333558,0,430550
100,1.99E+08,3.58E+06,2333562,2333563,0,369550
100,2.15E+08,3.95E+06,2333598,2333597,0,430550
100,2.14E+08,3.60E+06,2333683,2333683,0,430550
100,2.17E+08,3.60E+06,2334097,2334097,0,438200
100,1.99E+08,3.63E+06,2334171,2334171,0,372500
100,2.17E+08,3.58E+06,2334183,2334182,0,439650
100,2.17E+08,3.61E+06,2334232,2334232,0,439650
100,2.02E+08,3.57E+06,2334295,2334294,0,384700
100,2.01E+08,3.62E+06,2334357,2334357,0,381050
100,2.04E+08,3.70E+06,2334439,2334435,0,390400
100,2.17E+08,3.57E+06,2334808,2334808,0,439650
100,2.15E+08,3.74E+06,2335036,2335034,0,431000
100,2.15E+08,3.80E+06,2335050,2335051,0,431000
100,2.02E+08,3.58E+06,2335083,2335083,0,384700
100,2.14E+08,3.55E+06,2335146,2335146,0,430550
100,2.15E+08,3.79E+06,2335161,2335160,0,431200
100,2.01E+08,3.68E+06,2335276,2335276,0,381050
100,2.01E+08,3.75E+06,2335446,2335445,0,382000
100,1.99E+08,3.57E+06,2335738,2335738,0,372500
100,1.99E+08,3.58E+06,2335785,2335785,0,372500
100,2.04E+08,3.63E+06,2335822,2335825,0,389350
100,2.04E+08,3.73E+06,2335846,2335846,0,389350
100,2.02E+08,3.57E+06,2335951,2335946,0,384300
100,2.02E+08,3.59E+06,2336039,2336039,0,384700
100,2.01E+08,3.61E+06,2336141,2336137,0,382000
100,2.14E+08,3.62E+06,2336371,2336367,0,430550
100,2.17E+08,3.64E+06,2336693,2336693,0,439750
100,2.01E+08,3.67E+06,2336791,2336790,0,381050
100,1.99E+08,3.69E+06,2336815,2336815,0,372500
100,2.14E+08,3.61E+06,2337117,2337117,0,430550
100,2.17E+08,3.58E+06,2337585,2337585,0,438200
100,2.17E+08,3.58E+06,2337737,2337737,0,439750
100,2.14E+08,3.55E+06,2338530,2338530,0,430550
100,2.14E+08,3.61E+06,2338556,2338558,0,430550
100,2.17E+08,3.67E+06,2338740,2338740,0,438200
100,2.01E+08,3.67E+06,2339079,2339079,0,382650
100,1.99E+08,3.59E+06,2339937,2339937,0,369550
100,1.99E+08,3.57E+06,2340315,2340316,0,369550
100,2.14E+08,3.65E+06,2340438,2340438,0,430550
100,2.07E+08,3.60E+06,2340635,2340635,0,399500
100,2.17E+08,3.58E+06,2341199,2341199,0,439650
100,2.17E+08,3.63E+06,2341464,2341463,0,439650
100,2.17E+08,3.58E+06,2341748,2341748,0,439650
100,2.14E+08,3.59E+06,2341843,2341837,0,430550
100,1.99E+08,3.61E+06,2341985,2341987,0,369450
100,1.99E+08,3.62E+06,2343188,2343187,0,372500
100,2.14E+08,3.68E+06,2343336,2343337,0,430550
100,1.97E+08,3.80E+06,2343892,2343892,0,366050
100,1.87E+08,3.64E+06,2344338,2344338,0,336650
100,2.07E+08,3.66E+06,2344674,2344673,0,400750
100,2.17E+08,3.60E+06,2344749,2344746,0,438200
100,1.99E+08,3.68E+06,2346055,2346054,0,372500
100,2.01E+08,3.67E+06,2347877,2347879,0,382650
100,1.99E+08,3.57E+06,2348393,2348393,0,372500
100,1.99E+08,3.63E+06,2352149,2352148,0,374550
100,2.05E+08,4.18E+06,2353647,2353641,0,392150
100,1.99E+08,3.57E+06,2361378,2361381,0,369550
100,2.17E+08,3.55E+06,2361640,2361640,0,439650
100,2.07E+08,3.55E+06,2365992,2365990,0,400750
100,1.99E+08,3.66E+06,2367074,2367072,0,369550
100,2.17E+08,3.54E+06,2368329,2368328,0,439650
100,2.07E+08,3.54E+06,2372000,2372000,0,400750
100,2.17E+08,3.55E+06,2375511,2375511,0,439750
,,,,,,
,2.17E+08,,2277978.972,2277978.472,,
,207MB,,,,,
