cpus,mem,npmem,recvTps,sendTps,acceptTps,serializedBuffer
0,9.38E+07,11784,0,0,0,0
0,9.38E+07,11784,0,0,0,0
0,9.38E+07,11784,0,0,0,0
1.56534,9.40E+07,893704,0,0,1252,0
100,1.02E+08,1.00E+06,22250,22250,0,26850
100,1.07E+08,2.04E+06,221770,221770,1248,53200
100,1.04E+08,972360,225000,225000,0,31650
100,1.22E+08,2.42E+06,586280,586280,0,106900
100,1.47E+08,17600,799319,799319,0,178900
100,1.47E+08,1.80E+06,1074872,1074871,0,178900
100,1.37E+08,1.78E+06,1081179,1081179,0,143900
100,1.37E+08,1.78E+06,1097948,1097947,0,143900
100,1.37E+08,1.78E+06,1103557,1103557,0,143900
100,1.37E+08,1.78E+06,1106061,1106061,0,143900
100,1.37E+08,1.81E+06,1106344,1106344,0,143900
100,1.37E+08,1.78E+06,1106965,1106965,0,143900
100,1.37E+08,1.78E+06,1108150,1108150,0,143900
100,1.37E+08,1.78E+06,1108203,1108203,0,143900
100,1.37E+08,1.78E+06,1108811,1108811,0,143900
100,1.37E+08,1.78E+06,1110224,1110224,0,143900
100,1.37E+08,1.78E+06,1110733,1110733,0,143900
100,1.37E+08,1.78E+06,1111684,1111684,0,143900
100,1.37E+08,1.78E+06,1119409,1119409,0,143900
100,1.35E+08,1.89E+06,1122500,1122500,0,138750
100,1.35E+08,1.90E+06,1123873,1123872,0,138950
100,1.45E+08,1.79E+06,1124985,1124985,0,168650
100,1.32E+08,2.53E+06,1125000,1125000,0,129900
100,1.34E+08,2.06E+06,1125000,1125000,0,137500
100,1.34E+08,2.20E+06,1125000,1125000,0,138750
100,1.34E+08,2.09E+06,1125000,1125000,0,138750
100,1.34E+08,2.22E+06,1125000,1125000,0,138750
100,1.34E+08,2.07E+06,1125000,1125000,0,138750
100,1.34E+08,2.06E+06,1125000,1125000,0,138750
100,1.34E+08,2.03E+06,1125000,1125000,0,138750
100,1.34E+08,2.19E+06,1125000,1125000,0,138750
100,1.35E+08,2.09E+06,1125000,1125000,0,138750
100,1.35E+08,2.08E+06,1125000,1125000,0,138750
100,1.35E+08,2.21E+06,1125000,1125000,0,138750
100,1.35E+08,2.21E+06,1125000,1125000,0,138750
100,1.35E+08,2.09E+06,1125000,1125000,0,138750
100,1.35E+08,2.08E+06,1125000,1125000,0,138750
100,1.35E+08,2.04E+06,1125000,1125000,0,138750
100,1.35E+08,2.07E+06,1125000,1125000,0,138750
100,1.35E+08,2.07E+06,1125000,1125000,0,138750
100,1.35E+08,1.93E+06,1125000,1125000,0,138750
100,1.35E+08,2.02E+06,1125000,1125000,0,138750
100,1.35E+08,1.98E+06,1125000,1125000,0,138750
100,1.35E+08,1.99E+06,1125000,1125000,0,138750
100,1.35E+08,1.97E+06,1125000,1125000,0,138750
100,1.35E+08,2.07E+06,1125000,1125000,0,138750
100,1.35E+08,1.98E+06,1125000,1125000,0,138750
100,1.35E+08,2.07E+06,1125000,1125000,0,138750
100,1.35E+08,1.95E+06,1125000,1125000,0,138750
100,1.35E+08,2.10E+06,1125000,1125000,0,138750
100,1.35E+08,1.88E+06,1125000,1125000,0,138750
100,1.35E+08,1.97E+06,1125000,1125000,0,138750
100,1.35E+08,1.90E+06,1125000,1125000,0,138750
100,1.35E+08,1.90E+06,1125000,1125000,0,138750
100,1.35E+08,2.15E+06,1125000,1125000,0,138750
100,1.35E+08,1.95E+06,1125000,1125000,0,138750
100,1.35E+08,1.88E+06,1125000,1125000,0,138750
100,1.35E+08,1.93E+06,1125000,1125000,0,138750
100,1.35E+08,1.91E+06,1125000,1125000,0,138750
100,1.35E+08,1.92E+06,1125000,1125000,0,138750
100,1.35E+08,1.92E+06,1125000,1125000,0,138750
100,1.35E+08,2.07E+06,1125000,1125000,0,138750
100,1.35E+08,1.92E+06,1125000,1125000,0,138750
100,1.35E+08,1.89E+06,1125000,1125000,0,138950
100,1.35E+08,1.99E+06,1125000,1125000,0,138950
100,1.35E+08,1.90E+06,1125000,1125000,0,138950
100,1.35E+08,1.93E+06,1125000,1125000,0,138950
100,1.35E+08,1.88E+06,1125000,1125000,0,138950
100,1.35E+08,1.90E+06,1125000,1125000,0,138950
100,1.35E+08,1.89E+06,1125000,1125000,0,138950
100,1.36E+08,1.91E+06,1125000,1125000,0,139150
100,1.36E+08,1.87E+06,1125000,1125000,0,139150
100,1.36E+08,1.90E+06,1125000,1125000,0,139150
100,1.36E+08,1.84E+06,1125000,1125000,0,139150
100,1.36E+08,1.90E+06,1125000,1125000,0,139150
100,1.36E+08,1.83E+06,1125000,1125000,0,139150
100,1.36E+08,1.87E+06,1125000,1125000,0,139150
100,1.36E+08,1.82E+06,1125000,1125000,0,139150
100,1.36E+08,1.78E+06,1125000,1125000,0,139150
100,1.36E+08,1.83E+06,1125000,1125000,0,139150
100,1.36E+08,1.84E+06,1125000,1125000,0,139150
100,1.36E+08,1.94E+06,1125000,1125000,0,139200
100,1.36E+08,1.88E+06,1125000,1125000,0,139300
100,1.36E+08,1.83E+06,1125000,1125000,0,139300
100,1.36E+08,1.87E+06,1125000,1125000,0,139300
100,1.36E+08,1.81E+06,1125000,1125000,0,139300
100,1.36E+08,1.78E+06,1125000,1125000,0,139300
100,1.36E+08,1.83E+06,1125000,1125000,0,139300
100,1.36E+08,1.79E+06,1125000,1125000,0,139300
100,1.36E+08,1.81E+06,1125000,1125000,0,139300
100,1.36E+08,1.83E+06,1125000,1125000,0,139300
100,1.36E+08,1.79E+06,1125000,1125000,0,139300
100,1.36E+08,1.80E+06,1125000,1125000,0,139300
100,1.36E+08,1.78E+06,1125000,1125000,0,139300
100,1.36E+08,1.82E+06,1125000,1125000,0,139300
100,1.36E+08,1.78E+06,1125000,1125000,0,139300
100,1.36E+08,1.78E+06,1125000,1125000,0,139300
100,1.36E+08,1.78E+06,1125000,1125000,0,139300
100,1.36E+08,1.78E+06,1125000,1125000,0,139300
100,1.36E+08,1.79E+06,1125000,1125000,0,139300
100,1.36E+08,1.78E+06,1125000,1125000,0,139300
100,1.36E+08,1.81E+06,1125000,1125000,0,139300
100,1.36E+08,1.78E+06,1125000,1125000,0,139300
100,1.36E+08,1.80E+06,1125000,1125000,0,139300
100,1.36E+08,1.78E+06,1125000,1125000,0,139300
100,1.36E+08,1.79E+06,1125000,1125000,0,139300
100,1.36E+08,1.82E+06,1125000,1125000,0,139300
100,1.36E+08,1.78E+06,1125000,1125000,0,139300
100,1.36E+08,1.78E+06,1125000,1125000,0,139300
100,1.36E+08,1.79E+06,1125000,1125000,0,139300
100,1.36E+08,1.79E+06,1125000,1125000,0,139300
100,1.36E+08,1.78E+06,1125000,1125000,0,139300
100,1.36E+08,1.81E+06,1125000,1125000,0,139300
100,1.36E+08,1.78E+06,1125000,1125000,0,139300
100,1.36E+08,1.78E+06,1125000,1125000,0,139300
100,1.36E+08,1.79E+06,1125000,1125000,0,139300
100,1.36E+08,1.78E+06,1125000,1125000,0,139300
100,1.36E+08,1.80E+06,1125000,1125000,0,139300
100,1.36E+08,1.82E+06,1125000,1125000,0,139300
100,1.36E+08,1.78E+06,1125000,1125000,0,139300
100,1.36E+08,1.78E+06,1125000,1125000,0,139300
100,1.36E+08,1.78E+06,1125000,1125000,0,139300
100,1.36E+08,1.78E+06,1125000,1125000,0,139300
100,1.36E+08,1.81E+06,1125000,1125000,0,139300
100,1.36E+08,1.79E+06,1125000,1125000,0,139300
100,1.36E+08,1.78E+06,1125000,1125000,0,139300
100,1.36E+08,1.78E+06,1125000,1125000,0,139300
100,1.36E+08,1.82E+06,1125000,1125000,0,139300
100,1.36E+08,1.78E+06,1125000,1125000,0,139300
100,1.36E+08,1.78E+06,1125000,1125000,0,139300
100,1.36E+08,1.78E+06,1125000,1125000,0,139300
100,1.36E+08,1.78E+06,1125000,1125000,0,139300
100,1.36E+08,1.78E+06,1125000,1125000,0,139300
100,1.36E+08,1.79E+06,1125000,1125000,0,139300
100,1.36E+08,1.78E+06,1125000,1125000,0,139300
100,1.36E+08,1.78E+06,1125000,1125000,0,139300
100,1.36E+08,1.79E+06,1125000,1125000,0,139300
100,1.36E+08,1.78E+06,1125000,1125000,0,139300
100,1.36E+08,1.78E+06,1125000,1125000,0,139300
100,1.36E+08,1.78E+06,1125000,1125000,0,139300
100,1.36E+08,1.78E+06,1125000,1125000,0,139300
100,1.36E+08,1.78E+06,1125000,1125000,0,139300
100,1.36E+08,1.78E+06,1125000,1125000,0,139300
100,1.36E+08,1.78E+06,1125000,1125000,0,139300
100,1.36E+08,1.78E+06,1125000,1125000,0,139300
100,1.36E+08,1.78E+06,1125000,1125000,0,139300
100,1.36E+08,1.78E+06,1125000,1125000,0,139300
100,1.36E+08,1.79E+06,1125000,1125000,0,139300
100,1.36E+08,1.78E+06,1125000,1125000,0,139300
100,1.36E+08,1.81E+06,1125000,1125000,0,139300
100,1.36E+08,1.78E+06,1125000,1125000,0,139300
100,1.36E+08,1.78E+06,1125000,1125000,0,139300
100,1.36E+08,1.78E+06,1125000,1125000,0,139300
100,1.36E+08,1.78E+06,1125000,1125000,0,139300
100,1.36E+08,1.78E+06,1125000,1125000,0,139300
100,1.36E+08,1.78E+06,1125000,1125000,0,139300
100,1.36E+08,1.78E+06,1125000,1125000,0,139300
100,1.36E+08,1.79E+06,1125000,1125000,0,139300
100,1.36E+08,1.78E+06,1125000,1125000,0,139300
100,1.36E+08,1.78E+06,1125000,1125000,0,139300
100,1.36E+08,1.78E+06,1125000,1125000,0,139300
100,1.36E+08,1.78E+06,1125000,1125000,0,139300
100,1.36E+08,1.78E+06,1125000,1125000,0,139300
100,1.36E+08,1.79E+06,1125000,1125000,0,139300
100,1.36E+08,1.78E+06,1125000,1125000,0,139300
100,1.36E+08,1.78E+06,1125000,1125000,0,139300
100,1.36E+08,1.78E+06,1125000,1125000,0,139300
100,1.36E+08,1.78E+06,1125000,1125000,0,139300
100,1.36E+08,1.78E+06,1125000,1125000,0,139300
100,1.36E+08,1.78E+06,1125000,1125000,0,139300
100,1.36E+08,1.78E+06,1125000,1125000,0,139300
100,1.36E+08,1.78E+06,1125000,1125000,0,139300
100,1.36E+08,1.79E+06,1125000,1125000,0,139300
100,1.36E+08,1.78E+06,1125000,1125000,0,139300
100,1.36E+08,1.78E+06,1125000,1125000,0,139300
100,1.36E+08,1.78E+06,1125000,1125000,0,139300
100,1.36E+08,1.78E+06,1125000,1125000,0,139300
100,1.36E+08,1.78E+06,1125000,1125000,0,139300
100,1.36E+08,1.78E+06,1125000,1125000,0,139300
100,1.36E+08,1.78E+06,1125000,1125000,0,139300
100,1.36E+08,1.78E+06,1125000,1125000,0,139300
100,1.36E+08,1.80E+06,1125000,1125000,0,139300
100,1.36E+08,1.78E+06,1125000,1125000,0,139300
100,1.36E+08,1.78E+06,1125000,1125000,0,139300
100,1.36E+08,1.78E+06,1125000,1125000,0,139300
100,1.36E+08,1.78E+06,1125000,1125000,0,139300
100,1.36E+08,1.78E+06,1125000,1125000,0,139300
100,1.36E+08,1.78E+06,1125000,1125000,0,139300
100,1.36E+08,1.78E+06,1125000,1125000,0,139300
100,1.36E+08,1.78E+06,1125000,1125000,0,139300
100,1.36E+08,1.78E+06,1125000,1125000,0,139300
100,1.36E+08,1.79E+06,1125000,1125000,0,139300
100,1.36E+08,1.78E+06,1125000,1125000,0,139300
100,1.36E+08,1.79E+06,1125000,1125000,0,139300
100,1.36E+08,1.78E+06,1125000,1125000,0,139300
100,1.36E+08,1.78E+06,1125000,1125000,0,139300
100,1.36E+08,1.78E+06,1125000,1125000,0,139300
100,1.36E+08,1.78E+06,1125000,1125000,0,139300
100,1.36E+08,1.78E+06,1125000,1125000,0,139300
100,1.36E+08,1.78E+06,1125000,1125000,0,139300
100,1.36E+08,1.78E+06,1125000,1125000,0,139300
100,1.36E+08,1.78E+06,1125000,1125000,0,139300
100,1.36E+08,1.78E+06,1125000,1125000,0,139300
100,1.36E+08,1.78E+06,1125000,1125000,0,139300
100,1.36E+08,1.78E+06,1125000,1125000,0,139300
100,1.36E+08,1.79E+06,1125000,1125000,0,139300
100,1.36E+08,1.78E+06,1125000,1125000,0,139300
100,1.36E+08,1.78E+06,1125000,1125000,0,139300
100,1.36E+08,1.78E+06,1125000,1125000,0,139300
100,1.36E+08,1.78E+06,1125000,1125000,0,139300
100,1.36E+08,1.78E+06,1125000,1125000,0,139300
100,1.36E+08,1.78E+06,1125000,1125000,0,139300
100,1.36E+08,1.78E+06,1125000,1125000,0,139300
100,1.36E+08,1.78E+06,1125000,1125000,0,139300
100,1.36E+08,1.78E+06,1125000,1125000,0,139300
100,1.36E+08,1.78E+06,1125000,1125000,0,139300
100,1.36E+08,1.78E+06,1125000,1125000,0,139300
100,1.36E+08,1.78E+06,1125000,1125000,0,139300
100,1.36E+08,1.78E+06,1125000,1125000,0,139300
100,1.36E+08,1.79E+06,1125000,1125000,0,139300
100,1.36E+08,1.78E+06,1125000,1125000,0,139300
100,1.36E+08,1.80E+06,1125000,1125000,0,139300
100,1.36E+08,1.78E+06,1125000,1125000,0,139300
100,1.36E+08,1.78E+06,1125000,1125000,0,139300
100,1.36E+08,1.78E+06,1125000,1125000,0,139300
100,1.36E+08,1.78E+06,1125000,1125000,0,139300
100,1.36E+08,1.78E+06,1125000,1125000,0,139300
100,1.36E+08,1.78E+06,1125000,1125000,0,139300
100,1.36E+08,1.78E+06,1125000,1125000,0,139300
100,1.36E+08,1.78E+06,1125000,1125000,0,139300
100,1.36E+08,1.78E+06,1125000,1125000,0,139300
100,1.36E+08,1.78E+06,1125000,1125000,0,139300
100,1.36E+08,1.78E+06,1125000,1125000,0,139300
100,1.36E+08,1.78E+06,1125000,1125000,0,139300
100,1.36E+08,1.78E+06,1125000,1125000,0,139300
100,1.36E+08,1.78E+06,1125000,1125000,0,139300
100,1.36E+08,1.78E+06,1125000,1125000,0,139300
100,1.36E+08,1.78E+06,1125000,1125000,0,139300
100,1.36E+08,1.78E+06,1125000,1125000,0,139300
100,1.36E+08,1.78E+06,1125000,1125000,0,139300
100,1.36E+08,1.78E+06,1125000,1125000,0,139300
100,1.36E+08,1.78E+06,1125000,1125000,0,139300
100,1.36E+08,1.78E+06,1125000,1125000,0,139300
100,1.36E+08,1.78E+06,1125000,1125000,0,139300
100,1.36E+08,1.78E+06,1125000,1125000,0,139300
100,1.36E+08,1.78E+06,1125000,1125000,0,139300
100,1.36E+08,1.78E+06,1125000,1125000,0,139300
100,1.36E+08,1.78E+06,1125000,1125000,0,139300
100,1.36E+08,1.79E+06,1125000,1125000,0,139300
100,1.36E+08,1.78E+06,1125000,1125000,0,139300
100,1.36E+08,1.78E+06,1125000,1125000,0,139550
100,1.36E+08,1.78E+06,1125000,1125000,0,139550
100,1.36E+08,1.78E+06,1125000,1125000,0,139550
100,1.36E+08,1.78E+06,1125000,1125000,0,139550
100,1.36E+08,1.78E+06,1125000,1125000,0,139550
100,1.36E+08,1.78E+06,1125000,1125000,0,139550
100,1.36E+08,1.78E+06,1125000,1125000,0,139550
100,1.36E+08,1.78E+06,1125000,1125000,0,139550
100,1.36E+08,1.79E+06,1125000,1125000,0,139550
100,1.36E+08,1.78E+06,1125000,1125000,0,139550
100,1.36E+08,1.78E+06,1125000,1125000,0,139550
100,1.36E+08,1.78E+06,1125000,1125000,0,139550
100,1.36E+08,1.78E+06,1125000,1125000,0,139550
100,1.36E+08,1.78E+06,1125000,1125000,0,139550
100,1.36E+08,1.78E+06,1125000,1125000,0,139550
100,1.36E+08,1.78E+06,1125000,1125000,0,139550
100,1.36E+08,1.78E+06,1125000,1125000,0,139550
100,1.36E+08,1.78E+06,1125000,1125000,0,139550
100,1.36E+08,1.78E+06,1125000,1125000,0,139550
100,1.36E+08,1.78E+06,1125000,1125000,0,139550
100,1.36E+08,1.78E+06,1125000,1125000,0,139550
100,1.36E+08,1.78E+06,1125000,1125000,0,139550
100,1.36E+08,1.78E+06,1125000,1125000,0,139550
100,1.36E+08,1.78E+06,1125000,1125000,0,139550
100,1.36E+08,1.78E+06,1125000,1125000,0,139550
100,1.36E+08,1.78E+06,1125000,1125000,0,139550
100,1.36E+08,1.78E+06,1125000,1125000,0,139550
100,1.36E+08,1.78E+06,1125000,1125000,0,139550
100,1.36E+08,1.78E+06,1125000,1125000,0,139550
100,1.36E+08,1.78E+06,1125000,1125000,0,139550
100,1.36E+08,1.78E+06,1125000,1125000,0,139550
100,1.36E+08,1.78E+06,1125000,1125000,0,139550
100,1.36E+08,1.78E+06,1125000,1125000,0,139550
100,1.36E+08,1.78E+06,1125000,1125000,0,139550
100,1.36E+08,1.81E+06,1125000,1125000,0,139550
100,1.36E+08,1.78E+06,1125000,1125000,0,139550
100,1.36E+08,1.78E+06,1125000,1125000,0,139550
100,1.36E+08,1.78E+06,1125000,1125000,0,139550
100,1.36E+08,1.78E+06,1125000,1125000,0,139550
100,1.36E+08,1.78E+06,1125000,1125000,0,139550
100,1.36E+08,1.78E+06,1125000,1125000,0,139550
100,1.36E+08,1.78E+06,1125000,1125000,0,139550
100,1.36E+08,1.78E+06,1125000,1125000,0,139550
100,1.36E+08,1.78E+06,1125000,1125000,0,139550
100,1.36E+08,1.78E+06,1125000,1125000,0,139550
100,1.36E+08,1.78E+06,1125000,1125000,0,139550
100,1.36E+08,1.78E+06,1125000,1125000,0,139550
100,1.36E+08,1.78E+06,1125000,1125000,0,139550
100,1.36E+08,1.78E+06,1125000,1125000,0,139550
100,1.36E+08,1.78E+06,1125000,1125000,0,139550
100,1.36E+08,1.78E+06,1125000,1125000,0,139550
100,1.36E+08,1.78E+06,1125000,1125000,0,139550
100,1.36E+08,1.78E+06,1125000,1125000,0,139550
100,1.36E+08,1.78E+06,1125000,1125000,0,139550
100,1.36E+08,1.78E+06,1125000,1125000,0,139550
100,1.36E+08,1.78E+06,1125000,1125000,0,139550
100,1.36E+08,1.78E+06,1125000,1125000,0,139550
100,1.36E+08,1.78E+06,1125000,1125000,0,139550
100,1.36E+08,1.80E+06,1125000,1125000,0,139550
100,1.36E+08,1.78E+06,1125000,1125000,0,139550
100,1.36E+08,1.78E+06,1125000,1125000,0,139550
100,1.36E+08,1.78E+06,1125000,1125000,0,139550
100,1.36E+08,1.78E+06,1125000,1125000,0,139550
100,1.36E+08,1.78E+06,1125000,1125000,0,139550
100,1.36E+08,1.78E+06,1125000,1125000,0,139550
100,1.36E+08,1.78E+06,1125000,1125000,0,139550
100,1.36E+08,1.78E+06,1125000,1125000,0,139550
100,1.36E+08,1.78E+06,1125000,1125000,0,139550
100,1.36E+08,1.78E+06,1125000,1125000,0,139550
100,1.36E+08,1.78E+06,1125000,1125000,0,139550
100,1.36E+08,1.78E+06,1125000,1125000,0,139550
100,1.36E+08,1.78E+06,1125000,1125000,0,139550
100,1.36E+08,1.78E+06,1125000,1125000,0,139550
100,1.36E+08,1.78E+06,1125000,1125000,0,139650
100,1.36E+08,1.78E+06,1125000,1125000,0,139650
100,1.36E+08,1.78E+06,1125000,1125000,0,139650
100,1.36E+08,1.78E+06,1125000,1125000,0,139650
100,1.36E+08,1.78E+06,1125000,1125000,0,139650
100,1.36E+08,1.78E+06,1125000,1125000,0,139650
100,1.36E+08,1.78E+06,1125000,1125000,0,139650
100,1.36E+08,1.78E+06,1125000,1125000,0,139650
100,1.36E+08,1.78E+06,1125000,1125000,0,139650
100,1.36E+08,1.78E+06,1125000,1125000,0,139650
100,1.36E+08,1.78E+06,1125000,1125000,0,139650
100,1.36E+08,1.78E+06,1125000,1125000,0,139650
100,1.36E+08,1.78E+06,1125000,1125000,0,139650
100,1.36E+08,1.78E+06,1125000,1125000,0,139650
100,1.36E+08,1.78E+06,1125000,1125000,0,139650
100,1.36E+08,1.78E+06,1125000,1125000,0,139650
100,1.36E+08,1.78E+06,1125000,1125000,0,139650
100,1.36E+08,1.78E+06,1125000,1125000,0,139650
100,1.36E+08,1.78E+06,1125000,1125000,0,139650
100,1.36E+08,1.78E+06,1125000,1125000,0,139650
100,1.36E+08,1.78E+06,1125000,1125000,0,139650
100,1.36E+08,1.78E+06,1125000,1125000,0,139650
100,1.36E+08,1.78E+06,1125000,1125000,0,139650
100,1.36E+08,1.78E+06,1125000,1125000,0,139650
100,1.36E+08,1.78E+06,1125000,1125000,0,139650
100,1.36E+08,1.78E+06,1125000,1125000,0,139650
100,1.36E+08,1.78E+06,1125000,1125000,0,139650
100,1.36E+08,1.78E+06,1125000,1125000,0,139650
100,1.36E+08,1.78E+06,1125000,1125000,0,139650
100,1.36E+08,1.78E+06,1125000,1125000,0,139650
100,1.36E+08,1.78E+06,1125000,1125000,0,139650
100,1.36E+08,1.78E+06,1125000,1125000,0,139650
100,1.36E+08,1.78E+06,1125000,1125000,0,139650
100,1.36E+08,1.78E+06,1125000,1125000,0,139650
100,1.36E+08,1.78E+06,1125000,1125000,0,139650
100,1.36E+08,1.78E+06,1125000,1125000,0,139650
100,1.36E+08,1.79E+06,1125000,1125000,0,139650
100,1.36E+08,1.78E+06,1125000,1125000,0,139650
100,1.36E+08,1.78E+06,1125000,1125000,0,139650
100,1.36E+08,1.78E+06,1125000,1125000,0,139650
100,1.36E+08,1.78E+06,1125000,1125000,0,139750
100,1.36E+08,1.78E+06,1125000,1125000,0,139750
100,1.36E+08,1.78E+06,1125000,1125000,0,139750
100,1.36E+08,1.78E+06,1125000,1125000,0,139750
100,1.36E+08,1.78E+06,1125000,1125000,0,140350
100,1.36E+08,1.78E+06,1125000,1125000,0,140450
100,1.36E+08,1.80E+06,1125000,1125000,0,140450
100,1.36E+08,1.78E+06,1125000,1125000,0,140450
100,1.36E+08,1.78E+06,1125000,1125000,0,140450
100,1.36E+08,1.78E+06,1125000,1125000,0,140450
100,1.36E+08,1.78E+06,1125000,1125000,0,140450
100,1.36E+08,1.78E+06,1125000,1125000,0,140450
100,1.36E+08,1.78E+06,1125000,1125000,0,140450
100,1.36E+08,1.78E+06,1125000,1125000,0,140450
100,1.36E+08,1.79E+06,1125000,1125000,0,140450
100,1.36E+08,1.82E+06,1125000,1125000,0,140450
100,1.36E+08,1.78E+06,1125000,1125000,0,140450
100,1.36E+08,1.78E+06,1125000,1125000,0,140450
100,1.36E+08,1.78E+06,1125000,1125000,0,141000
100,1.36E+08,1.78E+06,1125000,1125000,0,141000
100,1.36E+08,1.78E+06,1125000,1125000,0,141000
100,1.36E+08,1.78E+06,1125000,1125000,0,141000
100,1.36E+08,1.78E+06,1125000,1125000,0,141000
100,1.36E+08,1.78E+06,1125000,1125000,0,141000
100,1.36E+08,1.78E+06,1125000,1125000,0,141000
100,1.36E+08,1.78E+06,1125000,1125001,0,141000
100,1.36E+08,1.78E+06,1125000,1125000,0,141000
100,1.36E+08,1.78E+06,1125000,1125000,0,141000
100,1.36E+08,1.78E+06,1125000,1125000,0,141000
100,1.36E+08,1.78E+06,1125000,1125000,0,141000
100,1.36E+08,1.78E+06,1125000,1125000,0,141000
100,1.36E+08,1.78E+06,1125000,1125000,0,141000
100,1.36E+08,1.78E+06,1125000,1125000,0,141000
100,1.36E+08,1.78E+06,1125000,1125000,0,141000
100,1.36E+08,1.78E+06,1125000,1125000,0,141300
100,1.36E+08,1.78E+06,1125000,1125000,0,142000
100,1.36E+08,1.78E+06,1125000,1125000,0,142000
100,1.36E+08,1.81E+06,1125000,1125000,0,142000
100,1.36E+08,1.78E+06,1125000,1125000,0,142000
100,1.36E+08,1.78E+06,1125000,1125000,0,142000
100,1.36E+08,1.79E+06,1125000,1125000,0,142000
100,1.36E+08,1.78E+06,1125000,1125000,0,142050
100,1.36E+08,1.78E+06,1125000,1125000,0,142050
100,1.36E+08,1.78E+06,1125000,1125000,0,142050
100,1.36E+08,1.78E+06,1125000,1125000,0,142050
100,1.36E+08,1.78E+06,1125000,1125000,0,142050
100,1.36E+08,1.78E+06,1125000,1125000,0,142300
100,1.36E+08,1.78E+06,1125000,1125000,0,142300
100,1.36E+08,1.78E+06,1125000,1125000,0,142300
100,1.36E+08,1.78E+06,1125000,1125000,0,142750
100,1.36E+08,1.79E+06,1125000,1125000,0,142750
100,1.36E+08,1.80E+06,1125000,1125000,0,142750
100,1.36E+08,1.78E+06,1125000,1125000,0,142750
100,1.36E+08,1.79E+06,1125000,1125000,0,142750
100,1.36E+08,1.78E+06,1125000,1125000,0,142750
100,1.36E+08,1.79E+06,1125000,1125000,0,142750
100,1.36E+08,1.78E+06,1125000,1125000,0,142750
100,1.36E+08,1.78E+06,1125000,1125000,0,142750
100,1.36E+08,1.78E+06,1125000,1125000,0,142750
100,1.36E+08,1.78E+06,1125000,1125000,0,142750
100,1.36E+08,1.78E+06,1125000,1125000,0,142750
100,1.36E+08,1.78E+06,1125000,1125000,0,142750
100,1.36E+08,1.80E+06,1125000,1125000,0,142750
100,1.36E+08,1.78E+06,1125000,1125000,0,142750
100,1.36E+08,1.78E+06,1125000,1125000,0,142750
100,1.36E+08,1.78E+06,1125000,1125000,0,142750
100,1.36E+08,1.78E+06,1125000,1125000,0,142750
100,1.36E+08,1.78E+06,1125000,1125000,0,142750
100,1.36E+08,1.78E+06,1125000,1125000,0,142800
100,1.36E+08,1.78E+06,1125000,1125000,0,143350
100,1.36E+08,1.80E+06,1125000,1125000,0,143350
100,1.36E+08,1.78E+06,1125000,1125000,0,143350
100,1.36E+08,1.78E+06,1125000,1125000,0,143350
100,1.36E+08,1.79E+06,1125000,1125000,0,143350
100,1.36E+08,1.79E+06,1125000,1125000,0,143350
100,1.36E+08,1.78E+06,1125000,1125000,0,143350
100,1.36E+08,1.78E+06,1125000,1125000,0,143350
100,1.36E+08,1.78E+06,1125000,1125000,0,143350
100,1.36E+08,1.78E+06,1125000,1125000,0,143350
100,1.36E+08,1.78E+06,1125000,1125000,0,143350
100,1.36E+08,1.82E+06,1125000,1125000,0,143350
100,1.36E+08,1.78E+06,1125000,1125000,0,143350
100,1.36E+08,1.78E+06,1125000,1125000,0,143350
100,1.36E+08,1.78E+06,1125000,1125000,0,143350
100,1.36E+08,1.78E+06,1125000,1125000,0,143350
100,1.36E+08,1.79E+06,1125000,1125000,0,143350
100,1.36E+08,1.79E+06,1125000,1125000,0,143350
100,1.36E+08,1.78E+06,1125000,1125000,0,143350
100,1.36E+08,1.78E+06,1125000,1125000,0,143350
100,1.36E+08,1.78E+06,1125000,1125000,0,143350
100,1.36E+08,1.78E+06,1125000,1125000,0,143350
100,1.36E+08,1.78E+06,1125000,1125000,0,143350
100,1.36E+08,1.78E+06,1125000,1125000,0,143350
100,1.36E+08,1.79E+06,1125000,1125000,0,143350
100,1.36E+08,1.78E+06,1125000,1125000,0,143350
100,1.37E+08,1.78E+06,1125000,1125000,0,143900
100,1.37E+08,1.78E+06,1125000,1125000,0,143900
100,1.37E+08,1.78E+06,1125000,1125000,0,143900
100,1.37E+08,1.78E+06,1125000,1125000,0,143900
100,1.37E+08,1.78E+06,1125000,1125000,0,143900
100,1.37E+08,1.78E+06,1125000,1125000,0,143900
100,1.37E+08,1.78E+06,1125000,1125000,0,143900
100,1.37E+08,1.78E+06,1125000,1125000,0,143900
100,1.37E+08,1.78E+06,1125000,1125000,0,143900
100,1.37E+08,1.78E+06,1125000,1125000,0,143900
100,1.37E+08,1.78E+06,1125000,1125000,0,143900
100,1.37E+08,1.78E+06,1125000,1125000,0,144000
100,1.37E+08,1.78E+06,1125000,1125000,0,144000
100,1.37E+08,1.78E+06,1125000,1125000,0,144000
100,1.37E+08,1.78E+06,1125000,1125000,0,144000
100,1.37E+08,1.78E+06,1125000,1125000,0,144000
100,1.37E+08,1.79E+06,1125000,1125000,0,144050
100,1.37E+08,1.78E+06,1125000,1125000,0,144050
100,1.38E+08,1.81E+06,1125000,1125000,0,147200
100,1.38E+08,1.78E+06,1125000,1125000,0,147200
100,1.38E+08,1.81E+06,1125000,1125000,0,147200
100,1.38E+08,1.78E+06,1125000,1125000,0,147200
100,1.38E+08,1.78E+06,1125000,1125000,0,147200
100,1.38E+08,1.78E+06,1125000,1125000,0,147800
100,1.38E+08,1.78E+06,1125000,1125000,0,147850
100,1.38E+08,1.78E+06,1125000,1125000,0,147850
100,1.38E+08,1.78E+06,1125000,1125000,0,147850
100,1.38E+08,1.79E+06,1125000,1125000,0,147900
100,1.38E+08,1.78E+06,1125000,1125000,0,147900
100,1.38E+08,1.78E+06,1125000,1125000,0,147900
100,1.38E+08,1.78E+06,1125000,1125000,0,148300
100,1.38E+08,1.78E+06,1125000,1125000,0,148300
100,1.38E+08,1.78E+06,1125000,1125000,0,148300
100,1.38E+08,1.79E+06,1125000,1125000,0,148300
100,1.38E+08,1.80E+06,1125000,1125000,0,148700
100,1.38E+08,1.80E+06,1125000,1125000,0,148700
100,1.38E+08,1.79E+06,1125000,1125000,0,148700
100,1.38E+08,1.78E+06,1125000,1125000,0,148800
100,1.38E+08,1.79E+06,1125000,1125000,0,148800
100,1.38E+08,1.78E+06,1125000,1125000,0,148800
100,1.38E+08,1.78E+06,1125000,1125000,0,148800
100,1.38E+08,1.78E+06,1125000,1125000,0,148800
100,1.38E+08,1.78E+06,1125000,1125000,0,148800
100,1.38E+08,1.78E+06,1125000,1125000,0,149250
100,1.39E+08,1.78E+06,1125000,1125000,0,149250
100,1.39E+08,1.79E+06,1125000,1125000,0,149250
100,1.39E+08,1.78E+06,1125000,1125000,0,149250
100,1.39E+08,1.78E+06,1125000,1125000,0,149300
100,1.39E+08,1.78E+06,1125000,1125000,0,149300
100,1.39E+08,1.78E+06,1125000,1125000,0,149300
100,1.39E+08,1.78E+06,1125000,1125000,0,149300
100,1.39E+08,1.78E+06,1125000,1125000,0,149300
100,1.39E+08,1.78E+06,1125000,1125000,0,149300
100,1.39E+08,1.79E+06,1125000,1125000,0,149300
100,1.39E+08,1.78E+06,1125000,1125000,0,149300
100,1.39E+08,1.78E+06,1125000,1125000,0,149300
100,1.39E+08,1.80E+06,1125000,1125000,0,149300
100,1.39E+08,1.78E+06,1125000,1125000,0,149300
100,1.39E+08,1.79E+06,1125000,1125000,0,149300
100,1.39E+08,1.78E+06,1125000,1125000,0,149300
100,1.39E+08,1.78E+06,1125000,1125000,0,149300
100,1.39E+08,1.78E+06,1125000,1125000,0,149300
100,1.39E+08,1.78E+06,1125000,1125000,0,149500
100,1.39E+08,1.78E+06,1125000,1125000,0,149500
100,1.39E+08,1.78E+06,1125000,1125000,0,149500
100,1.39E+08,1.78E+06,1125000,1125000,0,149500
100,1.39E+08,1.80E+06,1125000,1125000,0,149500
100,1.39E+08,1.78E+06,1125000,1125000,0,149500
100,1.39E+08,1.78E+06,1125000,1125000,0,149500
100,1.39E+08,1.78E+06,1125000,1125000,0,149500
100,1.39E+08,1.80E+06,1125000,1125000,0,149500
100,1.39E+08,1.78E+06,1125000,1125000,0,149500
100,1.39E+08,1.78E+06,1125000,1125000,0,149500
100,1.39E+08,1.79E+06,1125000,1125000,0,149500
100,1.39E+08,1.78E+06,1125000,1125000,0,149500
100,1.39E+08,1.78E+06,1125000,1125000,0,149500
100,1.39E+08,1.78E+06,1125000,1125000,0,149500
100,1.39E+08,1.78E+06,1125000,1125000,0,149500
100,1.39E+08,1.78E+06,1125000,1125000,0,149500
100,1.39E+08,1.80E+06,1125000,1125000,0,149500
100,1.39E+08,1.80E+06,1125000,1125000,0,149500
100,1.39E+08,1.78E+06,1125000,1125000,0,149500
100,1.39E+08,1.78E+06,1125000,1125000,0,149500
100,1.39E+08,1.79E+06,1125000,1125000,0,149500
100,1.39E+08,1.79E+06,1125000,1125000,0,149500
100,1.39E+08,1.80E+06,1125000,1125000,0,149500
100,1.39E+08,1.78E+06,1125000,1125000,0,149500
100,1.39E+08,1.78E+06,1125000,1125000,0,149500
100,1.39E+08,1.80E+06,1125000,1125000,0,149500
100,1.39E+08,1.79E+06,1125000,1125000,0,149500
100,1.39E+08,1.78E+06,1125000,1125000,0,149500
100,1.39E+08,1.78E+06,1125000,1125000,0,149500
100,1.39E+08,1.79E+06,1125000,1125000,0,149500
100,1.39E+08,1.78E+06,1125000,1125000,0,149500
100,1.39E+08,1.78E+06,1125000,1125000,0,149500
100,1.39E+08,1.78E+06,1125000,1125000,0,149500
100,1.39E+08,1.78E+06,1125000,1125000,0,149500
100,1.39E+08,1.78E+06,1125000,1125000,0,149500
100,1.39E+08,1.78E+06,1125000,1125000,0,149500
100,1.39E+08,1.78E+06,1125000,1125000,0,149500
100,1.39E+08,1.78E+06,1125000,1125000,0,149500
100,1.39E+08,1.78E+06,1125000,1125000,0,149600
100,1.39E+08,1.84E+06,1125000,1125000,0,149600
100,1.39E+08,1.82E+06,1125000,1125000,0,149600
100,1.39E+08,1.80E+06,1125000,1125000,0,149600
100,1.39E+08,1.78E+06,1125000,1125000,0,149600
100,1.39E+08,1.80E+06,1125000,1125000,0,149600
100,1.39E+08,1.81E+06,1125000,1125000,0,149600
100,1.39E+08,1.81E+06,1125000,1125000,0,149750
100,1.39E+08,1.81E+06,1125000,1125000,0,149750
100,1.39E+08,1.80E+06,1125000,1125000,0,149750
100,1.39E+08,1.79E+06,1125000,1125000,0,149750
100,1.39E+08,1.78E+06,1125000,1125000,0,149750
100,1.39E+08,1.78E+06,1125000,1125000,0,149800
100,1.39E+08,1.78E+06,1125000,1125000,0,149800
100,1.39E+08,1.78E+06,1125000,1125000,0,149800
100,1.39E+08,1.78E+06,1125000,1125000,0,149800
100,1.39E+08,1.80E+06,1125000,1125000,0,149800
100,1.39E+08,1.78E+06,1125000,1125000,0,149800
100,1.39E+08,1.79E+06,1125000,1125000,0,149800
100,1.39E+08,1.78E+06,1125000,1125000,0,149800
100,1.39E+08,1.78E+06,1125000,1125000,0,149800
100,1.39E+08,1.78E+06,1125000,1125000,0,149800
100,1.39E+08,1.79E+06,1125000,1125000,0,149800
100,1.39E+08,1.78E+06,1125000,1125000,0,149800
100,1.39E+08,1.81E+06,1125000,1125000,0,149800
100,1.39E+08,1.80E+06,1125000,1125000,0,149800
100,1.39E+08,1.78E+06,1125000,1125000,0,149800
100,1.39E+08,1.78E+06,1125000,1125000,0,149800
100,1.39E+08,1.78E+06,1125000,1125000,0,149800
100,1.39E+08,1.78E+06,1125000,1125000,0,149800
100,1.39E+08,1.78E+06,1125000,1125000,0,149800
100,1.39E+08,1.78E+06,1125000,1125000,0,149950
100,1.39E+08,1.78E+06,1125000,1125000,0,149950
100,1.39E+08,1.78E+06,1125000,1125000,0,149950
100,1.39E+08,1.78E+06,1125000,1125000,0,149950
100,1.39E+08,1.78E+06,1125000,1125000,0,149950
100,1.39E+08,1.79E+06,1125000,1125000,0,149950
100,1.39E+08,1.78E+06,1125000,1125000,0,149950
100,1.39E+08,1.79E+06,1125000,1125000,0,149950
100,1.39E+08,1.78E+06,1125000,1125000,0,149950
100,1.39E+08,1.78E+06,1125000,1125000,0,150050
100,1.39E+08,1.79E+06,1125000,1125000,0,150050
100,1.39E+08,1.78E+06,1125000,1125000,0,150050
100,1.39E+08,1.79E+06,1125000,1125000,0,150050
100,1.39E+08,1.78E+06,1125000,1125000,0,150050
100,1.39E+08,1.79E+06,1125000,1125000,0,150050
100,1.39E+08,1.78E+06,1125000,1125000,0,150050
100,1.39E+08,1.78E+06,1125000,1125000,0,150050
100,1.39E+08,1.78E+06,1125000,1125000,0,150050
100,1.39E+08,1.78E+06,1125000,1125000,0,150050
100,1.39E+08,1.78E+06,1125000,1125000,0,150050
100,1.39E+08,1.78E+06,1125000,1125000,0,150050
100,1.39E+08,1.78E+06,1125000,1125000,0,150050
100,1.39E+08,1.79E+06,1125000,1125000,0,150150
100,1.39E+08,1.78E+06,1125000,1125000,0,150150
100,1.39E+08,1.78E+06,1125000,1125000,0,150150
100,1.39E+08,1.78E+06,1125000,1125000,0,150150
100,1.39E+08,1.78E+06,1125000,1125000,0,150150
100,1.39E+08,1.78E+06,1125000,1125000,0,150150
100,1.39E+08,1.80E+06,1125000,1125000,0,150150
100,1.39E+08,1.78E+06,1125000,1125000,0,150150
100,1.39E+08,1.78E+06,1125000,1125000,0,150150
100,1.39E+08,1.78E+06,1125000,1125000,0,150150
100,1.39E+08,1.78E+06,1125000,1125000,0,150150
100,1.39E+08,1.78E+06,1125000,1125000,0,150150
100,1.39E+08,1.79E+06,1125000,1125000,0,150150
100,1.39E+08,1.78E+06,1125000,1125000,0,150150
100,1.39E+08,1.78E+06,1125000,1125000,0,150150
100,1.39E+08,1.78E+06,1125000,1125000,0,150150
100,1.39E+08,1.78E+06,1125000,1125000,0,150150
100,1.39E+08,1.78E+06,1125000,1125000,0,150400
100,1.39E+08,1.78E+06,1125000,1125000,0,150400
100,1.39E+08,1.80E+06,1125000,1125000,0,150400
100,1.39E+08,1.78E+06,1125000,1125000,0,150400
100,1.39E+08,1.78E+06,1125000,1125000,0,150400
100,1.39E+08,1.78E+06,1125000,1125000,0,150400
100,1.39E+08,1.78E+06,1125000,1125000,0,150400
100,1.39E+08,1.78E+06,1125000,1125000,0,150400
100,1.39E+08,1.78E+06,1125000,1125000,0,150400
100,1.39E+08,1.82E+06,1125000,1125000,0,150400
100,1.39E+08,1.79E+06,1125000,1125000,0,150400
100,1.39E+08,1.78E+06,1125000,1125000,0,150400
100,1.39E+08,1.79E+06,1125000,1125000,0,150650
100,1.39E+08,1.79E+06,1125000,1125000,0,150900
100,1.39E+08,1.78E+06,1125000,1125000,0,151350
100,1.39E+08,1.79E+06,1125000,1125000,0,151350
100,1.39E+08,1.78E+06,1125000,1125000,0,151350
100,1.39E+08,1.81E+06,1125000,1125000,0,151350
100,1.39E+08,1.78E+06,1125000,1125000,0,151850
100,1.39E+08,1.79E+06,1125000,1125000,0,151850
100,1.39E+08,1.79E+06,1125000,1125000,0,151850
100,1.39E+08,1.78E+06,1125000,1125000,0,151850
100,1.39E+08,1.81E+06,1125000,1125000,0,151850
100,1.39E+08,1.78E+06,1125000,1125000,0,151850
100,1.39E+08,1.78E+06,1125000,1125000,0,151850
100,1.39E+08,1.80E+06,1125000,1125000,0,151850
100,1.39E+08,1.80E+06,1125000,1125000,0,151850
100,1.39E+08,1.78E+06,1125000,1125000,0,151850
100,1.39E+08,1.78E+06,1125000,1125000,0,151850
100,1.39E+08,1.78E+06,1125000,1125000,0,151850
100,1.39E+08,1.79E+06,1125000,1125000,0,151850
100,1.39E+08,1.78E+06,1125000,1125000,0,151850
100,1.39E+08,1.78E+06,1125000,1125000,0,151850
100,1.39E+08,1.80E+06,1125000,1125000,0,151850
100,1.39E+08,1.78E+06,1125000,1125000,0,151850
100,1.39E+08,1.78E+06,1125000,1125000,0,151850
100,1.39E+08,1.79E+06,1125000,1125000,0,151850
100,1.39E+08,1.79E+06,1125000,1125000,0,151850
100,1.39E+08,1.80E+06,1125000,1125000,0,151850
100,1.39E+08,1.78E+06,1125000,1125000,0,151850
100,1.39E+08,1.79E+06,1125000,1125000,0,151850
100,1.39E+08,1.80E+06,1125000,1125000,0,151900
100,1.39E+08,1.78E+06,1125000,1125000,0,151900
100,1.39E+08,1.78E+06,1125000,1125000,0,151900
100,1.39E+08,1.78E+06,1125000,1125000,0,151900
100,1.39E+08,1.78E+06,1125000,1125000,0,151900
100,1.39E+08,1.78E+06,1125000,1125000,0,151900
100,1.39E+08,1.78E+06,1125000,1125000,0,151900
100,1.39E+08,1.78E+06,1125000,1125000,0,151900
100,1.39E+08,1.80E+06,1125000,1125000,0,151900
100,1.39E+08,1.78E+06,1125000,1125000,0,151900
100,1.39E+08,1.79E+06,1125000,1125000,0,151900
100,1.39E+08,1.78E+06,1125000,1125000,0,151900
100,1.39E+08,1.78E+06,1125000,1125000,0,151900
100,1.39E+08,1.78E+06,1125000,1125000,0,151900
100,1.39E+08,1.78E+06,1125000,1125000,0,151900
100,1.39E+08,1.79E+06,1125000,1125000,0,151900
100,1.39E+08,1.79E+06,1125000,1125000,0,151900
100,1.39E+08,1.78E+06,1125000,1125000,0,151900
100,1.39E+08,1.78E+06,1125000,1125000,0,151900
100,1.39E+08,1.78E+06,1125000,1125000,0,151900
100,1.39E+08,1.78E+06,1125000,1125000,0,151900
100,1.39E+08,1.78E+06,1125000,1125000,0,151900
100,1.39E+08,1.78E+06,1125000,1125000,0,151900
100,1.39E+08,1.80E+06,1125000,1125000,0,151900
100,1.39E+08,1.78E+06,1125000,1125000,0,151900
100,1.39E+08,1.78E+06,1125000,1125000,0,151900
100,1.39E+08,1.80E+06,1125000,1125000,0,151900
100,1.39E+08,1.78E+06,1125000,1125000,0,151900
100,1.39E+08,1.80E+06,1125000,1125000,0,151900
100,1.39E+08,1.81E+06,1125000,1125000,0,151900
100,1.39E+08,1.79E+06,1125000,1125000,0,151900
100,1.39E+08,1.79E+06,1125000,1125000,0,151900
100,1.39E+08,1.78E+06,1125000,1125000,0,151950
100,1.39E+08,1.78E+06,1125000,1125000,0,151950
100,1.39E+08,1.78E+06,1125000,1125000,0,151950
100,1.39E+08,1.78E+06,1125000,1125000,0,151950
100,1.39E+08,1.79E+06,1125000,1125000,0,151950
100,1.39E+08,1.78E+06,1125000,1125000,0,151950
100,1.39E+08,1.78E+06,1125000,1125000,0,151950
100,1.39E+08,1.78E+06,1125000,1125000,0,151950
100,1.39E+08,1.78E+06,1125000,1125000,0,151950
100,1.39E+08,1.78E+06,1125000,1125000,0,151950
100,1.39E+08,1.81E+06,1125000,1125000,0,151950
100,1.39E+08,1.78E+06,1125000,1125000,0,151950
100,1.39E+08,1.78E+06,1125000,1125000,0,151950
100,1.39E+08,1.81E+06,1125000,1125000,0,151950
100,1.39E+08,1.78E+06,1125000,1125000,0,151950
100,1.39E+08,1.83E+06,1125000,1125000,0,151950
100,1.39E+08,1.78E+06,1125000,1125000,0,151950
100,1.39E+08,1.78E+06,1125000,1125000,0,151950
100,1.39E+08,1.80E+06,1125000,1125000,0,151950
100,1.39E+08,1.79E+06,1125000,1125000,0,151950
100,1.39E+08,1.80E+06,1125000,1125000,0,151950
100,1.39E+08,1.79E+06,1125000,1125000,0,151950
100,1.39E+08,1.79E+06,1125000,1125000,0,151950
100,1.39E+08,1.79E+06,1125000,1125000,0,151950
100,1.39E+08,1.78E+06,1125000,1125000,0,151950
100,1.39E+08,1.78E+06,1125000,1125000,0,151950
100,1.39E+08,1.78E+06,1125000,1125000,0,151950
100,1.39E+08,1.81E+06,1125000,1125000,0,151950
100,1.39E+08,1.78E+06,1125000,1125000,0,151950
100,1.39E+08,1.79E+06,1125000,1125000,0,151950
100,1.39E+08,1.78E+06,1125000,1125000,0,151950
100,1.39E+08,1.78E+06,1125000,1125000,0,151950
100,1.39E+08,1.79E+06,1125000,1125000,0,151950
100,1.39E+08,1.78E+06,1125000,1125000,0,151950
100,1.39E+08,1.79E+06,1125000,1125000,0,151950
100,1.39E+08,1.80E+06,1125000,1125000,0,151950
100,1.39E+08,1.78E+06,1125000,1125000,0,151950
100,1.39E+08,1.81E+06,1125000,1125000,0,151950
100,1.39E+08,1.79E+06,1125000,1125000,0,151950
100,1.39E+08,1.79E+06,1125000,1125000,0,151950
100,1.39E+08,1.81E+06,1125000,1125000,0,151950
100,1.39E+08,1.78E+06,1125000,1125000,0,151950
100,1.39E+08,1.78E+06,1125000,1125000,0,151950
100,1.39E+08,1.79E+06,1125000,1125000,0,151950
100,1.39E+08,1.78E+06,1125000,1125000,0,151950
100,1.39E+08,1.78E+06,1125000,1125000,0,151950
100,1.39E+08,1.78E+06,1125000,1125000,0,151950
100,1.39E+08,1.78E+06,1125000,1125000,0,151950
100,1.39E+08,1.81E+06,1125000,1125000,0,151950
100,1.39E+08,1.78E+06,1125000,1125000,0,151950
100,1.39E+08,1.78E+06,1125000,1125000,0,151950
100,1.39E+08,1.79E+06,1125000,1125000,0,151950
100,1.39E+08,1.78E+06,1125000,1125000,0,151950
100,1.39E+08,1.80E+06,1125000,1125000,0,151950
100,1.39E+08,1.78E+06,1125000,1125000,0,151950
100,1.39E+08,1.78E+06,1125000,1125000,0,151950
100,1.40E+08,1.78E+06,1125000,1125000,0,152200
100,1.40E+08,1.78E+06,1125000,1125000,0,152200
100,1.40E+08,1.78E+06,1125000,1125000,0,152200
100,1.40E+08,1.78E+06,1125000,1125000,0,152200
100,1.40E+08,1.78E+06,1125000,1125000,0,152200
100,1.40E+08,1.79E+06,1125000,1125000,0,152200
100,1.40E+08,1.78E+06,1125000,1125000,0,152200
100,1.40E+08,1.78E+06,1125000,1125000,0,152200
100,1.40E+08,1.78E+06,1125000,1125000,0,152200
100,1.40E+08,1.78E+06,1125000,1125000,0,152200
100,1.40E+08,1.78E+06,1125000,1125000,0,152200
100,1.40E+08,1.80E+06,1125000,1125000,0,152200
100,1.40E+08,1.78E+06,1125000,1125000,0,152200
100,1.40E+08,1.78E+06,1125000,1125000,0,152300
100,1.40E+08,1.80E+06,1125000,1125000,0,152300
100,1.40E+08,1.78E+06,1125000,1125000,0,152300
100,1.40E+08,1.79E+06,1125000,1125000,0,152300
100,1.40E+08,1.78E+06,1125000,1125000,0,152300
100,1.40E+08,1.80E+06,1125000,1125000,0,152300
100,1.40E+08,1.79E+06,1125000,1125000,0,152300
100,1.40E+08,1.78E+06,1125000,1125000,0,152300
100,1.40E+08,1.78E+06,1125000,1125000,0,152300
100,1.40E+08,1.78E+06,1125000,1125000,0,152950
100,1.40E+08,1.78E+06,1125000,1125000,0,152950
100,1.40E+08,1.78E+06,1125000,1125000,0,152950
100,1.40E+08,1.78E+06,1125000,1125000,0,152950
100,1.40E+08,1.78E+06,1125000,1125000,0,152950
100,1.40E+08,1.78E+06,1125000,1125000,0,152950
100,1.40E+08,1.78E+06,1125000,1125000,0,152950
100,1.40E+08,1.78E+06,1125000,1125000,0,152950
100,1.40E+08,1.78E+06,1125000,1125000,0,152950
100,1.40E+08,1.78E+06,1125000,1125000,0,152950
100,1.40E+08,1.78E+06,1125000,1125000,0,152950
100,1.40E+08,1.82E+06,1125000,1125000,0,152950
100,1.40E+08,1.78E+06,1125000,1125000,0,152950
100,1.40E+08,1.78E+06,1125000,1125000,0,152950
100,1.40E+08,1.78E+06,1125000,1125000,0,152950
100,1.40E+08,1.78E+06,1125000,1125000,0,152950
100,1.40E+08,1.78E+06,1125000,1125000,0,152950
100,1.40E+08,1.78E+06,1125000,1125000,0,152950
100,1.40E+08,1.79E+06,1125000,1125000,0,152950
100,1.40E+08,1.78E+06,1125000,1125000,0,152950
100,1.40E+08,1.79E+06,1125000,1125000,0,152950
100,1.40E+08,1.78E+06,1125000,1125000,0,152950
100,1.40E+08,1.82E+06,1125000,1125000,0,152950
100,1.40E+08,1.78E+06,1125000,1125000,0,152950
100,1.40E+08,1.78E+06,1125000,1125000,0,152950
100,1.40E+08,1.78E+06,1125000,1125000,0,152950
100,1.40E+08,1.78E+06,1125000,1125000,0,153050
100,1.40E+08,1.79E+06,1125000,1125000,0,153050
100,1.40E+08,1.81E+06,1125000,1125000,0,153050
100,1.40E+08,1.78E+06,1125000,1125000,0,153050
100,1.40E+08,1.78E+06,1125000,1125000,0,153050
100,1.40E+08,1.79E+06,1125000,1125000,0,153050
100,1.40E+08,1.78E+06,1125000,1125000,0,153050
100,1.40E+08,1.78E+06,1125000,1125000,0,153050
100,1.40E+08,1.80E+06,1125000,1125000,0,153050
100,1.40E+08,1.79E+06,1125000,1125000,0,153050
100,1.40E+08,1.80E+06,1125000,1125000,0,153050
100,1.40E+08,1.78E+06,1125000,1125000,0,153050
100,1.40E+08,1.78E+06,1125000,1125000,0,153050
100,1.40E+08,1.78E+06,1125000,1125000,0,153050
100,1.40E+08,1.79E+06,1125000,1125000,0,153050
100,1.40E+08,1.79E+06,1125000,1125000,0,153050
100,1.40E+08,1.78E+06,1125000,1125000,0,153050
100,1.40E+08,1.78E+06,1125000,1125000,0,153050
100,1.40E+08,1.78E+06,1125000,1125000,0,153050
100,1.40E+08,1.79E+06,1125000,1125000,0,153050
100,1.40E+08,1.78E+06,1125000,1125000,0,153050
100,1.40E+08,1.78E+06,1125000,1125000,0,153050
100,1.40E+08,1.78E+06,1125000,1125000,0,153050
100,1.40E+08,1.79E+06,1125000,1125000,0,153050
100,1.40E+08,1.79E+06,1125000,1125000,0,153050
100,1.40E+08,1.78E+06,1125000,1125000,0,153050
100,1.40E+08,1.81E+06,1125000,1125000,0,153050
100,1.40E+08,1.78E+06,1125000,1125000,0,153050
100,1.40E+08,1.78E+06,1125000,1125000,0,153050
100,1.40E+08,1.78E+06,1125000,1125000,0,153200
100,1.40E+08,1.78E+06,1125000,1125000,0,153200
100,1.40E+08,1.78E+06,1125000,1125000,0,153200
100,1.40E+08,1.78E+06,1125000,1125000,0,153200
100,1.40E+08,1.79E+06,1125000,1125000,0,153200
100,1.40E+08,1.78E+06,1125000,1125000,0,153200
100,1.40E+08,1.78E+06,1125000,1125000,0,153200
100,1.40E+08,1.78E+06,1125000,1125000,0,153200
100,1.40E+08,1.78E+06,1125000,1125000,0,153200
100,1.40E+08,1.78E+06,1125000,1125000,0,153200
100,1.40E+08,1.79E+06,1125000,1125000,0,153200
100,1.40E+08,1.78E+06,1125000,1125000,0,153200
100,1.40E+08,1.78E+06,1125000,1125000,0,153200
100,1.40E+08,1.78E+06,1125000,1125000,0,153200
100,1.40E+08,1.81E+06,1125000,1125000,0,153200
100,1.40E+08,1.78E+06,1125000,1125000,0,153200
100,1.40E+08,1.78E+06,1125000,1125000,0,153200
100,1.40E+08,1.80E+06,1125000,1125000,0,153200
100,1.40E+08,1.78E+06,1125000,1125000,0,153200
100,1.40E+08,1.78E+06,1125000,1125000,0,153200
100,1.40E+08,1.78E+06,1125000,1125000,0,153200
100,1.40E+08,1.79E+06,1125000,1125000,0,153200
100,1.40E+08,1.80E+06,1125000,1125000,0,153200
100,1.40E+08,1.78E+06,1125000,1125000,0,153200
100,1.40E+08,1.78E+06,1125000,1125000,0,153200
100,1.40E+08,1.81E+06,1125000,1125000,0,153350
100,1.40E+08,1.79E+06,1125000,1125000,0,153350
100,1.40E+08,1.80E+06,1125000,1125000,0,153500
100,1.40E+08,1.79E+06,1125000,1125000,0,153500
100,1.40E+08,1.84E+06,1125000,1125000,0,153500
100,1.40E+08,1.81E+06,1125000,1125000,0,153750
100,1.40E+08,1.82E+06,1125000,1125000,0,153750
100,1.40E+08,1.80E+06,1125000,1125000,0,153750
100,1.40E+08,1.81E+06,1125000,1125000,0,153750
100,1.40E+08,1.78E+06,1125000,1125000,0,153750
100,1.40E+08,1.78E+06,1125000,1125000,0,153750
100,1.40E+08,1.78E+06,1125000,1125000,0,153750
100,1.40E+08,1.83E+06,1125000,1125000,0,153750
100,1.40E+08,1.78E+06,1125000,1125000,0,153750
100,1.40E+08,1.79E+06,1125000,1125000,0,153750
100,1.40E+08,1.80E+06,1125000,1125000,0,153750
100,1.40E+08,1.79E+06,1125000,1125000,0,153750
100,1.40E+08,1.81E+06,1125000,1125000,0,153750
100,1.40E+08,1.78E+06,1125000,1125000,0,153750
100,1.40E+08,1.78E+06,1125000,1125000,0,153750
100,1.40E+08,1.78E+06,1125000,1125000,0,153750
100,1.40E+08,1.79E+06,1125000,1125000,0,154050
100,1.40E+08,1.79E+06,1125000,1125000,0,154050
100,1.40E+08,1.79E+06,1125000,1125000,0,154050
100,1.40E+08,1.80E+06,1125000,1125000,0,154050
100,1.40E+08,1.78E+06,1125000,1125000,0,154050
100,1.40E+08,1.78E+06,1125000,1125000,0,154050
100,1.40E+08,1.78E+06,1125000,1125000,0,154050
100,1.40E+08,1.78E+06,1125000,1125000,0,154050
100,1.40E+08,1.78E+06,1125000,1125000,0,154050
100,1.40E+08,1.78E+06,1125000,1125000,0,154050
100,1.40E+08,1.79E+06,1125000,1125000,0,154050
100,1.40E+08,1.78E+06,1125000,1125000,0,154050
100,1.40E+08,1.78E+06,1125000,1125000,0,154050
100,1.40E+08,1.78E+06,1125000,1125000,0,154050
100,1.40E+08,1.78E+06,1125000,1125000,0,154050
100,1.40E+08,1.80E+06,1125000,1125000,0,154050
100,1.40E+08,1.78E+06,1125000,1125000,0,154050
100,1.40E+08,1.79E+06,1125000,1125000,0,154050
100,1.40E+08,1.79E+06,1125000,1125000,0,154050
100,1.40E+08,1.79E+06,1125000,1125000,0,154050
100,1.40E+08,1.78E+06,1125000,1125000,0,154050
100,1.40E+08,1.79E+06,1125000,1125000,0,154050
100,1.40E+08,1.79E+06,1125000,1125000,0,154050
100,1.40E+08,1.78E+06,1125000,1125000,0,154050
100,1.40E+08,1.79E+06,1125000,1125000,0,154050
100,1.40E+08,1.78E+06,1125000,1125000,0,154050
100,1.40E+08,1.78E+06,1125000,1125000,0,154050
100,1.40E+08,1.80E+06,1125000,1125000,0,154050
100,1.40E+08,1.78E+06,1125000,1125000,0,154050
100,1.40E+08,1.80E+06,1125000,1125000,0,154050
100,1.40E+08,1.78E+06,1125000,1125000,0,154050
100,1.40E+08,1.79E+06,1125000,1125000,0,154050
100,1.40E+08,1.80E+06,1125000,1125000,0,154050
100,1.40E+08,1.78E+06,1125000,1125000,0,154050
100,1.40E+08,1.80E+06,1125000,1125000,0,154050
100,1.40E+08,1.78E+06,1125000,1125000,0,154050
100,1.40E+08,1.82E+06,1125000,1125000,0,154050
100,1.40E+08,1.82E+06,1125000,1125000,0,154050
100,1.40E+08,1.80E+06,1125000,1125000,0,154050
100,1.40E+08,1.78E+06,1125000,1125000,0,154050
100,1.40E+08,1.79E+06,1125000,1125000,0,154050
100,1.40E+08,1.78E+06,1125000,1125000,0,154050
100,1.40E+08,1.81E+06,1125000,1125000,0,154050
100,1.40E+08,1.78E+06,1125000,1125000,0,154050
100,1.40E+08,1.78E+06,1125000,1125000,0,154050
100,1.40E+08,1.84E+06,1125000,1125000,0,154050
100,1.40E+08,1.79E+06,1125000,1125000,0,154050
100,1.40E+08,1.78E+06,1125000,1125000,0,154050
100,1.40E+08,1.78E+06,1125000,1125000,0,154050
100,1.40E+08,1.78E+06,1125000,1125000,0,154050
100,1.40E+08,1.78E+06,1125000,1125000,0,154050
100,1.40E+08,1.78E+06,1125000,1125000,0,154050
100,1.40E+08,1.78E+06,1125000,1125000,0,154050
100,1.40E+08,1.79E+06,1125000,1125000,0,154050
100,1.40E+08,1.79E+06,1125000,1125000,0,154050
100,1.40E+08,1.78E+06,1125000,1125000,0,154050
100,1.40E+08,1.80E+06,1125000,1125000,0,154050
100,1.40E+08,1.78E+06,1125000,1125000,0,154050
100,1.40E+08,1.81E+06,1125000,1125000,0,154050
100,1.40E+08,1.78E+06,1125000,1125000,0,154050
100,1.40E+08,1.79E+06,1125000,1125000,0,154050
100,1.40E+08,1.78E+06,1125000,1125000,0,154050
100,1.40E+08,1.78E+06,1125000,1125000,0,154200
100,1.40E+08,1.79E+06,1125000,1125000,0,154200
100,1.40E+08,1.78E+06,1125000,1125000,0,154200
100,1.40E+08,1.78E+06,1125000,1125000,0,154200
100,1.40E+08,1.78E+06,1125000,1125000,0,154200
100,1.40E+08,1.78E+06,1125000,1125000,0,154200
100,1.40E+08,1.80E+06,1125000,1125000,0,154200
100,1.40E+08,1.78E+06,1125000,1125000,0,154200
100,1.40E+08,1.78E+06,1125000,1125000,0,154200
100,1.40E+08,1.78E+06,1125000,1125000,0,154300
100,1.40E+08,1.78E+06,1125000,1125000,0,154300
100,1.40E+08,1.78E+06,1125000,1125000,0,154300
100,1.40E+08,1.78E+06,1125000,1125000,0,154300
100,1.40E+08,1.79E+06,1125000,1125000,0,154300
100,1.40E+08,1.78E+06,1125000,1125000,0,154300
100,1.40E+08,1.78E+06,1125000,1125000,0,154300
100,1.40E+08,1.79E+06,1125000,1125000,0,154300
100,1.40E+08,1.78E+06,1125000,1125000,0,154300
100,1.40E+08,1.78E+06,1125000,1125000,0,154300
100,1.40E+08,1.78E+06,1125000,1125000,0,154300
100,1.40E+08,1.78E+06,1125000,1125000,0,154300
100,1.40E+08,1.78E+06,1125000,1125000,0,154300
100,1.40E+08,1.78E+06,1125000,1125000,0,154300
100,1.40E+08,1.78E+06,1125000,1125000,0,154300
100,1.40E+08,1.78E+06,1125000,1125000,0,154300
100,1.40E+08,1.79E+06,1125000,1125000,0,154300
100,1.40E+08,1.78E+06,1125000,1125000,0,154300
100,1.40E+08,1.78E+06,1125000,1125000,0,154300
100,1.40E+08,1.81E+06,1125000,1125000,0,154300
100,1.40E+08,1.79E+06,1125000,1125000,0,154300
100,1.40E+08,1.78E+06,1125000,1125000,0,154300
100,1.40E+08,1.78E+06,1125000,1125000,0,154300
100,1.40E+08,1.78E+06,1125000,1125000,0,154300
100,1.40E+08,1.86E+06,1125000,1125000,0,154300
100,1.40E+08,1.80E+06,1125000,1125000,0,154300
100,1.40E+08,1.79E+06,1125000,1125000,0,154300
100,1.40E+08,1.79E+06,1125000,1125000,0,154300
100,1.40E+08,1.79E+06,1125000,1125000,0,154300
100,1.40E+08,1.79E+06,1125000,1125000,0,154300
100,1.40E+08,1.78E+06,1125000,1125000,0,154300
100,1.40E+08,1.78E+06,1125000,1125000,0,154300
100,1.40E+08,1.78E+06,1125000,1125000,0,154300
100,1.40E+08,1.78E+06,1125000,1125000,0,154500
100,1.40E+08,1.78E+06,1125000,1125000,0,154500
100,1.40E+08,1.78E+06,1125000,1125000,0,154500
100,1.40E+08,1.78E+06,1125000,1125000,0,154650
100,1.40E+08,1.78E+06,1125000,1125000,0,154650
100,1.40E+08,1.79E+06,1125000,1125000,0,154650
100,1.40E+08,1.79E+06,1125000,1125000,0,154650
100,1.40E+08,1.78E+06,1125000,1125000,0,154650
100,1.40E+08,1.78E+06,1125000,1125000,0,154650
100,1.40E+08,1.80E+06,1125000,1125000,0,154650
100,1.40E+08,1.78E+06,1125000,1125000,0,154650
100,1.40E+08,1.78E+06,1125000,1125000,0,154750
100,1.40E+08,1.78E+06,1125000,1125000,0,154750
100,1.40E+08,1.78E+06,1125000,1125000,0,155250
100,1.40E+08,1.80E+06,1125000,1125000,0,155250
100,1.40E+08,1.78E+06,1125000,1125000,0,155250
100,1.40E+08,1.78E+06,1125000,1125000,0,155250
100,1.40E+08,1.78E+06,1125000,1125000,0,155250
100,1.41E+08,1.79E+06,1125000,1125000,0,155450
100,1.41E+08,1.80E+06,1125000,1125000,0,155450
100,1.41E+08,1.78E+06,1125000,1125000,0,155450
100,1.41E+08,1.79E+06,1125000,1125000,0,155450
100,1.41E+08,1.80E+06,1125000,1125000,0,155450
100,1.41E+08,1.78E+06,1125000,1125000,0,155450
100,1.41E+08,1.81E+06,1125000,1125000,0,155450
100,1.41E+08,1.78E+06,1125000,1125000,0,155450
100,1.41E+08,1.78E+06,1125000,1125000,0,155450
100,1.41E+08,1.78E+06,1125000,1125000,0,155450
100,1.41E+08,1.78E+06,1125000,1125000,0,155450
100,1.41E+08,1.80E+06,1125000,1125000,0,155450
100,1.41E+08,1.79E+06,1125000,1125000,0,155450
100,1.41E+08,1.78E+06,1125000,1125000,0,155450
100,1.41E+08,1.80E+06,1125000,1125000,0,155450
100,1.41E+08,1.79E+06,1125000,1125000,0,155600
100,1.41E+08,1.80E+06,1125000,1125000,0,155600
100,1.41E+08,1.78E+06,1125000,1125000,0,155600
100,1.41E+08,1.81E+06,1125000,1125000,0,155600
100,1.41E+08,1.80E+06,1125000,1125000,0,155600
100,1.41E+08,1.78E+06,1125000,1125000,0,155700
100,1.41E+08,1.79E+06,1125000,1125000,0,155700
100,1.41E+08,1.80E+06,1125000,1125000,0,155700
100,1.41E+08,1.78E+06,1125000,1125000,0,155700
100,1.41E+08,1.78E+06,1125000,1125000,0,155700
100,1.41E+08,1.81E+06,1125000,1125000,0,155700
100,1.41E+08,1.79E+06,1125000,1125000,0,155800
100,1.41E+08,1.79E+06,1125000,1125000,0,156000
100,1.41E+08,1.80E+06,1125000,1125000,0,156000
100,1.41E+08,1.80E+06,1125000,1125000,0,156000
100,1.41E+08,1.78E+06,1125000,1125000,0,156300
100,1.41E+08,1.80E+06,1125000,1125000,0,156300
100,1.41E+08,1.83E+06,1125000,1125000,0,156300
100,1.41E+08,1.79E+06,1125000,1125000,0,156300
100,1.41E+08,1.79E+06,1125000,1125000,0,156300
100,1.41E+08,1.79E+06,1125000,1125000,0,156300
100,1.41E+08,1.80E+06,1125000,1125000,0,156300
100,1.41E+08,1.81E+06,1125000,1125000,0,156300
100,1.41E+08,1.78E+06,1125000,1125000,0,156300
100,1.41E+08,1.78E+06,1125000,1125000,0,156300
100,1.41E+08,1.78E+06,1125000,1125000,0,156300
100,1.41E+08,1.78E+06,1125000,1125000,0,156300
100,1.41E+08,1.78E+06,1125000,1125000,0,156300
100,1.41E+08,1.80E+06,1125000,1125000,0,156300
100,1.41E+08,1.78E+06,1125000,1125000,0,156300
100,1.41E+08,1.78E+06,1125000,1125000,0,156400
100,1.41E+08,1.78E+06,1125000,1125000,0,156400
100,1.41E+08,1.78E+06,1125000,1125000,0,156400
100,1.41E+08,1.78E+06,1125000,1125000,0,156400
100,1.41E+08,1.78E+06,1125000,1125000,0,156400
100,1.41E+08,1.78E+06,1125000,1125000,0,156400
100,1.41E+08,1.78E+06,1125000,1125000,0,156400
100,1.41E+08,1.78E+06,1125000,1125000,0,156400
100,1.41E+08,1.78E+06,1125000,1125000,0,156400
100,1.41E+08,1.80E+06,1125000,1125000,0,156400
100,1.41E+08,1.79E+06,1125000,1125000,0,156400
100,1.41E+08,1.79E+06,1125000,1125000,0,156400
100,1.41E+08,1.78E+06,1125000,1125000,0,156400
100,1.41E+08,1.78E+06,1125000,1125000,0,156400
100,1.41E+08,1.78E+06,1125000,1125000,0,156600
100,1.41E+08,1.78E+06,1125000,1125000,0,156600
100,1.41E+08,1.80E+06,1125000,1125000,0,156600
100,1.41E+08,1.79E+06,1125000,1125000,0,156600
100,1.41E+08,1.83E+06,1125000,1125000,0,156600
100,1.41E+08,1.78E+06,1125000,1125000,0,156600
100,1.41E+08,1.81E+06,1125000,1125000,0,156600
100,1.41E+08,1.78E+06,1125000,1125000,0,156600
100,1.41E+08,1.78E+06,1125000,1125000,0,156600
100,1.41E+08,1.79E+06,1125000,1125000,0,156600
100,1.41E+08,1.78E+06,1125000,1125000,0,156600
100,1.41E+08,1.79E+06,1125000,1125000,0,156600
100,1.41E+08,1.80E+06,1125000,1125000,0,156600
100,1.41E+08,1.80E+06,1125000,1125000,0,156600
100,1.41E+08,1.78E+06,1125000,1125000,0,156600
100,1.41E+08,1.78E+06,1125000,1125000,0,156600
100,1.41E+08,1.78E+06,1125000,1125000,0,156600
100,1.41E+08,1.79E+06,1125000,1125000,0,156600
100,1.41E+08,1.79E+06,1125000,1125000,0,156600
100,1.41E+08,1.83E+06,1125000,1125000,0,156600
100,1.41E+08,1.85E+06,1125000,1125000,0,156700
100,1.41E+08,1.80E+06,1125000,1125000,0,156700
100,1.41E+08,1.84E+06,1125000,1125000,0,156700
100,1.41E+08,1.85E+06,1125000,1125000,0,157350
100,1.41E+08,1.80E+06,1125000,1125000,0,157350
100,1.41E+08,1.80E+06,1125000,1125000,0,157350
100,1.41E+08,1.78E+06,1125000,1125000,0,157350
100,1.41E+08,1.80E+06,1125000,1125000,0,157350
100,1.41E+08,1.81E+06,1125000,1125000,0,157350
100,1.41E+08,1.81E+06,1125000,1125000,0,157350
100,1.41E+08,1.78E+06,1125000,1125000,0,157350
100,1.41E+08,1.78E+06,1125000,1125000,0,157350
100,1.41E+08,1.80E+06,1125000,1125000,0,157350
100,1.41E+08,1.79E+06,1125000,1125000,0,157350
100,1.41E+08,1.78E+06,1125000,1125000,0,157350
100,1.41E+08,1.78E+06,1125000,1125000,0,157350
100,1.41E+08,1.79E+06,1125000,1125000,0,157850
100,1.41E+08,1.80E+06,1125000,1125000,0,157850
100,1.41E+08,1.78E+06,1125000,1125000,0,157850
100,1.41E+08,1.80E+06,1125000,1125000,0,157850
100,1.41E+08,1.80E+06,1125000,1125000,0,157850
100,1.41E+08,1.79E+06,1125000,1125000,0,157850
100,1.41E+08,1.78E+06,1125000,1125000,0,157850
100,1.41E+08,1.81E+06,1125000,1125000,0,157850
100,1.41E+08,1.78E+06,1125000,1125000,0,157850
100,1.41E+08,1.78E+06,1125000,1125000,0,157850
100,1.41E+08,1.78E+06,1125000,1125000,0,157850
100,1.41E+08,1.78E+06,1125000,1125000,0,157850
100,1.41E+08,1.78E+06,1125000,1125000,0,157850
100,1.41E+08,1.79E+06,1125000,1125000,0,157850
100,1.41E+08,1.78E+06,1125000,1125000,0,157850
100,1.41E+08,1.79E+06,1125000,1125000,0,157850
100,1.41E+08,1.78E+06,1125000,1125000,0,157850
100,1.41E+08,1.78E+06,1125000,1125000,0,157850
100,1.41E+08,1.78E+06,1125000,1125000,0,157850
100,1.41E+08,1.78E+06,1125000,1125000,0,157850
100,1.41E+08,1.78E+06,1125000,1125000,0,157850
100,1.41E+08,1.78E+06,1125000,1125000,0,157850
100,1.41E+08,1.82E+06,1125000,1125000,0,157850
100,1.41E+08,1.80E+06,1125000,1125000,0,157850
100,1.41E+08,1.78E+06,1125000,1125000,0,157850
100,1.41E+08,1.78E+06,1125000,1125000,0,157850
100,1.41E+08,1.78E+06,1125000,1125000,0,157850
100,1.41E+08,1.80E+06,1125000,1125000,0,157850
100,1.41E+08,1.81E+06,1125000,1125000,0,157850
100,1.41E+08,1.79E+06,1125000,1125000,0,157850
100,1.41E+08,1.78E+06,1125000,1125000,0,157850
100,1.41E+08,1.78E+06,1125000,1125000,0,157850
100,1.41E+08,1.83E+06,1125000,1125000,0,157900
100,1.41E+08,1.78E+06,1125000,1125000,0,157900
100,1.41E+08,1.84E+06,1125000,1125000,0,157900
100,1.41E+08,1.87E+06,1125000,1125000,0,157900
100,1.41E+08,1.82E+06,1125000,1125000,0,157900
100,1.41E+08,1.84E+06,1125000,1125000,0,157900
100,1.41E+08,1.78E+06,1125000,1125000,0,157900
100,1.41E+08,1.78E+06,1125000,1125000,0,157900
100,1.41E+08,1.79E+06,1125000,1125000,0,157900
100,1.42E+08,1.78E+06,1125000,1125000,0,158000
100,1.42E+08,1.79E+06,1125000,1125000,0,158000
100,1.42E+08,1.80E+06,1125000,1125000,0,158100
100,1.42E+08,1.78E+06,1125000,1125000,0,158100
100,1.42E+08,1.80E+06,1125000,1125000,0,158100
100,1.42E+08,1.78E+06,1125000,1125000,0,158100
100,1.42E+08,1.79E+06,1125000,1125000,0,158100
100,1.42E+08,1.78E+06,1125000,1125000,0,158100
100,1.42E+08,1.80E+06,1125000,1125000,0,158100
100,1.42E+08,1.79E+06,1125000,1125000,0,158100
100,1.42E+08,1.80E+06,1125000,1125000,0,158100
100,1.42E+08,1.78E+06,1125000,1125000,0,158100
100,1.42E+08,1.81E+06,1125000,1125000,0,158350
100,1.42E+08,1.78E+06,1125000,1125000,0,158350
100,1.42E+08,1.78E+06,1125000,1125000,0,158350
100,1.42E+08,1.79E+06,1125000,1125000,0,158350
100,1.42E+08,1.79E+06,1125000,1125000,0,158350
100,1.42E+08,1.79E+06,1125000,1125000,0,158350
100,1.42E+08,1.80E+06,1125000,1125000,0,158850
100,1.42E+08,1.80E+06,1125000,1125000,0,158850
100,1.42E+08,1.79E+06,1125000,1125000,0,158850
100,1.42E+08,1.80E+06,1125000,1125000,0,158850
100,1.42E+08,1.79E+06,1125000,1125000,0,158850
100,1.42E+08,1.78E+06,1125000,1125000,0,158900
100,1.42E+08,1.80E+06,1125000,1125000,0,158900
100,1.42E+08,1.79E+06,1125000,1125000,0,158900
100,1.42E+08,1.81E+06,1125000,1125000,0,158900
100,1.42E+08,1.78E+06,1125000,1125000,0,158900
100,1.42E+08,1.78E+06,1125000,1125000,0,158900
100,1.42E+08,1.83E+06,1125000,1125000,0,158900
100,1.42E+08,1.78E+06,1125000,1125000,0,158900
100,1.42E+08,1.82E+06,1125000,1125000,0,158900
100,1.42E+08,1.79E+06,1125000,1125000,0,158900
100,1.42E+08,1.78E+06,1125000,1125000,0,158900
100,1.42E+08,1.78E+06,1125000,1125000,0,158900
100,1.42E+08,1.81E+06,1125000,1125000,0,158900
100,1.42E+08,1.78E+06,1125000,1125000,0,158900
100,1.42E+08,1.78E+06,1125000,1125000,0,158900
100,1.42E+08,1.78E+06,1125000,1125000,0,158900
100,1.42E+08,1.79E+06,1125000,1125000,0,158900
100,1.42E+08,1.78E+06,1125000,1125000,0,159100
100,1.42E+08,1.78E+06,1125000,1125000,0,159100
100,1.42E+08,1.78E+06,1125000,1125000,0,159600
100,1.43E+08,1.78E+06,1125000,1125000,0,160050
100,1.43E+08,1.80E+06,1125000,1125000,0,160050
100,1.43E+08,1.78E+06,1125000,1125000,0,160150
100,1.43E+08,1.85E+06,1125000,1125000,0,160150
100,1.43E+08,1.78E+06,1125000,1125000,0,160150
100,1.43E+08,1.78E+06,1125000,1125000,0,160150
100,1.43E+08,1.80E+06,1125000,1125000,0,160250
100,1.43E+08,1.78E+06,1125000,1125000,0,160250
100,1.43E+08,1.85E+06,1125000,1125000,0,160250
100,1.43E+08,1.80E+06,1125000,1125000,0,160250
100,1.43E+08,1.79E+06,1125000,1125000,0,160250
100,1.43E+08,1.80E+06,1125000,1125000,0,160250
100,1.43E+08,1.80E+06,1125000,1125000,0,160250
100,1.43E+08,1.79E+06,1125000,1125000,0,160250
100,1.43E+08,1.79E+06,1125000,1125000,0,160250
100,1.43E+08,1.78E+06,1125000,1125000,0,160250
100,1.43E+08,1.82E+06,1125000,1125000,0,160250
100,1.43E+08,1.78E+06,1125000,1125000,0,160250
100,1.43E+08,1.78E+06,1125000,1125000,0,160250
100,1.43E+08,1.78E+06,1125000,1125000,0,160250
100,1.43E+08,1.79E+06,1125000,1125000,0,160250
100,1.43E+08,1.81E+06,1125000,1125000,0,160250
100,1.43E+08,1.78E+06,1125000,1125000,0,160250
100,1.43E+08,1.78E+06,1125000,1125000,0,160450
100,1.43E+08,1.78E+06,1125000,1125000,0,160450
100,1.43E+08,1.78E+06,1125000,1125000,0,160450
100,1.43E+08,1.78E+06,1125000,1125000,0,160450
100,1.43E+08,1.78E+06,1125000,1125000,0,160450
100,1.43E+08,1.78E+06,1125000,1125000,0,160800
100,1.43E+08,1.81E+06,1125000,1125000,0,160800
100,1.43E+08,1.81E+06,1125000,1125000,0,160800
100,1.43E+08,1.80E+06,1125000,1125000,0,160800
100,1.43E+08,1.78E+06,1125000,1125000,0,160800
100,1.43E+08,1.78E+06,1125000,1125000,0,160800
100,1.43E+08,1.80E+06,1125000,1125000,0,160800
100,1.43E+08,1.78E+06,1125000,1125000,0,160800
100,1.43E+08,1.80E+06,1125000,1125000,0,160800
100,1.43E+08,1.78E+06,1125000,1125000,0,160800
100,1.43E+08,1.78E+06,1125000,1125000,0,160800
100,1.43E+08,1.78E+06,1125000,1125000,0,160800
100,1.43E+08,1.78E+06,1125000,1125000,0,160800
100,1.43E+08,1.80E+06,1125000,1125000,0,160800
100,1.43E+08,1.79E+06,1125000,1125000,0,160800
100,1.43E+08,1.78E+06,1125000,1125000,0,160800
100,1.43E+08,1.78E+06,1125000,1125000,0,160800
100,1.43E+08,1.79E+06,1125000,1125000,0,160800
100,1.43E+08,1.79E+06,1125000,1125000,0,160800
100,1.43E+08,1.78E+06,1125000,1125000,0,160800
100,1.43E+08,1.78E+06,1125000,1125000,0,160800
100,1.43E+08,1.80E+06,1125000,1125000,0,160800
100,1.43E+08,1.78E+06,1125000,1125000,0,160800
100,1.43E+08,1.78E+06,1125000,1125000,0,160800
100,1.43E+08,1.80E+06,1125000,1125000,0,160800
100,1.43E+08,1.78E+06,1125000,1125000,0,160800
100,1.43E+08,1.78E+06,1125000,1125000,0,160800
100,1.43E+08,1.78E+06,1125000,1125000,0,160800
100,1.43E+08,1.79E+06,1125000,1125000,0,160800
100,1.43E+08,1.79E+06,1125000,1125000,0,160800
100,1.43E+08,1.82E+06,1125000,1125000,0,160800
100,1.43E+08,1.78E+06,1125000,1125000,0,160800
100,1.43E+08,1.78E+06,1125000,1125000,0,160800
100,1.43E+08,1.80E+06,1125000,1125000,0,160800
100,1.43E+08,1.78E+06,1125000,1125000,0,160800
100,1.43E+08,1.78E+06,1125000,1125000,0,161150
100,1.43E+08,1.80E+06,1125000,1125000,0,161150
100,1.43E+08,1.78E+06,1125000,1125000,0,161150
100,1.43E+08,1.78E+06,1125000,1125000,0,161150
100,1.43E+08,1.78E+06,1125000,1125000,0,161150
100,1.43E+08,1.78E+06,1125000,1125000,0,161400
100,1.43E+08,1.78E+06,1125000,1125002,0,161400
100,1.43E+08,1.80E+06,1125000,1125000,0,161400
100,1.43E+08,1.78E+06,1125000,1125000,0,161400
100,1.43E+08,1.78E+06,1125000,1125000,0,161400
100,1.43E+08,1.85E+06,1125000,1125000,0,162150
100,1.43E+08,1.78E+06,1125000,1125000,0,162150
100,1.43E+08,1.79E+06,1125000,1125000,0,162150
100,1.43E+08,1.78E+06,1125000,1125000,0,162150
100,1.43E+08,1.84E+06,1125000,1125000,0,162150
100,1.43E+08,1.78E+06,1125000,1125000,0,162150
100,1.43E+08,1.78E+06,1125000,1125000,0,162550
100,1.43E+08,1.78E+06,1125000,1125000,0,162550
100,1.43E+08,1.78E+06,1125000,1125000,0,162550
100,1.43E+08,1.79E+06,1125000,1125000,0,162550
100,1.43E+08,1.78E+06,1125000,1125000,0,162550
100,1.43E+08,1.80E+06,1125000,1125000,0,162650
100,1.43E+08,1.86E+06,1125000,1125000,0,162650
100,1.43E+08,1.79E+06,1125000,1125000,0,162650
100,1.43E+08,1.79E+06,1125000,1125000,0,162650
100,1.43E+08,1.78E+06,1125000,1125000,0,162650
100,1.43E+08,1.78E+06,1125000,1125000,0,162650
100,1.43E+08,1.79E+06,1125000,1125000,0,162650
100,1.43E+08,1.78E+06,1125000,1125000,0,162650
100,1.43E+08,1.80E+06,1125000,1125000,0,162650
100,1.43E+08,1.86E+06,1125000,1125000,0,162650
100,1.43E+08,1.78E+06,1125000,1125000,0,162650
100,1.43E+08,1.79E+06,1125000,1125000,0,162650
100,1.43E+08,1.78E+06,1125000,1125000,0,162650
100,1.43E+08,1.80E+06,1125000,1125000,0,162650
100,1.43E+08,1.80E+06,1125000,1125000,0,162650
100,1.43E+08,1.78E+06,1125000,1125000,0,162650
100,1.43E+08,1.78E+06,1125000,1125000,0,162650
100,1.43E+08,1.78E+06,1125000,1125000,0,162650
100,1.43E+08,1.83E+06,1125000,1125000,0,162650
100,1.43E+08,1.78E+06,1125000,1125000,0,162650
100,1.43E+08,1.78E+06,1125000,1125000,0,162800
100,1.43E+08,1.81E+06,1125000,1125000,0,162800
100,1.43E+08,1.78E+06,1125000,1125000,0,162950
100,1.43E+08,1.81E+06,1125000,1125000,0,162950
100,1.43E+08,1.78E+06,1125000,1125000,0,162950
100,1.43E+08,1.78E+06,1125000,1125000,0,162950
100,1.43E+08,1.83E+06,1125000,1125000,0,162950
100,1.43E+08,1.79E+06,1125000,1125000,0,162950
100,1.43E+08,1.80E+06,1125000,1125000,0,162950
100,1.43E+08,1.79E+06,1125000,1125000,0,162950
100,1.43E+08,1.78E+06,1125000,1125000,0,162950
100,1.43E+08,1.79E+06,1125000,1125000,0,162950
100,1.43E+08,1.78E+06,1125000,1125000,0,162950
100,1.43E+08,1.78E+06,1125000,1125000,0,162950
100,1.43E+08,1.80E+06,1125000,1125000,0,162950
100,1.43E+08,1.81E+06,1125000,1125000,0,162950
100,1.43E+08,1.80E+06,1125000,1125000,0,162950
100,1.43E+08,1.80E+06,1125000,1125000,0,162950
100,1.43E+08,1.81E+06,1125000,1125000,0,162950
100,1.43E+08,1.78E+06,1125000,1125000,0,162950
100,1.43E+08,1.79E+06,1125000,1125000,0,162950
100,1.43E+08,1.79E+06,1125000,1125000,0,162950
100,1.43E+08,1.78E+06,1125000,1125000,0,162950
100,1.43E+08,1.78E+06,1125000,1125000,0,162950
100,1.43E+08,1.81E+06,1125000,1125000,0,162950
100,1.43E+08,1.78E+06,1125000,1125000,0,162950
100,1.43E+08,1.81E+06,1125000,1125000,0,162950
100,1.43E+08,1.79E+06,1125000,1125000,0,162950
100,1.43E+08,1.78E+06,1125000,1125000,0,162950
100,1.43E+08,1.81E+06,1125000,1125000,0,162950
100,1.43E+08,1.78E+06,1125000,1125000,0,162950
100,1.43E+08,1.78E+06,1125000,1125000,0,162950
100,1.43E+08,1.78E+06,1125000,1125000,0,162950
100,1.43E+08,1.79E+06,1125000,1125000,0,162950
100,1.43E+08,1.78E+06,1125000,1125000,0,162950
100,1.43E+08,1.80E+06,1125000,1125000,0,162950
100,1.43E+08,1.79E+06,1125000,1125000,0,162950
100,1.43E+08,1.78E+06,1125000,1125000,0,162950
100,1.43E+08,1.78E+06,1125000,1125000,0,162950
100,1.43E+08,1.79E+06,1125000,1125000,0,162950
100,1.43E+08,1.78E+06,1125000,1125000,0,162950
100,1.43E+08,1.79E+06,1125000,1125000,0,162950
100,1.43E+08,1.80E+06,1125000,1125000,0,162950
100,1.43E+08,1.78E+06,1125000,1125000,0,162950
100,1.43E+08,1.78E+06,1125000,1125000,0,162950
100,1.43E+08,1.80E+06,1125000,1125000,0,162950
100,1.43E+08,1.78E+06,1125000,1125000,0,163200
100,1.43E+08,1.78E+06,1125000,1125000,0,163250
100,1.43E+08,1.78E+06,1125000,1125000,0,163250
100,1.43E+08,1.83E+06,1125000,1125000,0,163250
100,1.43E+08,1.78E+06,1125000,1125000,0,163250
100,1.43E+08,1.78E+06,1125000,1125000,0,163250
100,1.43E+08,1.80E+06,1125000,1125000,0,163250
100,1.43E+08,1.83E+06,1125000,1125000,0,163250
100,1.43E+08,1.78E+06,1125000,1125000,0,163250
100,1.43E+08,1.84E+06,1125000,1125000,0,163250
100,1.43E+08,1.78E+06,1125000,1125000,0,163250
100,1.43E+08,1.81E+06,1125000,1125000,0,163250
100,1.43E+08,1.82E+06,1125000,1125000,0,163250
100,1.43E+08,1.78E+06,1125000,1125000,0,163250
100,1.43E+08,1.81E+06,1125000,1125000,0,163250
100,1.43E+08,1.80E+06,1125000,1125000,0,163250
100,1.43E+08,1.82E+06,1125000,1125000,0,163250
100,1.43E+08,1.79E+06,1125000,1125000,0,163250
100,1.43E+08,1.82E+06,1125000,1125000,0,163250
100,1.43E+08,1.78E+06,1125000,1125000,0,163250
100,1.43E+08,1.79E+06,1125000,1125000,0,163250
100,1.43E+08,1.78E+06,1125000,1125000,0,163250
100,1.43E+08,1.80E+06,1125000,1125000,0,163250
100,1.43E+08,1.86E+06,1125000,1125000,0,163250
100,1.43E+08,1.79E+06,1125000,1125000,0,163250
100,1.43E+08,1.80E+06,1125000,1125000,0,163250
100,1.43E+08,1.82E+06,1125000,1125000,0,163250
100,1.43E+08,1.78E+06,1125000,1125000,0,163250
100,1.43E+08,1.79E+06,1125000,1125000,0,163250
100,1.43E+08,1.78E+06,1125000,1125000,0,163250
100,1.43E+08,1.79E+06,1125000,1125000,0,163250
100,1.43E+08,1.78E+06,1125000,1125000,0,163250
100,1.43E+08,1.78E+06,1125000,1125000,0,163250
100,1.43E+08,1.81E+06,1125000,1125000,0,163250
100,1.43E+08,1.78E+06,1125000,1125000,0,163250
100,1.43E+08,1.78E+06,1125000,1125000,0,163250
100,1.43E+08,1.78E+06,1125000,1125000,0,163250
100,1.43E+08,1.78E+06,1125000,1125000,0,163250
100,1.43E+08,1.80E+06,1125000,1125000,0,163250
100,1.43E+08,1.87E+06,1125000,1125000,0,163250
100,1.43E+08,1.78E+06,1125000,1125000,0,163250
100,1.43E+08,1.80E+06,1125000,1125000,0,163250
100,1.43E+08,1.79E+06,1125000,1125000,0,163250
100,1.43E+08,1.80E+06,1125000,1125000,0,163250
100,1.43E+08,1.81E+06,1125000,1125000,0,163250
100,1.43E+08,1.82E+06,1125000,1125000,0,163250
100,1.43E+08,1.80E+06,1125000,1125000,0,163250
100,1.43E+08,1.79E+06,1125000,1125000,0,163250
100,1.43E+08,1.78E+06,1125000,1125000,0,163250
100,1.43E+08,1.78E+06,1125000,1125000,0,163250
100,1.43E+08,1.78E+06,1125000,1125000,0,163250
100,1.43E+08,1.79E+06,1125000,1125000,0,163250
100,1.43E+08,1.78E+06,1125000,1125000,0,163250
100,1.43E+08,1.78E+06,1125000,1125000,0,163250
100,1.43E+08,1.81E+06,1125000,1125000,0,163250
100,1.43E+08,1.78E+06,1125000,1125000,0,163550
100,1.43E+08,1.79E+06,1125000,1125000,0,163550
100,1.43E+08,1.81E+06,1125000,1125000,0,163550
100,1.43E+08,1.78E+06,1125000,1125000,0,163550
100,1.43E+08,1.80E+06,1125000,1125000,0,163550
100,1.43E+08,1.79E+06,1125000,1125000,0,163550
100,1.43E+08,1.78E+06,1125000,1125000,0,163550
100,1.43E+08,1.79E+06,1125000,1125000,0,163550
100,1.43E+08,1.82E+06,1125000,1125000,0,163550
100,1.43E+08,1.81E+06,1125000,1125000,0,163550
100,1.43E+08,1.78E+06,1125000,1125000,0,163550
100,1.43E+08,1.80E+06,1125000,1125000,0,163550
100,1.43E+08,1.78E+06,1125000,1125000,0,163550
100,1.43E+08,1.79E+06,1125000,1125000,0,163550
100,1.43E+08,1.79E+06,1125000,1125000,0,163550
100,1.43E+08,1.78E+06,1125000,1125000,0,163550
100,1.43E+08,1.80E+06,1125000,1125000,0,163550
100,1.43E+08,1.79E+06,1125000,1125000,0,163550
100,1.43E+08,1.80E+06,1125000,1125000,0,163550
100,1.43E+08,1.78E+06,1125000,1125000,0,163550
100,1.43E+08,1.78E+06,1125000,1125000,0,163550
100,1.43E+08,1.84E+06,1125000,1125000,0,163550
100,1.43E+08,1.83E+06,1125000,1125000,0,163550
100,1.43E+08,1.78E+06,1125000,1125000,0,163550
100,1.43E+08,1.78E+06,1125000,1125000,0,163550
100,1.43E+08,1.83E+06,1125000,1125000,0,163550
100,1.43E+08,1.78E+06,1125000,1125000,0,163550
100,1.43E+08,1.78E+06,1125000,1125000,0,163550
100,1.43E+08,1.81E+06,1125000,1125000,0,163550
100,1.43E+08,1.78E+06,1125000,1125000,0,163600
100,1.43E+08,1.82E+06,1125000,1125000,0,163600
100,1.43E+08,1.78E+06,1125000,1125000,0,163600
100,1.43E+08,1.78E+06,1125000,1125000,0,163600
100,1.43E+08,1.78E+06,1125000,1125000,0,163600
100,1.43E+08,1.78E+06,1125000,1125000,0,163600
100,1.43E+08,1.80E+06,1125000,1125000,0,163600
100,1.43E+08,1.78E+06,1125000,1125000,0,163600
100,1.43E+08,1.80E+06,1125000,1125000,0,163600
100,1.43E+08,1.80E+06,1125000,1125000,0,163600
100,1.43E+08,1.78E+06,1125000,1125000,0,163600
100,1.43E+08,1.81E+06,1125000,1125000,0,163600
100,1.43E+08,1.78E+06,1125000,1125000,0,163600
100,1.43E+08,1.79E+06,1125000,1125000,0,163600
100,1.43E+08,1.79E+06,1125000,1125000,0,163600
100,1.43E+08,1.79E+06,1125000,1125000,0,163600
100,1.43E+08,1.78E+06,1125000,1125000,0,163600
100,1.43E+08,1.81E+06,1125000,1125000,0,163700
100,1.43E+08,1.78E+06,1125000,1125000,0,163700
100,1.43E+08,1.79E+06,1125000,1125000,0,163700
100,1.43E+08,1.80E+06,1125000,1125000,0,163700
100,1.43E+08,1.78E+06,1125000,1125000,0,163700
100,1.43E+08,1.79E+06,1125000,1125000,0,163700
100,1.43E+08,1.81E+06,1125000,1125000,0,163700
100,1.43E+08,1.78E+06,1125000,1125000,0,163700
100,1.43E+08,1.78E+06,1125000,1125000,0,163700
100,1.43E+08,1.81E+06,1125000,1125000,0,163700
100,1.43E+08,1.78E+06,1125000,1125000,0,163700
100,1.43E+08,1.78E+06,1125000,1125000,0,163700
100,1.43E+08,1.78E+06,1125000,1125000,0,163700
100,1.43E+08,1.80E+06,1125000,1125000,0,163700
100,1.43E+08,1.78E+06,1125000,1125000,0,163700
100,1.43E+08,1.80E+06,1125000,1125000,0,163700
100,1.43E+08,1.78E+06,1125000,1125000,0,163700
100,1.43E+08,1.78E+06,1125000,1125000,0,163700
100,1.43E+08,1.80E+06,1125000,1125000,0,163700
100,1.43E+08,1.78E+06,1125000,1125000,0,163700
100,1.43E+08,1.78E+06,1125000,1125000,0,163700
100,1.43E+08,1.84E+06,1125000,1125000,0,163700
100,1.43E+08,1.80E+06,1125000,1125000,0,163700
100,1.43E+08,1.78E+06,1125000,1125000,0,163700
100,1.44E+08,1.78E+06,1125000,1125000,0,163900
100,1.44E+08,1.78E+06,1125000,1125000,0,163900
100,1.44E+08,1.78E+06,1125000,1125000,0,163900
100,1.44E+08,1.80E+06,1125000,1125000,0,163900
100,1.44E+08,1.78E+06,1125000,1125000,0,163900
100,1.44E+08,1.79E+06,1125000,1125000,0,163900
100,1.44E+08,1.80E+06,1125000,1125000,0,163900
100,1.44E+08,1.78E+06,1125000,1125000,0,163900
100,1.44E+08,1.78E+06,1125000,1125000,0,163900
100,1.44E+08,1.82E+06,1125000,1125000,0,163900
100,1.44E+08,1.80E+06,1125000,1125000,0,163900
100,1.44E+08,1.78E+06,1125000,1125000,0,163900
100,1.44E+08,1.78E+06,1125000,1125000,0,163900
100,1.44E+08,1.79E+06,1125000,1125000,0,163900
100,1.44E+08,1.80E+06,1125000,1125000,0,164100
100,1.44E+08,1.81E+06,1125000,1125000,0,164950
100,1.44E+08,1.78E+06,1125000,1125000,0,164950
100,1.44E+08,1.79E+06,1125000,1125000,0,164950
100,1.44E+08,1.78E+06,1125000,1125000,0,164950
100,1.44E+08,1.81E+06,1125000,1125000,0,164950
100,1.44E+08,1.78E+06,1125000,1125000,0,164950
100,1.44E+08,1.84E+06,1125000,1125000,0,165350
100,1.44E+08,1.85E+06,1125000,1125000,0,165350
100,1.44E+08,1.78E+06,1125000,1125000,0,165350
100,1.44E+08,1.78E+06,1125000,1125000,0,165350
100,1.44E+08,1.84E+06,1125000,1125000,0,165350
100,1.44E+08,1.81E+06,1125000,1125000,0,165350
100,1.44E+08,1.78E+06,1125000,1125000,0,165350
100,1.44E+08,1.78E+06,1125000,1125000,0,165350
100,1.44E+08,1.83E+06,1125000,1125000,0,165350
100,1.44E+08,1.86E+06,1125000,1125000,0,165350
100,1.44E+08,1.81E+06,1125000,1125000,0,165350
100,1.44E+08,1.85E+06,1125000,1125000,0,165350
100,1.44E+08,1.80E+06,1125000,1125000,0,165350
100,1.44E+08,1.78E+06,1125000,1125000,0,165350
100,1.44E+08,1.78E+06,1125000,1125000,0,165350
100,1.44E+08,1.83E+06,1125000,1125000,0,165350
100,1.44E+08,1.78E+06,1125000,1125000,0,165350
100,1.44E+08,1.81E+06,1125000,1125000,0,165350
100,1.44E+08,1.78E+06,1125000,1125000,0,165350
100,1.44E+08,1.81E+06,1125000,1125000,0,165350
100,1.44E+08,1.78E+06,1125000,1125000,0,165350
100,1.44E+08,1.78E+06,1125000,1125000,0,165350
100,1.44E+08,1.78E+06,1125000,1125000,0,165350
100,1.44E+08,1.78E+06,1125000,1125000,0,165350
100,1.44E+08,1.79E+06,1125000,1125000,0,165500
100,1.44E+08,1.78E+06,1125000,1125000,0,165500
100,1.44E+08,1.78E+06,1125000,1125000,0,165500
100,1.44E+08,1.78E+06,1125000,1125000,0,165500
100,1.44E+08,1.81E+06,1125000,1125000,0,165500
100,1.44E+08,1.78E+06,1125000,1125000,0,165500
100,1.44E+08,1.78E+06,1125000,1125000,0,165500
100,1.44E+08,1.79E+06,1125000,1125000,0,165500
100,1.44E+08,1.78E+06,1125000,1125000,0,165500
100,1.44E+08,1.78E+06,1125000,1125000,0,165500
100,1.44E+08,1.82E+06,1125000,1125000,0,165500
100,1.44E+08,1.78E+06,1125000,1125000,0,165500
100,1.44E+08,1.78E+06,1125000,1125000,0,165500
100,1.44E+08,1.84E+06,1125000,1125000,0,165500
100,1.44E+08,1.78E+06,1125000,1125000,0,165500
100,1.44E+08,1.78E+06,1125000,1125000,0,165500
100,1.44E+08,1.82E+06,1125000,1125000,0,165500
100,1.44E+08,1.78E+06,1125000,1125000,0,165500
100,1.44E+08,1.80E+06,1125000,1125000,0,165500
100,1.44E+08,1.80E+06,1125000,1125000,0,165500
100,1.44E+08,1.80E+06,1125000,1125000,0,165500
100,1.44E+08,1.78E+06,1125000,1125000,0,165500
100,1.44E+08,1.79E+06,1125000,1125000,0,165500
100,1.44E+08,1.79E+06,1125000,1125000,0,165500
100,1.44E+08,1.78E+06,1125000,1125000,0,165500
100,1.44E+08,1.82E+06,1125000,1125000,0,165500
100,1.44E+08,1.80E+06,1125000,1125000,0,165500
100,1.44E+08,1.78E+06,1125000,1125000,0,165500
100,1.44E+08,1.85E+06,1125000,1125000,0,165500
100,1.44E+08,1.80E+06,1125000,1125000,0,165500
100,1.44E+08,1.78E+06,1125000,1125000,0,165500
100,1.44E+08,1.80E+06,1125000,1125000,0,165500
100,1.44E+08,1.78E+06,1125000,1125000,0,165500
100,1.44E+08,1.78E+06,1125000,1125000,0,165500
100,1.44E+08,1.79E+06,1125000,1125000,0,165500
100,1.44E+08,1.81E+06,1125000,1125000,0,165500
100,1.44E+08,1.83E+06,1125000,1125000,0,165500
100,1.44E+08,1.78E+06,1125000,1125000,0,165500
100,1.44E+08,1.81E+06,1125000,1125000,0,165500
100,1.44E+08,1.78E+06,1125000,1125000,0,165500
100,1.44E+08,1.79E+06,1125000,1125000,0,165500
100,1.44E+08,1.78E+06,1125000,1125000,0,165500
100,1.44E+08,1.78E+06,1125000,1125000,0,165500
100,1.44E+08,1.78E+06,1125000,1125000,0,165500
100,1.44E+08,1.78E+06,1125000,1125000,0,165650
100,1.44E+08,1.78E+06,1125000,1125000,0,165650
100,1.44E+08,1.78E+06,1125000,1125000,0,165650
100,1.44E+08,1.78E+06,1125000,1125000,0,165650
100,1.44E+08,1.83E+06,1125000,1125000,0,165650
100,1.44E+08,1.79E+06,1125000,1125000,0,165650
100,1.44E+08,1.78E+06,1125000,1125000,0,165650
100,1.44E+08,1.80E+06,1125000,1125000,0,165650
100,1.44E+08,1.79E+06,1125000,1125000,0,165650
100,1.44E+08,1.78E+06,1125000,1125000,0,165650
100,1.44E+08,1.78E+06,1125000,1125000,0,165650
100,1.44E+08,1.79E+06,1125000,1125000,0,165650
100,1.44E+08,1.85E+06,1125000,1125000,0,165650
100,1.44E+08,1.80E+06,1125000,1125000,0,165650
100,1.44E+08,1.78E+06,1125000,1125000,0,165650
100,1.44E+08,1.79E+06,1125000,1125000,0,165650
100,1.44E+08,1.78E+06,1125000,1125000,0,165650
100,1.44E+08,1.78E+06,1125000,1125000,0,165650
100,1.44E+08,1.78E+06,1125000,1125000,0,165650
100,1.44E+08,1.78E+06,1125000,1125000,0,165650
100,1.44E+08,1.78E+06,1125000,1125000,0,165650
100,1.44E+08,1.78E+06,1125000,1125000,0,165650
100,1.44E+08,1.86E+06,1125000,1125000,0,165650
100,1.44E+08,1.78E+06,1125000,1125000,0,165650
100,1.44E+08,1.78E+06,1125000,1125000,0,165650
100,1.44E+08,1.78E+06,1125000,1125000,0,165650
100,1.44E+08,1.78E+06,1125000,1125000,0,165650
100,1.44E+08,1.78E+06,1125000,1125000,0,165650
100,1.44E+08,1.78E+06,1125000,1125000,0,165650
100,1.44E+08,1.80E+06,1125000,1125000,0,166900
100,1.44E+08,1.78E+06,1125000,1125000,0,166900
100,1.44E+08,1.79E+06,1125000,1125000,0,166900
100,1.44E+08,1.78E+06,1125000,1125000,0,166900
100,1.44E+08,1.86E+06,1125000,1125000,0,167200
100,1.44E+08,1.79E+06,1125000,1125000,0,167200
100,1.44E+08,1.80E+06,1125000,1125000,0,167200
100,1.44E+08,1.83E+06,1125000,1125000,0,167200
100,1.44E+08,1.79E+06,1125000,1125000,0,167200
100,1.44E+08,1.78E+06,1125000,1125000,0,167200
100,1.44E+08,1.78E+06,1125000,1125000,0,167200
100,1.44E+08,1.78E+06,1125000,1125000,0,167200
100,1.44E+08,1.82E+06,1125000,1125000,0,167200
100,1.44E+08,1.81E+06,1125000,1125000,0,167200
100,1.44E+08,1.81E+06,1125000,1125000,0,167200
100,1.44E+08,1.78E+06,1125000,1125000,0,167200
100,1.44E+08,1.78E+06,1125000,1125000,0,167200
100,1.44E+08,1.78E+06,1125000,1125000,0,167200
100,1.44E+08,1.80E+06,1125000,1125000,0,167200
100,1.44E+08,1.78E+06,1125000,1125000,0,167200
100,1.44E+08,1.78E+06,1125000,1125000,0,167200
100,1.44E+08,1.80E+06,1125000,1125000,0,167200
100,1.44E+08,1.80E+06,1125000,1125000,0,167200
100,1.44E+08,1.78E+06,1125000,1125000,0,167200
100,1.44E+08,1.79E+06,1125000,1125000,0,167200
100,1.44E+08,1.78E+06,1125000,1125000,0,167200
100,1.44E+08,1.78E+06,1125000,1125000,0,167200
100,1.44E+08,1.81E+06,1125000,1125000,0,167200
100,1.44E+08,1.78E+06,1125000,1125000,0,167200
100,1.44E+08,1.78E+06,1125000,1125000,0,167200
100,1.44E+08,1.78E+06,1125000,1125000,0,167200
100,1.44E+08,1.79E+06,1125000,1125000,0,167200
100,1.44E+08,1.78E+06,1125000,1125000,0,167200
100,1.44E+08,1.79E+06,1125000,1125000,0,167200
100,1.44E+08,1.79E+06,1125000,1125000,0,167200
100,1.44E+08,1.78E+06,1125000,1125000,0,167200
100,1.44E+08,1.82E+06,1125000,1125000,0,167200
100,1.44E+08,1.78E+06,1125000,1125000,0,167200
100,1.44E+08,1.78E+06,1125000,1125000,0,167200
100,1.44E+08,1.78E+06,1125000,1125000,0,167200
100,1.44E+08,1.78E+06,1125000,1125000,0,167200
100,1.44E+08,1.79E+06,1125000,1125000,0,167200
100,1.44E+08,1.80E+06,1125000,1125000,0,167200
100,1.44E+08,1.78E+06,1125000,1125000,0,167200
100,1.44E+08,1.80E+06,1125000,1125000,0,167200
100,1.44E+08,1.78E+06,1125000,1125000,0,167200
100,1.44E+08,1.78E+06,1125000,1125000,0,167200
100,1.44E+08,1.80E+06,1125000,1125000,0,167400
100,1.44E+08,1.78E+06,1125000,1125000,0,167400
100,1.44E+08,1.78E+06,1125000,1125000,0,167400
100,1.44E+08,1.78E+06,1125000,1125000,0,167400
100,1.44E+08,1.79E+06,1125000,1125005,0,167400
100,1.44E+08,1.87E+06,1125000,1125000,0,167400
100,1.44E+08,1.87E+06,1125000,1125000,0,167400
100,1.45E+08,1.78E+06,1125000,1125000,0,167500
100,1.45E+08,1.80E+06,1125000,1125000,0,167500
100,1.45E+08,1.81E+06,1125000,1125000,0,167500
100,1.45E+08,1.82E+06,1125000,1125000,0,167500
100,1.45E+08,1.79E+06,1125000,1125000,0,167500
100,1.45E+08,1.78E+06,1125000,1125000,0,167500
100,1.45E+08,1.79E+06,1125000,1125000,0,167500
100,1.45E+08,1.80E+06,1125000,1125000,0,167500
100,1.45E+08,1.79E+06,1125000,1125000,0,167500
100,1.45E+08,1.80E+06,1125000,1125000,0,167500
100,1.45E+08,1.78E+06,1125000,1125000,0,167500
100,1.45E+08,1.78E+06,1125000,1125000,0,167500
100,1.45E+08,1.78E+06,1125000,1125000,0,167500
100,1.45E+08,1.84E+06,1125000,1125000,0,167500
100,1.45E+08,1.78E+06,1125000,1125000,0,167650
100,1.45E+08,1.80E+06,1125000,1125000,0,167650
100,1.45E+08,1.79E+06,1125000,1125000,0,167650
100,1.45E+08,1.80E+06,1125000,1125000,0,167650
100,1.45E+08,1.78E+06,1125000,1125000,0,167650
100,1.45E+08,1.78E+06,1125000,1125000,0,167650
100,1.45E+08,1.78E+06,1125000,1125000,0,167650
100,1.45E+08,1.78E+06,1125000,1125000,0,167650
100,1.45E+08,1.78E+06,1125000,1125000,0,167650
100,1.45E+08,1.78E+06,1125000,1125000,0,167650
100,1.45E+08,1.79E+06,1125000,1125000,0,167650
100,1.45E+08,1.78E+06,1125000,1125000,0,167650
100,1.45E+08,1.78E+06,1125000,1125000,0,167650
100,1.45E+08,1.81E+06,1125000,1125000,0,167650
100,1.45E+08,1.78E+06,1125000,1125000,0,167650
100,1.45E+08,1.79E+06,1125000,1125000,0,167650
100,1.45E+08,1.79E+06,1125000,1125000,0,167650
100,1.45E+08,1.78E+06,1125000,1125000,0,167650
100,1.45E+08,1.81E+06,1125000,1125000,0,167650
100,1.45E+08,1.78E+06,1125000,1125000,0,167650
100,1.45E+08,1.78E+06,1125000,1125000,0,167650
100,1.45E+08,1.78E+06,1125000,1125000,0,167650
100,1.45E+08,1.78E+06,1125000,1125000,0,167650
100,1.45E+08,1.78E+06,1125000,1125000,0,167650
100,1.45E+08,1.78E+06,1125000,1125000,0,167650
100,1.45E+08,1.78E+06,1125000,1125000,0,167650
100,1.45E+08,1.81E+06,1125000,1125000,0,167650
100,1.45E+08,1.78E+06,1125000,1125000,0,167650
100,1.45E+08,1.78E+06,1125000,1125000,0,167650
100,1.45E+08,1.78E+06,1125000,1125000,0,167650
100,1.45E+08,1.78E+06,1125000,1125000,0,167650
100,1.45E+08,1.78E+06,1125000,1125000,0,167650
100,1.45E+08,1.81E+06,1125000,1125000,0,168650
100,1.45E+08,1.81E+06,1125000,1125000,0,168650
100,1.45E+08,1.80E+06,1125000,1125000,0,168650
100,1.45E+08,1.78E+06,1125000,1125000,0,168650
100,1.45E+08,1.78E+06,1125000,1125000,0,168650
100,1.45E+08,1.79E+06,1125000,1125000,0,168650
100,1.45E+08,1.78E+06,1125000,1125000,0,168650
100,1.45E+08,1.78E+06,1125000,1125000,0,168650
100,1.45E+08,1.78E+06,1125000,1125000,0,168650
100,1.45E+08,1.78E+06,1125000,1125000,0,168650
100,1.45E+08,1.78E+06,1125000,1125000,0,168650
100,1.45E+08,1.79E+06,1125000,1125000,0,168650
100,1.45E+08,1.78E+06,1125000,1125000,0,168650
100,1.45E+08,1.80E+06,1125000,1125000,0,168650
100,1.45E+08,1.78E+06,1125000,1125000,0,168650
100,1.45E+08,1.78E+06,1125000,1125000,0,168650
100,1.45E+08,1.79E+06,1125000,1125000,0,168650
100,1.45E+08,1.79E+06,1125000,1125000,0,168650
100,1.45E+08,1.83E+06,1125000,1125000,0,168650
100,1.45E+08,1.80E+06,1125000,1125000,0,168650
100,1.45E+08,1.79E+06,1125000,1125000,0,168650
100,1.45E+08,1.81E+06,1125000,1125000,0,168650
100,1.45E+08,1.78E+06,1125000,1125000,0,168650
100,1.45E+08,1.79E+06,1125000,1125000,0,168650
100,1.45E+08,1.84E+06,1125000,1125000,0,168650
100,1.45E+08,1.78E+06,1125000,1125000,0,168650
100,1.45E+08,1.78E+06,1125000,1125000,0,168650
100,1.45E+08,1.86E+06,1125000,1125000,0,168650
100,1.45E+08,1.87E+06,1125000,1125000,0,168650
100,1.45E+08,1.78E+06,1125000,1125000,0,168650
100,1.45E+08,1.81E+06,1125000,1125000,0,168650
100,1.45E+08,1.78E+06,1125000,1125000,0,168650
100,1.45E+08,1.80E+06,1125000,1125000,0,168650
100,1.45E+08,1.78E+06,1125000,1125000,0,168650
100,1.45E+08,1.82E+06,1125000,1125000,0,168650
100,1.45E+08,1.81E+06,1125000,1125000,0,168650
100,1.45E+08,1.80E+06,1125000,1125000,0,168650
100,1.45E+08,1.78E+06,1125000,1125000,0,168650
100,1.45E+08,1.78E+06,1125000,1125000,0,168650
100,1.45E+08,1.87E+06,1125000,1125000,0,168650
100,1.45E+08,1.78E+06,1125000,1125000,0,168650
100,1.45E+08,1.81E+06,1125000,1125000,0,168650
100,1.45E+08,1.79E+06,1125000,1125000,0,168650
100,1.45E+08,1.79E+06,1125000,1125000,0,168650
100,1.45E+08,1.78E+06,1125000,1125000,0,168650
100,1.45E+08,1.78E+06,1125000,1125000,0,168650
100,1.45E+08,1.81E+06,1125000,1125000,0,168650
100,1.45E+08,1.78E+06,1125000,1125000,0,168650
100,1.45E+08,1.78E+06,1125000,1125000,0,168650
100,1.45E+08,1.78E+06,1125000,1125000,0,168650
100,1.45E+08,1.80E+06,1125000,1125000,0,168650
100,1.45E+08,1.78E+06,1125000,1125000,0,168650
100,1.45E+08,1.78E+06,1125000,1125000,0,168650
100,1.45E+08,1.83E+06,1125000,1125000,0,168650
100,1.45E+08,1.80E+06,1125000,1125000,0,168650
100,1.45E+08,1.78E+06,1125000,1125000,0,168650
100,1.45E+08,1.80E+06,1125000,1125000,0,168650
100,1.45E+08,1.79E+06,1125000,1125000,0,168650
100,1.45E+08,1.80E+06,1125000,1125000,0,168650
100,1.45E+08,1.82E+06,1125000,1125000,0,168650
100,1.45E+08,1.78E+06,1125000,1125000,0,168650
100,1.45E+08,1.78E+06,1125000,1125000,0,168650
100,1.45E+08,1.78E+06,1125000,1125000,0,168650
100,1.45E+08,1.79E+06,1125000,1125000,0,168650
100,1.45E+08,1.78E+06,1125000,1125000,0,168650
100,1.45E+08,1.79E+06,1125000,1125000,0,168650
100,1.45E+08,1.78E+06,1125000,1125000,0,168650
100,1.45E+08,1.78E+06,1125000,1125000,0,168650
100,1.45E+08,1.80E+06,1125000,1125000,0,168650
100,1.45E+08,1.78E+06,1125000,1125000,0,168650
100,1.45E+08,1.81E+06,1125000,1125000,0,168650
100,1.45E+08,1.81E+06,1125000,1125000,0,168650
100,1.45E+08,1.79E+06,1125000,1125000,0,168650
100,1.45E+08,1.78E+06,1125000,1125000,0,168650
100,1.45E+08,1.78E+06,1125000,1125000,0,168650
100,1.45E+08,1.78E+06,1125000,1125000,0,168650
100,1.45E+08,1.78E+06,1125000,1125000,0,168650
100,1.45E+08,1.80E+06,1125000,1125000,0,168700
100,1.45E+08,1.78E+06,1125000,1125000,0,168700
100,1.45E+08,1.79E+06,1125000,1125000,0,168700
100,1.45E+08,1.81E+06,1125000,1125000,0,168700
100,1.45E+08,1.78E+06,1125000,1125000,0,168700
100,1.45E+08,1.78E+06,1125000,1125000,0,168700
100,1.45E+08,1.78E+06,1125000,1125000,0,168700
100,1.45E+08,1.78E+06,1125000,1125000,0,168700
100,1.45E+08,1.78E+06,1125000,1125000,0,168700
100,1.45E+08,1.84E+06,1125000,1125000,0,168700
100,1.45E+08,1.80E+06,1125000,1125000,0,168700
100,1.45E+08,1.78E+06,1125000,1125000,0,168700
100,1.45E+08,1.81E+06,1125000,1125000,0,168700
100,1.45E+08,1.78E+06,1125000,1125000,0,168700
100,1.45E+08,1.78E+06,1125000,1125000,0,168700
100,1.45E+08,1.79E+06,1125000,1125000,0,168700
100,1.45E+08,1.79E+06,1125000,1125000,0,168700
100,1.45E+08,1.79E+06,1125000,1125000,0,168700
100,1.45E+08,1.80E+06,1125000,1125000,0,168700
100,1.45E+08,1.78E+06,1125000,1125000,0,168700
100,1.45E+08,1.79E+06,1125000,1125000,0,168700
100,1.45E+08,1.78E+06,1125000,1125000,0,168700
100,1.45E+08,1.78E+06,1125000,1125000,0,168700
100,1.45E+08,1.78E+06,1125000,1125000,0,168700
100,1.45E+08,1.80E+06,1125000,1125000,0,168700
100,1.45E+08,1.79E+06,1125000,1125000,0,168700
100,1.45E+08,1.80E+06,1125000,1125000,0,168700
100,1.45E+08,1.80E+06,1125000,1125000,0,168750
100,1.45E+08,1.78E+06,1125000,1125000,0,168750
100,1.45E+08,1.78E+06,1125000,1125000,0,168750
100,1.45E+08,1.82E+06,1125000,1125000,0,168750
100,1.45E+08,1.81E+06,1125000,1125000,0,168750
100,1.45E+08,1.94E+06,1125000,1125000,0,168750
100,1.45E+08,1.78E+06,1125000,1125000,0,168750
100,1.45E+08,1.83E+06,1125000,1125000,0,168750
100,1.45E+08,1.78E+06,1125000,1125000,0,168750
100,1.45E+08,1.80E+06,1125000,1125000,0,168750
100,1.45E+08,1.81E+06,1125000,1125000,0,168750
100,1.45E+08,1.78E+06,1125000,1125000,0,168750
100,1.45E+08,1.79E+06,1125000,1125000,0,168750
100,1.45E+08,1.79E+06,1125000,1125000,0,168750
100,1.45E+08,1.78E+06,1125000,1125000,0,168750
100,1.45E+08,1.80E+06,1125000,1125000,0,168750
100,1.45E+08,1.79E+06,1125000,1125000,0,168750
100,1.45E+08,1.80E+06,1125000,1125000,0,168750
100,1.45E+08,1.81E+06,1125000,1125000,0,168750
100,1.45E+08,1.79E+06,1125000,1125000,0,168750
100,1.45E+08,1.82E+06,1125000,1125000,0,168750
100,1.45E+08,1.81E+06,1125000,1125000,0,168750
100,1.45E+08,1.79E+06,1125000,1125000,0,168750
100,1.45E+08,1.78E+06,1125000,1125000,0,168750
100,1.45E+08,1.78E+06,1125000,1125000,0,168750
100,1.45E+08,1.78E+06,1125000,1125000,0,168750
100,1.45E+08,1.78E+06,1125000,1125000,0,168750
100,1.45E+08,1.78E+06,1125000,1125000,0,168750
100,1.45E+08,1.78E+06,1125000,1125000,0,168750
100,1.45E+08,1.78E+06,1125000,1125000,0,168750
100,1.45E+08,1.84E+06,1125000,1125000,0,168750
100,1.45E+08,1.80E+06,1125000,1125000,0,168750
100,1.45E+08,1.79E+06,1125000,1125000,0,168750
100,1.45E+08,1.81E+06,1125000,1125000,0,168750
100,1.45E+08,1.78E+06,1125000,1125000,0,168750
100,1.45E+08,1.79E+06,1125000,1125000,0,168750
100,1.45E+08,1.79E+06,1125000,1125000,0,168750
100,1.45E+08,1.80E+06,1125000,1125000,0,168750
100,1.45E+08,1.81E+06,1125000,1125000,0,168750
100,1.45E+08,1.79E+06,1125000,1125000,0,168750
100,1.45E+08,1.79E+06,1125000,1125000,0,168750
100,1.45E+08,1.80E+06,1125000,1125000,0,168750
100,1.45E+08,1.79E+06,1125000,1125000,0,168750
100,1.45E+08,1.78E+06,1125000,1125000,0,168750
100,1.45E+08,1.78E+06,1125000,1125000,0,168750
100,1.45E+08,1.82E+06,1125000,1125000,0,168750
100,1.45E+08,1.78E+06,1125000,1125000,0,168750
100,1.45E+08,1.78E+06,1125000,1125000,0,168750
100,1.45E+08,1.79E+06,1125000,1125000,0,168750
100,1.45E+08,1.78E+06,1125000,1125000,0,168750
100,1.45E+08,1.79E+06,1125000,1125000,0,168750
100,1.45E+08,1.79E+06,1125000,1125000,0,168750
100,1.45E+08,1.78E+06,1125000,1125000,0,168750
100,1.45E+08,1.82E+06,1125000,1125000,0,168750
100,1.45E+08,1.80E+06,1125000,1125000,0,168750
100,1.45E+08,1.78E+06,1125000,1125000,0,168750
100,1.45E+08,1.79E+06,1125000,1125000,0,168750
100,1.45E+08,1.78E+06,1125000,1125000,0,168750
100,1.45E+08,1.78E+06,1125000,1125000,0,168750
100,1.45E+08,1.81E+06,1125000,1125000,0,168750
100,1.45E+08,1.78E+06,1125000,1125000,0,168750
100,1.45E+08,1.78E+06,1125000,1125000,0,168750
100,1.45E+08,1.78E+06,1125000,1125000,0,168750
100,1.45E+08,1.83E+06,1125000,1125000,0,168750
100,1.45E+08,1.80E+06,1125000,1125000,0,168750
100,1.45E+08,1.78E+06,1125000,1125000,0,168750
100,1.45E+08,1.78E+06,1125000,1125000,0,168750
100,1.45E+08,1.78E+06,1125000,1125000,0,168750
100,1.45E+08,1.80E+06,1125000,1125000,0,168750
100,1.45E+08,1.81E+06,1125000,1125000,0,168750
100,1.45E+08,1.79E+06,1125000,1125000,0,168750
100,1.45E+08,1.78E+06,1125000,1125000,0,168750
100,1.45E+08,1.78E+06,1125000,1125000,0,168750
100,1.45E+08,1.78E+06,1125000,1125000,0,168750
100,1.45E+08,1.80E+06,1125000,1125000,0,168750
100,1.45E+08,1.82E+06,1125000,1125000,0,168750
100,1.45E+08,1.88E+06,1125000,1125000,0,168750
100,1.45E+08,1.88E+06,1125000,1125000,0,168750
100,1.45E+08,1.78E+06,1125000,1125000,0,168750
100,1.45E+08,1.81E+06,1125000,1125000,0,168750
100,1.45E+08,1.79E+06,1125000,1125000,0,168750
100,1.45E+08,1.78E+06,1125000,1125000,0,168750
100,1.45E+08,1.78E+06,1125000,1125000,0,168750
100,1.45E+08,1.80E+06,1125000,1125000,0,168900
100,1.45E+08,1.78E+06,1125000,1125000,0,168900
100,1.45E+08,1.79E+06,1125000,1125000,0,168900
100,1.45E+08,1.78E+06,1125000,1125000,0,168900
100,1.45E+08,1.78E+06,1125000,1125000,0,168900
100,1.45E+08,1.78E+06,1125000,1125000,0,168900
100,1.45E+08,1.78E+06,1125000,1125000,0,168900
100,1.45E+08,1.78E+06,1125000,1125000,0,168900
100,1.45E+08,1.78E+06,1125000,1125000,0,168900
100,1.45E+08,1.79E+06,1125000,1125000,0,168900
100,1.45E+08,1.79E+06,1125000,1125000,0,168900
100,1.45E+08,1.81E+06,1125000,1125000,0,168900
100,1.45E+08,1.78E+06,1125000,1125000,0,168900
100,1.45E+08,1.80E+06,1125000,1125000,0,168900
100,1.45E+08,1.79E+06,1125000,1125000,0,168900
100,1.45E+08,1.78E+06,1125000,1125000,0,168900
100,1.45E+08,1.81E+06,1125000,1125000,0,168900
100,1.45E+08,1.79E+06,1125000,1125000,0,168900
100,1.45E+08,1.83E+06,1125000,1125000,0,168900
100,1.45E+08,1.78E+06,1125000,1125000,0,168900
100,1.45E+08,1.78E+06,1125000,1125000,0,168900
100,1.45E+08,1.80E+06,1125000,1125000,0,168900
100,1.45E+08,1.78E+06,1125000,1125000,0,168900
100,1.45E+08,1.80E+06,1125000,1125000,0,168900
100,1.45E+08,1.81E+06,1125000,1125000,0,168900
100,1.45E+08,1.78E+06,1125000,1125000,0,168900
100,1.45E+08,1.78E+06,1125000,1125000,0,168900
100,1.45E+08,1.80E+06,1125000,1125000,0,168900
100,1.45E+08,1.79E+06,1125000,1125000,0,168900
100,1.45E+08,1.78E+06,1125000,1125000,0,168900
100,1.45E+08,1.78E+06,1125000,1125000,0,168900
100,1.45E+08,1.79E+06,1125000,1125000,0,168900
100,1.45E+08,1.79E+06,1125000,1125000,0,168900
100,1.45E+08,1.78E+06,1125000,1125000,0,168900
100,1.45E+08,1.78E+06,1125000,1125000,0,168900
100,1.45E+08,1.78E+06,1125000,1125000,0,168900
100,1.45E+08,1.78E+06,1125000,1125000,0,168900
100,1.45E+08,1.78E+06,1125000,1125000,0,168900
100,1.45E+08,1.78E+06,1125000,1125000,0,168900
100,1.45E+08,1.81E+06,1125000,1125000,0,168900
100,1.45E+08,1.79E+06,1125000,1125000,0,168900
100,1.45E+08,1.84E+06,1125000,1125000,0,168900
100,1.45E+08,1.78E+06,1125000,1125000,0,168900
100,1.45E+08,1.82E+06,1125000,1125000,0,168900
100,1.45E+08,1.78E+06,1125000,1125000,0,168900
100,1.45E+08,1.79E+06,1125000,1125000,0,168900
100,1.45E+08,1.79E+06,1125000,1125000,0,168900
100,1.45E+08,1.80E+06,1125000,1125000,0,168900
100,1.45E+08,1.78E+06,1125000,1125000,0,168900
100,1.45E+08,1.78E+06,1125000,1125000,0,168900
100,1.45E+08,1.78E+06,1125000,1125000,0,168900
100,1.45E+08,1.78E+06,1125000,1125000,0,168900
100,1.45E+08,1.78E+06,1125000,1125000,0,168900
100,1.45E+08,1.82E+06,1125000,1125000,0,168900
100,1.45E+08,1.80E+06,1125000,1125000,0,168900
100,1.45E+08,1.80E+06,1125000,1125000,0,168900
100,1.45E+08,1.78E+06,1125000,1125000,0,168900
100,1.45E+08,1.78E+06,1125000,1125000,0,168900
100,1.45E+08,1.78E+06,1125000,1125000,0,168900
100,1.45E+08,1.78E+06,1125000,1125000,0,168900
100,1.45E+08,1.83E+06,1125000,1125000,0,168900
100,1.45E+08,1.79E+06,1125000,1125000,0,168900
100,1.45E+08,1.84E+06,1125000,1125000,0,168900
100,1.45E+08,1.79E+06,1125000,1125000,0,168900
100,1.45E+08,1.81E+06,1125000,1125000,0,168900
100,1.45E+08,1.78E+06,1125000,1125000,0,168900
100,1.45E+08,1.78E+06,1125000,1125000,0,168900
100,1.45E+08,1.82E+06,1125000,1125000,0,168900
100,1.45E+08,1.78E+06,1125000,1125000,0,168900
100,1.45E+08,1.80E+06,1125000,1125000,0,168900
100,1.45E+08,1.78E+06,1125000,1125000,0,168900
100,1.45E+08,1.79E+06,1125000,1125000,0,168900
100,1.45E+08,1.80E+06,1125000,1125000,0,168900
100,1.45E+08,1.78E+06,1125000,1125000,0,168900
100,1.45E+08,1.78E+06,1125000,1125000,0,168900
100,1.45E+08,1.78E+06,1125000,1125000,0,168900
100,1.45E+08,1.79E+06,1125000,1125000,0,168900
100,1.45E+08,1.78E+06,1125000,1125000,0,168900
100,1.45E+08,1.80E+06,1125000,1125000,0,168900
100,1.45E+08,1.78E+06,1125000,1125000,0,168900
100,1.45E+08,1.79E+06,1125000,1125000,0,168900
100,1.45E+08,1.83E+06,1125000,1125000,0,168900
100,1.45E+08,1.78E+06,1125000,1125000,0,168900
100,1.45E+08,1.78E+06,1125000,1125000,0,168900
100,1.45E+08,1.80E+06,1125000,1125000,0,168900
100,1.45E+08,1.78E+06,1125000,1125000,0,168900
100,1.45E+08,1.79E+06,1125000,1125000,0,168900
100,1.45E+08,1.78E+06,1125000,1125000,0,168900
100,1.45E+08,1.78E+06,1125000,1125000,0,168900
100,1.45E+08,1.79E+06,1125000,1125000,0,168900
100,1.45E+08,1.80E+06,1125000,1125000,0,168900
100,1.45E+08,1.82E+06,1125000,1125000,0,168900
100,1.45E+08,1.79E+06,1125000,1125000,0,168900
100,1.45E+08,1.82E+06,1125000,1125000,0,168900
100,1.45E+08,1.79E+06,1125000,1125000,0,168900
100,1.45E+08,1.78E+06,1125000,1125000,0,168900
100,1.45E+08,1.79E+06,1125000,1125000,0,168900
100,1.45E+08,1.78E+06,1125000,1125000,0,168900
100,1.45E+08,1.82E+06,1125000,1125000,0,169400
100,1.45E+08,1.79E+06,1125000,1125000,0,169400
100,1.45E+08,1.78E+06,1125000,1125000,0,169400
100,1.45E+08,1.83E+06,1125000,1125000,0,169400
100,1.45E+08,1.78E+06,1125000,1125000,0,169400
100,1.45E+08,1.79E+06,1125000,1125000,0,169400
100,1.45E+08,1.78E+06,1125000,1125000,0,169400
100,1.45E+08,1.80E+06,1125000,1125000,0,169400
100,1.45E+08,1.79E+06,1125000,1125000,0,169400
100,1.45E+08,1.80E+06,1125000,1125000,0,169400
100,1.45E+08,1.78E+06,1125000,1125000,0,169400
100,1.45E+08,1.78E+06,1125000,1125000,0,169400
100,1.45E+08,1.78E+06,1125000,1125000,0,169400
100,1.45E+08,1.78E+06,1125000,1125000,0,169400
100,1.45E+08,1.78E+06,1125000,1125000,0,169400
100,1.45E+08,1.80E+06,1125000,1125000,0,169400
100,1.45E+08,1.79E+06,1125000,1125000,0,169400
100,1.45E+08,1.79E+06,1125000,1125000,0,169400
100,1.45E+08,1.79E+06,1125000,1125000,0,169400
100,1.45E+08,1.78E+06,1125000,1125000,0,169400
100,1.45E+08,1.78E+06,1125000,1125000,0,169400
100,1.45E+08,1.78E+06,1125000,1125000,0,169400
100,1.45E+08,1.78E+06,1125000,1125000,0,169400
100,1.45E+08,1.78E+06,1125000,1125000,0,169400
100,1.45E+08,1.79E+06,1125000,1125000,0,169400
100,1.45E+08,1.79E+06,1125000,1125000,0,169400
100,1.45E+08,1.78E+06,1125000,1125000,0,169400
100,1.45E+08,1.78E+06,1125000,1125000,0,169400
100,1.45E+08,1.78E+06,1125000,1125000,0,169400
100,1.45E+08,1.78E+06,1125000,1125000,0,169400
100,1.45E+08,1.80E+06,1125000,1125000,0,169400
100,1.45E+08,1.78E+06,1125000,1125000,0,169400
100,1.45E+08,1.78E+06,1125000,1125000,0,169400
100,1.45E+08,1.79E+06,1125000,1125000,0,169400
100,1.45E+08,1.78E+06,1125000,1125000,0,169400
100,1.45E+08,1.81E+06,1125000,1125000,0,169400
100,1.45E+08,1.80E+06,1125000,1125000,0,169400
100,1.45E+08,1.78E+06,1125000,1125000,0,169400
100,1.45E+08,1.81E+06,1125000,1125000,0,169400
100,1.45E+08,1.81E+06,1125000,1125000,0,169400
100,1.45E+08,1.81E+06,1125000,1125000,0,169400
100,1.45E+08,1.78E+06,1125000,1125000,0,169400
100,1.45E+08,1.79E+06,1125000,1125000,0,169400
100,1.45E+08,1.80E+06,1125000,1125000,0,169400
100,1.45E+08,1.78E+06,1125000,1125000,0,169400
100,1.45E+08,1.78E+06,1125000,1125000,0,169400
100,1.45E+08,1.79E+06,1125000,1125000,0,169400
100,1.45E+08,1.78E+06,1125000,1125000,0,169400
100,1.45E+08,1.78E+06,1125000,1125000,0,169400
100,1.45E+08,1.81E+06,1125000,1125000,0,169400
100,1.45E+08,1.78E+06,1125000,1125000,0,169400
100,1.45E+08,1.79E+06,1125000,1125000,0,169400
100,1.45E+08,1.78E+06,1125000,1125000,0,169400
100,1.45E+08,1.78E+06,1125000,1125000,0,169400
100,1.45E+08,1.80E+06,1125000,1125000,0,169400
100,1.45E+08,1.78E+06,1125000,1125000,0,169400
100,1.45E+08,1.80E+06,1125000,1125000,0,169400
100,1.45E+08,1.78E+06,1125000,1125000,0,169400
100,1.45E+08,1.78E+06,1125000,1125000,0,169400
100,1.45E+08,1.81E+06,1125000,1125000,0,169400
100,1.45E+08,1.78E+06,1125000,1125000,0,169400
100,1.45E+08,1.78E+06,1125000,1125000,0,169400
100,1.45E+08,1.78E+06,1125000,1125000,0,169400
100,1.45E+08,1.78E+06,1125000,1125000,0,169400
100,1.45E+08,1.83E+06,1125000,1125000,0,169400
100,1.45E+08,1.79E+06,1125000,1125000,0,169400
100,1.45E+08,1.78E+06,1125000,1125000,0,169400
100,1.45E+08,1.81E+06,1125000,1125000,0,169400
100,1.45E+08,1.78E+06,1125000,1125000,0,169400
100,1.45E+08,1.78E+06,1125000,1125000,0,169400
100,1.45E+08,1.79E+06,1125000,1125000,0,169400
100,1.45E+08,1.80E+06,1125000,1125000,0,169400
100,1.45E+08,1.79E+06,1125000,1125000,0,169400
100,1.45E+08,1.79E+06,1125000,1125000,0,169400
100,1.45E+08,1.78E+06,1125000,1125000,0,169400
100,1.45E+08,1.79E+06,1125000,1125000,0,169400
100,1.45E+08,1.81E+06,1125000,1125000,0,169400
100,1.45E+08,1.80E+06,1125000,1125000,0,169400
100,1.45E+08,1.78E+06,1125000,1125000,0,169400
100,1.45E+08,1.80E+06,1125000,1125000,0,169400
100,1.45E+08,1.80E+06,1125000,1125000,0,169400
100,1.45E+08,1.78E+06,1125000,1125000,0,169400
100,1.45E+08,1.78E+06,1125000,1125000,0,169400
100,1.45E+08,1.78E+06,1125000,1125000,0,169400
100,1.45E+08,1.78E+06,1125000,1125000,0,169400
100,1.45E+08,1.78E+06,1125000,1125000,0,169400
100,1.45E+08,1.79E+06,1125000,1125000,0,169400
100,1.45E+08,1.80E+06,1125000,1125000,0,169400
100,1.45E+08,1.82E+06,1125000,1125000,0,169400
100,1.45E+08,1.79E+06,1125000,1125000,0,169400
100,1.45E+08,1.80E+06,1125000,1125000,0,169400
100,1.45E+08,1.78E+06,1125000,1125000,0,169400
100,1.45E+08,1.78E+06,1125000,1125000,0,169400
100,1.45E+08,1.78E+06,1125000,1125000,0,169400
100,1.45E+08,1.81E+06,1125000,1125000,0,169400
100,1.45E+08,1.79E+06,1125000,1125000,0,169400
100,1.45E+08,1.80E+06,1125000,1125000,0,169400
100,1.45E+08,1.78E+06,1125000,1125000,0,169400
100,1.45E+08,1.78E+06,1125000,1125000,0,169400
100,1.45E+08,1.80E+06,1125000,1125000,0,169400
100,1.45E+08,1.79E+06,1125000,1125000,0,169400
100,1.45E+08,1.80E+06,1125000,1125000,0,169400
100,1.45E+08,1.78E+06,1125000,1125000,0,169400
100,1.45E+08,1.82E+06,1125000,1125000,0,169400
100,1.45E+08,1.78E+06,1125000,1125000,0,169400
100,1.45E+08,1.78E+06,1125000,1125000,0,169800
100,1.45E+08,1.78E+06,1125000,1125000,0,169800
100,1.45E+08,1.80E+06,1125000,1125000,0,169800
100,1.45E+08,1.79E+06,1125000,1125000,0,169800
100,1.45E+08,1.88E+06,1125000,1125000,0,169800
100,1.45E+08,1.80E+06,1125000,1125000,0,169800
100,1.45E+08,1.78E+06,1125000,1125000,0,169800
100,1.45E+08,1.85E+06,1125000,1125000,0,169800
100,1.45E+08,1.79E+06,1125000,1125000,0,169800
100,1.45E+08,1.80E+06,1125000,1125000,0,169800
100,1.45E+08,1.80E+06,1125000,1125000,0,170700
100,1.45E+08,1.78E+06,1125000,1125000,0,170700
100,1.45E+08,1.85E+06,1125000,1125000,0,170700
100,1.45E+08,1.79E+06,1125000,1125000,0,170700
100,1.45E+08,1.78E+06,1125000,1125000,0,170800
100,1.45E+08,1.79E+06,1125000,1125000,0,170800
100,1.45E+08,1.78E+06,1125000,1125000,0,170800
100,1.45E+08,1.81E+06,1125000,1125000,0,170800
100,1.45E+08,1.78E+06,1125000,1125000,0,170800
100,1.45E+08,1.78E+06,1125000,1125000,0,170800
100,1.45E+08,1.78E+06,1125000,1125000,0,170800
100,1.45E+08,1.78E+06,1125000,1125000,0,170800
100,1.45E+08,1.78E+06,1125000,1125000,0,170800
100,1.45E+08,1.78E+06,1125000,1125000,0,170800
100,1.45E+08,1.78E+06,1125000,1125000,0,170800
100,1.45E+08,1.78E+06,1125000,1125000,0,170800
100,1.45E+08,1.78E+06,1125000,1125000,0,170800
100,1.45E+08,1.78E+06,1125000,1125000,0,170800
100,1.45E+08,1.81E+06,1125000,1125000,0,170800
100,1.45E+08,1.78E+06,1125000,1125000,0,170800
100,1.45E+08,1.78E+06,1125000,1125000,0,170800
100,1.45E+08,1.80E+06,1125000,1125000,0,170800
100,1.45E+08,1.78E+06,1125000,1125000,0,170800
100,1.45E+08,1.80E+06,1125000,1125000,0,170800
100,1.45E+08,1.78E+06,1125000,1125000,0,170800
100,1.45E+08,1.78E+06,1125000,1125000,0,170800
100,1.45E+08,1.82E+06,1125000,1125000,0,170800
100,1.45E+08,1.79E+06,1125000,1125000,0,170800
100,1.45E+08,1.78E+06,1125000,1125000,0,170800
100,1.45E+08,1.78E+06,1125000,1125000,0,170800
100,1.45E+08,1.85E+06,1125000,1125000,0,170800
100,1.45E+08,1.78E+06,1125000,1125000,0,170800
100,1.45E+08,1.78E+06,1125000,1125000,0,170800
100,1.45E+08,1.80E+06,1125000,1125000,0,170800
100,1.45E+08,1.78E+06,1125000,1125000,0,170800
100,1.45E+08,1.78E+06,1125000,1125000,0,170800
100,1.45E+08,1.81E+06,1125000,1125000,0,170800
100,1.45E+08,1.81E+06,1125000,1125000,0,170800
100,1.45E+08,1.78E+06,1125000,1125000,0,170800
100,1.45E+08,1.78E+06,1125000,1125000,0,170800
100,1.45E+08,1.80E+06,1125000,1125000,0,170800
100,1.45E+08,1.79E+06,1125000,1125000,0,170800
100,1.45E+08,1.78E+06,1125000,1125000,0,170800
100,1.45E+08,1.78E+06,1125000,1125000,0,170800
100,1.45E+08,1.79E+06,1125000,1125000,0,170800
100,1.45E+08,1.78E+06,1125000,1125000,0,170800
100,1.45E+08,1.79E+06,1125000,1125000,0,170800
100,1.45E+08,1.81E+06,1125000,1125000,0,170800
100,1.45E+08,1.79E+06,1125000,1125000,0,170800
100,1.45E+08,1.78E+06,1125000,1125000,0,170800
100,1.45E+08,1.79E+06,1125000,1125000,0,170800
100,1.45E+08,1.78E+06,1125000,1125000,0,170800
100,1.45E+08,1.78E+06,1125000,1125000,0,170800
100,1.45E+08,1.79E+06,1125000,1125000,0,170800
100,1.45E+08,1.78E+06,1125000,1125000,0,170800
100,1.45E+08,1.80E+06,1125000,1125000,0,170800
100,1.46E+08,1.78E+06,1125000,1125000,0,170800
100,1.46E+08,1.78E+06,1125000,1125000,0,170800
100,1.46E+08,1.78E+06,1125000,1125000,0,170800
100,1.46E+08,1.78E+06,1125000,1125000,0,170800
100,1.46E+08,1.78E+06,1125000,1125000,0,170800
100,1.46E+08,1.78E+06,1125000,1125000,0,170800
100,1.46E+08,1.79E+06,1125000,1125000,0,170800
100,1.46E+08,1.78E+06,1125000,1125000,0,170800
100,1.46E+08,1.80E+06,1125000,1125000,0,170800
100,1.46E+08,1.79E+06,1125000,1125000,0,170800
100,1.46E+08,1.79E+06,1125000,1125000,0,170800
100,1.46E+08,1.79E+06,1125000,1125000,0,170800
100,1.46E+08,1.78E+06,1125000,1125000,0,170800
100,1.46E+08,1.82E+06,1125000,1125000,0,170800
100,1.46E+08,1.78E+06,1125000,1125000,0,170800
100,1.46E+08,1.78E+06,1125000,1125000,0,170800
100,1.46E+08,1.88E+06,1125000,1125000,0,170800
100,1.46E+08,1.79E+06,1125000,1125000,0,170800
100,1.46E+08,1.81E+06,1125000,1125000,0,170800
100,1.46E+08,1.78E+06,1125000,1125000,0,170800
100,1.46E+08,1.78E+06,1125000,1125000,0,170800
100,1.46E+08,1.79E+06,1125000,1125000,0,170800
100,1.46E+08,1.80E+06,1125000,1125000,0,170800
100,1.46E+08,1.78E+06,1125000,1125000,0,170800
100,1.46E+08,1.78E+06,1125000,1125000,0,170800
100,1.46E+08,1.79E+06,1125000,1125000,0,170800
100,1.46E+08,1.79E+06,1125000,1125000,0,170800
100,1.46E+08,1.78E+06,1125000,1125000,0,170800
100,1.46E+08,1.83E+06,1125000,1125000,0,170800
100,1.46E+08,1.81E+06,1125000,1125000,0,170800
100,1.46E+08,1.78E+06,1125000,1125000,0,170800
100,1.46E+08,1.81E+06,1125000,1125000,0,170800
100,1.46E+08,1.78E+06,1125000,1125000,0,170800
100,1.46E+08,1.79E+06,1125000,1125000,0,170800
100,1.46E+08,1.80E+06,1125000,1125000,0,170800
100,1.46E+08,1.78E+06,1125000,1125000,0,170800
100,1.46E+08,1.78E+06,1125000,1125000,0,170800
100,1.46E+08,1.78E+06,1125000,1125000,0,170800
100,1.46E+08,1.81E+06,1125000,1125000,0,170800
100,1.46E+08,1.81E+06,1125000,1125000,0,170800
100,1.46E+08,1.78E+06,1125000,1125000,0,170800
100,1.46E+08,1.81E+06,1125000,1125000,0,170800
100,1.46E+08,1.78E+06,1125000,1125000,0,170800
100,1.46E+08,1.79E+06,1125000,1125000,0,170800
100,1.46E+08,1.81E+06,1125000,1125000,0,170800
100,1.46E+08,1.78E+06,1125000,1125000,0,170800
100,1.46E+08,1.78E+06,1125000,1125000,0,170800
100,1.46E+08,1.79E+06,1125000,1125000,0,170800
100,1.46E+08,1.78E+06,1125000,1125000,0,170800
100,1.46E+08,1.80E+06,1125000,1125000,0,170800
100,1.46E+08,1.81E+06,1125000,1125000,0,170800
100,1.46E+08,1.78E+06,1125000,1125000,0,170800
100,1.46E+08,1.78E+06,1125000,1125000,0,170800
100,1.46E+08,1.80E+06,1125000,1125000,0,170800
100,1.46E+08,1.81E+06,1125000,1125000,0,170800
100,1.46E+08,1.80E+06,1125000,1125000,0,170800
100,1.46E+08,1.78E+06,1125000,1125000,0,170800
100,1.46E+08,1.78E+06,1125000,1125000,0,170800
100,1.46E+08,1.81E+06,1125000,1125000,0,170800
100,1.46E+08,1.79E+06,1125000,1125000,0,170800
100,1.46E+08,1.78E+06,1125000,1125000,0,170800
100,1.46E+08,1.78E+06,1125000,1125000,0,170800
100,1.46E+08,1.83E+06,1125000,1125000,0,170800
100,1.46E+08,1.78E+06,1125000,1125000,0,170800
100,1.46E+08,1.80E+06,1125000,1125000,0,170800
100,1.46E+08,1.79E+06,1125000,1125000,0,170800
100,1.46E+08,1.78E+06,1125000,1125000,0,170800
100,1.46E+08,1.86E+06,1125000,1125000,0,170800
100,1.46E+08,1.78E+06,1125000,1125000,0,170800
100,1.46E+08,1.80E+06,1125000,1125000,0,170800
100,1.46E+08,1.78E+06,1125000,1125000,0,170800
100,1.46E+08,1.78E+06,1125000,1125000,0,170800
100,1.46E+08,1.78E+06,1125000,1125000,0,170800
100,1.46E+08,1.80E+06,1125000,1125000,0,170800
100,1.46E+08,1.78E+06,1125000,1125000,0,170800
100,1.46E+08,1.78E+06,1125000,1125000,0,170800
100,1.46E+08,1.80E+06,1125000,1125000,0,170800
100,1.46E+08,1.78E+06,1125000,1125000,0,170800
100,1.46E+08,1.78E+06,1125000,1125000,0,170800
100,1.46E+08,1.78E+06,1125000,1125000,0,170800
100,1.46E+08,1.78E+06,1125000,1125000,0,170800
100,1.46E+08,1.79E+06,1125000,1125000,0,170800
100,1.46E+08,1.79E+06,1125000,1125000,0,170800
100,1.46E+08,1.78E+06,1125000,1125000,0,170800
100,1.46E+08,1.81E+06,1125000,1125000,0,170800
100,1.46E+08,1.80E+06,1125000,1125000,0,170800
100,1.46E+08,1.78E+06,1125000,1125000,0,170800
100,1.46E+08,1.78E+06,1125000,1125000,0,170800
100,1.46E+08,1.78E+06,1125000,1125000,0,170800
100,1.46E+08,1.79E+06,1125000,1125000,0,170800
100,1.46E+08,1.87E+06,1125000,1125000,0,170850
100,1.46E+08,1.84E+06,1125000,1125000,0,170850
100,1.46E+08,1.78E+06,1125000,1125000,0,170850
100,1.46E+08,1.78E+06,1125000,1125000,0,170850
100,1.46E+08,1.80E+06,1125000,1125000,0,170850
100,1.46E+08,1.82E+06,1125000,1125000,0,170850
100,1.46E+08,1.78E+06,1125000,1125000,0,171150
100,1.46E+08,1.80E+06,1125000,1125000,0,171150
100,1.46E+08,1.81E+06,1125000,1125000,0,171150
100,1.46E+08,1.82E+06,1125000,1125000,0,171150
100,1.46E+08,1.78E+06,1125000,1125000,0,171150
100,1.46E+08,1.78E+06,1125000,1125000,0,171150
100,1.46E+08,1.81E+06,1125000,1125000,0,171150
100,1.46E+08,1.78E+06,1125000,1125000,0,171150
100,1.46E+08,1.80E+06,1125000,1125000,0,171150
100,1.46E+08,1.78E+06,1125000,1125000,0,171150
100,1.46E+08,1.80E+06,1125000,1125000,0,171150
100,1.46E+08,1.78E+06,1125000,1125000,0,171150
100,1.46E+08,1.79E+06,1125000,1125000,0,171350
100,1.46E+08,1.78E+06,1125000,1125000,0,171350
100,1.46E+08,1.78E+06,1125000,1125000,0,171350
100,1.46E+08,1.79E+06,1125000,1125000,0,171350
100,1.46E+08,1.78E+06,1125000,1125000,0,171350
100,1.46E+08,1.78E+06,1125000,1125000,0,171350
100,1.46E+08,1.78E+06,1125000,1125000,0,171350
100,1.46E+08,1.78E+06,1125000,1125000,0,171350
100,1.46E+08,1.78E+06,1125000,1125000,0,171350
100,1.46E+08,1.78E+06,1125000,1125000,0,171350
100,1.46E+08,1.78E+06,1125000,1125000,0,171350
100,1.46E+08,1.82E+06,1125000,1125000,0,171350
100,1.46E+08,1.78E+06,1125000,1125000,0,171350
100,1.46E+08,1.78E+06,1125000,1125000,0,171350
100,1.46E+08,1.78E+06,1125000,1125000,0,171350
100,1.46E+08,1.80E+06,1125000,1125000,0,171350
100,1.46E+08,1.79E+06,1125000,1125000,0,171350
100,1.46E+08,1.82E+06,1125000,1125000,0,171350
100,1.46E+08,1.78E+06,1125000,1125000,0,171350
100,1.46E+08,1.81E+06,1125000,1125000,0,171350
100,1.46E+08,1.80E+06,1125000,1125000,0,171350
100,1.46E+08,1.78E+06,1125000,1125000,0,171350
100,1.46E+08,1.78E+06,1125000,1125000,0,171350
100,1.46E+08,1.86E+06,1125000,1125000,0,171350
100,1.46E+08,1.78E+06,1125000,1125000,0,171350
100,1.46E+08,1.79E+06,1125000,1125000,0,171350
100,1.46E+08,1.81E+06,1125000,1125000,0,171350
100,1.46E+08,1.78E+06,1125000,1125000,0,171350
100,1.46E+08,1.78E+06,1125000,1125000,0,171350
100,1.46E+08,1.78E+06,1125000,1125000,0,171350
100,1.46E+08,1.81E+06,1125000,1125000,0,171350
100,1.46E+08,1.78E+06,1125000,1125000,0,171350
100,1.46E+08,1.79E+06,1125000,1125000,0,171350
100,1.46E+08,1.78E+06,1125000,1125000,0,171350
100,1.46E+08,1.83E+06,1125000,1125000,0,171350
100,1.46E+08,1.84E+06,1125000,1125000,0,171350
100,1.46E+08,1.78E+06,1125000,1125000,0,171350
100,1.46E+08,1.79E+06,1125000,1125000,0,171350
100,1.46E+08,1.79E+06,1125000,1125000,0,171350
100,1.46E+08,1.78E+06,1125000,1125000,0,171350
100,1.46E+08,1.81E+06,1125000,1125000,0,171350
100,1.46E+08,1.78E+06,1125000,1125000,0,171350
100,1.46E+08,1.78E+06,1125000,1125000,0,172050
100,1.46E+08,1.80E+06,1125000,1125000,0,172050
100,1.46E+08,1.78E+06,1125000,1125000,0,172050
100,1.46E+08,1.82E+06,1125000,1125000,0,172050
100,1.46E+08,1.80E+06,1125000,1125000,0,172050
100,1.46E+08,1.81E+06,1125000,1125000,0,172050
100,1.46E+08,1.82E+06,1125000,1125000,0,172050
100,1.46E+08,1.81E+06,1125000,1125000,0,172050
100,1.46E+08,1.78E+06,1125000,1125000,0,172050
100,1.46E+08,1.78E+06,1125000,1125000,0,172050
100,1.46E+08,1.79E+06,1125000,1125000,0,172950
100,1.46E+08,1.81E+06,1125000,1125000,0,172950
100,1.46E+08,1.78E+06,1125000,1125000,0,172950
100,1.46E+08,1.81E+06,1125000,1125000,0,172950
100,1.46E+08,1.78E+06,1125000,1125000,0,172950
100,1.46E+08,1.78E+06,1125000,1125000,0,173000
100,1.46E+08,1.83E+06,1125000,1125000,0,173000
100,1.46E+08,1.78E+06,1125000,1125000,0,173000
100,1.46E+08,1.78E+06,1125000,1125000,0,173000
100,1.46E+08,1.78E+06,1125000,1125000,0,173000
100,1.46E+08,1.78E+06,1125000,1125000,0,173000
100,1.46E+08,1.83E+06,1125000,1125000,0,173000
100,1.46E+08,1.81E+06,1125000,1125000,0,173000
100,1.46E+08,1.79E+06,1125000,1125000,0,173000
100,1.46E+08,1.80E+06,1125000,1125003,0,173200
100,1.46E+08,1.78E+06,1125000,1125000,0,173200
100,1.46E+08,1.90E+06,1125000,1125000,0,173200
100,1.46E+08,1.78E+06,1125000,1125000,0,173200
100,1.46E+08,1.81E+06,1125000,1125000,0,173700
100,1.46E+08,1.81E+06,1125000,1125000,0,173700
100,1.46E+08,1.78E+06,1125000,1125000,0,173700
100,1.46E+08,1.78E+06,1125000,1125000,0,173700
100,1.46E+08,1.78E+06,1125000,1125000,0,173850
100,1.46E+08,1.80E+06,1125000,1125000,0,173850
100,1.46E+08,1.78E+06,1125000,1125000,0,173850
100,1.46E+08,1.79E+06,1125000,1125000,0,173850
100,1.46E+08,1.78E+06,1125000,1125000,0,173850
100,1.46E+08,1.79E+06,1125000,1125000,0,173850
100,1.46E+08,1.78E+06,1125000,1125000,0,173850
100,1.46E+08,1.78E+06,1125000,1125000,0,173850
100,1.46E+08,1.79E+06,1125000,1125000,0,173850
100,1.46E+08,1.78E+06,1125000,1125000,0,173850
100,1.46E+08,1.80E+06,1125000,1125000,0,173850
100,1.46E+08,1.79E+06,1125000,1125000,0,173850
100,1.46E+08,1.80E+06,1125000,1125000,0,173850
100,1.46E+08,1.78E+06,1125000,1125000,0,173850
100,1.46E+08,1.78E+06,1125000,1125000,0,173850
100,1.46E+08,1.81E+06,1125000,1125000,0,173850
100,1.46E+08,1.78E+06,1125000,1125000,0,173850
100,1.46E+08,1.78E+06,1125000,1125000,0,173850
100,1.46E+08,1.79E+06,1125000,1125000,0,173850
100,1.46E+08,1.78E+06,1125000,1125000,0,173850
100,1.46E+08,1.78E+06,1125000,1125000,0,173850
100,1.46E+08,1.78E+06,1125000,1125000,0,173850
100,1.46E+08,1.79E+06,1125000,1125000,0,173850
100,1.46E+08,1.82E+06,1125000,1125000,0,173850
100,1.46E+08,1.79E+06,1125000,1125000,0,173850
100,1.46E+08,1.78E+06,1125000,1125000,0,173850
100,1.46E+08,1.81E+06,1125000,1125000,0,173850
100,1.46E+08,1.78E+06,1125000,1125000,0,173850
100,1.46E+08,1.79E+06,1125000,1125000,0,173850
100,1.46E+08,1.79E+06,1125000,1125000,0,173850
100,1.46E+08,1.79E+06,1125000,1125000,0,173850
100,1.46E+08,1.78E+06,1125000,1125000,0,173850
100,1.46E+08,1.80E+06,1125000,1125000,0,173850
100,1.46E+08,1.80E+06,1125000,1125000,0,173850
100,1.46E+08,1.78E+06,1125000,1125000,0,173850
100,1.46E+08,1.78E+06,1125000,1125000,0,173850
100,1.46E+08,1.83E+06,1125000,1125000,0,173850
100,1.46E+08,1.78E+06,1125000,1125000,0,173850
100,1.46E+08,1.81E+06,1125000,1125000,0,173850
100,1.46E+08,1.80E+06,1125000,1125000,0,173850
100,1.46E+08,1.78E+06,1125000,1125000,0,173850
100,1.46E+08,1.78E+06,1125000,1125000,0,173850
100,1.46E+08,1.82E+06,1125000,1125000,0,173850
100,1.46E+08,1.79E+06,1125000,1125000,0,173850
100,1.46E+08,1.78E+06,1125000,1125000,0,173850
100,1.46E+08,1.80E+06,1125000,1125000,0,173850
100,1.46E+08,1.84E+06,1125000,1125000,0,173850
100,1.46E+08,1.79E+06,1125000,1125000,0,173850
100,1.46E+08,1.81E+06,1125000,1125000,0,173850
100,1.46E+08,1.78E+06,1125000,1125000,0,173850
100,1.46E+08,1.79E+06,1125000,1125000,0,173850
100,1.46E+08,1.79E+06,1125000,1125000,0,173850
100,1.46E+08,1.79E+06,1125000,1125000,0,173850
100,1.46E+08,1.79E+06,1125000,1125000,0,173850
100,1.46E+08,1.78E+06,1125000,1125000,0,173850
100,1.46E+08,1.80E+06,1125000,1125000,0,173850
100,1.46E+08,1.79E+06,1125000,1125000,0,173850
100,1.46E+08,1.78E+06,1125000,1125000,0,173850
100,1.46E+08,1.80E+06,1125000,1125000,0,173850
100,1.46E+08,1.78E+06,1125000,1125000,0,173850
100,1.46E+08,1.78E+06,1125000,1125003,0,173850
100,1.46E+08,1.78E+06,1125000,1125000,0,173850
100,1.46E+08,1.78E+06,1125000,1125000,0,173850
100,1.46E+08,1.78E+06,1125000,1125000,0,173850
100,1.46E+08,1.78E+06,1125000,1125000,0,173850
100,1.46E+08,1.78E+06,1125000,1125000,0,173850
100,1.46E+08,1.80E+06,1125000,1125000,0,173850
100,1.46E+08,1.78E+06,1125000,1125000,0,173850
100,1.46E+08,1.87E+06,1125000,1125000,0,173850
100,1.46E+08,1.83E+06,1125000,1125000,0,173850
100,1.46E+08,1.78E+06,1125000,1125000,0,173850
100,1.46E+08,1.78E+06,1125000,1125000,0,173850
100,1.46E+08,1.82E+06,1125000,1125000,0,173850
100,1.46E+08,1.79E+06,1125000,1125000,0,173850
100,1.46E+08,1.82E+06,1125000,1125000,0,173850
100,1.46E+08,1.82E+06,1125000,1125000,0,173850
100,1.46E+08,1.79E+06,1125000,1125000,0,173850
100,1.46E+08,1.78E+06,1125000,1125000,0,173850
100,1.46E+08,1.79E+06,1125000,1125000,0,173850
100,1.46E+08,1.78E+06,1125000,1125000,0,173850
100,1.46E+08,1.85E+06,1125000,1125000,0,173850
100,1.46E+08,1.78E+06,1125000,1125000,0,173850
100,1.46E+08,1.80E+06,1125000,1125000,0,173850
100,1.46E+08,1.87E+06,1125000,1125000,0,173850
100,1.46E+08,1.79E+06,1125000,1125000,0,173850
100,1.46E+08,1.78E+06,1125000,1125000,0,173850
100,1.46E+08,1.83E+06,1125000,1125000,0,173850
100,1.46E+08,1.78E+06,1125000,1125000,0,173850
100,1.46E+08,1.78E+06,1125000,1125000,0,174850
100,1.46E+08,1.78E+06,1125000,1125000,0,174850
100,1.46E+08,1.78E+06,1125000,1125000,0,174850
100,1.46E+08,1.78E+06,1125000,1125000,0,174850
100,1.46E+08,1.78E+06,1125000,1125000,0,174850
100,1.46E+08,1.78E+06,1125000,1125000,0,174850
100,1.46E+08,1.78E+06,1125000,1125000,0,174850
100,1.46E+08,1.78E+06,1125000,1125000,0,174850
100,1.46E+08,1.80E+06,1125000,1125000,0,174850
100,1.46E+08,1.79E+06,1125000,1125000,0,174850
100,1.46E+08,1.80E+06,1125000,1125000,0,175250
100,1.46E+08,1.78E+06,1125000,1125000,0,175250
100,1.46E+08,1.78E+06,1125000,1125000,0,175250
100,1.46E+08,1.80E+06,1125000,1125000,0,175250
100,1.46E+08,1.78E+06,1125000,1125000,0,175250
100,1.46E+08,1.78E+06,1125000,1125000,0,175250
100,1.46E+08,1.81E+06,1125000,1125000,0,175250
100,1.46E+08,1.78E+06,1125000,1125000,0,175250
100,1.46E+08,1.82E+06,1125000,1125000,0,175250
100,1.46E+08,1.79E+06,1125000,1125000,0,175250
100,1.46E+08,1.78E+06,1125000,1125000,0,175250
100,1.46E+08,1.79E+06,1125000,1125000,0,175250
100,1.46E+08,1.78E+06,1125000,1125000,0,175250
100,1.46E+08,1.78E+06,1125000,1125000,0,175250
100,1.46E+08,1.81E+06,1125000,1125000,0,175250
100,1.46E+08,1.82E+06,1125000,1125000,0,175250
100,1.46E+08,1.79E+06,1125000,1125000,0,175250
100,1.46E+08,1.80E+06,1125000,1125000,0,175250
100,1.46E+08,1.78E+06,1125000,1125000,0,175250
100,1.46E+08,1.78E+06,1125000,1125000,0,175250
100,1.46E+08,1.81E+06,1125000,1125000,0,175250
100,1.46E+08,1.80E+06,1125000,1125000,0,175250
100,1.46E+08,1.78E+06,1125000,1125000,0,175250
100,1.46E+08,1.80E+06,1125000,1125000,0,175250
100,1.46E+08,1.78E+06,1125000,1125000,0,175250
100,1.46E+08,1.81E+06,1125000,1125000,0,175250
100,1.46E+08,1.81E+06,1125000,1125000,0,175250
100,1.46E+08,1.80E+06,1125000,1125000,0,175250
100,1.46E+08,1.78E+06,1125000,1125000,0,175250
100,1.46E+08,1.78E+06,1125000,1125000,0,175250
100,1.46E+08,1.78E+06,1125000,1125000,0,175250
100,1.46E+08,1.78E+06,1125000,1125000,0,175250
100,1.46E+08,1.78E+06,1125000,1125000,0,175250
100,1.46E+08,1.80E+06,1125000,1125000,0,175250
100,1.46E+08,1.80E+06,1125000,1125000,0,175250
100,1.46E+08,1.80E+06,1125000,1125000,0,175250
100,1.46E+08,1.81E+06,1125000,1125000,0,175250
100,1.46E+08,1.80E+06,1125000,1125000,0,175250
100,1.46E+08,1.78E+06,1125000,1125000,0,175250
100,1.46E+08,1.78E+06,1125000,1125000,0,175250
100,1.46E+08,1.78E+06,1125000,1125000,0,175250
100,1.46E+08,1.79E+06,1125000,1125000,0,175250
100,1.46E+08,1.81E+06,1125000,1125000,0,175250
100,1.46E+08,1.78E+06,1125000,1125000,0,175250
100,1.46E+08,1.80E+06,1125000,1125000,0,175250
100,1.46E+08,1.80E+06,1125000,1125000,0,175250
100,1.46E+08,1.78E+06,1125000,1125000,0,175250
100,1.46E+08,1.82E+06,1125000,1125000,0,175250
100,1.46E+08,1.78E+06,1125000,1125000,0,175250
100,1.46E+08,1.79E+06,1125000,1125000,0,175250
100,1.46E+08,1.80E+06,1125000,1125000,0,175250
100,1.46E+08,1.80E+06,1125000,1125000,0,175250
100,1.46E+08,1.80E+06,1125000,1125000,0,175250
100,1.46E+08,1.79E+06,1125000,1125000,0,175250
100,1.46E+08,1.79E+06,1125000,1125000,0,175250
100,1.46E+08,1.81E+06,1125000,1125000,0,175250
100,1.46E+08,1.78E+06,1125000,1125000,0,175250
100,1.46E+08,1.79E+06,1125000,1125000,0,175250
100,1.46E+08,1.85E+06,1125000,1125000,0,175250
100,1.46E+08,1.79E+06,1125000,1125000,0,175250
100,1.46E+08,1.79E+06,1125000,1125000,0,175250
100,1.46E+08,1.78E+06,1125000,1125000,0,175250
100,1.46E+08,1.78E+06,1125000,1125000,0,175250
100,1.46E+08,1.78E+06,1125000,1125000,0,175250
100,1.46E+08,1.79E+06,1125000,1125000,0,175250
100,1.46E+08,1.78E+06,1125000,1125000,0,175250
100,1.46E+08,1.79E+06,1125000,1125000,0,175250
100,1.46E+08,1.78E+06,1125000,1125000,0,175250
100,1.46E+08,1.81E+06,1125000,1125000,0,175250
100,1.47E+08,1.78E+06,1125000,1125000,0,176000
100,1.47E+08,1.81E+06,1125000,1125000,0,176000
100,1.47E+08,1.83E+06,1125000,1125000,0,176000
100,1.47E+08,1.78E+06,1125000,1125000,0,176000
100,1.47E+08,1.78E+06,1125000,1125000,0,176000
100,1.47E+08,1.79E+06,1125000,1125000,0,176000
100,1.47E+08,1.78E+06,1125000,1125000,0,176000
100,1.47E+08,1.78E+06,1125000,1125000,0,176000
100,1.47E+08,1.81E+06,1125000,1125000,0,176000
100,1.47E+08,1.81E+06,1125000,1125000,0,176000
100,1.47E+08,1.81E+06,1125000,1125000,0,176000
100,1.47E+08,1.79E+06,1125000,1125000,0,176000
100,1.47E+08,1.78E+06,1125000,1125000,0,176000
100,1.47E+08,1.82E+06,1125000,1125000,0,176000
100,1.47E+08,1.79E+06,1125000,1125000,0,176000
100,1.47E+08,1.78E+06,1125000,1125000,0,176000
100,1.47E+08,1.78E+06,1125000,1125000,0,176000
100,1.47E+08,1.79E+06,1125000,1125000,0,176000
100,1.47E+08,1.82E+06,1125000,1125000,0,176000
100,1.47E+08,1.78E+06,1125000,1125000,0,176000
100,1.47E+08,1.78E+06,1125000,1125000,0,176000
100,1.47E+08,1.78E+06,1125000,1125000,0,176000
100,1.47E+08,1.78E+06,1125000,1125000,0,176000
100,1.47E+08,1.81E+06,1125000,1125000,0,176000
100,1.47E+08,1.80E+06,1125000,1125000,0,176000
100,1.47E+08,1.81E+06,1125000,1125000,0,176000
100,1.47E+08,1.81E+06,1125000,1125000,0,176000
100,1.47E+08,1.79E+06,1125000,1125000,0,176000
100,1.47E+08,1.79E+06,1125000,1125000,0,176000
100,1.47E+08,1.79E+06,1125000,1125000,0,176000
100,1.47E+08,1.79E+06,1125000,1125000,0,176000
100,1.47E+08,1.80E+06,1125000,1125000,0,176000
100,1.47E+08,1.78E+06,1125000,1125000,0,176000
100,1.47E+08,1.82E+06,1125000,1125000,0,176000
100,1.47E+08,1.79E+06,1125000,1125000,0,176000
100,1.47E+08,1.78E+06,1125000,1125000,0,176000
100,1.47E+08,1.80E+06,1125000,1125000,0,176000
100,1.47E+08,1.78E+06,1125000,1125000,0,176000
100,1.47E+08,1.79E+06,1125000,1125000,0,176000
100,1.47E+08,1.78E+06,1125000,1125000,0,176000
100,1.47E+08,1.78E+06,1125000,1125000,0,176000
100,1.47E+08,1.81E+06,1125000,1125000,0,176000
100,1.47E+08,1.82E+06,1125000,1125000,0,176000
100,1.47E+08,1.78E+06,1125000,1125000,0,176000
100,1.47E+08,1.79E+06,1125000,1125000,0,176000
100,1.47E+08,1.78E+06,1125000,1125000,0,176000
100,1.47E+08,1.78E+06,1125000,1125000,0,176000
100,1.47E+08,1.78E+06,1125000,1125000,0,176000
100,1.47E+08,1.78E+06,1125000,1125000,0,176000
100,1.47E+08,1.78E+06,1125000,1125001,0,176000
100,1.47E+08,1.78E+06,1125000,1125000,0,176000
100,1.47E+08,1.78E+06,1125000,1125000,0,176000
100,1.47E+08,1.78E+06,1125000,1125000,0,176000
100,1.47E+08,1.78E+06,1125000,1125000,0,176000
100,1.47E+08,1.81E+06,1125000,1125000,0,176000
100,1.47E+08,1.78E+06,1125000,1125000,0,176000
100,1.47E+08,1.81E+06,1125000,1125000,0,176000
100,1.47E+08,1.81E+06,1125000,1125000,0,176000
100,1.47E+08,1.81E+06,1125000,1125000,0,176000
100,1.47E+08,1.78E+06,1125000,1125000,0,176000
100,1.47E+08,1.78E+06,1125000,1125000,0,176000
100,1.47E+08,1.83E+06,1125000,1125000,0,176000
100,1.47E+08,1.81E+06,1125000,1125000,0,176000
100,1.47E+08,1.78E+06,1125000,1125000,0,176000
100,1.47E+08,1.78E+06,1125000,1125000,0,176000
100,1.47E+08,1.78E+06,1125000,1125000,0,176000
100,1.47E+08,1.79E+06,1125000,1125000,0,176000
100,1.47E+08,1.80E+06,1125000,1125000,0,176000
100,1.47E+08,1.78E+06,1125000,1125000,0,176000
100,1.47E+08,1.81E+06,1125000,1125000,0,176000
100,1.47E+08,1.79E+06,1125000,1125000,0,176000
100,1.47E+08,1.79E+06,1125000,1125000,0,176000
100,1.47E+08,1.78E+06,1125000,1125000,0,176000
100,1.47E+08,1.78E+06,1125000,1125000,0,176000
100,1.47E+08,1.80E+06,1125000,1125000,0,176000
100,1.47E+08,1.80E+06,1125000,1125000,0,176000
100,1.47E+08,1.80E+06,1125000,1125000,0,176000
100,1.47E+08,1.79E+06,1125000,1125000,0,176000
100,1.47E+08,1.82E+06,1125000,1125000,0,176000
100,1.47E+08,1.78E+06,1125000,1125000,0,176000
100,1.47E+08,1.79E+06,1125000,1125000,0,176000
100,1.47E+08,1.79E+06,1125000,1125000,0,176000
100,1.47E+08,1.81E+06,1125000,1125000,0,176000
100,1.47E+08,1.79E+06,1125000,1125000,0,176000
100,1.47E+08,1.78E+06,1125000,1125000,0,176000
100,1.47E+08,1.78E+06,1125000,1125000,0,176000
100,1.47E+08,1.78E+06,1125000,1125000,0,176000
100,1.47E+08,1.83E+06,1125000,1125000,0,176000
100,1.47E+08,1.78E+06,1125000,1125000,0,176000
100,1.47E+08,1.78E+06,1125000,1125000,0,176000
100,1.47E+08,1.79E+06,1125000,1125000,0,176000
100,1.47E+08,1.80E+06,1125000,1125000,0,176000
100,1.47E+08,1.78E+06,1125000,1125000,0,176000
100,1.47E+08,1.83E+06,1125000,1125000,0,176000
100,1.47E+08,1.78E+06,1125000,1125000,0,176000
100,1.47E+08,1.79E+06,1125000,1125000,0,176000
100,1.47E+08,1.78E+06,1125000,1125000,0,176000
100,1.47E+08,1.78E+06,1125000,1125000,0,176000
100,1.47E+08,1.78E+06,1125000,1125000,0,176000
100,1.47E+08,1.80E+06,1125000,1125000,0,176000
100,1.47E+08,1.78E+06,1125000,1125000,0,176000
100,1.47E+08,1.78E+06,1125000,1125000,0,176000
100,1.47E+08,1.78E+06,1125000,1125000,0,176000
100,1.47E+08,1.79E+06,1125000,1125000,0,176000
100,1.47E+08,1.78E+06,1125000,1125000,0,176000
100,1.47E+08,1.78E+06,1125000,1125000,0,176000
100,1.47E+08,1.78E+06,1125000,1125000,0,176000
100,1.47E+08,1.78E+06,1125000,1125000,0,176000
100,1.47E+08,1.78E+06,1125000,1125000,0,176000
100,1.47E+08,1.78E+06,1125000,1125000,0,176000
100,1.47E+08,1.80E+06,1125000,1125000,0,176000
100,1.47E+08,1.81E+06,1125000,1125000,0,176000
100,1.47E+08,1.81E+06,1125000,1125000,0,176000
100,1.47E+08,1.78E+06,1125000,1125000,0,176000
100,1.47E+08,1.80E+06,1125000,1125000,0,176000
100,1.47E+08,1.80E+06,1125000,1125000,0,176000
100,1.47E+08,1.78E+06,1125000,1125000,0,176200
100,1.47E+08,1.78E+06,1125000,1125000,0,176200
100,1.47E+08,1.78E+06,1125000,1125000,0,176200
100,1.47E+08,1.78E+06,1125000,1125000,0,176200
100,1.47E+08,1.79E+06,1125000,1125000,0,176200
100,1.47E+08,1.78E+06,1125000,1125000,0,176200
100,1.47E+08,1.80E+06,1125000,1125000,0,176200
100,1.47E+08,1.79E+06,1125000,1125000,0,176200
100,1.47E+08,1.78E+06,1125000,1125000,0,176200
100,1.47E+08,1.79E+06,1125000,1125000,0,176200
100,1.47E+08,1.78E+06,1125000,1125000,0,176200
100,1.47E+08,1.78E+06,1125000,1125000,0,176200
100,1.47E+08,1.80E+06,1125000,1125000,0,176200
100,1.47E+08,1.78E+06,1125000,1125000,0,176200
100,1.47E+08,1.78E+06,1125000,1125000,0,176200
100,1.47E+08,1.79E+06,1125000,1125000,0,176200
100,1.47E+08,1.78E+06,1125000,1125000,0,176350
100,1.47E+08,1.78E+06,1125000,1125000,0,176350
100,1.47E+08,1.78E+06,1125000,1125000,0,176350
100,1.47E+08,1.78E+06,1125000,1125000,0,176350
100,1.47E+08,1.79E+06,1125000,1125000,0,176350
100,1.47E+08,1.79E+06,1125000,1125000,0,176350
100,1.47E+08,1.78E+06,1125000,1125000,0,176350
100,1.47E+08,1.79E+06,1125000,1125000,0,176350
100,1.47E+08,1.80E+06,1125000,1125000,0,176350
100,1.47E+08,1.78E+06,1125000,1125000,0,176350
100,1.47E+08,1.80E+06,1125000,1125000,0,176350
100,1.47E+08,1.78E+06,1125000,1125000,0,176350
100,1.47E+08,1.80E+06,1125000,1125000,0,176350
100,1.47E+08,1.78E+06,1125000,1125000,0,176350
100,1.47E+08,1.78E+06,1125000,1125000,0,176350
100,1.47E+08,1.78E+06,1125000,1125000,0,176350
100,1.47E+08,1.81E+06,1125000,1125000,0,176350
100,1.47E+08,1.78E+06,1125000,1125000,0,176350
100,1.47E+08,1.81E+06,1125000,1125000,0,176350
100,1.47E+08,1.79E+06,1125000,1125000,0,176350
100,1.47E+08,1.78E+06,1125000,1125000,0,176350
100,1.47E+08,1.78E+06,1125000,1125000,0,176350
100,1.47E+08,1.78E+06,1125000,1125000,0,176350
100,1.47E+08,1.78E+06,1125000,1125000,0,176350
100,1.47E+08,1.79E+06,1125000,1125000,0,176350
100,1.47E+08,1.78E+06,1125000,1125000,0,176350
100,1.47E+08,1.79E+06,1125000,1125000,0,176350
100,1.47E+08,1.86E+06,1125000,1125000,0,176350
100,1.47E+08,1.78E+06,1125000,1125000,0,176350
100,1.47E+08,1.78E+06,1125000,1125000,0,176350
100,1.47E+08,1.78E+06,1125000,1125000,0,176350
100,1.47E+08,1.78E+06,1125000,1125000,0,176350
100,1.47E+08,1.80E+06,1125000,1125000,0,176350
100,1.47E+08,1.80E+06,1125000,1125000,0,176350
100,1.47E+08,1.78E+06,1125000,1125000,0,176350
100,1.47E+08,1.86E+06,1125000,1125000,0,176350
100,1.47E+08,1.78E+06,1125000,1125000,0,176350
100,1.47E+08,1.78E+06,1125000,1125000,0,176350
100,1.47E+08,1.78E+06,1125000,1125000,0,176350
100,1.47E+08,1.78E+06,1125000,1125000,0,176350
100,1.47E+08,1.79E+06,1125000,1125000,0,176350
100,1.47E+08,1.80E+06,1125000,1125000,0,176350
100,1.47E+08,1.79E+06,1125000,1125000,0,176350
100,1.47E+08,1.79E+06,1125000,1125000,0,176350
100,1.47E+08,1.87E+06,1125000,1125000,0,176350
100,1.47E+08,1.79E+06,1125000,1125000,0,176350
100,1.47E+08,1.79E+06,1125000,1125000,0,176350
100,1.47E+08,1.80E+06,1125000,1125000,0,176350
100,1.47E+08,1.78E+06,1125000,1125000,0,176350
100,1.47E+08,1.78E+06,1125000,1125000,0,176350
100,1.47E+08,1.80E+06,1125000,1125000,0,176350
100,1.47E+08,1.78E+06,1125000,1125000,0,176350
100,1.47E+08,1.81E+06,1125000,1125000,0,176350
100,1.47E+08,1.78E+06,1125000,1125000,0,176350
100,1.47E+08,1.79E+06,1125000,1125000,0,176350
100,1.47E+08,1.78E+06,1125000,1125000,0,176350
100,1.47E+08,1.84E+06,1125000,1125000,0,176350
100,1.47E+08,1.81E+06,1125000,1125000,0,176350
100,1.47E+08,1.79E+06,1125000,1125000,0,176350
100,1.47E+08,1.81E+06,1125000,1125000,0,176350
100,1.47E+08,1.78E+06,1125000,1125000,0,176350
100,1.47E+08,1.78E+06,1125000,1125000,0,176350
100,1.47E+08,1.81E+06,1125000,1125000,0,176350
100,1.47E+08,1.78E+06,1125000,1125000,0,176350
100,1.47E+08,1.78E+06,1125000,1125000,0,176350
100,1.47E+08,1.78E+06,1125000,1125000,0,176350
100,1.47E+08,1.78E+06,1125000,1125000,0,176350
100,1.47E+08,1.78E+06,1125000,1125000,0,176350
100,1.47E+08,1.78E+06,1125000,1125000,0,176350
100,1.47E+08,1.79E+06,1125000,1125000,0,176350
100,1.47E+08,1.80E+06,1125000,1125000,0,176350
100,1.47E+08,1.80E+06,1125000,1125000,0,176350
100,1.47E+08,1.78E+06,1125000,1125000,0,176350
100,1.47E+08,1.78E+06,1125000,1125000,0,176350
100,1.47E+08,1.79E+06,1125000,1125000,0,176350
100,1.47E+08,1.82E+06,1125000,1125000,0,176350
100,1.47E+08,1.79E+06,1125000,1125000,0,176350
100,1.47E+08,1.79E+06,1125000,1125000,0,176350
100,1.47E+08,1.80E+06,1125000,1125000,0,176350
100,1.47E+08,1.80E+06,1125000,1125000,0,176350
100,1.47E+08,1.84E+06,1125000,1125000,0,176350
100,1.47E+08,1.80E+06,1125000,1125000,0,176350
100,1.47E+08,1.78E+06,1125000,1125000,0,176350
100,1.47E+08,1.83E+06,1125000,1125000,0,176350
100,1.47E+08,1.79E+06,1125000,1125000,0,176350
100,1.47E+08,1.78E+06,1125000,1125000,0,176350
100,1.47E+08,1.80E+06,1125000,1125000,0,176350
100,1.47E+08,1.78E+06,1125000,1125000,0,176350
100,1.47E+08,1.80E+06,1125000,1125000,0,176350
100,1.47E+08,1.78E+06,1125000,1125000,0,176350
100,1.47E+08,1.78E+06,1125000,1125000,0,176350
100,1.47E+08,1.78E+06,1125000,1125000,0,176350
100,1.47E+08,1.78E+06,1125000,1125000,0,176350
100,1.47E+08,1.78E+06,1125000,1125000,0,176850
100,1.47E+08,1.80E+06,1125000,1125000,0,176850
100,1.47E+08,1.78E+06,1125000,1125000,0,176850
100,1.47E+08,1.79E+06,1125000,1125000,0,176850
100,1.47E+08,1.83E+06,1125000,1125000,0,176850
100,1.47E+08,1.78E+06,1125000,1125000,0,176850
100,1.47E+08,1.78E+06,1125000,1125000,0,176850
100,1.47E+08,1.83E+06,1125000,1125000,0,176850
100,1.47E+08,1.81E+06,1125000,1125000,0,176850
100,1.47E+08,1.78E+06,1125000,1125000,0,176850
100,1.47E+08,1.78E+06,1125000,1125000,0,176850
100,1.47E+08,1.81E+06,1125000,1125000,0,176850
100,1.47E+08,1.82E+06,1125000,1125000,0,176850
100,1.47E+08,1.82E+06,1125000,1125000,0,176850
100,1.47E+08,1.78E+06,1125000,1125000,0,176850
100,1.47E+08,1.78E+06,1125000,1125000,0,176850
100,1.47E+08,1.83E+06,1125000,1125000,0,176850
100,1.47E+08,1.78E+06,1125000,1125000,0,176850
100,1.47E+08,1.78E+06,1125000,1125000,0,176850
100,1.47E+08,1.80E+06,1125000,1125000,0,176850
100,1.47E+08,1.79E+06,1125000,1125000,0,176850
100,1.47E+08,1.78E+06,1125000,1125000,0,176850
100,1.47E+08,1.78E+06,1125000,1125000,0,176850
100,1.47E+08,1.78E+06,1125000,1125000,0,176850
100,1.47E+08,1.79E+06,1125000,1125000,0,176850
100,1.47E+08,1.78E+06,1125000,1125000,0,176850
100,1.47E+08,1.78E+06,1125000,1125000,0,176850
100,1.47E+08,1.85E+06,1125000,1125000,0,176850
100,1.47E+08,1.78E+06,1125000,1125000,0,176850
100,1.47E+08,1.81E+06,1125000,1125000,0,176850
100,1.47E+08,1.78E+06,1125000,1125000,0,176850
100,1.47E+08,1.78E+06,1125000,1125000,0,176850
100,1.47E+08,1.79E+06,1125000,1125000,0,176850
100,1.47E+08,1.78E+06,1125000,1125000,0,176850
100,1.47E+08,1.81E+06,1125000,1125000,0,176850
100,1.47E+08,1.80E+06,1125000,1125000,0,176850
100,1.47E+08,1.81E+06,1125000,1125000,0,176850
100,1.47E+08,1.78E+06,1125000,1125000,0,176850
100,1.47E+08,1.78E+06,1125000,1125000,0,176850
100,1.47E+08,1.80E+06,1125000,1125000,0,176850
100,1.47E+08,1.78E+06,1125000,1125000,0,176850
100,1.47E+08,1.79E+06,1125000,1125000,0,176850
100,1.47E+08,1.80E+06,1125000,1125000,0,176850
100,1.47E+08,1.81E+06,1125000,1125000,0,176850
100,1.47E+08,1.79E+06,1125000,1125000,0,176850
100,1.47E+08,1.80E+06,1125000,1125000,0,176850
100,1.47E+08,1.78E+06,1125000,1125000,0,176850
100,1.47E+08,1.78E+06,1125000,1125000,0,176850
100,1.47E+08,1.81E+06,1125000,1125000,0,176850
100,1.47E+08,1.78E+06,1125000,1125000,0,176850
100,1.47E+08,1.78E+06,1125000,1125000,0,176850
100,1.47E+08,1.79E+06,1125000,1125000,0,176850
100,1.47E+08,1.78E+06,1125000,1125000,0,176850
100,1.47E+08,1.78E+06,1125000,1125000,0,176850
100,1.47E+08,1.78E+06,1125000,1125000,0,176850
100,1.47E+08,1.80E+06,1125000,1125000,0,176850
100,1.47E+08,1.78E+06,1125000,1125000,0,176850
100,1.47E+08,1.78E+06,1125000,1125000,0,176850
100,1.47E+08,1.78E+06,1125000,1125000,0,176850
100,1.47E+08,1.78E+06,1125000,1125000,0,176850
100,1.47E+08,1.79E+06,1125000,1125000,0,176850
100,1.47E+08,1.78E+06,1125000,1125000,0,176850
100,1.47E+08,1.81E+06,1125000,1125000,0,176850
100,1.47E+08,1.82E+06,1125000,1125000,0,176850
100,1.47E+08,1.80E+06,1125000,1125000,0,176850
100,1.47E+08,1.80E+06,1125000,1125000,0,176850
100,1.47E+08,1.80E+06,1125000,1125000,0,176850
100,1.47E+08,1.78E+06,1125000,1125000,0,176850
100,1.47E+08,1.78E+06,1125000,1125000,0,176850
100,1.47E+08,1.81E+06,1125000,1125000,0,176850
100,1.47E+08,1.79E+06,1125000,1125000,0,176850
100,1.47E+08,1.81E+06,1125000,1125000,0,176850
100,1.47E+08,1.79E+06,1125000,1125000,0,176850
100,1.47E+08,1.78E+06,1125000,1125000,0,176850
100,1.47E+08,1.78E+06,1125000,1125000,0,176850
100,1.47E+08,1.78E+06,1125000,1125000,0,176850
100,1.47E+08,1.78E+06,1125000,1125000,0,176850
100,1.47E+08,1.78E+06,1125000,1125000,0,176850
100,1.47E+08,1.78E+06,1125000,1125000,0,176850
100,1.47E+08,1.79E+06,1125000,1125000,0,176850
100,1.47E+08,1.80E+06,1125000,1125000,0,176850
100,1.47E+08,1.79E+06,1125000,1125000,0,176850
100,1.47E+08,1.78E+06,1125000,1125000,0,176850
100,1.47E+08,1.79E+06,1125000,1125000,0,176850
100,1.47E+08,1.78E+06,1125000,1125000,0,176850
100,1.47E+08,1.79E+06,1125000,1125000,0,176850
100,1.47E+08,1.78E+06,1125000,1125000,0,177000
100,1.47E+08,1.78E+06,1125000,1125000,0,177000
100,1.47E+08,1.79E+06,1125000,1125000,0,177000
100,1.47E+08,1.78E+06,1125000,1125000,0,177000
100,1.47E+08,1.80E+06,1125000,1125000,0,177000
100,1.47E+08,1.78E+06,1125000,1125000,0,177100
100,1.47E+08,1.81E+06,1125000,1125000,0,177100
100,1.47E+08,1.80E+06,1125000,1125000,0,177100
100,1.47E+08,1.78E+06,1125000,1125000,0,177100
100,1.47E+08,1.78E+06,1125000,1125000,0,177100
100,1.47E+08,1.78E+06,1125000,1125000,0,177100
100,1.47E+08,1.78E+06,1125000,1125000,0,177100
100,1.47E+08,1.78E+06,1125000,1125000,0,177100
100,1.47E+08,1.84E+06,1125000,1125000,0,177100
100,1.47E+08,1.78E+06,1125000,1125000,0,177100
100,1.47E+08,1.78E+06,1125000,1125000,0,177100
100,1.47E+08,1.78E+06,1125000,1125000,0,177100
100,1.47E+08,1.79E+06,1125000,1125000,0,177100
100,1.47E+08,1.80E+06,1125000,1125000,0,177100
100,1.47E+08,1.80E+06,1125000,1125000,0,177100
100,1.47E+08,1.78E+06,1125000,1125000,0,177100
100,1.47E+08,1.79E+06,1125000,1125000,0,177100
100,1.47E+08,1.81E+06,1125000,1125000,0,177100
100,1.47E+08,1.78E+06,1125000,1125000,0,177100
100,1.47E+08,1.82E+06,1125000,1125000,0,177100
100,1.47E+08,1.78E+06,1125000,1125000,0,177100
100,1.47E+08,1.78E+06,1125000,1125000,0,177100
100,1.47E+08,1.78E+06,1125000,1125000,0,177100
100,1.47E+08,1.81E+06,1125000,1125000,0,177100
100,1.47E+08,1.79E+06,1125000,1125000,0,177100
100,1.47E+08,1.80E+06,1125000,1125000,0,177100
100,1.47E+08,1.79E+06,1125000,1125000,0,177100
100,1.47E+08,1.78E+06,1125000,1125000,0,177100
100,1.47E+08,1.79E+06,1125000,1125000,0,177100
100,1.47E+08,1.78E+06,1125000,1125000,0,177100
100,1.47E+08,1.81E+06,1125000,1125000,0,177100
100,1.47E+08,1.78E+06,1125000,1125000,0,177100
100,1.47E+08,1.79E+06,1125000,1125000,0,177100
100,1.47E+08,1.80E+06,1125000,1125000,0,177100
100,1.47E+08,1.78E+06,1125000,1125000,0,177100
100,1.47E+08,1.81E+06,1125000,1125000,0,177100
100,1.47E+08,1.78E+06,1125000,1125000,0,177100
100,1.47E+08,1.78E+06,1125000,1125000,0,177100
100,1.47E+08,1.78E+06,1125000,1125000,0,177100
100,1.47E+08,1.78E+06,1125000,1125000,0,177100
100,1.47E+08,1.78E+06,1125000,1125000,0,177100
100,1.47E+08,1.79E+06,1125000,1125000,0,177100
100,1.47E+08,1.78E+06,1125000,1125000,0,177100
100,1.47E+08,1.78E+06,1125000,1125000,0,177100
100,1.47E+08,1.80E+06,1125000,1125000,0,177100
100,1.47E+08,1.78E+06,1125000,1125000,0,177100
100,1.47E+08,1.78E+06,1125000,1125000,0,177100
100,1.47E+08,1.80E+06,1125000,1125000,0,177150
100,1.47E+08,1.80E+06,1125000,1125000,0,177150
100,1.47E+08,1.78E+06,1125000,1125000,0,177150
100,1.47E+08,1.79E+06,1125000,1125000,0,177150
100,1.47E+08,1.79E+06,1125000,1125000,0,177150
100,1.47E+08,1.85E+06,1125000,1125000,0,177150
100,1.47E+08,1.80E+06,1125000,1125000,0,177150
100,1.47E+08,1.80E+06,1125000,1125000,0,177150
100,1.47E+08,1.78E+06,1125000,1125000,0,177150
100,1.47E+08,1.78E+06,1125000,1125000,0,177150
100,1.47E+08,1.78E+06,1125000,1125000,0,177150
100,1.47E+08,1.78E+06,1125000,1125000,0,177150
100,1.47E+08,1.78E+06,1125000,1125000,0,177150
100,1.47E+08,1.78E+06,1125000,1125000,0,177150
100,1.47E+08,1.80E+06,1125000,1125000,0,177150
100,1.47E+08,1.79E+06,1125000,1125000,0,177150
100,1.47E+08,1.79E+06,1125000,1125000,0,177150
100,1.47E+08,1.78E+06,1125000,1125000,0,177150
100,1.47E+08,1.78E+06,1125000,1125000,0,177150
100,1.47E+08,1.80E+06,1125000,1125000,0,177150
100,1.47E+08,1.78E+06,1125000,1125000,0,177150
100,1.47E+08,1.84E+06,1125000,1125000,0,177150
100,1.47E+08,1.78E+06,1125000,1125000,0,177150
100,1.47E+08,1.78E+06,1125000,1125000,0,177150
100,1.47E+08,1.78E+06,1125000,1125000,0,177150
100,1.47E+08,1.79E+06,1125000,1125000,0,177150
100,1.47E+08,1.78E+06,1125000,1125000,0,177150
100,1.47E+08,1.78E+06,1125000,1125000,0,177150
100,1.47E+08,1.78E+06,1125000,1125000,0,177150
100,1.47E+08,1.78E+06,1125000,1125000,0,177150
100,1.47E+08,1.78E+06,1125000,1125000,0,177150
100,1.47E+08,1.79E+06,1125000,1125000,0,177150
100,1.47E+08,1.78E+06,1125000,1125000,0,177150
100,1.47E+08,1.80E+06,1125000,1125000,0,177150
100,1.47E+08,1.78E+06,1125000,1125000,0,177150
100,1.47E+08,1.79E+06,1125000,1125000,0,177150
100,1.47E+08,1.79E+06,1125000,1125000,0,177150
100,1.47E+08,1.78E+06,1125000,1125000,0,177150
100,1.47E+08,1.79E+06,1125000,1125000,0,177150
100,1.47E+08,1.80E+06,1125000,1125000,0,177150
100,1.47E+08,1.83E+06,1125000,1125000,0,177150
100,1.47E+08,1.78E+06,1125000,1125000,0,177150
100,1.47E+08,1.81E+06,1125000,1125000,0,177150
100,1.47E+08,1.78E+06,1125000,1125000,0,177150
100,1.47E+08,1.78E+06,1125000,1125000,0,177150
100,1.47E+08,1.80E+06,1125000,1125000,0,177150
100,1.47E+08,1.78E+06,1125000,1125000,0,177150
100,1.47E+08,1.81E+06,1125000,1125000,0,177150
100,1.47E+08,1.80E+06,1125000,1125000,0,177150
100,1.47E+08,1.78E+06,1125000,1125000,0,177150
100,1.47E+08,1.79E+06,1125000,1125000,0,177150
100,1.47E+08,1.80E+06,1125000,1125000,0,177150
100,1.47E+08,1.82E+06,1125000,1125000,0,177150
100,1.47E+08,1.78E+06,1125000,1125000,0,177150
100,1.47E+08,1.78E+06,1125000,1125000,0,177150
100,1.47E+08,1.79E+06,1125000,1125000,0,177150
100,1.47E+08,1.79E+06,1125000,1125000,0,177150
100,1.47E+08,1.80E+06,1125000,1125000,0,177150
100,1.47E+08,1.78E+06,1125000,1125000,0,177150
100,1.47E+08,1.78E+06,1125000,1125000,0,177150
100,1.47E+08,1.83E+06,1125000,1125000,0,177150
100,1.47E+08,1.78E+06,1125000,1125000,0,177150
100,1.47E+08,1.78E+06,1125000,1125000,0,177150
100,1.47E+08,1.80E+06,1125000,1125000,0,177150
100,1.47E+08,1.78E+06,1125000,1125000,0,177150
100,1.47E+08,1.82E+06,1125000,1125000,0,177150
100,1.47E+08,1.78E+06,1125000,1125000,0,177150
100,1.47E+08,1.78E+06,1125000,1125000,0,177150
100,1.47E+08,1.83E+06,1125000,1125000,0,177150
100,1.47E+08,1.80E+06,1125000,1125000,0,177150
100,1.47E+08,1.78E+06,1125000,1125000,0,177150
100,1.47E+08,1.80E+06,1125000,1125000,0,177150
100,1.47E+08,1.78E+06,1125000,1125000,0,177150
100,1.47E+08,1.78E+06,1125000,1125000,0,177150
100,1.47E+08,1.78E+06,1125000,1125000,0,177150
100,1.47E+08,1.80E+06,1125000,1125000,0,177300
100,1.47E+08,1.78E+06,1125000,1125000,0,177300
100,1.47E+08,1.80E+06,1125000,1125000,0,177300
100,1.47E+08,1.80E+06,1125000,1125000,0,177300
100,1.47E+08,1.79E+06,1125000,1125000,0,177300
100,1.47E+08,1.79E+06,1125000,1125000,0,177300
100,1.47E+08,1.80E+06,1125000,1125000,0,177300
100,1.47E+08,1.84E+06,1125000,1125000,0,177300
100,1.47E+08,1.78E+06,1125000,1125000,0,177300
100,1.47E+08,1.79E+06,1125000,1125000,0,177300
100,1.47E+08,1.78E+06,1125000,1125000,0,177300
100,1.47E+08,1.78E+06,1125000,1125000,0,177300
100,1.47E+08,1.79E+06,1125000,1125000,0,177300
100,1.47E+08,1.79E+06,1125000,1125000,0,177300
100,1.47E+08,1.78E+06,1125000,1125000,0,177300
100,1.47E+08,1.82E+06,1125000,1125000,0,177300
100,1.47E+08,1.78E+06,1125000,1125000,0,177300
100,1.47E+08,1.78E+06,1125000,1125000,0,177300
100,1.47E+08,1.78E+06,1125000,1125000,0,177300
100,1.47E+08,1.79E+06,1125000,1125000,0,177300
100,1.47E+08,1.83E+06,1125000,1125000,0,177300
100,1.47E+08,1.78E+06,1125000,1125000,0,177300
100,1.47E+08,1.79E+06,1125000,1125000,0,177300
100,1.47E+08,1.80E+06,1125000,1125000,0,177300
100,1.47E+08,1.79E+06,1125000,1125000,0,177300
100,1.47E+08,1.78E+06,1125000,1125000,0,177300
100,1.47E+08,1.81E+06,1125000,1125000,0,177300
100,1.47E+08,1.78E+06,1125000,1125000,0,177300
100,1.47E+08,1.78E+06,1125000,1125000,0,177300
100,1.47E+08,1.78E+06,1125000,1125000,0,177300
100,1.47E+08,1.78E+06,1125000,1125000,0,177300
100,1.47E+08,1.78E+06,1125000,1125000,0,177300
100,1.47E+08,1.78E+06,1125000,1125000,0,177300
100,1.47E+08,1.79E+06,1125000,1125000,0,177300
100,1.47E+08,1.79E+06,1125000,1125000,0,177300
100,1.47E+08,1.78E+06,1125000,1125000,0,177300
100,1.47E+08,1.78E+06,1125000,1125000,0,177300
100,1.47E+08,1.78E+06,1125000,1125000,0,177300
100,1.47E+08,1.80E+06,1125000,1125000,0,177300
100,1.47E+08,1.78E+06,1125000,1125000,0,177300
100,1.47E+08,1.78E+06,1125000,1125000,0,177300
100,1.47E+08,1.81E+06,1125000,1125000,0,177300
100,1.47E+08,1.78E+06,1125000,1125000,0,177300
100,1.47E+08,1.78E+06,1125000,1125000,0,177300
100,1.47E+08,1.82E+06,1125000,1125000,0,177300
100,1.47E+08,1.78E+06,1125000,1125000,0,177300
100,1.47E+08,1.81E+06,1125000,1125000,0,177300
100,1.47E+08,1.78E+06,1125000,1125000,0,177300
100,1.47E+08,1.80E+06,1125000,1125000,0,177300
100,1.47E+08,1.80E+06,1125000,1125000,0,177300
100,1.47E+08,1.79E+06,1125000,1125000,0,177300
100,1.47E+08,1.78E+06,1125000,1125000,0,177300
100,1.47E+08,1.81E+06,1125000,1125000,0,177300
100,1.47E+08,1.80E+06,1125000,1125000,0,177300
100,1.47E+08,1.83E+06,1125000,1125000,0,177300
100,1.47E+08,1.78E+06,1125000,1125000,0,177300
100,1.47E+08,1.80E+06,1125000,1125000,0,177300
100,1.47E+08,1.78E+06,1125000,1125000,0,177300
100,1.47E+08,1.81E+06,1125000,1125000,0,177300
100,1.47E+08,1.78E+06,1125000,1125000,0,177300
100,1.47E+08,1.80E+06,1125000,1125000,0,177300
100,1.47E+08,1.82E+06,1125000,1125000,0,177300
100,1.47E+08,1.80E+06,1125000,1125000,0,177300
100,1.47E+08,1.79E+06,1125000,1125000,0,177300
100,1.47E+08,1.80E+06,1125000,1125000,0,177300
100,1.47E+08,1.78E+06,1125000,1125000,0,177300
100,1.47E+08,1.78E+06,1125000,1125000,0,177300
100,1.47E+08,1.79E+06,1125000,1125000,0,177300
100,1.47E+08,1.79E+06,1125000,1125000,0,177300
100,1.47E+08,1.86E+06,1125000,1125000,0,177300
100,1.47E+08,1.80E+06,1125000,1125000,0,177300
100,1.47E+08,1.83E+06,1125000,1125000,0,177300
100,1.47E+08,1.80E+06,1125000,1125000,0,177300
100,1.47E+08,1.78E+06,1125000,1125000,0,177300
100,1.47E+08,1.80E+06,1125000,1125000,0,177300
100,1.47E+08,1.80E+06,1125000,1125000,0,177300
100,1.47E+08,1.78E+06,1125000,1125000,0,177300
100,1.47E+08,1.79E+06,1125000,1125000,0,177300
100,1.47E+08,1.78E+06,1125000,1125000,0,177300
100,1.47E+08,1.78E+06,1125000,1125000,0,177300
100,1.47E+08,1.83E+06,1125000,1125000,0,177300
100,1.47E+08,1.78E+06,1125000,1125000,0,177300
100,1.47E+08,1.82E+06,1125000,1125000,0,177300
100,1.47E+08,1.78E+06,1125000,1125000,0,177300
100,1.47E+08,1.81E+06,1125000,1125000,0,177300
100,1.47E+08,1.80E+06,1125000,1125000,0,177300
100,1.47E+08,1.78E+06,1125000,1125000,0,177300
100,1.47E+08,1.78E+06,1125000,1125000,0,177300
100,1.47E+08,1.78E+06,1125000,1125000,0,177300
100,1.47E+08,1.78E+06,1125000,1125000,0,177300
100,1.47E+08,1.78E+06,1125000,1125000,0,177300
100,1.47E+08,1.78E+06,1125000,1125000,0,177300
100,1.47E+08,1.78E+06,1125000,1125000,0,177300
100,1.47E+08,1.78E+06,1125000,1125000,0,177300
100,1.47E+08,1.78E+06,1125000,1125000,0,177300
100,1.47E+08,1.78E+06,1125000,1125000,0,177300
100,1.47E+08,1.78E+06,1125000,1125000,0,177300
100,1.47E+08,1.81E+06,1125000,1125000,0,177300
100,1.47E+08,1.81E+06,1125000,1125000,0,177300
100,1.47E+08,1.79E+06,1125000,1125000,0,177300
100,1.47E+08,1.80E+06,1125000,1125000,0,177300
100,1.47E+08,1.78E+06,1125000,1125000,0,177300
100,1.47E+08,1.78E+06,1125000,1125000,0,177300
100,1.47E+08,1.78E+06,1125000,1125000,0,177300
100,1.47E+08,1.78E+06,1125000,1125000,0,177300
100,1.47E+08,1.78E+06,1125000,1125000,0,177300
100,1.47E+08,1.78E+06,1125000,1125000,0,177400
100,1.47E+08,1.78E+06,1125000,1125000,0,177400
100,1.47E+08,1.78E+06,1125000,1125000,0,177400
100,1.47E+08,1.78E+06,1125000,1125000,0,177400
100,1.47E+08,1.80E+06,1125000,1125000,0,177400
100,1.47E+08,1.78E+06,1125000,1125000,0,177400
100,1.47E+08,1.80E+06,1125000,1125000,0,177400
100,1.47E+08,1.80E+06,1125000,1125000,0,177400
100,1.47E+08,1.79E+06,1125000,1125000,0,177400
100,1.47E+08,1.82E+06,1125000,1125000,0,177400
100,1.47E+08,1.78E+06,1125000,1125000,0,177400
100,1.47E+08,1.78E+06,1125000,1125000,0,177400
100,1.47E+08,1.78E+06,1125000,1125000,0,177400
100,1.47E+08,1.78E+06,1125000,1125000,0,177400
100,1.47E+08,1.78E+06,1125000,1125000,0,177400
100,1.47E+08,1.78E+06,1125000,1125000,0,177400
100,1.47E+08,1.80E+06,1125000,1125000,0,177400
100,1.47E+08,1.78E+06,1125000,1125000,0,177400
100,1.47E+08,1.82E+06,1125000,1125000,0,177400
100,1.47E+08,1.79E+06,1125000,1125000,0,177400
100,1.47E+08,1.78E+06,1125000,1125000,0,177400
100,1.47E+08,1.79E+06,1125000,1125000,0,177400
100,1.47E+08,1.78E+06,1125000,1125000,0,177400
100,1.47E+08,1.78E+06,1125000,1125000,0,177400
100,1.47E+08,1.78E+06,1125000,1125000,0,177400
100,1.47E+08,1.79E+06,1125000,1125000,0,177400
100,1.47E+08,1.78E+06,1125000,1125000,0,177400
100,1.47E+08,1.81E+06,1125000,1125000,0,177400
100,1.47E+08,1.81E+06,1125000,1125000,0,177400
100,1.47E+08,1.79E+06,1125000,1125000,0,177400
100,1.47E+08,1.78E+06,1125000,1125000,0,177400
100,1.47E+08,1.78E+06,1125000,1125000,0,177400
100,1.47E+08,1.80E+06,1125000,1125000,0,177400
100,1.47E+08,1.84E+06,1125000,1125000,0,177400
100,1.47E+08,1.79E+06,1125000,1125000,0,177750
100,1.47E+08,1.82E+06,1125000,1125000,0,177750
100,1.47E+08,1.78E+06,1125000,1125000,0,177750
100,1.47E+08,1.79E+06,1125000,1125000,0,177750
100,1.47E+08,1.82E+06,1125000,1125000,0,177750
100,1.47E+08,1.78E+06,1125000,1125000,0,177750
100,1.47E+08,1.78E+06,1125000,1125000,0,177750
100,1.47E+08,1.78E+06,1125000,1125000,0,177750
100,1.47E+08,1.79E+06,1125000,1125000,0,177750
100,1.47E+08,1.78E+06,1125000,1125000,0,177750
100,1.47E+08,1.80E+06,1125000,1125000,0,177750
100,1.47E+08,1.81E+06,1125000,1125000,0,177750
100,1.47E+08,1.80E+06,1125000,1125000,0,177750
100,1.47E+08,1.78E+06,1125000,1125000,0,177750
100,1.47E+08,1.84E+06,1125000,1125000,0,177750
100,1.47E+08,1.78E+06,1125000,1125000,0,177750
100,1.47E+08,1.78E+06,1125000,1125000,0,177750
100,1.47E+08,1.78E+06,1125000,1125000,0,177750
100,1.47E+08,1.78E+06,1125000,1125000,0,177750
100,1.47E+08,1.78E+06,1125000,1125000,0,177750
100,1.47E+08,1.78E+06,1125000,1125000,0,177750
100,1.47E+08,1.86E+06,1125000,1125000,0,177750
100,1.47E+08,1.78E+06,1125000,1125000,0,177750
100,1.47E+08,1.79E+06,1125000,1125000,0,177750
100,1.47E+08,1.82E+06,1125000,1125000,0,177750
100,1.47E+08,1.78E+06,1125000,1125000,0,177750
100,1.47E+08,1.80E+06,1125000,1125000,0,177750
100,1.47E+08,1.78E+06,1125000,1125000,0,177750
100,1.47E+08,1.79E+06,1125000,1125000,0,177750
100,1.47E+08,1.78E+06,1125000,1125000,0,177750
100,1.47E+08,1.79E+06,1125000,1125000,0,177750
100,1.47E+08,1.78E+06,1125000,1125000,0,177750
100,1.47E+08,1.79E+06,1125000,1125000,0,177750
100,1.47E+08,1.80E+06,1125000,1125000,0,177750
100,1.47E+08,1.78E+06,1125000,1125000,0,177750
100,1.47E+08,1.81E+06,1125000,1125000,0,177750
100,1.47E+08,1.78E+06,1125000,1125000,0,177750
100,1.47E+08,1.78E+06,1125000,1125000,0,177750
100,1.47E+08,1.79E+06,1125000,1125000,0,177750
100,1.47E+08,1.78E+06,1125000,1125000,0,177750
100,1.47E+08,1.78E+06,1125000,1125000,0,177750
100,1.47E+08,1.78E+06,1125000,1125000,0,177750
100,1.47E+08,1.78E+06,1125000,1125000,0,177750
100,1.47E+08,1.78E+06,1125000,1125000,0,177750
100,1.47E+08,1.78E+06,1125000,1125000,0,177750
100,1.47E+08,1.79E+06,1125000,1125000,0,177750
100,1.47E+08,1.80E+06,1125000,1125000,0,177750
100,1.47E+08,1.81E+06,1125000,1125000,0,177750
100,1.47E+08,1.81E+06,1125000,1125000,0,177750
100,1.47E+08,1.78E+06,1125000,1125000,0,177750
100,1.47E+08,1.85E+06,1125000,1125000,0,177750
100,1.47E+08,1.81E+06,1125000,1125000,0,177750
100,1.47E+08,1.78E+06,1125000,1125000,0,177750
100,1.47E+08,1.78E+06,1125000,1125000,0,177750
100,1.47E+08,1.80E+06,1125000,1125000,0,177750
100,1.47E+08,1.79E+06,1125000,1125000,0,177750
100,1.47E+08,1.78E+06,1125000,1125000,0,177750
100,1.47E+08,1.79E+06,1125000,1125000,0,177750
100,1.47E+08,1.78E+06,1125000,1125000,0,177750
100,1.47E+08,1.78E+06,1125000,1125000,0,177750
100,1.47E+08,1.81E+06,1125000,1125000,0,177750
100,1.47E+08,1.78E+06,1125000,1125000,0,177750
100,1.47E+08,1.78E+06,1125000,1125000,0,177750
100,1.47E+08,1.78E+06,1125000,1125000,0,177750
100,1.47E+08,1.78E+06,1125000,1125000,0,177750
100,1.47E+08,1.79E+06,1125000,1125000,0,177750
100,1.47E+08,1.78E+06,1125000,1125000,0,177750
100,1.47E+08,1.78E+06,1125000,1125000,0,177750
100,1.47E+08,1.81E+06,1125000,1125000,0,177750
100,1.47E+08,1.78E+06,1125000,1125000,0,177750
100,1.47E+08,1.80E+06,1125000,1125000,0,177750
100,1.47E+08,1.78E+06,1125000,1125000,0,177750
100,1.47E+08,1.78E+06,1125000,1125000,0,177750
100,1.47E+08,1.80E+06,1125000,1125000,0,177750
100,1.47E+08,1.78E+06,1125000,1125000,0,177750
100,1.47E+08,1.78E+06,1125000,1125000,0,177750
100,1.47E+08,1.80E+06,1125000,1125000,0,177750
100,1.47E+08,1.78E+06,1125000,1125000,0,177750
100,1.47E+08,1.80E+06,1125000,1125000,0,177750
100,1.47E+08,1.81E+06,1125000,1125000,0,177750
100,1.47E+08,1.78E+06,1125000,1125000,0,177750
100,1.47E+08,1.78E+06,1125000,1125000,0,178050
100,1.47E+08,1.81E+06,1125000,1125000,0,178050
100,1.47E+08,1.87E+06,1125000,1125000,0,178050
100,1.47E+08,1.78E+06,1125000,1125000,0,178050
100,1.47E+08,1.78E+06,1125000,1125000,0,178050
100,1.47E+08,1.79E+06,1125000,1125000,0,178050
100,1.47E+08,1.81E+06,1125000,1125000,0,178050
100,1.47E+08,1.80E+06,1125000,1125000,0,178050
100,1.47E+08,1.78E+06,1125000,1125000,0,178050
100,1.47E+08,1.78E+06,1125000,1125000,0,178050
100,1.47E+08,1.79E+06,1125000,1125000,0,178050
100,1.47E+08,1.80E+06,1125000,1125000,0,178050
100,1.47E+08,1.79E+06,1125000,1125000,0,178050
100,1.47E+08,1.80E+06,1125000,1125000,0,178050
100,1.47E+08,1.78E+06,1125000,1125000,0,178050
100,1.47E+08,1.79E+06,1125000,1125000,0,178050
100,1.47E+08,1.78E+06,1125000,1125000,0,178050
100,1.47E+08,1.83E+06,1125000,1125000,0,178050
100,1.47E+08,1.78E+06,1125000,1125000,0,178050
100,1.47E+08,1.82E+06,1125000,1125000,0,178050
100,1.47E+08,1.78E+06,1125000,1125000,0,178050
100,1.47E+08,1.80E+06,1125000,1125000,0,178050
100,1.47E+08,1.78E+06,1125000,1125000,0,178050
100,1.47E+08,1.79E+06,1125000,1125000,0,178050
100,1.47E+08,1.78E+06,1125000,1125000,0,178050
100,1.47E+08,1.79E+06,1125000,1125000,0,178050
100,1.47E+08,1.81E+06,1125000,1125000,0,178050
100,1.47E+08,1.78E+06,1125000,1125000,0,178050
100,1.47E+08,1.79E+06,1125000,1125000,0,178050
100,1.47E+08,1.80E+06,1125000,1125000,0,178050
100,1.47E+08,1.78E+06,1125000,1125000,0,178050
100,1.47E+08,1.78E+06,1125000,1125000,0,178050
100,1.47E+08,1.82E+06,1125000,1125000,0,178050
100,1.47E+08,1.78E+06,1125000,1125000,0,178050
100,1.47E+08,1.78E+06,1125000,1125000,0,178050
100,1.47E+08,1.78E+06,1125000,1125000,0,178250
100,1.47E+08,1.80E+06,1125000,1125000,0,178250
100,1.47E+08,1.79E+06,1125000,1125000,0,178250
100,1.47E+08,1.78E+06,1125000,1125000,0,178250
100,1.47E+08,1.81E+06,1125000,1125000,0,178250
100,1.47E+08,1.78E+06,1125000,1125000,0,178250
100,1.47E+08,1.80E+06,1125000,1125000,0,178250
100,1.47E+08,1.78E+06,1125000,1125000,0,178250
100,1.47E+08,1.78E+06,1125000,1125000,0,178250
100,1.47E+08,1.78E+06,1125000,1125000,0,178250
100,1.47E+08,1.78E+06,1125000,1125000,0,178250
100,1.47E+08,1.85E+06,1125000,1125000,0,178250
100,1.47E+08,1.78E+06,1125000,1125000,0,178250
100,1.47E+08,1.78E+06,1125000,1125000,0,178250
100,1.47E+08,1.81E+06,1125000,1125000,0,178250
100,1.47E+08,1.78E+06,1125000,1125000,0,178250
100,1.47E+08,1.81E+06,1125000,1125000,0,178250
100,1.47E+08,1.78E+06,1125000,1125000,0,178250
100,1.47E+08,1.78E+06,1125000,1125000,0,178250
100,1.47E+08,1.78E+06,1125000,1125000,0,178250
100,1.47E+08,1.80E+06,1125000,1125000,0,178250
100,1.47E+08,1.78E+06,1125000,1125000,0,178250
100,1.47E+08,1.79E+06,1125000,1125000,0,178400
100,1.47E+08,1.78E+06,1125000,1125000,0,178400
100,1.47E+08,1.79E+06,1125000,1125000,0,178400
100,1.47E+08,1.79E+06,1125000,1125000,0,178400
100,1.47E+08,1.79E+06,1125000,1125001,0,178400
100,1.47E+08,1.78E+06,1125000,1125000,0,178400
100,1.47E+08,1.80E+06,1125000,1125000,0,178400
100,1.47E+08,1.80E+06,1125000,1125000,0,178400
100,1.47E+08,1.82E+06,1125000,1125000,0,178400
100,1.47E+08,1.78E+06,1125000,1125000,0,178400
100,1.47E+08,1.81E+06,1125000,1125000,0,178400
100,1.47E+08,1.78E+06,1125000,1125000,0,178400
100,1.47E+08,1.91E+06,1125000,1125000,0,178400
100,1.47E+08,1.79E+06,1125000,1125000,0,178400
100,1.47E+08,1.80E+06,1125000,1125000,0,178400
100,1.47E+08,1.82E+06,1125000,1125000,0,178400
100,1.47E+08,1.85E+06,1125000,1125000,0,178400
100,1.47E+08,1.78E+06,1125000,1125000,0,178400
100,1.47E+08,1.78E+06,1125000,1125000,0,178400
100,1.47E+08,1.81E+06,1125000,1125000,0,178400
100,1.47E+08,1.78E+06,1125000,1125000,0,178400
100,1.47E+08,1.78E+06,1125000,1125000,0,178400
100,1.47E+08,1.78E+06,1125000,1125000,0,178400
100,1.47E+08,1.78E+06,1125000,1125000,0,178400
100,1.47E+08,1.79E+06,1125000,1125000,0,178400
100,1.47E+08,1.78E+06,1125000,1125000,0,178400
100,1.47E+08,1.78E+06,1125000,1125000,0,178400
100,1.47E+08,1.78E+06,1125000,1125000,0,178400
100,1.47E+08,1.78E+06,1125000,1125000,0,178400
100,1.47E+08,1.82E+06,1125000,1125000,0,178400
100,1.47E+08,1.78E+06,1125000,1125000,0,178400
100,1.47E+08,1.78E+06,1125000,1125000,0,178400
100,1.47E+08,1.79E+06,1125000,1125000,0,178400
100,1.47E+08,1.78E+06,1125000,1125000,0,178400
100,1.47E+08,1.78E+06,1125000,1125000,0,178400
100,1.47E+08,1.78E+06,1125000,1125000,0,178400
100,1.47E+08,1.80E+06,1125000,1125000,0,178400
100,1.47E+08,1.80E+06,1125000,1125000,0,178400
100,1.47E+08,1.78E+06,1125000,1125000,0,178400
100,1.47E+08,1.85E+06,1125000,1125000,0,178400
100,1.47E+08,1.78E+06,1125000,1125000,0,178400
100,1.47E+08,1.78E+06,1125000,1125000,0,178400
100,1.47E+08,1.82E+06,1125000,1125000,0,178400
100,1.47E+08,1.79E+06,1125000,1125000,0,178400
100,1.47E+08,1.79E+06,1125000,1125000,0,178400
100,1.47E+08,1.78E+06,1125000,1125000,0,178400
100,1.47E+08,1.82E+06,1125000,1125000,0,178400
100,1.47E+08,1.78E+06,1125000,1125000,0,178400
100,1.47E+08,1.79E+06,1125000,1125000,0,178400
100,1.47E+08,1.79E+06,1125000,1125000,0,178400
100,1.47E+08,1.78E+06,1125000,1125000,0,178400
100,1.47E+08,1.79E+06,1125000,1125000,0,178400
100,1.47E+08,1.79E+06,1125000,1125000,0,178400
100,1.47E+08,1.83E+06,1125000,1125000,0,178400
100,1.47E+08,1.82E+06,1125000,1125000,0,178400
100,1.47E+08,1.78E+06,1125000,1125000,0,178400
100,1.47E+08,1.81E+06,1125000,1125000,0,178400
100,1.47E+08,1.78E+06,1125000,1125000,0,178400
100,1.47E+08,1.78E+06,1125000,1125000,0,178400
100,1.47E+08,1.80E+06,1125000,1125000,0,178400
100,1.47E+08,1.79E+06,1125000,1125000,0,178400
100,1.47E+08,1.78E+06,1125000,1125000,0,178400
100,1.47E+08,1.79E+06,1125000,1125000,0,178400
100,1.47E+08,1.79E+06,1125000,1125000,0,178400
100,1.47E+08,1.79E+06,1125000,1125000,0,178400
100,1.47E+08,1.78E+06,1125000,1125000,0,178400
100,1.47E+08,1.78E+06,1125000,1125000,0,178400
100,1.47E+08,1.78E+06,1125000,1125000,0,178400
100,1.47E+08,1.79E+06,1125000,1125000,0,178400
100,1.47E+08,1.78E+06,1125000,1125000,0,178400
100,1.47E+08,1.78E+06,1125000,1125000,0,178400
100,1.47E+08,1.80E+06,1125000,1125000,0,178400
100,1.47E+08,1.78E+06,1125000,1125000,0,178400
100,1.47E+08,1.79E+06,1125000,1125000,0,178400
100,1.47E+08,1.78E+06,1125000,1125000,0,178400
100,1.47E+08,1.78E+06,1125000,1125000,0,178800
100,1.47E+08,1.78E+06,1125000,1125000,0,178800
100,1.47E+08,1.78E+06,1125000,1125000,0,178800
100,1.47E+08,1.78E+06,1125000,1125000,0,178800
100,1.47E+08,1.79E+06,1125000,1125000,0,178800
100,1.47E+08,1.80E+06,1125000,1125000,0,178800
100,1.47E+08,1.78E+06,1125000,1125000,0,178800
100,1.47E+08,1.79E+06,1125000,1125000,0,178800
100,1.47E+08,1.79E+06,1125000,1125000,0,178800
100,1.47E+08,1.79E+06,1125000,1125000,0,178800
100,1.47E+08,1.79E+06,1125000,1125000,0,178800
100,1.47E+08,1.78E+06,1125000,1125000,0,178800
100,1.47E+08,1.78E+06,1125000,1125000,0,178800
100,1.47E+08,1.78E+06,1125000,1125000,0,178800
100,1.47E+08,1.80E+06,1125000,1125000,0,178800
100,1.47E+08,1.78E+06,1125000,1125000,0,178800
100,1.47E+08,1.80E+06,1125000,1125000,0,178800
100,1.47E+08,1.78E+06,1125000,1125000,0,178800
100,1.47E+08,1.78E+06,1125000,1125000,0,178800
100,1.47E+08,1.78E+06,1125000,1125000,0,178800
100,1.47E+08,1.79E+06,1125000,1125000,0,178800
100,1.47E+08,1.78E+06,1125000,1125000,0,178800
100,1.47E+08,1.80E+06,1125000,1125000,0,178800
100,1.47E+08,1.81E+06,1125000,1125000,0,178800
100,1.47E+08,1.86E+06,1125000,1125000,0,178800
100,1.47E+08,1.81E+06,1125000,1125000,0,178800
100,1.47E+08,1.80E+06,1125000,1125000,0,178800
100,1.47E+08,1.78E+06,1125000,1125000,0,178800
100,1.47E+08,1.78E+06,1125000,1125000,0,178800
100,1.47E+08,1.78E+06,1125000,1125000,0,178800
100,1.47E+08,1.80E+06,1125000,1125000,0,178800
100,1.47E+08,1.78E+06,1125000,1125000,0,178800
100,1.47E+08,1.78E+06,1125000,1125000,0,178800
100,1.47E+08,1.80E+06,1125000,1125000,0,178800
100,1.47E+08,1.78E+06,1125000,1125000,0,178800
100,1.47E+08,1.78E+06,1125000,1125000,0,178800
100,1.47E+08,1.78E+06,1125000,1125000,0,178800
100,1.47E+08,1.80E+06,1125000,1125000,0,178800
100,1.47E+08,1.78E+06,1125000,1125000,0,178800
100,1.47E+08,1.79E+06,1125000,1125000,0,178800
100,1.47E+08,1.79E+06,1125000,1125000,0,178800
100,1.47E+08,1.81E+06,1125000,1125000,0,178800
100,1.47E+08,1.78E+06,1125000,1125000,0,178800
100,1.47E+08,1.81E+06,1125000,1125000,0,178800
100,1.47E+08,1.79E+06,1125000,1125000,0,178800
100,1.47E+08,1.81E+06,1125000,1125000,0,178800
100,1.47E+08,1.78E+06,1125000,1125000,0,178800
100,1.47E+08,1.82E+06,1125000,1125000,0,178800
100,1.47E+08,1.78E+06,1125000,1125000,0,178800
100,1.47E+08,1.78E+06,1125000,1125000,0,178800
100,1.47E+08,1.80E+06,1125000,1125000,0,178800
100,1.47E+08,1.78E+06,1125000,1125000,0,178800
100,1.47E+08,1.81E+06,1125000,1125000,0,178800
100,1.47E+08,1.78E+06,1125000,1125000,0,178800
100,1.47E+08,1.81E+06,1125000,1125000,0,178800
100,1.47E+08,1.80E+06,1125000,1125000,0,178800
100,1.47E+08,1.78E+06,1125000,1125000,0,178800
100,1.47E+08,1.81E+06,1125000,1125000,0,178800
100,1.47E+08,1.79E+06,1125000,1125000,0,178800
100,1.47E+08,1.78E+06,1125000,1125000,0,178800
100,1.47E+08,1.79E+06,1125000,1125000,0,178800
100,1.47E+08,1.78E+06,1125000,1125000,0,178800
100,1.47E+08,1.78E+06,1125000,1125000,0,178800
100,1.47E+08,1.80E+06,1125000,1125000,0,178800
100,1.47E+08,1.80E+06,1125000,1125000,0,178800
100,1.47E+08,1.79E+06,1125000,1125000,0,178800
100,1.47E+08,1.78E+06,1125000,1125000,0,178800
100,1.47E+08,1.78E+06,1125000,1125000,0,178800
100,1.47E+08,1.79E+06,1125000,1125000,0,178800
100,1.47E+08,1.80E+06,1125000,1125000,0,178800
100,1.47E+08,1.79E+06,1125000,1125000,0,178800
100,1.47E+08,1.78E+06,1125000,1125000,0,178800
100,1.47E+08,1.79E+06,1125000,1125000,0,178800
100,1.47E+08,1.78E+06,1125000,1125000,0,178800
100,1.47E+08,1.80E+06,1125000,1125000,0,178800
100,1.47E+08,1.80E+06,1125000,1125000,0,178800
100,1.47E+08,1.84E+06,1125000,1125000,0,178800
100,1.47E+08,1.78E+06,1125000,1125000,0,178800
100,1.47E+08,1.80E+06,1125000,1125000,0,178800
100,1.47E+08,1.78E+06,1125000,1125000,0,178800
100,1.47E+08,1.78E+06,1125000,1125000,0,178800
100,1.47E+08,1.78E+06,1125000,1125000,0,178800
100,1.47E+08,1.78E+06,1125000,1125000,0,178800
100,1.47E+08,1.80E+06,1125000,1125000,0,178800
100,1.47E+08,1.78E+06,1125000,1125000,0,178800
100,1.47E+08,1.78E+06,1125000,1125000,0,178800
100,1.47E+08,1.78E+06,1125000,1125000,0,178800
100,1.47E+08,1.84E+06,1125000,1125000,0,178800
100,1.47E+08,1.83E+06,1125000,1125000,0,178800
100,1.47E+08,1.78E+06,1125000,1125000,0,178800
100,1.47E+08,1.81E+06,1125000,1125000,0,178800
100,1.47E+08,1.85E+06,1125000,1125000,0,178800
100,1.47E+08,1.81E+06,1125000,1125000,0,178800
100,1.47E+08,1.79E+06,1125000,1125000,0,178800
100,1.47E+08,1.78E+06,1125000,1125000,0,178800
100,1.47E+08,1.78E+06,1125000,1125000,0,178800
100,1.47E+08,1.83E+06,1125000,1125000,0,178800
100,1.47E+08,1.78E+06,1125000,1125000,0,178800
100,1.47E+08,1.86E+06,1125000,1125000,0,178800
100,1.47E+08,1.78E+06,1125000,1125000,0,178800
100,1.47E+08,1.81E+06,1125000,1125000,0,178800
100,1.47E+08,1.78E+06,1125000,1125000,0,178800
100,1.47E+08,1.78E+06,1125000,1125000,0,178800
100,1.47E+08,1.78E+06,1125000,1125000,0,178800
100,1.47E+08,1.78E+06,1125000,1125000,0,178800
100,1.47E+08,1.82E+06,1125000,1125000,0,178800
100,1.47E+08,1.78E+06,1125000,1125000,0,178800
100,1.47E+08,1.79E+06,1125000,1125000,0,178800
100,1.47E+08,1.82E+06,1125000,1125000,0,178800
100,1.47E+08,1.78E+06,1125000,1125000,0,178800
100,1.47E+08,1.78E+06,1125000,1125000,0,178800
100,1.47E+08,1.78E+06,1125000,1125000,0,178800
100,1.47E+08,1.78E+06,1125000,1125000,0,178800
100,1.47E+08,1.78E+06,1125000,1125000,0,178800
100,1.47E+08,1.84E+06,1125000,1125000,0,178800
100,1.47E+08,1.78E+06,1125000,1125000,0,178800
100,1.47E+08,1.80E+06,1125000,1125000,0,178800
100,1.47E+08,1.78E+06,1125000,1125000,0,178800
100,1.47E+08,1.78E+06,1125000,1125000,0,178800
100,1.47E+08,1.80E+06,1125000,1125000,0,178800
100,1.47E+08,1.80E+06,1125000,1125000,0,178800
100,1.47E+08,1.79E+06,1125000,1125000,0,178800
100,1.47E+08,1.78E+06,1125000,1125000,0,178800
100,1.47E+08,1.82E+06,1125000,1125000,0,178800
100,1.47E+08,1.78E+06,1125000,1125000,0,178800
100,1.47E+08,1.78E+06,1125000,1125000,0,178800
100,1.47E+08,1.80E+06,1125000,1125000,0,178800
100,1.47E+08,1.78E+06,1125000,1125000,0,178800
100,1.47E+08,1.78E+06,1125000,1125000,0,178800
100,1.47E+08,1.80E+06,1125000,1125000,0,178800
100,1.47E+08,1.79E+06,1125000,1125000,0,178800
100,1.47E+08,1.79E+06,1125000,1125000,0,178800
100,1.47E+08,1.80E+06,1125000,1125000,0,178800
100,1.47E+08,1.80E+06,1125000,1125000,0,178800
100,1.47E+08,1.83E+06,1125000,1125000,0,178800
100,1.47E+08,1.79E+06,1125000,1125000,0,178800
100,1.47E+08,1.80E+06,1125000,1125000,0,178800
100,1.47E+08,1.80E+06,1125000,1125000,0,178800
100,1.47E+08,1.78E+06,1125000,1125000,0,178800
100,1.47E+08,1.78E+06,1125000,1125000,0,178800
100,1.47E+08,1.78E+06,1125000,1125000,0,178800
100,1.47E+08,1.78E+06,1125000,1125000,0,178800
100,1.47E+08,1.81E+06,1125000,1125000,0,178800
100,1.47E+08,1.78E+06,1125000,1125000,0,178800
100,1.47E+08,1.80E+06,1125000,1125000,0,178800
100,1.47E+08,1.79E+06,1125000,1125000,0,178800
100,1.47E+08,1.78E+06,1125000,1125000,0,178800
100,1.47E+08,1.79E+06,1125000,1125000,0,178800
100,1.47E+08,1.81E+06,1125000,1125000,0,178800
100,1.47E+08,1.80E+06,1125000,1125000,0,178800
100,1.47E+08,1.78E+06,1125000,1125000,0,178800
100,1.47E+08,1.79E+06,1125000,1125000,0,178800
100,1.47E+08,1.78E+06,1125000,1125000,0,178800
100,1.47E+08,1.79E+06,1125000,1125000,0,178800
100,1.47E+08,1.81E+06,1125000,1125000,0,178800
100,1.47E+08,1.78E+06,1125000,1125000,0,178800
100,1.47E+08,1.79E+06,1125000,1125000,0,178800
100,1.47E+08,1.78E+06,1125000,1125000,0,178800
100,1.47E+08,1.78E+06,1125000,1125000,0,178800
100,1.47E+08,1.78E+06,1125000,1125000,0,178800
100,1.47E+08,1.80E+06,1125000,1125000,0,178800
100,1.47E+08,1.78E+06,1125000,1125000,0,178900
100,1.47E+08,1.83E+06,1125000,1125000,0,178900
100,1.47E+08,1.79E+06,1125000,1125000,0,178900
100,1.47E+08,1.78E+06,1125000,1125000,0,178900
100,1.47E+08,1.81E+06,1125000,1125000,0,178900
100,1.47E+08,1.80E+06,1125000,1125000,0,178900
100,1.47E+08,1.78E+06,1125000,1125000,0,178900
100,1.47E+08,1.79E+06,1125000,1125000,0,178900
100,1.47E+08,1.78E+06,1125000,1125000,0,178900
100,1.47E+08,1.80E+06,1125000,1125000,0,178900
100,1.47E+08,1.78E+06,1125000,1125000,0,178900
100,1.47E+08,1.78E+06,1125000,1125000,0,178900
100,1.47E+08,1.78E+06,1125000,1125000,0,178900
100,1.47E+08,1.78E+06,1125000,1125000,0,178900
100,1.47E+08,1.81E+06,1125000,1125000,0,178900
100,1.47E+08,1.78E+06,1125000,1125000,0,178900
100,1.47E+08,1.80E+06,1125000,1125000,0,178900
100,1.47E+08,1.80E+06,1125000,1125000,0,178900
100,1.47E+08,1.78E+06,1125000,1125000,0,178900
100,1.47E+08,1.79E+06,1125000,1125000,0,178900
100,1.47E+08,1.83E+06,1125000,1125000,0,178900
100,1.47E+08,1.78E+06,1125000,1125000,0,178900
100,1.47E+08,1.78E+06,1125000,1125000,0,178900
100,1.47E+08,1.82E+06,1125000,1125000,0,178900
100,1.47E+08,1.78E+06,1125000,1125000,0,178900
100,1.47E+08,1.78E+06,1125000,1125000,0,178900
100,1.47E+08,1.78E+06,1125000,1125000,0,178900
100,1.47E+08,1.78E+06,1125000,1125000,0,178900
100,1.47E+08,1.78E+06,1125000,1125000,0,178900
100,1.47E+08,1.78E+06,1125000,1125000,0,178900
100,1.47E+08,1.81E+06,1125000,1125000,0,178900
100,1.35E+08,1.89E+06,1125001,1125006,0,138950
100,1.36E+08,1.82E+06,1125001,1125001,0,139150
100,1.39E+08,1.80E+06,1125001,1125001,0,149600
100,1.39E+08,1.80E+06,1125001,1125003,0,151950
100,1.40E+08,1.79E+06,1125001,1125001,0,154050
100,1.41E+08,1.78E+06,1125001,1125001,0,157350
100,1.43E+08,1.81E+06,1125001,1125001,0,160800
100,1.44E+08,1.78E+06,1125001,1125003,0,164950
100,1.47E+08,1.79E+06,1125001,1125001,0,177300
100,1.47E+08,1.78E+06,1125001,1125001,0,177300
100,1.36E+08,1.78E+06,1125002,1125004,0,139550
100,1.36E+08,1.78E+06,1125002,1125002,0,141000
100,1.39E+08,1.78E+06,1125002,1125002,0,151850
100,1.43E+08,1.78E+06,1125002,1125003,0,163250
100,1.43E+08,1.78E+06,1125002,1125002,0,163250
100,1.45E+08,1.80E+06,1125002,1125002,0,168750
100,1.45E+08,1.79E+06,1125002,1125002,0,169400
100,1.45E+08,1.78E+06,1125002,1125002,0,170700
100,1.45E+08,1.78E+06,1125002,1125002,0,170800
100,1.47E+08,1.78E+06,1125002,1125002,0,176350
100,1.47E+08,1.81E+06,1125002,1125002,0,177300
100,1.47E+08,1.78E+06,1125002,1125003,0,178800
100,1.39E+08,1.81E+06,1125003,1125003,0,151950
100,1.41E+08,1.80E+06,1125003,1125003,0,156300
100,1.41E+08,1.79E+06,1125003,1125003,0,156600
100,1.41E+08,1.78E+06,1125003,1125003,0,156700
100,1.41E+08,1.79E+06,1125003,1125004,0,157850
100,1.47E+08,1.78E+06,1125003,1125003,0,176000
100,1.47E+08,1.79E+06,1125003,1125003,0,176000
100,1.47E+08,1.78E+06,1125003,1125003,0,178800
100,1.43E+08,1.80E+06,1125004,1125004,0,163250
100,1.39E+08,1.78E+06,1125005,1125004,0,149800
100,1.47E+08,1.80E+06,1125005,1125005,0,176000
100,1.47E+08,1.78E+06,1125005,1125005,0,178400
100,1.36E+08,1.86E+06,1125006,1125007,0,139150
100,1.41E+08,1.79E+06,1125006,1125006,0,157350
100,1.44E+08,1.78E+06,1125006,1125006,0,167200
100,1.45E+08,1.78E+06,1125006,1125006,0,168750
100,1.45E+08,1.80E+06,1125006,1125006,0,168750
100,1.45E+08,1.78E+06,1125006,1125006,0,168900
100,1.47E+08,1.79E+06,1125006,1125006,0,177750
100,1.47E+08,1.78E+06,1125006,1125006,0,178250
100,1.47E+08,1.80E+06,1125006,1125006,0,178900
100,1.45E+08,1.79E+06,1125007,1125007,0,168900
100,1.47E+08,1.81E+06,1125007,1125007,0,176000
100,1.47E+08,1.79E+06,1125007,1125007,0,177400
100,1.36E+08,1.78E+06,1125008,1125008,0,139300
100,1.36E+08,1.78E+06,1125008,1125008,0,139300
100,1.39E+08,1.78E+06,1125008,1125008,0,151850
100,1.40E+08,1.78E+06,1125008,1125009,0,152950
100,1.43E+08,1.78E+06,1125008,1125008,0,163550
100,1.44E+08,1.91E+06,1125008,1125008,0,165650
100,1.46E+08,1.80E+06,1125008,1125008,0,170800
100,1.47E+08,1.81E+06,1125008,1125010,0,177400
100,1.47E+08,1.78E+06,1125008,1125008,0,177750
100,1.47E+08,1.78E+06,1125008,1125008,0,178800
100,1.43E+08,1.83E+06,1125009,1125009,0,160450
100,1.44E+08,1.79E+06,1125009,1125009,0,165650
100,1.45E+08,1.78E+06,1125009,1125009,0,168650
100,1.45E+08,1.78E+06,1125009,1125009,0,168900
100,1.45E+08,1.78E+06,1125009,1125011,0,169400
100,1.47E+08,1.78E+06,1125009,1125009,0,177750
100,1.38E+08,1.80E+06,1125010,1125010,0,147850
100,1.43E+08,1.83E+06,1125010,1125010,0,160050
100,1.43E+08,1.79E+06,1125010,1125010,0,163550
100,1.45E+08,1.78E+06,1125010,1125010,0,167650
100,1.46E+08,1.82E+06,1125010,1125010,0,173850
100,1.47E+08,1.83E+06,1125010,1125010,0,176350
100,1.47E+08,1.79E+06,1125010,1125010,0,178900
100,1.43E+08,1.78E+06,1125011,1125011,0,163600
100,1.38E+08,1.78E+06,1125012,1125012,0,147900
100,1.44E+08,1.78E+06,1125012,1125012,0,165350
100,1.44E+08,1.84E+06,1125012,1125012,0,165650
100,1.45E+08,1.81E+06,1125012,1125012,0,168750
100,1.44E+08,1.79E+06,1125013,1125012,0,165650
100,1.45E+08,1.80E+06,1125013,1125013,0,168650
100,1.46E+08,1.79E+06,1125013,1125013,0,173850
100,1.47E+08,1.81E+06,1125013,1125013,0,176350
100,1.47E+08,1.78E+06,1125013,1125013,0,178800
100,1.39E+08,1.78E+06,1125014,1125014,0,151950
100,1.47E+08,1.79E+06,1125014,1125014,0,176350
100,1.47E+08,1.79E+06,1125014,1125015,0,177750
100,1.37E+08,1.79E+06,1125015,1125015,0,144000
100,1.43E+08,1.78E+06,1125015,1125015,0,163250
100,1.45E+08,1.78E+06,1125015,1125015,0,168750
100,1.47E+08,1.81E+06,1125015,1125015,0,176000
100,1.43E+08,1.80E+06,1125016,1125016,0,160800
100,1.45E+08,1.79E+06,1125016,1125016,0,168900
100,1.47E+08,1.81E+06,1125016,1125016,0,176850
100,1.39E+08,1.78E+06,1125017,1125017,0,149750
100,1.39E+08,1.78E+06,1125017,1125017,0,149750
100,1.45E+08,1.78E+06,1125017,1125018,0,168650
100,1.46E+08,1.83E+06,1125017,1125017,0,175250
100,1.47E+08,1.79E+06,1125017,1125017,0,177300
100,1.47E+08,1.81E+06,1125017,1125016,0,178400
100,1.42E+08,1.81E+06,1125018,1125018,0,158850
100,1.44E+08,1.82E+06,1125018,1125018,0,165650
100,1.45E+08,1.78E+06,1125018,1125018,0,168750
100,1.46E+08,1.82E+06,1125018,1125018,0,173850
100,1.46E+08,1.78E+06,1125018,1125017,0,173850
100,1.47E+08,1.84E+06,1125018,1125018,0,176350
100,1.47E+08,1.83E+06,1125018,1125018,0,178050
100,1.45E+08,1.78E+06,1125019,1125019,0,168900
100,1.45E+08,1.80E+06,1125019,1125020,0,169400
100,1.46E+08,1.78E+06,1125019,1125021,0,170800
100,1.46E+08,1.79E+06,1125019,1125019,0,173200
100,1.47E+08,1.80E+06,1125019,1125019,0,176350
100,1.36E+08,1.78E+06,1125020,1125020,0,142000
100,1.38E+08,1.79E+06,1125020,1125020,0,147850
100,1.40E+08,1.86E+06,1125020,1125019,0,152950
100,1.45E+08,1.82E+06,1125020,1125020,0,168900
100,1.40E+08,1.80E+06,1125021,1125021,0,153200
100,1.43E+08,1.79E+06,1125021,1125021,0,163600
100,1.45E+08,1.78E+06,1125021,1125021,0,168900
100,1.46E+08,1.79E+06,1125021,1125021,0,172050
100,1.46E+08,1.85E+06,1125021,1125021,0,175250
100,1.47E+08,1.83E+06,1125021,1125021,0,176850
100,1.47E+08,1.78E+06,1125021,1125021,0,177300
100,1.47E+08,1.78E+06,1125021,1125021,0,177300
100,1.47E+08,1.81E+06,1125021,1125021,0,178900
100,1.39E+08,1.78E+06,1125022,1125022,0,150400
100,1.39E+08,1.85E+06,1125022,1125022,0,151950
100,1.40E+08,1.81E+06,1125022,1125022,0,154650
100,1.45E+08,1.86E+06,1125022,1125022,0,168650
100,1.45E+08,1.85E+06,1125022,1125022,0,169400
100,1.46E+08,1.78E+06,1125022,1125023,0,173000
100,1.47E+08,1.79E+06,1125022,1125022,0,176000
100,1.47E+08,1.79E+06,1125022,1125022,0,177150
100,1.36E+08,1.80E+06,1125023,1125023,0,139300
100,1.38E+08,1.82E+06,1125023,1125022,0,147200
100,1.43E+08,1.78E+06,1125023,1125023,0,160800
100,1.47E+08,1.78E+06,1125023,1125023,0,176350
100,1.47E+08,1.82E+06,1125023,1125023,0,176350
100,1.39E+08,1.79E+06,1125024,1125023,0,149500
100,1.47E+08,1.78E+06,1125024,1125024,0,177300
100,1.40E+08,1.78E+06,1125025,1125025,0,154750
100,1.44E+08,1.83E+06,1125025,1125025,0,165350
100,1.45E+08,1.83E+06,1125025,1125025,0,168650
100,1.47E+08,1.81E+06,1125025,1125026,0,176350
100,1.47E+08,1.80E+06,1125025,1125025,0,178400
100,1.36E+08,1.78E+06,1125026,1125026,0,141300
100,1.40E+08,1.78E+06,1125026,1125026,0,153750
100,1.41E+08,1.79E+06,1125026,1125026,0,157350
100,1.43E+08,1.79E+06,1125026,1125027,0,163550
100,1.46E+08,1.78E+06,1125026,1125025,0,175250
100,1.47E+08,1.79E+06,1125026,1125026,0,177750
100,1.38E+08,1.78E+06,1125027,1125027,0,148300
100,1.43E+08,1.79E+06,1125027,1125026,0,163250
100,1.46E+08,1.78E+06,1125027,1125027,0,170800
100,1.46E+08,1.87E+06,1125027,1125027,0,170800
100,1.47E+08,1.78E+06,1125027,1125027,0,178800
100,1.44E+08,1.78E+06,1125028,1125029,0,165500
100,1.45E+08,1.78E+06,1125028,1125028,0,167500
100,1.45E+08,1.81E+06,1125028,1125030,0,168750
100,1.47E+08,1.78E+06,1125028,1125028,0,176000
100,1.47E+08,1.79E+06,1125028,1125028,0,176000
100,1.47E+08,1.78E+06,1125028,1125029,0,176350
100,1.47E+08,1.84E+06,1125028,1125028,0,177300
100,1.40E+08,1.79E+06,1125029,1125029,0,153500
100,1.40E+08,1.79E+06,1125029,1125029,0,153750
100,1.45E+08,1.78E+06,1125029,1125029,0,168900
100,1.46E+08,1.84E+06,1125029,1125029,0,173850
100,1.47E+08,1.83E+06,1125029,1125029,0,178800
100,1.47E+08,1.78E+06,1125029,1125029,0,178900
100,1.43E+08,1.81E+06,1125030,1125030,0,163250
100,1.44E+08,1.79E+06,1125030,1125030,0,165500
100,1.45E+08,1.78E+06,1125030,1125029,0,168900
100,1.46E+08,1.82E+06,1125030,1125030,0,173200
100,1.47E+08,1.80E+06,1125030,1125033,0,176850
100,1.47E+08,1.78E+06,1125030,1125030,0,178050
100,1.45E+08,1.78E+06,1125031,1125031,0,169800
100,1.45E+08,1.78E+06,1125031,1125031,0,170800
100,1.40E+08,1.78E+06,1125032,1125032,0,153050
100,1.43E+08,1.78E+06,1125032,1125032,0,162150
100,1.45E+08,1.80E+06,1125032,1125032,0,169400
100,1.47E+08,1.80E+06,1125032,1125032,0,176000
100,1.47E+08,1.80E+06,1125032,1125032,0,176850
100,1.47E+08,1.79E+06,1125032,1125034,0,177300
100,1.47E+08,1.80E+06,1125032,1125032,0,178250
100,1.47E+08,1.79E+06,1125032,1125031,0,178400
100,1.47E+08,1.78E+06,1125032,1125032,0,178800
100,1.47E+08,1.80E+06,1125033,1125033,0,176000
100,1.42E+08,1.78E+06,1125034,1125034,0,159600
100,1.45E+08,1.81E+06,1125034,1125034,0,168650
100,1.45E+08,1.81E+06,1125034,1125034,0,168900
100,1.47E+08,1.78E+06,1125034,1125034,0,176000
100,1.47E+08,1.78E+06,1125034,1125034,0,177750
100,1.38E+08,1.78E+06,1125035,1125034,0,147200
100,1.39E+08,1.82E+06,1125035,1125035,0,149600
100,1.43E+08,1.78E+06,1125035,1125035,0,163550
100,1.36E+08,1.78E+06,1125036,1125036,0,142750
100,1.43E+08,1.82E+06,1125036,1125036,0,162950
100,1.45E+08,1.80E+06,1125036,1125036,0,168900
100,1.45E+08,1.88E+06,1125036,1125036,0,169400
100,1.47E+08,1.81E+06,1125036,1125036,0,176000
100,1.47E+08,1.84E+06,1125036,1125036,0,178050
100,1.40E+08,1.80E+06,1125037,1125037,0,153750
100,1.43E+08,1.78E+06,1125037,1125037,0,163250
100,1.45E+08,1.83E+06,1125037,1125037,0,168750
100,1.46E+08,1.78E+06,1125037,1125037,0,173850
100,1.46E+08,1.82E+06,1125037,1125037,0,175250
100,1.47E+08,1.85E+06,1125037,1125037,0,178900
100,1.40E+08,1.79E+06,1125038,1125038,0,153500
100,1.41E+08,1.78E+06,1125038,1125038,0,156700
100,1.46E+08,1.78E+06,1125038,1125038,0,171150
100,1.47E+08,1.79E+06,1125038,1125038,0,176350
100,1.47E+08,1.82E+06,1125038,1125038,0,177100
100,1.47E+08,1.78E+06,1125038,1125038,0,178900
100,1.40E+08,1.78E+06,1125039,1125039,0,153200
100,1.47E+08,1.79E+06,1125039,1125039,0,176350
100,1.47E+08,1.79E+06,1125039,1125039,0,177300
100,1.47E+08,1.78E+06,1125039,1125039,0,177750
100,1.47E+08,1.79E+06,1125039,1125039,0,178050
100,1.47E+08,1.87E+06,1125039,1125039,0,178800
100,1.40E+08,1.78E+06,1125040,1125040,0,154050
100,1.44E+08,1.85E+06,1125040,1125040,0,167400
100,1.46E+08,1.78E+06,1125040,1125040,0,175250
100,1.47E+08,1.79E+06,1125040,1125040,0,178050
100,1.47E+08,1.78E+06,1125040,1125040,0,178800
100,1.47E+08,1.78E+06,1125040,1125040,0,178800
100,1.36E+08,1.78E+06,1125041,1125040,0,139550
100,1.46E+08,1.80E+06,1125041,1125041,0,170800
100,1.46E+08,1.83E+06,1125041,1125041,0,171350
100,1.47E+08,1.80E+06,1125041,1125041,0,176850
100,1.47E+08,1.80E+06,1125041,1125041,0,178800
100,1.47E+08,1.80E+06,1125041,1125041,0,178800
100,1.38E+08,1.81E+06,1125042,1125042,0,148300
100,1.41E+08,1.81E+06,1125042,1125042,0,157900
100,1.43E+08,1.80E+06,1125042,1125042,0,163550
100,1.45E+08,1.78E+06,1125042,1125042,0,168900
100,1.46E+08,1.78E+06,1125042,1125042,0,173850
100,1.47E+08,1.78E+06,1125042,1125041,0,176850
100,1.47E+08,1.79E+06,1125042,1125042,0,176850
100,1.43E+08,1.79E+06,1125043,1125043,0,162550
100,1.45E+08,1.78E+06,1125043,1125043,0,168900
100,1.45E+08,1.78E+06,1125043,1125043,0,169400
100,1.46E+08,1.82E+06,1125043,1125043,0,170850
100,1.47E+08,1.80E+06,1125043,1125043,0,176350
100,1.47E+08,1.82E+06,1125043,1125043,0,178400
100,1.47E+08,1.81E+06,1125043,1125043,0,178900
100,1.39E+08,1.79E+06,1125044,1125044,0,151350
100,1.45E+08,1.82E+06,1125044,1125044,0,167650
100,1.46E+08,1.78E+06,1125044,1125044,0,173850
100,1.46E+08,1.82E+06,1125044,1125044,0,175250
100,1.46E+08,1.79E+06,1125044,1125044,0,175250
100,1.47E+08,1.86E+06,1125044,1125044,0,176350
100,1.39E+08,1.78E+06,1125045,1125045,0,149500
100,1.41E+08,1.78E+06,1125045,1125045,0,157350
100,1.41E+08,1.78E+06,1125045,1125045,0,157900
100,1.44E+08,1.83E+06,1125045,1125045,0,165650
100,1.45E+08,1.78E+06,1125045,1125045,0,167650
100,1.47E+08,1.84E+06,1125045,1125045,0,176350
100,1.39E+08,1.78E+06,1125046,1125046,0,151950
100,1.43E+08,1.79E+06,1125046,1125046,0,160050
100,1.43E+08,1.81E+06,1125046,1125046,0,163550
100,1.44E+08,1.82E+06,1125046,1125046,0,165350
100,1.45E+08,1.78E+06,1125046,1125046,0,169800
100,1.46E+08,1.78E+06,1125046,1125046,0,170800
100,1.47E+08,1.80E+06,1125046,1125046,0,176000
100,1.47E+08,1.78E+06,1125046,1125046,0,177100
100,1.47E+08,1.81E+06,1125046,1125046,0,178050
100,1.45E+08,1.78E+06,1125047,1125047,0,168750
100,1.47E+08,1.78E+06,1125047,1125047,0,177100
100,1.47E+08,1.91E+06,1125047,1125047,0,178800
100,1.39E+08,1.79E+06,1125048,1125048,0,149500
100,1.45E+08,1.79E+06,1125048,1125048,0,169400
100,1.45E+08,1.79E+06,1125048,1125048,0,170800
100,1.46E+08,1.80E+06,1125048,1125048,0,175250
100,1.46E+08,1.83E+06,1125048,1125048,0,175250
100,1.47E+08,1.78E+06,1125048,1125048,0,176350
100,1.41E+08,1.84E+06,1125049,1125049,0,156000
100,1.41E+08,1.78E+06,1125049,1125049,0,156300
100,1.43E+08,1.80E+06,1125049,1125049,0,160250
100,1.43E+08,1.78E+06,1125049,1125049,0,163250
100,1.44E+08,1.79E+06,1125049,1125049,0,167200
100,1.47E+08,1.78E+06,1125049,1125049,0,178800
100,1.39E+08,1.78E+06,1125050,1125050,0,150900
100,1.40E+08,1.78E+06,1125050,1125049,0,153050
100,1.40E+08,1.78E+06,1125050,1125049,0,153750
100,1.41E+08,1.78E+06,1125050,1125050,0,156300
100,1.43E+08,1.81E+06,1125050,1125050,0,162650
100,1.43E+08,1.78E+06,1125050,1125050,0,162650
100,1.43E+08,1.81E+06,1125050,1125050,0,163550
100,1.45E+08,1.78E+06,1125050,1125050,0,168650
100,1.45E+08,1.78E+06,1125050,1125050,0,168900
100,1.45E+08,1.78E+06,1125050,1125050,0,170700
100,1.46E+08,1.83E+06,1125050,1125049,0,173850
100,1.46E+08,1.79E+06,1125050,1125050,0,173850
100,1.47E+08,1.78E+06,1125050,1125049,0,177300
100,1.47E+08,1.78E+06,1125050,1125049,0,178250
100,1.39E+08,1.78E+06,1125051,1125051,0,151950
100,1.43E+08,1.78E+06,1125051,1125051,0,163550
100,1.47E+08,1.78E+06,1125051,1125054,0,176850
100,1.47E+08,1.78E+06,1125051,1125051,0,178050
100,1.38E+08,1.78E+06,1125052,1125052,0,147200
100,1.47E+08,1.78E+06,1125052,1125052,0,177300
100,1.47E+08,1.87E+06,1125052,1125051,0,178800
100,1.36E+08,1.78E+06,1125053,1125052,0,139300
100,1.38E+08,1.78E+06,1125053,1125053,0,147200
100,1.47E+08,1.78E+06,1125053,1125053,0,177300
100,1.43E+08,1.79E+06,1125054,1125054,0,163550
100,1.44E+08,1.81E+06,1125054,1125055,0,165650
100,1.46E+08,1.80E+06,1125054,1125054,0,171150
100,1.47E+08,1.78E+06,1125054,1125054,0,176850
100,1.43E+08,1.80E+06,1125055,1125055,0,163250
100,1.45E+08,1.78E+06,1125055,1125055,0,168900
100,1.47E+08,1.78E+06,1125055,1125055,0,176000
100,1.47E+08,1.81E+06,1125055,1125055,0,178900
100,1.43E+08,1.78E+06,1125056,1125056,0,163250
100,1.47E+08,1.78E+06,1125056,1125056,0,178050
100,1.39E+08,1.78E+06,1125057,1125057,0,151350
100,1.41E+08,1.83E+06,1125057,1125057,0,156000
100,1.47E+08,1.78E+06,1125057,1125057,0,176000
100,1.40E+08,1.78E+06,1125059,1125059,0,154300
100,1.46E+08,1.83E+06,1125059,1125059,0,174850
100,1.45E+08,1.78E+06,1125060,1125060,0,169400
100,1.46E+08,1.78E+06,1125060,1125060,0,171150
100,1.46E+08,1.79E+06,1125060,1125060,0,173700
100,1.46E+08,1.80E+06,1125060,1125060,0,173850
100,1.47E+08,1.78E+06,1125060,1125060,0,178400
100,1.45E+08,1.82E+06,1125061,1125061,0,168750
100,1.45E+08,1.78E+06,1125061,1125061,0,168900
100,1.47E+08,1.80E+06,1125061,1125060,0,177100
100,1.47E+08,1.82E+06,1125062,1125064,0,178400
100,1.45E+08,1.89E+06,1125063,1125063,0,168900
100,1.45E+08,1.82E+06,1125063,1125063,0,168900
100,1.46E+08,1.82E+06,1125063,1125063,0,170800
100,1.36E+08,1.78E+06,1125064,1125065,0,139550
100,1.38E+08,1.83E+06,1125064,1125064,0,147850
100,1.43E+08,1.78E+06,1125064,1125064,0,162150
100,1.47E+08,1.85E+06,1125064,1125064,0,177300
100,1.43E+08,1.82E+06,1125065,1125065,0,163550
100,1.44E+08,1.80E+06,1125065,1125065,0,165350
100,1.46E+08,1.87E+06,1125065,1125065,0,170800
100,1.46E+08,1.78E+06,1125065,1125065,0,173850
100,1.39E+08,1.78E+06,1125066,1125065,0,150650
100,1.43E+08,1.83E+06,1125066,1125066,0,163600
100,1.46E+08,1.78E+06,1125066,1125066,0,173850
100,1.47E+08,1.78E+06,1125066,1125066,0,176850
100,1.47E+08,1.81E+06,1125066,1125066,0,178800
100,1.45E+08,1.80E+06,1125067,1125067,0,168750
100,1.47E+08,1.78E+06,1125067,1125067,0,178900
100,1.46E+08,1.80E+06,1125068,1125068,0,170850
100,1.47E+08,1.78E+06,1125068,1125068,0,178800
100,1.39E+08,1.78E+06,1125069,1125071,0,150400
100,1.47E+08,1.78E+06,1125069,1125069,0,176850
100,1.45E+08,1.78E+06,1125070,1125070,0,169400
100,1.45E+08,1.78E+06,1125070,1125068,0,170800
100,1.36E+08,1.78E+06,1125071,1125071,0,139650
100,1.46E+08,1.81E+06,1125071,1125071,0,175250
100,1.47E+08,1.79E+06,1125071,1125076,0,177300
100,1.47E+08,1.79E+06,1125071,1125071,0,177400
100,1.47E+08,1.79E+06,1125073,1125073,0,177150
100,1.47E+08,1.79E+06,1125073,1125073,0,178800
100,1.44E+08,1.78E+06,1125074,1125074,0,165350
100,1.45E+08,1.83E+06,1125074,1125074,0,168750
100,1.46E+08,1.78E+06,1125074,1125074,0,171150
100,1.43E+08,1.88E+06,1125075,1125075,0,163250
100,1.47E+08,1.79E+06,1125075,1125075,0,178400
100,1.40E+08,1.78E+06,1125076,1125076,0,153050
100,1.46E+08,1.81E+06,1125076,1125075,0,173850
100,1.47E+08,1.78E+06,1125076,1125076,0,177300
100,1.43E+08,1.80E+06,1125077,1125077,0,163250
100,1.47E+08,1.79E+06,1125077,1125077,0,176350
100,1.45E+08,1.79E+06,1125078,1125078,0,168750
100,1.47E+08,1.84E+06,1125078,1125078,0,177750
100,1.47E+08,1.78E+06,1125078,1125078,0,178900
100,1.41E+08,1.78E+06,1125079,1125079,0,157900
100,1.43E+08,1.79E+06,1125079,1125079,0,163550
100,1.46E+08,1.83E+06,1125080,1125081,0,170800
100,1.47E+08,1.78E+06,1125080,1125080,0,176000
100,1.47E+08,1.78E+06,1125080,1125080,0,177300
100,1.47E+08,1.78E+06,1125080,1125080,0,178050
100,1.44E+08,1.79E+06,1125081,1125081,0,165350
100,1.47E+08,1.85E+06,1125081,1125081,0,177750
100,1.47E+08,1.78E+06,1125081,1125081,0,178900
100,1.39E+08,1.78E+06,1125082,1125082,0,151350
100,1.47E+08,1.82E+06,1125082,1125082,0,177300
100,1.43E+08,1.81E+06,1125084,1125084,0,160150
100,1.45E+08,1.83E+06,1125084,1125084,0,169400
100,1.45E+08,1.78E+06,1125084,1125084,0,170800
100,1.43E+08,1.79E+06,1125085,1125085,0,163550
100,1.47E+08,1.80E+06,1125085,1125085,0,176850
100,1.40E+08,1.78E+06,1125086,1125086,0,153750
100,1.47E+08,1.83E+06,1125086,1125085,0,177300
100,1.47E+08,1.79E+06,1125086,1125088,0,177400
100,1.47E+08,1.78E+06,1125086,1125086,0,178050
100,1.47E+08,1.78E+06,1125087,1125087,0,176000
100,1.47E+08,1.78E+06,1125087,1125086,0,177300
100,1.36E+08,1.78E+06,1125088,1125088,0,139300
100,1.43E+08,1.78E+06,1125088,1125088,0,163550
100,1.45E+08,1.78E+06,1125088,1125088,0,168650
100,1.45E+08,1.81E+06,1125088,1125088,0,168750
100,1.46E+08,1.79E+06,1125088,1125088,0,173200
100,1.47E+08,1.78E+06,1125088,1125088,0,178050
100,1.36E+08,1.78E+06,1125089,1125089,0,139650
100,1.39E+08,1.78E+06,1125090,1125090,0,151850
100,1.46E+08,1.81E+06,1125090,1125090,0,170800
100,1.47E+08,1.78E+06,1125090,1125090,0,178800
100,1.44E+08,1.78E+06,1125091,1125091,0,165650
100,1.45E+08,1.78E+06,1125091,1125091,0,169400
100,1.36E+08,1.78E+06,1125092,1125092,0,139300
100,1.46E+08,1.81E+06,1125092,1125092,0,173850
100,1.39E+08,1.79E+06,1125093,1125093,0,151950
100,1.41E+08,1.79E+06,1125093,1125093,0,155700
100,1.47E+08,1.82E+06,1125093,1125093,0,177300
100,1.39E+08,1.78E+06,1125094,1125094,0,151950
100,1.46E+08,1.78E+06,1125094,1125094,0,171350
100,1.39E+08,1.78E+06,1125095,1125095,0,149800
100,1.47E+08,1.78E+06,1125095,1125095,0,178800
100,1.47E+08,1.92E+06,1125096,1125096,0,177400
100,1.44E+08,1.79E+06,1125097,1125099,0,164950
100,1.44E+08,1.78E+06,1125098,1125098,0,167400
100,1.45E+08,1.80E+06,1125099,1125103,0,168650
100,1.45E+08,1.79E+06,1125099,1125099,0,168750
100,1.47E+08,1.89E+06,1125099,1125099,0,176350
100,1.47E+08,1.79E+06,1125099,1125099,0,178800
100,1.45E+08,1.79E+06,1125100,1125100,0,168750
100,1.47E+08,1.78E+06,1125101,1125101,0,176200
100,1.47E+08,1.78E+06,1125101,1125101,0,177300
100,1.47E+08,1.83E+06,1125101,1125102,0,177300
100,1.39E+08,1.78E+06,1125102,1125102,0,150150
100,1.39E+08,1.80E+06,1125103,1125103,0,151850
100,1.47E+08,1.78E+06,1125103,1125103,0,178050
100,1.43E+08,1.79E+06,1125104,1125105,0,163550
100,1.40E+08,1.78E+06,1125105,1125105,0,153200
100,1.41E+08,1.78E+06,1125105,1125107,0,155700
100,1.36E+08,1.78E+06,1125106,1125104,0,139300
100,1.44E+08,1.78E+06,1125106,1125106,0,165650
100,1.45E+08,1.78E+06,1125107,1125107,0,167500
100,1.45E+08,1.79E+06,1125108,1125108,0,168750
100,1.46E+08,1.78E+06,1125108,1125108,0,173850
100,1.40E+08,1.80E+06,1125109,1125109,0,153050
100,1.46E+08,1.81E+06,1125109,1125109,0,170800
100,1.39E+08,1.78E+06,1125110,1125110,0,151350
100,1.42E+08,1.79E+06,1125110,1125110,0,159100
100,1.45E+08,1.82E+06,1125110,1125110,0,168750
100,1.46E+08,1.78E+06,1125110,1125110,0,170800
100,1.46E+08,1.78E+06,1125110,1125110,0,173850
100,1.45E+08,1.79E+06,1125111,1125111,0,168650
100,1.46E+08,1.80E+06,1125111,1125111,0,175250
100,1.45E+08,1.79E+06,1125112,1125112,0,167500
100,1.47E+08,1.78E+06,1125112,1125112,0,177150
100,1.36E+08,1.78E+06,1125113,1125116,0,139550
100,1.44E+08,1.80E+06,1125113,1125115,0,165650
100,1.44E+08,1.78E+06,1125115,1125120,0,165500
100,1.41E+08,1.79E+06,1125116,1125120,0,156600
100,1.47E+08,1.78E+06,1125116,1125116,0,177400
100,1.47E+08,1.80E+06,1125119,1125119,0,177300
100,1.47E+08,1.78E+06,1125119,1125120,0,178800
100,1.47E+08,1.79E+06,1125120,1125119,0,176350
100,1.40E+08,1.78E+06,1125121,1125121,0,154300
100,1.43E+08,1.78E+06,1125123,1125123,0,160250
100,1.44E+08,1.80E+06,1125123,1125123,0,167400
100,1.40E+08,1.78E+06,1125124,1125124,0,153050
100,1.45E+08,1.80E+06,1125124,1125124,0,168750
100,1.44E+08,1.78E+06,1125125,1125125,0,167400
100,1.47E+08,1.80E+06,1125126,1125126,0,176350
100,1.47E+08,1.79E+06,1125127,1125127,0,177100
100,1.47E+08,1.79E+06,1125127,1125127,0,178050
100,1.46E+08,1.78E+06,1125128,1125128,0,170850
100,1.47E+08,1.78E+06,1125128,1125128,0,176000
100,1.42E+08,1.78E+06,1125129,1125134,0,159600
100,1.47E+08,1.78E+06,1125132,1125132,0,178800
100,1.44E+08,1.81E+06,1125133,1125133,0,165650
100,1.39E+08,1.79E+06,1125134,1125134,0,149800
100,1.43E+08,1.78E+06,1125134,1125134,0,163250
100,1.36E+08,1.81E+06,1125135,1125138,0,139150
100,1.46E+08,1.78E+06,1125135,1125135,0,173850
100,1.47E+08,1.79E+06,1125136,1125137,0,176350
100,1.44E+08,1.82E+06,1125137,1125138,0,167200
100,1.43E+08,1.78E+06,1125138,1125138,0,162650
100,1.43E+08,1.78E+06,1125138,1125138,0,163550
100,1.46E+08,1.78E+06,1125138,1125138,0,173000
100,1.47E+08,1.79E+06,1125140,1125140,0,177100
100,1.45E+08,1.78E+06,1125141,1125141,0,169800
100,1.46E+08,1.79E+06,1125141,1125141,0,175250
100,1.47E+08,1.80E+06,1125142,1125145,0,176000
100,1.47E+08,1.78E+06,1125142,1125142,0,176200
100,1.47E+08,1.78E+06,1125142,1125142,0,176850
100,1.40E+08,1.78E+06,1125144,1125143,0,154750
100,1.47E+08,1.79E+06,1125145,1125145,0,177750
100,1.40E+08,1.78E+06,1125146,1125146,0,154050
100,1.45E+08,1.78E+06,1125146,1125148,0,168700
100,1.45E+08,1.81E+06,1125146,1125146,0,170700
100,1.45E+08,1.78E+06,1125146,1125146,0,170700
100,1.40E+08,1.78E+06,1125147,1125147,0,153750
100,1.46E+08,1.79E+06,1125147,1125147,0,175250
100,1.47E+08,1.78E+06,1125147,1125147,0,176350
100,1.43E+08,1.78E+06,1125148,1125148,0,160250
100,1.45E+08,1.78E+06,1125148,1125148,0,168900
100,1.47E+08,1.84E+06,1125148,1125148,0,177300
100,1.46E+08,1.79E+06,1125149,1125149,0,170850
100,1.43E+08,1.83E+06,1125150,1125150,0,163250
100,1.47E+08,1.78E+06,1125152,1125152,0,178800
100,1.36E+08,1.78E+06,1125154,1125153,0,139300
100,1.45E+08,1.86E+06,1125154,1125154,0,168650
100,1.47E+08,1.79E+06,1125154,1125154,0,178050
100,1.45E+08,1.80E+06,1125155,1125157,0,168900
100,1.45E+08,1.78E+06,1125156,1125156,0,169400
100,1.47E+08,1.81E+06,1125156,1125156,0,178400
100,1.47E+08,1.80E+06,1125157,1125157,0,176850
100,1.46E+08,1.78E+06,1125158,1125158,0,174850
100,1.47E+08,1.79E+06,1125158,1125158,0,178050
100,1.41E+08,1.78E+06,1125159,1125159,0,157900
100,1.47E+08,1.78E+06,1125160,1125160,0,177300
100,1.47E+08,1.78E+06,1125161,1125161,0,176350
100,1.43E+08,1.78E+06,1125163,1125162,0,163250
100,1.44E+08,1.78E+06,1125163,1125163,0,165650
100,1.45E+08,1.78E+06,1125163,1125163,0,168750
100,1.46E+08,1.81E+06,1125163,1125163,0,175250
100,1.47E+08,1.81E+06,1125163,1125163,0,176850
100,1.47E+08,1.79E+06,1125164,1125164,0,178800
100,1.41E+08,1.78E+06,1125166,1125166,0,157850
100,1.44E+08,1.78E+06,1125167,1125167,0,165350
100,1.47E+08,1.78E+06,1125167,1125167,0,177300
100,1.47E+08,1.78E+06,1125167,1125167,0,177300
100,1.47E+08,1.78E+06,1125168,1125168,0,176850
100,1.41E+08,1.80E+06,1125169,1125165,0,156300
100,1.44E+08,1.81E+06,1125170,1125170,0,165650
100,1.45E+08,1.81E+06,1125170,1125170,0,168900
100,1.42E+08,1.78E+06,1125172,1125172,0,159100
100,1.43E+08,1.78E+06,1125172,1125172,0,160250
100,1.47E+08,1.78E+06,1125172,1125172,0,177300
100,1.41E+08,1.78E+06,1125173,1125173,0,156300
100,1.43E+08,1.79E+06,1125174,1125174,0,162650
100,1.47E+08,1.78E+06,1125174,1125174,0,178800
100,1.39E+08,1.78E+06,1125176,1125176,0,149750
100,1.45E+08,1.78E+06,1125177,1125177,0,168750
100,1.44E+08,1.79E+06,1125178,1125178,0,165650
100,1.47E+08,1.79E+06,1125179,1125180,0,176850
100,1.47E+08,1.80E+06,1125179,1125179,0,178800
100,1.42E+08,1.78E+06,1125180,1125180,0,158900
100,1.47E+08,1.78E+06,1125182,1125182,0,176350
100,1.43E+08,1.78E+06,1125189,1125191,0,160800
100,1.47E+08,1.80E+06,1125189,1125190,0,178250
100,1.47E+08,1.78E+06,1125189,1125189,0,178800
100,1.47E+08,1.81E+06,1125190,1125190,0,176350
100,1.45E+08,1.79E+06,1125192,1125190,0,167500
100,1.47E+08,1.78E+06,1125192,1125192,0,176850
100,1.47E+08,1.80E+06,1125192,1125192,0,178900
100,1.47E+08,1.80E+06,1125195,1125195,0,178900
100,1.40E+08,1.82E+06,1125196,1125196,0,154300
100,1.45E+08,1.78E+06,1125197,1125197,0,169400
100,1.38E+08,1.78E+06,1125201,1125200,0,148300
100,1.46E+08,1.79E+06,1125202,1125202,0,175250
100,1.47E+08,1.78E+06,1125202,1125202,0,178400
100,1.40E+08,1.78E+06,1125203,1125203,0,154050
100,1.47E+08,1.79E+06,1125203,1125203,0,178800
100,1.45E+08,1.83E+06,1125204,1125204,0,168650
100,1.43E+08,1.78E+06,1125205,1125208,0,163550
100,1.43E+08,1.88E+06,1125206,1125206,0,163550
100,1.46E+08,1.82E+06,1125206,1125208,0,175250
100,1.47E+08,1.78E+06,1125208,1125208,0,177100
100,1.43E+08,1.78E+06,1125209,1125209,0,162650
100,1.47E+08,1.79E+06,1125209,1125209,0,178800
100,1.38E+08,1.82E+06,1125210,1125210,0,147200
100,1.45E+08,1.78E+06,1125214,1125214,0,168750
100,1.46E+08,1.78E+06,1125214,1125214,0,173850
100,1.45E+08,1.78E+06,1125215,1125215,0,168750
100,1.46E+08,1.81E+06,1125215,1125215,0,170800
100,1.44E+08,1.80E+06,1125216,1125216,0,167400
100,1.45E+08,1.78E+06,1125216,1125218,0,168650
100,1.47E+08,1.78E+06,1125216,1125216,0,177150
100,1.47E+08,1.79E+06,1125218,1125218,0,177300
100,1.39E+08,1.79E+06,1125219,1125219,0,151950
100,1.46E+08,1.79E+06,1125219,1125219,0,170800
100,1.41E+08,1.78E+06,1125220,1125219,0,156300
100,1.47E+08,1.78E+06,1125223,1125223,0,178800
100,1.47E+08,1.78E+06,1125225,1125226,0,177100
100,1.39E+08,1.78E+06,1125226,1125228,0,149500
100,1.47E+08,1.85E+06,1125227,1125227,0,178900
100,1.47E+08,1.78E+06,1125228,1125228,0,177750
100,1.45E+08,1.82E+06,1125229,1125229,0,167500
100,1.39E+08,1.78E+06,1125230,1125230,0,149600
100,1.46E+08,1.78E+06,1125230,1125230,0,170800
100,1.47E+08,1.81E+06,1125230,1125230,0,177300
100,1.40E+08,1.80E+06,1125233,1125233,0,154050
100,1.46E+08,1.80E+06,1125233,1125233,0,175250
100,1.45E+08,1.79E+06,1125234,1125238,0,168900
100,1.47E+08,1.80E+06,1125234,1125234,0,178400
100,1.39E+08,1.79E+06,1125236,1125236,0,151350
100,1.45E+08,1.79E+06,1125237,1125237,0,169400
100,1.47E+08,1.79E+06,1125238,1125238,0,177750
100,1.39E+08,1.78E+06,1125239,1125237,0,151350
100,1.46E+08,1.78E+06,1125241,1125241,0,173850
100,1.46E+08,1.80E+06,1125243,1125243,0,173850
100,1.46E+08,1.78E+06,1125245,1125245,0,175250
100,1.43E+08,1.78E+06,1125246,1125245,0,163600
100,1.39E+08,1.79E+06,1125248,1125251,0,149500
100,1.45E+08,1.78E+06,1125248,1125248,0,168650
100,1.46E+08,1.78E+06,1125248,1125248,0,170800
100,1.46E+08,1.78E+06,1125250,1125250,0,170850
100,1.46E+08,1.78E+06,1125250,1125249,0,175250
100,1.45E+08,1.81E+06,1125251,1125251,0,168750
100,1.47E+08,1.81E+06,1125255,1125254,0,176350
100,1.38E+08,1.78E+06,1125257,1125257,0,148300
100,1.43E+08,1.80E+06,1125259,1125259,0,163600
100,1.47E+08,1.79E+06,1125259,1125262,0,176000
100,1.47E+08,1.80E+06,1125260,1125260,0,177300
100,1.47E+08,1.78E+06,1125265,1125265,0,176350
100,1.47E+08,1.78E+06,1125267,1125267,0,178800
100,1.47E+08,1.80E+06,1125268,1125268,0,176000
100,1.46E+08,1.78E+06,1125270,1125270,0,170800
100,1.47E+08,1.78E+06,1125270,1125270,0,177750
100,1.47E+08,1.78E+06,1125271,1125270,0,178400
100,1.36E+08,1.81E+06,1125272,1125272,0,141000
100,1.45E+08,1.79E+06,1125272,1125272,0,169400
100,1.47E+08,1.80E+06,1125272,1125271,0,176350
100,1.47E+08,1.78E+06,1125272,1125272,0,178800
100,1.47E+08,1.80E+06,1125273,1125275,0,178400
100,1.47E+08,1.80E+06,1125273,1125273,0,178400
100,1.47E+08,1.78E+06,1125275,1125275,0,176350
100,1.45E+08,1.81E+06,1125276,1125276,0,169800
100,1.42E+08,1.79E+06,1125277,1125278,0,159600
100,1.47E+08,1.80E+06,1125277,1125279,0,177150
100,1.44E+08,1.78E+06,1125279,1125282,0,167400
100,1.47E+08,1.83E+06,1125279,1125279,0,176350
100,1.45E+08,1.79E+06,1125280,1125280,0,168900
100,1.47E+08,1.78E+06,1125281,1125281,0,177300
100,1.41E+08,1.78E+06,1125283,1125283,0,156300
100,1.47E+08,1.80E+06,1125283,1125283,0,177100
100,1.47E+08,1.78E+06,1125283,1125283,0,177100
100,1.40E+08,1.78E+06,1125285,1125284,0,153050
100,1.41E+08,1.79E+06,1125285,1125285,0,157900
100,1.43E+08,1.81E+06,1125285,1125285,0,163550
100,1.45E+08,1.79E+06,1125286,1125286,0,169800
100,1.47E+08,1.81E+06,1125288,1125288,0,177300
100,1.43E+08,1.79E+06,1125289,1125288,0,162150
100,1.44E+08,1.78E+06,1125289,1125289,0,165650
100,1.45E+08,1.78E+06,1125289,1125289,0,169800
100,1.40E+08,1.78E+06,1125290,1125290,0,154650
100,1.47E+08,1.78E+06,1125290,1125290,0,176350
100,1.47E+08,1.78E+06,1125290,1125290,0,177100
100,1.45E+08,1.78E+06,1125291,1125291,0,168750
100,1.45E+08,1.78E+06,1125292,1125292,0,170800
100,1.39E+08,1.78E+06,1125294,1125294,0,149800
100,1.47E+08,1.78E+06,1125294,1125294,0,177300
100,1.40E+08,1.78E+06,1125295,1125295,0,152950
100,1.43E+08,1.78E+06,1125297,1125297,0,163550
100,1.47E+08,1.78E+06,1125298,1125298,0,177750
100,1.47E+08,1.80E+06,1125298,1125298,0,178800
100,1.46E+08,1.78E+06,1125300,1125300,0,173850
100,1.47E+08,1.86E+06,1125300,1125300,0,178050
100,1.38E+08,1.78E+06,1125301,1125298,0,148300
100,1.46E+08,1.83E+06,1125302,1125302,0,170800
100,1.44E+08,1.78E+06,1125304,1125304,0,165650
100,1.36E+08,1.78E+06,1125305,1125304,0,142750
100,1.45E+08,1.78E+06,1125305,1125306,0,169400
100,1.40E+08,1.78E+06,1125307,1125307,0,154050
100,1.45E+08,1.78E+06,1125309,1125309,0,168900
100,1.45E+08,1.78E+06,1125309,1125309,0,169400
100,1.47E+08,1.78E+06,1125311,1125311,0,176000
100,1.44E+08,1.78E+06,1125312,1125312,0,165350
100,1.46E+08,1.80E+06,1125312,1125312,0,175250
100,1.47E+08,1.80E+06,1125312,1125312,0,177300
100,1.36E+08,1.78E+06,1125313,1125312,0,139550
100,1.40E+08,1.78E+06,1125315,1125315,0,153050
100,1.46E+08,1.85E+06,1125315,1125315,0,170800
100,1.36E+08,1.78E+06,1125316,1125316,0,139300
100,1.43E+08,1.78E+06,1125319,1125319,0,163250
100,1.46E+08,1.79E+06,1125321,1125321,0,175250
100,1.46E+08,1.78E+06,1125322,1125322,0,173200
100,1.41E+08,1.80E+06,1125323,1125323,0,156300
100,1.46E+08,1.78E+06,1125323,1125323,0,170800
100,1.47E+08,1.79E+06,1125324,1125324,0,177300
100,1.46E+08,1.78E+06,1125325,1125325,0,173700
100,1.44E+08,1.78E+06,1125330,1125330,0,165350
100,1.46E+08,1.82E+06,1125330,1125329,0,170850
100,1.47E+08,1.78E+06,1125335,1125335,0,178800
100,1.35E+08,1.97E+06,1125339,1125340,0,138950
100,1.47E+08,1.78E+06,1125340,1125339,0,177100
100,1.46E+08,1.78E+06,1125342,1125342,0,173850
100,1.47E+08,1.79E+06,1125343,1125343,0,177750
100,1.45E+08,1.78E+06,1125344,1125344,0,168750
100,1.47E+08,1.80E+06,1125347,1125347,0,176350
100,1.43E+08,1.78E+06,1125348,1125348,0,162150
100,1.46E+08,1.79E+06,1125349,1125348,0,173850
100,1.47E+08,1.78E+06,1125349,1125349,0,177750
100,1.36E+08,1.78E+06,1125350,1125347,0,139300
100,1.39E+08,1.78E+06,1125351,1125351,0,151950
100,1.41E+08,1.78E+06,1125353,1125353,0,156000
100,1.43E+08,1.78E+06,1125355,1125354,0,163250
100,1.47E+08,1.79E+06,1125355,1125355,0,178900
100,1.45E+08,1.79E+06,1125359,1125359,0,168750
100,1.47E+08,1.78E+06,1125368,1125367,0,177750
100,1.45E+08,1.78E+06,1125371,1125371,0,168900
100,1.39E+08,1.78E+06,1125375,1125375,0,151350
100,1.44E+08,1.78E+06,1125376,1125376,0,165650
100,1.46E+08,1.78E+06,1125376,1125376,0,170800
100,1.36E+08,1.78E+06,1125377,1125379,0,139650
100,1.46E+08,1.80E+06,1125377,1125377,0,173850
100,1.45E+08,1.85E+06,1125378,1125378,0,168900
100,1.45E+08,1.81E+06,1125378,1125378,0,169400
100,1.45E+08,1.87E+06,1125379,1125379,0,168650
100,1.47E+08,1.78E+06,1125379,1125382,0,176000
100,1.39E+08,1.78E+06,1125380,1125380,0,149800
100,1.45E+08,1.78E+06,1125380,1125380,0,168900
100,1.44E+08,1.78E+06,1125381,1125381,0,165350
100,1.47E+08,1.79E+06,1125385,1125387,0,176000
100,1.43E+08,1.79E+06,1125386,1125385,0,163250
100,1.44E+08,1.80E+06,1125388,1125388,0,165650
100,1.47E+08,1.82E+06,1125390,1125390,0,176350
100,1.47E+08,1.82E+06,1125390,1125390,0,178800
100,1.46E+08,1.80E+06,1125393,1125393,0,170800
100,1.40E+08,1.78E+06,1125396,1125400,0,154300
100,1.46E+08,1.79E+06,1125397,1125397,0,170800
100,1.47E+08,1.82E+06,1125397,1125397,0,178900
100,1.43E+08,1.78E+06,1125398,1125398,0,163250
100,1.46E+08,1.78E+06,1125398,1125397,0,173200
100,1.47E+08,1.78E+06,1125398,1125398,0,178900
100,1.45E+08,1.84E+06,1125403,1125403,0,167500
100,1.47E+08,1.78E+06,1125405,1125405,0,177100
100,1.36E+08,1.78E+06,1125408,1125408,0,139550
100,1.47E+08,1.82E+06,1125410,1125410,0,176350
100,1.47E+08,1.78E+06,1125411,1125411,0,178800
100,1.45E+08,1.83E+06,1125412,1125412,0,168750
100,1.47E+08,1.79E+06,1125412,1125412,0,177100
100,1.45E+08,1.78E+06,1125413,1125414,0,168900
100,1.46E+08,1.81E+06,1125414,1125414,0,171150
100,1.45E+08,1.80E+06,1125415,1125415,0,170700
100,1.47E+08,1.78E+06,1125415,1125415,0,176350
100,1.41E+08,1.81E+06,1125416,1125417,0,157850
100,1.41E+08,1.79E+06,1125417,1125418,0,157850
100,1.40E+08,1.78E+06,1125418,1125418,0,153050
100,1.45E+08,1.78E+06,1125425,1125425,0,167500
100,1.40E+08,1.78E+06,1125427,1125427,0,153750
100,1.36E+08,1.78E+06,1125428,1125429,0,139550
100,1.44E+08,1.78E+06,1125431,1125430,0,165350
100,1.47E+08,1.78E+06,1125431,1125431,0,178050
100,1.47E+08,1.78E+06,1125432,1125432,0,178400
100,1.41E+08,1.78E+06,1125440,1125440,0,156700
100,1.43E+08,1.79E+06,1125440,1125441,0,163550
100,1.47E+08,1.80E+06,1125441,1125441,0,178800
100,1.40E+08,1.78E+06,1125443,1125444,0,154300
100,1.40E+08,1.78E+06,1125446,1125445,0,154500
100,1.45E+08,1.78E+06,1125451,1125451,0,168900
100,1.45E+08,1.78E+06,1125454,1125454,0,168750
100,1.47E+08,1.78E+06,1125456,1125456,0,177300
100,1.47E+08,1.80E+06,1125457,1125460,0,178800
100,1.43E+08,1.81E+06,1125458,1125458,0,160050
100,1.44E+08,1.80E+06,1125462,1125462,0,167400
100,1.42E+08,1.78E+06,1125463,1125463,0,159600
100,1.45E+08,1.79E+06,1125463,1125463,0,168750
100,1.42E+08,1.80E+06,1125464,1125464,0,159600
100,1.43E+08,1.78E+06,1125464,1125464,0,163250
100,1.46E+08,1.78E+06,1125465,1125465,0,175250
100,1.43E+08,1.80E+06,1125466,1125466,0,163550
100,1.45E+08,1.78E+06,1125466,1125466,0,167500
100,1.46E+08,1.78E+06,1125473,1125473,0,173850
100,1.43E+08,1.79E+06,1125474,1125474,0,163250
100,1.47E+08,1.78E+06,1125474,1125474,0,178050
100,1.40E+08,1.78E+06,1125475,1125475,0,154050
100,1.44E+08,1.81E+06,1125475,1125475,0,165650
100,1.46E+08,1.82E+06,1125476,1125476,0,173200
100,1.36E+08,1.78E+06,1125478,1125484,0,139300
100,1.40E+08,1.78E+06,1125480,1125480,0,152950
100,1.36E+08,1.78E+06,1125482,1125484,0,139300
100,1.39E+08,1.79E+06,1125483,1125483,0,151350
100,1.47E+08,1.83E+06,1125483,1125483,0,178800
100,1.40E+08,1.78E+06,1125487,1125487,0,153500
100,1.44E+08,1.78E+06,1125487,1125488,0,164100
100,1.44E+08,1.79E+06,1125499,1125501,0,167200
100,1.47E+08,1.81E+06,1125501,1125501,0,177300
100,1.45E+08,1.82E+06,1125503,1125503,0,168650
100,1.47E+08,1.78E+06,1125504,1125504,0,177300
100,1.47E+08,1.79E+06,1125506,1125506,0,176850
100,1.47E+08,1.78E+06,1125509,1125509,0,177100
100,1.39E+08,1.78E+06,1125510,1125510,0,149800
100,1.47E+08,1.78E+06,1125511,1125511,0,178800
100,1.36E+08,1.81E+06,1125512,1125512,0,139300
100,1.47E+08,1.78E+06,1125512,1125512,0,176850
100,1.47E+08,1.78E+06,1125512,1125512,0,177300
100,1.41E+08,1.78E+06,1125517,1125517,0,156700
100,1.41E+08,1.81E+06,1125520,1125520,0,157900
100,1.44E+08,1.81E+06,1125520,1125521,0,164950
100,1.44E+08,1.78E+06,1125520,1125520,0,165650
100,1.47E+08,1.78E+06,1125523,1125523,0,176350
100,1.47E+08,1.80E+06,1125524,1125524,0,177300
100,1.45E+08,1.79E+06,1125525,1125525,0,168750
100,1.47E+08,1.83E+06,1125525,1125525,0,177100
100,1.45E+08,1.79E+06,1125526,1125526,0,168900
100,1.47E+08,1.80E+06,1125529,1125529,0,177300
100,1.43E+08,1.78E+06,1125532,1125532,0,160250
100,1.47E+08,1.78E+06,1125533,1125533,0,177300
100,1.43E+08,1.79E+06,1125534,1125534,0,163550
100,1.47E+08,1.78E+06,1125534,1125534,0,176850
100,1.36E+08,1.79E+06,1125536,1125536,0,139300
100,1.46E+08,1.78E+06,1125536,1125536,0,175250
100,1.47E+08,1.78E+06,1125536,1125536,0,176350
100,1.46E+08,1.78E+06,1125537,1125537,0,173200
100,1.47E+08,1.78E+06,1125543,1125543,0,177300
100,1.36E+08,1.78E+06,1125544,1125544,0,141300
100,1.47E+08,1.78E+06,1125546,1125546,0,176350
100,1.45E+08,1.78E+06,1125551,1125551,0,167500
100,1.45E+08,1.80E+06,1125552,1125552,0,168750
100,1.36E+08,1.78E+06,1125554,1125554,0,142750
100,1.43E+08,1.78E+06,1125554,1125555,0,162950
100,1.43E+08,1.79E+06,1125555,1125555,0,160800
100,1.44E+08,1.80E+06,1125556,1125555,0,165350
100,1.45E+08,1.80E+06,1125559,1125559,0,168900
100,1.47E+08,1.79E+06,1125564,1125566,0,176350
100,1.43E+08,1.78E+06,1125570,1125570,0,162150
100,1.46E+08,1.78E+06,1125570,1125570,0,175250
100,1.41E+08,1.82E+06,1125572,1125572,0,156700
100,1.46E+08,1.80E+06,1125574,1125574,0,173850
100,1.39E+08,1.78E+06,1125575,1125575,0,151350
100,1.45E+08,1.78E+06,1125575,1125575,0,168650
100,1.36E+08,1.78E+06,1125576,1125576,0,139650
100,1.44E+08,1.81E+06,1125582,1125582,0,165650
100,1.36E+08,1.78E+06,1125584,1125584,0,139300
100,1.47E+08,1.85E+06,1125589,1125589,0,177400
100,1.43E+08,1.78E+06,1125591,1125590,0,160050
100,1.43E+08,1.79E+06,1125594,1125594,0,160050
100,1.47E+08,1.79E+06,1125594,1125594,0,178900
100,1.41E+08,1.78E+06,1125596,1125596,0,157900
100,1.46E+08,1.78E+06,1125597,1125598,0,170800
100,1.47E+08,1.78E+06,1125597,1125597,0,178400
100,1.46E+08,1.78E+06,1125598,1125598,0,170800
100,1.47E+08,1.86E+06,1125599,1125599,0,176000
100,1.47E+08,1.78E+06,1125599,1125599,0,178050
100,1.41E+08,1.78E+06,1125601,1125601,0,156300
100,1.44E+08,1.78E+06,1125601,1125601,0,167400
100,1.47E+08,1.78E+06,1125606,1125606,0,176000
100,1.38E+08,1.78E+06,1125607,1125607,0,147900
100,1.45E+08,1.79E+06,1125607,1125607,0,168650
100,1.36E+08,1.78E+06,1125608,1125608,0,139550
100,1.41E+08,1.79E+06,1125609,1125609,0,157900
100,1.45E+08,1.83E+06,1125609,1125609,0,168900
100,1.45E+08,1.78E+06,1125611,1125611,0,168900
100,1.46E+08,1.79E+06,1125614,1125614,0,171150
100,1.36E+08,1.78E+06,1125616,1125616,0,139550
100,1.39E+08,1.78E+06,1125618,1125618,0,151950
100,1.39E+08,1.80E+06,1125621,1125621,0,150400
100,1.47E+08,1.78E+06,1125622,1125622,0,176350
100,1.39E+08,1.78E+06,1125624,1125626,0,150400
100,1.38E+08,1.78E+06,1125627,1125625,0,148700
100,1.40E+08,1.80E+06,1125627,1125627,0,152950
100,1.41E+08,1.78E+06,1125630,1125631,0,157850
100,1.40E+08,1.78E+06,1125634,1125634,0,153750
100,1.43E+08,1.87E+06,1125636,1125636,0,163550
100,1.36E+08,1.78E+06,1125637,1125640,0,139300
100,1.44E+08,1.78E+06,1125640,1125637,0,165350
100,1.45E+08,1.83E+06,1125640,1125640,0,169800
100,1.47E+08,1.81E+06,1125641,1125641,0,178050
100,1.43E+08,1.78E+06,1125643,1125643,0,160800
100,1.47E+08,1.78E+06,1125645,1125645,0,176200
100,1.47E+08,1.78E+06,1125646,1125646,0,178800
100,1.47E+08,1.82E+06,1125647,1125646,0,178800
100,1.44E+08,1.78E+06,1125648,1125648,0,165500
100,1.45E+08,1.92E+06,1125648,1125648,0,168650
100,1.46E+08,1.79E+06,1125650,1125650,0,170800
100,1.47E+08,1.78E+06,1125651,1125650,0,178900
100,1.45E+08,1.78E+06,1125652,1125652,0,168750
100,1.36E+08,1.78E+06,1125655,1125656,0,139300
100,1.46E+08,1.78E+06,1125658,1125658,0,173200
100,1.44E+08,1.79E+06,1125659,1125659,0,165650
100,1.43E+08,1.78E+06,1125660,1125660,0,163550
100,1.46E+08,1.79E+06,1125662,1125662,0,170800
100,1.43E+08,1.80E+06,1125665,1125665,0,163550
100,1.40E+08,1.83E+06,1125666,1125666,0,154300
100,1.47E+08,1.80E+06,1125667,1125667,0,177300
100,1.47E+08,1.78E+06,1125668,1125668,0,177100
100,1.47E+08,1.81E+06,1125669,1125669,0,177400
100,1.47E+08,1.78E+06,1125676,1125676,0,178800
100,1.43E+08,1.80E+06,1125677,1125677,0,163550
100,1.46E+08,1.78E+06,1125677,1125677,0,170800
100,1.45E+08,1.83E+06,1125678,1125678,0,169400
100,1.36E+08,1.81E+06,1125679,1125679,0,139150
100,1.47E+08,1.78E+06,1125683,1125683,0,178400
100,1.41E+08,1.78E+06,1125684,1125684,0,156600
100,1.41E+08,1.82E+06,1125686,1125686,0,157900
100,1.43E+08,1.78E+06,1125686,1125686,0,163250
100,1.47E+08,1.78E+06,1125686,1125686,0,178400
100,1.45E+08,1.79E+06,1125688,1125688,0,167650
100,1.47E+08,1.78E+06,1125690,1125690,0,177300
100,1.35E+08,2.02E+06,1125692,1125692,0,138750
100,1.40E+08,1.79E+06,1125695,1125695,0,152950
100,1.39E+08,1.78E+06,1125696,1125696,0,149800
100,1.47E+08,1.78E+06,1125697,1125697,0,177100
100,1.40E+08,1.78E+06,1125699,1125699,0,154050
100,1.46E+08,1.79E+06,1125700,1125701,0,173850
100,1.36E+08,1.78E+06,1125701,1125700,0,139300
100,1.39E+08,1.78E+06,1125705,1125705,0,149950
100,1.45E+08,1.78E+06,1125706,1125706,0,168900
100,1.47E+08,1.81E+06,1125706,1125708,0,177750
100,1.41E+08,1.83E+06,1125707,1125707,0,157900
100,1.47E+08,1.78E+06,1125710,1125710,0,177300
100,1.46E+08,1.78E+06,1125712,1125712,0,173850
100,1.46E+08,1.78E+06,1125715,1125715,0,170800
100,1.43E+08,1.78E+06,1125716,1125716,0,162150
100,1.37E+08,1.80E+06,1125717,1125717,0,144050
100,1.47E+08,1.78E+06,1125718,1125718,0,177400
100,1.35E+08,1.88E+06,1125719,1125719,0,138750
100,1.47E+08,1.78E+06,1125719,1125719,0,177100
100,1.47E+08,1.78E+06,1125719,1125719,0,178900
100,1.45E+08,1.81E+06,1125721,1125722,0,168650
100,1.39E+08,1.78E+06,1125723,1125722,0,149750
100,1.43E+08,1.78E+06,1125727,1125727,0,162150
100,1.45E+08,1.78E+06,1125727,1125727,0,168750
100,1.45E+08,1.81E+06,1125728,1125728,0,169400
100,1.47E+08,1.79E+06,1125730,1125730,0,177750
100,1.45E+08,1.89E+06,1125732,1125732,0,169800
100,1.47E+08,1.78E+06,1125733,1125733,0,176850
100,1.46E+08,1.81E+06,1125734,1125735,0,170800
100,1.47E+08,1.78E+06,1125734,1125735,0,177150
100,1.45E+08,1.78E+06,1125737,1125737,0,168750
100,1.40E+08,1.79E+06,1125738,1125738,0,153750
100,1.47E+08,1.79E+06,1125740,1125740,0,177300
100,1.45E+08,1.80E+06,1125742,1125742,0,168750
100,1.35E+08,2.17E+06,1125743,1125742,0,138750
100,1.43E+08,1.82E+06,1125743,1125743,0,163250
100,1.40E+08,1.80E+06,1125744,1125744,0,152950
100,1.46E+08,1.79E+06,1125751,1125751,0,170800
100,1.42E+08,1.78E+06,1125754,1125754,0,158900
100,1.44E+08,1.78E+06,1125755,1125755,0,165350
100,1.47E+08,1.81E+06,1125755,1125756,0,177400
100,1.43E+08,1.78E+06,1125758,1125758,0,163250
100,1.45E+08,1.78E+06,1125758,1125758,0,169400
100,1.46E+08,1.80E+06,1125758,1125758,0,173850
100,1.44E+08,1.84E+06,1125759,1125756,0,165350
100,1.41E+08,1.78E+06,1125760,1125760,0,157350
100,1.37E+08,1.78E+06,1125762,1125762,0,144000
100,1.39E+08,1.78E+06,1125762,1125762,0,151950
100,1.36E+08,1.79E+06,1125764,1125761,0,139550
100,1.36E+08,1.78E+06,1125765,1125765,0,139300
100,1.44E+08,1.78E+06,1125766,1125766,0,165650
100,1.41E+08,1.80E+06,1125767,1125767,0,157900
100,1.47E+08,1.78E+06,1125769,1125769,0,177300
100,1.47E+08,1.79E+06,1125769,1125769,0,178800
100,1.46E+08,1.78E+06,1125775,1125777,0,170800
100,1.45E+08,1.78E+06,1125781,1125781,0,168900
100,1.47E+08,1.78E+06,1125781,1125780,0,176350
100,1.36E+08,1.78E+06,1125782,1125782,0,142800
100,1.40E+08,1.81E+06,1125782,1125782,0,154300
100,1.47E+08,1.78E+06,1125784,1125784,0,177300
100,1.43E+08,1.78E+06,1125785,1125785,0,163200
100,1.36E+08,1.78E+06,1125786,1125786,0,139650
100,1.39E+08,1.78E+06,1125786,1125785,0,149750
100,1.44E+08,1.78E+06,1125790,1125790,0,165650
100,1.47E+08,1.78E+06,1125795,1125795,0,178800
100,1.36E+08,1.78E+06,1125799,1125799,0,139650
100,1.41E+08,1.79E+06,1125801,1125801,0,156600
100,1.47E+08,1.78E+06,1125801,1125801,0,176350
100,1.47E+08,1.78E+06,1125803,1125803,0,178400
100,1.46E+08,1.78E+06,1125806,1125805,0,173850
100,1.45E+08,1.81E+06,1125811,1125811,0,168650
100,1.46E+08,1.78E+06,1125811,1125811,0,170800
100,1.47E+08,1.78E+06,1125820,1125820,0,178400
100,1.47E+08,1.79E+06,1125820,1125820,0,178400
100,1.45E+08,1.78E+06,1125821,1125823,0,169800
100,1.45E+08,1.84E+06,1125823,1125822,0,168750
100,1.45E+08,1.79E+06,1125832,1125832,0,170700
100,1.36E+08,1.78E+06,1125833,1125833,0,139300
100,1.36E+08,1.78E+06,1125836,1125836,0,139300
100,1.41E+08,1.79E+06,1125836,1125836,0,156600
100,1.47E+08,1.78E+06,1125836,1125836,0,178800
100,1.36E+08,1.78E+06,1125849,1125849,0,140450
100,1.44E+08,1.81E+06,1125849,1125849,0,165650
100,1.47E+08,1.78E+06,1125849,1125845,0,177300
100,1.45E+08,1.78E+06,1125859,1125859,0,168750
100,1.46E+08,1.79E+06,1125862,1125862,0,170800
100,1.46E+08,1.85E+06,1125863,1125863,0,170800
100,1.43E+08,1.78E+06,1125867,1125867,0,162150
100,1.47E+08,1.78E+06,1125868,1125869,0,178400
100,1.46E+08,1.78E+06,1125871,1125869,0,173000
100,1.41E+08,1.88E+06,1125876,1125876,0,156000
100,1.47E+08,1.78E+06,1125876,1125876,0,176350
100,1.44E+08,1.78E+06,1125878,1125878,0,165350
100,1.39E+08,1.78E+06,1125879,1125879,0,151350
100,1.45E+08,1.80E+06,1125879,1125880,0,168650
100,1.47E+08,1.80E+06,1125880,1125880,0,178050
100,1.35E+08,2.01E+06,1125883,1125883,0,138750
100,1.45E+08,1.78E+06,1125883,1125883,0,168650
100,1.47E+08,1.78E+06,1125886,1125886,0,178400
100,1.41E+08,1.81E+06,1125888,1125888,0,157850
100,1.47E+08,1.79E+06,1125889,1125890,0,176200
100,1.47E+08,1.81E+06,1125895,1125895,0,176350
100,1.45E+08,1.78E+06,1125901,1125901,0,168750
100,1.40E+08,1.81E+06,1125902,1125902,0,154300
100,1.46E+08,1.81E+06,1125904,1125904,0,170800
100,1.47E+08,1.79E+06,1125904,1125904,0,176350
100,1.36E+08,1.78E+06,1125910,1125911,0,139650
100,1.47E+08,1.78E+06,1125912,1125912,0,178800
100,1.47E+08,1.78E+06,1125918,1125918,0,177300
100,1.47E+08,1.78E+06,1125919,1125919,0,178800
100,1.39E+08,1.78E+06,1125920,1125920,0,150150
100,1.43E+08,1.78E+06,1125922,1125922,0,163550
100,1.39E+08,1.79E+06,1125928,1125931,0,150400
100,1.44E+08,1.78E+06,1125931,1125931,0,165500
100,1.47E+08,1.78E+06,1125932,1125932,0,178800
100,1.43E+08,1.80E+06,1125936,1125936,0,163550
100,1.46E+08,1.78E+06,1125938,1125938,0,173850
100,1.47E+08,1.82E+06,1125939,1125938,0,176850
100,1.36E+08,1.79E+06,1125940,1125941,0,141000
100,1.43E+08,1.78E+06,1125941,1125942,0,163550
100,1.43E+08,1.79E+06,1125942,1125943,0,163250
100,1.36E+08,1.78E+06,1125944,1125944,0,139550
100,1.47E+08,1.85E+06,1125948,1125948,0,178400
100,1.36E+08,1.84E+06,1125960,1125960,0,139300
100,1.47E+08,1.83E+06,1125964,1125963,0,176200
100,1.36E+08,1.79E+06,1125970,1125971,0,139650
100,1.38E+08,1.78E+06,1125972,1125972,0,147850
100,1.40E+08,1.78E+06,1125974,1125974,0,154650
100,1.39E+08,1.81E+06,1125975,1125975,0,151950
100,1.47E+08,1.80E+06,1125975,1125975,0,176200
100,1.47E+08,1.80E+06,1125977,1125977,0,176000
100,1.46E+08,1.82E+06,1125984,1125984,0,173200
100,1.45E+08,1.78E+06,1125985,1125983,0,169800
100,1.39E+08,1.78E+06,1125990,1125990,0,149600
100,1.36E+08,1.78E+06,1125991,1125990,0,139300
100,1.44E+08,1.80E+06,1125999,1125999,0,167400
100,1.36E+08,1.78E+06,1126000,1126000,0,139750
100,1.39E+08,1.78E+06,1126004,1126004,0,149500
100,1.46E+08,1.78E+06,1126009,1126009,0,175250
100,1.43E+08,1.78E+06,1126023,1126023,0,163250
100,1.47E+08,1.80E+06,1126029,1126029,0,178800
100,1.45E+08,1.78E+06,1126043,1126043,0,168700
100,1.40E+08,1.78E+06,1126044,1126044,0,152950
100,1.45E+08,1.87E+06,1126047,1126047,0,169800
100,1.43E+08,1.81E+06,1126048,1126048,0,162150
100,1.40E+08,1.78E+06,1126049,1126049,0,153750
100,1.36E+08,1.79E+06,1126050,1126050,0,139300
100,1.40E+08,1.78E+06,1126054,1126054,0,153050
100,1.47E+08,1.80E+06,1126054,1126053,0,178800
100,1.42E+08,1.79E+06,1126064,1126064,0,159600
100,1.45E+08,1.78E+06,1126064,1126064,0,168750
100,1.47E+08,1.78E+06,1126064,1126064,0,176350
100,1.46E+08,1.78E+06,1126065,1126067,0,170800
100,1.47E+08,1.78E+06,1126065,1126066,0,176850
100,1.46E+08,1.82E+06,1126068,1126068,0,175250
100,1.45E+08,1.78E+06,1126069,1126069,0,168900
100,1.40E+08,1.84E+06,1126070,1126070,0,154050
100,1.44E+08,1.81E+06,1126073,1126073,0,165650
100,1.43E+08,1.78E+06,1126076,1126075,0,163250
100,1.47E+08,1.82E+06,1126077,1126077,0,177300
100,1.45E+08,1.80E+06,1126078,1126078,0,168750
100,1.39E+08,1.78E+06,1126080,1126079,0,150400
100,1.40E+08,1.78E+06,1126080,1126081,0,152950
100,1.40E+08,1.78E+06,1126081,1126081,0,152950
100,1.47E+08,1.79E+06,1126081,1126081,0,177400
100,1.47E+08,1.78E+06,1126083,1126082,0,176000
100,1.46E+08,1.78E+06,1126087,1126087,0,175250
100,1.47E+08,1.78E+06,1126092,1126094,0,178800
100,1.39E+08,1.78E+06,1126093,1126092,0,151850
100,1.47E+08,1.80E+06,1126093,1126092,0,177300
100,1.45E+08,1.78E+06,1126095,1126095,0,168750
100,1.47E+08,1.80E+06,1126099,1126099,0,176000
100,1.47E+08,1.78E+06,1126102,1126102,0,178800
100,1.40E+08,1.78E+06,1126103,1126103,0,152950
100,1.46E+08,1.81E+06,1126109,1126109,0,175250
100,1.36E+08,1.79E+06,1126112,1126112,0,139550
100,1.39E+08,1.78E+06,1126113,1126113,0,151350
100,1.45E+08,1.78E+06,1126116,1126116,0,169400
100,1.35E+08,1.89E+06,1126126,1126127,0,138950
100,1.47E+08,1.79E+06,1126133,1126135,0,176850
100,1.47E+08,1.80E+06,1126134,1126134,0,176000
100,1.41E+08,1.78E+06,1126136,1126136,0,156000
100,1.37E+08,1.78E+06,1126137,1126137,0,143900
100,1.45E+08,1.80E+06,1126139,1126139,0,168700
100,1.40E+08,1.78E+06,1126140,1126140,0,154300
100,1.46E+08,1.79E+06,1126140,1126143,0,175250
100,1.46E+08,1.83E+06,1126142,1126142,0,170800
100,1.36E+08,1.78E+06,1126144,1126143,0,139300
100,1.45E+08,1.78E+06,1126153,1126153,0,168750
100,1.36E+08,1.78E+06,1126155,1126156,0,139300
100,1.47E+08,1.79E+06,1126155,1126155,0,178050
100,1.45E+08,1.80E+06,1126162,1126162,0,168650
100,1.36E+08,1.78E+06,1126166,1126166,0,139550
100,1.45E+08,1.78E+06,1126174,1126174,0,169800
100,1.45E+08,1.79E+06,1126176,1126176,0,168650
100,1.47E+08,1.81E+06,1126176,1126176,0,177100
100,1.47E+08,1.79E+06,1126176,1126176,0,178800
100,1.41E+08,1.78E+06,1126177,1126177,0,157900
100,1.46E+08,1.78E+06,1126177,1126177,0,170850
100,1.36E+08,1.78E+06,1126181,1126177,0,139650
100,1.39E+08,1.78E+06,1126182,1126182,0,150400
100,1.47E+08,1.80E+06,1126185,1126188,0,177100
100,1.47E+08,1.78E+06,1126186,1126184,0,177100
100,1.42E+08,1.78E+06,1126187,1126189,0,159600
100,1.47E+08,1.81E+06,1126188,1126187,0,177300
100,1.36E+08,1.78E+06,1126191,1126191,0,139300
100,1.47E+08,1.82E+06,1126193,1126193,0,177100
100,1.39E+08,1.78E+06,1126200,1126200,0,150400
100,1.47E+08,1.80E+06,1126201,1126201,0,176000
100,1.42E+08,1.79E+06,1126203,1126204,0,158900
100,1.46E+08,1.78E+06,1126203,1126203,0,175250
100,1.46E+08,1.78E+06,1126204,1126201,0,173200
100,1.46E+08,1.79E+06,1126212,1126212,0,173850
100,1.45E+08,1.81E+06,1126214,1126214,0,168750
100,1.44E+08,1.80E+06,1126221,1126222,0,164100
100,1.47E+08,1.78E+06,1126221,1126220,0,178050
100,1.43E+08,1.79E+06,1126222,1126220,0,160150
100,1.44E+08,1.78E+06,1126223,1126223,0,165350
100,1.47E+08,1.83E+06,1126223,1126223,0,178800
100,1.47E+08,1.78E+06,1126234,1126234,0,177300
100,1.43E+08,1.83E+06,1126243,1126241,0,163550
100,1.47E+08,1.81E+06,1126243,1126243,0,176000
100,1.47E+08,1.78E+06,1126256,1126252,0,177750
100,1.45E+08,1.78E+06,1126257,1126257,0,168750
100,1.36E+08,1.78E+06,1126258,1126255,0,139300
100,1.46E+08,1.78E+06,1126260,1126260,0,170800
100,1.45E+08,1.80E+06,1126264,1126265,0,169400
100,1.40E+08,1.78E+06,1126270,1126270,0,152950
100,1.47E+08,1.78E+06,1126272,1126272,0,176200
100,1.47E+08,1.78E+06,1126283,1126284,0,178400
100,1.45E+08,1.78E+06,1126286,1126284,0,168750
100,1.40E+08,1.78E+06,1126296,1126296,0,154300
100,1.36E+08,1.78E+06,1126298,1126297,0,142750
100,1.38E+08,1.78E+06,1126298,1126298,0,148300
100,1.47E+08,1.82E+06,1126300,1126300,0,177400
100,1.45E+08,1.78E+06,1126304,1126303,0,169400
100,1.44E+08,1.78E+06,1126305,1126305,0,165650
100,1.39E+08,1.81E+06,1126309,1126309,0,151950
100,1.39E+08,1.78E+06,1126310,1126310,0,149500
100,1.45E+08,1.82E+06,1126311,1126311,0,169400
100,1.42E+08,1.80E+06,1126321,1126321,0,159100
100,1.36E+08,1.78E+06,1126325,1126325,0,139300
100,1.47E+08,1.78E+06,1126325,1126325,0,177400
100,1.47E+08,1.78E+06,1126332,1126332,0,177300
100,1.39E+08,1.78E+06,1126335,1126335,0,151950
100,1.46E+08,1.79E+06,1126335,1126335,0,170800
100,1.45E+08,1.78E+06,1126340,1126340,0,169400
100,1.45E+08,1.81E+06,1126358,1126358,0,168900
100,1.39E+08,1.79E+06,1126359,1126358,0,149800
100,1.41E+08,1.80E+06,1126360,1126360,0,157900
100,1.45E+08,1.78E+06,1126367,1126367,0,168750
100,1.38E+08,1.80E+06,1126368,1126368,0,147900
100,1.47E+08,1.80E+06,1126369,1126369,0,178400
100,1.40E+08,1.79E+06,1126377,1126375,0,154050
100,1.46E+08,1.78E+06,1126379,1126378,0,173850
100,1.36E+08,1.80E+06,1126391,1126390,0,141000
100,1.47E+08,1.78E+06,1126393,1126389,0,178400
100,1.38E+08,1.78E+06,1126396,1126396,0,148300
100,1.47E+08,1.78E+06,1126401,1126401,0,176000
100,1.36E+08,1.78E+06,1126404,1126404,0,139550
100,1.47E+08,1.78E+06,1126404,1126404,0,176850
100,1.39E+08,1.78E+06,1126405,1126406,0,151950
100,1.43E+08,1.81E+06,1126413,1126413,0,163550
100,1.39E+08,1.80E+06,1126415,1126415,0,150650
100,1.36E+08,1.78E+06,1126416,1126418,0,139550
100,1.40E+08,1.81E+06,1126421,1126421,0,154300
100,1.39E+08,1.79E+06,1126423,1126422,0,151950
100,1.44E+08,1.80E+06,1126425,1126426,0,167200
100,1.36E+08,1.97E+06,1126428,1126428,0,139150
100,1.39E+08,1.78E+06,1126429,1126429,0,151350
100,1.47E+08,1.78E+06,1126430,1126430,0,178800
100,1.39E+08,1.78E+06,1126431,1126431,0,149600
100,1.47E+08,1.78E+06,1126438,1126438,0,176350
100,1.47E+08,1.83E+06,1126440,1126440,0,177300
100,1.47E+08,1.80E+06,1126443,1126443,0,177300
100,1.46E+08,1.78E+06,1126448,1126448,0,173850
100,1.47E+08,1.78E+06,1126450,1126450,0,178400
100,1.40E+08,1.82E+06,1126452,1126452,0,154050
100,1.44E+08,1.79E+06,1126461,1126461,0,167400
100,1.36E+08,1.78E+06,1126462,1126463,0,141000
100,1.47E+08,1.78E+06,1126462,1126465,0,177100
100,1.45E+08,1.81E+06,1126469,1126469,0,168750
100,1.47E+08,1.78E+06,1126477,1126477,0,178800
100,1.47E+08,1.82E+06,1126483,1126483,0,177300
100,1.47E+08,1.79E+06,1126483,1126482,0,178050
100,1.44E+08,1.78E+06,1126485,1126485,0,165350
100,1.41E+08,1.85E+06,1126486,1126486,0,156000
100,1.47E+08,1.81E+06,1126486,1126486,0,177750
100,1.36E+08,1.90E+06,1126489,1126489,0,139150
100,1.45E+08,1.78E+06,1126489,1126488,0,168650
100,1.47E+08,1.80E+06,1126498,1126498,0,176000
100,1.47E+08,1.81E+06,1126506,1126510,0,176850
100,1.44E+08,1.81E+06,1126507,1126506,0,165350
100,1.47E+08,1.81E+06,1126507,1126507,0,178800
100,1.35E+08,1.98E+06,1126511,1126511,0,138750
100,1.47E+08,1.78E+06,1126511,1126511,0,177750
100,1.47E+08,1.78E+06,1126512,1126512,0,177750
100,1.47E+08,1.78E+06,1126518,1126518,0,176850
100,1.47E+08,1.78E+06,1126519,1126519,0,176200
100,1.40E+08,1.78E+06,1126522,1126522,0,153750
100,1.47E+08,1.80E+06,1126530,1126530,0,176350
100,1.44E+08,1.78E+06,1126536,1126535,0,167400
100,1.46E+08,1.78E+06,1126552,1126552,0,170850
100,1.39E+08,1.78E+06,1126556,1126556,0,149500
100,1.45E+08,1.79E+06,1126565,1126559,0,169400
100,1.47E+08,1.78E+06,1126566,1126563,0,178400
100,1.39E+08,1.78E+06,1126574,1126574,0,149750
100,1.47E+08,1.79E+06,1126591,1126592,0,177150
100,1.36E+08,1.78E+06,1126592,1126590,0,139300
100,1.45E+08,1.78E+06,1126595,1126596,0,169400
100,1.46E+08,1.78E+06,1126598,1126596,0,173700
100,1.39E+08,1.78E+06,1126599,1126595,0,150900
100,1.39E+08,1.78E+06,1126608,1126608,0,149750
100,1.47E+08,1.85E+06,1126608,1126608,0,177750
100,1.47E+08,1.79E+06,1126613,1126605,0,177100
100,1.37E+08,1.78E+06,1126619,1126620,0,144000
100,1.46E+08,1.78E+06,1126622,1126621,0,173850
100,1.41E+08,1.80E+06,1126623,1126623,0,156300
100,1.39E+08,1.78E+06,1126625,1126626,0,150400
100,1.44E+08,1.78E+06,1126627,1126627,0,165350
100,1.47E+08,1.78E+06,1126629,1126629,0,178800
100,1.43E+08,1.78E+06,1126634,1126633,0,163550
100,1.47E+08,1.78E+06,1126647,1126647,0,178400
100,1.44E+08,1.78E+06,1126663,1126663,0,165350
100,1.47E+08,1.82E+06,1126664,1126664,0,178800
100,1.43E+08,1.78E+06,1126672,1126672,0,162950
100,1.47E+08,1.82E+06,1126680,1126678,0,178800
100,1.44E+08,1.78E+06,1126688,1126688,0,165350
100,1.45E+08,1.79E+06,1126701,1126701,0,168650
100,1.47E+08,1.78E+06,1126706,1126705,0,176000
100,1.43E+08,1.78E+06,1126707,1126707,0,162150
100,1.39E+08,1.79E+06,1126712,1126712,0,149600
100,1.47E+08,1.78E+06,1126719,1126719,0,176000
100,1.41E+08,1.88E+06,1126721,1126721,0,156600
100,1.46E+08,1.78E+06,1126721,1126721,0,173200
100,1.47E+08,1.80E+06,1126725,1126713,0,178800
100,1.36E+08,1.78E+06,1126742,1126742,0,140450
100,1.47E+08,1.78E+06,1126750,1126750,0,177300
100,1.47E+08,1.78E+06,1126751,1126752,0,178800
100,1.47E+08,1.86E+06,1126752,1126752,0,178050
100,1.45E+08,1.78E+06,1126758,1126758,0,169400
100,1.45E+08,1.78E+06,1126765,1126765,0,168750
100,1.41E+08,1.79E+06,1126766,1126768,0,157850
100,1.43E+08,1.78E+06,1126776,1126773,0,160050
100,1.39E+08,1.79E+06,1126777,1126780,0,150400
100,1.47E+08,1.78E+06,1126777,1126779,0,177100
100,1.46E+08,1.79E+06,1126779,1126779,0,173850
100,1.39E+08,1.78E+06,1126788,1126787,0,151950
100,1.45E+08,1.78E+06,1126795,1126796,0,169800
100,1.47E+08,1.83E+06,1126799,1126798,0,178800
100,1.44E+08,1.80E+06,1126811,1126811,0,165350
100,1.43E+08,1.79E+06,1126818,1126817,0,162150
100,1.41E+08,1.87E+06,1126819,1126819,0,157850
100,1.40E+08,1.81E+06,1126824,1126824,0,154050
100,1.47E+08,1.78E+06,1126833,1126834,0,178800
100,1.45E+08,1.82E+06,1126834,1126834,0,169400
100,1.45E+08,1.82E+06,1126839,1126839,0,168650
100,1.36E+08,1.78E+06,1126843,1126843,0,139550
100,1.47E+08,1.81E+06,1126844,1126844,0,178800
100,1.39E+08,1.78E+06,1126845,1126845,0,150400
100,1.44E+08,1.78E+06,1126845,1126845,0,167400
100,1.47E+08,1.80E+06,1126857,1126857,0,178400
100,1.46E+08,1.78E+06,1126860,1126860,0,173850
100,1.44E+08,1.78E+06,1126869,1126870,0,164950
100,1.47E+08,1.81E+06,1126869,1126869,0,176850
100,1.46E+08,1.78E+06,1126870,1126870,0,170800
100,1.41E+08,1.82E+06,1126879,1126878,0,156000
100,1.47E+08,1.78E+06,1126889,1126890,0,177400
100,1.41E+08,1.78E+06,1126893,1126890,0,156700
100,1.45E+08,1.78E+06,1126893,1126893,0,168650
100,1.47E+08,1.78E+06,1126893,1126892,0,178800
100,1.45E+08,1.78E+06,1126896,1126896,0,169400
100,1.45E+08,1.78E+06,1126898,1126897,0,169400
100,1.41E+08,1.80E+06,1126900,1126900,0,157350
100,1.44E+08,1.80E+06,1126907,1126907,0,167400
100,1.44E+08,1.81E+06,1126909,1126912,0,164950
100,1.47E+08,1.81E+06,1126916,1126916,0,176000
100,1.41E+08,1.78E+06,1126918,1126918,0,157350
100,1.44E+08,1.86E+06,1126923,1126923,0,164950
100,1.40E+08,1.79E+06,1126926,1126926,0,154050
100,1.44E+08,1.80E+06,1126936,1126936,0,167400
100,1.36E+08,1.78E+06,1126939,1126939,0,139550
100,1.36E+08,1.78E+06,1126942,1126937,0,139650
100,1.47E+08,1.78E+06,1126944,1126940,0,178800
100,1.40E+08,1.79E+06,1126950,1126950,0,154050
100,1.45E+08,1.79E+06,1126952,1126952,0,169800
100,1.47E+08,1.80E+06,1126961,1126961,0,178800
100,1.47E+08,1.78E+06,1126964,1126963,0,178400
100,1.47E+08,1.78E+06,1126968,1126968,0,176000
100,1.45E+08,1.82E+06,1126970,1126969,0,168750
100,1.45E+08,1.79E+06,1126971,1126970,0,168900
100,1.47E+08,1.79E+06,1126972,1126972,0,177400
100,1.47E+08,1.78E+06,1126979,1126979,0,178800
100,1.47E+08,1.83E+06,1126985,1126985,0,176350
100,1.40E+08,1.79E+06,1126986,1126985,0,153050
100,1.45E+08,1.78E+06,1126994,1126994,0,168900
100,1.38E+08,1.79E+06,1126996,1126996,0,147200
100,1.45E+08,1.78E+06,1127002,1127001,0,168750
100,1.36E+08,1.78E+06,1127013,1127013,0,139300
100,1.35E+08,2.16E+06,1127014,1127014,0,138750
100,1.47E+08,1.81E+06,1127019,1127019,0,176200
100,1.39E+08,1.81E+06,1127020,1127019,0,151350
100,1.47E+08,1.81E+06,1127021,1127021,0,178400
100,1.45E+08,1.78E+06,1127023,1127021,0,168650
100,1.36E+08,1.78E+06,1127027,1127027,0,139300
100,1.47E+08,1.80E+06,1127027,1127027,0,176200
100,1.36E+08,1.78E+06,1127032,1127032,0,142300
100,1.39E+08,1.78E+06,1127039,1127039,0,150400
100,1.39E+08,1.79E+06,1127047,1127050,0,149500
100,1.46E+08,1.79E+06,1127050,1127050,0,173850
100,1.47E+08,1.78E+06,1127050,1127050,0,178400
100,1.43E+08,1.78E+06,1127051,1127051,0,162950
100,1.47E+08,1.78E+06,1127065,1127065,0,176850
100,1.47E+08,1.78E+06,1127069,1127069,0,177400
100,1.47E+08,1.78E+06,1127070,1127070,0,178400
100,1.36E+08,1.78E+06,1127076,1127077,0,139550
100,1.41E+08,1.81E+06,1127078,1127078,0,156000
100,1.47E+08,1.83E+06,1127083,1127083,0,176850
100,1.46E+08,1.80E+06,1127085,1127085,0,173000
100,1.45E+08,1.78E+06,1127091,1127091,0,168750
100,1.47E+08,1.81E+06,1127091,1127091,0,176850
100,1.43E+08,1.79E+06,1127093,1127093,0,160050
100,1.45E+08,1.78E+06,1127114,1127114,0,169400
100,1.45E+08,1.78E+06,1127121,1127121,0,168650
100,1.36E+08,1.78E+06,1127123,1127121,0,139300
100,1.47E+08,1.79E+06,1127126,1127126,0,176850
100,1.47E+08,1.81E+06,1127134,1127135,0,178800
100,1.43E+08,1.78E+06,1127144,1127144,0,163550
100,1.46E+08,1.78E+06,1127145,1127146,0,170800
100,1.36E+08,1.78E+06,1127147,1127147,0,139300
100,1.47E+08,1.78E+06,1127153,1127153,0,177300
100,1.47E+08,1.79E+06,1127153,1127153,0,177400
100,1.47E+08,1.80E+06,1127154,1127154,0,177300
100,1.40E+08,1.79E+06,1127159,1127159,0,152950
100,1.47E+08,1.78E+06,1127159,1127159,0,176000
100,1.47E+08,1.82E+06,1127165,1127165,0,176000
100,1.47E+08,1.78E+06,1127168,1127169,0,178800
100,1.46E+08,1.78E+06,1127176,1127176,0,175250
100,1.36E+08,1.81E+06,1127177,1127177,0,139300
100,1.47E+08,1.80E+06,1127180,1127180,0,176350
100,1.46E+08,1.78E+06,1127182,1127182,0,170850
100,1.45E+08,1.82E+06,1127185,1127184,0,168900
100,1.45E+08,1.78E+06,1127185,1127186,0,169800
100,1.47E+08,1.80E+06,1127187,1127187,0,176350
100,1.47E+08,1.80E+06,1127187,1127187,0,178800
100,1.39E+08,1.80E+06,1127194,1127194,0,150400
100,1.46E+08,1.79E+06,1127194,1127194,0,170800
100,1.44E+08,1.78E+06,1127199,1127201,0,165650
100,1.47E+08,1.82E+06,1127199,1127198,0,176850
100,1.43E+08,1.80E+06,1127200,1127200,0,161400
100,1.47E+08,1.80E+06,1127200,1127200,0,177750
100,1.47E+08,1.81E+06,1127209,1127209,0,176850
100,1.47E+08,1.78E+06,1127221,1127221,0,176200
100,1.45E+08,1.78E+06,1127223,1127222,0,169800
100,1.40E+08,1.78E+06,1127225,1127225,0,153200
100,1.47E+08,1.81E+06,1127227,1127226,0,177300
100,1.47E+08,1.81E+06,1127228,1127228,0,178800
100,1.36E+08,1.79E+06,1127236,1127236,0,139650
100,1.47E+08,1.78E+06,1127236,1127236,0,178800
100,1.47E+08,1.85E+06,1127237,1127237,0,176200
100,1.39E+08,1.78E+06,1127238,1127238,0,150400
100,1.39E+08,1.81E+06,1127244,1127248,0,150400
100,1.41E+08,1.78E+06,1127244,1127243,0,156300
100,1.47E+08,1.81E+06,1127250,1127247,0,178400
100,1.40E+08,1.80E+06,1127252,1127252,0,153200
100,1.46E+08,1.78E+06,1127254,1127254,0,170800
100,1.45E+08,1.80E+06,1127258,1127256,0,168900
100,1.47E+08,1.79E+06,1127263,1127263,0,177100
100,1.47E+08,1.78E+06,1127267,1127267,0,177750
100,1.41E+08,1.79E+06,1127272,1127272,0,156000
100,1.47E+08,1.81E+06,1127272,1127272,0,178050
100,1.45E+08,1.83E+06,1127277,1127276,0,168750
100,1.46E+08,1.80E+06,1127277,1127276,0,170800
100,1.43E+08,1.79E+06,1127283,1127283,0,163200
100,1.45E+08,1.78E+06,1127289,1127289,0,168650
100,1.36E+08,1.78E+06,1127294,1127294,0,139300
100,1.47E+08,1.80E+06,1127300,1127299,0,176850
100,1.36E+08,1.78E+06,1127302,1127302,0,139550
100,1.47E+08,1.79E+06,1127305,1127305,0,177150
100,1.41E+08,1.84E+06,1127311,1127311,0,155700
100,1.41E+08,1.78E+06,1127314,1127314,0,156600
100,1.43E+08,1.78E+06,1127314,1127314,0,160800
100,1.45E+08,1.78E+06,1127314,1127314,0,168750
100,1.43E+08,1.78E+06,1127317,1127314,0,163550
100,1.39E+08,1.79E+06,1127318,1127318,0,149600
100,1.47E+08,1.78E+06,1127318,1127318,0,178900
100,1.41E+08,1.79E+06,1127322,1127322,0,156600
100,1.36E+08,1.78E+06,1127324,1127322,0,140450
100,1.47E+08,1.79E+06,1127327,1127327,0,176850
100,1.43E+08,1.78E+06,1127331,1127332,0,161150
100,1.44E+08,1.78E+06,1127338,1127338,0,163900
100,1.47E+08,1.80E+06,1127343,1127343,0,177300
100,1.38E+08,1.78E+06,1127345,1127345,0,147200
100,1.43E+08,1.78E+06,1127348,1127348,0,163250
100,1.47E+08,1.78E+06,1127355,1127355,0,177300
100,1.36E+08,1.80E+06,1127356,1127353,0,139300
100,1.47E+08,1.80E+06,1127356,1127356,0,178050
100,1.47E+08,1.80E+06,1127357,1127353,0,176850
100,1.43E+08,1.79E+06,1127358,1127358,0,163250
100,1.47E+08,1.80E+06,1127366,1127366,0,177300
100,1.45E+08,1.78E+06,1127371,1127371,0,168750
100,1.41E+08,1.78E+06,1127375,1127375,0,155700
100,1.47E+08,1.78E+06,1127377,1127372,0,178900
100,1.47E+08,1.78E+06,1127384,1127384,0,177400
100,1.47E+08,1.79E+06,1127386,1127386,0,178900
100,1.40E+08,1.78E+06,1127390,1127390,0,153200
100,1.47E+08,1.78E+06,1127392,1127392,0,178400
100,1.45E+08,1.81E+06,1127395,1127395,0,168650
100,1.46E+08,1.79E+06,1127406,1127406,0,170800
100,1.43E+08,1.82E+06,1127412,1127412,0,163550
100,1.37E+08,1.78E+06,1127414,1127414,0,144050
100,1.41E+08,1.78E+06,1127414,1127414,0,157850
100,1.47E+08,1.78E+06,1127418,1127418,0,177300
100,1.44E+08,1.78E+06,1127423,1127423,0,167400
100,1.47E+08,1.78E+06,1127428,1127428,0,176350
100,1.41E+08,1.78E+06,1127430,1127430,0,156600
100,1.39E+08,1.78E+06,1127431,1127431,0,151950
100,1.46E+08,1.78E+06,1127432,1127432,0,173200
100,1.39E+08,1.78E+06,1127434,1127434,0,151950
100,1.40E+08,1.78E+06,1127435,1127435,0,154050
100,1.41E+08,1.78E+06,1127435,1127435,0,156600
100,1.47E+08,1.81E+06,1127437,1127437,0,177300
100,1.45E+08,1.78E+06,1127445,1127445,0,169400
100,1.46E+08,1.78E+06,1127446,1127446,0,170800
100,1.45E+08,1.80E+06,1127447,1127447,0,169800
100,1.44E+08,1.80E+06,1127449,1127449,0,167200
100,1.43E+08,1.80E+06,1127452,1127451,0,162550
100,1.43E+08,1.81E+06,1127452,1127452,0,163250
100,1.45E+08,1.78E+06,1127452,1127452,0,168650
100,1.45E+08,1.78E+06,1127453,1127451,0,169400
100,1.46E+08,1.81E+06,1127454,1127454,0,170800
100,1.36E+08,1.78E+06,1127455,1127455,0,139550
100,1.43E+08,1.78E+06,1127457,1127457,0,160800
100,1.45E+08,1.80E+06,1127458,1127458,0,169800
100,1.46E+08,1.81E+06,1127459,1127459,0,173000
100,1.47E+08,1.79E+06,1127459,1127459,0,177100
100,1.41E+08,1.79E+06,1127460,1127460,0,156000
100,1.37E+08,1.78E+06,1127461,1127461,0,143900
100,1.46E+08,1.78E+06,1127463,1127463,0,173850
100,1.43E+08,1.78E+06,1127465,1127465,0,163200
100,1.43E+08,1.80E+06,1127465,1127465,0,163550
100,1.39E+08,1.83E+06,1127471,1127471,0,150400
100,1.47E+08,1.85E+06,1127471,1127471,0,178400
100,1.40E+08,1.78E+06,1127472,1127472,0,154300
100,1.43E+08,1.81E+06,1127472,1127471,0,163250
100,1.45E+08,1.78E+06,1127472,1127472,0,168900
100,1.45E+08,1.79E+06,1127474,1127474,0,168900
100,1.40E+08,1.78E+06,1127479,1127480,0,154050
100,1.47E+08,1.79E+06,1127479,1127479,0,178050
100,1.47E+08,1.78E+06,1127486,1127486,0,176850
100,1.42E+08,1.78E+06,1127487,1127487,0,158900
100,1.45E+08,1.78E+06,1127491,1127491,0,168900
100,1.36E+08,1.78E+06,1127492,1127491,0,142300
100,1.43E+08,1.82E+06,1127493,1127493,0,163200
100,1.40E+08,1.78E+06,1127494,1127492,0,152950
100,1.47E+08,1.79E+06,1127494,1127493,0,178400
100,1.36E+08,1.78E+06,1127498,1127499,0,139650
100,1.40E+08,1.79E+06,1127499,1127499,0,153050
100,1.35E+08,1.89E+06,1127500,1127500,0,138750
100,1.35E+08,1.96E+06,1127500,1127500,0,138750
100,1.35E+08,1.92E+06,1127500,1127500,0,138750
100,1.35E+08,1.89E+06,1127500,1127500,0,138750
100,1.36E+08,1.95E+06,1127500,1127500,0,139150
100,1.36E+08,1.85E+06,1127500,1127500,0,139150
100,1.36E+08,1.85E+06,1127500,1127500,0,139150
100,1.36E+08,1.86E+06,1127500,1127500,0,139300
100,1.36E+08,1.81E+06,1127500,1127500,0,139300
100,1.36E+08,1.78E+06,1127500,1127500,0,139300
100,1.36E+08,1.78E+06,1127500,1127500,0,139300
100,1.36E+08,1.79E+06,1127500,1127500,0,139300
100,1.36E+08,1.80E+06,1127500,1127500,0,139300
100,1.36E+08,1.78E+06,1127500,1127500,0,139300
100,1.36E+08,1.78E+06,1127500,1127500,0,139300
100,1.36E+08,1.78E+06,1127500,1127500,0,139300
100,1.36E+08,1.78E+06,1127500,1127500,0,139300
100,1.36E+08,1.78E+06,1127500,1127500,0,139550
100,1.36E+08,1.78E+06,1127500,1127500,0,139550
100,1.36E+08,1.78E+06,1127500,1127500,0,139550
100,1.36E+08,1.78E+06,1127500,1127500,0,139550
100,1.36E+08,1.78E+06,1127500,1127500,0,139650
100,1.36E+08,1.78E+06,1127500,1127500,0,139650
100,1.36E+08,1.78E+06,1127500,1127500,0,139650
100,1.36E+08,1.78E+06,1127500,1127500,0,139650
100,1.36E+08,1.78E+06,1127500,1127500,0,139650
100,1.36E+08,1.78E+06,1127500,1127500,0,139750
100,1.36E+08,1.78E+06,1127500,1127500,0,139750
100,1.41E+08,1.78E+06,1127500,1127500,0,155450
100,1.41E+08,1.79E+06,1127500,1127500,0,155450
100,1.41E+08,1.81E+06,1127500,1127500,0,155450
100,1.41E+08,1.78E+06,1127500,1127500,0,155450
100,1.41E+08,1.80E+06,1127500,1127500,0,155450
100,1.41E+08,1.78E+06,1127500,1127500,0,155450
100,1.41E+08,1.79E+06,1127500,1127500,0,155600
100,1.41E+08,1.78E+06,1127500,1127500,0,155600
100,1.41E+08,1.78E+06,1127500,1127500,0,155700
100,1.41E+08,1.80E+06,1127500,1127500,0,155700
100,1.41E+08,1.80E+06,1127500,1127500,0,155700
100,1.41E+08,1.80E+06,1127500,1127500,0,155700
100,1.41E+08,1.79E+06,1127500,1127500,0,155700
100,1.41E+08,1.79E+06,1127500,1127500,0,156300
100,1.41E+08,1.81E+06,1127500,1127500,0,156300
100,1.41E+08,1.78E+06,1127500,1127500,0,156300
100,1.41E+08,1.80E+06,1127500,1127500,0,156300
100,1.41E+08,1.80E+06,1127500,1127500,0,156300
100,1.41E+08,1.78E+06,1127500,1127500,0,156300
100,1.41E+08,1.79E+06,1127500,1127500,0,156300
100,1.41E+08,1.78E+06,1127500,1127500,0,156300
100,1.41E+08,1.78E+06,1127500,1127500,0,156300
100,1.41E+08,1.78E+06,1127500,1127500,0,156400
100,1.41E+08,1.78E+06,1127500,1127500,0,156400
100,1.41E+08,1.78E+06,1127500,1127500,0,156400
100,1.41E+08,1.81E+06,1127500,1127500,0,156400
100,1.41E+08,1.79E+06,1127500,1127500,0,156400
100,1.41E+08,1.79E+06,1127500,1127500,0,156400
100,1.41E+08,1.78E+06,1127500,1127500,0,156400
100,1.41E+08,1.79E+06,1127500,1127500,0,156600
100,1.41E+08,1.78E+06,1127500,1127500,0,156600
100,1.41E+08,1.78E+06,1127500,1127500,0,156600
100,1.41E+08,1.78E+06,1127500,1127500,0,156600
100,1.41E+08,1.78E+06,1127500,1127500,0,156600
100,1.41E+08,1.78E+06,1127500,1127500,0,156600
100,1.41E+08,1.79E+06,1127500,1127500,0,156600
100,1.41E+08,1.80E+06,1127500,1127500,0,156600
100,1.41E+08,1.78E+06,1127500,1127500,0,157350
100,1.41E+08,1.78E+06,1127500,1127500,0,157350
100,1.41E+08,1.78E+06,1127500,1127500,0,157350
100,1.41E+08,1.78E+06,1127500,1127500,0,157350
100,1.41E+08,1.80E+06,1127500,1127500,0,157350
100,1.41E+08,1.78E+06,1127500,1127500,0,157350
100,1.41E+08,1.78E+06,1127500,1127500,0,157350
100,1.41E+08,1.78E+06,1127500,1127500,0,157350
100,1.41E+08,1.78E+06,1127500,1127500,0,157350
100,1.41E+08,1.78E+06,1127500,1127500,0,157350
100,1.41E+08,1.78E+06,1127500,1127500,0,157850
100,1.41E+08,1.78E+06,1127500,1127500,0,157850
100,1.41E+08,1.78E+06,1127500,1127500,0,157850
100,1.41E+08,1.79E+06,1127500,1127500,0,157850
100,1.41E+08,1.78E+06,1127500,1127500,0,157850
100,1.41E+08,1.78E+06,1127500,1127500,0,157850
100,1.41E+08,1.78E+06,1127500,1127500,0,157850
100,1.41E+08,1.80E+06,1127500,1127500,0,157850
100,1.41E+08,1.78E+06,1127500,1127500,0,157850
100,1.41E+08,1.80E+06,1127500,1127500,0,157850
100,1.41E+08,1.81E+06,1127500,1127500,0,157850
100,1.41E+08,1.80E+06,1127500,1127500,0,157850
100,1.41E+08,1.78E+06,1127500,1127500,0,157850
100,1.41E+08,1.79E+06,1127500,1127500,0,157850
100,1.41E+08,1.78E+06,1127500,1127500,0,157850
100,1.41E+08,1.78E+06,1127500,1127500,0,157850
100,1.41E+08,1.78E+06,1127500,1127500,0,157900
100,1.41E+08,1.78E+06,1127500,1127500,0,157900
100,1.41E+08,1.79E+06,1127500,1127500,0,157900
100,1.41E+08,1.80E+06,1127500,1127500,0,157900
100,1.42E+08,1.78E+06,1127500,1127500,0,158100
100,1.42E+08,1.78E+06,1127500,1127500,0,158100
100,1.42E+08,1.78E+06,1127500,1127500,0,158100
100,1.42E+08,1.78E+06,1127500,1127500,0,158100
100,1.42E+08,1.78E+06,1127500,1127500,0,158100
100,1.42E+08,1.78E+06,1127500,1127500,0,158350
100,1.42E+08,1.80E+06,1127500,1127500,0,158350
100,1.42E+08,1.78E+06,1127500,1127500,0,158350
100,1.42E+08,1.78E+06,1127500,1127500,0,158850
100,1.42E+08,1.78E+06,1127500,1127500,0,158850
100,1.42E+08,1.80E+06,1127500,1127500,0,158900
100,1.42E+08,1.78E+06,1127500,1127500,0,158900
100,1.42E+08,1.79E+06,1127500,1127500,0,158900
100,1.42E+08,1.78E+06,1127500,1127500,0,158900
100,1.42E+08,1.79E+06,1127500,1127500,0,158900
100,1.42E+08,1.78E+06,1127500,1127500,0,158900
100,1.42E+08,1.80E+06,1127500,1127500,0,158900
100,1.42E+08,1.78E+06,1127500,1127500,0,158900
100,1.42E+08,1.78E+06,1127500,1127500,0,158900
100,1.42E+08,1.81E+06,1127500,1127500,0,158900
100,1.43E+08,1.79E+06,1127500,1127500,0,160050
100,1.43E+08,1.78E+06,1127500,1127500,0,160050
100,1.45E+08,1.81E+06,1127500,1127500,0,169800
100,1.47E+08,1.78E+06,1127500,1127500,0,176850
100,1.47E+08,1.80E+06,1127500,1127500,0,178800
100,1.47E+08,1.80E+06,1127500,1127500,0,178800
100,1.41E+08,1.78E+06,1127501,1127505,0,156600
100,1.46E+08,1.82E+06,1127501,1127501,0,173850
100,1.41E+08,1.78E+06,1127503,1127505,0,155700
100,1.47E+08,1.78E+06,1127503,1127500,0,177400
100,1.40E+08,1.79E+06,1127504,1127504,0,152950
100,1.47E+08,1.78E+06,1127504,1127505,0,176850
100,1.41E+08,1.79E+06,1127505,1127505,0,157900
100,1.41E+08,1.82E+06,1127509,1127509,0,156600
100,1.43E+08,1.80E+06,1127512,1127512,0,163550
100,1.45E+08,1.78E+06,1127515,1127515,0,168700
100,1.41E+08,1.79E+06,1127517,1127517,0,157850
100,1.36E+08,1.78E+06,1127519,1127519,0,139650
100,1.42E+08,1.78E+06,1127520,1127520,0,158000
100,1.40E+08,1.81E+06,1127522,1127522,0,154300
100,1.47E+08,1.78E+06,1127522,1127526,0,177300
100,1.45E+08,1.78E+06,1127525,1127527,0,168650
100,1.47E+08,1.81E+06,1127532,1127530,0,177750
100,1.45E+08,1.82E+06,1127537,1127537,0,168650
100,1.43E+08,1.78E+06,1127539,1127540,0,163200
100,1.47E+08,1.78E+06,1127540,1127540,0,178800
100,1.36E+08,1.78E+06,1127545,1127545,0,139550
100,1.41E+08,1.78E+06,1127545,1127545,0,156300
100,1.47E+08,1.80E+06,1127548,1127548,0,177100
100,1.36E+08,1.78E+06,1127550,1127550,0,139550
100,1.43E+08,1.78E+06,1127551,1127551,0,160150
100,1.36E+08,1.78E+06,1127555,1127555,0,139550
100,1.36E+08,1.78E+06,1127562,1127562,0,139550
100,1.41E+08,1.78E+06,1127563,1127564,0,157850
100,1.47E+08,1.79E+06,1127563,1127565,0,176850
100,1.46E+08,1.79E+06,1127564,1127564,0,173200
100,1.40E+08,1.86E+06,1127567,1127567,0,154050
100,1.45E+08,1.81E+06,1127571,1127571,0,168900
100,1.40E+08,1.78E+06,1127572,1127570,0,153750
100,1.43E+08,1.79E+06,1127578,1127578,0,161400
100,1.47E+08,1.79E+06,1127578,1127578,0,178400
100,1.44E+08,1.80E+06,1127579,1127582,0,167400
100,1.45E+08,1.78E+06,1127581,1127581,0,168750
100,1.46E+08,1.78E+06,1127590,1127590,0,173000
100,1.46E+08,1.79E+06,1127591,1127592,0,173850
100,1.43E+08,1.78E+06,1127592,1127592,0,160050
100,1.47E+08,1.78E+06,1127596,1127596,0,176200
100,1.41E+08,1.78E+06,1127597,1127597,0,157850
100,1.36E+08,1.78E+06,1127600,1127600,0,139550
100,1.36E+08,1.78E+06,1127606,1127606,0,139550
100,1.39E+08,1.81E+06,1127619,1127619,0,151950
100,1.41E+08,1.78E+06,1127620,1127620,0,156700
100,1.44E+08,1.79E+06,1127634,1127634,0,165650
100,1.46E+08,1.78E+06,1127637,1127633,0,173850
100,1.41E+08,1.78E+06,1127640,1127641,0,157850
100,1.44E+08,1.79E+06,1127642,1127642,0,165350
100,1.45E+08,1.78E+06,1127642,1127644,0,168900
100,1.41E+08,1.78E+06,1127658,1127658,0,156300
100,1.47E+08,1.78E+06,1127666,1127666,0,177400
100,1.41E+08,1.78E+06,1127667,1127670,0,156600
100,1.45E+08,1.78E+06,1127672,1127672,0,168650
100,1.40E+08,1.79E+06,1127673,1127673,0,153200
100,1.47E+08,1.78E+06,1127682,1127682,0,176850
100,1.47E+08,1.80E+06,1127682,1127680,0,178800
100,1.47E+08,1.78E+06,1127683,1127683,0,177300
100,1.36E+08,1.78E+06,1127687,1127687,0,139550
100,1.41E+08,1.78E+06,1127697,1127697,0,156300
100,1.36E+08,1.78E+06,1127698,1127698,0,139550
100,1.43E+08,1.78E+06,1127699,1127699,0,163250
100,1.41E+08,1.78E+06,1127704,1127704,0,155800
100,1.44E+08,1.80E+06,1127709,1127705,0,165350
100,1.44E+08,1.79E+06,1127713,1127713,0,167400
100,1.47E+08,1.78E+06,1127720,1127720,0,176000
100,1.47E+08,1.80E+06,1127724,1127724,0,178900
100,1.45E+08,1.84E+06,1127725,1127727,0,168700
100,1.46E+08,1.78E+06,1127729,1127725,0,173850
100,1.41E+08,1.78E+06,1127730,1127729,0,156300
100,1.47E+08,1.78E+06,1127730,1127729,0,178400
100,1.47E+08,1.78E+06,1127731,1127732,0,178800
100,1.41E+08,1.89E+06,1127739,1127739,0,156700
100,1.44E+08,1.78E+06,1127749,1127748,0,165350
100,1.41E+08,1.78E+06,1127758,1127758,0,156000
100,1.46E+08,1.78E+06,1127758,1127760,0,170800
100,1.45E+08,1.80E+06,1127762,1127762,0,168750
100,1.40E+08,1.78E+06,1127763,1127758,0,153050
100,1.45E+08,1.78E+06,1127776,1127777,0,168700
100,1.44E+08,1.82E+06,1127777,1127779,0,164950
100,1.45E+08,1.80E+06,1127778,1127778,0,168700
100,1.41E+08,1.78E+06,1127781,1127781,0,155700
100,1.47E+08,1.78E+06,1127783,1127783,0,178900
100,1.46E+08,1.80E+06,1127785,1127785,0,175250
100,1.46E+08,1.78E+06,1127794,1127794,0,173000
100,1.41E+08,1.78E+06,1127798,1127798,0,156000
100,1.47E+08,1.80E+06,1127803,1127806,0,178800
100,1.43E+08,1.78E+06,1127805,1127805,0,163550
100,1.39E+08,1.80E+06,1127806,1127805,0,151950
100,1.45E+08,1.78E+06,1127829,1127830,0,168750
100,1.47E+08,1.84E+06,1127829,1127829,0,178050
100,1.36E+08,1.78E+06,1127837,1127835,0,139650
100,1.40E+08,1.78E+06,1127839,1127841,0,154300
100,1.47E+08,1.79E+06,1127839,1127839,0,177750
100,1.36E+08,1.78E+06,1127840,1127840,0,139300
100,1.47E+08,1.80E+06,1127843,1127842,0,177750
100,1.47E+08,1.78E+06,1127845,1127846,0,177300
100,1.39E+08,1.78E+06,1127852,1127852,0,151950
100,1.41E+08,1.78E+06,1127855,1127855,0,157900
100,1.47E+08,1.78E+06,1127858,1127858,0,177400
100,1.45E+08,1.80E+06,1127865,1127865,0,168900
100,1.47E+08,1.79E+06,1127891,1127892,0,176850
100,1.46E+08,1.82E+06,1127893,1127893,0,175250
100,1.36E+08,1.78E+06,1127902,1127906,0,139550
100,1.47E+08,1.78E+06,1127907,1127907,0,178800
100,1.38E+08,1.78E+06,1127908,1127908,0,147850
100,1.46E+08,1.78E+06,1127908,1127908,0,175250
100,1.47E+08,1.81E+06,1127912,1127912,0,178900
100,1.40E+08,1.78E+06,1127920,1127920,0,154300
100,1.41E+08,1.78E+06,1127921,1127920,0,156000
100,1.44E+08,1.79E+06,1127921,1127920,0,167400
100,1.47E+08,1.78E+06,1127927,1127927,0,178800
100,1.47E+08,1.78E+06,1127928,1127929,0,178250
100,1.47E+08,1.81E+06,1127928,1127928,0,178800
100,1.36E+08,1.78E+06,1127932,1127932,0,139300
100,1.41E+08,1.78E+06,1127941,1127942,0,156600
100,1.41E+08,1.82E+06,1127943,1127943,0,157850
100,1.47E+08,1.79E+06,1127943,1127941,0,176350
100,1.44E+08,1.78E+06,1127947,1127945,0,165350
100,1.39E+08,1.79E+06,1127948,1127949,0,151950
100,1.44E+08,1.78E+06,1127948,1127949,0,165500
100,1.43E+08,1.78E+06,1127950,1127950,0,160800
100,1.47E+08,1.80E+06,1127957,1127954,0,176000
100,1.35E+08,2.00E+06,1127958,1127958,0,138750
100,1.39E+08,1.78E+06,1127958,1127958,0,149500
100,1.41E+08,1.78E+06,1127969,1127969,0,155800
100,1.40E+08,1.78E+06,1127973,1127973,0,153200
100,1.41E+08,1.78E+06,1127975,1127975,0,157900
100,1.36E+08,1.78E+06,1127979,1127979,0,139650
100,1.41E+08,1.81E+06,1127990,1127990,0,156000
100,1.47E+08,1.78E+06,1127990,1127990,0,177750
100,1.36E+08,1.78E+06,1127991,1127986,0,139300
100,1.36E+08,1.78E+06,1128001,1128000,0,139300
100,1.47E+08,1.81E+06,1128002,1128002,0,177750
100,1.41E+08,1.78E+06,1128017,1128017,0,157850
100,1.47E+08,1.80E+06,1128017,1128020,0,178400
100,1.47E+08,1.80E+06,1128017,1128017,0,178800
100,1.41E+08,1.78E+06,1128024,1128026,0,157850
100,1.41E+08,1.81E+06,1128025,1128025,0,157900
100,1.47E+08,1.79E+06,1128026,1128026,0,176000
100,1.46E+08,1.79E+06,1128040,1128036,0,175250
100,1.45E+08,1.78E+06,1128041,1128043,0,168900
100,1.45E+08,1.78E+06,1128042,1128042,0,168900
100,1.46E+08,1.78E+06,1128055,1128055,0,170800
100,1.47E+08,1.78E+06,1128083,1128078,0,178900
100,1.47E+08,1.83E+06,1128084,1128084,0,176200
100,1.43E+08,1.79E+06,1128089,1128094,0,163550
100,1.40E+08,1.79E+06,1128092,1128092,0,153350
100,1.42E+08,1.80E+06,1128094,1128095,0,159100
100,1.43E+08,1.78E+06,1128095,1128095,0,161400
100,1.36E+08,1.78E+06,1128097,1128097,0,139650
100,1.43E+08,1.78E+06,1128113,1128113,0,160150
100,1.37E+08,1.78E+06,1128117,1128117,0,143900
100,1.38E+08,1.78E+06,1128122,1128122,0,147850
100,1.45E+08,1.78E+06,1128122,1128122,0,169800
100,1.43E+08,1.80E+06,1128124,1128124,0,161400
100,1.47E+08,1.78E+06,1128124,1128124,0,176850
100,1.47E+08,1.78E+06,1128125,1128125,0,178900
100,1.43E+08,1.78E+06,1128130,1128129,0,163250
100,1.45E+08,1.78E+06,1128131,1128131,0,168650
100,1.41E+08,1.83E+06,1128132,1128132,0,157900
100,1.46E+08,1.78E+06,1128133,1128133,0,170800
100,1.46E+08,1.78E+06,1128135,1128138,0,173000
100,1.47E+08,1.78E+06,1128135,1128134,0,178800
100,1.45E+08,1.80E+06,1128139,1128140,0,169650
100,1.36E+08,1.78E+06,1128150,1128150,0,139300
100,1.39E+08,1.78E+06,1128152,1128151,0,149500
100,1.43E+08,1.78E+06,1128160,1128160,0,160050
100,1.45E+08,1.78E+06,1128160,1128164,0,168700
100,1.47E+08,1.78E+06,1128169,1128169,0,176200
100,1.45E+08,1.78E+06,1128177,1128177,0,168900
100,1.46E+08,1.78E+06,1128180,1128180,0,175250
100,1.36E+08,1.79E+06,1128184,1128184,0,139300
100,1.36E+08,1.78E+06,1128191,1128193,0,139550
100,1.41E+08,1.78E+06,1128194,1128194,0,157900
100,1.36E+08,1.78E+06,1128198,1128198,0,139300
100,1.40E+08,1.78E+06,1128202,1128201,0,152950
100,1.45E+08,1.80E+06,1128207,1128207,0,168900
100,1.47E+08,1.78E+06,1128208,1128208,0,176200
100,1.43E+08,1.78E+06,1128209,1128208,0,161400
100,1.36E+08,1.78E+06,1128211,1128212,0,139300
100,1.47E+08,1.79E+06,1128222,1128222,0,176850
100,1.46E+08,1.78E+06,1128226,1128225,0,173700
100,1.47E+08,1.88E+06,1128238,1128238,0,176000
100,1.45E+08,1.80E+06,1128240,1128240,0,169400
100,1.36E+08,1.80E+06,1128242,1128242,0,141300
100,1.41E+08,1.78E+06,1128246,1128246,0,157850
100,1.41E+08,1.78E+06,1128247,1128246,0,156300
100,1.47E+08,1.84E+06,1128250,1128250,0,177300
100,1.47E+08,1.78E+06,1128250,1128252,0,178800
100,1.45E+08,1.78E+06,1128257,1128255,0,168750
100,1.45E+08,1.78E+06,1128258,1128258,0,168650
100,1.38E+08,1.78E+06,1128262,1128262,0,147200
100,1.41E+08,1.80E+06,1128262,1128262,0,157850
100,1.45E+08,1.78E+06,1128262,1128258,0,167650
100,1.44E+08,1.79E+06,1128270,1128268,0,165350
100,1.47E+08,1.78E+06,1128271,1128271,0,178400
100,1.45E+08,1.78E+06,1128279,1128279,0,168700
100,1.39E+08,1.78E+06,1128282,1128284,0,151950
100,1.40E+08,1.78E+06,1128283,1128281,0,154300
100,1.43E+08,1.78E+06,1128283,1128283,0,163250
100,1.36E+08,1.78E+06,1128287,1128287,0,139300
100,1.36E+08,1.78E+06,1128301,1128301,0,139650
100,1.43E+08,1.80E+06,1128312,1128312,0,163250
100,1.36E+08,1.78E+06,1128324,1128325,0,139550
100,1.41E+08,1.78E+06,1128341,1128340,0,156700
100,1.47E+08,1.78E+06,1128348,1128348,0,176350
100,1.41E+08,1.78E+06,1128349,1128350,0,156600
100,1.42E+08,1.79E+06,1128356,1128359,0,158900
100,1.47E+08,1.78E+06,1128356,1128356,0,178800
100,1.44E+08,1.78E+06,1128363,1128362,0,165650
100,1.47E+08,1.81E+06,1128366,1128366,0,176200
100,1.45E+08,1.80E+06,1128368,1128365,0,168750
100,1.40E+08,1.78E+06,1128372,1128373,0,152950
100,1.41E+08,1.78E+06,1128384,1128384,0,156700
100,1.36E+08,1.78E+06,1128385,1128385,0,139300
100,1.45E+08,1.81E+06,1128385,1128385,0,168700
100,1.47E+08,1.78E+06,1128385,1128386,0,176000
100,1.45E+08,1.78E+06,1128388,1128389,0,168650
100,1.36E+08,1.78E+06,1128396,1128396,0,139300
100,1.35E+08,2.04E+06,1128397,1128396,0,138750
100,1.40E+08,1.78E+06,1128397,1128395,0,154050
100,1.36E+08,1.78E+06,1128407,1128408,0,139650
100,1.40E+08,1.78E+06,1128407,1128407,0,153050
100,1.36E+08,1.78E+06,1128409,1128405,0,139300
100,1.40E+08,1.78E+06,1128413,1128406,0,153050
100,1.42E+08,1.78E+06,1128413,1128413,0,159600
100,1.41E+08,1.78E+06,1128416,1128415,0,157900
100,1.46E+08,1.78E+06,1128427,1128427,0,170800
100,1.44E+08,1.78E+06,1128430,1128426,0,165350
100,1.46E+08,1.79E+06,1128439,1128439,0,175250
100,1.37E+08,1.78E+06,1128441,1128442,0,144000
100,1.47E+08,1.81E+06,1128441,1128443,0,177300
100,1.41E+08,1.78E+06,1128445,1128445,0,156600
100,1.41E+08,1.79E+06,1128465,1128465,0,155700
100,1.45E+08,1.78E+06,1128466,1128467,0,169400
100,1.40E+08,1.78E+06,1128472,1128470,0,154050
100,1.44E+08,1.78E+06,1128476,1128474,0,165350
100,1.47E+08,1.87E+06,1128478,1128473,0,177300
100,1.45E+08,1.78E+06,1128487,1128487,0,167500
100,1.46E+08,1.78E+06,1128493,1128493,0,170800
100,1.43E+08,1.78E+06,1128497,1128496,0,162150
100,1.40E+08,1.78E+06,1128508,1128506,0,154050
100,1.46E+08,1.78E+06,1128512,1128512,0,173200
100,1.40E+08,1.78E+06,1128517,1128517,0,154300
100,1.47E+08,1.78E+06,1128530,1128530,0,176350
100,1.46E+08,1.79E+06,1128533,1128534,0,170800
100,1.47E+08,1.79E+06,1128535,1128535,0,177300
100,1.47E+08,1.80E+06,1128538,1128538,0,177750
100,1.45E+08,1.78E+06,1128543,1128546,0,169800
100,1.36E+08,1.78E+06,1128550,1128550,0,139300
100,1.41E+08,1.80E+06,1128556,1128556,0,156700
100,1.47E+08,1.78E+06,1128558,1128558,0,178400
100,1.36E+08,1.78E+06,1128560,1128560,0,139550
100,1.36E+08,1.78E+06,1128563,1128562,0,139550
100,1.45E+08,1.78E+06,1128575,1128575,0,168900
100,1.46E+08,1.78E+06,1128576,1128580,0,175250
100,1.45E+08,1.80E+06,1128590,1128592,0,168900
100,1.36E+08,1.78E+06,1128600,1128600,0,139550
100,1.43E+08,1.78E+06,1128604,1128605,0,161150
100,1.47E+08,1.81E+06,1128606,1128606,0,178400
100,1.36E+08,1.78E+06,1128607,1128606,0,143350
100,1.38E+08,1.79E+06,1128607,1128608,0,147200
100,1.36E+08,1.78E+06,1128610,1128610,0,141000
100,1.40E+08,1.81E+06,1128612,1128612,0,153350
100,1.36E+08,1.78E+06,1128630,1128631,0,139300
100,1.39E+08,1.78E+06,1128638,1128638,0,149600
100,1.40E+08,1.80E+06,1128638,1128638,0,153050
100,1.43E+08,1.78E+06,1128639,1128640,0,163250
100,1.40E+08,1.78E+06,1128643,1128646,0,152950
100,1.44E+08,1.78E+06,1128644,1128646,0,165650
100,1.47E+08,1.78E+06,1128647,1128647,0,176200
100,1.47E+08,1.80E+06,1128648,1128648,0,177400
100,1.47E+08,1.78E+06,1128649,1128648,0,176350
100,1.45E+08,1.78E+06,1128650,1128653,0,168700
100,1.43E+08,1.79E+06,1128651,1128651,0,163250
100,1.46E+08,1.78E+06,1128655,1128653,0,173850
100,1.36E+08,1.78E+06,1128656,1128656,0,139300
100,1.47E+08,1.78E+06,1128656,1128658,0,176200
100,1.42E+08,1.78E+06,1128657,1128657,0,159600
100,1.46E+08,1.79E+06,1128657,1128656,0,173200
100,1.41E+08,1.78E+06,1128659,1128660,0,157850
100,1.45E+08,1.78E+06,1128668,1128668,0,168650
100,1.46E+08,1.79E+06,1128669,1128669,0,175250
100,1.39E+08,1.81E+06,1128681,1128681,0,149600
100,1.47E+08,1.78E+06,1128681,1128681,0,178800
100,1.45E+08,1.79E+06,1128685,1128685,0,168750
100,1.47E+08,1.79E+06,1128691,1128689,0,177100
100,1.47E+08,1.80E+06,1128692,1128692,0,178800
100,1.39E+08,1.78E+06,1128693,1128692,0,151950
100,1.45E+08,1.80E+06,1128693,1128693,0,168900
100,1.47E+08,1.78E+06,1128694,1128691,0,178800
100,1.44E+08,1.81E+06,1128695,1128696,0,165350
100,1.47E+08,1.79E+06,1128702,1128700,0,176850
100,1.36E+08,1.78E+06,1128711,1128711,0,139300
100,1.36E+08,1.78E+06,1128713,1128713,0,139300
100,1.46E+08,1.78E+06,1128714,1128714,0,173850
100,1.47E+08,1.78E+06,1128718,1128718,0,176850
100,1.45E+08,1.78E+06,1128722,1128722,0,169400
100,1.46E+08,1.78E+06,1128724,1128724,0,173000
100,1.45E+08,1.78E+06,1128730,1128731,0,168650
100,1.47E+08,1.87E+06,1128730,1128730,0,177100
100,1.47E+08,1.78E+06,1128732,1128733,0,177750
100,1.47E+08,1.78E+06,1128749,1128749,0,177400
100,1.47E+08,1.89E+06,1128750,1128750,0,176350
100,1.46E+08,1.78E+06,1128766,1128766,0,170800
100,1.47E+08,1.81E+06,1128766,1128766,0,176200
100,1.36E+08,1.78E+06,1128768,1128763,0,139550
100,1.46E+08,1.80E+06,1128768,1128767,0,173850
100,1.45E+08,1.78E+06,1128770,1128770,0,168900
100,1.45E+08,1.78E+06,1128771,1128771,0,168750
100,1.45E+08,1.79E+06,1128771,1128773,0,170800
100,1.40E+08,1.78E+06,1128780,1128780,0,154300
100,1.47E+08,1.78E+06,1128784,1128784,0,177300
100,1.43E+08,1.78E+06,1128787,1128787,0,163200
100,1.47E+08,1.83E+06,1128789,1128789,0,177100
100,1.44E+08,1.85E+06,1128791,1128791,0,164950
100,1.47E+08,1.78E+06,1128797,1128796,0,177750
100,1.44E+08,1.78E+06,1128805,1128807,0,164950
100,1.45E+08,1.78E+06,1128805,1128805,0,169400
100,1.44E+08,1.80E+06,1128808,1128809,0,167400
100,1.47E+08,1.79E+06,1128814,1128812,0,177300
100,1.47E+08,1.80E+06,1128822,1128822,0,178800
100,1.47E+08,1.78E+06,1128824,1128823,0,176000
100,1.47E+08,1.78E+06,1128826,1128824,0,176000
100,1.39E+08,1.78E+06,1128829,1128831,0,150400
100,1.40E+08,1.78E+06,1128831,1128832,0,152950
100,1.36E+08,1.78E+06,1128833,1128830,0,142750
100,1.42E+08,1.85E+06,1128838,1128838,0,159600
100,1.44E+08,1.80E+06,1128847,1128845,0,165650
100,1.45E+08,1.80E+06,1128847,1128846,0,168900
100,1.47E+08,1.80E+06,1128853,1128854,0,177300
100,1.44E+08,1.78E+06,1128864,1128864,0,167200
100,1.47E+08,1.80E+06,1128865,1128865,0,176350
100,1.36E+08,1.78E+06,1128866,1128866,0,139300
100,1.47E+08,1.78E+06,1128872,1128872,0,178400
100,1.43E+08,1.78E+06,1128874,1128873,0,162550
100,1.41E+08,1.78E+06,1128882,1128881,0,157350
100,1.45E+08,1.78E+06,1128886,1128886,0,169800
100,1.45E+08,1.81E+06,1128891,1128890,0,169400
100,1.45E+08,1.78E+06,1128903,1128904,0,168650
100,1.36E+08,1.78E+06,1128904,1128904,0,139300
100,1.45E+08,1.78E+06,1128904,1128904,0,168750
100,1.45E+08,1.81E+06,1128905,1128905,0,168750
100,1.35E+08,2.10E+06,1128906,1128906,0,138750
100,1.39E+08,1.79E+06,1128906,1128906,0,149800
100,1.46E+08,1.78E+06,1128907,1128907,0,175250
100,1.41E+08,1.78E+06,1128910,1128913,0,155700
100,1.45E+08,1.78E+06,1128912,1128913,0,168650
100,1.45E+08,1.86E+06,1128915,1128915,0,168750
100,1.36E+08,1.78E+06,1128918,1128918,0,139550
100,1.40E+08,1.78E+06,1128926,1128927,0,152950
100,1.43E+08,1.80E+06,1128942,1128940,0,162150
100,1.45E+08,1.79E+06,1128943,1128943,0,169800
100,1.47E+08,1.78E+06,1128955,1128955,0,177300
100,1.47E+08,1.80E+06,1128968,1128971,0,177100
100,1.47E+08,1.78E+06,1128969,1128968,0,177300
100,1.36E+08,1.78E+06,1128974,1128970,0,142750
100,1.39E+08,1.78E+06,1128980,1128980,0,149600
100,1.45E+08,1.79E+06,1128983,1128982,0,168750
100,1.45E+08,1.80E+06,1128984,1128985,0,169800
100,1.36E+08,1.78E+06,1128986,1128986,0,139750
100,1.45E+08,1.79E+06,1128986,1128984,0,167500
100,1.39E+08,1.78E+06,1128989,1128990,0,151950
100,1.45E+08,1.79E+06,1128995,1128990,0,168750
100,1.45E+08,1.80E+06,1129000,1129003,0,168900
100,1.46E+08,1.78E+06,1129000,1129000,0,170800
100,1.47E+08,1.78E+06,1129002,1129005,0,177100
100,1.40E+08,1.78E+06,1129004,1128999,0,154300
100,1.38E+08,1.79E+06,1129008,1129008,0,147900
100,1.47E+08,1.78E+06,1129009,1129011,0,178800
100,1.47E+08,1.78E+06,1129012,1129012,0,178400
100,1.41E+08,1.79E+06,1129021,1129021,0,156300
100,1.43E+08,1.78E+06,1129026,1129027,0,161400
100,1.41E+08,1.78E+06,1129027,1129027,0,155700
100,1.36E+08,1.78E+06,1129028,1129028,0,139300
100,1.44E+08,1.79E+06,1129030,1129025,0,167400
100,1.36E+08,1.78E+06,1129035,1129035,0,139300
100,1.36E+08,1.78E+06,1129038,1129039,0,139650
100,1.36E+08,1.82E+06,1129039,1129034,0,139300
100,1.47E+08,1.78E+06,1129043,1129047,0,177750
100,1.47E+08,1.79E+06,1129045,1129045,0,178050
100,1.47E+08,1.80E+06,1129047,1129046,0,177300
100,1.44E+08,1.78E+06,1129048,1129047,0,165500
100,1.36E+08,1.78E+06,1129050,1129050,0,139650
100,1.43E+08,1.78E+06,1129050,1129049,0,163250
100,1.36E+08,1.78E+06,1129056,1129056,0,139550
100,1.40E+08,1.78E+06,1129056,1129056,0,154050
100,1.47E+08,1.83E+06,1129057,1129056,0,176850
100,1.43E+08,1.78E+06,1129058,1129055,0,162150
100,1.46E+08,1.78E+06,1129064,1129062,0,170800
100,1.46E+08,1.81E+06,1129067,1129064,0,173850
100,1.42E+08,1.82E+06,1129076,1129076,0,159100
100,1.46E+08,1.79E+06,1129076,1129076,0,173850
100,1.35E+08,2.05E+06,1129081,1129081,0,138750
100,1.36E+08,1.78E+06,1129102,1129100,0,139650
100,1.47E+08,1.80E+06,1129103,1129105,0,177150
100,1.36E+08,1.78E+06,1129107,1129106,0,139300
100,1.45E+08,1.78E+06,1129117,1129117,0,169800
100,1.41E+08,1.79E+06,1129121,1129121,0,156600
100,1.44E+08,1.78E+06,1129128,1129131,0,164950
100,1.40E+08,1.78E+06,1129131,1129131,0,153200
100,1.47E+08,1.80E+06,1129138,1129139,0,178800
100,1.36E+08,1.78E+06,1129142,1129142,0,139650
100,1.45E+08,1.81E+06,1129148,1129147,0,168750
100,1.39E+08,1.79E+06,1129152,1129152,0,151950
100,1.43E+08,1.78E+06,1129154,1129154,0,163550
100,1.47E+08,1.78E+06,1129156,1129157,0,176000
100,1.47E+08,1.78E+06,1129158,1129158,0,176850
100,1.47E+08,1.78E+06,1129169,1129170,0,178400
100,1.36E+08,1.78E+06,1129174,1129172,0,139550
100,1.45E+08,1.78E+06,1129176,1129175,0,168750
100,1.45E+08,1.78E+06,1129181,1129177,0,168750
100,1.36E+08,1.78E+06,1129195,1129194,0,139550
100,1.39E+08,1.79E+06,1129197,1129197,0,151950
100,1.47E+08,1.78E+06,1129201,1129201,0,177150
100,1.36E+08,1.78E+06,1129208,1129208,0,139550
100,1.45E+08,1.78E+06,1129213,1129214,0,169800
100,1.44E+08,1.78E+06,1129214,1129214,0,167200
100,1.36E+08,1.79E+06,1129218,1129218,0,139300
100,1.46E+08,1.78E+06,1129218,1129219,0,170800
100,1.37E+08,1.78E+06,1129224,1129219,0,143900
100,1.39E+08,1.78E+06,1129226,1129227,0,149500
100,1.47E+08,1.78E+06,1129227,1129226,0,176850
100,1.46E+08,1.81E+06,1129233,1129231,0,173200
100,1.36E+08,1.78E+06,1129236,1129235,0,139550
100,1.38E+08,1.78E+06,1129239,1129239,0,147200
100,1.47E+08,1.78E+06,1129253,1129251,0,176000
100,1.41E+08,1.78E+06,1129254,1129253,0,156700
100,1.43E+08,1.78E+06,1129256,1129256,0,163250
100,1.45E+08,1.78E+06,1129258,1129258,0,168700
100,1.44E+08,1.78E+06,1129269,1129269,0,165350
100,1.41E+08,1.78E+06,1129273,1129273,0,156300
100,1.36E+08,1.78E+06,1129274,1129273,0,139300
100,1.43E+08,1.80E+06,1129274,1129274,0,162150
100,1.46E+08,1.79E+06,1129274,1129275,0,175250
100,1.36E+08,1.78E+06,1129280,1129280,0,139550
100,1.44E+08,1.78E+06,1129281,1129277,0,164950
100,1.44E+08,1.80E+06,1129283,1129284,0,165350
100,1.47E+08,1.80E+06,1129285,1129283,0,177300
100,1.47E+08,1.79E+06,1129285,1129285,0,178800
100,1.41E+08,1.79E+06,1129287,1129286,0,156300
100,1.47E+08,1.80E+06,1129293,1129293,0,176850
100,1.45E+08,1.81E+06,1129294,1129295,0,168750
100,1.41E+08,1.78E+06,1129297,1129297,0,157850
100,1.42E+08,1.80E+06,1129298,1129298,0,159100
100,1.39E+08,1.79E+06,1129306,1129306,0,150400
100,1.40E+08,1.78E+06,1129311,1129314,0,154300
100,1.45E+08,1.78E+06,1129316,1129316,0,168900
100,1.45E+08,1.81E+06,1129318,1129318,0,168750
100,1.47E+08,1.78E+06,1129318,1129319,0,178800
100,1.47E+08,1.78E+06,1129319,1129320,0,176350
100,1.47E+08,1.80E+06,1129319,1129319,0,177400
100,1.46E+08,1.80E+06,1129327,1129327,0,170800
100,1.45E+08,1.79E+06,1129333,1129332,0,168900
100,1.36E+08,1.78E+06,1129337,1129337,0,139650
100,1.47E+08,1.78E+06,1129344,1129349,0,178800
100,1.45E+08,1.78E+06,1129346,1129344,0,168700
100,1.44E+08,1.81E+06,1129354,1129353,0,163900
100,1.46E+08,1.79E+06,1129354,1129354,0,170800
100,1.45E+08,1.80E+06,1129356,1129356,0,169800
100,1.45E+08,1.78E+06,1129358,1129358,0,169400
100,1.36E+08,1.79E+06,1129359,1129359,0,139300
100,1.41E+08,1.78E+06,1129362,1129362,0,157850
100,1.36E+08,1.78E+06,1129366,1129371,0,139550
100,1.40E+08,1.80E+06,1129368,1129368,0,154050
100,1.45E+08,1.79E+06,1129369,1129369,0,168750
100,1.41E+08,1.78E+06,1129373,1129371,0,156700
100,1.44E+08,1.78E+06,1129374,1129376,0,165650
100,1.36E+08,1.78E+06,1129376,1129376,0,139550
100,1.39E+08,1.81E+06,1129383,1129383,0,150400
100,1.40E+08,1.78E+06,1129383,1129383,0,153200
100,1.36E+08,1.78E+06,1129384,1129384,0,139550
100,1.43E+08,1.78E+06,1129384,1129384,0,161400
100,1.46E+08,1.80E+06,1129389,1129389,0,175250
100,1.47E+08,1.81E+06,1129391,1129391,0,177300
100,1.36E+08,1.79E+06,1129402,1129402,0,139150
100,1.36E+08,1.78E+06,1129407,1129406,0,139550
100,1.40E+08,1.78E+06,1129407,1129408,0,152950
100,1.36E+08,1.78E+06,1129413,1129413,0,139550
100,1.39E+08,1.79E+06,1129413,1129414,0,151950
100,1.40E+08,1.79E+06,1129417,1129417,0,154500
100,1.47E+08,1.78E+06,1129417,1129420,0,176000
100,1.41E+08,1.80E+06,1129421,1129418,0,156700
100,1.47E+08,1.81E+06,1129421,1129421,0,177100
100,1.38E+08,1.78E+06,1129423,1129424,0,147200
100,1.44E+08,1.79E+06,1129423,1129423,0,165650
100,1.36E+08,1.78E+06,1129436,1129437,0,139550
100,1.46E+08,1.78E+06,1129436,1129436,0,170800
100,1.36E+08,1.78E+06,1129438,1129437,0,142750
100,1.46E+08,1.78E+06,1129440,1129440,0,173850
100,1.46E+08,1.78E+06,1129451,1129451,0,173850
100,1.47E+08,1.78E+06,1129452,1129452,0,177400
100,1.40E+08,1.78E+06,1129459,1129460,0,152950
100,1.45E+08,1.78E+06,1129462,1129462,0,169400
100,1.44E+08,1.78E+06,1129463,1129464,0,165650
100,1.45E+08,1.85E+06,1129463,1129463,0,168750
100,1.47E+08,1.78E+06,1129470,1129470,0,177300
100,1.47E+08,1.79E+06,1129477,1129477,0,178800
100,1.40E+08,1.78E+06,1129480,1129480,0,153200
100,1.46E+08,1.79E+06,1129487,1129487,0,170800
100,1.45E+08,1.78E+06,1129488,1129485,0,168750
100,1.39E+08,1.78E+06,1129492,1129490,0,150650
100,1.47E+08,1.78E+06,1129497,1129496,0,177300
100,1.47E+08,1.81E+06,1129498,1129498,0,177100
100,1.40E+08,1.78E+06,1129500,1129500,0,152950
100,1.47E+08,1.78E+06,1129508,1129507,0,176000
100,1.36E+08,1.78E+06,1129510,1129509,0,139650
100,1.40E+08,1.79E+06,1129514,1129512,0,153750
100,1.40E+08,1.80E+06,1129526,1129526,0,152950
100,1.36E+08,1.78E+06,1129532,1129529,0,139300
100,1.43E+08,1.80E+06,1129532,1129532,0,161400
100,1.36E+08,1.78E+06,1129538,1129538,0,139550
100,1.37E+08,1.78E+06,1129542,1129542,0,144050
100,1.44E+08,1.78E+06,1129543,1129544,0,165650
100,1.36E+08,1.81E+06,1129545,1129545,0,139150
100,1.36E+08,1.80E+06,1129546,1129543,0,139750
100,1.45E+08,1.78E+06,1129546,1129546,0,169400
100,1.46E+08,1.83E+06,1129547,1129547,0,173000
100,1.39E+08,1.78E+06,1129548,1129548,0,149500
100,1.46E+08,1.78E+06,1129552,1129552,0,173850
100,1.45E+08,1.78E+06,1129554,1129554,0,168650
100,1.41E+08,1.79E+06,1129556,1129554,0,156000
100,1.47E+08,1.78E+06,1129560,1129560,0,177300
100,1.44E+08,1.78E+06,1129564,1129564,0,164950
100,1.36E+08,1.78E+06,1129577,1129577,0,139550
100,1.46E+08,1.79E+06,1129579,1129580,0,173200
100,1.46E+08,1.87E+06,1129581,1129580,0,175250
100,1.40E+08,1.78E+06,1129582,1129584,0,152950
100,1.45E+08,1.78E+06,1129582,1129580,0,168750
100,1.42E+08,1.78E+06,1129588,1129590,0,158900
100,1.45E+08,1.78E+06,1129590,1129590,0,168650
100,1.46E+08,1.78E+06,1129590,1129585,0,173200
100,1.41E+08,1.78E+06,1129593,1129593,0,156000
100,1.47E+08,1.81E+06,1129599,1129601,0,176350
100,1.36E+08,1.78E+06,1129607,1129606,0,139300
100,1.41E+08,1.78E+06,1129610,1129610,0,156000
100,1.40E+08,1.80E+06,1129622,1129622,0,152950
100,1.47E+08,1.78E+06,1129622,1129622,0,178400
100,1.47E+08,1.79E+06,1129625,1129625,0,176350
100,1.41E+08,1.79E+06,1129626,1129626,0,157850
100,1.39E+08,1.78E+06,1129635,1129635,0,149500
100,1.47E+08,1.78E+06,1129639,1129639,0,178400
100,1.42E+08,1.78E+06,1129641,1129642,0,159100
100,1.47E+08,1.84E+06,1129641,1129641,0,177400
100,1.44E+08,1.80E+06,1129647,1129647,0,165350
100,1.45E+08,1.81E+06,1129647,1129647,0,168900
100,1.43E+08,1.83E+06,1129648,1129648,0,161400
100,1.46E+08,1.81E+06,1129651,1129650,0,170800
100,1.36E+08,1.78E+06,1129654,1129654,0,139550
100,1.40E+08,1.78E+06,1129657,1129657,0,153200
100,1.39E+08,1.79E+06,1129662,1129662,0,150400
100,1.45E+08,1.79E+06,1129663,1129664,0,168900
100,1.47E+08,1.80E+06,1129672,1129673,0,176000
100,1.39E+08,1.78E+06,1129673,1129673,0,150400
100,1.41E+08,1.78E+06,1129676,1129676,0,156600
100,1.47E+08,1.78E+06,1129676,1129683,0,177150
100,1.39E+08,1.78E+06,1129686,1129686,0,150400
100,1.42E+08,1.80E+06,1129691,1129692,0,159600
100,1.45E+08,1.78E+06,1129697,1129697,0,169400
100,1.46E+08,1.78E+06,1129699,1129700,0,175250
100,1.36E+08,1.85E+06,1129700,1129700,0,139150
100,1.45E+08,1.88E+06,1129707,1129707,0,169400
100,1.43E+08,1.78E+06,1129714,1129710,0,163550
100,1.41E+08,1.78E+06,1129728,1129728,0,155800
100,1.46E+08,1.85E+06,1129728,1129728,0,173850
100,1.45E+08,1.79E+06,1129734,1129734,0,168650
100,1.44E+08,1.78E+06,1129735,1129734,0,167400
100,1.47E+08,1.79E+06,1129735,1129734,0,176350
100,1.47E+08,1.79E+06,1129739,1129739,0,176000
100,1.45E+08,1.79E+06,1129750,1129750,0,168750
100,1.44E+08,1.78E+06,1129751,1129752,0,167200
100,1.47E+08,1.78E+06,1129753,1129754,0,178800
100,1.42E+08,1.78E+06,1129754,1129754,0,159100
100,1.43E+08,1.80E+06,1129757,1129759,0,163550
100,1.47E+08,1.78E+06,1129760,1129759,0,178400
100,1.36E+08,1.78E+06,1129761,1129762,0,141000
100,1.36E+08,1.78E+06,1129764,1129762,0,139650
100,1.42E+08,1.78E+06,1129769,1129771,0,159100
100,1.45E+08,1.78E+06,1129770,1129770,0,168900
100,1.46E+08,1.78E+06,1129775,1129775,0,170800
100,1.46E+08,1.82E+06,1129778,1129778,0,173200
100,1.40E+08,1.80E+06,1129779,1129779,0,153200
100,1.45E+08,1.78E+06,1129786,1129786,0,168900
100,1.46E+08,1.78E+06,1129787,1129787,0,173850
100,1.39E+08,1.80E+06,1129789,1129789,0,151950
100,1.36E+08,1.78E+06,1129790,1129790,0,139550
100,1.43E+08,1.80E+06,1129790,1129790,0,163200
100,1.47E+08,1.79E+06,1129792,1129792,0,177750
100,1.36E+08,1.78E+06,1129798,1129794,0,139650
100,1.40E+08,1.78E+06,1129798,1129799,0,153050
100,1.37E+08,1.78E+06,1129799,1129801,0,144050
100,1.47E+08,1.78E+06,1129800,1129800,0,178400
100,1.45E+08,1.78E+06,1129807,1129807,0,168900
100,1.46E+08,1.78E+06,1129815,1129815,0,170800
100,1.36E+08,1.85E+06,1129832,1129832,0,139150
100,1.46E+08,1.79E+06,1129833,1129837,0,170800
100,1.41E+08,1.78E+06,1129836,1129836,0,155700
100,1.47E+08,1.79E+06,1129838,1129839,0,177100
100,1.36E+08,1.78E+06,1129839,1129839,0,139300
100,1.43E+08,1.78E+06,1129843,1129843,0,163250
100,1.36E+08,1.78E+06,1129844,1129844,0,139550
100,1.39E+08,1.78E+06,1129849,1129849,0,151950
100,1.40E+08,1.78E+06,1129849,1129852,0,152950
100,1.36E+08,1.78E+06,1129850,1129850,0,139550
100,1.43E+08,1.79E+06,1129851,1129851,0,161400
100,1.47E+08,1.78E+06,1129858,1129858,0,176350
100,1.40E+08,1.78E+06,1129866,1129865,0,154050
100,1.47E+08,1.78E+06,1129866,1129866,0,177300
100,1.36E+08,1.79E+06,1129868,1129868,0,139300
100,1.47E+08,1.78E+06,1129872,1129875,0,177100
100,1.47E+08,1.78E+06,1129872,1129873,0,177400
100,1.36E+08,1.78E+06,1129874,1129874,0,141300
100,1.45E+08,1.78E+06,1129884,1129884,0,169800
100,1.47E+08,1.78E+06,1129886,1129886,0,176350
100,1.47E+08,1.81E+06,1129892,1129891,0,177300
100,1.39E+08,1.78E+06,1129894,1129894,0,149600
100,1.36E+08,1.78E+06,1129900,1129900,0,142750
100,1.47E+08,1.78E+06,1129900,1129897,0,176200
100,1.42E+08,1.79E+06,1129904,1129901,0,159600
100,1.43E+08,1.81E+06,1129904,1129904,0,161400
100,1.47E+08,1.81E+06,1129913,1129913,0,177100
100,1.37E+08,1.78E+06,1129916,1129916,0,144050
100,1.40E+08,1.78E+06,1129918,1129918,0,154650
100,1.44E+08,1.83E+06,1129919,1129919,0,163900
100,1.40E+08,1.78E+06,1129926,1129927,0,154050
100,1.36E+08,1.78E+06,1129935,1129935,0,139650
100,1.41E+08,1.79E+06,1129939,1129939,0,155800
100,1.40E+08,1.78E+06,1129940,1129940,0,154300
100,1.47E+08,1.78E+06,1129942,1129938,0,176850
100,1.36E+08,1.78E+06,1129944,1129944,0,139300
100,1.41E+08,1.78E+06,1129945,1129946,0,155700
100,1.40E+08,1.79E+06,1129947,1129947,0,154050
100,1.45E+08,1.78E+06,1129951,1129951,0,168750
100,1.47E+08,1.78E+06,1129951,1129952,0,177300
100,1.47E+08,1.78E+06,1129951,1129949,0,178400
100,1.47E+08,1.82E+06,1129952,1129952,0,176850
100,1.46E+08,1.78E+06,1129958,1129958,0,173850
100,1.38E+08,1.78E+06,1129959,1129960,0,147900
100,1.44E+08,1.81E+06,1129959,1129959,0,165350
100,1.47E+08,1.78E+06,1129962,1129962,0,178800
100,1.45E+08,1.78E+06,1129964,1129964,0,169400
100,1.36E+08,1.78E+06,1129970,1129970,0,139550
100,1.39E+08,1.78E+06,1129972,1129972,0,151950
100,1.44E+08,1.79E+06,1129973,1129972,0,167400
100,1.36E+08,1.79E+06,1129974,1129974,0,139300
100,1.47E+08,1.78E+06,1129975,1129975,0,177300
100,1.41E+08,1.82E+06,1129976,1129976,0,157850
100,1.46E+08,1.78E+06,1129978,1129978,0,170800
100,1.47E+08,1.78E+06,1129979,1129979,0,177300
100,1.47E+08,1.78E+06,1129984,1129984,0,178800
100,1.45E+08,1.82E+06,1129986,1129986,0,168700
100,1.45E+08,1.80E+06,1129987,1129987,0,169800
100,1.40E+08,1.80E+06,1129990,1129989,0,154050
100,1.45E+08,1.79E+06,1129990,1129990,0,169400
100,1.40E+08,1.80E+06,1129991,1129992,0,152950
100,1.41E+08,1.80E+06,1129993,1129993,0,157850
100,1.41E+08,1.78E+06,1129997,1129997,0,156000
100,1.35E+08,1.99E+06,1130000,1130000,0,138750
100,1.35E+08,1.94E+06,1130000,1130000,0,138750
100,1.35E+08,1.99E+06,1130000,1130000,0,138750
100,1.35E+08,1.89E+06,1130000,1130000,0,138750
100,1.35E+08,1.91E+06,1130000,1130000,0,138950
100,1.36E+08,1.82E+06,1130000,1130000,0,139150
100,1.36E+08,1.79E+06,1130000,1130000,0,139150
100,1.36E+08,1.82E+06,1130000,1130000,0,139300
100,1.36E+08,1.78E+06,1130000,1130000,0,139300
100,1.36E+08,1.78E+06,1130000,1130000,0,139300
100,1.36E+08,1.78E+06,1130000,1130000,0,139300
100,1.36E+08,1.78E+06,1130000,1130000,0,139300
100,1.36E+08,1.78E+06,1130000,1130000,0,139300
100,1.36E+08,1.78E+06,1130000,1130000,0,139300
100,1.36E+08,1.78E+06,1130000,1130000,0,139300
100,1.36E+08,1.78E+06,1130000,1130000,0,139300
100,1.36E+08,1.78E+06,1130000,1130000,0,139300
100,1.36E+08,1.78E+06,1130000,1130000,0,139300
100,1.36E+08,1.78E+06,1130000,1130000,0,139300
100,1.36E+08,1.78E+06,1130000,1130000,0,139300
100,1.36E+08,1.78E+06,1130000,1130000,0,139300
100,1.36E+08,1.78E+06,1130000,1130000,0,139300
100,1.36E+08,1.78E+06,1130000,1130000,0,139300
100,1.36E+08,1.78E+06,1130000,1130000,0,139300
100,1.36E+08,1.78E+06,1130000,1130000,0,139300
100,1.36E+08,1.78E+06,1130000,1130000,0,139300
100,1.36E+08,1.78E+06,1130000,1130000,0,139300
100,1.36E+08,1.78E+06,1130000,1130000,0,139300
100,1.36E+08,1.78E+06,1130000,1130000,0,139300
100,1.36E+08,1.78E+06,1130000,1130000,0,139300
100,1.36E+08,1.78E+06,1130000,1130000,0,139300
100,1.36E+08,1.78E+06,1130000,1130000,0,139300
100,1.36E+08,1.78E+06,1130000,1130000,0,139300
100,1.36E+08,1.78E+06,1130000,1130000,0,139300
100,1.36E+08,1.78E+06,1130000,1130000,0,139300
100,1.36E+08,1.78E+06,1130000,1130000,0,139300
100,1.36E+08,1.79E+06,1130000,1130000,0,139300
100,1.36E+08,1.78E+06,1130000,1130000,0,139550
100,1.36E+08,1.78E+06,1130000,1130000,0,139550
100,1.36E+08,1.78E+06,1130000,1130000,0,139550
100,1.36E+08,1.78E+06,1130000,1130000,0,139550
100,1.36E+08,1.78E+06,1130000,1130000,0,139550
100,1.36E+08,1.78E+06,1130000,1130000,0,139550
100,1.36E+08,1.78E+06,1130000,1130000,0,139550
100,1.36E+08,1.78E+06,1130000,1130000,0,139550
100,1.36E+08,1.78E+06,1130000,1130000,0,139550
100,1.36E+08,1.78E+06,1130000,1130000,0,139550
100,1.36E+08,1.78E+06,1130000,1130000,0,139550
100,1.36E+08,1.78E+06,1130000,1130000,0,139550
100,1.36E+08,1.78E+06,1130000,1130000,0,139550
100,1.36E+08,1.78E+06,1130000,1130000,0,139550
100,1.36E+08,1.78E+06,1130000,1130000,0,139550
100,1.36E+08,1.78E+06,1130000,1130000,0,139550
100,1.36E+08,1.78E+06,1130000,1130000,0,139550
100,1.36E+08,1.78E+06,1130000,1130000,0,139550
100,1.36E+08,1.78E+06,1130000,1130000,0,139550
100,1.36E+08,1.78E+06,1130000,1130000,0,139550
100,1.36E+08,1.78E+06,1130000,1130000,0,139550
100,1.36E+08,1.78E+06,1130000,1130000,0,139550
100,1.36E+08,1.78E+06,1130000,1130000,0,139550
100,1.36E+08,1.78E+06,1130000,1130000,0,139550
100,1.36E+08,1.78E+06,1130000,1130000,0,139550
100,1.36E+08,1.78E+06,1130000,1130000,0,139550
100,1.36E+08,1.78E+06,1130000,1130000,0,139550
100,1.36E+08,1.78E+06,1130000,1130000,0,139550
100,1.36E+08,1.78E+06,1130000,1130000,0,139550
100,1.36E+08,1.78E+06,1130000,1130000,0,139550
100,1.36E+08,1.78E+06,1130000,1130000,0,139550
100,1.36E+08,1.78E+06,1130000,1130000,0,139550
100,1.36E+08,1.78E+06,1130000,1130000,0,139550
100,1.36E+08,1.78E+06,1130000,1130000,0,139550
100,1.36E+08,1.78E+06,1130000,1130000,0,139550
100,1.36E+08,1.78E+06,1130000,1130000,0,139550
100,1.36E+08,1.80E+06,1130000,1130000,0,139550
100,1.36E+08,1.78E+06,1130000,1130000,0,139550
100,1.36E+08,1.78E+06,1130000,1130000,0,139550
100,1.36E+08,1.78E+06,1130000,1130000,0,139550
100,1.36E+08,1.78E+06,1130000,1130000,0,139650
100,1.36E+08,1.78E+06,1130000,1130000,0,139650
100,1.36E+08,1.78E+06,1130000,1130000,0,139650
100,1.36E+08,1.78E+06,1130000,1130000,0,139650
100,1.36E+08,1.78E+06,1130000,1130000,0,139650
100,1.36E+08,1.78E+06,1130000,1130000,0,139650
100,1.36E+08,1.78E+06,1130000,1130000,0,139650
100,1.36E+08,1.78E+06,1130000,1130000,0,139650
100,1.36E+08,1.78E+06,1130000,1130000,0,139650
100,1.36E+08,1.78E+06,1130000,1130000,0,139650
100,1.36E+08,1.78E+06,1130000,1130000,0,139650
100,1.36E+08,1.78E+06,1130000,1130000,0,139650
100,1.36E+08,1.78E+06,1130000,1130000,0,139650
100,1.36E+08,1.78E+06,1130000,1130000,0,139650
100,1.36E+08,1.78E+06,1130000,1130000,0,139650
100,1.36E+08,1.78E+06,1130000,1130000,0,139650
100,1.36E+08,1.78E+06,1130000,1130000,0,139650
100,1.36E+08,1.78E+06,1130000,1130000,0,139750
100,1.36E+08,1.78E+06,1130000,1130000,0,139750
100,1.36E+08,1.78E+06,1130000,1130000,0,139750
100,1.36E+08,1.78E+06,1130000,1130000,0,139750
100,1.36E+08,1.78E+06,1130000,1130000,0,139750
100,1.36E+08,1.78E+06,1130000,1130000,0,139750
100,1.36E+08,1.78E+06,1130000,1130000,0,139750
100,1.36E+08,1.78E+06,1130000,1130000,0,139750
100,1.36E+08,1.80E+06,1130000,1130000,0,139750
100,1.36E+08,1.78E+06,1130000,1130000,0,139750
100,1.36E+08,1.78E+06,1130000,1130000,0,140450
100,1.36E+08,1.78E+06,1130000,1130000,0,140450
100,1.36E+08,1.78E+06,1130000,1130000,0,140450
100,1.36E+08,1.78E+06,1130000,1130000,0,140450
100,1.36E+08,1.78E+06,1130000,1130000,0,140450
100,1.40E+08,1.78E+06,1130000,1130000,0,154300
100,1.40E+08,1.78E+06,1130000,1130000,0,154500
100,1.40E+08,1.78E+06,1130000,1130000,0,154650
100,1.40E+08,1.78E+06,1130000,1130000,0,154650
100,1.40E+08,1.78E+06,1130000,1130000,0,154650
100,1.40E+08,1.78E+06,1130000,1130000,0,154650
100,1.40E+08,1.78E+06,1130000,1130000,0,154750
100,1.40E+08,1.78E+06,1130000,1130000,0,154750
100,1.40E+08,1.78E+06,1130000,1130000,0,155250
100,1.40E+08,1.78E+06,1130000,1130000,0,155250
100,1.40E+08,1.78E+06,1130000,1130000,0,155250
100,1.41E+08,1.78E+06,1130000,1130000,0,155450
100,1.45E+08,1.78E+06,1130000,1130000,0,168750
100,1.45E+08,1.78E+06,1130000,1130000,0,169400
100,1.45E+08,1.80E+06,1130000,1130000,0,169400
100,1.45E+08,1.78E+06,1130000,1130000,0,169400
100,1.45E+08,1.78E+06,1130000,1130000,0,169400
100,1.45E+08,1.78E+06,1130000,1130000,0,169400
100,1.45E+08,1.78E+06,1130000,1130000,0,169400
100,1.45E+08,1.78E+06,1130000,1130000,0,169400
100,1.45E+08,1.78E+06,1130000,1130000,0,169400
100,1.36E+08,1.78E+06,1130001,1129999,0,139300
100,1.46E+08,1.83E+06,1130002,1129999,0,170800
100,1.47E+08,1.80E+06,1130008,1130008,0,177300
100,1.36E+08,1.78E+06,1130012,1130012,0,139650
100,1.46E+08,1.78E+06,1130012,1130013,0,175250
100,1.43E+08,1.78E+06,1130014,1130014,0,160150
100,1.43E+08,1.78E+06,1130015,1130016,0,163550
100,1.36E+08,1.79E+06,1130018,1130018,0,139650
100,1.36E+08,1.81E+06,1130022,1130019,0,139650
100,1.40E+08,1.78E+06,1130028,1130028,0,152950
100,1.43E+08,1.82E+06,1130037,1130036,0,162150
100,1.47E+08,1.79E+06,1130040,1130041,0,177150
100,1.40E+08,1.78E+06,1130044,1130045,0,154050
100,1.36E+08,1.84E+06,1130045,1130045,0,139200
100,1.45E+08,1.81E+06,1130047,1130047,0,169400
100,1.45E+08,1.78E+06,1130051,1130051,0,169400
100,1.36E+08,1.78E+06,1130053,1130053,0,142000
100,1.47E+08,1.81E+06,1130059,1130061,0,177400
100,1.47E+08,1.78E+06,1130060,1130060,0,177300
100,1.47E+08,1.78E+06,1130065,1130065,0,178800
100,1.45E+08,1.91E+06,1130066,1130059,0,168750
100,1.40E+08,1.78E+06,1130068,1130068,0,154500
100,1.41E+08,1.78E+06,1130068,1130068,0,155800
100,1.45E+08,1.80E+06,1130071,1130066,0,168750
100,1.47E+08,1.78E+06,1130072,1130072,0,178800
100,1.47E+08,1.78E+06,1130074,1130077,0,178800
100,1.46E+08,1.82E+06,1130078,1130078,0,173850
100,1.45E+08,1.78E+06,1130084,1130084,0,169800
100,1.47E+08,1.78E+06,1130096,1130096,0,178400
100,1.43E+08,1.80E+06,1130099,1130099,0,163550
100,1.43E+08,1.80E+06,1130110,1130109,0,160050
100,1.47E+08,1.78E+06,1130111,1130111,0,177100
100,1.47E+08,1.81E+06,1130118,1130118,0,178800
100,1.36E+08,1.78E+06,1130119,1130119,0,139550
100,1.43E+08,1.79E+06,1130127,1130127,0,161150
100,1.40E+08,1.79E+06,1130130,1130132,0,154050
100,1.39E+08,1.78E+06,1130131,1130133,0,151950
100,1.36E+08,1.84E+06,1130132,1130132,0,139150
100,1.47E+08,1.78E+06,1130132,1130132,0,178800
100,1.43E+08,1.78E+06,1130135,1130135,0,163250
100,1.47E+08,1.78E+06,1130144,1130145,0,178800
100,1.40E+08,1.78E+06,1130147,1130146,0,154050
100,1.47E+08,1.78E+06,1130149,1130144,0,176350
100,1.39E+08,1.78E+06,1130155,1130153,0,150400
100,1.45E+08,1.78E+06,1130155,1130155,0,168650
100,1.47E+08,1.78E+06,1130155,1130155,0,176000
100,1.44E+08,1.78E+06,1130162,1130162,0,167400
100,1.45E+08,1.81E+06,1130168,1130165,0,168700
100,1.47E+08,1.79E+06,1130168,1130166,0,176350
100,1.41E+08,1.78E+06,1130169,1130170,0,157850
100,1.47E+08,1.84E+06,1130182,1130182,0,177400
100,1.45E+08,1.78E+06,1130187,1130187,0,168900
100,1.36E+08,1.82E+06,1130194,1130196,0,139150
100,1.47E+08,1.81E+06,1130194,1130198,0,177100
100,1.40E+08,1.78E+06,1130196,1130197,0,153200
100,1.46E+08,1.79E+06,1130196,1130197,0,173850
100,1.42E+08,1.81E+06,1130197,1130197,0,159600
100,1.47E+08,1.83E+06,1130209,1130209,0,177150
100,1.40E+08,1.78E+06,1130210,1130210,0,153750
100,1.40E+08,1.79E+06,1130211,1130211,0,154050
100,1.45E+08,1.79E+06,1130212,1130213,0,168900
100,1.40E+08,1.80E+06,1130218,1130220,0,154050
100,1.44E+08,1.78E+06,1130223,1130223,0,165350
100,1.47E+08,1.78E+06,1130224,1130224,0,176200
100,1.45E+08,1.78E+06,1130234,1130230,0,168900
100,1.44E+08,1.79E+06,1130235,1130237,0,165500
100,1.44E+08,1.81E+06,1130246,1130246,0,167400
100,1.47E+08,1.87E+06,1130251,1130249,0,177150
100,1.45E+08,1.80E+06,1130254,1130256,0,169650
100,1.44E+08,1.79E+06,1130256,1130256,0,165650
100,1.45E+08,1.78E+06,1130263,1130260,0,169800
100,1.47E+08,1.80E+06,1130268,1130268,0,178800
100,1.39E+08,1.80E+06,1130278,1130277,0,151950
100,1.47E+08,1.79E+06,1130282,1130282,0,176350
100,1.47E+08,1.78E+06,1130283,1130282,0,176000
100,1.36E+08,1.78E+06,1130286,1130286,0,139550
100,1.46E+08,1.79E+06,1130302,1130302,0,175250
100,1.47E+08,1.80E+06,1130302,1130302,0,178800
100,1.45E+08,1.78E+06,1130303,1130303,0,169400
100,1.41E+08,1.78E+06,1130305,1130309,0,156600
100,1.47E+08,1.81E+06,1130310,1130309,0,176350
100,1.43E+08,1.78E+06,1130311,1130311,0,163550
100,1.44E+08,1.78E+06,1130311,1130310,0,165650
100,1.36E+08,1.79E+06,1130313,1130312,0,139300
100,1.46E+08,1.78E+06,1130321,1130321,0,170800
100,1.41E+08,1.78E+06,1130322,1130323,0,155800
100,1.40E+08,1.78E+06,1130323,1130326,0,152950
100,1.47E+08,1.78E+06,1130325,1127075,0,178800
100,1.40E+08,1.78E+06,1130327,1130327,0,152950
100,1.47E+08,1.78E+06,1130330,1130330,0,177400
100,1.44E+08,1.78E+06,1130331,1130329,0,165650
100,1.47E+08,1.79E+06,1130331,1130335,0,176000
100,1.39E+08,1.78E+06,1130332,1130333,0,150400
100,1.45E+08,1.78E+06,1130332,1130332,0,168750
100,1.45E+08,1.78E+06,1130336,1130336,0,169400
100,1.45E+08,1.78E+06,1130340,1130339,0,170800
100,1.47E+08,1.78E+06,1130340,1130340,0,177100
100,1.47E+08,1.78E+06,1130343,1130345,0,177100
100,1.36E+08,1.78E+06,1130351,1130352,0,139300
100,1.36E+08,1.78E+06,1130355,1130357,0,139650
100,1.36E+08,1.78E+06,1130357,1130359,0,139550
100,1.43E+08,1.78E+06,1130359,1130359,0,162150
100,1.40E+08,1.78E+06,1130366,1130366,0,153200
100,1.40E+08,1.78E+06,1130372,1130368,0,153200
100,1.44E+08,1.79E+06,1130372,1130372,0,167400
100,1.47E+08,1.79E+06,1130379,1130380,0,178800
100,1.39E+08,1.79E+06,1130390,1130391,0,149600
100,1.46E+08,1.79E+06,1130391,1130390,0,170850
100,1.47E+08,1.78E+06,1130393,1130393,0,177300
100,1.36E+08,1.78E+06,1130405,1130404,0,139650
100,1.47E+08,1.81E+06,1130406,1130406,0,178400
100,1.47E+08,1.78E+06,1130407,1130403,0,178800
100,1.46E+08,1.80E+06,1130410,1130410,0,173700
100,1.35E+08,2.23E+06,1130422,1130421,0,138750
100,1.45E+08,1.78E+06,1130425,1130425,0,169400
100,1.39E+08,1.80E+06,1130430,1130430,0,151950
100,1.39E+08,1.78E+06,1130434,1130430,0,151950
100,1.36E+08,1.78E+06,1130436,1130436,0,139300
100,1.43E+08,1.78E+06,1130439,1130439,0,163550
100,1.45E+08,1.78E+06,1130441,1130445,0,168650
100,1.42E+08,1.78E+06,1130442,1130443,0,158900
100,1.43E+08,1.80E+06,1130458,1130458,0,160050
100,1.45E+08,1.81E+06,1130468,1130468,0,168900
100,1.40E+08,1.78E+06,1130469,1130469,0,153050
100,1.36E+08,1.78E+06,1130474,1130473,0,142750
100,1.36E+08,1.78E+06,1130479,1130480,0,139300
100,1.43E+08,1.78E+06,1130484,1130485,0,163550
100,1.46E+08,1.78E+06,1130486,1130485,0,175250
100,1.47E+08,1.78E+06,1130486,1130486,0,177150
100,1.45E+08,1.79E+06,1130490,1130486,0,169800
100,1.36E+08,1.78E+06,1130503,1130502,0,139300
100,1.47E+08,1.80E+06,1130503,1130503,0,177100
100,1.41E+08,1.80E+06,1130521,1130520,0,157900
100,1.46E+08,1.78E+06,1130526,1130526,0,170800
100,1.45E+08,1.79E+06,1130528,1130528,0,169400
100,1.41E+08,1.78E+06,1130530,1130530,0,156700
100,1.39E+08,1.78E+06,1130532,1130529,0,151950
100,1.36E+08,1.78E+06,1130536,1130536,0,139750
100,1.36E+08,1.78E+06,1130538,1130539,0,139650
100,1.40E+08,1.78E+06,1130541,1130541,0,154300
100,1.46E+08,1.80E+06,1130543,1130543,0,173850
100,1.47E+08,1.78E+06,1130544,1130541,0,176850
100,1.47E+08,1.79E+06,1130544,1130544,0,177750
100,1.41E+08,1.78E+06,1130558,1130559,0,156700
100,1.47E+08,1.79E+06,1130565,1130565,0,176350
100,1.46E+08,1.81E+06,1130566,1130566,0,173850
100,1.43E+08,1.78E+06,1130574,1130574,0,162150
100,1.47E+08,1.78E+06,1130577,1130577,0,176850
100,1.39E+08,1.78E+06,1130585,1130586,0,151950
100,1.47E+08,1.80E+06,1130593,1130592,0,176350
100,1.47E+08,1.78E+06,1130610,1130610,0,176000
100,1.45E+08,1.80E+06,1130622,1130622,0,168750
100,1.36E+08,1.81E+06,1130623,1130621,0,139300
100,1.39E+08,1.78E+06,1130624,1130623,0,150650
100,1.47E+08,1.78E+06,1130626,1130626,0,178400
100,1.47E+08,1.78E+06,1130640,1130639,0,176350
100,1.39E+08,1.87E+06,1130643,1130641,0,149500
100,1.36E+08,1.79E+06,1130646,1130646,0,139550
100,1.47E+08,1.79E+06,1130647,1130647,0,176200
100,1.47E+08,1.80E+06,1130649,1130649,0,178800
100,1.40E+08,1.78E+06,1130650,1130649,0,154300
100,1.39E+08,1.78E+06,1130654,1130654,0,149500
100,1.36E+08,1.79E+06,1130661,1130661,0,141000
100,1.36E+08,1.81E+06,1130667,1130667,0,139650
100,1.45E+08,1.78E+06,1130672,1130670,0,168650
100,1.47E+08,1.78E+06,1130687,1130687,0,178800
100,1.45E+08,1.78E+06,1130691,1130687,0,168650
100,1.40E+08,1.79E+06,1130692,1130692,0,154050
100,1.47E+08,1.78E+06,1130697,1130697,0,177750
100,1.45E+08,1.78E+06,1130701,1130701,0,169800
100,1.37E+08,1.78E+06,1130718,1130718,0,143900
100,1.47E+08,1.80E+06,1130718,1130718,0,178400
100,1.40E+08,1.78E+06,1130724,1130724,0,153500
100,1.43E+08,1.82E+06,1130736,1130736,0,163550
100,1.45E+08,1.78E+06,1130736,1130735,0,168750
100,1.45E+08,1.80E+06,1130740,1130736,0,168750
100,1.41E+08,1.78E+06,1130744,1130745,0,156000
100,1.46E+08,1.78E+06,1130745,1130743,0,170800
100,1.47E+08,1.79E+06,1130749,1130749,0,176200
100,1.44E+08,1.78E+06,1130753,1130753,0,163900
100,1.42E+08,1.78E+06,1130754,1130757,0,159100
100,1.44E+08,1.78E+06,1130761,1130761,0,165650
100,1.46E+08,1.80E+06,1130780,1130780,0,170800
100,1.36E+08,1.80E+06,1130788,1130788,0,139300
100,1.45E+08,1.80E+06,1130793,1130793,0,168650
100,1.41E+08,1.78E+06,1130794,1130794,0,157850
100,1.36E+08,1.78E+06,1130801,1130800,0,139750
100,1.40E+08,1.78E+06,1130813,1130813,0,153350
100,1.44E+08,1.78E+06,1130813,1130816,0,165500
100,1.47E+08,1.78E+06,1130814,1130814,0,177300
100,1.46E+08,1.80E+06,1130821,1130823,0,170800
100,1.36E+08,1.78E+06,1130829,1130829,0,139550
100,1.45E+08,1.78E+06,1130834,1130835,0,168650
100,1.47E+08,1.78E+06,1130837,1130837,0,178250
100,1.44E+08,1.78E+06,1130838,1130838,0,165650
100,1.36E+08,1.78E+06,1130842,1130841,0,142050
100,1.47E+08,1.82E+06,1130848,1130847,0,178800
100,1.46E+08,1.78E+06,1130863,1130859,0,173200
100,1.45E+08,1.78E+06,1130868,1130868,0,168650
100,1.36E+08,1.78E+06,1130869,1130869,0,139650
100,1.36E+08,1.78E+06,1130886,1130891,0,139650
100,1.45E+08,1.78E+06,1130890,1130890,0,168700
100,1.34E+08,2.34E+06,1130902,1130898,0,138750
100,1.45E+08,1.80E+06,1130903,1130898,0,169800
100,1.36E+08,1.78E+06,1130908,1130910,0,139300
100,1.47E+08,1.78E+06,1130930,1130930,0,176850
100,1.41E+08,1.81E+06,1130935,1130935,0,156600
100,1.46E+08,1.78E+06,1130939,1130943,0,175250
100,1.43E+08,1.85E+06,1130942,1130942,0,163550
100,1.40E+08,1.78E+06,1130944,1130938,0,153050
100,1.40E+08,1.79E+06,1130949,1130948,0,152950
100,1.35E+08,1.96E+06,1130956,1130956,0,138750
100,1.47E+08,1.82E+06,1130963,1130963,0,176350
100,1.36E+08,1.79E+06,1130967,1130966,0,139300
100,1.47E+08,1.79E+06,1130996,1130990,0,177300
100,1.47E+08,1.78E+06,1131000,1131000,0,178800
100,1.43E+08,1.87E+06,1131002,1131000,0,163550
100,1.47E+08,1.78E+06,1131013,1131011,0,177750
100,1.37E+08,1.78E+06,1131018,1131020,0,144050
100,1.45E+08,1.78E+06,1131045,1131045,0,168700
100,1.36E+08,1.78E+06,1131063,1131061,0,139650
100,1.36E+08,1.78E+06,1131069,1131062,0,139300
100,1.43E+08,1.78E+06,1131069,1131069,0,163200
100,1.46E+08,1.79E+06,1131070,1131070,0,173200
100,1.47E+08,1.79E+06,1131077,1131079,0,176200
100,1.44E+08,1.78E+06,1131078,1131078,0,167400
100,1.40E+08,1.80E+06,1131082,1131082,0,154300
100,1.40E+08,1.78E+06,1131086,1131082,0,153200
100,1.47E+08,1.78E+06,1131086,1131086,0,176000
100,1.47E+08,1.80E+06,1131088,1131090,0,177750
100,1.47E+08,1.81E+06,1131094,1131094,0,178400
100,1.39E+08,1.86E+06,1131098,1131096,0,151950
100,1.39E+08,1.79E+06,1131099,1131095,0,151950
100,1.36E+08,1.78E+06,1131100,1131096,0,139300
100,1.45E+08,1.78E+06,1131104,1131104,0,167500
100,1.36E+08,1.78E+06,1131105,1131104,0,139550
100,1.36E+08,1.78E+06,1131112,1131110,0,142750
100,1.47E+08,1.78E+06,1131112,1131112,0,177300
100,1.47E+08,1.78E+06,1131121,1131123,0,177300
100,1.40E+08,1.78E+06,1131122,1131121,0,153050
100,1.36E+08,1.78E+06,1131125,1131123,0,139650
100,1.37E+08,1.78E+06,1131130,1131130,0,144000
100,1.47E+08,1.79E+06,1131138,1131139,0,178800
100,1.36E+08,1.78E+06,1131141,1131140,0,139300
100,1.43E+08,1.80E+06,1131141,1131141,0,163550
100,1.47E+08,1.78E+06,1131144,1131146,0,178800
100,1.45E+08,1.83E+06,1131147,1131147,0,168900
100,1.45E+08,1.85E+06,1131150,1131147,0,168900
100,1.39E+08,1.78E+06,1131152,1131149,0,149500
100,1.47E+08,1.80E+06,1131153,1131153,0,177300
100,1.36E+08,1.78E+06,1131159,1131160,0,139550
100,1.44E+08,1.78E+06,1131175,1131174,0,165350
100,1.39E+08,1.78E+06,1131179,1131179,0,151950
100,1.39E+08,1.78E+06,1131183,1131183,0,149750
100,1.47E+08,1.78E+06,1131198,1131195,0,177400
100,1.47E+08,1.92E+06,1131199,1131196,0,178800
100,1.46E+08,1.78E+06,1131201,1131201,0,173000
100,1.47E+08,1.78E+06,1131212,1131212,0,178800
100,1.44E+08,1.84E+06,1131213,1131213,0,167400
100,1.45E+08,1.78E+06,1131219,1131219,0,168750
100,1.47E+08,1.79E+06,1131221,1131223,0,178800
100,1.47E+08,1.78E+06,1131222,1131221,0,176000
100,1.40E+08,1.78E+06,1131223,1131221,0,154050
100,1.44E+08,1.80E+06,1131223,1131223,0,164950
100,1.47E+08,1.81E+06,1131224,1131224,0,177300
100,1.47E+08,1.78E+06,1131224,1131220,0,177400
100,1.47E+08,1.78E+06,1131234,1131234,0,177750
100,1.40E+08,1.79E+06,1131240,1131243,0,154300
100,1.36E+08,1.78E+06,1131245,1131245,0,139550
100,1.43E+08,1.78E+06,1131255,1131255,0,161400
100,1.36E+08,1.78E+06,1131259,1131258,0,139300
100,1.41E+08,1.78E+06,1131262,1131262,0,156600
100,1.40E+08,1.80E+06,1131264,1131264,0,154300
100,1.47E+08,1.78E+06,1131269,1131269,0,178800
100,1.38E+08,1.78E+06,1131271,1131268,0,147800
100,1.46E+08,1.78E+06,1131275,1131278,0,170800
100,1.47E+08,1.78E+06,1131278,1131278,0,176850
100,1.47E+08,1.78E+06,1131283,1131283,0,177300
100,1.47E+08,1.80E+06,1131285,1131285,0,177300
100,1.36E+08,1.78E+06,1131300,1131300,0,139650
100,1.47E+08,1.78E+06,1131316,1131316,0,177750
100,1.44E+08,1.84E+06,1131320,1131318,0,167200
100,1.38E+08,1.78E+06,1131325,1131321,0,147850
100,1.36E+08,1.78E+06,1131338,1131338,0,139300
100,1.47E+08,1.81E+06,1131347,1131347,0,178800
100,1.39E+08,1.78E+06,1131350,1131350,0,150400
100,1.44E+08,1.82E+06,1131355,1131354,0,167200
100,1.45E+08,1.78E+06,1131355,1131355,0,168750
100,1.45E+08,1.78E+06,1131364,1131364,0,169800
100,1.47E+08,1.81E+06,1131364,1131364,0,178400
100,1.40E+08,1.78E+06,1131365,1131365,0,154050
100,1.41E+08,1.78E+06,1131365,1131362,0,155700
100,1.36E+08,1.78E+06,1131381,1131383,0,139550
100,1.46E+08,1.78E+06,1131390,1131391,0,173200
100,1.45E+08,1.82E+06,1131401,1131401,0,168650
100,1.45E+08,1.78E+06,1131405,1131404,0,169800
100,1.47E+08,1.79E+06,1131407,1131406,0,176200
100,1.41E+08,1.80E+06,1131410,1131409,0,156600
100,1.44E+08,1.78E+06,1131415,1131407,0,165650
100,1.46E+08,1.78E+06,1131424,1131424,0,175250
100,1.44E+08,1.78E+06,1131436,1131436,0,164950
100,1.47E+08,1.79E+06,1131444,1131444,0,177300
100,1.46E+08,1.78E+06,1131458,1131462,0,175250
100,1.47E+08,1.80E+06,1131458,1131458,0,177100
100,1.47E+08,1.79E+06,1131465,1131465,0,178800
100,1.36E+08,1.78E+06,1131467,1131467,0,142000
100,1.47E+08,1.78E+06,1131470,1131470,0,178800
100,1.45E+08,1.78E+06,1131471,1131471,0,168750
100,1.47E+08,1.78E+06,1131481,1131479,0,177300
100,1.47E+08,1.80E+06,1131482,1131481,0,178900
100,1.46E+08,1.78E+06,1131499,1131499,0,170800
100,1.45E+08,1.78E+06,1131500,1131499,0,168750
100,1.41E+08,1.83E+06,1131504,1131502,0,157900
100,1.43E+08,1.78E+06,1131504,1131504,0,163250
100,1.45E+08,1.78E+06,1131516,1131515,0,169400
100,1.45E+08,1.78E+06,1131533,1131535,0,169400
100,1.47E+08,1.78E+06,1131547,1131547,0,176000
100,1.45E+08,1.81E+06,1131556,1131556,0,169400
100,1.47E+08,1.78E+06,1131557,1131557,0,176850
100,1.40E+08,1.78E+06,1131558,1131561,0,154300
100,1.45E+08,1.82E+06,1131580,1131580,0,168700
100,1.44E+08,1.81E+06,1131588,1131588,0,167400
100,1.46E+08,1.78E+06,1131588,1131587,0,175250
100,1.36E+08,1.78E+06,1131590,1131590,0,139300
100,1.45E+08,1.78E+06,1131590,1131590,0,169400
100,1.40E+08,1.78E+06,1131591,1131591,0,154050
100,1.43E+08,1.79E+06,1131592,1131592,0,163250
100,1.40E+08,1.78E+06,1131593,1131592,0,154300
100,1.43E+08,1.78E+06,1131598,1131598,0,163550
100,1.42E+08,1.79E+06,1131604,1131604,0,158900
100,1.42E+08,1.80E+06,1131604,1131604,0,159100
100,1.36E+08,1.78E+06,1131611,1131609,0,139300
100,1.45E+08,1.78E+06,1131611,1131611,0,169800
100,1.41E+08,1.78E+06,1131624,1131620,0,157850
100,1.46E+08,1.80E+06,1131626,1131626,0,170800
100,1.38E+08,1.78E+06,1131628,1131628,0,147200
100,1.45E+08,1.78E+06,1131628,1131628,0,168650
100,1.37E+08,1.79E+06,1131630,1131631,0,144350
100,1.47E+08,1.78E+06,1131639,1131639,0,177300
100,1.45E+08,1.79E+06,1131641,1131639,0,169800
100,1.41E+08,1.80E+06,1131647,1131641,0,157350
100,1.47E+08,1.78E+06,1131653,1131653,0,177750
100,1.43E+08,1.78E+06,1131654,1131655,0,163550
100,1.46E+08,1.78E+06,1131658,1131655,0,170800
100,1.45E+08,1.78E+06,1131666,1131661,0,168900
100,1.39E+08,1.78E+06,1131669,1131670,0,149500
100,1.45E+08,1.83E+06,1131671,1131670,0,168900
100,1.47E+08,1.78E+06,1131672,1131671,0,177100
100,1.36E+08,1.78E+06,1131685,1131685,0,143350
100,1.40E+08,1.78E+06,1131690,1131692,0,154300
100,1.36E+08,1.83E+06,1131692,1131693,0,139150
100,1.40E+08,1.78E+06,1131694,1131695,0,153200
100,1.41E+08,1.78E+06,1131694,1131696,0,156600
100,1.45E+08,1.78E+06,1131701,1131701,0,168750
100,1.47E+08,1.78E+06,1131702,1131702,0,177300
100,1.46E+08,1.79E+06,1131705,1131705,0,173200
100,1.38E+08,1.78E+06,1131708,1131708,0,147800
100,1.45E+08,1.78E+06,1131710,1131710,0,169800
100,1.46E+08,1.80E+06,1131716,1131716,0,170800
100,1.36E+08,1.78E+06,1131720,1131720,0,139650
100,1.47E+08,1.78E+06,1131726,1131727,0,177300
100,1.36E+08,1.78E+06,1131732,1131732,0,142750
100,1.41E+08,1.78E+06,1131735,1131735,0,157850
100,1.42E+08,1.78E+06,1131737,1131738,0,159600
100,1.47E+08,1.79E+06,1131739,1131742,0,176200
100,1.47E+08,1.78E+06,1131759,1131757,0,176850
100,1.47E+08,1.79E+06,1131769,1131766,0,178050
100,1.42E+08,1.78E+06,1131771,1131771,0,158900
100,1.47E+08,1.79E+06,1131778,1131778,0,176000
100,1.41E+08,1.80E+06,1131779,1131779,0,157850
100,1.44E+08,1.78E+06,1131781,1131784,0,165350
100,1.39E+08,1.80E+06,1131784,1131784,0,151950
100,1.36E+08,1.78E+06,1131790,1131790,0,142000
100,1.46E+08,1.78E+06,1131792,1131792,0,173200
100,1.41E+08,1.78E+06,1131799,1131800,0,156000
100,1.40E+08,1.82E+06,1131802,1131802,0,153200
100,1.47E+08,1.80E+06,1131804,1131803,0,176850
100,1.38E+08,1.78E+06,1131809,1131807,0,147200
100,1.40E+08,1.78E+06,1131809,1131809,0,153750
100,1.41E+08,1.80E+06,1131811,1131810,0,156700
100,1.46E+08,1.80E+06,1131830,1131830,0,173850
100,1.47E+08,1.79E+06,1131831,1131831,0,178400
100,1.36E+08,1.78E+06,1131833,1131833,0,139300
100,1.46E+08,1.78E+06,1131842,1131842,0,170800
100,1.40E+08,1.79E+06,1131843,1131841,0,153200
100,1.36E+08,1.79E+06,1131845,1131845,0,142750
100,1.47E+08,1.78E+06,1131847,1131847,0,177400
100,1.47E+08,1.78E+06,1131850,1131850,0,176350
100,1.45E+08,1.81E+06,1131852,1131853,0,168900
100,1.39E+08,1.79E+06,1131855,1131857,0,150400
100,1.47E+08,1.81E+06,1131859,1131859,0,177300
100,1.42E+08,1.79E+06,1131863,1131863,0,159600
100,1.40E+08,1.78E+06,1131874,1131874,0,154050
100,1.39E+08,1.78E+06,1131900,1131900,0,151950
100,1.41E+08,1.78E+06,1131900,1131900,0,156600
100,1.40E+08,1.78E+06,1131901,1131900,0,152300
100,1.46E+08,1.84E+06,1131908,1131908,0,173850
100,1.47E+08,1.78E+06,1131909,1131909,0,178800
100,1.38E+08,1.78E+06,1131913,1131912,0,147850
100,1.47E+08,1.78E+06,1131918,1131918,0,178800
100,1.40E+08,1.78E+06,1131921,1131922,0,152950
100,1.43E+08,1.79E+06,1131924,1131923,0,162550
100,1.36E+08,1.82E+06,1131932,1131932,0,139300
100,1.47E+08,1.78E+06,1131933,1131934,0,177300
100,1.47E+08,1.79E+06,1131947,1131947,0,176850
100,1.36E+08,1.80E+06,1131950,1131950,0,139150
100,1.39E+08,1.80E+06,1131952,1131952,0,149600
100,1.36E+08,1.78E+06,1131956,1131956,0,139300
100,1.40E+08,1.78E+06,1131958,1131958,0,153200
100,1.41E+08,1.82E+06,1131959,1131959,0,156600
100,1.43E+08,1.78E+06,1131962,1131962,0,161400
100,1.40E+08,1.79E+06,1131965,1131964,0,153350
100,1.40E+08,1.78E+06,1131971,1131971,0,153500
100,1.41E+08,1.78E+06,1131976,1131976,0,156000
100,1.40E+08,1.79E+06,1131981,1131981,0,154300
100,1.46E+08,1.78E+06,1131995,1131995,0,170800
100,1.47E+08,1.78E+06,1131995,1131995,0,177150
100,1.37E+08,1.78E+06,1132001,1132000,0,143900
100,1.36E+08,1.78E+06,1132008,1132011,0,139650
100,1.39E+08,1.78E+06,1132010,1132009,0,149750
100,1.47E+08,1.79E+06,1132018,1132018,0,176350
100,1.47E+08,1.78E+06,1132020,1132022,0,177100
100,1.47E+08,1.80E+06,1132025,1132024,0,178800
100,1.46E+08,1.81E+06,1132039,1132039,0,173850
100,1.47E+08,1.78E+06,1132043,1132043,0,178800
100,1.47E+08,1.78E+06,1132044,1132047,0,176200
100,1.36E+08,1.88E+06,1132052,1132048,0,139300
100,1.47E+08,1.78E+06,1132054,1132055,0,176000
100,1.43E+08,1.79E+06,1132058,1132058,0,162150
100,1.47E+08,1.79E+06,1132059,1132059,0,178800
100,1.43E+08,1.78E+06,1132064,1132060,0,163250
100,1.36E+08,1.78E+06,1132074,1132073,0,139300
100,1.47E+08,1.78E+06,1132078,1132076,0,176200
100,1.41E+08,1.78E+06,1132087,1132084,0,157850
100,1.44E+08,1.79E+06,1132089,1132089,0,167400
100,1.43E+08,1.79E+06,1132097,1132091,0,160050
100,1.47E+08,1.79E+06,1132097,1132097,0,178800
100,1.43E+08,1.78E+06,1132098,1132098,0,163250
100,1.39E+08,1.78E+06,1132099,1132097,0,151950
100,1.43E+08,1.78E+06,1132104,1132101,0,162150
100,1.46E+08,1.79E+06,1132107,1132107,0,170800
100,1.44E+08,1.78E+06,1132108,1132107,0,165350
100,1.39E+08,1.78E+06,1132110,1132110,0,149750
100,1.41E+08,1.78E+06,1132115,1132115,0,155800
100,1.46E+08,1.80E+06,1132117,1132117,0,170800
100,1.42E+08,1.81E+06,1132119,1132121,0,159100
100,1.47E+08,1.80E+06,1132121,1132121,0,177300
100,1.46E+08,1.86E+06,1132122,1132119,0,170800
100,1.47E+08,1.83E+06,1132128,1132125,0,176200
100,1.47E+08,1.78E+06,1132137,1132137,0,177300
100,1.42E+08,1.79E+06,1132139,1132141,0,159600
100,1.43E+08,1.80E+06,1132142,1132141,0,160800
100,1.36E+08,1.78E+06,1132145,1132145,0,139300
100,1.36E+08,1.78E+06,1132146,1132147,0,139550
100,1.43E+08,1.78E+06,1132148,1132148,0,163200
100,1.45E+08,1.78E+06,1132154,1132156,0,168700
100,1.39E+08,1.80E+06,1132155,1132155,0,151950
100,1.43E+08,1.78E+06,1132158,1132158,0,163550
100,1.47E+08,1.78E+06,1132163,1132163,0,178400
100,1.47E+08,1.79E+06,1132164,1132165,0,177300
100,1.40E+08,1.78E+06,1132166,1132167,0,154300
100,1.45E+08,1.79E+06,1132178,1132178,0,168900
100,1.36E+08,1.78E+06,1132180,1132179,0,139300
100,1.46E+08,1.78E+06,1132181,1132182,0,173000
100,1.36E+08,1.81E+06,1132183,1132183,0,139300
100,1.45E+08,1.78E+06,1132186,1132186,0,169400
100,1.45E+08,1.79E+06,1132187,1132187,0,168750
100,1.45E+08,1.79E+06,1132192,1132193,0,168750
100,1.44E+08,1.80E+06,1132193,1132193,0,165650
100,1.43E+08,1.78E+06,1132198,1132202,0,163250
100,1.46E+08,1.80E+06,1132198,1132198,0,170800
100,1.46E+08,1.78E+06,1132199,1132200,0,173200
100,1.40E+08,1.80E+06,1132206,1132203,0,154300
100,1.47E+08,1.79E+06,1132206,1132206,0,177400
100,1.36E+08,1.78E+06,1132209,1132209,0,139550
100,1.40E+08,1.79E+06,1132211,1132211,0,153500
100,1.41E+08,1.78E+06,1132217,1132217,0,156600
100,1.42E+08,1.78E+06,1132218,1132219,0,159600
100,1.40E+08,1.80E+06,1132222,1132222,0,152950
100,1.45E+08,1.78E+06,1132231,1132229,0,168750
100,1.44E+08,1.78E+06,1132232,1132232,0,167400
100,1.45E+08,1.80E+06,1132234,1132234,0,169800
100,1.46E+08,1.78E+06,1132235,1132233,0,170800
100,1.43E+08,1.78E+06,1132237,1132237,0,163550
100,1.41E+08,1.84E+06,1132238,1132237,0,155800
100,1.36E+08,1.78E+06,1132245,1132244,0,139300
100,1.46E+08,1.78E+06,1132245,1132243,0,175250
100,1.37E+08,1.78E+06,1132246,1132248,0,144350
100,1.47E+08,1.81E+06,1132246,1132245,0,178900
100,1.40E+08,1.78E+06,1132248,1132248,0,152950
100,1.41E+08,1.81E+06,1132248,1132248,0,156600
100,1.47E+08,1.79E+06,1132251,1132247,0,177100
100,1.40E+08,1.78E+06,1132252,1132252,0,152950
100,1.47E+08,1.78E+06,1132255,1132255,0,176000
100,1.36E+08,1.78E+06,1132259,1132260,0,139550
100,1.47E+08,1.80E+06,1132263,1132263,0,177300
100,1.47E+08,1.79E+06,1132268,1132269,0,178800
100,1.45E+08,1.86E+06,1132272,1132272,0,168650
100,1.36E+08,1.78E+06,1132280,1132283,0,139300
100,1.47E+08,1.78E+06,1132283,1132283,0,177100
100,1.47E+08,1.78E+06,1132290,1132288,0,176350
100,1.45E+08,1.78E+06,1132294,1132294,0,169400
100,1.40E+08,1.78E+06,1132295,1132295,0,154050
100,1.46E+08,1.79E+06,1132297,1132297,0,170800
100,1.47E+08,1.79E+06,1132302,1132306,0,177300
100,1.45E+08,1.78E+06,1132306,1132306,0,168650
100,1.43E+08,1.78E+06,1132309,1132306,0,163250
100,1.46E+08,1.82E+06,1132310,1132310,0,175250
100,1.36E+08,1.78E+06,1132312,1132312,0,139650
100,1.39E+08,1.78E+06,1132312,1132311,0,149600
100,1.45E+08,1.79E+06,1132315,1132315,0,169800
100,1.47E+08,1.78E+06,1132324,1132324,0,177750
100,1.42E+08,1.79E+06,1132329,1132327,0,159600
100,1.46E+08,1.79E+06,1132329,1132325,0,170800
100,1.46E+08,1.78E+06,1132332,1132337,0,170800
100,1.41E+08,1.82E+06,1132334,1132336,0,156600
100,1.45E+08,1.80E+06,1132343,1132343,0,168700
100,1.45E+08,1.78E+06,1132345,1132345,0,168650
100,1.44E+08,1.78E+06,1132346,1132346,0,165650
100,1.43E+08,1.79E+06,1132359,1132360,0,163550
100,1.47E+08,1.78E+06,1132362,1132365,0,177100
100,1.44E+08,1.78E+06,1132377,1132377,0,165650
100,1.45E+08,1.78E+06,1132380,1132380,0,168750
100,1.39E+08,1.80E+06,1132384,1132384,0,149500
100,1.39E+08,1.80E+06,1132385,1132382,0,150150
100,1.45E+08,1.79E+06,1132385,1132385,0,168750
100,1.46E+08,1.81E+06,1132387,1132387,0,175250
100,1.47E+08,1.78E+06,1132388,1132390,0,178800
100,1.44E+08,1.78E+06,1132390,1132392,0,167400
100,1.47E+08,1.78E+06,1132403,1132403,0,177400
100,1.40E+08,1.78E+06,1132405,1132404,0,154300
100,1.47E+08,1.79E+06,1132407,1132407,0,177300
100,1.36E+08,1.78E+06,1132415,1132411,0,139300
100,1.43E+08,1.83E+06,1132426,1132426,0,163550
100,1.40E+08,1.78E+06,1132433,1132434,0,152950
100,1.41E+08,1.78E+06,1132434,1132434,0,156600
100,1.40E+08,1.78E+06,1132437,1132437,0,154050
100,1.44E+08,1.87E+06,1132439,1132438,0,167400
100,1.47E+08,1.80E+06,1132440,1132440,0,176350
100,1.47E+08,1.80E+06,1132440,1132440,0,177400
100,1.40E+08,1.78E+06,1132452,1132452,0,154300
100,1.36E+08,1.78E+06,1132454,1132446,0,139300
100,1.47E+08,1.78E+06,1132454,1132454,0,176850
100,1.40E+08,1.78E+06,1132456,1132456,0,154300
100,1.39E+08,1.79E+06,1132460,1132460,0,149500
100,1.47E+08,1.83E+06,1132461,1132461,0,178400
100,1.40E+08,1.78E+06,1132467,1132466,0,153750
100,1.44E+08,1.81E+06,1132476,1132477,0,165650
100,1.36E+08,1.78E+06,1132477,1132477,0,139300
100,1.40E+08,1.78E+06,1132478,1132477,0,153200
100,1.38E+08,1.78E+06,1132480,1132480,0,147850
100,1.46E+08,1.81E+06,1132484,1132484,0,170800
100,1.40E+08,1.78E+06,1132486,1132486,0,153750
100,1.47E+08,1.79E+06,1132489,1132489,0,177300
100,1.46E+08,1.78E+06,1132491,1132490,0,170800
100,1.46E+08,1.81E+06,1132491,1132491,0,173200
100,1.47E+08,1.78E+06,1132494,1132494,0,178800
100,1.40E+08,1.78E+06,1132497,1132497,0,154050
100,1.41E+08,1.78E+06,1132497,1132497,0,156700
100,1.35E+08,1.88E+06,1132500,1132500,0,138750
100,1.36E+08,1.85E+06,1132500,1132500,0,139150
100,1.36E+08,1.80E+06,1132500,1132500,0,139300
100,1.36E+08,1.78E+06,1132500,1132500,0,139300
100,1.36E+08,1.79E+06,1132500,1132500,0,139300
100,1.36E+08,1.78E+06,1132500,1132500,0,139300
100,1.36E+08,1.78E+06,1132500,1132500,0,139300
100,1.36E+08,1.79E+06,1132500,1132500,0,139300
100,1.36E+08,1.79E+06,1132500,1132500,0,139300
100,1.36E+08,1.78E+06,1132500,1132500,0,139300
100,1.36E+08,1.79E+06,1132500,1132500,0,139300
100,1.36E+08,1.78E+06,1132500,1132500,0,139300
100,1.36E+08,1.78E+06,1132500,1132500,0,139300
100,1.36E+08,1.79E+06,1132500,1132500,0,139300
100,1.36E+08,1.78E+06,1132500,1132500,0,139300
100,1.36E+08,1.78E+06,1132500,1132500,0,139300
100,1.36E+08,1.78E+06,1132500,1132500,0,139300
100,1.36E+08,1.78E+06,1132500,1132500,0,139300
100,1.36E+08,1.78E+06,1132500,1132500,0,139300
100,1.36E+08,1.79E+06,1132500,1132500,0,139300
100,1.36E+08,1.78E+06,1132500,1132500,0,139300
100,1.36E+08,1.79E+06,1132500,1132500,0,139300
100,1.36E+08,1.79E+06,1132500,1132500,0,139300
100,1.36E+08,1.78E+06,1132500,1132500,0,139300
100,1.36E+08,1.79E+06,1132500,1132500,0,139300
100,1.36E+08,1.78E+06,1132500,1132500,0,139300
100,1.36E+08,1.78E+06,1132500,1132500,0,139300
100,1.36E+08,1.80E+06,1132500,1132500,0,139300
100,1.36E+08,1.78E+06,1132500,1132500,0,139300
100,1.36E+08,1.78E+06,1132500,1132500,0,139300
100,1.36E+08,1.78E+06,1132500,1132500,0,139300
100,1.36E+08,1.78E+06,1132500,1132500,0,139300
100,1.36E+08,1.78E+06,1132500,1132500,0,139300
100,1.36E+08,1.78E+06,1132500,1132500,0,139300
100,1.36E+08,1.78E+06,1132500,1132500,0,139300
100,1.36E+08,1.78E+06,1132500,1132500,0,139300
100,1.36E+08,1.78E+06,1132500,1132500,0,139300
100,1.36E+08,1.78E+06,1132500,1132500,0,139300
100,1.36E+08,1.78E+06,1132500,1132500,0,139300
100,1.36E+08,1.79E+06,1132500,1132500,0,139300
100,1.36E+08,1.78E+06,1132500,1132500,0,139300
100,1.36E+08,1.78E+06,1132500,1132500,0,139300
100,1.36E+08,1.78E+06,1132500,1132500,0,139300
100,1.36E+08,1.78E+06,1132500,1132500,0,139300
100,1.36E+08,1.78E+06,1132500,1132500,0,139300
100,1.36E+08,1.78E+06,1132500,1132500,0,139300
100,1.36E+08,1.79E+06,1132500,1132500,0,139300
100,1.36E+08,1.78E+06,1132500,1132500,0,139300
100,1.36E+08,1.78E+06,1132500,1132500,0,139300
100,1.36E+08,1.78E+06,1132500,1132500,0,139300
100,1.36E+08,1.78E+06,1132500,1132500,0,139300
100,1.36E+08,1.78E+06,1132500,1132500,0,139300
100,1.36E+08,1.78E+06,1132500,1132500,0,139300
100,1.36E+08,1.78E+06,1132500,1132500,0,139300
100,1.36E+08,1.78E+06,1132500,1132500,0,139300
100,1.36E+08,1.78E+06,1132500,1132500,0,139650
100,1.36E+08,1.78E+06,1132500,1132500,0,139650
100,1.36E+08,1.78E+06,1132500,1132500,0,139650
100,1.36E+08,1.78E+06,1132500,1132500,0,139650
100,1.36E+08,1.78E+06,1132500,1132500,0,139650
100,1.36E+08,1.78E+06,1132500,1132500,0,139650
100,1.36E+08,1.79E+06,1132500,1132500,0,139650
100,1.36E+08,1.78E+06,1132500,1132500,0,139650
100,1.36E+08,1.78E+06,1132500,1132500,0,139650
100,1.36E+08,1.78E+06,1132500,1132500,0,139650
100,1.36E+08,1.79E+06,1132500,1132500,0,139650
100,1.36E+08,1.78E+06,1132500,1132500,0,139750
100,1.36E+08,1.78E+06,1132500,1132500,0,139750
100,1.36E+08,1.78E+06,1132500,1132500,0,139750
100,1.40E+08,1.80E+06,1132500,1132500,0,153050
100,1.40E+08,1.79E+06,1132500,1132500,0,153050
100,1.40E+08,1.78E+06,1132500,1132500,0,153050
100,1.40E+08,1.78E+06,1132500,1132500,0,153050
100,1.40E+08,1.78E+06,1132500,1132500,0,153200
100,1.40E+08,1.78E+06,1132500,1132500,0,153200
100,1.40E+08,1.78E+06,1132500,1132500,0,153200
100,1.40E+08,1.78E+06,1132500,1132500,0,153200
100,1.40E+08,1.78E+06,1132500,1132500,0,153200
100,1.40E+08,1.78E+06,1132500,1132500,0,153200
100,1.40E+08,1.80E+06,1132500,1132500,0,153200
100,1.40E+08,1.78E+06,1132500,1132500,0,153200
100,1.40E+08,1.78E+06,1132500,1132500,0,153200
100,1.40E+08,1.78E+06,1132500,1132500,0,153200
100,1.40E+08,1.78E+06,1132500,1132500,0,153200
100,1.40E+08,1.78E+06,1132500,1132500,0,153200
100,1.40E+08,1.78E+06,1132500,1132500,0,153200
100,1.40E+08,1.79E+06,1132500,1132500,0,153750
100,1.40E+08,1.81E+06,1132500,1132500,0,153750
100,1.40E+08,1.78E+06,1132500,1132500,0,153750
100,1.40E+08,1.78E+06,1132500,1132500,0,153750
100,1.40E+08,1.78E+06,1132500,1132500,0,153750
100,1.40E+08,1.78E+06,1132500,1132500,0,153750
100,1.40E+08,1.78E+06,1132500,1132500,0,153750
100,1.40E+08,1.78E+06,1132500,1132500,0,153750
100,1.40E+08,1.78E+06,1132500,1132500,0,153750
100,1.40E+08,1.78E+06,1132500,1132500,0,153750
100,1.40E+08,1.79E+06,1132500,1132500,0,153750
100,1.40E+08,1.78E+06,1132500,1132500,0,154050
100,1.40E+08,1.79E+06,1132500,1132500,0,154050
100,1.40E+08,1.78E+06,1132500,1132500,0,154050
100,1.40E+08,1.78E+06,1132500,1132500,0,154050
100,1.40E+08,1.78E+06,1132500,1132500,0,154050
100,1.40E+08,1.78E+06,1132500,1132500,0,154050
100,1.40E+08,1.78E+06,1132500,1132500,0,154050
100,1.40E+08,1.78E+06,1132500,1132500,0,154050
100,1.40E+08,1.78E+06,1132500,1132500,0,154050
100,1.40E+08,1.78E+06,1132500,1132500,0,154050
100,1.40E+08,1.78E+06,1132500,1132500,0,154050
100,1.40E+08,1.78E+06,1132500,1132500,0,154050
100,1.40E+08,1.78E+06,1132500,1132500,0,154050
100,1.40E+08,1.78E+06,1132500,1132500,0,154050
100,1.40E+08,1.78E+06,1132500,1132500,0,154050
100,1.40E+08,1.79E+06,1132500,1132500,0,154050
100,1.40E+08,1.78E+06,1132500,1132500,0,154050
100,1.40E+08,1.78E+06,1132500,1132500,0,154050
100,1.40E+08,1.78E+06,1132500,1132500,0,154050
100,1.40E+08,1.78E+06,1132500,1132500,0,154050
100,1.40E+08,1.79E+06,1132500,1132500,0,154050
100,1.40E+08,1.80E+06,1132500,1132500,0,154050
100,1.40E+08,1.78E+06,1132500,1132500,0,154050
100,1.40E+08,1.81E+06,1132500,1132500,0,154050
100,1.40E+08,1.78E+06,1132500,1132500,0,154200
100,1.40E+08,1.79E+06,1132500,1132500,0,154200
100,1.40E+08,1.80E+06,1132500,1132500,0,154200
100,1.40E+08,1.78E+06,1132500,1132500,0,154200
100,1.40E+08,1.78E+06,1132500,1132500,0,154300
100,1.40E+08,1.78E+06,1132500,1132500,0,154300
100,1.40E+08,1.78E+06,1132500,1132500,0,154300
100,1.40E+08,1.78E+06,1132500,1132500,0,154300
100,1.40E+08,1.78E+06,1132500,1132500,0,154300
100,1.40E+08,1.78E+06,1132500,1132500,0,154300
100,1.40E+08,1.79E+06,1132500,1132500,0,154300
100,1.40E+08,1.79E+06,1132500,1132500,0,154300
100,1.40E+08,1.80E+06,1132500,1132500,0,154300
100,1.40E+08,1.79E+06,1132500,1132500,0,154300
100,1.47E+08,1.78E+06,1132500,1132500,0,177300
100,1.46E+08,1.78E+06,1132510,1132512,0,175250
100,1.40E+08,1.78E+06,1132513,1132513,0,152950
100,1.40E+08,1.78E+06,1132516,1132516,0,153500
100,1.47E+08,1.78E+06,1132525,1132525,0,176850
100,1.46E+08,1.78E+06,1132530,1132528,0,173850
100,1.40E+08,1.78E+06,1132534,1132534,0,154050
100,1.46E+08,1.83E+06,1132537,1132536,0,175250
100,1.47E+08,1.83E+06,1132540,1132536,0,176350
100,1.47E+08,1.79E+06,1132542,1132544,0,176350
100,1.40E+08,1.79E+06,1132548,1132547,0,152950
100,1.46E+08,1.78E+06,1132548,1132550,0,173200
100,1.40E+08,1.78E+06,1132553,1132553,0,152950
100,1.41E+08,1.78E+06,1132554,1132553,0,157900
100,1.45E+08,1.78E+06,1132558,1132558,0,169800
100,1.47E+08,1.80E+06,1132586,1132587,0,177300
100,1.40E+08,1.78E+06,1132590,1132590,0,154300
100,1.39E+08,1.78E+06,1132603,1132603,0,150400
100,1.47E+08,1.80E+06,1132605,1132603,0,176850
100,1.46E+08,1.80E+06,1132606,1132604,0,173850
100,1.44E+08,1.80E+06,1132609,1132606,0,167400
100,1.40E+08,1.79E+06,1132612,1132612,0,154300
100,1.47E+08,1.81E+06,1132613,1132613,0,178800
100,1.47E+08,1.79E+06,1132617,1132616,0,177400
100,1.45E+08,1.78E+06,1132620,1132620,0,168750
100,1.36E+08,1.78E+06,1132635,1132635,0,139650
100,1.43E+08,1.78E+06,1132639,1132639,0,163550
100,1.40E+08,1.78E+06,1132640,1132640,0,153350
100,1.47E+08,1.79E+06,1132643,1132642,0,178900
100,1.47E+08,1.78E+06,1132644,1132643,0,178800
100,1.45E+08,1.82E+06,1132648,1132649,0,168750
100,1.47E+08,1.78E+06,1132651,1132651,0,178800
100,1.47E+08,1.79E+06,1132656,1132654,0,178400
100,1.42E+08,1.79E+06,1132668,1132669,0,159600
100,1.40E+08,1.78E+06,1132671,1132671,0,153050
100,1.46E+08,1.80E+06,1132672,1132672,0,173200
100,1.36E+08,1.78E+06,1132686,1132682,0,139300
100,1.36E+08,1.78E+06,1132690,1132693,0,139550
100,1.41E+08,1.78E+06,1132690,1132690,0,157900
100,1.45E+08,1.78E+06,1132694,1132694,0,168650
100,1.41E+08,1.80E+06,1132700,1132700,0,156600
100,1.44E+08,1.78E+06,1132701,1132703,0,165650
100,1.45E+08,1.78E+06,1132706,1132705,0,169400
100,1.40E+08,1.78E+06,1132708,1132708,0,154300
100,1.36E+08,1.78E+06,1132714,1132714,0,139650
100,1.45E+08,1.79E+06,1132714,1132711,0,168650
100,1.40E+08,1.78E+06,1132716,1132716,0,154050
100,1.36E+08,1.78E+06,1132719,1132722,0,139300
100,1.40E+08,1.79E+06,1132723,1132723,0,154050
100,1.36E+08,1.82E+06,1132724,1132725,0,139150
100,1.47E+08,1.78E+06,1132727,1132727,0,176350
100,1.45E+08,1.78E+06,1132734,1132734,0,168750
100,1.36E+08,1.78E+06,1132736,1132736,0,139300
100,1.47E+08,1.79E+06,1132737,1132737,0,178800
100,1.46E+08,1.78E+06,1132743,1132744,0,170800
100,1.47E+08,1.78E+06,1132751,1132751,0,177100
100,1.47E+08,1.78E+06,1132754,1132754,0,178800
100,1.47E+08,1.78E+06,1132760,1132759,0,178800
100,1.39E+08,1.79E+06,1132761,1132763,0,150400
100,1.43E+08,1.78E+06,1132763,1132763,0,163550
100,1.36E+08,1.80E+06,1132779,1132779,0,139300
100,1.40E+08,1.79E+06,1132792,1132792,0,154300
100,1.41E+08,1.78E+06,1132794,1132793,0,156000
100,1.36E+08,1.78E+06,1132803,1132803,0,139300
100,1.45E+08,1.78E+06,1132808,1132805,0,168750
100,1.47E+08,1.78E+06,1132808,1132805,0,177150
100,1.40E+08,1.78E+06,1132812,1132810,0,152950
100,1.46E+08,1.78E+06,1132816,1132813,0,170850
100,1.36E+08,1.79E+06,1132828,1132828,0,139300
100,1.44E+08,1.85E+06,1132832,1132832,0,165650
100,1.45E+08,1.79E+06,1132832,1132831,0,168650
100,1.40E+08,1.78E+06,1132836,1132836,0,154050
100,1.43E+08,1.79E+06,1132838,1132838,0,160250
100,1.45E+08,1.78E+06,1132838,1132837,0,169800
100,1.43E+08,1.78E+06,1132842,1132842,0,163550
100,1.38E+08,1.78E+06,1132855,1132855,0,147850
100,1.42E+08,1.78E+06,1132860,1132857,0,159600
100,1.43E+08,1.79E+06,1132867,1132869,0,161400
100,1.36E+08,1.89E+06,1132876,1132875,0,139300
100,1.36E+08,1.78E+06,1132880,1132880,0,139550
100,1.42E+08,1.78E+06,1132880,1132878,0,159100
100,1.40E+08,1.78E+06,1132894,1132894,0,153350
100,1.43E+08,1.78E+06,1132895,1132896,0,162150
100,1.36E+08,1.79E+06,1132896,1132895,0,143350
100,1.36E+08,1.78E+06,1132900,1132900,0,139300
100,1.43E+08,1.78E+06,1132902,1132902,0,163250
100,1.44E+08,1.78E+06,1132902,1132899,0,165350
100,1.40E+08,1.79E+06,1132906,1132906,0,153050
100,1.39E+08,1.78E+06,1132908,1132908,0,150650
100,1.44E+08,1.78E+06,1132911,1132911,0,167400
100,1.47E+08,1.78E+06,1132921,1132921,0,176850
100,1.40E+08,1.78E+06,1132924,1132924,0,153500
100,1.42E+08,1.78E+06,1132928,1132928,0,159600
100,1.43E+08,1.78E+06,1132932,1132932,0,163250
100,1.47E+08,1.79E+06,1132934,1132934,0,178800
100,1.36E+08,1.81E+06,1132936,1132936,0,139650
100,1.43E+08,1.80E+06,1132942,1132942,0,163250
100,1.46E+08,1.80E+06,1132952,1132952,0,173200
100,1.40E+08,1.78E+06,1132955,1132955,0,154050
100,1.36E+08,1.78E+06,1132956,1132954,0,139650
100,1.47E+08,1.78E+06,1132962,1132962,0,177400
100,1.36E+08,1.78E+06,1132972,1132971,0,139550
100,1.43E+08,1.78E+06,1132972,1132972,0,163550
100,1.47E+08,1.81E+06,1132974,1132974,0,177300
100,1.38E+08,1.78E+06,1132976,1132976,0,147200
100,1.36E+08,1.78E+06,1132977,1132977,0,139300
100,1.47E+08,1.78E+06,1132977,1132977,0,176350
100,1.45E+08,1.80E+06,1132981,1132981,0,168700
100,1.46E+08,1.78E+06,1132981,1132986,0,175250
100,1.36E+08,1.78E+06,1132982,1132979,0,139300
100,1.36E+08,1.78E+06,1132982,1132982,0,139550
100,1.36E+08,1.78E+06,1132990,1132990,0,139650
100,1.47E+08,1.79E+06,1132991,1132992,0,177300
100,1.40E+08,1.78E+06,1132992,1132992,0,154300
100,1.47E+08,1.78E+06,1132995,1132994,0,178800
100,1.36E+08,1.78E+06,1133000,1133001,0,139650
100,1.47E+08,1.82E+06,1133003,1133004,0,176000
100,1.43E+08,1.81E+06,1133004,1133004,0,161400
100,1.36E+08,1.78E+06,1133011,1133011,0,142300
100,1.39E+08,1.78E+06,1133011,1133012,0,151950
100,1.40E+08,1.79E+06,1133011,1133009,0,154300
100,1.44E+08,1.78E+06,1133018,1133017,0,164950
100,1.40E+08,1.78E+06,1133024,1133024,0,154050
100,1.41E+08,1.81E+06,1133024,1133024,0,156000
100,1.47E+08,1.79E+06,1133026,1133026,0,177400
100,1.44E+08,1.81E+06,1133028,1133031,0,165350
100,1.46E+08,1.78E+06,1133031,1133030,0,173000
100,1.36E+08,1.78E+06,1133045,1133045,0,139300
100,1.44E+08,1.78E+06,1133045,1133046,0,167400
100,1.40E+08,1.78E+06,1133061,1133059,0,154300
100,1.47E+08,1.78E+06,1133062,1133060,0,177100
100,1.38E+08,1.78E+06,1133078,1133079,0,147200
100,1.46E+08,1.78E+06,1133078,1133078,0,173200
100,1.47E+08,1.78E+06,1133092,1133092,0,178050
100,1.45E+08,1.80E+06,1133104,1133106,0,169800
100,1.40E+08,1.81E+06,1133106,1133106,0,154050
100,1.47E+08,1.80E+06,1133107,1133106,0,177300
100,1.39E+08,1.80E+06,1133114,1133114,0,150400
100,1.39E+08,1.78E+06,1133116,1133116,0,149600
100,1.39E+08,1.80E+06,1133117,1133113,0,149750
100,1.41E+08,1.79E+06,1133119,1133119,0,156600
100,1.47E+08,1.84E+06,1133122,1133122,0,176200
100,1.45E+08,1.80E+06,1133123,1133124,0,168750
100,1.47E+08,1.80E+06,1133129,1133130,0,178400
100,1.45E+08,1.81E+06,1133131,1133131,0,168700
100,1.47E+08,1.78E+06,1133131,1133131,0,177400
100,1.47E+08,1.78E+06,1133131,1133130,0,178050
100,1.47E+08,1.78E+06,1133134,1133134,0,177150
100,1.36E+08,1.80E+06,1133135,1133135,0,139550
100,1.43E+08,1.80E+06,1133135,1133135,0,162150
100,1.45E+08,1.78E+06,1133139,1133139,0,168900
100,1.40E+08,1.78E+06,1133157,1133158,0,153200
100,1.47E+08,1.80E+06,1133160,1133159,0,178800
100,1.47E+08,1.78E+06,1133177,1133177,0,178800
100,1.45E+08,1.79E+06,1133181,1133181,0,168750
100,1.47E+08,1.78E+06,1133183,1133183,0,177400
100,1.41E+08,1.78E+06,1133184,1133184,0,156700
100,1.47E+08,1.78E+06,1133184,1133184,0,176200
100,1.47E+08,1.78E+06,1133188,1133188,0,178800
100,1.47E+08,1.79E+06,1133192,1133192,0,177300
100,1.39E+08,1.78E+06,1133198,1133198,0,149500
100,1.47E+08,1.80E+06,1133199,1133200,0,178800
100,1.45E+08,1.78E+06,1133205,1133205,0,169400
100,1.40E+08,1.78E+06,1133215,1133215,0,154050
100,1.41E+08,1.78E+06,1133219,1133219,0,157350
100,1.44E+08,1.79E+06,1133219,1133216,0,165350
100,1.37E+08,1.78E+06,1133220,1133220,0,144050
100,1.41E+08,1.78E+06,1133221,1133221,0,157850
100,1.43E+08,1.78E+06,1133230,1133230,0,163550
100,1.46E+08,1.79E+06,1133234,1133234,0,175250
100,1.46E+08,1.85E+06,1133239,1133238,0,175250
100,1.41E+08,1.78E+06,1133244,1133244,0,156000
100,1.47E+08,1.78E+06,1133248,1133248,0,176850
100,1.47E+08,1.78E+06,1133248,1133246,0,177400
100,1.36E+08,1.78E+06,1133250,1133250,0,139550
100,1.44E+08,1.78E+06,1133261,1133264,0,167400
100,1.41E+08,1.78E+06,1133288,1133286,0,156700
100,1.36E+08,1.78E+06,1133291,1133291,0,139750
100,1.36E+08,1.78E+06,1133293,1133293,0,139300
100,1.39E+08,1.78E+06,1133295,1133295,0,151350
100,1.42E+08,1.78E+06,1133309,1133308,0,159600
100,1.39E+08,1.79E+06,1133315,1133313,0,151950
100,1.40E+08,1.78E+06,1133317,1133317,0,152950
100,1.41E+08,1.78E+06,1133324,1133324,0,157350
100,1.42E+08,1.78E+06,1133324,1133324,0,159100
100,1.46E+08,1.78E+06,1133324,1133324,0,170850
100,1.46E+08,1.78E+06,1133327,1133327,0,170800
100,1.47E+08,1.79E+06,1133333,1133333,0,177400
100,1.46E+08,1.78E+06,1133338,1133336,0,173200
100,1.40E+08,1.78E+06,1133341,1133340,0,153500
100,1.40E+08,1.78E+06,1133341,1133339,0,153750
100,1.47E+08,1.80E+06,1133342,1133342,0,176350
100,1.40E+08,1.79E+06,1133352,1133353,0,153500
100,1.36E+08,1.78E+06,1133356,1133358,0,142000
100,1.36E+08,1.78E+06,1133381,1133381,0,142000
100,1.36E+08,1.78E+06,1133384,1133384,0,142000
100,1.44E+08,1.78E+06,1133393,1133387,0,165650
100,1.42E+08,1.80E+06,1133396,1133396,0,158900
100,1.40E+08,1.78E+06,1133399,1133399,0,153500
100,1.43E+08,1.78E+06,1133402,1133402,0,163550
100,1.47E+08,1.78E+06,1133405,1133406,0,177750
100,1.47E+08,1.80E+06,1133408,1133408,0,178400
100,1.47E+08,1.79E+06,1133413,1133415,0,177300
100,1.40E+08,1.78E+06,1133424,1133424,0,154300
100,1.40E+08,1.78E+06,1133429,1133429,0,154300
100,1.39E+08,1.78E+06,1133438,1133438,0,151950
100,1.44E+08,1.79E+06,1133448,1133451,0,165650
100,1.47E+08,1.78E+06,1133449,1133450,0,178800
100,1.47E+08,1.81E+06,1133451,1133451,0,177150
100,1.47E+08,1.78E+06,1133451,1133452,0,177400
100,1.47E+08,1.78E+06,1133453,1133453,0,177400
100,1.45E+08,1.78E+06,1133465,1133465,0,169400
100,1.38E+08,1.78E+06,1133471,1133471,0,147850
100,1.39E+08,1.79E+06,1133472,1133474,0,151950
100,1.45E+08,1.78E+06,1133477,1133477,0,169400
100,1.47E+08,1.82E+06,1133480,1133480,0,176200
100,1.36E+08,1.78E+06,1133497,1133498,0,139300
100,1.46E+08,1.78E+06,1133499,1133500,0,170850
100,1.40E+08,1.79E+06,1133518,1133517,0,153200
100,1.39E+08,1.78E+06,1133526,1133526,0,150650
100,1.40E+08,1.78E+06,1133529,1133529,0,153050
100,1.36E+08,1.78E+06,1133551,1133552,0,139550
100,1.36E+08,1.78E+06,1133553,1133551,0,139300
100,1.45E+08,1.78E+06,1133554,1133555,0,169800
100,1.44E+08,1.78E+06,1133563,1133562,0,164950
100,1.40E+08,1.78E+06,1133568,1133568,0,154300
100,1.40E+08,1.78E+06,1133570,1133570,0,154050
100,1.47E+08,1.78E+06,1133570,1133572,0,177300
100,1.40E+08,1.78E+06,1133572,1133574,0,154300
100,1.47E+08,1.78E+06,1133575,1133575,0,177100
100,1.47E+08,1.79E+06,1133575,1133573,0,178800
100,1.45E+08,1.78E+06,1133583,1133583,0,168750
100,1.44E+08,1.79E+06,1133586,1133584,0,165650
100,1.41E+08,1.78E+06,1133590,1133590,0,156600
100,1.45E+08,1.78E+06,1133597,1133597,0,168650
100,1.36E+08,1.78E+06,1133599,1133599,0,139550
100,1.40E+08,1.79E+06,1133610,1133611,0,154300
100,1.47E+08,1.81E+06,1133624,1133624,0,178800
100,1.47E+08,1.78E+06,1133628,1133628,0,177750
100,1.45E+08,1.81E+06,1133631,1133631,0,168650
100,1.47E+08,1.78E+06,1133636,1133636,0,177100
100,1.41E+08,1.78E+06,1133637,1133635,0,157850
100,1.43E+08,1.78E+06,1133640,1133640,0,161400
100,1.47E+08,1.78E+06,1133641,1133641,0,177300
100,1.45E+08,1.78E+06,1133645,1133645,0,168750
100,1.45E+08,1.78E+06,1133647,1133649,0,168900
100,1.36E+08,1.78E+06,1133650,1133650,0,139300
100,1.41E+08,1.78E+06,1133650,1133650,0,156300
100,1.39E+08,1.78E+06,1133654,1133653,0,149600
100,1.47E+08,1.80E+06,1133655,1133657,0,177400
100,1.43E+08,1.79E+06,1133656,1133656,0,163250
100,1.36E+08,1.78E+06,1133658,1133659,0,139650
100,1.44E+08,1.79E+06,1133671,1133671,0,165650
100,1.40E+08,1.79E+06,1133687,1133688,0,152950
100,1.40E+08,1.78E+06,1133697,1133697,0,153200
100,1.44E+08,1.78E+06,1133697,1133697,0,165650
100,1.47E+08,1.78E+06,1133700,1133700,0,178800
100,1.38E+08,1.78E+06,1133701,1133703,0,147200
100,1.41E+08,1.78E+06,1133709,1133707,0,157900
100,1.39E+08,1.80E+06,1133719,1133719,0,151950
100,1.46E+08,1.78E+06,1133737,1133737,0,175250
100,1.43E+08,1.78E+06,1133743,1133743,0,163250
100,1.43E+08,1.78E+06,1133745,1133745,0,161400
100,1.36E+08,1.78E+06,1133748,1133748,0,139650
100,1.46E+08,1.78E+06,1133749,1133750,0,170800
100,1.45E+08,1.82E+06,1133751,1133751,0,168900
100,1.39E+08,1.78E+06,1133756,1133756,0,150400
100,1.39E+08,1.78E+06,1133758,1133760,0,150400
100,1.40E+08,1.78E+06,1133761,1133762,0,154050
100,1.40E+08,1.78E+06,1133765,1133765,0,154050
100,1.47E+08,1.80E+06,1133768,1133768,0,177750
100,1.47E+08,1.80E+06,1133775,1133775,0,177150
100,1.36E+08,1.79E+06,1133780,1133780,0,139300
100,1.45E+08,1.78E+06,1133787,1133787,0,168750
100,1.47E+08,1.79E+06,1133790,1133789,0,178800
100,1.41E+08,1.78E+06,1133791,1133791,0,157900
100,1.42E+08,1.79E+06,1133798,1133797,0,159600
100,1.47E+08,1.79E+06,1133810,1133810,0,177300
100,1.38E+08,1.78E+06,1133814,1133814,0,147200
100,1.46E+08,1.78E+06,1133823,1133823,0,173850
100,1.47E+08,1.78E+06,1133827,1133827,0,176200
100,1.46E+08,1.78E+06,1133828,1133828,0,170800
100,1.47E+08,1.79E+06,1133837,1133835,0,178800
100,1.39E+08,1.78E+06,1133839,1133839,0,151950
100,1.47E+08,1.78E+06,1133848,1133848,0,177300
100,1.40E+08,1.79E+06,1133854,1133856,0,154050
100,1.40E+08,1.79E+06,1133858,1133855,0,153750
100,1.47E+08,1.78E+06,1133858,1133862,0,177400
100,1.47E+08,1.81E+06,1133862,1133860,0,176850
100,1.36E+08,1.78E+06,1133865,1133865,0,139550
100,1.47E+08,1.88E+06,1133866,1133866,0,176850
100,1.47E+08,1.79E+06,1133866,1133867,0,178800
100,1.44E+08,1.78E+06,1133869,1133869,0,164950
100,1.46E+08,1.79E+06,1133872,1133872,0,173200
100,1.38E+08,1.78E+06,1133879,1133879,0,147200
100,1.36E+08,1.78E+06,1133883,1133882,0,139300
100,1.36E+08,1.78E+06,1133896,1133898,0,139300
100,1.40E+08,1.79E+06,1133899,1133901,0,154050
100,1.47E+08,1.80E+06,1133912,1133913,0,176200
100,1.46E+08,1.78E+06,1133914,1133914,0,170800
100,1.41E+08,1.80E+06,1133919,1133919,0,156600
100,1.36E+08,1.81E+06,1133928,1133928,0,139300
100,1.41E+08,1.78E+06,1133929,1133929,0,157850
100,1.40E+08,1.78E+06,1133940,1133940,0,154300
100,1.47E+08,1.82E+06,1133943,1133943,0,176350
100,1.43E+08,1.78E+06,1133945,1133945,0,160050
100,1.47E+08,1.81E+06,1133949,1133949,0,176200
100,1.36E+08,1.78E+06,1133952,1133952,0,139650
100,1.35E+08,2.13E+06,1133953,1133947,0,138750
100,1.45E+08,1.78E+06,1133955,1133955,0,168700
100,1.47E+08,1.78E+06,1133966,1133965,0,176850
100,1.47E+08,1.78E+06,1133968,1133968,0,176350
100,1.46E+08,1.78E+06,1133970,1133970,0,175250
100,1.45E+08,1.78E+06,1133972,1133972,0,168750
100,1.39E+08,1.79E+06,1133982,1133981,0,150900
100,1.45E+08,1.78E+06,1133996,1133996,0,169400
100,1.47E+08,1.78E+06,1133997,1133999,0,177750
100,1.45E+08,1.78E+06,1133998,1133998,0,168750
100,1.43E+08,1.78E+06,1134019,1134021,0,163550
100,1.36E+08,1.78E+06,1134021,1134022,0,142000
100,1.47E+08,1.80E+06,1134025,1134024,0,177750
100,1.39E+08,1.78E+06,1134026,1134026,0,150400
100,1.36E+08,1.78E+06,1134057,1134057,0,139650
100,1.41E+08,1.78E+06,1134059,1134059,0,157850
100,1.47E+08,1.78E+06,1134060,1134060,0,176350
100,1.46E+08,1.80E+06,1134061,1134060,0,170850
100,1.47E+08,1.80E+06,1134061,1134064,0,177300
100,1.43E+08,1.80E+06,1134069,1134069,0,161400
100,1.47E+08,1.80E+06,1134071,1134071,0,178800
100,1.36E+08,1.79E+06,1134073,1134071,0,139300
100,1.47E+08,1.78E+06,1134082,1134080,0,178900
100,1.44E+08,1.78E+06,1134087,1134087,0,165350
100,1.47E+08,1.81E+06,1134087,1134085,0,177750
100,1.46E+08,1.78E+06,1134091,1134091,0,175250
100,1.47E+08,1.78E+06,1134095,1134097,0,177750
100,1.40E+08,1.78E+06,1134099,1134100,0,154050
100,1.40E+08,1.78E+06,1134115,1134115,0,154050
100,1.40E+08,1.80E+06,1134116,1134116,0,154050
100,1.39E+08,1.78E+06,1134119,1134119,0,149500
100,1.47E+08,1.81E+06,1134137,1134139,0,177300
100,1.45E+08,1.78E+06,1134138,1134138,0,168900
100,1.45E+08,1.78E+06,1134140,1134141,0,169800
100,1.44E+08,1.80E+06,1134143,1134145,0,165350
100,1.40E+08,1.78E+06,1134150,1134149,0,153350
100,1.47E+08,1.80E+06,1134154,1134152,0,178400
100,1.46E+08,1.78E+06,1134158,1134157,0,173200
100,1.47E+08,1.78E+06,1134158,1134159,0,177300
100,1.44E+08,1.78E+06,1134162,1134162,0,165650
100,1.44E+08,1.78E+06,1134162,1134163,0,167400
100,1.45E+08,1.79E+06,1134165,1134163,0,168650
100,1.39E+08,1.78E+06,1134174,1134176,0,151950
100,1.41E+08,1.78E+06,1134177,1134180,0,156700
100,1.46E+08,1.78E+06,1134180,1134180,0,175250
100,1.47E+08,1.82E+06,1134181,1134181,0,176200
100,1.42E+08,1.80E+06,1134188,1134188,0,159600
100,1.36E+08,1.78E+06,1134191,1134191,0,139550
100,1.47E+08,1.78E+06,1134194,1134194,0,177300
100,1.47E+08,1.81E+06,1134199,1134204,0,178400
100,1.45E+08,1.79E+06,1134201,1134202,0,169800
100,1.47E+08,1.82E+06,1134205,1134205,0,178800
100,1.45E+08,1.78E+06,1134207,1134207,0,168650
100,1.47E+08,1.86E+06,1134208,1134205,0,176350
100,1.36E+08,1.78E+06,1134220,1134220,0,139650
100,1.47E+08,1.78E+06,1134222,1134222,0,177300
100,1.47E+08,1.78E+06,1134224,1134224,0,176850
100,1.42E+08,1.78E+06,1134226,1134226,0,159600
100,1.46E+08,1.80E+06,1134234,1134234,0,175250
100,1.45E+08,1.79E+06,1134239,1134242,0,169400
100,1.47E+08,1.81E+06,1134240,1134241,0,176350
100,1.40E+08,1.81E+06,1134256,1134257,0,154300
100,1.47E+08,1.80E+06,1134256,1134256,0,178800
100,1.45E+08,1.78E+06,1134260,1134262,0,168750
100,1.43E+08,1.78E+06,1134264,1134262,0,163550
100,1.45E+08,1.79E+06,1134264,1134264,0,168750
100,1.44E+08,1.81E+06,1134270,1134264,0,165650
100,1.47E+08,1.78E+06,1134277,1134277,0,176850
100,1.46E+08,1.78E+06,1134281,1134284,0,170800
100,1.36E+08,1.78E+06,1134282,1134283,0,139650
100,1.43E+08,1.78E+06,1134282,1134282,0,163250
100,1.42E+08,1.85E+06,1134290,1134290,0,159600
100,1.40E+08,1.81E+06,1134294,1134293,0,154050
100,1.39E+08,1.78E+06,1134295,1134295,0,151950
100,1.36E+08,1.78E+06,1134300,1134300,0,139300
100,1.47E+08,1.80E+06,1134318,1134316,0,177100
100,1.41E+08,1.80E+06,1134321,1134321,0,156000
100,1.47E+08,1.80E+06,1134331,1134333,0,177750
100,1.36E+08,1.78E+06,1134334,1134334,0,139650
100,1.46E+08,1.78E+06,1134335,1134333,0,175250
100,1.47E+08,1.78E+06,1134345,1134345,0,177400
100,1.45E+08,1.78E+06,1134346,1134343,0,168750
100,1.47E+08,1.80E+06,1134347,1134347,0,176850
100,1.47E+08,1.79E+06,1134348,1134351,0,177300
100,1.36E+08,1.78E+06,1134349,1134347,0,139300
100,1.47E+08,1.78E+06,1134349,1134349,0,177400
100,1.36E+08,1.78E+06,1134359,1134358,0,139650
100,1.47E+08,1.78E+06,1134362,1134362,0,177750
100,1.43E+08,1.78E+06,1134365,1134365,0,162150
100,1.41E+08,1.78E+06,1134367,1134367,0,156600
100,1.47E+08,1.80E+06,1134373,1134375,0,176200
100,1.47E+08,1.78E+06,1134376,1134376,0,177100
100,1.40E+08,1.78E+06,1134403,1134404,0,153050
100,1.47E+08,1.79E+06,1134410,1134410,0,178900
100,1.45E+08,1.78E+06,1134413,1134414,0,169400
100,1.36E+08,1.78E+06,1134415,1134415,0,139550
100,1.46E+08,1.78E+06,1134417,1134417,0,170850
100,1.45E+08,1.80E+06,1134423,1134425,0,169400
100,1.43E+08,1.79E+06,1134426,1134425,0,162150
100,1.41E+08,1.79E+06,1134428,1134428,0,156700
100,1.47E+08,1.78E+06,1134430,1134430,0,178800
100,1.47E+08,1.80E+06,1134431,1134431,0,177750
100,1.40E+08,1.78E+06,1134437,1134437,0,153500
100,1.36E+08,1.80E+06,1134443,1134442,0,139300
100,1.47E+08,1.78E+06,1134448,1134448,0,177300
100,1.36E+08,1.78E+06,1134452,1134449,0,139650
100,1.41E+08,1.78E+06,1134453,1134453,0,156700
100,1.42E+08,1.79E+06,1134465,1134465,0,159600
100,1.36E+08,1.78E+06,1134466,1134466,0,139300
100,1.47E+08,1.78E+06,1134469,1134469,0,177400
100,1.36E+08,1.80E+06,1134474,1134470,0,139150
100,1.39E+08,1.78E+06,1134492,1134492,0,150650
100,1.46E+08,1.78E+06,1134499,1134499,0,173850
100,1.36E+08,1.78E+06,1134500,1134500,0,139650
100,1.47E+08,1.78E+06,1134510,1134511,0,178800
100,1.47E+08,1.78E+06,1134513,1134512,0,176200
100,1.47E+08,1.80E+06,1134521,1134521,0,178800
100,1.36E+08,1.78E+06,1134524,1134524,0,143350
100,1.37E+08,1.78E+06,1134529,1134528,0,143900
100,1.45E+08,1.78E+06,1134532,1134532,0,168900
100,1.47E+08,1.80E+06,1134538,1134538,0,177750
100,1.47E+08,1.78E+06,1134540,1134540,0,178800
100,1.43E+08,1.79E+06,1134541,1134541,0,163250
100,1.36E+08,1.84E+06,1134542,1134542,0,139150
100,1.36E+08,1.84E+06,1134544,1134544,0,139300
100,1.35E+08,2.05E+06,1134551,1134551,0,138750
100,1.47E+08,1.81E+06,1134562,1134561,0,176350
100,1.47E+08,1.80E+06,1134578,1134578,0,176000
100,1.47E+08,1.78E+06,1134581,1134583,0,178800
100,1.43E+08,1.78E+06,1134593,1134593,0,163550
100,1.46E+08,1.78E+06,1134593,1134592,0,173200
100,1.36E+08,1.78E+06,1134599,1134597,0,139650
100,1.47E+08,1.78E+06,1134601,1134601,0,177750
100,1.47E+08,1.80E+06,1134602,1134602,0,176200
100,1.36E+08,1.78E+06,1134603,1134595,0,139300
100,1.47E+08,1.78E+06,1134606,1134606,0,176000
100,1.46E+08,1.78E+06,1134608,1134609,0,170800
100,1.44E+08,1.78E+06,1134614,1134615,0,167400
100,1.47E+08,1.79E+06,1134619,1134619,0,177150
100,1.36E+08,1.79E+06,1134621,1134621,0,142050
100,1.46E+08,1.78E+06,1134624,1134622,0,173200
100,1.45E+08,1.79E+06,1134628,1134629,0,169800
100,1.36E+08,1.78E+06,1134646,1134646,0,139550
100,1.47E+08,1.80E+06,1134646,1134648,0,177300
100,1.47E+08,1.78E+06,1134648,1134647,0,176850
100,1.47E+08,1.78E+06,1134649,1134650,0,178900
100,1.38E+08,1.78E+06,1134656,1134657,0,147200
100,1.40E+08,1.79E+06,1134665,1134664,0,153200
100,1.44E+08,1.78E+06,1134668,1134668,0,165650
100,1.45E+08,1.78E+06,1134668,1134667,0,168750
100,1.47E+08,1.78E+06,1134668,1134668,0,178800
100,1.45E+08,1.80E+06,1134679,1134679,0,168650
100,1.47E+08,1.82E+06,1134680,1134679,0,176000
100,1.35E+08,2.28E+06,1134681,1134681,0,138750
100,1.46E+08,1.87E+06,1134687,1134687,0,173850
100,1.47E+08,1.88E+06,1134687,1134687,0,176350
100,1.47E+08,1.80E+06,1134688,1134688,0,178800
100,1.43E+08,1.81E+06,1134689,1134689,0,163550
100,1.44E+08,1.80E+06,1134689,1134689,0,165650
100,1.47E+08,1.78E+06,1134702,1134705,0,178050
100,1.38E+08,1.78E+06,1134704,1134704,0,147200
100,1.43E+08,1.78E+06,1134718,1134717,0,160150
100,1.45E+08,1.85E+06,1134725,1134724,0,168700
100,1.43E+08,1.78E+06,1134733,1134728,0,163550
100,1.43E+08,1.79E+06,1134734,1134734,0,163550
100,1.39E+08,1.78E+06,1134736,1134736,0,151900
100,1.46E+08,1.79E+06,1134746,1134746,0,173200
100,1.47E+08,1.78E+06,1134752,1134752,0,178800
100,1.44E+08,1.81E+06,1134754,1134754,0,167400
100,1.41E+08,1.78E+06,1134756,1134756,0,157900
100,1.44E+08,1.78E+06,1134762,1134760,0,165500
100,1.40E+08,1.81E+06,1134770,1134770,0,153200
100,1.46E+08,1.78E+06,1134770,1134772,0,173850
100,1.47E+08,1.78E+06,1134782,1134784,0,178800
100,1.47E+08,1.79E+06,1134784,1134784,0,176200
100,1.45E+08,1.78E+06,1134788,1134786,0,168900
100,1.47E+08,1.78E+06,1134794,1134794,0,176000
100,1.41E+08,1.79E+06,1134800,1134800,0,156600
100,1.40E+08,1.81E+06,1134806,1134806,0,153200
100,1.47E+08,1.78E+06,1134807,1134807,0,176350
100,1.46E+08,1.78E+06,1134819,1134819,0,173850
100,1.37E+08,1.78E+06,1134821,1134821,0,143900
100,1.45E+08,1.78E+06,1134826,1134826,0,167500
100,1.41E+08,1.81E+06,1134830,1134829,0,157850
100,1.47E+08,1.83E+06,1134848,1134846,0,177100
100,1.46E+08,1.78E+06,1134849,1134848,0,173850
100,1.36E+08,1.78E+06,1134851,1134854,0,139300
100,1.43E+08,1.81E+06,1134855,1134855,0,163200
100,1.43E+08,1.79E+06,1134865,1134865,0,163250
100,1.46E+08,1.79E+06,1134876,1134876,0,170800
100,1.45E+08,1.78E+06,1134881,1134881,0,168700
100,1.47E+08,1.79E+06,1134883,1134883,0,178900
100,1.46E+08,1.79E+06,1134889,1134889,0,170800
100,1.43E+08,1.78E+06,1134901,1134901,0,163550
100,1.47E+08,1.80E+06,1134904,1134904,0,178800
100,1.36E+08,1.78E+06,1134906,1134906,0,139300
100,1.47E+08,1.78E+06,1134906,1134906,0,176000
100,1.45E+08,1.78E+06,1134921,1134921,0,169800
100,1.40E+08,1.78E+06,1134922,1134924,0,153200
100,1.46E+08,1.78E+06,1134924,1134924,0,170800
100,1.47E+08,1.78E+06,1134928,1134928,0,176350
100,1.45E+08,1.80E+06,1134929,1134930,0,168750
100,1.47E+08,1.83E+06,1134929,1134928,0,176350
100,1.46E+08,1.80E+06,1134931,1134931,0,170850
100,1.47E+08,1.78E+06,1134935,1134935,0,176850
100,1.41E+08,1.78E+06,1134937,1134939,0,157900
100,1.36E+08,1.78E+06,1134950,1134950,0,139650
100,1.40E+08,1.78E+06,1134956,1134956,0,154300
100,1.36E+08,1.78E+06,1134958,1134960,0,139300
100,1.35E+08,2.11E+06,1134962,1134962,0,138750
100,1.43E+08,1.78E+06,1134963,1134963,0,162150
100,1.47E+08,1.78E+06,1134972,1134972,0,176350
100,1.36E+08,1.78E+06,1134975,1134975,0,139650
100,1.39E+08,1.79E+06,1134986,1134986,0,149500
100,1.45E+08,1.79E+06,1134988,1134988,0,169800
100,1.43E+08,1.78E+06,1134994,1134989,0,163550
100,1.47E+08,1.81E+06,1134996,1134997,0,177100
100,1.35E+08,2.02E+06,1135000,1135000,0,138750
100,1.35E+08,1.95E+06,1135000,1135000,0,138750
100,1.36E+08,1.80E+06,1135000,1135000,0,139300
100,1.36E+08,1.79E+06,1135000,1135000,0,139300
100,1.36E+08,1.81E+06,1135000,1135000,0,139300
100,1.36E+08,1.78E+06,1135000,1135000,0,139650
100,1.36E+08,1.78E+06,1135000,1135000,0,139650
100,1.36E+08,1.78E+06,1135000,1135000,0,139650
100,1.36E+08,1.78E+06,1135000,1135000,0,139650
100,1.36E+08,1.78E+06,1135000,1135000,0,139650
100,1.36E+08,1.78E+06,1135000,1135000,0,139650
100,1.36E+08,1.78E+06,1135000,1135000,0,139650
100,1.36E+08,1.78E+06,1135000,1135000,0,139650
100,1.36E+08,1.78E+06,1135000,1135000,0,139650
100,1.36E+08,1.78E+06,1135000,1135000,0,139650
100,1.36E+08,1.78E+06,1135000,1135000,0,139750
100,1.36E+08,1.78E+06,1135000,1135000,0,139750
100,1.36E+08,1.78E+06,1135000,1135000,0,139750
100,1.36E+08,1.78E+06,1135000,1135000,0,139750
100,1.36E+08,1.78E+06,1135000,1135000,0,139750
100,1.36E+08,1.78E+06,1135000,1135000,0,139750
100,1.36E+08,1.78E+06,1135000,1135000,0,139750
100,1.36E+08,1.78E+06,1135000,1135000,0,139750
100,1.36E+08,1.79E+06,1135000,1135000,0,139750
100,1.36E+08,1.78E+06,1135000,1135000,0,139750
100,1.36E+08,1.78E+06,1135000,1135000,0,139750
100,1.36E+08,1.78E+06,1135000,1135000,0,139750
100,1.36E+08,1.78E+06,1135000,1135000,0,139750
100,1.36E+08,1.78E+06,1135000,1135000,0,139750
100,1.40E+08,1.78E+06,1135000,1135000,0,153050
100,1.40E+08,1.79E+06,1135000,1135000,0,153050
100,1.40E+08,1.78E+06,1135000,1135000,0,153050
100,1.40E+08,1.79E+06,1135000,1135000,0,153050
100,1.40E+08,1.78E+06,1135000,1135000,0,153050
100,1.40E+08,1.78E+06,1135000,1135000,0,153050
100,1.40E+08,1.79E+06,1135000,1135000,0,153050
100,1.40E+08,1.78E+06,1135000,1135000,0,153050
100,1.39E+08,1.78E+06,1135002,1135004,0,149600
100,1.36E+08,1.78E+06,1135003,1135003,0,139550
100,1.41E+08,1.82E+06,1135003,1135003,0,156700
100,1.47E+08,1.78E+06,1135003,1135002,0,177100
100,1.39E+08,1.78E+06,1135006,1135006,0,151950
100,1.43E+08,1.78E+06,1135006,1135008,0,160050
100,1.45E+08,1.78E+06,1135012,1135012,0,169800
100,1.36E+08,1.85E+06,1135014,1135014,0,139150
100,1.43E+08,1.84E+06,1135018,1135018,0,163550
100,1.47E+08,1.79E+06,1135018,1135018,0,176200
100,1.46E+08,1.79E+06,1135021,1135021,0,173200
100,1.41E+08,1.81E+06,1135024,1135024,0,157850
100,1.47E+08,1.78E+06,1135028,1135027,0,176350
100,1.45E+08,1.78E+06,1135035,1135034,0,169400
100,1.36E+08,1.82E+06,1135036,1135036,0,139300
100,1.40E+08,1.79E+06,1135039,1135039,0,154050
100,1.44E+08,1.78E+06,1135041,1135041,0,165350
100,1.35E+08,1.91E+06,1135043,1135041,0,138750
100,1.36E+08,1.78E+06,1135049,1135049,0,139550
100,1.36E+08,1.78E+06,1135050,1135050,0,139300
100,1.36E+08,1.78E+06,1135051,1135051,0,139550
100,1.47E+08,1.78E+06,1135065,1135065,0,176850
100,1.36E+08,1.82E+06,1135067,1135067,0,139300
100,1.36E+08,1.80E+06,1135069,1135069,0,143350
100,1.46E+08,1.79E+06,1135076,1135075,0,170800
100,1.40E+08,1.78E+06,1135079,1135079,0,154300
100,1.47E+08,1.79E+06,1135079,1135080,0,178400
100,1.44E+08,1.79E+06,1135081,1135081,0,165650
100,1.45E+08,1.79E+06,1135084,1135085,0,169400
100,1.46E+08,1.78E+06,1135089,1135090,0,173200
100,1.40E+08,1.78E+06,1135091,1135091,0,153500
100,1.43E+08,1.78E+06,1135096,1135096,0,161400
100,1.47E+08,1.81E+06,1135096,1135096,0,178800
100,1.45E+08,1.78E+06,1135116,1135116,0,168700
100,1.46E+08,1.78E+06,1135121,1135121,0,170800
100,1.47E+08,1.78E+06,1135128,1135128,0,176350
100,1.39E+08,1.78E+06,1135129,1135131,0,149500
100,1.41E+08,1.81E+06,1135138,1135138,0,156000
100,1.44E+08,1.80E+06,1135140,1135139,0,167400
100,1.36E+08,1.78E+06,1135148,1135145,0,139300
100,1.46E+08,1.78E+06,1135150,1135152,0,173850
100,1.43E+08,1.79E+06,1135157,1135157,0,163250
100,1.46E+08,1.78E+06,1135173,1135175,0,170800
100,1.36E+08,1.78E+06,1135184,1135187,0,142050
100,1.47E+08,1.78E+06,1135185,1135186,0,176000
100,1.47E+08,1.79E+06,1135188,1135186,0,176350
100,1.38E+08,1.81E+06,1135196,1135196,0,147200
100,1.45E+08,1.78E+06,1135202,1135203,0,169800
100,1.45E+08,1.81E+06,1135207,1135207,0,169400
100,1.36E+08,1.78E+06,1135208,1135208,0,139300
100,1.47E+08,1.78E+06,1135214,1135213,0,176200
100,1.39E+08,1.80E+06,1135217,1135218,0,151950
100,1.47E+08,1.78E+06,1135217,1135217,0,177300
100,1.36E+08,1.78E+06,1135226,1135226,0,139300
100,1.45E+08,1.78E+06,1135227,1135226,0,169400
100,1.46E+08,1.82E+06,1135254,1135254,0,173200
100,1.36E+08,1.78E+06,1135260,1135260,0,139650
100,1.40E+08,1.78E+06,1135262,1135262,0,153500
100,1.44E+08,1.78E+06,1135265,1135265,0,167400
100,1.45E+08,1.80E+06,1135266,1135264,0,168650
100,1.44E+08,1.78E+06,1135279,1135280,0,165650
100,1.43E+08,1.81E+06,1135283,1135289,0,163550
100,1.40E+08,1.78E+06,1135298,1135299,0,152950
100,1.45E+08,1.79E+06,1135303,1135303,0,169400
100,1.36E+08,1.78E+06,1135306,1135305,0,139650
100,1.45E+08,1.78E+06,1135312,1135311,0,168700
100,1.47E+08,1.78E+06,1135312,1135311,0,178800
100,1.41E+08,1.78E+06,1135315,1135318,0,157900
100,1.47E+08,1.79E+06,1135319,1135319,0,177100
100,1.40E+08,1.80E+06,1135323,1135323,0,153350
100,1.41E+08,1.78E+06,1135324,1135324,0,156600
100,1.47E+08,1.82E+06,1135332,1135332,0,178800
100,1.47E+08,1.79E+06,1135337,1135337,0,176000
100,1.46E+08,1.79E+06,1135343,1135347,0,170800
100,1.44E+08,1.78E+06,1135353,1135353,0,165350
100,1.44E+08,1.78E+06,1135376,1135374,0,165650
100,1.40E+08,1.81E+06,1135379,1135379,0,153050
100,1.45E+08,1.78E+06,1135391,1135391,0,168700
100,1.47E+08,1.79E+06,1135394,1135391,0,176000
100,1.47E+08,1.78E+06,1135398,1135396,0,176200
100,1.36E+08,1.78E+06,1135402,1135402,0,139650
100,1.41E+08,1.78E+06,1135403,1135403,0,156000
100,1.47E+08,1.82E+06,1135404,1135402,0,177100
100,1.37E+08,1.78E+06,1135406,1135406,0,143900
100,1.41E+08,1.78E+06,1135407,1135407,0,156000
100,1.47E+08,1.78E+06,1135419,1135417,0,178800
100,1.39E+08,1.79E+06,1135428,1135428,0,149600
100,1.44E+08,1.79E+06,1135436,1135436,0,164950
100,1.47E+08,1.79E+06,1135436,1135437,0,176350
100,1.44E+08,1.78E+06,1135439,1135438,0,167400
100,1.44E+08,1.78E+06,1135457,1135456,0,165650
100,1.36E+08,1.78E+06,1135459,1135459,0,139650
100,1.47E+08,1.78E+06,1135460,1135460,0,178800
100,1.39E+08,1.79E+06,1135461,1135461,0,149600
100,1.47E+08,1.81E+06,1135466,1135466,0,178800
100,1.45E+08,1.79E+06,1135468,1135467,0,168750
100,1.43E+08,1.78E+06,1135469,1135469,0,161400
100,1.40E+08,1.78E+06,1135470,1135470,0,153050
100,1.40E+08,1.78E+06,1135475,1135475,0,153500
100,1.47E+08,1.78E+06,1135487,1135487,0,176200
100,1.45E+08,1.79E+06,1135496,1135496,0,168750
100,1.41E+08,1.78E+06,1135497,1135497,0,156600
100,1.46E+08,1.80E+06,1135501,1135501,0,173850
100,1.40E+08,1.78E+06,1135503,1135501,0,154050
100,1.36E+08,1.78E+06,1135513,1135514,0,139300
100,1.40E+08,1.78E+06,1135516,1135515,0,154050
100,1.47E+08,1.80E+06,1135531,1135531,0,177400
100,1.39E+08,1.78E+06,1135540,1135542,0,151950
100,1.45E+08,1.80E+06,1135542,1135542,0,168650
100,1.47E+08,1.79E+06,1135548,1135545,0,176000
100,1.47E+08,1.78E+06,1135551,1135551,0,176000
100,1.36E+08,1.78E+06,1135552,1135553,0,142050
100,1.47E+08,1.78E+06,1135552,1135552,0,177300
100,1.47E+08,1.79E+06,1135568,1135568,0,176350
100,1.41E+08,1.78E+06,1135572,1135571,0,156000
100,1.46E+08,1.79E+06,1135574,1135574,0,175250
100,1.39E+08,1.78E+06,1135576,1135576,0,150900
100,1.45E+08,1.81E+06,1135585,1135584,0,167500
100,1.47E+08,1.78E+06,1135586,1135588,0,178400
100,1.41E+08,1.78E+06,1135599,1135603,0,157850
100,1.47E+08,1.78E+06,1135604,1135604,0,178900
100,1.43E+08,1.78E+06,1135615,1135616,0,161400
100,1.39E+08,1.79E+06,1135620,1135621,0,149600
100,1.45E+08,1.78E+06,1135630,1135631,0,168750
100,1.41E+08,1.78E+06,1135635,1135635,0,157900
100,1.39E+08,1.79E+06,1135638,1135639,0,150400
100,1.41E+08,1.78E+06,1135638,1135637,0,157850
100,1.40E+08,1.78E+06,1135639,1135638,0,153200
100,1.41E+08,1.83E+06,1135642,1135640,0,157850
100,1.46E+08,1.78E+06,1135652,1135650,0,173850
100,1.36E+08,1.78E+06,1135658,1135659,0,141300
100,1.44E+08,1.81E+06,1135658,1135658,0,165650
100,1.36E+08,1.78E+06,1135660,1135660,0,139300
100,1.47E+08,1.78E+06,1135665,1135664,0,177750
100,1.39E+08,1.78E+06,1135682,1135682,0,150400
100,1.45E+08,1.84E+06,1135682,1135682,0,168750
100,1.47E+08,1.78E+06,1135682,1135683,0,177100
100,1.45E+08,1.80E+06,1135683,1135683,0,168900
100,1.45E+08,1.79E+06,1135683,1135683,0,168900
100,1.44E+08,1.78E+06,1135686,1135686,0,165650
100,1.41E+08,1.79E+06,1135689,1135690,0,156700
100,1.36E+08,1.78E+06,1135700,1135701,0,142000
100,1.36E+08,1.78E+06,1135702,1135702,0,139300
100,1.46E+08,1.78E+06,1135706,1135706,0,173850
100,1.36E+08,1.78E+06,1135709,1135707,0,142750
100,1.40E+08,1.78E+06,1135709,1135708,0,154500
100,1.36E+08,1.78E+06,1135735,1135735,0,139650
100,1.43E+08,1.78E+06,1135737,1135737,0,162150
100,1.45E+08,1.78E+06,1135742,1135742,0,168700
100,1.43E+08,1.78E+06,1135744,1135744,0,163250
100,1.36E+08,1.84E+06,1135753,1135752,0,139750
100,1.47E+08,1.78E+06,1135755,1135755,0,177100
100,1.43E+08,1.78E+06,1135762,1135762,0,163550
100,1.41E+08,1.79E+06,1135764,1135764,0,157850
100,1.46E+08,1.78E+06,1135766,1135765,0,175250
100,1.47E+08,1.81E+06,1135772,1135771,0,178400
100,1.40E+08,1.78E+06,1135776,1135777,0,154050
100,1.47E+08,1.78E+06,1135776,1135776,0,176850
100,1.36E+08,1.78E+06,1135779,1135776,0,139650
100,1.36E+08,1.78E+06,1135782,1135784,0,139300
100,1.40E+08,1.78E+06,1135782,1135782,0,154300
100,1.40E+08,1.78E+06,1135794,1135795,0,154050
100,1.45E+08,1.81E+06,1135799,1135796,0,169800
100,1.42E+08,1.82E+06,1135800,1135801,0,159600
100,1.47E+08,1.78E+06,1135812,1135812,0,176350
100,1.36E+08,1.80E+06,1135818,1135819,0,139300
100,1.46E+08,1.78E+06,1135820,1135819,0,170800
100,1.45E+08,1.78E+06,1135831,1135831,0,168750
100,1.47E+08,1.78E+06,1135840,1135840,0,178800
100,1.46E+08,1.78E+06,1135841,1135842,0,173200
100,1.46E+08,1.78E+06,1135842,1135843,0,173200
100,1.45E+08,1.80E+06,1135844,1135844,0,168700
100,1.47E+08,1.78E+06,1135844,1135836,0,178900
100,1.45E+08,1.80E+06,1135852,1135852,0,168750
100,1.36E+08,1.78E+06,1135876,1135875,0,139300
100,1.36E+08,1.79E+06,1135898,1135898,0,142000
100,1.43E+08,1.78E+06,1135900,1135900,0,163550
100,1.47E+08,1.78E+06,1135903,1135903,0,177750
100,1.47E+08,1.78E+06,1135908,1135908,0,178400
100,1.40E+08,1.79E+06,1135909,1135908,0,153200
100,1.47E+08,1.79E+06,1135916,1135918,0,178900
100,1.46E+08,1.80E+06,1135921,1135921,0,175250
100,1.39E+08,1.78E+06,1135922,1135922,0,150400
100,1.45E+08,1.80E+06,1135928,1135928,0,168900
100,1.40E+08,1.80E+06,1135929,1135931,0,153200
100,1.47E+08,1.83E+06,1135929,1135929,0,178800
100,1.43E+08,1.78E+06,1135939,1135942,0,162150
100,1.46E+08,1.78E+06,1135948,1135948,0,173200
100,1.36E+08,1.78E+06,1135963,1135966,0,139650
100,1.44E+08,1.79E+06,1135966,1135969,0,167400
100,1.45E+08,1.80E+06,1135967,1135967,0,168900
100,1.39E+08,1.78E+06,1135970,1135970,0,149600
100,1.46E+08,1.78E+06,1135970,1135970,0,173200
100,1.40E+08,1.81E+06,1135971,1135967,0,154300
100,1.41E+08,1.78E+06,1135973,1135970,0,155700
100,1.47E+08,1.78E+06,1135975,1135976,0,177750
100,1.44E+08,1.81E+06,1135981,1135981,0,165350
100,1.45E+08,1.78E+06,1135988,1135987,0,168900
100,1.47E+08,1.78E+06,1135988,1135986,0,176350
100,1.45E+08,1.78E+06,1136004,1136005,0,168750
100,1.36E+08,1.78E+06,1136015,1136017,0,139550
100,1.36E+08,1.78E+06,1136016,1136016,0,139650
100,1.45E+08,1.78E+06,1136016,1136017,0,168750
100,1.40E+08,1.79E+06,1136017,1136017,0,154050
100,1.41E+08,1.78E+06,1136018,1136019,0,157850
100,1.41E+08,1.78E+06,1136026,1136025,0,156000
100,1.46E+08,1.78E+06,1136030,1136030,0,175250
100,1.47E+08,1.80E+06,1136034,1136034,0,176850
100,1.47E+08,1.80E+06,1136057,1136055,0,176350
100,1.40E+08,1.79E+06,1136061,1136062,0,154050
100,1.39E+08,1.78E+06,1136067,1136067,0,150400
100,1.47E+08,1.80E+06,1136078,1136079,0,176000
100,1.44E+08,1.81E+06,1136080,1136080,0,164100
100,1.40E+08,1.78E+06,1136087,1136083,0,154300
100,1.41E+08,1.78E+06,1136088,1136087,0,155700
100,1.43E+08,1.78E+06,1136090,1136090,0,163550
100,1.47E+08,1.79E+06,1136091,1136091,0,178800
100,1.36E+08,1.78E+06,1136093,1136093,0,139650
100,1.45E+08,1.78E+06,1136096,1136096,0,168750
100,1.46E+08,1.78E+06,1136099,1136099,0,170800
100,1.42E+08,1.80E+06,1136110,1136106,0,159600
100,1.39E+08,1.85E+06,1136115,1136115,0,151900
100,1.39E+08,1.79E+06,1136123,1136123,0,149600
100,1.47E+08,1.82E+06,1136137,1136137,0,176850
100,1.47E+08,1.79E+06,1136138,1136138,0,176000
100,1.43E+08,1.78E+06,1136145,1136144,0,163550
100,1.44E+08,1.78E+06,1136151,1136155,0,165650
100,1.47E+08,1.78E+06,1136152,1136151,0,177300
100,1.46E+08,1.78E+06,1136154,1136154,0,170800
100,1.45E+08,1.78E+06,1136171,1136165,0,169800
100,1.46E+08,1.78E+06,1136177,1136177,0,173850
100,1.44E+08,1.79E+06,1136194,1136193,0,164950
100,1.45E+08,1.78E+06,1136195,1136195,0,169400
100,1.47E+08,1.83E+06,1136197,1136195,0,177100
100,1.39E+08,1.78E+06,1136208,1136208,0,150400
100,1.47E+08,1.79E+06,1136210,1136210,0,178800
100,1.46E+08,1.78E+06,1136211,1136211,0,173200
100,1.45E+08,1.79E+06,1136228,1136227,0,168750
100,1.40E+08,1.78E+06,1136230,1136230,0,154300
100,1.45E+08,1.79E+06,1136230,1136230,0,168900
100,1.47E+08,1.78E+06,1136232,1136232,0,177750
100,1.43E+08,1.84E+06,1136251,1136247,0,163550
100,1.47E+08,1.78E+06,1136251,1136251,0,176200
100,1.47E+08,1.80E+06,1136252,1136252,0,177750
100,1.47E+08,1.81E+06,1136254,1136254,0,176350
100,1.47E+08,1.78E+06,1136259,1136259,0,177300
100,1.45E+08,1.79E+06,1136269,1136268,0,168650
100,1.36E+08,1.78E+06,1136270,1136270,0,139300
100,1.45E+08,1.80E+06,1136278,1136278,0,169400
100,1.45E+08,1.78E+06,1136279,1136280,0,168900
100,1.45E+08,1.81E+06,1136286,1136283,0,168900
100,1.40E+08,1.79E+06,1136294,1136296,0,152950
100,1.41E+08,1.78E+06,1136294,1136296,0,156600
100,1.35E+08,2.04E+06,1136296,1136296,0,138750
100,1.36E+08,1.78E+06,1136298,1136298,0,139650
100,1.45E+08,1.78E+06,1136307,1136307,0,168900
100,1.36E+08,1.78E+06,1136315,1136315,0,139650
100,1.47E+08,1.78E+06,1136315,1136315,0,178800
100,1.47E+08,1.78E+06,1136318,1136319,0,176350
100,1.45E+08,1.81E+06,1136350,1136346,0,168700
100,1.47E+08,1.78E+06,1136354,1136346,0,177100
100,1.47E+08,1.78E+06,1136359,1136359,0,177300
100,1.43E+08,1.78E+06,1136361,1136359,0,163250
100,1.39E+08,1.78E+06,1136373,1136373,0,150650
100,1.40E+08,1.78E+06,1136375,1136375,0,154050
100,1.45E+08,1.78E+06,1136379,1136377,0,168750
100,1.46E+08,1.80E+06,1136380,1136380,0,175250
100,1.39E+08,1.83E+06,1136392,1136392,0,151950
100,1.46E+08,1.79E+06,1136394,1136394,0,173850
100,1.47E+08,1.82E+06,1136395,1136395,0,177300
100,1.43E+08,1.80E+06,1136396,1136395,0,161150
100,1.47E+08,1.78E+06,1136397,1136395,0,178400
100,1.47E+08,1.78E+06,1136404,1136404,0,177100
100,1.39E+08,1.78E+06,1136412,1136412,0,151950
100,1.47E+08,1.78E+06,1136415,1136417,0,178050
100,1.36E+08,1.78E+06,1136419,1136418,0,139650
100,1.47E+08,1.91E+06,1136424,1136424,0,178400
100,1.45E+08,1.82E+06,1136425,1136425,0,168900
100,1.47E+08,1.91E+06,1136436,1136436,0,177400
100,1.36E+08,1.78E+06,1136463,1136462,0,143350
100,1.45E+08,1.78E+06,1136466,1136467,0,168650
100,1.47E+08,1.78E+06,1136466,1136466,0,176000
100,1.47E+08,1.81E+06,1136482,1136482,0,178800
100,1.40E+08,1.78E+06,1136485,1136484,0,153500
100,1.40E+08,1.78E+06,1136489,1136488,0,154300
100,1.47E+08,1.80E+06,1136493,1136493,0,178800
100,1.47E+08,1.82E+06,1136494,1136494,0,177300
100,1.36E+08,1.78E+06,1136496,1136494,0,139550
100,1.46E+08,1.79E+06,1136501,1136499,0,170850
100,1.43E+08,1.78E+06,1136503,1136503,0,162150
100,1.40E+08,1.78E+06,1136508,1136508,0,154300
100,1.41E+08,1.79E+06,1136523,1136522,0,156700
100,1.44E+08,1.80E+06,1136523,1136524,0,165350
100,1.43E+08,1.78E+06,1136528,1136528,0,163550
100,1.47E+08,1.84E+06,1136528,1136528,0,177100
100,1.45E+08,1.79E+06,1136531,1136529,0,169400
100,1.47E+08,1.78E+06,1136539,1136539,0,178800
100,1.36E+08,1.78E+06,1136540,1136540,0,139550
100,1.47E+08,1.78E+06,1136544,1136543,0,176000
100,1.36E+08,1.78E+06,1136547,1136550,0,139550
100,1.36E+08,1.78E+06,1136547,1136547,0,142000
100,1.47E+08,1.79E+06,1136547,1136547,0,177400
100,1.36E+08,1.78E+06,1136548,1136548,0,139750
100,1.47E+08,1.81E+06,1136549,1136549,0,177150
100,1.47E+08,1.78E+06,1136551,1136549,0,178800
100,1.47E+08,1.78E+06,1136560,1136562,0,176850
100,1.46E+08,1.83E+06,1136562,1136561,0,170800
93.8871,1.36E+08,1.78E+06,1136563,1136564,0,139550
100,1.46E+08,1.78E+06,1136563,1136564,0,173850
100,1.45E+08,1.78E+06,1136578,1136578,0,169400
100,1.46E+08,1.78E+06,1136579,1136577,0,172050
100,1.45E+08,1.78E+06,1136580,1136580,0,169400
100,1.46E+08,1.78E+06,1136581,1136581,0,170800
100,1.39E+08,1.78E+06,1136585,1136585,0,150400
100,1.40E+08,1.78E+06,1136600,1136600,0,154050
100,1.47E+08,1.82E+06,1136600,1136599,0,178400
100,1.47E+08,1.78E+06,1136609,1136609,0,178800
100,1.45E+08,1.78E+06,1136612,1136610,0,168650
100,1.40E+08,1.78E+06,1136614,1136614,0,153500
100,1.45E+08,1.78E+06,1136615,1136614,0,168700
100,1.41E+08,1.78E+06,1136616,1136616,0,156700
100,1.45E+08,1.78E+06,1136624,1136621,0,168750
100,1.40E+08,1.82E+06,1136626,1136625,0,154300
100,1.47E+08,1.78E+06,1136636,1136636,0,178800
100,1.41E+08,1.78E+06,1136637,1136637,0,156000
100,1.41E+08,1.80E+06,1136644,1136643,0,155700
100,1.45E+08,1.79E+06,1136644,1136643,0,169400
100,1.40E+08,1.78E+06,1136645,1136645,0,154050
100,1.46E+08,1.78E+06,1136662,1136664,0,173200
100,1.47E+08,1.78E+06,1136665,1136665,0,178400
100,1.47E+08,1.78E+06,1136667,1136667,0,177400
100,1.47E+08,1.78E+06,1136675,1136675,0,176350
100,1.46E+08,1.81E+06,1136676,1136676,0,170850
100,1.40E+08,1.78E+06,1136678,1136677,0,154050
100,1.43E+08,1.80E+06,1136678,1136678,0,161400
100,1.41E+08,1.78E+06,1136688,1136688,0,157850
100,1.46E+08,1.78E+06,1136689,1136689,0,173000
100,1.45E+08,1.84E+06,1136692,1136691,0,169400
100,1.47E+08,1.81E+06,1136694,1136697,0,177100
100,1.47E+08,1.78E+06,1136698,1136697,0,178800
100,1.36E+08,1.78E+06,1136700,1136698,0,139650
100,1.36E+08,1.78E+06,1136703,1136704,0,139300
100,1.45E+08,1.79E+06,1136704,1136704,0,168700
100,1.40E+08,1.78E+06,1136706,1136705,0,154300
100,1.41E+08,1.78E+06,1136713,1136712,0,156000
100,1.39E+08,1.81E+06,1136715,1136715,0,150150
100,1.36E+08,1.80E+06,1136716,1136715,0,139300
100,1.45E+08,1.78E+06,1136721,1136721,0,168700
100,1.44E+08,1.81E+06,1136723,1136723,0,165650
100,1.45E+08,1.82E+06,1136735,1136735,0,168750
100,1.36E+08,1.78E+06,1136740,1136741,0,139650
100,1.45E+08,1.78E+06,1136742,1136738,0,168650
100,1.36E+08,1.78E+06,1136743,1136743,0,139300
100,1.44E+08,1.80E+06,1136746,1136744,0,165650
100,1.36E+08,1.78E+06,1136750,1136750,0,139550
100,1.36E+08,1.78E+06,1136753,1136747,0,139650
100,1.45E+08,1.79E+06,1136760,1136760,0,169400
100,1.36E+08,1.78E+06,1136761,1136761,0,139300
100,1.46E+08,1.78E+06,1136765,1136765,0,170800
100,1.46E+08,1.78E+06,1136766,1136766,0,175250
100,1.45E+08,1.78E+06,1136768,1136767,0,168650
100,1.36E+08,1.80E+06,1136775,1136775,0,139300
100,1.36E+08,1.78E+06,1136777,1136777,0,139300
100,1.47E+08,1.80E+06,1136782,1136782,0,176350
100,1.46E+08,1.78E+06,1136790,1136790,0,170800
100,1.43E+08,1.80E+06,1136791,1136791,0,163550
100,1.46E+08,1.78E+06,1136791,1136791,0,170800
100,1.47E+08,1.78E+06,1136807,1136807,0,177300
100,1.47E+08,1.78E+06,1136816,1136816,0,176200
100,1.41E+08,1.78E+06,1136822,1136823,0,157900
100,1.45E+08,1.80E+06,1136822,1136823,0,168900
100,1.47E+08,1.78E+06,1136823,1136823,0,178800
100,1.36E+08,1.85E+06,1136833,1136832,0,139200
100,1.38E+08,1.78E+06,1136842,1136842,0,147200
100,1.40E+08,1.78E+06,1136844,1136844,0,154050
100,1.46E+08,1.78E+06,1136847,1136845,0,170800
100,1.44E+08,1.78E+06,1136853,1136853,0,167400
100,1.43E+08,1.78E+06,1136867,1136867,0,163250
100,1.45E+08,1.79E+06,1136869,1136869,0,168650
100,1.47E+08,1.79E+06,1136869,1136869,0,178050
100,1.47E+08,1.81E+06,1136876,1136876,0,177300
100,1.47E+08,1.78E+06,1136884,1136884,0,177300
100,1.44E+08,1.78E+06,1136885,1136885,0,167400
100,1.36E+08,1.80E+06,1136887,1136888,0,139150
100,1.47E+08,1.78E+06,1136896,1136898,0,177100
100,1.36E+08,1.78E+06,1136905,1136905,0,139550
100,1.42E+08,1.78E+06,1136911,1136912,0,159600
100,1.47E+08,1.80E+06,1136913,1136914,0,178800
100,1.46E+08,1.78E+06,1136922,1136922,0,173200
100,1.43E+08,1.78E+06,1136923,1136923,0,162150
100,1.40E+08,1.78E+06,1136934,1136934,0,154050
100,1.45E+08,1.82E+06,1136935,1136935,0,168650
100,1.41E+08,1.78E+06,1136941,1136940,0,156700
100,1.39E+08,1.78E+06,1136953,1136952,0,151950
100,1.36E+08,1.81E+06,1136961,1136957,0,139300
100,1.44E+08,1.79E+06,1136961,1136960,0,165350
100,1.40E+08,1.80E+06,1136963,1136963,0,154050
100,1.41E+08,1.79E+06,1136965,1136964,0,156700
100,1.46E+08,1.79E+06,1136968,1136970,0,173000
100,1.41E+08,1.79E+06,1136970,1136970,0,156700
100,1.36E+08,1.78E+06,1136971,1136971,0,139750
100,1.40E+08,1.78E+06,1136971,1136967,0,153050
100,1.41E+08,1.78E+06,1136973,1136973,0,157850
100,1.36E+08,1.78E+06,1136981,1136981,0,139550
100,1.36E+08,1.78E+06,1136982,1136977,0,139650
100,1.41E+08,1.78E+06,1136983,1136983,0,157850
100,1.41E+08,1.80E+06,1136988,1136987,0,155800
100,1.46E+08,1.88E+06,1136997,1136997,0,175250
100,1.45E+08,1.78E+06,1137001,1137001,0,168900
100,1.43E+08,1.78E+06,1137002,1137002,0,162650
100,1.44E+08,1.80E+06,1137002,1137003,0,165350
100,1.46E+08,1.78E+06,1137005,1137002,0,175250
100,1.45E+08,1.85E+06,1137011,1137011,0,168650
100,1.43E+08,1.83E+06,1137012,1137012,0,163200
100,1.46E+08,1.79E+06,1137013,1137010,0,175250
100,1.40E+08,1.78E+06,1137025,1137024,0,153500
100,1.47E+08,1.78E+06,1137026,1137026,0,177300
100,1.36E+08,1.78E+06,1137029,1137030,0,139650
100,1.44E+08,1.78E+06,1137035,1137034,0,167400
100,1.40E+08,1.86E+06,1137037,1137037,0,152950
100,1.36E+08,1.78E+06,1137039,1137039,0,139300
100,1.47E+08,1.80E+06,1137046,1137046,0,178400
100,1.46E+08,1.82E+06,1137048,1137048,0,173200
100,1.47E+08,1.78E+06,1137048,1137048,0,177400
100,1.43E+08,1.78E+06,1137050,1137050,0,160800
100,1.41E+08,1.80E+06,1137051,1137051,0,156000
100,1.47E+08,1.78E+06,1137066,1137065,0,178800
100,1.47E+08,1.79E+06,1137068,1137068,0,176350
100,1.36E+08,1.78E+06,1137070,1137073,0,142000
100,1.47E+08,1.79E+06,1137076,1137076,0,178800
100,1.44E+08,1.81E+06,1137079,1137079,0,167400
100,1.40E+08,1.78E+06,1137080,1137080,0,154300
100,1.40E+08,1.78E+06,1137092,1137089,0,152950
100,1.41E+08,1.78E+06,1137096,1137094,0,156600
100,1.36E+08,1.78E+06,1137097,1137097,0,139650
100,1.39E+08,1.79E+06,1137099,1137099,0,151950
100,1.47E+08,1.78E+06,1137101,1137101,0,178800
100,1.46E+08,1.79E+06,1137106,1137102,0,175250
100,1.39E+08,1.78E+06,1137121,1137121,0,150400
100,1.36E+08,1.78E+06,1137122,1137119,0,139300
100,1.36E+08,1.78E+06,1137125,1137125,0,139300
100,1.44E+08,1.78E+06,1137128,1137129,0,167400
100,1.36E+08,1.78E+06,1137144,1137143,0,139650
100,1.40E+08,1.78E+06,1137145,1137145,0,154050
100,1.40E+08,1.79E+06,1137145,1137144,0,154300
100,1.45E+08,1.79E+06,1137148,1137148,0,168900
100,1.39E+08,1.78E+06,1137149,1137149,0,149600
100,1.41E+08,1.79E+06,1137152,1137155,0,157900
100,1.40E+08,1.78E+06,1137162,1137162,0,154050
100,1.45E+08,1.78E+06,1137179,1137179,0,168750
100,1.47E+08,1.79E+06,1137181,1137181,0,176000
100,1.40E+08,1.78E+06,1137183,1137183,0,154300
100,1.46E+08,1.81E+06,1137184,1137185,0,170850
100,1.47E+08,1.78E+06,1137185,1137185,0,176200
100,1.47E+08,1.78E+06,1137188,1137189,0,177150
100,1.40E+08,1.78E+06,1137189,1137189,0,154300
100,1.39E+08,1.78E+06,1137190,1137191,0,151950
100,1.43E+08,1.79E+06,1137195,1137195,0,163550
100,1.47E+08,1.79E+06,1137195,1137195,0,178800
100,1.40E+08,1.78E+06,1137214,1137214,0,154050
100,1.40E+08,1.78E+06,1137219,1137219,0,154300
100,1.44E+08,1.80E+06,1137221,1137215,0,164950
100,1.45E+08,1.78E+06,1137222,1137222,0,168700
100,1.45E+08,1.81E+06,1137224,1137223,0,168700
100,1.41E+08,1.78E+06,1137240,1137240,0,156000
100,1.46E+08,1.78E+06,1137241,1137238,0,173850
100,1.40E+08,1.79E+06,1137246,1137246,0,154300
100,1.47E+08,1.78E+06,1137248,1137249,0,177100
100,1.47E+08,1.78E+06,1137250,1137250,0,178050
100,1.39E+08,1.78E+06,1137254,1137253,0,149600
100,1.46E+08,1.80E+06,1137257,1137256,0,170800
100,1.36E+08,1.78E+06,1137261,1137262,0,139300
100,1.47E+08,1.79E+06,1137263,1137263,0,178800
100,1.46E+08,1.81E+06,1137272,1137274,0,175250
100,1.44E+08,1.78E+06,1137279,1137279,0,165350
100,1.45E+08,1.81E+06,1137282,1137282,0,168750
100,1.44E+08,1.78E+06,1137287,1137287,0,167400
100,1.44E+08,1.79E+06,1137288,1137290,0,165350
100,1.39E+08,1.78E+06,1137292,1137292,0,149500
100,1.41E+08,1.78E+06,1137296,1137294,0,155800
100,1.36E+08,1.84E+06,1137301,1137301,0,139300
100,1.45E+08,1.81E+06,1137303,1137304,0,168650
100,1.41E+08,1.81E+06,1137313,1137313,0,157850
100,1.37E+08,1.79E+06,1137316,1137316,0,144050
100,1.47E+08,1.87E+06,1137316,1137317,0,177300
100,1.36E+08,1.78E+06,1137317,1137319,0,141300
100,1.45E+08,1.78E+06,1137335,1137334,0,168750
100,1.47E+08,1.78E+06,1137340,1137339,0,177100
100,1.44E+08,1.79E+06,1137343,1137343,0,165650
100,1.47E+08,1.81E+06,1137343,1137338,0,177100
100,1.47E+08,1.78E+06,1137349,1137345,0,178800
100,1.46E+08,1.79E+06,1137353,1137353,0,175250
100,1.47E+08,1.80E+06,1137355,1137356,0,178900
100,1.44E+08,1.79E+06,1137358,1137358,0,165350
100,1.45E+08,1.79E+06,1137358,1137356,0,168900
100,1.47E+08,1.78E+06,1137361,1137361,0,176350
100,1.43E+08,1.78E+06,1137367,1137369,0,162150
100,1.45E+08,1.78E+06,1137367,1137366,0,168900
100,1.45E+08,1.82E+06,1137370,1137369,0,168900
100,1.46E+08,1.78E+06,1137370,1137370,0,173850
100,1.47E+08,1.79E+06,1137370,1137371,0,178800
100,1.40E+08,1.79E+06,1137371,1137371,0,154050
100,1.47E+08,1.79E+06,1137371,1137371,0,178800
100,1.47E+08,1.78E+06,1137376,1137378,0,177100
100,1.47E+08,1.79E+06,1137377,1137378,0,177750
100,1.38E+08,1.78E+06,1137382,1137384,0,147200
100,1.40E+08,1.78E+06,1137383,1137383,0,152950
100,1.47E+08,1.78E+06,1137383,1137383,0,177400
100,1.47E+08,1.80E+06,1137383,1137386,0,178800
100,1.46E+08,1.78E+06,1137389,1137392,0,173850
100,1.40E+08,1.78E+06,1137390,1137390,0,154300
100,1.41E+08,1.79E+06,1137393,1137392,0,157850
100,1.40E+08,1.78E+06,1137394,1137394,0,154050
100,1.42E+08,1.78E+06,1137407,1137407,0,159600
100,1.46E+08,1.78E+06,1137407,1137407,0,175250
100,1.47E+08,1.78E+06,1137414,1137411,0,177300
100,1.36E+08,1.78E+06,1137420,1137420,0,139300
100,1.43E+08,1.78E+06,1137420,1137420,0,160050
100,1.47E+08,1.81E+06,1137436,1137439,0,177300
100,1.40E+08,1.78E+06,1137440,1137440,0,153500
100,1.46E+08,1.78E+06,1137444,1137444,0,175250
100,1.40E+08,1.80E+06,1137454,1137454,0,154300
100,1.47E+08,1.79E+06,1137456,1137454,0,176350
100,1.46E+08,1.78E+06,1137457,1137457,0,170800
100,1.43E+08,1.82E+06,1137461,1137460,0,163200
100,1.45E+08,1.78E+06,1137470,1137470,0,168750
100,1.45E+08,1.81E+06,1137473,1137473,0,168650
100,1.47E+08,1.78E+06,1137475,1137475,0,176850
100,1.45E+08,1.78E+06,1137483,1137483,0,168900
100,1.45E+08,1.80E+06,1137485,1137485,0,168700
100,1.43E+08,1.79E+06,1137486,1137486,0,160150
100,1.43E+08,1.81E+06,1137488,1137487,0,163550
100,1.40E+08,1.81E+06,1137496,1137493,0,153200
100,1.34E+08,2.13E+06,1137500,1137500,0,138750
100,1.35E+08,2.08E+06,1137500,1137500,0,138750
100,1.36E+08,1.78E+06,1137500,1137500,0,139650
100,1.36E+08,1.78E+06,1137500,1137500,0,139650
100,1.36E+08,1.78E+06,1137500,1137500,0,139650
100,1.36E+08,1.78E+06,1137500,1137500,0,139650
100,1.36E+08,1.78E+06,1137500,1137500,0,139650
100,1.36E+08,1.78E+06,1137500,1137500,0,139650
100,1.36E+08,1.82E+06,1137502,1137503,0,139150
100,1.47E+08,1.78E+06,1137506,1137506,0,178800
100,1.45E+08,1.78E+06,1137509,1137509,0,168900
100,1.46E+08,1.79E+06,1137516,1137516,0,170800
100,1.43E+08,1.78E+06,1137535,1137535,0,163200
100,1.40E+08,1.79E+06,1137542,1137542,0,154050
100,1.43E+08,1.79E+06,1137548,1137548,0,163250
100,1.36E+08,1.78E+06,1137549,1137549,0,139300
100,1.46E+08,1.78E+06,1137550,1137550,0,170800
100,1.45E+08,1.78E+06,1137555,1137555,0,169400
100,1.45E+08,1.79E+06,1137556,1137555,0,168750
100,1.47E+08,1.80E+06,1137559,1137558,0,177300
100,1.40E+08,1.78E+06,1137561,1137561,0,153350
100,1.41E+08,1.79E+06,1137561,1137561,0,157900
100,1.41E+08,1.79E+06,1137568,1137570,0,156700
100,1.45E+08,1.80E+06,1137568,1137567,0,169400
100,1.47E+08,1.78E+06,1137568,1137568,0,178800
100,1.44E+08,1.78E+06,1137577,1137577,0,167400
100,1.41E+08,1.80E+06,1137586,1137586,0,157850
100,1.46E+08,1.78E+06,1137587,1137586,0,170800
100,1.45E+08,1.78E+06,1137589,1137585,0,168900
100,1.36E+08,1.78E+06,1137596,1137596,0,139550
100,1.47E+08,1.78E+06,1137597,1137597,0,177400
100,1.42E+08,1.78E+06,1137601,1137601,0,158900
100,1.40E+08,1.78E+06,1137610,1137610,0,154300
100,1.40E+08,1.78E+06,1137611,1137611,0,153200
100,1.47E+08,1.78E+06,1137616,1137614,0,178800
100,1.40E+08,1.78E+06,1137625,1137625,0,152950
100,1.41E+08,1.80E+06,1137625,1137625,0,155700
100,1.43E+08,1.80E+06,1137629,1137629,0,163550
100,1.45E+08,1.79E+06,1137629,1137628,0,168750
100,1.47E+08,1.79E+06,1137629,1137629,0,178800
100,1.46E+08,1.80E+06,1137630,1137630,0,173850
100,1.45E+08,1.84E+06,1137633,1137633,0,168900
100,1.43E+08,1.81E+06,1137635,1137635,0,163250
100,1.47E+08,1.79E+06,1137638,1137635,0,177100
100,1.47E+08,1.79E+06,1137639,1137639,0,176350
100,1.45E+08,1.78E+06,1137644,1137644,0,168750
100,1.46E+08,1.79E+06,1137647,1137647,0,175250
100,1.47E+08,1.80E+06,1137647,1137648,0,178800
100,1.47E+08,1.78E+06,1137651,1137652,0,177100
100,1.36E+08,1.78E+06,1137654,1137656,0,139300
100,1.41E+08,1.78E+06,1137660,1137660,0,157900
100,1.47E+08,1.79E+06,1137660,1137660,0,177100
100,1.43E+08,1.79E+06,1137665,1137663,0,161150
100,1.36E+08,1.78E+06,1137666,1137662,0,139300
100,1.46E+08,1.79E+06,1137666,1137660,0,170800
100,1.40E+08,1.78E+06,1137668,1137668,0,153050
100,1.46E+08,1.78E+06,1137671,1137671,0,170800
100,1.41E+08,1.78E+06,1137679,1137677,0,157900
100,1.36E+08,1.78E+06,1137685,1137685,0,139300
100,1.41E+08,1.79E+06,1137686,1137685,0,156600
100,1.45E+08,1.79E+06,1137686,1137686,0,168750
100,1.46E+08,1.80E+06,1137689,1137685,0,175250
100,1.36E+08,1.78E+06,1137700,1137700,0,142050
100,1.41E+08,1.79E+06,1137704,1137704,0,155800
100,1.36E+08,1.78E+06,1137705,1137703,0,139650
100,1.47E+08,1.78E+06,1137706,1137706,0,178800
100,1.36E+08,1.82E+06,1137710,1137711,0,139300
100,1.43E+08,1.79E+06,1137717,1137717,0,163200
100,1.39E+08,1.78E+06,1137721,1137721,0,151950
100,1.46E+08,1.79E+06,1137723,1137721,0,175250
100,1.41E+08,1.79E+06,1137724,1137726,0,156000
100,1.36E+08,1.78E+06,1137728,1137728,0,139300
100,1.40E+08,1.78E+06,1137730,1137730,0,154050
100,1.40E+08,1.78E+06,1137736,1137735,0,154050
100,1.36E+08,1.78E+06,1137737,1137739,0,142050
100,1.46E+08,1.80E+06,1137740,1137739,0,172950
100,1.45E+08,1.78E+06,1137742,1137742,0,168900
100,1.39E+08,1.78E+06,1137746,1137747,0,149600
100,1.47E+08,1.80E+06,1137750,1137750,0,178050
100,1.47E+08,1.78E+06,1137754,1137755,0,178900
100,1.46E+08,1.81E+06,1137755,1137757,0,175250
100,1.46E+08,1.79E+06,1137758,1137759,0,173850
100,1.46E+08,1.78E+06,1137765,1137767,0,170800
100,1.36E+08,1.80E+06,1137769,1137769,0,139300
100,1.36E+08,1.78E+06,1137775,1137775,0,139300
100,1.44E+08,1.78E+06,1137777,1137777,0,165350
100,1.36E+08,1.78E+06,1137786,1137782,0,139550
100,1.36E+08,1.78E+06,1137791,1137791,0,139550
100,1.44E+08,1.78E+06,1137791,1137791,0,165650
100,1.47E+08,1.78E+06,1137794,1137794,0,177400
100,1.44E+08,1.78E+06,1137798,1137798,0,165650
100,1.43E+08,1.79E+06,1137799,1137800,0,161400
100,1.36E+08,1.85E+06,1137804,1137804,0,139200
100,1.39E+08,1.80E+06,1137809,1137808,0,151950
100,1.41E+08,1.78E+06,1137809,1137809,0,156700
100,1.44E+08,1.79E+06,1137817,1137817,0,165350
100,1.47E+08,1.78E+06,1137819,1137816,0,176000
100,1.44E+08,1.78E+06,1137829,1137828,0,164950
100,1.47E+08,1.80E+06,1137834,1137827,0,178800
100,1.40E+08,1.78E+06,1137840,1137840,0,154300
100,1.41E+08,1.78E+06,1137841,1137841,0,156000
100,1.45E+08,1.80E+06,1137845,1137845,0,168750
100,1.45E+08,1.79E+06,1137848,1137849,0,169400
100,1.36E+08,1.78E+06,1137849,1137850,0,139300
100,1.36E+08,1.84E+06,1137852,1137851,0,139300
100,1.43E+08,1.79E+06,1137856,1137856,0,163550
100,1.45E+08,1.78E+06,1137858,1137856,0,168650
100,1.47E+08,1.78E+06,1137872,1137873,0,176200
100,1.42E+08,1.78E+06,1137873,1137876,0,159100
100,1.47E+08,1.78E+06,1137874,1137874,0,177300
100,1.44E+08,1.88E+06,1137876,1137876,0,165650
100,1.40E+08,1.78E+06,1137886,1137886,0,152950
100,1.40E+08,1.79E+06,1137888,1137888,0,153500
100,1.45E+08,1.78E+06,1137888,1137888,0,168750
100,1.46E+08,1.78E+06,1137894,1137896,0,175250
100,1.45E+08,1.79E+06,1137897,1137898,0,169400
100,1.40E+08,1.80E+06,1137901,1137903,0,152950
100,1.47E+08,1.78E+06,1137906,1137908,0,176000
100,1.45E+08,1.80E+06,1137909,1137909,0,168750
100,1.43E+08,1.81E+06,1137911,1137910,0,163250
100,1.39E+08,1.78E+06,1137913,1137912,0,150400
100,1.36E+08,1.80E+06,1137924,1137924,0,142050
100,1.47E+08,1.79E+06,1137933,1137933,0,177100
100,1.41E+08,1.80E+06,1137944,1137944,0,156000
100,1.47E+08,1.82E+06,1137945,1137942,0,176000
100,1.45E+08,1.78E+06,1137947,1137947,0,169400
100,1.47E+08,1.78E+06,1137947,1137943,0,178800
100,1.47E+08,1.80E+06,1137958,1137958,0,176200
100,1.41E+08,1.79E+06,1137961,1137961,0,157850
100,1.36E+08,1.78E+06,1137962,1137962,0,139550
100,1.47E+08,1.78E+06,1137964,1137963,0,176000
100,1.36E+08,1.78E+06,1137972,1137972,0,139650
100,1.47E+08,1.79E+06,1137973,1137970,0,177300
100,1.45E+08,1.80E+06,1137977,1137978,0,168650
100,1.47E+08,1.78E+06,1137982,1137982,0,176350
100,1.46E+08,1.79E+06,1137994,1137996,0,175250
100,1.40E+08,1.78E+06,1137998,1137995,0,154300
100,1.41E+08,1.78E+06,1138003,1138004,0,156000
100,1.45E+08,1.78E+06,1138006,1138006,0,168900
100,1.44E+08,1.78E+06,1138012,1138014,0,165650
100,1.36E+08,1.78E+06,1138014,1138014,0,139300
100,1.41E+08,1.78E+06,1138018,1138021,0,156700
100,1.34E+08,2.24E+06,1138024,1138021,0,138750
100,1.40E+08,1.79E+06,1138027,1138028,0,153050
100,1.44E+08,1.80E+06,1138036,1138034,0,167400
100,1.36E+08,1.78E+06,1138039,1138041,0,139300
100,1.36E+08,1.78E+06,1138045,1138044,0,139550
100,1.36E+08,1.78E+06,1138045,1138045,0,139650
100,1.39E+08,1.78E+06,1138047,1138047,0,151950
100,1.40E+08,1.78E+06,1138048,1138048,0,153200
100,1.47E+08,1.78E+06,1138055,1138056,0,178900
100,1.47E+08,1.78E+06,1138067,1138066,0,177300
100,1.46E+08,1.79E+06,1138073,1138073,0,170800
100,1.47E+08,1.78E+06,1138074,1138074,0,178400
100,1.47E+08,1.79E+06,1138082,1138080,0,178800
100,1.47E+08,1.78E+06,1138085,1138083,0,178800
100,1.47E+08,1.78E+06,1138091,1138091,0,178800
100,1.47E+08,1.81E+06,1138102,1138102,0,176200
100,1.36E+08,1.78E+06,1138104,1138106,0,139650
100,1.47E+08,1.80E+06,1138104,1138100,0,177100
100,1.36E+08,1.78E+06,1138105,1138104,0,139550
100,1.46E+08,1.79E+06,1138112,1138112,0,173850
100,1.39E+08,1.78E+06,1138113,1138113,0,150650
100,1.40E+08,1.80E+06,1138113,1138113,0,153200
100,1.47E+08,1.79E+06,1138116,1138116,0,177300
100,1.39E+08,1.83E+06,1138117,1138116,0,150150
100,1.46E+08,1.79E+06,1138120,1138121,0,173850
100,1.47E+08,1.82E+06,1138128,1138128,0,178800
100,1.44E+08,1.78E+06,1138130,1138130,0,164950
100,1.36E+08,1.78E+06,1138135,1138137,0,139300
100,1.46E+08,1.80E+06,1138135,1138134,0,170800
100,1.42E+08,1.80E+06,1138143,1138143,0,159100
100,1.44E+08,1.79E+06,1138154,1138155,0,167400
100,1.39E+08,1.78E+06,1138155,1138153,0,149600
100,1.38E+08,1.78E+06,1138158,1138158,0,147200
100,1.46E+08,1.78E+06,1138158,1138158,0,170800
100,1.43E+08,1.78E+06,1138159,1138159,0,163250
100,1.45E+08,1.80E+06,1138159,1138161,0,168650
100,1.36E+08,1.78E+06,1138179,1138182,0,139300
100,1.43E+08,1.78E+06,1138182,1138182,0,162150
100,1.44E+08,1.78E+06,1138189,1138189,0,165350
100,1.47E+08,1.78E+06,1138206,1138206,0,177100
100,1.46E+08,1.78E+06,1138209,1138209,0,170800
100,1.46E+08,1.80E+06,1138210,1138210,0,170800
100,1.44E+08,1.80E+06,1138215,1138215,0,165350
100,1.47E+08,1.85E+06,1138217,1138216,0,178800
100,1.46E+08,1.83E+06,1138218,1138217,0,170800
100,1.47E+08,1.78E+06,1138218,1138218,0,176350
100,1.47E+08,1.80E+06,1138219,1138219,0,177300
100,1.40E+08,1.81E+06,1138221,1138221,0,152950
100,1.43E+08,1.84E+06,1138221,1138217,0,163200
100,1.47E+08,1.79E+06,1138222,1138222,0,176000
100,1.41E+08,1.78E+06,1138226,1138227,0,156300
100,1.39E+08,1.78E+06,1138234,1138233,0,151950
100,1.40E+08,1.78E+06,1138236,1138234,0,154300
100,1.45E+08,1.84E+06,1138243,1138242,0,169400
100,1.41E+08,1.80E+06,1138245,1138246,0,156700
100,1.43E+08,1.81E+06,1138247,1138245,0,162150
100,1.45E+08,1.79E+06,1138248,1138248,0,168750
100,1.39E+08,1.80E+06,1138252,1138252,0,149600
100,1.42E+08,1.78E+06,1138258,1138255,0,159600
100,1.39E+08,1.78E+06,1138271,1138269,0,150400
100,1.36E+08,1.78E+06,1138272,1138272,0,139650
100,1.45E+08,1.78E+06,1138276,1138277,0,168750
100,1.47E+08,1.78E+06,1138280,1138281,0,178800
100,1.46E+08,1.78E+06,1138283,1138283,0,170800
100,1.47E+08,1.78E+06,1138289,1138288,0,178800
100,1.45E+08,1.79E+06,1138290,1138291,0,168750
100,1.43E+08,1.80E+06,1138293,1138293,0,162150
100,1.47E+08,1.78E+06,1138298,1138298,0,177300
100,1.36E+08,1.78E+06,1138300,1138300,0,139650
100,1.36E+08,1.78E+06,1138310,1138311,0,139550
100,1.44E+08,1.78E+06,1138312,1138312,0,165350
100,1.36E+08,1.78E+06,1138314,1138314,0,139650
100,1.45E+08,1.78E+06,1138320,1138321,0,168750
100,1.39E+08,1.78E+06,1138324,1138324,0,149600
100,1.47E+08,1.82E+06,1138325,1138325,0,176200
100,1.47E+08,1.79E+06,1138325,1138325,0,176350
100,1.43E+08,1.80E+06,1138328,1138328,0,162950
100,1.47E+08,1.80E+06,1138335,1138335,0,178400
100,1.47E+08,1.78E+06,1138347,1138347,0,177750
100,1.38E+08,1.79E+06,1138350,1138350,0,147200
100,1.41E+08,1.80E+06,1138358,1138358,0,155700
100,1.47E+08,1.79E+06,1138358,1138359,0,176850
100,1.46E+08,1.80E+06,1138362,1138362,0,173200
100,1.44E+08,1.78E+06,1138370,1138373,0,165350
100,1.46E+08,1.79E+06,1138374,1138374,0,170800
100,1.41E+08,1.80E+06,1138380,1138382,0,156700
100,1.45E+08,1.81E+06,1138380,1138380,0,168750
100,1.36E+08,1.78E+06,1138382,1138380,0,139650
100,1.43E+08,1.83E+06,1138390,1138390,0,162150
100,1.47E+08,1.78E+06,1138391,1138392,0,176350
100,1.47E+08,1.79E+06,1138391,1138391,0,178800
100,1.43E+08,1.78E+06,1138392,1138394,0,163250
100,1.39E+08,1.78E+06,1138407,1138407,0,149600
100,1.36E+08,1.78E+06,1138418,1138416,0,139650
100,1.46E+08,1.78E+06,1138419,1138419,0,170800
100,1.43E+08,1.78E+06,1138424,1138425,0,163250
100,1.39E+08,1.78E+06,1138431,1138433,0,149600
100,1.46E+08,1.78E+06,1138437,1138436,0,173850
100,1.47E+08,1.78E+06,1138439,1138437,0,176850
100,1.36E+08,1.78E+06,1138443,1138443,0,139650
100,1.47E+08,1.79E+06,1138443,1138443,0,176850
100,1.36E+08,1.83E+06,1138447,1138447,0,139150
100,1.47E+08,1.81E+06,1138454,1138455,0,176000
100,1.47E+08,1.78E+06,1138460,1138461,0,178800
100,1.41E+08,1.78E+06,1138479,1138479,0,156300
100,1.40E+08,1.79E+06,1138485,1138483,0,154050
100,1.40E+08,1.78E+06,1138496,1138497,0,153750
100,1.40E+08,1.78E+06,1138502,1138502,0,154050
100,1.45E+08,1.82E+06,1138508,1138507,0,168900
100,1.36E+08,1.78E+06,1138511,1138511,0,139550
100,1.44E+08,1.78E+06,1138515,1138515,0,165350
100,1.45E+08,1.79E+06,1138518,1138519,0,168650
100,1.47E+08,1.79E+06,1138518,1138518,0,178800
100,1.41E+08,1.79E+06,1138527,1138528,0,157900
100,1.47E+08,1.80E+06,1138535,1138535,0,178800
100,1.46E+08,1.78E+06,1138539,1138537,0,175250
100,1.44E+08,1.78E+06,1138541,1138541,0,165350
100,1.47E+08,1.78E+06,1138542,1138542,0,177100
100,1.43E+08,1.78E+06,1138545,1138545,0,163250
100,1.36E+08,1.78E+06,1138555,1138556,0,139300
100,1.36E+08,1.78E+06,1138558,1138558,0,139650
100,1.36E+08,1.78E+06,1138559,1138559,0,139650
100,1.41E+08,1.79E+06,1138561,1138562,0,157850
100,1.47E+08,1.78E+06,1138582,1138582,0,178050
100,1.46E+08,1.82E+06,1138583,1138583,0,173200
100,1.47E+08,1.78E+06,1138593,1138594,0,176200
100,1.44E+08,1.78E+06,1138598,1138598,0,165350
100,1.36E+08,1.78E+06,1138602,1138602,0,142000
100,1.47E+08,1.79E+06,1138603,1138604,0,178400
100,1.46E+08,1.79E+06,1138606,1138606,0,173850
100,1.40E+08,1.78E+06,1138615,1138615,0,154050
100,1.46E+08,1.79E+06,1138620,1138620,0,175250
100,1.39E+08,1.79E+06,1138627,1138627,0,150650
100,1.38E+08,1.78E+06,1138632,1138635,0,147200
100,1.43E+08,1.78E+06,1138632,1138631,0,163250
100,1.45E+08,1.78E+06,1138633,1138633,0,168750
100,1.47E+08,1.79E+06,1138636,1138636,0,178400
100,1.45E+08,1.78E+06,1138642,1138642,0,168900
100,1.46E+08,1.78E+06,1138658,1138655,0,175250
100,1.47E+08,1.78E+06,1138681,1138678,0,176350
100,1.47E+08,1.80E+06,1138685,1138685,0,178800
100,1.47E+08,1.80E+06,1138690,1138690,0,178800
100,1.42E+08,1.78E+06,1138693,1138693,0,159600
100,1.36E+08,1.78E+06,1138707,1138705,0,139650
100,1.36E+08,1.78E+06,1138716,1138717,0,139650
100,1.45E+08,1.79E+06,1138719,1138720,0,168750
100,1.36E+08,1.78E+06,1138721,1138721,0,139650
100,1.39E+08,1.78E+06,1138723,1138723,0,150650
100,1.46E+08,1.78E+06,1138723,1138722,0,170800
100,1.44E+08,1.78E+06,1138724,1138724,0,167400
100,1.45E+08,1.79E+06,1138736,1138734,0,169400
100,1.47E+08,1.80E+06,1138736,1138736,0,176000
100,1.47E+08,1.78E+06,1138736,1138736,0,177750
100,1.40E+08,1.78E+06,1138738,1138738,0,154300
100,1.42E+08,1.78E+06,1138738,1138738,0,159600
100,1.47E+08,1.79E+06,1138740,1138741,0,177750
100,1.47E+08,1.80E+06,1138741,1138742,0,176850
100,1.47E+08,1.78E+06,1138741,1138741,0,178800
100,1.40E+08,1.78E+06,1138742,1138742,0,153500
100,1.45E+08,1.78E+06,1138743,1138743,0,168750
100,1.45E+08,1.78E+06,1138744,1138744,0,169400
100,1.47E+08,1.82E+06,1138746,1138746,0,176350
100,1.41E+08,1.78E+06,1138750,1138750,0,156000
100,1.40E+08,1.78E+06,1138759,1138759,0,154050
100,1.36E+08,1.78E+06,1138771,1138773,0,139650
100,1.39E+08,1.78E+06,1138777,1138777,0,150650
100,1.44E+08,1.78E+06,1138777,1138777,0,165350
100,1.46E+08,1.78E+06,1138789,1138789,0,173200
100,1.34E+08,2.05E+06,1138796,1138797,0,138750
100,1.40E+08,1.78E+06,1138796,1138798,0,153200
100,1.42E+08,1.78E+06,1138797,1138796,0,158900
100,1.46E+08,1.79E+06,1138799,1138797,0,173000
100,1.41E+08,1.80E+06,1138800,1138800,0,156700
100,1.47E+08,1.78E+06,1138808,1138811,0,176850
100,1.36E+08,1.78E+06,1138823,1138822,0,142050
100,1.45E+08,1.78E+06,1138824,1138824,0,168650
100,1.45E+08,1.79E+06,1138838,1138838,0,168650
100,1.36E+08,1.78E+06,1138842,1138841,0,139550
100,1.46E+08,1.78E+06,1138845,1138846,0,170800
100,1.45E+08,1.78E+06,1138847,1138847,0,168750
100,1.47E+08,1.78E+06,1138847,1138847,0,177300
100,1.46E+08,1.78E+06,1138850,1138850,0,173000
100,1.39E+08,1.78E+06,1138857,1138858,0,149750
100,1.36E+08,1.78E+06,1138880,1138880,0,139650
100,1.40E+08,1.79E+06,1138881,1138880,0,153500
100,1.40E+08,1.80E+06,1138883,1138883,0,154300
100,1.45E+08,1.78E+06,1138893,1138893,0,168750
100,1.47E+08,1.79E+06,1138894,1138892,0,178800
100,1.36E+08,1.78E+06,1138898,1138898,0,139300
100,1.36E+08,1.78E+06,1138901,1138902,0,142000
100,1.46E+08,1.78E+06,1138901,1138901,0,170800
100,1.45E+08,1.78E+06,1138905,1138905,0,168750
100,1.47E+08,1.78E+06,1138906,1138906,0,178400
100,1.36E+08,1.79E+06,1138907,1138906,0,139650
100,1.36E+08,1.78E+06,1138911,1138911,0,139300
100,1.47E+08,1.79E+06,1138911,1138907,0,177750
100,1.47E+08,1.78E+06,1138913,1138914,0,176000
100,1.36E+08,1.78E+06,1138917,1138919,0,139650
100,1.47E+08,1.78E+06,1138921,1138919,0,176000
100,1.43E+08,1.78E+06,1138924,1138924,0,163250
100,1.41E+08,1.78E+06,1138930,1138933,0,156000
100,1.45E+08,1.79E+06,1138930,1138928,0,168900
100,1.46E+08,1.78E+06,1138930,1138930,0,173200
100,1.47E+08,1.78E+06,1138934,1138934,0,177300
100,1.45E+08,1.79E+06,1138936,1138936,0,168750
100,1.41E+08,1.78E+06,1138938,1138938,0,156600
100,1.43E+08,1.78E+06,1138938,1138940,0,163550
100,1.45E+08,1.78E+06,1138939,1138939,0,168900
100,1.43E+08,1.80E+06,1138944,1138945,0,163550
100,1.47E+08,1.80E+06,1138948,1138948,0,177300
100,1.41E+08,1.80E+06,1138955,1138952,0,156600
100,1.36E+08,1.78E+06,1138961,1138960,0,139300
100,1.36E+08,1.79E+06,1138974,1138974,0,139650
100,1.46E+08,1.78E+06,1138974,1138975,0,173850
100,1.36E+08,1.78E+06,1138984,1138984,0,139550
100,1.36E+08,1.78E+06,1138991,1138991,0,142050
100,1.41E+08,1.79E+06,1138992,1138992,0,157900
100,1.39E+08,1.78E+06,1138996,1138998,0,150400
100,1.47E+08,1.78E+06,1139000,1139000,0,178800
100,1.44E+08,1.78E+06,1139001,1139001,0,167400
100,1.45E+08,1.80E+06,1139008,1139009,0,168650
100,1.47E+08,1.78E+06,1139008,1139008,0,176350
100,1.43E+08,1.80E+06,1139014,1139014,0,163250
100,1.36E+08,1.79E+06,1139021,1139019,0,139300
100,1.45E+08,1.78E+06,1139021,1139021,0,168900
100,1.44E+08,1.80E+06,1139028,1139028,0,165350
100,1.47E+08,1.82E+06,1139040,1139040,0,177300
100,1.46E+08,1.78E+06,1139052,1139052,0,173200
100,1.43E+08,1.80E+06,1139054,1139054,0,161400
100,1.43E+08,1.78E+06,1139057,1139056,0,163250
100,1.43E+08,1.78E+06,1139066,1139066,0,163550
100,1.38E+08,1.78E+06,1139068,1139066,0,147200
100,1.43E+08,1.82E+06,1139076,1139076,0,163550
100,1.39E+08,1.78E+06,1139078,1139076,0,150400
100,1.36E+08,1.79E+06,1139079,1139083,0,139300
100,1.40E+08,1.78E+06,1139086,1139086,0,152950
100,1.41E+08,1.78E+06,1139086,1139087,0,156700
100,1.41E+08,1.78E+06,1139089,1139087,0,155800
100,1.47E+08,1.80E+06,1139092,1139092,0,178400
100,1.45E+08,1.79E+06,1139096,1139097,0,169800
100,1.46E+08,1.78E+06,1139096,1139097,0,175250
100,1.45E+08,1.79E+06,1139099,1139099,0,168750
100,1.36E+08,1.82E+06,1139108,1139109,0,139150
100,1.39E+08,1.78E+06,1139112,1139117,0,149600
100,1.43E+08,1.82E+06,1139115,1139115,0,162950
100,1.43E+08,1.78E+06,1139116,1139116,0,163250
100,1.44E+08,1.78E+06,1139124,1139126,0,165650
100,1.40E+08,1.81E+06,1139125,1139125,0,154050
100,1.36E+08,1.78E+06,1139131,1139133,0,142000
100,1.43E+08,1.79E+06,1139133,1139133,0,162150
100,1.45E+08,1.81E+06,1139141,1139141,0,168750
100,1.47E+08,1.79E+06,1139150,1139154,0,178900
100,1.41E+08,1.80E+06,1139151,1139147,0,156600
100,1.47E+08,1.78E+06,1139153,1139153,0,178400
100,1.45E+08,1.79E+06,1139157,1139162,0,168650
100,1.36E+08,1.78E+06,1139158,1139158,0,139650
100,1.41E+08,1.80E+06,1139159,1139160,0,156700
100,1.40E+08,1.78E+06,1139162,1139162,0,153350
100,1.46E+08,1.78E+06,1139177,1139176,0,170800
100,1.42E+08,1.78E+06,1139180,1139182,0,159600
100,1.46E+08,1.78E+06,1139182,1139182,0,170800
100,1.46E+08,1.83E+06,1139186,1139186,0,170800
100,1.47E+08,1.80E+06,1139187,1139189,0,177750
100,1.41E+08,1.78E+06,1139199,1139199,0,156600
100,1.47E+08,1.78E+06,1139205,1139205,0,176000
100,1.47E+08,1.83E+06,1139208,1139208,0,178800
100,1.44E+08,1.79E+06,1139210,1139210,0,165650
100,1.36E+08,1.80E+06,1139214,1139214,0,139150
100,1.47E+08,1.86E+06,1139230,1139226,0,176350
100,1.41E+08,1.78E+06,1139233,1139233,0,157900
100,1.44E+08,1.78E+06,1139234,1139234,0,165650
100,1.36E+08,1.78E+06,1139242,1139245,0,139550
100,1.43E+08,1.78E+06,1139242,1139242,0,163250
100,1.45E+08,1.78E+06,1139242,1139242,0,169400
100,1.36E+08,1.78E+06,1139249,1139249,0,139650
100,1.36E+08,1.79E+06,1139256,1139255,0,139650
100,1.43E+08,1.78E+06,1139257,1139257,0,163250
100,1.39E+08,1.78E+06,1139260,1139259,0,151950
100,1.47E+08,1.80E+06,1139274,1139274,0,176850
100,1.41E+08,1.78E+06,1139279,1139280,0,156000
100,1.47E+08,1.79E+06,1139279,1139277,0,177100
100,1.41E+08,1.78E+06,1139280,1139280,0,157900
100,1.47E+08,1.81E+06,1139282,1139282,0,178400
100,1.43E+08,1.78E+06,1139284,1139284,0,162150
100,1.43E+08,1.78E+06,1139290,1139288,0,163550
100,1.47E+08,1.79E+06,1139291,1139291,0,178800
100,1.43E+08,1.78E+06,1139296,1139298,0,163250
100,1.45E+08,1.78E+06,1139309,1139309,0,168900
100,1.45E+08,1.78E+06,1139316,1139316,0,168650
100,1.39E+08,1.79E+06,1139318,1139318,0,150400
100,1.45E+08,1.81E+06,1139322,1139322,0,169400
100,1.36E+08,1.78E+06,1139332,1139331,0,139650
100,1.47E+08,1.79E+06,1139334,1139335,0,177750
100,1.47E+08,1.79E+06,1139337,1139337,0,177100
100,1.43E+08,1.78E+06,1139340,1139340,0,160050
100,1.43E+08,1.78E+06,1139357,1139356,0,160800
100,1.44E+08,1.78E+06,1139358,1139360,0,165350
100,1.47E+08,1.78E+06,1139364,1139363,0,178800
100,1.41E+08,1.78E+06,1139368,1139368,0,157850
100,1.41E+08,1.78E+06,1139368,1139368,0,157900
100,1.45E+08,1.81E+06,1139373,1139370,0,168650
100,1.40E+08,1.78E+06,1139374,1139374,0,153500
100,1.39E+08,1.78E+06,1139379,1139376,0,149600
100,1.43E+08,1.78E+06,1139387,1139387,0,160150
100,1.47E+08,1.78E+06,1139396,1139396,0,178900
100,1.44E+08,1.78E+06,1139399,1139399,0,167400
100,1.41E+08,1.78E+06,1139410,1139410,0,156000
100,1.45E+08,1.78E+06,1139413,1139413,0,169400
100,1.44E+08,1.78E+06,1139418,1139418,0,165650
100,1.46E+08,1.78E+06,1139419,1139420,0,170800
100,1.36E+08,1.78E+06,1139422,1139423,0,139300
100,1.43E+08,1.80E+06,1139429,1139429,0,163200
100,1.43E+08,1.78E+06,1139436,1139434,0,160800
100,1.47E+08,1.78E+06,1139438,1139440,0,176000
100,1.45E+08,1.78E+06,1139441,1139441,0,168900
100,1.44E+08,1.78E+06,1139442,1139444,0,165350
100,1.45E+08,1.78E+06,1139448,1139448,0,168750
100,1.45E+08,1.79E+06,1139449,1139449,0,167500
100,1.36E+08,1.78E+06,1139450,1139450,0,139300
100,1.45E+08,1.78E+06,1139453,1139453,0,168750
100,1.47E+08,1.79E+06,1139456,1139457,0,176850
100,1.47E+08,1.80E+06,1139456,1139456,0,177750
100,1.46E+08,1.78E+06,1139457,1139457,0,173850
100,1.39E+08,1.78E+06,1139458,1139456,0,151950
100,1.36E+08,1.78E+06,1139466,1139466,0,139550
100,1.47E+08,1.85E+06,1139466,1139466,0,178900
100,1.46E+08,1.78E+06,1139468,1139468,0,175250
100,1.47E+08,1.78E+06,1139473,1139473,0,177300
100,1.41E+08,1.79E+06,1139475,1139475,0,157900
100,1.45E+08,1.78E+06,1139475,1139475,0,168750
100,1.40E+08,1.78E+06,1139476,1139476,0,154050
100,1.44E+08,1.78E+06,1139480,1139480,0,165650
100,1.36E+08,1.84E+06,1139481,1139481,0,139300
100,1.36E+08,1.78E+06,1139483,1139483,0,139300
100,1.44E+08,1.79E+06,1139487,1139487,0,165650
100,1.47E+08,1.78E+06,1139492,1139494,0,177300
100,1.47E+08,1.79E+06,1139496,1139497,0,177100
100,1.36E+08,1.78E+06,1139500,1139500,0,139300
100,1.45E+08,1.79E+06,1139507,1139507,0,168750
100,1.45E+08,1.78E+06,1139508,1139509,0,169800
100,1.45E+08,1.78E+06,1139509,1139509,0,169800
100,1.44E+08,1.81E+06,1139512,1139506,0,164100
100,1.36E+08,1.78E+06,1139519,1139517,0,139550
100,1.36E+08,1.78E+06,1139521,1139524,0,139650
100,1.41E+08,1.78E+06,1139525,1139525,0,157900
100,1.40E+08,1.78E+06,1139530,1139530,0,153050
100,1.42E+08,1.78E+06,1139536,1139536,0,159600
100,1.45E+08,1.82E+06,1139537,1139537,0,168750
100,1.39E+08,1.78E+06,1139538,1139539,0,149600
100,1.47E+08,1.81E+06,1139547,1139547,0,177300
100,1.36E+08,1.78E+06,1139550,1139546,0,139300
100,1.36E+08,1.78E+06,1139551,1139549,0,139300
100,1.36E+08,1.78E+06,1139555,1139556,0,142050
100,1.44E+08,1.80E+06,1139555,1139555,0,165350
100,1.40E+08,1.79E+06,1139567,1139567,0,153500
100,1.47E+08,1.78E+06,1139568,1139568,0,177400
100,1.44E+08,1.78E+06,1139569,1139569,0,165350
100,1.45E+08,1.81E+06,1139569,1139569,0,168700
100,1.41E+08,1.78E+06,1139570,1139575,0,156000
100,1.45E+08,1.79E+06,1139575,1139575,0,167500
100,1.46E+08,1.87E+06,1139579,1139578,0,173850
100,1.40E+08,1.78E+06,1139580,1139576,0,152300
100,1.40E+08,1.79E+06,1139584,1139584,0,154300
100,1.45E+08,1.78E+06,1139586,1139587,0,169400
100,1.47E+08,1.78E+06,1139594,1139594,0,178400
100,1.40E+08,1.78E+06,1139595,1139595,0,154300
100,1.40E+08,1.78E+06,1139600,1139600,0,154300
100,1.43E+08,1.79E+06,1139602,1139602,0,163250
100,1.43E+08,1.86E+06,1139610,1139609,0,160800
100,1.36E+08,1.78E+06,1139614,1139613,0,139650
100,1.43E+08,1.78E+06,1139614,1139614,0,163250
100,1.44E+08,1.79E+06,1139619,1139619,0,165350
100,1.40E+08,1.78E+06,1139620,1139621,0,153050
100,1.45E+08,1.80E+06,1139622,1139622,0,169400
100,1.34E+08,2.15E+06,1139624,1139624,0,138750
100,1.44E+08,1.80E+06,1139624,1139624,0,165650
100,1.47E+08,1.78E+06,1139640,1139635,0,176850
100,1.41E+08,1.78E+06,1139645,1139645,0,157900
100,1.41E+08,1.78E+06,1139647,1139647,0,156000
100,1.39E+08,1.79E+06,1139649,1139648,0,151950
100,1.47E+08,1.78E+06,1139652,1139652,0,178400
100,1.47E+08,1.78E+06,1139653,1139651,0,177100
100,1.46E+08,1.78E+06,1139655,1139647,0,170800
100,1.45E+08,1.78E+06,1139662,1139662,0,168750
100,1.40E+08,1.78E+06,1139663,1139659,0,154300
100,1.40E+08,1.81E+06,1139664,1139664,0,154050
100,1.47E+08,1.78E+06,1139667,1139663,0,176000
100,1.36E+08,1.78E+06,1139668,1139670,0,139300
100,1.46E+08,1.82E+06,1139668,1139668,0,170800
100,1.44E+08,1.80E+06,1139670,1139670,0,165350
100,1.46E+08,1.78E+06,1139676,1139676,0,173850
100,1.36E+08,1.83E+06,1139678,1139680,0,139150
100,1.41E+08,1.78E+06,1139690,1139690,0,156000
100,1.47E+08,1.78E+06,1139690,1139690,0,176350
100,1.45E+08,1.81E+06,1139691,1139691,0,168900
100,1.45E+08,1.78E+06,1139691,1139691,0,169400
100,1.40E+08,1.79E+06,1139695,1139695,0,154300
100,1.46E+08,1.78E+06,1139697,1139697,0,175250
100,1.36E+08,1.78E+06,1139702,1139702,0,139300
100,1.40E+08,1.78E+06,1139702,1139701,0,152950
100,1.43E+08,1.79E+06,1139703,1139703,0,163550
100,1.47E+08,1.81E+06,1139703,1139705,0,176350
100,1.43E+08,1.79E+06,1139710,1139711,0,162150
100,1.44E+08,1.78E+06,1139711,1139711,0,165650
100,1.43E+08,1.78E+06,1139714,1139714,0,162150
100,1.44E+08,1.78E+06,1139719,1139716,0,167400
100,1.36E+08,1.78E+06,1139720,1139720,0,139650
100,1.47E+08,1.78E+06,1139724,1139724,0,176850
100,1.40E+08,1.78E+06,1139728,1139728,0,153500
100,1.45E+08,1.78E+06,1139728,1139728,0,169400
100,1.47E+08,1.78E+06,1139732,1139732,0,178800
100,1.41E+08,1.78E+06,1139742,1139742,0,156000
100,1.39E+08,1.78E+06,1139748,1139748,0,151900
100,1.40E+08,1.78E+06,1139749,1139749,0,154050
100,1.45E+08,1.79E+06,1139752,1139752,0,168650
100,1.45E+08,1.78E+06,1139763,1139763,0,169400
100,1.45E+08,1.80E+06,1139765,1139760,0,168900
100,1.43E+08,1.78E+06,1139767,1139767,0,163250
100,1.41E+08,1.82E+06,1139769,1139770,0,156300
100,1.45E+08,1.78E+06,1139771,1139771,0,168750
100,1.36E+08,1.78E+06,1139772,1139777,0,139550
100,1.47E+08,1.78E+06,1139776,1139776,0,176200
100,1.40E+08,1.78E+06,1139777,1139777,0,154050
100,1.40E+08,1.78E+06,1139781,1139782,0,153200
100,1.45E+08,1.78E+06,1139782,1139778,0,168650
100,1.47E+08,1.78E+06,1139783,1139783,0,177300
100,1.45E+08,1.79E+06,1139785,1139785,0,168750
100,1.45E+08,1.78E+06,1139786,1139786,0,168750
100,1.43E+08,1.78E+06,1139791,1139791,0,162650
100,1.41E+08,1.78E+06,1139795,1139795,0,156300
100,1.41E+08,1.78E+06,1139803,1139803,0,156000
100,1.44E+08,1.78E+06,1139822,1139822,0,165650
100,1.47E+08,1.78E+06,1139832,1139832,0,176350
100,1.42E+08,1.78E+06,1139833,1139832,0,158900
100,1.45E+08,1.78E+06,1139837,1139837,0,168750
100,1.47E+08,1.79E+06,1139837,1139834,0,176850
100,1.40E+08,1.78E+06,1139839,1139841,0,154050
100,1.45E+08,1.86E+06,1139839,1139839,0,168750
100,1.41E+08,1.78E+06,1139842,1139842,0,156300
100,1.45E+08,1.78E+06,1139844,1139844,0,169400
100,1.40E+08,1.78E+06,1139850,1139850,0,154050
100,1.36E+08,1.78E+06,1139852,1139852,0,142000
100,1.43E+08,1.83E+06,1139852,1139852,0,160250
100,1.45E+08,1.78E+06,1139852,1139852,0,168900
100,1.45E+08,1.82E+06,1139853,1139849,0,168700
100,1.43E+08,1.78E+06,1139862,1139862,0,163550
100,1.47E+08,1.78E+06,1139863,1139865,0,177400
100,1.47E+08,1.78E+06,1139868,1139868,0,178800
100,1.40E+08,1.78E+06,1139872,1139872,0,153500
100,1.47E+08,1.79E+06,1139874,1139872,0,176000
100,1.44E+08,1.78E+06,1139875,1139875,0,167400
100,1.45E+08,1.78E+06,1139876,1139876,0,168750
100,1.41E+08,1.78E+06,1139880,1139880,0,156700
100,1.40E+08,1.79E+06,1139881,1139881,0,153750
100,1.41E+08,1.78E+06,1139881,1139876,0,156600
100,1.36E+08,1.78E+06,1139882,1139882,0,139650
100,1.44E+08,1.78E+06,1139885,1139881,0,165650
100,1.46E+08,1.78E+06,1139886,1139886,0,173200
100,1.40E+08,1.78E+06,1139888,1139888,0,154300
100,1.45E+08,1.78E+06,1139889,1139889,0,168650
100,1.40E+08,1.78E+06,1139890,1139890,0,154050
100,1.45E+08,1.79E+06,1139893,1139893,0,167500
100,1.44E+08,1.78E+06,1139894,1139894,0,165650
100,1.40E+08,1.79E+06,1139895,1139895,0,153200
100,1.41E+08,1.78E+06,1139895,1139893,0,155700
100,1.43E+08,1.78E+06,1139896,1139895,0,163550
100,1.45E+08,1.78E+06,1139900,1139895,0,168650
100,1.45E+08,1.80E+06,1139901,1139901,0,168750
100,1.44E+08,1.79E+06,1139902,1139902,0,167400
100,1.47E+08,1.78E+06,1139904,1139904,0,178400
100,1.43E+08,1.79E+06,1139908,1139908,0,160050
100,1.45E+08,1.78E+06,1139909,1139909,0,169400
100,1.47E+08,1.83E+06,1139909,1139909,0,176350
100,1.40E+08,1.79E+06,1139910,1139910,0,154300
100,1.46E+08,1.79E+06,1139910,1139909,0,173200
100,1.43E+08,1.78E+06,1139912,1139912,0,163550
100,1.45E+08,1.82E+06,1139912,1139912,0,168650
100,1.46E+08,1.78E+06,1139912,1139913,0,173850
100,1.46E+08,1.78E+06,1139913,1139913,0,173200
100,1.43E+08,1.81E+06,1139915,1139915,0,163550
100,1.45E+08,1.78E+06,1139916,1139916,0,169400
100,1.46E+08,1.86E+06,1139918,1139918,0,170800
100,1.47E+08,1.78E+06,1139920,1139920,0,178400
100,1.41E+08,1.79E+06,1139921,1139921,0,157900
100,1.43E+08,1.80E+06,1139921,1139921,0,163550
100,1.46E+08,1.82E+06,1139922,1139922,0,173850
100,1.43E+08,1.78E+06,1139923,1139923,0,163250
100,1.44E+08,1.78E+06,1139926,1139926,0,165350
100,1.45E+08,1.80E+06,1139930,1139930,0,169400
100,1.42E+08,1.81E+06,1139931,1139931,0,159600
100,1.40E+08,1.78E+06,1139932,1139932,0,154500
100,1.39E+08,1.78E+06,1139934,1139934,0,150150
100,1.44E+08,1.80E+06,1139935,1139935,0,165350
100,1.47E+08,1.78E+06,1139935,1139935,0,178800
100,1.45E+08,1.79E+06,1139937,1139937,0,168900
100,1.42E+08,1.82E+06,1139941,1139941,0,159600
100,1.46E+08,1.84E+06,1139942,1139941,0,173850
100,1.40E+08,1.78E+06,1139943,1139943,0,153750
100,1.41E+08,1.78E+06,1139943,1139943,0,157900
100,1.43E+08,1.79E+06,1139944,1139944,0,163250
100,1.43E+08,1.78E+06,1139945,1139945,0,163250
100,1.44E+08,1.80E+06,1139946,1139945,0,165650
100,1.43E+08,1.78E+06,1139949,1139949,0,160150
100,1.43E+08,1.81E+06,1139949,1139949,0,163550
100,1.36E+08,1.78E+06,1139950,1139950,0,142050
100,1.43E+08,1.89E+06,1139952,1139950,0,160800
100,1.45E+08,1.80E+06,1139953,1139953,0,168750
100,1.43E+08,1.81E+06,1139954,1139954,0,163550
100,1.41E+08,1.78E+06,1139955,1139955,0,156300
100,1.47E+08,1.79E+06,1139957,1139956,0,177150
100,1.36E+08,1.78E+06,1139959,1139959,0,139550
100,1.40E+08,1.78E+06,1139960,1139960,0,154300
100,1.43E+08,1.78E+06,1139965,1139965,0,163550
100,1.46E+08,1.81E+06,1139967,1139965,0,170800
100,1.45E+08,1.78E+06,1139972,1139972,0,167500
100,1.43E+08,1.81E+06,1139974,1139974,0,160050
100,1.41E+08,1.78E+06,1139979,1139978,0,157900
100,1.45E+08,1.80E+06,1139979,1139978,0,168900
100,1.46E+08,1.78E+06,1139979,1139978,0,173200
100,1.42E+08,1.78E+06,1139980,1139980,0,158000
100,1.45E+08,1.78E+06,1139981,1139981,0,168900
100,1.45E+08,1.78E+06,1139981,1139980,0,169400
100,1.47E+08,1.78E+06,1139982,1139982,0,176200
100,1.46E+08,1.78E+06,1139986,1139986,0,175250
100,1.44E+08,1.78E+06,1139988,1139988,0,165350
100,1.44E+08,1.78E+06,1139991,1139991,0,165650
100,1.45E+08,1.79E+06,1139991,1139991,0,168650
100,1.45E+08,1.78E+06,1139991,1139989,0,169400
100,1.43E+08,1.80E+06,1139992,1139992,0,163550
100,1.44E+08,1.79E+06,1139994,1139993,0,167200
100,1.36E+08,1.78E+06,1139995,1139996,0,139650
100,1.41E+08,1.78E+06,1139995,1139996,0,156000
100,1.41E+08,1.78E+06,1139997,1139997,0,156600
100,1.39E+08,1.80E+06,1139998,1139992,0,149600
100,1.45E+08,1.82E+06,1139999,1139999,0,169400
100,1.34E+08,2.15E+06,1140000,1140000,0,138750
100,1.34E+08,2.15E+06,1140000,1140000,0,138750
100,1.35E+08,2.07E+06,1140000,1140000,0,138750
100,1.35E+08,2.02E+06,1140000,1140000,0,138750
100,1.35E+08,2.07E+06,1140000,1140000,0,138750
100,1.35E+08,1.93E+06,1140000,1140000,0,138750
100,1.35E+08,2.00E+06,1140000,1140000,0,138750
100,1.36E+08,1.85E+06,1140000,1140000,0,139150
100,1.36E+08,1.78E+06,1140000,1140000,0,139650
100,1.36E+08,1.78E+06,1140000,1140000,0,139650
100,1.36E+08,1.80E+06,1140000,1140000,0,139650
100,1.36E+08,1.78E+06,1140000,1140000,0,139650
100,1.36E+08,1.78E+06,1140000,1140000,0,139650
100,1.36E+08,1.78E+06,1140000,1140000,0,139650
100,1.36E+08,1.78E+06,1140000,1140000,0,139650
100,1.36E+08,1.78E+06,1140000,1140000,0,139650
100,1.36E+08,1.78E+06,1140000,1140000,0,139650
100,1.36E+08,1.78E+06,1140000,1140000,0,139650
100,1.40E+08,1.78E+06,1140000,1140000,0,153050
100,1.40E+08,1.79E+06,1140000,1140000,0,153050
100,1.40E+08,1.81E+06,1140000,1140000,0,153050
100,1.40E+08,1.79E+06,1140000,1140000,0,153050
100,1.40E+08,1.79E+06,1140000,1140000,0,153050
100,1.40E+08,1.78E+06,1140000,1140000,0,153050
100,1.40E+08,1.78E+06,1140000,1140000,0,153050
100,1.40E+08,1.78E+06,1140000,1140000,0,153050
100,1.40E+08,1.78E+06,1140000,1140000,0,153050
100,1.40E+08,1.78E+06,1140000,1140000,0,153050
100,1.40E+08,1.78E+06,1140000,1140000,0,153050
100,1.40E+08,1.80E+06,1140000,1140000,0,153050
100,1.40E+08,1.79E+06,1140000,1140000,0,153200
100,1.40E+08,1.78E+06,1140000,1140000,0,153200
100,1.40E+08,1.79E+06,1140000,1140000,0,153200
100,1.40E+08,1.79E+06,1140000,1140000,0,153200
100,1.40E+08,1.78E+06,1140000,1140000,0,153200
100,1.40E+08,1.78E+06,1140000,1140000,0,153200
100,1.40E+08,1.78E+06,1140000,1140000,0,153200
100,1.40E+08,1.78E+06,1140000,1140000,0,153200
100,1.40E+08,1.79E+06,1140000,1140000,0,153200
100,1.40E+08,1.78E+06,1140000,1140000,0,153200
100,1.40E+08,1.78E+06,1140000,1140000,0,153200
100,1.40E+08,1.78E+06,1140000,1140000,0,153200
100,1.40E+08,1.78E+06,1140000,1140000,0,153200
100,1.40E+08,1.78E+06,1140000,1140000,0,153750
100,1.40E+08,1.78E+06,1140000,1140000,0,153750
100,1.40E+08,1.78E+06,1140000,1140000,0,153750
100,1.40E+08,1.78E+06,1140000,1140000,0,153750
100,1.40E+08,1.78E+06,1140000,1140000,0,153750
100,1.40E+08,1.78E+06,1140000,1140000,0,153750
100,1.40E+08,1.78E+06,1140000,1140000,0,153750
100,1.40E+08,1.78E+06,1140000,1140000,0,153750
100,1.40E+08,1.78E+06,1140000,1140000,0,153750
100,1.40E+08,1.79E+06,1140000,1140000,0,153750
100,1.40E+08,1.79E+06,1140000,1140000,0,153750
100,1.40E+08,1.78E+06,1140000,1140000,0,153750
100,1.40E+08,1.79E+06,1140000,1140000,0,154050
100,1.40E+08,1.79E+06,1140000,1140000,0,154050
100,1.40E+08,1.78E+06,1140000,1140000,0,154050
100,1.40E+08,1.78E+06,1140000,1140000,0,154050
100,1.40E+08,1.78E+06,1140000,1140000,0,154050
100,1.40E+08,1.78E+06,1140000,1140000,0,154050
100,1.40E+08,1.78E+06,1140000,1140000,0,154050
100,1.40E+08,1.79E+06,1140000,1140000,0,154050
100,1.40E+08,1.78E+06,1140000,1140000,0,154050
100,1.40E+08,1.78E+06,1140000,1140000,0,154050
100,1.40E+08,1.80E+06,1140000,1140000,0,154050
100,1.40E+08,1.79E+06,1140000,1140000,0,154050
100,1.40E+08,1.78E+06,1140000,1140000,0,154050
100,1.40E+08,1.78E+06,1140000,1140000,0,154050
100,1.40E+08,1.79E+06,1140000,1140000,0,154050
100,1.40E+08,1.78E+06,1140000,1140000,0,154050
100,1.40E+08,1.78E+06,1140000,1140000,0,154050
100,1.40E+08,1.78E+06,1140000,1140000,0,154050
100,1.40E+08,1.78E+06,1140000,1140000,0,154050
100,1.40E+08,1.79E+06,1140000,1140000,0,154050
100,1.40E+08,1.78E+06,1140000,1140000,0,154050
100,1.40E+08,1.78E+06,1140000,1140000,0,154050
100,1.40E+08,1.78E+06,1140000,1140000,0,154050
100,1.40E+08,1.78E+06,1140000,1140000,0,154050
100,1.40E+08,1.79E+06,1140000,1140000,0,154050
100,1.40E+08,1.78E+06,1140000,1140000,0,154050
100,1.40E+08,1.80E+06,1140000,1140000,0,154050
100,1.40E+08,1.81E+06,1140000,1140000,0,154050
100,1.40E+08,1.78E+06,1140000,1140000,0,154050
100,1.40E+08,1.79E+06,1140000,1140000,0,154200
100,1.40E+08,1.78E+06,1140000,1140000,0,154200
100,1.40E+08,1.78E+06,1140000,1140000,0,154200
100,1.40E+08,1.78E+06,1140000,1140000,0,154200
100,1.40E+08,1.79E+06,1140000,1140000,0,154300
100,1.40E+08,1.81E+06,1140000,1140000,0,154300
100,1.40E+08,1.78E+06,1140000,1140000,0,154300
100,1.40E+08,1.80E+06,1140000,1140000,0,154300
100,1.40E+08,1.78E+06,1140000,1140000,0,154300
100,1.40E+08,1.78E+06,1140000,1140000,0,154300
100,1.40E+08,1.78E+06,1140000,1140000,0,154300
100,1.40E+08,1.79E+06,1140000,1140000,0,154300
100,1.40E+08,1.78E+06,1140000,1140000,0,154300
100,1.40E+08,1.78E+06,1140000,1140000,0,154300
100,1.40E+08,1.78E+06,1140000,1140000,0,154500
100,1.40E+08,1.78E+06,1140000,1140000,0,154500
100,1.40E+08,1.78E+06,1140000,1140000,0,154650
100,1.40E+08,1.78E+06,1140000,1140000,0,154650
100,1.40E+08,1.78E+06,1140000,1140000,0,154650
100,1.40E+08,1.78E+06,1140000,1140000,0,154650
100,1.40E+08,1.78E+06,1140000,1140000,0,154650
100,1.40E+08,1.79E+06,1140000,1140000,0,154750
100,1.40E+08,1.78E+06,1140000,1140000,0,154750
100,1.40E+08,1.81E+06,1140000,1140000,0,155250
100,1.40E+08,1.78E+06,1140000,1140000,0,155250
100,1.40E+08,1.78E+06,1140000,1140000,0,155250
100,1.41E+08,1.78E+06,1140000,1140000,0,155450
100,1.41E+08,1.78E+06,1140000,1140000,0,155450
100,1.41E+08,1.78E+06,1140000,1140000,0,155450
100,1.41E+08,1.81E+06,1140000,1140000,0,155450
100,1.41E+08,1.78E+06,1140000,1140000,0,155450
100,1.41E+08,1.78E+06,1140000,1140000,0,155450
100,1.41E+08,1.79E+06,1140000,1140000,0,155450
100,1.41E+08,1.81E+06,1140000,1140000,0,155600
100,1.41E+08,1.78E+06,1140000,1140000,0,155600
100,1.41E+08,1.78E+06,1140000,1140000,0,155700
100,1.41E+08,1.78E+06,1140000,1140000,0,155700
100,1.41E+08,1.78E+06,1140000,1140000,0,156300
100,1.41E+08,1.78E+06,1140000,1140000,0,156300
100,1.41E+08,1.78E+06,1140000,1140000,0,156300
100,1.41E+08,1.79E+06,1140000,1140000,0,156300
100,1.41E+08,1.79E+06,1140000,1140000,0,156300
100,1.41E+08,1.78E+06,1140000,1140000,0,156300
100,1.41E+08,1.79E+06,1140000,1140000,0,156300
100,1.41E+08,1.78E+06,1140000,1140000,0,156300
100,1.41E+08,1.78E+06,1140000,1140000,0,156300
100,1.41E+08,1.78E+06,1140000,1140000,0,156400
100,1.41E+08,1.78E+06,1140000,1140000,0,156400
100,1.41E+08,1.78E+06,1140000,1140000,0,156400
100,1.41E+08,1.79E+06,1140000,1140000,0,156400
100,1.41E+08,1.78E+06,1140000,1140000,0,156400
100,1.41E+08,1.81E+06,1140000,1140000,0,156400
100,1.41E+08,1.78E+06,1140000,1140000,0,156400
100,1.41E+08,1.78E+06,1140000,1140000,0,156600
100,1.41E+08,1.80E+06,1140000,1140000,0,156600
100,1.41E+08,1.78E+06,1140000,1140000,0,156600
100,1.41E+08,1.78E+06,1140000,1140000,0,156600
100,1.41E+08,1.78E+06,1140000,1140000,0,156600
100,1.41E+08,1.78E+06,1140000,1140000,0,156600
100,1.41E+08,1.79E+06,1140000,1140000,0,156600
100,1.41E+08,1.80E+06,1140000,1140000,0,156600
100,1.41E+08,1.78E+06,1140000,1140000,0,156600
100,1.41E+08,1.78E+06,1140000,1140000,0,157350
100,1.41E+08,1.78E+06,1140000,1140000,0,157350
100,1.41E+08,1.78E+06,1140000,1140000,0,157350
100,1.41E+08,1.79E+06,1140000,1140000,0,157350
100,1.41E+08,1.80E+06,1140000,1140000,0,157350
100,1.41E+08,1.81E+06,1140000,1140000,0,157350
100,1.41E+08,1.79E+06,1140000,1140000,0,157350
100,1.41E+08,1.78E+06,1140000,1140000,0,157350
100,1.41E+08,1.80E+06,1140000,1140000,0,157350
100,1.41E+08,1.78E+06,1140000,1140000,0,157350
100,1.41E+08,1.78E+06,1140000,1140000,0,157350
100,1.41E+08,1.78E+06,1140000,1140000,0,157850
100,1.41E+08,1.79E+06,1140000,1140000,0,157850
100,1.41E+08,1.78E+06,1140000,1140000,0,157850
100,1.41E+08,1.79E+06,1140000,1140000,0,157850
100,1.41E+08,1.78E+06,1140000,1140000,0,157850
100,1.41E+08,1.78E+06,1140000,1140000,0,157850
100,1.41E+08,1.80E+06,1140000,1140000,0,157850
100,1.41E+08,1.78E+06,1140000,1140000,0,157850
100,1.41E+08,1.78E+06,1140000,1140000,0,157850
100,1.41E+08,1.78E+06,1140000,1140000,0,157850
100,1.41E+08,1.78E+06,1140000,1140000,0,157850
100,1.41E+08,1.78E+06,1140000,1140000,0,157850
100,1.41E+08,1.78E+06,1140000,1140000,0,157850
100,1.41E+08,1.78E+06,1140000,1140000,0,157850
100,1.41E+08,1.80E+06,1140000,1140000,0,157850
100,1.41E+08,1.78E+06,1140000,1140000,0,157850
100,1.41E+08,1.79E+06,1140000,1140000,0,157900
100,1.41E+08,1.78E+06,1140000,1140000,0,157900
100,1.41E+08,1.78E+06,1140000,1140000,0,157900
100,1.41E+08,1.78E+06,1140000,1140000,0,157900
100,1.42E+08,1.78E+06,1140000,1140000,0,158100
100,1.42E+08,1.78E+06,1140000,1140000,0,158100
100,1.42E+08,1.78E+06,1140000,1140000,0,158100
100,1.42E+08,1.78E+06,1140000,1140000,0,158100
100,1.42E+08,1.78E+06,1140000,1140000,0,158100
100,1.42E+08,1.79E+06,1140000,1140000,0,158350
100,1.42E+08,1.78E+06,1140000,1140000,0,158350
100,1.42E+08,1.79E+06,1140000,1140000,0,158350
100,1.42E+08,1.78E+06,1140000,1140000,0,158850
100,1.42E+08,1.78E+06,1140000,1140000,0,158850
100,1.42E+08,1.79E+06,1140000,1140000,0,158900
100,1.42E+08,1.78E+06,1140000,1140000,0,158900
100,1.42E+08,1.78E+06,1140000,1140000,0,158900
100,1.42E+08,1.78E+06,1140000,1140000,0,158900
100,1.42E+08,1.79E+06,1140000,1140000,0,158900
100,1.42E+08,1.78E+06,1140000,1140000,0,158900
100,1.42E+08,1.78E+06,1140000,1140000,0,158900
100,1.42E+08,1.78E+06,1140000,1140000,0,158900
100,1.42E+08,1.78E+06,1140000,1140000,0,158900
100,1.42E+08,1.82E+06,1140000,1140000,0,159100
100,1.43E+08,1.78E+06,1140000,1140000,0,160050
100,1.43E+08,1.80E+06,1140000,1140000,0,160050
100,1.43E+08,1.79E+06,1140000,1140000,0,160150
100,1.43E+08,1.81E+06,1140000,1140000,0,160250
100,1.43E+08,1.78E+06,1140000,1140000,0,160250
100,1.43E+08,1.79E+06,1140000,1140000,0,160250
100,1.43E+08,1.78E+06,1140000,1140000,0,160250
100,1.43E+08,1.80E+06,1140000,1140000,0,160250
100,1.43E+08,1.79E+06,1140000,1140000,0,160250
100,1.43E+08,1.78E+06,1140000,1140000,0,160250
100,1.43E+08,1.78E+06,1140000,1140000,0,160450
100,1.43E+08,1.78E+06,1140000,1140000,0,160450
100,1.43E+08,1.78E+06,1140000,1140000,0,160800
100,1.43E+08,1.78E+06,1140000,1140000,0,160800
100,1.43E+08,1.78E+06,1140000,1140000,0,160800
100,1.43E+08,1.78E+06,1140000,1140000,0,160800
100,1.43E+08,1.81E+06,1140000,1140000,0,160800
100,1.43E+08,1.78E+06,1140000,1140000,0,160800
100,1.43E+08,1.79E+06,1140000,1140000,0,160800
100,1.43E+08,1.78E+06,1140000,1140000,0,160800
100,1.43E+08,1.78E+06,1140000,1140000,0,160800
100,1.43E+08,1.80E+06,1140000,1140000,0,160800
100,1.43E+08,1.78E+06,1140000,1140000,0,160800
100,1.43E+08,1.78E+06,1140000,1140000,0,160800
100,1.43E+08,1.78E+06,1140000,1140000,0,161400
100,1.43E+08,1.78E+06,1140000,1140000,0,161400
100,1.43E+08,1.81E+06,1140000,1140000,0,161400
100,1.43E+08,1.78E+06,1140000,1140000,0,162150
100,1.43E+08,1.78E+06,1140000,1140000,0,162550
100,1.43E+08,1.79E+06,1140000,1140000,0,162550
100,1.43E+08,1.78E+06,1140000,1140000,0,162550
100,1.43E+08,1.78E+06,1140000,1140000,0,162650
100,1.43E+08,1.78E+06,1140000,1140000,0,162650
100,1.43E+08,1.79E+06,1140000,1140000,0,162650
100,1.43E+08,1.79E+06,1140000,1140000,0,162650
100,1.43E+08,1.78E+06,1140000,1140000,0,162650
100,1.43E+08,1.78E+06,1140000,1140000,0,162650
100,1.43E+08,1.78E+06,1140000,1140000,0,162650
100,1.43E+08,1.81E+06,1140000,1140000,0,162800
100,1.43E+08,1.79E+06,1140000,1140000,0,162950
100,1.43E+08,1.78E+06,1140000,1140000,0,162950
100,1.43E+08,1.78E+06,1140000,1140000,0,162950
100,1.43E+08,1.79E+06,1140000,1140000,0,162950
100,1.43E+08,1.78E+06,1140000,1140000,0,162950
100,1.43E+08,1.78E+06,1140000,1140000,0,162950
100,1.43E+08,1.78E+06,1140000,1140000,0,162950
100,1.43E+08,1.78E+06,1140000,1140000,0,162950
100,1.43E+08,1.79E+06,1140000,1140000,0,162950
100,1.43E+08,1.78E+06,1140000,1140000,0,162950
100,1.43E+08,1.79E+06,1140000,1140000,0,162950
100,1.43E+08,1.80E+06,1140000,1140000,0,162950
100,1.43E+08,1.78E+06,1140000,1140000,0,162950
100,1.43E+08,1.78E+06,1140000,1140000,0,162950
100,1.43E+08,1.80E+06,1140000,1140000,0,162950
100,1.43E+08,1.78E+06,1140000,1140000,0,163200
100,1.43E+08,1.79E+06,1140000,1140000,0,163250
100,1.43E+08,1.78E+06,1140000,1140000,0,163250
100,1.43E+08,1.78E+06,1140000,1140000,0,163250
100,1.43E+08,1.80E+06,1140000,1140000,0,163250
100,1.43E+08,1.78E+06,1140000,1140000,0,163250
100,1.43E+08,1.80E+06,1140000,1140000,0,163250
100,1.43E+08,1.78E+06,1140000,1140000,0,163250
100,1.43E+08,1.78E+06,1140000,1140000,0,163250
100,1.43E+08,1.79E+06,1140000,1140000,0,163250
100,1.43E+08,1.78E+06,1140000,1140000,0,163250
100,1.43E+08,1.78E+06,1140000,1140000,0,163250
100,1.43E+08,1.82E+06,1140000,1140000,0,163250
100,1.43E+08,1.78E+06,1140000,1140000,0,163250
100,1.43E+08,1.79E+06,1140000,1140000,0,163250
100,1.43E+08,1.78E+06,1140000,1140000,0,163250
100,1.43E+08,1.78E+06,1140000,1140000,0,163250
100,1.43E+08,1.82E+06,1140000,1140000,0,163250
100,1.43E+08,1.81E+06,1140000,1140000,0,163250
100,1.43E+08,1.78E+06,1140000,1140000,0,163250
100,1.43E+08,1.78E+06,1140000,1140000,0,163250
100,1.43E+08,1.79E+06,1140000,1140000,0,163550
100,1.43E+08,1.79E+06,1140000,1140000,0,163550
100,1.43E+08,1.80E+06,1140000,1140000,0,163550
100,1.43E+08,1.78E+06,1140000,1140000,0,163550
100,1.43E+08,1.79E+06,1140000,1140000,0,163550
100,1.43E+08,1.78E+06,1140000,1140000,0,163550
100,1.43E+08,1.82E+06,1140000,1140000,0,163550
100,1.43E+08,1.78E+06,1140000,1140000,0,163550
100,1.43E+08,1.80E+06,1140000,1140000,0,163550
100,1.43E+08,1.79E+06,1140000,1140000,0,163550
100,1.43E+08,1.79E+06,1140000,1140000,0,163550
100,1.43E+08,1.78E+06,1140000,1140000,0,163600
100,1.43E+08,1.79E+06,1140000,1140000,0,163600
100,1.43E+08,1.78E+06,1140000,1140000,0,163600
100,1.43E+08,1.78E+06,1140000,1140000,0,163600
100,1.43E+08,1.78E+06,1140000,1140000,0,163600
100,1.43E+08,1.78E+06,1140000,1140000,0,163600
100,1.43E+08,1.78E+06,1140000,1140000,0,163600
100,1.43E+08,1.78E+06,1140000,1140000,0,163700
100,1.43E+08,1.79E+06,1140000,1140000,0,163700
100,1.43E+08,1.79E+06,1140000,1140000,0,163700
100,1.43E+08,1.78E+06,1140000,1140000,0,163700
100,1.43E+08,1.78E+06,1140000,1140000,0,163700
100,1.43E+08,1.78E+06,1140000,1140000,0,163700
100,1.43E+08,1.81E+06,1140000,1140000,0,163700
100,1.43E+08,1.81E+06,1140000,1140000,0,163700
100,1.44E+08,1.79E+06,1140000,1140000,0,163900
100,1.44E+08,1.78E+06,1140000,1140000,0,163900
100,1.44E+08,1.78E+06,1140000,1140000,0,163900
100,1.44E+08,1.78E+06,1140000,1140000,0,163900
100,1.44E+08,1.79E+06,1140000,1140000,0,163900
100,1.44E+08,1.80E+06,1140000,1140000,0,164950
100,1.44E+08,1.78E+06,1140000,1140000,0,165350
100,1.44E+08,1.78E+06,1140000,1140000,0,165350
100,1.44E+08,1.78E+06,1140000,1140000,0,165350
100,1.44E+08,1.80E+06,1140000,1140000,0,165350
100,1.44E+08,1.78E+06,1140000,1140000,0,165350
100,1.44E+08,1.78E+06,1140000,1140000,0,165350
100,1.44E+08,1.80E+06,1140000,1140000,0,165500
100,1.44E+08,1.78E+06,1140000,1140000,0,165500
100,1.44E+08,1.80E+06,1140000,1140000,0,165500
100,1.44E+08,1.78E+06,1140000,1140000,0,165500
100,1.44E+08,1.78E+06,1140000,1140000,0,165500
100,1.44E+08,1.79E+06,1140000,1140000,0,165500
100,1.44E+08,1.78E+06,1140000,1140000,0,165500
100,1.44E+08,1.78E+06,1140000,1140000,0,165500
100,1.44E+08,1.78E+06,1140000,1140000,0,165500
100,1.44E+08,1.79E+06,1140000,1140000,0,165500
100,1.44E+08,1.79E+06,1140000,1140000,0,165500
100,1.44E+08,1.81E+06,1140000,1140000,0,165500
100,1.44E+08,1.79E+06,1140000,1140000,0,165500
100,1.44E+08,1.78E+06,1140000,1140000,0,165500
100,1.44E+08,1.78E+06,1140000,1140000,0,165500
100,1.44E+08,1.78E+06,1140000,1140000,0,165500
100,1.44E+08,1.78E+06,1140000,1140000,0,165650
100,1.44E+08,1.80E+06,1140000,1140000,0,165650
100,1.44E+08,1.79E+06,1140000,1140000,0,165650
100,1.44E+08,1.78E+06,1140000,1140000,0,165650
100,1.44E+08,1.81E+06,1140000,1140000,0,165650
100,1.44E+08,1.78E+06,1140000,1140000,0,165650
100,1.44E+08,1.79E+06,1140000,1140000,0,165650
100,1.44E+08,1.78E+06,1140000,1140000,0,165650
100,1.44E+08,1.78E+06,1140000,1140000,0,165650
100,1.44E+08,1.78E+06,1140000,1140000,0,165650
100,1.44E+08,1.78E+06,1140000,1140000,0,165650
100,1.44E+08,1.78E+06,1140000,1140000,0,165650
100,1.44E+08,1.78E+06,1140000,1140000,0,166900
100,1.44E+08,1.78E+06,1140000,1140000,0,166900
100,1.44E+08,1.79E+06,1140000,1140000,0,167200
100,1.44E+08,1.79E+06,1140000,1140000,0,167200
100,1.44E+08,1.80E+06,1140000,1140000,0,167200
100,1.44E+08,1.82E+06,1140000,1140000,0,167200
100,1.44E+08,1.78E+06,1140000,1140000,0,167200
100,1.44E+08,1.78E+06,1140000,1140000,0,167200
100,1.44E+08,1.78E+06,1140000,1140000,0,167200
100,1.44E+08,1.78E+06,1140000,1140000,0,167200
100,1.44E+08,1.78E+06,1140000,1140000,0,167200
100,1.44E+08,1.79E+06,1140000,1140000,0,167200
100,1.44E+08,1.80E+06,1140000,1140000,0,167200
100,1.44E+08,1.78E+06,1140000,1140000,0,167200
100,1.44E+08,1.78E+06,1140000,1140000,0,167200
100,1.44E+08,1.78E+06,1140000,1140000,0,167200
100,1.44E+08,1.78E+06,1140000,1140000,0,167200
100,1.44E+08,1.78E+06,1140000,1140000,0,167200
100,1.44E+08,1.78E+06,1140000,1140000,0,167400
100,1.45E+08,1.78E+06,1140000,1140000,0,167500
100,1.45E+08,1.78E+06,1140000,1140000,0,167500
100,1.45E+08,1.80E+06,1140000,1140000,0,167500
100,1.45E+08,1.78E+06,1140000,1140000,0,167500
100,1.45E+08,1.78E+06,1140000,1140000,0,167500
100,1.45E+08,1.78E+06,1140000,1140000,0,167650
100,1.45E+08,1.81E+06,1140000,1140000,0,167650
100,1.45E+08,1.80E+06,1140000,1140000,0,167650
100,1.45E+08,1.82E+06,1140000,1140000,0,167650
100,1.45E+08,1.78E+06,1140000,1140000,0,167650
100,1.45E+08,1.78E+06,1140000,1140000,0,167650
100,1.45E+08,1.78E+06,1140000,1140000,0,167650
100,1.45E+08,1.78E+06,1140000,1140000,0,167650
100,1.45E+08,1.78E+06,1140000,1140000,0,167650
100,1.45E+08,1.80E+06,1140000,1140000,0,167650
100,1.45E+08,1.78E+06,1140000,1140000,0,167650
100,1.45E+08,1.78E+06,1140000,1140000,0,167650
100,1.45E+08,1.78E+06,1140000,1140000,0,167650
100,1.45E+08,1.78E+06,1140000,1140000,0,168650
100,1.45E+08,1.81E+06,1140000,1140000,0,168650
100,1.45E+08,1.79E+06,1140000,1140000,0,168650
100,1.45E+08,1.80E+06,1140000,1140000,0,168650
100,1.45E+08,1.78E+06,1140000,1140000,0,168650
100,1.45E+08,1.78E+06,1140000,1140000,0,168650
100,1.45E+08,1.78E+06,1140000,1140000,0,168650
100,1.45E+08,1.81E+06,1140000,1140000,0,168650
100,1.45E+08,1.78E+06,1140000,1140000,0,168650
100,1.45E+08,1.78E+06,1140000,1140000,0,168650
100,1.45E+08,1.80E+06,1140000,1140000,0,168650
100,1.45E+08,1.79E+06,1140000,1140000,0,168650
100,1.45E+08,1.78E+06,1140000,1140000,0,168650
100,1.45E+08,1.80E+06,1140000,1140000,0,168650
100,1.45E+08,1.80E+06,1140000,1140000,0,168650
100,1.45E+08,1.78E+06,1140000,1140000,0,168650
100,1.45E+08,1.81E+06,1140000,1140000,0,168650
100,1.45E+08,1.78E+06,1140000,1140000,0,168650
100,1.45E+08,1.78E+06,1140000,1140000,0,168650
100,1.45E+08,1.80E+06,1140000,1140000,0,168650
100,1.45E+08,1.78E+06,1140000,1140000,0,168650
100,1.45E+08,1.79E+06,1140000,1140000,0,168650
100,1.45E+08,1.78E+06,1140000,1140000,0,168650
100,1.45E+08,1.80E+06,1140000,1140000,0,168650
100,1.45E+08,1.78E+06,1140000,1140000,0,168650
100,1.45E+08,1.79E+06,1140000,1140000,0,168650
100,1.45E+08,1.80E+06,1140000,1140000,0,168650
100,1.45E+08,1.78E+06,1140000,1140000,0,168650
100,1.45E+08,1.78E+06,1140000,1140000,0,168700
100,1.45E+08,1.78E+06,1140000,1140000,0,168700
100,1.45E+08,1.79E+06,1140000,1140000,0,168700
100,1.45E+08,1.80E+06,1140000,1140000,0,168700
100,1.45E+08,1.78E+06,1140000,1140000,0,168700
100,1.45E+08,1.78E+06,1140000,1140000,0,168700
100,1.45E+08,1.79E+06,1140000,1140000,0,168700
100,1.45E+08,1.78E+06,1140000,1140000,0,168750
100,1.45E+08,1.79E+06,1140000,1140000,0,168750
100,1.45E+08,1.78E+06,1140000,1140000,0,168750
100,1.45E+08,1.78E+06,1140000,1140000,0,168750
100,1.45E+08,1.82E+06,1140000,1140000,0,168750
100,1.45E+08,1.80E+06,1140000,1140000,0,168750
100,1.45E+08,1.79E+06,1140000,1140000,0,168750
100,1.45E+08,1.78E+06,1140000,1140000,0,168750
100,1.45E+08,1.78E+06,1140000,1140000,0,168750
100,1.45E+08,1.80E+06,1140000,1140000,0,168750
100,1.45E+08,1.79E+06,1140000,1140000,0,168750
100,1.45E+08,1.78E+06,1140000,1140000,0,168750
100,1.45E+08,1.79E+06,1140000,1140000,0,168750
100,1.45E+08,1.81E+06,1140000,1140000,0,168750
100,1.45E+08,1.79E+06,1140000,1140000,0,168750
100,1.45E+08,1.79E+06,1140000,1140000,0,168750
100,1.45E+08,1.79E+06,1140000,1140000,0,168750
100,1.45E+08,1.78E+06,1140000,1140000,0,168750
100,1.45E+08,1.78E+06,1140000,1140000,0,168750
100,1.45E+08,1.78E+06,1140000,1140000,0,168750
100,1.45E+08,1.79E+06,1140000,1140000,0,168750
100,1.45E+08,1.79E+06,1140000,1140000,0,168750
100,1.45E+08,1.78E+06,1140000,1140000,0,168750
100,1.45E+08,1.78E+06,1140000,1140000,0,168750
100,1.45E+08,1.78E+06,1140000,1140000,0,168750
100,1.45E+08,1.80E+06,1140000,1140000,0,168750
100,1.45E+08,1.78E+06,1140000,1140000,0,168750
100,1.45E+08,1.78E+06,1140000,1140000,0,168750
100,1.45E+08,1.83E+06,1140000,1140000,0,168750
100,1.45E+08,1.78E+06,1140000,1140000,0,168750
100,1.45E+08,1.78E+06,1140000,1140000,0,168750
100,1.45E+08,1.78E+06,1140000,1140000,0,168750
100,1.45E+08,1.78E+06,1140000,1140000,0,168900
100,1.45E+08,1.79E+06,1140000,1140000,0,168900
100,1.45E+08,1.81E+06,1140000,1140000,0,168900
100,1.45E+08,1.78E+06,1140000,1140000,0,168900
100,1.45E+08,1.78E+06,1140000,1140000,0,168900
100,1.45E+08,1.78E+06,1140000,1140000,0,168900
100,1.45E+08,1.78E+06,1140000,1140000,0,168900
100,1.45E+08,1.78E+06,1140000,1140000,0,168900
100,1.45E+08,1.78E+06,1140000,1140000,0,168900
100,1.45E+08,1.78E+06,1140000,1140000,0,168900
100,1.45E+08,1.79E+06,1140000,1140000,0,168900
100,1.45E+08,1.78E+06,1140000,1140000,0,168900
100,1.45E+08,1.78E+06,1140000,1140000,0,168900
100,1.45E+08,1.78E+06,1140000,1140000,0,168900
100,1.45E+08,1.78E+06,1140000,1140000,0,168900
100,1.45E+08,1.78E+06,1140000,1140000,0,168900
100,1.45E+08,1.78E+06,1140000,1140000,0,168900
100,1.45E+08,1.81E+06,1140000,1140000,0,168900
100,1.45E+08,1.78E+06,1140000,1140000,0,168900
100,1.45E+08,1.78E+06,1140000,1140000,0,168900
100,1.45E+08,1.80E+06,1140000,1140000,0,168900
100,1.45E+08,1.78E+06,1140000,1140000,0,168900
100,1.45E+08,1.80E+06,1140000,1140000,0,168900
100,1.45E+08,1.78E+06,1140000,1140000,0,168900
100,1.45E+08,1.78E+06,1140000,1140000,0,168900
100,1.45E+08,1.78E+06,1140000,1140000,0,168900
100,1.45E+08,1.78E+06,1140000,1140000,0,168900
100,1.45E+08,1.79E+06,1140000,1140000,0,168900
100,1.45E+08,1.78E+06,1140000,1140000,0,168900
100,1.45E+08,1.80E+06,1140000,1140000,0,168900
100,1.45E+08,1.83E+06,1140000,1140000,0,168900
100,1.45E+08,1.78E+06,1140000,1140000,0,168900
100,1.45E+08,1.80E+06,1140000,1140000,0,168900
100,1.45E+08,1.78E+06,1140000,1140000,0,168900
100,1.45E+08,1.78E+06,1140000,1140000,0,168900
100,1.45E+08,1.81E+06,1140000,1140000,0,168900
100,1.45E+08,1.78E+06,1140000,1140000,0,168900
100,1.45E+08,1.78E+06,1140000,1140000,0,168900
100,1.45E+08,1.80E+06,1140000,1140000,0,169400
100,1.45E+08,1.78E+06,1140000,1140000,0,169400
100,1.45E+08,1.78E+06,1140000,1140000,0,169400
100,1.45E+08,1.80E+06,1140000,1140000,0,169400
100,1.45E+08,1.78E+06,1140000,1140000,0,169400
100,1.45E+08,1.79E+06,1140000,1140000,0,169400
100,1.45E+08,1.78E+06,1140000,1140000,0,169400
100,1.45E+08,1.78E+06,1140000,1140000,0,169400
100,1.45E+08,1.78E+06,1140000,1140000,0,169400
100,1.45E+08,1.80E+06,1140000,1140000,0,169400
100,1.45E+08,1.80E+06,1140000,1140000,0,169400
100,1.45E+08,1.79E+06,1140000,1140000,0,169400
100,1.45E+08,1.78E+06,1140000,1140000,0,169400
100,1.45E+08,1.78E+06,1140000,1140000,0,169400
100,1.45E+08,1.79E+06,1140000,1140000,0,169400
100,1.45E+08,1.79E+06,1140000,1140000,0,169400
100,1.45E+08,1.78E+06,1140000,1140000,0,169400
100,1.45E+08,1.78E+06,1140000,1140000,0,169400
100,1.45E+08,1.78E+06,1140000,1140000,0,169400
100,1.45E+08,1.78E+06,1140000,1140000,0,169400
100,1.45E+08,1.78E+06,1140000,1140000,0,169400
100,1.45E+08,1.79E+06,1140000,1140000,0,169400
100,1.41E+08,1.78E+06,1140005,1140004,0,156000
100,1.36E+08,1.78E+06,1140013,1140013,0,139650
100,1.45E+08,1.78E+06,1140013,1140013,0,169800
100,1.47E+08,1.78E+06,1140016,1140016,0,178800
100,1.41E+08,1.78E+06,1140021,1140021,0,157900
100,1.47E+08,1.78E+06,1140021,1140021,0,177300
100,1.46E+08,1.78E+06,1140022,1140022,0,170800
100,1.47E+08,1.78E+06,1140025,1140025,0,177300
100,1.39E+08,1.81E+06,1140030,1140027,0,150150
100,1.47E+08,1.78E+06,1140038,1140038,0,178800
100,1.40E+08,1.78E+06,1140039,1140038,0,154300
100,1.47E+08,1.83E+06,1140046,1140044,0,176000
100,1.47E+08,1.78E+06,1140048,1140048,0,177300
100,1.45E+08,1.78E+06,1140057,1140057,0,169400
100,1.42E+08,1.80E+06,1140069,1140069,0,159600
100,1.46E+08,1.81E+06,1140069,1140069,0,170850
100,1.47E+08,1.84E+06,1140074,1140072,0,176000
100,1.39E+08,1.80E+06,1140080,1140081,0,150400
100,1.41E+08,1.81E+06,1140081,1140081,0,157850
100,1.44E+08,1.78E+06,1140087,1140088,0,165350
100,1.47E+08,1.78E+06,1140094,1140094,0,176000
100,1.47E+08,1.78E+06,1140098,1140100,0,176200
100,1.36E+08,1.78E+06,1140103,1140103,0,139550
100,1.36E+08,1.78E+06,1140106,1140107,0,139300
100,1.46E+08,1.78E+06,1140111,1140111,0,170800
100,1.47E+08,1.78E+06,1140117,1140117,0,178900
100,1.43E+08,1.84E+06,1140123,1140123,0,163700
100,1.44E+08,1.78E+06,1140123,1140117,0,167200
100,1.46E+08,1.78E+06,1140124,1140124,0,170800
100,1.37E+08,1.82E+06,1140131,1140130,0,144000
100,1.46E+08,1.84E+06,1140141,1140140,0,173850
100,1.36E+08,1.78E+06,1140149,1140149,0,139550
100,1.38E+08,1.78E+06,1140150,1140150,0,147200
100,1.47E+08,1.79E+06,1140162,1140160,0,177100
100,1.36E+08,1.78E+06,1140172,1140168,0,139650
100,1.44E+08,1.78E+06,1140174,1140175,0,165350
100,1.46E+08,1.78E+06,1140181,1140181,0,173850
100,1.45E+08,1.84E+06,1140200,1140200,0,169800
100,1.39E+08,1.87E+06,1140206,1140202,0,149500
100,1.47E+08,1.78E+06,1140206,1140206,0,176000
100,1.45E+08,1.78E+06,1140208,1140207,0,168700
100,1.47E+08,1.79E+06,1140208,1140208,0,177750
100,1.36E+08,1.86E+06,1140210,1140210,0,139150
100,1.46E+08,1.78E+06,1140213,1140213,0,173850
100,1.39E+08,1.81E+06,1140214,1140214,0,149500
100,1.47E+08,1.78E+06,1140217,1140216,0,178800
100,1.46E+08,1.80E+06,1140222,1140222,0,173200
100,1.36E+08,1.78E+06,1140229,1140229,0,139300
100,1.47E+08,1.79E+06,1140240,1140240,0,178400
100,1.47E+08,1.78E+06,1140246,1140246,0,178800
100,1.45E+08,1.78E+06,1140248,1140249,0,168750
100,1.36E+08,1.80E+06,1140259,1140259,0,142000
100,1.36E+08,1.78E+06,1140291,1140294,0,139550
100,1.40E+08,1.78E+06,1140293,1140295,0,154300
100,1.47E+08,1.78E+06,1140295,1140291,0,178050
100,1.40E+08,1.78E+06,1140328,1140330,0,154050
100,1.36E+08,1.78E+06,1140338,1140338,0,139650
100,1.45E+08,1.78E+06,1140338,1140338,0,168750
100,1.38E+08,1.78E+06,1140343,1140343,0,147200
100,1.47E+08,1.78E+06,1140352,1140352,0,176850
100,1.47E+08,1.81E+06,1140352,1140353,0,178800
100,1.47E+08,1.81E+06,1140353,1140352,0,177300
100,1.46E+08,1.80E+06,1140354,1140354,0,170800
100,1.40E+08,1.78E+06,1140361,1140361,0,154050
100,1.46E+08,1.84E+06,1140362,1140358,0,173850
100,1.36E+08,1.78E+06,1140368,1140365,0,139300
100,1.45E+08,1.78E+06,1140371,1140368,0,169800
100,1.46E+08,1.79E+06,1140375,1140375,0,173200
100,1.45E+08,1.78E+06,1140381,1140381,0,168900
100,1.36E+08,1.78E+06,1140383,1140384,0,139650
100,1.36E+08,1.78E+06,1140387,1140387,0,139300
100,1.36E+08,1.79E+06,1140387,1140387,0,139300
100,1.36E+08,1.78E+06,1140395,1140395,0,139300
100,1.47E+08,1.78E+06,1140399,1140399,0,177750
100,1.47E+08,1.78E+06,1140400,1140399,0,176350
100,1.47E+08,1.81E+06,1140403,1140403,0,176000
100,1.45E+08,1.78E+06,1140413,1140413,0,169400
100,1.36E+08,1.82E+06,1140420,1140420,0,139200
100,1.36E+08,1.78E+06,1140425,1140426,0,139650
100,1.36E+08,1.78E+06,1140426,1140426,0,139650
100,1.40E+08,1.78E+06,1140430,1140430,0,153500
100,1.40E+08,1.78E+06,1140433,1140433,0,153500
100,1.44E+08,1.80E+06,1140445,1140445,0,165350
100,1.47E+08,1.78E+06,1140502,1140502,0,177100
100,1.47E+08,1.79E+06,1140502,1140503,0,177300
100,1.46E+08,1.80E+06,1140512,1140513,0,170800
100,1.44E+08,1.78E+06,1140513,1140513,0,165650
100,1.45E+08,1.78E+06,1140516,1140516,0,168750
100,1.47E+08,1.80E+06,1140530,1140530,0,177300
100,1.42E+08,1.88E+06,1140552,1140552,0,158900
100,1.47E+08,1.79E+06,1140570,1140570,0,178800
100,1.43E+08,1.78E+06,1140571,1140571,0,163200
100,1.46E+08,1.78E+06,1140576,1140576,0,173850
100,1.47E+08,1.79E+06,1140581,1140578,0,176000
100,1.45E+08,1.78E+06,1140587,1140586,0,169400
100,1.47E+08,1.79E+06,1140590,1140590,0,178900
100,1.40E+08,1.78E+06,1140616,1140616,0,153750
100,1.39E+08,1.79E+06,1140625,1140625,0,149600
100,1.45E+08,1.78E+06,1140626,1140627,0,168650
100,1.47E+08,1.79E+06,1140627,1140625,0,176200
100,1.45E+08,1.79E+06,1140636,1140636,0,168750
100,1.47E+08,1.88E+06,1140638,1140637,0,177750
100,1.47E+08,1.78E+06,1140649,1140649,0,177300
100,1.47E+08,1.80E+06,1140651,1140651,0,177400
100,1.47E+08,1.82E+06,1140655,1140655,0,177400
100,1.46E+08,1.78E+06,1140663,1140663,0,175250
100,1.47E+08,1.80E+06,1140663,1140661,0,177750
100,1.47E+08,1.79E+06,1140668,1140667,0,177750
100,1.46E+08,1.78E+06,1140673,1140673,0,170800
100,1.44E+08,1.81E+06,1140680,1140680,0,165650
100,1.47E+08,1.80E+06,1140681,1140681,0,177400
100,1.47E+08,1.80E+06,1140682,1140681,0,178800
100,1.45E+08,1.78E+06,1140684,1140684,0,168650
100,1.36E+08,1.83E+06,1140685,1140682,0,139300
100,1.45E+08,1.80E+06,1140691,1140691,0,168900
100,1.47E+08,1.78E+06,1140698,1140696,0,177750
100,1.46E+08,1.78E+06,1140715,1140715,0,170800
100,1.47E+08,1.78E+06,1140723,1140722,0,176850
100,1.46E+08,1.81E+06,1140726,1140725,0,175250
100,1.39E+08,1.79E+06,1140740,1140740,0,151950
100,1.47E+08,1.79E+06,1140741,1140741,0,178800
100,1.41E+08,1.78E+06,1140746,1140746,0,157850
100,1.47E+08,1.83E+06,1140760,1140759,0,176350
100,1.46E+08,1.78E+06,1140766,1140766,0,173200
100,1.41E+08,1.81E+06,1140767,1140767,0,155450
100,1.46E+08,1.81E+06,1140781,1140781,0,170800
100,1.45E+08,1.78E+06,1140787,1140786,0,169800
100,1.47E+08,1.78E+06,1140796,1140791,0,178400
100,1.45E+08,1.81E+06,1140797,1140797,0,168750
100,1.47E+08,1.79E+06,1140806,1140806,0,177300
100,1.36E+08,1.82E+06,1140807,1140806,0,143350
100,1.47E+08,1.78E+06,1140830,1140822,0,178400
100,1.36E+08,1.78E+06,1140834,1140834,0,139550
100,1.45E+08,1.78E+06,1140836,1140834,0,168650
100,1.47E+08,1.78E+06,1140843,1140843,0,176000
100,1.47E+08,1.79E+06,1140861,1140861,0,178800
100,1.45E+08,1.79E+06,1140874,1140875,0,168750
100,1.39E+08,1.78E+06,1140878,1140877,0,149500
100,1.45E+08,1.78E+06,1140878,1140880,0,169800
100,1.46E+08,1.80E+06,1140888,1140888,0,172950
100,1.36E+08,1.78E+06,1140904,1140906,0,142000
100,1.36E+08,1.78E+06,1140906,1140905,0,139300
100,1.46E+08,1.78E+06,1140909,1140909,0,175250
100,1.47E+08,1.78E+06,1140910,1140912,0,177750
100,1.41E+08,1.79E+06,1140911,1140907,0,156700
100,1.47E+08,1.78E+06,1140919,1140919,0,177750
100,1.46E+08,1.78E+06,1140924,1140924,0,173850
100,1.46E+08,1.78E+06,1140930,1140932,0,173850
100,1.38E+08,1.78E+06,1140931,1140932,0,147200
100,1.46E+08,1.78E+06,1140934,1140938,0,170800
100,1.47E+08,1.84E+06,1140938,1140938,0,177150
100,1.47E+08,1.78E+06,1140938,1140934,0,177300
100,1.46E+08,1.78E+06,1140939,1140940,0,170800
100,1.47E+08,1.81E+06,1140939,1140940,0,176350
100,1.40E+08,1.78E+06,1140945,1140945,0,154050
100,1.43E+08,1.79E+06,1140946,1140946,0,161400
100,1.36E+08,1.78E+06,1140952,1140952,0,139750
100,1.40E+08,1.78E+06,1140953,1140952,0,152950
100,1.47E+08,1.78E+06,1140953,1140954,0,177300
100,1.47E+08,1.80E+06,1140954,1140955,0,178050
100,1.47E+08,1.79E+06,1140964,1140964,0,177150
100,1.44E+08,1.78E+06,1140972,1140972,0,165350
100,1.39E+08,1.80E+06,1140974,1140973,0,150400
100,1.45E+08,1.78E+06,1140992,1140991,0,168650
100,1.36E+08,1.78E+06,1140994,1140994,0,139550
100,1.47E+08,1.81E+06,1140995,1140990,0,177100
100,1.39E+08,1.78E+06,1141002,1141002,0,150400
100,1.47E+08,1.78E+06,1141002,1141001,0,177750
100,1.39E+08,1.78E+06,1141008,1141003,0,150150
100,1.44E+08,1.79E+06,1141022,1141024,0,165650
100,1.47E+08,1.80E+06,1141032,1141032,0,176350
100,1.36E+08,1.78E+06,1141038,1141035,0,139300
100,1.47E+08,1.79E+06,1141045,1141045,0,177300
100,1.36E+08,1.88E+06,1141055,1141056,0,139150
100,1.45E+08,1.78E+06,1141057,1141057,0,169800
100,1.47E+08,1.81E+06,1141063,1141063,0,178900
100,1.36E+08,1.78E+06,1141071,1141071,0,139300
100,1.46E+08,1.78E+06,1141086,1141086,0,170800
100,1.47E+08,1.80E+06,1141088,1141085,0,176200
100,1.47E+08,1.78E+06,1141108,1141107,0,176200
100,1.45E+08,1.78E+06,1141114,1141114,0,169800
100,1.40E+08,1.78E+06,1141118,1141120,0,153500
100,1.47E+08,1.81E+06,1141121,1141122,0,176850
100,1.40E+08,1.78E+06,1141124,1141125,0,153200
100,1.45E+08,1.81E+06,1141125,1141125,0,168650
100,1.46E+08,1.81E+06,1141128,1141128,0,173200
100,1.47E+08,1.81E+06,1141133,1141133,0,178800
100,1.36E+08,1.78E+06,1141144,1141145,0,139300
100,1.36E+08,1.78E+06,1141148,1141148,0,139300
100,1.36E+08,1.78E+06,1141150,1141150,0,139550
100,1.47E+08,1.78E+06,1141154,1141156,0,178800
100,1.44E+08,1.80E+06,1141158,1141157,0,163900
100,1.47E+08,1.81E+06,1141163,1141165,0,178800
100,1.46E+08,1.78E+06,1141164,1141164,0,170800
100,1.47E+08,1.78E+06,1141168,1141168,0,177100
100,1.46E+08,1.78E+06,1141172,1141172,0,170800
100,1.47E+08,1.79E+06,1141173,1141175,0,176000
100,1.47E+08,1.78E+06,1141173,1141173,0,176200
100,1.47E+08,1.82E+06,1141176,1141177,0,176000
100,1.47E+08,1.78E+06,1141178,1141178,0,178800
100,1.38E+08,1.78E+06,1141186,1141186,0,147200
100,1.47E+08,1.78E+06,1141189,1141190,0,177300
100,1.36E+08,1.79E+06,1141198,1141198,0,142300
100,1.40E+08,1.80E+06,1141200,1141198,0,154300
100,1.47E+08,1.81E+06,1141201,1141204,0,177400
100,1.47E+08,1.78E+06,1141216,1141216,0,177300
100,1.40E+08,1.78E+06,1141229,1141229,0,153200
100,1.43E+08,1.84E+06,1141230,1141230,0,160800
100,1.46E+08,1.80E+06,1141234,1141234,0,170800
100,1.47E+08,1.80E+06,1141234,1141234,0,176200
100,1.46E+08,1.78E+06,1141250,1141250,0,170800
100,1.47E+08,1.78E+06,1141266,1141266,0,177750
100,1.44E+08,1.78E+06,1141269,1141269,0,165650
100,1.41E+08,1.88E+06,1141271,1141270,0,157850
100,1.45E+08,1.78E+06,1141273,1141273,0,168750
100,1.46E+08,1.79E+06,1141274,1141274,0,173850
100,1.46E+08,1.79E+06,1141276,1141276,0,173000
100,1.39E+08,1.78E+06,1141277,1141277,0,150650
100,1.46E+08,1.78E+06,1141286,1141286,0,173850
100,1.40E+08,1.78E+06,1141300,1141300,0,154050
100,1.47E+08,1.78E+06,1141300,1141300,0,178800
100,1.36E+08,1.78E+06,1141302,1141302,0,142300
100,1.47E+08,1.78E+06,1141308,1141309,0,177100
100,1.40E+08,1.78E+06,1141312,1141307,0,152950
100,1.47E+08,1.78E+06,1141319,1141319,0,178800
100,1.46E+08,1.78E+06,1141341,1141343,0,173200
100,1.46E+08,1.78E+06,1141345,1141346,0,173850
100,1.39E+08,1.78E+06,1141346,1141346,0,149600
100,1.41E+08,1.79E+06,1141346,1141345,0,157850
100,1.43E+08,1.78E+06,1141349,1141349,0,161400
100,1.47E+08,1.78E+06,1141352,1141351,0,177400
100,1.38E+08,1.78E+06,1141368,1141365,0,147200
100,1.47E+08,1.78E+06,1141387,1141387,0,177150
100,1.43E+08,1.78E+06,1141392,1141392,0,161400
100,1.44E+08,1.78E+06,1141402,1141400,0,165350
100,1.46E+08,1.78E+06,1141418,1141415,0,175250
100,1.47E+08,1.78E+06,1141422,1141425,0,178800
100,1.47E+08,1.78E+06,1141424,1141424,0,178400
100,1.47E+08,1.80E+06,1141430,1141428,0,177300
100,1.45E+08,1.78E+06,1141434,1141436,0,168900
100,1.36E+08,1.78E+06,1141437,1141437,0,139300
100,1.41E+08,1.78E+06,1141438,1141436,0,157850
100,1.40E+08,1.78E+06,1141441,1141441,0,154050
100,1.36E+08,1.81E+06,1141444,1141444,0,139150
100,1.36E+08,1.78E+06,1141454,1141456,0,139550
100,1.43E+08,1.80E+06,1141455,1141454,0,163250
100,1.40E+08,1.78E+06,1141457,1141456,0,153200
100,1.44E+08,1.78E+06,1141458,1141458,0,167400
100,1.44E+08,1.79E+06,1141459,1141459,0,165350
100,1.47E+08,1.78E+06,1141462,1141462,0,177750
100,1.36E+08,1.78E+06,1141465,1141465,0,139550
100,1.40E+08,1.78E+06,1141465,1141465,0,152200
100,1.47E+08,1.79E+06,1141470,1141469,0,176350
100,1.40E+08,1.79E+06,1141471,1141471,0,153050
100,1.46E+08,1.82E+06,1141471,1141471,0,173000
100,1.41E+08,1.80E+06,1141472,1141470,0,157900
100,1.36E+08,1.78E+06,1141474,1141474,0,139300
100,1.45E+08,1.79E+06,1141482,1141481,0,168650
100,1.45E+08,1.80E+06,1141482,1141482,0,168750
100,1.36E+08,1.78E+06,1141489,1141487,0,139550
100,1.43E+08,1.78E+06,1141493,1141493,0,163550
100,1.40E+08,1.80E+06,1141498,1141498,0,154050
100,1.46E+08,1.78E+06,1141505,1141505,0,170800
100,1.46E+08,1.78E+06,1141507,1141507,0,170800
100,1.47E+08,1.79E+06,1141512,1141510,0,177300
100,1.40E+08,1.78E+06,1141514,1141515,0,154050
100,1.38E+08,1.78E+06,1141529,1141529,0,147850
100,1.47E+08,1.80E+06,1141548,1141547,0,177400
100,1.46E+08,1.78E+06,1141560,1141560,0,175250
100,1.36E+08,1.86E+06,1141567,1141567,0,139150
100,1.39E+08,1.80E+06,1141569,1141567,0,149600
100,1.36E+08,1.78E+06,1141570,1141567,0,139300
100,1.43E+08,1.79E+06,1141576,1141575,0,163250
100,1.41E+08,1.78E+06,1141579,1141578,0,156600
100,1.45E+08,1.80E+06,1141580,1141582,0,169800
100,1.46E+08,1.78E+06,1141585,1141584,0,170800
100,1.47E+08,1.78E+06,1141594,1141591,0,177750
100,1.43E+08,1.80E+06,1141609,1141610,0,162150
100,1.47E+08,1.79E+06,1141609,1141608,0,176000
100,1.47E+08,1.78E+06,1141615,1141613,0,176000
100,1.47E+08,1.78E+06,1141633,1141633,0,177750
100,1.47E+08,1.78E+06,1141634,1141634,0,176200
100,1.47E+08,1.78E+06,1141639,1141641,0,178900
100,1.47E+08,1.79E+06,1141644,1141644,0,178800
100,1.47E+08,1.82E+06,1141651,1141652,0,176350
100,1.44E+08,1.80E+06,1141653,1141653,0,167400
100,1.43E+08,1.78E+06,1141655,1141655,0,160050
100,1.41E+08,1.78E+06,1141668,1141665,0,155700
100,1.39E+08,1.78E+06,1141676,1141675,0,149600
100,1.45E+08,1.79E+06,1141680,1141674,0,168750
100,1.39E+08,1.79E+06,1141685,1141685,0,151950
100,1.47E+08,1.79E+06,1141689,1141689,0,177100
100,1.39E+08,1.78E+06,1141704,1141705,0,151350
100,1.47E+08,1.78E+06,1141708,1141708,0,177750
100,1.47E+08,1.82E+06,1141724,1141723,0,177100
100,1.47E+08,1.84E+06,1141734,1141734,0,176850
100,1.47E+08,1.78E+06,1141734,1141734,0,178800
100,1.41E+08,1.78E+06,1141735,1141735,0,156600
100,1.42E+08,1.78E+06,1141739,1141739,0,159600
100,1.36E+08,1.78E+06,1141742,1141744,0,139550
100,1.39E+08,1.78E+06,1141748,1141748,0,149600
100,1.47E+08,1.78E+06,1141751,1141752,0,176850
100,1.43E+08,1.80E+06,1141753,1141755,0,162150
100,1.36E+08,1.78E+06,1141759,1141754,0,139550
100,1.39E+08,1.79E+06,1141766,1141766,0,151950
100,1.36E+08,1.78E+06,1141772,1141769,0,139300
100,1.40E+08,1.80E+06,1141780,1141780,0,155250
100,1.40E+08,1.84E+06,1141783,1141782,0,152300
100,1.44E+08,1.78E+06,1141783,1141782,0,165350
100,1.42E+08,1.80E+06,1141789,1141791,0,159600
100,1.44E+08,1.78E+06,1141790,1141790,0,165350
100,1.46E+08,1.78E+06,1141800,1141799,0,170800
100,1.47E+08,1.78E+06,1141800,1141799,0,178800
100,1.39E+08,1.78E+06,1141802,1141802,0,149500
100,1.46E+08,1.78E+06,1141808,1141808,0,173850
100,1.46E+08,1.78E+06,1141817,1141819,0,175250
100,1.39E+08,1.78E+06,1141827,1141823,0,149500
100,1.39E+08,1.78E+06,1141838,1141841,0,149600
100,1.40E+08,1.78E+06,1141839,1141841,0,154050
100,1.43E+08,1.78E+06,1141841,1141841,0,163250
100,1.36E+08,1.78E+06,1141849,1141849,0,139650
100,1.47E+08,1.78E+06,1141858,1141858,0,176350
100,1.45E+08,1.78E+06,1141861,1141859,0,169650
100,1.47E+08,1.80E+06,1141864,1141866,0,178800
100,1.46E+08,1.78E+06,1141867,1141867,0,170800
100,1.45E+08,1.80E+06,1141869,1141871,0,169400
100,1.45E+08,1.78E+06,1141878,1141878,0,169800
100,1.39E+08,1.78E+06,1141883,1141883,0,149750
100,1.40E+08,1.78E+06,1141887,1141887,0,153200
100,1.46E+08,1.80E+06,1141890,1141890,0,173200
100,1.45E+08,1.79E+06,1141896,1141893,0,169800
100,1.47E+08,1.78E+06,1141897,1141897,0,178900
100,1.47E+08,1.79E+06,1141908,1141908,0,178050
100,1.45E+08,1.78E+06,1141913,1141913,0,168750
100,1.47E+08,1.79E+06,1141913,1141916,0,178900
100,1.36E+08,1.78E+06,1141926,1141925,0,139750
100,1.36E+08,1.83E+06,1141935,1141935,0,139300
100,1.47E+08,1.78E+06,1141936,1141937,0,177100
100,1.47E+08,1.79E+06,1141938,1141940,0,177100
100,1.46E+08,1.78E+06,1141945,1141945,0,170800
100,1.36E+08,1.78E+06,1141950,1141950,0,139650
100,1.46E+08,1.78E+06,1141950,1141950,0,170800
100,1.47E+08,1.78E+06,1141951,1141950,0,176350
100,1.44E+08,1.78E+06,1141963,1141964,0,167400
100,1.47E+08,1.78E+06,1141963,1141963,0,176350
100,1.47E+08,1.78E+06,1141974,1141973,0,177400
100,1.47E+08,1.78E+06,1141981,1141981,0,177300
100,1.47E+08,1.78E+06,1141983,1141979,0,178400
100,1.47E+08,1.78E+06,1141986,1141986,0,178900
100,1.36E+08,1.78E+06,1141987,1141987,0,139300
100,1.44E+08,1.78E+06,1141987,1141986,0,165650
100,1.47E+08,1.80E+06,1141995,1141989,0,176000
100,1.41E+08,1.78E+06,1141996,1141996,0,156000
100,1.47E+08,1.81E+06,1142005,1142005,0,178800
100,1.47E+08,1.79E+06,1142007,1142002,0,177300
100,1.47E+08,1.78E+06,1142010,1142010,0,177750
100,1.40E+08,1.78E+06,1142016,1142016,0,154050
100,1.47E+08,1.78E+06,1142018,1142018,0,177300
100,1.41E+08,1.78E+06,1142019,1142019,0,157850
100,1.36E+08,1.86E+06,1142020,1142020,0,139300
100,1.44E+08,1.78E+06,1142026,1142024,0,165500
100,1.46E+08,1.81E+06,1142032,1142034,0,170800
100,1.36E+08,1.78E+06,1142037,1142038,0,139650
100,1.47E+08,1.78E+06,1142038,1142038,0,177400
100,1.41E+08,1.78E+06,1142047,1142046,0,156400
100,1.42E+08,1.78E+06,1142049,1142049,0,158900
100,1.46E+08,1.83E+06,1142051,1142051,0,170800
100,1.45E+08,1.79E+06,1142053,1142053,0,169400
100,1.47E+08,1.78E+06,1142055,1142057,0,176350
100,1.40E+08,1.78E+06,1142061,1142058,0,152950
100,1.45E+08,1.78E+06,1142063,1142063,0,168900
100,1.47E+08,1.80E+06,1142072,1142072,0,176850
100,1.36E+08,1.79E+06,1142074,1142074,0,139550
100,1.47E+08,1.78E+06,1142080,1142080,0,176350
100,1.39E+08,1.78E+06,1142087,1142087,0,150400
100,1.47E+08,1.80E+06,1142088,1142088,0,178900
100,1.43E+08,1.78E+06,1142089,1142089,0,163250
100,1.39E+08,1.80E+06,1142091,1142091,0,150650
100,1.47E+08,1.78E+06,1142092,1142093,0,178800
100,1.36E+08,1.78E+06,1142096,1142098,0,139300
100,1.45E+08,1.78E+06,1142103,1142098,0,169400
100,1.46E+08,1.78E+06,1142107,1142107,0,175250
100,1.47E+08,1.78E+06,1142109,1142107,0,176850
100,1.45E+08,1.79E+06,1142112,1142112,0,168750
100,1.40E+08,1.78E+06,1142114,1142114,0,152950
100,1.42E+08,1.78E+06,1142123,1142121,0,159100
100,1.45E+08,1.78E+06,1142140,1142140,0,168650
100,1.36E+08,1.88E+06,1142143,1142145,0,139300
100,1.45E+08,1.78E+06,1142150,1142149,0,169400
100,1.47E+08,1.78E+06,1142154,1142153,0,177300
100,1.47E+08,1.78E+06,1142156,1142156,0,178800
100,1.36E+08,1.87E+06,1142159,1142159,0,139300
100,1.40E+08,1.78E+06,1142159,1142159,0,154050
100,1.45E+08,1.78E+06,1142162,1142162,0,169800
100,1.47E+08,1.81E+06,1142165,1142165,0,178800
100,1.47E+08,1.81E+06,1142178,1142178,0,178800
100,1.44E+08,1.78E+06,1142180,1142182,0,165350
100,1.41E+08,1.78E+06,1142191,1142191,0,156700
100,1.47E+08,1.78E+06,1142194,1142196,0,177750
100,1.40E+08,1.78E+06,1142196,1142196,0,154050
100,1.47E+08,1.78E+06,1142196,1142196,0,178800
100,1.45E+08,1.80E+06,1142204,1142206,0,169800
100,1.40E+08,1.78E+06,1142209,1142209,0,154650
100,1.44E+08,1.78E+06,1142209,1142209,0,165650
100,1.44E+08,1.78E+06,1142223,1142223,0,165350
100,1.47E+08,1.78E+06,1142236,1142235,0,178800
100,1.46E+08,1.78E+06,1142240,1142238,0,170800
100,1.36E+08,1.78E+06,1142241,1142241,0,142000
100,1.40E+08,1.78E+06,1142263,1142265,0,154050
100,1.47E+08,1.80E+06,1142269,1142268,0,178800
100,1.47E+08,1.78E+06,1142270,1142270,0,178400
100,1.47E+08,1.79E+06,1142273,1142273,0,176350
100,1.41E+08,1.78E+06,1142274,1142274,0,156000
100,1.43E+08,1.80E+06,1142278,1142278,0,163550
100,1.47E+08,1.78E+06,1142280,1142280,0,176000
100,1.43E+08,1.79E+06,1142291,1142292,0,162150
100,1.47E+08,1.78E+06,1142291,1142290,0,178800
100,1.47E+08,1.78E+06,1142295,1142295,0,176200
100,1.47E+08,1.78E+06,1142298,1142298,0,176850
100,1.41E+08,1.79E+06,1142321,1142321,0,157900
100,1.40E+08,1.78E+06,1142322,1142322,0,154300
100,1.40E+08,1.78E+06,1142322,1142322,0,154300
100,1.46E+08,1.78E+06,1142325,1142325,0,173850
100,1.40E+08,1.78E+06,1142326,1142327,0,153050
100,1.36E+08,1.78E+06,1142328,1142330,0,139650
100,1.46E+08,1.78E+06,1142328,1142328,0,173200
100,1.47E+08,1.78E+06,1142334,1142334,0,177400
100,1.47E+08,1.78E+06,1142343,1142345,0,178400
100,1.47E+08,1.78E+06,1142344,1142347,0,176850
100,1.36E+08,1.78E+06,1142346,1142346,0,139650
100,1.47E+08,1.78E+06,1142349,1142349,0,178800
100,1.46E+08,1.80E+06,1142352,1142353,0,173850
100,1.45E+08,1.81E+06,1142356,1142356,0,168750
100,1.47E+08,1.78E+06,1142356,1142356,0,178800
100,1.43E+08,1.78E+06,1142365,1142365,0,163250
100,1.43E+08,1.78E+06,1142369,1142370,0,163550
100,1.36E+08,1.78E+06,1142386,1142387,0,139550
100,1.40E+08,1.79E+06,1142390,1142390,0,154300
100,1.42E+08,1.79E+06,1142390,1142390,0,159100
100,1.39E+08,1.78E+06,1142397,1142397,0,150400
100,1.41E+08,1.89E+06,1142398,1142398,0,155600
100,1.47E+08,1.78E+06,1142404,1142404,0,176200
100,1.44E+08,1.78E+06,1142409,1142412,0,165650
100,1.45E+08,1.78E+06,1142410,1142411,0,168900
100,1.41E+08,1.83E+06,1142411,1142411,0,156600
100,1.47E+08,1.79E+06,1142422,1142422,0,178400
100,1.41E+08,1.79E+06,1142429,1142428,0,156700
100,1.41E+08,1.78E+06,1142435,1142438,0,157900
100,1.40E+08,1.78E+06,1142439,1142439,0,153350
100,1.47E+08,1.78E+06,1142442,1142442,0,176850
100,1.45E+08,1.78E+06,1142444,1142444,0,168750
100,1.40E+08,1.79E+06,1142447,1142447,0,152950
100,1.36E+08,1.78E+06,1142451,1142450,0,139650
100,1.47E+08,1.79E+06,1142459,1142460,0,176350
100,1.47E+08,1.81E+06,1142460,1142460,0,178800
100,1.37E+08,1.78E+06,1142468,1142468,0,143900
100,1.46E+08,1.78E+06,1142485,1142483,0,175250
100,1.47E+08,1.78E+06,1142485,1142485,0,177750
100,1.36E+08,1.79E+06,1142486,1142487,0,139650
100,1.47E+08,1.78E+06,1142496,1142496,0,177400
100,1.36E+08,1.86E+06,1142497,1142497,0,139300
100,1.35E+08,2.11E+06,1142500,1142500,0,138750
100,1.35E+08,1.96E+06,1142500,1142500,0,138750
100,1.35E+08,1.89E+06,1142500,1142500,0,138750
100,1.35E+08,1.89E+06,1142500,1142500,0,138750
100,1.35E+08,2.02E+06,1142500,1142500,0,138750
100,1.36E+08,1.78E+06,1142500,1142500,0,139650
100,1.36E+08,1.78E+06,1142500,1142500,0,139650
100,1.36E+08,1.78E+06,1142500,1142500,0,139650
100,1.36E+08,1.78E+06,1142500,1142500,0,139650
100,1.36E+08,1.78E+06,1142500,1142500,0,139650
100,1.36E+08,1.78E+06,1142500,1142500,0,139650
100,1.36E+08,1.78E+06,1142500,1142500,0,139650
100,1.36E+08,1.78E+06,1142500,1142500,0,139650
100,1.36E+08,1.78E+06,1142500,1142500,0,139650
100,1.36E+08,1.78E+06,1142500,1142500,0,139650
100,1.36E+08,1.78E+06,1142500,1142500,0,139650
100,1.36E+08,1.78E+06,1142500,1142500,0,139650
100,1.36E+08,1.78E+06,1142500,1142500,0,139650
100,1.36E+08,1.78E+06,1142500,1142500,0,139650
100,1.36E+08,1.78E+06,1142500,1142500,0,139650
100,1.36E+08,1.79E+06,1142500,1142500,0,139650
100,1.36E+08,1.78E+06,1142500,1142500,0,139650
100,1.41E+08,1.78E+06,1142500,1142500,0,155700
100,1.47E+08,1.78E+06,1142500,1142500,0,178800
100,1.36E+08,1.85E+06,1142502,1142502,0,139300
100,1.46E+08,1.78E+06,1142507,1142510,0,170800
100,1.46E+08,1.78E+06,1142509,1142509,0,173200
100,1.47E+08,1.78E+06,1142514,1142514,0,176850
100,1.45E+08,1.78E+06,1142517,1142516,0,168900
100,1.45E+08,1.78E+06,1142519,1142519,0,170800
100,1.47E+08,1.80E+06,1142522,1142522,0,178800
100,1.43E+08,1.86E+06,1142524,1142524,0,163250
100,1.45E+08,1.78E+06,1142530,1142529,0,168750
100,1.46E+08,1.80E+06,1142541,1142541,0,173000
100,1.36E+08,1.78E+06,1142550,1142550,0,142050
100,1.41E+08,1.78E+06,1142551,1142551,0,156700
100,1.36E+08,1.78E+06,1142552,1142553,0,139650
100,1.39E+08,1.78E+06,1142552,1142552,0,150400
100,1.45E+08,1.78E+06,1142553,1142552,0,169800
100,1.47E+08,1.79E+06,1142563,1142563,0,178400
100,1.36E+08,1.80E+06,1142564,1142566,0,139150
100,1.40E+08,1.78E+06,1142566,1142566,0,152950
100,1.41E+08,1.79E+06,1142567,1142567,0,156700
100,1.36E+08,1.78E+06,1142575,1142575,0,139650
100,1.36E+08,1.79E+06,1142576,1142577,0,142750
100,1.41E+08,1.80E+06,1142577,1142578,0,157850
100,1.43E+08,1.78E+06,1142579,1142580,0,160050
100,1.36E+08,1.79E+06,1142582,1142582,0,139650
100,1.47E+08,1.78E+06,1142584,1142584,0,176350
100,1.42E+08,1.78E+06,1142592,1142593,0,159600
100,1.45E+08,1.78E+06,1142602,1142601,0,170800
100,1.47E+08,1.78E+06,1142604,1142604,0,177400
100,1.47E+08,1.78E+06,1142609,1142603,0,178800
100,1.46E+08,1.79E+06,1142613,1142613,0,175250
100,1.40E+08,1.79E+06,1142617,1142617,0,152950
100,1.47E+08,1.79E+06,1142622,1142624,0,178900
100,1.40E+08,1.78E+06,1142633,1142633,0,153750
100,1.47E+08,1.81E+06,1142644,1142644,0,178050
100,1.45E+08,1.78E+06,1142647,1142648,0,168750
100,1.36E+08,1.79E+06,1142651,1142651,0,139300
100,1.44E+08,1.80E+06,1142657,1142657,0,165650
100,1.47E+08,1.78E+06,1142657,1142657,0,177300
100,1.45E+08,1.79E+06,1142665,1142666,0,168750
100,1.36E+08,1.78E+06,1142667,1142665,0,139550
100,1.47E+08,1.78E+06,1142673,1142673,0,176850
100,1.43E+08,1.78E+06,1142675,1142675,0,163550
100,1.47E+08,1.78E+06,1142676,1142676,0,177750
100,1.45E+08,1.80E+06,1142685,1142680,0,169800
100,1.40E+08,1.78E+06,1142686,1142686,0,154300
100,1.39E+08,1.78E+06,1142688,1142688,0,149600
100,1.47E+08,1.78E+06,1142693,1142689,0,177400
100,1.47E+08,1.78E+06,1142706,1142711,0,176350
100,1.39E+08,1.78E+06,1142708,1142710,0,151950
100,1.47E+08,1.79E+06,1142717,1142717,0,177100
100,1.45E+08,1.79E+06,1142718,1142716,0,168750
100,1.39E+08,1.78E+06,1142719,1142720,0,150650
100,1.44E+08,1.79E+06,1142721,1142721,0,165350
100,1.47E+08,1.78E+06,1142728,1142728,0,178050
100,1.47E+08,1.80E+06,1142732,1142731,0,178800
100,1.47E+08,1.80E+06,1142736,1142737,0,177300
100,1.47E+08,1.78E+06,1142737,1142737,0,177100
100,1.47E+08,1.79E+06,1142742,1142743,0,177100
100,1.47E+08,1.79E+06,1142745,1142745,0,176000
100,1.36E+08,1.78E+06,1142748,1142748,0,139300
100,1.47E+08,1.78E+06,1142748,1142750,0,178400
100,1.40E+08,1.78E+06,1142752,1142752,0,152950
100,1.40E+08,1.78E+06,1142754,1142754,0,154300
100,1.41E+08,1.78E+06,1142760,1142760,0,156000
100,1.44E+08,1.78E+06,1142764,1142763,0,167400
100,1.47E+08,1.80E+06,1142772,1142773,0,177300
100,1.40E+08,1.78E+06,1142778,1142778,0,152950
100,1.47E+08,1.81E+06,1142779,1142779,0,176200
100,1.40E+08,1.78E+06,1142781,1142781,0,154300
100,1.44E+08,1.82E+06,1142787,1142787,0,165500
100,1.41E+08,1.78E+06,1142793,1142793,0,156000
100,1.47E+08,1.78E+06,1142800,1142800,0,177750
100,1.45E+08,1.78E+06,1142803,1142802,0,169400
100,1.47E+08,1.78E+06,1142813,1142813,0,176350
100,1.46E+08,1.79E+06,1142818,1142816,0,173000
100,1.45E+08,1.78E+06,1142821,1142821,0,168750
100,1.47E+08,1.78E+06,1142834,1142833,0,177300
100,1.43E+08,1.78E+06,1142838,1142838,0,163250
100,1.36E+08,1.83E+06,1142840,1142841,0,139300
100,1.41E+08,1.78E+06,1142846,1142843,0,157900
100,1.46E+08,1.78E+06,1142854,1142853,0,170800
100,1.40E+08,1.80E+06,1142855,1142855,0,154300
100,1.43E+08,1.80E+06,1142858,1142858,0,163250
100,1.43E+08,1.80E+06,1142863,1142863,0,163250
100,1.47E+08,1.78E+06,1142866,1142863,0,178800
100,1.44E+08,1.79E+06,1142870,1142870,0,167400
100,1.45E+08,1.82E+06,1142880,1142880,0,168650
100,1.36E+08,1.83E+06,1142886,1142886,0,139150
100,1.41E+08,1.82E+06,1142890,1142886,0,155450
100,1.39E+08,1.79E+06,1142900,1142901,0,151950
100,1.47E+08,1.80E+06,1142903,1142903,0,178800
100,1.47E+08,1.78E+06,1142909,1142909,0,176850
100,1.47E+08,1.79E+06,1142921,1142922,0,176200
100,1.47E+08,1.78E+06,1142931,1142931,0,177400
100,1.43E+08,1.78E+06,1142933,1142932,0,163200
100,1.36E+08,1.79E+06,1142935,1142936,0,139300
100,1.41E+08,1.78E+06,1142947,1142948,0,156000
100,1.36E+08,1.78E+06,1142951,1142951,0,139550
100,1.47E+08,1.78E+06,1142952,1142948,0,176200
100,1.47E+08,1.78E+06,1142957,1142959,0,177750
100,1.47E+08,1.80E+06,1142957,1142957,0,178800
100,1.46E+08,1.78E+06,1142961,1142961,0,173850
100,1.36E+08,1.79E+06,1142963,1142963,0,139650
100,1.44E+08,1.81E+06,1142965,1142965,0,167400
100,1.47E+08,1.80E+06,1142973,1142973,0,176200
100,1.47E+08,1.78E+06,1142973,1142974,0,178800
100,1.45E+08,1.82E+06,1142975,1142974,0,169800
100,1.47E+08,1.79E+06,1142978,1142978,0,177100
100,1.36E+08,1.81E+06,1142980,1142980,0,139300
100,1.44E+08,1.80E+06,1142988,1142988,0,167400
100,1.43E+08,1.78E+06,1142998,1142998,0,162650
100,1.40E+08,1.78E+06,1143001,1143003,0,153500
100,1.41E+08,1.79E+06,1143003,1143005,0,156000
100,1.46E+08,1.78E+06,1143004,1143004,0,170800
100,1.36E+08,1.78E+06,1143008,1143008,0,139650
100,1.46E+08,1.78E+06,1143009,1143007,0,170800
100,1.36E+08,1.78E+06,1143013,1143010,0,139550
100,1.46E+08,1.78E+06,1143023,1143024,0,173850
100,1.46E+08,1.78E+06,1143023,1143023,0,173850
100,1.36E+08,1.87E+06,1143025,1143025,0,139300
100,1.44E+08,1.82E+06,1143027,1143023,0,165500
100,1.36E+08,1.78E+06,1143028,1143028,0,139300
100,1.47E+08,1.78E+06,1143028,1143028,0,177400
100,1.42E+08,1.78E+06,1143032,1143027,0,158900
100,1.41E+08,1.80E+06,1143035,1143035,0,156700
100,1.46E+08,1.79E+06,1143038,1143037,0,173850
100,1.44E+08,1.80E+06,1143039,1143039,0,165350
100,1.39E+08,1.78E+06,1143048,1143048,0,149600
100,1.36E+08,1.78E+06,1143050,1143050,0,139550
100,1.47E+08,1.78E+06,1143051,1143057,0,178800
100,1.41E+08,1.78E+06,1143063,1143065,0,156000
100,1.40E+08,1.78E+06,1143066,1143066,0,154050
100,1.47E+08,1.80E+06,1143068,1143065,0,176000
100,1.35E+08,2.04E+06,1143071,1143068,0,138750
100,1.40E+08,1.81E+06,1143079,1143077,0,152950
100,1.38E+08,1.81E+06,1143087,1143087,0,147850
100,1.39E+08,1.78E+06,1143100,1143100,0,151950
100,1.40E+08,1.78E+06,1143105,1143105,0,153050
100,1.44E+08,1.79E+06,1143115,1143115,0,167400
100,1.47E+08,1.79E+06,1143131,1143131,0,176850
100,1.36E+08,1.78E+06,1143134,1143136,0,139650
100,1.47E+08,1.78E+06,1143141,1143141,0,177300
100,1.39E+08,1.78E+06,1143143,1143142,0,150400
100,1.44E+08,1.78E+06,1143147,1143147,0,167400
100,1.41E+08,1.80E+06,1143150,1143150,0,157900
100,1.47E+08,1.78E+06,1143152,1143151,0,177400
100,1.40E+08,1.78E+06,1143156,1143155,0,154050
100,1.40E+08,1.78E+06,1143156,1143156,0,154050
100,1.36E+08,1.78E+06,1143168,1143169,0,139650
100,1.46E+08,1.79E+06,1143170,1143170,0,173850
100,1.39E+08,1.78E+06,1143188,1143190,0,151950
100,1.38E+08,1.79E+06,1143190,1143190,0,147200
100,1.47E+08,1.81E+06,1143196,1143196,0,176850
100,1.45E+08,1.81E+06,1143200,1143200,0,169400
100,1.43E+08,1.81E+06,1143209,1143209,0,163550
100,1.46E+08,1.79E+06,1143221,1143221,0,173850
100,1.47E+08,1.80E+06,1143221,1143219,0,177100
100,1.43E+08,1.78E+06,1143222,1143222,0,161150
100,1.45E+08,1.78E+06,1143225,1143226,0,168900
100,1.47E+08,1.80E+06,1143231,1143232,0,178050
100,1.45E+08,1.79E+06,1143232,1143232,0,168650
100,1.47E+08,1.78E+06,1143239,1143241,0,176850
100,1.36E+08,1.78E+06,1143243,1143244,0,139650
100,1.47E+08,1.78E+06,1143250,1143250,0,177300
100,1.44E+08,1.79E+06,1143254,1143254,0,165650
100,1.47E+08,1.78E+06,1143257,1143255,0,176200
100,1.36E+08,1.78E+06,1143274,1143274,0,139300
100,1.44E+08,1.78E+06,1143277,1143274,0,165650
100,1.47E+08,1.79E+06,1143281,1143281,0,176000
100,1.38E+08,1.78E+06,1143291,1143291,0,147800
100,1.40E+08,1.78E+06,1143293,1143294,0,154300
100,1.39E+08,1.81E+06,1143300,1143299,0,151900
100,1.47E+08,1.82E+06,1143320,1143321,0,178800
100,1.43E+08,1.78E+06,1143322,1143322,0,161400
100,1.47E+08,1.81E+06,1143328,1143328,0,177100
100,1.39E+08,1.78E+06,1143330,1143329,0,149500
100,1.47E+08,1.78E+06,1143336,1143335,0,178800
100,1.39E+08,1.78E+06,1143338,1143337,0,149500
100,1.40E+08,1.79E+06,1143355,1143355,0,154050
100,1.45E+08,1.78E+06,1143359,1143359,0,169800
100,1.47E+08,1.78E+06,1143361,1143361,0,177300
100,1.41E+08,1.78E+06,1143363,1143363,0,156000
100,1.36E+08,1.78E+06,1143367,1143367,0,142000
100,1.37E+08,1.78E+06,1143370,1143369,0,144350
100,1.47E+08,1.78E+06,1143371,1143370,0,178800
100,1.47E+08,1.82E+06,1143377,1143377,0,178800
100,1.39E+08,1.78E+06,1143379,1143380,0,149600
100,1.47E+08,1.78E+06,1143379,1143383,0,177100
100,1.45E+08,1.78E+06,1143389,1143389,0,169800
100,1.46E+08,1.80E+06,1143402,1143403,0,173200
100,1.46E+08,1.79E+06,1143412,1143412,0,175250
100,1.39E+08,1.78E+06,1143415,1143415,0,150400
100,1.45E+08,1.78E+06,1143422,1143422,0,169400
100,1.47E+08,1.80E+06,1143434,1143434,0,178400
100,1.44E+08,1.79E+06,1143435,1143435,0,165350
100,1.45E+08,1.80E+06,1143439,1143437,0,168650
100,1.46E+08,1.78E+06,1143448,1143448,0,170850
100,1.42E+08,1.79E+06,1143451,1143451,0,159600
100,1.47E+08,1.78E+06,1143470,1143470,0,176350
100,1.43E+08,1.82E+06,1143472,1143472,0,163550
100,1.41E+08,1.78E+06,1143476,1143477,0,156700
100,1.47E+08,1.81E+06,1143482,1143482,0,176850
100,1.47E+08,1.78E+06,1143488,1143488,0,177750
100,1.47E+08,1.80E+06,1143498,1143497,0,178250
100,1.43E+08,1.80E+06,1143501,1143502,0,163250
100,1.46E+08,1.78E+06,1143501,1143501,0,170800
100,1.36E+08,1.78E+06,1143509,1143509,0,142050
100,1.40E+08,1.79E+06,1143513,1143515,0,153500
100,1.47E+08,1.80E+06,1143518,1143518,0,178900
100,1.36E+08,1.78E+06,1143525,1143525,0,139650
100,1.45E+08,1.82E+06,1143536,1143535,0,168750
100,1.44E+08,1.80E+06,1143541,1143542,0,167400
100,1.36E+08,1.78E+06,1143550,1143550,0,139550
100,1.47E+08,1.81E+06,1143550,1143550,0,178400
100,1.46E+08,1.78E+06,1143552,1143552,0,173850
100,1.39E+08,1.79E+06,1143553,1143553,0,149750
100,1.47E+08,1.78E+06,1143556,1143555,0,177300
100,1.47E+08,1.78E+06,1143562,1143562,0,176350
100,1.47E+08,1.85E+06,1143570,1143570,0,178800
100,1.45E+08,1.81E+06,1143572,1143569,0,169400
100,1.36E+08,1.78E+06,1143582,1143580,0,139650
100,1.40E+08,1.78E+06,1143586,1143586,0,153050
100,1.39E+08,1.78E+06,1143588,1143588,0,151950
100,1.45E+08,1.78E+06,1143595,1143595,0,169800
100,1.36E+08,1.78E+06,1143598,1143598,0,142000
100,1.46E+08,1.83E+06,1143609,1143609,0,172050
100,1.46E+08,1.78E+06,1143610,1143609,0,173200
100,1.45E+08,1.79E+06,1143621,1143622,0,168750
100,1.36E+08,1.78E+06,1143624,1143624,0,139650
100,1.40E+08,1.78E+06,1143625,1143625,0,154050
100,1.36E+08,1.78E+06,1143631,1143631,0,139650
100,1.47E+08,1.80E+06,1143631,1143630,0,178400
100,1.45E+08,1.78E+06,1143636,1143636,0,169800
100,1.39E+08,1.78E+06,1143650,1143650,0,150400
100,1.37E+08,1.78E+06,1143656,1143656,0,143900
100,1.38E+08,1.78E+06,1143660,1143660,0,147850
100,1.40E+08,1.78E+06,1143661,1143663,0,153750
100,1.46E+08,1.78E+06,1143665,1143665,0,170800
100,1.47E+08,1.81E+06,1143666,1143667,0,177300
100,1.36E+08,1.78E+06,1143677,1143678,0,142050
100,1.47E+08,1.78E+06,1143699,1143700,0,177750
100,1.41E+08,1.79E+06,1143705,1143702,0,156600
100,1.36E+08,1.78E+06,1143708,1143708,0,139650
100,1.45E+08,1.78E+06,1143710,1143711,0,168900
100,1.47E+08,1.78E+06,1143715,1143715,0,177300
100,1.47E+08,1.80E+06,1143717,1143714,0,178400
100,1.45E+08,1.78E+06,1143720,1143720,0,168900
100,1.47E+08,1.78E+06,1143722,1143722,0,176850
100,1.43E+08,1.83E+06,1143731,1143731,0,162950
100,1.36E+08,1.78E+06,1143739,1143740,0,139550
100,1.46E+08,1.80E+06,1143740,1143740,0,170800
100,1.45E+08,1.82E+06,1143748,1143745,0,168900
100,1.46E+08,1.78E+06,1143752,1143752,0,175250
100,1.36E+08,1.85E+06,1143757,1143757,0,139300
100,1.47E+08,1.78E+06,1143757,1143757,0,176000
100,1.47E+08,1.80E+06,1143771,1143775,0,177400
100,1.47E+08,1.78E+06,1143771,1143768,0,178800
100,1.47E+08,1.78E+06,1143773,1143770,0,176000
100,1.47E+08,1.79E+06,1143776,1143776,0,177300
100,1.37E+08,1.78E+06,1143785,1143785,0,143900
100,1.36E+08,1.78E+06,1143786,1143786,0,139550
100,1.36E+08,1.78E+06,1143793,1143793,0,139650
100,1.46E+08,1.80E+06,1143795,1143797,0,173200
100,1.47E+08,1.78E+06,1143799,1143799,0,176000
100,1.36E+08,1.78E+06,1143802,1143802,0,139650
100,1.47E+08,1.78E+06,1143802,1143803,0,177400
100,1.47E+08,1.78E+06,1143812,1143813,0,177300
100,1.36E+08,1.78E+06,1143814,1143814,0,139300
100,1.44E+08,1.78E+06,1143816,1143812,0,167200
100,1.44E+08,1.78E+06,1143820,1143820,0,165650
100,1.45E+08,1.78E+06,1143821,1143821,0,168650
100,1.47E+08,1.78E+06,1143824,1143824,0,177100
100,1.47E+08,1.78E+06,1143824,1143824,0,178800
100,1.45E+08,1.78E+06,1143826,1143826,0,169800
100,1.47E+08,1.78E+06,1143832,1143832,0,176000
100,1.45E+08,1.78E+06,1143837,1143836,0,167650
100,1.47E+08,1.78E+06,1143845,1143845,0,178050
100,1.36E+08,1.79E+06,1143854,1143854,0,139300
100,1.44E+08,1.78E+06,1143855,1143855,0,167400
100,1.46E+08,1.79E+06,1143859,1143854,0,175250
100,1.47E+08,1.78E+06,1143866,1143865,0,176850
100,1.36E+08,1.78E+06,1143876,1143874,0,139650
100,1.39E+08,1.78E+06,1143877,1143877,0,149600
100,1.40E+08,1.78E+06,1143878,1143879,0,153050
100,1.47E+08,1.78E+06,1143884,1143884,0,176000
100,1.40E+08,1.78E+06,1143888,1143888,0,154200
100,1.46E+08,1.78E+06,1143891,1143891,0,175250
100,1.36E+08,1.78E+06,1143894,1143894,0,139300
100,1.46E+08,1.78E+06,1143896,1143896,0,170800
100,1.36E+08,1.78E+06,1143898,1143896,0,142000
100,1.39E+08,1.78E+06,1143912,1143913,0,151950
100,1.40E+08,1.78E+06,1143912,1143915,0,154300
100,1.47E+08,1.80E+06,1143916,1143917,0,176000
100,1.36E+08,1.78E+06,1143922,1143922,0,139650
100,1.47E+08,1.78E+06,1143922,1143919,0,176200
100,1.46E+08,1.78E+06,1143932,1143932,0,175250
100,1.47E+08,1.78E+06,1143932,1143931,0,176850
100,1.39E+08,1.80E+06,1143933,1143933,0,150400
100,1.47E+08,1.78E+06,1143936,1143936,0,176350
100,1.43E+08,1.78E+06,1143939,1143939,0,163550
100,1.36E+08,1.78E+06,1143941,1143941,0,139650
100,1.36E+08,1.78E+06,1143941,1143941,0,142000
100,1.47E+08,1.78E+06,1143946,1143946,0,178800
100,1.43E+08,1.78E+06,1143974,1143976,0,163550
100,1.41E+08,1.78E+06,1143981,1143979,0,157850
100,1.37E+08,1.78E+06,1143988,1143988,0,143900
100,1.45E+08,1.80E+06,1143999,1143999,0,169800
100,1.46E+08,1.78E+06,1144002,1144003,0,170800
100,1.47E+08,1.79E+06,1144003,1144005,0,177300
100,1.40E+08,1.79E+06,1144016,1144018,0,153500
100,1.44E+08,1.78E+06,1144019,1144019,0,165350
100,1.45E+08,1.80E+06,1144019,1144015,0,169400
100,1.36E+08,1.78E+06,1144025,1144025,0,142300
100,1.47E+08,1.86E+06,1144027,1144027,0,178400
100,1.39E+08,1.78E+06,1144030,1144030,0,149600
100,1.36E+08,1.78E+06,1144040,1144040,0,139300
100,1.40E+08,1.78E+06,1144062,1144062,0,154300
100,1.46E+08,1.78E+06,1144062,1144062,0,173850
100,1.47E+08,1.79E+06,1144068,1144068,0,178800
100,1.47E+08,1.78E+06,1144069,1144069,0,176200
100,1.47E+08,1.78E+06,1144070,1144070,0,176850
100,1.45E+08,1.80E+06,1144072,1144072,0,168900
100,1.41E+08,1.78E+06,1144074,1144073,0,157850
100,1.47E+08,1.78E+06,1144081,1144081,0,178800
100,1.39E+08,1.78E+06,1144086,1144084,0,151850
100,1.36E+08,1.78E+06,1144096,1144094,0,139300
100,1.47E+08,1.80E+06,1144105,1144105,0,176350
100,1.41E+08,1.78E+06,1144112,1144112,0,156700
100,1.39E+08,1.78E+06,1144114,1144113,0,149950
100,1.40E+08,1.78E+06,1144115,1144115,0,153050
100,1.47E+08,1.78E+06,1144120,1144120,0,178050
100,1.39E+08,1.78E+06,1144122,1144122,0,151950
100,1.45E+08,1.78E+06,1144123,1144123,0,168750
100,1.41E+08,1.79E+06,1144125,1144127,0,156000
100,1.47E+08,1.78E+06,1144130,1144129,0,178250
100,1.47E+08,1.80E+06,1144131,1144129,0,178400
100,1.47E+08,1.78E+06,1144131,1144131,0,178800
100,1.36E+08,1.81E+06,1144135,1144134,0,142800
100,1.46E+08,1.79E+06,1144136,1144137,0,173200
100,1.36E+08,1.78E+06,1144141,1144142,0,139300
100,1.36E+08,1.78E+06,1144149,1144152,0,139550
100,1.45E+08,1.80E+06,1144156,1144156,0,168700
100,1.47E+08,1.78E+06,1144164,1144164,0,178800
100,1.45E+08,1.78E+06,1144168,1144168,0,170700
100,1.45E+08,1.78E+06,1144173,1144177,0,169800
100,1.45E+08,1.78E+06,1144178,1144177,0,169800
100,1.46E+08,1.82E+06,1144180,1144180,0,175250
100,1.47E+08,1.80E+06,1144186,1144186,0,177300
100,1.46E+08,1.78E+06,1144189,1144189,0,170800
100,1.47E+08,1.78E+06,1144199,1144199,0,176350
100,1.47E+08,1.78E+06,1144216,1144216,0,177300
100,1.36E+08,1.78E+06,1144220,1144225,0,139650
100,1.46E+08,1.78E+06,1144220,1144220,0,170800
100,1.40E+08,1.78E+06,1144223,1144223,0,154050
100,1.36E+08,1.79E+06,1144227,1144227,0,139300
100,1.47E+08,1.78E+06,1144231,1144231,0,177300
100,1.47E+08,1.78E+06,1144231,1144231,0,178800
100,1.43E+08,1.79E+06,1144238,1144238,0,163550
100,1.47E+08,1.78E+06,1144251,1144250,0,176200
100,1.46E+08,1.78E+06,1144255,1144255,0,170800
100,1.43E+08,1.82E+06,1144259,1144258,0,161400
100,1.43E+08,1.79E+06,1144263,1144263,0,162150
100,1.47E+08,1.79E+06,1144270,1144270,0,177750
100,1.36E+08,1.82E+06,1144271,1144271,0,139200
100,1.46E+08,1.78E+06,1144273,1144274,0,175250
100,1.44E+08,1.78E+06,1144277,1144277,0,163900
100,1.47E+08,1.80E+06,1144281,1144281,0,177100
100,1.47E+08,1.80E+06,1144282,1144282,0,177400
100,1.40E+08,1.78E+06,1144290,1144291,0,154300
100,1.47E+08,1.81E+06,1144292,1144291,0,177750
100,1.36E+08,1.80E+06,1144294,1144294,0,139300
100,1.45E+08,1.80E+06,1144299,1144299,0,169800
100,1.40E+08,1.78E+06,1144302,1144302,0,154050
100,1.43E+08,1.78E+06,1144303,1144303,0,163550
100,1.47E+08,1.78E+06,1144310,1144310,0,177300
100,1.46E+08,1.84E+06,1144312,1144310,0,175250
100,1.44E+08,1.85E+06,1144313,1144313,0,167400
100,1.45E+08,1.78E+06,1144316,1144317,0,168900
100,1.47E+08,1.80E+06,1144317,1144317,0,178400
100,1.46E+08,1.80E+06,1144323,1144323,0,170800
100,1.47E+08,1.82E+06,1144328,1144327,0,177400
100,1.38E+08,1.78E+06,1144329,1144329,0,147850
100,1.47E+08,1.78E+06,1144333,1144333,0,177300
100,1.47E+08,1.78E+06,1144345,1144345,0,177300
100,1.47E+08,1.78E+06,1144353,1144353,0,176200
100,1.47E+08,1.79E+06,1144354,1144354,0,178800
100,1.47E+08,1.78E+06,1144355,1144355,0,176200
100,1.47E+08,1.78E+06,1144360,1144360,0,176200
100,1.39E+08,1.78E+06,1144361,1144361,0,150400
100,1.41E+08,1.78E+06,1144365,1144363,0,157900
100,1.45E+08,1.78E+06,1144367,1144365,0,168750
100,1.45E+08,1.78E+06,1144371,1144370,0,168750
100,1.47E+08,1.78E+06,1144374,1144373,0,178400
100,1.39E+08,1.78E+06,1144376,1144377,0,150650
100,1.47E+08,1.78E+06,1144378,1144378,0,176350
100,1.47E+08,1.79E+06,1144388,1144388,0,176000
100,1.47E+08,1.78E+06,1144390,1144390,0,176000
100,1.47E+08,1.79E+06,1144394,1144394,0,176000
100,1.41E+08,1.78E+06,1144396,1144394,0,157850
100,1.47E+08,1.79E+06,1144401,1144401,0,178050
100,1.47E+08,1.78E+06,1144403,1144403,0,178400
100,1.47E+08,1.78E+06,1144407,1144408,0,176350
100,1.47E+08,1.78E+06,1144410,1144407,0,177150
100,1.45E+08,1.78E+06,1144415,1144415,0,167500
100,1.45E+08,1.78E+06,1144416,1144417,0,168750
100,1.39E+08,1.78E+06,1144424,1144424,0,150900
100,1.46E+08,1.78E+06,1144425,1144425,0,173850
100,1.47E+08,1.78E+06,1144431,1144434,0,177100
100,1.47E+08,1.78E+06,1144435,1144430,0,176350
100,1.36E+08,1.78E+06,1144436,1144436,0,139300
100,1.36E+08,1.79E+06,1144449,1144449,0,139300
100,1.36E+08,1.78E+06,1144454,1144453,0,139650
100,1.45E+08,1.79E+06,1144458,1144458,0,168650
100,1.36E+08,1.78E+06,1144459,1144459,0,139650
100,1.47E+08,1.78E+06,1144464,1144464,0,176350
100,1.47E+08,1.78E+06,1144466,1144466,0,176850
100,1.39E+08,1.79E+06,1144467,1144469,0,151950
100,1.46E+08,1.80E+06,1144474,1144474,0,170800
100,1.36E+08,1.78E+06,1144486,1144488,0,139550
100,1.47E+08,1.79E+06,1144488,1144488,0,177300
100,1.45E+08,1.82E+06,1144489,1144486,0,169400
100,1.47E+08,1.80E+06,1144491,1144490,0,177100
100,1.36E+08,1.78E+06,1144495,1144495,0,139300
100,1.47E+08,1.78E+06,1144496,1144496,0,177300
100,1.47E+08,1.78E+06,1144502,1144503,0,177300
100,1.45E+08,1.78E+06,1144504,1144504,0,168750
100,1.46E+08,1.79E+06,1144509,1144503,0,173000
100,1.36E+08,1.78E+06,1144521,1144521,0,139650
100,1.46E+08,1.80E+06,1144524,1144524,0,173200
100,1.45E+08,1.78E+06,1144531,1144532,0,168750
100,1.36E+08,1.78E+06,1144542,1144543,0,139300
100,1.47E+08,1.78E+06,1144555,1144556,0,177300
100,1.39E+08,1.79E+06,1144565,1144566,0,151950
100,1.47E+08,1.78E+06,1144568,1144568,0,178400
100,1.47E+08,1.78E+06,1144569,1144569,0,178050
100,1.39E+08,1.78E+06,1144571,1144571,0,151850
100,1.47E+08,1.78E+06,1144571,1144570,0,177400
100,1.47E+08,1.78E+06,1144572,1144572,0,176350
100,1.36E+08,1.78E+06,1144576,1144576,0,142050
100,1.45E+08,1.79E+06,1144585,1144585,0,170700
100,1.46E+08,1.79E+06,1144586,1144586,0,171150
100,1.46E+08,1.79E+06,1144590,1144590,0,173700
100,1.46E+08,1.78E+06,1144603,1144603,0,170800
100,1.46E+08,1.78E+06,1144605,1144609,0,170850
100,1.39E+08,1.79E+06,1144609,1144609,0,149600
100,1.47E+08,1.79E+06,1144610,1144610,0,178400
100,1.47E+08,1.81E+06,1144613,1144610,0,176000
100,1.47E+08,1.81E+06,1144620,1144620,0,178800
100,1.44E+08,1.78E+06,1144623,1144624,0,165650
100,1.46E+08,1.78E+06,1144624,1144624,0,170800
100,1.36E+08,1.79E+06,1144630,1144632,0,139300
100,1.47E+08,1.80E+06,1144632,1144633,0,177750
100,1.36E+08,1.78E+06,1144643,1144642,0,139750
100,1.36E+08,1.79E+06,1144650,1144650,0,139300
100,1.46E+08,1.78E+06,1144650,1144652,0,173850
100,1.47E+08,1.78E+06,1144653,1144653,0,176350
100,1.47E+08,1.78E+06,1144657,1144657,0,177750
100,1.45E+08,1.78E+06,1144660,1144660,0,170700
100,1.47E+08,1.78E+06,1144660,1144661,0,177100
100,1.47E+08,1.78E+06,1144665,1144665,0,178800
100,1.47E+08,1.78E+06,1144665,1144665,0,178900
100,1.39E+08,1.78E+06,1144667,1144667,0,150400
100,1.47E+08,1.78E+06,1144670,1144670,0,177400
100,1.46E+08,1.78E+06,1144675,1144675,0,173700
100,1.47E+08,1.78E+06,1144676,1144676,0,177300
100,1.46E+08,1.79E+06,1144677,1144677,0,170800
100,1.46E+08,1.78E+06,1144679,1144679,0,175250
100,1.41E+08,1.78E+06,1144683,1144682,0,157900
100,1.36E+08,1.82E+06,1144684,1144684,0,143350
100,1.46E+08,1.80E+06,1144684,1144682,0,171350
100,1.46E+08,1.78E+06,1144688,1144688,0,175250
100,1.47E+08,1.81E+06,1144689,1144689,0,176000
100,1.36E+08,1.78E+06,1144697,1144697,0,139650
100,1.46E+08,1.78E+06,1144698,1144696,0,175250
100,1.47E+08,1.79E+06,1144698,1144698,0,178800
100,1.47E+08,1.79E+06,1144702,1144702,0,178250
100,1.45E+08,1.79E+06,1144704,1144704,0,169400
100,1.45E+08,1.78E+06,1144711,1144711,0,169800
100,1.47E+08,1.79E+06,1144718,1144718,0,176350
100,1.44E+08,1.78E+06,1144720,1144719,0,165650
100,1.37E+08,1.78E+06,1144723,1144723,0,143900
100,1.39E+08,1.78E+06,1144723,1144723,0,150900
100,1.47E+08,1.83E+06,1144723,1144719,0,178400
100,1.47E+08,1.80E+06,1144728,1144728,0,176350
100,1.47E+08,1.78E+06,1144728,1144728,0,178800
100,1.47E+08,1.80E+06,1144730,1144730,0,177750
100,1.47E+08,1.79E+06,1144740,1144740,0,177300
100,1.45E+08,1.78E+06,1144746,1144743,0,169650
100,1.45E+08,1.78E+06,1144751,1144752,0,169800
100,1.36E+08,1.78E+06,1144752,1144752,0,139300
100,1.47E+08,1.78E+06,1144752,1144752,0,177100
100,1.46E+08,1.80E+06,1144757,1144757,0,173850
100,1.36E+08,1.78E+06,1144763,1144758,0,142050
100,1.47E+08,1.78E+06,1144766,1144766,0,178400
100,1.46E+08,1.78E+06,1144767,1144767,0,175250
100,1.46E+08,1.80E+06,1144770,1144770,0,170800
100,1.47E+08,1.78E+06,1144773,1144772,0,177100
100,1.43E+08,1.78E+06,1144777,1144778,0,160050
100,1.46E+08,1.78E+06,1144780,1144779,0,170800
100,1.39E+08,1.79E+06,1144782,1144782,0,151950
100,1.41E+08,1.80E+06,1144791,1144791,0,157850
100,1.47E+08,1.83E+06,1144791,1144790,0,178800
100,1.43E+08,1.78E+06,1144801,1144801,0,162950
100,1.47E+08,1.79E+06,1144801,1144799,0,177100
100,1.46E+08,1.81E+06,1144802,1144801,0,173850
100,1.47E+08,1.78E+06,1144805,1144805,0,178900
100,1.47E+08,1.78E+06,1144808,1144808,0,176850
100,1.44E+08,1.81E+06,1144809,1144809,0,167200
100,1.47E+08,1.79E+06,1144811,1144811,0,178800
100,1.47E+08,1.79E+06,1144818,1144818,0,176350
100,1.47E+08,1.81E+06,1144821,1144817,0,176850
100,1.47E+08,1.78E+06,1144821,1144821,0,178800
100,1.47E+08,1.78E+06,1144826,1144826,0,178800
100,1.47E+08,1.82E+06,1144831,1144830,0,177150
100,1.47E+08,1.78E+06,1144832,1144832,0,176850
100,1.47E+08,1.80E+06,1144833,1144833,0,177300
100,1.47E+08,1.79E+06,1144833,1144833,0,177300
100,1.46E+08,1.79E+06,1144837,1144837,0,175250
100,1.47E+08,1.78E+06,1144840,1144840,0,177300
100,1.47E+08,1.79E+06,1144844,1144844,0,178400
100,1.39E+08,1.78E+06,1144845,1144847,0,150400
100,1.47E+08,1.78E+06,1144845,1144845,0,176000
100,1.47E+08,1.78E+06,1144846,1144846,0,178050
100,1.47E+08,1.80E+06,1144848,1144851,0,176350
100,1.46E+08,1.78E+06,1144851,1144851,0,170850
100,1.45E+08,1.78E+06,1144852,1144852,0,169400
100,1.46E+08,1.80E+06,1144853,1144853,0,175250
100,1.47E+08,1.78E+06,1144853,1144853,0,176350
100,1.41E+08,1.79E+06,1144862,1144862,0,156000
100,1.47E+08,1.79E+06,1144864,1144862,0,176350
100,1.46E+08,1.78E+06,1144865,1144865,0,173850
100,1.44E+08,1.86E+06,1144869,1144869,0,165350
100,1.47E+08,1.82E+06,1144871,1144871,0,178050
100,1.47E+08,1.78E+06,1144873,1144873,0,177100
100,1.47E+08,1.78E+06,1144873,1144873,0,178050
100,1.47E+08,1.78E+06,1144881,1144881,0,177300
100,1.47E+08,1.78E+06,1144884,1144884,0,177400
100,1.41E+08,1.78E+06,1144886,1144889,0,157900
100,1.36E+08,1.79E+06,1144888,1144888,0,139650
100,1.46E+08,1.78E+06,1144890,1144890,0,173850
100,1.46E+08,1.80E+06,1144891,1144891,0,170800
100,1.41E+08,1.78E+06,1144894,1144894,0,157350
100,1.36E+08,1.78E+06,1144896,1144896,0,139650
100,1.39E+08,1.78E+06,1144897,1144897,0,149500
100,1.47E+08,1.79E+06,1144897,1144897,0,178050
100,1.47E+08,1.82E+06,1144899,1144899,0,177300
100,1.46E+08,1.79E+06,1144912,1144912,0,173200
100,1.47E+08,1.78E+06,1144913,1144913,0,177300
100,1.47E+08,1.78E+06,1144914,1144914,0,178050
100,1.47E+08,1.79E+06,1144915,1144915,0,176850
100,1.45E+08,1.81E+06,1144916,1144915,0,169400
100,1.45E+08,1.79E+06,1144916,1144916,0,169800
100,1.44E+08,1.81E+06,1144919,1144919,0,165650
100,1.47E+08,1.78E+06,1144919,1144919,0,178900
100,1.47E+08,1.78E+06,1144920,1144920,0,176000
100,1.47E+08,1.79E+06,1144920,1144919,0,177300
100,1.47E+08,1.78E+06,1144921,1144921,0,177100
100,1.47E+08,1.80E+06,1144923,1144923,0,176350
100,1.47E+08,1.79E+06,1144924,1144924,0,177300
100,1.47E+08,1.80E+06,1144925,1144925,0,178400
100,1.47E+08,1.78E+06,1144927,1144927,0,178800
100,1.36E+08,1.78E+06,1144929,1144932,0,139650
100,1.47E+08,1.78E+06,1144929,1144928,0,177400
100,1.46E+08,1.78E+06,1144932,1144932,0,170850
100,1.47E+08,1.78E+06,1144932,1144932,0,178800
100,1.46E+08,1.78E+06,1144934,1144934,0,173850
100,1.46E+08,1.79E+06,1144940,1144940,0,173850
100,1.47E+08,1.78E+06,1144940,1144940,0,178400
100,1.47E+08,1.80E+06,1144941,1144938,0,177400
100,1.47E+08,1.78E+06,1144945,1144945,0,176000
100,1.47E+08,1.80E+06,1144945,1144945,0,178900
100,1.46E+08,1.78E+06,1144946,1144946,0,171150
100,1.47E+08,1.78E+06,1144946,1144946,0,176850
100,1.40E+08,1.79E+06,1144947,1144947,0,154050
100,1.47E+08,1.78E+06,1144949,1144949,0,178050
100,1.45E+08,1.78E+06,1144954,1144954,0,169800
100,1.47E+08,1.84E+06,1144954,1144954,0,176000
100,1.46E+08,1.80E+06,1144956,1144956,0,173850
100,1.46E+08,1.78E+06,1144956,1144956,0,175250
100,1.47E+08,1.78E+06,1144957,1144957,0,176350
100,1.47E+08,1.78E+06,1144959,1144959,0,178800
100,1.46E+08,1.78E+06,1144960,1144960,0,175250
100,1.47E+08,1.80E+06,1144960,1144960,0,178050
100,1.46E+08,1.78E+06,1144962,1144962,0,171150
100,1.47E+08,1.78E+06,1144962,1144963,0,178800
100,1.46E+08,1.83E+06,1144963,1144963,0,173850
100,1.36E+08,1.85E+06,1144964,1144964,0,139300
100,1.47E+08,1.78E+06,1144966,1144966,0,176000
100,1.47E+08,1.78E+06,1144967,1144965,0,177300
100,1.45E+08,1.80E+06,1144969,1144969,0,169800
100,1.45E+08,1.78E+06,1144969,1144969,0,170800
100,1.47E+08,1.78E+06,1144971,1144971,0,178900
100,1.46E+08,1.79E+06,1144974,1144975,0,175250
100,1.47E+08,1.78E+06,1144977,1144977,0,176350
100,1.47E+08,1.78E+06,1144978,1144978,0,177150
100,1.46E+08,1.79E+06,1144979,1144979,0,172050
100,1.47E+08,1.78E+06,1144979,1144979,0,177300
100,1.46E+08,1.80E+06,1144981,1144978,0,170800
100,1.46E+08,1.78E+06,1144981,1144981,0,173200
100,1.47E+08,1.78E+06,1144983,1144983,0,177300
100,1.47E+08,1.78E+06,1144984,1144984,0,176850
100,1.47E+08,1.79E+06,1144986,1144986,0,176350
100,1.47E+08,1.78E+06,1144991,1144991,0,177750
100,1.47E+08,1.78E+06,1144992,1144990,0,177400
100,1.47E+08,1.80E+06,1144992,1144992,0,178800
100,1.47E+08,1.78E+06,1144992,1144990,0,178800
100,1.47E+08,1.78E+06,1144998,1144998,0,176350
100,1.36E+08,1.78E+06,1144999,1144999,0,139650
100,1.47E+08,1.79E+06,1144999,1144999,0,177300
100,1.35E+08,1.91E+06,1145000,1145000,0,138750
100,1.35E+08,1.92E+06,1145000,1145000,0,138750
100,1.35E+08,1.90E+06,1145000,1145000,0,138750
100,1.35E+08,1.91E+06,1145000,1145000,0,138750
100,1.36E+08,1.78E+06,1145000,1145001,0,139650
100,1.36E+08,1.78E+06,1145000,1144999,0,139650
100,1.36E+08,1.78E+06,1145000,1145000,0,139650
100,1.36E+08,1.78E+06,1145000,1145000,0,139650
100,1.36E+08,1.78E+06,1145000,1145000,0,139650
100,1.36E+08,1.78E+06,1145000,1145000,0,139650
100,1.36E+08,1.78E+06,1145000,1145000,0,139650
100,1.36E+08,1.78E+06,1145000,1145000,0,139650
100,1.36E+08,1.78E+06,1145000,1145000,0,139650
100,1.36E+08,1.78E+06,1145000,1145000,0,139650
100,1.37E+08,1.78E+06,1145000,1145000,0,143900
100,1.45E+08,1.80E+06,1145000,1145000,0,169400
100,1.45E+08,1.78E+06,1145000,1145000,0,169400
100,1.45E+08,1.79E+06,1145000,1145000,0,169400
100,1.45E+08,1.80E+06,1145000,1145000,0,169400
100,1.45E+08,1.79E+06,1145000,1145000,0,169400
100,1.45E+08,1.78E+06,1145000,1145000,0,169400
100,1.45E+08,1.78E+06,1145000,1145000,0,169400
100,1.45E+08,1.78E+06,1145000,1145000,0,169400
100,1.45E+08,1.78E+06,1145000,1145000,0,169400
100,1.45E+08,1.80E+06,1145000,1145000,0,169400
100,1.45E+08,1.78E+06,1145000,1145000,0,169400
100,1.45E+08,1.78E+06,1145000,1145000,0,169400
100,1.45E+08,1.78E+06,1145000,1145000,0,169400
100,1.45E+08,1.78E+06,1145000,1145000,0,169400
100,1.45E+08,1.78E+06,1145000,1145000,0,169400
100,1.45E+08,1.79E+06,1145000,1145000,0,169800
100,1.45E+08,1.78E+06,1145000,1145000,0,169800
100,1.45E+08,1.78E+06,1145000,1145000,0,170700
100,1.45E+08,1.78E+06,1145000,1145000,0,170800
100,1.45E+08,1.80E+06,1145000,1145000,0,170800
100,1.45E+08,1.78E+06,1145000,1145000,0,170800
100,1.45E+08,1.78E+06,1145000,1145000,0,170800
100,1.45E+08,1.78E+06,1145000,1145000,0,170800
100,1.45E+08,1.78E+06,1145000,1145000,0,170800
100,1.45E+08,1.81E+06,1145000,1145000,0,170800
100,1.45E+08,1.78E+06,1145000,1145000,0,170800
100,1.45E+08,1.78E+06,1145000,1145000,0,170800
100,1.45E+08,1.79E+06,1145000,1145000,0,170800
100,1.45E+08,1.79E+06,1145000,1145000,0,170800
100,1.45E+08,1.78E+06,1145000,1145000,0,170800
100,1.45E+08,1.79E+06,1145000,1145000,0,170800
100,1.45E+08,1.79E+06,1145000,1145000,0,170800
100,1.45E+08,1.80E+06,1145000,1145000,0,170800
100,1.45E+08,1.78E+06,1145000,1145000,0,170800
100,1.45E+08,1.80E+06,1145000,1145000,0,170800
100,1.45E+08,1.78E+06,1145000,1145000,0,170800
100,1.45E+08,1.78E+06,1145000,1145000,0,170800
100,1.46E+08,1.80E+06,1145000,1145000,0,170800
100,1.46E+08,1.78E+06,1145000,1145000,0,170800
100,1.46E+08,1.78E+06,1145000,1145000,0,170800
100,1.46E+08,1.79E+06,1145000,1145000,0,170800
100,1.46E+08,1.78E+06,1145000,1145000,0,170800
100,1.46E+08,1.81E+06,1145000,1145000,0,170800
100,1.46E+08,1.78E+06,1145000,1145000,0,170800
100,1.46E+08,1.79E+06,1145000,1145000,0,170800
100,1.46E+08,1.78E+06,1145000,1145000,0,170800
100,1.46E+08,1.78E+06,1145000,1145000,0,170800
100,1.46E+08,1.78E+06,1145000,1145000,0,170800
100,1.46E+08,1.81E+06,1145000,1145000,0,170800
100,1.46E+08,1.78E+06,1145000,1145000,0,170800
100,1.46E+08,1.78E+06,1145000,1145000,0,170800
100,1.46E+08,1.78E+06,1145000,1145000,0,170800
100,1.46E+08,1.79E+06,1145000,1145000,0,170800
100,1.46E+08,1.80E+06,1145000,1145000,0,170800
100,1.46E+08,1.78E+06,1145000,1145000,0,170800
100,1.46E+08,1.79E+06,1145000,1145000,0,170800
100,1.46E+08,1.78E+06,1145000,1145000,0,170800
100,1.46E+08,1.78E+06,1145000,1145000,0,170800
100,1.46E+08,1.78E+06,1145000,1145000,0,170800
100,1.46E+08,1.79E+06,1145000,1145000,0,170800
100,1.46E+08,1.78E+06,1145000,1145000,0,170800
100,1.46E+08,1.78E+06,1145000,1145000,0,170800
100,1.46E+08,1.78E+06,1145000,1145000,0,170800
100,1.46E+08,1.80E+06,1145000,1145000,0,170800
100,1.46E+08,1.78E+06,1145000,1145000,0,170800
100,1.46E+08,1.78E+06,1145000,1145000,0,170800
100,1.46E+08,1.78E+06,1145000,1144999,0,170800
100,1.46E+08,1.79E+06,1145000,1145000,0,170850
100,1.46E+08,1.82E+06,1145000,1145000,0,171150
100,1.46E+08,1.78E+06,1145000,1145000,0,171150
100,1.46E+08,1.78E+06,1145000,1145000,0,171150
100,1.46E+08,1.78E+06,1145000,1145000,0,171350
100,1.46E+08,1.80E+06,1145000,1145000,0,171350
100,1.46E+08,1.80E+06,1145000,1145000,0,171350
100,1.46E+08,1.78E+06,1145000,1145000,0,171350
100,1.46E+08,1.78E+06,1145000,1145000,0,171350
100,1.46E+08,1.79E+06,1145000,1145000,0,171350
100,1.46E+08,1.78E+06,1145000,1145000,0,171350
100,1.46E+08,1.78E+06,1145000,1145000,0,171350
100,1.46E+08,1.78E+06,1145000,1145000,0,171350
100,1.46E+08,1.78E+06,1145000,1145000,0,171350
100,1.46E+08,1.78E+06,1145000,1145000,0,171350
100,1.46E+08,1.78E+06,1145000,1145000,0,171350
100,1.46E+08,1.80E+06,1145000,1145000,0,171350
100,1.46E+08,1.81E+06,1145000,1145000,0,171350
100,1.46E+08,1.78E+06,1145000,1145000,0,171350
100,1.46E+08,1.80E+06,1145000,1145000,0,172050
100,1.46E+08,1.78E+06,1145000,1145000,0,172050
100,1.46E+08,1.78E+06,1145000,1145000,0,172050
100,1.46E+08,1.83E+06,1145000,1145000,0,172950
100,1.46E+08,1.78E+06,1145000,1145000,0,173000
100,1.46E+08,1.78E+06,1145000,1145000,0,173000
100,1.46E+08,1.78E+06,1145000,1145000,0,173000
100,1.46E+08,1.78E+06,1145000,1145000,0,173700
100,1.46E+08,1.81E+06,1145000,1145000,0,173700
100,1.46E+08,1.78E+06,1145000,1145000,0,173850
100,1.46E+08,1.80E+06,1145000,1145000,0,173850
100,1.46E+08,1.80E+06,1145000,1145000,0,173850
100,1.46E+08,1.78E+06,1145000,1145000,0,173850
100,1.46E+08,1.78E+06,1145000,1145000,0,173850
100,1.46E+08,1.79E+06,1145000,1145000,0,173850
100,1.46E+08,1.78E+06,1145000,1145000,0,173850
100,1.46E+08,1.80E+06,1145000,1145000,0,173850
100,1.46E+08,1.78E+06,1145000,1145000,0,173850
100,1.46E+08,1.78E+06,1145000,1145000,0,173850
100,1.46E+08,1.81E+06,1145000,1145000,0,173850
100,1.46E+08,1.79E+06,1145000,1145000,0,173850
100,1.46E+08,1.78E+06,1145000,1145000,0,173850
100,1.46E+08,1.79E+06,1145000,1145000,0,173850
100,1.46E+08,1.78E+06,1145000,1145000,0,173850
100,1.46E+08,1.78E+06,1145000,1145000,0,173850
100,1.46E+08,1.78E+06,1145000,1145000,0,173850
100,1.46E+08,1.81E+06,1145000,1145000,0,173850
100,1.46E+08,1.80E+06,1145000,1145000,0,173850
100,1.46E+08,1.78E+06,1145000,1145000,0,173850
100,1.46E+08,1.78E+06,1145000,1145000,0,173850
100,1.46E+08,1.78E+06,1145000,1145000,0,173850
100,1.46E+08,1.79E+06,1145000,1145000,0,173850
100,1.46E+08,1.78E+06,1145000,1145000,0,173850
100,1.46E+08,1.78E+06,1145000,1145000,0,173850
100,1.46E+08,1.78E+06,1145000,1145000,0,173850
100,1.46E+08,1.80E+06,1145000,1145000,0,173850
100,1.46E+08,1.79E+06,1145000,1145000,0,173850
100,1.46E+08,1.78E+06,1145000,1145000,0,173850
100,1.46E+08,1.79E+06,1145000,1145000,0,173850
100,1.46E+08,1.78E+06,1145000,1145000,0,173850
100,1.46E+08,1.78E+06,1145000,1145000,0,174850
100,1.46E+08,1.81E+06,1145000,1145000,0,174850
100,1.46E+08,1.78E+06,1145000,1145000,0,174850
100,1.46E+08,1.80E+06,1145000,1145000,0,174850
100,1.46E+08,1.78E+06,1145000,1145000,0,175250
100,1.46E+08,1.78E+06,1145000,1145000,0,175250
100,1.46E+08,1.78E+06,1145000,1145000,0,175250
100,1.46E+08,1.81E+06,1145000,1145000,0,175250
100,1.46E+08,1.78E+06,1145000,1145000,0,175250
100,1.46E+08,1.79E+06,1145000,1145000,0,175250
100,1.46E+08,1.79E+06,1145000,1145000,0,175250
100,1.46E+08,1.81E+06,1145000,1145000,0,175250
100,1.46E+08,1.78E+06,1145000,1145000,0,175250
100,1.46E+08,1.78E+06,1145000,1145000,0,175250
100,1.46E+08,1.78E+06,1145000,1145000,0,175250
100,1.46E+08,1.78E+06,1145000,1145000,0,175250
100,1.46E+08,1.80E+06,1145000,1145000,0,175250
100,1.46E+08,1.78E+06,1145000,1145000,0,175250
100,1.46E+08,1.80E+06,1145000,1145000,0,175250
100,1.46E+08,1.80E+06,1145000,1145000,0,175250
100,1.46E+08,1.81E+06,1145000,1145000,0,175250
100,1.46E+08,1.79E+06,1145000,1145000,0,175250
100,1.46E+08,1.78E+06,1145000,1145000,0,175250
100,1.46E+08,1.78E+06,1145000,1145000,0,175250
100,1.47E+08,1.78E+06,1145000,1145000,0,176000
100,1.47E+08,1.78E+06,1145000,1145000,0,176000
100,1.47E+08,1.79E+06,1145000,1145000,0,176000
100,1.47E+08,1.79E+06,1145000,1145000,0,176000
100,1.47E+08,1.78E+06,1145000,1145000,0,176000
100,1.47E+08,1.78E+06,1145000,1145000,0,176000
100,1.47E+08,1.78E+06,1145000,1145000,0,176000
100,1.47E+08,1.78E+06,1145000,1145000,0,176000
100,1.47E+08,1.81E+06,1145000,1145000,0,176000
100,1.47E+08,1.81E+06,1145000,1145000,0,176000
100,1.47E+08,1.78E+06,1145000,1145000,0,176000
100,1.47E+08,1.78E+06,1145000,1145000,0,176000
100,1.47E+08,1.78E+06,1145000,1145000,0,176000
100,1.47E+08,1.78E+06,1145000,1145000,0,176000
100,1.47E+08,1.78E+06,1145000,1145000,0,176000
100,1.47E+08,1.82E+06,1145000,1145000,0,176000
100,1.47E+08,1.78E+06,1145000,1145000,0,176000
100,1.47E+08,1.78E+06,1145000,1145000,0,176000
100,1.47E+08,1.80E+06,1145000,1145000,0,176000
100,1.47E+08,1.78E+06,1145000,1145000,0,176000
100,1.47E+08,1.78E+06,1145000,1145000,0,176000
100,1.47E+08,1.78E+06,1145000,1145000,0,176000
100,1.47E+08,1.78E+06,1145000,1145000,0,176000
100,1.47E+08,1.78E+06,1145000,1145000,0,176000
100,1.47E+08,1.78E+06,1145000,1145000,0,176000
100,1.47E+08,1.78E+06,1145000,1145000,0,176000
100,1.47E+08,1.79E+06,1145000,1145000,0,176000
100,1.47E+08,1.78E+06,1145000,1145000,0,176000
100,1.47E+08,1.80E+06,1145000,1145000,0,176000
100,1.47E+08,1.81E+06,1145000,1145000,0,176000
100,1.47E+08,1.80E+06,1145000,1145000,0,176000
100,1.47E+08,1.81E+06,1145000,1145000,0,176000
100,1.47E+08,1.82E+06,1145000,1145000,0,176000
100,1.47E+08,1.78E+06,1145000,1145000,0,176000
100,1.47E+08,1.80E+06,1145000,1145000,0,176000
100,1.47E+08,1.78E+06,1145000,1145000,0,176000
100,1.47E+08,1.80E+06,1145000,1145000,0,176000
100,1.47E+08,1.78E+06,1145000,1145000,0,176000
100,1.47E+08,1.79E+06,1145000,1145000,0,176000
100,1.47E+08,1.80E+06,1145000,1145000,0,176200
100,1.47E+08,1.78E+06,1145000,1145000,0,176200
100,1.47E+08,1.81E+06,1145000,1145000,0,176200
100,1.47E+08,1.78E+06,1145000,1145000,0,176350
100,1.47E+08,1.78E+06,1145000,1145000,0,176350
100,1.47E+08,1.78E+06,1145000,1145000,0,176350
100,1.47E+08,1.78E+06,1145000,1145000,0,176350
100,1.47E+08,1.78E+06,1145000,1145000,0,176350
100,1.47E+08,1.78E+06,1145000,1145000,0,176350
100,1.47E+08,1.79E+06,1145000,1145000,0,176350
100,1.47E+08,1.85E+06,1145000,1145000,0,176350
100,1.47E+08,1.78E+06,1145000,1145000,0,176350
100,1.47E+08,1.78E+06,1145000,1145000,0,176350
100,1.47E+08,1.78E+06,1145000,1145000,0,176350
100,1.47E+08,1.81E+06,1145000,1145000,0,176350
100,1.47E+08,1.78E+06,1145000,1145000,0,176350
100,1.47E+08,1.81E+06,1145000,1145000,0,176350
100,1.47E+08,1.78E+06,1145000,1145000,0,176350
100,1.47E+08,1.79E+06,1145000,1145000,0,176350
100,1.47E+08,1.78E+06,1145000,1145000,0,176350
100,1.47E+08,1.79E+06,1145000,1145000,0,176350
100,1.47E+08,1.80E+06,1145000,1145000,0,176350
100,1.47E+08,1.78E+06,1145000,1145000,0,176350
100,1.47E+08,1.80E+06,1145000,1145000,0,176350
100,1.47E+08,1.78E+06,1145000,1145000,0,176350
100,1.47E+08,1.79E+06,1145000,1145000,0,176350
100,1.47E+08,1.79E+06,1145000,1145000,0,176350
100,1.47E+08,1.78E+06,1145000,1145000,0,176350
100,1.47E+08,1.78E+06,1145000,1145000,0,176350
100,1.47E+08,1.78E+06,1145000,1145000,0,176350
100,1.47E+08,1.79E+06,1145000,1145000,0,176350
100,1.47E+08,1.78E+06,1145000,1145000,0,176350
100,1.47E+08,1.78E+06,1145000,1145000,0,176850
100,1.47E+08,1.78E+06,1145000,1145000,0,176850
100,1.47E+08,1.78E+06,1145000,1145000,0,176850
100,1.47E+08,1.80E+06,1145000,1145000,0,176850
100,1.47E+08,1.79E+06,1145000,1145000,0,176850
100,1.47E+08,1.78E+06,1145000,1145000,0,176850
100,1.47E+08,1.78E+06,1145000,1145000,0,176850
100,1.47E+08,1.78E+06,1145000,1145000,0,176850
100,1.47E+08,1.79E+06,1145000,1145000,0,176850
100,1.47E+08,1.78E+06,1145000,1145000,0,176850
100,1.47E+08,1.80E+06,1145000,1145000,0,176850
100,1.47E+08,1.78E+06,1145000,1145000,0,176850
100,1.47E+08,1.78E+06,1145000,1145000,0,176850
100,1.47E+08,1.78E+06,1145000,1145000,0,176850
100,1.47E+08,1.78E+06,1145000,1145000,0,176850
100,1.47E+08,1.78E+06,1145000,1145000,0,176850
100,1.47E+08,1.78E+06,1145000,1145000,0,176850
100,1.47E+08,1.80E+06,1145000,1145000,0,176850
100,1.47E+08,1.78E+06,1145000,1145000,0,176850
100,1.47E+08,1.78E+06,1145000,1145000,0,176850
100,1.47E+08,1.78E+06,1145000,1145000,0,176850
100,1.47E+08,1.78E+06,1145000,1145000,0,176850
100,1.47E+08,1.78E+06,1145000,1145000,0,176850
100,1.47E+08,1.78E+06,1145000,1145000,0,176850
100,1.47E+08,1.81E+06,1145000,1145000,0,176850
100,1.47E+08,1.78E+06,1145000,1145000,0,176850
100,1.47E+08,1.78E+06,1145000,1145000,0,176850
100,1.47E+08,1.78E+06,1145000,1145000,0,176850
100,1.47E+08,1.78E+06,1145000,1145000,0,176850
100,1.47E+08,1.80E+06,1145000,1145000,0,176850
100,1.47E+08,1.78E+06,1145000,1145000,0,176850
100,1.47E+08,1.79E+06,1145000,1145000,0,177000
100,1.47E+08,1.78E+06,1145000,1145000,0,177100
100,1.47E+08,1.78E+06,1145000,1145000,0,177100
100,1.47E+08,1.78E+06,1145000,1145000,0,177100
100,1.47E+08,1.78E+06,1145000,1145000,0,177100
100,1.47E+08,1.78E+06,1145000,1145000,0,177100
100,1.47E+08,1.80E+06,1145000,1145000,0,177100
100,1.47E+08,1.79E+06,1145000,1145000,0,177100
100,1.47E+08,1.79E+06,1145000,1145000,0,177100
100,1.47E+08,1.78E+06,1145000,1145000,0,177100
100,1.47E+08,1.79E+06,1145000,1145000,0,177100
100,1.47E+08,1.78E+06,1145000,1145000,0,177100
100,1.47E+08,1.78E+06,1145000,1145000,0,177100
100,1.47E+08,1.78E+06,1145000,1145000,0,177100
100,1.47E+08,1.78E+06,1145000,1145000,0,177100
100,1.47E+08,1.78E+06,1145000,1145000,0,177100
100,1.47E+08,1.78E+06,1145000,1145000,0,177100
100,1.47E+08,1.78E+06,1145000,1145000,0,177100
100,1.47E+08,1.79E+06,1145000,1145000,0,177150
100,1.47E+08,1.79E+06,1145000,1145000,0,177150
100,1.47E+08,1.80E+06,1145000,1145000,0,177150
100,1.47E+08,1.79E+06,1145000,1145000,0,177150
100,1.47E+08,1.81E+06,1145000,1145000,0,177150
100,1.47E+08,1.84E+06,1145000,1145000,0,177150
100,1.47E+08,1.78E+06,1145000,1145000,0,177150
100,1.47E+08,1.78E+06,1145000,1145000,0,177150
100,1.47E+08,1.78E+06,1145000,1145000,0,177150
100,1.47E+08,1.78E+06,1145000,1145000,0,177150
100,1.47E+08,1.79E+06,1145000,1145000,0,177150
100,1.47E+08,1.78E+06,1145000,1145000,0,177150
100,1.47E+08,1.78E+06,1145000,1145000,0,177150
100,1.47E+08,1.78E+06,1145000,1145000,0,177150
100,1.47E+08,1.78E+06,1145000,1145000,0,177150
100,1.47E+08,1.78E+06,1145000,1145000,0,177150
100,1.47E+08,1.78E+06,1145000,1145000,0,177150
100,1.47E+08,1.78E+06,1145000,1145000,0,177150
100,1.47E+08,1.78E+06,1145000,1145000,0,177150
100,1.47E+08,1.78E+06,1145000,1145000,0,177150
100,1.47E+08,1.78E+06,1145000,1145000,0,177150
100,1.47E+08,1.78E+06,1145000,1145000,0,177150
100,1.47E+08,1.78E+06,1145000,1145000,0,177150
100,1.47E+08,1.79E+06,1145000,1145000,0,177150
100,1.47E+08,1.78E+06,1145000,1145000,0,177150
100,1.47E+08,1.78E+06,1145000,1145000,0,177150
100,1.47E+08,1.79E+06,1145000,1145000,0,177300
100,1.47E+08,1.78E+06,1145000,1145000,0,177300
100,1.47E+08,1.78E+06,1145000,1145000,0,177300
100,1.47E+08,1.78E+06,1145000,1145000,0,177300
100,1.47E+08,1.79E+06,1145000,1145000,0,177300
100,1.47E+08,1.80E+06,1145000,1145000,0,177300
100,1.47E+08,1.79E+06,1145000,1145000,0,177300
100,1.47E+08,1.79E+06,1145000,1145000,0,177300
100,1.47E+08,1.78E+06,1145000,1145000,0,177300
100,1.47E+08,1.78E+06,1145000,1145000,0,177300
100,1.47E+08,1.78E+06,1145000,1145000,0,177300
100,1.47E+08,1.80E+06,1145000,1145000,0,177300
100,1.47E+08,1.79E+06,1145000,1145000,0,177300
100,1.47E+08,1.78E+06,1145000,1145000,0,177300
100,1.47E+08,1.81E+06,1145000,1145000,0,177300
100,1.47E+08,1.78E+06,1145000,1145000,0,177300
100,1.47E+08,1.78E+06,1145000,1145000,0,177300
100,1.47E+08,1.81E+06,1145000,1145000,0,177300
100,1.47E+08,1.78E+06,1145000,1145000,0,177300
100,1.47E+08,1.79E+06,1145000,1145000,0,177300
100,1.47E+08,1.81E+06,1145000,1145000,0,177300
100,1.47E+08,1.78E+06,1145000,1145000,0,177300
100,1.47E+08,1.78E+06,1145000,1145000,0,177300
100,1.47E+08,1.81E+06,1145000,1145000,0,177300
100,1.47E+08,1.78E+06,1145000,1145000,0,177300
100,1.47E+08,1.82E+06,1145000,1145000,0,177300
100,1.47E+08,1.78E+06,1145000,1145000,0,177300
100,1.47E+08,1.81E+06,1145000,1145000,0,177300
100,1.47E+08,1.78E+06,1145000,1145000,0,177300
100,1.47E+08,1.78E+06,1145000,1145000,0,177300
100,1.47E+08,1.78E+06,1145000,1145000,0,177300
100,1.47E+08,1.79E+06,1145000,1145000,0,177300
100,1.47E+08,1.81E+06,1145000,1145000,0,177300
100,1.47E+08,1.78E+06,1145000,1145000,0,177300
100,1.47E+08,1.79E+06,1145000,1145000,0,177300
100,1.47E+08,1.78E+06,1145000,1145000,0,177300
100,1.47E+08,1.80E+06,1145000,1145000,0,177400
100,1.47E+08,1.80E+06,1145000,1145000,0,177400
100,1.47E+08,1.82E+06,1145000,1145000,0,177400
100,1.47E+08,1.78E+06,1145000,1145000,0,177400
100,1.47E+08,1.78E+06,1145000,1145000,0,177400
100,1.47E+08,1.78E+06,1145000,1145000,0,177400
100,1.47E+08,1.79E+06,1145000,1145000,0,177400
100,1.47E+08,1.78E+06,1145000,1145000,0,177400
100,1.47E+08,1.78E+06,1145000,1145000,0,177400
100,1.47E+08,1.78E+06,1145000,1145000,0,177750
100,1.47E+08,1.79E+06,1145000,1145000,0,177750
100,1.47E+08,1.80E+06,1145000,1145000,0,177750
100,1.47E+08,1.80E+06,1145000,1145000,0,177750
100,1.47E+08,1.78E+06,1145000,1145000,0,177750
100,1.47E+08,1.78E+06,1145000,1145000,0,177750
100,1.47E+08,1.80E+06,1145000,1145000,0,177750
100,1.47E+08,1.79E+06,1145000,1145000,0,177750
100,1.47E+08,1.78E+06,1145000,1145000,0,177750
100,1.47E+08,1.78E+06,1145000,1145000,0,177750
100,1.47E+08,1.78E+06,1145000,1145000,0,177750
100,1.47E+08,1.78E+06,1145000,1145000,0,177750
100,1.47E+08,1.82E+06,1145000,1145000,0,177750
100,1.47E+08,1.78E+06,1145000,1145000,0,177750
100,1.47E+08,1.78E+06,1145000,1145000,0,177750
100,1.47E+08,1.79E+06,1145000,1145000,0,177750
100,1.47E+08,1.78E+06,1145000,1145000,0,177750
100,1.47E+08,1.81E+06,1145000,1145000,0,177750
100,1.47E+08,1.78E+06,1145000,1145000,0,177750
100,1.47E+08,1.78E+06,1145000,1145000,0,177750
100,1.47E+08,1.79E+06,1145000,1145000,0,177750
100,1.47E+08,1.78E+06,1145000,1145000,0,177750
100,1.47E+08,1.80E+06,1145000,1145000,0,177750
100,1.47E+08,1.78E+06,1145000,1145000,0,177750
100,1.47E+08,1.78E+06,1145000,1145000,0,177750
100,1.47E+08,1.78E+06,1145000,1145000,0,177750
100,1.47E+08,1.78E+06,1145000,1145000,0,178050
100,1.47E+08,1.78E+06,1145000,1145000,0,178050
100,1.47E+08,1.78E+06,1145000,1145000,0,178050
100,1.47E+08,1.78E+06,1145000,1145000,0,178050
100,1.47E+08,1.78E+06,1145000,1145000,0,178050
100,1.47E+08,1.79E+06,1145000,1145000,0,178050
100,1.47E+08,1.78E+06,1145000,1145000,0,178050
100,1.47E+08,1.78E+06,1145000,1145000,0,178050
100,1.47E+08,1.78E+06,1145000,1145000,0,178050
100,1.47E+08,1.78E+06,1145000,1145000,0,178050
100,1.47E+08,1.78E+06,1145000,1145000,0,178250
100,1.47E+08,1.78E+06,1145000,1145000,0,178250
100,1.47E+08,1.78E+06,1145000,1145000,0,178250
100,1.47E+08,1.78E+06,1145000,1145000,0,178250
100,1.47E+08,1.78E+06,1145000,1145000,0,178250
100,1.47E+08,1.78E+06,1145000,1145000,0,178250
100,1.47E+08,1.80E+06,1145000,1145000,0,178250
100,1.47E+08,1.78E+06,1145000,1145000,0,178250
100,1.47E+08,1.81E+06,1145000,1145000,0,178250
100,1.47E+08,1.78E+06,1145000,1145000,0,178400
100,1.47E+08,1.78E+06,1145000,1145000,0,178400
100,1.47E+08,1.78E+06,1145000,1145000,0,178400
100,1.47E+08,1.81E+06,1145000,1145000,0,178400
100,1.47E+08,1.78E+06,1145000,1145000,0,178400
100,1.47E+08,1.83E+06,1145000,1145000,0,178400
100,1.47E+08,1.78E+06,1145000,1145000,0,178400
100,1.47E+08,1.79E+06,1145000,1145000,0,178400
100,1.47E+08,1.79E+06,1145000,1145000,0,178400
100,1.47E+08,1.80E+06,1145000,1145000,0,178400
100,1.47E+08,1.78E+06,1145000,1145000,0,178400
100,1.47E+08,1.78E+06,1145000,1145000,0,178400
100,1.47E+08,1.78E+06,1145000,1145000,0,178400
100,1.47E+08,1.78E+06,1145000,1145000,0,178400
100,1.47E+08,1.78E+06,1145000,1145000,0,178400
100,1.47E+08,1.79E+06,1145000,1145000,0,178400
100,1.47E+08,1.78E+06,1145000,1145000,0,178400
100,1.47E+08,1.78E+06,1145000,1145000,0,178400
100,1.47E+08,1.79E+06,1145000,1145000,0,178400
100,1.47E+08,1.78E+06,1145000,1145000,0,178400
100,1.47E+08,1.79E+06,1145000,1145000,0,178400
100,1.47E+08,1.78E+06,1145000,1145000,0,178400
100,1.47E+08,1.78E+06,1145000,1145000,0,178400
100,1.47E+08,1.78E+06,1145000,1145000,0,178400
100,1.47E+08,1.78E+06,1145000,1145000,0,178800
100,1.47E+08,1.78E+06,1145000,1145000,0,178800
100,1.47E+08,1.78E+06,1145000,1145000,0,178800
100,1.47E+08,1.80E+06,1145000,1145000,0,178800
100,1.47E+08,1.78E+06,1145000,1145000,0,178800
100,1.47E+08,1.78E+06,1145000,1145000,0,178800
100,1.47E+08,1.78E+06,1145000,1145000,0,178800
100,1.47E+08,1.81E+06,1145000,1145000,0,178800
100,1.47E+08,1.78E+06,1145000,1145000,0,178800
100,1.47E+08,1.79E+06,1145000,1145000,0,178800
100,1.47E+08,1.78E+06,1145000,1145000,0,178800
100,1.47E+08,1.78E+06,1145000,1145000,0,178800
100,1.47E+08,1.78E+06,1145000,1145000,0,178800
100,1.47E+08,1.78E+06,1145000,1145000,0,178800
100,1.47E+08,1.79E+06,1145000,1145000,0,178800
100,1.47E+08,1.78E+06,1145000,1145000,0,178800
100,1.47E+08,1.78E+06,1145000,1145000,0,178800
100,1.47E+08,1.80E+06,1145000,1145000,0,178800
100,1.47E+08,1.78E+06,1145000,1145000,0,178800
100,1.47E+08,1.78E+06,1145000,1145000,0,178800
100,1.47E+08,1.80E+06,1145000,1145000,0,178800
100,1.47E+08,1.78E+06,1145000,1145000,0,178800
100,1.47E+08,1.79E+06,1145000,1145000,0,178800
100,1.47E+08,1.78E+06,1145000,1145000,0,178800
100,1.47E+08,1.79E+06,1145000,1145000,0,178800
100,1.47E+08,1.82E+06,1145000,1145000,0,178800
100,1.47E+08,1.81E+06,1145000,1145000,0,178800
100,1.47E+08,1.78E+06,1145000,1145000,0,178800
100,1.47E+08,1.78E+06,1145000,1145000,0,178800
100,1.47E+08,1.78E+06,1145000,1145000,0,178800
100,1.47E+08,1.78E+06,1145000,1145000,0,178800
100,1.47E+08,1.78E+06,1145000,1145000,0,178800
100,1.47E+08,1.78E+06,1145000,1145000,0,178800
100,1.47E+08,1.80E+06,1145000,1145000,0,178800
100,1.47E+08,1.81E+06,1145000,1145000,0,178800
100,1.47E+08,1.78E+06,1145000,1145000,0,178800
100,1.47E+08,1.78E+06,1145000,1145000,0,178800
100,1.47E+08,1.78E+06,1145000,1145000,0,178800
100,1.47E+08,1.78E+06,1145000,1145000,0,178800
100,1.47E+08,1.80E+06,1145000,1145000,0,178800
100,1.47E+08,1.79E+06,1145000,1145000,0,178800
100,1.47E+08,1.78E+06,1145000,1145000,0,178800
100,1.47E+08,1.82E+06,1145000,1145000,0,178800
100,1.47E+08,1.78E+06,1145000,1145000,0,178800
100,1.47E+08,1.81E+06,1145000,1145000,0,178800
100,1.47E+08,1.81E+06,1145000,1145000,0,178800
100,1.47E+08,1.78E+06,1145000,1145000,0,178800
100,1.47E+08,1.79E+06,1145000,1145000,0,178800
100,1.47E+08,1.78E+06,1145000,1145000,0,178800
100,1.47E+08,1.78E+06,1145000,1145000,0,178800
100,1.47E+08,1.78E+06,1145000,1145000,0,178800
100,1.47E+08,1.78E+06,1145000,1145000,0,178800
100,1.47E+08,1.78E+06,1145000,1145000,0,178900
100,1.47E+08,1.79E+06,1145000,1145000,0,178900
100,1.47E+08,1.78E+06,1145000,1145000,0,178900
100,1.47E+08,1.78E+06,1145000,1145000,0,178900
100,1.47E+08,1.78E+06,1145000,1145000,0,178900
100,1.47E+08,1.78E+06,1145000,1145000,0,178900
100,1.47E+08,1.78E+06,1145000,1145000,0,178900
100,1.47E+08,1.80E+06,1145000,1145000,0,178900
100,1.47E+08,1.78E+06,1145000,1145000,0,178900
100,1.47E+08,1.78E+06,1145000,1145000,0,178900
100,1.47E+08,1.78E+06,1145000,1145000,0,178900
100,1.47E+08,1.78E+06,1145000,1145000,0,178900
100,1.43E+08,1.79E+06,1145003,1145002,0,163550
100,1.43E+08,1.79E+06,1145004,1145007,0,163550
100,1.40E+08,1.78E+06,1145009,1145005,0,152950
100,1.41E+08,1.78E+06,1145024,1145021,0,156400
100,1.45E+08,1.80E+06,1145033,1145030,0,168650
100,1.36E+08,1.78E+06,1145036,1145040,0,139300
100,1.38E+08,1.78E+06,1145041,1145039,0,147900
100,1.46E+08,1.80E+06,1145041,1145041,0,173850
100,1.36E+08,1.78E+06,1145043,1145043,0,139300
100,1.47E+08,1.86E+06,1145045,1145045,0,178800
100,1.47E+08,1.78E+06,1145048,1145048,0,176850
100,1.47E+08,1.79E+06,1145048,1145050,0,178400
100,1.47E+08,1.78E+06,1145055,1145058,0,176850
100,1.43E+08,1.80E+06,1145063,1145063,0,163550
100,1.40E+08,1.80E+06,1145070,1145072,0,154300
100,1.47E+08,1.78E+06,1145087,1145087,0,177100
100,1.40E+08,1.78E+06,1145089,1145089,0,154300
100,1.38E+08,1.81E+06,1145092,1145092,0,147200
100,1.47E+08,1.80E+06,1145107,1145109,0,177300
100,1.45E+08,1.78E+06,1145116,1145116,0,169800
100,1.47E+08,1.78E+06,1145126,1145126,0,177400
100,1.47E+08,1.78E+06,1145134,1145134,0,177300
100,1.47E+08,1.78E+06,1145142,1145142,0,176350
100,1.39E+08,1.78E+06,1145151,1145151,0,151950
100,1.46E+08,1.79E+06,1145165,1145162,0,170800
100,1.45E+08,1.78E+06,1145172,1145174,0,167500
100,1.36E+08,1.78E+06,1145176,1145173,0,139750
100,1.36E+08,1.78E+06,1145183,1145180,0,141300
100,1.45E+08,1.78E+06,1145195,1145195,0,169800
100,1.36E+08,1.84E+06,1145197,1145199,0,139200
100,1.47E+08,1.78E+06,1145199,1145199,0,178400
100,1.38E+08,1.78E+06,1145214,1145214,0,147900
100,1.47E+08,1.78E+06,1145217,1145217,0,176850
100,1.45E+08,1.79E+06,1145227,1145225,0,169400
100,1.36E+08,1.78E+06,1145241,1145241,0,139300
100,1.47E+08,1.79E+06,1145265,1145265,0,176350
100,1.43E+08,1.78E+06,1145266,1145266,0,163550
100,1.43E+08,1.78E+06,1145266,1145269,0,163550
100,1.39E+08,1.78E+06,1145267,1145268,0,150650
100,1.43E+08,1.79E+06,1145277,1145279,0,160150
100,1.46E+08,1.78E+06,1145301,1145299,0,175250
100,1.46E+08,1.78E+06,1145303,1145304,0,173850
100,1.39E+08,1.79E+06,1145327,1145326,0,150400
100,1.47E+08,1.78E+06,1145328,1145327,0,176000
100,1.36E+08,1.78E+06,1145331,1145330,0,142750
100,1.39E+08,1.78E+06,1145338,1145338,0,150400
100,1.43E+08,1.78E+06,1145338,1145338,0,163700
100,1.45E+08,1.78E+06,1145339,1145340,0,168750
100,1.46E+08,1.78E+06,1145347,1145348,0,170800
100,1.39E+08,1.78E+06,1145365,1145363,0,149500
100,1.47E+08,1.78E+06,1145375,1145371,0,176350
100,1.47E+08,1.78E+06,1145377,1145378,0,178400
100,1.40E+08,1.78E+06,1145385,1145385,0,153050
100,1.39E+08,1.85E+06,1145387,1145385,0,150050
100,1.36E+08,1.78E+06,1145403,1145403,0,139650
100,1.44E+08,1.78E+06,1145404,1145404,0,165350
100,1.43E+08,1.79E+06,1145407,1145407,0,163550
100,1.46E+08,1.78E+06,1145410,1145410,0,173200
100,1.46E+08,1.78E+06,1145420,1145419,0,173200
100,1.47E+08,1.78E+06,1145424,1145424,0,177400
100,1.36E+08,1.78E+06,1145426,1145425,0,142000
100,1.39E+08,1.78E+06,1145431,1145431,0,151950
100,1.46E+08,1.81E+06,1145453,1145453,0,173000
100,1.36E+08,1.78E+06,1145458,1145457,0,139300
100,1.40E+08,1.80E+06,1145458,1145457,0,154050
100,1.43E+08,1.79E+06,1145459,1145459,0,163250
100,1.40E+08,1.78E+06,1145470,1145469,0,154050
100,1.46E+08,1.78E+06,1145473,1145472,0,170800
100,1.36E+08,1.83E+06,1145474,1145474,0,139300
100,1.40E+08,1.78E+06,1145474,1145474,0,152950
100,1.45E+08,1.78E+06,1145476,1145475,0,170800
100,1.45E+08,1.78E+06,1145481,1145480,0,170800
100,1.40E+08,1.78E+06,1145482,1145482,0,154050
100,1.47E+08,1.78E+06,1145488,1145487,0,177300
100,1.43E+08,1.78E+06,1145491,1145491,0,160050
100,1.46E+08,1.78E+06,1145499,1145500,0,173850
100,1.40E+08,1.78E+06,1145500,1145500,0,152950
100,1.39E+08,1.78E+06,1145507,1145508,0,150400
100,1.39E+08,1.78E+06,1145508,1145508,0,150650
100,1.47E+08,1.78E+06,1145514,1145513,0,176350
100,1.36E+08,1.78E+06,1145518,1145519,0,139650
100,1.36E+08,1.78E+06,1145541,1145541,0,139650
100,1.41E+08,1.78E+06,1145547,1145547,0,157900
100,1.46E+08,1.78E+06,1145549,1145549,0,173850
100,1.46E+08,1.78E+06,1145560,1145560,0,173850
100,1.36E+08,1.78E+06,1145563,1145557,0,142750
100,1.36E+08,1.78E+06,1145564,1145564,0,139300
100,1.46E+08,1.78E+06,1145564,1145564,0,170800
100,1.47E+08,1.82E+06,1145569,1145569,0,178800
100,1.41E+08,1.78E+06,1145572,1145572,0,156700
100,1.45E+08,1.78E+06,1145577,1145575,0,169400
100,1.47E+08,1.78E+06,1145579,1145579,0,177100
100,1.39E+08,1.80E+06,1145586,1145586,0,151950
100,1.45E+08,1.78E+06,1145594,1145594,0,168750
100,1.47E+08,1.80E+06,1145609,1145609,0,177300
100,1.43E+08,1.80E+06,1145635,1145631,0,162150
100,1.43E+08,1.78E+06,1145640,1145640,0,163550
100,1.47E+08,1.78E+06,1145641,1145641,0,178400
100,1.46E+08,1.78E+06,1145646,1145646,0,170800
100,1.47E+08,1.78E+06,1145652,1145651,0,178800
100,1.44E+08,1.82E+06,1145663,1145662,0,165500
100,1.47E+08,1.78E+06,1145663,1145663,0,178800
100,1.39E+08,1.78E+06,1145667,1145668,0,151350
100,1.47E+08,1.79E+06,1145672,1145673,0,178800
100,1.40E+08,1.78E+06,1145674,1145673,0,155250
100,1.46E+08,1.78E+06,1145679,1145679,0,175250
100,1.47E+08,1.78E+06,1145679,1145679,0,176350
100,1.45E+08,1.78E+06,1145684,1145682,0,167650
100,1.47E+08,1.82E+06,1145703,1145696,0,176850
100,1.39E+08,1.78E+06,1145705,1145705,0,151950
100,1.36E+08,1.78E+06,1145706,1145706,0,139300
100,1.47E+08,1.78E+06,1145707,1145707,0,176850
100,1.47E+08,1.80E+06,1145711,1145713,0,177300
100,1.43E+08,1.79E+06,1145718,1145717,0,163250
100,1.45E+08,1.78E+06,1145720,1145720,0,168650
100,1.47E+08,1.78E+06,1145732,1145733,0,177300
100,1.40E+08,1.78E+06,1145743,1145742,0,154300
100,1.47E+08,1.78E+06,1145747,1145749,0,176000
100,1.38E+08,1.78E+06,1145761,1145761,0,147200
100,1.47E+08,1.78E+06,1145772,1145772,0,176850
100,1.42E+08,1.78E+06,1145774,1145774,0,159600
100,1.36E+08,1.78E+06,1145779,1145774,0,139650
100,1.36E+08,1.78E+06,1145798,1145799,0,139650
100,1.47E+08,1.80E+06,1145799,1145799,0,177150
100,1.41E+08,1.81E+06,1145800,1145799,0,155450
100,1.47E+08,1.78E+06,1145800,1145801,0,178400
100,1.39E+08,1.78E+06,1145803,1145802,0,151950
100,1.36E+08,1.78E+06,1145839,1145840,0,139300
100,1.45E+08,1.80E+06,1145841,1145843,0,169400
100,1.47E+08,1.78E+06,1145842,1145842,0,176850
100,1.47E+08,1.79E+06,1145847,1145848,0,177300
100,1.47E+08,1.78E+06,1145850,1145850,0,177100
100,1.44E+08,1.80E+06,1145855,1145854,0,165350
100,1.40E+08,1.81E+06,1145860,1145861,0,154050
100,1.45E+08,1.78E+06,1145861,1145864,0,168750
100,1.36E+08,1.78E+06,1145868,1145868,0,139650
100,1.46E+08,1.83E+06,1145874,1145874,0,173850
100,1.40E+08,1.78E+06,1145885,1145885,0,154050
100,1.47E+08,1.83E+06,1145890,1145889,0,177100
100,1.47E+08,1.78E+06,1145893,1145890,0,177150
100,1.36E+08,1.78E+06,1145902,1145905,0,139300
100,1.44E+08,1.78E+06,1145913,1145913,0,165350
100,1.42E+08,1.80E+06,1145924,1145924,0,158900
100,1.47E+08,1.78E+06,1145928,1145933,0,178400
100,1.36E+08,1.78E+06,1145930,1145930,0,139300
100,1.47E+08,1.78E+06,1145942,1145942,0,176850
100,1.36E+08,1.78E+06,1145953,1145953,0,142000
100,1.36E+08,1.78E+06,1145960,1145960,0,139300
100,1.36E+08,1.78E+06,1145967,1145967,0,139550
100,1.43E+08,1.79E+06,1145976,1145976,0,163550
100,1.36E+08,1.78E+06,1145979,1145980,0,139300
100,1.47E+08,1.80E+06,1145988,1145988,0,178400
100,1.38E+08,1.79E+06,1145992,1145992,0,147900
100,1.45E+08,1.79E+06,1146013,1146009,0,169800
100,1.39E+08,1.80E+06,1146017,1146018,0,150900
100,1.45E+08,1.81E+06,1146028,1146027,0,168750
100,1.47E+08,1.80E+06,1146031,1146028,0,177100
100,1.36E+08,1.78E+06,1146044,1146044,0,139550
100,1.36E+08,1.81E+06,1146049,1146047,0,139300
100,1.43E+08,1.78E+06,1146055,1146055,0,160050
100,1.41E+08,1.78E+06,1146071,1146071,0,157850
100,1.41E+08,1.78E+06,1146081,1146081,0,156600
100,1.36E+08,1.78E+06,1146089,1146089,0,139300
100,1.46E+08,1.82E+06,1146102,1146101,0,172050
100,1.36E+08,1.78E+06,1146106,1146106,0,139300
100,1.36E+08,1.78E+06,1146106,1146106,0,142050
100,1.46E+08,1.78E+06,1146107,1146108,0,170850
100,1.46E+08,1.78E+06,1146114,1146114,0,173850
100,1.38E+08,1.78E+06,1146117,1146117,0,147200
100,1.47E+08,1.78E+06,1146128,1146128,0,178400
100,1.47E+08,1.80E+06,1146134,1146134,0,176350
100,1.40E+08,1.78E+06,1146144,1146143,0,154050
100,1.45E+08,1.78E+06,1146147,1146147,0,168700
100,1.39E+08,1.78E+06,1146161,1146161,0,151950
100,1.45E+08,1.82E+06,1146174,1146173,0,168650
100,1.41E+08,1.80E+06,1146176,1146177,0,156300
100,1.36E+08,1.78E+06,1146180,1146179,0,139550
100,1.47E+08,1.80E+06,1146184,1146185,0,177300
100,1.36E+08,1.78E+06,1146186,1146185,0,139300
100,1.42E+08,1.78E+06,1146195,1146196,0,159600
100,1.36E+08,1.78E+06,1146197,1146197,0,139650
100,1.46E+08,1.82E+06,1146197,1146193,0,170800
100,1.47E+08,1.78E+06,1146211,1146211,0,177100
100,1.45E+08,1.79E+06,1146213,1146213,0,168750
100,1.36E+08,1.78E+06,1146220,1146220,0,139550
100,1.46E+08,1.78E+06,1146230,1146232,0,173850
100,1.39E+08,1.78E+06,1146240,1146240,0,150400
100,1.47E+08,1.86E+06,1146244,1146242,0,177300
100,1.36E+08,1.78E+06,1146249,1146249,0,139300
100,1.36E+08,1.78E+06,1146251,1146251,0,139300
100,1.39E+08,1.78E+06,1146254,1146252,0,149300
100,1.43E+08,1.78E+06,1146257,1146257,0,163250
100,1.47E+08,1.78E+06,1146262,1146263,0,177300
100,1.36E+08,1.78E+06,1146280,1146280,0,139550
100,1.39E+08,1.79E+06,1146281,1146280,0,151950
100,1.47E+08,1.79E+06,1146282,1146282,0,176850
100,1.47E+08,1.78E+06,1146302,1146303,0,177150
100,1.44E+08,1.78E+06,1146303,1146303,0,165650
100,1.47E+08,1.78E+06,1146306,1146306,0,178800
100,1.39E+08,1.80E+06,1146318,1146319,0,149600
100,1.39E+08,1.86E+06,1146328,1146328,0,149500
100,1.46E+08,1.78E+06,1146329,1146331,0,175250
100,1.41E+08,1.78E+06,1146350,1146350,0,156300
100,1.40E+08,1.78E+06,1146352,1146348,0,152950
100,1.47E+08,1.79E+06,1146353,1146353,0,176200
100,1.42E+08,1.81E+06,1146355,1146354,0,158900
100,1.47E+08,1.80E+06,1146355,1146355,0,177300
100,1.43E+08,1.78E+06,1146359,1146359,0,161400
100,1.38E+08,1.78E+06,1146392,1146390,0,147200
100,1.45E+08,1.78E+06,1146403,1146403,0,168650
100,1.45E+08,1.78E+06,1146417,1146417,0,168750
100,1.47E+08,1.81E+06,1146417,1146414,0,178800
100,1.39E+08,1.78E+06,1146427,1146429,0,149750
100,1.47E+08,1.78E+06,1146427,1146427,0,177400
100,1.39E+08,1.79E+06,1146428,1146430,0,151950
100,1.36E+08,1.79E+06,1146447,1146451,0,139300
100,1.47E+08,1.78E+06,1146450,1146450,0,177300
100,1.41E+08,1.78E+06,1146467,1146467,0,157900
100,1.47E+08,1.80E+06,1146469,1146470,0,176350
100,1.39E+08,1.78E+06,1146474,1146474,0,150650
100,1.47E+08,1.85E+06,1146491,1146491,0,178800
100,1.46E+08,1.78E+06,1146511,1146511,0,173850
100,1.36E+08,1.78E+06,1146533,1146533,0,139550
100,1.47E+08,1.78E+06,1146541,1146538,0,176000
100,1.45E+08,1.78E+06,1146552,1146552,0,168650
100,1.47E+08,1.78E+06,1146557,1146557,0,177300
100,1.39E+08,1.78E+06,1146561,1146561,0,151950
100,1.36E+08,1.78E+06,1146570,1146570,0,139300
100,1.40E+08,1.78E+06,1146571,1146571,0,154300
100,1.47E+08,1.86E+06,1146575,1146574,0,177400
100,1.47E+08,1.79E+06,1146575,1146575,0,178800
100,1.36E+08,1.78E+06,1146602,1146601,0,142000
100,1.40E+08,1.78E+06,1146644,1146641,0,153500
100,1.47E+08,1.80E+06,1146644,1146644,0,177300
100,1.40E+08,1.78E+06,1146658,1146660,0,153500
100,1.40E+08,1.80E+06,1146658,1146660,0,153750
100,1.46E+08,1.78E+06,1146665,1146666,0,170800
100,1.40E+08,1.78E+06,1146668,1146668,0,153750
100,1.43E+08,1.78E+06,1146668,1146669,0,163550
100,1.41E+08,1.78E+06,1146676,1146674,0,157350
100,1.40E+08,1.79E+06,1146683,1146683,0,152950
100,1.39E+08,1.78E+06,1146695,1146695,0,149250
100,1.46E+08,1.78E+06,1146716,1146716,0,175250
100,1.39E+08,1.78E+06,1146717,1146716,0,151950
100,1.44E+08,1.78E+06,1146722,1146722,0,165650
100,1.36E+08,1.78E+06,1146726,1146725,0,139300
100,1.44E+08,1.78E+06,1146737,1146734,0,167400
100,1.47E+08,1.78E+06,1146750,1146748,0,178800
100,1.35E+08,1.98E+06,1146755,1146755,0,138750
100,1.41E+08,1.79E+06,1146756,1146756,0,156000
100,1.43E+08,1.79E+06,1146770,1146770,0,163550
100,1.46E+08,1.78E+06,1146774,1146774,0,173700
100,1.41E+08,1.80E+06,1146779,1146781,0,157350
100,1.34E+08,2.13E+06,1146782,1146782,0,138750
100,1.45E+08,1.81E+06,1146783,1146784,0,169400
100,1.40E+08,1.79E+06,1146785,1146785,0,154050
100,1.45E+08,1.78E+06,1146795,1146795,0,169400
100,1.36E+08,1.79E+06,1146800,1146799,0,142000
100,1.45E+08,1.78E+06,1146807,1146807,0,170800
100,1.36E+08,1.78E+06,1146818,1146816,0,139300
100,1.45E+08,1.80E+06,1146819,1146819,0,168750
100,1.47E+08,1.82E+06,1146831,1146831,0,176200
100,1.39E+08,1.84E+06,1146838,1146836,0,150050
100,1.36E+08,1.78E+06,1146841,1146840,0,141300
100,1.44E+08,1.78E+06,1146848,1146849,0,167400
100,1.40E+08,1.79E+06,1146850,1146850,0,154050
100,1.43E+08,1.78E+06,1146865,1146865,0,162150
100,1.45E+08,1.79E+06,1146876,1146876,0,168750
100,1.47E+08,1.79E+06,1146876,1146876,0,176850
100,1.38E+08,1.78E+06,1146878,1146878,0,147850
100,1.41E+08,1.81E+06,1146881,1146881,0,156600
100,1.39E+08,1.79E+06,1146886,1146886,0,150400
100,1.40E+08,1.79E+06,1146891,1146891,0,153200
100,1.40E+08,1.78E+06,1146893,1146892,0,154050
100,1.38E+08,1.78E+06,1146921,1146921,0,147200
100,1.40E+08,1.78E+06,1146939,1146940,0,154300
100,1.36E+08,1.78E+06,1146948,1146946,0,142050
100,1.45E+08,1.92E+06,1146949,1146948,0,168700
100,1.47E+08,1.81E+06,1146964,1146964,0,178050
100,1.36E+08,1.78E+06,1146974,1146974,0,139550
100,1.46E+08,1.78E+06,1146974,1146974,0,171350
100,1.47E+08,1.80E+06,1146974,1146974,0,176000
100,1.45E+08,1.78E+06,1146981,1146981,0,169400
100,1.39E+08,1.80E+06,1146982,1146980,0,149500
100,1.47E+08,1.79E+06,1146983,1146982,0,178800
100,1.36E+08,1.78E+06,1146992,1146992,0,139650
100,1.43E+08,1.78E+06,1146993,1146993,0,163250
100,1.47E+08,1.80E+06,1147006,1147007,0,178800
100,1.45E+08,1.79E+06,1147017,1147015,0,168750
100,1.38E+08,1.78E+06,1147024,1147024,0,147200
100,1.46E+08,1.79E+06,1147029,1147029,0,175250
100,1.40E+08,1.80E+06,1147030,1147030,0,152950
100,1.36E+08,1.78E+06,1147041,1147039,0,139650
100,1.45E+08,1.81E+06,1147041,1147045,0,170700
100,1.47E+08,1.78E+06,1147043,1147043,0,176000
100,1.36E+08,1.78E+06,1147049,1147049,0,139550
100,1.39E+08,1.78E+06,1147051,1147051,0,151950
100,1.43E+08,1.78E+06,1147058,1147058,0,163250
100,1.43E+08,1.81E+06,1147065,1147067,0,163250
100,1.47E+08,1.78E+06,1147067,1147067,0,177100
100,1.47E+08,1.78E+06,1147072,1147070,0,178250
100,1.36E+08,1.78E+06,1147075,1147073,0,139650
100,1.40E+08,1.78E+06,1147094,1147094,0,153050
100,1.47E+08,1.79E+06,1147095,1147093,0,176000
100,1.46E+08,1.78E+06,1147101,1147104,0,175250
100,1.36E+08,1.78E+06,1147112,1147113,0,139300
100,1.36E+08,1.79E+06,1147131,1147131,0,142750
100,1.43E+08,1.78E+06,1147133,1147130,0,161400
100,1.38E+08,1.78E+06,1147145,1147145,0,147850
100,1.39E+08,1.78E+06,1147148,1147148,0,151950
100,1.36E+08,1.78E+06,1147149,1147150,0,139650
100,1.40E+08,1.79E+06,1147156,1147156,0,154050
100,1.47E+08,1.79E+06,1147156,1147158,0,177750
100,1.43E+08,1.79E+06,1147157,1147157,0,162350
100,1.43E+08,1.78E+06,1147162,1147162,0,160250
100,1.45E+08,1.79E+06,1147168,1147168,0,168650
100,1.46E+08,1.79E+06,1147174,1147174,0,173700
100,1.47E+08,1.85E+06,1147192,1147191,0,177400
100,1.47E+08,1.79E+06,1147194,1147193,0,178800
100,1.40E+08,1.79E+06,1147206,1147208,0,154300
100,1.45E+08,1.87E+06,1147207,1147206,0,169400
100,1.46E+08,1.78E+06,1147212,1147211,0,175250
100,1.44E+08,1.80E+06,1147222,1147222,0,165350
100,1.45E+08,1.80E+06,1147232,1147232,0,168750
100,1.47E+08,1.78E+06,1147234,1147234,0,178400
100,1.40E+08,1.78E+06,1147235,1147237,0,153050
100,1.36E+08,1.78E+06,1147240,1147239,0,139650
100,1.36E+08,1.78E+06,1147259,1147259,0,139300
100,1.36E+08,1.78E+06,1147270,1147273,0,139650
100,1.46E+08,1.78E+06,1147270,1147273,0,173850
100,1.42E+08,1.79E+06,1147278,1147276,0,158900
100,1.46E+08,1.81E+06,1147282,1147282,0,170850
100,1.45E+08,1.78E+06,1147283,1147285,0,168650
100,1.47E+08,1.81E+06,1147284,1147284,0,176000
100,1.36E+08,1.79E+06,1147289,1147288,0,139300
100,1.36E+08,1.80E+06,1147290,1147290,0,139150
100,1.44E+08,1.78E+06,1147297,1147297,0,165650
100,1.47E+08,1.78E+06,1147299,1147302,0,177300
100,1.36E+08,1.78E+06,1147313,1147313,0,142050
100,1.45E+08,1.78E+06,1147315,1147316,0,168900
100,1.47E+08,1.78E+06,1147317,1147320,0,178800
100,1.47E+08,1.80E+06,1147318,1147318,0,176850
100,1.47E+08,1.78E+06,1147320,1147319,0,176850
100,1.47E+08,1.78E+06,1147322,1147324,0,178800
100,1.38E+08,1.79E+06,1147334,1147334,0,148300
100,1.45E+08,1.78E+06,1147352,1147350,0,168750
100,1.46E+08,1.78E+06,1147362,1147366,0,173850
100,1.41E+08,1.78E+06,1147366,1147366,0,157850
100,1.40E+08,1.78E+06,1147374,1147374,0,154300
100,1.39E+08,1.78E+06,1147390,1147390,0,151950
100,1.36E+08,1.78E+06,1147397,1147397,0,139550
100,1.47E+08,1.81E+06,1147401,1147399,0,178800
100,1.46E+08,1.78E+06,1147409,1147407,0,173850
100,1.36E+08,1.78E+06,1147420,1147420,0,139300
100,1.36E+08,1.78E+06,1147428,1147431,0,143350
100,1.46E+08,1.78E+06,1147436,1147433,0,171350
100,1.46E+08,1.80E+06,1147436,1147436,0,173200
100,1.47E+08,1.78E+06,1147437,1147435,0,176850
100,1.41E+08,1.78E+06,1147445,1147447,0,157900
100,1.36E+08,1.78E+06,1147451,1147451,0,139300
100,1.47E+08,1.80E+06,1147451,1147448,0,177100
100,1.36E+08,1.78E+06,1147457,1147457,0,139300
100,1.36E+08,1.78E+06,1147461,1147459,0,139300
100,1.47E+08,1.80E+06,1147463,1147464,0,176350
100,1.41E+08,1.78E+06,1147466,1147466,0,155700
100,1.46E+08,1.80E+06,1147474,1147474,0,170800
100,1.47E+08,1.80E+06,1147475,1147477,0,177300
100,1.47E+08,1.78E+06,1147477,1147473,0,177300
100,1.47E+08,1.78E+06,1147495,1147495,0,177100
100,1.36E+08,1.80E+06,1147497,1147496,0,139150
100,1.34E+08,2.03E+06,1147500,1147500,0,138750
100,1.34E+08,2.13E+06,1147500,1147500,0,138750
100,1.35E+08,1.92E+06,1147500,1147500,0,138750
100,1.35E+08,1.87E+06,1147500,1147500,0,138750
100,1.36E+08,1.78E+06,1147500,1147500,0,139650
100,1.36E+08,1.78E+06,1147500,1147500,0,139650
100,1.36E+08,1.78E+06,1147500,1147500,0,139650
100,1.36E+08,1.78E+06,1147500,1147500,0,139650
100,1.36E+08,1.78E+06,1147500,1147500,0,139650
100,1.36E+08,1.78E+06,1147500,1147500,0,139650
100,1.36E+08,1.78E+06,1147500,1147500,0,139650
100,1.36E+08,1.78E+06,1147500,1147500,0,139650
100,1.36E+08,1.78E+06,1147500,1147500,0,139650
100,1.36E+08,1.78E+06,1147500,1147500,0,139650
100,1.36E+08,1.80E+06,1147500,1147500,0,139650
100,1.36E+08,1.78E+06,1147500,1147500,0,139650
100,1.36E+08,1.78E+06,1147500,1147500,0,139650
100,1.36E+08,1.78E+06,1147500,1147500,0,139650
100,1.36E+08,1.79E+06,1147500,1147500,0,139650
100,1.36E+08,1.78E+06,1147500,1147500,0,139650
100,1.36E+08,1.78E+06,1147500,1147500,0,139650
100,1.36E+08,1.78E+06,1147500,1147500,0,139650
100,1.36E+08,1.78E+06,1147500,1147500,0,139650
100,1.36E+08,1.78E+06,1147500,1147500,0,139750
100,1.36E+08,1.78E+06,1147500,1147500,0,139750
100,1.36E+08,1.78E+06,1147500,1147500,0,139750
100,1.36E+08,1.78E+06,1147500,1147500,0,139750
100,1.36E+08,1.78E+06,1147500,1147500,0,139750
100,1.36E+08,1.78E+06,1147500,1147500,0,139750
100,1.36E+08,1.78E+06,1147500,1147500,0,139750
100,1.36E+08,1.78E+06,1147500,1147500,0,139750
100,1.36E+08,1.80E+06,1147500,1147500,0,139750
100,1.36E+08,1.78E+06,1147500,1147500,0,139750
100,1.36E+08,1.78E+06,1147500,1147500,0,139750
100,1.36E+08,1.78E+06,1147500,1147500,0,139750
100,1.36E+08,1.78E+06,1147500,1147500,0,139750
100,1.40E+08,1.79E+06,1147500,1147500,0,154300
100,1.47E+08,1.79E+06,1147500,1147500,0,178800
100,1.36E+08,1.78E+06,1147501,1147501,0,139650
100,1.40E+08,1.78E+06,1147501,1147501,0,153050
100,1.47E+08,1.78E+06,1147505,1147506,0,178400
100,1.45E+08,1.78E+06,1147517,1147517,0,169400
100,1.38E+08,1.78E+06,1147520,1147520,0,147850
100,1.47E+08,1.79E+06,1147521,1147521,0,178050
100,1.46E+08,1.81E+06,1147537,1147537,0,173850
100,1.47E+08,1.79E+06,1147541,1147541,0,177100
100,1.45E+08,1.78E+06,1147542,1147542,0,169800
100,1.46E+08,1.78E+06,1147546,1147546,0,170800
100,1.46E+08,1.78E+06,1147554,1147554,0,170800
100,1.40E+08,1.78E+06,1147558,1147558,0,154300
100,1.45E+08,1.80E+06,1147561,1147558,0,170800
100,1.46E+08,1.80E+06,1147568,1147568,0,173200
100,1.39E+08,1.78E+06,1147569,1147569,0,151950
100,1.36E+08,1.78E+06,1147571,1147568,0,142750
100,1.46E+08,1.78E+06,1147587,1147588,0,173850
100,1.46E+08,1.79E+06,1147594,1147594,0,170800
100,1.47E+08,1.78E+06,1147606,1147602,0,176350
100,1.39E+08,1.84E+06,1147608,1147608,0,150050
100,1.47E+08,1.79E+06,1147608,1147608,0,178400
100,1.46E+08,1.78E+06,1147613,1147615,0,171150
100,1.47E+08,1.78E+06,1147614,1147614,0,178900
100,1.47E+08,1.78E+06,1147616,1147616,0,177400
100,1.44E+08,1.78E+06,1147623,1147623,0,165650
100,1.47E+08,1.79E+06,1147634,1147634,0,177300
100,1.39E+08,1.78E+06,1147640,1147634,0,151900
100,1.44E+08,1.78E+06,1147654,1147654,0,165650
100,1.45E+08,1.81E+06,1147655,1147655,0,168650
100,1.45E+08,1.78E+06,1147657,1147656,0,168700
100,1.41E+08,1.78E+06,1147666,1147662,0,156600
100,1.43E+08,1.78E+06,1147686,1147686,0,162150
100,1.43E+08,1.78E+06,1147687,1147687,0,162950
100,1.43E+08,1.78E+06,1147689,1147691,0,163250
100,1.47E+08,1.78E+06,1147695,1147695,0,177300
100,1.46E+08,1.80E+06,1147720,1147723,0,170800
100,1.40E+08,1.78E+06,1147748,1147747,0,152950
100,1.37E+08,1.78E+06,1147752,1147750,0,144350
100,1.41E+08,1.78E+06,1147752,1147752,0,156600
100,1.36E+08,1.78E+06,1147754,1147752,0,139550
100,1.44E+08,1.78E+06,1147768,1147767,0,167400
100,1.41E+08,1.86E+06,1147769,1147768,0,157850
100,1.40E+08,1.81E+06,1147774,1147773,0,154300
100,1.45E+08,1.78E+06,1147776,1147777,0,169800
100,1.36E+08,1.78E+06,1147803,1147802,0,139650
100,1.47E+08,1.78E+06,1147812,1147812,0,178800
100,1.45E+08,1.78E+06,1147814,1147814,0,169400
100,1.45E+08,1.78E+06,1147826,1147827,0,169400
100,1.47E+08,1.80E+06,1147841,1147841,0,176000
100,1.45E+08,1.78E+06,1147845,1147842,0,168700
100,1.36E+08,1.79E+06,1147850,1147850,0,139300
100,1.43E+08,1.78E+06,1147852,1147852,0,163200
100,1.47E+08,1.80E+06,1147857,1147860,0,176000
100,1.46E+08,1.78E+06,1147867,1147866,0,175250
100,1.47E+08,1.79E+06,1147869,1147869,0,177300
100,1.46E+08,1.82E+06,1147870,1147870,0,171350
100,1.46E+08,1.78E+06,1147874,1147874,0,170800
100,1.34E+08,2.34E+06,1147876,1147876,0,138750
100,1.36E+08,1.78E+06,1147879,1147879,0,142050
100,1.39E+08,1.78E+06,1147890,1147890,0,149750
100,1.43E+08,1.78E+06,1147898,1147900,0,160050
100,1.39E+08,1.78E+06,1147901,1147903,0,151950
100,1.39E+08,1.78E+06,1147902,1147900,0,151950
100,1.41E+08,1.78E+06,1147912,1147912,0,156600
100,1.43E+08,1.78E+06,1147914,1147912,0,160800
100,1.46E+08,1.80E+06,1147915,1147915,0,173000
100,1.43E+08,1.80E+06,1147935,1147937,0,163250
100,1.43E+08,1.78E+06,1147942,1147942,0,162150
100,1.36E+08,1.80E+06,1147945,1147947,0,139300
100,1.46E+08,1.82E+06,1147949,1147953,0,173200
100,1.46E+08,1.78E+06,1147950,1147950,0,173850
100,1.37E+08,1.78E+06,1147968,1147970,0,143900
100,1.47E+08,1.78E+06,1147979,1147979,0,178400
100,1.39E+08,1.78E+06,1147980,1147981,0,151350
100,1.36E+08,1.78E+06,1147983,1147978,0,139300
100,1.39E+08,1.78E+06,1147990,1147991,0,149750
100,1.36E+08,1.78E+06,1148000,1148000,0,139650
100,1.38E+08,1.79E+06,1148004,1148004,0,147200
100,1.36E+08,1.78E+06,1148005,1148005,0,139300
100,1.40E+08,1.78E+06,1148014,1148014,0,153050
100,1.45E+08,1.88E+06,1148019,1148019,0,168700
100,1.43E+08,1.85E+06,1148022,1148022,0,160800
100,1.40E+08,1.81E+06,1148029,1148028,0,153500
100,1.47E+08,1.79E+06,1148032,1148032,0,176000
100,1.47E+08,1.82E+06,1148035,1148037,0,178400
100,1.47E+08,1.79E+06,1148039,1148039,0,178800
100,1.40E+08,1.78E+06,1148042,1148042,0,153200
100,1.36E+08,1.79E+06,1148046,1148047,0,139650
100,1.44E+08,1.81E+06,1148047,1148047,0,165350
100,1.45E+08,1.81E+06,1148048,1148045,0,168750
100,1.36E+08,1.78E+06,1148050,1148050,0,139650
100,1.36E+08,1.80E+06,1148051,1148051,0,139300
100,1.47E+08,1.79E+06,1148072,1148072,0,178800
100,1.43E+08,1.78E+06,1148076,1148076,0,162550
100,1.36E+08,1.78E+06,1148078,1148077,0,139300
100,1.47E+08,1.78E+06,1148081,1148081,0,178050
100,1.45E+08,1.78E+06,1148083,1148080,0,168900
100,1.46E+08,1.78E+06,1148093,1148093,0,170800
100,1.44E+08,1.78E+06,1148094,1148094,0,165650
100,1.47E+08,1.80E+06,1148103,1148101,0,176200
100,1.42E+08,1.79E+06,1148114,1148114,0,158900
100,1.46E+08,1.78E+06,1148120,1148118,0,175250
100,1.47E+08,1.78E+06,1148122,1148122,0,178800
100,1.47E+08,1.78E+06,1148124,1148124,0,178400
100,1.39E+08,1.78E+06,1148132,1148132,0,151850
100,1.46E+08,1.78E+06,1148140,1148140,0,173850
100,1.47E+08,1.80E+06,1148143,1148143,0,178400
100,1.45E+08,1.79E+06,1148147,1148146,0,168900
100,1.45E+08,1.78E+06,1148149,1148150,0,168650
100,1.39E+08,1.78E+06,1148155,1148155,0,150400
100,1.47E+08,1.78E+06,1148156,1148156,0,178800
100,1.43E+08,1.78E+06,1148174,1148174,0,163250
100,1.46E+08,1.85E+06,1148183,1148181,0,173850
100,1.47E+08,1.78E+06,1148191,1148191,0,178050
100,1.37E+08,1.85E+06,1148202,1148202,0,144000
100,1.45E+08,1.79E+06,1148205,1148202,0,169800
100,1.39E+08,1.78E+06,1148212,1148212,0,151950
100,1.43E+08,1.81E+06,1148213,1148212,0,162950
100,1.36E+08,1.79E+06,1148225,1148225,0,139300
100,1.45E+08,1.78E+06,1148234,1148236,0,168900
100,1.36E+08,1.78E+06,1148238,1148238,0,139550
100,1.35E+08,2.12E+06,1148245,1148245,0,138750
100,1.47E+08,1.78E+06,1148248,1148247,0,178800
100,1.36E+08,1.78E+06,1148251,1148251,0,139650
100,1.42E+08,1.79E+06,1148263,1148262,0,159600
100,1.47E+08,1.78E+06,1148274,1148274,0,178800
100,1.39E+08,1.78E+06,1148277,1148277,0,149800
100,1.36E+08,1.81E+06,1148284,1148284,0,139300
100,1.40E+08,1.78E+06,1148305,1148301,0,153200
100,1.40E+08,1.78E+06,1148308,1148308,0,154300
100,1.47E+08,1.78E+06,1148312,1148312,0,177100
100,1.40E+08,1.78E+06,1148324,1148324,0,154050
100,1.41E+08,1.80E+06,1148330,1148329,0,156600
100,1.40E+08,1.78E+06,1148342,1148342,0,154300
100,1.36E+08,1.78E+06,1148350,1148348,0,139550
100,1.41E+08,1.78E+06,1148350,1148351,0,157350
100,1.36E+08,1.78E+06,1148358,1148358,0,139300
100,1.46E+08,1.78E+06,1148359,1148359,0,170800
100,1.47E+08,1.78E+06,1148363,1148364,0,178800
100,1.39E+08,1.79E+06,1148365,1148365,0,151900
100,1.37E+08,1.78E+06,1148381,1148380,0,144000
100,1.39E+08,1.78E+06,1148396,1148399,0,150900
100,1.40E+08,1.80E+06,1148407,1148408,0,154300
100,1.40E+08,1.78E+06,1148407,1148407,0,154750
100,1.47E+08,1.78E+06,1148409,1148408,0,177150
100,1.45E+08,1.78E+06,1148410,1148409,0,169400
100,1.44E+08,1.78E+06,1148412,1148410,0,167400
100,1.45E+08,1.78E+06,1148420,1148419,0,168700
100,1.39E+08,1.79E+06,1148426,1148426,0,149750
100,1.43E+08,1.78E+06,1148428,1148428,0,163250
100,1.40E+08,1.78E+06,1148433,1148433,0,154050
100,1.47E+08,1.78E+06,1148437,1148437,0,177300
100,1.46E+08,1.78E+06,1148457,1148455,0,175250
100,1.41E+08,1.78E+06,1148461,1148461,0,156300
100,1.47E+08,1.78E+06,1148477,1148478,0,177750
100,1.45E+08,1.79E+06,1148482,1148485,0,169400
100,1.47E+08,1.78E+06,1148490,1148488,0,176850
100,1.43E+08,1.78E+06,1148496,1148496,0,163250
100,1.46E+08,1.78E+06,1148496,1148498,0,171150
100,1.45E+08,1.79E+06,1148500,1148500,0,168750
100,1.47E+08,1.78E+06,1148502,1148502,0,176000
100,1.38E+08,1.79E+06,1148508,1148508,0,147900
100,1.36E+08,1.78E+06,1148509,1148511,0,139550
100,1.47E+08,1.78E+06,1148517,1148518,0,178050
100,1.47E+08,1.78E+06,1148523,1148523,0,178800
100,1.36E+08,1.78E+06,1148535,1148535,0,139550
100,1.47E+08,1.78E+06,1148536,1148539,0,178800
100,1.36E+08,1.78E+06,1148537,1148538,0,139300
100,1.41E+08,1.80E+06,1148556,1148556,0,156600
100,1.47E+08,1.81E+06,1148557,1148557,0,177300
100,1.36E+08,1.79E+06,1148560,1148560,0,139650
100,1.39E+08,1.78E+06,1148569,1148569,0,149600
100,1.47E+08,1.78E+06,1148574,1148575,0,177300
100,1.36E+08,1.78E+06,1148578,1148578,0,139650
100,1.44E+08,1.78E+06,1148585,1148588,0,165650
100,1.36E+08,1.78E+06,1148587,1148587,0,139650
100,1.36E+08,1.78E+06,1148590,1148590,0,139300
100,1.39E+08,1.78E+06,1148593,1148592,0,151950
100,1.38E+08,1.78E+06,1148604,1148604,0,148300
100,1.45E+08,1.78E+06,1148610,1148610,0,167650
100,1.38E+08,1.79E+06,1148670,1148675,0,147850
100,1.42E+08,1.78E+06,1148675,1148675,0,158900
100,1.41E+08,1.78E+06,1148678,1148682,0,156300
100,1.36E+08,1.78E+06,1148681,1148680,0,139650
100,1.39E+08,1.79E+06,1148687,1148689,0,151950
100,1.40E+08,1.80E+06,1148688,1148692,0,154500
100,1.40E+08,1.78E+06,1148689,1148688,0,152200
100,1.47E+08,1.78E+06,1148691,1148692,0,178400
100,1.47E+08,1.78E+06,1148713,1148713,0,177750
100,1.36E+08,1.79E+06,1148714,1148714,0,139550
100,1.38E+08,1.79E+06,1148728,1148729,0,147800
100,1.47E+08,1.80E+06,1148744,1148744,0,177750
100,1.36E+08,1.78E+06,1148753,1148753,0,139650
100,1.36E+08,1.78E+06,1148761,1148760,0,139550
100,1.40E+08,1.78E+06,1148775,1148779,0,154050
100,1.44E+08,1.80E+06,1148777,1148777,0,164950
100,1.47E+08,1.78E+06,1148779,1148779,0,178050
100,1.46E+08,1.78E+06,1148780,1148780,0,170850
100,1.46E+08,1.82E+06,1148789,1148789,0,173200
100,1.46E+08,1.78E+06,1148797,1148797,0,175250
100,1.45E+08,1.78E+06,1148800,1148798,0,168900
100,1.41E+08,1.79E+06,1148802,1148803,0,157900
100,1.47E+08,1.78E+06,1148811,1148805,0,177100
100,1.39E+08,1.79E+06,1148816,1148817,0,149750
100,1.39E+08,1.78E+06,1148821,1148821,0,151950
100,1.46E+08,1.78E+06,1148823,1148823,0,170850
100,1.44E+08,1.79E+06,1148825,1148826,0,165350
100,1.39E+08,1.79E+06,1148849,1148849,0,151950
100,1.36E+08,1.78E+06,1148852,1148852,0,139300
100,1.43E+08,1.79E+06,1148858,1148859,0,163550
100,1.39E+08,1.80E+06,1148859,1148859,0,149750
100,1.47E+08,1.78E+06,1148866,1148866,0,176000
100,1.39E+08,1.78E+06,1148867,1148866,0,150150
100,1.45E+08,1.78E+06,1148869,1148868,0,169400
100,1.41E+08,1.78E+06,1148874,1148874,0,156700
100,1.43E+08,1.78E+06,1148886,1148886,0,162950
100,1.45E+08,1.79E+06,1148894,1148894,0,167500
100,1.39E+08,1.78E+06,1148899,1148900,0,151950
100,1.40E+08,1.78E+06,1148918,1148917,0,154300
100,1.47E+08,1.78E+06,1148919,1148919,0,177400
100,1.36E+08,1.78E+06,1148929,1148929,0,139300
100,1.47E+08,1.80E+06,1148930,1148931,0,178050
100,1.36E+08,1.78E+06,1148932,1148932,0,139650
100,1.36E+08,1.78E+06,1148942,1148942,0,139650
100,1.36E+08,1.80E+06,1148950,1148950,0,139550
100,1.37E+08,1.78E+06,1148980,1148978,0,144050
100,1.46E+08,1.78E+06,1148991,1148991,0,175250
100,1.39E+08,1.78E+06,1148994,1148994,0,149500
100,1.36E+08,1.78E+06,1149006,1149005,0,139550
100,1.47E+08,1.78E+06,1149015,1149015,0,178800
100,1.47E+08,1.80E+06,1149023,1149023,0,176000
100,1.38E+08,1.78E+06,1149028,1149028,0,147850
100,1.40E+08,1.79E+06,1149053,1149055,0,153050
100,1.45E+08,1.78E+06,1149075,1149075,0,168650
100,1.44E+08,1.78E+06,1149076,1149076,0,165500
100,1.47E+08,1.81E+06,1149076,1149072,0,178400
100,1.47E+08,1.78E+06,1149082,1149082,0,177300
100,1.43E+08,1.89E+06,1149087,1149087,0,160800
100,1.36E+08,1.80E+06,1149094,1149094,0,139300
100,1.47E+08,1.78E+06,1149097,1149094,0,176350
100,1.47E+08,1.81E+06,1149101,1149100,0,177400
100,1.40E+08,1.78E+06,1149105,1149102,0,154050
100,1.47E+08,1.79E+06,1149111,1149110,0,176200
100,1.47E+08,1.80E+06,1149114,1149114,0,178400
100,1.36E+08,1.78E+06,1149115,1149114,0,142000
100,1.36E+08,1.78E+06,1149119,1149119,0,142000
100,1.43E+08,1.79E+06,1149122,1149122,0,162150
100,1.39E+08,1.78E+06,1149127,1149130,0,149800
100,1.45E+08,1.82E+06,1149131,1149131,0,168650
100,1.40E+08,1.78E+06,1149136,1149137,0,153750
100,1.40E+08,1.78E+06,1149145,1149145,0,154500
100,1.44E+08,1.78E+06,1149163,1149162,0,165500
100,1.36E+08,1.78E+06,1149166,1149166,0,139550
100,1.44E+08,1.81E+06,1149186,1149183,0,165500
100,1.40E+08,1.79E+06,1149187,1149187,0,153500
100,1.47E+08,1.78E+06,1149205,1149205,0,178800
100,1.39E+08,1.79E+06,1149213,1149214,0,149750
100,1.47E+08,1.80E+06,1149216,1149216,0,177750
100,1.47E+08,1.78E+06,1149219,1149219,0,176350
100,1.46E+08,1.84E+06,1149220,1149218,0,170800
100,1.36E+08,1.78E+06,1149228,1149228,0,139650
100,1.36E+08,1.78E+06,1149237,1149238,0,139650
100,1.39E+08,1.79E+06,1149238,1149238,0,151950
100,1.44E+08,1.78E+06,1149239,1149239,0,165650
100,1.47E+08,1.80E+06,1149239,1149239,0,178050
100,1.43E+08,1.78E+06,1149240,1149241,0,160050
100,1.46E+08,1.78E+06,1149242,1149242,0,173850
100,1.42E+08,1.79E+06,1149245,1149241,0,159100
100,1.46E+08,1.78E+06,1149249,1149249,0,170800
100,1.47E+08,1.78E+06,1149253,1149253,0,177150
100,1.47E+08,1.80E+06,1149260,1149260,0,178050
100,1.43E+08,1.78E+06,1149264,1149264,0,163550
100,1.47E+08,1.78E+06,1149266,1149265,0,177150
100,1.46E+08,1.79E+06,1149272,1149272,0,170850
100,1.39E+08,1.78E+06,1149277,1149277,0,149750
100,1.47E+08,1.81E+06,1149281,1149281,0,178900
100,1.40E+08,1.79E+06,1149287,1149287,0,153750
100,1.36E+08,1.78E+06,1149290,1149291,0,139300
100,1.47E+08,1.79E+06,1149290,1149290,0,177300
100,1.46E+08,1.79E+06,1149300,1149299,0,173850
100,1.39E+08,1.79E+06,1149304,1149304,0,149800
100,1.40E+08,1.78E+06,1149305,1149303,0,152950
100,1.47E+08,1.82E+06,1149309,1149308,0,178250
100,1.47E+08,1.79E+06,1149314,1149314,0,178400
100,1.39E+08,1.81E+06,1149316,1149316,0,149300
100,1.45E+08,1.78E+06,1149316,1149317,0,168650
100,1.47E+08,1.78E+06,1149332,1149332,0,177100
100,1.43E+08,1.78E+06,1149345,1149345,0,160800
100,1.47E+08,1.78E+06,1149349,1149350,0,178900
100,1.36E+08,1.78E+06,1149355,1149355,0,142750
100,1.36E+08,1.78E+06,1149364,1149364,0,139650
100,1.47E+08,1.81E+06,1149370,1149369,0,176350
100,1.38E+08,1.78E+06,1149371,1149373,0,148700
100,1.45E+08,1.78E+06,1149378,1149378,0,168750
100,1.46E+08,1.79E+06,1149386,1149386,0,171150
100,1.36E+08,1.78E+06,1149395,1149396,0,139550
100,1.46E+08,1.80E+06,1149401,1149396,0,170800
100,1.46E+08,1.78E+06,1149402,1149402,0,170800
100,1.47E+08,1.78E+06,1149405,1149405,0,176000
100,1.47E+08,1.79E+06,1149406,1149406,0,178900
100,1.45E+08,1.78E+06,1149410,1149411,0,168650
100,1.39E+08,1.79E+06,1149414,1149413,0,151950
100,1.39E+08,1.78E+06,1149425,1149425,0,151350
100,1.46E+08,1.78E+06,1149430,1149430,0,175250
100,1.44E+08,1.78E+06,1149440,1149440,0,167200
100,1.40E+08,1.78E+06,1149446,1149446,0,154300
100,1.36E+08,1.78E+06,1149450,1149450,0,139550
100,1.47E+08,1.78E+06,1149454,1149454,0,176350
100,1.47E+08,1.78E+06,1149457,1149457,0,177300
100,1.47E+08,1.79E+06,1149467,1149467,0,177300
100,1.36E+08,1.79E+06,1149472,1149473,0,139300
100,1.36E+08,1.78E+06,1149472,1149472,0,139300
100,1.45E+08,1.78E+06,1149472,1149472,0,169400
100,1.45E+08,1.78E+06,1149476,1149476,0,169400
100,1.47E+08,1.78E+06,1149476,1149476,0,177300
100,1.47E+08,1.79E+06,1149477,1149477,0,176350
100,1.36E+08,1.78E+06,1149481,1149480,0,139150
100,1.36E+08,1.78E+06,1149489,1149489,0,142300
100,1.47E+08,1.78E+06,1149489,1149489,0,176850
100,1.41E+08,1.78E+06,1149494,1149494,0,156700
100,1.47E+08,1.79E+06,1149499,1149499,0,177300
100,1.36E+08,1.78E+06,1149500,1149499,0,139650
100,1.43E+08,1.78E+06,1149515,1149515,0,163550
100,1.47E+08,1.86E+06,1149515,1149514,0,176350
100,1.34E+08,2.11E+06,1149522,1149526,0,138750
100,1.40E+08,1.79E+06,1149523,1149522,0,154050
100,1.47E+08,1.80E+06,1149526,1149526,0,178050
100,1.46E+08,1.79E+06,1149527,1149527,0,173850
100,1.40E+08,1.78E+06,1149531,1149531,0,153050
100,1.46E+08,1.80E+06,1149535,1149535,0,175250
100,1.40E+08,1.78E+06,1149538,1149540,0,153750
100,1.36E+08,1.78E+06,1149542,1149542,0,139300
100,1.47E+08,1.80E+06,1149544,1149544,0,177300
100,1.43E+08,1.79E+06,1149557,1149557,0,163250
100,1.42E+08,1.81E+06,1149558,1149556,0,158900
100,1.47E+08,1.78E+06,1149560,1149560,0,177750
100,1.39E+08,1.78E+06,1149570,1149570,0,151950
100,1.43E+08,1.78E+06,1149582,1149587,0,162550
100,1.47E+08,1.78E+06,1149585,1149585,0,176350
100,1.47E+08,1.81E+06,1149595,1149595,0,177100
100,1.47E+08,1.78E+06,1149595,1149595,0,178050
100,1.47E+08,1.78E+06,1149602,1149602,0,178900
100,1.46E+08,1.78E+06,1149607,1149607,0,170800
100,1.36E+08,1.78E+06,1149610,1149610,0,139300
100,1.47E+08,1.79E+06,1149618,1149611,0,176000
100,1.39E+08,1.78E+06,1149620,1149620,0,149800
100,1.46E+08,1.79E+06,1149623,1149623,0,173850
100,1.39E+08,1.79E+06,1149625,1149625,0,151350
100,1.44E+08,1.78E+06,1149628,1149625,0,167400
100,1.40E+08,1.78E+06,1149634,1149636,0,154300
100,1.43E+08,1.78E+06,1149640,1149641,0,162150
100,1.47E+08,1.78E+06,1149645,1149645,0,178900
100,1.39E+08,1.78E+06,1149649,1149649,0,151950
100,1.44E+08,1.84E+06,1149649,1149649,0,163900
100,1.46E+08,1.81E+06,1149658,1149658,0,173850
100,1.45E+08,1.78E+06,1149664,1149664,0,169400
100,1.47E+08,1.78E+06,1149668,1149668,0,176850
100,1.46E+08,1.80E+06,1149670,1149670,0,170850
100,1.40E+08,1.78E+06,1149673,1149673,0,152950
100,1.47E+08,1.78E+06,1149688,1149688,0,177300
100,1.47E+08,1.82E+06,1149689,1149685,0,176850
100,1.38E+08,1.78E+06,1149699,1149699,0,148300
100,1.46E+08,1.78E+06,1149700,1149700,0,173850
100,1.47E+08,1.81E+06,1149702,1149702,0,177750
100,1.47E+08,1.82E+06,1149702,1149702,0,178800
100,1.45E+08,1.83E+06,1149708,1149708,0,170800
100,1.47E+08,1.80E+06,1149709,1149710,0,176350
100,1.47E+08,1.78E+06,1149710,1149710,0,177100
100,1.47E+08,1.80E+06,1149712,1149712,0,177300
100,1.36E+08,1.78E+06,1149714,1149717,0,139550
100,1.45E+08,1.79E+06,1149714,1149714,0,169800
100,1.47E+08,1.78E+06,1149717,1149717,0,177100
100,1.47E+08,1.78E+06,1149719,1149719,0,177300
100,1.36E+08,1.78E+06,1149725,1149725,0,139300
100,1.46E+08,1.78E+06,1149725,1149724,0,175250
100,1.47E+08,1.79E+06,1149725,1149725,0,176350
100,1.47E+08,1.78E+06,1149725,1149718,0,178400
100,1.46E+08,1.80E+06,1149730,1149730,0,170800
100,1.47E+08,1.79E+06,1149732,1149732,0,176000
100,1.47E+08,1.79E+06,1149735,1149735,0,176350
100,1.47E+08,1.78E+06,1149738,1149736,0,176000
100,1.44E+08,1.78E+06,1149744,1149744,0,165650
100,1.39E+08,1.78E+06,1149749,1149749,0,149500
100,1.46E+08,1.78E+06,1149750,1149750,0,170850
100,1.47E+08,1.80E+06,1149753,1149751,0,176000
100,1.46E+08,1.78E+06,1149755,1149755,0,175250
100,1.46E+08,1.79E+06,1149759,1149759,0,173850
100,1.47E+08,1.78E+06,1149762,1149762,0,177750
100,1.47E+08,1.84E+06,1149763,1149763,0,178800
100,1.39E+08,1.78E+06,1149764,1149764,0,151350
100,1.45E+08,1.80E+06,1149766,1149766,0,168900
100,1.47E+08,1.78E+06,1149769,1149769,0,176850
100,1.39E+08,1.80E+06,1149770,1149770,0,151900
100,1.47E+08,1.80E+06,1149772,1149772,0,177750
100,1.47E+08,1.78E+06,1149777,1149777,0,178800
100,1.44E+08,1.83E+06,1149780,1149780,0,165650
100,1.39E+08,1.78E+06,1149781,1149781,0,151950
100,1.40E+08,1.78E+06,1149781,1149779,0,154050
100,1.47E+08,1.78E+06,1149782,1149782,0,177300
100,1.47E+08,1.78E+06,1149784,1149784,0,177150
100,1.46E+08,1.78E+06,1149786,1149786,0,173850
100,1.40E+08,1.78E+06,1149790,1149790,0,153750
100,1.45E+08,1.79E+06,1149791,1149792,0,168650
100,1.47E+08,1.78E+06,1149797,1149797,0,178800
100,1.45E+08,1.78E+06,1149798,1149798,0,168900
100,1.46E+08,1.78E+06,1149798,1149798,0,175250
100,1.47E+08,1.80E+06,1149798,1149798,0,178400
100,1.38E+08,1.78E+06,1149799,1149800,0,148300
100,1.40E+08,1.78E+06,1149803,1149802,0,153200
100,1.42E+08,1.78E+06,1149803,1149803,0,159600
100,1.47E+08,1.78E+06,1149808,1149808,0,178900
100,1.44E+08,1.79E+06,1149813,1149813,0,165350
100,1.43E+08,1.78E+06,1149824,1149825,0,160250
100,1.45E+08,1.78E+06,1149825,1149825,0,169400
100,1.47E+08,1.78E+06,1149828,1149828,0,177300
100,1.36E+08,1.78E+06,1149831,1149833,0,139550
100,1.47E+08,1.78E+06,1149836,1149836,0,178800
100,1.47E+08,1.78E+06,1149837,1149837,0,176850
100,1.44E+08,1.78E+06,1149838,1149838,0,167400
100,1.47E+08,1.78E+06,1149839,1149839,0,176350
100,1.47E+08,1.79E+06,1149842,1149842,0,178050
100,1.36E+08,1.78E+06,1149845,1149844,0,139300
100,1.41E+08,1.78E+06,1149846,1149847,0,157900
100,1.36E+08,1.78E+06,1149847,1149849,0,139300
100,1.45E+08,1.81E+06,1149854,1149854,0,170700
100,1.47E+08,1.78E+06,1149855,1149855,0,177750
100,1.45E+08,1.78E+06,1149859,1149859,0,169800
100,1.46E+08,1.78E+06,1149859,1149859,0,175250
100,1.39E+08,1.78E+06,1149866,1149866,0,149800
100,1.47E+08,1.79E+06,1149868,1149868,0,178800
100,1.46E+08,1.79E+06,1149872,1149872,0,170850
100,1.47E+08,1.78E+06,1149872,1149872,0,176000
100,1.47E+08,1.78E+06,1149874,1149874,0,176350
100,1.47E+08,1.78E+06,1149888,1149888,0,177150
100,1.43E+08,1.81E+06,1149889,1149890,0,160050
100,1.46E+08,1.80E+06,1149892,1149892,0,173850
100,1.36E+08,1.79E+06,1149894,1149893,0,139300
100,1.39E+08,1.79E+06,1149897,1149897,0,151850
100,1.47E+08,1.78E+06,1149899,1149898,0,177300
100,1.41E+08,1.78E+06,1149900,1149899,0,156600
100,1.46E+08,1.78E+06,1149900,1149900,0,173850
100,1.47E+08,1.78E+06,1149901,1149901,0,178800
100,1.47E+08,1.78E+06,1149905,1149905,0,178800
100,1.39E+08,1.78E+06,1149907,1149907,0,151950
100,1.39E+08,1.78E+06,1149910,1149910,0,151850
100,1.46E+08,1.78E+06,1149910,1149910,0,170800
100,1.47E+08,1.80E+06,1149910,1149909,0,177400
100,1.47E+08,1.78E+06,1149912,1149912,0,178050
100,1.45E+08,1.81E+06,1149915,1149915,0,168650
100,1.39E+08,1.81E+06,1149918,1149918,0,151350
100,1.47E+08,1.78E+06,1149922,1149922,0,178900
100,1.40E+08,1.78E+06,1149924,1149924,0,153050
100,1.47E+08,1.78E+06,1149929,1149924,0,177300
100,1.41E+08,1.78E+06,1149932,1149932,0,155800
100,1.46E+08,1.78E+06,1149934,1149935,0,173850
100,1.47E+08,1.79E+06,1149934,1149934,0,176850
100,1.47E+08,1.81E+06,1149934,1149934,0,178800
100,1.46E+08,1.78E+06,1149937,1149936,0,170800
100,1.46E+08,1.80E+06,1149940,1149940,0,173700
100,1.47E+08,1.78E+06,1149943,1149943,0,176000
100,1.47E+08,1.78E+06,1149944,1149944,0,178050
100,1.38E+08,1.78E+06,1149947,1149947,0,147200
100,1.47E+08,1.78E+06,1149948,1149946,0,176850
100,1.47E+08,1.78E+06,1149948,1149948,0,177300
100,1.45E+08,1.78E+06,1149949,1149949,0,169400
100,1.45E+08,1.80E+06,1149950,1149950,0,170700
100,1.47E+08,1.79E+06,1149951,1149951,0,178800
100,1.47E+08,1.78E+06,1149952,1149952,0,176350
100,1.45E+08,1.78E+06,1149953,1149953,0,169400
100,1.45E+08,1.78E+06,1149953,1149953,0,169400
100,1.40E+08,1.80E+06,1149955,1149955,0,154050
100,1.40E+08,1.80E+06,1149955,1149955,0,154050
100,1.47E+08,1.78E+06,1149957,1149957,0,178900
100,1.47E+08,1.78E+06,1149959,1149959,0,178800
100,1.47E+08,1.78E+06,1149960,1149960,0,178800
100,1.47E+08,1.79E+06,1149960,1149959,0,178800
100,1.47E+08,1.78E+06,1149962,1149962,0,176350
100,1.47E+08,1.79E+06,1149968,1149967,0,176850
100,1.47E+08,1.78E+06,1149968,1149968,0,176850
100,1.40E+08,1.78E+06,1149972,1149972,0,152950
100,1.47E+08,1.78E+06,1149972,1149972,0,176000
100,1.47E+08,1.79E+06,1149973,1149973,0,178800
100,1.47E+08,1.80E+06,1149975,1149974,0,176350
100,1.39E+08,1.80E+06,1149983,1149983,0,149750
100,1.47E+08,1.79E+06,1149986,1149985,0,177750
100,1.46E+08,1.79E+06,1149987,1149987,0,173850
100,1.47E+08,1.78E+06,1149987,1149987,0,178800
100,1.47E+08,1.79E+06,1149990,1149990,0,178900
100,1.43E+08,1.78E+06,1149991,1149987,0,163700
100,1.39E+08,1.78E+06,1149995,1149995,0,149800
100,1.47E+08,1.78E+06,1149997,1149997,0,178800
100,1.39E+08,1.78E+06,1149999,1149997,0,151950
100,1.36E+08,1.78E+06,1150000,1150000,0,139650
100,1.36E+08,1.78E+06,1150000,1150000,0,139650
100,1.36E+08,1.79E+06,1150000,1150000,0,139750
100,1.36E+08,1.79E+06,1150000,1150000,0,139750
100,1.36E+08,1.80E+06,1150000,1150000,0,139750
100,1.37E+08,1.78E+06,1150000,1150000,0,143900
100,1.37E+08,1.78E+06,1150000,1150000,0,143900
100,1.37E+08,1.78E+06,1150000,1150000,0,143900
100,1.37E+08,1.78E+06,1150000,1150000,0,144000
100,1.37E+08,1.78E+06,1150000,1150000,0,144000
100,1.37E+08,1.78E+06,1150000,1150000,0,144050
100,1.37E+08,1.78E+06,1150000,1150000,0,144050
100,1.38E+08,1.78E+06,1150000,1150000,0,147900
100,1.38E+08,1.78E+06,1150000,1150000,0,148300
100,1.38E+08,1.79E+06,1150000,1150000,0,148800
100,1.38E+08,1.78E+06,1150000,1150000,0,148800
100,1.39E+08,1.78E+06,1150000,1150000,0,149250
100,1.39E+08,1.78E+06,1150000,1150000,0,149300
100,1.39E+08,1.78E+06,1150000,1150000,0,149300
100,1.39E+08,1.81E+06,1150000,1150000,0,149300
100,1.39E+08,1.79E+06,1150000,1150000,0,149300
100,1.39E+08,1.78E+06,1150000,1150000,0,149300
100,1.39E+08,1.78E+06,1150000,1150000,0,149300
100,1.39E+08,1.80E+06,1150000,1150000,0,149500
100,1.39E+08,1.78E+06,1150000,1150000,0,149500
100,1.39E+08,1.79E+06,1150000,1150000,0,149500
100,1.39E+08,1.78E+06,1150000,1150000,0,149500
100,1.39E+08,1.78E+06,1150000,1150000,0,149500
100,1.39E+08,1.78E+06,1150000,1150000,0,149500
100,1.39E+08,1.79E+06,1150000,1150000,0,149500
100,1.39E+08,1.79E+06,1150000,1150000,0,149500
100,1.39E+08,1.78E+06,1150000,1150000,0,149500
100,1.39E+08,1.78E+06,1150000,1150000,0,149500
100,1.39E+08,1.78E+06,1150000,1150000,0,149500
100,1.39E+08,1.78E+06,1150000,1150000,0,149750
100,1.39E+08,1.78E+06,1150000,1150000,0,149800
100,1.39E+08,1.81E+06,1150000,1150000,0,149800
100,1.39E+08,1.78E+06,1150000,1150000,0,149800
100,1.39E+08,1.78E+06,1150000,1150000,0,149800
100,1.39E+08,1.78E+06,1150000,1150000,0,149800
100,1.39E+08,1.78E+06,1150000,1150000,0,149950
100,1.39E+08,1.78E+06,1150000,1150000,0,149950
100,1.39E+08,1.79E+06,1150000,1150000,0,149950
100,1.39E+08,1.78E+06,1150000,1150000,0,149950
100,1.39E+08,1.78E+06,1150000,1150000,0,150050
100,1.39E+08,1.79E+06,1150000,1150000,0,150050
100,1.39E+08,1.78E+06,1150000,1150000,0,150050
100,1.39E+08,1.78E+06,1150000,1150000,0,150050
100,1.39E+08,1.78E+06,1150000,1150000,0,150150
100,1.39E+08,1.79E+06,1150000,1150000,0,150150
100,1.39E+08,1.78E+06,1150000,1150000,0,150150
100,1.39E+08,1.80E+06,1150000,1150000,0,150150
100,1.39E+08,1.78E+06,1150000,1150000,0,150150
100,1.39E+08,1.81E+06,1150000,1150000,0,150150
100,1.39E+08,1.78E+06,1150000,1150000,0,150400
100,1.39E+08,1.79E+06,1150000,1150000,0,150400
100,1.39E+08,1.78E+06,1150000,1150000,0,150400
100,1.39E+08,1.78E+06,1150000,1150000,0,151850
100,1.39E+08,1.78E+06,1150000,1150000,0,151850
100,1.39E+08,1.78E+06,1150000,1150000,0,151850
100,1.39E+08,1.78E+06,1150000,1150000,0,151850
100,1.39E+08,1.78E+06,1150000,1150000,0,151850
100,1.39E+08,1.80E+06,1150000,1150000,0,151850
100,1.39E+08,1.79E+06,1150000,1150000,0,151850
100,1.39E+08,1.78E+06,1150000,1150000,0,151850
100,1.39E+08,1.78E+06,1150000,1150000,0,151900
100,1.39E+08,1.82E+06,1150000,1150000,0,151900
100,1.39E+08,1.78E+06,1150000,1150000,0,151900
100,1.39E+08,1.78E+06,1150000,1150000,0,151900
100,1.39E+08,1.78E+06,1150000,1150000,0,151900
100,1.39E+08,1.79E+06,1150000,1150000,0,151900
100,1.39E+08,1.79E+06,1150000,1150000,0,151900
100,1.39E+08,1.78E+06,1150000,1150000,0,151900
100,1.39E+08,1.80E+06,1150000,1150000,0,151900
100,1.39E+08,1.78E+06,1150000,1150000,0,151900
100,1.39E+08,1.80E+06,1150000,1150000,0,151950
100,1.39E+08,1.78E+06,1150000,1150000,0,151950
100,1.39E+08,1.78E+06,1150000,1150000,0,151950
100,1.39E+08,1.78E+06,1150000,1150000,0,151950
100,1.39E+08,1.78E+06,1150000,1150000,0,151950
100,1.39E+08,1.79E+06,1150000,1150000,0,151950
100,1.39E+08,1.79E+06,1150000,1150000,0,151950
100,1.39E+08,1.78E+06,1150000,1150000,0,151950
100,1.39E+08,1.78E+06,1150000,1150000,0,151950
100,1.39E+08,1.79E+06,1150000,1150000,0,151950
100,1.39E+08,1.78E+06,1150000,1150000,0,151950
100,1.39E+08,1.80E+06,1150000,1150000,0,151950
100,1.39E+08,1.79E+06,1150000,1150000,0,151950
100,1.39E+08,1.78E+06,1150000,1150000,0,151950
100,1.39E+08,1.78E+06,1150000,1150000,0,151950
100,1.39E+08,1.78E+06,1150000,1150000,0,151950
100,1.40E+08,1.78E+06,1150000,1150000,0,152200
100,1.40E+08,1.78E+06,1150000,1150000,0,152200
100,1.40E+08,1.78E+06,1150000,1150000,0,152200
100,1.40E+08,1.78E+06,1150000,1150000,0,152200
100,1.40E+08,1.79E+06,1150000,1150000,0,152300
100,1.40E+08,1.78E+06,1150000,1150000,0,152300
100,1.40E+08,1.81E+06,1150000,1150000,0,152300
100,1.40E+08,1.78E+06,1150000,1150000,0,152950
100,1.40E+08,1.78E+06,1150000,1150000,0,152950
100,1.40E+08,1.79E+06,1150000,1150000,0,152950
100,1.40E+08,1.78E+06,1150000,1150000,0,152950
100,1.40E+08,1.78E+06,1150000,1150000,0,152950
100,1.40E+08,1.81E+06,1150000,1150000,0,152950
100,1.40E+08,1.78E+06,1150000,1150000,0,152950
100,1.40E+08,1.78E+06,1150000,1150000,0,153050
100,1.43E+08,1.79E+06,1150000,1150000,0,160250
100,1.45E+08,1.78E+06,1150000,1150000,0,169400
100,1.45E+08,1.78E+06,1150000,1150000,0,169400
100,1.45E+08,1.78E+06,1150000,1150000,0,169400
100,1.45E+08,1.78E+06,1150000,1150000,0,169400
100,1.45E+08,1.78E+06,1150000,1150000,0,169400
100,1.45E+08,1.78E+06,1150000,1150000,0,169400
100,1.45E+08,1.79E+06,1150000,1150000,0,169400
100,1.45E+08,1.78E+06,1150000,1150000,0,169400
100,1.45E+08,1.78E+06,1150000,1150000,0,169400
100,1.45E+08,1.78E+06,1150000,1150000,0,169400
100,1.45E+08,1.78E+06,1150000,1150000,0,169400
100,1.45E+08,1.79E+06,1150000,1150000,0,169400
100,1.45E+08,1.80E+06,1150000,1150000,0,169400
100,1.45E+08,1.78E+06,1150000,1150000,0,169400
100,1.45E+08,1.79E+06,1150000,1150000,0,169400
100,1.45E+08,1.79E+06,1150000,1150000,0,169400
100,1.45E+08,1.80E+06,1150000,1150000,0,169400
100,1.45E+08,1.78E+06,1150000,1150000,0,169400
100,1.45E+08,1.78E+06,1150000,1150000,0,169400
100,1.45E+08,1.78E+06,1150000,1150000,0,169400
100,1.45E+08,1.78E+06,1150000,1150000,0,169400
100,1.45E+08,1.78E+06,1150000,1150000,0,169400
100,1.45E+08,1.78E+06,1150000,1150000,0,169400
100,1.45E+08,1.78E+06,1150000,1150000,0,169800
100,1.45E+08,1.78E+06,1150000,1150000,0,170700
100,1.45E+08,1.78E+06,1150000,1150000,0,170800
100,1.45E+08,1.79E+06,1150000,1150000,0,170800
100,1.45E+08,1.78E+06,1150000,1150000,0,170800
100,1.45E+08,1.78E+06,1150000,1150000,0,170800
100,1.45E+08,1.78E+06,1150000,1150000,0,170800
100,1.45E+08,1.78E+06,1150000,1150000,0,170800
100,1.45E+08,1.82E+06,1150000,1150000,0,170800
100,1.45E+08,1.78E+06,1150000,1150000,0,170800
100,1.45E+08,1.78E+06,1150000,1150000,0,170800
100,1.45E+08,1.79E+06,1150000,1150000,0,170800
100,1.45E+08,1.78E+06,1150000,1150000,0,170800
100,1.45E+08,1.78E+06,1150000,1150000,0,170800
100,1.45E+08,1.78E+06,1150000,1150000,0,170800
100,1.45E+08,1.78E+06,1150000,1150000,0,170800
100,1.45E+08,1.78E+06,1150000,1150000,0,170800
100,1.45E+08,1.78E+06,1150000,1150000,0,170800
100,1.45E+08,1.78E+06,1150000,1150000,0,170800
100,1.45E+08,1.80E+06,1150000,1150000,0,170800
100,1.45E+08,1.78E+06,1150000,1150000,0,170800
100,1.46E+08,1.78E+06,1150000,1150000,0,170800
100,1.46E+08,1.78E+06,1150000,1150000,0,170800
100,1.46E+08,1.78E+06,1150000,1150000,0,170800
100,1.46E+08,1.78E+06,1150000,1150000,0,170800
100,1.46E+08,1.79E+06,1150000,1150000,0,170800
100,1.46E+08,1.81E+06,1150000,1150000,0,170800
100,1.46E+08,1.80E+06,1150000,1150000,0,170800
100,1.46E+08,1.79E+06,1150000,1150000,0,170800
100,1.46E+08,1.78E+06,1150000,1150000,0,170800
100,1.46E+08,1.78E+06,1150000,1150000,0,170800
100,1.46E+08,1.79E+06,1150000,1150000,0,170800
100,1.46E+08,1.78E+06,1150000,1150000,0,170800
100,1.46E+08,1.79E+06,1150000,1150000,0,170800
100,1.46E+08,1.80E+06,1150000,1150000,0,170800
100,1.46E+08,1.78E+06,1150000,1150000,0,170800
100,1.46E+08,1.79E+06,1150000,1150000,0,170800
100,1.46E+08,1.79E+06,1150000,1150000,0,170800
100,1.46E+08,1.78E+06,1150000,1150000,0,170800
100,1.46E+08,1.78E+06,1150000,1150000,0,170800
100,1.46E+08,1.81E+06,1150000,1150000,0,170800
100,1.46E+08,1.78E+06,1150000,1150000,0,170800
100,1.46E+08,1.78E+06,1150000,1150000,0,170800
100,1.46E+08,1.78E+06,1150000,1150000,0,170800
100,1.46E+08,1.81E+06,1150000,1150000,0,170800
100,1.46E+08,1.78E+06,1150000,1150000,0,170800
100,1.46E+08,1.78E+06,1150000,1150000,0,170800
100,1.46E+08,1.78E+06,1150000,1150000,0,170800
100,1.46E+08,1.78E+06,1150000,1150000,0,170800
100,1.46E+08,1.79E+06,1150000,1150000,0,170800
100,1.46E+08,1.78E+06,1150000,1150000,0,170800
100,1.46E+08,1.79E+06,1150000,1150000,0,171150
100,1.46E+08,1.78E+06,1150000,1150000,0,171150
100,1.46E+08,1.80E+06,1150000,1150000,0,171150
100,1.46E+08,1.79E+06,1150000,1150000,0,171150
100,1.46E+08,1.78E+06,1150000,1150000,0,171150
100,1.46E+08,1.78E+06,1150000,1150000,0,171350
100,1.46E+08,1.78E+06,1150000,1150000,0,171350
100,1.46E+08,1.78E+06,1150000,1150000,0,171350
100,1.46E+08,1.79E+06,1150000,1150000,0,171350
100,1.46E+08,1.80E+06,1150000,1150000,0,171350
100,1.46E+08,1.78E+06,1150000,1150000,0,171350
100,1.46E+08,1.80E+06,1150000,1150000,0,171350
100,1.46E+08,1.78E+06,1150000,1150000,0,171350
100,1.46E+08,1.78E+06,1150000,1150000,0,171350
100,1.46E+08,1.79E+06,1150000,1150000,0,171350
100,1.46E+08,1.78E+06,1150000,1150000,0,171350
100,1.46E+08,1.78E+06,1150000,1150000,0,171350
100,1.46E+08,1.79E+06,1150000,1150000,0,171350
100,1.46E+08,1.78E+06,1150000,1150000,0,171350
100,1.46E+08,1.78E+06,1150000,1150000,0,171350
100,1.46E+08,1.80E+06,1150000,1150000,0,172050
100,1.46E+08,1.80E+06,1150000,1150000,0,172050
100,1.46E+08,1.78E+06,1150000,1150000,0,172050
100,1.46E+08,1.80E+06,1150000,1150000,0,172050
100,1.46E+08,1.78E+06,1150000,1150000,0,172950
100,1.46E+08,1.78E+06,1150000,1150000,0,173000
100,1.46E+08,1.80E+06,1150000,1150000,0,173000
100,1.46E+08,1.78E+06,1150000,1150000,0,173000
100,1.46E+08,1.78E+06,1150000,1150000,0,173000
100,1.46E+08,1.79E+06,1150000,1150000,0,173850
100,1.46E+08,1.78E+06,1150000,1150000,0,173850
100,1.46E+08,1.79E+06,1150000,1150000,0,173850
100,1.46E+08,1.80E+06,1150000,1150000,0,173850
100,1.46E+08,1.78E+06,1150000,1150000,0,173850
100,1.46E+08,1.78E+06,1150000,1150000,0,173850
100,1.46E+08,1.79E+06,1150000,1150000,0,173850
100,1.46E+08,1.80E+06,1150000,1150000,0,173850
100,1.46E+08,1.79E+06,1150000,1150000,0,173850
100,1.46E+08,1.82E+06,1150000,1150000,0,173850
100,1.46E+08,1.82E+06,1150000,1150000,0,173850
100,1.46E+08,1.78E+06,1150000,1150000,0,173850
100,1.46E+08,1.78E+06,1150000,1150000,0,173850
100,1.46E+08,1.78E+06,1150000,1150000,0,173850
100,1.46E+08,1.80E+06,1150000,1150000,0,173850
100,1.46E+08,1.80E+06,1150000,1150000,0,173850
100,1.46E+08,1.82E+06,1150000,1150000,0,173850
100,1.46E+08,1.80E+06,1150000,1150000,0,173850
100,1.46E+08,1.80E+06,1150000,1150000,0,173850
100,1.46E+08,1.78E+06,1150000,1150000,0,173850
100,1.46E+08,1.82E+06,1150000,1150000,0,173850
100,1.46E+08,1.78E+06,1150000,1150000,0,173850
100,1.46E+08,1.79E+06,1150000,1150000,0,173850
100,1.46E+08,1.78E+06,1150000,1150000,0,173850
100,1.46E+08,1.78E+06,1150000,1150000,0,174850
100,1.46E+08,1.79E+06,1150000,1150000,0,174850
100,1.46E+08,1.78E+06,1150000,1150000,0,174850
100,1.46E+08,1.78E+06,1150000,1150000,0,174850
100,1.46E+08,1.80E+06,1150000,1150000,0,175250
100,1.46E+08,1.79E+06,1150000,1150000,0,175250
100,1.46E+08,1.79E+06,1150000,1150000,0,175250
100,1.46E+08,1.78E+06,1150000,1150000,0,175250
100,1.46E+08,1.80E+06,1150000,1150000,0,175250
100,1.46E+08,1.78E+06,1150000,1150000,0,175250
100,1.46E+08,1.78E+06,1150000,1150000,0,175250
100,1.46E+08,1.78E+06,1150000,1150000,0,175250
100,1.46E+08,1.78E+06,1150000,1150000,0,175250
100,1.46E+08,1.78E+06,1150000,1150000,0,175250
100,1.46E+08,1.78E+06,1150000,1150000,0,175250
100,1.46E+08,1.79E+06,1150000,1150000,0,175250
100,1.46E+08,1.80E+06,1150000,1150000,0,175250
100,1.46E+08,1.78E+06,1150000,1150000,0,175250
100,1.46E+08,1.81E+06,1150000,1150000,0,175250
100,1.46E+08,1.81E+06,1150000,1150000,0,175250
100,1.46E+08,1.78E+06,1150000,1150000,0,175250
100,1.46E+08,1.79E+06,1150000,1150000,0,175250
100,1.46E+08,1.80E+06,1150000,1150000,0,175250
100,1.46E+08,1.80E+06,1150000,1150000,0,175250
100,1.46E+08,1.78E+06,1150000,1150000,0,175250
100,1.46E+08,1.80E+06,1150000,1150000,0,175250
100,1.46E+08,1.78E+06,1150000,1150000,0,175250
100,1.46E+08,1.80E+06,1150000,1150000,0,175250
100,1.47E+08,1.78E+06,1150000,1150000,0,176000
100,1.47E+08,1.81E+06,1150000,1150000,0,176000
100,1.47E+08,1.79E+06,1150000,1150000,0,176000
100,1.47E+08,1.78E+06,1150000,1150000,0,176000
100,1.47E+08,1.78E+06,1150000,1150000,0,176000
100,1.47E+08,1.78E+06,1150000,1150000,0,176000
100,1.47E+08,1.78E+06,1150000,1150000,0,176000
100,1.47E+08,1.78E+06,1150000,1150000,0,176000
100,1.47E+08,1.78E+06,1150000,1150000,0,176000
100,1.47E+08,1.79E+06,1150000,1150000,0,176000
100,1.47E+08,1.83E+06,1150000,1150000,0,176000
100,1.47E+08,1.80E+06,1150000,1150000,0,176000
100,1.47E+08,1.78E+06,1150000,1150000,0,176000
100,1.47E+08,1.78E+06,1150000,1150000,0,176000
100,1.47E+08,1.78E+06,1150000,1150000,0,176000
100,1.47E+08,1.79E+06,1150000,1150000,0,176000
100,1.47E+08,1.79E+06,1150000,1150000,0,176000
100,1.47E+08,1.80E+06,1150000,1150000,0,176000
100,1.47E+08,1.80E+06,1150000,1150000,0,176000
100,1.47E+08,1.79E+06,1150000,1150000,0,176000
100,1.47E+08,1.78E+06,1150000,1150000,0,176000
100,1.47E+08,1.78E+06,1150000,1150000,0,176000
100,1.47E+08,1.78E+06,1150000,1150000,0,176000
100,1.47E+08,1.78E+06,1150000,1150000,0,176000
100,1.47E+08,1.78E+06,1150000,1150000,0,176000
100,1.47E+08,1.78E+06,1150000,1150000,0,176000
100,1.47E+08,1.82E+06,1150000,1150000,0,176000
100,1.47E+08,1.78E+06,1150000,1150000,0,176000
100,1.47E+08,1.79E+06,1150000,1150000,0,176000
100,1.47E+08,1.78E+06,1150000,1150000,0,176000
100,1.47E+08,1.80E+06,1150000,1150000,0,176000
100,1.47E+08,1.80E+06,1150000,1150000,0,176000
100,1.47E+08,1.78E+06,1150000,1150000,0,176000
100,1.47E+08,1.80E+06,1150000,1150000,0,176000
100,1.47E+08,1.82E+06,1150000,1150000,0,176000
100,1.47E+08,1.79E+06,1150000,1150000,0,176000
100,1.47E+08,1.81E+06,1150000,1150000,0,176200
100,1.47E+08,1.81E+06,1150000,1150000,0,176200
100,1.47E+08,1.80E+06,1150000,1150000,0,176200
100,1.47E+08,1.78E+06,1150000,1150000,0,176200
100,1.47E+08,1.82E+06,1150000,1150000,0,176350
100,1.47E+08,1.78E+06,1150000,1150000,0,176350
100,1.47E+08,1.78E+06,1150000,1150000,0,176350
100,1.47E+08,1.79E+06,1150000,1150000,0,176350
100,1.47E+08,1.78E+06,1150000,1150000,0,176350
100,1.47E+08,1.79E+06,1150000,1150000,0,176350
100,1.47E+08,1.78E+06,1150000,1150000,0,176350
100,1.47E+08,1.78E+06,1150000,1150000,0,176350
100,1.47E+08,1.80E+06,1150000,1150000,0,176350
100,1.47E+08,1.78E+06,1150000,1150000,0,176350
100,1.47E+08,1.80E+06,1150000,1150000,0,176350
100,1.47E+08,1.78E+06,1150000,1150000,0,176350
100,1.47E+08,1.78E+06,1150000,1150000,0,176350
100,1.47E+08,1.79E+06,1150000,1150000,0,176350
100,1.47E+08,1.80E+06,1150000,1150000,0,176350
100,1.47E+08,1.80E+06,1150000,1150000,0,176350
100,1.47E+08,1.80E+06,1150000,1150000,0,176350
100,1.47E+08,1.78E+06,1150000,1150000,0,176350
100,1.47E+08,1.81E+06,1150000,1150000,0,176350
100,1.47E+08,1.79E+06,1150000,1150000,0,176350
100,1.47E+08,1.78E+06,1150000,1150000,0,176350
100,1.47E+08,1.82E+06,1150000,1150000,0,176350
100,1.47E+08,1.78E+06,1150000,1150000,0,176350
100,1.47E+08,1.78E+06,1150000,1150000,0,176350
100,1.47E+08,1.80E+06,1150000,1150000,0,176350
100,1.47E+08,1.78E+06,1150000,1150000,0,176350
100,1.47E+08,1.81E+06,1150000,1150000,0,176350
100,1.47E+08,1.78E+06,1150000,1150000,0,176350
100,1.47E+08,1.78E+06,1150000,1150000,0,176350
100,1.47E+08,1.78E+06,1150000,1150000,0,176350
100,1.47E+08,1.78E+06,1150000,1150000,0,176850
100,1.47E+08,1.80E+06,1150000,1150000,0,176850
100,1.47E+08,1.78E+06,1150000,1150000,0,176850
100,1.47E+08,1.80E+06,1150000,1150000,0,176850
100,1.47E+08,1.79E+06,1150000,1150000,0,176850
100,1.47E+08,1.79E+06,1150000,1150000,0,176850
100,1.47E+08,1.78E+06,1150000,1150000,0,176850
100,1.47E+08,1.78E+06,1150000,1150000,0,176850
100,1.47E+08,1.79E+06,1150000,1150000,0,176850
100,1.47E+08,1.78E+06,1150000,1150000,0,176850
100,1.47E+08,1.78E+06,1150000,1150000,0,176850
100,1.47E+08,1.78E+06,1150000,1150000,0,176850
100,1.47E+08,1.81E+06,1150000,1150000,0,176850
100,1.47E+08,1.80E+06,1150000,1150000,0,176850
100,1.47E+08,1.79E+06,1150000,1150000,0,176850
100,1.47E+08,1.82E+06,1150000,1150000,0,176850
100,1.47E+08,1.78E+06,1150000,1150000,0,176850
100,1.47E+08,1.78E+06,1150000,1150000,0,176850
100,1.47E+08,1.79E+06,1150000,1150000,0,176850
100,1.47E+08,1.78E+06,1150000,1150000,0,176850
100,1.47E+08,1.78E+06,1150000,1150000,0,176850
100,1.47E+08,1.79E+06,1150000,1150000,0,176850
100,1.47E+08,1.83E+06,1150000,1150000,0,176850
100,1.47E+08,1.80E+06,1150000,1150000,0,176850
100,1.47E+08,1.78E+06,1150000,1150000,0,176850
100,1.47E+08,1.78E+06,1150000,1150000,0,176850
100,1.47E+08,1.78E+06,1150000,1150000,0,176850
100,1.47E+08,1.78E+06,1150000,1150000,0,177000
100,1.47E+08,1.81E+06,1150000,1150000,0,177100
100,1.47E+08,1.79E+06,1150000,1150000,0,177100
100,1.47E+08,1.78E+06,1150000,1150000,0,177100
100,1.47E+08,1.78E+06,1150000,1150000,0,177100
100,1.47E+08,1.78E+06,1150000,1150000,0,177100
100,1.47E+08,1.78E+06,1150000,1150000,0,177100
100,1.47E+08,1.79E+06,1150000,1150000,0,177100
100,1.47E+08,1.81E+06,1150000,1150000,0,177100
100,1.47E+08,1.78E+06,1150000,1150000,0,177100
100,1.47E+08,1.78E+06,1150000,1150000,0,177100
100,1.47E+08,1.78E+06,1150000,1150000,0,177100
100,1.47E+08,1.78E+06,1150000,1150000,0,177100
100,1.47E+08,1.79E+06,1150000,1150000,0,177100
100,1.47E+08,1.79E+06,1150000,1150000,0,177100
100,1.47E+08,1.80E+06,1150000,1150000,0,177100
100,1.47E+08,1.80E+06,1150000,1150000,0,177100
100,1.47E+08,1.79E+06,1150000,1150000,0,177150
100,1.47E+08,1.80E+06,1150000,1150000,0,177150
100,1.47E+08,1.78E+06,1150000,1150000,0,177150
100,1.47E+08,1.78E+06,1150000,1150000,0,177150
100,1.47E+08,1.80E+06,1150000,1150000,0,177150
100,1.47E+08,1.78E+06,1150000,1150000,0,177150
100,1.47E+08,1.78E+06,1150000,1150000,0,177150
100,1.47E+08,1.78E+06,1150000,1150000,0,177150
100,1.47E+08,1.79E+06,1150000,1150000,0,177150
100,1.47E+08,1.80E+06,1150000,1150000,0,177150
100,1.47E+08,1.78E+06,1150000,1150000,0,177150
100,1.47E+08,1.78E+06,1150000,1150000,0,177150
100,1.47E+08,1.78E+06,1150000,1150000,0,177150
100,1.47E+08,1.78E+06,1150000,1150000,0,177150
100,1.47E+08,1.78E+06,1150000,1150000,0,177150
100,1.47E+08,1.78E+06,1150000,1150000,0,177150
100,1.47E+08,1.79E+06,1150000,1150000,0,177150
100,1.47E+08,1.80E+06,1150000,1150000,0,177150
100,1.47E+08,1.78E+06,1150000,1150000,0,177150
100,1.47E+08,1.80E+06,1150000,1150000,0,177150
100,1.47E+08,1.80E+06,1150000,1150000,0,177150
100,1.47E+08,1.78E+06,1150000,1150000,0,177150
100,1.47E+08,1.78E+06,1150000,1150000,0,177150
100,1.47E+08,1.78E+06,1150000,1150000,0,177150
100,1.47E+08,1.79E+06,1150000,1150000,0,177300
100,1.47E+08,1.79E+06,1150000,1150000,0,177300
100,1.47E+08,1.81E+06,1150000,1150000,0,177300
100,1.47E+08,1.80E+06,1150000,1150000,0,177300
100,1.47E+08,1.78E+06,1150000,1150000,0,177300
100,1.47E+08,1.79E+06,1150000,1150000,0,177300
100,1.47E+08,1.78E+06,1150000,1150000,0,177300
100,1.47E+08,1.79E+06,1150000,1150000,0,177300
100,1.47E+08,1.78E+06,1150000,1150000,0,177300
100,1.47E+08,1.78E+06,1150000,1150000,0,177300
100,1.47E+08,1.78E+06,1150000,1150000,0,177300
100,1.47E+08,1.78E+06,1150000,1150000,0,177300
100,1.47E+08,1.78E+06,1150000,1150000,0,177300
100,1.47E+08,1.78E+06,1150000,1150000,0,177300
100,1.47E+08,1.80E+06,1150000,1150000,0,177300
100,1.47E+08,1.80E+06,1150000,1150000,0,177300
100,1.47E+08,1.79E+06,1150000,1150000,0,177300
100,1.47E+08,1.78E+06,1150000,1150000,0,177300
100,1.47E+08,1.80E+06,1150000,1150000,0,177300
100,1.47E+08,1.78E+06,1150000,1150000,0,177300
100,1.47E+08,1.79E+06,1150000,1150000,0,177300
100,1.47E+08,1.78E+06,1150000,1150000,0,177300
100,1.47E+08,1.78E+06,1150000,1150000,0,177300
100,1.47E+08,1.80E+06,1150000,1150000,0,177300
100,1.47E+08,1.78E+06,1150000,1150000,0,177300
100,1.47E+08,1.78E+06,1150000,1150000,0,177300
100,1.47E+08,1.81E+06,1150000,1150000,0,177300
100,1.47E+08,1.78E+06,1150000,1150000,0,177300
100,1.47E+08,1.79E+06,1150000,1150000,0,177300
100,1.47E+08,1.78E+06,1150000,1150000,0,177300
100,1.47E+08,1.78E+06,1150000,1150000,0,177300
100,1.47E+08,1.80E+06,1150000,1150000,0,177300
100,1.47E+08,1.78E+06,1150000,1150000,0,177300
100,1.47E+08,1.78E+06,1150000,1150000,0,177400
100,1.47E+08,1.81E+06,1150000,1150000,0,177400
100,1.47E+08,1.78E+06,1150000,1150000,0,177400
100,1.47E+08,1.79E+06,1150000,1150000,0,177400
100,1.47E+08,1.78E+06,1150000,1150000,0,177400
100,1.47E+08,1.78E+06,1150000,1150000,0,177400
100,1.47E+08,1.78E+06,1150000,1150000,0,177400
100,1.47E+08,1.78E+06,1150000,1150000,0,177400
100,1.47E+08,1.81E+06,1150000,1150000,0,177400
100,1.47E+08,1.80E+06,1150000,1150000,0,177400
100,1.47E+08,1.78E+06,1150000,1150000,0,177400
100,1.47E+08,1.78E+06,1150000,1150000,0,177400
100,1.47E+08,1.78E+06,1150000,1150000,0,177750
100,1.47E+08,1.78E+06,1150000,1150000,0,177750
100,1.47E+08,1.79E+06,1150000,1150000,0,177750
100,1.47E+08,1.78E+06,1150000,1150000,0,177750
100,1.47E+08,1.80E+06,1150000,1150000,0,177750
100,1.47E+08,1.79E+06,1150000,1150000,0,177750
100,1.47E+08,1.78E+06,1150000,1150000,0,177750
100,1.47E+08,1.78E+06,1150000,1150000,0,177750
100,1.47E+08,1.78E+06,1150000,1150000,0,177750
100,1.47E+08,1.81E+06,1150000,1150000,0,177750
100,1.47E+08,1.78E+06,1150000,1150000,0,177750
100,1.47E+08,1.79E+06,1150000,1150000,0,177750
100,1.47E+08,1.78E+06,1150000,1150000,0,177750
100,1.47E+08,1.79E+06,1150000,1150000,0,177750
100,1.47E+08,1.81E+06,1150000,1150000,0,177750
100,1.47E+08,1.82E+06,1150000,1150000,0,177750
100,1.47E+08,1.78E+06,1150000,1150000,0,177750
100,1.47E+08,1.78E+06,1150000,1150000,0,177750
100,1.47E+08,1.78E+06,1150000,1150000,0,177750
100,1.47E+08,1.78E+06,1150000,1150000,0,177750
100,1.47E+08,1.79E+06,1150000,1150000,0,177750
100,1.47E+08,1.78E+06,1150000,1150000,0,177750
100,1.47E+08,1.81E+06,1150000,1150000,0,177750
100,1.47E+08,1.78E+06,1150000,1150000,0,177750
100,1.47E+08,1.82E+06,1150000,1150000,0,177750
100,1.47E+08,1.79E+06,1150000,1150000,0,177750
100,1.47E+08,1.79E+06,1150000,1150000,0,177750
100,1.47E+08,1.78E+06,1150000,1150000,0,177750
100,1.47E+08,1.78E+06,1150000,1150000,0,177750
100,1.47E+08,1.78E+06,1150000,1150000,0,178050
100,1.47E+08,1.79E+06,1150000,1150000,0,178050
100,1.47E+08,1.81E+06,1150000,1150000,0,178050
100,1.47E+08,1.78E+06,1150000,1150000,0,178050
100,1.47E+08,1.79E+06,1150000,1150000,0,178050
100,1.47E+08,1.78E+06,1150000,1150000,0,178050
100,1.47E+08,1.78E+06,1150000,1150000,0,178050
100,1.47E+08,1.79E+06,1150000,1150000,0,178050
100,1.47E+08,1.78E+06,1150000,1150000,0,178050
100,1.47E+08,1.79E+06,1150000,1150000,0,178050
100,1.47E+08,1.78E+06,1150000,1150000,0,178050
100,1.47E+08,1.79E+06,1150000,1150000,0,178050
100,1.47E+08,1.78E+06,1150000,1150000,0,178250
100,1.47E+08,1.82E+06,1150000,1150000,0,178250
100,1.47E+08,1.78E+06,1150000,1150000,0,178250
100,1.47E+08,1.78E+06,1150000,1150000,0,178250
100,1.47E+08,1.79E+06,1150000,1150000,0,178250
100,1.47E+08,1.78E+06,1150000,1150000,0,178250
100,1.47E+08,1.78E+06,1150000,1150000,0,178250
100,1.47E+08,1.78E+06,1150000,1150000,0,178250
100,1.47E+08,1.78E+06,1150000,1150000,0,178400
100,1.47E+08,1.78E+06,1150000,1150000,0,178400
100,1.47E+08,1.81E+06,1150000,1150000,0,178400
100,1.47E+08,1.78E+06,1150000,1150000,0,178400
100,1.47E+08,1.78E+06,1150000,1150000,0,178400
100,1.47E+08,1.78E+06,1150000,1150000,0,178400
100,1.47E+08,1.79E+06,1150000,1150000,0,178400
100,1.47E+08,1.79E+06,1150000,1150000,0,178400
100,1.47E+08,1.78E+06,1150000,1150000,0,178400
100,1.47E+08,1.81E+06,1150000,1150000,0,178400
100,1.47E+08,1.84E+06,1150000,1150000,0,178400
100,1.47E+08,1.81E+06,1150000,1150000,0,178400
100,1.47E+08,1.78E+06,1150000,1150000,0,178400
100,1.47E+08,1.80E+06,1150000,1150000,0,178400
100,1.47E+08,1.79E+06,1150000,1150000,0,178400
100,1.47E+08,1.78E+06,1150000,1150000,0,178400
100,1.47E+08,1.78E+06,1150000,1150000,0,178400
100,1.47E+08,1.83E+06,1150000,1150000,0,178400
100,1.47E+08,1.78E+06,1150000,1150000,0,178400
100,1.47E+08,1.81E+06,1150000,1150000,0,178400
100,1.47E+08,1.78E+06,1150000,1150000,0,178400
100,1.47E+08,1.78E+06,1150000,1150000,0,178400
100,1.47E+08,1.79E+06,1150000,1150000,0,178400
100,1.47E+08,1.78E+06,1150000,1150000,0,178400
100,1.47E+08,1.78E+06,1150000,1150000,0,178400
100,1.47E+08,1.78E+06,1150000,1150000,0,178400
100,1.47E+08,1.80E+06,1150000,1150000,0,178800
100,1.47E+08,1.80E+06,1150000,1150000,0,178800
100,1.47E+08,1.79E+06,1150000,1150000,0,178800
100,1.47E+08,1.78E+06,1150000,1150000,0,178800
100,1.47E+08,1.78E+06,1150000,1150000,0,178800
100,1.47E+08,1.78E+06,1150000,1150000,0,178800
100,1.47E+08,1.78E+06,1150000,1150000,0,178800
100,1.47E+08,1.78E+06,1150000,1150000,0,178800
100,1.47E+08,1.79E+06,1150000,1150000,0,178800
100,1.47E+08,1.78E+06,1150000,1150000,0,178800
100,1.47E+08,1.78E+06,1150000,1150000,0,178800
100,1.47E+08,1.78E+06,1150000,1150000,0,178800
100,1.47E+08,1.80E+06,1150000,1150000,0,178800
100,1.47E+08,1.80E+06,1150000,1150000,0,178800
100,1.47E+08,1.80E+06,1150000,1150000,0,178800
100,1.47E+08,1.78E+06,1150000,1150000,0,178800
100,1.47E+08,1.80E+06,1150000,1150000,0,178800
100,1.47E+08,1.78E+06,1150000,1150000,0,178800
100,1.47E+08,1.78E+06,1150000,1150000,0,178800
100,1.47E+08,1.81E+06,1150000,1150000,0,178800
100,1.47E+08,1.78E+06,1150000,1150000,0,178800
100,1.47E+08,1.78E+06,1150000,1150000,0,178800
100,1.47E+08,1.81E+06,1150000,1150000,0,178800
100,1.47E+08,1.78E+06,1150000,1150000,0,178800
100,1.47E+08,1.78E+06,1150000,1150000,0,178800
100,1.47E+08,1.78E+06,1150000,1150000,0,178800
100,1.47E+08,1.81E+06,1150000,1150000,0,178800
100,1.47E+08,1.78E+06,1150000,1150000,0,178800
100,1.47E+08,1.79E+06,1150000,1150000,0,178800
100,1.47E+08,1.82E+06,1150000,1150000,0,178800
100,1.47E+08,1.78E+06,1150000,1150000,0,178800
100,1.47E+08,1.78E+06,1150000,1150000,0,178800
100,1.47E+08,1.78E+06,1150000,1150000,0,178800
100,1.47E+08,1.78E+06,1150000,1150000,0,178800
100,1.47E+08,1.78E+06,1150000,1150000,0,178800
100,1.47E+08,1.78E+06,1150000,1150000,0,178800
100,1.47E+08,1.78E+06,1150000,1150000,0,178800
100,1.47E+08,1.79E+06,1150000,1150000,0,178800
100,1.47E+08,1.81E+06,1150000,1150000,0,178800
100,1.47E+08,1.78E+06,1150000,1150000,0,178800
100,1.47E+08,1.78E+06,1150000,1150000,0,178800
100,1.47E+08,1.78E+06,1150000,1150000,0,178800
100,1.47E+08,1.80E+06,1150000,1150000,0,178800
100,1.47E+08,1.78E+06,1150000,1150000,0,178800
100,1.47E+08,1.78E+06,1150000,1150000,0,178800
100,1.47E+08,1.78E+06,1150000,1150000,0,178800
100,1.47E+08,1.78E+06,1150000,1150000,0,178800
100,1.47E+08,1.78E+06,1150000,1150000,0,178800
100,1.47E+08,1.78E+06,1150000,1150000,0,178800
100,1.47E+08,1.80E+06,1150000,1150000,0,178800
100,1.47E+08,1.78E+06,1150000,1150000,0,178900
100,1.47E+08,1.79E+06,1150000,1150000,0,178900
100,1.47E+08,1.82E+06,1150000,1150000,0,178900
100,1.47E+08,1.80E+06,1150000,1150000,0,178900
100,1.47E+08,1.78E+06,1150000,1150000,0,178900
100,1.47E+08,1.79E+06,1150000,1150000,0,178900
100,1.47E+08,1.78E+06,1150000,1150000,0,178900
100,1.47E+08,1.79E+06,1150000,1150000,0,178900
100,1.41E+08,1.80E+06,1150003,1150003,0,156000
100,1.45E+08,1.78E+06,1150026,1150027,0,168900
100,1.44E+08,1.78E+06,1150027,1150028,0,167400
100,1.39E+08,1.78E+06,1150028,1150028,0,151950
100,1.47E+08,1.78E+06,1150036,1150035,0,176850
100,1.36E+08,1.78E+06,1150041,1150041,0,139550
100,1.36E+08,1.78E+06,1150044,1150044,0,139650
100,1.39E+08,1.78E+06,1150054,1150053,0,151900
100,1.41E+08,1.78E+06,1150055,1150054,0,155700
100,1.41E+08,1.78E+06,1150057,1150057,0,156300
100,1.47E+08,1.78E+06,1150064,1150064,0,176000
100,1.46E+08,1.81E+06,1150072,1150072,0,173850
100,1.40E+08,1.78E+06,1150074,1150072,0,154050
100,1.44E+08,1.78E+06,1150081,1150081,0,163900
100,1.37E+08,1.78E+06,1150084,1150084,0,144050
100,1.39E+08,1.78E+06,1150105,1150106,0,149600
100,1.36E+08,1.78E+06,1150113,1150113,0,139550
100,1.40E+08,1.78E+06,1150123,1150123,0,154300
100,1.40E+08,1.78E+06,1150142,1150142,0,153050
100,1.43E+08,1.81E+06,1150149,1150149,0,161400
100,1.40E+08,1.78E+06,1150150,1150144,0,152950
100,1.47E+08,1.84E+06,1150153,1150151,0,177750
100,1.36E+08,1.78E+06,1150154,1150154,0,139650
100,1.40E+08,1.78E+06,1150200,1150199,0,153050
100,1.43E+08,1.78E+06,1150210,1150210,0,163200
100,1.45E+08,1.78E+06,1150214,1150214,0,168900
100,1.47E+08,1.78E+06,1150221,1150221,0,177400
100,1.43E+08,1.78E+06,1150242,1150241,0,163550
100,1.43E+08,1.78E+06,1150249,1150248,0,160800
100,1.45E+08,1.79E+06,1150250,1150250,0,168750
100,1.47E+08,1.78E+06,1150273,1150271,0,178400
100,1.45E+08,1.79E+06,1150328,1150328,0,168900
100,1.46E+08,1.82E+06,1150328,1150328,0,170850
100,1.36E+08,1.78E+06,1150330,1150327,0,139300
100,1.36E+08,1.78E+06,1150333,1150334,0,142750
100,1.47E+08,1.78E+06,1150335,1150336,0,178800
100,1.45E+08,1.80E+06,1150336,1150336,0,168900
100,1.40E+08,1.78E+06,1150343,1150343,0,153200
100,1.42E+08,1.80E+06,1150359,1150358,0,159100
100,1.47E+08,1.80E+06,1150364,1150364,0,177300
100,1.38E+08,1.78E+06,1150394,1150394,0,147800
100,1.39E+08,1.84E+06,1150400,1150400,0,151900
100,1.36E+08,1.78E+06,1150402,1150402,0,139300
100,1.42E+08,1.81E+06,1150411,1150408,0,158900
100,1.47E+08,1.78E+06,1150414,1150414,0,178900
100,1.47E+08,1.78E+06,1150415,1150414,0,178400
100,1.40E+08,1.78E+06,1150416,1150416,0,152950
100,1.41E+08,1.78E+06,1150421,1150421,0,157850
100,1.36E+08,1.78E+06,1150426,1150426,0,139550
100,1.43E+08,1.78E+06,1150432,1150432,0,160800
100,1.36E+08,1.78E+06,1150445,1150443,0,139300
100,1.45E+08,1.79E+06,1150446,1150446,0,168650
100,1.47E+08,1.78E+06,1150454,1150452,0,177750
100,1.36E+08,1.85E+06,1150456,1150456,0,139300
100,1.45E+08,1.80E+06,1150463,1150463,0,170800
100,1.36E+08,1.78E+06,1150465,1150462,0,143350
100,1.39E+08,1.82E+06,1150467,1150466,0,149800
100,1.36E+08,1.78E+06,1150471,1150470,0,139650
100,1.43E+08,1.78E+06,1150475,1150476,0,163550
100,1.40E+08,1.78E+06,1150486,1150488,0,153750
100,1.47E+08,1.80E+06,1150486,1150479,0,177400
100,1.36E+08,1.78E+06,1150500,1150500,0,139300
100,1.45E+08,1.81E+06,1150512,1150512,0,168750
100,1.36E+08,1.78E+06,1150513,1150512,0,139300
100,1.36E+08,1.78E+06,1150517,1150517,0,139300
100,1.40E+08,1.80E+06,1150517,1150516,0,153200
100,1.40E+08,1.78E+06,1150520,1150520,0,153200
100,1.44E+08,1.78E+06,1150536,1150536,0,165650
100,1.36E+08,1.78E+06,1150550,1150550,0,139300
100,1.45E+08,1.78E+06,1150555,1150555,0,169400
100,1.41E+08,1.78E+06,1150575,1150578,0,156700
100,1.44E+08,1.78E+06,1150576,1150574,0,165650
100,1.43E+08,1.80E+06,1150579,1150579,0,163250
100,1.40E+08,1.80E+06,1150591,1150591,0,153050
100,1.40E+08,1.78E+06,1150593,1150592,0,152950
100,1.45E+08,1.78E+06,1150596,1150596,0,168900
100,1.39E+08,1.78E+06,1150617,1150617,0,150400
100,1.46E+08,1.80E+06,1150619,1150619,0,170800
100,1.47E+08,1.80E+06,1150624,1150624,0,176350
100,1.41E+08,1.78E+06,1150627,1150627,0,156700
100,1.45E+08,1.81E+06,1150642,1150637,0,169400
100,1.40E+08,1.78E+06,1150644,1150643,0,154050
100,1.47E+08,1.82E+06,1150645,1150644,0,178250
100,1.36E+08,1.78E+06,1150653,1150654,0,142750
100,1.45E+08,1.78E+06,1150667,1150668,0,168900
100,1.44E+08,1.78E+06,1150679,1150679,0,165350
100,1.39E+08,1.78E+06,1150694,1150694,0,150400
100,1.47E+08,1.78E+06,1150696,1150696,0,176000
100,1.41E+08,1.78E+06,1150703,1150703,0,157850
100,1.36E+08,1.80E+06,1150710,1150707,0,142000
100,1.41E+08,1.78E+06,1150713,1150714,0,156300
100,1.36E+08,1.78E+06,1150728,1150729,0,139300
100,1.44E+08,1.79E+06,1150731,1150731,0,165350
100,1.45E+08,1.78E+06,1150752,1150752,0,169400
100,1.36E+08,1.78E+06,1150758,1150755,0,139550
100,1.36E+08,1.80E+06,1150768,1150768,0,142750
100,1.40E+08,1.78E+06,1150785,1150787,0,153750
100,1.39E+08,1.79E+06,1150787,1150786,0,151950
100,1.36E+08,1.80E+06,1150806,1150804,0,139150
100,1.45E+08,1.78E+06,1150817,1150822,0,168750
100,1.45E+08,1.78E+06,1150824,1150825,0,168750
100,1.39E+08,1.78E+06,1150848,1150846,0,151950
100,1.35E+08,2.31E+06,1150876,1150875,0,138750
100,1.39E+08,1.79E+06,1150878,1150881,0,149750
100,1.41E+08,1.87E+06,1150880,1150880,0,157850
100,1.45E+08,1.78E+06,1150881,1150877,0,170800
100,1.40E+08,1.78E+06,1150904,1150904,0,154050
100,1.43E+08,1.78E+06,1150917,1150917,0,163550
100,1.47E+08,1.79E+06,1150920,1150920,0,176850
100,1.47E+08,1.78E+06,1150983,1150984,0,178900
100,1.41E+08,1.78E+06,1150989,1150989,0,155450
100,1.45E+08,1.78E+06,1150991,1150991,0,168700
100,1.46E+08,1.79E+06,1150991,1150991,0,173850
100,1.45E+08,1.78E+06,1150992,1150992,0,168650
100,1.36E+08,1.78E+06,1151003,1151004,0,139550
100,1.45E+08,1.79E+06,1151014,1151015,0,167500
100,1.36E+08,1.78E+06,1151016,1151016,0,139550
100,1.39E+08,1.88E+06,1151020,1151020,0,149950
100,1.36E+08,1.79E+06,1151026,1151026,0,139300
100,1.36E+08,1.81E+06,1151032,1151032,0,142000
100,1.43E+08,1.79E+06,1151032,1151032,0,162950
100,1.41E+08,1.83E+06,1151042,1151042,0,156300
100,1.43E+08,1.79E+06,1151054,1151055,0,162150
100,1.43E+08,1.78E+06,1151058,1151058,0,162150
100,1.36E+08,1.78E+06,1151063,1151061,0,139300
100,1.47E+08,1.78E+06,1151064,1151065,0,178800
100,1.40E+08,1.78E+06,1151073,1151073,0,152950
100,1.45E+08,1.79E+06,1151075,1151072,0,168750
100,1.45E+08,1.79E+06,1151087,1151087,0,168650
100,1.39E+08,1.78E+06,1151093,1151094,0,149800
100,1.36E+08,1.78E+06,1151102,1151102,0,139300
100,1.46E+08,1.78E+06,1151111,1151111,0,175250
100,1.36E+08,1.78E+06,1151115,1151118,0,139300
100,1.41E+08,1.78E+06,1151116,1151119,0,157350
100,1.43E+08,1.78E+06,1151122,1151123,0,162550
100,1.39E+08,1.78E+06,1151123,1151121,0,151900
100,1.39E+08,1.78E+06,1151129,1151128,0,149950
100,1.46E+08,1.78E+06,1151139,1151139,0,173850
100,1.36E+08,1.78E+06,1151158,1151159,0,139550
100,1.47E+08,1.78E+06,1151163,1151164,0,178250
100,1.40E+08,1.78E+06,1151168,1151168,0,152950
100,1.39E+08,1.79E+06,1151170,1151169,0,150400
100,1.47E+08,1.78E+06,1151182,1151182,0,176350
100,1.35E+08,2.08E+06,1151186,1151188,0,138750
100,1.44E+08,1.80E+06,1151192,1151188,0,167400
100,1.40E+08,1.78E+06,1151195,1151195,0,153050
100,1.36E+08,1.78E+06,1151200,1151200,0,139650
100,1.36E+08,1.78E+06,1151202,1151202,0,139650
100,1.41E+08,1.78E+06,1151205,1151202,0,157850
100,1.47E+08,1.78E+06,1151219,1151219,0,178800
100,1.40E+08,1.78E+06,1151220,1151218,0,154300
100,1.47E+08,1.81E+06,1151243,1151243,0,176850
100,1.47E+08,1.78E+06,1151245,1151247,0,177300
100,1.42E+08,1.78E+06,1151256,1151254,0,158850
100,1.39E+08,1.78E+06,1151276,1151276,0,150050
100,1.47E+08,1.78E+06,1151283,1151283,0,178800
100,1.46E+08,1.82E+06,1151291,1151292,0,175250
100,1.47E+08,1.78E+06,1151294,1151293,0,176000
100,1.39E+08,1.78E+06,1151307,1151308,0,151950
100,1.45E+08,1.78E+06,1151315,1151315,0,168750
100,1.41E+08,1.79E+06,1151324,1151324,0,157900
100,1.47E+08,1.79E+06,1151351,1151351,0,178800
100,1.47E+08,1.79E+06,1151361,1151361,0,178900
100,1.40E+08,1.81E+06,1151362,1151362,0,153050
100,1.45E+08,1.78E+06,1151364,1151363,0,169400
100,1.40E+08,1.80E+06,1151366,1151366,0,152200
100,1.47E+08,1.80E+06,1151379,1151379,0,178250
100,1.36E+08,1.78E+06,1151387,1151387,0,139550
100,1.36E+08,1.78E+06,1151388,1151388,0,142750
100,1.47E+08,1.78E+06,1151409,1151409,0,177100
100,1.47E+08,1.78E+06,1151423,1151423,0,177300
100,1.45E+08,1.78E+06,1151432,1151432,0,168750
100,1.36E+08,1.78E+06,1151445,1151443,0,139300
100,1.39E+08,1.85E+06,1151457,1151457,0,151850
100,1.36E+08,1.79E+06,1151460,1151462,0,139300
100,1.46E+08,1.81E+06,1151464,1151464,0,175250
100,1.47E+08,1.80E+06,1151470,1151470,0,178050
100,1.46E+08,1.81E+06,1151483,1151483,0,171350
100,1.43E+08,1.79E+06,1151486,1151486,0,162650
100,1.36E+08,1.78E+06,1151489,1151489,0,139550
100,1.45E+08,1.78E+06,1151490,1151491,0,168900
100,1.40E+08,1.79E+06,1151492,1151493,0,154050
100,1.44E+08,1.78E+06,1151512,1151512,0,167400
100,1.45E+08,1.81E+06,1151512,1151512,0,167500
100,1.46E+08,1.79E+06,1151520,1151522,0,175250
100,1.40E+08,1.78E+06,1151528,1151528,0,154050
100,1.47E+08,1.78E+06,1151534,1151534,0,178400
100,1.40E+08,1.78E+06,1151537,1151537,0,153200
100,1.36E+08,1.78E+06,1151544,1151545,0,142050
100,1.47E+08,1.78E+06,1151551,1151551,0,176350
100,1.46E+08,1.78E+06,1151553,1151553,0,174850
100,1.44E+08,1.80E+06,1151566,1151567,0,165350
100,1.43E+08,1.79E+06,1151574,1151576,0,163600
100,1.47E+08,1.80E+06,1151575,1151574,0,177300
100,1.36E+08,1.78E+06,1151582,1151582,0,139650
100,1.40E+08,1.81E+06,1151584,1151587,0,153050
100,1.40E+08,1.78E+06,1151586,1151592,0,153050
100,1.43E+08,1.78E+06,1151589,1151590,0,163250
100,1.40E+08,1.78E+06,1151602,1151603,0,154050
100,1.36E+08,1.78E+06,1151610,1151608,0,139650
100,1.45E+08,1.78E+06,1151615,1151615,0,168650
100,1.47E+08,1.80E+06,1151615,1151615,0,176350
100,1.47E+08,1.78E+06,1151616,1151616,0,177000
100,1.36E+08,1.78E+06,1151631,1151631,0,139650
100,1.42E+08,1.78E+06,1151641,1151640,0,158900
100,1.45E+08,1.78E+06,1151654,1151658,0,169400
100,1.36E+08,1.78E+06,1151657,1151658,0,142050
100,1.44E+08,1.78E+06,1151664,1151664,0,167200
100,1.36E+08,1.78E+06,1151690,1151689,0,139550
100,1.44E+08,1.81E+06,1151694,1151693,0,165500
100,1.47E+08,1.79E+06,1151705,1151706,0,176350
100,1.44E+08,1.78E+06,1151729,1151731,0,165350
100,1.38E+08,1.79E+06,1151738,1151736,0,147200
100,1.41E+08,1.78E+06,1151738,1151738,0,157850
100,1.45E+08,1.78E+06,1151738,1151739,0,167650
100,1.45E+08,1.78E+06,1151743,1151744,0,168750
100,1.40E+08,1.79E+06,1151745,1151745,0,154050
100,1.41E+08,1.78E+06,1151747,1151746,0,155450
100,1.41E+08,1.78E+06,1151753,1151754,0,156300
100,1.41E+08,1.80E+06,1151754,1151754,0,157850
100,1.47E+08,1.80E+06,1151770,1151770,0,177750
100,1.44E+08,1.81E+06,1151777,1151779,0,165650
100,1.47E+08,1.80E+06,1151784,1151784,0,178050
100,1.45E+08,1.78E+06,1151792,1151793,0,168900
100,1.45E+08,1.78E+06,1151804,1151804,0,167500
100,1.41E+08,1.82E+06,1151806,1151806,0,157900
100,1.41E+08,1.80E+06,1151858,1151858,0,157350
100,1.36E+08,1.78E+06,1151864,1151863,0,139300
100,1.40E+08,1.78E+06,1151908,1151907,0,153350
100,1.43E+08,1.78E+06,1151908,1151906,0,163550
100,1.45E+08,1.80E+06,1151938,1151939,0,168900
100,1.36E+08,1.78E+06,1151955,1151956,0,139550
100,1.45E+08,1.78E+06,1151958,1151956,0,168900
100,1.45E+08,1.78E+06,1151958,1151957,0,168900
100,1.40E+08,1.78E+06,1151964,1151963,0,154300
100,1.40E+08,1.78E+06,1151965,1151965,0,153050
100,1.47E+08,1.79E+06,1151976,1151976,0,178400
100,1.45E+08,1.78E+06,1151980,1151980,0,167500
100,1.44E+08,1.78E+06,1151988,1151988,0,165650
100,1.36E+08,1.78E+06,1152026,1152026,0,142750
100,1.46E+08,1.78E+06,1152030,1152030,0,173850
100,1.36E+08,1.78E+06,1152037,1152038,0,139550
100,1.39E+08,1.81E+06,1152040,1152040,0,151350
100,1.43E+08,1.78E+06,1152052,1152049,0,162950
100,1.47E+08,1.84E+06,1152052,1152052,0,178800
100,1.44E+08,1.78E+06,1152053,1152053,0,165350
100,1.36E+08,1.78E+06,1152074,1152074,0,139650
100,1.38E+08,1.78E+06,1152092,1152092,0,147850
100,1.36E+08,1.78E+06,1152093,1152094,0,139650
100,1.36E+08,1.78E+06,1152100,1152100,0,139300
100,1.36E+08,1.78E+06,1152105,1152105,0,139300
100,1.46E+08,1.80E+06,1152116,1152115,0,171350
100,1.43E+08,1.80E+06,1152124,1152125,0,163250
100,1.45E+08,1.78E+06,1152132,1152133,0,168900
100,1.46E+08,1.78E+06,1152143,1152143,0,173700
100,1.47E+08,1.78E+06,1152143,1152143,0,176350
100,1.46E+08,1.79E+06,1152148,1152148,0,170850
100,1.45E+08,1.78E+06,1152169,1152166,0,168750
100,1.39E+08,1.83E+06,1152189,1152186,0,151900
100,1.39E+08,1.80E+06,1152191,1152194,0,151950
100,1.41E+08,1.78E+06,1152202,1152202,0,156000
100,1.36E+08,1.78E+06,1152206,1152206,0,139550
100,1.36E+08,1.78E+06,1152208,1152209,0,139550
100,1.47E+08,1.78E+06,1152216,1152216,0,176000
100,1.41E+08,1.78E+06,1152219,1152219,0,155700
100,1.36E+08,1.78E+06,1152231,1152231,0,139300
100,1.46E+08,1.78E+06,1152236,1152234,0,171350
100,1.47E+08,1.79E+06,1152236,1152236,0,177300
100,1.45E+08,1.78E+06,1152238,1152237,0,168750
100,1.43E+08,1.78E+06,1152250,1152253,0,162150
100,1.44E+08,1.78E+06,1152251,1152251,0,165350
100,1.45E+08,1.78E+06,1152254,1152254,0,168750
100,1.47E+08,1.78E+06,1152260,1152260,0,176350
100,1.36E+08,1.79E+06,1152261,1152262,0,142300
100,1.45E+08,1.78E+06,1152262,1152262,0,168900
100,1.36E+08,1.81E+06,1152271,1152270,0,139300
100,1.36E+08,1.78E+06,1152272,1152270,0,139300
100,1.36E+08,1.81E+06,1152275,1152275,0,139150
100,1.46E+08,1.78E+06,1152293,1152296,0,173700
100,1.36E+08,1.78E+06,1152314,1152314,0,139300
100,1.41E+08,1.80E+06,1152332,1152330,0,156600
100,1.46E+08,1.78E+06,1152338,1152337,0,175250
100,1.36E+08,1.92E+06,1152339,1152338,0,139150
100,1.36E+08,1.79E+06,1152351,1152352,0,139300
100,1.36E+08,1.78E+06,1152351,1152351,0,139550
100,1.45E+08,1.78E+06,1152354,1152354,0,170800
100,1.47E+08,1.80E+06,1152360,1152360,0,177300
100,1.44E+08,1.78E+06,1152362,1152363,0,165650
100,1.39E+08,1.78E+06,1152381,1152381,0,151950
100,1.44E+08,1.81E+06,1152385,1152384,0,165500
100,1.41E+08,1.80E+06,1152403,1152403,0,157850
100,1.47E+08,1.78E+06,1152408,1152408,0,176350
100,1.43E+08,1.80E+06,1152413,1152413,0,162950
100,1.43E+08,1.79E+06,1152422,1152422,0,161400
100,1.40E+08,1.78E+06,1152428,1152428,0,153750
100,1.45E+08,1.82E+06,1152429,1152429,0,168900
100,1.40E+08,1.78E+06,1152436,1152438,0,154650
100,1.45E+08,1.79E+06,1152439,1152439,0,168750
100,1.45E+08,1.78E+06,1152442,1152442,0,169400
100,1.36E+08,1.78E+06,1152449,1152449,0,139550
100,1.40E+08,1.79E+06,1152452,1152452,0,153750
100,1.39E+08,1.78E+06,1152466,1152461,0,149300
100,1.36E+08,1.78E+06,1152485,1152485,0,139650
100,1.45E+08,1.78E+06,1152488,1152488,0,169800
100,1.39E+08,1.79E+06,1152492,1152492,0,151850
100,1.40E+08,1.78E+06,1152495,1152496,0,154050
100,1.40E+08,1.78E+06,1152496,1152495,0,152950
100,1.35E+08,2.02E+06,1152500,1152500,0,138750
100,1.35E+08,1.97E+06,1152500,1152500,0,138750
100,1.35E+08,1.96E+06,1152500,1152500,0,138750
100,1.35E+08,1.95E+06,1152500,1152500,0,138750
100,1.35E+08,1.88E+06,1152500,1152500,0,138750
100,1.35E+08,1.88E+06,1152500,1152500,0,138750
100,1.35E+08,1.85E+06,1152500,1152500,0,138950
100,1.35E+08,1.84E+06,1152500,1152500,0,138950
100,1.36E+08,1.88E+06,1152500,1152500,0,139150
100,1.36E+08,1.88E+06,1152500,1152500,0,139150
100,1.36E+08,1.86E+06,1152500,1152500,0,139150
100,1.36E+08,1.78E+06,1152500,1152500,0,139650
100,1.36E+08,1.78E+06,1152500,1152500,0,139650
100,1.36E+08,1.78E+06,1152500,1152500,0,139750
100,1.36E+08,1.78E+06,1152500,1152500,0,139750
100,1.36E+08,1.78E+06,1152500,1152500,0,139750
100,1.36E+08,1.78E+06,1152500,1152500,0,139750
100,1.36E+08,1.80E+06,1152500,1152500,0,139750
100,1.36E+08,1.78E+06,1152500,1152500,0,140450
100,1.36E+08,1.79E+06,1152500,1152500,0,140450
100,1.36E+08,1.78E+06,1152500,1152500,0,140450
100,1.36E+08,1.78E+06,1152500,1152500,0,140450
100,1.36E+08,1.78E+06,1152500,1152500,0,140450
100,1.41E+08,1.78E+06,1152500,1152500,0,155700
100,1.43E+08,1.78E+06,1152500,1152500,0,162650
100,1.47E+08,1.78E+06,1152500,1152500,0,176000
100,1.43E+08,1.79E+06,1152507,1152507,0,163200
100,1.43E+08,1.78E+06,1152510,1152509,0,160450
100,1.38E+08,1.79E+06,1152511,1152511,0,147850
100,1.40E+08,1.79E+06,1152521,1152520,0,154050
100,1.45E+08,1.80E+06,1152524,1152525,0,168650
100,1.43E+08,1.78E+06,1152527,1152529,0,163250
100,1.40E+08,1.78E+06,1152528,1152528,0,154300
100,1.45E+08,1.78E+06,1152528,1152528,0,168900
100,1.37E+08,1.78E+06,1152539,1152539,0,143900
100,1.44E+08,1.78E+06,1152542,1152542,0,167200
100,1.43E+08,1.78E+06,1152548,1152548,0,162550
100,1.44E+08,1.80E+06,1152551,1152551,0,167200
100,1.37E+08,1.78E+06,1152559,1152552,0,143900
100,1.39E+08,1.79E+06,1152566,1152566,0,151950
100,1.41E+08,1.78E+06,1152570,1152570,0,156600
100,1.43E+08,1.78E+06,1152577,1152577,0,162950
100,1.36E+08,1.78E+06,1152580,1152580,0,139300
100,1.45E+08,1.78E+06,1152582,1152583,0,168900
100,1.39E+08,1.78E+06,1152584,1152584,0,151950
100,1.36E+08,1.78E+06,1152600,1152600,0,142750
100,1.45E+08,1.80E+06,1152605,1152605,0,168650
100,1.43E+08,1.79E+06,1152606,1152606,0,163700
100,1.44E+08,1.83E+06,1152650,1152649,0,165500
100,1.43E+08,1.79E+06,1152652,1152652,0,163250
100,1.38E+08,1.79E+06,1152655,1152654,0,147200
100,1.41E+08,1.78E+06,1152677,1152673,0,155450
100,1.41E+08,1.79E+06,1152678,1152678,0,156600
100,1.47E+08,1.78E+06,1152680,1152680,0,178900
100,1.43E+08,1.79E+06,1152683,1152684,0,163550
100,1.45E+08,1.78E+06,1152692,1152690,0,168900
100,1.40E+08,1.78E+06,1152703,1152703,0,153200
100,1.43E+08,1.78E+06,1152711,1152711,0,163600
100,1.41E+08,1.80E+06,1152728,1152728,0,156000
100,1.36E+08,1.78E+06,1152734,1152734,0,139650
100,1.36E+08,1.78E+06,1152738,1152735,0,139300
100,1.36E+08,1.78E+06,1152739,1152737,0,141000
100,1.36E+08,1.78E+06,1152755,1152755,0,139300
100,1.41E+08,1.80E+06,1152755,1152756,0,156300
100,1.36E+08,1.78E+06,1152764,1152764,0,139650
100,1.45E+08,1.78E+06,1152766,1152764,0,169400
100,1.43E+08,1.78E+06,1152767,1152764,0,163250
100,1.40E+08,1.78E+06,1152775,1152775,0,153200
100,1.47E+08,1.78E+06,1152797,1152797,0,176350
100,1.44E+08,1.78E+06,1152802,1152802,0,165350
100,1.39E+08,1.78E+06,1152806,1152806,0,150400
100,1.45E+08,1.80E+06,1152814,1152816,0,168900
100,1.36E+08,1.78E+06,1152816,1152810,0,139650
100,1.35E+08,2.09E+06,1152819,1152819,0,138750
100,1.47E+08,1.80E+06,1152825,1152825,0,178800
100,1.40E+08,1.78E+06,1152841,1152840,0,152950
100,1.44E+08,1.79E+06,1152865,1152865,0,165650
100,1.36E+08,1.78E+06,1152875,1152875,0,139300
100,1.40E+08,1.78E+06,1152885,1152885,0,153050
100,1.45E+08,1.82E+06,1152886,1152886,0,169400
100,1.45E+08,1.78E+06,1152894,1152894,0,168650
100,1.36E+08,1.78E+06,1152913,1152913,0,139550
100,1.46E+08,1.81E+06,1152920,1152918,0,173850
100,1.46E+08,1.78E+06,1152944,1152945,0,171150
100,1.39E+08,1.78E+06,1152952,1152950,0,149500
100,1.39E+08,1.78E+06,1152953,1152953,0,149800
100,1.46E+08,1.78E+06,1152953,1152953,0,170800
100,1.36E+08,1.83E+06,1152960,1152959,0,139300
100,1.43E+08,1.78E+06,1152970,1152975,0,160150
100,1.47E+08,1.78E+06,1152975,1152975,0,176350
100,1.36E+08,1.78E+06,1152977,1152980,0,139550
100,1.36E+08,1.78E+06,1152977,1152976,0,139650
100,1.45E+08,1.80E+06,1152986,1152979,0,169400
100,1.41E+08,1.79E+06,1152997,1152997,0,156300
100,1.45E+08,1.78E+06,1152998,1152999,0,168750
100,1.47E+08,1.78E+06,1153015,1153017,0,176350
100,1.44E+08,1.78E+06,1153019,1153020,0,165650
100,1.45E+08,1.78E+06,1153029,1153029,0,168900
100,1.45E+08,1.78E+06,1153033,1153036,0,167500
100,1.36E+08,1.78E+06,1153034,1153034,0,139550
100,1.47E+08,1.81E+06,1153046,1153043,0,177150
100,1.36E+08,1.78E+06,1153056,1153059,0,139650
100,1.45E+08,1.87E+06,1153058,1153057,0,168900
100,1.36E+08,1.78E+06,1153061,1153062,0,142750
100,1.45E+08,1.83E+06,1153061,1153061,0,168900
100,1.44E+08,1.81E+06,1153063,1153061,0,167400
100,1.36E+08,1.82E+06,1153068,1153068,0,139300
100,1.47E+08,1.79E+06,1153069,1153069,0,177100
100,1.47E+08,1.81E+06,1153072,1153072,0,178050
100,1.41E+08,1.78E+06,1153080,1153082,0,157350
100,1.44E+08,1.80E+06,1153085,1153079,0,164950
100,1.41E+08,1.78E+06,1153107,1153107,0,156700
100,1.45E+08,1.78E+06,1153107,1153107,0,168650
100,1.40E+08,1.83E+06,1153121,1153120,0,154200
100,1.36E+08,1.78E+06,1153151,1153150,0,139150
100,1.45E+08,1.78E+06,1153155,1153155,0,169400
100,1.41E+08,1.78E+06,1153159,1153159,0,156700
100,1.47E+08,1.80E+06,1153161,1153161,0,177750
100,1.39E+08,1.78E+06,1153164,1153164,0,149300
100,1.43E+08,1.78E+06,1153199,1153199,0,160050
100,1.40E+08,1.78E+06,1153214,1153215,0,153050
100,1.34E+08,2.25E+06,1153218,1153218,0,138750
100,1.39E+08,1.78E+06,1153220,1153218,0,150400
100,1.43E+08,1.79E+06,1153223,1153223,0,160050
100,1.46E+08,1.79E+06,1153233,1153233,0,170800
100,1.43E+08,1.78E+06,1153240,1153243,0,162150
100,1.43E+08,1.78E+06,1153240,1153240,0,162550
100,1.36E+08,1.78E+06,1153246,1153248,0,139650
100,1.36E+08,1.78E+06,1153250,1153250,0,139550
100,1.36E+08,1.78E+06,1153262,1153262,0,139650
100,1.36E+08,1.82E+06,1153273,1153273,0,139300
100,1.45E+08,1.79E+06,1153274,1153275,0,169400
100,1.39E+08,1.78E+06,1153288,1153288,0,149600
100,1.41E+08,1.79E+06,1153293,1153289,0,156400
100,1.36E+08,1.78E+06,1153309,1153308,0,139550
100,1.47E+08,1.78E+06,1153332,1153332,0,177150
100,1.46E+08,1.78E+06,1153342,1153343,0,171150
100,1.43E+08,1.78E+06,1153365,1153366,0,163550
100,1.39E+08,1.78E+06,1153374,1153373,0,150400
100,1.41E+08,1.78E+06,1153377,1153377,0,156300
100,1.39E+08,1.78E+06,1153392,1153392,0,149750
100,1.45E+08,1.81E+06,1153403,1153402,0,169400
100,1.45E+08,1.78E+06,1153435,1153438,0,169400
100,1.36E+08,1.78E+06,1153437,1153436,0,139550
100,1.39E+08,1.78E+06,1153443,1153442,0,149500
100,1.36E+08,1.78E+06,1153450,1153450,0,139550
100,1.36E+08,1.81E+06,1153461,1153462,0,139300
100,1.44E+08,1.78E+06,1153463,1153464,0,167400
100,1.41E+08,1.78E+06,1153469,1153469,0,157850
100,1.40E+08,1.78E+06,1153478,1153478,0,153750
100,1.47E+08,1.84E+06,1153507,1153503,0,176850
100,1.41E+08,1.78E+06,1153513,1153511,0,156400
100,1.36E+08,1.78E+06,1153521,1153521,0,142750
100,1.41E+08,1.78E+06,1153523,1153522,0,156400
100,1.47E+08,1.79E+06,1153526,1153527,0,176850
100,1.40E+08,1.78E+06,1153533,1153533,0,154050
100,1.47E+08,1.78E+06,1153534,1153534,0,176350
100,1.39E+08,1.78E+06,1153538,1153538,0,151350
100,1.37E+08,1.78E+06,1153550,1153550,0,143900
100,1.39E+08,1.78E+06,1153571,1153571,0,151350
100,1.36E+08,1.80E+06,1153572,1153572,0,139300
100,1.44E+08,1.78E+06,1153575,1153574,0,167200
100,1.39E+08,1.78E+06,1153577,1153578,0,151950
100,1.46E+08,1.78E+06,1153579,1153578,0,170800
100,1.36E+08,1.78E+06,1153581,1153582,0,139650
100,1.41E+08,1.79E+06,1153610,1153610,0,155600
100,1.36E+08,1.78E+06,1153611,1153612,0,142750
100,1.39E+08,1.78E+06,1153612,1153607,0,151850
100,1.47E+08,1.78E+06,1153612,1153613,0,176350
100,1.41E+08,1.79E+06,1153618,1153621,0,157900
100,1.40E+08,1.78E+06,1153622,1153623,0,154050
100,1.47E+08,1.81E+06,1153630,1153630,0,177300
100,1.38E+08,1.78E+06,1153632,1153632,0,147900
100,1.39E+08,1.78E+06,1153641,1153641,0,149800
100,1.40E+08,1.78E+06,1153649,1153649,0,153050
100,1.36E+08,1.78E+06,1153650,1153650,0,142750
100,1.36E+08,1.78E+06,1153663,1153669,0,142750
100,1.45E+08,1.78E+06,1153696,1153696,0,169400
100,1.47E+08,1.79E+06,1153696,1153693,0,177300
100,1.47E+08,1.78E+06,1153701,1153703,0,177300
100,1.38E+08,1.78E+06,1153702,1153702,0,148300
100,1.40E+08,1.80E+06,1153704,1153704,0,154300
100,1.44E+08,1.82E+06,1153709,1153706,0,165500
100,1.47E+08,1.78E+06,1153725,1153721,0,176850
100,1.44E+08,1.78E+06,1153737,1153736,0,165500
100,1.47E+08,1.78E+06,1153739,1153740,0,177750
100,1.36E+08,1.78E+06,1153741,1153742,0,139300
100,1.36E+08,1.78E+06,1153746,1153747,0,139650
100,1.47E+08,1.80E+06,1153769,1153769,0,176850
100,1.45E+08,1.80E+06,1153777,1153772,0,168700
100,1.43E+08,1.78E+06,1153778,1153778,0,160150
100,1.36E+08,1.78E+06,1153819,1153819,0,139650
100,1.38E+08,1.78E+06,1153824,1153824,0,148700
100,1.42E+08,1.84E+06,1153858,1153858,0,158850
100,1.45E+08,1.79E+06,1153861,1153861,0,168700
100,1.47E+08,1.78E+06,1153861,1153858,0,178400
100,1.39E+08,1.79E+06,1153887,1153887,0,151350
100,1.36E+08,1.78E+06,1153890,1153890,0,141000
100,1.39E+08,1.78E+06,1153907,1153907,0,151850
100,1.45E+08,1.78E+06,1153911,1153911,0,168900
100,1.46E+08,1.78E+06,1153923,1153923,0,174850
100,1.44E+08,1.78E+06,1153927,1153927,0,165650
100,1.39E+08,1.78E+06,1153945,1153945,0,149600
100,1.40E+08,1.78E+06,1153946,1153946,0,153050
100,1.47E+08,1.78E+06,1153946,1153948,0,178800
100,1.36E+08,1.78E+06,1153947,1153948,0,139300
100,1.40E+08,1.78E+06,1153951,1153951,0,153750
100,1.45E+08,1.80E+06,1153970,1153969,0,168900
100,1.47E+08,1.78E+06,1153982,1153979,0,177400
100,1.43E+08,1.78E+06,1153984,1153985,0,160250
100,1.45E+08,1.78E+06,1153984,1153984,0,168650
100,1.45E+08,1.78E+06,1154002,1154002,0,168900
100,1.39E+08,1.78E+06,1154010,1154010,0,149600
100,1.46E+08,1.78E+06,1154011,1154011,0,175250
100,1.40E+08,1.78E+06,1154017,1154019,0,153050
100,1.40E+08,1.78E+06,1154026,1154026,0,154650
100,1.44E+08,1.78E+06,1154028,1154028,0,165500
100,1.40E+08,1.78E+06,1154042,1154042,0,153050
100,1.47E+08,1.78E+06,1154049,1154049,0,178250
100,1.38E+08,1.78E+06,1154050,1154050,0,147900
100,1.47E+08,1.78E+06,1154057,1154055,0,178250
100,1.47E+08,1.78E+06,1154061,1154062,0,178900
100,1.44E+08,1.78E+06,1154069,1154069,0,165500
100,1.39E+08,1.78E+06,1154080,1154079,0,150150
100,1.39E+08,1.78E+06,1154083,1154084,0,151950
100,1.36E+08,1.78E+06,1154093,1154092,0,139650
100,1.35E+08,1.95E+06,1154103,1154104,0,138750
100,1.47E+08,1.78E+06,1154108,1154108,0,178050
100,1.40E+08,1.78E+06,1154111,1154111,0,154650
100,1.45E+08,1.78E+06,1154117,1154117,0,168650
100,1.45E+08,1.79E+06,1154119,1154119,0,168650
100,1.39E+08,1.78E+06,1154121,1154121,0,151350
100,1.44E+08,1.78E+06,1154122,1154122,0,165350
100,1.36E+08,1.78E+06,1154124,1154124,0,139300
100,1.43E+08,1.82E+06,1154124,1154123,0,163250
100,1.45E+08,1.78E+06,1154134,1154134,0,168750
100,1.40E+08,1.78E+06,1154141,1154141,0,154650
100,1.36E+08,1.78E+06,1154149,1154149,0,142750
100,1.45E+08,1.80E+06,1154189,1154189,0,168650
100,1.41E+08,1.78E+06,1154196,1154198,0,157900
100,1.36E+08,1.78E+06,1154201,1154201,0,139650
100,1.46E+08,1.78E+06,1154205,1154200,0,175250
100,1.36E+08,1.78E+06,1154218,1154216,0,139300
100,1.45E+08,1.78E+06,1154219,1154219,0,168900
100,1.41E+08,1.81E+06,1154240,1154240,0,157350
100,1.45E+08,1.78E+06,1154241,1154241,0,170800
100,1.44E+08,1.78E+06,1154244,1154245,0,165350
100,1.36E+08,1.78E+06,1154258,1154258,0,141300
100,1.45E+08,1.78E+06,1154258,1154258,0,167500
100,1.47E+08,1.79E+06,1154266,1154269,0,178050
100,1.40E+08,1.78E+06,1154273,1154272,0,154200
100,1.43E+08,1.79E+06,1154273,1154273,0,162150
100,1.45E+08,1.83E+06,1154279,1154278,0,168650
100,1.45E+08,1.79E+06,1154294,1154294,0,168900
100,1.39E+08,1.78E+06,1154295,1154295,0,149950
100,1.47E+08,1.78E+06,1154297,1154297,0,176850
100,1.36E+08,1.78E+06,1154298,1154298,0,139300
100,1.45E+08,1.78E+06,1154312,1154312,0,167650
100,1.41E+08,1.79E+06,1154314,1154314,0,157900
100,1.47E+08,1.78E+06,1154316,1154316,0,176850
100,1.41E+08,1.79E+06,1154318,1154318,0,156300
100,1.47E+08,1.79E+06,1154318,1154318,0,176850
100,1.47E+08,1.78E+06,1154327,1154327,0,176850
100,1.43E+08,1.79E+06,1154335,1154332,0,163550
100,1.44E+08,1.80E+06,1154337,1154337,0,165500
100,1.45E+08,1.78E+06,1154339,1154338,0,168900
100,1.36E+08,1.78E+06,1154340,1154340,0,139300
100,1.43E+08,1.78E+06,1154340,1154340,0,163550
100,1.44E+08,1.78E+06,1154341,1154341,0,165650
100,1.36E+08,1.78E+06,1154348,1154348,0,139650
100,1.45E+08,1.80E+06,1154348,1154348,0,168750
100,1.44E+08,1.78E+06,1154352,1154352,0,165500
100,1.47E+08,1.78E+06,1154354,1154354,0,178800
100,1.44E+08,1.78E+06,1154363,1154359,0,165500
100,1.40E+08,1.78E+06,1154366,1154366,0,153750
100,1.41E+08,1.78E+06,1154381,1154381,0,157350
100,1.47E+08,1.79E+06,1154384,1154387,0,178800
100,1.47E+08,1.81E+06,1154391,1154391,0,178800
100,1.38E+08,1.78E+06,1154393,1154393,0,147900
100,1.45E+08,1.79E+06,1154393,1154393,0,168650
100,1.41E+08,1.78E+06,1154398,1154398,0,156300
100,1.36E+08,1.78E+06,1154403,1154403,0,139650
100,1.41E+08,1.78E+06,1154404,1154404,0,157900
100,1.36E+08,1.78E+06,1154424,1154424,0,139650
100,1.43E+08,1.78E+06,1154445,1154444,0,160800
100,1.36E+08,1.78E+06,1154459,1154457,0,139300
100,1.43E+08,1.78E+06,1154466,1154466,0,163550
100,1.45E+08,1.78E+06,1154467,1154466,0,168650
100,1.43E+08,1.81E+06,1154468,1154468,0,160250
100,1.45E+08,1.78E+06,1154474,1154474,0,168900
100,1.44E+08,1.78E+06,1154479,1154477,0,164950
100,1.41E+08,1.78E+06,1154480,1154480,0,157900
100,1.39E+08,1.80E+06,1154490,1154490,0,149800
100,1.44E+08,1.78E+06,1154498,1154497,0,167200
100,1.44E+08,1.78E+06,1154506,1154506,0,165350
100,1.47E+08,1.78E+06,1154506,1154503,0,178050
100,1.39E+08,1.78E+06,1154517,1154517,0,151350
100,1.44E+08,1.78E+06,1154525,1154525,0,165650
100,1.40E+08,1.78E+06,1154532,1154532,0,153050
100,1.43E+08,1.78E+06,1154534,1154534,0,163550
100,1.45E+08,1.78E+06,1154534,1154534,0,167500
100,1.43E+08,1.80E+06,1154536,1154536,0,163250
100,1.43E+08,1.79E+06,1154542,1154542,0,160050
100,1.45E+08,1.78E+06,1154549,1154549,0,168900
100,1.47E+08,1.81E+06,1154549,1154549,0,178800
100,1.46E+08,1.78E+06,1154552,1154552,0,173850
100,1.40E+08,1.78E+06,1154554,1154554,0,154500
100,1.40E+08,1.80E+06,1154556,1154554,0,154300
100,1.36E+08,1.78E+06,1154563,1154564,0,139650
100,1.36E+08,1.89E+06,1154564,1154559,0,139300
100,1.40E+08,1.78E+06,1154573,1154573,0,153750
100,1.41E+08,1.78E+06,1154581,1154576,0,157850
100,1.41E+08,1.78E+06,1154581,1154579,0,157850
100,1.40E+08,1.78E+06,1154582,1154582,0,153050
100,1.39E+08,1.78E+06,1154607,1154605,0,151950
100,1.36E+08,1.80E+06,1154624,1154624,0,139300
100,1.43E+08,1.78E+06,1154629,1154628,0,163700
100,1.45E+08,1.78E+06,1154629,1154629,0,168900
100,1.43E+08,1.78E+06,1154632,1154632,0,160800
100,1.45E+08,1.81E+06,1154640,1154641,0,168750
100,1.43E+08,1.78E+06,1154643,1154644,0,163250
100,1.36E+08,1.78E+06,1154649,1154647,0,139300
100,1.36E+08,1.78E+06,1154651,1154650,0,139300
100,1.43E+08,1.78E+06,1154652,1154652,0,162150
100,1.45E+08,1.78E+06,1154656,1154656,0,168750
100,1.47E+08,1.81E+06,1154665,1154664,0,178800
100,1.47E+08,1.78E+06,1154671,1154671,0,177150
100,1.41E+08,1.78E+06,1154677,1154677,0,156300
100,1.43E+08,1.82E+06,1154677,1154676,0,162950
100,1.40E+08,1.78E+06,1154685,1154685,0,153050
100,1.36E+08,1.80E+06,1154686,1154687,0,139300
100,1.44E+08,1.78E+06,1154688,1154688,0,165350
100,1.40E+08,1.80E+06,1154693,1154693,0,154050
100,1.39E+08,1.78E+06,1154706,1154706,0,149800
100,1.45E+08,1.81E+06,1154709,1154709,0,168750
100,1.40E+08,1.78E+06,1154710,1154710,0,154650
100,1.40E+08,1.78E+06,1154715,1154716,0,153050
100,1.41E+08,1.78E+06,1154715,1154715,0,157900
100,1.45E+08,1.78E+06,1154719,1154720,0,168900
100,1.42E+08,1.78E+06,1154723,1154718,0,159600
100,1.46E+08,1.83E+06,1154726,1154726,0,175250
100,1.47E+08,1.83E+06,1154729,1154729,0,176000
100,1.36E+08,1.78E+06,1154740,1154740,0,139650
100,1.38E+08,1.78E+06,1154743,1154743,0,148300
100,1.40E+08,1.78E+06,1154748,1154748,0,153750
100,1.45E+08,1.78E+06,1154749,1154749,0,168750
100,1.43E+08,1.78E+06,1154754,1154754,0,163600
100,1.39E+08,1.78E+06,1154759,1154761,0,151350
100,1.39E+08,1.78E+06,1154770,1154770,0,149600
100,1.45E+08,1.78E+06,1154771,1154771,0,167500
100,1.39E+08,1.78E+06,1154772,1154771,0,149500
100,1.36E+08,1.78E+06,1154774,1154774,0,139300
100,1.45E+08,1.78E+06,1154775,1154775,0,167500
100,1.41E+08,1.78E+06,1154779,1154780,0,156300
100,1.39E+08,1.78E+06,1154781,1154780,0,149800
100,1.42E+08,1.78E+06,1154781,1154781,0,158350
100,1.40E+08,1.78E+06,1154782,1154782,0,154050
100,1.38E+08,1.81E+06,1154787,1154785,0,147200
100,1.39E+08,1.78E+06,1154787,1154790,0,151350
100,1.46E+08,1.78E+06,1154789,1154789,0,170800
100,1.45E+08,1.78E+06,1154807,1154808,0,167500
100,1.36E+08,1.78E+06,1154812,1154814,0,139300
100,1.47E+08,1.83E+06,1154815,1154814,0,177100
100,1.39E+08,1.78E+06,1154824,1154824,0,149750
100,1.43E+08,1.78E+06,1154826,1154826,0,162650
100,1.41E+08,1.80E+06,1154827,1154827,0,156300
100,1.43E+08,1.78E+06,1154827,1154827,0,160250
100,1.42E+08,1.79E+06,1154828,1154828,0,159600
100,1.41E+08,1.78E+06,1154830,1154833,0,156300
100,1.45E+08,1.78E+06,1154830,1154830,0,168900
100,1.47E+08,1.79E+06,1154830,1154829,0,177750
100,1.44E+08,1.78E+06,1154833,1154833,0,165350
100,1.36E+08,1.78E+06,1154834,1154836,0,139300
100,1.43E+08,1.78E+06,1154837,1154838,0,163250
100,1.45E+08,1.78E+06,1154839,1154834,0,168900
100,1.41E+08,1.78E+06,1154841,1154841,0,157900
100,1.40E+08,1.80E+06,1154853,1154853,0,153750
100,1.40E+08,1.78E+06,1154854,1154854,0,154050
100,1.40E+08,1.78E+06,1154856,1154857,0,154750
100,1.44E+08,1.78E+06,1154861,1154861,0,167200
100,1.40E+08,1.78E+06,1154876,1154876,0,153050
100,1.40E+08,1.79E+06,1154879,1154879,0,154300
100,1.44E+08,1.79E+06,1154883,1154880,0,165500
100,1.39E+08,1.80E+06,1154890,1154890,0,151350
100,1.40E+08,1.78E+06,1154891,1154891,0,153050
100,1.45E+08,1.78E+06,1154892,1154892,0,168750
100,1.44E+08,1.78E+06,1154901,1154901,0,164950
100,1.36E+08,1.78E+06,1154904,1154904,0,139550
100,1.39E+08,1.78E+06,1154905,1154905,0,149800
100,1.39E+08,1.78E+06,1154906,1154906,0,151950
100,1.41E+08,1.78E+06,1154907,1154907,0,155700
100,1.47E+08,1.84E+06,1154908,1154906,0,177300
100,1.44E+08,1.80E+06,1154909,1154909,0,165650
100,1.45E+08,1.79E+06,1154912,1154912,0,168750
100,1.40E+08,1.79E+06,1154914,1154914,0,153750
100,1.38E+08,1.78E+06,1154917,1154917,0,148300
100,1.44E+08,1.80E+06,1154919,1154919,0,165350
100,1.45E+08,1.78E+06,1154922,1154922,0,168750
100,1.36E+08,1.78E+06,1154929,1154929,0,139650
100,1.39E+08,1.80E+06,1154930,1154929,0,150400
100,1.43E+08,1.78E+06,1154934,1154934,0,163600
100,1.44E+08,1.78E+06,1154939,1154940,0,165350
100,1.36E+08,1.78E+06,1154950,1154950,0,139300
100,1.36E+08,1.78E+06,1154951,1154950,0,139550
100,1.39E+08,1.80E+06,1154954,1154954,0,151950
100,1.45E+08,1.79E+06,1154957,1154957,0,168900
100,1.45E+08,1.78E+06,1154957,1154957,0,169400
100,1.43E+08,1.78E+06,1154958,1154958,0,163550
100,1.45E+08,1.78E+06,1154960,1154959,0,169400
100,1.47E+08,1.80E+06,1154963,1154963,0,178800
100,1.45E+08,1.79E+06,1154966,1154966,0,168650
100,1.43E+08,1.78E+06,1154970,1154970,0,163250
100,1.45E+08,1.80E+06,1154971,1154970,0,168750
100,1.38E+08,1.78E+06,1154973,1154973,0,147900
100,1.40E+08,1.79E+06,1154974,1154974,0,153750
100,1.41E+08,1.79E+06,1154974,1154974,0,157350
100,1.43E+08,1.78E+06,1154974,1154973,0,163550
100,1.40E+08,1.78E+06,1154979,1154979,0,153050
100,1.47E+08,1.78E+06,1154980,1154980,0,178400
100,1.43E+08,1.79E+06,1154983,1154983,0,160800
100,1.43E+08,1.78E+06,1154985,1154985,0,163250
100,1.39E+08,1.78E+06,1154986,1154986,0,151950
100,1.38E+08,1.78E+06,1154990,1154990,0,147850
100,1.45E+08,1.78E+06,1154990,1154990,0,167650
100,1.45E+08,1.79E+06,1154991,1154991,0,168900
100,1.39E+08,1.78E+06,1154992,1154992,0,151850
100,1.40E+08,1.81E+06,1154992,1154991,0,152950
100,1.45E+08,1.78E+06,1154993,1154993,0,168900
100,1.45E+08,1.79E+06,1154994,1154994,0,168750
100,1.36E+08,1.78E+06,1154997,1154997,0,139550
100,1.41E+08,1.78E+06,1154997,1154996,0,157850
100,1.43E+08,1.79E+06,1154998,1154998,0,163250
100,1.36E+08,1.84E+06,1155000,1155000,0,139300
100,1.36E+08,1.78E+06,1155000,1155000,0,139300
100,1.36E+08,1.78E+06,1155000,1155000,0,139650
100,1.36E+08,1.78E+06,1155000,1155000,0,139650
100,1.36E+08,1.78E+06,1155000,1155000,0,139650
100,1.36E+08,1.78E+06,1155000,1155000,0,139650
100,1.36E+08,1.78E+06,1155000,1155000,0,139650
100,1.36E+08,1.78E+06,1155000,1155000,0,139650
100,1.36E+08,1.78E+06,1155000,1155000,0,139650
100,1.36E+08,1.78E+06,1155000,1155000,0,139650
100,1.36E+08,1.78E+06,1155000,1155000,0,139650
100,1.36E+08,1.78E+06,1155000,1155000,0,139650
100,1.37E+08,1.78E+06,1155000,1155000,0,143900
100,1.37E+08,1.78E+06,1155000,1155000,0,144000
100,1.37E+08,1.78E+06,1155000,1155000,0,144000
100,1.37E+08,1.78E+06,1155000,1155000,0,144000
100,1.38E+08,1.78E+06,1155000,1155000,0,148300
100,1.38E+08,1.78E+06,1155000,1155000,0,148700
100,1.38E+08,1.78E+06,1155000,1155000,0,148700
100,1.38E+08,1.78E+06,1155000,1155000,0,148800
100,1.38E+08,1.78E+06,1155000,1155000,0,148800
100,1.39E+08,1.80E+06,1155000,1155000,0,149250
100,1.39E+08,1.80E+06,1155000,1155000,0,149300
100,1.39E+08,1.78E+06,1155000,1155000,0,149300
100,1.39E+08,1.78E+06,1155000,1155000,0,149300
100,1.39E+08,1.78E+06,1155000,1155000,0,149300
100,1.39E+08,1.79E+06,1155000,1155000,0,149300
100,1.39E+08,1.78E+06,1155000,1155000,0,149500
100,1.39E+08,1.78E+06,1155000,1155000,0,149500
100,1.39E+08,1.79E+06,1155000,1155000,0,149500
100,1.39E+08,1.78E+06,1155000,1155000,0,149500
100,1.39E+08,1.78E+06,1155000,1155000,0,149500
100,1.39E+08,1.82E+06,1155000,1155000,0,149500
100,1.39E+08,1.78E+06,1155000,1155000,0,149500
100,1.39E+08,1.78E+06,1155000,1155000,0,149500
100,1.39E+08,1.78E+06,1155000,1155000,0,149500
100,1.39E+08,1.78E+06,1155000,1155000,0,149500
100,1.39E+08,1.78E+06,1155000,1155000,0,149500
100,1.39E+08,1.78E+06,1155000,1155000,0,149500
100,1.39E+08,1.80E+06,1155000,1155000,0,149500
100,1.39E+08,1.78E+06,1155000,1155000,0,149500
100,1.39E+08,1.78E+06,1155000,1155000,0,149500
100,1.39E+08,1.78E+06,1155000,1155000,0,149800
100,1.39E+08,1.78E+06,1155000,1155000,0,149800
100,1.39E+08,1.78E+06,1155000,1155000,0,149800
100,1.39E+08,1.78E+06,1155000,1155000,0,149800
100,1.39E+08,1.78E+06,1155000,1155000,0,149950
100,1.39E+08,1.79E+06,1155000,1155000,0,149950
100,1.39E+08,1.80E+06,1155000,1155000,0,149950
100,1.39E+08,1.78E+06,1155000,1155000,0,150050
100,1.39E+08,1.78E+06,1155000,1155000,0,150050
100,1.39E+08,1.78E+06,1155000,1155000,0,150050
100,1.39E+08,1.78E+06,1155000,1155000,0,150050
100,1.39E+08,1.78E+06,1155000,1155000,0,150150
100,1.39E+08,1.78E+06,1155000,1155000,0,150150
100,1.39E+08,1.78E+06,1155000,1155000,0,150150
100,1.39E+08,1.78E+06,1155000,1155000,0,150150
100,1.39E+08,1.78E+06,1155000,1155000,0,150150
100,1.39E+08,1.79E+06,1155000,1155000,0,150150
100,1.39E+08,1.78E+06,1155000,1155000,0,151850
100,1.39E+08,1.79E+06,1155000,1155000,0,151850
100,1.39E+08,1.81E+06,1155000,1155000,0,151850
100,1.39E+08,1.78E+06,1155000,1155000,0,151850
100,1.39E+08,1.78E+06,1155000,1155000,0,151850
100,1.39E+08,1.78E+06,1155000,1155000,0,151850
100,1.39E+08,1.78E+06,1155000,1155000,0,151850
100,1.39E+08,1.79E+06,1155000,1155000,0,151900
100,1.39E+08,1.78E+06,1155000,1155000,0,151900
100,1.39E+08,1.78E+06,1155000,1155000,0,151900
100,1.39E+08,1.78E+06,1155000,1155000,0,151900
100,1.39E+08,1.78E+06,1155000,1155000,0,151900
100,1.39E+08,1.78E+06,1155000,1155000,0,151900
100,1.39E+08,1.79E+06,1155000,1155000,0,151900
100,1.39E+08,1.78E+06,1155000,1155000,0,151900
100,1.39E+08,1.78E+06,1155000,1155000,0,151900
100,1.39E+08,1.78E+06,1155000,1155000,0,151900
100,1.39E+08,1.78E+06,1155000,1155000,0,151900
100,1.39E+08,1.78E+06,1155000,1155000,0,151950
100,1.39E+08,1.78E+06,1155000,1155000,0,151950
100,1.39E+08,1.81E+06,1155000,1155000,0,151950
100,1.39E+08,1.80E+06,1155000,1155000,0,151950
100,1.39E+08,1.79E+06,1155000,1155000,0,151950
100,1.39E+08,1.79E+06,1155000,1155000,0,151950
100,1.39E+08,1.78E+06,1155000,1155000,0,151950
100,1.39E+08,1.78E+06,1155000,1155000,0,151950
100,1.39E+08,1.78E+06,1155000,1155000,0,151950
100,1.39E+08,1.78E+06,1155000,1155000,0,151950
100,1.39E+08,1.79E+06,1155000,1155000,0,151950
100,1.39E+08,1.78E+06,1155000,1155000,0,151950
100,1.40E+08,1.78E+06,1155000,1155000,0,152200
100,1.40E+08,1.80E+06,1155000,1155000,0,152200
100,1.40E+08,1.80E+06,1155000,1155000,0,152200
100,1.40E+08,1.80E+06,1155000,1155000,0,152200
100,1.40E+08,1.80E+06,1155000,1155000,0,152300
100,1.40E+08,1.78E+06,1155000,1155000,0,152300
100,1.40E+08,1.78E+06,1155000,1155000,0,152300
100,1.40E+08,1.79E+06,1155000,1155000,0,152950
100,1.40E+08,1.78E+06,1155000,1155000,0,152950
100,1.40E+08,1.78E+06,1155000,1155000,0,152950
100,1.40E+08,1.78E+06,1155000,1155000,0,152950
100,1.40E+08,1.78E+06,1155000,1155000,0,152950
100,1.40E+08,1.79E+06,1155000,1155000,0,152950
100,1.40E+08,1.80E+06,1155000,1155000,0,153050
100,1.40E+08,1.78E+06,1155000,1155000,0,153050
100,1.40E+08,1.78E+06,1155000,1155000,0,153050
100,1.40E+08,1.80E+06,1155000,1155000,0,153050
100,1.40E+08,1.78E+06,1155000,1155000,0,153050
100,1.40E+08,1.78E+06,1155000,1155000,0,153050
100,1.40E+08,1.78E+06,1155000,1155000,0,153050
100,1.40E+08,1.81E+06,1155000,1155000,0,153050
100,1.40E+08,1.78E+06,1155000,1155000,0,153200
100,1.40E+08,1.78E+06,1155000,1155000,0,153200
100,1.40E+08,1.78E+06,1155000,1155000,0,153200
100,1.40E+08,1.80E+06,1155000,1155000,0,153200
100,1.40E+08,1.78E+06,1155000,1155000,0,153200
100,1.40E+08,1.78E+06,1155000,1155000,0,153200
100,1.40E+08,1.78E+06,1155000,1155000,0,153200
100,1.40E+08,1.78E+06,1155000,1155000,0,153200
100,1.40E+08,1.79E+06,1155000,1155000,0,153200
100,1.40E+08,1.78E+06,1155000,1155000,0,153200
100,1.40E+08,1.79E+06,1155000,1155000,0,153200
100,1.40E+08,1.78E+06,1155000,1155000,0,153200
100,1.40E+08,1.78E+06,1155000,1155000,0,153750
100,1.40E+08,1.79E+06,1155000,1155000,0,153750
100,1.40E+08,1.78E+06,1155000,1155000,0,153750
100,1.40E+08,1.78E+06,1155000,1155000,0,153750
100,1.40E+08,1.79E+06,1155000,1155000,0,154050
100,1.40E+08,1.79E+06,1155000,1155000,0,154050
100,1.40E+08,1.79E+06,1155000,1155000,0,154050
100,1.40E+08,1.78E+06,1155000,1155000,0,154050
100,1.40E+08,1.78E+06,1155000,1155000,0,154050
100,1.40E+08,1.79E+06,1155000,1155000,0,154050
100,1.40E+08,1.78E+06,1155000,1155000,0,154050
100,1.40E+08,1.79E+06,1155000,1155000,0,154050
100,1.40E+08,1.80E+06,1155000,1155000,0,154050
100,1.40E+08,1.78E+06,1155000,1155000,0,154050
100,1.40E+08,1.78E+06,1155000,1155000,0,154050
100,1.40E+08,1.78E+06,1155000,1155000,0,154050
100,1.40E+08,1.78E+06,1155000,1155000,0,154050
100,1.40E+08,1.79E+06,1155000,1155000,0,154050
100,1.40E+08,1.78E+06,1155000,1155000,0,154050
100,1.40E+08,1.78E+06,1155000,1155000,0,154050
100,1.40E+08,1.81E+06,1155000,1155000,0,154050
100,1.40E+08,1.78E+06,1155000,1155000,0,154050
100,1.40E+08,1.78E+06,1155000,1155000,0,154050
100,1.40E+08,1.81E+06,1155000,1155000,0,154050
100,1.40E+08,1.78E+06,1155000,1155000,0,154050
100,1.40E+08,1.78E+06,1155000,1155000,0,154050
100,1.40E+08,1.78E+06,1155000,1155000,0,154050
100,1.40E+08,1.78E+06,1155000,1155000,0,154050
100,1.40E+08,1.78E+06,1155000,1155000,0,154050
100,1.40E+08,1.79E+06,1155000,1155000,0,154050
100,1.40E+08,1.78E+06,1155000,1155000,0,154200
100,1.40E+08,1.78E+06,1155000,1155000,0,154200
100,1.40E+08,1.78E+06,1155000,1155000,0,154200
100,1.40E+08,1.78E+06,1155000,1155000,0,154200
100,1.40E+08,1.78E+06,1155000,1155000,0,154300
100,1.40E+08,1.78E+06,1155000,1155000,0,154300
100,1.40E+08,1.78E+06,1155000,1155000,0,154300
100,1.40E+08,1.78E+06,1155000,1155000,0,154300
100,1.40E+08,1.78E+06,1155000,1155000,0,154300
100,1.40E+08,1.78E+06,1155000,1155000,0,154300
100,1.40E+08,1.78E+06,1155000,1155000,0,154300
100,1.40E+08,1.78E+06,1155000,1155000,0,154300
100,1.40E+08,1.78E+06,1155000,1155000,0,154300
100,1.40E+08,1.78E+06,1155000,1155000,0,154300
100,1.40E+08,1.79E+06,1155000,1155000,0,154300
100,1.40E+08,1.79E+06,1155000,1155000,0,154300
100,1.40E+08,1.80E+06,1155000,1155000,0,154500
100,1.40E+08,1.78E+06,1155000,1155000,0,154650
100,1.40E+08,1.80E+06,1155000,1155000,0,154650
100,1.40E+08,1.78E+06,1155000,1155000,0,154650
100,1.40E+08,1.79E+06,1155000,1155000,0,154750
100,1.40E+08,1.78E+06,1155000,1155000,0,155250
100,1.40E+08,1.78E+06,1155000,1155000,0,155250
100,1.40E+08,1.78E+06,1155000,1155000,0,155250
100,1.41E+08,1.78E+06,1155000,1155000,0,155450
100,1.41E+08,1.78E+06,1155000,1155000,0,155450
100,1.41E+08,1.81E+06,1155000,1155000,0,155450
100,1.41E+08,1.78E+06,1155000,1155000,0,155450
100,1.41E+08,1.78E+06,1155000,1155000,0,155450
100,1.41E+08,1.79E+06,1155000,1155000,0,155450
100,1.41E+08,1.81E+06,1155000,1155000,0,155450
100,1.41E+08,1.81E+06,1155000,1155000,0,155600
100,1.41E+08,1.78E+06,1155000,1155000,0,155600
100,1.41E+08,1.80E+06,1155000,1155000,0,155600
100,1.41E+08,1.78E+06,1155000,1155000,0,155700
100,1.41E+08,1.78E+06,1155000,1155000,0,155700
100,1.41E+08,1.78E+06,1155000,1155000,0,155700
100,1.41E+08,1.78E+06,1155000,1155000,0,155800
100,1.41E+08,1.78E+06,1155000,1155000,0,156300
100,1.41E+08,1.78E+06,1155000,1155000,0,156300
100,1.41E+08,1.81E+06,1155000,1155000,0,156300
100,1.41E+08,1.78E+06,1155000,1155000,0,156300
100,1.41E+08,1.78E+06,1155000,1155000,0,156300
100,1.41E+08,1.78E+06,1155000,1155000,0,156400
100,1.41E+08,1.78E+06,1155000,1155000,0,156400
100,1.41E+08,1.78E+06,1155000,1155000,0,156400
100,1.41E+08,1.79E+06,1155000,1155000,0,156400
100,1.41E+08,1.78E+06,1155000,1155000,0,156400
100,1.41E+08,1.79E+06,1155000,1155000,0,156400
100,1.41E+08,1.79E+06,1155000,1155000,0,156400
100,1.41E+08,1.78E+06,1155000,1155000,0,156600
100,1.41E+08,1.78E+06,1155000,1155000,0,156600
100,1.41E+08,1.80E+06,1155000,1155000,0,156600
100,1.41E+08,1.78E+06,1155000,1155000,0,156600
100,1.41E+08,1.78E+06,1155000,1155000,0,156600
100,1.41E+08,1.78E+06,1155000,1155000,0,156600
100,1.41E+08,1.78E+06,1155000,1155000,0,156600
100,1.41E+08,1.78E+06,1155000,1155000,0,156600
100,1.41E+08,1.78E+06,1155000,1155000,0,156600
100,1.41E+08,1.78E+06,1155000,1155000,0,156600
100,1.41E+08,1.78E+06,1155000,1155000,0,156600
100,1.41E+08,1.78E+06,1155000,1155000,0,157350
100,1.41E+08,1.78E+06,1155000,1155000,0,157350
100,1.41E+08,1.79E+06,1155000,1155000,0,157350
100,1.41E+08,1.79E+06,1155000,1155000,0,157350
100,1.41E+08,1.78E+06,1155000,1155000,0,157850
100,1.41E+08,1.78E+06,1155000,1155000,0,157850
100,1.41E+08,1.78E+06,1155000,1155000,0,157850
100,1.41E+08,1.78E+06,1155000,1155000,0,157850
100,1.41E+08,1.78E+06,1155000,1155000,0,157850
100,1.41E+08,1.80E+06,1155000,1155000,0,157850
100,1.41E+08,1.80E+06,1155000,1155000,0,157850
100,1.41E+08,1.78E+06,1155000,1155000,0,157850
100,1.41E+08,1.78E+06,1155000,1155000,0,157850
100,1.41E+08,1.80E+06,1155000,1155000,0,157850
100,1.41E+08,1.78E+06,1155000,1155000,0,157850
100,1.41E+08,1.78E+06,1155000,1155000,0,157850
100,1.41E+08,1.81E+06,1155000,1155000,0,157850
100,1.41E+08,1.78E+06,1155000,1155000,0,157850
100,1.41E+08,1.78E+06,1155000,1155000,0,157850
100,1.41E+08,1.82E+06,1155000,1155000,0,157850
100,1.41E+08,1.78E+06,1155000,1155000,0,157900
100,1.42E+08,1.78E+06,1155000,1155000,0,158000
100,1.42E+08,1.79E+06,1155000,1155000,0,158100
100,1.42E+08,1.78E+06,1155000,1155000,0,158100
100,1.42E+08,1.78E+06,1155000,1155000,0,158100
100,1.42E+08,1.78E+06,1155000,1155000,0,158100
100,1.42E+08,1.78E+06,1155000,1155000,0,158100
100,1.42E+08,1.79E+06,1155000,1155000,0,158350
100,1.42E+08,1.78E+06,1155000,1155000,0,158350
100,1.42E+08,1.78E+06,1155000,1155000,0,158350
100,1.42E+08,1.78E+06,1155000,1155000,0,158850
100,1.42E+08,1.78E+06,1155000,1155000,0,158850
100,1.42E+08,1.79E+06,1155000,1155000,0,158850
100,1.42E+08,1.78E+06,1155000,1155000,0,158900
100,1.42E+08,1.80E+06,1155000,1155000,0,158900
100,1.42E+08,1.78E+06,1155000,1155000,0,158900
100,1.42E+08,1.78E+06,1155000,1155000,0,158900
100,1.42E+08,1.78E+06,1155000,1155000,0,158900
100,1.42E+08,1.78E+06,1155000,1155000,0,158900
100,1.42E+08,1.78E+06,1155000,1155000,0,158900
100,1.42E+08,1.78E+06,1155000,1155000,0,158900
100,1.42E+08,1.80E+06,1155000,1155000,0,158900
100,1.43E+08,1.78E+06,1155000,1155000,0,160150
100,1.43E+08,1.81E+06,1155000,1155000,0,160250
100,1.43E+08,1.78E+06,1155000,1155000,0,160250
100,1.43E+08,1.78E+06,1155000,1155000,0,160250
100,1.43E+08,1.78E+06,1155000,1155000,0,160250
100,1.43E+08,1.78E+06,1155000,1155000,0,160250
100,1.43E+08,1.78E+06,1155000,1155000,0,160450
100,1.43E+08,1.79E+06,1155000,1155000,0,160450
100,1.43E+08,1.80E+06,1155000,1155000,0,160800
100,1.43E+08,1.78E+06,1155000,1155000,0,160800
100,1.43E+08,1.78E+06,1155000,1155000,0,160800
100,1.43E+08,1.78E+06,1155000,1155000,0,160800
100,1.43E+08,1.80E+06,1155000,1155000,0,160800
100,1.43E+08,1.80E+06,1155000,1155000,0,160800
100,1.43E+08,1.80E+06,1155000,1155000,0,160800
100,1.43E+08,1.79E+06,1155000,1155000,0,160800
100,1.43E+08,1.78E+06,1155000,1155000,0,160800
100,1.43E+08,1.78E+06,1155000,1155000,0,160800
100,1.43E+08,1.78E+06,1155000,1155000,0,160800
100,1.43E+08,1.78E+06,1155000,1155000,0,160800
100,1.43E+08,1.78E+06,1155000,1155000,0,161150
100,1.43E+08,1.79E+06,1155000,1155000,0,161150
100,1.43E+08,1.81E+06,1155000,1155000,0,161150
100,1.43E+08,1.78E+06,1155000,1155000,0,161400
100,1.43E+08,1.78E+06,1155000,1155000,0,162650
100,1.43E+08,1.80E+06,1155000,1155000,0,162650
100,1.43E+08,1.80E+06,1155000,1155000,0,162650
100,1.43E+08,1.78E+06,1155000,1155000,0,162650
100,1.43E+08,1.79E+06,1155000,1155000,0,162650
100,1.43E+08,1.78E+06,1155000,1155000,0,162650
100,1.43E+08,1.78E+06,1155000,1155000,0,162650
100,1.43E+08,1.78E+06,1155000,1155000,0,162800
100,1.43E+08,1.78E+06,1155000,1155000,0,162950
100,1.43E+08,1.78E+06,1155000,1155000,0,162950
100,1.43E+08,1.80E+06,1155000,1155000,0,162950
100,1.43E+08,1.78E+06,1155000,1155000,0,162950
100,1.43E+08,1.79E+06,1155000,1155000,0,162950
100,1.43E+08,1.78E+06,1155000,1155000,0,162950
100,1.43E+08,1.79E+06,1155000,1155000,0,162950
100,1.43E+08,1.78E+06,1155000,1155000,0,162950
100,1.43E+08,1.78E+06,1155000,1155000,0,162950
100,1.43E+08,1.81E+06,1155000,1155000,0,162950
100,1.43E+08,1.78E+06,1155000,1155000,0,162950
100,1.43E+08,1.79E+06,1155000,1155000,0,162950
100,1.43E+08,1.78E+06,1155000,1155000,0,162950
100,1.43E+08,1.80E+06,1155000,1155000,0,162950
100,1.43E+08,1.78E+06,1155000,1155000,0,162950
100,1.43E+08,1.80E+06,1155000,1155000,0,163250
100,1.43E+08,1.78E+06,1155000,1155000,0,163250
100,1.43E+08,1.78E+06,1155000,1155000,0,163250
100,1.43E+08,1.78E+06,1155000,1155000,0,163250
100,1.43E+08,1.79E+06,1155000,1155000,0,163250
100,1.43E+08,1.78E+06,1155000,1155000,0,163250
100,1.43E+08,1.78E+06,1155000,1155000,0,163250
100,1.43E+08,1.79E+06,1155000,1155000,0,163250
100,1.43E+08,1.78E+06,1155000,1155000,0,163250
100,1.43E+08,1.78E+06,1155000,1155000,0,163250
100,1.43E+08,1.78E+06,1155000,1155000,0,163250
100,1.43E+08,1.81E+06,1155000,1155000,0,163250
100,1.43E+08,1.78E+06,1155000,1155000,0,163250
100,1.43E+08,1.80E+06,1155000,1155000,0,163250
100,1.43E+08,1.79E+06,1155000,1155000,0,163250
100,1.43E+08,1.81E+06,1155000,1155000,0,163250
100,1.43E+08,1.78E+06,1155000,1155000,0,163550
100,1.43E+08,1.78E+06,1155000,1155000,0,163550
100,1.43E+08,1.78E+06,1155000,1155000,0,163550
100,1.43E+08,1.78E+06,1155000,1155000,0,163550
100,1.43E+08,1.78E+06,1155000,1155000,0,163550
100,1.43E+08,1.78E+06,1155000,1155000,0,163550
100,1.43E+08,1.80E+06,1155000,1155000,0,163550
100,1.43E+08,1.79E+06,1155000,1155000,0,163550
100,1.43E+08,1.78E+06,1155000,1155000,0,163600
100,1.43E+08,1.81E+06,1155000,1155000,0,163600
100,1.43E+08,1.78E+06,1155000,1155000,0,163600
100,1.43E+08,1.78E+06,1155000,1155000,0,163600
100,1.43E+08,1.78E+06,1155000,1155000,0,163600
100,1.43E+08,1.79E+06,1155000,1155000,0,163700
100,1.43E+08,1.78E+06,1155000,1155000,0,163700
100,1.43E+08,1.80E+06,1155000,1155000,0,163700
100,1.43E+08,1.78E+06,1155000,1155000,0,163700
100,1.43E+08,1.80E+06,1155000,1155000,0,163700
100,1.43E+08,1.80E+06,1155000,1155000,0,163700
100,1.43E+08,1.78E+06,1155000,1155000,0,163700
100,1.43E+08,1.80E+06,1155000,1155000,0,163700
100,1.44E+08,1.80E+06,1155000,1155000,0,163900
100,1.44E+08,1.80E+06,1155000,1155000,0,163900
100,1.44E+08,1.79E+06,1155000,1155000,0,163900
100,1.44E+08,1.81E+06,1155000,1155000,0,163900
100,1.44E+08,1.78E+06,1155000,1155000,0,164100
100,1.44E+08,1.78E+06,1155000,1155000,0,164100
100,1.44E+08,1.78E+06,1155000,1155000,0,164950
100,1.44E+08,1.78E+06,1155000,1155000,0,165350
100,1.44E+08,1.80E+06,1155000,1155000,0,165350
100,1.44E+08,1.79E+06,1155000,1155000,0,165500
100,1.44E+08,1.78E+06,1155000,1155000,0,165500
100,1.44E+08,1.78E+06,1155000,1155000,0,165500
100,1.44E+08,1.80E+06,1155000,1155000,0,165500
100,1.44E+08,1.80E+06,1155000,1155000,0,165500
100,1.44E+08,1.78E+06,1155000,1155000,0,165500
100,1.44E+08,1.79E+06,1155000,1155000,0,165500
100,1.44E+08,1.78E+06,1155000,1155000,0,165500
100,1.44E+08,1.78E+06,1155000,1155000,0,165500
100,1.44E+08,1.78E+06,1155000,1155000,0,165500
100,1.44E+08,1.78E+06,1155000,1155000,0,165500
100,1.44E+08,1.79E+06,1155000,1155000,0,165500
100,1.44E+08,1.78E+06,1155000,1155000,0,165500
100,1.44E+08,1.78E+06,1155000,1155000,0,165500
100,1.44E+08,1.79E+06,1155000,1155000,0,165650
100,1.44E+08,1.80E+06,1155000,1155000,0,165650
100,1.44E+08,1.78E+06,1155000,1155000,0,165650
100,1.44E+08,1.78E+06,1155000,1155000,0,165650
100,1.44E+08,1.81E+06,1155000,1155000,0,165650
100,1.44E+08,1.78E+06,1155000,1155000,0,165650
100,1.44E+08,1.78E+06,1155000,1155000,0,165650
100,1.44E+08,1.78E+06,1155000,1155000,0,166900
100,1.44E+08,1.78E+06,1155000,1155000,0,167200
100,1.44E+08,1.80E+06,1155000,1155000,0,167200
100,1.44E+08,1.79E+06,1155000,1155000,0,167200
100,1.44E+08,1.78E+06,1155000,1155000,0,167200
100,1.44E+08,1.80E+06,1155000,1155000,0,167200
100,1.44E+08,1.78E+06,1155000,1155000,0,167200
100,1.44E+08,1.78E+06,1155000,1155000,0,167200
100,1.44E+08,1.78E+06,1155000,1155000,0,167200
100,1.44E+08,1.78E+06,1155000,1155000,0,167200
100,1.44E+08,1.79E+06,1155000,1155000,0,167200
100,1.44E+08,1.79E+06,1155000,1155000,0,167200
100,1.44E+08,1.80E+06,1155000,1155000,0,167200
100,1.44E+08,1.78E+06,1155000,1155000,0,167200
100,1.44E+08,1.78E+06,1155000,1155000,0,167400
100,1.45E+08,1.78E+06,1155000,1155000,0,167500
100,1.45E+08,1.78E+06,1155000,1155000,0,167650
100,1.45E+08,1.79E+06,1155000,1155000,0,167650
100,1.45E+08,1.78E+06,1155000,1155000,0,167650
100,1.45E+08,1.80E+06,1155000,1155000,0,167650
100,1.45E+08,1.78E+06,1155000,1155000,0,167650
100,1.45E+08,1.78E+06,1155000,1155000,0,167650
100,1.45E+08,1.78E+06,1155000,1155000,0,167650
100,1.45E+08,1.78E+06,1155000,1155000,0,167650
100,1.45E+08,1.79E+06,1155000,1155000,0,167650
100,1.45E+08,1.78E+06,1155000,1155000,0,167650
100,1.45E+08,1.78E+06,1155000,1155000,0,168650
100,1.45E+08,1.78E+06,1155000,1155000,0,168650
100,1.45E+08,1.79E+06,1155000,1155000,0,168650
100,1.45E+08,1.78E+06,1155000,1155000,0,168650
100,1.45E+08,1.78E+06,1155000,1155000,0,168650
100,1.45E+08,1.80E+06,1155000,1155000,0,168650
100,1.45E+08,1.78E+06,1155000,1155000,0,168650
100,1.45E+08,1.80E+06,1155000,1155000,0,168650
100,1.45E+08,1.78E+06,1155000,1155000,0,168650
100,1.45E+08,1.79E+06,1155000,1155000,0,168650
100,1.45E+08,1.80E+06,1155000,1155000,0,168650
100,1.45E+08,1.79E+06,1155000,1155000,0,168650
100,1.45E+08,1.78E+06,1155000,1155000,0,168650
100,1.45E+08,1.78E+06,1155000,1155000,0,168650
100,1.45E+08,1.80E+06,1155000,1155000,0,168650
100,1.45E+08,1.78E+06,1155000,1155000,0,168650
100,1.45E+08,1.78E+06,1155000,1155000,0,168650
100,1.45E+08,1.81E+06,1155000,1155000,0,168650
100,1.45E+08,1.78E+06,1155000,1155000,0,168650
100,1.45E+08,1.80E+06,1155000,1155000,0,168650
100,1.45E+08,1.81E+06,1155000,1155000,0,168650
100,1.45E+08,1.82E+06,1155000,1155000,0,168650
100,1.45E+08,1.78E+06,1155000,1155000,0,168650
100,1.45E+08,1.78E+06,1155000,1155000,0,168700
100,1.45E+08,1.78E+06,1155000,1155000,0,168700
100,1.45E+08,1.78E+06,1155000,1155000,0,168700
100,1.45E+08,1.80E+06,1155000,1155000,0,168700
100,1.45E+08,1.80E+06,1155000,1155000,0,168700
100,1.45E+08,1.80E+06,1155000,1155000,0,168700
100,1.45E+08,1.78E+06,1155000,1155000,0,168700
100,1.45E+08,1.79E+06,1155000,1155000,0,168700
100,1.45E+08,1.80E+06,1155000,1155000,0,168700
100,1.45E+08,1.78E+06,1155000,1155000,0,168700
100,1.45E+08,1.79E+06,1155000,1155000,0,168700
100,1.45E+08,1.78E+06,1155000,1155000,0,168750
100,1.45E+08,1.81E+06,1155000,1155000,0,168750
100,1.45E+08,1.80E+06,1155000,1155000,0,168750
100,1.45E+08,1.78E+06,1155000,1155000,0,168750
100,1.45E+08,1.78E+06,1155000,1155000,0,168750
100,1.45E+08,1.78E+06,1155000,1155000,0,168750
100,1.45E+08,1.78E+06,1155000,1155000,0,168750
100,1.45E+08,1.79E+06,1155000,1155000,0,168750
100,1.45E+08,1.78E+06,1155000,1155000,0,168750
100,1.45E+08,1.80E+06,1155000,1155000,0,168750
100,1.45E+08,1.78E+06,1155000,1155000,0,168750
100,1.45E+08,1.79E+06,1155000,1155000,0,168750
100,1.45E+08,1.79E+06,1155000,1155000,0,168750
100,1.45E+08,1.79E+06,1155000,1155000,0,168750
100,1.45E+08,1.78E+06,1155000,1155000,0,168750
100,1.45E+08,1.78E+06,1155000,1155000,0,168750
100,1.45E+08,1.80E+06,1155000,1155000,0,168750
100,1.45E+08,1.80E+06,1155000,1155000,0,168750
100,1.45E+08,1.81E+06,1155000,1155000,0,168750
100,1.45E+08,1.79E+06,1155000,1155000,0,168750
100,1.45E+08,1.78E+06,1155000,1155000,0,168750
100,1.45E+08,1.81E+06,1155000,1155000,0,168750
100,1.45E+08,1.79E+06,1155000,1155000,0,168750
100,1.45E+08,1.78E+06,1155000,1155000,0,168750
100,1.45E+08,1.78E+06,1155000,1155000,0,168900
100,1.45E+08,1.81E+06,1155000,1155000,0,168900
100,1.45E+08,1.78E+06,1155000,1155000,0,168900
100,1.45E+08,1.80E+06,1155000,1155000,0,168900
100,1.45E+08,1.78E+06,1155000,1155000,0,168900
100,1.45E+08,1.80E+06,1155000,1155000,0,168900
100,1.45E+08,1.78E+06,1155000,1155000,0,168900
100,1.45E+08,1.78E+06,1155000,1155000,0,168900
100,1.45E+08,1.80E+06,1155000,1155000,0,168900
100,1.45E+08,1.80E+06,1155000,1155000,0,168900
100,1.45E+08,1.80E+06,1155000,1155000,0,168900
100,1.45E+08,1.79E+06,1155000,1155000,0,168900
100,1.45E+08,1.78E+06,1155000,1155000,0,168900
100,1.45E+08,1.78E+06,1155000,1155000,0,168900
100,1.45E+08,1.78E+06,1155000,1155000,0,168900
100,1.45E+08,1.79E+06,1155000,1155000,0,168900
100,1.45E+08,1.78E+06,1155000,1155000,0,168900
100,1.45E+08,1.79E+06,1155000,1155000,0,168900
100,1.45E+08,1.82E+06,1155000,1155000,0,168900
100,1.45E+08,1.78E+06,1155000,1155000,0,168900
100,1.45E+08,1.78E+06,1155000,1155000,0,168900
100,1.45E+08,1.78E+06,1155000,1155000,0,168900
100,1.45E+08,1.78E+06,1155000,1155000,0,168900
100,1.45E+08,1.81E+06,1155000,1155000,0,168900
100,1.45E+08,1.78E+06,1155000,1155000,0,168900
100,1.45E+08,1.82E+06,1155000,1155000,0,168900
100,1.45E+08,1.78E+06,1155000,1155000,0,168900
100,1.45E+08,1.80E+06,1155000,1155000,0,168900
100,1.45E+08,1.79E+06,1155000,1155000,0,169400
100,1.45E+08,1.79E+06,1155000,1155000,0,169400
100,1.45E+08,1.79E+06,1155000,1155000,0,169400
100,1.45E+08,1.78E+06,1155000,1155000,0,169400
100,1.45E+08,1.81E+06,1155000,1155000,0,169400
100,1.45E+08,1.78E+06,1155000,1155000,0,169400
100,1.45E+08,1.78E+06,1155000,1155000,0,169400
100,1.45E+08,1.78E+06,1155000,1155000,0,169400
100,1.45E+08,1.78E+06,1155000,1155000,0,169400
100,1.45E+08,1.79E+06,1155000,1155000,0,169400
100,1.45E+08,1.78E+06,1155000,1155000,0,169400
100,1.45E+08,1.79E+06,1155000,1155000,0,169400
100,1.45E+08,1.78E+06,1155000,1155000,0,169400
100,1.45E+08,1.78E+06,1155000,1155000,0,169400
100,1.36E+08,1.78E+06,1155008,1155008,0,142300
100,1.47E+08,1.80E+06,1155008,1155009,0,176850
100,1.46E+08,1.80E+06,1155037,1155038,0,173200
100,1.36E+08,1.78E+06,1155041,1155040,0,139300
100,1.40E+08,1.79E+06,1155051,1155051,0,154200
100,1.46E+08,1.81E+06,1155053,1155055,0,175250
100,1.44E+08,1.79E+06,1155070,1155076,0,165650
100,1.40E+08,1.78E+06,1155082,1155082,0,153050
100,1.36E+08,1.78E+06,1155093,1155092,0,139300
100,1.44E+08,1.78E+06,1155116,1155114,0,166900
100,1.46E+08,1.78E+06,1155129,1155129,0,173850
100,1.36E+08,1.78E+06,1155137,1155137,0,139300
100,1.36E+08,1.78E+06,1155146,1155143,0,139300
100,1.43E+08,1.78E+06,1155149,1155147,0,160800
100,1.45E+08,1.78E+06,1155153,1155154,0,168750
100,1.40E+08,1.80E+06,1155239,1155239,0,153050
100,1.42E+08,1.78E+06,1155246,1155244,0,158900
100,1.47E+08,1.78E+06,1155262,1155262,0,178800
100,1.47E+08,1.78E+06,1155271,1155270,0,177750
100,1.43E+08,1.81E+06,1155272,1155270,0,160800
100,1.47E+08,1.81E+06,1155301,1155302,0,176350
100,1.36E+08,1.80E+06,1155317,1155317,0,139300
100,1.47E+08,1.78E+06,1155334,1155334,0,177150
100,1.36E+08,1.78E+06,1155376,1155377,0,139300
100,1.47E+08,1.78E+06,1155394,1155394,0,177750
100,1.40E+08,1.78E+06,1155433,1155433,0,154300
100,1.47E+08,1.78E+06,1155438,1155438,0,177150
100,1.47E+08,1.78E+06,1155446,1155446,0,177300
100,1.36E+08,1.78E+06,1155449,1155449,0,139650
100,1.36E+08,1.84E+06,1155455,1155455,0,139150
100,1.45E+08,1.78E+06,1155456,1155456,0,167650
100,1.36E+08,1.78E+06,1155468,1155468,0,142300
100,1.46E+08,1.82E+06,1155480,1155479,0,170800
100,1.39E+08,1.79E+06,1155518,1155518,0,151950
100,1.36E+08,1.81E+06,1155525,1155526,0,139150
100,1.36E+08,1.82E+06,1155539,1155540,0,139300
100,1.46E+08,1.78E+06,1155549,1155549,0,175250
100,1.46E+08,1.78E+06,1155557,1155557,0,173850
100,1.43E+08,1.78E+06,1155559,1155560,0,160250
100,1.39E+08,1.78E+06,1155573,1155573,0,151850
100,1.36E+08,1.78E+06,1155585,1155583,0,139550
100,1.47E+08,1.79E+06,1155618,1155619,0,176850
100,1.47E+08,1.80E+06,1155636,1155636,0,178050
100,1.36E+08,1.78E+06,1155641,1155641,0,139650
100,1.36E+08,1.79E+06,1155650,1155651,0,139300
100,1.45E+08,1.78E+06,1155655,1155655,0,169400
100,1.47E+08,1.78E+06,1155670,1155669,0,178400
100,1.45E+08,1.78E+06,1155676,1155676,0,168750
100,1.39E+08,1.80E+06,1155693,1155693,0,149800
100,1.36E+08,1.78E+06,1155722,1155722,0,139300
100,1.40E+08,1.78E+06,1155727,1155727,0,153200
100,1.36E+08,1.78E+06,1155739,1155739,0,139300
100,1.36E+08,1.78E+06,1155746,1155746,0,139650
100,1.43E+08,1.82E+06,1155746,1155746,0,160150
100,1.36E+08,1.78E+06,1155757,1155757,0,139300
100,1.36E+08,1.79E+06,1155759,1155759,0,139650
100,1.43E+08,1.78E+06,1155769,1155769,0,163250
100,1.45E+08,1.87E+06,1155769,1155769,0,168650
100,1.36E+08,1.78E+06,1155780,1155780,0,139650
100,1.36E+08,1.78E+06,1155796,1155793,0,139300
100,1.45E+08,1.79E+06,1155817,1155817,0,167650
100,1.36E+08,1.78E+06,1155851,1155851,0,142750
100,1.40E+08,1.78E+06,1155855,1155855,0,153050
100,1.43E+08,1.80E+06,1155890,1155890,0,162650
100,1.39E+08,1.81E+06,1155909,1155908,0,149300
100,1.46E+08,1.78E+06,1155918,1155915,0,175250
100,1.36E+08,1.78E+06,1155920,1155920,0,139300
100,1.40E+08,1.78E+06,1155952,1155952,0,154050
100,1.36E+08,1.78E+06,1155960,1155958,0,139550
100,1.46E+08,1.78E+06,1155967,1155968,0,170800
100,1.47E+08,1.78E+06,1155993,1155993,0,177300
100,1.47E+08,1.81E+06,1155994,1155997,0,176350
100,1.45E+08,1.78E+06,1156038,1156037,0,167650
100,1.47E+08,1.78E+06,1156043,1156043,0,176350
100,1.40E+08,1.78E+06,1156048,1156049,0,154050
100,1.46E+08,1.81E+06,1156061,1156060,0,170800
100,1.36E+08,1.78E+06,1156096,1156096,0,139300
100,1.36E+08,1.78E+06,1156103,1156101,0,139300
100,1.47E+08,1.78E+06,1156110,1156110,0,178400
100,1.36E+08,1.78E+06,1156134,1156134,0,139300
100,1.45E+08,1.78E+06,1156175,1156175,0,168900
100,1.36E+08,1.78E+06,1156201,1156201,0,142750
100,1.40E+08,1.78E+06,1156210,1156209,0,154050
100,1.36E+08,1.78E+06,1156230,1156230,0,139300
100,1.36E+08,1.78E+06,1156251,1156251,0,139650
100,1.47E+08,1.78E+06,1156251,1156251,0,178800
100,1.43E+08,1.80E+06,1156254,1156255,0,160150
100,1.46E+08,1.78E+06,1156294,1156294,0,171350
100,1.44E+08,1.78E+06,1156304,1156306,0,165650
100,1.36E+08,1.81E+06,1156330,1156330,0,139150
100,1.36E+08,1.78E+06,1156350,1156350,0,142750
100,1.38E+08,1.78E+06,1156366,1156366,0,148800
100,1.36E+08,1.78E+06,1156380,1156379,0,142750
100,1.46E+08,1.78E+06,1156382,1156382,0,171350
100,1.45E+08,1.82E+06,1156392,1156392,0,168650
100,1.36E+08,1.78E+06,1156395,1156395,0,139550
100,1.43E+08,1.78E+06,1156437,1156437,0,162650
100,1.36E+08,1.78E+06,1156440,1156440,0,139650
100,1.45E+08,1.80E+06,1156455,1156457,0,168650
100,1.36E+08,1.78E+06,1156478,1156472,0,139550
100,1.45E+08,1.79E+06,1156484,1156486,0,168750
100,1.47E+08,1.78E+06,1156484,1156485,0,178800
100,1.44E+08,1.80E+06,1156493,1156491,0,163900
100,1.40E+08,1.78E+06,1156497,1156498,0,154050
100,1.47E+08,1.81E+06,1156497,1156496,0,177100
100,1.47E+08,1.78E+06,1156508,1156509,0,177150
100,1.36E+08,1.78E+06,1156530,1156527,0,139650
100,1.45E+08,1.80E+06,1156532,1156531,0,168650
100,1.40E+08,1.78E+06,1156538,1156537,0,153050
100,1.45E+08,1.78E+06,1156545,1156543,0,168750
100,1.36E+08,1.78E+06,1156559,1156556,0,141000
100,1.43E+08,1.78E+06,1156593,1156593,0,163250
100,1.34E+08,2.14E+06,1156597,1156599,0,138750
100,1.45E+08,1.78E+06,1156598,1156598,0,167650
100,1.46E+08,1.80E+06,1156611,1156611,0,170800
100,1.46E+08,1.78E+06,1156623,1156623,0,175250
100,1.40E+08,1.80E+06,1156638,1156639,0,154650
100,1.34E+08,2.19E+06,1156657,1156660,0,138750
100,1.43E+08,1.78E+06,1156678,1156678,0,162950
100,1.45E+08,1.78E+06,1156678,1156678,0,168650
100,1.36E+08,1.82E+06,1156682,1156678,0,139300
100,1.47E+08,1.78E+06,1156691,1156691,0,178800
100,1.36E+08,1.78E+06,1156718,1156718,0,142750
100,1.43E+08,1.78E+06,1156733,1156733,0,160250
100,1.39E+08,1.78E+06,1156742,1156741,0,151950
100,1.45E+08,1.79E+06,1156759,1156759,0,170800
100,1.36E+08,1.78E+06,1156815,1156816,0,139300
100,1.39E+08,1.78E+06,1156815,1156812,0,151950
100,1.45E+08,1.78E+06,1156820,1156820,0,169400
100,1.47E+08,1.78E+06,1156821,1156821,0,178900
100,1.47E+08,1.78E+06,1156823,1156824,0,178050
100,1.45E+08,1.78E+06,1156824,1156824,0,170700
100,1.36E+08,1.78E+06,1156850,1156850,0,139300
100,1.47E+08,1.78E+06,1156865,1156863,0,176000
100,1.40E+08,1.79E+06,1156930,1156930,0,154050
100,1.36E+08,1.78E+06,1156945,1156945,0,139650
100,1.36E+08,1.78E+06,1156946,1156946,0,142750
100,1.36E+08,1.78E+06,1156956,1156955,0,141300
100,1.47E+08,1.84E+06,1156956,1156956,0,178400
100,1.47E+08,1.78E+06,1156968,1156968,0,177300
100,1.36E+08,1.78E+06,1156986,1156985,0,139300
100,1.36E+08,1.79E+06,1156997,1156997,0,139300
100,1.47E+08,1.78E+06,1157002,1157003,0,177300
100,1.45E+08,1.78E+06,1157004,1157003,0,170800
100,1.47E+08,1.79E+06,1157008,1157011,0,178800
100,1.36E+08,1.78E+06,1157018,1157018,0,139550
100,1.36E+08,1.80E+06,1157026,1157026,0,139300
100,1.43E+08,1.78E+06,1157032,1157030,0,162950
100,1.43E+08,1.78E+06,1157040,1157040,0,163550
100,1.46E+08,1.79E+06,1157072,1157073,0,175250
100,1.41E+08,1.78E+06,1157104,1157105,0,156300
100,1.36E+08,1.78E+06,1157120,1157120,0,139550
100,1.47E+08,1.78E+06,1157143,1157139,0,177150
100,1.45E+08,1.78E+06,1157156,1157157,0,167500
100,1.45E+08,1.78E+06,1157165,1157165,0,167500
100,1.47E+08,1.79E+06,1157169,1157167,0,177300
100,1.36E+08,1.78E+06,1157172,1157172,0,139300
100,1.36E+08,1.78E+06,1157195,1157196,0,142750
100,1.41E+08,1.78E+06,1157207,1157206,0,156400
100,1.40E+08,1.78E+06,1157214,1157214,0,153750
100,1.45E+08,1.81E+06,1157238,1157238,0,168900
100,1.39E+08,1.78E+06,1157263,1157261,0,151950
100,1.36E+08,1.78E+06,1157264,1157264,0,139300
100,1.46E+08,1.78E+06,1157264,1157264,0,171350
100,1.47E+08,1.79E+06,1157265,1157267,0,177750
100,1.47E+08,1.78E+06,1157283,1157282,0,176000
100,1.47E+08,1.80E+06,1157284,1157284,0,177300
100,1.43E+08,1.79E+06,1157289,1157289,0,163250
100,1.36E+08,1.78E+06,1157292,1157292,0,139300
100,1.46E+08,1.78E+06,1157300,1157300,0,170800
100,1.40E+08,1.79E+06,1157307,1157307,0,154050
100,1.36E+08,1.78E+06,1157308,1157307,0,139550
100,1.46E+08,1.78E+06,1157308,1157307,0,173850
100,1.38E+08,1.78E+06,1157341,1157341,0,148300
100,1.45E+08,1.81E+06,1157349,1157349,0,168750
100,1.36E+08,1.78E+06,1157365,1157365,0,139650
100,1.45E+08,1.84E+06,1157371,1157371,0,168650
100,1.47E+08,1.78E+06,1157380,1157380,0,178800
100,1.39E+08,1.78E+06,1157393,1157395,0,151950
100,1.47E+08,1.78E+06,1157402,1157405,0,176850
100,1.47E+08,1.78E+06,1157430,1157430,0,176850
100,1.36E+08,1.78E+06,1157451,1157451,0,139550
100,1.35E+08,1.87E+06,1157456,1157458,0,138750
100,1.36E+08,1.78E+06,1157464,1157464,0,142750
100,1.47E+08,1.79E+06,1157476,1157476,0,178050
100,1.36E+08,1.78E+06,1157481,1157481,0,139650
100,1.36E+08,1.78E+06,1157487,1157490,0,139300
100,1.35E+08,2.07E+06,1157500,1157500,0,138750
100,1.35E+08,1.99E+06,1157500,1157500,0,138750
100,1.35E+08,2.01E+06,1157500,1157500,0,138750
100,1.35E+08,1.97E+06,1157500,1157500,0,138750
100,1.35E+08,1.96E+06,1157500,1157500,0,138750
100,1.35E+08,2.00E+06,1157500,1157500,0,138750
100,1.35E+08,1.87E+06,1157500,1157500,0,138750
100,1.35E+08,1.96E+06,1157500,1157500,0,138750
100,1.36E+08,1.79E+06,1157500,1157500,0,139150
100,1.36E+08,1.78E+06,1157500,1157500,0,139650
100,1.36E+08,1.78E+06,1157500,1157500,0,139650
100,1.36E+08,1.78E+06,1157500,1157500,0,139650
100,1.36E+08,1.78E+06,1157500,1157500,0,139650
100,1.36E+08,1.78E+06,1157500,1157500,0,139650
100,1.36E+08,1.78E+06,1157500,1157500,0,139650
100,1.36E+08,1.78E+06,1157500,1157500,0,139650
100,1.36E+08,1.78E+06,1157500,1157500,0,139650
100,1.36E+08,1.78E+06,1157500,1157500,0,139650
100,1.36E+08,1.78E+06,1157500,1157500,0,139650
100,1.36E+08,1.78E+06,1157500,1157500,0,139650
100,1.36E+08,1.78E+06,1157500,1157500,0,139650
100,1.36E+08,1.78E+06,1157500,1157500,0,139650
100,1.36E+08,1.78E+06,1157500,1157500,0,139650
100,1.36E+08,1.78E+06,1157500,1157500,0,139650
100,1.36E+08,1.78E+06,1157500,1157500,0,139650
100,1.36E+08,1.78E+06,1157500,1157500,0,139650
100,1.36E+08,1.78E+06,1157500,1157500,0,139650
100,1.36E+08,1.78E+06,1157500,1157500,0,139650
100,1.36E+08,1.78E+06,1157500,1157500,0,139650
100,1.36E+08,1.78E+06,1157500,1157500,0,139650
100,1.36E+08,1.78E+06,1157500,1157500,0,139650
100,1.36E+08,1.78E+06,1157500,1157500,0,139650
100,1.36E+08,1.78E+06,1157500,1157500,0,139650
100,1.36E+08,1.78E+06,1157500,1157500,0,139650
100,1.36E+08,1.78E+06,1157500,1157500,0,139650
100,1.36E+08,1.80E+06,1157500,1157500,0,139750
100,1.36E+08,1.79E+06,1157500,1157500,0,140350
100,1.36E+08,1.78E+06,1157500,1157500,0,140450
100,1.36E+08,1.78E+06,1157500,1157500,0,140450
100,1.36E+08,1.78E+06,1157500,1157500,0,140450
100,1.36E+08,1.78E+06,1157500,1157500,0,140450
100,1.36E+08,1.78E+06,1157500,1157500,0,140450
100,1.36E+08,1.79E+06,1157500,1157500,0,141000
100,1.36E+08,1.78E+06,1157500,1157500,0,141000
100,1.36E+08,1.78E+06,1157500,1157500,0,141000
100,1.36E+08,1.78E+06,1157500,1157500,0,141000
100,1.36E+08,1.78E+06,1157500,1157500,0,141000
100,1.36E+08,1.78E+06,1157500,1157500,0,141000
100,1.36E+08,1.78E+06,1157500,1157500,0,141000
100,1.36E+08,1.79E+06,1157500,1157500,0,141000
100,1.36E+08,1.78E+06,1157500,1157500,0,141000
100,1.36E+08,1.78E+06,1157500,1157500,0,142300
100,1.36E+08,1.80E+06,1157500,1157500,0,142750
100,1.36E+08,1.78E+06,1157500,1157500,0,142750
100,1.36E+08,1.82E+06,1157500,1157500,0,142750
100,1.36E+08,1.78E+06,1157500,1157500,0,142750
100,1.36E+08,1.78E+06,1157500,1157500,0,142750
100,1.36E+08,1.80E+06,1157500,1157500,0,142750
100,1.36E+08,1.78E+06,1157500,1157500,0,142750
100,1.36E+08,1.79E+06,1157500,1157500,0,142750
100,1.36E+08,1.78E+06,1157500,1157500,0,142800
100,1.36E+08,1.78E+06,1157500,1157500,0,143350
100,1.36E+08,1.78E+06,1157500,1157500,0,143350
100,1.36E+08,1.78E+06,1157500,1157500,0,143350
100,1.36E+08,1.78E+06,1157500,1157500,0,143350
100,1.36E+08,1.78E+06,1157500,1157500,0,143350
100,1.36E+08,1.79E+06,1157500,1157500,0,143350
100,1.36E+08,1.79E+06,1157500,1157500,0,143350
100,1.36E+08,1.78E+06,1157500,1157500,0,143350
100,1.36E+08,1.78E+06,1157500,1157500,0,143350
100,1.36E+08,1.78E+06,1157500,1157500,0,143350
100,1.36E+08,1.78E+06,1157500,1157500,0,143350
100,1.36E+08,1.78E+06,1157500,1157500,0,143350
100,1.36E+08,1.78E+06,1157500,1157500,0,143350
100,1.36E+08,1.78E+06,1157500,1157500,0,143350
100,1.36E+08,1.78E+06,1157500,1157500,0,143350
100,1.36E+08,1.78E+06,1157500,1157500,0,143350
100,1.36E+08,1.78E+06,1157500,1157500,0,143350
100,1.37E+08,1.78E+06,1157500,1157500,0,143900
100,1.37E+08,1.78E+06,1157500,1157500,0,143900
100,1.37E+08,1.78E+06,1157500,1157500,0,143900
100,1.38E+08,1.78E+06,1157525,1157525,0,148300
100,1.43E+08,1.78E+06,1157543,1157543,0,163700
100,1.36E+08,1.78E+06,1157544,1157545,0,139300
100,1.36E+08,1.78E+06,1157550,1157550,0,139650
100,1.47E+08,1.78E+06,1157555,1157555,0,177400
100,1.47E+08,1.78E+06,1157587,1157587,0,177400
100,1.45E+08,1.78E+06,1157611,1157611,0,168900
100,1.36E+08,1.78E+06,1157612,1157612,0,139650
100,1.44E+08,1.78E+06,1157628,1157628,0,165500
100,1.36E+08,1.83E+06,1157644,1157645,0,139300
100,1.36E+08,1.78E+06,1157655,1157656,0,139550
100,1.39E+08,1.80E+06,1157655,1157656,0,151350
100,1.47E+08,1.80E+06,1157661,1157661,0,176000
100,1.39E+08,1.78E+06,1157664,1157664,0,151950
100,1.45E+08,1.79E+06,1157671,1157671,0,168750
100,1.36E+08,1.78E+06,1157695,1157695,0,139550
100,1.46E+08,1.82E+06,1157707,1157707,0,173850
100,1.36E+08,1.78E+06,1157739,1157738,0,142300
100,1.43E+08,1.78E+06,1157755,1157753,0,163250
100,1.47E+08,1.78E+06,1157779,1157779,0,177150
100,1.47E+08,1.78E+06,1157779,1157778,0,178800
100,1.40E+08,1.78E+06,1157783,1157784,0,152200
100,1.46E+08,1.78E+06,1157787,1157786,0,173850
100,1.36E+08,1.78E+06,1157820,1157820,0,139300
100,1.44E+08,1.82E+06,1157834,1157829,0,167200
100,1.36E+08,1.78E+06,1157854,1157854,0,139550
100,1.43E+08,1.79E+06,1157867,1157867,0,163250
100,1.36E+08,1.78E+06,1157910,1157910,0,139300
100,1.36E+08,1.78E+06,1157924,1157925,0,139300
100,1.41E+08,1.80E+06,1157941,1157941,0,156300
100,1.45E+08,1.78E+06,1157942,1157942,0,167500
100,1.40E+08,1.80E+06,1157984,1157985,0,153050
100,1.36E+08,1.83E+06,1158029,1158026,0,139150
100,1.36E+08,1.78E+06,1158031,1158029,0,139300
100,1.47E+08,1.78E+06,1158043,1158046,0,177300
100,1.36E+08,1.78E+06,1158045,1158047,0,139650
100,1.44E+08,1.78E+06,1158051,1158050,0,165350
100,1.36E+08,1.78E+06,1158070,1158070,0,139300
100,1.36E+08,1.78E+06,1158092,1158093,0,139550
100,1.45E+08,1.78E+06,1158102,1158102,0,169400
100,1.36E+08,1.80E+06,1158126,1158126,0,139150
100,1.41E+08,1.78E+06,1158141,1158141,0,155450
100,1.45E+08,1.78E+06,1158148,1158147,0,167650
100,1.47E+08,1.78E+06,1158149,1158149,0,176850
100,1.40E+08,1.78E+06,1158151,1158151,0,153050
100,1.40E+08,1.78E+06,1158158,1158158,0,154300
100,1.41E+08,1.78E+06,1158164,1158166,0,157350
100,1.45E+08,1.78E+06,1158168,1158168,0,168900
100,1.46E+08,1.81E+06,1158199,1158194,0,173850
100,1.36E+08,1.78E+06,1158200,1158200,0,139300
100,1.39E+08,1.78E+06,1158208,1158208,0,151850
100,1.36E+08,1.78E+06,1158224,1158227,0,139300
100,1.47E+08,1.78E+06,1158232,1158232,0,177100
100,1.45E+08,1.85E+06,1158245,1158245,0,168700
100,1.47E+08,1.79E+06,1158256,1158255,0,176000
100,1.41E+08,1.82E+06,1158259,1158259,0,156300
100,1.47E+08,1.78E+06,1158261,1158261,0,176850
100,1.43E+08,1.78E+06,1158280,1158284,0,163250
100,1.46E+08,1.78E+06,1158281,1158281,0,173850
100,1.42E+08,1.81E+06,1158290,1158290,0,158100
100,1.47E+08,1.78E+06,1158310,1158310,0,177300
100,1.47E+08,1.79E+06,1158314,1158315,0,178900
100,1.41E+08,1.81E+06,1158325,1158328,0,156000
100,1.43E+08,1.84E+06,1158352,1158352,0,163250
100,1.39E+08,1.78E+06,1158381,1158381,0,149800
100,1.45E+08,1.78E+06,1158394,1158395,0,169400
100,1.36E+08,1.78E+06,1158427,1158429,0,139300
100,1.47E+08,1.78E+06,1158438,1158438,0,177300
100,1.36E+08,1.78E+06,1158456,1158455,0,142050
100,1.36E+08,1.78E+06,1158463,1158463,0,139650
100,1.36E+08,1.78E+06,1158472,1158472,0,139300
100,1.36E+08,1.78E+06,1158474,1158474,0,139550
100,1.47E+08,1.79E+06,1158475,1158475,0,176850
100,1.43E+08,1.78E+06,1158490,1158489,0,160450
100,1.47E+08,1.80E+06,1158490,1158488,0,178400
100,1.47E+08,1.78E+06,1158492,1158491,0,177300
100,1.39E+08,1.78E+06,1158513,1158513,0,149800
100,1.47E+08,1.78E+06,1158515,1158515,0,177750
100,1.40E+08,1.79E+06,1158549,1158548,0,154200
100,1.47E+08,1.79E+06,1158605,1158605,0,176000
100,1.41E+08,1.78E+06,1158610,1158610,0,157900
100,1.41E+08,1.79E+06,1158618,1158619,0,157900
100,1.36E+08,1.78E+06,1158635,1158635,0,139550
100,1.44E+08,1.79E+06,1158647,1158649,0,165350
100,1.47E+08,1.78E+06,1158648,1158647,0,178800
100,1.36E+08,1.78E+06,1158675,1158675,0,139300
100,1.43E+08,1.80E+06,1158682,1158685,0,162650
100,1.43E+08,1.81E+06,1158693,1158694,0,162150
100,1.46E+08,1.78E+06,1158703,1158704,0,171150
100,1.46E+08,1.82E+06,1158717,1158715,0,175250
100,1.36E+08,1.78E+06,1158720,1158720,0,139300
100,1.44E+08,1.81E+06,1158727,1158726,0,167200
100,1.36E+08,1.78E+06,1158731,1158734,0,139550
100,1.45E+08,1.78E+06,1158754,1158754,0,168750
100,1.39E+08,1.78E+06,1158759,1158759,0,149800
100,1.45E+08,1.78E+06,1158775,1158774,0,169400
100,1.41E+08,1.78E+06,1158777,1158777,0,156300
100,1.46E+08,1.78E+06,1158790,1158788,0,170800
100,1.36E+08,1.78E+06,1158822,1158822,0,139550
100,1.36E+08,1.78E+06,1158840,1158840,0,139550
100,1.45E+08,1.78E+06,1158849,1158848,0,168900
100,1.44E+08,1.78E+06,1158863,1158863,0,166900
100,1.45E+08,1.78E+06,1158871,1158870,0,168900
100,1.36E+08,1.78E+06,1158874,1158877,0,139650
100,1.44E+08,1.79E+06,1158894,1158903,0,165350
100,1.36E+08,1.78E+06,1158901,1158901,0,139550
100,1.40E+08,1.79E+06,1158905,1158905,0,153750
100,1.40E+08,1.78E+06,1158934,1158932,0,153750
100,1.36E+08,1.78E+06,1158937,1158937,0,139550
100,1.47E+08,1.78E+06,1158939,1158941,0,178900
100,1.47E+08,1.78E+06,1158942,1158938,0,178050
100,1.36E+08,1.78E+06,1158948,1158948,0,139550
100,1.47E+08,1.78E+06,1158976,1158976,0,177750
100,1.47E+08,1.78E+06,1158977,1158977,0,178800
100,1.36E+08,1.78E+06,1159002,1159002,0,139300
100,1.45E+08,1.78E+06,1159003,1159002,0,168650
100,1.47E+08,1.78E+06,1159068,1159068,0,177750
100,1.36E+08,1.78E+06,1159091,1159089,0,139300
100,1.45E+08,1.78E+06,1159092,1159092,0,169400
100,1.36E+08,1.78E+06,1159104,1159104,0,139300
100,1.47E+08,1.78E+06,1159106,1159106,0,177150
100,1.41E+08,1.78E+06,1159109,1159110,0,157850
100,1.36E+08,1.78E+06,1159115,1159115,0,139300
100,1.34E+08,2.11E+06,1159123,1159124,0,138750
100,1.47E+08,1.78E+06,1159128,1159128,0,178800
100,1.36E+08,1.78E+06,1159147,1159145,0,139300
100,1.41E+08,1.78E+06,1159149,1159147,0,157850
100,1.36E+08,1.78E+06,1159163,1159163,0,139650
100,1.47E+08,1.80E+06,1159167,1159167,0,176000
100,1.45E+08,1.78E+06,1159194,1159195,0,168650
100,1.36E+08,1.78E+06,1159197,1159198,0,139650
100,1.47E+08,1.78E+06,1159197,1159197,0,178800
100,1.36E+08,1.79E+06,1159235,1159235,0,139300
100,1.36E+08,1.78E+06,1159250,1159250,0,139550
100,1.44E+08,1.78E+06,1159258,1159257,0,167200
100,1.47E+08,1.79E+06,1159269,1159268,0,176000
100,1.38E+08,1.78E+06,1159281,1159282,0,147850
100,1.47E+08,1.78E+06,1159282,1159280,0,177150
100,1.44E+08,1.84E+06,1159290,1159287,0,167200
100,1.36E+08,1.78E+06,1159298,1159300,0,139300
100,1.36E+08,1.81E+06,1159316,1159316,0,139300
100,1.45E+08,1.82E+06,1159316,1159315,0,168900
100,1.38E+08,1.79E+06,1159353,1159353,0,148800
100,1.36E+08,1.78E+06,1159364,1159365,0,139550
100,1.41E+08,1.78E+06,1159380,1159380,0,157850
100,1.36E+08,1.78E+06,1159415,1159415,0,139300
100,1.44E+08,1.78E+06,1159430,1159430,0,165350
100,1.47E+08,1.78E+06,1159434,1159434,0,176000
100,1.37E+08,1.78E+06,1159440,1159441,0,143900
100,1.46E+08,1.78E+06,1159444,1159443,0,174850
100,1.43E+08,1.80E+06,1159445,1159445,0,163550
100,1.36E+08,1.78E+06,1159455,1159455,0,139300
100,1.43E+08,1.78E+06,1159466,1159466,0,163700
100,1.39E+08,1.79E+06,1159473,1159474,0,149800
100,1.47E+08,1.78E+06,1159473,1159473,0,178900
100,1.44E+08,1.78E+06,1159482,1159482,0,165650
100,1.44E+08,1.78E+06,1159493,1159494,0,167200
100,1.43E+08,1.78E+06,1159500,1159496,0,160250
100,1.43E+08,1.80E+06,1159508,1159510,0,162650
100,1.36E+08,1.78E+06,1159518,1159521,0,139300
100,1.36E+08,1.78E+06,1159521,1159520,0,139300
100,1.36E+08,1.78E+06,1159523,1159523,0,139300
100,1.36E+08,1.78E+06,1159535,1159536,0,143350
100,1.36E+08,1.78E+06,1159537,1159537,0,139650
100,1.44E+08,1.78E+06,1159551,1159551,0,165650
100,1.45E+08,1.78E+06,1159556,1159557,0,168750
100,1.36E+08,1.78E+06,1159643,1159640,0,139550
100,1.45E+08,1.78E+06,1159647,1159647,0,168650
100,1.36E+08,1.78E+06,1159650,1159650,0,139300
100,1.36E+08,1.78E+06,1159666,1159665,0,142750
100,1.47E+08,1.78E+06,1159671,1159672,0,176350
100,1.45E+08,1.78E+06,1159676,1159676,0,170800
100,1.36E+08,1.78E+06,1159697,1159694,0,139300
100,1.47E+08,1.78E+06,1159704,1159704,0,177000
100,1.36E+08,1.78E+06,1159714,1159710,0,139300
100,1.36E+08,1.78E+06,1159714,1159714,0,139550
100,1.46E+08,1.78E+06,1159733,1159730,0,175250
100,1.43E+08,1.78E+06,1159737,1159737,0,163600
100,1.46E+08,1.78E+06,1159760,1159760,0,173850
100,1.46E+08,1.78E+06,1159763,1159763,0,170800
100,1.36E+08,1.78E+06,1159775,1159768,0,139300
100,1.39E+08,1.79E+06,1159795,1159795,0,151850
100,1.47E+08,1.80E+06,1159811,1159807,0,176000
100,1.46E+08,1.80E+06,1159813,1159813,0,171150
100,1.36E+08,1.78E+06,1159823,1159825,0,139750
100,1.39E+08,1.78E+06,1159824,1159826,0,151950
100,1.42E+08,1.78E+06,1159850,1159850,0,158850
100,1.36E+08,1.83E+06,1159862,1159860,0,139150
100,1.47E+08,1.78E+06,1159866,1159866,0,177750
100,1.47E+08,1.79E+06,1159867,1159867,0,177300
100,1.39E+08,1.78E+06,1159891,1159891,0,151350
100,1.45E+08,1.79E+06,1159895,1159895,0,169400
100,1.45E+08,1.80E+06,1159905,1159902,0,169400
100,1.46E+08,1.78E+06,1159914,1159914,0,171350
100,1.44E+08,1.80E+06,1159920,1159920,0,165500
100,1.41E+08,1.78E+06,1159925,1159932,0,157350
100,1.43E+08,1.78E+06,1159945,1159940,0,160250
100,1.36E+08,1.78E+06,1159948,1159947,0,139650
100,1.36E+08,1.78E+06,1159968,1159970,0,139650
100,1.41E+08,1.78E+06,1159981,1159981,0,157350
100,1.36E+08,1.80E+06,1159982,1159982,0,139650
100,1.36E+08,1.78E+06,1159992,1159992,0,139300
100,1.36E+08,1.86E+06,1159999,1159999,0,139150
100,1.35E+08,1.90E+06,1160000,1160000,0,138750
100,1.36E+08,1.80E+06,1160000,1160000,0,139300
100,1.36E+08,1.78E+06,1160000,1160000,0,139300
100,1.36E+08,1.78E+06,1160000,1160000,0,139300
100,1.36E+08,1.78E+06,1160000,1160000,0,139300
100,1.36E+08,1.79E+06,1160000,1160000,0,139300
100,1.36E+08,1.79E+06,1160000,1160000,0,139300
100,1.36E+08,1.78E+06,1160000,1160000,0,139300
100,1.36E+08,1.78E+06,1160000,1160000,0,139300
100,1.36E+08,1.78E+06,1160000,1160000,0,139300
100,1.36E+08,1.78E+06,1160000,1160000,0,139300
100,1.36E+08,1.79E+06,1160000,1160000,0,139300
100,1.36E+08,1.78E+06,1160000,1160000,0,139300
100,1.36E+08,1.78E+06,1160000,1160000,0,139300
100,1.36E+08,1.78E+06,1160000,1160000,0,139300
100,1.36E+08,1.78E+06,1160000,1160000,0,139300
100,1.36E+08,1.78E+06,1160000,1160000,0,139300
100,1.36E+08,1.78E+06,1160000,1160000,0,139300
100,1.36E+08,1.78E+06,1160000,1160000,0,139300
100,1.36E+08,1.78E+06,1160000,1160000,0,139300
100,1.36E+08,1.78E+06,1160000,1160000,0,139300
100,1.36E+08,1.78E+06,1160000,1160000,0,139300
100,1.36E+08,1.78E+06,1160000,1160000,0,139300
100,1.36E+08,1.78E+06,1160000,1160000,0,139300
100,1.36E+08,1.78E+06,1160000,1160000,0,139300
100,1.36E+08,1.78E+06,1160000,1160000,0,139300
100,1.36E+08,1.78E+06,1160000,1160000,0,139300
100,1.36E+08,1.78E+06,1160000,1160000,0,139300
100,1.36E+08,1.78E+06,1160000,1160000,0,139300
100,1.36E+08,1.78E+06,1160000,1160000,0,139300
100,1.36E+08,1.78E+06,1160000,1160000,0,139300
100,1.36E+08,1.78E+06,1160000,1160000,0,139300
100,1.36E+08,1.78E+06,1160000,1160000,0,139300
100,1.36E+08,1.78E+06,1160000,1160000,0,139300
100,1.36E+08,1.78E+06,1160000,1160000,0,139300
100,1.36E+08,1.78E+06,1160000,1160000,0,139300
100,1.36E+08,1.78E+06,1160000,1160000,0,139300
100,1.36E+08,1.78E+06,1160000,1160000,0,139300
100,1.36E+08,1.78E+06,1160000,1160000,0,139650
100,1.45E+08,1.78E+06,1160010,1160009,0,168900
100,1.47E+08,1.80E+06,1160024,1160025,0,177300
100,1.35E+08,2.07E+06,1160038,1160038,0,138750
100,1.44E+08,1.78E+06,1160041,1160043,0,165650
100,1.45E+08,1.78E+06,1160044,1160045,0,168900
100,1.36E+08,1.78E+06,1160048,1160049,0,139650
100,1.44E+08,1.81E+06,1160061,1160063,0,165350
100,1.47E+08,1.78E+06,1160063,1160063,0,176000
100,1.39E+08,1.78E+06,1160065,1160065,0,151350
100,1.40E+08,1.79E+06,1160068,1160068,0,153750
100,1.36E+08,1.78E+06,1160069,1160065,0,139650
100,1.43E+08,1.78E+06,1160077,1160077,0,163250
100,1.36E+08,1.78E+06,1160082,1160084,0,139300
100,1.47E+08,1.78E+06,1160083,1160080,0,178800
100,1.45E+08,1.79E+06,1160094,1160094,0,168650
100,1.46E+08,1.79E+06,1160095,1160095,0,174850
100,1.36E+08,1.78E+06,1160150,1160150,0,139550
100,1.39E+08,1.78E+06,1160175,1160174,0,151950
100,1.46E+08,1.82E+06,1160181,1160181,0,173850
100,1.45E+08,1.78E+06,1160182,1160181,0,167650
100,1.41E+08,1.78E+06,1160189,1160188,0,157350
100,1.36E+08,1.78E+06,1160194,1160196,0,139650
100,1.47E+08,1.79E+06,1160201,1160201,0,177750
100,1.39E+08,1.78E+06,1160203,1160203,0,151850
100,1.36E+08,1.78E+06,1160210,1160210,0,139550
100,1.41E+08,1.78E+06,1160211,1160211,0,155450
100,1.36E+08,1.78E+06,1160214,1160213,0,139300
100,1.36E+08,1.78E+06,1160223,1160221,0,139650
100,1.45E+08,1.78E+06,1160286,1160286,0,169400
100,1.36E+08,1.78E+06,1160291,1160291,0,139550
100,1.40E+08,1.78E+06,1160295,1160296,0,154050
100,1.36E+08,1.78E+06,1160353,1160353,0,139550
100,1.36E+08,1.78E+06,1160357,1160358,0,139750
100,1.36E+08,1.78E+06,1160379,1160379,0,139300
100,1.47E+08,1.78E+06,1160389,1160389,0,178900
100,1.36E+08,1.78E+06,1160391,1160391,0,139300
100,1.45E+08,1.78E+06,1160426,1160427,0,168750
100,1.46E+08,1.78E+06,1160467,1160468,0,175250
100,1.35E+08,2.12E+06,1160486,1160486,0,138750
100,1.43E+08,1.78E+06,1160488,1160488,0,163250
100,1.36E+08,1.78E+06,1160490,1160491,0,139650
100,1.36E+08,1.82E+06,1160509,1160509,0,139150
100,1.47E+08,1.79E+06,1160510,1160510,0,176350
100,1.45E+08,1.82E+06,1160521,1160520,0,168750
100,1.39E+08,1.78E+06,1160526,1160525,0,149800
100,1.47E+08,1.78E+06,1160545,1160541,0,178400
100,1.36E+08,1.78E+06,1160557,1160558,0,139300
100,1.46E+08,1.78E+06,1160577,1160577,0,171350
100,1.47E+08,1.81E+06,1160621,1160621,0,176000
100,1.41E+08,1.78E+06,1160622,1160624,0,157350
100,1.36E+08,1.78E+06,1160633,1160633,0,139300
100,1.45E+08,1.78E+06,1160633,1160628,0,167650
100,1.36E+08,1.78E+06,1160642,1160640,0,142750
100,1.38E+08,1.80E+06,1160647,1160647,0,148800
100,1.36E+08,1.78E+06,1160651,1160651,0,139650
100,1.42E+08,1.79E+06,1160659,1160659,0,158100
100,1.47E+08,1.78E+06,1160665,1160665,0,176000
100,1.36E+08,1.78E+06,1160666,1160665,0,139300
100,1.46E+08,1.79E+06,1160671,1160671,0,171350
100,1.47E+08,1.78E+06,1160677,1160677,0,178800
100,1.47E+08,1.80E+06,1160684,1160684,0,178400
100,1.47E+08,1.79E+06,1160687,1160687,0,178400
100,1.44E+08,1.78E+06,1160693,1160695,0,165350
100,1.47E+08,1.78E+06,1160703,1160706,0,176850
100,1.38E+08,1.78E+06,1160718,1160718,0,147850
100,1.46E+08,1.78E+06,1160724,1160722,0,170800
100,1.47E+08,1.78E+06,1160734,1160734,0,176000
100,1.42E+08,1.78E+06,1160743,1160743,0,158100
100,1.47E+08,1.79E+06,1160749,1160749,0,178900
100,1.47E+08,1.78E+06,1160756,1160756,0,177750
100,1.36E+08,1.78E+06,1160764,1160764,0,139550
100,1.36E+08,1.78E+06,1160781,1160782,0,139300
100,1.47E+08,1.78E+06,1160807,1160807,0,177100
100,1.47E+08,1.80E+06,1160887,1160887,0,178900
100,1.36E+08,1.78E+06,1160889,1160890,0,139300
100,1.47E+08,1.78E+06,1160903,1160903,0,178400
100,1.47E+08,1.78E+06,1160906,1160905,0,176000
100,1.40E+08,1.78E+06,1160913,1160913,0,153750
100,1.45E+08,1.78E+06,1160917,1160917,0,169400
100,1.47E+08,1.78E+06,1160940,1160940,0,176000
100,1.45E+08,1.78E+06,1160994,1160994,0,168900
100,1.46E+08,1.79E+06,1161030,1161030,0,170800
100,1.35E+08,2.04E+06,1161047,1161052,0,138750
100,1.47E+08,1.84E+06,1161052,1161051,0,178800
100,1.40E+08,1.78E+06,1161078,1161078,0,154050
100,1.36E+08,1.78E+06,1161082,1161082,0,139550
100,1.36E+08,1.78E+06,1161118,1161117,0,139550
100,1.43E+08,1.81E+06,1161128,1161128,0,163600
100,1.47E+08,1.78E+06,1161134,1161135,0,176000
100,1.43E+08,1.78E+06,1161166,1161166,0,162950
100,1.47E+08,1.78E+06,1161219,1161219,0,177100
100,1.45E+08,1.81E+06,1161221,1161221,0,168650
100,1.40E+08,1.78E+06,1161225,1161223,0,153750
100,1.39E+08,1.78E+06,1161241,1161241,0,149800
100,1.45E+08,1.80E+06,1161249,1161249,0,169800
100,1.40E+08,1.79E+06,1161272,1161274,0,153750
100,1.47E+08,1.78E+06,1161281,1161280,0,176000
100,1.47E+08,1.78E+06,1161304,1161303,0,177300
100,1.47E+08,1.80E+06,1161310,1161310,0,178800
100,1.36E+08,1.78E+06,1161313,1161313,0,139650
100,1.44E+08,1.78E+06,1161315,1161314,0,165500
100,1.36E+08,1.78E+06,1161359,1161359,0,139300
100,1.41E+08,1.78E+06,1161367,1161365,0,157900
100,1.36E+08,1.78E+06,1161388,1161388,0,139550
100,1.36E+08,1.78E+06,1161399,1161402,0,139300
100,1.40E+08,1.78E+06,1161412,1161399,0,154650
100,1.47E+08,1.78E+06,1161418,1161415,0,177300
100,1.40E+08,1.78E+06,1161422,1161422,0,154050
100,1.36E+08,1.78E+06,1161430,1161431,0,139300
100,1.41E+08,1.78E+06,1161441,1161439,0,156600
100,1.47E+08,1.78E+06,1161445,1161445,0,177300
100,1.36E+08,1.78E+06,1161450,1161450,0,139300
100,1.47E+08,1.78E+06,1161469,1161468,0,177300
100,1.42E+08,1.84E+06,1161474,1161474,0,158900
100,1.39E+08,1.78E+06,1161487,1161487,0,149800
100,1.45E+08,1.78E+06,1161513,1161513,0,168900
100,1.45E+08,1.81E+06,1161515,1161518,0,168750
100,1.45E+08,1.78E+06,1161520,1161521,0,168750
100,1.36E+08,1.80E+06,1161530,1161532,0,139300
100,1.45E+08,1.78E+06,1161532,1161532,0,168750
100,1.43E+08,1.78E+06,1161541,1161541,0,163250
100,1.40E+08,1.78E+06,1161587,1161587,0,153750
100,1.45E+08,1.78E+06,1161609,1161608,0,168750
100,1.47E+08,1.78E+06,1161610,1161610,0,177150
100,1.39E+08,1.78E+06,1161619,1161619,0,149800
100,1.47E+08,1.78E+06,1161644,1161643,0,177750
100,1.36E+08,1.78E+06,1161671,1161671,0,139550
100,1.43E+08,1.78E+06,1161673,1161673,0,160250
100,1.36E+08,1.79E+06,1161676,1161674,0,139550
100,1.45E+08,1.78E+06,1161696,1161694,0,168900
100,1.36E+08,1.79E+06,1161708,1161711,0,139300
100,1.36E+08,1.78E+06,1161713,1161714,0,139650
100,1.46E+08,1.79E+06,1161743,1161745,0,175250
100,1.47E+08,1.78E+06,1161781,1161781,0,177300
100,1.36E+08,1.78E+06,1161788,1161788,0,139300
100,1.39E+08,1.78E+06,1161792,1161792,0,151850
100,1.47E+08,1.78E+06,1161800,1161800,0,177750
100,1.41E+08,1.78E+06,1161818,1161818,0,157350
100,1.45E+08,1.78E+06,1161833,1161833,0,167650
100,1.40E+08,1.78E+06,1161849,1161849,0,153050
100,1.36E+08,1.78E+06,1161854,1161854,0,139550
100,1.45E+08,1.78E+06,1161870,1161872,0,168900
100,1.36E+08,1.78E+06,1161877,1161878,0,139300
100,1.36E+08,1.78E+06,1161892,1161892,0,139550
100,1.46E+08,1.80E+06,1161892,1161892,0,173850
100,1.41E+08,1.78E+06,1161927,1161928,0,157850
100,1.43E+08,1.78E+06,1161995,1161995,0,162550
100,1.36E+08,1.78E+06,1161999,1161999,0,139300
100,1.36E+08,1.78E+06,1162008,1162010,0,139300
100,1.43E+08,1.88E+06,1162017,1162013,0,163600
100,1.42E+08,1.78E+06,1162048,1162047,0,158100
100,1.47E+08,1.78E+06,1162052,1162052,0,177750
100,1.45E+08,1.78E+06,1162072,1162072,0,169400
100,1.47E+08,1.78E+06,1162075,1162075,0,176000
100,1.36E+08,1.79E+06,1162094,1162092,0,139550
100,1.41E+08,1.79E+06,1162094,1162094,0,156300
100,1.47E+08,1.78E+06,1162136,1162138,0,177750
100,1.45E+08,1.79E+06,1162137,1162137,0,168900
100,1.45E+08,1.78E+06,1162143,1162143,0,168900
100,1.44E+08,1.78E+06,1162150,1162150,0,167200
100,1.43E+08,1.78E+06,1162160,1162160,0,163250
100,1.36E+08,1.78E+06,1162163,1162163,0,139650
100,1.41E+08,1.80E+06,1162181,1162179,0,157850
100,1.40E+08,1.80E+06,1162203,1162201,0,154050
100,1.43E+08,1.78E+06,1162208,1162205,0,163550
100,1.47E+08,1.78E+06,1162213,1162215,0,178900
100,1.40E+08,1.80E+06,1162216,1162216,0,152200
100,1.41E+08,1.78E+06,1162228,1162229,0,157350
100,1.47E+08,1.79E+06,1162239,1162239,0,177150
100,1.41E+08,1.78E+06,1162244,1162244,0,156300
100,1.47E+08,1.78E+06,1162281,1162281,0,177750
100,1.39E+08,1.78E+06,1162287,1162287,0,151350
100,1.45E+08,1.79E+06,1162298,1162298,0,170800
100,1.36E+08,1.86E+06,1162304,1162303,0,139150
100,1.41E+08,1.78E+06,1162316,1162316,0,156400
100,1.47E+08,1.78E+06,1162334,1162335,0,176350
100,1.39E+08,1.80E+06,1162335,1162335,0,151950
100,1.47E+08,1.78E+06,1162338,1162339,0,178400
100,1.45E+08,1.79E+06,1162348,1162349,0,170800
100,1.43E+08,1.78E+06,1162363,1162364,0,163550
100,1.47E+08,1.79E+06,1162363,1162364,0,177150
100,1.47E+08,1.79E+06,1162375,1162379,0,177300
100,1.36E+08,1.78E+06,1162381,1162381,0,139550
100,1.40E+08,1.78E+06,1162407,1162407,0,154750
100,1.36E+08,1.78E+06,1162408,1162408,0,139300
100,1.36E+08,1.78E+06,1162411,1162411,0,139300
100,1.45E+08,1.80E+06,1162413,1162413,0,169400
100,1.43E+08,1.81E+06,1162420,1162420,0,162650
100,1.36E+08,1.78E+06,1162427,1162429,0,142750
100,1.40E+08,1.78E+06,1162432,1162431,0,153750
100,1.38E+08,1.78E+06,1162433,1162433,0,148300
100,1.47E+08,1.78E+06,1162443,1162443,0,176850
100,1.36E+08,1.78E+06,1162450,1162450,0,139550
100,1.45E+08,1.78E+06,1162457,1162457,0,169400
100,1.47E+08,1.81E+06,1162458,1162458,0,177150
100,1.36E+08,1.78E+06,1162459,1162459,0,139550
100,1.47E+08,1.79E+06,1162459,1162459,0,178800
100,1.45E+08,1.78E+06,1162460,1162460,0,169400
100,1.42E+08,1.78E+06,1162479,1162479,0,158350
100,1.47E+08,1.78E+06,1162482,1162482,0,176850
100,1.36E+08,1.82E+06,1162486,1162485,0,139150
100,1.34E+08,2.00E+06,1162500,1162500,0,138750
100,1.36E+08,1.85E+06,1162500,1162500,0,139150
100,1.36E+08,1.78E+06,1162500,1162500,0,139300
100,1.36E+08,1.78E+06,1162500,1162500,0,139300
100,1.36E+08,1.78E+06,1162500,1162500,0,139300
100,1.36E+08,1.78E+06,1162500,1162500,0,139300
100,1.36E+08,1.78E+06,1162500,1162500,0,139300
100,1.36E+08,1.78E+06,1162500,1162500,0,139300
100,1.36E+08,1.78E+06,1162500,1162500,0,139300
100,1.36E+08,1.78E+06,1162500,1162500,0,139300
100,1.36E+08,1.78E+06,1162500,1162500,0,139300
100,1.36E+08,1.78E+06,1162500,1162500,0,139300
100,1.36E+08,1.78E+06,1162500,1162500,0,139300
100,1.36E+08,1.78E+06,1162500,1162500,0,139300
100,1.36E+08,1.78E+06,1162500,1162500,0,139300
100,1.36E+08,1.78E+06,1162500,1162500,0,139300
100,1.36E+08,1.78E+06,1162500,1162500,0,139300
100,1.36E+08,1.78E+06,1162500,1162500,0,139300
100,1.36E+08,1.78E+06,1162500,1162500,0,139550
100,1.36E+08,1.78E+06,1162500,1162500,0,139550
100,1.36E+08,1.78E+06,1162500,1162500,0,139550
100,1.36E+08,1.78E+06,1162500,1162500,0,139550
100,1.36E+08,1.78E+06,1162500,1162500,0,139550
100,1.36E+08,1.78E+06,1162500,1162500,0,139550
100,1.36E+08,1.78E+06,1162500,1162500,0,139550
100,1.36E+08,1.78E+06,1162500,1162500,0,139550
100,1.36E+08,1.78E+06,1162500,1162500,0,139550
100,1.36E+08,1.78E+06,1162500,1162500,0,139550
100,1.36E+08,1.78E+06,1162500,1162500,0,139550
100,1.36E+08,1.78E+06,1162500,1162500,0,139550
100,1.36E+08,1.78E+06,1162500,1162500,0,139550
100,1.36E+08,1.78E+06,1162500,1162500,0,139550
100,1.36E+08,1.78E+06,1162500,1162500,0,139550
100,1.36E+08,1.79E+06,1162500,1162500,0,139550
100,1.36E+08,1.78E+06,1162500,1162500,0,139550
100,1.36E+08,1.78E+06,1162500,1162500,0,139550
100,1.36E+08,1.78E+06,1162500,1162500,0,139550
100,1.36E+08,1.78E+06,1162500,1162500,0,139550
100,1.36E+08,1.78E+06,1162500,1162500,0,139550
100,1.36E+08,1.78E+06,1162500,1162500,0,139550
100,1.36E+08,1.78E+06,1162500,1162500,0,139550
100,1.36E+08,1.78E+06,1162500,1162500,0,139550
100,1.36E+08,1.78E+06,1162500,1162500,0,139550
100,1.36E+08,1.78E+06,1162500,1162500,0,139550
100,1.36E+08,1.78E+06,1162500,1162500,0,139550
100,1.36E+08,1.78E+06,1162500,1162500,0,139550
100,1.36E+08,1.78E+06,1162500,1162500,0,139550
100,1.36E+08,1.78E+06,1162500,1162500,0,139550
100,1.36E+08,1.78E+06,1162500,1162500,0,139650
100,1.36E+08,1.78E+06,1162500,1162500,0,139650
100,1.36E+08,1.78E+06,1162500,1162500,0,139650
100,1.36E+08,1.78E+06,1162500,1162500,0,139650
100,1.36E+08,1.78E+06,1162500,1162500,0,139650
100,1.45E+08,1.81E+06,1162533,1162534,0,168650
100,1.41E+08,1.79E+06,1162557,1162555,0,156400
100,1.47E+08,1.79E+06,1162573,1162573,0,177300
100,1.40E+08,1.78E+06,1162593,1162590,0,154750
100,1.47E+08,1.78E+06,1162593,1162594,0,176000
100,1.47E+08,1.80E+06,1162596,1162596,0,177300
100,1.39E+08,1.78E+06,1162605,1162605,0,151950
100,1.36E+08,1.78E+06,1162632,1162632,0,139300
100,1.38E+08,1.78E+06,1162659,1162659,0,148300
100,1.47E+08,1.78E+06,1162660,1162660,0,177300
100,1.47E+08,1.80E+06,1162671,1162668,0,177100
100,1.47E+08,1.78E+06,1162673,1162673,0,178050
100,1.36E+08,1.78E+06,1162706,1162706,0,139300
100,1.44E+08,1.81E+06,1162729,1162729,0,165650
100,1.39E+08,1.78E+06,1162733,1162736,0,151950
100,1.46E+08,1.78E+06,1162757,1162755,0,170800
100,1.45E+08,1.79E+06,1162811,1162811,0,170800
100,1.47E+08,1.78E+06,1162823,1162823,0,178900
100,1.47E+08,1.78E+06,1162834,1162833,0,178400
100,1.36E+08,1.78E+06,1162869,1162869,0,142750
100,1.43E+08,1.78E+06,1162869,1162869,0,163250
100,1.36E+08,1.78E+06,1162875,1162875,0,139300
100,1.45E+08,1.78E+06,1162898,1162898,0,168650
100,1.35E+08,1.98E+06,1162949,1162949,0,138750
100,1.36E+08,1.78E+06,1162959,1162954,0,139550
100,1.36E+08,1.78E+06,1162963,1162962,0,139650
100,1.36E+08,1.78E+06,1162968,1162969,0,139300
100,1.36E+08,1.78E+06,1162970,1162969,0,139650
100,1.47E+08,1.78E+06,1163003,1163003,0,178050
100,1.41E+08,1.80E+06,1163021,1163021,0,157350
100,1.41E+08,1.78E+06,1163026,1163026,0,156300
100,1.45E+08,1.81E+06,1163028,1163028,0,170800
100,1.43E+08,1.78E+06,1163045,1163045,0,163250
100,1.36E+08,1.78E+06,1163061,1163061,0,139550
100,1.36E+08,1.78E+06,1163063,1163062,0,139550
100,1.36E+08,1.91E+06,1163065,1163065,0,139300
100,1.47E+08,1.78E+06,1163070,1163070,0,176850
100,1.36E+08,1.78E+06,1163073,1163074,0,139750
100,1.42E+08,1.78E+06,1163078,1163076,0,158350
100,1.45E+08,1.78E+06,1163106,1163105,0,168900
100,1.47E+08,1.78E+06,1163107,1163108,0,176850
100,1.44E+08,1.78E+06,1163119,1163119,0,165650
100,1.36E+08,1.78E+06,1163129,1163128,0,139550
100,1.47E+08,1.78E+06,1163145,1163144,0,178800
100,1.47E+08,1.82E+06,1163176,1163176,0,176350
100,1.39E+08,1.79E+06,1163185,1163185,0,151950
100,1.43E+08,1.78E+06,1163236,1163237,0,163550
100,1.45E+08,1.78E+06,1163236,1163236,0,168900
100,1.47E+08,1.78E+06,1163245,1163244,0,178050
100,1.39E+08,1.78E+06,1163257,1163259,0,151950
100,1.47E+08,1.78E+06,1163300,1163297,0,176850
100,1.36E+08,1.78E+06,1163305,1163306,0,139550
100,1.46E+08,1.78E+06,1163312,1163314,0,173850
100,1.36E+08,1.78E+06,1163323,1163327,0,139550
100,1.47E+08,1.78E+06,1163335,1163337,0,176850
100,1.36E+08,1.78E+06,1163393,1163394,0,139300
100,1.36E+08,1.78E+06,1163408,1163409,0,139300
100,1.47E+08,1.79E+06,1163419,1163419,0,177150
100,1.47E+08,1.78E+06,1163422,1163422,0,176000
100,1.43E+08,1.78E+06,1163429,1163429,0,163600
100,1.36E+08,1.84E+06,1163433,1163431,0,139150
100,1.47E+08,1.78E+06,1163452,1163452,0,178400
100,1.47E+08,1.78E+06,1163454,1163454,0,177300
100,1.40E+08,1.78E+06,1163462,1163463,0,153050
100,1.36E+08,1.78E+06,1163465,1163465,0,139300
100,1.46E+08,1.81E+06,1163466,1163467,0,173850
100,1.45E+08,1.78E+06,1163468,1163469,0,168750
100,1.40E+08,1.78E+06,1163566,1163566,0,153750
100,1.46E+08,1.82E+06,1163570,1163570,0,173850
100,1.47E+08,1.79E+06,1163575,1163576,0,178900
100,1.40E+08,1.80E+06,1163586,1163589,0,154650
100,1.40E+08,1.78E+06,1163595,1163595,0,153750
100,1.36E+08,1.78E+06,1163596,1163596,0,139550
100,1.47E+08,1.78E+06,1163600,1163601,0,178800
100,1.45E+08,1.78E+06,1163612,1163612,0,168900
100,1.36E+08,1.78E+06,1163620,1163620,0,139650
100,1.40E+08,1.79E+06,1163620,1163618,0,154050
100,1.38E+08,1.78E+06,1163634,1163634,0,148800
100,1.47E+08,1.78E+06,1163662,1163659,0,177150
100,1.47E+08,1.78E+06,1163688,1163690,0,177750
100,1.43E+08,1.78E+06,1163691,1163691,0,163600
100,1.36E+08,1.79E+06,1163741,1163742,0,139300
100,1.42E+08,1.78E+06,1163741,1163740,0,158100
100,1.47E+08,1.82E+06,1163744,1163744,0,178400
100,1.47E+08,1.78E+06,1163748,1163744,0,177300
100,1.47E+08,1.78E+06,1163752,1163753,0,176350
100,1.42E+08,1.79E+06,1163759,1163759,0,158100
100,1.47E+08,1.78E+06,1163768,1163767,0,178800
100,1.36E+08,1.78E+06,1163788,1163789,0,139300
100,1.47E+08,1.78E+06,1163818,1163818,0,176000
100,1.36E+08,1.79E+06,1163844,1163842,0,139300
100,1.36E+08,1.78E+06,1163855,1163856,0,139300
100,1.36E+08,1.78E+06,1163869,1163868,0,139300
100,1.36E+08,1.78E+06,1163894,1163894,0,142050
100,1.36E+08,1.78E+06,1163900,1163900,0,139550
100,1.45E+08,1.78E+06,1163910,1163909,0,168900
100,1.40E+08,1.78E+06,1163945,1163946,0,154200
100,1.36E+08,1.78E+06,1163950,1163950,0,139300
100,1.47E+08,1.81E+06,1163971,1163972,0,178800
100,1.45E+08,1.78E+06,1163983,1163984,0,168900
100,1.47E+08,1.78E+06,1163985,1163985,0,178800
100,1.36E+08,1.78E+06,1164008,1164009,0,139300
100,1.36E+08,1.78E+06,1164040,1164040,0,139300
100,1.46E+08,1.78E+06,1164045,1164046,0,173850
100,1.46E+08,1.78E+06,1164064,1164064,0,170800
100,1.47E+08,1.78E+06,1164065,1164066,0,178800
100,1.36E+08,1.78E+06,1164066,1164065,0,139650
100,1.36E+08,1.78E+06,1164088,1164089,0,139300
100,1.39E+08,1.78E+06,1164090,1164090,0,149300
100,1.45E+08,1.78E+06,1164097,1164097,0,168650
100,1.45E+08,1.81E+06,1164102,1164103,0,168650
100,1.47E+08,1.78E+06,1164112,1164111,0,177300
100,1.47E+08,1.78E+06,1164122,1164122,0,176350
100,1.47E+08,1.85E+06,1164126,1164126,0,176350
100,1.45E+08,1.78E+06,1164138,1164138,0,169400
100,1.40E+08,1.79E+06,1164145,1164145,0,153050
100,1.37E+08,1.78E+06,1164148,1164148,0,143900
100,1.45E+08,1.79E+06,1164148,1164148,0,168900
100,1.45E+08,1.78E+06,1164148,1164148,0,170800
100,1.36E+08,1.79E+06,1164164,1164164,0,139300
100,1.36E+08,1.78E+06,1164167,1164167,0,139300
100,1.45E+08,1.78E+06,1164172,1164175,0,170700
100,1.47E+08,1.78E+06,1164203,1164201,0,178800
100,1.47E+08,1.78E+06,1164211,1164208,0,177100
100,1.46E+08,1.78E+06,1164233,1164230,0,171350
100,1.36E+08,1.78E+06,1164235,1164238,0,139550
100,1.36E+08,1.78E+06,1164302,1164302,0,139300
100,1.47E+08,1.79E+06,1164305,1164305,0,178400
100,1.39E+08,1.78E+06,1164307,1164307,0,149800
100,1.36E+08,1.78E+06,1164309,1164307,0,139550
100,1.47E+08,1.78E+06,1164316,1164316,0,177750
100,1.46E+08,1.78E+06,1164319,1164317,0,175250
100,1.44E+08,1.84E+06,1164342,1164341,0,167200
100,1.47E+08,1.78E+06,1164381,1164381,0,177150
100,1.45E+08,1.78E+06,1164390,1164389,0,167500
100,1.36E+08,1.78E+06,1164393,1164392,0,139650
100,1.47E+08,1.78E+06,1164421,1164420,0,178800
100,1.42E+08,1.78E+06,1164422,1164423,0,158100
100,1.39E+08,1.78E+06,1164427,1164424,0,151850
100,1.36E+08,1.78E+06,1164437,1164437,0,142750
100,1.45E+08,1.81E+06,1164456,1164453,0,167650
100,1.47E+08,1.78E+06,1164466,1164467,0,176000
100,1.47E+08,1.78E+06,1164473,1164473,0,178050
100,1.41E+08,1.78E+06,1164474,1164474,0,156300
100,1.41E+08,1.78E+06,1164479,1164479,0,157350
100,1.39E+08,1.78E+06,1164480,1164481,0,151950
100,1.44E+08,1.79E+06,1164490,1164490,0,165350
100,1.47E+08,1.78E+06,1164496,1164498,0,177300
100,1.40E+08,1.79E+06,1164516,1164514,0,153050
100,1.36E+08,1.78E+06,1164568,1164568,0,139300
100,1.36E+08,1.78E+06,1164572,1164570,0,139550
100,1.35E+08,2.10E+06,1164576,1164579,0,138750
100,1.47E+08,1.78E+06,1164589,1164589,0,176350
100,1.36E+08,1.78E+06,1164592,1164592,0,139550
100,1.46E+08,1.78E+06,1164603,1164603,0,173850
100,1.47E+08,1.78E+06,1164622,1164623,0,176350
100,1.46E+08,1.78E+06,1164637,1164637,0,171350
100,1.47E+08,1.78E+06,1164644,1164642,0,178050
100,1.45E+08,1.79E+06,1164656,1164658,0,170800
100,1.43E+08,1.79E+06,1164659,1164662,0,163250
100,1.36E+08,1.78E+06,1164669,1164669,0,142750
100,1.36E+08,1.78E+06,1164685,1164687,0,139550
100,1.43E+08,1.80E+06,1164758,1164760,0,162800
100,1.40E+08,1.78E+06,1164761,1164759,0,153050
100,1.41E+08,1.78E+06,1164788,1164789,0,155450
100,1.36E+08,1.78E+06,1164813,1164813,0,139550
100,1.36E+08,1.78E+06,1164846,1164847,0,139300
100,1.45E+08,1.79E+06,1164858,1164859,0,169400
100,1.36E+08,1.78E+06,1164886,1164883,0,139550
100,1.43E+08,1.80E+06,1164889,1164889,0,163700
100,1.36E+08,1.78E+06,1164900,1164900,0,139550
100,1.36E+08,1.78E+06,1164911,1164911,0,139650
100,1.40E+08,1.78E+06,1164918,1164918,0,153050
100,1.36E+08,1.78E+06,1164938,1164938,0,139550
100,1.41E+08,1.78E+06,1164942,1164944,0,156400
100,1.36E+08,1.78E+06,1164943,1164943,0,139550
100,1.45E+08,1.80E+06,1164951,1164951,0,170800
100,1.47E+08,1.80E+06,1164951,1164952,0,176850
100,1.40E+08,1.78E+06,1164960,1164960,0,152950
100,1.47E+08,1.78E+06,1164967,1164967,0,176350
100,1.43E+08,1.82E+06,1164975,1164976,0,162650
100,1.36E+08,1.78E+06,1165000,1165000,0,139300
100,1.36E+08,1.78E+06,1165000,1165000,0,139300
100,1.36E+08,1.78E+06,1165000,1165000,0,139300
100,1.36E+08,1.78E+06,1165000,1165000,0,139300
100,1.36E+08,1.78E+06,1165000,1165000,0,139300
100,1.36E+08,1.78E+06,1165000,1165000,0,139300
100,1.36E+08,1.80E+06,1165000,1165000,0,139300
100,1.36E+08,1.78E+06,1165000,1165000,0,139300
100,1.36E+08,1.78E+06,1165000,1165000,0,139300
100,1.36E+08,1.79E+06,1165000,1165000,0,139300
100,1.36E+08,1.78E+06,1165000,1165000,0,139300
100,1.36E+08,1.79E+06,1165000,1165000,0,139300
100,1.36E+08,1.81E+06,1165000,1165000,0,139300
100,1.36E+08,1.78E+06,1165000,1165000,0,139300
100,1.36E+08,1.78E+06,1165000,1165000,0,139300
100,1.36E+08,1.79E+06,1165000,1165000,0,139300
100,1.36E+08,1.78E+06,1165000,1165000,0,139300
100,1.36E+08,1.78E+06,1165000,1165000,0,139300
100,1.36E+08,1.78E+06,1165000,1165000,0,139300
100,1.36E+08,1.78E+06,1165000,1165000,0,139300
100,1.36E+08,1.78E+06,1165000,1165000,0,139300
100,1.36E+08,1.78E+06,1165000,1165000,0,139300
100,1.36E+08,1.78E+06,1165000,1165000,0,139300
100,1.36E+08,1.78E+06,1165000,1165000,0,139300
100,1.36E+08,1.78E+06,1165000,1165000,0,139300
100,1.36E+08,1.78E+06,1165000,1165000,0,139300
100,1.36E+08,1.78E+06,1165000,1165000,0,139300
100,1.36E+08,1.78E+06,1165000,1165000,0,139300
100,1.36E+08,1.78E+06,1165000,1165000,0,139300
100,1.36E+08,1.78E+06,1165000,1165000,0,139300
100,1.36E+08,1.78E+06,1165000,1165000,0,139300
100,1.36E+08,1.78E+06,1165000,1165000,0,139300
100,1.36E+08,1.78E+06,1165000,1165000,0,139300
100,1.36E+08,1.78E+06,1165000,1165000,0,139300
100,1.36E+08,1.78E+06,1165000,1165000,0,139300
100,1.36E+08,1.78E+06,1165000,1165000,0,139300
100,1.36E+08,1.78E+06,1165000,1165000,0,139300
100,1.36E+08,1.78E+06,1165000,1165000,0,139300
100,1.36E+08,1.78E+06,1165000,1165000,0,139300
100,1.36E+08,1.78E+06,1165000,1165000,0,139300
100,1.36E+08,1.78E+06,1165000,1165000,0,139300
100,1.36E+08,1.79E+06,1165000,1165000,0,139300
100,1.36E+08,1.78E+06,1165000,1165000,0,139300
100,1.36E+08,1.78E+06,1165000,1165000,0,139300
100,1.36E+08,1.78E+06,1165000,1165000,0,139300
100,1.36E+08,1.78E+06,1165000,1165000,0,139300
100,1.36E+08,1.78E+06,1165000,1165000,0,139300
100,1.36E+08,1.78E+06,1165000,1165000,0,139300
100,1.36E+08,1.78E+06,1165000,1165000,0,139300
100,1.36E+08,1.78E+06,1165000,1165000,0,139300
100,1.36E+08,1.78E+06,1165000,1165000,0,139300
100,1.36E+08,1.78E+06,1165000,1165000,0,139300
100,1.36E+08,1.78E+06,1165000,1165000,0,139300
100,1.36E+08,1.78E+06,1165000,1165000,0,139550
100,1.36E+08,1.78E+06,1165000,1165000,0,139550
100,1.36E+08,1.78E+06,1165000,1165000,0,139550
100,1.36E+08,1.78E+06,1165000,1165000,0,139550
100,1.36E+08,1.78E+06,1165000,1165000,0,139550
100,1.36E+08,1.78E+06,1165000,1165000,0,139550
100,1.36E+08,1.78E+06,1165000,1165000,0,139550
100,1.36E+08,1.78E+06,1165000,1165000,0,139550
100,1.36E+08,1.78E+06,1165000,1165000,0,139550
100,1.36E+08,1.78E+06,1165000,1165000,0,139550
100,1.36E+08,1.78E+06,1165000,1165000,0,139550
100,1.36E+08,1.78E+06,1165000,1165000,0,139550
100,1.36E+08,1.78E+06,1165000,1165000,0,139550
100,1.36E+08,1.78E+06,1165000,1165000,0,139550
100,1.36E+08,1.78E+06,1165000,1165000,0,139550
100,1.36E+08,1.78E+06,1165000,1165000,0,139550
100,1.36E+08,1.78E+06,1165000,1165000,0,139550
100,1.36E+08,1.78E+06,1165000,1165000,0,139550
100,1.36E+08,1.78E+06,1165000,1165000,0,139550
100,1.36E+08,1.78E+06,1165000,1165000,0,139550
100,1.36E+08,1.78E+06,1165000,1165000,0,139650
100,1.36E+08,1.78E+06,1165000,1165000,0,139650
100,1.36E+08,1.78E+06,1165000,1165000,0,139650
100,1.42E+08,1.78E+06,1165020,1165020,0,158350
100,1.43E+08,1.78E+06,1165024,1165024,0,162650
100,1.47E+08,1.79E+06,1165033,1165033,0,176350
100,1.47E+08,1.78E+06,1165047,1165047,0,176850
100,1.45E+08,1.78E+06,1165048,1165049,0,170800
100,1.38E+08,1.78E+06,1165083,1165083,0,148300
100,1.43E+08,1.78E+06,1165111,1165111,0,163700
100,1.40E+08,1.78E+06,1165112,1165112,0,154300
100,1.45E+08,1.78E+06,1165141,1165140,0,169400
100,1.41E+08,1.78E+06,1165184,1165184,0,156400
100,1.40E+08,1.78E+06,1165193,1165193,0,154050
100,1.39E+08,1.78E+06,1165206,1165201,0,151350
100,1.41E+08,1.78E+06,1165206,1165206,0,156300
100,1.39E+08,1.78E+06,1165218,1165219,0,149800
100,1.43E+08,1.78E+06,1165241,1165237,0,162800
100,1.40E+08,1.79E+06,1165257,1165256,0,153750
100,1.41E+08,1.78E+06,1165271,1165271,0,157350
100,1.45E+08,1.78E+06,1165274,1165274,0,170800
100,1.36E+08,1.87E+06,1165299,1165299,0,139150
100,1.36E+08,1.78E+06,1165316,1165316,0,143350
100,1.41E+08,1.78E+06,1165317,1165320,0,157850
100,1.36E+08,1.78E+06,1165323,1165323,0,139300
100,1.43E+08,1.78E+06,1165340,1165334,0,163250
100,1.47E+08,1.78E+06,1165354,1165356,0,178050
100,1.46E+08,1.78E+06,1165363,1165363,0,171350
100,1.47E+08,1.78E+06,1165373,1165368,0,176350
100,1.39E+08,1.80E+06,1165392,1165394,0,151950
100,1.46E+08,1.78E+06,1165397,1165397,0,173850
100,1.47E+08,1.78E+06,1165401,1165401,0,176350
100,1.41E+08,1.78E+06,1165406,1165406,0,156300
100,1.36E+08,2.02E+06,1165428,1165428,0,139200
100,1.42E+08,1.78E+06,1165452,1165453,0,158100
100,1.40E+08,1.78E+06,1165468,1165468,0,153050
100,1.47E+08,1.78E+06,1165503,1165502,0,177300
100,1.44E+08,1.78E+06,1165510,1165510,0,165350
100,1.47E+08,1.78E+06,1165527,1165527,0,178050
100,1.47E+08,1.78E+06,1165534,1165533,0,176000
100,1.45E+08,1.79E+06,1165543,1165545,0,167650
100,1.41E+08,1.78E+06,1165573,1165572,0,157850
100,1.47E+08,1.80E+06,1165579,1165579,0,178800
100,1.45E+08,1.78E+06,1165610,1165611,0,167500
100,1.36E+08,1.78E+06,1165616,1165612,0,139550
100,1.47E+08,1.83E+06,1165619,1165618,0,177150
100,1.44E+08,1.78E+06,1165658,1165658,0,167200
100,1.46E+08,1.78E+06,1165681,1165681,0,175250
100,1.41E+08,1.78E+06,1165682,1165682,0,157350
100,1.47E+08,1.78E+06,1165684,1165684,0,177750
100,1.47E+08,1.79E+06,1165695,1165695,0,178400
100,1.47E+08,1.78E+06,1165704,1165705,0,178800
100,1.46E+08,1.81E+06,1165767,1165768,0,171350
100,1.47E+08,1.81E+06,1165789,1165789,0,177100
100,1.47E+08,1.78E+06,1165804,1165804,0,177300
100,1.45E+08,1.78E+06,1165814,1165814,0,169400
100,1.45E+08,1.78E+06,1165821,1165818,0,170700
100,1.45E+08,1.80E+06,1165852,1165852,0,168900
100,1.45E+08,1.78E+06,1165852,1165852,0,170800
100,1.36E+08,1.80E+06,1165865,1165866,0,142800
100,1.39E+08,1.78E+06,1165865,1165863,0,151950
100,1.47E+08,1.78E+06,1165874,1165874,0,176350
100,1.47E+08,1.78E+06,1165877,1165877,0,176350
100,1.36E+08,1.92E+06,1165892,1165890,0,139200
100,1.45E+08,1.79E+06,1165897,1165896,0,168650
100,1.45E+08,1.78E+06,1165901,1165903,0,168650
100,1.46E+08,1.78E+06,1165935,1165936,0,170800
100,1.47E+08,1.78E+06,1165935,1165933,0,178800
100,1.38E+08,1.78E+06,1165950,1165950,0,147900
100,1.46E+08,1.78E+06,1165953,1165951,0,173850
100,1.36E+08,1.78E+06,1165975,1165974,0,142300
100,1.40E+08,1.79E+06,1165983,1165980,0,153050
100,1.40E+08,1.78E+06,1166002,1166001,0,154050
100,1.45E+08,1.78E+06,1166013,1166012,0,168900
100,1.47E+08,1.78E+06,1166015,1166015,0,178800
100,1.42E+08,1.78E+06,1166026,1166026,0,158900
100,1.47E+08,1.78E+06,1166028,1166026,0,178800
100,1.36E+08,1.78E+06,1166048,1166048,0,139650
100,1.41E+08,1.78E+06,1166053,1166055,0,156600
100,1.39E+08,1.78E+06,1166055,1166052,0,149600
100,1.36E+08,1.78E+06,1166059,1166059,0,142000
100,1.47E+08,1.78E+06,1166073,1166069,0,176850
100,1.45E+08,1.79E+06,1166089,1166090,0,168900
100,1.35E+08,1.91E+06,1166094,1166094,0,138750
100,1.41E+08,1.79E+06,1166133,1166134,0,157900
100,1.38E+08,1.78E+06,1166176,1166176,0,148700
100,1.47E+08,1.78E+06,1166181,1166180,0,176000
100,1.35E+08,1.95E+06,1166204,1166204,0,138750
100,1.47E+08,1.78E+06,1166232,1166232,0,178800
100,1.47E+08,1.78E+06,1166239,1166240,0,178400
100,1.36E+08,1.82E+06,1166243,1166243,0,139300
100,1.47E+08,1.80E+06,1166248,1166245,0,176350
100,1.47E+08,1.79E+06,1166252,1166253,0,177300
100,1.47E+08,1.78E+06,1166277,1166278,0,178400
100,1.40E+08,1.79E+06,1166290,1166290,0,154050
100,1.43E+08,1.78E+06,1166308,1166309,0,163600
100,1.36E+08,1.78E+06,1166309,1166307,0,139300
100,1.47E+08,1.78E+06,1166312,1166310,0,177750
100,1.36E+08,1.78E+06,1166334,1166334,0,139550
100,1.47E+08,1.78E+06,1166337,1166339,0,177150
100,1.36E+08,1.79E+06,1166342,1166341,0,139650
100,1.40E+08,1.83E+06,1166351,1166351,0,153050
100,1.46E+08,1.78E+06,1166354,1166355,0,173850
100,1.45E+08,1.81E+06,1166359,1166359,0,168900
100,1.39E+08,1.78E+06,1166387,1166388,0,151850
100,1.47E+08,1.78E+06,1166400,1166399,0,178800
100,1.47E+08,1.78E+06,1166424,1166424,0,178900
100,1.40E+08,1.78E+06,1166452,1166451,0,154050
100,1.39E+08,1.78E+06,1166462,1166462,0,151350
100,1.45E+08,1.78E+06,1166517,1166514,0,168750
100,1.46E+08,1.78E+06,1166532,1166530,0,173850
100,1.36E+08,1.78E+06,1166535,1166533,0,139650
100,1.47E+08,1.78E+06,1166546,1166546,0,177300
100,1.40E+08,1.78E+06,1166548,1166548,0,154050
100,1.43E+08,1.78E+06,1166571,1166571,0,163600
100,1.47E+08,1.78E+06,1166578,1166577,0,176000
100,1.47E+08,1.78E+06,1166581,1166579,0,177150
100,1.47E+08,1.78E+06,1166664,1166661,0,176850
100,1.46E+08,1.78E+06,1166678,1166674,0,173850
100,1.47E+08,1.78E+06,1166699,1166701,0,176850
100,1.36E+08,1.78E+06,1166721,1166721,0,139650
100,1.47E+08,1.78E+06,1166755,1166755,0,178050
100,1.42E+08,1.78E+06,1166757,1166757,0,158100
100,1.45E+08,1.78E+06,1166763,1166764,0,168900
100,1.43E+08,1.78E+06,1166764,1166761,0,163550
100,1.40E+08,1.78E+06,1166773,1166773,0,153200
100,1.40E+08,1.82E+06,1166786,1166784,0,153050
100,1.47E+08,1.78E+06,1166801,1166801,0,176350
100,1.36E+08,1.83E+06,1166815,1166811,0,139150
100,1.39E+08,1.78E+06,1166836,1166836,0,149300
100,1.42E+08,1.78E+06,1166841,1166840,0,158100
100,1.36E+08,1.78E+06,1166843,1166840,0,139300
100,1.47E+08,1.78E+06,1166851,1166849,0,176850
100,1.47E+08,1.78E+06,1166855,1166856,0,178800
100,1.41E+08,1.78E+06,1166859,1166859,0,155450
100,1.44E+08,1.78E+06,1166873,1166873,0,165650
100,1.41E+08,1.82E+06,1166874,1166873,0,157350
100,1.45E+08,1.78E+06,1166894,1166894,0,168900
100,1.47E+08,1.80E+06,1166929,1166929,0,176850
100,1.47E+08,1.78E+06,1166951,1166951,0,178050
100,1.43E+08,1.78E+06,1166955,1166955,0,163250
100,1.36E+08,1.78E+06,1166964,1166964,0,139300
100,1.45E+08,1.78E+06,1166970,1166969,0,170800
100,1.36E+08,1.78E+06,1166988,1166988,0,139300
100,1.34E+08,2.31E+06,1166995,1166992,0,138750
100,1.36E+08,1.78E+06,1167017,1167015,0,139300
100,1.39E+08,1.78E+06,1167044,1167045,0,149800
100,1.40E+08,1.78E+06,1167067,1167067,0,154300
100,1.45E+08,1.78E+06,1167080,1167080,0,168650
100,1.40E+08,1.79E+06,1167115,1167115,0,153050
100,1.43E+08,1.78E+06,1167128,1167126,0,163250
100,1.35E+08,1.83E+06,1167158,1167155,0,138950
100,1.47E+08,1.78E+06,1167165,1167165,0,178400
100,1.36E+08,1.78E+06,1167182,1167180,0,139300
100,1.45E+08,1.78E+06,1167189,1167189,0,170800
100,1.47E+08,1.78E+06,1167217,1167222,0,177300
100,1.46E+08,1.78E+06,1167243,1167243,0,170800
100,1.44E+08,1.86E+06,1167271,1167267,0,165650
100,1.47E+08,1.78E+06,1167308,1167309,0,178050
100,1.41E+08,1.78E+06,1167309,1167312,0,157350
100,1.47E+08,1.78E+06,1167310,1167312,0,177300
100,1.47E+08,1.78E+06,1167328,1167330,0,177100
100,1.36E+08,1.78E+06,1167394,1167394,0,139300
100,1.47E+08,1.79E+06,1167403,1167404,0,177300
100,1.47E+08,1.78E+06,1167407,1167403,0,176000
100,1.39E+08,1.78E+06,1167416,1167414,0,151950
100,1.36E+08,1.78E+06,1167423,1167423,0,142750
100,1.47E+08,1.78E+06,1167427,1167427,0,177300
100,1.37E+08,1.78E+06,1167434,1167440,0,143900
100,1.36E+08,1.78E+06,1167435,1167435,0,139550
100,1.36E+08,1.78E+06,1167447,1167447,0,139300
100,1.40E+08,1.80E+06,1167449,1167449,0,154200
100,1.45E+08,1.78E+06,1167466,1167465,0,168650
100,1.45E+08,1.78E+06,1167483,1167483,0,169400
100,1.38E+08,1.78E+06,1167489,1167489,0,147850
100,1.36E+08,1.78E+06,1167492,1167492,0,139300
100,1.36E+08,1.85E+06,1167494,1167493,0,139150
100,1.36E+08,1.78E+06,1167498,1167496,0,139550
100,1.35E+08,1.86E+06,1167500,1167500,0,138750
100,1.35E+08,1.88E+06,1167500,1167500,0,138750
100,1.35E+08,1.91E+06,1167500,1167500,0,138950
100,1.35E+08,1.88E+06,1167500,1167500,0,138950
100,1.36E+08,1.88E+06,1167500,1167500,0,139150
100,1.36E+08,1.82E+06,1167500,1167500,0,139150
100,1.36E+08,1.92E+06,1167500,1167500,0,139150
100,1.36E+08,1.78E+06,1167500,1167500,0,139300
100,1.36E+08,1.78E+06,1167500,1167500,0,139300
100,1.36E+08,1.78E+06,1167500,1167500,0,139300
100,1.36E+08,1.78E+06,1167500,1167500,0,139300
100,1.36E+08,1.78E+06,1167500,1167500,0,139300
100,1.36E+08,1.78E+06,1167500,1167500,0,139300
100,1.36E+08,1.78E+06,1167500,1167500,0,139300
100,1.36E+08,1.79E+06,1167500,1167500,0,139300
100,1.36E+08,1.78E+06,1167500,1167500,0,139300
100,1.36E+08,1.78E+06,1167500,1167500,0,139300
100,1.36E+08,1.78E+06,1167500,1167500,0,139300
100,1.36E+08,1.78E+06,1167500,1167500,0,139300
100,1.36E+08,1.78E+06,1167500,1167500,0,139300
100,1.36E+08,1.78E+06,1167500,1167500,0,139300
100,1.36E+08,1.78E+06,1167500,1167500,0,139300
100,1.36E+08,1.78E+06,1167500,1167500,0,139300
100,1.36E+08,1.78E+06,1167500,1167500,0,139300
100,1.36E+08,1.78E+06,1167500,1167500,0,139300
100,1.36E+08,1.78E+06,1167500,1167500,0,139300
100,1.36E+08,1.78E+06,1167500,1167500,0,139300
100,1.36E+08,1.78E+06,1167500,1167500,0,139300
100,1.36E+08,1.78E+06,1167500,1167500,0,139300
100,1.36E+08,1.78E+06,1167500,1167500,0,139300
100,1.36E+08,1.78E+06,1167500,1167500,0,139300
100,1.36E+08,1.78E+06,1167500,1167500,0,139300
100,1.36E+08,1.78E+06,1167500,1167500,0,139300
100,1.36E+08,1.78E+06,1167500,1167500,0,139300
100,1.36E+08,1.78E+06,1167500,1167500,0,139300
100,1.36E+08,1.78E+06,1167500,1167500,0,139300
100,1.36E+08,1.78E+06,1167500,1167500,0,139300
100,1.36E+08,1.78E+06,1167500,1167500,0,139300
100,1.36E+08,1.78E+06,1167500,1167500,0,139300
100,1.36E+08,1.78E+06,1167500,1167500,0,139300
100,1.36E+08,1.78E+06,1167500,1167500,0,139300
100,1.36E+08,1.78E+06,1167500,1167500,0,139300
100,1.36E+08,1.78E+06,1167500,1167500,0,139300
100,1.36E+08,1.78E+06,1167500,1167500,0,139300
100,1.36E+08,1.78E+06,1167500,1167500,0,139300
100,1.36E+08,1.78E+06,1167500,1167500,0,139300
100,1.36E+08,1.78E+06,1167500,1167500,0,139300
100,1.36E+08,1.78E+06,1167500,1167500,0,139300
100,1.36E+08,1.78E+06,1167500,1167500,0,139300
100,1.36E+08,1.78E+06,1167500,1167500,0,139300
100,1.36E+08,1.78E+06,1167500,1167500,0,139300
100,1.36E+08,1.78E+06,1167500,1167500,0,139300
100,1.36E+08,1.78E+06,1167500,1167500,0,139300
100,1.36E+08,1.78E+06,1167500,1167500,0,139300
100,1.36E+08,1.78E+06,1167500,1167500,0,139300
100,1.36E+08,1.78E+06,1167500,1167500,0,139550
100,1.36E+08,1.78E+06,1167500,1167500,0,139550
100,1.36E+08,1.78E+06,1167500,1167500,0,139550
100,1.36E+08,1.78E+06,1167500,1167500,0,139550
100,1.36E+08,1.78E+06,1167500,1167500,0,139550
100,1.36E+08,1.78E+06,1167500,1167500,0,139550
100,1.36E+08,1.78E+06,1167500,1167500,0,139550
100,1.36E+08,1.78E+06,1167500,1167500,0,139550
100,1.36E+08,1.78E+06,1167500,1167500,0,139550
100,1.36E+08,1.78E+06,1167500,1167500,0,139550
100,1.36E+08,1.78E+06,1167500,1167500,0,139550
100,1.36E+08,1.78E+06,1167500,1167500,0,139550
100,1.36E+08,1.78E+06,1167500,1167500,0,139550
100,1.36E+08,1.78E+06,1167500,1167500,0,139550
100,1.36E+08,1.78E+06,1167500,1167500,0,139550
100,1.36E+08,1.78E+06,1167500,1167500,0,139550
100,1.36E+08,1.78E+06,1167500,1167500,0,139550
100,1.36E+08,1.78E+06,1167500,1167500,0,139550
100,1.36E+08,1.78E+06,1167500,1167500,0,139550
100,1.36E+08,1.78E+06,1167500,1167500,0,139550
100,1.36E+08,1.78E+06,1167500,1167500,0,139550
100,1.36E+08,1.78E+06,1167500,1167500,0,139550
100,1.36E+08,1.78E+06,1167500,1167500,0,139550
100,1.36E+08,1.78E+06,1167500,1167500,0,139550
100,1.36E+08,1.78E+06,1167500,1167500,0,139650
100,1.36E+08,1.78E+06,1167500,1167500,0,139650
100,1.39E+08,1.78E+06,1167508,1167508,0,151850
100,1.47E+08,1.78E+06,1167518,1167518,0,176850
100,1.41E+08,1.78E+06,1167519,1167519,0,157350
100,1.39E+08,1.78E+06,1167533,1167538,0,149300
100,1.45E+08,1.78E+06,1167540,1167540,0,169400
100,1.47E+08,1.78E+06,1167541,1167541,0,178800
100,1.47E+08,1.79E+06,1167542,1167542,0,177150
100,1.47E+08,1.78E+06,1167557,1167557,0,176850
100,1.41E+08,1.78E+06,1167564,1167563,0,157350
100,1.45E+08,1.78E+06,1167567,1167567,0,170800
100,1.43E+08,1.78E+06,1167571,1167571,0,163550
100,1.43E+08,1.78E+06,1167580,1167580,0,162650
100,1.45E+08,1.78E+06,1167587,1167587,0,169400
100,1.47E+08,1.78E+06,1167618,1167615,0,178400
100,1.47E+08,1.78E+06,1167622,1167621,0,177300
100,1.42E+08,1.78E+06,1167632,1167632,0,158850
100,1.47E+08,1.78E+06,1167636,1167636,0,177150
100,1.47E+08,1.78E+06,1167652,1167648,0,176350
100,1.40E+08,1.78E+06,1167678,1167678,0,154050
100,1.47E+08,1.78E+06,1167693,1167693,0,177750
100,1.45E+08,1.79E+06,1167702,1167702,0,170800
100,1.40E+08,1.78E+06,1167751,1167752,0,153750
100,1.47E+08,1.79E+06,1167761,1167760,0,177150
100,1.47E+08,1.78E+06,1167785,1167784,0,178900
100,1.43E+08,1.82E+06,1167791,1167795,0,163550
100,1.39E+08,1.78E+06,1167807,1167808,0,151900
100,1.43E+08,1.78E+06,1167840,1167840,0,163250
100,1.45E+08,1.78E+06,1167847,1167847,0,168900
100,1.44E+08,1.78E+06,1167850,1167850,0,167200
100,1.45E+08,1.78E+06,1167856,1167857,0,168900
100,1.47E+08,1.79E+06,1167862,1167861,0,177750
100,1.47E+08,1.78E+06,1167914,1167914,0,177750
100,1.45E+08,1.79E+06,1167924,1167924,0,169400
100,1.47E+08,1.78E+06,1167924,1167925,0,176000
100,1.43E+08,1.78E+06,1167958,1167962,0,163600
100,1.39E+08,1.78E+06,1167960,1167959,0,151350
100,1.36E+08,1.78E+06,1167985,1167984,0,139650
100,1.43E+08,1.78E+06,1168005,1168005,0,162550
100,1.46E+08,1.78E+06,1168081,1168078,0,173850
100,1.45E+08,1.78E+06,1168099,1168097,0,168900
100,1.41E+08,1.80E+06,1168120,1168120,0,157850
100,1.47E+08,1.79E+06,1168133,1168134,0,177300
100,1.45E+08,1.78E+06,1168167,1168167,0,167650
100,1.47E+08,1.79E+06,1168200,1168200,0,177750
100,1.43E+08,1.79E+06,1168204,1168203,0,160250
100,1.40E+08,1.78E+06,1168226,1168226,0,154200
100,1.46E+08,1.78E+06,1168255,1168255,0,175250
100,1.45E+08,1.78E+06,1168302,1168304,0,168900
100,1.41E+08,1.78E+06,1168350,1168351,0,157850
100,1.45E+08,1.78E+06,1168354,1168355,0,168750
100,1.47E+08,1.78E+06,1168354,1168355,0,177750
100,1.40E+08,1.78E+06,1168362,1168361,0,154650
100,1.47E+08,1.78E+06,1168389,1168390,0,177150
100,1.41E+08,1.78E+06,1168390,1168389,0,157850
100,1.45E+08,1.79E+06,1168412,1168411,0,168750
100,1.35E+08,1.99E+06,1168419,1168419,0,138750
100,1.43E+08,1.79E+06,1168432,1168432,0,163250
100,1.45E+08,1.82E+06,1168453,1168453,0,168900
100,1.45E+08,1.79E+06,1168454,1168453,0,168750
100,1.40E+08,1.78E+06,1168458,1168458,0,153050
100,1.45E+08,1.78E+06,1168481,1168479,0,168750
100,1.47E+08,1.78E+06,1168529,1168531,0,177300
100,1.39E+08,1.78E+06,1168543,1168543,0,151850
100,1.47E+08,1.78E+06,1168555,1168555,0,177300
100,1.47E+08,1.79E+06,1168582,1168584,0,177300
100,1.45E+08,1.78E+06,1168605,1168605,0,169800
100,1.40E+08,1.78E+06,1168634,1168634,0,152200
100,1.44E+08,1.78E+06,1168685,1168685,0,165500
100,1.47E+08,1.79E+06,1168689,1168688,0,178800
100,1.47E+08,1.78E+06,1168695,1168696,0,177300
100,1.39E+08,1.78E+06,1168711,1168710,0,150400
100,1.47E+08,1.78E+06,1168719,1168719,0,176000
100,1.41E+08,1.78E+06,1168720,1168720,0,156300
100,1.39E+08,1.78E+06,1168724,1168724,0,150050
100,1.45E+08,1.78E+06,1168779,1168779,0,168650
100,1.47E+08,1.78E+06,1168781,1168781,0,177100
100,1.40E+08,1.80E+06,1168804,1168805,0,153050
100,1.47E+08,1.78E+06,1168832,1168832,0,176000
100,1.43E+08,1.78E+06,1168834,1168834,0,162950
100,1.43E+08,1.78E+06,1168861,1168861,0,163600
100,1.39E+08,1.78E+06,1168870,1168872,0,149950
100,1.39E+08,1.78E+06,1168877,1168877,0,151900
100,1.41E+08,1.78E+06,1168881,1168881,0,157900
100,1.41E+08,1.78E+06,1168890,1168886,0,157900
100,1.47E+08,1.79E+06,1168948,1168948,0,178800
100,1.45E+08,1.78E+06,1168951,1168950,0,168900
100,1.40E+08,1.78E+06,1168965,1168967,0,154050
100,1.46E+08,1.78E+06,1168970,1168969,0,170800
100,1.39E+08,1.79E+06,1168980,1168980,0,149950
100,1.47E+08,1.85E+06,1169060,1169060,0,176000
100,1.45E+08,1.78E+06,1169083,1169083,0,169400
100,1.36E+08,1.78E+06,1169089,1169087,0,142000
100,1.47E+08,1.80E+06,1169094,1169094,0,176000
100,1.47E+08,1.78E+06,1169096,1169096,0,178400
100,1.39E+08,1.78E+06,1169100,1169096,0,149750
100,1.47E+08,1.78E+06,1169113,1169113,0,178900
100,1.47E+08,1.78E+06,1169182,1169183,0,178400
100,1.36E+08,1.78E+06,1169192,1169194,0,143350
100,1.47E+08,1.78E+06,1169193,1169193,0,177100
100,1.39E+08,1.79E+06,1169209,1169209,0,151950
100,1.42E+08,1.78E+06,1169210,1169210,0,158100
100,1.46E+08,1.78E+06,1169212,1169212,0,170800
100,1.41E+08,1.78E+06,1169241,1169241,0,156300
100,1.47E+08,1.79E+06,1169244,1169243,0,177750
100,1.36E+08,1.78E+06,1169246,1169248,0,139750
100,1.47E+08,1.78E+06,1169251,1169250,0,178900
100,1.47E+08,1.80E+06,1169266,1169266,0,176000
100,1.35E+08,1.95E+06,1169281,1169281,0,138750
100,1.47E+08,1.78E+06,1169284,1169284,0,178400
100,1.44E+08,1.78E+06,1169304,1169304,0,165350
100,1.35E+08,1.89E+06,1169307,1169307,0,138750
100,1.47E+08,1.78E+06,1169313,1169313,0,178400
100,1.47E+08,1.78E+06,1169323,1169323,0,178800
100,1.46E+08,1.84E+06,1169329,1169329,0,171350
100,1.47E+08,1.78E+06,1169335,1169335,0,176000
100,1.45E+08,1.79E+06,1169364,1169367,0,167650
100,1.40E+08,1.78E+06,1169378,1169379,0,154200
100,1.47E+08,1.78E+06,1169379,1169379,0,176000
100,1.45E+08,1.78E+06,1169396,1169394,0,168900
100,1.40E+08,1.79E+06,1169409,1169409,0,153050
100,1.46E+08,1.78E+06,1169423,1169423,0,171350
100,1.40E+08,1.79E+06,1169444,1169446,0,154300
100,1.45E+08,1.78E+06,1169479,1169479,0,168750
100,1.47E+08,1.78E+06,1169490,1169490,0,176350
100,1.43E+08,1.78E+06,1169512,1169512,0,163250
100,1.39E+08,1.78E+06,1169532,1169534,0,149800
100,1.46E+08,1.79E+06,1169533,1169532,0,175250
100,1.38E+08,1.78E+06,1169542,1169542,0,147800
100,1.45E+08,1.81E+06,1169556,1169555,0,168750
100,1.41E+08,1.78E+06,1169559,1169557,0,156300
100,1.39E+08,1.78E+06,1169600,1169600,0,151900
100,1.47E+08,1.78E+06,1169611,1169611,0,178900
100,1.45E+08,1.78E+06,1169702,1169702,0,168650
100,1.45E+08,1.78E+06,1169714,1169714,0,169400
100,1.46E+08,1.80E+06,1169746,1169744,0,174850
100,1.41E+08,1.78E+06,1169793,1169789,0,156000
100,1.47E+08,1.78E+06,1169796,1169797,0,177750
100,1.40E+08,1.79E+06,1169797,1169797,0,153200
100,1.45E+08,1.78E+06,1169817,1169818,0,167650
100,1.46E+08,1.78E+06,1169818,1169819,0,173850
100,1.43E+08,1.79E+06,1169886,1169885,0,163250
100,1.45E+08,1.78E+06,1169895,1169894,0,168900
100,1.47E+08,1.81E+06,1169911,1169911,0,177300
100,1.44E+08,1.78E+06,1169913,1169911,0,165350
100,1.47E+08,1.78E+06,1169916,1169916,0,178800
100,1.41E+08,1.78E+06,1169934,1169933,0,157350
100,1.47E+08,1.78E+06,1169937,1169937,0,176000
100,1.39E+08,1.78E+06,1169945,1169947,0,151900
100,1.44E+08,1.78E+06,1169957,1169956,0,165650
100,1.45E+08,1.78E+06,1169990,1169991,0,168900
100,1.40E+08,1.78E+06,1169998,1169999,0,153750
100,1.35E+08,2.07E+06,1170000,1170000,0,138750
100,1.35E+08,1.95E+06,1170000,1170000,0,138750
100,1.36E+08,1.78E+06,1170000,1170000,0,139650
100,1.36E+08,1.78E+06,1170000,1170000,0,139650
100,1.36E+08,1.78E+06,1170000,1170000,0,139650
100,1.43E+08,1.78E+06,1170003,1170003,0,163600
100,1.36E+08,1.78E+06,1170017,1170017,0,139650
100,1.43E+08,1.80E+06,1170055,1170055,0,160250
100,1.40E+08,1.78E+06,1170067,1170066,0,154050
100,1.45E+08,1.78E+06,1170069,1170069,0,169400
100,1.44E+08,1.80E+06,1170080,1170080,0,165500
100,1.46E+08,1.78E+06,1170086,1170086,0,171350
100,1.45E+08,1.80E+06,1170094,1170096,0,169400
100,1.46E+08,1.79E+06,1170113,1170113,0,171150
100,1.47E+08,1.78E+06,1170133,1170133,0,177300
100,1.47E+08,1.79E+06,1170134,1170134,0,177750
100,1.36E+08,1.79E+06,1170148,1170147,0,142000
100,1.47E+08,1.78E+06,1170183,1170188,0,176000
100,1.39E+08,1.79E+06,1170230,1170230,0,151900
100,1.46E+08,1.78E+06,1170235,1170236,0,170800
100,1.46E+08,1.78E+06,1170240,1170240,0,173850
100,1.46E+08,1.78E+06,1170265,1170266,0,175250
100,1.41E+08,1.78E+06,1170293,1170294,0,156400
100,1.47E+08,1.78E+06,1170296,1170296,0,177000
100,1.45E+08,1.78E+06,1170324,1170324,0,170800
100,1.47E+08,1.78E+06,1170327,1170327,0,176350
100,1.45E+08,1.79E+06,1170339,1170340,0,168650
100,1.41E+08,1.78E+06,1170403,1170401,0,156300
100,1.45E+08,1.79E+06,1170443,1170441,0,168750
100,1.36E+08,1.78E+06,1170444,1170444,0,142050
100,1.44E+08,1.78E+06,1170449,1170449,0,165650
100,1.43E+08,1.78E+06,1170492,1170490,0,162650
100,1.46E+08,1.79E+06,1170496,1170498,0,174850
100,1.43E+08,1.78E+06,1170499,1170503,0,160250
100,1.44E+08,1.78E+06,1170500,1170500,0,165650
100,1.43E+08,1.78E+06,1170505,1170505,0,163550
100,1.44E+08,1.78E+06,1170507,1170506,0,167200
100,1.44E+08,1.78E+06,1170518,1170518,0,165650
100,1.36E+08,1.88E+06,1170519,1170518,0,139300
100,1.47E+08,1.78E+06,1170527,1170527,0,178900
100,1.40E+08,1.78E+06,1170534,1170535,0,153050
100,1.43E+08,1.78E+06,1170534,1170534,0,163700
100,1.40E+08,1.78E+06,1170535,1170537,0,154300
100,1.47E+08,1.78E+06,1170566,1170566,0,176000
100,1.44E+08,1.78E+06,1170570,1170569,0,165350
100,1.39E+08,1.79E+06,1170684,1170684,0,149300
100,1.45E+08,1.79E+06,1170684,1170684,0,168900
100,1.44E+08,1.79E+06,1170708,1170711,0,167200
100,1.36E+08,1.78E+06,1170717,1170717,0,139650
100,1.47E+08,1.78E+06,1170717,1170719,0,177150
100,1.47E+08,1.78E+06,1170724,1170724,0,176000
100,1.44E+08,1.79E+06,1170742,1170742,0,167200
100,1.40E+08,1.78E+06,1170755,1170755,0,154050
100,1.47E+08,1.78E+06,1170797,1170797,0,176000
100,1.45E+08,1.78E+06,1170802,1170801,0,168650
100,1.47E+08,1.78E+06,1170802,1170803,0,178800
100,1.40E+08,1.78E+06,1170859,1170859,0,154650
100,1.39E+08,1.78E+06,1170870,1170869,0,149800
100,1.47E+08,1.78E+06,1170872,1170872,0,178800
100,1.47E+08,1.78E+06,1170894,1170894,0,177150
100,1.45E+08,1.78E+06,1170907,1170907,0,169400
100,1.47E+08,1.80E+06,1170932,1170932,0,177750
100,1.40E+08,1.78E+06,1170963,1170963,0,153200
100,1.40E+08,1.78E+06,1170971,1170970,0,154650
100,1.47E+08,1.78E+06,1170994,1170991,0,178900
100,1.45E+08,1.78E+06,1170997,1170998,0,168650
100,1.47E+08,1.83E+06,1171023,1171023,0,178800
100,1.47E+08,1.78E+06,1171024,1171024,0,177750
100,1.37E+08,1.78E+06,1171036,1171036,0,144000
100,1.47E+08,1.78E+06,1171058,1171060,0,178050
100,1.44E+08,1.78E+06,1171098,1171095,0,165350
100,1.45E+08,1.78E+06,1171126,1171130,0,168900
100,1.39E+08,1.78E+06,1171133,1171134,0,150150
100,1.44E+08,1.78E+06,1171137,1171137,0,166900
100,1.39E+08,1.78E+06,1171141,1171140,0,149750
100,1.45E+08,1.78E+06,1171142,1171145,0,168900
100,1.39E+08,1.78E+06,1171150,1171149,0,151950
100,1.43E+08,1.78E+06,1171179,1171173,0,162650
100,1.46E+08,1.80E+06,1171206,1171207,0,170800
100,1.45E+08,1.78E+06,1171224,1171225,0,169400
100,1.46E+08,1.78E+06,1171237,1171232,0,171150
100,1.43E+08,1.78E+06,1171242,1171238,0,162150
100,1.43E+08,1.78E+06,1171246,1171245,0,160150
100,1.45E+08,1.78E+06,1171246,1171243,0,168750
100,1.44E+08,1.78E+06,1171269,1171270,0,167200
100,1.46E+08,1.79E+06,1171283,1171284,0,175250
100,1.47E+08,1.78E+06,1171290,1171293,0,177300
100,1.39E+08,1.79E+06,1171311,1171309,0,151950
100,1.40E+08,1.78E+06,1171311,1171312,0,152200
100,1.44E+08,1.78E+06,1171351,1171349,0,165350
100,1.47E+08,1.80E+06,1171351,1171351,0,178800
100,1.47E+08,1.79E+06,1171395,1171395,0,176000
100,1.38E+08,1.78E+06,1171480,1171480,0,147900
100,1.47E+08,1.79E+06,1171483,1171483,0,176850
100,1.47E+08,1.78E+06,1171485,1171485,0,177750
100,1.47E+08,1.78E+06,1171508,1171508,0,177300
100,1.43E+08,1.79E+06,1171510,1171511,0,160450
100,1.47E+08,1.79E+06,1171510,1171510,0,178400
100,1.35E+08,1.85E+06,1171544,1171544,0,138750
100,1.47E+08,1.78E+06,1171562,1171562,0,177300
100,1.45E+08,1.78E+06,1171603,1171602,0,169400
100,1.39E+08,1.78E+06,1171635,1171635,0,151900
100,1.43E+08,1.81E+06,1171648,1171648,0,163250
100,1.47E+08,1.78E+06,1171663,1171662,0,178900
100,1.47E+08,1.78E+06,1171690,1171690,0,177300
100,1.43E+08,1.78E+06,1171713,1171709,0,163250
100,1.40E+08,1.79E+06,1171714,1171707,0,153750
100,1.46E+08,1.78E+06,1171719,1171716,0,173850
100,1.39E+08,1.78E+06,1171723,1171723,0,149800
100,1.47E+08,1.78E+06,1171739,1171739,0,176850
100,1.46E+08,1.78E+06,1171742,1171744,0,173850
100,1.47E+08,1.80E+06,1171742,1171743,0,176000
100,1.43E+08,1.78E+06,1171754,1171754,0,160150
100,1.45E+08,1.78E+06,1171755,1171755,0,168700
100,1.47E+08,1.78E+06,1171768,1171768,0,177100
100,1.40E+08,1.78E+06,1171801,1171801,0,154050
100,1.45E+08,1.78E+06,1171805,1171806,0,167650
100,1.45E+08,1.79E+06,1171830,1171829,0,168900
100,1.45E+08,1.78E+06,1171838,1171839,0,168900
100,1.47E+08,1.78E+06,1171851,1171850,0,176850
100,1.40E+08,1.78E+06,1171855,1171856,0,154050
100,1.39E+08,1.78E+06,1171868,1171868,0,151850
100,1.45E+08,1.78E+06,1171897,1171898,0,169400
100,1.44E+08,1.81E+06,1171948,1171949,0,165350
100,1.47E+08,1.78E+06,1171954,1171952,0,177300
100,1.40E+08,1.78E+06,1171983,1171983,0,153200
100,1.45E+08,1.78E+06,1172058,1172058,0,167500
100,1.39E+08,1.79E+06,1172098,1172098,0,151950
100,1.43E+08,1.78E+06,1172133,1172133,0,163250
100,1.44E+08,1.79E+06,1172165,1172167,0,167200
100,1.46E+08,1.79E+06,1172213,1172213,0,173850
100,1.45E+08,1.78E+06,1172219,1172218,0,168750
100,1.47E+08,1.78E+06,1172220,1172221,0,178800
100,1.47E+08,1.80E+06,1172221,1172221,0,177150
100,1.43E+08,1.80E+06,1172243,1172245,0,163250
100,1.42E+08,1.78E+06,1172254,1172255,0,158900
100,1.46E+08,1.78E+06,1172293,1172293,0,173850
100,1.36E+08,1.78E+06,1172300,1172300,0,142050
100,1.47E+08,1.81E+06,1172339,1172338,0,176000
100,1.40E+08,1.79E+06,1172358,1172358,0,153050
100,1.39E+08,1.78E+06,1172359,1172360,0,151900
100,1.44E+08,1.78E+06,1172372,1172372,0,165500
100,1.45E+08,1.78E+06,1172389,1172389,0,168900
100,1.39E+08,1.78E+06,1172392,1172392,0,150050
100,1.47E+08,1.78E+06,1172413,1172413,0,177300
100,1.36E+08,1.80E+06,1172433,1172433,0,139300
100,1.47E+08,1.78E+06,1172439,1172438,0,176850
100,1.47E+08,1.79E+06,1172444,1172443,0,178050
100,1.47E+08,1.78E+06,1172445,1172445,0,177400
100,1.43E+08,1.78E+06,1172457,1172457,0,163700
100,1.35E+08,1.98E+06,1172500,1172500,0,138750
100,1.36E+08,1.78E+06,1172506,1172504,0,139650
100,1.40E+08,1.78E+06,1172541,1172534,0,154650
100,1.47E+08,1.78E+06,1172570,1172568,0,176850
100,1.47E+08,1.78E+06,1172581,1172580,0,178800
100,1.39E+08,1.78E+06,1172610,1172610,0,151950
100,1.45E+08,1.78E+06,1172628,1172629,0,168650
100,1.45E+08,1.78E+06,1172651,1172651,0,168750
100,1.38E+08,1.78E+06,1172666,1172666,0,148300
100,1.46E+08,1.80E+06,1172691,1172692,0,173850
100,1.47E+08,1.79E+06,1172696,1172694,0,177750
100,1.46E+08,1.80E+06,1172700,1172699,0,170800
100,1.43E+08,1.78E+06,1172710,1172709,0,163250
100,1.44E+08,1.78E+06,1172711,1172712,0,167400
100,1.40E+08,1.78E+06,1172716,1172713,0,153750
100,1.47E+08,1.78E+06,1172716,1172716,0,177300
100,1.47E+08,1.78E+06,1172717,1172717,0,176000
100,1.42E+08,1.78E+06,1172719,1172719,0,158350
100,1.46E+08,1.78E+06,1172734,1172736,0,171350
100,1.45E+08,1.78E+06,1172762,1172762,0,168900
100,1.47E+08,1.78E+06,1172829,1172829,0,177300
100,1.45E+08,1.78E+06,1172835,1172835,0,167500
100,1.40E+08,1.78E+06,1172837,1172837,0,154300
100,1.45E+08,1.78E+06,1172844,1172843,0,167500
100,1.47E+08,1.78E+06,1172855,1172855,0,177150
100,1.47E+08,1.78E+06,1172903,1172900,0,178050
100,1.46E+08,1.78E+06,1172927,1172922,0,175250
100,1.45E+08,1.78E+06,1172941,1172939,0,168650
100,1.43E+08,1.78E+06,1172960,1172960,0,163550
100,1.43E+08,1.78E+06,1172968,1172970,0,162950
100,1.40E+08,1.78E+06,1172970,1172970,0,152950
100,1.40E+08,1.78E+06,1172976,1172976,0,154050
100,1.47E+08,1.78E+06,1172989,1172989,0,178800
100,1.45E+08,1.79E+06,1172995,1172996,0,170800
100,1.47E+08,1.78E+06,1172996,1172995,0,177300
100,1.39E+08,1.78E+06,1173015,1173016,0,149500
100,1.36E+08,1.78E+06,1173026,1173028,0,139750
100,1.47E+08,1.78E+06,1173032,1173030,0,177300
100,1.47E+08,1.78E+06,1173044,1173044,0,178400
100,1.40E+08,1.78E+06,1173054,1173054,0,154300
100,1.40E+08,1.78E+06,1173100,1173099,0,154300
100,1.41E+08,1.78E+06,1173113,1173113,0,157350
100,1.47E+08,1.78E+06,1173135,1173136,0,176000
100,1.39E+08,1.78E+06,1173161,1173162,0,150050
100,1.45E+08,1.78E+06,1173174,1173174,0,170700
100,1.47E+08,1.78E+06,1173177,1173174,0,178050
100,1.47E+08,1.78E+06,1173179,1173179,0,178900
100,1.45E+08,1.78E+06,1173180,1173180,0,169400
100,1.41E+08,1.78E+06,1173182,1173182,0,156300
100,1.40E+08,1.78E+06,1173199,1173199,0,154050
100,1.40E+08,1.78E+06,1173213,1173213,0,153750
100,1.45E+08,1.78E+06,1173241,1173241,0,170800
100,1.43E+08,1.78E+06,1173267,1173267,0,160250
100,1.41E+08,1.78E+06,1173303,1173302,0,157900
100,1.39E+08,1.79E+06,1173305,1173305,0,149250
100,1.44E+08,1.78E+06,1173306,1173306,0,165650
100,1.47E+08,1.78E+06,1173309,1173309,0,178800
100,1.43E+08,1.78E+06,1173322,1173322,0,162950
100,1.45E+08,1.78E+06,1173322,1173322,0,168650
100,1.46E+08,1.78E+06,1173329,1173329,0,175250
100,1.45E+08,1.78E+06,1173338,1173336,0,168750
100,1.46E+08,1.78E+06,1173389,1173389,0,170800
100,1.45E+08,1.81E+06,1173392,1173396,0,168750
100,1.40E+08,1.78E+06,1173394,1173395,0,154050
100,1.45E+08,1.78E+06,1173402,1173402,0,167650
100,1.43E+08,1.78E+06,1173407,1173407,0,163250
100,1.47E+08,1.78E+06,1173455,1173457,0,177100
100,1.45E+08,1.78E+06,1173468,1173469,0,168650
100,1.47E+08,1.78E+06,1173491,1173491,0,177150
100,1.44E+08,1.79E+06,1173505,1173507,0,163900
100,1.47E+08,1.78E+06,1173516,1173514,0,178800
100,1.36E+08,1.78E+06,1173537,1173537,0,143350
100,1.45E+08,1.78E+06,1173544,1173542,0,168650
100,1.43E+08,1.78E+06,1173563,1173563,0,162650
100,1.39E+08,1.78E+06,1173572,1173569,0,149750
100,1.39E+08,1.78E+06,1173572,1173569,0,151950
100,1.45E+08,1.78E+06,1173608,1173607,0,168650
100,1.46E+08,1.78E+06,1173616,1173616,0,171350
100,1.42E+08,1.80E+06,1173642,1173642,0,158850
100,1.40E+08,1.78E+06,1173652,1173649,0,153750
100,1.39E+08,1.78E+06,1173672,1173672,0,149500
100,1.46E+08,1.78E+06,1173705,1173706,0,171350
100,1.43E+08,1.78E+06,1173707,1173707,0,160050
100,1.39E+08,1.78E+06,1173745,1173746,0,149300
100,1.47E+08,1.79E+06,1173749,1173749,0,178800
100,1.45E+08,1.78E+06,1173825,1173825,0,168900
100,1.41E+08,1.78E+06,1173887,1173885,0,157900
100,1.41E+08,1.78E+06,1173888,1173888,0,155600
100,1.47E+08,1.78E+06,1173889,1173890,0,178400
100,1.45E+08,1.80E+06,1173916,1173917,0,167650
100,1.47E+08,1.79E+06,1173933,1173934,0,178800
100,1.46E+08,1.78E+06,1173938,1173938,0,170800
100,1.47E+08,1.78E+06,1173939,1173938,0,176350
100,1.40E+08,1.78E+06,1173967,1173966,0,154050
100,1.41E+08,1.78E+06,1173977,1173977,0,156400
100,1.41E+08,1.78E+06,1173985,1173988,0,156400
100,1.47E+08,1.78E+06,1174005,1174001,0,176350
100,1.47E+08,1.79E+06,1174006,1174007,0,177300
100,1.41E+08,1.80E+06,1174010,1174010,0,156600
100,1.47E+08,1.78E+06,1174022,1174020,0,176850
100,1.41E+08,1.78E+06,1174031,1174031,0,157850
100,1.46E+08,1.79E+06,1174032,1174030,0,170800
100,1.43E+08,1.80E+06,1174060,1174060,0,162650
100,1.40E+08,1.78E+06,1174067,1174067,0,154050
100,1.46E+08,1.78E+06,1174081,1174082,0,175250
100,1.40E+08,1.78E+06,1174158,1174158,0,154300
100,1.45E+08,1.78E+06,1174183,1174179,0,167650
100,1.36E+08,1.78E+06,1174197,1174198,0,139750
100,1.41E+08,1.79E+06,1174206,1174210,0,156400
100,1.36E+08,1.78E+06,1174209,1174209,0,139750
100,1.43E+08,1.78E+06,1174231,1174231,0,163250
100,1.45E+08,1.78E+06,1174231,1174231,0,168650
100,1.36E+08,1.78E+06,1174290,1174292,0,142750
100,1.45E+08,1.78E+06,1174324,1174324,0,168750
100,1.47E+08,1.81E+06,1174329,1174330,0,178400
100,1.39E+08,1.79E+06,1174332,1174331,0,151350
100,1.41E+08,1.78E+06,1174341,1174341,0,156700
100,1.45E+08,1.78E+06,1174345,1174344,0,169400
100,1.47E+08,1.78E+06,1174362,1174361,0,178050
100,1.47E+08,1.78E+06,1174382,1174381,0,176850
100,1.46E+08,1.78E+06,1174401,1174400,0,173850
100,1.46E+08,1.78E+06,1174430,1174430,0,175250
100,1.43E+08,1.78E+06,1174437,1174433,0,160150
100,1.43E+08,1.78E+06,1174441,1174440,0,160250
100,1.41E+08,1.78E+06,1174454,1174454,0,156300
100,1.36E+08,1.78E+06,1174462,1174461,0,139650
100,1.37E+08,1.78E+06,1174464,1174464,0,144050
100,1.46E+08,1.80E+06,1174520,1174521,0,170800
100,1.35E+08,1.89E+06,1174542,1174542,0,138750
100,1.45E+08,1.78E+06,1174544,1174544,0,167650
100,1.47E+08,1.78E+06,1174547,1174547,0,178800
100,1.47E+08,1.78E+06,1174554,1174554,0,177300
100,1.47E+08,1.78E+06,1174560,1174561,0,177150
100,1.40E+08,1.78E+06,1174565,1174566,0,153050
100,1.41E+08,1.78E+06,1174566,1174567,0,157850
100,1.39E+08,1.78E+06,1174569,1174569,0,151950
100,1.47E+08,1.78E+06,1174578,1174578,0,176350
100,1.47E+08,1.78E+06,1174603,1174604,0,177750
100,1.39E+08,1.78E+06,1174613,1174615,0,150050
100,1.47E+08,1.79E+06,1174666,1174665,0,177150
100,1.39E+08,1.78E+06,1174682,1174682,0,150900
100,1.40E+08,1.79E+06,1174723,1174725,0,154300
100,1.47E+08,1.78E+06,1174723,1174724,0,177750
100,1.43E+08,1.78E+06,1174728,1174728,0,160800
100,1.47E+08,1.78E+06,1174738,1174738,0,178800
100,1.44E+08,1.78E+06,1174757,1174749,0,165650
100,1.38E+08,1.78E+06,1174786,1174786,0,147900
100,1.41E+08,1.78E+06,1174817,1174821,0,155450
100,1.45E+08,1.79E+06,1174824,1174820,0,169400
100,1.45E+08,1.78E+06,1174847,1174843,0,168750
100,1.43E+08,1.78E+06,1174851,1174851,0,160800
100,1.46E+08,1.78E+06,1174871,1174871,0,173850
100,1.44E+08,1.78E+06,1174883,1174884,0,166900
100,1.38E+08,1.78E+06,1174908,1174907,0,147200
100,1.46E+08,1.78E+06,1174947,1174945,0,175250
100,1.46E+08,1.78E+06,1174962,1174961,0,173200
100,1.47E+08,1.78E+06,1174989,1174988,0,176850
100,1.47E+08,1.78E+06,1174995,1174993,0,178400
100,1.36E+08,1.78E+06,1175000,1175000,0,139650
100,1.45E+08,1.78E+06,1175039,1175039,0,169400
100,1.44E+08,1.78E+06,1175061,1175060,0,165350
100,1.47E+08,1.78E+06,1175092,1175093,0,177300
100,1.39E+08,1.78E+06,1175103,1175103,0,149500
100,1.47E+08,1.78E+06,1175170,1175171,0,177750
100,1.47E+08,1.78E+06,1175185,1175186,0,177100
100,1.46E+08,1.78E+06,1175211,1175210,0,170800
100,1.39E+08,1.79E+06,1175217,1175217,0,151950
100,1.45E+08,1.78E+06,1175225,1175225,0,167500
100,1.47E+08,1.78E+06,1175231,1175229,0,178800
100,1.47E+08,1.78E+06,1175243,1175243,0,176000
100,1.46E+08,1.78E+06,1175274,1175274,0,175250
100,1.39E+08,1.78E+06,1175277,1175277,0,150900
100,1.46E+08,1.78E+06,1175284,1175285,0,170800
100,1.43E+08,1.78E+06,1175323,1175324,0,162950
100,1.47E+08,1.78E+06,1175329,1175329,0,177150
100,1.47E+08,1.79E+06,1175335,1175335,0,178800
100,1.45E+08,1.78E+06,1175346,1175341,0,170800
100,1.43E+08,1.79E+06,1175368,1175368,0,160800
100,1.43E+08,1.79E+06,1175371,1175372,0,163700
100,1.39E+08,1.78E+06,1175427,1175426,0,151850
100,1.46E+08,1.78E+06,1175448,1175447,0,173850
100,1.47E+08,1.78E+06,1175451,1175451,0,178800
100,1.44E+08,1.78E+06,1175463,1175463,0,165650
100,1.36E+08,1.78E+06,1175475,1175476,0,143350
100,1.47E+08,1.78E+06,1175483,1175482,0,176350
100,1.47E+08,1.78E+06,1175491,1175494,0,178050
100,1.44E+08,1.78E+06,1175494,1175494,0,165350
100,1.45E+08,1.80E+06,1175531,1175533,0,168650
100,1.40E+08,1.79E+06,1175608,1175609,0,153200
100,1.47E+08,1.78E+06,1175609,1175609,0,178800
100,1.47E+08,1.78E+06,1175613,1175613,0,178800
100,1.45E+08,1.78E+06,1175630,1175630,0,167500
100,1.44E+08,1.78E+06,1175635,1175637,0,165500
100,1.41E+08,1.78E+06,1175642,1175641,0,157350
100,1.40E+08,1.78E+06,1175650,1175650,0,154050
100,1.38E+08,1.78E+06,1175651,1175651,0,147850
100,1.45E+08,1.79E+06,1175660,1175662,0,168900
100,1.44E+08,1.78E+06,1175663,1175663,0,165500
100,1.47E+08,1.78E+06,1175672,1175671,0,176850
100,1.47E+08,1.78E+06,1175682,1175682,0,176850
100,1.47E+08,1.78E+06,1175682,1175681,0,176850
100,1.47E+08,1.78E+06,1175695,1175698,0,177750
100,1.47E+08,1.80E+06,1175703,1175703,0,176850
100,1.47E+08,1.78E+06,1175740,1175739,0,176350
100,1.41E+08,1.79E+06,1175753,1175753,0,155450
100,1.45E+08,1.78E+06,1175759,1175759,0,170800
100,1.47E+08,1.78E+06,1175761,1175759,0,178250
100,1.45E+08,1.78E+06,1175766,1175765,0,168750
100,1.46E+08,1.78E+06,1175795,1175796,0,175250
100,1.40E+08,1.78E+06,1175831,1175831,0,153750
100,1.43E+08,1.78E+06,1175873,1175874,0,163250
100,1.39E+08,1.78E+06,1175878,1175878,0,151950
100,1.40E+08,1.78E+06,1175885,1175883,0,153050
100,1.39E+08,1.78E+06,1175886,1175887,0,149950
100,1.47E+08,1.78E+06,1175892,1175891,0,178050
100,1.39E+08,1.78E+06,1175912,1175915,0,151850
100,1.47E+08,1.78E+06,1175932,1175932,0,178900
100,1.47E+08,1.78E+06,1175940,1175943,0,178250
100,1.46E+08,1.78E+06,1175941,1175940,0,175250
100,1.43E+08,1.78E+06,1175962,1175957,0,160250
100,1.44E+08,1.78E+06,1175972,1175972,0,165500
100,1.36E+08,1.78E+06,1175979,1175978,0,142000
100,1.35E+08,1.85E+06,1175987,1175987,0,138750
100,1.45E+08,1.79E+06,1175987,1175986,0,168650
100,1.45E+08,1.78E+06,1175998,1175998,0,168900
100,1.45E+08,1.78E+06,1176016,1176016,0,168650
100,1.47E+08,1.78E+06,1176018,1176020,0,177400
100,1.45E+08,1.79E+06,1176028,1176029,0,168900
100,1.47E+08,1.78E+06,1176054,1176052,0,178800
100,1.36E+08,1.89E+06,1176072,1176072,0,139150
100,1.46E+08,1.79E+06,1176077,1176077,0,174850
100,1.39E+08,1.78E+06,1176088,1176085,0,151950
100,1.45E+08,1.78E+06,1176089,1176089,0,168900
100,1.47E+08,1.78E+06,1176136,1176139,0,178400
100,1.47E+08,1.78E+06,1176204,1176202,0,177300
100,1.37E+08,1.78E+06,1176215,1176215,0,143900
100,1.45E+08,1.78E+06,1176222,1176224,0,168700
100,1.44E+08,1.78E+06,1176232,1176233,0,165500
100,1.42E+08,1.78E+06,1176244,1176244,0,158850
100,1.47E+08,1.78E+06,1176260,1176258,0,177750
100,1.44E+08,1.78E+06,1176261,1176262,0,165500
100,1.47E+08,1.78E+06,1176274,1176276,0,176850
100,1.41E+08,1.78E+06,1176292,1176294,0,157850
100,1.40E+08,1.78E+06,1176308,1176304,0,154500
100,1.47E+08,1.78E+06,1176320,1176321,0,177300
100,1.38E+08,1.78E+06,1176340,1176339,0,147850
100,1.39E+08,1.78E+06,1176368,1176368,0,150400
100,1.40E+08,1.78E+06,1176413,1176412,0,153050
100,1.46E+08,1.81E+06,1176419,1176422,0,170800
100,1.37E+08,1.78E+06,1176427,1176423,0,144000
100,1.47E+08,1.78E+06,1176432,1176432,0,176850
100,1.40E+08,1.78E+06,1176438,1176438,0,154500
100,1.39E+08,1.78E+06,1176447,1176447,0,149750
100,1.41E+08,1.78E+06,1176458,1176458,0,156300
100,1.47E+08,1.80E+06,1176466,1176466,0,176350
100,1.47E+08,1.78E+06,1176492,1176494,0,176850
100,1.41E+08,1.80E+06,1176511,1176511,0,155450
100,1.40E+08,1.78E+06,1176568,1176568,0,154750
100,1.35E+08,1.86E+06,1176617,1176617,0,138750
100,1.39E+08,1.78E+06,1176620,1176620,0,149600
100,1.41E+08,1.78E+06,1176620,1176620,0,157850
100,1.36E+08,1.78E+06,1176642,1176639,0,142000
100,1.46E+08,1.78E+06,1176657,1176657,0,171150
100,1.44E+08,1.78E+06,1176660,1176659,0,165650
100,1.39E+08,1.78E+06,1176661,1176662,0,149500
100,1.47E+08,1.78E+06,1176668,1176668,0,177150
100,1.40E+08,1.78E+06,1176674,1176674,0,154050
100,1.39E+08,1.78E+06,1176698,1176699,0,151900
100,1.43E+08,1.78E+06,1176710,1176710,0,162550
100,1.43E+08,1.78E+06,1176754,1176748,0,162150
100,1.46E+08,1.78E+06,1176767,1176765,0,170800
100,1.47E+08,1.78E+06,1176783,1176783,0,177100
100,1.39E+08,1.78E+06,1176810,1176807,0,151950
100,1.47E+08,1.78E+06,1176839,1176839,0,177750
100,1.45E+08,1.79E+06,1176845,1176845,0,169400
100,1.47E+08,1.78E+06,1176889,1176886,0,178050
100,1.40E+08,1.78E+06,1176895,1176894,0,153050
100,1.45E+08,1.80E+06,1176903,1176903,0,168900
100,1.47E+08,1.81E+06,1176930,1176930,0,177100
100,1.45E+08,1.78E+06,1176940,1176940,0,168900
100,1.47E+08,1.78E+06,1176954,1176954,0,177150
100,1.45E+08,1.78E+06,1176962,1176959,0,167500
100,1.44E+08,1.78E+06,1176981,1176979,0,165650
100,1.47E+08,1.78E+06,1176983,1176983,0,176350
100,1.45E+08,1.78E+06,1177011,1177016,0,169400
100,1.47E+08,1.78E+06,1177025,1177025,0,176350
100,1.40E+08,1.78E+06,1177030,1177030,0,154050
100,1.40E+08,1.79E+06,1177042,1177043,0,154050
100,1.46E+08,1.78E+06,1177047,1177047,0,170800
100,1.46E+08,1.78E+06,1177055,1177054,0,171150
100,1.46E+08,1.78E+06,1177067,1177067,0,173850
100,1.41E+08,1.78E+06,1177079,1177079,0,157850
100,1.36E+08,1.78E+06,1177103,1177104,0,143350
100,1.47E+08,1.79E+06,1177137,1177135,0,177100
100,1.41E+08,1.78E+06,1177160,1177160,0,156300
100,1.47E+08,1.79E+06,1177175,1177175,0,178800
100,1.44E+08,1.79E+06,1177198,1177198,0,165350
100,1.47E+08,1.78E+06,1177203,1177203,0,176350
100,1.45E+08,1.78E+06,1177230,1177233,0,169400
100,1.43E+08,1.78E+06,1177233,1177234,0,163250
100,1.39E+08,1.78E+06,1177280,1177279,0,150650
100,1.43E+08,1.78E+06,1177287,1177289,0,163600
100,1.39E+08,1.78E+06,1177292,1177290,0,151950
100,1.45E+08,1.78E+06,1177308,1177309,0,168900
100,1.41E+08,1.78E+06,1177316,1177316,0,157900
100,1.47E+08,1.78E+06,1177320,1177320,0,178900
100,1.40E+08,1.78E+06,1177333,1177333,0,154050
100,1.44E+08,1.78E+06,1177350,1177350,0,165500
100,1.43E+08,1.78E+06,1177394,1177394,0,163700
100,1.45E+08,1.78E+06,1177417,1177417,0,168900
100,1.43E+08,1.80E+06,1177422,1177423,0,162950
100,1.44E+08,1.78E+06,1177458,1177458,0,167200
100,1.47E+08,1.78E+06,1177468,1177468,0,176000
100,1.43E+08,1.78E+06,1177479,1177481,0,160450
100,1.35E+08,1.84E+06,1177500,1177500,0,138750
100,1.35E+08,1.83E+06,1177500,1177500,0,138750
100,1.36E+08,1.86E+06,1177500,1177500,0,139300
100,1.43E+08,1.78E+06,1177500,1177500,0,162650
100,1.45E+08,1.79E+06,1177512,1177511,0,169800
100,1.41E+08,1.79E+06,1177523,1177523,0,156700
100,1.45E+08,1.78E+06,1177555,1177556,0,169400
100,1.45E+08,1.78E+06,1177561,1177561,0,168750
100,1.47E+08,1.84E+06,1177578,1177578,0,176350
100,1.43E+08,1.79E+06,1177586,1177587,0,162950
100,1.46E+08,1.81E+06,1177591,1177592,0,175250
100,1.47E+08,1.78E+06,1177592,1177592,0,176350
100,1.41E+08,1.78E+06,1177600,1177601,0,156600
100,1.41E+08,1.79E+06,1177605,1177604,0,157850
100,1.44E+08,1.78E+06,1177615,1177615,0,165500
100,1.45E+08,1.78E+06,1177617,1177617,0,167500
100,1.47E+08,1.78E+06,1177640,1177640,0,177300
100,1.46E+08,1.78E+06,1177641,1177641,0,170800
100,1.45E+08,1.80E+06,1177646,1177646,0,170800
100,1.45E+08,1.78E+06,1177652,1177651,0,168650
100,1.41E+08,1.78E+06,1177653,1177653,0,157900
100,1.41E+08,1.78E+06,1177698,1177697,0,155700
100,1.46E+08,1.78E+06,1177704,1177702,0,173700
100,1.47E+08,1.78E+06,1177711,1177711,0,177300
100,1.45E+08,1.78E+06,1177738,1177738,0,168900
100,1.47E+08,1.78E+06,1177740,1177739,0,176350
100,1.43E+08,1.79E+06,1177746,1177739,0,162150
100,1.45E+08,1.78E+06,1177746,1177746,0,168750
100,1.46E+08,1.81E+06,1177764,1177765,0,171350
100,1.41E+08,1.80E+06,1177767,1177768,0,156600
100,1.46E+08,1.78E+06,1177781,1177780,0,170800
100,1.47E+08,1.78E+06,1177784,1177784,0,176000
100,1.47E+08,1.79E+06,1177822,1177821,0,178800
100,1.44E+08,1.78E+06,1177849,1177846,0,165650
100,1.46E+08,1.78E+06,1177852,1177852,0,170850
100,1.46E+08,1.78E+06,1177857,1177857,0,173700
100,1.43E+08,1.78E+06,1177875,1177875,0,163250
100,1.46E+08,1.78E+06,1177884,1177884,0,171350
100,1.40E+08,1.79E+06,1177938,1177938,0,152950
100,1.43E+08,1.78E+06,1177945,1177947,0,162950
100,1.47E+08,1.78E+06,1177948,1177948,0,178800
100,1.46E+08,1.78E+06,1177952,1177953,0,173850
100,1.40E+08,1.78E+06,1177974,1177968,0,154050
100,1.37E+08,1.78E+06,1177996,1177997,0,143900
100,1.45E+08,1.78E+06,1178019,1178017,0,168900
100,1.47E+08,1.78E+06,1178024,1178024,0,178400
100,1.43E+08,1.79E+06,1178040,1178040,0,162150
100,1.43E+08,1.79E+06,1178091,1178091,0,163250
100,1.39E+08,1.78E+06,1178162,1178163,0,149500
100,1.47E+08,1.78E+06,1178186,1178186,0,178050
100,1.45E+08,1.78E+06,1178196,1178196,0,167500
100,1.40E+08,1.78E+06,1178212,1178215,0,152300
100,1.44E+08,1.78E+06,1178222,1178220,0,165650
100,1.43E+08,1.78E+06,1178259,1178259,0,160050
100,1.47E+08,1.78E+06,1178295,1178294,0,176350
100,1.44E+08,1.78E+06,1178306,1178306,0,165500
100,1.36E+08,1.78E+06,1178315,1178315,0,143350
100,1.40E+08,1.78E+06,1178328,1178327,0,154050
100,1.44E+08,1.78E+06,1178336,1178336,0,167200
100,1.47E+08,1.78E+06,1178341,1178341,0,176350
100,1.45E+08,1.78E+06,1178342,1178340,0,169400
100,1.47E+08,1.78E+06,1178384,1178384,0,177000
100,1.46E+08,1.80E+06,1178423,1178423,0,171350
100,1.43E+08,1.78E+06,1178424,1178424,0,163600
100,1.47E+08,1.78E+06,1178425,1178426,0,177300
100,1.47E+08,1.78E+06,1178437,1178437,0,177300
100,1.40E+08,1.78E+06,1178438,1178437,0,154300
100,1.46E+08,1.79E+06,1178445,1178445,0,174850
100,1.47E+08,1.78E+06,1178448,1178447,0,177750
100,1.47E+08,1.78E+06,1178449,1178449,0,176350
100,1.47E+08,1.78E+06,1178449,1178449,0,178800
100,1.47E+08,1.78E+06,1178465,1178466,0,178400
100,1.46E+08,1.78E+06,1178480,1178478,0,175250
100,1.44E+08,1.79E+06,1178488,1178488,0,167400
100,1.36E+08,1.78E+06,1178513,1178514,0,139750
100,1.43E+08,1.78E+06,1178514,1178514,0,162650
100,1.45E+08,1.78E+06,1178525,1178525,0,168700
100,1.47E+08,1.78E+06,1178530,1178531,0,177100
100,1.47E+08,1.78E+06,1178530,1178530,0,178050
100,1.40E+08,1.78E+06,1178534,1178535,0,152200
100,1.46E+08,1.78E+06,1178536,1178536,0,175250
100,1.45E+08,1.83E+06,1178567,1178568,0,168750
100,1.47E+08,1.78E+06,1178577,1178577,0,177300
100,1.40E+08,1.78E+06,1178612,1178612,0,154200
100,1.47E+08,1.80E+06,1178615,1178615,0,178250
100,1.41E+08,1.78E+06,1178626,1178626,0,156700
100,1.45E+08,1.78E+06,1178635,1178637,0,169400
100,1.47E+08,1.78E+06,1178638,1178636,0,178900
100,1.47E+08,1.80E+06,1178648,1178649,0,178800
100,1.40E+08,1.78E+06,1178687,1178687,0,154300
100,1.47E+08,1.78E+06,1178691,1178691,0,176000
100,1.41E+08,1.78E+06,1178695,1178693,0,157900
100,1.46E+08,1.78E+06,1178708,1178708,0,175250
100,1.47E+08,1.78E+06,1178756,1178756,0,176850
100,1.43E+08,1.78E+06,1178778,1178780,0,161400
100,1.47E+08,1.79E+06,1178781,1178781,0,178800
100,1.47E+08,1.79E+06,1178787,1178787,0,178250
100,1.47E+08,1.79E+06,1178818,1178817,0,176350
100,1.41E+08,1.78E+06,1178819,1178815,0,156300
100,1.42E+08,1.78E+06,1178825,1178825,0,158900
100,1.46E+08,1.78E+06,1178861,1178860,0,173850
100,1.39E+08,1.78E+06,1178887,1178890,0,150150
100,1.46E+08,1.78E+06,1178889,1178887,0,175250
100,1.46E+08,1.78E+06,1178917,1178917,0,173850
100,1.42E+08,1.79E+06,1178921,1178919,0,159600
100,1.45E+08,1.80E+06,1178925,1178926,0,168750
100,1.47E+08,1.78E+06,1178936,1178935,0,178800
100,1.43E+08,1.78E+06,1178946,1178945,0,162150
100,1.40E+08,1.78E+06,1178947,1178945,0,153750
100,1.43E+08,1.79E+06,1178957,1178958,0,163250
100,1.43E+08,1.78E+06,1178968,1178968,0,162950
100,1.47E+08,1.78E+06,1178973,1178974,0,177400
100,1.47E+08,1.78E+06,1178979,1178974,0,178900
100,1.36E+08,1.78E+06,1179000,1179000,0,139750
100,1.45E+08,1.79E+06,1179008,1179008,0,168650
100,1.45E+08,1.78E+06,1179008,1179009,0,168700
100,1.41E+08,1.78E+06,1179039,1179039,0,156300
100,1.47E+08,1.78E+06,1179043,1179045,0,177300
100,1.47E+08,1.78E+06,1179080,1179080,0,176850
100,1.43E+08,1.78E+06,1179083,1179083,0,163550
100,1.46E+08,1.79E+06,1179122,1179122,0,173850
100,1.41E+08,1.78E+06,1179170,1179171,0,156600
100,1.47E+08,1.78E+06,1179238,1179238,0,178400
100,1.45E+08,1.78E+06,1179248,1179248,0,169400
100,1.43E+08,1.78E+06,1179271,1179271,0,163250
100,1.47E+08,1.78E+06,1179275,1179273,0,178800
100,1.47E+08,1.78E+06,1179277,1179276,0,176350
100,1.47E+08,1.78E+06,1179299,1179297,0,176000
100,1.46E+08,1.78E+06,1179316,1179315,0,170800
100,1.44E+08,1.78E+06,1179321,1179320,0,165350
100,1.47E+08,1.78E+06,1179323,1179323,0,178250
100,1.40E+08,1.78E+06,1179326,1179326,0,155250
100,1.36E+08,1.78E+06,1179338,1179339,0,141000
100,1.40E+08,1.78E+06,1179344,1179345,0,154050
100,1.46E+08,1.78E+06,1179346,1179346,0,170800
100,1.47E+08,1.79E+06,1179359,1179359,0,178900
100,1.39E+08,1.78E+06,1179375,1179375,0,149600
100,1.42E+08,1.78E+06,1179386,1179386,0,158900
100,1.45E+08,1.78E+06,1179404,1179404,0,168900
100,1.45E+08,1.78E+06,1179443,1179441,0,169400
100,1.36E+08,1.78E+06,1179464,1179464,0,139750
100,1.43E+08,1.78E+06,1179471,1179467,0,163550
100,1.47E+08,1.79E+06,1179514,1179515,0,177400
100,1.45E+08,1.78E+06,1179537,1179537,0,170800
100,1.47E+08,1.78E+06,1179541,1179542,0,177750
100,1.43E+08,1.78E+06,1179568,1179568,0,160800
100,1.47E+08,1.79E+06,1179576,1179577,0,178400
100,1.47E+08,1.79E+06,1179579,1179582,0,177300
100,1.47E+08,1.78E+06,1179585,1179585,0,178400
100,1.41E+08,1.78E+06,1179587,1179587,0,156600
100,1.45E+08,1.78E+06,1179595,1179585,0,168900
100,1.47E+08,1.78E+06,1179636,1179636,0,177300
100,1.47E+08,1.78E+06,1179663,1179653,0,178800
100,1.45E+08,1.78E+06,1179672,1179672,0,168900
100,1.46E+08,1.78E+06,1179672,1179672,0,170850
100,1.47E+08,1.78E+06,1179726,1179727,0,178400
100,1.43E+08,1.79E+06,1179748,1179751,0,160800
100,1.47E+08,1.80E+06,1179778,1179779,0,177400
100,1.39E+08,1.79E+06,1179786,1179786,0,149500
100,1.45E+08,1.78E+06,1179791,1179791,0,169800
100,1.39E+08,1.78E+06,1179794,1179795,0,149500
100,1.39E+08,1.78E+06,1179808,1179808,0,150650
100,1.47E+08,1.78E+06,1179846,1179847,0,177750
100,1.38E+08,1.79E+06,1179850,1179850,0,147200
100,1.43E+08,1.78E+06,1179910,1179911,0,163550
100,1.40E+08,1.78E+06,1179928,1179927,0,154300
100,1.47E+08,1.78E+06,1179936,1179936,0,176000
100,1.43E+08,1.79E+06,1179938,1179935,0,163250
100,1.40E+08,1.78E+06,1179940,1179938,0,154300
100,1.36E+08,1.78E+06,1179947,1179946,0,142000
100,1.47E+08,1.79E+06,1179963,1179964,0,176850
100,1.39E+08,1.78E+06,1179969,1179969,0,150150
100,1.35E+08,1.89E+06,1179999,1179994,0,138950
100,1.35E+08,1.88E+06,1180000,1180000,0,138750
100,1.35E+08,1.83E+06,1180000,1180000,0,138950
100,1.35E+08,1.85E+06,1180000,1180000,0,138950
100,1.40E+08,1.78E+06,1180000,1180000,0,153750
100,1.43E+08,1.78E+06,1180000,1180000,0,160250
100,1.43E+08,1.78E+06,1180000,1180001,0,163700
100,1.47E+08,1.78E+06,1180036,1180035,0,177750
100,1.40E+08,1.78E+06,1180058,1180057,0,153500
100,1.39E+08,1.78E+06,1180066,1180066,0,150150
100,1.45E+08,1.78E+06,1180085,1180085,0,168650
100,1.47E+08,1.78E+06,1180099,1180096,0,178050
100,1.46E+08,1.78E+06,1180100,1180100,0,173850
100,1.40E+08,1.78E+06,1180119,1180119,0,154300
100,1.36E+08,1.78E+06,1180126,1180126,0,141300
100,1.41E+08,1.78E+06,1180134,1180134,0,157850
100,1.45E+08,1.78E+06,1180153,1180153,0,169400
100,1.43E+08,1.78E+06,1180175,1180174,0,160250
100,1.45E+08,1.78E+06,1180183,1180182,0,168650
100,1.44E+08,1.78E+06,1180187,1180187,0,165350
100,1.45E+08,1.78E+06,1180201,1180202,0,168900
100,1.44E+08,1.78E+06,1180202,1180202,0,165650
100,1.42E+08,1.78E+06,1180222,1180223,0,158900
100,1.47E+08,1.78E+06,1180231,1180231,0,176850
100,1.47E+08,1.78E+06,1180237,1180237,0,178800
100,1.47E+08,1.79E+06,1180246,1180246,0,176000
100,1.39E+08,1.78E+06,1180250,1180250,0,151900
100,1.46E+08,1.78E+06,1180275,1180276,0,175250
100,1.47E+08,1.78E+06,1180310,1180312,0,176850
100,1.45E+08,1.78E+06,1180327,1180326,0,169400
100,1.47E+08,1.79E+06,1180331,1180332,0,176850
100,1.44E+08,1.78E+06,1180351,1180351,0,163900
100,1.47E+08,1.78E+06,1180405,1180405,0,178050
100,1.40E+08,1.78E+06,1180417,1180420,0,152300
100,1.43E+08,1.78E+06,1180418,1180413,0,162550
100,1.41E+08,1.78E+06,1180424,1180423,0,157900
100,1.47E+08,1.79E+06,1180440,1180440,0,177750
100,1.43E+08,1.78E+06,1180441,1180443,0,163250
100,1.36E+08,1.78E+06,1180453,1180454,0,139750
100,1.46E+08,1.78E+06,1180459,1180459,0,170800
100,1.47E+08,1.81E+06,1180483,1180485,0,176350
100,1.40E+08,1.78E+06,1180484,1180484,0,154050
100,1.46E+08,1.78E+06,1180536,1180536,0,170850
100,1.46E+08,1.79E+06,1180553,1180553,0,173200
100,1.44E+08,1.79E+06,1180560,1180560,0,167200
100,1.47E+08,1.79E+06,1180573,1180573,0,176000
100,1.45E+08,1.80E+06,1180588,1180587,0,168650
100,1.47E+08,1.78E+06,1180630,1180631,0,176350
100,1.43E+08,1.79E+06,1180655,1180655,0,160800
100,1.47E+08,1.78E+06,1180670,1180670,0,178800
100,1.45E+08,1.78E+06,1180680,1180680,0,168650
100,1.47E+08,1.79E+06,1180691,1180692,0,178250
100,1.47E+08,1.78E+06,1180721,1180719,0,178050
100,1.46E+08,1.78E+06,1180728,1180728,0,170850
100,1.42E+08,1.78E+06,1180743,1180743,0,159600
100,1.47E+08,1.78E+06,1180747,1180747,0,177150
100,1.47E+08,1.78E+06,1180769,1180767,0,178050
100,1.46E+08,1.79E+06,1180771,1180773,0,170800
100,1.37E+08,1.78E+06,1180772,1180774,0,143900
100,1.47E+08,1.78E+06,1180784,1180784,0,177750
100,1.39E+08,1.78E+06,1180787,1180787,0,149500
100,1.47E+08,1.78E+06,1180791,1180791,0,176200
100,1.47E+08,1.78E+06,1180800,1180800,0,176000
100,1.47E+08,1.78E+06,1180823,1180823,0,177300
100,1.40E+08,1.78E+06,1180830,1180831,0,154050
100,1.44E+08,1.78E+06,1180834,1180837,0,165500
100,1.44E+08,1.79E+06,1180846,1180846,0,165350
100,1.47E+08,1.78E+06,1180858,1180856,0,178400
100,1.47E+08,1.78E+06,1180864,1180864,0,176350
100,1.43E+08,1.80E+06,1180878,1180877,0,162150
100,1.47E+08,1.80E+06,1180879,1180876,0,178900
100,1.39E+08,1.78E+06,1180885,1180881,0,149600
100,1.47E+08,1.78E+06,1180898,1180899,0,177400
100,1.47E+08,1.78E+06,1180903,1180903,0,176350
100,1.43E+08,1.78E+06,1180913,1180913,0,160800
100,1.44E+08,1.78E+06,1180922,1180924,0,165500
100,1.45E+08,1.78E+06,1180925,1180924,0,168650
100,1.45E+08,1.78E+06,1181054,1181054,0,168650
100,1.43E+08,1.81E+06,1181077,1181078,0,162950
100,1.40E+08,1.78E+06,1181090,1181090,0,154050
100,1.39E+08,1.78E+06,1181107,1181108,0,150400
100,1.45E+08,1.79E+06,1181131,1181131,0,169400
100,1.40E+08,1.78E+06,1181135,1181137,0,154050
100,1.39E+08,1.78E+06,1181143,1181140,0,149750
100,1.42E+08,1.78E+06,1181143,1181145,0,158900
100,1.46E+08,1.78E+06,1181176,1181174,0,170850
100,1.44E+08,1.78E+06,1181194,1181192,0,165350
100,1.47E+08,1.78E+06,1181196,1181195,0,177300
100,1.45E+08,1.78E+06,1181198,1181202,0,168900
100,1.45E+08,1.78E+06,1181202,1181199,0,168650
100,1.40E+08,1.78E+06,1181271,1181271,0,153200
100,1.40E+08,1.79E+06,1181272,1181272,0,152950
100,1.47E+08,1.78E+06,1181283,1181283,0,178050
100,1.45E+08,1.78E+06,1181287,1181288,0,168750
100,1.40E+08,1.78E+06,1181294,1181298,0,154300
100,1.45E+08,1.78E+06,1181320,1181319,0,169400
100,1.41E+08,1.78E+06,1181323,1181323,0,156300
100,1.45E+08,1.78E+06,1181389,1181390,0,167650
100,1.36E+08,1.78E+06,1181393,1181393,0,143350
100,1.43E+08,1.78E+06,1181438,1181437,0,163250
100,1.47E+08,1.78E+06,1181486,1181485,0,178800
100,1.46E+08,1.78E+06,1181502,1181502,0,171150
100,1.40E+08,1.78E+06,1181516,1181515,0,153500
100,1.46E+08,1.78E+06,1181541,1181542,0,175250
100,1.40E+08,1.78E+06,1181553,1181554,0,154050
100,1.41E+08,1.78E+06,1181572,1181571,0,156000
100,1.42E+08,1.79E+06,1181576,1181576,0,158900
100,1.39E+08,1.78E+06,1181593,1181593,0,149600
100,1.38E+08,1.78E+06,1181597,1181597,0,147200
100,1.47E+08,1.78E+06,1181636,1181635,0,178800
100,1.46E+08,1.78E+06,1181649,1181646,0,173200
100,1.46E+08,1.78E+06,1181666,1181666,0,170800
100,1.47E+08,1.79E+06,1181688,1181688,0,177100
100,1.40E+08,1.78E+06,1181695,1181695,0,153500
100,1.41E+08,1.78E+06,1181700,1181700,0,155450
100,1.47E+08,1.78E+06,1181747,1181745,0,178800
100,1.40E+08,1.78E+06,1181779,1181779,0,152950
100,1.43E+08,1.81E+06,1181780,1181774,0,160800
100,1.43E+08,1.78E+06,1181785,1181786,0,162950
100,1.47E+08,1.78E+06,1181809,1181809,0,178050
100,1.46E+08,1.78E+06,1181816,1181819,0,173850
100,1.39E+08,1.78E+06,1181820,1181816,0,150650
100,1.43E+08,1.79E+06,1181826,1181826,0,163250
100,1.47E+08,1.78E+06,1181871,1181871,0,178400
100,1.47E+08,1.78E+06,1181876,1181877,0,178800
100,1.47E+08,1.78E+06,1181878,1181878,0,178800
100,1.46E+08,1.79E+06,1181880,1181881,0,175250
100,1.39E+08,1.78E+06,1181882,1181883,0,150150
100,1.40E+08,1.78E+06,1181884,1181884,0,153750
100,1.47E+08,1.79E+06,1181896,1181898,0,176200
100,1.41E+08,1.78E+06,1181906,1181901,0,157900
100,1.44E+08,1.78E+06,1181906,1181906,0,165650
100,1.46E+08,1.78E+06,1181907,1181907,0,170800
100,1.46E+08,1.78E+06,1181911,1181911,0,170800
100,1.45E+08,1.78E+06,1181917,1181918,0,168900
100,1.47E+08,1.78E+06,1181919,1181917,0,178050
100,1.45E+08,1.78E+06,1181950,1181954,0,168750
100,1.41E+08,1.79E+06,1181953,1181953,0,157900
100,1.43E+08,1.78E+06,1181963,1181963,0,160050
100,1.45E+08,1.80E+06,1181981,1181981,0,168700
100,1.43E+08,1.79E+06,1182063,1182065,0,160800
100,1.47E+08,1.78E+06,1182126,1182125,0,176350
100,1.46E+08,1.78E+06,1182128,1182129,0,175250
100,1.46E+08,1.78E+06,1182130,1182130,0,171350
100,1.44E+08,1.78E+06,1182133,1182128,0,167400
100,1.47E+08,1.80E+06,1182138,1182128,0,176000
100,1.45E+08,1.78E+06,1182174,1182173,0,169400
100,1.40E+08,1.79E+06,1182206,1182206,0,154050
100,1.47E+08,1.78E+06,1182210,1182209,0,178900
100,1.47E+08,1.78E+06,1182213,1182209,0,177100
100,1.39E+08,1.78E+06,1182277,1182275,0,151950
100,1.47E+08,1.78E+06,1182295,1182294,0,176850
100,1.43E+08,1.78E+06,1182313,1182313,0,162950
100,1.47E+08,1.78E+06,1182351,1182351,0,178800
100,1.46E+08,1.78E+06,1182387,1182385,0,171150
100,1.47E+08,1.78E+06,1182394,1182395,0,176350
100,1.45E+08,1.82E+06,1182412,1182411,0,168900
100,1.46E+08,1.80E+06,1182412,1182412,0,173850
100,1.47E+08,1.78E+06,1182412,1182412,0,176000
100,1.46E+08,1.79E+06,1182430,1182430,0,170800
100,1.45E+08,1.78E+06,1182434,1182437,0,170800
100,1.45E+08,1.78E+06,1182451,1182451,0,169400
100,1.47E+08,1.78E+06,1182459,1182458,0,177100
100,1.41E+08,1.78E+06,1182475,1182477,0,156400
100,1.44E+08,1.78E+06,1182484,1182484,0,167200
100,1.46E+08,1.78E+06,1182525,1182525,0,170800
100,1.40E+08,1.78E+06,1182534,1182531,0,154050
100,1.47E+08,1.78E+06,1182550,1182545,0,178400
100,1.46E+08,1.79E+06,1182560,1182560,0,171350
100,1.41E+08,1.78E+06,1182561,1182561,0,157350
100,1.43E+08,1.79E+06,1182562,1182565,0,160050
100,1.47E+08,1.78E+06,1182594,1182597,0,178800
100,1.38E+08,1.78E+06,1182616,1182612,0,147200
100,1.45E+08,1.78E+06,1182633,1182631,0,168900
100,1.47E+08,1.78E+06,1182655,1182654,0,176350
100,1.45E+08,1.78E+06,1182659,1182660,0,168900
100,1.47E+08,1.78E+06,1182673,1182670,0,177300
100,1.36E+08,1.78E+06,1182676,1182677,0,140450
100,1.47E+08,1.78E+06,1182676,1182676,0,178800
100,1.47E+08,1.79E+06,1182679,1182679,0,176850
100,1.39E+08,1.78E+06,1182708,1182708,0,149500
100,1.40E+08,1.78E+06,1182748,1182748,0,153350
100,1.47E+08,1.78E+06,1182764,1182765,0,178400
100,1.46E+08,1.79E+06,1182766,1182766,0,175250
100,1.45E+08,1.78E+06,1182768,1182768,0,168750
100,1.44E+08,1.78E+06,1182778,1182775,0,165350
100,1.40E+08,1.78E+06,1182791,1182791,0,154650
100,1.45E+08,1.78E+06,1182792,1182793,0,169400
100,1.47E+08,1.78E+06,1182793,1182793,0,177100
100,1.43E+08,1.79E+06,1182800,1182800,0,162550
100,1.47E+08,1.81E+06,1182808,1182809,0,177400
100,1.39E+08,1.79E+06,1182816,1182816,0,149600
100,1.46E+08,1.78E+06,1182826,1182826,0,173700
100,1.47E+08,1.79E+06,1182835,1182835,0,178800
100,1.39E+08,1.78E+06,1182879,1182879,0,150400
100,1.46E+08,1.78E+06,1182897,1182893,0,175250
100,1.47E+08,1.78E+06,1182904,1182903,0,177400
100,1.47E+08,1.78E+06,1182905,1182906,0,176000
100,1.44E+08,1.78E+06,1182933,1182933,0,165350
100,1.45E+08,1.78E+06,1182956,1182955,0,170700
100,1.40E+08,1.78E+06,1182962,1182958,0,152950
100,1.40E+08,1.78E+06,1182963,1182963,0,152950
100,1.46E+08,1.78E+06,1182970,1182970,0,175250
100,1.45E+08,1.78E+06,1182977,1182979,0,168750
100,1.45E+08,1.78E+06,1183019,1183019,0,169400
100,1.46E+08,1.78E+06,1183026,1183026,0,171350
100,1.45E+08,1.80E+06,1183051,1183051,0,168700
100,1.47E+08,1.79E+06,1183068,1183069,0,177750
100,1.47E+08,1.78E+06,1183096,1183094,0,178800
100,1.45E+08,1.80E+06,1183187,1183192,0,170800
100,1.40E+08,1.78E+06,1183220,1183220,0,155250
100,1.41E+08,1.78E+06,1183229,1183229,0,157900
100,1.36E+08,1.78E+06,1183258,1183258,0,140450
100,1.44E+08,1.79E+06,1183278,1183277,0,165650
100,1.46E+08,1.78E+06,1183284,1183284,0,175250
100,1.39E+08,1.78E+06,1183285,1183285,0,150150
100,1.45E+08,1.78E+06,1183305,1183306,0,168750
100,1.45E+08,1.79E+06,1183328,1183328,0,168750
100,1.43E+08,1.78E+06,1183332,1183328,0,163550
100,1.46E+08,1.78E+06,1183340,1183339,0,175250
100,1.47E+08,1.79E+06,1183356,1183356,0,177300
100,1.40E+08,1.78E+06,1183375,1183375,0,154050
100,1.46E+08,1.80E+06,1183413,1183413,0,175250
100,1.45E+08,1.78E+06,1183424,1183420,0,169400
100,1.41E+08,1.78E+06,1183425,1183425,0,157850
100,1.47E+08,1.80E+06,1183425,1183425,0,178800
100,1.45E+08,1.78E+06,1183448,1183448,0,168650
100,1.47E+08,1.78E+06,1183458,1183460,0,176000
100,1.46E+08,1.78E+06,1183460,1183460,0,170800
100,1.46E+08,1.78E+06,1183489,1183488,0,173850
100,1.36E+08,1.78E+06,1183511,1183511,0,141300
100,1.41E+08,1.78E+06,1183531,1183530,0,157350
100,1.45E+08,1.78E+06,1183538,1183538,0,169400
100,1.47E+08,1.78E+06,1183579,1183583,0,178800
100,1.39E+08,1.78E+06,1183608,1183608,0,151950
100,1.36E+08,1.78E+06,1183609,1183609,0,140450
100,1.41E+08,1.78E+06,1183620,1183620,0,156000
100,1.47E+08,1.78E+06,1183623,1183621,0,177150
100,1.47E+08,1.78E+06,1183645,1183645,0,177300
100,1.47E+08,1.78E+06,1183661,1183660,0,178800
100,1.47E+08,1.78E+06,1183665,1183664,0,177750
100,1.41E+08,1.78E+06,1183668,1183666,0,156000
100,1.39E+08,1.80E+06,1183701,1183704,0,149500
100,1.47E+08,1.78E+06,1183751,1183752,0,177300
100,1.41E+08,1.78E+06,1183795,1183795,0,155800
100,1.46E+08,1.78E+06,1183802,1183803,0,170800
100,1.45E+08,1.78E+06,1183826,1183826,0,168650
100,1.45E+08,1.78E+06,1183838,1183836,0,168750
100,1.45E+08,1.78E+06,1183853,1183853,0,168700
100,1.43E+08,1.78E+06,1183859,1183859,0,163250
100,1.39E+08,1.79E+06,1183884,1183885,0,151900
100,1.46E+08,1.78E+06,1183886,1183886,0,173850
100,1.46E+08,1.78E+06,1183892,1183892,0,170850
100,1.46E+08,1.78E+06,1183895,1183898,0,172050
100,1.40E+08,1.78E+06,1183941,1183941,0,154050
100,1.47E+08,1.78E+06,1183993,1183997,0,178400
100,1.44E+08,1.79E+06,1184005,1184007,0,165500
100,1.47E+08,1.78E+06,1184045,1184041,0,177100
100,1.47E+08,1.78E+06,1184069,1184066,0,178400
100,1.47E+08,1.79E+06,1184096,1184098,0,178800
100,1.46E+08,1.78E+06,1184097,1184097,0,173850
100,1.47E+08,1.78E+06,1184110,1184110,0,177100
100,1.45E+08,1.78E+06,1184136,1184135,0,168750
100,1.47E+08,1.79E+06,1184150,1184150,0,177100
100,1.36E+08,1.78E+06,1184151,1184151,0,140450
100,1.47E+08,1.78E+06,1184152,1184152,0,177300
100,1.45E+08,1.78E+06,1184158,1184156,0,169400
100,1.47E+08,1.78E+06,1184264,1184263,0,177300
100,1.46E+08,1.78E+06,1184281,1184280,0,173850
100,1.47E+08,1.81E+06,1184297,1184298,0,176850
100,1.45E+08,1.78E+06,1184315,1184316,0,167650
100,1.46E+08,1.78E+06,1184321,1184321,0,175250
100,1.47E+08,1.78E+06,1184327,1184326,0,178800
100,1.44E+08,1.78E+06,1184334,1184336,0,165500
100,1.43E+08,1.78E+06,1184350,1184350,0,163550
100,1.47E+08,1.78E+06,1184352,1184350,0,177300
100,1.47E+08,1.78E+06,1184359,1184359,0,178400
100,1.47E+08,1.78E+06,1184365,1184363,0,177300
100,1.47E+08,1.78E+06,1184380,1184375,0,177100
100,1.47E+08,1.80E+06,1184430,1184431,0,178800
100,1.40E+08,1.78E+06,1184444,1184444,0,153350
100,1.40E+08,1.78E+06,1184452,1184452,0,153200
100,1.41E+08,1.78E+06,1184459,1184458,0,157900
100,1.42E+08,1.80E+06,1184467,1184469,0,158900
100,1.45E+08,1.78E+06,1184474,1184476,0,170800
100,1.41E+08,1.78E+06,1184479,1184479,0,157850
100,1.47E+08,1.78E+06,1184485,1184485,0,176350
100,1.45E+08,1.78E+06,1184492,1184493,0,168700
100,1.46E+08,1.78E+06,1184499,1184498,0,173850
100,1.45E+08,1.78E+06,1184519,1184519,0,170800
100,1.41E+08,1.78E+06,1184536,1184534,0,156000
100,1.47E+08,1.78E+06,1184570,1184570,0,177100
100,1.39E+08,1.78E+06,1184572,1184570,0,149600
100,1.47E+08,1.79E+06,1184576,1184576,0,177400
100,1.41E+08,1.79E+06,1184610,1184610,0,155450
100,1.43E+08,1.78E+06,1184662,1184662,0,163700
100,1.45E+08,1.78E+06,1184689,1184693,0,169800
100,1.46E+08,1.79E+06,1184696,1184694,0,173850
100,1.47E+08,1.80E+06,1184705,1184705,0,177300
100,1.45E+08,1.78E+06,1184718,1184719,0,168750
100,1.36E+08,1.78E+06,1184726,1184726,0,141000
100,1.43E+08,1.78E+06,1184729,1184725,0,163550
100,1.45E+08,1.78E+06,1184770,1184772,0,169400
100,1.45E+08,1.78E+06,1184771,1184766,0,169800
100,1.47E+08,1.78E+06,1184783,1184782,0,176850
100,1.38E+08,1.78E+06,1184804,1184804,0,147200
100,1.45E+08,1.78E+06,1184805,1184805,0,169800
100,1.46E+08,1.78E+06,1184826,1184828,0,170800
100,1.39E+08,1.78E+06,1184841,1184840,0,149500
100,1.46E+08,1.78E+06,1184856,1184855,0,170800
100,1.41E+08,1.78E+06,1184895,1184893,0,156700
100,1.46E+08,1.80E+06,1184926,1184925,0,173200
100,1.41E+08,1.78E+06,1184945,1184942,0,156700
100,1.45E+08,1.78E+06,1184950,1184950,0,168650
100,1.45E+08,1.78E+06,1184971,1184970,0,169800
100,1.36E+08,1.78E+06,1184980,1184980,0,142000
100,1.39E+08,1.78E+06,1184994,1184994,0,151950
100,1.43E+08,1.78E+06,1184996,1184997,0,163550
100,1.36E+08,1.78E+06,1185000,1185000,0,140450
100,1.36E+08,1.78E+06,1185000,1185000,0,140450
100,1.36E+08,1.78E+06,1185000,1185000,0,141000
100,1.36E+08,1.78E+06,1185000,1184999,0,141000
100,1.36E+08,1.79E+06,1185000,1185000,0,141000
100,1.40E+08,1.78E+06,1185003,1185003,0,153200
100,1.47E+08,1.78E+06,1185038,1185037,0,178800
100,1.41E+08,1.79E+06,1185089,1185089,0,156600
100,1.41E+08,1.78E+06,1185101,1185101,0,155600
100,1.47E+08,1.78E+06,1185129,1185129,0,178050
100,1.45E+08,1.78E+06,1185148,1185148,0,169400
100,1.47E+08,1.78E+06,1185166,1185169,0,177150
100,1.46E+08,1.78E+06,1185172,1185172,0,173850
100,1.44E+08,1.78E+06,1185189,1185189,0,167200
100,1.43E+08,1.78E+06,1185199,1185199,0,162950
100,1.45E+08,1.78E+06,1185206,1185205,0,168650
100,1.46E+08,1.79E+06,1185216,1185217,0,170800
100,1.47E+08,1.78E+06,1185244,1185246,0,177750
100,1.47E+08,1.78E+06,1185248,1185248,0,177100
100,1.39E+08,1.78E+06,1185264,1185264,0,151900
100,1.40E+08,1.78E+06,1185270,1185270,0,154300
100,1.46E+08,1.80E+06,1185272,1185276,0,171350
100,1.47E+08,1.78E+06,1185277,1185278,0,178400
100,1.38E+08,1.78E+06,1185296,1185296,0,147200
100,1.47E+08,1.78E+06,1185298,1185298,0,178250
100,1.46E+08,1.80E+06,1185352,1185355,0,173000
100,1.47E+08,1.78E+06,1185379,1185379,0,178900
100,1.43E+08,1.78E+06,1185383,1185375,0,163550
100,1.43E+08,1.78E+06,1185384,1185384,0,163550
100,1.43E+08,1.78E+06,1185412,1185412,0,163550
100,1.47E+08,1.78E+06,1185429,1185429,0,177400
100,1.43E+08,1.78E+06,1185439,1185440,0,161400
100,1.42E+08,1.78E+06,1185450,1185451,0,158900
100,1.41E+08,1.78E+06,1185452,1185454,0,156400
100,1.45E+08,1.78E+06,1185455,1185456,0,168900
100,1.47E+08,1.78E+06,1185459,1185458,0,177300
100,1.43E+08,1.78E+06,1185462,1185462,0,161400
100,1.45E+08,1.78E+06,1185465,1185465,0,168750
100,1.47E+08,1.78E+06,1185467,1185467,0,177300
100,1.41E+08,1.78E+06,1185481,1185481,0,157850
100,1.45E+08,1.79E+06,1185489,1185489,0,169400
100,1.47E+08,1.78E+06,1185502,1185503,0,176850
100,1.47E+08,1.78E+06,1185507,1185507,0,177300
100,1.45E+08,1.79E+06,1185509,1185511,0,169400
100,1.47E+08,1.78E+06,1185527,1185522,0,177750
100,1.45E+08,1.79E+06,1185553,1185549,0,169400
100,1.47E+08,1.79E+06,1185590,1185592,0,177150
100,1.40E+08,1.78E+06,1185596,1185596,0,153050
100,1.47E+08,1.78E+06,1185612,1185612,0,176000
100,1.46E+08,1.78E+06,1185615,1185613,0,175250
100,1.45E+08,1.78E+06,1185629,1185629,0,168750
100,1.47E+08,1.79E+06,1185670,1185672,0,177400
100,1.44E+08,1.78E+06,1185687,1185687,0,167400
100,1.46E+08,1.78E+06,1185688,1185689,0,175250
100,1.43E+08,1.80E+06,1185710,1185712,0,163200
100,1.44E+08,1.78E+06,1185723,1185723,0,163900
100,1.46E+08,1.78E+06,1185820,1185820,0,175250
100,1.39E+08,1.79E+06,1185824,1185823,0,151950
100,1.41E+08,1.78E+06,1185832,1185834,0,155700
100,1.47E+08,1.79E+06,1185840,1185840,0,178800
100,1.47E+08,1.78E+06,1185865,1185865,0,178800
100,1.47E+08,1.78E+06,1185870,1185870,0,178250
100,1.40E+08,1.79E+06,1185873,1185874,0,154300
100,1.44E+08,1.78E+06,1185890,1185888,0,165350
100,1.47E+08,1.78E+06,1185894,1185894,0,178800
100,1.39E+08,1.78E+06,1185907,1185901,0,151950
100,1.41E+08,1.78E+06,1185921,1185922,0,156600
100,1.47E+08,1.79E+06,1185931,1185931,0,176200
100,1.43E+08,1.78E+06,1185965,1185962,0,160050
100,1.47E+08,1.79E+06,1185973,1185973,0,178400
100,1.45E+08,1.79E+06,1185980,1185980,0,169400
100,1.45E+08,1.78E+06,1186001,1186001,0,169800
100,1.40E+08,1.78E+06,1186010,1186011,0,154300
100,1.40E+08,1.78E+06,1186023,1186023,0,153500
100,1.47E+08,1.78E+06,1186052,1186051,0,176350
100,1.41E+08,1.79E+06,1186053,1186053,0,156600
100,1.47E+08,1.78E+06,1186056,1186056,0,176000
100,1.47E+08,1.78E+06,1186096,1186096,0,177400
100,1.47E+08,1.78E+06,1186116,1186116,0,176000
100,1.40E+08,1.78E+06,1186124,1186124,0,154050
100,1.44E+08,1.78E+06,1186135,1186137,0,167200
100,1.45E+08,1.78E+06,1186145,1186145,0,167500
100,1.41E+08,1.78E+06,1186154,1186155,0,157850
100,1.45E+08,1.79E+06,1186163,1186163,0,167650
100,1.47E+08,1.78E+06,1186168,1186168,0,176000
100,1.45E+08,1.78E+06,1186179,1186179,0,168650
100,1.47E+08,1.78E+06,1186186,1186186,0,176200
100,1.47E+08,1.78E+06,1186219,1186216,0,177750
100,1.47E+08,1.78E+06,1186224,1186226,0,176000
100,1.41E+08,1.78E+06,1186229,1186230,0,157850
100,1.44E+08,1.78E+06,1186243,1186241,0,167400
100,1.39E+08,1.78E+06,1186244,1186244,0,150400
100,1.43E+08,1.78E+06,1186269,1186269,0,162950
100,1.38E+08,1.78E+06,1186275,1186275,0,147200
100,1.47E+08,1.78E+06,1186288,1186283,0,178800
100,1.40E+08,1.78E+06,1186311,1186310,0,154050
100,1.46E+08,1.78E+06,1186322,1186322,0,175250
100,1.46E+08,1.80E+06,1186388,1186388,0,173200
100,1.46E+08,1.80E+06,1186391,1186391,0,172050
100,1.43E+08,1.78E+06,1186423,1186421,0,163250
100,1.45E+08,1.79E+06,1186426,1186429,0,169400
100,1.45E+08,1.80E+06,1186464,1186464,0,168750
100,1.40E+08,1.79E+06,1186473,1186473,0,152950
100,1.44E+08,1.78E+06,1186482,1186481,0,165650
100,1.40E+08,1.78E+06,1186486,1186486,0,154050
100,1.47E+08,1.79E+06,1186502,1186503,0,178250
100,1.43E+08,1.78E+06,1186509,1186510,0,163200
100,1.40E+08,1.78E+06,1186524,1186523,0,154050
100,1.40E+08,1.78E+06,1186524,1186530,0,154300
100,1.47E+08,1.78E+06,1186524,1186522,0,176850
100,1.45E+08,1.78E+06,1186561,1186561,0,168650
100,1.47E+08,1.78E+06,1186564,1186565,0,176850
100,1.44E+08,1.78E+06,1186565,1186564,0,165350
100,1.46E+08,1.80E+06,1186579,1186578,0,175250
100,1.46E+08,1.78E+06,1186614,1186610,0,175250
100,1.45E+08,1.78E+06,1186631,1186627,0,168700
100,1.45E+08,1.78E+06,1186632,1186632,0,168750
100,1.43E+08,1.78E+06,1186674,1186674,0,163550
100,1.47E+08,1.78E+06,1186683,1186679,0,177100
100,1.45E+08,1.78E+06,1186705,1186705,0,168900
100,1.41E+08,1.78E+06,1186733,1186733,0,155450
100,1.45E+08,1.78E+06,1186768,1186766,0,168900
100,1.43E+08,1.78E+06,1186778,1186778,0,161150
100,1.40E+08,1.78E+06,1186779,1186779,0,154300
100,1.47E+08,1.78E+06,1186877,1186877,0,177300
100,1.39E+08,1.78E+06,1186884,1186884,0,149600
100,1.47E+08,1.78E+06,1186930,1186934,0,176000
100,1.42E+08,1.80E+06,1186948,1186948,0,158900
100,1.46E+08,1.78E+06,1186955,1186955,0,173850
100,1.39E+08,1.78E+06,1186967,1186964,0,151950
100,1.44E+08,1.78E+06,1186971,1186971,0,167400
100,1.46E+08,1.78E+06,1186976,1186976,0,173850
100,1.46E+08,1.78E+06,1186977,1186977,0,173850
100,1.40E+08,1.78E+06,1186984,1186984,0,154050
100,1.46E+08,1.80E+06,1186989,1186993,0,170800
100,1.47E+08,1.79E+06,1187026,1187026,0,176350
100,1.41E+08,1.78E+06,1187056,1187055,0,156000
100,1.43E+08,1.78E+06,1187112,1187112,0,163250
100,1.45E+08,1.79E+06,1187120,1187119,0,168650
100,1.47E+08,1.78E+06,1187132,1187133,0,177300
100,1.47E+08,1.78E+06,1187152,1187152,0,178800
100,1.40E+08,1.78E+06,1187188,1187189,0,152950
100,1.40E+08,1.78E+06,1187192,1187190,0,152950
100,1.45E+08,1.78E+06,1187197,1187197,0,169400
100,1.45E+08,1.78E+06,1187204,1187203,0,168750
100,1.44E+08,1.78E+06,1187213,1187213,0,165500
100,1.39E+08,1.78E+06,1187237,1187236,0,150400
100,1.47E+08,1.78E+06,1187247,1187244,0,176350
100,1.43E+08,1.78E+06,1187263,1187263,0,163550
100,1.45E+08,1.78E+06,1187279,1187278,0,168750
100,1.40E+08,1.78E+06,1187297,1187297,0,153050
100,1.45E+08,1.79E+06,1187300,1187300,0,169800
100,1.47E+08,1.78E+06,1187307,1187309,0,177400
100,1.43E+08,1.78E+06,1187325,1187325,0,163550
100,1.47E+08,1.78E+06,1187367,1187367,0,176350
100,1.45E+08,1.79E+06,1187397,1187398,0,170800
100,1.40E+08,1.78E+06,1187404,1187403,0,154300
100,1.40E+08,1.78E+06,1187423,1187425,0,154300
100,1.47E+08,1.78E+06,1187435,1187434,0,178400
100,1.40E+08,1.80E+06,1187451,1187452,0,152950
100,1.43E+08,1.78E+06,1187476,1187476,0,163250
100,1.47E+08,1.78E+06,1187478,1187478,0,178800
100,1.45E+08,1.78E+06,1187481,1187481,0,170800
100,1.47E+08,1.78E+06,1187489,1187488,0,176850
100,1.39E+08,1.78E+06,1187540,1187540,0,149500
100,1.39E+08,1.78E+06,1187568,1187568,0,149500
100,1.40E+08,1.78E+06,1187582,1187582,0,153500
100,1.44E+08,1.78E+06,1187589,1187588,0,165650
100,1.46E+08,1.78E+06,1187597,1187598,0,173850
100,1.39E+08,1.80E+06,1187615,1187616,0,150150
100,1.47E+08,1.78E+06,1187639,1187640,0,176000
100,1.47E+08,1.78E+06,1187655,1187652,0,176850
100,1.43E+08,1.78E+06,1187677,1187676,0,162150
100,1.45E+08,1.78E+06,1187702,1187699,0,168700
100,1.47E+08,1.80E+06,1187709,1187710,0,178800
100,1.43E+08,1.78E+06,1187716,1187717,0,163250
100,1.43E+08,1.78E+06,1187722,1187722,0,163550
100,1.40E+08,1.79E+06,1187730,1187730,0,153200
100,1.43E+08,1.78E+06,1187734,1187734,0,160800
100,1.44E+08,1.78E+06,1187743,1187743,0,165650
100,1.44E+08,1.78E+06,1187750,1187748,0,165650
100,1.47E+08,1.79E+06,1187754,1187754,0,176850
100,1.43E+08,1.78E+06,1187763,1187765,0,163550
100,1.47E+08,1.78E+06,1187764,1187764,0,178800
100,1.47E+08,1.80E+06,1187775,1187775,0,178800
100,1.41E+08,1.78E+06,1187777,1187774,0,156000
100,1.37E+08,1.78E+06,1187785,1187784,0,144050
100,1.47E+08,1.78E+06,1187789,1187789,0,177100
100,1.45E+08,1.78E+06,1187795,1187794,0,169800
100,1.47E+08,1.78E+06,1187804,1187803,0,177750
100,1.47E+08,1.78E+06,1187804,1187804,0,178800
100,1.47E+08,1.78E+06,1187811,1187809,0,177750
100,1.40E+08,1.78E+06,1187812,1187812,0,153200
100,1.47E+08,1.78E+06,1187820,1187811,0,177300
100,1.47E+08,1.79E+06,1187835,1187835,0,178800
100,1.39E+08,1.78E+06,1187845,1187845,0,151950
100,1.45E+08,1.78E+06,1187883,1187882,0,169400
100,1.47E+08,1.78E+06,1187887,1187888,0,176350
100,1.41E+08,1.78E+06,1187901,1187900,0,156700
100,1.45E+08,1.78E+06,1187917,1187917,0,168900
100,1.47E+08,1.78E+06,1187920,1187920,0,176350
100,1.46E+08,1.78E+06,1187949,1187949,0,170800
100,1.45E+08,1.78E+06,1187956,1187955,0,168900
100,1.46E+08,1.79E+06,1187966,1187965,0,170800
100,1.40E+08,1.78E+06,1187970,1187968,0,152950
100,1.44E+08,1.78E+06,1187974,1187974,0,165500
100,1.47E+08,1.78E+06,1187981,1187981,0,178800
100,1.43E+08,1.78E+06,1188005,1188003,0,163250
100,1.47E+08,1.78E+06,1188018,1188018,0,177300
100,1.47E+08,1.79E+06,1188025,1188025,0,177100
100,1.47E+08,1.78E+06,1188049,1188049,0,176350
100,1.46E+08,1.78E+06,1188050,1188050,0,170800
100,1.47E+08,1.80E+06,1188089,1188088,0,177400
100,1.40E+08,1.79E+06,1188097,1188098,0,152300
100,1.46E+08,1.78E+06,1188192,1188192,0,173850
100,1.46E+08,1.78E+06,1188199,1188201,0,170800
100,1.44E+08,1.78E+06,1188210,1188210,0,165350
100,1.39E+08,1.79E+06,1188213,1188213,0,151950
100,1.47E+08,1.78E+06,1188225,1188225,0,176350
100,1.41E+08,1.78E+06,1188263,1188262,0,156000
100,1.47E+08,1.78E+06,1188265,1188266,0,178800
100,1.46E+08,1.78E+06,1188276,1188270,0,173200
100,1.47E+08,1.78E+06,1188276,1188277,0,177100
100,1.47E+08,1.78E+06,1188292,1188292,0,177750
100,1.47E+08,1.78E+06,1188360,1188359,0,178900
100,1.47E+08,1.79E+06,1188367,1188367,0,177750
100,1.45E+08,1.78E+06,1188369,1188369,0,169800
100,1.38E+08,1.78E+06,1188372,1188372,0,147200
100,1.47E+08,1.79E+06,1188391,1188392,0,176000
100,1.46E+08,1.78E+06,1188415,1188416,0,170800
100,1.45E+08,1.78E+06,1188419,1188417,0,169800
100,1.46E+08,1.79E+06,1188437,1188438,0,170800
100,1.45E+08,1.78E+06,1188467,1188468,0,168750
100,1.46E+08,1.79E+06,1188494,1188495,0,170800
100,1.46E+08,1.78E+06,1188507,1188506,0,173000
100,1.46E+08,1.78E+06,1188521,1188520,0,170800
100,1.47E+08,1.78E+06,1188522,1188522,0,176000
100,1.44E+08,1.78E+06,1188542,1188537,0,167400
100,1.41E+08,1.78E+06,1188545,1188546,0,156600
100,1.41E+08,1.78E+06,1188567,1188564,0,156000
100,1.41E+08,1.81E+06,1188573,1188573,0,155800
100,1.47E+08,1.78E+06,1188576,1188576,0,178400
100,1.43E+08,1.80E+06,1188608,1188606,0,161400
100,1.46E+08,1.78E+06,1188613,1188616,0,173200
100,1.47E+08,1.78E+06,1188613,1188613,0,177150
100,1.47E+08,1.78E+06,1188640,1188640,0,177300
100,1.45E+08,1.78E+06,1188681,1188680,0,168750
100,1.44E+08,1.79E+06,1188718,1188719,0,165650
100,1.46E+08,1.78E+06,1188726,1188726,0,173850
100,1.45E+08,1.78E+06,1188727,1188727,0,168750
100,1.43E+08,1.78E+06,1188768,1188769,0,160800
100,1.44E+08,1.78E+06,1188781,1188780,0,167400
100,1.47E+08,1.79E+06,1188785,1188782,0,177150
100,1.47E+08,1.78E+06,1188789,1188786,0,176200
100,1.47E+08,1.78E+06,1188801,1188802,0,178800
100,1.40E+08,1.78E+06,1188802,1188802,0,153200
100,1.47E+08,1.79E+06,1188826,1188826,0,176850
100,1.44E+08,1.78E+06,1188842,1188842,0,163900
100,1.44E+08,1.78E+06,1188843,1188843,0,165650
100,1.47E+08,1.78E+06,1188844,1188842,0,178800
100,1.39E+08,1.78E+06,1188847,1188851,0,149500
100,1.37E+08,1.78E+06,1188854,1188855,0,144000
100,1.47E+08,1.78E+06,1188858,1188857,0,176850
100,1.46E+08,1.78E+06,1188876,1188875,0,173850
100,1.40E+08,1.78E+06,1188899,1188899,0,153500
100,1.47E+08,1.78E+06,1188899,1188899,0,178900
100,1.39E+08,1.78E+06,1188902,1188903,0,151950
100,1.39E+08,1.78E+06,1188902,1188902,0,151950
100,1.42E+08,1.78E+06,1188912,1188912,0,159600
100,1.41E+08,1.79E+06,1188940,1188936,0,156000
100,1.40E+08,1.78E+06,1188951,1188950,0,153200
100,1.40E+08,1.78E+06,1188980,1188981,0,153200
100,1.46E+08,1.78E+06,1188984,1188984,0,170800
100,1.45E+08,1.79E+06,1189008,1189007,0,168900
100,1.47E+08,1.81E+06,1189036,1189036,0,177150
100,1.39E+08,1.78E+06,1189044,1189044,0,149600
100,1.47E+08,1.81E+06,1189081,1189081,0,177750
100,1.47E+08,1.78E+06,1189107,1189107,0,177400
100,1.46E+08,1.81E+06,1189112,1189112,0,172950
100,1.45E+08,1.80E+06,1189123,1189122,0,168750
100,1.41E+08,1.78E+06,1189142,1189142,0,155700
100,1.47E+08,1.78E+06,1189162,1189161,0,178900
100,1.40E+08,1.78E+06,1189163,1189163,0,154300
100,1.43E+08,1.79E+06,1189200,1189201,0,163200
100,1.45E+08,1.78E+06,1189203,1189201,0,168750
100,1.43E+08,1.78E+06,1189210,1189210,0,163250
100,1.45E+08,1.78E+06,1189226,1189226,0,168900
100,1.43E+08,1.78E+06,1189238,1189237,0,162150
100,1.43E+08,1.78E+06,1189248,1189248,0,163250
100,1.47E+08,1.78E+06,1189251,1189250,0,178800
100,1.47E+08,1.78E+06,1189336,1189338,0,177750
100,1.45E+08,1.78E+06,1189363,1189364,0,168750
100,1.44E+08,1.78E+06,1189409,1189410,0,165650
100,1.47E+08,1.78E+06,1189415,1189416,0,178800
100,1.45E+08,1.78E+06,1189423,1189423,0,168750
100,1.46E+08,1.78E+06,1189424,1189422,0,173850
100,1.46E+08,1.79E+06,1189431,1189432,0,170800
100,1.47E+08,1.79E+06,1189448,1189449,0,177750
100,1.45E+08,1.80E+06,1189484,1189483,0,168750
100,1.47E+08,1.78E+06,1189486,1189486,0,178800
100,1.46E+08,1.78E+06,1189564,1189564,0,173850
100,1.46E+08,1.80E+06,1189575,1189577,0,173200
100,1.47E+08,1.79E+06,1189593,1189593,0,176000
100,1.46E+08,1.78E+06,1189637,1189638,0,173850
100,1.45E+08,1.78E+06,1189695,1189694,0,169400
100,1.40E+08,1.78E+06,1189703,1189702,0,153200
100,1.39E+08,1.80E+06,1189722,1189722,0,151950
100,1.37E+08,1.78E+06,1189741,1189741,0,144050
100,1.46E+08,1.78E+06,1189747,1189747,0,173850
100,1.40E+08,1.79E+06,1189750,1189748,0,154300
100,1.45E+08,1.78E+06,1189752,1189749,0,168750
100,1.41E+08,1.78E+06,1189753,1189753,0,157850
100,1.45E+08,1.78E+06,1189754,1189753,0,168750
100,1.46E+08,1.79E+06,1189765,1189765,0,173200
100,1.47E+08,1.78E+06,1189812,1189812,0,177100
100,1.44E+08,1.78E+06,1189815,1189815,0,167400
100,1.44E+08,1.79E+06,1189826,1189825,0,165350
100,1.45E+08,1.79E+06,1189852,1189851,0,169800
100,1.46E+08,1.80E+06,1189859,1189856,0,173850
100,1.47E+08,1.78E+06,1189873,1189873,0,177300
100,1.43E+08,1.78E+06,1189876,1189877,0,163700
100,1.44E+08,1.78E+06,1189877,1189879,0,167200
100,1.47E+08,1.80E+06,1189895,1189895,0,177150
100,1.40E+08,1.78E+06,1189898,1189898,0,152950
100,1.42E+08,1.78E+06,1189899,1189899,0,158900
100,1.44E+08,1.78E+06,1189911,1189910,0,165350
100,1.45E+08,1.78E+06,1189916,1189916,0,169400
100,1.41E+08,1.78E+06,1189932,1189932,0,157900
100,1.40E+08,1.78E+06,1189942,1189944,0,154050
100,1.45E+08,1.78E+06,1189951,1189951,0,168700
100,1.47E+08,1.78E+06,1189954,1189955,0,176000
100,1.47E+08,1.78E+06,1189962,1189959,0,176000
100,1.42E+08,1.78E+06,1189980,1189980,0,159600
100,1.47E+08,1.78E+06,1190024,1190025,0,178400
100,1.39E+08,1.78E+06,1190035,1190034,0,151950
100,1.46E+08,1.78E+06,1190057,1190059,0,173850
100,1.45E+08,1.78E+06,1190066,1190066,0,168750
100,1.40E+08,1.78E+06,1190073,1190074,0,154050
100,1.41E+08,1.78E+06,1190087,1190088,0,157850
100,1.47E+08,1.79E+06,1190091,1190091,0,176350
100,1.43E+08,1.78E+06,1190126,1190123,0,163550
100,1.47E+08,1.78E+06,1190126,1190127,0,176000
100,1.47E+08,1.79E+06,1190129,1190128,0,177400
100,1.47E+08,1.78E+06,1190159,1190162,0,176850
100,1.43E+08,1.78E+06,1190198,1190198,0,163250
100,1.47E+08,1.78E+06,1190216,1190216,0,177300
100,1.46E+08,1.79E+06,1190251,1190253,0,173850
100,1.41E+08,1.79E+06,1190260,1190257,0,156700
100,1.47E+08,1.78E+06,1190296,1190295,0,176350
100,1.39E+08,1.78E+06,1190314,1190314,0,150400
100,1.47E+08,1.78E+06,1190319,1190319,0,176850
100,1.46E+08,1.79E+06,1190324,1190324,0,173850
100,1.47E+08,1.78E+06,1190340,1190339,0,177300
100,1.47E+08,1.79E+06,1190358,1190361,0,176850
100,1.47E+08,1.78E+06,1190375,1190376,0,178400
100,1.47E+08,1.78E+06,1190380,1190380,0,177100
100,1.43E+08,1.80E+06,1190390,1190390,0,160800
100,1.39E+08,1.78E+06,1190407,1190407,0,149500
100,1.46E+08,1.78E+06,1190421,1190421,0,173850
100,1.47E+08,1.79E+06,1190453,1190453,0,177300
100,1.45E+08,1.80E+06,1190485,1190487,0,168750
100,1.41E+08,1.78E+06,1190508,1190506,0,155800
100,1.46E+08,1.78E+06,1190515,1190515,0,175250
100,1.38E+08,1.78E+06,1190541,1190541,0,147200
100,1.40E+08,1.78E+06,1190541,1190539,0,152950
100,1.43E+08,1.80E+06,1190555,1190557,0,160800
100,1.44E+08,1.78E+06,1190569,1190566,0,165650
100,1.40E+08,1.78E+06,1190584,1190583,0,152950
100,1.40E+08,1.79E+06,1190623,1190623,0,154300
100,1.45E+08,1.80E+06,1190641,1190641,0,169400
100,1.41E+08,1.78E+06,1190672,1190671,0,157850
100,1.40E+08,1.78E+06,1190697,1190698,0,153200
100,1.43E+08,1.78E+06,1190709,1190710,0,163550
100,1.41E+08,1.78E+06,1190720,1190718,0,157900
100,1.47E+08,1.78E+06,1190720,1190722,0,177100
100,1.47E+08,1.78E+06,1190726,1190726,0,176850
100,1.43E+08,1.78E+06,1190728,1190728,0,163550
100,1.47E+08,1.79E+06,1190770,1190772,0,176350
100,1.47E+08,1.78E+06,1190783,1190783,0,176350
100,1.47E+08,1.78E+06,1190792,1190792,0,178800
100,1.47E+08,1.78E+06,1190796,1190796,0,176200
100,1.47E+08,1.78E+06,1190807,1190806,0,178400
100,1.46E+08,1.78E+06,1190814,1190814,0,170800
100,1.46E+08,1.78E+06,1190818,1190818,0,170800
100,1.41E+08,1.78E+06,1190856,1190857,0,155700
100,1.43E+08,1.78E+06,1190885,1190885,0,162950
100,1.47E+08,1.78E+06,1190898,1190898,0,178800
100,1.40E+08,1.78E+06,1190906,1190908,0,154050
100,1.47E+08,1.80E+06,1190914,1190915,0,176000
100,1.47E+08,1.78E+06,1190951,1190951,0,177100
100,1.47E+08,1.79E+06,1190960,1190960,0,177300
100,1.45E+08,1.78E+06,1190979,1190979,0,168900
100,1.43E+08,1.78E+06,1190986,1190986,0,163250
100,1.39E+08,1.78E+06,1191020,1191020,0,149600
100,1.47E+08,1.78E+06,1191024,1191023,0,177300
100,1.46E+08,1.78E+06,1191026,1191024,0,173850
100,1.46E+08,1.78E+06,1191043,1191044,0,170800
100,1.46E+08,1.78E+06,1191045,1191043,0,170800
100,1.47E+08,1.79E+06,1191066,1191066,0,177300
100,1.41E+08,1.80E+06,1191087,1191086,0,156600
100,1.47E+08,1.80E+06,1191103,1191106,0,178800
100,1.45E+08,1.78E+06,1191107,1191107,0,168750
100,1.45E+08,1.78E+06,1191111,1191111,0,168900
100,1.46E+08,1.78E+06,1191134,1191135,0,175250
100,1.46E+08,1.78E+06,1191148,1191149,0,173000
100,1.47E+08,1.78E+06,1191186,1191186,0,177750
100,1.46E+08,1.78E+06,1191229,1191229,0,173850
100,1.47E+08,1.78E+06,1191264,1191264,0,176000
100,1.47E+08,1.78E+06,1191425,1191425,0,176000
100,1.41E+08,1.78E+06,1191437,1191437,0,157900
100,1.47E+08,1.78E+06,1191542,1191540,0,177100
100,1.47E+08,1.79E+06,1191569,1191568,0,176350
100,1.47E+08,1.78E+06,1191590,1191588,0,177750
100,1.47E+08,1.78E+06,1191595,1191595,0,177300
100,1.45E+08,1.78E+06,1191620,1191620,0,168750
100,1.46E+08,1.79E+06,1191634,1191632,0,170800
100,1.45E+08,1.78E+06,1191674,1191674,0,168900
100,1.47E+08,1.78E+06,1191675,1191675,0,176200
100,1.47E+08,1.78E+06,1191675,1191673,0,177400
100,1.45E+08,1.79E+06,1191695,1191695,0,169400
100,1.45E+08,1.78E+06,1191706,1191705,0,168750
100,1.45E+08,1.78E+06,1191710,1191708,0,168750
100,1.47E+08,1.79E+06,1191711,1191711,0,178800
100,1.45E+08,1.78E+06,1191752,1191752,0,168750
100,1.39E+08,1.78E+06,1191779,1191779,0,150400
100,1.47E+08,1.79E+06,1191785,1191783,0,178800
100,1.39E+08,1.78E+06,1191847,1191847,0,149500
100,1.40E+08,1.78E+06,1191849,1191849,0,154300
100,1.40E+08,1.78E+06,1191880,1191880,0,153200
100,1.45E+08,1.78E+06,1191883,1191881,0,168700
100,1.47E+08,1.78E+06,1191898,1191898,0,176200
100,1.47E+08,1.78E+06,1191924,1191924,0,178800
100,1.47E+08,1.78E+06,1191926,1191926,0,178400
100,1.46E+08,1.78E+06,1191927,1191927,0,170800
100,1.47E+08,1.78E+06,1191969,1191969,0,176850
100,1.47E+08,1.78E+06,1192006,1192006,0,178400
100,1.47E+08,1.78E+06,1192036,1192037,0,176000
100,1.39E+08,1.78E+06,1192042,1192042,0,149500
100,1.47E+08,1.78E+06,1192051,1192053,0,178800
100,1.45E+08,1.79E+06,1192089,1192089,0,169800
100,1.41E+08,1.79E+06,1192113,1192115,0,157850
100,1.47E+08,1.78E+06,1192118,1192118,0,177300
100,1.47E+08,1.79E+06,1192124,1192125,0,177300
100,1.47E+08,1.78E+06,1192146,1192145,0,178800
100,1.47E+08,1.78E+06,1192166,1192168,0,178800
100,1.44E+08,1.81E+06,1192171,1192172,0,164950
100,1.41E+08,1.78E+06,1192187,1192187,0,156600
100,1.47E+08,1.78E+06,1192189,1192183,0,177150
100,1.47E+08,1.78E+06,1192228,1192228,0,177400
100,1.46E+08,1.78E+06,1192260,1192260,0,172950
100,1.47E+08,1.78E+06,1192262,1192258,0,178800
100,1.47E+08,1.78E+06,1192307,1192305,0,177300
100,1.45E+08,1.81E+06,1192367,1192367,0,168900
100,1.45E+08,1.81E+06,1192432,1192433,0,169400
100,1.43E+08,1.79E+06,1192494,1192491,0,160050
100,1.46E+08,1.78E+06,1192502,1192502,0,170800
100,1.40E+08,1.78E+06,1192505,1192506,0,152950
100,1.43E+08,1.78E+06,1192507,1192507,0,162150
100,1.43E+08,1.78E+06,1192517,1192517,0,163550
100,1.39E+08,1.78E+06,1192529,1192529,0,150400
100,1.47E+08,1.79E+06,1192532,1192533,0,178800
100,1.45E+08,1.78E+06,1192543,1192542,0,168650
100,1.47E+08,1.79E+06,1192622,1192620,0,177750
100,1.43E+08,1.78E+06,1192631,1192631,0,162150
100,1.47E+08,1.78E+06,1192653,1192653,0,178800
100,1.47E+08,1.78E+06,1192664,1192664,0,177300
100,1.44E+08,1.79E+06,1192695,1192696,0,164100
100,1.40E+08,1.78E+06,1192721,1192721,0,153200
100,1.39E+08,1.78E+06,1192751,1192751,0,150400
100,1.39E+08,1.78E+06,1192762,1192762,0,150400
100,1.41E+08,1.78E+06,1192808,1192808,0,156700
100,1.44E+08,1.78E+06,1192853,1192847,0,164950
100,1.42E+08,1.78E+06,1192874,1192877,0,159600
100,1.47E+08,1.78E+06,1192898,1192898,0,178800
100,1.47E+08,1.78E+06,1192899,1192899,0,177100
100,1.47E+08,1.80E+06,1192952,1192952,0,177400
100,1.45E+08,1.78E+06,1192999,1192999,0,168900
100,1.45E+08,1.78E+06,1193030,1193030,0,168650
100,1.47E+08,1.78E+06,1193034,1193034,0,178400
100,1.44E+08,1.78E+06,1193036,1193033,0,165650
100,1.46E+08,1.78E+06,1193046,1193046,0,173200
100,1.46E+08,1.78E+06,1193101,1193101,0,170800
100,1.39E+08,1.78E+06,1193174,1193173,0,150400
100,1.40E+08,1.78E+06,1193230,1193229,0,154300
100,1.45E+08,1.79E+06,1193231,1193232,0,168750
100,1.47E+08,1.79E+06,1193264,1193263,0,176350
100,1.43E+08,1.78E+06,1193306,1193309,0,163550
100,1.46E+08,1.78E+06,1193311,1193311,0,173000
100,1.45E+08,1.78E+06,1193354,1193355,0,169400
100,1.40E+08,1.78E+06,1193369,1193369,0,153200
100,1.45E+08,1.79E+06,1193376,1193376,0,168750
100,1.47E+08,1.78E+06,1193385,1193384,0,178800
100,1.47E+08,1.78E+06,1193400,1193400,0,178400
100,1.44E+08,1.78E+06,1193402,1193401,0,165350
100,1.45E+08,1.78E+06,1193420,1193420,0,169400
100,1.46E+08,1.78E+06,1193421,1193422,0,172050
100,1.41E+08,1.78E+06,1193440,1193441,0,157850
100,1.40E+08,1.78E+06,1193495,1193499,0,154300
100,1.47E+08,1.78E+06,1193531,1193531,0,176000
100,1.46E+08,1.78E+06,1193539,1193539,0,173850
100,1.46E+08,1.78E+06,1193543,1193543,0,175250
100,1.47E+08,1.78E+06,1193576,1193576,0,178400
100,1.42E+08,1.78E+06,1193582,1193581,0,159100
100,1.43E+08,1.78E+06,1193618,1193617,0,163550
100,1.47E+08,1.78E+06,1193634,1193634,0,176850
100,1.46E+08,1.78E+06,1193636,1193637,0,173850
100,1.42E+08,1.78E+06,1193642,1193642,0,159100
100,1.47E+08,1.80E+06,1193644,1193647,0,177100
100,1.39E+08,1.78E+06,1193665,1193665,0,151950
100,1.39E+08,1.80E+06,1193690,1193690,0,149500
100,1.42E+08,1.78E+06,1193705,1193702,0,159100
100,1.45E+08,1.79E+06,1193710,1193710,0,168750
100,1.41E+08,1.78E+06,1193721,1193720,0,156000
100,1.40E+08,1.79E+06,1193730,1193730,0,152950
100,1.41E+08,1.78E+06,1193744,1193744,0,156700
100,1.45E+08,1.78E+06,1193775,1193775,0,168900
100,1.41E+08,1.78E+06,1193800,1193799,0,157850
100,1.47E+08,1.78E+06,1193801,1193801,0,177100
100,1.47E+08,1.78E+06,1193833,1193833,0,177100
100,1.43E+08,1.78E+06,1193901,1193901,0,161400
100,1.47E+08,1.79E+06,1193909,1193909,0,178800
100,1.43E+08,1.79E+06,1193910,1193910,0,163550
100,1.40E+08,1.80E+06,1193919,1193919,0,152950
100,1.44E+08,1.78E+06,1193930,1193928,0,167400
100,1.41E+08,1.78E+06,1193979,1193979,0,156600
100,1.45E+08,1.80E+06,1193982,1193982,0,169400
100,1.47E+08,1.78E+06,1194011,1194012,0,176350
100,1.39E+08,1.78E+06,1194046,1194044,0,150400
100,1.46E+08,1.78E+06,1194086,1194087,0,175250
100,1.46E+08,1.79E+06,1194158,1194157,0,173200
100,1.45E+08,1.78E+06,1194169,1194169,0,168750
100,1.45E+08,1.78E+06,1194170,1194169,0,169400
100,1.46E+08,1.79E+06,1194176,1194177,0,175250
100,1.43E+08,1.78E+06,1194191,1194190,0,163550
100,1.40E+08,1.79E+06,1194228,1194225,0,154050
100,1.43E+08,1.80E+06,1194360,1194360,0,163200
100,1.40E+08,1.78E+06,1194373,1194373,0,152950
100,1.47E+08,1.78E+06,1194449,1194449,0,176000
100,1.47E+08,1.78E+06,1194452,1194453,0,176000
100,1.41E+08,1.78E+06,1194517,1194517,0,156600
100,1.47E+08,1.78E+06,1194556,1194556,0,178800
100,1.47E+08,1.78E+06,1194643,1194643,0,178800
100,1.45E+08,1.78E+06,1194668,1194668,0,168650
100,1.45E+08,1.78E+06,1194685,1194688,0,168700
100,1.45E+08,1.78E+06,1194696,1194695,0,168650
100,1.46E+08,1.78E+06,1194717,1194712,0,170800
100,1.47E+08,1.78E+06,1194727,1194727,0,176000
100,1.47E+08,1.78E+06,1194764,1194764,0,177750
100,1.45E+08,1.78E+06,1194773,1194773,0,169400
100,1.45E+08,1.78E+06,1194798,1194797,0,169800
100,1.44E+08,1.78E+06,1194815,1194815,0,167200
100,1.45E+08,1.78E+06,1194942,1194942,0,168650
100,1.42E+08,1.78E+06,1194975,1194974,0,159600
100,1.40E+08,1.78E+06,1194978,1194978,0,154300
100,1.40E+08,1.78E+06,1194980,1194981,0,152950
100,1.39E+08,1.79E+06,1195000,1195000,0,150400
100,1.39E+08,1.78E+06,1195000,1195000,0,151950
100,1.40E+08,1.78E+06,1195000,1195000,0,152950
100,1.47E+08,1.78E+06,1195043,1195042,0,176350
100,1.40E+08,1.78E+06,1195051,1195051,0,153200
100,1.47E+08,1.78E+06,1195053,1195053,0,176350
100,1.47E+08,1.78E+06,1195076,1195076,0,176200
100,1.43E+08,1.78E+06,1195096,1195096,0,163250
100,1.46E+08,1.78E+06,1195125,1195124,0,175250
100,1.42E+08,1.78E+06,1195134,1195134,0,159600
100,1.47E+08,1.79E+06,1195156,1195156,0,177300
100,1.46E+08,1.78E+06,1195230,1195228,0,173850
100,1.47E+08,1.78E+06,1195248,1195248,0,178800
100,1.45E+08,1.78E+06,1195275,1195276,0,168700
100,1.44E+08,1.79E+06,1195386,1195385,0,167400
100,1.46E+08,1.78E+06,1195392,1195391,0,170800
100,1.47E+08,1.78E+06,1195416,1195416,0,177100
100,1.47E+08,1.78E+06,1195451,1195450,0,178800
100,1.45E+08,1.79E+06,1195537,1195537,0,168750
100,1.41E+08,1.78E+06,1195538,1195536,0,156600
100,1.47E+08,1.78E+06,1195561,1195561,0,177750
100,1.46E+08,1.78E+06,1195583,1195583,0,170850
100,1.40E+08,1.78E+06,1195676,1195676,0,154050
100,1.47E+08,1.79E+06,1195698,1195698,0,178400
100,1.44E+08,1.78E+06,1195730,1195730,0,165650
100,1.47E+08,1.78E+06,1195753,1195754,0,176850
100,1.47E+08,1.79E+06,1195791,1195792,0,176350
100,1.45E+08,1.78E+06,1195799,1195799,0,168900
100,1.47E+08,1.78E+06,1195818,1195819,0,176200
100,1.47E+08,1.78E+06,1195846,1195846,0,178400
100,1.41E+08,1.78E+06,1195876,1195877,0,157850
100,1.47E+08,1.78E+06,1196036,1196035,0,177400
100,1.47E+08,1.78E+06,1196059,1196061,0,177400
100,1.40E+08,1.78E+06,1196079,1196079,0,154300
100,1.41E+08,1.78E+06,1196121,1196121,0,156600
100,1.41E+08,1.79E+06,1196126,1196126,0,155700
100,1.44E+08,1.78E+06,1196129,1196128,0,164950
100,1.47E+08,1.79E+06,1196164,1196166,0,177300
100,1.47E+08,1.78E+06,1196225,1196225,0,177150
100,1.47E+08,1.78E+06,1196288,1196288,0,176000
100,1.43E+08,1.79E+06,1196322,1196323,0,161400
100,1.43E+08,1.78E+06,1196339,1196339,0,163250
100,1.47E+08,1.78E+06,1196346,1196346,0,176850
100,1.45E+08,1.78E+06,1196380,1196383,0,168900
100,1.44E+08,1.78E+06,1196507,1196503,0,165650
100,1.47E+08,1.81E+06,1196520,1196520,0,176200
100,1.45E+08,1.78E+06,1196523,1196523,0,169400
100,1.45E+08,1.78E+06,1196539,1196539,0,168750
100,1.47E+08,1.78E+06,1196658,1196658,0,176350
100,1.44E+08,1.79E+06,1196674,1196671,0,165650
100,1.45E+08,1.78E+06,1196710,1196710,0,169800
100,1.46E+08,1.78E+06,1196761,1196762,0,175250
100,1.40E+08,1.78E+06,1196801,1196801,0,154050
100,1.44E+08,1.78E+06,1196832,1196831,0,167400
100,1.47E+08,1.78E+06,1196833,1196832,0,176350
100,1.47E+08,1.78E+06,1196838,1196840,0,178800
100,1.47E+08,1.78E+06,1196870,1196870,0,178400
100,1.47E+08,1.78E+06,1196878,1196878,0,176200
100,1.47E+08,1.78E+06,1196893,1196894,0,177300
100,1.44E+08,1.78E+06,1196925,1196923,0,165350
100,1.46E+08,1.78E+06,1196939,1196939,0,170800
100,1.45E+08,1.78E+06,1197019,1197019,0,168700
100,1.47E+08,1.79E+06,1197120,1197119,0,178800
100,1.45E+08,1.79E+06,1197152,1197153,0,168650
100,1.47E+08,1.78E+06,1197169,1197165,0,177300
100,1.47E+08,1.78E+06,1197249,1197252,0,176850
100,1.40E+08,1.79E+06,1197297,1197295,0,154050
100,1.40E+08,1.79E+06,1197304,1197304,0,154300
100,1.45E+08,1.79E+06,1197308,1197307,0,168650
100,1.43E+08,1.78E+06,1197344,1197344,0,161400
100,1.46E+08,1.78E+06,1197417,1197417,0,173200
100,1.46E+08,1.81E+06,1197466,1197468,0,173850
100,1.42E+08,1.78E+06,1197473,1197471,0,158900
100,1.40E+08,1.78E+06,1197500,1197500,0,153350
100,1.47E+08,1.78E+06,1197500,1197500,0,177300
100,1.44E+08,1.78E+06,1197558,1197559,0,167400
100,1.47E+08,1.80E+06,1197560,1197560,0,176350
100,1.47E+08,1.78E+06,1197560,1197560,0,177400
100,1.47E+08,1.78E+06,1197654,1197654,0,177300
100,1.47E+08,1.78E+06,1197696,1197693,0,178800
100,1.47E+08,1.78E+06,1197710,1197710,0,176350
100,1.46E+08,1.78E+06,1197801,1197800,0,173200
100,1.46E+08,1.78E+06,1197847,1197847,0,170800
100,1.43E+08,1.79E+06,1197858,1197858,0,160800
100,1.46E+08,1.79E+06,1197883,1197883,0,170800
100,1.45E+08,1.78E+06,1197919,1197920,0,168900
100,1.47E+08,1.78E+06,1197940,1197940,0,178800
100,1.41E+08,1.78E+06,1197951,1197951,0,157850
100,1.44E+08,1.78E+06,1197988,1197989,0,165650
100,1.47E+08,1.81E+06,1198001,1198005,0,177150
100,1.42E+08,1.78E+06,1198103,1198103,0,159600
100,1.47E+08,1.78E+06,1198215,1198214,0,178800
100,1.47E+08,1.80E+06,1198257,1198257,0,176200
100,1.44E+08,1.78E+06,1198269,1198269,0,165350
100,1.44E+08,1.78E+06,1198308,1198308,0,163900
100,1.45E+08,1.80E+06,1198326,1198323,0,168750
100,1.47E+08,1.78E+06,1198335,1198335,0,177750
100,1.45E+08,1.78E+06,1198529,1198528,0,168750
100,1.43E+08,1.80E+06,1198571,1198571,0,163550
100,1.44E+08,1.78E+06,1198642,1198643,0,167200
100,1.47E+08,1.80E+06,1198840,1198839,0,178800
100,1.45E+08,1.78E+06,1198847,1198850,0,168900
100,1.47E+08,1.78E+06,1198876,1198876,0,177300
100,1.47E+08,1.78E+06,1198932,1198932,0,177100
100,1.43E+08,1.78E+06,1198996,1198998,0,163550
100,1.41E+08,1.78E+06,1199035,1199035,0,155700
100,1.45E+08,1.78E+06,1199110,1199110,0,168700
100,1.47E+08,1.78E+06,1199152,1199152,0,178800
100,1.45E+08,1.79E+06,1199162,1199162,0,168750
100,1.47E+08,1.78E+06,1199163,1199163,0,178250
100,1.44E+08,1.80E+06,1199246,1199246,0,163900
100,1.45E+08,1.78E+06,1199305,1199306,0,168650
100,1.45E+08,1.78E+06,1199328,1199328,0,168650
100,1.41E+08,1.78E+06,1199478,1199478,0,156600
100,1.45E+08,1.78E+06,1199502,1199497,0,169800
100,1.47E+08,1.78E+06,1199558,1199558,0,178400
100,1.47E+08,1.78E+06,1199591,1199594,0,178800
100,1.46E+08,1.79E+06,1199595,1199592,0,170800
100,1.46E+08,1.78E+06,1199597,1199598,0,170800
100,1.45E+08,1.78E+06,1199611,1199611,0,168700
100,1.46E+08,1.79E+06,1199616,1199616,0,173000
100,1.47E+08,1.80E+06,1199663,1199662,0,177300
100,1.45E+08,1.78E+06,1199697,1199697,0,169400
100,1.47E+08,1.78E+06,1199717,1199717,0,176000
100,1.45E+08,1.79E+06,1199726,1199726,0,169400
100,1.45E+08,1.80E+06,1199731,1199734,0,169800
100,1.47E+08,1.78E+06,1199747,1199748,0,177150
100,1.47E+08,1.78E+06,1199791,1199791,0,177150
100,1.47E+08,1.79E+06,1199818,1199818,0,177400
100,1.43E+08,1.79E+06,1199873,1199873,0,161150
100,1.47E+08,1.78E+06,1199989,1199989,0,177400
100,1.46E+08,1.78E+06,1199998,1199998,0,170800
100,1.41E+08,1.78E+06,1200189,1200189,0,155700
100,1.45E+08,1.78E+06,1200259,1200259,0,168650
100,1.45E+08,1.78E+06,1200350,1200353,0,168900
100,1.47E+08,1.79E+06,1200368,1200368,0,176850
100,1.45E+08,1.80E+06,1200410,1200410,0,168650
100,1.47E+08,1.78E+06,1200662,1200661,0,177400
100,1.41E+08,1.78E+06,1200668,1200667,0,157850
100,1.44E+08,1.78E+06,1200719,1200720,0,164950
100,1.44E+08,1.78E+06,1200786,1200786,0,167200
100,1.47E+08,1.81E+06,1200827,1200827,0,176200
100,1.47E+08,1.78E+06,1200852,1200852,0,176850
100,1.44E+08,1.80E+06,1200952,1200952,0,165500
100,1.47E+08,1.79E+06,1201043,1201043,0,178800
100,1.46E+08,1.79E+06,1201056,1201056,0,175250
100,1.45E+08,1.78E+06,1201132,1201132,0,168750
100,1.42E+08,1.78E+06,1201179,1201179,0,159100
100,1.44E+08,1.78E+06,1201209,1201209,0,164950
100,1.47E+08,1.78E+06,1201250,1201250,0,176350
100,1.46E+08,1.78E+06,1201488,1201485,0,173200
100,1.47E+08,1.78E+06,1201613,1201611,0,178800
100,1.43E+08,1.78E+06,1201646,1201646,0,163550
100,1.41E+08,1.78E+06,1201664,1201664,0,156600
100,1.47E+08,1.80E+06,1201729,1201729,0,178400
100,1.47E+08,1.78E+06,1201750,1201750,0,177300
100,1.45E+08,1.78E+06,1201830,1201829,0,169800
100,1.44E+08,1.79E+06,1201956,1201953,0,167400
100,1.46E+08,1.78E+06,1201960,1201963,0,175250
100,1.47E+08,1.78E+06,1202130,1202130,0,178400
100,1.45E+08,1.79E+06,1202278,1202278,0,168650
100,1.45E+08,1.78E+06,1202493,1202492,0,168750
100,1.43E+08,1.78E+06,1202543,1202543,0,160800
100,1.45E+08,1.78E+06,1202547,1202547,0,169400
100,1.47E+08,1.78E+06,1202572,1202572,0,176350
100,1.47E+08,1.78E+06,1202682,1202682,0,178900
100,1.46E+08,1.78E+06,1202746,1202746,0,170800
100,1.47E+08,1.79E+06,1202763,1202763,0,176200
100,1.46E+08,1.79E+06,1202779,1202779,0,170800
100,1.47E+08,1.78E+06,1202819,1202818,0,176350
100,1.43E+08,1.78E+06,1202949,1202949,0,162950
100,1.44E+08,1.78E+06,1203077,1203077,0,164950
100,1.47E+08,1.78E+06,1203294,1203293,0,176000
100,1.47E+08,1.78E+06,1203728,1203728,0,176200
100,1.46E+08,1.78E+06,1203869,1203868,0,175250
100,1.46E+08,1.78E+06,1203890,1203889,0,170800
100,1.47E+08,1.78E+06,1203901,1203901,0,176000
100,1.46E+08,1.78E+06,1204129,1204129,0,173000
100,1.43E+08,1.79E+06,1204524,1204523,0,163250
100,1.47E+08,1.78E+06,1204557,1204556,0,178800
100,1.46E+08,1.78E+06,1204671,1204671,0,170800
100,1.47E+08,1.78E+06,1204857,1204847,0,176000
100,1.47E+08,1.79E+06,1204858,1204858,0,176200
100,1.47E+08,1.78E+06,1205000,1205000,0,177750
,,,,,,
,1.47E+08,,1142348.604,1142348.321,,178900
,140MB,,,,,
