cpus,mem,npmem,recvTps,sendTps,acceptTps,serializedBuffer
0,1.66E+08,12328,0,0,0,0
0,1.66E+08,12328,0,0,0,0
0,1.66E+08,12328,0,0,0,0
1.56136,1.66E+08,245160,0,0,330,0
0,1.66E+08,245160,0,0,0,0
0,1.66E+08,245160,0,0,0,0
0,1.67E+08,873832,0,0,893,0
0,1.67E+08,873832,0,0,0,0
0,1.67E+08,873832,0,0,0,0
1.56184,1.67E+08,1.39E+06,0,0,729,0
0,1.67E+08,1.39E+06,0,0,0,0
0,1.67E+08,1.39E+06,0,0,0,0
0,1.67E+08,1.90E+06,0,0,730,0
0,1.67E+08,1.90E+06,0,0,0,0
0,1.67E+08,1.90E+06,0,0,0,0
0,2.98E+08,18608,0,0,0,433150
0,2.98E+08,18608,0,0,0,433150
1.56171,1.70E+08,2.46E+06,8283,8283,779,3000
0,1.70E+08,2.45E+06,14850,14850,0,3250
0,1.70E+08,2.45E+06,14850,14850,0,3300
68.803,1.81E+08,2.82E+06,166118,166122,466,46500
100,1.89E+08,2.97E+06,438435,438430,0,69900
100,1.91E+08,2.94E+06,534150,534150,0,73400
100,1.92E+08,3.09E+06,536800,536800,242,75400
100,1.96E+08,3.12E+06,633991,633991,0,90300
100,1.97E+08,3.20E+06,755100,755100,0,93700
100,2.00E+08,3.34E+06,758750,758750,291,99800
100,2.09E+08,3.42E+06,879516,879516,0,131300
100,2.90E+08,5.40E+06,997934,997934,0,409950
100,2.98E+08,18608,1000000,1000000,0,433150
100,2.90E+08,5.31E+06,1032875,1032874,0,409950
100,2.90E+08,5.33E+06,1037990,1037990,0,413050
100,2.90E+08,5.33E+06,1042478,1042478,0,413050
100,2.13E+08,4.12E+06,1046377,1046376,355,140950
100,2.14E+08,4.00E+06,1061505,1061505,0,144500
100,2.12E+08,3.47E+06,1067273,1067274,0,139150
100,2.91E+08,5.39E+06,1086793,1086793,0,413200
100,2.98E+08,5.32E+06,1120841,1120841,0,433150
100,2.93E+08,5.33E+06,1125205,1125205,0,423000
100,2.18E+08,4.41E+06,1126169,1126169,0,158000
100,2.15E+08,3.77E+06,1127290,1127290,0,151100
100,2.17E+08,3.88E+06,1127340,1127340,231,153650
100,2.18E+08,4.37E+06,1129112,1129112,366,158300
100,2.19E+08,4.53E+06,1129892,1129892,214,159700
100,2.19E+08,4.37E+06,1129958,1129958,0,159550
100,2.17E+08,3.91E+06,1130238,1130238,0,155050
100,2.18E+08,4.41E+06,1130888,1130888,0,158350
100,2.19E+08,5.08E+06,1132097,1132097,394,161400
100,2.18E+08,3.83E+06,1137301,1137301,0,156400
100,2.20E+08,4.78E+06,1146603,1146603,0,162450
100,2.89E+08,5.34E+06,1149506,1149505,0,409000
100,2.89E+08,5.32E+06,1149653,1149656,0,409400
100,2.20E+08,4.69E+06,1156642,1156642,0,163200
100,2.19E+08,4.96E+06,1164341,1164341,0,161200
100,2.18E+08,4.40E+06,1173053,1173051,0,157450
100,2.18E+08,4.24E+06,1173609,1173609,282,157100
100,2.93E+08,5.36E+06,1175206,1175204,0,422950
100,2.89E+08,5.33E+06,1175386,1175388,0,409400
100,2.93E+08,5.32E+06,1176944,1176943,0,423000
100,2.90E+08,5.31E+06,1178949,1178948,0,410800
100,2.90E+08,5.37E+06,1183999,1184001,0,409950
100,2.94E+08,5.31E+06,1184457,1184457,0,423000
100,2.19E+08,4.66E+06,1190809,1190809,0,159700
100,2.90E+08,5.35E+06,1193217,1193217,0,413150
100,2.93E+08,5.36E+06,1198551,1198551,0,422950
100,2.91E+08,5.37E+06,1200188,1200188,0,413250
100,2.20E+08,4.87E+06,1201678,1201678,234,163200
100,2.90E+08,5.33E+06,1208644,1208644,0,413050
100,2.97E+08,5.34E+06,1234863,1234863,0,432950
100,2.91E+08,5.35E+06,1239446,1239446,0,413200
100,2.94E+08,5.32E+06,1258642,1258643,0,424050
100,2.20E+08,4.95E+06,1297984,1297984,0,163350
100,2.91E+08,5.34E+06,1300958,1300956,0,413200
100,2.98E+08,5.30E+06,1321546,1321546,0,433150
100,2.83E+08,5.51E+06,1326899,1326897,0,390850
100,2.91E+08,5.33E+06,1352749,1352749,0,413200
100,2.93E+08,5.31E+06,1359785,1359785,0,422900
100,2.90E+08,5.37E+06,1370134,1370135,0,409950
100,2.20E+08,5.02E+06,1371550,1371551,0,163750
100,2.94E+08,5.32E+06,1376415,1376415,0,424050
100,2.91E+08,5.32E+06,1380980,1380980,0,414200
100,2.93E+08,5.32E+06,1385780,1385780,0,423000
100,2.22E+08,5.53E+06,1389255,1389257,217,168500
100,2.90E+08,5.34E+06,1396274,1396274,0,409950
100,2.90E+08,5.32E+06,1398949,1398949,0,409800
100,2.90E+08,5.32E+06,1400541,1400540,0,409950
100,2.93E+08,5.32E+06,1405857,1405857,0,422900
100,2.91E+08,5.31E+06,1408868,1408870,0,414200
100,2.93E+08,5.32E+06,1433381,1433380,0,423000
100,2.91E+08,5.30E+06,1444817,1444817,0,413250
100,2.90E+08,5.35E+06,1446623,1446623,0,409950
100,2.93E+08,5.30E+06,1462490,1462490,0,422950
100,2.22E+08,5.32E+06,1462500,1462500,0,169300
100,2.22E+08,5.54E+06,1464084,1464080,0,169300
100,2.93E+08,5.36E+06,1479290,1479290,0,422950
100,2.93E+08,5.31E+06,1496016,1496016,0,422100
100,2.89E+08,5.34E+06,1505693,1505693,0,409000
100,2.90E+08,5.35E+06,1508137,1508137,0,413150
100,2.91E+08,5.35E+06,1512108,1512108,0,414200
100,2.93E+08,5.31E+06,1516144,1516144,0,423000
100,2.90E+08,5.32E+06,1534371,1534371,0,413150
100,2.90E+08,5.39E+06,1540654,1540654,0,413150
100,2.90E+08,5.32E+06,1581272,1581271,0,409800
100,2.93E+08,5.30E+06,1583919,1583919,0,423000
100,2.89E+08,5.33E+06,1611778,1611779,0,409000
100,2.94E+08,5.34E+06,1624781,1624781,0,423000
100,2.90E+08,5.34E+06,1630173,1630175,0,413150
100,2.93E+08,5.38E+06,1657942,1657942,0,423000
100,2.94E+08,5.30E+06,1660170,1660170,0,424050
100,2.93E+08,5.31E+06,1671329,1671330,0,423000
100,2.93E+08,5.32E+06,1674542,1674542,0,423000
100,2.91E+08,5.36E+06,1688870,1688867,0,413250
100,2.22E+08,5.71E+06,1707942,1707943,609,170600
100,2.93E+08,5.35E+06,1712855,1712852,0,423000
100,2.93E+08,5.31E+06,1723917,1723917,0,423000
100,2.90E+08,5.32E+06,1725391,1725389,0,409800
100,2.93E+08,5.34E+06,1726631,1726628,0,422600
100,2.93E+08,5.33E+06,1731490,1731490,0,422950
100,2.98E+08,5.32E+06,1742524,1742526,0,433150
100,2.94E+08,5.38E+06,1742834,1742834,0,423000
100,2.89E+08,5.40E+06,1743791,1743791,0,409000
100,2.93E+08,5.36E+06,1745482,1745484,0,422950
100,2.90E+08,5.33E+06,1752261,1752261,0,409800
100,2.79E+08,5.68E+06,1752734,1752734,0,378600
100,2.93E+08,5.30E+06,1758334,1758334,0,422350
100,2.93E+08,5.36E+06,1763628,1763628,0,423000
100,2.91E+08,5.30E+06,1766428,1766427,0,413200
100,2.90E+08,5.32E+06,1768734,1768731,0,409800
100,2.91E+08,5.32E+06,1771945,1771945,0,413250
100,2.98E+08,5.31E+06,1772090,1772090,0,433150
100,2.93E+08,5.30E+06,1776525,1776525,0,423000
100,2.93E+08,5.31E+06,1778072,1778072,0,422600
100,2.90E+08,5.31E+06,1778522,1778521,0,409800
100,2.98E+08,5.34E+06,1779357,1779356,0,433150
100,2.93E+08,5.33E+06,1780937,1780928,0,422950
100,2.97E+08,5.31E+06,1789537,1789537,0,432950
100,2.90E+08,5.32E+06,1790468,1790468,0,410800
100,2.93E+08,5.32E+06,1791360,1791361,0,422350
100,2.97E+08,5.32E+06,1791443,1791443,0,432950
100,2.98E+08,5.31E+06,1791814,1791816,0,433150
100,2.98E+08,5.31E+06,1792098,1792098,0,432950
100,2.90E+08,5.31E+06,1792260,1792262,0,409800
100,2.90E+08,5.31E+06,1796459,1796459,0,413050
100,2.89E+08,5.36E+06,1796843,1796841,0,409000
100,2.97E+08,5.32E+06,1797411,1797411,0,432950
100,2.93E+08,5.30E+06,1801335,1801331,0,422600
100,2.98E+08,5.30E+06,1803503,1803503,0,432950
100,2.90E+08,5.31E+06,1810636,1810635,0,410800
100,2.98E+08,5.31E+06,1812889,1812891,0,432950
100,2.90E+08,5.30E+06,1815556,1815556,0,409800
100,2.90E+08,5.31E+06,1816873,1816873,0,413050
100,2.94E+08,5.30E+06,1817703,1817702,0,423000
100,2.93E+08,5.35E+06,1820746,1820742,0,423000
100,2.98E+08,5.39E+06,1827862,1827862,0,433150
100,2.98E+08,5.31E+06,1831300,1831301,0,433150
100,2.93E+08,5.32E+06,1837127,1837126,0,422100
100,2.90E+08,5.33E+06,1837604,1837603,0,413150
100,2.90E+08,5.30E+06,1844036,1844036,0,409950
100,2.97E+08,5.37E+06,1847044,1847043,0,432950
100,2.94E+08,5.37E+06,1847074,1847074,0,423000
100,2.95E+08,5.40E+06,1847378,1847379,0,425800
100,2.91E+08,5.43E+06,1847728,1847728,0,413250
100,2.93E+08,5.32E+06,1850887,1850883,0,423000
100,2.91E+08,5.30E+06,1851275,1851275,0,413250
100,2.97E+08,5.30E+06,1853781,1853781,0,429900
100,2.91E+08,5.33E+06,1853824,1853824,0,413250
100,2.89E+08,5.32E+06,1855573,1855573,0,409000
100,2.93E+08,5.31E+06,1856637,1856637,0,423000
100,2.93E+08,5.30E+06,1856734,1856734,0,423000
100,2.94E+08,5.34E+06,1857801,1857801,0,423000
100,2.98E+08,5.36E+06,1861420,1861420,0,432950
100,2.90E+08,5.39E+06,1863003,1863004,0,409950
100,2.89E+08,5.31E+06,1863783,1863783,0,409000
100,2.91E+08,5.31E+06,1863852,1863851,0,413200
100,2.93E+08,5.34E+06,1865073,1865073,0,422900
100,2.90E+08,5.31E+06,1867110,1867110,0,413050
100,2.97E+08,5.31E+06,1867588,1867588,0,432950
100,2.93E+08,5.30E+06,1870947,1870948,0,422350
100,2.93E+08,5.33E+06,1873123,1873123,0,422100
100,2.90E+08,5.31E+06,1873364,1873362,0,409750
100,2.97E+08,5.34E+06,1874036,1874036,0,432950
100,2.90E+08,5.30E+06,1874494,1874495,0,413150
100,2.90E+08,5.30E+06,1876649,1876649,0,413050
100,2.90E+08,5.34E+06,1880182,1880182,0,410800
100,2.87E+08,5.43E+06,1881048,1881045,0,401250
100,2.94E+08,5.31E+06,1887473,1887473,0,423000
100,2.94E+08,5.35E+06,1891936,1891936,0,423000
100,2.89E+08,5.41E+06,1900711,1900712,0,409000
100,2.90E+08,5.30E+06,1900763,1900763,0,409800
100,2.93E+08,5.33E+06,1901647,1901646,0,422950
100,2.93E+08,5.36E+06,1902512,1902514,0,422900
100,2.91E+08,5.33E+06,1904491,1904491,0,413250
100,2.93E+08,5.36E+06,1905120,1905119,0,423000
100,2.93E+08,5.31E+06,1906255,1906256,0,422100
100,2.91E+08,5.37E+06,1912621,1912622,0,413200
100,2.98E+08,5.33E+06,1919553,1919553,0,432950
100,2.90E+08,5.34E+06,1920960,1920960,0,409950
100,2.93E+08,5.32E+06,1921677,1921677,0,423000
100,2.97E+08,5.33E+06,1926435,1926435,0,429900
100,2.90E+08,5.31E+06,1930303,1930296,0,413150
100,2.90E+08,5.31E+06,1930833,1930829,0,413150
100,2.90E+08,5.33E+06,1931882,1931882,0,409800
100,2.94E+08,5.34E+06,1933825,1933825,0,423000
100,2.90E+08,5.31E+06,1934341,1934342,0,413150
100,2.91E+08,5.35E+06,1934372,1934372,0,413200
100,2.94E+08,5.32E+06,1934822,1934822,0,423000
100,2.93E+08,5.30E+06,1938414,1938414,0,422350
100,2.90E+08,5.30E+06,1939138,1939137,0,409950
100,2.91E+08,5.34E+06,1939778,1939778,0,413250
100,2.90E+08,5.34E+06,1945319,1945319,0,413050
100,2.94E+08,5.30E+06,1946394,1946394,0,423000
100,2.90E+08,5.32E+06,1948216,1948218,0,409950
100,2.90E+08,5.46E+06,1950025,1950024,0,409950
100,2.90E+08,5.40E+06,1950366,1950366,0,413050
100,2.93E+08,5.32E+06,1950738,1950738,0,423000
100,2.90E+08,5.31E+06,1950986,1950986,0,409950
100,2.90E+08,5.33E+06,1954132,1954132,0,409950
100,2.93E+08,5.31E+06,1954591,1954593,0,423000
100,2.98E+08,5.31E+06,1954965,1954965,0,433150
100,2.93E+08,5.30E+06,1958051,1958051,0,422900
100,2.93E+08,5.30E+06,1961305,1961305,0,422950
100,2.90E+08,5.34E+06,1961438,1961437,0,409950
100,2.93E+08,5.31E+06,1961794,1961794,0,422900
100,2.90E+08,5.32E+06,1963844,1963845,0,409950
100,2.93E+08,5.30E+06,1966540,1966541,0,422350
100,2.90E+08,5.33E+06,1970949,1970949,0,409800
100,2.93E+08,5.33E+06,1972435,1972436,0,423000
100,2.93E+08,5.38E+06,1974105,1974107,0,422900
100,2.90E+08,5.33E+06,1977073,1977073,0,409800
100,2.93E+08,5.33E+06,1978757,1978757,0,423000
100,2.89E+08,5.43E+06,1981078,1981079,0,409000
100,2.90E+08,5.31E+06,1981808,1981808,0,409800
100,2.90E+08,5.30E+06,1984413,1984413,0,409750
100,2.93E+08,5.33E+06,1987927,1987917,0,423000
100,2.90E+08,5.31E+06,1988023,1988023,0,409950
100,2.93E+08,5.30E+06,1988167,1988167,0,422900
100,2.89E+08,5.36E+06,1989306,1989306,0,409000
100,2.93E+08,5.30E+06,1991097,1991100,0,423000
100,2.93E+08,5.32E+06,1992388,1992388,0,422900
100,2.91E+08,5.32E+06,1997236,1997236,0,414200
100,2.98E+08,5.30E+06,2002414,2002413,0,433150
100,2.89E+08,5.32E+06,2004249,2004250,0,409000
100,2.94E+08,5.34E+06,2004961,2004961,0,423000
100,2.90E+08,5.30E+06,2006201,2006201,0,413150
100,2.91E+08,5.30E+06,2009039,2009040,0,413200
100,2.93E+08,5.31E+06,2014821,2014821,0,423000
100,2.90E+08,5.30E+06,2016413,2016413,0,413050
100,2.90E+08,5.31E+06,2016551,2016551,0,413150
100,2.90E+08,5.34E+06,2017572,2017572,0,413150
100,2.90E+08,5.33E+06,2018992,2018992,0,413150
100,2.93E+08,5.33E+06,2019993,2019993,0,423000
100,2.98E+08,5.35E+06,2023935,2023935,0,432950
100,2.93E+08,5.30E+06,2024083,2024083,0,423000
100,2.93E+08,5.35E+06,2024185,2024185,0,422900
100,2.93E+08,5.30E+06,2024820,2024820,0,423000
100,2.93E+08,5.33E+06,2025497,2025495,0,422600
100,2.91E+08,5.31E+06,2025704,2025703,0,413250
100,2.91E+08,5.33E+06,2026732,2026732,0,413200
100,2.90E+08,5.32E+06,2034486,2034486,0,413150
100,2.93E+08,5.35E+06,2041182,2041182,0,422900
100,2.90E+08,5.30E+06,2043058,2043057,0,413050
100,2.91E+08,5.33E+06,2043091,2043090,0,413200
100,2.91E+08,5.44E+06,2043657,2043657,0,413250
100,2.90E+08,5.37E+06,2044821,2044820,0,413050
100,2.93E+08,5.31E+06,2048362,2048362,0,423000
100,2.93E+08,5.30E+06,2048537,2048539,0,423000
100,2.98E+08,5.30E+06,2050161,2050160,0,433150
100,2.93E+08,5.30E+06,2051537,2051538,0,422350
100,2.93E+08,5.40E+06,2054029,2054029,0,422950
100,2.89E+08,5.30E+06,2057755,2057753,0,409400
100,2.93E+08,5.32E+06,2059538,2059538,0,422100
100,2.73E+08,5.60E+06,2061107,2061107,0,359400
100,2.90E+08,5.33E+06,2063136,2063140,0,409950
100,2.98E+08,5.32E+06,2064503,2064503,0,433150
100,2.98E+08,5.31E+06,2064573,2064573,0,432950
100,2.93E+08,5.31E+06,2066349,2066349,0,422350
100,2.93E+08,5.33E+06,2067721,2067721,0,422950
100,2.90E+08,5.32E+06,2068805,2068805,0,409800
100,2.94E+08,5.38E+06,2069184,2069184,0,423000
100,2.93E+08,5.32E+06,2072434,2072434,0,422350
100,2.98E+08,5.30E+06,2073731,2073731,0,433150
100,2.90E+08,5.30E+06,2076173,2076174,0,413150
100,2.94E+08,5.33E+06,2079878,2079872,0,423000
100,2.90E+08,5.31E+06,2079896,2079897,0,413150
100,2.91E+08,5.31E+06,2084498,2084498,0,414200
100,2.89E+08,5.30E+06,2084642,2084639,0,409000
100,2.90E+08,5.33E+06,2086372,2086371,0,413150
100,2.93E+08,5.30E+06,2087108,2087108,0,422900
100,2.93E+08,5.30E+06,2087159,2087158,0,423000
100,2.90E+08,5.33E+06,2087564,2087565,0,409950
100,2.94E+08,5.34E+06,2090316,2090316,0,424050
100,2.93E+08,5.30E+06,2091870,2091870,0,422350
100,2.93E+08,5.33E+06,2093056,2093056,0,422900
100,2.97E+08,5.39E+06,2094871,2094873,0,432950
100,2.93E+08,5.34E+06,2097712,2097712,0,422950
100,2.90E+08,5.30E+06,2101572,2101571,0,413150
100,2.98E+08,5.32E+06,2104564,2104564,0,433150
100,2.93E+08,5.30E+06,2105676,2105675,0,423000
100,2.89E+08,5.33E+06,2105939,2105938,0,409000
100,2.90E+08,5.34E+06,2106956,2106953,0,409950
100,2.93E+08,5.34E+06,2107034,2107034,0,422950
100,2.94E+08,5.31E+06,2108858,2108858,0,423000
100,2.90E+08,5.33E+06,2110022,2110022,0,409800
100,2.98E+08,5.30E+06,2111049,2111049,0,432950
100,2.93E+08,5.33E+06,2111398,2111398,0,422950
100,2.91E+08,5.33E+06,2112782,2112782,0,413200
100,2.89E+08,5.36E+06,2115802,2115799,0,409000
100,2.90E+08,5.32E+06,2117185,2117184,0,413050
100,2.90E+08,5.35E+06,2121351,2121348,0,409950
100,2.90E+08,5.31E+06,2122209,2122209,0,410800
100,2.89E+08,5.32E+06,2124102,2124102,0,409000
100,2.98E+08,5.32E+06,2124215,2124215,0,433150
100,2.91E+08,5.32E+06,2128965,2128965,0,413150
100,2.90E+08,5.31E+06,2129626,2129626,0,409950
100,2.94E+08,5.34E+06,2130646,2130645,0,424050
100,2.98E+08,5.30E+06,2131227,2131228,0,433150
100,2.90E+08,5.34E+06,2133372,2133370,0,413150
100,2.97E+08,5.30E+06,2135741,2135741,0,429900
100,2.89E+08,5.36E+06,2136801,2136801,0,409000
100,2.89E+08,5.41E+06,2137139,2137134,0,409400
100,2.90E+08,5.32E+06,2137283,2137283,0,409950
100,2.97E+08,5.32E+06,2137883,2137883,0,429900
100,2.90E+08,5.36E+06,2141423,2141422,0,409950
100,2.90E+08,5.33E+06,2142447,2142447,0,409950
100,2.93E+08,5.30E+06,2142811,2142811,0,423000
100,2.91E+08,5.32E+06,2144510,2144511,0,413250
100,2.91E+08,5.32E+06,2145108,2145106,0,413250
100,2.93E+08,5.34E+06,2145139,2145139,0,423000
100,2.91E+08,5.32E+06,2146857,2146856,0,413250
100,2.90E+08,5.33E+06,2147563,2147564,0,409800
100,2.90E+08,5.37E+06,2148189,2148189,0,409950
100,2.94E+08,5.41E+06,2148695,2148695,0,423000
100,2.93E+08,5.31E+06,2148881,2148881,0,422900
100,2.93E+08,5.30E+06,2151314,2151314,0,422600
100,2.98E+08,5.30E+06,2154509,2154507,0,432950
100,2.90E+08,5.33E+06,2156096,2156096,0,413150
100,2.90E+08,5.31E+06,2163069,2163069,0,409950
100,2.90E+08,5.31E+06,2165163,2165163,0,413150
100,2.94E+08,5.33E+06,2167077,2167078,0,424050
100,2.90E+08,5.31E+06,2167506,2167506,0,409800
100,2.89E+08,5.41E+06,2172400,2172399,0,409000
100,2.90E+08,5.31E+06,2174039,2174038,0,410800
100,2.98E+08,5.30E+06,2174377,2174375,0,433150
100,2.91E+08,5.34E+06,2176578,2176578,0,413200
100,2.90E+08,5.30E+06,2179512,2179511,0,413150
100,2.93E+08,5.37E+06,2179701,2179701,0,422900
100,2.91E+08,5.31E+06,2179921,2179921,0,413200
100,2.93E+08,5.36E+06,2184147,2184147,0,422600
100,2.93E+08,5.33E+06,2185820,2185822,0,422100
100,2.90E+08,5.32E+06,2185945,2185945,0,410800
100,2.97E+08,5.31E+06,2187208,2187208,0,432950
100,2.90E+08,5.34E+06,2187369,2187369,0,409950
100,2.93E+08,5.30E+06,2188735,2188735,0,422950
100,2.91E+08,5.37E+06,2191730,2191729,0,413250
100,2.93E+08,5.31E+06,2198107,2198107,0,422350
100,2.90E+08,5.32E+06,2207703,2207703,0,413150
100,2.93E+08,5.39E+06,2208153,2208153,0,423000
100,2.90E+08,5.31E+06,2209971,2209969,0,413150
100,2.91E+08,5.36E+06,2210541,2210541,0,413200
100,2.90E+08,5.32E+06,2210561,2210561,0,410800
100,2.97E+08,5.34E+06,2212365,2212365,0,432950
100,2.93E+08,5.40E+06,2214514,2214514,0,422350
100,2.97E+08,5.36E+06,2214841,2214842,0,429500
100,2.93E+08,5.32E+06,2215382,2215377,0,422950
100,2.97E+08,5.32E+06,2216113,2216113,0,429900
100,2.98E+08,5.33E+06,2216803,2216804,0,433150
100,2.90E+08,5.31E+06,2218391,2218391,0,413150
100,2.97E+08,5.32E+06,2218552,2218553,0,432950
100,2.93E+08,5.34E+06,2220501,2220501,0,422600
100,2.90E+08,5.33E+06,2222597,2222598,0,409800
100,2.90E+08,5.35E+06,2222743,2222744,0,410800
100,2.94E+08,5.32E+06,2223456,2223455,0,423000
100,2.90E+08,5.30E+06,2226074,2226074,0,409800
100,2.95E+08,5.39E+06,2226888,2226888,0,424550
100,2.90E+08,5.35E+06,2227563,2227567,0,413150
100,2.95E+08,5.31E+06,2228191,2228189,0,425800
100,2.89E+08,5.33E+06,2228551,2228551,0,409000
100,2.94E+08,5.33E+06,2230784,2230784,0,424050
100,2.90E+08,5.32E+06,2231330,2231330,0,413150
100,2.93E+08,5.30E+06,2235936,2235936,0,422950
100,2.89E+08,5.31E+06,2236345,2236345,0,409000
100,2.93E+08,5.30E+06,2239513,2239512,0,422950
100,2.89E+08,5.32E+06,2246693,2246693,0,409000
100,2.97E+08,5.32E+06,2248408,2248407,0,429900
100,2.93E+08,5.32E+06,2248737,2248737,0,422900
100,2.93E+08,5.30E+06,2249034,2249034,0,423000
100,2.93E+08,5.30E+06,2252264,2252264,0,422100
100,2.97E+08,5.35E+06,2252284,2252283,0,429500
100,2.90E+08,5.30E+06,2253846,2253846,0,409950
100,2.90E+08,5.46E+06,2257872,2257871,0,413150
100,2.90E+08,5.36E+06,2261862,2261862,0,409950
100,2.90E+08,5.48E+06,2261893,2261893,0,410800
100,2.90E+08,5.33E+06,2262003,2262003,0,409950
100,2.90E+08,5.34E+06,2262247,2262247,0,410800
100,2.93E+08,5.30E+06,2262314,2262311,0,423000
100,2.93E+08,5.32E+06,2262925,2262927,0,422100
100,2.90E+08,5.30E+06,2264286,2264286,0,409950
100,2.90E+08,5.32E+06,2267446,2267446,0,413050
100,2.90E+08,5.31E+06,2267715,2267716,0,409800
100,2.90E+08,5.30E+06,2270184,2270184,0,409950
100,2.93E+08,5.33E+06,2274945,2274947,0,423000
100,2.93E+08,5.32E+06,2275003,2275003,0,422900
100,2.91E+08,5.30E+06,2275975,2275974,0,413250
100,2.93E+08,5.32E+06,2279398,2279398,0,423000
100,2.91E+08,5.30E+06,2279834,2279838,0,413200
100,2.93E+08,5.30E+06,2280470,2280468,0,423000
100,2.90E+08,5.31E+06,2280907,2280907,0,413050
100,2.93E+08,5.39E+06,2285419,2285419,0,423000
100,2.93E+08,5.30E+06,2285989,2285989,0,422950
100,2.93E+08,5.36E+06,2286049,2286049,0,422950
100,2.93E+08,5.30E+06,2287016,2287016,0,422900
100,2.91E+08,5.33E+06,2287085,2287085,0,413250
100,2.97E+08,5.30E+06,2288232,2288233,0,429500
100,2.93E+08,5.30E+06,2288735,2288735,0,422900
100,2.93E+08,5.31E+06,2294885,2294885,0,423000
100,2.90E+08,5.32E+06,2295659,2295659,0,413150
100,2.93E+08,5.31E+06,2297284,2297284,0,422900
100,2.90E+08,5.31E+06,2298761,2298760,0,409750
100,2.93E+08,5.36E+06,2300276,2300276,0,422350
100,2.93E+08,5.35E+06,2300467,2300468,0,423000
100,2.93E+08,5.35E+06,2302222,2302222,0,422950
100,2.98E+08,5.34E+06,2302507,2302509,0,433150
100,2.91E+08,5.32E+06,2305030,2305029,0,413200
100,2.91E+08,5.45E+06,2308983,2308983,0,413200
100,2.93E+08,5.33E+06,2309667,2309667,0,422900
100,2.93E+08,5.31E+06,2311971,2311969,0,423000
100,2.90E+08,5.34E+06,2312557,2312557,0,413150
100,2.94E+08,5.30E+06,2312719,2312719,0,424050
100,2.93E+08,5.32E+06,2312939,2312938,0,422600
100,2.90E+08,5.36E+06,2313972,2313972,0,410800
100,2.97E+08,5.31E+06,2314829,2314829,0,429900
100,2.97E+08,5.34E+06,2316802,2316802,0,429900
100,2.98E+08,5.30E+06,2320450,2320450,0,433150
100,2.91E+08,5.30E+06,2327102,2327102,0,413250
100,2.93E+08,5.35E+06,2329147,2329147,0,422950
100,2.97E+08,5.30E+06,2329404,2329400,0,429500
100,2.93E+08,5.30E+06,2331573,2331569,0,423000
100,2.93E+08,5.30E+06,2333949,2333949,0,422950
100,2.89E+08,5.32E+06,2334641,2334642,0,409000
100,2.89E+08,5.32E+06,2339491,2339490,0,409000
100,2.93E+08,5.35E+06,2340851,2340851,0,423000
100,2.90E+08,5.39E+06,2343330,2343330,0,409950
100,2.93E+08,5.37E+06,2345328,2345328,0,423000
100,2.91E+08,5.30E+06,2346343,2346346,0,413200
100,2.90E+08,5.38E+06,2348161,2348161,0,413150
100,2.93E+08,5.37E+06,2348781,2348782,0,422350
100,2.90E+08,5.30E+06,2349911,2349911,0,413150
100,2.93E+08,5.33E+06,2350090,2350090,0,422100
100,2.90E+08,5.33E+06,2355048,2355048,0,409800
100,2.93E+08,5.31E+06,2358284,2358284,0,422950
100,2.91E+08,5.30E+06,2360219,2360219,0,413200
100,2.97E+08,5.36E+06,2364228,2364228,0,429500
100,2.90E+08,5.32E+06,2366041,2366035,0,413050
100,2.91E+08,5.31E+06,2370409,2370409,0,413200
100,2.90E+08,5.36E+06,2371752,2371752,0,409950
100,2.90E+08,5.33E+06,2371812,2371812,0,410800
100,2.90E+08,5.31E+06,2373154,2373154,0,413050
100,2.97E+08,5.41E+06,2373190,2373190,0,432950
100,2.90E+08,5.30E+06,2377720,2377720,0,413050
100,2.91E+08,5.35E+06,2378709,2378709,0,414200
100,2.97E+08,5.41E+06,2381702,2381702,0,429500
100,2.97E+08,5.32E+06,2385959,2385959,0,429500
100,2.97E+08,5.30E+06,2387291,2387291,0,429900
100,2.98E+08,5.31E+06,2390223,2390223,0,433150
100,2.93E+08,5.30E+06,2390896,2390896,0,422350
100,2.90E+08,5.30E+06,2392361,2392357,0,413050
100,2.94E+08,5.33E+06,2392905,2392904,0,423000
100,2.93E+08,5.32E+06,2393371,2393364,0,422900
100,2.93E+08,5.30E+06,2394565,2394561,0,422600
100,2.91E+08,5.36E+06,2397607,2397605,0,414200
100,2.93E+08,5.31E+06,2398267,2398267,0,422900
100,2.98E+08,5.36E+06,2399099,2399100,0,433150
100,2.98E+08,5.35E+06,2400558,2400558,0,433150
100,2.93E+08,5.31E+06,2400747,2400747,0,423000
100,2.98E+08,5.32E+06,2403706,2403708,0,433150
100,2.90E+08,5.32E+06,2404932,2404932,0,413150
100,2.97E+08,5.38E+06,2406475,2406475,0,432950
100,2.98E+08,5.31E+06,2409871,2409869,0,433150
100,2.90E+08,5.36E+06,2409877,2409877,0,413150
100,2.90E+08,5.37E+06,2410160,2410160,0,409950
100,2.90E+08,5.30E+06,2411860,2411860,0,413050
100,2.93E+08,5.35E+06,2412952,2412952,0,422950
100,2.90E+08,5.30E+06,2413082,2413080,0,410800
100,2.94E+08,5.30E+06,2413354,2413357,0,424050
100,2.94E+08,5.35E+06,2414347,2414348,0,423000
100,2.90E+08,5.30E+06,2416239,2416239,0,409800
100,2.90E+08,5.30E+06,2417210,2417210,0,413150
100,2.93E+08,5.30E+06,2417777,2417777,0,423000
100,2.97E+08,5.39E+06,2417969,2417968,0,429900
100,2.90E+08,5.31E+06,2422257,2422255,0,410800
100,2.93E+08,5.30E+06,2423357,2423357,0,422600
100,2.97E+08,5.34E+06,2423379,2423379,0,429500
100,2.93E+08,5.31E+06,2425190,2425190,0,423000
100,2.90E+08,5.30E+06,2428716,2428716,0,413150
100,2.90E+08,5.34E+06,2435280,2435277,0,409950
100,2.90E+08,5.35E+06,2438684,2438684,0,410800
100,2.97E+08,5.33E+06,2439376,2439374,0,432950
100,2.90E+08,5.35E+06,2440243,2440242,0,409800
100,2.90E+08,5.35E+06,2442267,2442265,0,409800
100,2.90E+08,5.45E+06,2445725,2445722,0,413150
100,2.97E+08,5.31E+06,2447178,2447175,0,429500
100,2.93E+08,5.31E+06,2448328,2448326,0,422100
100,2.93E+08,5.30E+06,2451579,2451579,0,422950
100,2.93E+08,5.35E+06,2451752,2451753,0,422350
100,2.90E+08,5.41E+06,2452457,2452457,0,413050
100,2.90E+08,5.31E+06,2453122,2453122,0,413150
100,2.97E+08,5.45E+06,2455006,2455006,0,432950
100,2.91E+08,5.30E+06,2460766,2460766,0,413200
100,2.97E+08,5.32E+06,2462327,2462327,0,429500
100,2.91E+08,5.35E+06,2463933,2463933,0,413250
100,2.89E+08,5.38E+06,2464623,2464620,0,409400
100,2.90E+08,5.30E+06,2467606,2467604,0,409750
100,2.93E+08,5.39E+06,2467799,2467799,0,423000
100,2.97E+08,5.36E+06,2470666,2470666,0,429500
100,2.89E+08,5.33E+06,2471607,2471607,0,409000
100,2.95E+08,5.33E+06,2476452,2476452,0,425800
100,2.90E+08,5.32E+06,2480939,2480939,0,409950
100,2.93E+08,5.33E+06,2484065,2484065,0,422950
100,2.97E+08,5.43E+06,2484593,2484592,0,432950
100,2.93E+08,5.33E+06,2484727,2484727,0,422950
100,2.93E+08,5.31E+06,2485334,2485334,0,422950
100,2.97E+08,5.34E+06,2485523,2485523,0,429900
100,2.91E+08,5.38E+06,2489031,2489031,0,413200
100,2.90E+08,5.38E+06,2491995,2491998,0,410800
100,2.90E+08,5.32E+06,2495575,2495573,0,409800
100,2.90E+08,5.30E+06,2495594,2495594,0,409800
100,2.90E+08,5.32E+06,2495829,2495829,0,409950
100,2.94E+08,5.31E+06,2501799,2501798,0,423000
100,2.94E+08,5.34E+06,2502390,2502391,0,424050
100,2.90E+08,5.30E+06,2506865,2506866,0,413150
100,2.97E+08,5.46E+06,2507279,2507280,0,429500
100,2.93E+08,5.31E+06,2507705,2507705,0,423000
100,2.91E+08,5.30E+06,2507922,2507916,0,414200
100,2.91E+08,5.30E+06,2509887,2509886,0,413150
100,2.90E+08,5.31E+06,2510238,2510238,0,409800
100,2.90E+08,5.30E+06,2511259,2511259,0,409950
100,2.98E+08,5.32E+06,2513312,2513312,0,432950
100,2.98E+08,5.30E+06,2516367,2516367,0,433150
100,2.94E+08,5.36E+06,2516937,2516937,0,423000
100,2.90E+08,5.31E+06,2518061,2518060,0,413150
100,2.97E+08,5.33E+06,2518181,2518181,0,429900
100,2.91E+08,5.35E+06,2520533,2520534,0,413150
100,2.90E+08,5.36E+06,2521182,2521183,0,409950
100,2.90E+08,5.31E+06,2521835,2521835,0,413150
100,2.90E+08,5.35E+06,2524565,2524565,0,413150
100,2.98E+08,5.30E+06,2525718,2525716,0,433150
100,2.90E+08,5.42E+06,2526051,2526053,0,413050
100,2.94E+08,5.33E+06,2526364,2526364,0,423000
100,2.97E+08,5.31E+06,2528111,2528111,0,432950
100,2.91E+08,5.30E+06,2529188,2529188,0,413150
100,2.90E+08,5.34E+06,2531075,2531077,0,409800
100,2.93E+08,5.30E+06,2532647,2532647,0,423000
100,2.97E+08,5.36E+06,2534844,2534847,0,432950
100,2.23E+08,5.69E+06,2535061,2535058,0,175500
100,2.90E+08,5.33E+06,2537075,2537075,0,413150
100,2.89E+08,5.43E+06,2537453,2537453,0,409000
100,2.90E+08,5.41E+06,2538798,2538798,0,413150
100,2.97E+08,5.37E+06,2540527,2540530,0,432950
100,2.93E+08,5.35E+06,2541324,2541325,0,423000
100,2.90E+08,5.33E+06,2541545,2541547,0,413150
100,2.90E+08,5.39E+06,2543715,2543715,0,413050
100,2.90E+08,5.31E+06,2546073,2546072,0,410800
100,2.90E+08,5.34E+06,2549369,2549369,0,409950
100,2.93E+08,5.34E+06,2550827,2550829,0,423000
100,2.90E+08,5.30E+06,2551994,2551992,0,409950
100,2.93E+08,5.30E+06,2552528,2552528,0,422100
100,2.98E+08,5.30E+06,2555319,2555319,0,433150
100,2.90E+08,5.30E+06,2555454,2555454,0,409800
100,2.90E+08,5.33E+06,2555561,2555561,0,409800
100,2.97E+08,5.34E+06,2555752,2555751,0,432950
100,2.93E+08,5.30E+06,2560779,2560779,0,422900
100,2.93E+08,5.30E+06,2562654,2562654,0,422600
100,2.93E+08,5.32E+06,2563012,2563012,0,422600
100,2.93E+08,5.30E+06,2563635,2563633,0,423000
100,2.97E+08,5.34E+06,2564042,2564042,0,432950
100,2.93E+08,5.43E+06,2567558,2567559,0,422900
100,2.93E+08,5.34E+06,2567958,2567958,0,422900
100,2.90E+08,5.37E+06,2577581,2577582,0,413050
100,2.90E+08,5.30E+06,2579254,2579251,0,410800
100,2.90E+08,5.45E+06,2579912,2579912,0,409950
100,2.91E+08,5.32E+06,2580193,2580193,0,413250
100,2.98E+08,5.38E+06,2580595,2580595,0,433150
100,2.93E+08,5.36E+06,2583705,2583705,0,422950
100,2.89E+08,5.39E+06,2584333,2584333,0,409000
100,2.93E+08,5.30E+06,2585450,2585450,0,423000
100,2.93E+08,5.36E+06,2585634,2585634,0,423000
100,2.98E+08,5.36E+06,2590091,2590092,0,433150
100,2.93E+08,5.34E+06,2592475,2592476,0,423000
100,2.73E+08,5.87E+06,2594639,2594639,0,359400
100,2.93E+08,5.33E+06,2599159,2599159,0,422900
100,2.94E+08,5.33E+06,2599399,2599398,0,424050
100,2.90E+08,5.39E+06,2604127,2604127,0,413050
100,2.89E+08,5.32E+06,2605343,2605341,0,409000
100,2.90E+08,5.38E+06,2606629,2606629,0,409950
100,2.93E+08,5.30E+06,2606691,2606691,0,422950
100,2.98E+08,1.84E+06,2608618,2608618,0,433150
100,2.90E+08,5.34E+06,2609314,2609314,0,413150
100,2.83E+08,5.56E+06,2611834,2611837,0,390850
100,2.93E+08,5.41E+06,2613333,2613333,0,422350
100,2.93E+08,5.32E+06,2616417,2616417,0,423000
100,2.89E+08,5.34E+06,2617501,2617501,0,409000
100,2.91E+08,5.30E+06,2618714,2618714,0,413200
100,2.95E+08,5.40E+06,2621091,2621091,0,424550
100,2.90E+08,5.33E+06,2622247,2622248,0,410800
100,2.94E+08,5.42E+06,2623191,2623191,0,423000
100,2.90E+08,5.31E+06,2624168,2624168,0,409950
100,2.93E+08,5.31E+06,2624667,2624667,0,423000
100,2.98E+08,5.30E+06,2626334,2626334,0,433150
100,2.91E+08,5.43E+06,2629897,2629898,0,413250
100,2.94E+08,5.38E+06,2630398,2630398,0,423000
100,2.23E+08,5.88E+06,2631284,2631281,0,175700
100,2.89E+08,5.34E+06,2635042,2635044,0,409400
100,2.93E+08,5.30E+06,2637301,2637302,0,422900
100,2.93E+08,5.32E+06,2637470,2637468,0,422950
100,2.90E+08,5.30E+06,2637471,2637470,0,413150
100,2.93E+08,5.30E+06,2640859,2640859,0,423000
100,2.98E+08,5.32E+06,2646084,2646084,0,432950
100,2.91E+08,5.33E+06,2650610,2650613,0,413200
100,2.89E+08,5.43E+06,2653386,2653384,0,409150
100,2.91E+08,5.38E+06,2658254,2658255,0,413250
100,2.97E+08,5.33E+06,2659107,2659107,0,429900
100,2.89E+08,5.32E+06,2659153,2659153,0,409000
100,2.93E+08,5.35E+06,2660583,2660583,0,422350
100,2.97E+08,5.37E+06,2661380,2661380,0,429900
100,2.93E+08,5.30E+06,2662826,2662826,0,422350
100,2.94E+08,5.30E+06,2663126,2663125,0,424050
100,2.93E+08,5.31E+06,2665548,2665548,0,422950
100,2.90E+08,5.33E+06,2665948,2665946,0,409950
100,2.90E+08,5.30E+06,2666601,2666600,0,409950
100,2.87E+08,5.51E+06,2667029,2667030,0,401250
100,2.90E+08,5.30E+06,2667100,2667099,0,413150
100,2.97E+08,5.30E+06,2668980,2668980,0,429900
100,2.93E+08,5.38E+06,2670865,2670864,0,422100
100,2.90E+08,5.41E+06,2672789,2672790,0,413150
100,2.91E+08,5.37E+06,2674045,2674045,0,413200
100,2.90E+08,5.33E+06,2681646,2681646,0,409950
100,2.93E+08,5.33E+06,2682304,2682304,0,423000
100,2.93E+08,5.30E+06,2682533,2682533,0,423000
100,2.90E+08,5.32E+06,2686808,2686807,0,413150
100,2.93E+08,5.30E+06,2687276,2687276,0,423000
100,2.90E+08,5.38E+06,2687301,2687301,0,413150
100,2.90E+08,5.37E+06,2689178,2689178,0,409950
100,2.93E+08,5.34E+06,2689568,2689569,0,422600
100,2.93E+08,5.39E+06,2689702,2689702,0,423000
100,2.91E+08,5.31E+06,2689957,2689957,0,414200
100,2.90E+08,5.43E+06,2691794,2691795,0,409800
100,2.89E+08,5.30E+06,2692147,2692147,0,409000
100,2.98E+08,5.36E+06,2695541,2695542,0,432950
100,2.90E+08,5.30E+06,2696061,2696059,0,409950
100,2.90E+08,5.31E+06,2697795,2697795,0,413050
100,2.94E+08,5.31E+06,2702638,2702637,0,423000
100,2.93E+08,5.45E+06,2708359,2708358,0,422350
100,2.90E+08,5.36E+06,2709192,2709193,0,413150
100,2.90E+08,5.42E+06,2709445,2709445,0,409800
100,2.90E+08,5.35E+06,2710135,2710135,0,410800
100,2.98E+08,5.33E+06,2711407,2711407,0,433150
100,2.91E+08,5.30E+06,2712613,2712613,0,413200
100,2.89E+08,5.31E+06,2712694,2712694,0,409000
100,2.98E+08,5.30E+06,2714867,2714867,0,433150
100,2.93E+08,5.45E+06,2714885,2714885,0,423000
100,2.93E+08,5.36E+06,2715340,2715339,0,423000
100,2.91E+08,5.38E+06,2716378,2716378,0,413150
100,2.97E+08,5.38E+06,2716950,2716950,0,429900
100,2.93E+08,5.31E+06,2717445,2717445,0,422900
100,2.91E+08,5.37E+06,2718664,2718664,0,413200
100,2.91E+08,5.39E+06,2722613,2722612,0,413250
100,2.97E+08,5.36E+06,2723103,2723098,0,429900
100,2.98E+08,5.37E+06,2723424,2723424,0,433150
100,2.89E+08,5.32E+06,2727492,2727483,0,409000
100,2.94E+08,5.34E+06,2730889,2730890,0,423000
100,2.90E+08,5.35E+06,2734325,2734324,0,409950
100,2.90E+08,5.56E+06,2736669,2736667,0,409800
100,2.93E+08,5.35E+06,2736815,2736817,0,423000
100,2.90E+08,5.35E+06,2737090,2737090,0,413050
100,2.98E+08,5.39E+06,2737494,2737490,0,432950
100,2.93E+08,5.30E+06,2737896,2737897,0,423000
100,2.93E+08,5.37E+06,2738760,2738760,0,422950
100,2.93E+08,5.31E+06,2739577,2739577,0,423000
100,2.94E+08,5.34E+06,2740016,2740016,0,424050
100,2.93E+08,5.31E+06,2741986,2741986,0,422600
100,2.94E+08,5.30E+06,2742097,2742097,0,424050
100,2.91E+08,5.38E+06,2742425,2742423,0,413200
100,2.90E+08,5.37E+06,2743863,2743862,0,410800
100,2.90E+08,5.32E+06,2745809,2745808,0,409950
100,2.94E+08,5.46E+06,2746464,2746464,0,423000
100,2.91E+08,5.30E+06,2746875,2746875,0,413200
100,2.94E+08,5.31E+06,2747107,2747107,0,423000
100,2.93E+08,5.37E+06,2747631,2747633,0,422950
100,2.90E+08,5.34E+06,2747853,2747853,0,413050
100,2.91E+08,5.34E+06,2753805,2753806,0,413200
100,2.93E+08,5.38E+06,2756046,2756047,0,422600
100,2.66E+08,6.06E+06,2756624,2756625,138,335550
100,2.90E+08,5.31E+06,2758473,2758473,0,413150
100,2.91E+08,5.37E+06,2759106,2759108,0,413250
100,2.93E+08,5.33E+06,2759300,2759301,0,422900
100,2.90E+08,5.34E+06,2761477,2761480,0,409750
100,2.91E+08,5.30E+06,2763167,2763164,0,414200
100,2.93E+08,5.32E+06,2763943,2763943,0,423000
100,2.90E+08,5.30E+06,2764745,2764745,0,413150
100,2.91E+08,5.33E+06,2768224,2768215,0,413200
100,2.97E+08,5.33E+06,2769356,2769356,0,432950
100,2.90E+08,5.70E+06,2771312,2771307,0,413050
100,2.89E+08,5.38E+06,2772133,2772133,0,409000
100,2.97E+08,5.33E+06,2772890,2772890,0,432950
100,2.90E+08,5.30E+06,2773525,2773525,0,410800
100,2.93E+08,5.32E+06,2775753,2775753,0,422900
100,2.98E+08,5.39E+06,2783486,2783486,0,433150
100,2.90E+08,5.32E+06,2783775,2783778,0,413150
100,2.93E+08,5.42E+06,2783796,2783796,0,422100
100,2.97E+08,5.39E+06,2784787,2784788,0,432950
100,2.94E+08,5.32E+06,2785120,2785120,0,423000
100,2.93E+08,5.35E+06,2786370,2786371,0,422900
100,2.91E+08,5.30E+06,2790315,2790314,0,413250
100,2.93E+08,5.30E+06,2795062,2795062,0,422350
100,2.97E+08,5.58E+06,2798216,2798216,0,432950
100,2.93E+08,5.34E+06,2805063,2805064,0,423000
100,2.93E+08,5.30E+06,2805509,2805509,0,422900
100,2.90E+08,5.34E+06,2806013,2806013,0,413050
100,2.93E+08,5.31E+06,2806024,2806027,0,422350
100,2.97E+08,5.36E+06,2806615,2806614,0,432950
100,2.90E+08,5.31E+06,2806650,2806651,0,409950
100,2.98E+08,5.32E+06,2807573,2807574,0,433150
100,2.94E+08,5.38E+06,2807588,2807588,0,423000
100,2.93E+08,5.38E+06,2808764,2808764,0,422100
100,2.93E+08,5.38E+06,2810291,2810292,0,422600
100,2.94E+08,5.38E+06,2810379,2810379,0,423000
100,2.90E+08,5.40E+06,2811428,2811429,0,413050
100,2.98E+08,5.31E+06,2812453,2812452,0,433150
100,2.98E+08,5.35E+06,2814785,2814781,0,432950
100,2.94E+08,5.34E+06,2814789,2814791,0,423000
100,2.90E+08,5.39E+06,2820533,2820533,0,409750
100,2.90E+08,5.35E+06,2820559,2820557,0,409800
100,2.93E+08,5.43E+06,2820797,2820797,0,422900
100,2.90E+08,5.36E+06,2820870,2820870,0,409750
100,2.98E+08,5.33E+06,2820961,2820961,0,433150
100,2.91E+08,5.43E+06,2822341,2822341,0,413200
100,2.90E+08,5.30E+06,2822794,2822794,0,409750
100,2.93E+08,5.37E+06,2826170,2826170,0,423000
100,2.93E+08,5.36E+06,2827127,2827126,0,423000
100,2.90E+08,5.31E+06,2827640,2827641,0,413150
100,2.90E+08,5.30E+06,2829282,2829279,0,409950
100,2.93E+08,5.30E+06,2833560,2833559,0,422950
100,2.90E+08,5.39E+06,2835426,2835427,0,409950
100,2.98E+08,5.41E+06,2837397,2837397,0,433150
100,2.91E+08,5.37E+06,2838567,2838564,0,413200
100,2.90E+08,5.30E+06,2838574,2838576,0,409950
100,2.98E+08,5.36E+06,2839022,2839024,0,432950
100,2.90E+08,5.33E+06,2839639,2839639,0,413050
100,2.90E+08,5.38E+06,2841882,2841882,0,409800
100,2.89E+08,5.46E+06,2843452,2843452,0,409000
100,2.93E+08,5.34E+06,2843794,2843795,0,422950
100,2.89E+08,5.40E+06,2844586,2844586,0,409000
100,2.98E+08,5.43E+06,2844887,2844887,0,432950
100,2.93E+08,5.35E+06,2845138,2845139,0,422950
100,2.90E+08,5.30E+06,2845304,2845305,0,413150
100,2.91E+08,5.33E+06,2846924,2846927,0,413200
100,2.91E+08,5.33E+06,2846998,2846997,0,413200
100,2.93E+08,5.37E+06,2848849,2848849,0,422350
100,2.91E+08,5.45E+06,2849038,2849038,0,413200
100,2.93E+08,5.30E+06,2851244,2851243,0,422950
100,2.89E+08,5.34E+06,2852259,2852259,0,409000
100,2.89E+08,5.43E+06,2858886,2858886,0,409000
100,2.93E+08,5.41E+06,2858888,2858888,0,421600
100,2.93E+08,5.33E+06,2859679,2859683,0,423000
100,2.93E+08,5.31E+06,2862431,2862431,0,423000
100,2.94E+08,5.36E+06,2863190,2863191,0,424050
100,2.98E+08,5.47E+06,2866824,2866822,0,433150
100,2.90E+08,5.44E+06,2867317,2867317,0,409750
100,2.90E+08,5.45E+06,2868159,2868162,0,409950
100,2.93E+08,5.39E+06,2871595,2871596,0,422350
100,2.94E+08,5.37E+06,2874033,2874036,0,423000
100,2.90E+08,5.34E+06,2874488,2874488,0,409800
100,2.89E+08,5.67E+06,2876528,2876532,0,409000
100,2.91E+08,5.32E+06,2878758,2878758,0,413200
100,2.98E+08,5.32E+06,2882239,2882239,0,433150
100,2.98E+08,5.34E+06,2883779,2883780,0,432950
100,2.90E+08,5.41E+06,2884640,2884637,0,409950
100,2.97E+08,5.43E+06,2886321,2886322,0,429900
100,2.79E+08,5.86E+06,2886995,2886995,0,378600
100,2.90E+08,5.38E+06,2887023,2887023,0,409750
100,2.90E+08,5.36E+06,2887267,2887267,0,409950
100,2.93E+08,5.31E+06,2889213,2889213,0,422900
100,2.90E+08,5.37E+06,2890070,2890069,0,409800
100,2.90E+08,5.33E+06,2890569,2890571,0,413050
100,2.79E+08,5.82E+06,2891839,2891839,0,377400
100,2.90E+08,5.34E+06,2892375,2892373,0,413150
100,2.98E+08,5.59E+06,2892615,2892615,0,433150
100,2.98E+08,5.55E+06,2901878,2901878,0,433150
100,2.93E+08,5.37E+06,2902743,2902743,0,422350
100,2.93E+08,5.30E+06,2903090,2903089,0,422100
100,2.90E+08,5.37E+06,2904754,2904750,0,409950
100,2.90E+08,5.58E+06,2905075,2905069,0,413050
100,2.90E+08,5.36E+06,2907814,2907809,0,409800
100,2.83E+08,5.45E+06,2909929,2909930,0,390850
100,2.98E+08,5.31E+06,2912444,2912442,0,433150
100,2.90E+08,5.49E+06,2913368,2913372,0,409950
100,2.93E+08,5.34E+06,2913859,2913857,0,422100
100,2.93E+08,5.43E+06,2915177,2915177,0,422100
100,2.98E+08,5.39E+06,2917934,2917936,0,433150
100,2.98E+08,5.32E+06,2918045,2918045,0,433150
100,2.93E+08,5.30E+06,2919416,2919416,0,423000
100,2.93E+08,5.30E+06,2920571,2920571,0,423000
100,2.90E+08,5.32E+06,2922170,2922170,0,409950
100,2.90E+08,5.30E+06,2925702,2925700,0,409800
100,2.93E+08,5.31E+06,2928045,2928045,0,422900
100,2.90E+08,5.33E+06,2928320,2928320,0,409800
100,2.93E+08,5.31E+06,2929067,2929067,0,423000
100,2.93E+08,5.42E+06,2929173,2929173,0,421600
100,2.89E+08,5.35E+06,2934534,2934532,0,409000
100,2.91E+08,5.31E+06,2934870,2934870,0,413250
100,2.93E+08,5.37E+06,2935404,2935404,0,423000
100,2.93E+08,5.34E+06,2935493,2935494,0,422950
100,2.91E+08,5.31E+06,2936521,2936522,0,414200
100,2.90E+08,5.69E+06,2936904,2936907,0,413050
100,2.94E+08,5.30E+06,2937561,2937561,0,423000
100,2.90E+08,5.68E+06,2939531,2939531,0,413050
100,2.93E+08,5.41E+06,2940898,2940898,0,423000
100,2.68E+08,5.93E+06,2942105,2942103,0,350050
100,2.90E+08,5.34E+06,2942485,2942484,0,413150
100,2.79E+08,5.94E+06,2942684,2942686,0,377400
100,2.98E+08,5.30E+06,2945082,2945082,0,433150
100,2.90E+08,5.34E+06,2946490,2946490,0,413150
100,2.91E+08,5.33E+06,2949080,2949080,0,413200
100,2.93E+08,5.30E+06,2949898,2949899,0,422900
100,2.90E+08,5.31E+06,2950905,2950904,0,409950
100,2.91E+08,5.44E+06,2953883,2953881,0,413250
100,2.97E+08,5.30E+06,2955624,2955623,0,432950
100,2.90E+08,5.32E+06,2956189,2956189,0,410800
100,2.97E+08,5.36E+06,2956415,2956415,0,432950
100,2.93E+08,5.32E+06,2956749,2956749,0,422900
100,2.94E+08,5.31E+06,2956830,2956830,0,423000
100,2.91E+08,5.39E+06,2957952,2957952,0,413200
100,2.90E+08,5.80E+06,2967702,2967698,0,413050
100,2.90E+08,5.31E+06,2968618,2968618,0,413050
100,2.90E+08,5.33E+06,2971835,2971836,0,410800
100,2.98E+08,5.34E+06,2973228,2973229,0,433150
100,2.91E+08,5.30E+06,2977981,2977978,0,413200
100,2.91E+08,5.39E+06,2978428,2978427,0,413250
100,2.94E+08,5.37E+06,2979849,2979849,0,424050
100,2.98E+08,5.35E+06,2980231,2980231,0,433150
100,2.93E+08,5.34E+06,2980343,2980343,0,423000
100,2.91E+08,5.46E+06,2982153,2982153,0,413200
100,2.93E+08,5.30E+06,2982286,2982286,0,422350
100,2.93E+08,5.35E+06,2982301,2982301,0,423000
100,2.90E+08,5.30E+06,2983166,2983165,0,409800
100,2.90E+08,5.35E+06,2984710,2984710,0,409800
100,2.91E+08,5.34E+06,2986218,2986218,0,413200
100,2.91E+08,5.30E+06,2986267,2986269,0,413200
100,2.93E+08,5.35E+06,2987481,2987482,0,422100
100,2.93E+08,5.32E+06,2987818,2987818,0,422100
100,2.90E+08,5.55E+06,2990951,2990949,0,410800
100,2.98E+08,5.36E+06,2991255,2991256,0,432950
100,2.94E+08,5.30E+06,2993702,2993703,0,423000
100,2.91E+08,5.36E+06,2997010,2997010,0,413200
100,2.98E+08,5.38E+06,2997048,2997048,0,432950
100,2.93E+08,5.33E+06,2997986,2997979,0,423000
100,2.90E+08,5.32E+06,2999082,2999079,0,409800
100,2.95E+08,5.36E+06,2999840,2999839,0,425800
100,2.93E+08,5.37E+06,3000434,3000435,0,422900
100,2.93E+08,5.30E+06,3001765,3001765,0,422900
100,2.91E+08,5.33E+06,3003714,3003714,0,414200
100,2.93E+08,5.30E+06,3004676,3004676,0,423000
100,2.93E+08,5.36E+06,3006631,3006632,0,422950
100,2.93E+08,5.43E+06,3007558,3007556,0,422900
100,2.93E+08,5.32E+06,3007724,3007724,0,422900
100,2.93E+08,5.32E+06,3014206,3014208,0,422900
100,2.93E+08,5.30E+06,3014480,3014480,0,422950
100,2.93E+08,5.32E+06,3014503,3014501,0,423000
100,2.71E+08,5.76E+06,3016070,3016070,0,356150
100,2.93E+08,5.36E+06,3017765,3017765,0,422950
100,2.90E+08,5.36E+06,3018621,3018621,0,413150
100,2.94E+08,5.35E+06,3019919,3019919,0,423000
100,2.90E+08,5.34E+06,3020085,3020089,0,409800
100,2.89E+08,5.48E+06,3020267,3020267,0,409150
100,2.93E+08,5.38E+06,3025269,3025269,0,422350
100,2.90E+08,5.37E+06,3025825,3025825,0,409950
100,2.87E+08,5.51E+06,3029750,3029750,0,401250
100,2.90E+08,5.30E+06,3030466,3030466,0,409800
100,2.91E+08,5.42E+06,3032311,3032311,0,413150
100,2.98E+08,5.55E+06,3032437,3032437,0,433150
100,2.75E+08,5.94E+06,3033259,3033259,0,364700
100,2.90E+08,5.34E+06,3035098,3035098,0,413150
100,2.90E+08,5.32E+06,3035516,3035516,0,409800
100,2.97E+08,5.34E+06,3035873,3035874,0,429900
100,2.93E+08,5.37E+06,3038776,3038776,0,422900
100,2.94E+08,5.34E+06,3041351,3041351,0,423000
100,2.73E+08,5.64E+06,3042317,3042317,0,359400
100,2.93E+08,5.46E+06,3043799,3043802,0,422900
100,2.74E+08,5.74E+06,3044667,3044665,0,363100
100,2.90E+08,5.33E+06,3046351,3046350,0,413150
100,2.90E+08,5.36E+06,3047503,3047503,0,409800
100,2.90E+08,5.40E+06,3048612,3048612,0,409800
100,2.93E+08,5.35E+06,3050687,3050687,0,422350
100,2.93E+08,5.35E+06,3050773,3050774,0,423000
100,2.89E+08,5.35E+06,3050913,3050913,0,409000
100,2.90E+08,5.34E+06,3051149,3051146,0,409800
100,2.93E+08,5.36E+06,3052268,3052267,0,422900
100,2.93E+08,5.36E+06,3054264,3054261,0,422900
100,2.90E+08,5.31E+06,3056153,3056153,0,409800
100,2.93E+08,5.31E+06,3056579,3056574,0,422900
100,2.85E+08,5.63E+06,3058580,3058580,0,397200
100,2.93E+08,5.34E+06,3058657,3058651,0,422950
100,2.98E+08,5.35E+06,3058944,3058941,0,433150
100,2.90E+08,5.35E+06,3059206,3059207,0,409800
100,2.90E+08,5.40E+06,3059843,3059843,0,409800
100,2.93E+08,5.39E+06,3059900,3059899,0,422350
100,2.79E+08,5.75E+06,3059969,3059969,0,380600
100,2.89E+08,5.30E+06,3060058,3060033,0,409400
100,2.91E+08,5.34E+06,3060303,3060303,0,413250
100,2.94E+08,5.42E+06,3060442,3060442,0,423000
100,2.90E+08,5.32E+06,3060452,3060454,0,409950
100,2.97E+08,5.42E+06,3060690,3060690,0,432950
100,2.90E+08,5.36E+06,3061158,3061159,0,409950
100,2.90E+08,5.33E+06,3061873,3061873,0,409800
100,2.79E+08,5.49E+06,3062809,3062809,0,378600
100,2.94E+08,5.36E+06,3064244,3064242,0,423000
100,2.83E+08,5.91E+06,3065550,3065550,0,392400
100,2.91E+08,5.37E+06,3067473,3067467,0,413200
100,2.90E+08,5.35E+06,3068293,3068293,0,413150
100,2.90E+08,5.33E+06,3068727,3068729,0,409800
100,2.86E+08,5.84E+06,3069232,3069232,0,400250
100,2.93E+08,5.32E+06,3069705,3069705,0,422350
100,2.90E+08,5.35E+06,3070066,3070066,0,413050
100,2.90E+08,5.32E+06,3070758,3070756,0,409950
100,2.79E+08,5.57E+06,3071056,3071054,0,378600
100,2.73E+08,5.68E+06,3071640,3071640,0,359400
100,2.90E+08,5.38E+06,3071795,3071795,0,413050
100,2.94E+08,5.31E+06,3072478,3072478,0,423000
100,2.93E+08,5.50E+06,3072689,3072689,0,422950
100,2.90E+08,5.30E+06,3072745,3072743,0,409950
100,2.94E+08,5.35E+06,3073225,3073225,0,423000
100,2.90E+08,5.39E+06,3073694,3073694,0,409800
100,2.74E+08,6.05E+06,3073922,3073925,0,363100
100,2.87E+08,6.13E+06,3074168,3074169,0,400250
100,2.98E+08,5.36E+06,3074436,3074436,0,433150
100,2.90E+08,5.31E+06,3075303,3075302,0,409950
100,2.90E+08,5.35E+06,3076115,3076112,0,409800
100,2.89E+08,5.42E+06,3076530,3076529,0,409000
100,2.94E+08,5.39E+06,3076824,3076824,0,423400
100,2.87E+08,5.37E+06,3077338,3077338,0,401250
100,2.93E+08,5.39E+06,3077847,3077848,0,422900
100,2.98E+08,5.40E+06,3077897,3077896,0,433150
100,2.79E+08,6.03E+06,3078029,3078029,0,379000
100,2.79E+08,5.89E+06,3078046,3078043,0,378950
100,2.97E+08,5.30E+06,3079605,3079607,0,429900
100,2.93E+08,5.30E+06,3079779,3079779,0,422950
100,2.94E+08,5.36E+06,3080060,3080060,0,423400
100,2.98E+08,5.30E+06,3080504,3080503,0,433150
100,2.90E+08,5.35E+06,3081208,3081208,0,409800
100,2.90E+08,5.38E+06,3081248,3081248,0,409800
100,2.90E+08,5.32E+06,3082078,3082078,0,409800
100,2.90E+08,5.30E+06,3082117,3082116,0,409800
100,2.81E+08,5.89E+06,3082148,3082148,0,385450
100,2.93E+08,5.34E+06,3082191,3082190,0,423000
100,2.85E+08,5.82E+06,3082264,3082264,0,398150
100,2.90E+08,5.38E+06,3082295,3082296,0,409800
100,2.94E+08,5.43E+06,3082704,3082703,0,423400
100,2.90E+08,5.39E+06,3082864,3082864,0,409800
100,2.90E+08,5.42E+06,3082886,3082882,0,409750
100,2.90E+08,5.34E+06,3082983,3082984,0,409800
100,2.93E+08,5.49E+06,3083161,3083155,0,422950
100,2.90E+08,5.36E+06,3083614,3083614,0,409800
100,2.81E+08,5.64E+06,3083745,3083745,0,383150
100,2.93E+08,5.34E+06,3084136,3084136,0,423000
100,2.90E+08,5.37E+06,3084194,3084195,0,409800
100,2.93E+08,5.35E+06,3084856,3084856,0,422950
100,2.90E+08,5.31E+06,3085947,3085947,0,409800
100,2.90E+08,5.32E+06,3086012,3086012,0,409800
100,2.93E+08,5.43E+06,3086662,3086662,0,423000
100,2.93E+08,5.42E+06,3086719,3086718,0,422950
100,2.94E+08,5.32E+06,3086798,3086798,0,423000
100,2.83E+08,5.70E+06,3087010,3087010,0,392400
100,2.94E+08,5.34E+06,3087529,3087529,0,423400
100,2.94E+08,5.36E+06,3087558,3087560,0,423000
100,2.73E+08,5.69E+06,3087619,3087619,0,359400
100,2.94E+08,5.53E+06,3088091,3088088,0,424050
100,2.90E+08,5.37E+06,3088297,3088301,0,409800
100,2.85E+08,5.79E+06,3088692,3088688,0,398150
100,2.93E+08,5.41E+06,3089036,3089033,0,422950
100,2.90E+08,5.39E+06,3089213,3089213,0,409800
100,2.85E+08,5.57E+06,3089806,3089805,0,397200
100,2.90E+08,5.39E+06,3089962,3089960,0,409800
100,2.90E+08,5.38E+06,3089963,3089963,0,409800
100,2.93E+08,5.38E+06,3090413,3090413,0,422950
100,2.93E+08,5.39E+06,3090471,3090471,0,423000
100,2.79E+08,5.94E+06,3090605,3090600,0,378150
100,2.97E+08,5.44E+06,3090808,3090808,0,432950
100,2.98E+08,5.30E+06,3091304,3091306,0,432950
100,2.91E+08,5.34E+06,3091518,3091518,0,413200
100,2.81E+08,5.78E+06,3092322,3092322,0,383150
100,2.93E+08,5.39E+06,3092343,3092343,0,422950
100,2.93E+08,5.76E+06,3092483,3092483,0,422950
100,2.89E+08,5.70E+06,3092888,3092888,0,406800
100,2.90E+08,5.41E+06,3092989,3092989,0,409800
100,2.97E+08,5.46E+06,3093422,3093422,0,432950
100,2.90E+08,5.50E+06,3093423,3093418,0,409950
100,2.93E+08,5.36E+06,3093465,3093465,0,422950
100,2.93E+08,5.38E+06,3093529,3093530,0,423000
100,2.93E+08,5.35E+06,3093885,3093885,0,422900
100,2.91E+08,5.39E+06,3094094,3094094,0,413200
100,2.94E+08,5.41E+06,3094411,3094411,0,423400
100,2.89E+08,5.37E+06,3094447,3094447,0,409000
100,2.91E+08,5.50E+06,3094447,3094447,0,413200
100,2.85E+08,5.64E+06,3094633,3094633,0,398150
100,2.90E+08,5.34E+06,3094946,3094938,0,409950
100,2.81E+08,5.82E+06,3095486,3095486,0,385400
100,2.95E+08,5.38E+06,3095491,3095491,0,425800
100,2.90E+08,5.32E+06,3095610,3095612,0,409800
100,2.90E+08,5.57E+06,3096044,3096044,0,409950
100,2.93E+08,5.33E+06,3096420,3096423,0,422900
100,2.87E+08,5.97E+06,3096553,3096553,0,400250
100,2.85E+08,5.52E+06,3096555,3096553,0,398150
100,2.90E+08,5.31E+06,3096577,3096577,0,409800
100,2.94E+08,5.35E+06,3096651,3096651,0,423000
100,2.90E+08,5.59E+06,3096960,3096960,0,410800
100,2.94E+08,5.59E+06,3096998,3096992,0,423400
100,2.90E+08,5.35E+06,3097091,3097091,0,409800
100,2.94E+08,5.42E+06,3097246,3097246,0,423000
100,2.90E+08,5.37E+06,3097392,3097392,0,413150
100,2.94E+08,5.31E+06,3098066,3098066,0,423400
100,2.89E+08,5.34E+06,3098339,3098340,0,409000
100,2.90E+08,5.33E+06,3098689,3098690,0,413050
100,2.91E+08,5.40E+06,3098819,3098821,0,413200
100,2.83E+08,5.66E+06,3099130,3099131,0,393300
100,2.94E+08,5.41E+06,3099621,3099622,0,423000
100,2.90E+08,5.44E+06,3099758,3099758,0,409950
100,2.90E+08,5.31E+06,3099831,3099833,0,409800
100,2.90E+08,5.44E+06,3100871,3100869,0,409950
100,2.97E+08,5.53E+06,3101331,3101330,0,432950
100,2.94E+08,5.47E+06,3101371,3101371,0,423000
100,2.90E+08,5.36E+06,3101661,3101661,0,409800
100,2.81E+08,6.15E+06,3101951,3101948,0,385400
100,2.94E+08,5.47E+06,3101978,3101978,0,424050
100,2.89E+08,5.46E+06,3102087,3102087,0,406800
100,2.90E+08,5.44E+06,3102457,3102457,0,409800
100,2.90E+08,5.38E+06,3102567,3102567,0,409800
100,2.90E+08,5.35E+06,3102604,3102598,0,409800
100,2.90E+08,5.39E+06,3102772,3102772,0,409800
100,2.91E+08,5.30E+06,3103107,3103107,0,413250
100,2.90E+08,5.35E+06,3103400,3103400,0,413150
100,2.85E+08,5.45E+06,3103752,3103751,0,398150
100,2.90E+08,5.39E+06,3103790,3103790,0,409800
100,2.93E+08,5.50E+06,3104124,3104124,0,422950
100,2.85E+08,5.72E+06,3105035,3105035,0,398150
100,2.85E+08,5.56E+06,3105095,3105096,0,398150
100,2.94E+08,5.51E+06,3105115,3105117,0,423400
100,2.90E+08,5.41E+06,3105358,3105358,0,409950
100,2.90E+08,5.35E+06,3105487,3105484,0,409800
100,2.93E+08,5.35E+06,3106444,3106444,0,422950
100,2.94E+08,5.38E+06,3106512,3106512,0,423400
100,2.85E+08,5.52E+06,3106720,3106720,0,398150
100,2.90E+08,5.46E+06,3106999,3106999,0,409800
100,2.94E+08,5.44E+06,3107109,3107108,0,423400
100,2.90E+08,5.40E+06,3107219,3107218,0,409800
100,2.95E+08,5.39E+06,3107228,3107228,0,425800
100,2.93E+08,5.30E+06,3107303,3107304,0,422100
100,2.94E+08,5.39E+06,3107354,3107354,0,423400
100,2.93E+08,5.31E+06,3107767,3107767,0,422900
100,2.87E+08,5.86E+06,3107830,3107833,0,401250
100,2.93E+08,5.37E+06,3108097,3108092,0,422950
100,2.90E+08,5.39E+06,3108986,3108986,0,409800
100,2.94E+08,5.42E+06,3109625,3109625,0,423000
100,2.90E+08,5.32E+06,3109981,3109982,0,409800
100,2.84E+08,5.61E+06,3110104,3110100,0,394350
100,2.94E+08,5.40E+06,3110430,3110430,0,423400
100,2.90E+08,5.37E+06,3110507,3110506,0,409800
100,2.94E+08,5.45E+06,3110894,3110894,0,423400
100,2.94E+08,5.41E+06,3110916,3110916,0,423000
100,2.95E+08,5.41E+06,3111026,3111024,0,425800
100,2.90E+08,5.40E+06,3111218,3111218,0,409950
100,2.94E+08,5.34E+06,3111335,3111331,0,423400
100,2.94E+08,5.39E+06,3111813,3111813,0,423000
100,2.91E+08,5.46E+06,3111851,3111850,0,413200
100,2.97E+08,5.31E+06,3111924,3111924,0,429900
100,2.98E+08,5.38E+06,3112134,3112134,0,433150
100,2.90E+08,5.35E+06,3112237,3112237,0,413150
100,2.81E+08,5.90E+06,3112244,3112244,0,383150
100,2.90E+08,5.33E+06,3112260,3112261,0,409800
100,2.90E+08,5.34E+06,3112302,3112300,0,413050
100,2.83E+08,5.69E+06,3112534,3112534,0,393300
100,2.90E+08,5.38E+06,3112858,3112858,0,409950
100,2.93E+08,5.38E+06,3113069,3113071,0,422950
100,2.90E+08,5.31E+06,3113467,3113466,0,409950
100,2.98E+08,5.36E+06,3113651,3113651,0,433150
100,2.94E+08,5.43E+06,3113799,3113800,0,424050
100,2.90E+08,5.34E+06,3113808,3113808,0,409950
100,2.94E+08,5.36E+06,3114419,3114418,0,423400
100,2.93E+08,5.30E+06,3114520,3114520,0,422950
100,2.93E+08,5.35E+06,3114555,3114555,0,422950
100,2.91E+08,5.39E+06,3114568,3114568,0,413200
100,2.98E+08,5.34E+06,3114591,3114590,0,433150
100,2.93E+08,5.35E+06,3114747,3114743,0,422950
100,2.93E+08,5.34E+06,3114773,3114773,0,423000
100,2.93E+08,5.46E+06,3115021,3115021,0,422900
100,2.94E+08,5.58E+06,3115218,3115214,0,423400
100,2.94E+08,5.34E+06,3115226,3115226,0,424050
100,2.90E+08,5.33E+06,3115331,3115331,0,409800
100,2.94E+08,5.36E+06,3116166,3116166,0,423000
100,2.94E+08,5.38E+06,3116266,3116266,0,423400
100,2.90E+08,5.31E+06,3116295,3116295,0,409800
100,2.94E+08,5.36E+06,3116306,3116306,0,423400
100,2.93E+08,5.37E+06,3116403,3116404,0,422950
100,2.94E+08,5.40E+06,3116439,3116440,0,423400
100,2.90E+08,5.32E+06,3116578,3116576,0,409950
100,2.90E+08,5.38E+06,3116791,3116791,0,413150
100,2.91E+08,5.34E+06,3116810,3116807,0,413250
100,2.90E+08,5.36E+06,3117151,3117151,0,413050
100,2.94E+08,5.40E+06,3117229,3117229,0,424050
100,2.90E+08,5.34E+06,3117231,3117231,0,409800
100,2.90E+08,5.37E+06,3117323,3117324,0,413050
100,2.95E+08,5.34E+06,3117347,3117344,0,425800
100,2.93E+08,5.38E+06,3117436,3117436,0,422900
100,2.94E+08,5.38E+06,3117490,3117489,0,423000
100,2.73E+08,5.68E+06,3117614,3117614,0,362100
100,2.94E+08,5.36E+06,3117785,3117786,0,423000
100,2.94E+08,5.33E+06,3117954,3117951,0,423400
100,2.94E+08,5.39E+06,3118180,3118180,0,423000
100,2.89E+08,5.54E+06,3118255,3118254,0,409150
100,2.90E+08,5.40E+06,3118360,3118360,0,409950
100,2.89E+08,5.49E+06,3118408,3118408,0,409000
100,2.93E+08,5.35E+06,3118446,3118447,0,422600
100,2.95E+08,5.38E+06,3118452,3118452,0,425800
100,2.89E+08,5.46E+06,3118649,3118649,0,409000
100,2.97E+08,5.30E+06,3118673,3118673,0,432950
100,2.98E+08,5.34E+06,3118738,3118738,0,433150
100,2.93E+08,5.41E+06,3118959,3118956,0,422950
100,2.85E+08,5.49E+06,3119013,3119010,0,398150
100,2.90E+08,5.36E+06,3119044,3119041,0,409800
100,2.94E+08,5.42E+06,3119104,3119104,0,423400
100,2.94E+08,5.43E+06,3119174,3119174,0,424050
100,2.90E+08,5.34E+06,3119421,3119421,0,409950
100,2.94E+08,5.39E+06,3119439,3119435,0,423000
100,2.83E+08,5.84E+06,3119917,3119917,0,392400
100,2.91E+08,5.37E+06,3119930,3119930,0,413200
100,2.97E+08,5.34E+06,3120035,3120036,0,432950
100,2.85E+08,5.43E+06,3120227,3120227,0,398150
100,2.98E+08,5.33E+06,3120242,3120243,0,433150
100,2.93E+08,5.33E+06,3120454,3120454,0,422950
100,2.97E+08,5.43E+06,3120644,3120644,0,429900
100,2.91E+08,5.36E+06,3120908,3120908,0,413200
100,2.94E+08,5.35E+06,3121219,3121219,0,423400
100,2.81E+08,5.75E+06,3121283,3121283,0,383150
100,2.94E+08,5.34E+06,3121474,3121473,0,423400
100,2.94E+08,5.39E+06,3121545,3121545,0,423000
100,2.90E+08,5.31E+06,3121612,3121613,0,409800
100,2.97E+08,5.41E+06,3121767,3121767,0,432950
100,2.94E+08,5.30E+06,3121912,3121908,0,423000
100,2.93E+08,5.40E+06,3122048,3122048,0,422950
100,2.90E+08,5.40E+06,3122058,3122058,0,409950
100,2.93E+08,5.30E+06,3122973,3122973,0,422900
100,2.95E+08,5.40E+06,3123255,3123255,0,425800
100,2.93E+08,5.33E+06,3123344,3123345,0,422950
100,2.93E+08,5.32E+06,3123350,3123350,0,422100
100,2.91E+08,5.40E+06,3123374,3123374,0,413250
100,2.94E+08,5.59E+06,3123753,3123753,0,423400
100,2.83E+08,5.91E+06,3123858,3123857,0,393250
100,2.94E+08,5.36E+06,3123938,3123938,0,423000
100,2.98E+08,5.32E+06,3124329,3124326,0,433150
100,2.93E+08,5.49E+06,3124362,3124362,0,422100
100,2.90E+08,5.31E+06,3124395,3124397,0,409800
100,2.85E+08,5.57E+06,3124543,3124543,0,398150
100,2.89E+08,5.44E+06,3124609,3124609,0,409000
100,2.91E+08,5.46E+06,3124727,3124731,0,413200
100,2.89E+08,5.43E+06,3124750,3124750,0,409000
100,2.79E+08,5.90E+06,3124785,3124783,0,378600
100,2.93E+08,5.32E+06,3125053,3125054,0,422950
100,2.83E+08,5.78E+06,3125287,3125286,0,392400
100,2.90E+08,5.42E+06,3125474,3125474,0,413150
100,2.93E+08,5.34E+06,3125487,3125485,0,423000
100,2.94E+08,5.30E+06,3125857,3125858,0,424050
100,2.97E+08,5.51E+06,3126296,3126293,0,432950
100,2.90E+08,5.33E+06,3126358,3126358,0,409800
100,2.90E+08,5.30E+06,3126394,3126391,0,409800
100,2.95E+08,5.32E+06,3126518,3126518,0,425800
100,2.90E+08,5.31E+06,3126686,3126687,0,409800
100,2.90E+08,5.32E+06,3126806,3126807,0,409800
100,2.94E+08,5.39E+06,3126864,3126864,0,423400
100,2.97E+08,5.38E+06,3126945,3126945,0,429900
100,2.90E+08,5.38E+06,3126948,3126948,0,409800
100,2.89E+08,5.64E+06,3126984,3126984,0,409000
100,2.89E+08,5.38E+06,3127077,3127078,0,409150
100,2.94E+08,5.37E+06,3127101,3127101,0,423400
100,2.81E+08,5.70E+06,3127179,3127179,0,385450
100,2.89E+08,5.34E+06,3127385,3127384,0,409000
100,2.90E+08,5.48E+06,3127407,3127404,0,409800
100,2.94E+08,5.38E+06,3127477,3127471,0,423400
100,2.94E+08,5.34E+06,3127561,3127561,0,423400
100,2.94E+08,5.31E+06,3127605,3127605,0,423000
100,2.94E+08,5.35E+06,3127650,3127650,0,423400
100,2.90E+08,5.32E+06,3127679,3127676,0,413050
100,2.89E+08,5.33E+06,3127750,3127750,0,409150
100,2.90E+08,5.30E+06,3127768,3127769,0,409800
100,2.91E+08,5.33E+06,3127880,3127877,0,413250
100,2.89E+08,5.42E+06,3127990,3127990,0,409400
100,2.94E+08,5.34E+06,3128211,3128212,0,423000
100,2.90E+08,5.35E+06,3128351,3128351,0,409800
100,2.94E+08,5.47E+06,3128386,3128386,0,423400
100,2.94E+08,5.30E+06,3128407,3128407,0,423000
100,2.93E+08,5.36E+06,3128408,3128412,0,422950
100,2.90E+08,5.38E+06,3128471,3128470,0,409800
100,2.89E+08,5.53E+06,3128663,3128662,0,409150
100,2.90E+08,5.47E+06,3128896,3128894,0,409950
100,2.94E+08,5.34E+06,3129300,3129301,0,423000
100,2.94E+08,5.68E+06,3129708,3129705,0,423400
100,2.97E+08,5.41E+06,3129801,3129801,0,432950
100,2.90E+08,5.32E+06,3129889,3129889,0,409950
100,2.97E+08,5.38E+06,3129897,3129895,0,429900
100,2.83E+08,5.53E+06,3129950,3129951,0,392400
100,2.90E+08,5.33E+06,3129952,3129952,0,413150
100,2.90E+08,5.33E+06,3130206,3130208,0,409800
100,2.90E+08,5.40E+06,3130267,3130266,0,409950
100,2.94E+08,5.32E+06,3130499,3130494,0,423400
100,2.90E+08,5.30E+06,3130550,3130550,0,413050
100,2.89E+08,5.40E+06,3130755,3130755,0,409150
100,2.90E+08,5.37E+06,3130815,3130816,0,409950
100,2.94E+08,5.36E+06,3131049,3131047,0,423000
100,2.90E+08,5.34E+06,3131060,3131061,0,409950
100,2.97E+08,5.30E+06,3131232,3131232,0,432950
100,2.79E+08,5.86E+06,3131233,3131235,0,378600
100,2.90E+08,5.43E+06,3131327,3131322,0,409800
100,2.94E+08,5.39E+06,3131455,3131459,0,423000
100,2.97E+08,5.33E+06,3131747,3131747,0,429900
100,2.94E+08,5.52E+06,3131801,3131801,0,423400
100,2.90E+08,5.31E+06,3131803,3131804,0,409800
100,2.93E+08,5.33E+06,3132341,3132336,0,422100
100,2.94E+08,5.41E+06,3132960,3132961,0,423000
100,2.90E+08,5.35E+06,3133178,3133178,0,413050
100,2.93E+08,5.32E+06,3133195,3133199,0,422950
100,2.90E+08,5.36E+06,3133499,3133499,0,409950
100,2.95E+08,5.35E+06,3134010,3134010,0,425800
100,2.90E+08,5.38E+06,3134168,3134173,0,409950
100,2.94E+08,5.38E+06,3134286,3134286,0,423400
100,2.94E+08,5.46E+06,3134587,3134587,0,423400
100,2.94E+08,5.34E+06,3134899,3134903,0,423000
100,2.94E+08,5.31E+06,3134979,3134981,0,423400
100,2.97E+08,5.32E+06,3135006,3135006,0,432950
100,2.90E+08,5.42E+06,3135251,3135246,0,409800
100,2.90E+08,5.30E+06,3135419,3135419,0,409800
100,2.94E+08,5.40E+06,3135884,3135884,0,423400
100,2.90E+08,5.34E+06,3136055,3136055,0,413050
100,2.90E+08,5.39E+06,3136216,3136216,0,409950
100,2.93E+08,5.30E+06,3136241,3136244,0,422950
100,2.94E+08,5.39E+06,3136661,3136659,0,423000
100,2.97E+08,5.38E+06,3136759,3136754,0,429900
100,2.90E+08,5.80E+06,3136782,3136782,0,409950
100,2.90E+08,5.30E+06,3136843,3136841,0,409800
100,2.90E+08,5.31E+06,3136930,3136930,0,409950
100,2.98E+08,5.46E+06,3137052,3137050,0,433150
100,2.90E+08,5.31E+06,3137082,3137082,0,409950
100,2.90E+08,5.40E+06,3137091,3137091,0,409950
100,2.89E+08,5.55E+06,3137397,3137398,0,409150
100,2.90E+08,5.40E+06,3137672,3137673,0,409800
100,2.90E+08,5.37E+06,3137696,3137696,0,409950
100,2.89E+08,5.34E+06,3137875,3137875,0,409000
100,2.85E+08,5.71E+06,3138082,3138085,0,397200
100,2.85E+08,5.58E+06,3138300,3138300,0,398150
100,2.94E+08,5.49E+06,3138405,3138406,0,423000
100,2.90E+08,5.30E+06,3138412,3138413,0,409950
100,2.93E+08,5.32E+06,3138629,3138629,0,422950
100,2.90E+08,5.41E+06,3138640,3138637,0,409800
100,2.90E+08,5.30E+06,3138792,3138781,0,409800
100,2.94E+08,5.30E+06,3138828,3138828,0,423400
100,2.91E+08,5.34E+06,3138928,3138927,0,414200
100,2.94E+08,5.31E+06,3139005,3139005,0,423400
100,2.89E+08,5.32E+06,3139142,3139143,0,409000
100,2.97E+08,5.37E+06,3139201,3139201,0,429900
100,2.94E+08,5.38E+06,3139333,3139333,0,423400
100,2.94E+08,5.34E+06,3139514,3139514,0,423400
100,2.95E+08,5.33E+06,3139722,3139722,0,425800
100,2.94E+08,5.41E+06,3139773,3139773,0,423000
100,2.90E+08,5.33E+06,3139832,3139833,0,409950
100,2.85E+08,5.70E+06,3139958,3139957,0,398150
100,2.83E+08,5.63E+06,3140157,3140157,0,393250
100,2.94E+08,5.41E+06,3140444,3140445,0,423400
100,2.90E+08,5.36E+06,3140453,3140453,0,413150
100,2.90E+08,5.39E+06,3140710,3140710,0,409950
100,2.90E+08,5.33E+06,3140861,3140861,0,413150
100,2.93E+08,5.60E+06,3140989,3140989,0,422950
100,2.90E+08,5.39E+06,3141037,3141037,0,409950
100,2.94E+08,5.33E+06,3141469,3141469,0,423400
100,2.93E+08,5.44E+06,3141599,3141600,0,422950
100,2.91E+08,5.35E+06,3141623,3141612,0,413200
100,2.94E+08,5.40E+06,3141703,3141705,0,423400
100,2.83E+08,5.75E+06,3141770,3141770,0,390850
100,2.97E+08,5.32E+06,3141936,3141936,0,432950
100,2.94E+08,5.32E+06,3142271,3142268,0,423400
100,2.89E+08,5.34E+06,3142492,3142493,0,409000
100,2.93E+08,5.32E+06,3142696,3142694,0,423000
100,2.79E+08,5.81E+06,3142699,3142699,0,378600
100,2.90E+08,5.30E+06,3142750,3142750,0,413050
100,2.90E+08,5.37E+06,3142792,3142792,0,409950
100,2.94E+08,5.54E+06,3142834,3142837,0,423400
100,2.93E+08,5.34E+06,3142852,3142852,0,422950
100,2.94E+08,5.33E+06,3142891,3142891,0,423000
100,2.89E+08,5.39E+06,3142987,3142988,0,409000
100,2.93E+08,5.37E+06,3143016,3143015,0,422900
100,2.91E+08,5.34E+06,3143230,3143230,0,413200
100,2.93E+08,5.31E+06,3143267,3143260,0,423000
100,2.95E+08,5.45E+06,3143373,3143372,0,424550
100,2.90E+08,5.38E+06,3143398,3143398,0,409800
100,2.90E+08,5.41E+06,3143468,3143465,0,409800
100,2.94E+08,5.37E+06,3143478,3143480,0,423000
100,2.81E+08,5.90E+06,3143619,3143619,0,385450
100,2.89E+08,5.88E+06,3143692,3143695,0,406800
100,2.83E+08,5.58E+06,3143698,3143695,0,393250
100,2.93E+08,5.46E+06,3143840,3143840,0,422900
100,2.98E+08,5.56E+06,3143985,3143985,0,433150
100,2.93E+08,5.38E+06,3144067,3144067,0,422950
100,2.91E+08,5.35E+06,3144103,3144103,0,414200
100,2.95E+08,5.44E+06,3144178,3144180,0,425800
100,2.90E+08,5.35E+06,3144206,3144206,0,409950
100,2.90E+08,5.46E+06,3144258,3144254,0,413050
100,2.94E+08,5.41E+06,3144364,3144364,0,423400
100,2.91E+08,5.33E+06,3144863,3144864,0,413200
100,2.93E+08,5.33E+06,3145051,3145051,0,423000
100,2.94E+08,5.33E+06,3145066,3145065,0,423400
100,2.93E+08,5.30E+06,3145174,3145168,0,422100
100,2.94E+08,5.35E+06,3145254,3145251,0,423400
100,2.97E+08,5.32E+06,3145272,3145271,0,429900
100,2.94E+08,5.37E+06,3145362,3145362,0,423000
100,2.90E+08,5.31E+06,3145504,3145501,0,409950
100,2.89E+08,5.58E+06,3145582,3145581,0,409000
100,2.90E+08,5.37E+06,3145701,3145700,0,413150
100,2.90E+08,5.32E+06,3145811,3145812,0,409800
100,2.90E+08,5.36E+06,3145881,3145880,0,409800
100,2.74E+08,5.79E+06,3145907,3145907,0,364000
100,2.94E+08,5.37E+06,3146029,3146029,0,423000
100,2.90E+08,5.34E+06,3146037,3146036,0,409800
100,2.90E+08,5.30E+06,3146084,3146083,0,413050
100,2.90E+08,5.36E+06,3146221,3146223,0,409950
100,2.83E+08,5.61E+06,3146330,3146330,0,393250
100,2.94E+08,5.36E+06,3146498,3146497,0,423000
100,2.91E+08,5.37E+06,3146524,3146525,0,413200
100,2.93E+08,5.32E+06,3146597,3146598,0,422950
100,2.95E+08,5.71E+06,3146682,3146682,0,424550
100,2.89E+08,5.42E+06,3146691,3146694,0,409000
100,2.90E+08,5.30E+06,3146753,3146753,0,413150
100,2.81E+08,5.81E+06,3146761,3146764,0,385400
100,2.90E+08,5.39E+06,3147037,3147035,0,409800
100,2.93E+08,5.32E+06,3147090,3147091,0,423000
100,2.98E+08,5.37E+06,3147117,3147117,0,433150
100,2.90E+08,5.34E+06,3147127,3147124,0,409950
100,2.90E+08,5.30E+06,3147178,3147178,0,409800
100,2.91E+08,5.34E+06,3147207,3147206,0,413200
100,2.93E+08,5.41E+06,3147237,3147237,0,422350
100,2.90E+08,5.35E+06,3147263,3147263,0,409800
100,2.94E+08,5.40E+06,3147284,3147284,0,423400
100,2.90E+08,5.30E+06,3147329,3147331,0,409800
100,2.83E+08,5.56E+06,3147343,3147342,0,393300
100,2.89E+08,5.58E+06,3147937,3147937,0,406800
100,2.94E+08,5.37E+06,3147937,3147938,0,423400
100,2.94E+08,5.40E+06,3148028,3148028,0,423400
100,2.94E+08,5.51E+06,3148056,3148058,0,424050
100,2.85E+08,5.59E+06,3148387,3148386,0,397200
100,2.90E+08,5.30E+06,3148522,3148522,0,409800
100,2.81E+08,5.79E+06,3148559,3148559,0,385450
100,2.90E+08,5.31E+06,3148831,3148831,0,409950
100,2.90E+08,5.33E+06,3148923,3148927,0,409800
100,2.89E+08,5.44E+06,3148984,3148984,0,409000
100,2.90E+08,5.38E+06,3149191,3149191,0,409800
100,2.90E+08,5.42E+06,3149233,3149233,0,413050
100,2.90E+08,5.37E+06,3149342,3149338,0,409950
100,2.93E+08,5.31E+06,3149565,3149565,0,423000
100,2.94E+08,5.38E+06,3149826,3149826,0,423400
100,2.90E+08,5.30E+06,3149877,3149877,0,409800
100,2.90E+08,5.45E+06,3150081,3150082,0,409950
100,2.90E+08,5.41E+06,3150134,3150134,0,409950
100,2.94E+08,5.34E+06,3150141,3150143,0,423000
100,2.94E+08,5.90E+06,3150216,3150219,0,423400
100,2.90E+08,5.35E+06,3150246,3150246,0,413050
100,2.94E+08,5.40E+06,3150384,3150385,0,423400
100,2.94E+08,5.45E+06,3150413,3150413,0,423000
100,2.94E+08,5.30E+06,3150424,3150424,0,423400
100,2.89E+08,5.31E+06,3150499,3150497,0,409000
100,2.89E+08,5.38E+06,3150533,3150533,0,409150
100,2.94E+08,5.34E+06,3150814,3150814,0,423400
100,2.89E+08,5.36E+06,3150823,3150825,0,409000
100,2.97E+08,5.31E+06,3150902,3150902,0,432950
100,2.90E+08,5.39E+06,3150976,3150976,0,409800
100,2.90E+08,5.32E+06,3151002,3151002,0,410750
100,2.93E+08,5.52E+06,3151042,3151041,0,422950
100,2.97E+08,5.36E+06,3151170,3151170,0,432950
100,2.91E+08,5.30E+06,3151887,3151878,0,413200
100,2.90E+08,5.45E+06,3151910,3151906,0,409950
100,2.94E+08,5.39E+06,3152086,3152086,0,423000
100,2.90E+08,5.53E+06,3152185,3152183,0,409950
100,2.97E+08,5.41E+06,3152187,3152184,0,432950
100,2.94E+08,5.44E+06,3152400,3152399,0,423400
100,2.90E+08,5.32E+06,3152544,3152544,0,409800
100,2.90E+08,5.32E+06,3152563,3152563,0,413150
100,2.93E+08,5.30E+06,3152642,3152631,0,423000
100,2.93E+08,5.36E+06,3152756,3152758,0,422950
100,2.97E+08,5.37E+06,3152932,3152932,0,432950
100,2.93E+08,5.30E+06,3152946,3152947,0,422100
100,2.94E+08,5.30E+06,3153014,3153016,0,423400
100,2.93E+08,5.30E+06,3153054,3153052,0,422950
100,2.93E+08,5.41E+06,3153256,3153257,0,422350
100,2.79E+08,6.00E+06,3153527,3153525,0,378600
100,2.97E+08,5.30E+06,3153539,3153539,0,429900
100,2.81E+08,5.63E+06,3153672,3153672,0,385450
100,2.94E+08,5.32E+06,3153674,3153676,0,423000
100,2.90E+08,5.36E+06,3153682,3153678,0,410800
100,2.94E+08,5.41E+06,3153686,3153685,0,423400
100,2.97E+08,5.35E+06,3153954,3153954,0,429500
100,2.81E+08,5.98E+06,3154411,3154411,0,383150
100,2.93E+08,5.36E+06,3154448,3154448,0,423000
100,2.94E+08,5.36E+06,3154795,3154795,0,423400
100,2.98E+08,5.61E+06,3154845,3154845,0,433150
100,2.94E+08,5.34E+06,3154960,3154957,0,423400
100,2.97E+08,5.32E+06,3154984,3154984,0,432950
100,2.94E+08,5.31E+06,3154989,3154989,0,423400
100,2.81E+08,5.79E+06,3155449,3155448,0,385450
100,2.93E+08,5.47E+06,3155529,3155529,0,422950
100,2.89E+08,5.45E+06,3155585,3155585,0,409000
100,2.94E+08,5.31E+06,3155638,3155641,0,423400
100,2.95E+08,5.41E+06,3155714,3155714,0,425800
100,2.93E+08,5.39E+06,3155879,3155879,0,422950
100,2.93E+08,5.36E+06,3156177,3156176,0,422900
100,2.85E+08,5.76E+06,3156303,3156303,0,397200
100,2.85E+08,5.82E+06,3156509,3156508,0,398150
100,2.93E+08,5.36E+06,3156588,3156587,0,423000
100,2.90E+08,5.37E+06,3156641,3156641,0,413150
100,2.93E+08,5.44E+06,3156791,3156788,0,423000
100,2.97E+08,5.34E+06,3156915,3156919,0,432950
100,2.94E+08,5.67E+06,3156934,3156933,0,423400
100,2.93E+08,5.40E+06,3157188,3157184,0,422950
100,2.94E+08,5.41E+06,3157246,3157246,0,423400
100,2.90E+08,5.45E+06,3157300,3157300,0,409950
100,2.90E+08,5.30E+06,3157328,3157325,0,409950
100,2.90E+08,5.37E+06,3157455,3157455,0,413050
100,2.94E+08,5.48E+06,3157470,3157470,0,423400
100,2.93E+08,5.30E+06,3157527,3157530,0,422100
100,2.94E+08,5.69E+06,3157554,3157549,0,423400
100,2.91E+08,5.35E+06,3157567,3157566,0,413250
100,2.94E+08,5.32E+06,3157724,3157724,0,423400
100,2.97E+08,5.39E+06,3157762,3157762,0,432950
100,2.97E+08,5.39E+06,3157863,3157863,0,429500
100,2.90E+08,5.35E+06,3158049,3158048,0,409800
100,2.94E+08,5.41E+06,3158140,3158141,0,423400
100,2.90E+08,5.40E+06,3158144,3158140,0,409950
100,2.90E+08,5.36E+06,3158321,3158321,0,409800
100,2.94E+08,5.34E+06,3158363,3158364,0,424050
100,2.90E+08,5.31E+06,3158407,3158407,0,409750
100,2.91E+08,5.33E+06,3158495,3158492,0,413200
100,2.90E+08,5.42E+06,3158517,3158518,0,409950
100,2.93E+08,5.34E+06,3158532,3158533,0,422950
100,2.90E+08,5.36E+06,3158558,3158559,0,413050
100,2.95E+08,5.36E+06,3158778,3158778,0,425800
100,2.90E+08,5.31E+06,3158992,3158992,0,413050
100,2.93E+08,5.35E+06,3159100,3159100,0,422950
100,2.91E+08,5.32E+06,3159144,3159144,0,414200
100,2.87E+08,5.52E+06,3159463,3159463,0,401250
100,2.94E+08,5.41E+06,3159523,3159523,0,423400
100,2.90E+08,5.38E+06,3159575,3159571,0,409800
100,2.90E+08,5.31E+06,3159577,3159577,0,413050
100,2.97E+08,5.39E+06,3159688,3159688,0,429500
100,2.94E+08,5.34E+06,3159690,3159690,0,423400
100,2.90E+08,5.31E+06,3159973,3159973,0,413050
100,2.97E+08,5.40E+06,3160096,3160098,0,429900
100,2.90E+08,5.39E+06,3160170,3160167,0,409950
100,2.94E+08,5.45E+06,3160182,3160182,0,423000
100,2.97E+08,5.32E+06,3160195,3160195,0,429900
100,2.90E+08,5.42E+06,3160253,3160253,0,413050
100,2.90E+08,5.34E+06,3160308,3160308,0,409800
100,2.97E+08,5.77E+06,3160403,3160404,0,432950
100,2.94E+08,5.33E+06,3160454,3160453,0,423400
100,2.93E+08,5.30E+06,3160483,3160483,0,423000
100,2.89E+08,5.33E+06,3160553,3160551,0,409150
100,2.97E+08,5.32E+06,3160900,3160901,0,429900
100,2.93E+08,5.32E+06,3160920,3160920,0,422950
100,2.98E+08,5.32E+06,3161011,3161013,0,433150
100,2.94E+08,5.35E+06,3161091,3161086,0,423000
100,2.94E+08,5.35E+06,3161176,3161180,0,423400
100,2.90E+08,5.36E+06,3161323,3161323,0,413150
100,2.94E+08,5.44E+06,3161376,3161376,0,423400
100,2.90E+08,5.33E+06,3161392,3161396,0,409950
100,2.90E+08,5.38E+06,3161629,3161630,0,409950
100,2.97E+08,5.35E+06,3161708,3161709,0,429900
100,2.94E+08,5.61E+06,3161863,3161863,0,423000
100,2.91E+08,5.32E+06,3162361,3162361,0,413200
100,2.90E+08,5.34E+06,3162384,3162387,0,409800
100,2.94E+08,5.32E+06,3162455,3162455,0,423400
100,2.82E+08,5.86E+06,3162808,3162808,0,387250
100,2.93E+08,5.45E+06,3162821,3162821,0,422900
100,2.93E+08,5.32E+06,3162901,3162901,0,422950
100,2.89E+08,5.57E+06,3162917,3162916,0,409150
100,2.94E+08,5.30E+06,3163010,3163010,0,424050
100,2.94E+08,5.65E+06,3163011,3163011,0,424050
100,2.83E+08,5.56E+06,3163036,3163035,0,392550
100,2.94E+08,5.31E+06,3163131,3163131,0,423000
100,2.97E+08,5.32E+06,3163171,3163171,0,429900
100,2.94E+08,5.40E+06,3163301,3163301,0,423400
100,2.89E+08,5.39E+06,3163574,3163576,0,409000
100,2.89E+08,5.36E+06,3163598,3163597,0,409000
100,2.85E+08,5.75E+06,3163707,3163705,0,397200
100,2.83E+08,5.73E+06,3163890,3163890,0,390850
100,2.93E+08,5.32E+06,3163952,3163951,0,423000
100,2.94E+08,5.31E+06,3164133,3164133,0,423000
100,2.97E+08,5.35E+06,3164197,3164197,0,429900
100,2.94E+08,5.31E+06,3164358,3164356,0,423400
100,2.87E+08,5.82E+06,3164389,3164389,0,401250
100,2.89E+08,5.78E+06,3164410,3164406,0,406800
100,2.90E+08,5.40E+06,3164494,3164494,0,413150
100,2.94E+08,5.55E+06,3164506,3164506,0,424050
100,2.85E+08,5.81E+06,3164527,3164527,0,397200
100,2.90E+08,5.39E+06,3164528,3164528,0,409950
100,2.90E+08,5.31E+06,3164586,3164586,0,409800
100,2.94E+08,5.34E+06,3164639,3164640,0,423400
100,2.94E+08,5.42E+06,3164673,3164670,0,423000
100,2.94E+08,5.35E+06,3164737,3164737,0,423000
100,2.89E+08,5.47E+06,3164762,3164756,0,409000
100,2.95E+08,5.35E+06,3164788,3164785,0,425800
100,2.93E+08,5.32E+06,3164916,3164916,0,422950
100,2.85E+08,5.81E+06,3164925,3164927,0,397200
100,2.90E+08,5.35E+06,3164958,3164959,0,409950
100,2.90E+08,5.30E+06,3165181,3165181,0,409800
100,2.90E+08,5.33E+06,3165192,3165192,0,413150
100,2.97E+08,5.48E+06,3165203,3165203,0,432950
100,2.93E+08,5.34E+06,3165269,3165268,0,422600
100,2.87E+08,5.57E+06,3165278,3165277,0,401250
100,2.93E+08,5.38E+06,3165389,3165389,0,422950
100,2.94E+08,5.31E+06,3165423,3165423,0,424050
100,2.85E+08,5.76E+06,3165515,3165515,0,397200
100,2.87E+08,5.47E+06,3165548,3165549,0,401250
100,2.95E+08,5.36E+06,3165615,3165608,0,425800
100,2.90E+08,5.38E+06,3165918,3165918,0,413150
100,2.89E+08,5.32E+06,3165953,3165948,0,409400
100,2.90E+08,5.48E+06,3166028,3166015,0,413050
100,2.90E+08,5.31E+06,3166151,3166151,0,413050
100,2.90E+08,5.33E+06,3166227,3166229,0,409800
100,2.90E+08,5.37E+06,3166273,3166275,0,409800
100,2.93E+08,5.58E+06,3166274,3166274,0,422950
100,2.89E+08,5.68E+06,3166317,3166317,0,408650
100,2.90E+08,5.35E+06,3166378,3166378,0,413050
100,2.93E+08,5.31E+06,3166440,3166439,0,422950
100,2.90E+08,5.45E+06,3166507,3166507,0,413150
100,2.84E+08,5.48E+06,3166576,3166576,0,394900
100,2.94E+08,5.48E+06,3166577,3166578,0,423000
100,2.87E+08,5.61E+06,3166647,3166647,0,401250
100,2.89E+08,5.52E+06,3166762,3166760,0,406800
100,2.91E+08,5.31E+06,3166822,3166822,0,413250
100,2.94E+08,5.36E+06,3166881,3166881,0,423400
100,2.97E+08,5.30E+06,3166887,3166887,0,432950
100,2.90E+08,5.30E+06,3166927,3166927,0,409950
100,2.93E+08,5.30E+06,3167004,3167004,0,422900
100,2.98E+08,5.36E+06,3167030,3167030,0,433150
100,2.94E+08,5.34E+06,3167031,3167032,0,423400
100,2.97E+08,5.31E+06,3167039,3167039,0,432950
100,2.97E+08,5.36E+06,3167049,3167050,0,429900
100,2.87E+08,6.00E+06,3167137,3167136,0,401250
100,2.94E+08,5.30E+06,3167149,3167149,0,423000
100,2.91E+08,5.38E+06,3167265,3167264,0,413200
100,2.97E+08,5.42E+06,3167461,3167463,0,432950
100,2.90E+08,5.34E+06,3167462,3167462,0,413050
100,2.85E+08,5.55E+06,3167490,3167490,0,398150
100,2.98E+08,5.59E+06,3167560,3167561,0,433150
100,2.93E+08,5.49E+06,3167603,3167605,0,422900
100,2.95E+08,5.33E+06,3167663,3167665,0,424550
100,2.90E+08,5.34E+06,3167709,3167709,0,409800
100,2.81E+08,5.83E+06,3167723,3167722,0,385450
100,2.82E+08,5.89E+06,3167796,3167796,0,387250
100,2.93E+08,5.36E+06,3167804,3167804,0,422900
100,2.94E+08,5.38E+06,3167819,3167813,0,423400
100,2.94E+08,5.33E+06,3167838,3167838,0,423000
100,2.93E+08,5.30E+06,3167842,3167842,0,422600
100,2.90E+08,5.32E+06,3167872,3167872,0,413150
100,2.90E+08,5.37E+06,3167932,3167932,0,409800
100,2.89E+08,5.30E+06,3167968,3167968,0,409400
100,2.93E+08,5.37E+06,3168118,3168118,0,422950
100,2.91E+08,5.33E+06,3168210,3168214,0,413200
100,2.90E+08,5.31E+06,3168250,3168249,0,413150
100,2.93E+08,5.44E+06,3168261,3168261,0,422900
100,2.90E+08,5.36E+06,3168286,3168286,0,409950
100,2.98E+08,5.36E+06,3168288,3168286,0,432950
100,2.82E+08,6.01E+06,3168299,3168300,0,387250
100,2.98E+08,5.40E+06,3168343,3168343,0,433150
100,2.93E+08,5.31E+06,3168377,3168377,0,423000
100,2.90E+08,5.34E+06,3168402,3168401,0,413050
100,2.90E+08,5.33E+06,3168450,3168448,0,413150
100,2.90E+08,5.36E+06,3168570,3168570,0,409950
100,2.93E+08,5.34E+06,3168572,3168572,0,423000
100,2.97E+08,5.30E+06,3168603,3168605,0,432950
100,2.93E+08,5.43E+06,3168783,3168783,0,423000
100,2.89E+08,5.30E+06,3168878,3168878,0,409400
100,2.97E+08,5.36E+06,3168883,3168883,0,429500
100,2.90E+08,5.36E+06,3169013,3169013,0,409950
100,2.94E+08,5.44E+06,3169116,3169116,0,424050
100,2.93E+08,5.43E+06,3169187,3169189,0,422950
100,2.93E+08,5.38E+06,3169309,3169302,0,422950
100,2.95E+08,5.46E+06,3169393,3169393,0,424550
100,2.97E+08,5.32E+06,3169408,3169408,0,429500
100,2.97E+08,5.34E+06,3169523,3169523,0,432950
100,2.83E+08,5.80E+06,3169678,3169678,0,390850
100,2.94E+08,5.40E+06,3169680,3169683,0,423400
100,2.93E+08,5.30E+06,3169732,3169732,0,422100
100,2.94E+08,5.33E+06,3169800,3169800,0,423000
100,2.95E+08,5.32E+06,3169814,3169814,0,424550
100,2.94E+08,5.30E+06,3169844,3169843,0,423000
100,2.90E+08,5.50E+06,3170026,3170026,0,409950
100,2.90E+08,5.45E+06,3170034,3170036,0,409800
100,2.94E+08,5.38E+06,3170089,3170089,0,423000
100,2.90E+08,5.36E+06,3170125,3170125,0,410800
100,2.94E+08,5.30E+06,3170137,3170139,0,423000
100,2.90E+08,5.31E+06,3170154,3170156,0,413050
100,2.90E+08,5.55E+06,3170252,3170251,0,409950
100,2.94E+08,5.36E+06,3170302,3170302,0,423400
100,2.90E+08,5.42E+06,3170392,3170393,0,409950
100,2.93E+08,5.36E+06,3170398,3170398,0,422350
100,2.90E+08,5.31E+06,3170495,3170496,0,409950
100,2.90E+08,5.31E+06,3170512,3170509,0,409800
100,2.93E+08,5.32E+06,3170569,3170569,0,422600
100,2.94E+08,5.32E+06,3170576,3170576,0,423400
100,2.89E+08,5.39E+06,3170618,3170619,0,409000
100,2.97E+08,5.31E+06,3170684,3170683,0,432950
100,2.90E+08,5.32E+06,3170828,3170826,0,409800
100,2.94E+08,5.38E+06,3170897,3170897,0,423400
100,2.97E+08,5.31E+06,3170909,3170909,0,432950
100,2.90E+08,5.30E+06,3170948,3170945,0,409800
100,2.90E+08,5.58E+06,3171343,3171342,0,413150
100,2.90E+08,5.33E+06,3171598,3171598,0,413150
100,2.90E+08,5.36E+06,3171603,3171603,0,413150
100,2.93E+08,5.47E+06,3171615,3171615,0,422350
100,2.90E+08,5.33E+06,3171689,3171688,0,409750
100,2.94E+08,5.41E+06,3171693,3171695,0,423400
100,2.90E+08,5.30E+06,3171736,3171736,0,409950
100,2.97E+08,5.38E+06,3171755,3171755,0,432950
100,2.90E+08,5.65E+06,3171829,3171826,0,409950
100,2.94E+08,5.30E+06,3171845,3171846,0,424050
100,2.90E+08,5.46E+06,3171848,3171849,0,413050
100,2.93E+08,5.30E+06,3171897,3171897,0,422900
100,2.83E+08,5.74E+06,3171918,3171919,0,393250
100,2.90E+08,5.31E+06,3171961,3171965,0,409800
100,2.90E+08,5.39E+06,3172020,3172014,0,409950
100,2.94E+08,5.38E+06,3172046,3172044,0,423400
100,2.93E+08,5.33E+06,3172060,3172059,0,422950
100,2.90E+08,5.39E+06,3172161,3172161,0,409950
100,2.89E+08,5.37E+06,3172256,3172255,0,409000
100,2.85E+08,5.89E+06,3172262,3172262,0,398150
100,2.91E+08,5.38E+06,3172264,3172258,0,413200
100,2.90E+08,5.38E+06,3172306,3172301,0,409950
100,2.93E+08,5.36E+06,3172336,3172331,0,422950
100,2.90E+08,5.43E+06,3172355,3172355,0,413050
100,2.90E+08,5.30E+06,3172436,3172436,0,409950
100,2.89E+08,5.56E+06,3172487,3172487,0,408650
100,2.91E+08,5.30E+06,3172641,3172641,0,413150
100,2.98E+08,5.32E+06,3172693,3172693,0,433150
100,2.94E+08,5.32E+06,3172694,3172692,0,423000
100,2.94E+08,5.33E+06,3172704,3172704,0,423000
100,2.97E+08,5.36E+06,3172780,3172780,0,429900
100,2.91E+08,5.35E+06,3172797,3172796,0,413200
100,2.97E+08,5.35E+06,3172995,3172994,0,432950
100,2.93E+08,5.63E+06,3173077,3173078,0,422900
100,2.90E+08,5.30E+06,3173087,3173086,0,409950
100,2.97E+08,5.35E+06,3173087,3173087,0,429500
100,2.90E+08,5.33E+06,3173174,3173173,0,413150
100,2.94E+08,5.35E+06,3173198,3173197,0,423400
100,2.93E+08,5.33E+06,3173221,3173221,0,422900
100,2.90E+08,5.36E+06,3173255,3173253,0,409800
100,2.93E+08,5.30E+06,3173365,3173366,0,422950
100,2.90E+08,5.31E+06,3173384,3173384,0,413050
100,2.90E+08,5.33E+06,3173427,3173428,0,409800
100,2.98E+08,5.35E+06,3173558,3173559,0,433150
100,2.89E+08,5.45E+06,3173562,3173562,0,409400
100,2.94E+08,5.34E+06,3173568,3173568,0,423000
100,2.98E+08,5.35E+06,3173772,3173772,0,433150
100,2.90E+08,5.35E+06,3173799,3173799,0,413050
100,2.98E+08,5.41E+06,3173844,3173844,0,432950
100,2.89E+08,5.42E+06,3173905,3173899,0,409000
100,2.97E+08,5.40E+06,3173977,3173977,0,432950
100,2.90E+08,5.37E+06,3174123,3174123,0,413150
100,2.93E+08,5.34E+06,3174128,3174132,0,423000
100,2.94E+08,5.50E+06,3174143,3174146,0,423400
100,2.90E+08,5.30E+06,3174296,3174297,0,409800
100,2.90E+08,5.32E+06,3174327,3174326,0,413150
100,2.90E+08,5.30E+06,3174412,3174417,0,413050
100,2.89E+08,5.42E+06,3174497,3174496,0,409000
100,2.83E+08,5.67E+06,3174508,3174506,0,390850
100,2.90E+08,5.44E+06,3174554,3174550,0,413050
100,2.90E+08,5.44E+06,3174562,3174560,0,413050
100,2.95E+08,5.33E+06,3174576,3174577,0,425800
100,2.90E+08,5.32E+06,3174705,3174707,0,409750
100,2.93E+08,5.32E+06,3174724,3174724,0,422950
100,2.90E+08,5.30E+06,3174771,3174777,0,409800
100,2.89E+08,5.31E+06,3174788,3174788,0,409000
100,2.93E+08,5.42E+06,3174825,3174825,0,422900
100,2.87E+08,5.94E+06,3174828,3174830,0,401250
100,2.97E+08,5.38E+06,3174848,3174848,0,429900
100,2.93E+08,5.34E+06,3174868,3174868,0,422600
100,2.90E+08,5.33E+06,3174870,3174870,0,413050
100,2.80E+08,5.53E+06,3174886,3174885,0,380600
100,2.93E+08,5.41E+06,3174890,3174890,0,423000
100,2.90E+08,5.36E+06,3174961,3174961,0,409950
100,2.97E+08,5.41E+06,3175023,3175023,0,429900
100,2.93E+08,5.33E+06,3175067,3175069,0,422900
100,2.90E+08,5.41E+06,3175077,3175076,0,413050
100,2.84E+08,5.54E+06,3175083,3175082,0,394350
100,2.98E+08,5.31E+06,3175421,3175423,0,433150
100,2.91E+08,5.38E+06,3175649,3175650,0,413250
100,2.90E+08,5.33E+06,3175665,3175665,0,409950
100,2.98E+08,5.30E+06,3175826,3175828,0,433150
100,2.97E+08,5.43E+06,3176009,3176009,0,432950
100,2.90E+08,5.42E+06,3176027,3176022,0,413050
100,2.95E+08,5.62E+06,3176048,3176046,0,424550
100,2.93E+08,5.34E+06,3176050,3176050,0,423000
100,2.93E+08,5.42E+06,3176105,3176103,0,422900
100,2.93E+08,5.49E+06,3176227,3176227,0,422600
100,2.94E+08,5.30E+06,3176239,3176239,0,423000
100,2.89E+08,6.02E+06,3176401,3176401,0,409000
100,2.90E+08,5.30E+06,3176430,3176427,0,409950
100,2.94E+08,5.44E+06,3176603,3176602,0,423000
100,2.94E+08,5.37E+06,3176664,3176664,0,423400
100,2.94E+08,5.40E+06,3176672,3176670,0,423000
100,2.94E+08,5.38E+06,3176994,3176994,0,423400
100,2.93E+08,5.36E+06,3177000,3177000,0,422950
100,2.97E+08,5.42E+06,3177044,3177043,0,429900
100,2.93E+08,5.47E+06,3177086,3177085,0,422950
100,2.90E+08,5.37E+06,3177149,3177150,0,413050
100,2.95E+08,5.36E+06,3177174,3177174,0,425800
100,2.93E+08,5.41E+06,3177205,3177204,0,422950
100,2.89E+08,5.33E+06,3177247,3177247,0,409400
100,2.90E+08,5.39E+06,3177301,3177301,0,413150
100,2.93E+08,5.33E+06,3177602,3177602,0,422900
100,2.93E+08,5.34E+06,3177675,3177675,0,423000
100,2.91E+08,5.30E+06,3177851,3177851,0,413200
100,2.89E+08,5.47E+06,3177941,3177941,0,409400
100,2.95E+08,5.32E+06,3177962,3177962,0,425800
100,2.95E+08,5.49E+06,3178000,3178000,0,425800
100,2.98E+08,5.30E+06,3178115,3178115,0,432950
100,2.85E+08,5.58E+06,3178151,3178150,0,398150
100,2.91E+08,5.35E+06,3178182,3178182,0,414200
100,2.90E+08,5.33E+06,3178196,3178196,0,409950
100,2.94E+08,5.37E+06,3178265,3178265,0,423000
100,2.90E+08,5.36E+06,3178358,3178360,0,413050
100,2.89E+08,5.37E+06,3178364,3178360,0,409000
100,2.90E+08,5.35E+06,3178406,3178406,0,409800
100,2.89E+08,5.55E+06,3178511,3178510,0,408650
100,2.97E+08,5.46E+06,3178623,3178622,0,432950
100,2.89E+08,5.43E+06,3178631,3178631,0,409400
100,2.89E+08,5.32E+06,3178739,3178737,0,409400
100,2.97E+08,5.37E+06,3178809,3178811,0,432950
100,2.93E+08,5.35E+06,3178845,3178850,0,422950
100,2.94E+08,5.32E+06,3178946,3178946,0,423000
100,2.98E+08,5.31E+06,3179043,3179043,0,432950
100,2.89E+08,5.45E+06,3179062,3179063,0,406800
100,2.93E+08,5.37E+06,3179092,3179092,0,422350
100,2.90E+08,5.37E+06,3179115,3179115,0,409950
100,2.93E+08,5.38E+06,3179129,3179130,0,423000
100,2.94E+08,5.51E+06,3179148,3179146,0,423000
100,2.89E+08,5.33E+06,3179173,3179173,0,409150
100,2.94E+08,5.42E+06,3179200,3179196,0,423000
100,2.93E+08,5.36E+06,3179236,3179236,0,422950
100,2.94E+08,5.30E+06,3179279,3179274,0,423000
100,2.94E+08,5.33E+06,3179325,3179326,0,423400
100,2.93E+08,5.30E+06,3179367,3179370,0,422950
100,2.93E+08,5.31E+06,3179397,3179397,0,422950
100,2.89E+08,5.42E+06,3179427,3179427,0,409150
100,2.97E+08,5.33E+06,3179462,3179462,0,432950
100,2.90E+08,5.32E+06,3179501,3179501,0,409800
100,2.93E+08,5.30E+06,3179575,3179576,0,423000
100,2.90E+08,5.53E+06,3179634,3179634,0,413050
100,2.94E+08,5.36E+06,3179634,3179635,0,423400
100,2.93E+08,5.36E+06,3179668,3179668,0,423000
100,2.90E+08,5.34E+06,3179739,3179737,0,409950
100,2.90E+08,5.36E+06,3179743,3179743,0,413050
100,2.98E+08,5.38E+06,3179973,3179973,0,433150
100,2.94E+08,5.39E+06,3180011,3180007,0,423000
100,2.98E+08,5.38E+06,3180029,3180029,0,433150
100,2.97E+08,5.48E+06,3180040,3180040,0,429900
100,2.90E+08,5.37E+06,3180067,3180067,0,409800
100,2.94E+08,5.36E+06,3180095,3180092,0,424050
100,2.90E+08,5.30E+06,3180126,3180126,0,409950
100,2.79E+08,5.81E+06,3180162,3180162,0,378600
100,2.93E+08,5.31E+06,3180236,3180236,0,422950
100,2.89E+08,5.50E+06,3180264,3180265,0,409150
100,2.94E+08,5.41E+06,3180270,3180265,0,423000
100,2.97E+08,5.38E+06,3180411,3180410,0,432950
100,2.98E+08,5.34E+06,3180439,3180440,0,433150
100,2.93E+08,5.44E+06,3180470,3180470,0,422900
100,2.90E+08,5.38E+06,3180596,3180593,0,409800
100,2.97E+08,5.31E+06,3180623,3180623,0,432950
100,2.85E+08,5.76E+06,3180673,3180673,0,397200
100,2.97E+08,5.46E+06,3180796,3180793,0,432950
100,2.90E+08,5.31E+06,3180910,3180909,0,409800
100,2.93E+08,5.31E+06,3180931,3180931,0,422100
100,2.89E+08,5.38E+06,3181004,3181004,0,409000
100,2.90E+08,5.34E+06,3181012,3181014,0,409950
100,2.90E+08,5.35E+06,3181020,3181020,0,409950
100,2.94E+08,5.32E+06,3181031,3181028,0,423400
100,2.94E+08,5.42E+06,3181057,3181058,0,423000
100,2.94E+08,5.41E+06,3181070,3181069,0,423400
100,2.95E+08,5.44E+06,3181106,3181107,0,425800
100,2.90E+08,5.30E+06,3181139,3181139,0,409800
100,2.90E+08,5.31E+06,3181196,3181196,0,413050
100,2.93E+08,5.36E+06,3181234,3181236,0,422900
100,2.93E+08,5.32E+06,3181334,3181334,0,422900
100,2.94E+08,5.44E+06,3181393,3181390,0,423400
100,2.89E+08,5.56E+06,3181418,3181418,0,409150
100,2.91E+08,5.32E+06,3181560,3181563,0,413200
100,2.90E+08,5.33E+06,3181581,3181586,0,409800
100,2.98E+08,5.30E+06,3181664,3181665,0,433150
100,2.87E+08,5.52E+06,3181699,3181696,0,401250
100,2.94E+08,5.37E+06,3181725,3181724,0,423400
100,2.93E+08,5.30E+06,3181742,3181742,0,422900
100,2.97E+08,5.38E+06,3181773,3181772,0,432950
100,2.90E+08,5.31E+06,3182108,3182109,0,413050
100,2.90E+08,5.35E+06,3182143,3182143,0,410800
100,2.90E+08,5.39E+06,3182147,3182147,0,409950
100,2.94E+08,5.34E+06,3182305,3182306,0,423400
100,2.83E+08,5.58E+06,3182345,3182348,0,390850
100,2.90E+08,5.34E+06,3182370,3182367,0,410800
100,2.98E+08,5.89E+06,3182378,3182379,0,432950
100,2.90E+08,5.31E+06,3182383,3182383,0,413050
100,2.97E+08,5.30E+06,3182438,3182438,0,429900
100,2.97E+08,5.35E+06,3182485,3182488,0,432950
100,2.81E+08,5.97E+06,3182526,3182528,0,383150
100,2.97E+08,5.30E+06,3182621,3182621,0,432950
100,2.97E+08,5.79E+06,3182652,3182653,0,429900
100,2.94E+08,5.35E+06,3182659,3182659,0,424050
100,2.97E+08,5.41E+06,3182666,3182666,0,429900
100,2.89E+08,5.37E+06,3182712,3182708,0,409000
100,2.90E+08,5.35E+06,3182713,3182714,0,413050
100,2.91E+08,5.30E+06,3182740,3182740,0,413200
100,2.94E+08,5.33E+06,3182833,3182833,0,423400
100,2.90E+08,5.33E+06,3182912,3182912,0,409800
100,2.90E+08,5.30E+06,3182965,3182963,0,410800
100,2.97E+08,5.33E+06,3182971,3182971,0,432950
100,2.89E+08,5.36E+06,3182979,3182979,0,409000
100,2.94E+08,5.96E+06,3182985,3182987,0,423000
100,2.94E+08,5.42E+06,3183095,3183097,0,423400
100,2.93E+08,5.33E+06,3183128,3183128,0,422950
100,2.98E+08,5.34E+06,3183156,3183156,0,433150
100,2.94E+08,5.41E+06,3183164,3183164,0,423400
100,2.93E+08,5.30E+06,3183251,3183250,0,422900
100,2.90E+08,5.35E+06,3183329,3183329,0,409950
100,2.94E+08,5.44E+06,3183343,3183341,0,423400
100,2.89E+08,5.32E+06,3183356,3183356,0,409400
100,2.91E+08,5.33E+06,3183518,3183517,0,413200
100,2.90E+08,5.30E+06,3183657,3183657,0,409750
100,2.90E+08,5.30E+06,3183672,3183672,0,413150
100,2.90E+08,5.31E+06,3183718,3183718,0,409800
100,2.86E+08,5.80E+06,3183766,3183765,0,400250
100,2.94E+08,5.40E+06,3183791,3183788,0,423400
100,2.90E+08,5.35E+06,3183805,3183807,0,409950
100,2.94E+08,5.42E+06,3183829,3183830,0,423000
100,2.94E+08,5.32E+06,3183832,3183832,0,423400
100,2.89E+08,5.34E+06,3183878,3183877,0,409150
100,2.93E+08,5.31E+06,3183921,3183918,0,423000
100,2.90E+08,5.53E+06,3183922,3183923,0,409950
100,2.97E+08,5.32E+06,3183923,3183923,0,429900
100,2.89E+08,5.33E+06,3184084,3184084,0,409000
100,2.94E+08,5.34E+06,3184115,3184115,0,423400
100,2.98E+08,5.30E+06,3184143,3184143,0,433150
100,2.93E+08,5.33E+06,3184208,3184208,0,422350
100,2.91E+08,5.36E+06,3184215,3184216,0,413200
100,2.90E+08,5.35E+06,3184247,3184247,0,413150
100,2.94E+08,5.37E+06,3184411,3184410,0,423000
100,2.95E+08,5.30E+06,3184456,3184455,0,425800
100,2.94E+08,5.36E+06,3184526,3184528,0,423000
100,2.89E+08,5.33E+06,3184535,3184539,0,409150
100,2.85E+08,5.78E+06,3184537,3184537,0,397200
100,2.90E+08,5.38E+06,3184815,3184815,0,410800
100,2.98E+08,5.30E+06,3184849,3184849,0,433150
100,2.97E+08,5.68E+06,3184912,3184912,0,432950
100,2.89E+08,5.35E+06,3184936,3184935,0,409400
100,2.90E+08,5.35E+06,3184960,3184960,0,409950
100,2.94E+08,5.37E+06,3184992,3184991,0,423000
100,2.93E+08,5.33E+06,3185322,3185322,0,423000
100,2.89E+08,5.47E+06,3185349,3185349,0,409000
100,2.98E+08,5.41E+06,3185362,3185362,0,432950
100,2.98E+08,5.42E+06,3185365,3185365,0,433150
100,2.97E+08,5.30E+06,3185411,3185411,0,432950
100,2.97E+08,5.37E+06,3185493,3185490,0,429900
100,2.97E+08,5.30E+06,3185510,3185509,0,432950
100,2.97E+08,5.39E+06,3185597,3185597,0,432950
100,2.89E+08,5.59E+06,3185716,3185716,0,406800
100,2.90E+08,5.38E+06,3185879,3185878,0,409800
100,2.94E+08,5.40E+06,3185897,3185897,0,423000
100,2.90E+08,5.38E+06,3186009,3186009,0,413150
100,2.98E+08,5.33E+06,3186029,3186029,0,433150
100,2.90E+08,5.30E+06,3186034,3186031,0,409950
100,2.98E+08,5.32E+06,3186150,3186151,0,433150
100,2.83E+08,6.27E+06,3186202,3186201,0,392400
100,2.94E+08,5.56E+06,3186213,3186212,0,423000
100,2.94E+08,5.34E+06,3186218,3186218,0,423400
100,2.98E+08,5.33E+06,3186252,3186256,0,433150
100,2.93E+08,5.34E+06,3186255,3186253,0,422950
100,2.94E+08,5.39E+06,3186390,3186390,0,423000
100,2.81E+08,5.90E+06,3186400,3186399,0,384800
100,2.89E+08,5.37E+06,3186522,3186522,0,409400
100,2.89E+08,5.34E+06,3186524,3186524,0,409400
100,2.94E+08,5.31E+06,3186576,3186572,0,423000
100,2.90E+08,5.30E+06,3186626,3186629,0,409800
100,2.95E+08,5.30E+06,3186692,3186689,0,425800
100,2.90E+08,5.34E+06,3186743,3186743,0,409750
100,2.90E+08,5.35E+06,3186797,3186796,0,409950
100,2.90E+08,5.30E+06,3186798,3186798,0,409950
100,2.90E+08,5.35E+06,3186845,3186847,0,409950
100,2.89E+08,5.32E+06,3186857,3186857,0,409150
100,2.94E+08,5.35E+06,3186981,3186981,0,423000
100,2.90E+08,5.30E+06,3187067,3187068,0,410800
100,2.90E+08,5.43E+06,3187113,3187109,0,409800
100,2.90E+08,5.30E+06,3187252,3187252,0,409950
100,2.89E+08,5.36E+06,3187258,3187257,0,409000
100,2.89E+08,5.37E+06,3187285,3187289,0,409000
100,2.91E+08,5.34E+06,3187327,3187328,0,413150
100,2.97E+08,5.48E+06,3187382,3187382,0,429900
100,2.94E+08,5.39E+06,3187459,3187458,0,423000
100,2.97E+08,5.34E+06,3187520,3187522,0,429500
100,2.81E+08,5.74E+06,3187586,3187591,0,385450
100,2.97E+08,5.47E+06,3187598,3187599,0,429500
100,2.98E+08,5.31E+06,3187732,3187733,0,433150
100,2.93E+08,5.31E+06,3187755,3187755,0,422950
100,2.97E+08,5.33E+06,3187768,3187764,0,432950
100,2.97E+08,5.31E+06,3187801,3187801,0,429900
100,2.98E+08,5.33E+06,3187825,3187825,0,433150
100,2.81E+08,5.79E+06,3188058,3188057,0,383150
100,2.97E+08,5.35E+06,3188059,3188056,0,429500
100,2.93E+08,5.33E+06,3188117,3188117,0,422900
100,2.97E+08,5.41E+06,3188122,3188122,0,432950
100,2.90E+08,5.45E+06,3188290,3188290,0,409800
100,2.90E+08,5.30E+06,3188306,3188306,0,413150
100,2.97E+08,5.35E+06,3188399,3188399,0,432950
100,2.90E+08,5.37E+06,3188447,3188446,0,413050
100,2.97E+08,5.36E+06,3188464,3188462,0,429900
100,2.84E+08,5.71E+06,3188627,3188627,0,394350
100,2.94E+08,5.48E+06,3188681,3188677,0,423000
100,2.94E+08,5.32E+06,3188692,3188688,0,423000
100,2.89E+08,5.32E+06,3188727,3188728,0,409150
100,2.90E+08,5.30E+06,3188730,3188729,0,409750
100,2.94E+08,5.40E+06,3188737,3188740,0,424050
100,2.93E+08,5.30E+06,3188776,3188774,0,422950
100,2.89E+08,5.39E+06,3188808,3188812,0,409000
100,2.94E+08,5.31E+06,3188813,3188813,0,423400
100,2.97E+08,5.31E+06,3188821,3188817,0,429900
100,2.97E+08,5.31E+06,3188822,3188816,0,432950
100,2.93E+08,5.33E+06,3188826,3188826,0,422950
100,2.94E+08,5.44E+06,3188848,3188847,0,423400
100,2.94E+08,5.54E+06,3188960,3188960,0,423400
100,2.93E+08,5.32E+06,3189012,3189012,0,422900
100,2.98E+08,5.32E+06,3189093,3189094,0,433150
100,2.94E+08,5.34E+06,3189148,3189152,0,423000
100,2.98E+08,5.30E+06,3189177,3189177,0,433150
100,2.83E+08,5.99E+06,3189245,3189245,0,390850
100,2.93E+08,5.45E+06,3189412,3189412,0,422900
100,2.94E+08,5.63E+06,3189447,3189446,0,423400
100,2.97E+08,5.50E+06,3189449,3189454,0,432950
100,2.94E+08,5.34E+06,3189451,3189451,0,423400
100,2.97E+08,5.33E+06,3189517,3189517,0,432950
100,2.93E+08,5.36E+06,3189535,3189533,0,423000
100,2.97E+08,5.42E+06,3189560,3189559,0,432950
100,2.97E+08,5.34E+06,3189581,3189580,0,432950
100,2.94E+08,5.32E+06,3189599,3189599,0,423400
100,2.90E+08,5.33E+06,3189606,3189605,0,413150
100,2.90E+08,5.33E+06,3189656,3189657,0,409800
100,2.97E+08,5.36E+06,3189667,3189668,0,429900
100,2.94E+08,5.44E+06,3189673,3189673,0,423000
100,2.98E+08,5.34E+06,3189774,3189774,0,433150
100,2.94E+08,5.35E+06,3189881,3189883,0,423000
100,2.93E+08,5.32E+06,3189904,3189905,0,423000
100,2.94E+08,5.32E+06,3189980,3189981,0,423000
100,2.93E+08,5.35E+06,3190268,3190270,0,422950
100,2.90E+08,5.33E+06,3190443,3190443,0,409750
100,2.93E+08,5.30E+06,3190520,3190520,0,422950
100,2.93E+08,5.44E+06,3190542,3190540,0,422950
100,2.98E+08,5.31E+06,3190552,3190552,0,433150
100,2.94E+08,5.36E+06,3190561,3190561,0,424050
100,2.98E+08,5.30E+06,3190583,3190583,0,432950
100,2.90E+08,5.34E+06,3190622,3190622,0,409950
100,2.94E+08,5.38E+06,3190750,3190749,0,423000
100,2.89E+08,5.33E+06,3190826,3190824,0,409000
100,2.97E+08,5.34E+06,3190911,3190909,0,432950
100,2.87E+08,5.54E+06,3190944,3190945,0,401250
100,2.89E+08,5.40E+06,3190972,3190972,0,409400
100,2.97E+08,5.32E+06,3191039,3191042,0,432950
100,2.97E+08,5.44E+06,3191066,3191066,0,432950
100,2.94E+08,5.36E+06,3191074,3191074,0,423000
100,2.97E+08,5.34E+06,3191153,3191153,0,429500
100,2.93E+08,5.46E+06,3191201,3191203,0,422950
100,2.94E+08,5.33E+06,3191259,3191257,0,423400
100,2.97E+08,5.57E+06,3191273,3191273,0,432950
100,2.89E+08,5.48E+06,3191385,3191384,0,409000
100,2.94E+08,5.32E+06,3191429,3191430,0,423000
100,2.97E+08,5.40E+06,3191453,3191452,0,432950
100,2.89E+08,5.36E+06,3191598,3191598,0,409000
100,2.89E+08,5.56E+06,3191629,3191629,0,409000
100,2.94E+08,5.39E+06,3191835,3191836,0,423400
100,2.94E+08,5.31E+06,3191997,3191995,0,423000
100,2.93E+08,5.38E+06,3192019,3192019,0,422950
100,2.94E+08,5.37E+06,3192133,3192133,0,423000
100,2.90E+08,5.36E+06,3192168,3192168,0,410800
100,2.93E+08,5.31E+06,3192326,3192326,0,423000
100,2.90E+08,5.32E+06,3192335,3192335,0,410800
100,2.94E+08,5.38E+06,3192384,3192387,0,423000
100,2.90E+08,5.36E+06,3192554,3192554,0,413050
100,2.90E+08,5.37E+06,3192690,3192690,0,413150
100,2.93E+08,5.33E+06,3192784,3192785,0,422950
100,2.98E+08,5.40E+06,3192812,3192812,0,433150
100,2.97E+08,5.34E+06,3192858,3192858,0,429900
100,2.85E+08,5.60E+06,3192968,3192968,0,397200
100,2.91E+08,5.32E+06,3193021,3193019,0,413250
100,2.98E+08,5.31E+06,3193085,3193083,0,433150
100,2.83E+08,5.69E+06,3193175,3193175,0,392550
100,2.90E+08,5.32E+06,3193323,3193324,0,413050
100,2.90E+08,5.39E+06,3193347,3193347,0,409950
100,2.89E+08,5.39E+06,3193387,3193386,0,409150
100,2.97E+08,5.40E+06,3193699,3193699,0,429500
100,2.93E+08,5.35E+06,3193802,3193799,0,422900
100,2.95E+08,5.40E+06,3193803,3193804,0,424550
100,2.94E+08,5.34E+06,3193819,3193818,0,423000
100,2.94E+08,5.92E+06,3193924,3193922,0,423400
100,2.97E+08,5.37E+06,3193963,3193962,0,432950
100,2.94E+08,5.51E+06,3193964,3193968,0,423000
100,2.94E+08,5.49E+06,3193990,3193993,0,423400
100,2.89E+08,5.32E+06,3194018,3194018,0,409400
100,2.93E+08,5.35E+06,3194048,3194049,0,422600
100,2.93E+08,5.39E+06,3194051,3194051,0,422900
100,2.93E+08,5.30E+06,3194054,3194056,0,422100
100,2.90E+08,5.40E+06,3194147,3194147,0,413150
100,2.94E+08,5.62E+06,3194253,3194250,0,423400
100,2.97E+08,5.31E+06,3194357,3194349,0,432950
100,2.93E+08,5.40E+06,3194374,3194374,0,423000
100,2.94E+08,5.58E+06,3194490,3194489,0,423400
100,2.93E+08,5.30E+06,3194505,3194505,0,422100
100,2.89E+08,5.38E+06,3194509,3194510,0,409000
100,2.94E+08,5.32E+06,3194514,3194513,0,423000
100,2.90E+08,5.37E+06,3194526,3194527,0,409950
100,2.89E+08,5.39E+06,3194540,3194540,0,409000
100,2.94E+08,5.40E+06,3194581,3194579,0,424050
100,2.90E+08,5.33E+06,3194687,3194689,0,409950
100,2.89E+08,5.35E+06,3194748,3194746,0,409000
100,2.90E+08,5.42E+06,3194830,3194830,0,413050
100,2.94E+08,5.53E+06,3194843,3194840,0,423400
100,2.90E+08,5.35E+06,3194904,3194904,0,413150
100,2.89E+08,5.47E+06,3194917,3194917,0,409000
100,2.94E+08,5.33E+06,3194923,3194927,0,423000
100,2.91E+08,5.31E+06,3194980,3194980,0,413150
100,2.93E+08,5.31E+06,3194991,3194989,0,422350
100,2.93E+08,5.39E+06,3195001,3194997,0,423000
100,2.90E+08,5.33E+06,3195036,3195036,0,413150
100,2.97E+08,5.51E+06,3195115,3195114,0,429900
100,2.98E+08,5.32E+06,3195122,3195122,0,433150
100,2.94E+08,5.32E+06,3195130,3195131,0,423000
100,2.90E+08,5.38E+06,3195132,3195132,0,413150
100,2.93E+08,5.49E+06,3195132,3195132,0,422950
100,2.97E+08,5.39E+06,3195145,3195145,0,432950
100,2.85E+08,5.41E+06,3195191,3195183,0,398150
100,2.91E+08,5.30E+06,3195212,3195212,0,413250
100,2.94E+08,5.31E+06,3195255,3195258,0,423400
100,2.93E+08,5.30E+06,3195260,3195260,0,422950
100,2.98E+08,5.34E+06,3195280,3195279,0,433150
100,2.98E+08,5.31E+06,3195285,3195287,0,433150
100,2.93E+08,5.30E+06,3195384,3195379,0,422350
100,2.94E+08,5.51E+06,3195434,3195436,0,423400
100,2.97E+08,5.37E+06,3195487,3195486,0,432950
100,2.93E+08,5.34E+06,3195548,3195548,0,422950
100,2.98E+08,5.31E+06,3195565,3195561,0,433150
100,2.94E+08,5.32E+06,3195621,3195623,0,423400
100,2.90E+08,5.30E+06,3195790,3195791,0,409750
100,2.93E+08,5.32E+06,3195813,3195813,0,423000
100,2.97E+08,5.48E+06,3195876,3195876,0,429500
100,2.94E+08,5.32E+06,3195945,3195944,0,423000
100,2.93E+08,5.32E+06,3195949,3195948,0,422100
100,2.93E+08,5.35E+06,3196029,3196028,0,423000
100,2.98E+08,5.38E+06,3196106,3196105,0,433150
100,2.97E+08,5.52E+06,3196111,3196111,0,432950
100,2.94E+08,5.31E+06,3196143,3196142,0,424050
100,2.89E+08,5.43E+06,3196232,3196231,0,409400
100,2.93E+08,5.33E+06,3196244,3196245,0,422350
100,2.89E+08,5.49E+06,3196266,3196267,0,409000
100,2.98E+08,5.47E+06,3196329,3196328,0,433150
100,2.93E+08,5.32E+06,3196333,3196333,0,422950
100,2.89E+08,5.34E+06,3196346,3196347,0,409000
100,2.90E+08,5.45E+06,3196436,3196437,0,413050
100,2.97E+08,5.35E+06,3196458,3196458,0,432950
100,2.97E+08,5.30E+06,3196531,3196530,0,429900
100,2.90E+08,5.33E+06,3196539,3196539,0,409950
100,2.89E+08,5.36E+06,3196557,3196560,0,409000
100,2.98E+08,5.36E+06,3196583,3196583,0,432950
100,2.98E+08,5.34E+06,3196703,3196704,0,432950
100,2.97E+08,5.43E+06,3196708,3196708,0,432950
100,2.90E+08,5.32E+06,3196741,3196741,0,409800
100,2.90E+08,5.37E+06,3196753,3196753,0,410800
100,2.94E+08,5.55E+06,3196820,3196821,0,423400
100,2.93E+08,5.33E+06,3196847,3196851,0,422100
100,2.87E+08,5.69E+06,3196902,3196904,0,401250
100,2.93E+08,5.31E+06,3196952,3196952,0,422900
100,2.98E+08,5.32E+06,3196958,3196950,0,433150
100,2.97E+08,5.37E+06,3196988,3196989,0,429900
100,2.90E+08,5.34E+06,3197029,3197028,0,409800
100,2.97E+08,5.30E+06,3197037,3197041,0,429900
100,2.94E+08,5.36E+06,3197077,3197073,0,423000
100,2.91E+08,5.33E+06,3197125,3197126,0,413250
100,2.95E+08,5.48E+06,3197191,3197193,0,424550
100,2.89E+08,5.61E+06,3197224,3197223,0,409400
100,2.97E+08,5.36E+06,3197288,3197290,0,432950
100,2.94E+08,5.34E+06,3197319,3197319,0,424050
100,2.90E+08,5.35E+06,3197338,3197337,0,413150
100,2.97E+08,5.43E+06,3197345,3197345,0,432950
100,2.95E+08,5.38E+06,3197347,3197347,0,425800
100,2.97E+08,5.49E+06,3197402,3197402,0,432950
100,2.90E+08,5.33E+06,3197440,3197439,0,409950
100,2.93E+08,5.39E+06,3197449,3197449,0,423000
100,2.93E+08,5.33E+06,3197498,3197498,0,423000
100,2.98E+08,5.35E+06,3197520,3197519,0,433150
100,2.90E+08,5.31E+06,3197557,3197557,0,409800
100,2.90E+08,5.30E+06,3197580,3197580,0,409800
100,2.90E+08,5.34E+06,3197608,3197607,0,410800
100,2.90E+08,5.32E+06,3197768,3197768,0,409950
100,2.97E+08,5.38E+06,3197786,3197785,0,429900
100,2.94E+08,5.39E+06,3197819,3197819,0,423000
100,2.93E+08,5.55E+06,3197831,3197831,0,422950
100,2.91E+08,5.34E+06,3197844,3197845,0,413250
100,2.97E+08,5.82E+06,3197858,3197861,0,429500
100,2.97E+08,5.39E+06,3197875,3197872,0,432950
100,2.94E+08,5.37E+06,3197947,3197950,0,424050
100,2.85E+08,5.85E+06,3197965,3197965,0,397200
100,2.90E+08,5.37E+06,3197981,3197981,0,413150
100,2.90E+08,5.39E+06,3198064,3198065,0,413050
100,2.98E+08,5.34E+06,3198113,3198117,0,432950
100,2.93E+08,5.32E+06,3198141,3198141,0,422900
100,2.93E+08,5.52E+06,3198211,3198209,0,423000
100,2.90E+08,5.32E+06,3198441,3198441,0,409950
100,2.98E+08,5.34E+06,3198451,3198448,0,433150
100,2.93E+08,5.44E+06,3198508,3198508,0,423000
100,2.93E+08,5.32E+06,3198544,3198543,0,423000
100,2.91E+08,5.39E+06,3198569,3198569,0,414200
100,2.91E+08,5.35E+06,3198708,3198706,0,414200
100,2.94E+08,5.41E+06,3198719,3198718,0,423000
100,2.97E+08,5.32E+06,3198736,3198736,0,429900
100,2.97E+08,5.36E+06,3198768,3198767,0,432950
100,2.94E+08,5.34E+06,3198797,3198797,0,423000
100,2.91E+08,5.35E+06,3198818,3198818,0,413200
100,2.94E+08,5.35E+06,3198896,3198898,0,423400
100,2.89E+08,5.35E+06,3198943,3198943,0,409000
100,2.97E+08,5.35E+06,3199070,3199070,0,432950
100,2.91E+08,5.52E+06,3199114,3199111,0,413250
100,2.95E+08,5.37E+06,3199184,3199183,0,425800
100,2.97E+08,5.35E+06,3199247,3199249,0,432950
100,2.93E+08,5.35E+06,3199283,3199283,0,422350
100,2.93E+08,5.31E+06,3199286,3199287,0,422900
100,2.93E+08,5.34E+06,3199355,3199355,0,422900
100,2.93E+08,5.37E+06,3199432,3199433,0,422950
100,2.90E+08,5.30E+06,3199533,3199533,0,409800
100,2.93E+08,5.38E+06,3199539,3199532,0,422900
100,2.97E+08,5.43E+06,3199575,3199575,0,432950
100,2.93E+08,5.35E+06,3199587,3199587,0,422950
100,2.93E+08,5.30E+06,3199620,3199614,0,423000
100,2.93E+08,5.30E+06,3199623,3199623,0,423000
100,2.90E+08,5.30E+06,3199643,3199643,0,410800
100,2.97E+08,5.32E+06,3199879,3199881,0,429900
100,2.89E+08,5.36E+06,3199883,3199882,0,409000
100,2.97E+08,5.32E+06,3200052,3200053,0,429500
100,2.93E+08,5.34E+06,3200139,3200138,0,421600
100,2.90E+08,5.44E+06,3200150,3200150,0,409950
100,2.81E+08,5.87E+06,3200178,3200179,0,385450
100,2.97E+08,5.35E+06,3200214,3200214,0,432950
100,2.93E+08,5.33E+06,3200215,3200216,0,422900
100,2.94E+08,5.32E+06,3200234,3200231,0,423400
100,2.98E+08,5.30E+06,3200240,3200240,0,432950
100,2.93E+08,5.31E+06,3200288,3200286,0,422950
100,2.90E+08,5.30E+06,3200303,3200303,0,409950
100,2.97E+08,5.31E+06,3200354,3200353,0,429900
100,2.89E+08,5.38E+06,3200364,3200364,0,409150
100,2.90E+08,5.37E+06,3200394,3200397,0,409750
100,2.94E+08,5.32E+06,3200400,3200398,0,423400
100,2.89E+08,5.38E+06,3200458,3200460,0,409400
100,2.93E+08,5.30E+06,3200475,3200477,0,423000
100,2.84E+08,5.55E+06,3200488,3200486,0,394350
100,2.91E+08,5.36E+06,3200520,3200520,0,413250
100,2.93E+08,5.30E+06,3200522,3200521,0,423000
100,2.97E+08,5.31E+06,3200529,3200527,0,429500
100,2.90E+08,5.30E+06,3200537,3200535,0,413150
100,2.90E+08,5.77E+06,3200615,3200616,0,409800
100,2.90E+08,5.33E+06,3200690,3200688,0,413050
100,2.97E+08,5.38E+06,3200738,3200738,0,432950
100,2.94E+08,5.30E+06,3200804,3200806,0,423000
100,2.94E+08,5.39E+06,3200812,3200812,0,423000
100,2.97E+08,5.36E+06,3200823,3200823,0,432950
100,2.95E+08,5.31E+06,3200885,3200887,0,425800
100,2.97E+08,5.36E+06,3200930,3200930,0,432950
100,2.94E+08,5.43E+06,3200935,3200933,0,423000
100,2.93E+08,5.32E+06,3200965,3200965,0,422900
100,2.94E+08,5.39E+06,3200992,3200992,0,423000
100,2.93E+08,5.42E+06,3201041,3201040,0,422950
100,2.93E+08,5.31E+06,3201056,3201056,0,422350
100,2.97E+08,5.30E+06,3201069,3201068,0,432950
100,2.91E+08,5.31E+06,3201204,3201204,0,413200
100,2.90E+08,5.33E+06,3201229,3201229,0,409950
100,2.90E+08,5.35E+06,3201279,3201281,0,409800
100,2.90E+08,5.30E+06,3201307,3201307,0,409750
100,2.93E+08,5.32E+06,3201347,3201346,0,423000
100,2.93E+08,5.60E+06,3201355,3201356,0,423000
100,2.93E+08,5.49E+06,3201388,3201386,0,422900
100,2.93E+08,5.43E+06,3201449,3201449,0,423000
100,2.98E+08,5.36E+06,3201494,3201490,0,433150
100,2.94E+08,5.32E+06,3201568,3201568,0,423000
100,2.90E+08,5.31E+06,3201674,3201675,0,410800
100,2.97E+08,5.37E+06,3201698,3201699,0,429500
100,2.93E+08,5.30E+06,3201715,3201715,0,422950
100,2.89E+08,5.35E+06,3201748,3201747,0,409400
100,2.90E+08,5.32E+06,3201749,3201750,0,409750
100,2.94E+08,5.38E+06,3201759,3201759,0,423000
100,2.97E+08,5.47E+06,3201762,3201762,0,432950
100,2.97E+08,5.30E+06,3201779,3201777,0,429900
100,2.97E+08,5.37E+06,3201792,3201792,0,432950
100,2.90E+08,5.30E+06,3201919,3201919,0,409950
100,2.98E+08,5.36E+06,3202088,3202089,0,433150
100,2.95E+08,5.40E+06,3202187,3202185,0,424550
100,2.98E+08,5.38E+06,3202285,3202286,0,433150
100,2.98E+08,5.52E+06,3202323,3202322,0,433150
100,2.97E+08,5.43E+06,3202350,3202347,0,432950
100,2.94E+08,5.37E+06,3202358,3202353,0,423400
100,2.98E+08,5.31E+06,3202380,3202380,0,433150
100,2.93E+08,5.38E+06,3202417,3202418,0,422100
100,2.93E+08,5.30E+06,3202418,3202417,0,422900
100,2.94E+08,5.37E+06,3202526,3202526,0,423000
100,2.97E+08,5.35E+06,3202549,3202550,0,432950
100,2.98E+08,5.44E+06,3202625,3202625,0,433150
100,2.93E+08,5.34E+06,3202636,3202637,0,422950
100,2.93E+08,5.41E+06,3202654,3202654,0,423000
100,2.91E+08,5.32E+06,3202727,3202727,0,413150
100,2.90E+08,5.34E+06,3202734,3202734,0,409950
100,2.94E+08,5.30E+06,3202742,3202740,0,423000
100,2.93E+08,5.30E+06,3202777,3202779,0,422950
100,2.97E+08,5.30E+06,3202863,3202863,0,432950
100,2.83E+08,5.58E+06,3202912,3202912,0,393300
100,2.93E+08,5.39E+06,3202993,3202992,0,422950
100,2.89E+08,5.36E+06,3203039,3203039,0,409400
100,2.93E+08,5.40E+06,3203061,3203061,0,422350
100,2.94E+08,5.32E+06,3203074,3203074,0,423000
100,2.94E+08,5.33E+06,3203085,3203084,0,423000
100,2.84E+08,5.46E+06,3203172,3203172,0,394350
100,2.90E+08,5.47E+06,3203179,3203179,0,409950
100,2.94E+08,5.30E+06,3203238,3203239,0,423400
100,2.97E+08,5.33E+06,3203260,3203260,0,432950
100,2.97E+08,5.43E+06,3203373,3203373,0,432950
100,2.90E+08,5.33E+06,3203400,3203400,0,410800
100,2.93E+08,5.38E+06,3203470,3203466,0,422950
100,2.94E+08,5.31E+06,3203484,3203484,0,423000
100,2.93E+08,5.30E+06,3203491,3203491,0,422100
100,2.98E+08,5.36E+06,3203507,3203505,0,433150
100,2.94E+08,5.42E+06,3203508,3203508,0,423000
100,2.94E+08,5.33E+06,3203548,3203548,0,423000
100,2.90E+08,5.30E+06,3203575,3203573,0,413150
100,2.97E+08,5.32E+06,3203602,3203602,0,432950
100,2.89E+08,5.63E+06,3203623,3203622,0,409000
100,2.89E+08,5.42E+06,3203673,3203675,0,409000
100,2.93E+08,5.30E+06,3203723,3203723,0,423000
100,2.89E+08,5.55E+06,3203766,3203766,0,409000
100,2.93E+08,5.35E+06,3203782,3203782,0,422600
100,2.93E+08,5.30E+06,3203840,3203841,0,422900
100,2.79E+08,5.71E+06,3203855,3203854,0,378600
100,2.90E+08,5.32E+06,3203881,3203880,0,409950
100,2.89E+08,5.48E+06,3203926,3203922,0,408650
100,2.89E+08,5.58E+06,3203927,3203927,0,409400
100,2.93E+08,5.48E+06,3203929,3203929,0,422100
100,2.95E+08,5.63E+06,3203954,3203954,0,425800
100,2.98E+08,5.30E+06,3204002,3204002,0,432950
100,2.91E+08,5.40E+06,3204024,3204025,0,413200
100,2.97E+08,5.36E+06,3204050,3204050,0,432950
100,2.94E+08,5.40E+06,3204132,3204133,0,423400
100,2.91E+08,5.35E+06,3204167,3204167,0,413150
100,2.94E+08,5.35E+06,3204201,3204201,0,423000
100,2.90E+08,5.38E+06,3204306,3204308,0,413050
100,2.97E+08,6.11E+06,3204352,3204352,0,432950
100,2.90E+08,5.42E+06,3204481,3204480,0,409750
100,2.90E+08,5.31E+06,3204578,3204578,0,409950
100,2.93E+08,5.33E+06,3204644,3204645,0,422900
100,2.90E+08,5.34E+06,3204680,3204680,0,413150
100,2.90E+08,5.43E+06,3204704,3204702,0,409950
100,2.90E+08,5.30E+06,3204708,3204702,0,409950
100,2.90E+08,5.40E+06,3204734,3204732,0,409800
100,2.94E+08,5.32E+06,3204749,3204744,0,423000
100,2.98E+08,5.36E+06,3204749,3204749,0,433150
100,2.90E+08,5.32E+06,3204750,3204748,0,409950
100,2.90E+08,5.31E+06,3204833,3204833,0,409750
100,2.94E+08,5.31E+06,3204855,3204855,0,423000
100,2.97E+08,5.30E+06,3204982,3204982,0,432950
100,2.90E+08,5.37E+06,3205124,3205123,0,409950
100,2.90E+08,5.34E+06,3205171,3205174,0,409950
100,2.97E+08,5.47E+06,3205182,3205186,0,432950
100,2.90E+08,5.34E+06,3205228,3205229,0,413150
100,2.97E+08,5.33E+06,3205249,3205249,0,432950
100,2.93E+08,5.32E+06,3205251,3205251,0,423000
100,2.89E+08,5.40E+06,3205256,3205256,0,409000
100,2.90E+08,5.30E+06,3205304,3205304,0,409950
100,2.90E+08,5.44E+06,3205345,3205344,0,413150
100,2.89E+08,5.44E+06,3205405,3205403,0,409150
100,2.93E+08,5.49E+06,3205498,3205498,0,422950
100,2.95E+08,5.36E+06,3205499,3205500,0,425800
100,2.97E+08,5.33E+06,3205514,3205514,0,432950
100,2.93E+08,5.51E+06,3205539,3205539,0,422900
100,2.93E+08,5.34E+06,3205543,3205543,0,422950
100,2.90E+08,5.33E+06,3205622,3205623,0,413050
100,2.93E+08,5.45E+06,3205687,3205686,0,422950
100,2.97E+08,5.30E+06,3205701,3205701,0,432950
100,2.93E+08,5.35E+06,3205759,3205760,0,422100
100,2.97E+08,5.30E+06,3205763,3205763,0,429900
100,2.93E+08,5.45E+06,3205826,3205826,0,422900
100,2.97E+08,5.37E+06,3205857,3205857,0,432950
100,2.85E+08,5.75E+06,3205938,3205934,0,398150
100,2.93E+08,5.31E+06,3205962,3205963,0,422600
100,2.89E+08,5.40E+06,3205994,3205994,0,409000
100,2.93E+08,5.30E+06,3206021,3206018,0,423000
100,2.93E+08,5.34E+06,3206043,3206043,0,422350
100,2.90E+08,5.31E+06,3206062,3206059,0,413150
100,2.97E+08,5.37E+06,3206141,3206141,0,429900
100,2.93E+08,5.30E+06,3206150,3206150,0,422950
100,2.90E+08,5.30E+06,3206214,3206216,0,413050
100,2.90E+08,5.33E+06,3206247,3206247,0,413150
100,2.93E+08,5.30E+06,3206288,3206288,0,423000
100,2.97E+08,5.33E+06,3206310,3206311,0,429900
100,2.91E+08,5.33E+06,3206382,3206382,0,413150
100,2.90E+08,5.31E+06,3206425,3206422,0,409800
100,2.90E+08,5.48E+06,3206449,3206449,0,409950
100,2.90E+08,5.44E+06,3206451,3206452,0,413050
100,2.90E+08,5.34E+06,3206506,3206506,0,409800
100,2.85E+08,5.66E+06,3206520,3206521,0,398150
100,2.94E+08,5.39E+06,3206540,3206536,0,423400
100,2.93E+08,5.33E+06,3206569,3206570,0,422900
100,2.90E+08,5.39E+06,3206594,3206591,0,413150
100,2.90E+08,5.30E+06,3206636,3206636,0,410800
100,2.87E+08,5.35E+06,3206652,3206653,0,401250
100,2.90E+08,5.32E+06,3206670,3206671,0,409950
100,2.97E+08,5.35E+06,3206695,3206695,0,432950
100,2.91E+08,5.36E+06,3206706,3206704,0,413200
100,2.93E+08,5.33E+06,3206708,3206709,0,423000
100,2.97E+08,5.47E+06,3206726,3206727,0,429500
100,2.90E+08,5.33E+06,3206733,3206733,0,409950
100,2.90E+08,5.37E+06,3206779,3206776,0,409950
100,2.89E+08,5.50E+06,3206845,3206844,0,409400
100,2.90E+08,5.30E+06,3206973,3206976,0,409800
100,2.93E+08,5.62E+06,3207000,3207001,0,423000
100,2.91E+08,5.30E+06,3207026,3207026,0,413250
100,2.90E+08,5.30E+06,3207049,3207049,0,409800
100,2.94E+08,5.31E+06,3207136,3207136,0,423400
100,2.97E+08,5.33E+06,3207142,3205204,0,429900
100,2.90E+08,5.55E+06,3207174,3207173,0,410800
100,2.95E+08,5.45E+06,3207261,3207261,0,425800
100,2.95E+08,5.31E+06,3207277,3207278,0,425800
100,2.90E+08,5.39E+06,3207297,3207297,0,409750
100,2.81E+08,5.90E+06,3207346,3207344,0,385400
100,2.98E+08,5.31E+06,3207365,3207364,0,432950
100,2.97E+08,5.30E+06,3207378,3207376,0,429500
100,2.94E+08,5.60E+06,3207465,3207467,0,423400
100,2.93E+08,5.35E+06,3207533,3207533,0,422900
100,2.91E+08,5.40E+06,3207572,3207572,0,413250
100,2.91E+08,5.38E+06,3207576,3207576,0,413150
100,2.93E+08,5.31E+06,3207653,3207653,0,422100
100,2.94E+08,5.39E+06,3207761,3207757,0,423000
100,2.90E+08,5.37E+06,3207820,3207820,0,409950
100,2.87E+08,5.44E+06,3207843,3207843,0,401250
100,2.93E+08,5.30E+06,3207857,3207858,0,422900
100,2.93E+08,5.30E+06,3207886,3207888,0,422950
100,2.89E+08,5.35E+06,3207906,3207907,0,409000
100,2.97E+08,5.36E+06,3207933,3207934,0,432950
100,2.93E+08,5.31E+06,3207958,3207960,0,422950
100,2.91E+08,5.32E+06,3207959,3207959,0,413200
100,2.97E+08,5.42E+06,3207993,3207991,0,429900
100,2.95E+08,5.33E+06,3208051,3208051,0,424550
100,2.89E+08,5.83E+06,3208070,3208074,0,409000
100,2.91E+08,5.35E+06,3208147,3208146,0,413200
100,2.93E+08,5.30E+06,3208157,3208156,0,422950
100,2.94E+08,5.37E+06,3208190,3208192,0,423000
100,2.93E+08,5.33E+06,3208226,3208222,0,422950
100,2.98E+08,5.67E+06,3208271,3208271,0,433150
100,2.93E+08,5.35E+06,3208317,3208316,0,423000
100,2.90E+08,5.30E+06,3208319,3208318,0,409800
100,2.90E+08,5.31E+06,3208393,3208394,0,409950
100,2.90E+08,5.33E+06,3208414,3208414,0,409800
100,2.89E+08,5.44E+06,3208459,3208453,0,409000
100,2.89E+08,5.30E+06,3208463,3208463,0,409400
100,2.97E+08,5.37E+06,3208624,3208622,0,429900
100,2.93E+08,5.39E+06,3208637,3208638,0,422100
100,2.97E+08,5.39E+06,3208679,3208679,0,429900
100,2.89E+08,5.36E+06,3208715,3208714,0,409000
100,2.93E+08,5.80E+06,3208724,3208725,0,422900
100,2.98E+08,5.30E+06,3208782,3208782,0,433150
100,2.91E+08,5.38E+06,3208785,3208785,0,413150
100,2.90E+08,5.33E+06,3208789,3208786,0,409800
100,2.97E+08,5.33E+06,3208800,3208800,0,429900
100,2.83E+08,5.58E+06,3208822,3208822,0,390850
100,2.94E+08,5.30E+06,3208863,3208864,0,423000
100,2.93E+08,5.30E+06,3208871,3208871,0,423000
100,2.93E+08,5.72E+06,3208884,3208884,0,422100
100,2.97E+08,5.40E+06,3208886,3208885,0,432950
100,2.98E+08,5.32E+06,3208928,3208929,0,432950
100,2.93E+08,5.31E+06,3208984,3208984,0,422100
100,2.93E+08,5.37E+06,3209023,3209023,0,422900
100,2.90E+08,5.42E+06,3209159,3209159,0,409950
100,2.94E+08,5.39E+06,3209167,3209167,0,423000
100,2.93E+08,5.35E+06,3209177,3209177,0,422950
100,2.90E+08,5.30E+06,3209228,3209228,0,413050
100,2.97E+08,5.30E+06,3209263,3209263,0,432950
100,2.85E+08,5.72E+06,3209321,3209322,0,397200
100,2.90E+08,5.30E+06,3209379,3209380,0,413050
100,2.89E+08,5.36E+06,3209390,3209392,0,409000
100,2.91E+08,5.35E+06,3209427,3209426,0,413150
100,2.97E+08,5.30E+06,3209448,3209448,0,432950
100,2.89E+08,5.41E+06,3209503,3209503,0,409000
100,2.93E+08,5.43E+06,3209508,3209508,0,422950
100,2.93E+08,5.30E+06,3209604,3209603,0,422900
100,2.93E+08,5.37E+06,3209624,3209623,0,423000
100,2.93E+08,5.34E+06,3209689,3209689,0,422900
100,2.90E+08,5.34E+06,3209770,3209764,0,409950
100,2.98E+08,5.32E+06,3209864,3209864,0,433150
100,2.90E+08,5.30E+06,3209880,3209881,0,410800
100,2.91E+08,5.37E+06,3209914,3209914,0,413150
100,2.90E+08,5.37E+06,3209941,3209941,0,413150
100,2.90E+08,5.42E+06,3210017,3210017,0,413050
100,2.90E+08,5.35E+06,3210117,3210117,0,409950
100,2.93E+08,5.43E+06,3210189,3210190,0,423000
100,2.93E+08,5.31E+06,3210195,3210196,0,422900
100,2.94E+08,5.33E+06,3210235,3210235,0,423000
100,2.95E+08,5.40E+06,3210309,3210309,0,425800
100,2.91E+08,5.36E+06,3210353,3210351,0,413250
100,2.93E+08,5.35E+06,3210375,3210375,0,422350
100,2.97E+08,5.30E+06,3210446,3210446,0,432950
100,2.90E+08,5.30E+06,3210503,3210500,0,409800
100,2.90E+08,5.36E+06,3210540,3210540,0,409800
100,2.97E+08,5.36E+06,3210562,3210563,0,432950
100,2.91E+08,5.36E+06,3210588,3210588,0,413150
100,2.93E+08,5.35E+06,3210605,3210605,0,422100
100,2.85E+08,5.59E+06,3210623,3210625,0,398150
100,2.93E+08,5.33E+06,3210653,3210654,0,423000
100,2.94E+08,5.30E+06,3210670,3210670,0,424050
100,2.79E+08,5.57E+06,3210695,3210696,0,378600
100,2.90E+08,5.45E+06,3210751,3210749,0,413050
100,2.97E+08,5.30E+06,3210756,3210757,0,429900
100,2.93E+08,5.50E+06,3210861,3210862,0,423000
100,2.90E+08,5.54E+06,3210888,3210888,0,409800
100,2.94E+08,5.30E+06,3210896,3210897,0,423000
100,2.93E+08,5.33E+06,3210917,3210917,0,422950
100,2.89E+08,5.36E+06,3210947,3210945,0,409000
100,2.93E+08,5.32E+06,3210949,3210949,0,422900
100,2.90E+08,5.30E+06,3211145,3211147,0,409750
100,2.93E+08,5.30E+06,3211248,3211243,0,422350
100,2.93E+08,5.33E+06,3211281,3211281,0,422900
100,2.91E+08,5.37E+06,3211288,3211288,0,414200
100,2.90E+08,5.75E+06,3211328,3211328,0,413050
100,2.93E+08,5.35E+06,3211334,3211334,0,423000
100,2.95E+08,5.36E+06,3211364,3211364,0,425800
100,2.97E+08,5.31E+06,3211421,3211421,0,432950
100,2.93E+08,5.36E+06,3211428,3211429,0,423000
100,2.89E+08,5.31E+06,3211435,3211437,0,409400
100,2.90E+08,5.30E+06,3211445,3211444,0,410800
100,2.87E+08,5.44E+06,3211454,3211453,0,401250
100,2.98E+08,5.30E+06,3211470,3211471,0,433150
100,2.93E+08,5.30E+06,3211494,3211492,0,421600
100,2.93E+08,5.33E+06,3211495,3211495,0,422900
100,2.91E+08,5.38E+06,3211498,3211496,0,413200
100,2.93E+08,5.45E+06,3211516,3211518,0,422350
100,2.97E+08,5.34E+06,3211548,3211548,0,429500
100,2.90E+08,5.31E+06,3211586,3211586,0,409750
100,2.97E+08,5.57E+06,3211751,3211751,0,432950
100,2.90E+08,5.33E+06,3211765,3211765,0,409800
100,2.91E+08,5.30E+06,3211851,3211851,0,414200
100,2.89E+08,5.30E+06,3211880,3211880,0,409000
100,2.89E+08,5.54E+06,3211984,3211985,0,409150
100,2.91E+08,5.31E+06,3212076,3212074,0,413200
100,2.93E+08,5.30E+06,3212209,3212209,0,423000
100,2.93E+08,5.35E+06,3212226,3212226,0,422900
100,2.90E+08,5.30E+06,3212244,3212241,0,409950
100,2.90E+08,5.38E+06,3212255,3212255,0,409950
100,2.90E+08,5.30E+06,3212263,3212264,0,413150
100,2.94E+08,5.35E+06,3212292,3212292,0,423000
100,2.93E+08,5.30E+06,3212322,3212323,0,422900
100,2.90E+08,5.35E+06,3212395,3212395,0,409750
100,2.90E+08,5.33E+06,3212397,3212392,0,409800
100,2.90E+08,5.33E+06,3212441,3212441,0,409750
100,2.94E+08,5.46E+06,3212448,3212448,0,423000
100,2.90E+08,5.30E+06,3212460,3212459,0,413150
100,2.93E+08,5.31E+06,3212470,3212470,0,423000
100,2.90E+08,5.30E+06,3212510,3212507,0,413050
100,2.94E+08,5.30E+06,3212525,3212524,0,424050
100,2.90E+08,5.34E+06,3212548,3212548,0,413150
100,2.93E+08,5.30E+06,3212556,3212556,0,422900
100,2.94E+08,5.43E+06,3212591,3212591,0,424050
100,2.87E+08,5.54E+06,3212613,3212613,0,401250
100,2.85E+08,5.80E+06,3212619,3212619,0,397200
100,2.90E+08,5.30E+06,3212640,3212639,0,413150
100,2.95E+08,5.34E+06,3212649,3212649,0,425800
100,2.91E+08,5.37E+06,3212712,3212712,0,413200
100,2.89E+08,5.30E+06,3212714,3212714,0,409000
100,2.90E+08,5.55E+06,3212762,3212760,0,413150
100,2.98E+08,5.39E+06,3212777,3212777,0,433150
100,2.94E+08,5.32E+06,3212832,3212833,0,423000
100,2.90E+08,5.30E+06,3212897,3212894,0,409800
100,2.91E+08,5.39E+06,3212910,3212912,0,413200
100,2.89E+08,5.71E+06,3212935,3212936,0,409000
100,2.89E+08,5.44E+06,3212937,3212934,0,409000
100,2.90E+08,5.41E+06,3212975,3212975,0,409750
100,2.89E+08,5.38E+06,3212977,3212977,0,409000
100,2.93E+08,5.34E+06,3213056,3213057,0,422100
100,2.97E+08,5.31E+06,3213076,3213077,0,432950
100,2.93E+08,5.30E+06,3213078,3213078,0,423000
100,2.97E+08,5.31E+06,3213111,3213110,0,429900
100,2.94E+08,5.36E+06,3213126,3213126,0,423400
100,2.93E+08,5.32E+06,3213137,3213128,0,422900
100,2.89E+08,5.34E+06,3213201,3213200,0,409000
100,2.90E+08,5.38E+06,3213209,3213208,0,409750
100,2.97E+08,5.30E+06,3213212,3213212,0,429500
100,2.91E+08,5.30E+06,3213215,3213215,0,413150
100,2.97E+08,5.34E+06,3213256,3213256,0,432950
100,2.97E+08,5.39E+06,3213275,3213276,0,429500
100,2.90E+08,5.30E+06,3213284,3213284,0,409750
100,2.83E+08,5.94E+06,3213327,3213325,0,390850
100,2.93E+08,5.33E+06,3213332,3213327,0,422900
100,2.97E+08,5.30E+06,3213382,3213382,0,432950
100,2.97E+08,5.33E+06,3213479,3213479,0,432950
100,2.90E+08,5.37E+06,3213561,3213559,0,409950
100,2.95E+08,5.35E+06,3213672,3213672,0,425800
100,2.98E+08,5.30E+06,3213722,3213723,0,433150
100,2.94E+08,5.31E+06,3213738,3213738,0,423000
100,2.98E+08,5.30E+06,3213822,3213823,0,432950
100,2.98E+08,5.34E+06,3213849,3213849,0,433150
100,2.94E+08,5.32E+06,3213880,3213880,0,423400
100,2.90E+08,5.37E+06,3213945,3213942,0,410800
100,2.90E+08,5.36E+06,3213946,3213946,0,413150
100,2.93E+08,5.33E+06,3213971,3213969,0,422950
100,2.93E+08,5.33E+06,3213976,3213976,0,423000
100,2.89E+08,5.38E+06,3213997,3213998,0,409150
100,2.97E+08,5.34E+06,3214009,3214009,0,429900
100,2.93E+08,5.30E+06,3214033,3214034,0,423000
100,2.97E+08,5.30E+06,3214062,3214062,0,432950
100,2.90E+08,5.30E+06,3214068,3214066,0,410750
100,2.90E+08,5.34E+06,3214082,3214082,0,410800
100,2.89E+08,5.51E+06,3214089,3214089,0,409000
100,2.97E+08,5.35E+06,3214103,3214103,0,432950
100,2.89E+08,5.33E+06,3214144,3214144,0,409000
100,2.98E+08,5.30E+06,3214146,3214144,0,432950
100,2.97E+08,5.30E+06,3214181,3214181,0,432950
100,2.93E+08,5.30E+06,3214201,3214201,0,422900
100,2.93E+08,5.32E+06,3214206,3214205,0,422950
100,2.93E+08,5.42E+06,3214210,3214206,0,422950
100,2.93E+08,5.31E+06,3214249,3214246,0,422900
100,2.93E+08,5.31E+06,3214256,3214258,0,422950
100,2.95E+08,5.30E+06,3214260,3214257,0,425800
100,2.93E+08,5.37E+06,3214261,3214261,0,422900
100,2.93E+08,5.31E+06,3214265,3214264,0,422950
100,2.90E+08,5.42E+06,3214282,3214283,0,413150
100,2.90E+08,5.38E+06,3214311,3214315,0,413050
100,2.93E+08,5.30E+06,3214314,3214314,0,423000
100,2.91E+08,5.46E+06,3214366,3214364,0,413200
100,2.89E+08,5.33E+06,3214393,3214393,0,409000
100,2.97E+08,5.37E+06,3214426,3214426,0,432950
100,2.93E+08,5.38E+06,3214457,3214456,0,422900
100,2.90E+08,5.41E+06,3214476,3214476,0,409800
100,2.95E+08,5.35E+06,3214510,3214510,0,425800
100,2.89E+08,5.38E+06,3214534,3214534,0,409000
100,2.90E+08,5.33E+06,3214544,3214545,0,413050
100,2.97E+08,5.30E+06,3214545,3214545,0,432950
100,2.94E+08,5.35E+06,3214549,3214549,0,423400
100,2.94E+08,5.30E+06,3214601,3214600,0,424050
100,2.98E+08,5.32E+06,3214624,3214624,0,433150
100,2.90E+08,5.40E+06,3214633,3214632,0,413050
100,2.97E+08,5.39E+06,3214652,3214651,0,429500
100,2.90E+08,5.40E+06,3214731,3214731,0,413150
100,2.90E+08,5.31E+06,3214778,3214775,0,409800
100,2.98E+08,5.33E+06,3214784,3214784,0,432950
100,2.94E+08,5.45E+06,3214916,3214918,0,423400
100,2.97E+08,5.30E+06,3214950,3214951,0,432950
100,2.94E+08,5.30E+06,3214955,3214955,0,423000
100,2.90E+08,5.37E+06,3214977,3214976,0,409950
100,2.93E+08,5.34E+06,3215049,3215050,0,423000
100,2.89E+08,5.49E+06,3215075,3215075,0,409000
100,2.98E+08,5.38E+06,3215111,3215110,0,432950
100,2.94E+08,5.31E+06,3215146,3215145,0,423000
100,2.90E+08,5.30E+06,3215208,3215207,0,409950
100,2.90E+08,5.30E+06,3215214,3215216,0,410800
100,2.97E+08,5.33E+06,3215220,3215221,0,432950
100,2.90E+08,5.32E+06,3215230,3215230,0,413050
100,2.85E+08,6.04E+06,3215249,3215249,0,397200
100,2.83E+08,5.41E+06,3215283,3215280,0,390850
100,2.97E+08,5.30E+06,3215323,3215323,0,432950
100,2.97E+08,5.32E+06,3215418,3215419,0,429900
100,2.90E+08,5.33E+06,3215446,3215446,0,409950
100,2.90E+08,5.34E+06,3215465,3215464,0,409950
100,2.97E+08,5.40E+06,3215503,3215503,0,432950
100,2.83E+08,5.62E+06,3215546,3215546,0,393250
100,2.98E+08,5.31E+06,3215604,3215602,0,433150
100,2.90E+08,5.30E+06,3215607,3215607,0,413050
100,2.98E+08,5.31E+06,3215648,3215648,0,432950
100,2.91E+08,5.33E+06,3215682,3215683,0,413250
100,2.98E+08,5.32E+06,3215689,3215689,0,433150
100,2.97E+08,5.43E+06,3215696,3215696,0,429900
100,2.90E+08,5.30E+06,3215705,3215705,0,409800
100,2.97E+08,5.61E+06,3215713,3215713,0,432950
100,2.94E+08,5.31E+06,3215740,3215740,0,423000
100,2.97E+08,5.42E+06,3215744,3215744,0,429900
100,2.89E+08,5.38E+06,3215750,3215750,0,409000
100,2.97E+08,5.30E+06,3215755,3215761,0,432950
100,2.90E+08,5.30E+06,3215780,3215780,0,409750
100,2.91E+08,5.36E+06,3215821,3215821,0,413250
100,2.90E+08,5.30E+06,3215863,3215865,0,409800
100,2.90E+08,5.30E+06,3215867,3215867,0,413050
100,2.97E+08,5.41E+06,3215902,3215901,0,432950
100,2.94E+08,5.42E+06,3215945,3215942,0,423000
100,2.93E+08,5.52E+06,3215946,3215944,0,422900
100,2.93E+08,5.33E+06,3215955,3215955,0,422350
100,2.90E+08,5.31E+06,3216006,3216006,0,409950
100,2.97E+08,5.40E+06,3216019,3216019,0,429500
100,2.97E+08,5.32E+06,3216052,3216051,0,432950
100,2.94E+08,5.38E+06,3216072,3216072,0,423400
100,2.97E+08,5.32E+06,3216085,3216085,0,432950
100,2.98E+08,5.32E+06,3216085,3216087,0,432950
100,2.93E+08,5.47E+06,3216105,3216102,0,422950
100,2.93E+08,5.43E+06,3216112,3216112,0,422950
100,2.93E+08,5.30E+06,3216151,3216151,0,422350
100,2.97E+08,5.36E+06,3216166,3216164,0,429900
100,2.90E+08,5.30E+06,3216225,3216226,0,413150
100,2.89E+08,5.42E+06,3216383,3216383,0,409000
100,2.89E+08,5.49E+06,3216420,3216421,0,409000
100,2.93E+08,5.31E+06,3216491,3216491,0,422900
100,2.93E+08,5.30E+06,3216518,3216515,0,423000
100,2.90E+08,5.33E+06,3216540,3216540,0,413050
100,2.87E+08,5.54E+06,3216573,3216571,0,401250
100,2.90E+08,5.30E+06,3216640,3216642,0,413150
100,2.93E+08,5.31E+06,3216736,3216733,0,422100
100,2.93E+08,5.31E+06,3216749,3216750,0,422950
100,2.90E+08,5.34E+06,3216761,3216761,0,409750
100,2.90E+08,5.32E+06,3216889,3216892,0,413150
100,2.94E+08,5.36E+06,3216925,3216925,0,423000
100,2.94E+08,5.32E+06,3217005,3217002,0,423000
100,2.90E+08,5.45E+06,3217105,3217106,0,409800
100,2.97E+08,5.42E+06,3217126,3217126,0,432950
100,2.97E+08,5.35E+06,3217182,3217182,0,432950
100,2.89E+08,5.30E+06,3217195,3217195,0,409000
100,2.90E+08,5.37E+06,3217222,3217223,0,413150
100,2.90E+08,5.30E+06,3217230,3217229,0,413150
100,2.97E+08,5.30E+06,3217247,3217247,0,432950
100,2.97E+08,5.33E+06,3217257,3217257,0,432950
100,2.93E+08,5.30E+06,3217260,3217260,0,422900
100,2.93E+08,5.34E+06,3217270,3217270,0,422950
100,2.98E+08,5.39E+06,3217283,3217279,0,433150
100,2.85E+08,5.66E+06,3217313,3217309,0,397200
100,2.91E+08,5.31E+06,3217405,3217405,0,413250
100,2.90E+08,5.33E+06,3217407,3217407,0,409800
100,2.93E+08,5.32E+06,3217494,3217494,0,422900
100,2.98E+08,5.30E+06,3217526,3217531,0,433150
100,2.94E+08,5.34E+06,3217550,3217551,0,423000
100,2.90E+08,5.30E+06,3217559,3217562,0,410800
100,2.97E+08,5.30E+06,3217580,3217582,0,429900
100,2.93E+08,5.30E+06,3217593,3217593,0,422950
100,2.93E+08,5.30E+06,3217603,3217598,0,423000
100,2.94E+08,5.45E+06,3217621,3217621,0,423000
100,2.98E+08,5.30E+06,3217656,3217656,0,433150
100,2.93E+08,5.33E+06,3217664,3217664,0,422900
100,2.93E+08,5.32E+06,3217688,3217687,0,422100
100,2.93E+08,5.30E+06,3217694,3217694,0,422350
100,2.90E+08,5.36E+06,3217713,3217712,0,413150
100,2.80E+08,5.63E+06,3217733,3217733,0,380600
100,2.91E+08,5.31E+06,3217757,3217754,0,413250
100,2.89E+08,5.39E+06,3217762,3217762,0,409000
100,2.93E+08,5.41E+06,3217783,3217783,0,422100
100,2.89E+08,5.47E+06,3217794,3217794,0,409000
100,2.90E+08,5.30E+06,3217842,3217842,0,409800
100,2.90E+08,5.37E+06,3217919,3217919,0,409950
100,2.90E+08,5.32E+06,3217924,3217924,0,409800
100,2.85E+08,5.55E+06,3217962,3217962,0,397200
100,2.94E+08,5.34E+06,3217965,3217967,0,423000
100,2.90E+08,5.31E+06,3218018,3218017,0,409950
100,2.89E+08,5.46E+06,3218021,3218015,0,409150
100,2.90E+08,5.53E+06,3218075,3218072,0,413150
100,2.93E+08,5.40E+06,3218095,3218092,0,422950
100,2.90E+08,5.35E+06,3218114,3218114,0,409950
100,2.93E+08,5.36E+06,3218147,3218147,0,422950
100,2.97E+08,5.43E+06,3218154,3218154,0,432950
100,2.97E+08,5.47E+06,3218186,3218185,0,432950
100,2.93E+08,5.37E+06,3218192,3218183,0,422950
100,2.95E+08,5.34E+06,3218224,3218223,0,425800
100,2.90E+08,5.31E+06,3218237,3218237,0,413050
100,2.93E+08,5.34E+06,3218264,3218264,0,422950
100,2.90E+08,5.30E+06,3218287,3218288,0,409950
100,2.85E+08,5.94E+06,3218294,3218294,0,397200
100,2.93E+08,5.39E+06,3218359,3218359,0,422950
100,2.93E+08,5.36E+06,3218402,3218401,0,422900
100,2.94E+08,5.44E+06,3218415,3218410,0,423000
100,2.93E+08,5.36E+06,3218428,3218428,0,422950
100,2.94E+08,5.38E+06,3218438,3218438,0,423000
100,2.93E+08,5.39E+06,3218447,3218446,0,423000
100,2.90E+08,5.32E+06,3218595,3218595,0,413150
100,2.93E+08,5.32E+06,3218615,3218617,0,422950
100,2.90E+08,5.34E+06,3218632,3218631,0,409800
100,2.93E+08,5.33E+06,3218645,3218645,0,423000
100,2.93E+08,5.35E+06,3218652,3218652,0,422900
100,2.83E+08,5.74E+06,3218668,3218669,0,390850
100,2.91E+08,5.64E+06,3218722,3218724,0,413200
100,2.93E+08,5.34E+06,3218800,3218800,0,422950
100,2.90E+08,5.42E+06,3218801,3218802,0,409950
100,2.89E+08,5.32E+06,3218822,3218823,0,409000
100,2.97E+08,5.38E+06,3218831,3218831,0,432950
100,2.97E+08,5.37E+06,3218860,3218857,0,429500
100,2.93E+08,5.35E+06,3218896,3218897,0,422900
100,2.93E+08,5.30E+06,3218912,3218911,0,422950
100,2.93E+08,5.34E+06,3218944,3218942,0,422350
100,2.93E+08,5.31E+06,3218974,3218973,0,422900
100,2.94E+08,5.34E+06,3218976,3218976,0,423000
100,2.90E+08,5.32E+06,3219058,3219059,0,409750
100,2.97E+08,5.36E+06,3219059,3219059,0,429900
100,2.94E+08,5.46E+06,3219068,3219062,0,424050
100,2.90E+08,5.37E+06,3219077,3219079,0,413050
100,2.90E+08,5.40E+06,3219103,3219103,0,413150
100,2.93E+08,5.31E+06,3219109,3219109,0,423000
100,2.89E+08,5.41E+06,3219113,3219111,0,409000
100,2.97E+08,5.88E+06,3219143,3219143,0,432950
100,2.94E+08,5.36E+06,3219165,3219165,0,424050
100,2.93E+08,5.31E+06,3219178,3219178,0,422950
100,2.90E+08,5.33E+06,3219186,3219183,0,409950
100,2.90E+08,5.31E+06,3219204,3219204,0,413150
100,2.93E+08,5.32E+06,3219207,3219203,0,423000
100,2.93E+08,5.33E+06,3219216,3219213,0,422900
100,2.97E+08,5.35E+06,3219224,3219224,0,432950
100,2.90E+08,5.33E+06,3219228,3219226,0,409950
100,2.79E+08,5.61E+06,3219301,3219301,0,378600
100,2.93E+08,5.42E+06,3219396,3219395,0,423000
100,2.93E+08,5.37E+06,3219431,3219432,0,423000
100,2.90E+08,5.32E+06,3219433,3219434,0,410800
100,2.93E+08,5.38E+06,3219590,3219586,0,422100
100,2.94E+08,5.35E+06,3219602,3219603,0,423400
100,2.90E+08,5.31E+06,3219671,3219672,0,409950
100,2.89E+08,5.70E+06,3219710,3219710,0,409000
100,2.89E+08,5.37E+06,3219763,3219763,0,409000
100,2.90E+08,5.30E+06,3219764,3219760,0,413150
100,2.97E+08,5.31E+06,3219804,3219803,0,432950
100,2.90E+08,5.45E+06,3219834,3219834,0,413050
100,2.97E+08,5.31E+06,3219837,3219831,0,432950
100,2.90E+08,5.35E+06,3219880,3219880,0,413050
100,2.93E+08,5.39E+06,3219920,3219919,0,422900
100,2.90E+08,5.37E+06,3219941,3219941,0,413150
100,2.90E+08,5.36E+06,3219973,3219968,0,409950
100,2.91E+08,5.30E+06,3219986,3219986,0,413200
100,2.97E+08,5.35E+06,3220004,3220004,0,432950
100,2.89E+08,5.30E+06,3220022,3220022,0,409000
100,2.89E+08,5.32E+06,3220060,3220062,0,409150
100,2.97E+08,5.48E+06,3220065,3220064,0,432950
100,2.94E+08,5.34E+06,3220149,3220151,0,423000
100,2.97E+08,5.30E+06,3220176,3220176,0,429900
100,2.94E+08,5.38E+06,3220218,3220218,0,423000
100,2.89E+08,5.47E+06,3220255,3220255,0,409150
100,2.97E+08,5.31E+06,3220280,3220280,0,432950
100,2.97E+08,5.39E+06,3220282,3220283,0,429900
100,2.97E+08,5.37E+06,3220384,3220384,0,432950
100,2.95E+08,5.35E+06,3220447,3220449,0,425800
100,2.90E+08,5.35E+06,3220485,3220484,0,409800
100,2.94E+08,5.59E+06,3220490,3220488,0,423400
100,2.97E+08,5.33E+06,3220503,3220496,0,429900
100,2.93E+08,5.39E+06,3220516,3220516,0,422900
100,2.94E+08,5.44E+06,3220520,3220520,0,423400
100,2.94E+08,5.30E+06,3220569,3220569,0,423400
100,2.94E+08,5.30E+06,3220570,3220570,0,423000
100,2.93E+08,5.47E+06,3220581,3220581,0,423000
100,2.95E+08,5.38E+06,3220619,3220619,0,425800
100,2.90E+08,5.30E+06,3220633,3220633,0,413150
100,2.97E+08,5.34E+06,3220658,3220659,0,432950
100,2.97E+08,5.31E+06,3220670,3220670,0,429900
100,2.93E+08,5.41E+06,3220677,3220677,0,422950
100,2.93E+08,5.32E+06,3220704,3220701,0,422950
100,2.93E+08,5.30E+06,3220768,3220770,0,422900
100,2.93E+08,5.34E+06,3220777,3220779,0,422950
100,2.93E+08,5.33E+06,3220786,3220786,0,421600
100,2.90E+08,5.37E+06,3220923,3220922,0,413150
100,2.95E+08,5.33E+06,3220933,3220931,0,424550
100,2.98E+08,5.35E+06,3220936,3220936,0,433150
100,2.93E+08,5.31E+06,3220946,3220946,0,423000
100,2.93E+08,5.38E+06,3220983,3220981,0,422950
100,2.93E+08,5.35E+06,3220998,3220998,0,423000
100,2.93E+08,5.30E+06,3221030,3221030,0,423000
100,2.91E+08,5.30E+06,3221043,3221037,0,413200
100,2.94E+08,5.34E+06,3221053,3221050,0,424050
100,2.90E+08,5.30E+06,3221136,3221133,0,409800
100,2.94E+08,5.33E+06,3221157,3221159,0,423000
100,2.95E+08,5.42E+06,3221160,3221160,0,425800
100,2.90E+08,5.32E+06,3221194,3221193,0,413150
100,2.93E+08,5.35E+06,3221212,3221212,0,422900
100,2.89E+08,5.82E+06,3221223,3221226,0,408650
100,2.90E+08,5.40E+06,3221229,3221229,0,413150
100,2.98E+08,5.37E+06,3221235,3221236,0,433150
100,2.90E+08,5.39E+06,3221245,3221245,0,409950
100,2.93E+08,5.31E+06,3221284,3221286,0,422900
100,2.98E+08,5.30E+06,3221291,3221291,0,433150
100,2.90E+08,5.34E+06,3221333,3221331,0,413050
100,2.89E+08,5.59E+06,3221348,3221349,0,408650
100,2.98E+08,5.32E+06,3221350,3221344,0,433150
100,2.93E+08,5.31E+06,3221425,3221426,0,422900
100,2.90E+08,5.31E+06,3221442,3221442,0,413050
100,2.98E+08,5.42E+06,3221468,3221459,0,433150
100,2.89E+08,5.37E+06,3221477,3221477,0,409400
100,2.97E+08,5.34E+06,3221493,3221494,0,429900
100,2.89E+08,5.53E+06,3221508,3221509,0,409150
100,2.90E+08,5.30E+06,3221604,3221604,0,409800
100,2.95E+08,5.62E+06,3221631,3221634,0,425800
100,2.98E+08,5.32E+06,3221677,3221676,0,433150
100,2.90E+08,5.30E+06,3221682,3221682,0,413150
100,2.93E+08,5.39E+06,3221686,3221686,0,422950
100,2.97E+08,5.32E+06,3221695,3221693,0,432950
100,2.89E+08,5.43E+06,3221718,3221718,0,409000
100,2.90E+08,5.37E+06,3221756,3221755,0,409950
100,2.94E+08,5.61E+06,3221782,3221782,0,424050
100,2.97E+08,5.30E+06,3221800,3221800,0,429900
100,2.97E+08,5.68E+06,3221812,3221812,0,432950
100,2.90E+08,5.32E+06,3221857,3221856,0,409950
100,2.89E+08,5.38E+06,3221891,3221887,0,409000
100,2.81E+08,5.88E+06,3221914,3221909,0,385450
100,2.90E+08,5.35E+06,3221943,3221943,0,409950
100,2.97E+08,5.36E+06,3221956,3221958,0,429900
100,2.93E+08,5.30E+06,3222016,3222019,0,423000
100,2.93E+08,5.30E+06,3222023,3222024,0,422900
100,2.93E+08,5.37E+06,3222031,3222029,0,421600
100,2.93E+08,5.34E+06,3222095,3222092,0,422950
100,2.97E+08,5.30E+06,3222101,3222105,0,432950
100,2.89E+08,5.34E+06,3222148,3222148,0,409000
100,2.90E+08,5.39E+06,3222176,3222176,0,410750
100,2.94E+08,5.39E+06,3222239,3222239,0,423000
100,2.97E+08,5.33E+06,3222294,3222294,0,432950
100,2.93E+08,5.31E+06,3222320,3222320,0,422900
100,2.98E+08,5.30E+06,3222350,3222352,0,433150
100,2.90E+08,5.32E+06,3222374,3222372,0,409800
100,2.93E+08,5.32E+06,3222434,3222431,0,422950
100,2.97E+08,5.32E+06,3222438,3222438,0,432950
100,2.97E+08,5.30E+06,3222458,3222458,0,429900
100,2.93E+08,5.38E+06,3222488,3222488,0,422100
100,2.93E+08,5.30E+06,3222498,3222498,0,423000
100,2.83E+08,5.55E+06,3222501,3222500,0,393250
100,2.97E+08,5.31E+06,3222508,3222508,0,432950
100,2.98E+08,5.32E+06,3222543,3222543,0,433150
100,2.97E+08,5.39E+06,3222556,3222555,0,432950
100,2.98E+08,5.32E+06,3222573,3222573,0,433150
100,2.98E+08,5.37E+06,3222594,3222594,0,433150
100,2.97E+08,5.34E+06,3222597,3222594,0,432950
100,2.95E+08,5.30E+06,3222610,3222610,0,425800
100,2.90E+08,5.97E+06,3222614,3222614,0,413150
100,2.90E+08,5.30E+06,3222635,3222633,0,409950
100,2.90E+08,5.32E+06,3222660,3222660,0,413150
100,2.94E+08,5.30E+06,3222678,3222678,0,423000
100,2.98E+08,5.34E+06,3222719,3222719,0,432950
100,2.97E+08,5.34E+06,3222722,3222722,0,432950
100,2.93E+08,5.33E+06,3222769,3222769,0,423000
100,2.93E+08,5.37E+06,3222811,3222811,0,422950
100,2.91E+08,5.31E+06,3222812,3222811,0,414200
100,2.95E+08,5.30E+06,3222827,3222828,0,425800
100,2.89E+08,5.32E+06,3222890,3222890,0,409000
100,2.93E+08,5.35E+06,3222891,3222889,0,422950
100,2.90E+08,5.33E+06,3222919,3222918,0,413050
100,2.94E+08,5.30E+06,3222921,3222921,0,423000
100,2.90E+08,5.34E+06,3222939,3222936,0,409800
100,2.90E+08,5.30E+06,3222942,3222942,0,410800
100,2.90E+08,5.40E+06,3222944,3222943,0,413050
100,2.91E+08,5.33E+06,3222957,3222957,0,413200
100,2.97E+08,5.30E+06,3223002,3223002,0,429900
100,2.93E+08,5.33E+06,3223007,3223007,0,423000
100,2.93E+08,5.30E+06,3223046,3223046,0,423000
100,2.94E+08,5.38E+06,3223104,3223097,0,423400
100,2.90E+08,5.34E+06,3223110,3223111,0,413050
100,2.98E+08,5.37E+06,3223170,3223168,0,432950
100,2.90E+08,5.30E+06,3223234,3223233,0,413050
100,2.90E+08,5.33E+06,3223234,3223234,0,413150
100,2.93E+08,5.32E+06,3223235,3223236,0,422900
100,2.90E+08,5.39E+06,3223305,3223305,0,409950
100,2.91E+08,5.39E+06,3223313,3223312,0,413200
100,2.97E+08,5.35E+06,3223329,3223329,0,432950
100,2.97E+08,5.31E+06,3223338,3223338,0,432950
100,2.97E+08,5.48E+06,3223389,3223389,0,432950
100,2.90E+08,5.30E+06,3223437,3223436,0,409950
100,2.93E+08,5.40E+06,3223457,3223454,0,422900
100,2.90E+08,5.32E+06,3223469,3223469,0,410800
100,2.93E+08,5.44E+06,3223493,3223493,0,422350
100,2.91E+08,5.31E+06,3223522,3223519,0,414200
100,2.94E+08,5.41E+06,3223527,3223529,0,423400
100,2.90E+08,5.32E+06,3223545,3223544,0,413150
100,2.90E+08,5.32E+06,3223546,3223546,0,413150
100,2.90E+08,5.35E+06,3223560,3223560,0,413150
100,2.94E+08,5.30E+06,3223583,3223582,0,423000
100,2.97E+08,5.30E+06,3223651,3223651,0,429900
100,2.94E+08,5.30E+06,3223672,3223672,0,423000
100,2.98E+08,5.30E+06,3223714,3223714,0,432950
100,2.93E+08,5.35E+06,3223735,3223738,0,422950
100,2.90E+08,5.30E+06,3223754,3223755,0,409750
100,2.97E+08,5.31E+06,3223754,3223747,0,432950
100,2.94E+08,5.39E+06,3223761,3223761,0,424050
100,2.89E+08,5.37E+06,3223863,3223863,0,409000
100,2.93E+08,5.31E+06,3223868,3223866,0,422900
100,2.93E+08,5.51E+06,3223903,3223900,0,422350
100,2.93E+08,5.41E+06,3223922,3223922,0,423000
100,2.91E+08,5.32E+06,3223954,3223954,0,413150
100,2.90E+08,5.32E+06,3223966,3223965,0,410800
100,2.97E+08,5.35E+06,3224019,3224019,0,429900
100,2.93E+08,5.44E+06,3224070,3224070,0,422900
100,2.94E+08,5.31E+06,3224080,3224080,0,424050
100,2.97E+08,5.31E+06,3224099,3224099,0,432950
100,2.97E+08,5.37E+06,3224100,3224097,0,432950
100,2.90E+08,5.35E+06,3224144,3224144,0,409950
100,2.97E+08,5.38E+06,3224154,3224154,0,429500
100,2.97E+08,5.37E+06,3224161,3224160,0,432950
100,2.98E+08,5.34E+06,3224181,3224182,0,433150
100,2.90E+08,5.31E+06,3224185,3224183,0,409750
100,2.97E+08,5.32E+06,3224237,3224237,0,432950
100,2.93E+08,5.30E+06,3224279,3224279,0,423000
100,2.91E+08,5.31E+06,3224356,3224356,0,414200
100,2.97E+08,5.70E+06,3224377,3224377,0,429900
100,2.94E+08,5.42E+06,3224417,3224417,0,423000
100,2.97E+08,5.32E+06,3224423,3224422,0,432950
100,2.95E+08,5.47E+06,3224428,3224428,0,424550
100,2.89E+08,5.53E+06,3224529,3224530,0,409400
100,2.90E+08,5.68E+06,3224562,3224562,0,409950
100,2.90E+08,5.30E+06,3224612,3224612,0,413150
100,2.95E+08,5.30E+06,3224612,3224613,0,425800
100,2.90E+08,5.44E+06,3224666,3224666,0,410800
100,2.90E+08,5.52E+06,3224678,3224676,0,413050
100,2.94E+08,5.30E+06,3224781,3224781,0,423000
100,2.90E+08,5.32E+06,3224813,3224812,0,413050
100,2.90E+08,5.35E+06,3224819,3224815,0,413150
100,2.90E+08,5.36E+06,3224840,3224840,0,413150
100,2.90E+08,5.33E+06,3224846,3224846,0,409800
100,2.94E+08,5.32E+06,3224931,3224932,0,423000
100,2.93E+08,5.31E+06,3224941,3224941,0,421600
100,2.89E+08,5.36E+06,3224992,3224993,0,409400
100,2.90E+08,5.36E+06,3224996,3224996,0,409800
100,2.97E+08,5.33E+06,3225011,3225012,0,432950
100,2.93E+08,5.30E+06,3225027,3225021,0,421600
100,2.93E+08,5.30E+06,3225044,3225044,0,422600
100,2.97E+08,5.38E+06,3225044,3225044,0,432950
100,2.90E+08,5.47E+06,3225074,3225078,0,413050
100,2.94E+08,5.40E+06,3225104,3225104,0,423000
100,2.93E+08,5.30E+06,3225140,3225140,0,423000
100,2.98E+08,5.30E+06,3225195,3225194,0,433150
100,2.90E+08,5.30E+06,3225197,3225197,0,409800
100,2.97E+08,5.34E+06,3225226,3225226,0,429900
100,2.93E+08,5.31E+06,3225270,3225269,0,422950
100,2.97E+08,5.43E+06,3225304,3225305,0,432950
100,2.94E+08,5.30E+06,3225328,3225323,0,424050
100,2.91E+08,5.30E+06,3225353,3225353,0,413250
100,2.89E+08,5.45E+06,3225397,3225397,0,409000
100,2.94E+08,5.38E+06,3225471,3225469,0,423000
100,2.97E+08,5.37E+06,3225491,3225490,0,432950
100,2.90E+08,5.32E+06,3225508,3225510,0,410800
100,2.93E+08,5.30E+06,3225509,3225509,0,422900
100,2.89E+08,5.33E+06,3225519,3225519,0,409150
100,2.94E+08,5.38E+06,3225528,3225529,0,424050
100,2.90E+08,5.33E+06,3225530,3225531,0,409950
100,2.90E+08,5.30E+06,3225539,3225537,0,410800
100,2.93E+08,5.35E+06,3225541,3225541,0,422100
100,2.91E+08,5.53E+06,3225544,3225545,0,413200
100,2.97E+08,5.35E+06,3225545,3225548,0,429500
100,2.90E+08,5.42E+06,3225552,3225553,0,413050
100,2.98E+08,5.35E+06,3225558,3225560,0,433150
100,2.93E+08,5.30E+06,3225565,3225565,0,422900
100,2.93E+08,5.33E+06,3225576,3225578,0,422900
100,2.90E+08,5.38E+06,3225606,3225606,0,409950
100,2.95E+08,5.81E+06,3225629,3225629,0,425800
100,2.93E+08,5.38E+06,3225646,3225646,0,422950
100,2.90E+08,5.34E+06,3225648,3225648,0,409800
100,2.95E+08,5.31E+06,3225660,3225662,0,425800
100,2.94E+08,5.30E+06,3225665,3225665,0,423000
100,2.97E+08,5.36E+06,3225686,3225683,0,432950
100,2.98E+08,5.35E+06,3225703,3225704,0,433150
100,2.93E+08,5.31E+06,3225710,3225707,0,422900
100,2.90E+08,5.34E+06,3225731,3225727,0,409800
100,2.93E+08,5.41E+06,3225731,3225731,0,422900
100,2.89E+08,5.33E+06,3225747,3225747,0,409000
100,2.90E+08,5.30E+06,3225762,3225762,0,410800
100,2.93E+08,5.30E+06,3225767,3225767,0,422900
100,2.97E+08,5.36E+06,3225817,3225819,0,429900
100,2.87E+08,5.57E+06,3225849,3225849,0,401250
100,2.90E+08,5.40E+06,3225859,3225859,0,409800
100,2.93E+08,5.33E+06,3225921,3225919,0,423000
100,2.97E+08,5.30E+06,3226014,3226016,0,429900
100,2.90E+08,5.30E+06,3226016,3226019,0,409950
100,2.93E+08,5.33E+06,3226048,3226044,0,422950
100,2.93E+08,5.35E+06,3226163,3226164,0,422100
100,2.97E+08,5.31E+06,3226187,3226188,0,432950
100,2.90E+08,5.37E+06,3226198,3226197,0,413050
100,2.93E+08,5.32E+06,3226230,3226230,0,422600
100,2.93E+08,5.30E+06,3226267,3226267,0,423000
100,2.90E+08,5.37E+06,3226270,3226270,0,413150
100,2.94E+08,5.39E+06,3226277,3226277,0,423400
100,2.97E+08,5.30E+06,3226277,3226278,0,432950
100,2.97E+08,5.30E+06,3226287,3226286,0,432950
100,2.97E+08,5.48E+06,3226295,3226295,0,432950
100,2.90E+08,5.36E+06,3226302,3226301,0,410800
100,2.93E+08,5.32E+06,3226322,3226322,0,423000
100,2.97E+08,5.30E+06,3226334,3226334,0,432950
100,2.93E+08,5.30E+06,3226335,3226336,0,422900
100,2.98E+08,5.30E+06,3226370,3226370,0,433150
100,2.90E+08,5.38E+06,3226389,3226391,0,413150
100,2.85E+08,6.04E+06,3226394,3226394,0,398150
100,2.94E+08,5.33E+06,3226423,3226423,0,423000
100,2.90E+08,5.35E+06,3226425,3226425,0,413150
100,2.93E+08,5.30E+06,3226434,3226432,0,423000
100,2.94E+08,5.33E+06,3226450,3226447,0,424050
100,2.90E+08,5.30E+06,3226451,3226451,0,409950
100,2.93E+08,5.40E+06,3226457,3226457,0,423000
100,2.97E+08,5.72E+06,3226464,3226464,0,432950
100,2.93E+08,5.30E+06,3226477,3226476,0,422950
100,2.94E+08,5.32E+06,3226511,3226512,0,423000
100,2.90E+08,5.30E+06,3226522,3226522,0,410800
100,2.90E+08,5.31E+06,3226531,3226534,0,409800
100,2.90E+08,5.40E+06,3226561,3226563,0,413150
100,2.93E+08,5.37E+06,3226584,3226585,0,422950
100,2.97E+08,5.42E+06,3226591,3226591,0,432950
100,2.89E+08,5.35E+06,3226612,3226612,0,409000
100,2.93E+08,5.30E+06,3226619,3226619,0,422900
100,2.90E+08,5.39E+06,3226631,3226631,0,413150
100,2.90E+08,5.35E+06,3226649,3226650,0,409950
100,2.89E+08,5.43E+06,3226671,3226671,0,406800
100,2.90E+08,5.33E+06,3226744,3226743,0,413050
100,2.93E+08,5.31E+06,3226750,3226750,0,422100
100,2.90E+08,5.33E+06,3226774,3226774,0,409950
100,2.97E+08,5.49E+06,3226820,3226820,0,429900
100,2.90E+08,5.38E+06,3226827,3226826,0,413150
100,2.93E+08,5.33E+06,3226855,3226855,0,423000
100,2.93E+08,5.30E+06,3226877,3226876,0,422900
100,2.97E+08,5.30E+06,3226903,3226903,0,432950
100,2.90E+08,5.30E+06,3226913,3226913,0,409950
100,2.89E+08,5.32E+06,3226936,3226936,0,409400
100,2.90E+08,5.30E+06,3226940,3226939,0,409750
100,2.97E+08,5.35E+06,3226941,3226942,0,429500
100,2.93E+08,5.30E+06,3226991,3226986,0,423000
100,2.93E+08,5.31E+06,3227012,3227011,0,422900
100,2.98E+08,5.30E+06,3227032,3227032,0,433150
100,2.91E+08,5.30E+06,3227086,3227089,0,413200
100,2.94E+08,5.33E+06,3227095,3227094,0,424050
100,2.97E+08,5.34E+06,3227101,3227101,0,432950
100,2.98E+08,5.34E+06,3227151,3227151,0,432950
100,2.93E+08,5.31E+06,3227172,3227172,0,422950
100,2.93E+08,5.36E+06,3227188,3227186,0,423000
100,2.97E+08,5.40E+06,3227190,3227191,0,432950
100,2.93E+08,5.30E+06,3227216,3227216,0,422900
100,2.97E+08,5.36E+06,3227217,3227217,0,429900
100,2.93E+08,5.32E+06,3227243,3227244,0,423000
100,2.97E+08,5.30E+06,3227255,3227255,0,429900
100,2.90E+08,5.31E+06,3227260,3227258,0,409950
100,2.97E+08,5.30E+06,3227284,3227284,0,432950
100,2.90E+08,5.33E+06,3227302,3227302,0,409950
100,2.90E+08,5.31E+06,3227307,3227309,0,413150
100,2.93E+08,5.32E+06,3227330,3227331,0,421600
100,2.93E+08,5.30E+06,3227343,3227341,0,423000
100,2.94E+08,5.30E+06,3227344,3227340,0,423000
100,2.98E+08,5.36E+06,3227375,3227375,0,433150
100,2.90E+08,5.33E+06,3227376,3227375,0,409950
100,2.93E+08,5.51E+06,3227379,3227379,0,421600
100,2.85E+08,5.71E+06,3227397,3227397,0,398150
100,2.94E+08,5.44E+06,3227411,3227410,0,423000
100,2.90E+08,5.32E+06,3227426,3227426,0,409950
100,2.93E+08,5.33E+06,3227437,3227436,0,422950
100,2.93E+08,5.34E+06,3227458,3227458,0,422900
100,2.97E+08,5.43E+06,3227462,3227462,0,429900
100,2.89E+08,5.36E+06,3227465,3227465,0,409000
100,2.90E+08,5.35E+06,3227471,3227469,0,413050
100,2.91E+08,5.84E+06,3227495,3227492,0,413200
100,2.98E+08,5.31E+06,3227497,3227497,0,432950
100,2.90E+08,5.34E+06,3227544,3227544,0,410800
100,2.93E+08,5.42E+06,3227594,3227591,0,422100
100,2.90E+08,5.36E+06,3227596,3227597,0,409950
100,2.90E+08,5.35E+06,3227605,3227605,0,409750
100,2.90E+08,5.32E+06,3227607,3227610,0,410800
100,2.94E+08,5.31E+06,3227617,3227617,0,424050
100,2.98E+08,5.31E+06,3227627,3227625,0,432950
100,2.94E+08,5.36E+06,3227632,3227635,0,423400
100,2.97E+08,5.30E+06,3227650,3227650,0,429900
100,2.97E+08,5.39E+06,3227692,3227692,0,432950
100,2.90E+08,5.30E+06,3227700,3227700,0,413150
100,2.98E+08,5.30E+06,3227727,3227725,0,433150
100,2.98E+08,5.31E+06,3227783,3227782,0,432950
100,2.90E+08,5.37E+06,3227838,3227836,0,409800
100,2.96E+08,5.31E+06,3227843,3227843,0,429300
100,2.94E+08,5.31E+06,3227853,3227855,0,423400
100,2.98E+08,5.35E+06,3227854,3227854,0,433150
100,2.97E+08,5.34E+06,3227873,3227872,0,432950
100,2.93E+08,5.41E+06,3227957,3227957,0,423000
100,2.87E+08,5.77E+06,3227980,3227980,0,401250
100,2.90E+08,5.40E+06,3227983,3227982,0,409950
100,2.90E+08,5.36E+06,3227992,3227992,0,413150
100,2.97E+08,5.30E+06,3227998,3227996,0,432950
100,2.98E+08,5.33E+06,3228030,3228028,0,433150
100,2.90E+08,5.34E+06,3228059,3228059,0,409800
100,2.93E+08,5.34E+06,3228070,3228070,0,422100
100,2.93E+08,5.39E+06,3228079,3228079,0,422950
100,2.90E+08,5.30E+06,3228150,3228150,0,413150
100,2.90E+08,5.30E+06,3228225,3228225,0,409750
100,2.93E+08,5.32E+06,3228233,3228233,0,422950
100,2.90E+08,5.30E+06,3228247,3228251,0,409950
100,2.93E+08,5.32E+06,3228270,3228271,0,422900
100,2.89E+08,5.31E+06,3228373,3228373,0,409000
100,2.93E+08,5.32E+06,3228412,3228412,0,423000
100,2.94E+08,5.31E+06,3228449,3228448,0,424050
100,2.93E+08,5.30E+06,3228481,3228479,0,422900
100,2.94E+08,5.30E+06,3228515,3228515,0,423000
100,2.90E+08,5.34E+06,3228522,3228522,0,413150
100,2.91E+08,5.34E+06,3228605,3228605,0,414200
100,2.97E+08,5.33E+06,3228657,3228657,0,432950
100,2.94E+08,5.31E+06,3228751,3228749,0,423400
100,2.98E+08,5.32E+06,3228758,3228758,0,432950
100,2.90E+08,5.30E+06,3228837,3228839,0,413150
100,2.90E+08,5.35E+06,3228841,3228839,0,409950
100,2.90E+08,5.43E+06,3228881,3228881,0,413050
100,2.98E+08,5.33E+06,3228891,3228891,0,432950
100,2.90E+08,5.33E+06,3228899,3228900,0,409800
100,2.94E+08,5.42E+06,3228904,3228902,0,424050
100,2.93E+08,5.31E+06,3228915,3228914,0,422950
100,2.91E+08,5.35E+06,3228960,3228960,0,413200
100,2.90E+08,5.30E+06,3228991,3228991,0,409950
100,2.97E+08,5.30E+06,3229009,3229009,0,432950
100,2.90E+08,5.30E+06,3229022,3229022,0,413050
100,2.90E+08,5.30E+06,3229022,3229024,0,413150
100,2.98E+08,5.41E+06,3229027,3229027,0,433150
100,2.90E+08,5.31E+06,3229038,3229035,0,413150
100,2.90E+08,5.35E+06,3229046,3229042,0,409800
100,2.94E+08,5.31E+06,3229046,3229043,0,424050
100,2.93E+08,5.31E+06,3229050,3229049,0,423000
100,2.97E+08,5.31E+06,3229087,3229089,0,429500
100,2.91E+08,5.30E+06,3229092,3229092,0,413200
100,2.98E+08,5.87E+06,3229117,3229117,0,433150
100,2.97E+08,5.34E+06,3229134,3229134,0,432950
100,2.93E+08,5.33E+06,3229156,3229152,0,422900
100,2.93E+08,5.31E+06,3229167,3229167,0,422900
100,2.90E+08,5.31E+06,3229198,3229197,0,409950
100,2.97E+08,5.40E+06,3229235,3229236,0,429500
100,2.90E+08,5.30E+06,3229243,3229245,0,409950
100,2.97E+08,5.30E+06,3229259,3229259,0,429900
100,2.90E+08,5.30E+06,3229281,3229282,0,409800
100,2.90E+08,5.30E+06,3229296,3229293,0,413150
100,2.94E+08,5.31E+06,3229409,3229407,0,424050
100,2.93E+08,5.30E+06,3229413,3229408,0,422950
100,2.87E+08,5.43E+06,3229420,3229417,0,401250
100,2.93E+08,5.31E+06,3229539,3229539,0,422900
100,2.95E+08,5.33E+06,3229558,3229558,0,425800
100,2.98E+08,5.32E+06,3229605,3229607,0,433150
100,2.93E+08,5.40E+06,3229676,3229675,0,422900
100,2.95E+08,5.32E+06,3229723,3229718,0,424550
100,2.90E+08,5.34E+06,3229751,3229746,0,410800
100,2.90E+08,5.32E+06,3229767,3229767,0,410800
100,2.93E+08,5.30E+06,3229782,3229778,0,422950
100,2.93E+08,5.30E+06,3229810,3229808,0,422950
100,2.90E+08,5.48E+06,3229853,3229855,0,413150
100,2.97E+08,5.30E+06,3229897,3229896,0,432950
100,2.90E+08,5.38E+06,3229908,3229908,0,413150
100,2.94E+08,5.42E+06,3229918,3229920,0,423000
100,2.93E+08,5.37E+06,3229926,3229926,0,422900
100,2.90E+08,5.30E+06,3229960,3229956,0,409950
100,2.97E+08,5.44E+06,3229982,3229982,0,432950
100,2.93E+08,5.33E+06,3229998,3230002,0,423000
100,2.98E+08,5.32E+06,3230003,3230003,0,433150
100,2.91E+08,5.35E+06,3230010,3230010,0,414200
100,2.93E+08,5.32E+06,3230034,3230031,0,423000
100,2.97E+08,5.31E+06,3230042,3230041,0,429900
100,2.97E+08,5.32E+06,3230058,3230059,0,429900
100,2.90E+08,5.30E+06,3230075,3230075,0,409750
100,2.97E+08,5.35E+06,3230076,3230078,0,432950
100,2.94E+08,5.47E+06,3230094,3230094,0,423000
100,2.94E+08,5.51E+06,3230124,3230124,0,423000
100,2.90E+08,5.32E+06,3230127,3230127,0,409950
100,2.98E+08,5.30E+06,3230137,3230137,0,433150
100,2.93E+08,5.34E+06,3230147,3230151,0,422900
100,2.93E+08,5.33E+06,3230173,3230172,0,423000
100,2.90E+08,5.34E+06,3230260,3230260,0,413150
100,2.90E+08,5.38E+06,3230272,3230272,0,409800
100,2.93E+08,5.30E+06,3230311,3230311,0,422950
100,2.97E+08,5.32E+06,3230348,3230348,0,432950
100,2.97E+08,5.31E+06,3230372,3230372,0,429900
100,2.97E+08,5.32E+06,3230374,3230373,0,432950
100,2.93E+08,5.31E+06,3230383,3230383,0,422900
100,2.79E+08,5.85E+06,3230443,3230443,0,378600
100,2.90E+08,5.39E+06,3230446,3230447,0,413150
100,2.93E+08,5.30E+06,3230458,3230460,0,423000
100,2.97E+08,5.42E+06,3230467,3230465,0,429900
100,2.90E+08,5.35E+06,3230495,3230492,0,413150
100,2.85E+08,6.33E+06,3230532,3230532,0,397200
100,2.93E+08,5.33E+06,3230585,3230578,0,422900
100,2.89E+08,5.34E+06,3230595,3230595,0,409000
100,2.90E+08,5.31E+06,3230598,3230598,0,410800
100,2.90E+08,5.33E+06,3230615,3230614,0,410800
100,2.90E+08,5.32E+06,3230620,3230624,0,409800
100,2.93E+08,5.30E+06,3230631,3230634,0,423000
100,2.93E+08,5.37E+06,3230638,3230637,0,422100
100,2.93E+08,5.44E+06,3230639,3230636,0,422950
100,2.97E+08,5.30E+06,3230657,3230657,0,432950
100,2.90E+08,5.31E+06,3230696,3230696,0,409950
100,2.91E+08,5.51E+06,3230697,3230697,0,414200
100,2.90E+08,5.35E+06,3230727,3230727,0,409750
100,2.93E+08,5.37E+06,3230727,3230724,0,423000
100,2.93E+08,5.30E+06,3230729,3230727,0,422100
100,2.94E+08,5.30E+06,3230731,3230731,0,423000
100,2.97E+08,5.42E+06,3230741,3230739,0,432950
100,2.90E+08,5.32E+06,3230766,3230766,0,413050
100,2.93E+08,5.30E+06,3230766,3230771,0,423000
100,2.90E+08,5.35E+06,3230789,3230790,0,413150
100,2.94E+08,5.33E+06,3230849,3230849,0,423000
100,2.98E+08,5.48E+06,3230878,3230873,0,433150
100,2.90E+08,5.32E+06,3230890,3230886,0,409750
100,2.98E+08,5.32E+06,3230906,3230906,0,432950
100,2.93E+08,5.40E+06,3230957,3230957,0,423000
100,2.90E+08,5.37E+06,3230965,3230960,0,409750
100,2.90E+08,5.33E+06,3230995,3230997,0,409950
100,2.84E+08,5.49E+06,3230996,3230997,0,394900
100,2.89E+08,5.31E+06,3231051,3231049,0,409400
100,2.94E+08,5.36E+06,3231142,3231142,0,423400
100,2.89E+08,5.52E+06,3231146,3231147,0,409000
100,2.97E+08,5.38E+06,3231168,3231170,0,432950
100,2.93E+08,5.30E+06,3231180,3231180,0,423000
100,2.93E+08,5.34E+06,3231193,3231193,0,423000
100,2.93E+08,5.31E+06,3231219,3231219,0,422950
100,2.90E+08,5.31E+06,3231245,3231244,0,413150
100,2.97E+08,5.42E+06,3231251,3231251,0,429900
100,2.90E+08,5.30E+06,3231257,3231256,0,409800
100,2.90E+08,5.37E+06,3231309,3231309,0,413050
100,2.90E+08,5.47E+06,3231310,3231312,0,409950
100,2.89E+08,5.37E+06,3231332,3231332,0,409400
100,2.90E+08,5.35E+06,3231348,3231348,0,409950
100,2.93E+08,5.45E+06,3231362,3231362,0,422100
100,2.90E+08,5.33E+06,3231366,3231368,0,409750
100,2.98E+08,5.53E+06,3231367,3231365,0,432950
100,2.97E+08,5.30E+06,3231376,3231377,0,429500
100,2.97E+08,5.33E+06,3231380,3231378,0,432950
100,2.97E+08,5.30E+06,3231380,3231380,0,432950
100,2.95E+08,5.30E+06,3231394,3231394,0,425800
100,2.93E+08,5.30E+06,3231471,3231472,0,422900
100,2.90E+08,5.34E+06,3231509,3231509,0,409800
100,2.93E+08,5.33E+06,3231509,3231509,0,422950
100,2.97E+08,5.30E+06,3231509,3231510,0,432950
100,2.89E+08,5.38E+06,3231536,3231536,0,409000
100,2.90E+08,5.35E+06,3231556,3231556,0,409800
100,2.79E+08,5.60E+06,3231640,3231640,0,378600
100,2.97E+08,5.45E+06,3231641,3231641,0,432950
100,2.97E+08,5.31E+06,3231662,3231662,0,432950
100,2.98E+08,5.47E+06,3231687,3231686,0,433150
100,2.97E+08,5.33E+06,3231698,3231695,0,432950
100,2.90E+08,5.34E+06,3231710,3231710,0,413150
100,2.94E+08,5.31E+06,3231711,3231706,0,423000
100,2.91E+08,5.30E+06,3231717,3231717,0,413200
100,2.90E+08,5.32E+06,3231728,3231729,0,410800
100,2.93E+08,5.35E+06,3231817,3231817,0,422950
100,2.89E+08,5.36E+06,3231834,3231834,0,409000
100,2.98E+08,5.30E+06,3231835,3231835,0,432950
100,2.97E+08,5.32E+06,3231841,3231841,0,432950
100,2.93E+08,5.32E+06,3231886,3231887,0,423000
100,2.90E+08,5.31E+06,3231892,3231892,0,413150
100,2.90E+08,5.32E+06,3231933,3231933,0,409950
100,2.93E+08,5.34E+06,3231967,3231968,0,422900
100,2.89E+08,5.34E+06,3231976,3231976,0,409000
100,2.93E+08,5.30E+06,3231994,3231996,0,422950
100,2.97E+08,5.30E+06,3232012,3232012,0,432950
100,2.94E+08,5.30E+06,3232022,3232021,0,423000
100,2.90E+08,5.34E+06,3232027,3232027,0,413150
100,2.89E+08,5.40E+06,3232030,3232031,0,409400
100,2.89E+08,5.35E+06,3232040,3232039,0,409400
100,2.94E+08,5.30E+06,3232043,3232043,0,423000
100,2.93E+08,5.35E+06,3232079,3232080,0,423000
100,2.89E+08,5.48E+06,3232097,3232094,0,409150
100,2.94E+08,5.30E+06,3232102,3232103,0,423000
100,2.90E+08,5.30E+06,3232127,3232126,0,410800
100,2.93E+08,5.34E+06,3232151,3232149,0,422350
100,2.97E+08,5.32E+06,3232191,3232184,0,429900
100,2.91E+08,5.35E+06,3232205,3232206,0,413250
100,2.93E+08,5.87E+06,3232207,3232210,0,423000
100,2.98E+08,5.38E+06,3232248,3232250,0,433150
100,2.90E+08,5.34E+06,3232331,3232331,0,413050
100,2.90E+08,5.30E+06,3232333,3232333,0,413050
100,2.93E+08,5.30E+06,3232380,3232378,0,422100
100,2.93E+08,5.34E+06,3232397,3232398,0,422950
100,2.97E+08,5.30E+06,3232416,3232409,0,429900
100,2.90E+08,5.50E+06,3232424,3232425,0,413050
100,2.90E+08,5.36E+06,3232472,3232472,0,409950
100,2.90E+08,5.32E+06,3232473,3232472,0,413050
100,2.93E+08,5.37E+06,3232482,3232482,0,423000
100,2.90E+08,5.32E+06,3232488,3232488,0,413150
100,2.90E+08,5.35E+06,3232489,3232490,0,409800
100,2.90E+08,5.31E+06,3232503,3232503,0,409950
100,2.97E+08,5.44E+06,3232507,3232507,0,429900
100,2.90E+08,5.35E+06,3232511,3232511,0,409800
100,2.98E+08,5.34E+06,3232536,3232537,0,433150
100,2.96E+08,5.34E+06,3232559,3232557,0,429300
100,2.94E+08,5.30E+06,3232561,3232561,0,423400
100,2.94E+08,5.35E+06,3232567,3232567,0,423000
100,2.90E+08,5.32E+06,3232578,3232577,0,409750
100,2.90E+08,5.34E+06,3232589,3232588,0,409800
100,2.90E+08,5.33E+06,3232591,3232591,0,413150
100,2.94E+08,5.39E+06,3232611,3232609,0,423400
100,2.98E+08,5.30E+06,3232661,3232653,0,433150
100,2.93E+08,5.35E+06,3232664,3232660,0,422950
100,2.93E+08,5.31E+06,3232664,3232664,0,423000
100,2.90E+08,5.30E+06,3232667,3232667,0,409950
100,2.89E+08,5.48E+06,3232675,3232678,0,409400
100,2.98E+08,5.34E+06,3232702,3232702,0,433150
100,2.93E+08,5.31E+06,3232755,3232753,0,423000
100,2.93E+08,5.30E+06,3232765,3232763,0,422900
100,2.90E+08,5.34E+06,3232797,3232793,0,409950
100,2.97E+08,5.61E+06,3232818,3232819,0,432950
100,2.97E+08,5.40E+06,3232830,3232830,0,429500
100,2.93E+08,5.32E+06,3232837,3232837,0,422350
100,2.97E+08,5.35E+06,3232885,3232885,0,432950
100,2.97E+08,5.30E+06,3232890,3232891,0,432950
100,2.85E+08,5.91E+06,3232911,3232910,0,397200
100,2.96E+08,5.34E+06,3232915,3232918,0,429300
100,2.93E+08,5.35E+06,3232919,3232918,0,422950
100,2.90E+08,5.32E+06,3232990,3232990,0,413050
100,2.93E+08,5.30E+06,3232996,3232997,0,422900
100,2.90E+08,5.31E+06,3233023,3233023,0,413150
100,2.90E+08,5.38E+06,3233034,3233033,0,410800
100,2.90E+08,5.44E+06,3233036,3233036,0,409800
100,2.89E+08,5.35E+06,3233113,3233114,0,409400
100,2.93E+08,5.40E+06,3233119,3233119,0,422900
100,2.90E+08,5.32E+06,3233150,3233150,0,409950
100,2.94E+08,5.35E+06,3233172,3233172,0,423000
100,2.97E+08,5.53E+06,3233190,3233190,0,432950
100,2.93E+08,5.31E+06,3233219,3233219,0,422600
100,2.90E+08,5.34E+06,3233229,3233229,0,413050
100,2.90E+08,5.30E+06,3233253,3233253,0,409800
100,2.89E+08,5.32E+06,3233266,3233266,0,409000
100,2.93E+08,5.30E+06,3233276,3233275,0,423000
100,2.89E+08,5.31E+06,3233362,3233363,0,409000
100,2.97E+08,5.40E+06,3233452,3233450,0,432950
100,2.91E+08,5.31E+06,3233464,3233463,0,413250
100,2.97E+08,5.31E+06,3233464,3233464,0,432950
100,2.98E+08,5.31E+06,3233467,3233466,0,433150
100,2.98E+08,5.37E+06,3233486,3233486,0,433150
100,2.97E+08,5.35E+06,3233520,3233520,0,432950
100,2.94E+08,5.31E+06,3233524,3233528,0,423000
100,2.90E+08,5.39E+06,3233591,3233590,0,413150
100,2.90E+08,5.31E+06,3233591,3233591,0,413150
100,2.97E+08,5.32E+06,3233638,3233638,0,432950
100,2.93E+08,5.32E+06,3233644,3233647,0,422900
100,2.90E+08,5.33E+06,3233653,3233655,0,409950
100,2.87E+08,5.49E+06,3233654,3233654,0,401250
100,2.90E+08,5.34E+06,3233717,3233717,0,409750
100,2.91E+08,5.36E+06,3233724,3233725,0,413250
100,2.94E+08,5.30E+06,3233749,3233745,0,423000
100,2.94E+08,5.37E+06,3233862,3233863,0,423000
100,2.90E+08,5.33E+06,3233864,3233862,0,409950
100,2.97E+08,5.38E+06,3233888,3233881,0,432950
100,2.97E+08,5.30E+06,3233899,3233899,0,432950
100,2.90E+08,5.30E+06,3234033,3234032,0,409800
100,2.90E+08,5.44E+06,3234040,3234040,0,410800
100,2.90E+08,5.57E+06,3234054,3234054,0,413050
100,2.93E+08,5.31E+06,3234093,3234096,0,423000
100,2.90E+08,5.31E+06,3234141,3234142,0,413150
100,2.97E+08,5.32E+06,3234167,3234167,0,429900
100,2.94E+08,5.30E+06,3234178,3234177,0,424050
100,2.93E+08,5.30E+06,3234181,3234182,0,422100
100,2.93E+08,5.34E+06,3234184,3234183,0,423000
100,2.94E+08,5.35E+06,3234187,3234190,0,423000
100,2.93E+08,5.30E+06,3234195,3234195,0,422900
100,2.97E+08,5.30E+06,3234270,3234270,0,429900
100,2.90E+08,5.31E+06,3234288,3234291,0,413050
100,2.90E+08,5.37E+06,3234293,3234293,0,413050
100,2.89E+08,5.41E+06,3234295,3234292,0,409000
100,2.97E+08,5.34E+06,3234317,3234317,0,432950
100,2.93E+08,5.31E+06,3234336,3234332,0,423000
100,2.98E+08,5.31E+06,3234401,3234401,0,433150
100,2.89E+08,5.30E+06,3234431,3234431,0,409400
100,2.93E+08,5.39E+06,3234444,3234444,0,423000
100,2.97E+08,5.34E+06,3234446,3234448,0,432950
100,2.90E+08,5.39E+06,3234448,3234452,0,409800
100,2.97E+08,5.41E+06,3234497,3234497,0,429900
100,2.91E+08,5.35E+06,3234498,3234498,0,413200
100,2.93E+08,5.34E+06,3234499,3234499,0,423000
100,2.97E+08,5.33E+06,3234507,3234507,0,429900
100,2.94E+08,5.30E+06,3234508,3234510,0,423000
100,2.90E+08,5.33E+06,3234526,3234526,0,413150
100,2.93E+08,5.30E+06,3234547,3234547,0,422900
100,2.97E+08,5.35E+06,3234583,3234583,0,429500
100,2.98E+08,5.36E+06,3234700,3234701,0,433150
100,2.90E+08,5.38E+06,3234703,3234704,0,410800
100,2.90E+08,5.30E+06,3234705,3234705,0,409800
100,2.90E+08,5.30E+06,3234809,3234809,0,409950
100,2.90E+08,5.34E+06,3234818,3234818,0,413050
100,2.93E+08,5.37E+06,3234900,3234901,0,422900
100,2.97E+08,5.34E+06,3234911,3234913,0,432950
100,2.90E+08,5.32E+06,3234924,3234924,0,409800
100,2.89E+08,5.38E+06,3234985,3234983,0,409000
100,2.91E+08,5.47E+06,3234999,3234999,0,413200
100,2.93E+08,5.31E+06,3235003,3235003,0,423000
100,2.93E+08,5.33E+06,3235051,3235050,0,422950
100,2.90E+08,5.33E+06,3235053,3235053,0,409800
100,2.90E+08,5.30E+06,3235084,3235084,0,410800
100,2.93E+08,5.39E+06,3235096,3235095,0,423000
100,2.89E+08,5.71E+06,3235106,3235105,0,409400
100,2.90E+08,5.71E+06,3235122,3235120,0,413050
100,2.93E+08,5.40E+06,3235162,3235161,0,422350
100,2.90E+08,5.37E+06,3235172,3235172,0,413150
100,2.93E+08,5.42E+06,3235174,3235174,0,423000
100,2.98E+08,5.31E+06,3235181,3235183,0,433150
100,2.98E+08,5.31E+06,3235182,3235181,0,433150
100,2.93E+08,5.38E+06,3235237,3235239,0,421600
100,2.93E+08,5.47E+06,3235266,3235266,0,422600
100,2.93E+08,5.30E+06,3235268,3235268,0,423000
100,2.93E+08,5.41E+06,3235290,3235289,0,423000
100,2.93E+08,5.30E+06,3235291,3235291,0,422350
100,2.93E+08,5.32E+06,3235299,3235293,0,423000
100,2.94E+08,5.31E+06,3235342,3235342,0,423000
100,2.90E+08,5.30E+06,3235350,3235343,0,413050
100,2.89E+08,5.40E+06,3235356,3235351,0,409000
100,2.90E+08,5.36E+06,3235384,3235380,0,409950
100,2.85E+08,5.69E+06,3235386,3235386,0,398150
100,2.94E+08,5.32E+06,3235404,3235404,0,423400
100,2.93E+08,5.30E+06,3235428,3235426,0,421600
100,2.90E+08,5.30E+06,3235434,3235434,0,409800
100,2.97E+08,5.35E+06,3235479,3235479,0,432950
100,2.93E+08,5.37E+06,3235531,3235532,0,422950
100,2.93E+08,5.50E+06,3235535,3235538,0,422950
100,2.90E+08,5.39E+06,3235552,3235552,0,409950
100,2.93E+08,5.40E+06,3235553,3235553,0,422950
100,2.98E+08,5.41E+06,3235554,3235555,0,432950
100,2.90E+08,5.30E+06,3235565,3235564,0,409750
100,2.97E+08,5.44E+06,3235571,3235571,0,429500
100,2.90E+08,5.33E+06,3235590,3235590,0,413050
100,2.97E+08,5.38E+06,3235631,3235631,0,432950
100,2.85E+08,5.80E+06,3235654,3235654,0,397200
100,2.94E+08,5.31E+06,3235656,3235653,0,424050
100,2.97E+08,5.43E+06,3235680,3235681,0,432950
100,2.90E+08,5.33E+06,3235719,3235719,0,409800
100,2.90E+08,5.30E+06,3235721,3235721,0,413150
100,2.90E+08,5.30E+06,3235743,3235742,0,413150
100,2.98E+08,5.37E+06,3235753,3235753,0,433150
100,2.94E+08,5.33E+06,3235758,3235760,0,423000
100,2.89E+08,5.42E+06,3235764,3235766,0,409000
100,2.91E+08,5.30E+06,3235773,3235770,0,414200
100,2.93E+08,5.32E+06,3235795,3235794,0,423000
100,2.91E+08,5.30E+06,3235808,3235808,0,414200
100,2.97E+08,5.30E+06,3235842,3235843,0,429900
100,2.93E+08,5.31E+06,3235859,3235859,0,423000
100,2.97E+08,5.35E+06,3235868,3235868,0,429900
100,2.94E+08,5.38E+06,3235872,3235873,0,423000
100,2.89E+08,5.37E+06,3235894,3235892,0,409150
100,2.98E+08,5.31E+06,3235904,3235904,0,433150
100,2.90E+08,5.30E+06,3235908,3235909,0,409800
100,2.90E+08,5.31E+06,3235909,3235909,0,409950
100,2.95E+08,5.40E+06,3235924,3235924,0,425800
100,2.97E+08,5.30E+06,3235964,3235964,0,432950
100,2.90E+08,5.30E+06,3235966,3235966,0,409950
100,2.97E+08,5.31E+06,3235979,3235980,0,429900
100,2.97E+08,5.35E+06,3236021,3236020,0,429900
100,2.98E+08,5.31E+06,3236081,3236078,0,433150
100,2.97E+08,5.39E+06,3236083,3236085,0,432950
100,2.97E+08,5.32E+06,3236095,3236094,0,432950
100,2.94E+08,5.32E+06,3236166,3236165,0,423400
100,2.97E+08,5.30E+06,3236168,3236167,0,432950
100,2.94E+08,5.30E+06,3236257,3236248,0,424050
100,2.90E+08,5.35E+06,3236260,3236260,0,409800
100,2.94E+08,5.34E+06,3236280,3236281,0,423000
100,2.97E+08,5.31E+06,3236294,3236295,0,429900
100,2.98E+08,5.30E+06,3236298,3236299,0,433150
100,2.90E+08,5.39E+06,3236333,3236334,0,413150
100,2.90E+08,5.35E+06,3236337,3236339,0,413150
100,2.93E+08,5.30E+06,3236337,3236336,0,423000
100,2.89E+08,5.89E+06,3236386,3236385,0,409000
100,2.91E+08,5.32E+06,3236390,3236389,0,413250
100,2.97E+08,5.30E+06,3236421,3236421,0,432950
100,2.97E+08,5.32E+06,3236423,3236417,0,429500
100,2.97E+08,5.33E+06,3236440,3236437,0,432950
100,2.93E+08,5.37E+06,3236468,3236469,0,422950
100,2.91E+08,5.37E+06,3236551,3236551,0,413250
100,2.90E+08,5.34E+06,3236592,3236592,0,409950
100,2.90E+08,5.30E+06,3236607,3236609,0,413150
100,2.90E+08,5.35E+06,3236632,3236631,0,413050
100,2.97E+08,5.32E+06,3236700,3236700,0,432950
100,2.93E+08,5.32E+06,3236708,3236708,0,422900
100,2.91E+08,5.31E+06,3236710,3236713,0,413250
100,2.94E+08,5.34E+06,3236713,3236712,0,423000
100,2.91E+08,5.30E+06,3236715,3236712,0,413950
100,2.93E+08,5.30E+06,3236715,3236717,0,423000
100,2.97E+08,5.31E+06,3236777,3236777,0,429900
100,2.90E+08,5.39E+06,3236780,3236780,0,410800
100,2.98E+08,5.37E+06,3236810,3236808,0,433150
100,2.83E+08,5.74E+06,3236827,3236827,0,393300
100,2.95E+08,5.36E+06,3236833,3236835,0,424550
100,2.90E+08,5.33E+06,3236837,3236838,0,413050
100,2.94E+08,5.31E+06,3236846,3236847,0,423000
100,2.90E+08,5.30E+06,3236854,3236854,0,409800
100,2.97E+08,5.40E+06,3236872,3236877,0,429900
100,2.98E+08,5.30E+06,3236874,3236874,0,433150
100,2.98E+08,5.31E+06,3236881,3236881,0,432950
100,2.91E+08,5.32E+06,3236920,3236920,0,413150
100,2.93E+08,5.31E+06,3236941,3236941,0,422900
100,2.93E+08,5.30E+06,3236960,3236961,0,421600
100,2.97E+08,5.31E+06,3236975,3236975,0,429900
100,2.94E+08,5.31E+06,3236999,3236997,0,423000
100,2.98E+08,5.42E+06,3237004,3237004,0,432950
100,2.93E+08,5.30E+06,3237023,3237023,0,422900
100,2.97E+08,5.33E+06,3237026,3237026,0,429900
100,2.97E+08,5.30E+06,3237055,3237055,0,429900
100,2.93E+08,5.39E+06,3237058,3237058,0,423000
100,2.98E+08,5.30E+06,3237068,3237069,0,433150
100,2.89E+08,5.41E+06,3237110,3237110,0,409000
100,2.90E+08,5.30E+06,3237181,3237180,0,413150
100,2.90E+08,5.31E+06,3237221,3237222,0,409950
100,2.94E+08,5.36E+06,3237225,3237225,0,423000
100,2.93E+08,5.32E+06,3237238,3237231,0,423000
100,2.98E+08,5.30E+06,3237246,3237245,0,433150
100,2.91E+08,5.32E+06,3237259,3237259,0,414200
100,2.91E+08,5.30E+06,3237278,3237283,0,413200
100,2.98E+08,5.30E+06,3237342,3237342,0,432950
100,2.93E+08,5.32E+06,3237372,3237372,0,422900
100,2.93E+08,5.30E+06,3237380,3237381,0,422100
100,2.97E+08,5.34E+06,3237419,3237419,0,429900
100,2.96E+08,5.38E+06,3237438,3237438,0,429300
100,2.94E+08,5.30E+06,3237465,3237465,0,424050
100,2.90E+08,5.32E+06,3237481,3237483,0,409950
100,2.93E+08,5.50E+06,3237497,3237499,0,422900
100,2.91E+08,5.30E+06,3237597,3237600,0,413250
100,2.91E+08,5.30E+06,3237605,3237604,0,413200
100,2.93E+08,5.34E+06,3237682,3237682,0,421600
100,2.93E+08,5.30E+06,3237685,3237685,0,422900
100,2.89E+08,5.38E+06,3237736,3237737,0,409000
100,2.90E+08,5.33E+06,3237772,3237772,0,413150
100,2.93E+08,5.32E+06,3237802,3237802,0,423000
100,2.90E+08,5.30E+06,3237809,3237808,0,409950
100,2.93E+08,5.37E+06,3237809,3237809,0,422350
100,2.93E+08,5.32E+06,3237862,3237862,0,423000
100,2.93E+08,5.31E+06,3237865,3237866,0,422900
100,2.98E+08,5.30E+06,3237866,3237865,0,432950
100,2.97E+08,5.36E+06,3237890,3237890,0,429900
100,2.97E+08,5.30E+06,3237907,3237907,0,429900
100,2.90E+08,5.47E+06,3237934,3237932,0,409800
100,2.91E+08,5.39E+06,3237961,3237957,0,413250
100,2.94E+08,5.61E+06,3238035,3238036,0,424050
100,2.97E+08,5.30E+06,3238052,3238052,0,432950
100,2.95E+08,5.48E+06,3238054,3238058,0,425800
100,2.93E+08,5.34E+06,3238056,3238055,0,422900
100,2.93E+08,5.31E+06,3238078,3238079,0,422100
100,2.93E+08,5.30E+06,3238087,3238085,0,422100
100,2.90E+08,5.33E+06,3238101,3238098,0,413050
100,2.93E+08,5.32E+06,3238114,3238114,0,423000
100,2.93E+08,5.34E+06,3238147,3238147,0,422900
100,2.90E+08,5.32E+06,3238149,3238149,0,409950
100,2.98E+08,5.31E+06,3238157,3238160,0,433150
100,2.90E+08,5.51E+06,3238169,3238169,0,413150
100,2.93E+08,5.30E+06,3238177,3238177,0,423000
100,2.90E+08,5.30E+06,3238188,3238188,0,413150
100,2.91E+08,5.30E+06,3238196,3238196,0,413950
100,2.93E+08,5.30E+06,3238232,3238230,0,423000
100,2.97E+08,5.32E+06,3238243,3238240,0,429500
100,2.93E+08,5.30E+06,3238276,3238276,0,422900
100,2.97E+08,5.34E+06,3238290,3238290,0,429900
100,2.87E+08,5.46E+06,3238301,3238301,0,401250
100,2.98E+08,5.32E+06,3238316,3238312,0,432950
100,2.91E+08,5.30E+06,3238331,3238331,0,413250
100,2.91E+08,5.32E+06,3238340,3238341,0,413200
100,2.97E+08,5.43E+06,3238358,3238360,0,432950
100,2.93E+08,5.35E+06,3238383,3238381,0,421600
100,2.83E+08,5.66E+06,3238392,3238392,0,393300
100,2.93E+08,5.30E+06,3238393,3238392,0,422100
100,2.93E+08,5.36E+06,3238398,3238400,0,423000
100,2.90E+08,5.31E+06,3238409,3238406,0,413150
100,2.97E+08,5.31E+06,3238413,3238413,0,429900
100,2.98E+08,5.50E+06,3238420,3238420,0,433150
100,2.90E+08,5.33E+06,3238448,3238448,0,409750
100,2.90E+08,5.30E+06,3238460,3238460,0,410800
100,2.90E+08,5.30E+06,3238471,3238470,0,409800
100,2.97E+08,5.32E+06,3238492,3238493,0,432950
100,2.97E+08,5.40E+06,3238515,3238515,0,429500
100,2.97E+08,5.40E+06,3238521,3238521,0,429500
100,2.98E+08,5.31E+06,3238533,3238532,0,433150
100,2.93E+08,5.30E+06,3238534,3238534,0,423000
100,2.90E+08,5.30E+06,3238543,3238543,0,413150
100,2.97E+08,5.37E+06,3238564,3238562,0,432950
100,2.98E+08,5.30E+06,3238642,3238643,0,433150
100,2.93E+08,5.38E+06,3238653,3238652,0,423000
100,2.97E+08,5.34E+06,3238661,3238661,0,432950
100,2.91E+08,5.31E+06,3238663,3238663,0,413950
100,2.97E+08,5.34E+06,3238672,3238671,0,432950
100,2.98E+08,5.33E+06,3238673,3238673,0,433150
100,2.85E+08,5.53E+06,3238674,3238673,0,397200
100,2.94E+08,5.35E+06,3238679,3238681,0,423000
100,2.96E+08,5.39E+06,3238699,3238697,0,429300
100,2.94E+08,5.41E+06,3238721,3238721,0,423000
100,2.93E+08,5.30E+06,3238724,3238724,0,422950
100,2.98E+08,5.31E+06,3238728,3238728,0,433150
100,2.98E+08,5.30E+06,3238728,3238728,0,433150
100,2.97E+08,5.39E+06,3238759,3238759,0,432950
100,2.97E+08,5.30E+06,3238765,3238764,0,429900
100,2.94E+08,5.33E+06,3238804,3238810,0,423000
100,2.93E+08,5.31E+06,3238818,3238819,0,422900
100,2.93E+08,5.30E+06,3238823,3238826,0,423000
100,2.90E+08,5.33E+06,3238826,3238827,0,409750
100,2.90E+08,5.32E+06,3238870,3238869,0,413150
100,2.90E+08,5.35E+06,3238892,3238892,0,409950
100,2.93E+08,5.36E+06,3238893,3238893,0,423000
100,2.97E+08,5.30E+06,3238896,3238899,0,432950
100,2.89E+08,5.33E+06,3238935,3238935,0,409000
100,2.98E+08,5.30E+06,3238946,3238945,0,433150
100,2.93E+08,5.38E+06,3238958,3238958,0,423000
100,2.97E+08,5.45E+06,3238971,3238968,0,429900
100,2.90E+08,5.31E+06,3239004,3239005,0,410800
100,2.89E+08,5.36E+06,3239020,3239020,0,409000
100,2.94E+08,5.30E+06,3239048,3239048,0,423000
100,2.94E+08,5.30E+06,3239051,3239051,0,424050
100,2.93E+08,5.34E+06,3239075,3239074,0,422900
100,2.93E+08,5.32E+06,3239095,3239095,0,422950
100,2.90E+08,5.31E+06,3239099,3239099,0,409800
100,2.90E+08,5.45E+06,3239129,3239129,0,413150
100,2.90E+08,5.30E+06,3239152,3239152,0,413150
100,2.93E+08,5.33E+06,3239195,3239195,0,422100
100,2.89E+08,5.35E+06,3239198,3239196,0,409400
100,2.97E+08,5.38E+06,3239212,3239211,0,432950
100,2.89E+08,5.34E+06,3239232,3239232,0,409000
100,2.94E+08,5.42E+06,3239240,3239240,0,423000
100,2.93E+08,5.31E+06,3239247,3239244,0,422950
100,2.97E+08,5.34E+06,3239255,3239257,0,432950
100,2.90E+08,5.31E+06,3239278,3239280,0,413050
100,2.93E+08,5.33E+06,3239282,3239286,0,422350
100,2.90E+08,5.33E+06,3239288,3239287,0,413150
100,2.94E+08,5.30E+06,3239301,3239301,0,423000
100,2.97E+08,5.31E+06,3239303,3239303,0,432950
100,2.93E+08,5.34E+06,3239311,3239311,0,423000
100,2.90E+08,5.31E+06,3239364,3239364,0,409950
100,2.94E+08,5.33E+06,3239424,3239424,0,424050
100,2.93E+08,5.31E+06,3239450,3239450,0,423000
100,2.91E+08,5.31E+06,3239458,3239458,0,413200
100,2.91E+08,5.43E+06,3239471,3239469,0,413200
100,2.97E+08,5.33E+06,3239496,3239496,0,432950
100,2.90E+08,5.30E+06,3239503,3239503,0,409950
100,2.89E+08,5.59E+06,3239519,3239511,0,409000
100,2.93E+08,5.37E+06,3239535,3239535,0,423000
100,2.90E+08,5.30E+06,3239549,3239554,0,409750
100,2.97E+08,5.31E+06,3239553,3239552,0,432950
100,2.93E+08,5.30E+06,3239559,3239559,0,422100
100,2.90E+08,5.38E+06,3239598,3239598,0,410750
100,2.93E+08,5.35E+06,3239619,3239622,0,422100
100,2.93E+08,5.38E+06,3239629,3239626,0,422900
100,2.95E+08,5.35E+06,3239647,3239649,0,425800
100,2.93E+08,5.30E+06,3239713,3239712,0,423000
100,2.90E+08,5.32E+06,3239725,3239725,0,410750
100,2.91E+08,5.31E+06,3239735,3239735,0,413200
100,2.98E+08,5.30E+06,3239785,3239785,0,432950
100,2.93E+08,5.30E+06,3239790,3239792,0,422950
100,2.93E+08,5.30E+06,3239879,3239879,0,422950
100,2.90E+08,5.30E+06,3239887,3239887,0,409750
100,2.98E+08,5.35E+06,3239887,3239887,0,433150
100,2.95E+08,5.33E+06,3239903,3239903,0,424550
100,2.93E+08,5.33E+06,3239906,3239905,0,422100
100,2.90E+08,5.30E+06,3239908,3239910,0,409950
100,2.97E+08,5.91E+06,3239918,3239918,0,429900
100,2.93E+08,5.34E+06,3239939,3239937,0,423000
100,2.93E+08,5.30E+06,3239976,3239976,0,423000
100,2.94E+08,5.31E+06,3239986,3239988,0,423000
100,2.97E+08,5.30E+06,3239991,3239991,0,432950
100,2.90E+08,5.30E+06,3239994,3239994,0,413050
100,2.90E+08,5.30E+06,3239999,3240000,0,413050
100,2.90E+08,5.32E+06,3240003,3240003,0,413050
100,2.97E+08,5.40E+06,3240005,3240001,0,432950
100,2.98E+08,5.30E+06,3240009,3240010,0,432950
100,2.89E+08,5.30E+06,3240053,3240056,0,409000
100,2.90E+08,5.32E+06,3240068,3240068,0,409800
100,2.97E+08,5.30E+06,3240095,3240095,0,429900
100,2.90E+08,5.33E+06,3240099,3240100,0,413050
100,2.94E+08,5.34E+06,3240116,3240116,0,423400
100,2.93E+08,5.79E+06,3240125,3240125,0,422100
100,2.93E+08,5.30E+06,3240162,3240162,0,422950
100,2.93E+08,5.30E+06,3240166,3240170,0,423000
100,2.90E+08,5.33E+06,3240186,3240184,0,413150
100,2.94E+08,5.34E+06,3240202,3240202,0,423000
100,2.90E+08,5.30E+06,3240209,3240208,0,409800
100,2.93E+08,5.30E+06,3240213,3240213,0,422900
100,2.90E+08,5.30E+06,3240218,3240213,0,409800
100,2.89E+08,5.31E+06,3240240,3240239,0,409000
100,2.93E+08,5.33E+06,3240307,3240307,0,422900
100,2.93E+08,5.30E+06,3240319,3240317,0,422950
100,2.93E+08,5.31E+06,3240357,3240355,0,422950
100,2.90E+08,5.32E+06,3240375,3240375,0,413050
100,2.90E+08,5.31E+06,3240408,3240408,0,413050
100,2.93E+08,5.32E+06,3240413,3240413,0,422350
100,2.91E+08,5.33E+06,3240420,3240420,0,413250
100,2.93E+08,5.30E+06,3240431,3240431,0,422950
100,2.90E+08,5.34E+06,3240458,3240460,0,413050
100,2.94E+08,5.56E+06,3240459,3240459,0,423400
100,2.93E+08,5.30E+06,3240467,3240467,0,423000
100,2.93E+08,5.33E+06,3240469,3240469,0,422900
100,2.93E+08,5.30E+06,3240505,3240505,0,422950
100,2.93E+08,5.32E+06,3240528,3240525,0,421600
100,2.85E+08,5.42E+06,3240531,3240534,0,398150
100,2.91E+08,5.36E+06,3240547,3240546,0,413250
100,2.90E+08,5.37E+06,3240565,3240565,0,413150
100,2.97E+08,5.35E+06,3240585,3240580,0,429900
100,2.90E+08,5.31E+06,3240594,3240594,0,409950
100,2.90E+08,5.33E+06,3240615,3240615,0,409950
100,2.90E+08,5.43E+06,3240652,3240649,0,413150
100,2.93E+08,5.33E+06,3240661,3240661,0,422900
100,2.93E+08,5.32E+06,3240663,3240664,0,423000
100,2.97E+08,5.30E+06,3240697,3240693,0,432950
100,2.89E+08,5.46E+06,3240711,3240710,0,409000
100,2.90E+08,5.32E+06,3240714,3240714,0,413050
100,2.93E+08,5.33E+06,3240719,3240719,0,422600
100,2.90E+08,5.36E+06,3240747,3240747,0,409950
100,2.90E+08,5.63E+06,3240762,3240761,0,409800
100,2.97E+08,5.31E+06,3240776,3240777,0,429900
100,2.93E+08,5.34E+06,3240818,3240815,0,422600
100,2.90E+08,5.30E+06,3240845,3240848,0,409750
100,2.90E+08,5.40E+06,3240847,3240848,0,409800
100,2.97E+08,5.34E+06,3240862,3240862,0,432950
100,2.97E+08,5.30E+06,3240879,3240879,0,432950
100,2.90E+08,5.38E+06,3240881,3240882,0,413050
100,2.93E+08,5.32E+06,3240922,3240922,0,422900
100,2.90E+08,5.30E+06,3240944,3240944,0,413050
100,2.97E+08,5.34E+06,3240948,3240946,0,432950
100,2.98E+08,5.30E+06,3240957,3240958,0,432950
100,2.90E+08,5.34E+06,3240978,3240978,0,413050
100,2.93E+08,5.30E+06,3240980,3240980,0,422900
100,2.91E+08,5.32E+06,3240989,3240993,0,413150
100,2.89E+08,5.45E+06,3241018,3241015,0,409000
100,2.90E+08,5.30E+06,3241018,3241019,0,409950
100,2.90E+08,5.35E+06,3241071,3241071,0,413150
100,2.89E+08,5.30E+06,3241083,3241083,0,409000
100,2.98E+08,5.33E+06,3241094,3241094,0,433150
100,2.84E+08,5.85E+06,3241124,3241124,0,395150
100,2.90E+08,5.30E+06,3241147,3241147,0,413050
100,2.89E+08,5.34E+06,3241156,3241156,0,409000
100,2.94E+08,5.30E+06,3241165,3241165,0,423000
100,2.87E+08,5.34E+06,3241178,3241177,0,401250
100,2.90E+08,5.30E+06,3241186,3241186,0,413150
100,2.97E+08,5.42E+06,3241206,3241207,0,432950
100,2.93E+08,5.35E+06,3241210,3241207,0,423000
100,2.93E+08,5.39E+06,3241232,3241232,0,422600
100,2.93E+08,5.37E+06,3241235,3241235,0,422950
100,2.90E+08,5.34E+06,3241289,3241289,0,413150
100,2.89E+08,5.30E+06,3241351,3241352,0,409400
100,2.95E+08,5.30E+06,3241359,3241359,0,425800
100,2.93E+08,5.30E+06,3241392,3241392,0,422950
100,2.97E+08,5.37E+06,3241411,3241412,0,432950
100,2.97E+08,5.30E+06,3241458,3241463,0,429900
100,2.89E+08,5.34E+06,3241492,3241492,0,409400
100,2.93E+08,5.31E+06,3241532,3241534,0,422950
100,2.97E+08,5.40E+06,3241542,3241543,0,432950
100,2.93E+08,5.31E+06,3241562,3241561,0,422900
100,2.93E+08,5.34E+06,3241564,3241564,0,423000
100,2.93E+08,5.30E+06,3241573,3241573,0,422100
100,2.93E+08,5.35E+06,3241580,3241580,0,423000
100,2.93E+08,5.30E+06,3241581,3241585,0,422900
100,2.90E+08,5.37E+06,3241607,3241606,0,413050
100,2.93E+08,5.37E+06,3241629,3241629,0,423000
100,2.93E+08,5.37E+06,3241631,3241631,0,422950
100,2.93E+08,5.30E+06,3241639,3241639,0,422350
100,2.90E+08,5.41E+06,3241642,3241640,0,413050
100,2.90E+08,5.33E+06,3241655,3241655,0,413150
100,2.95E+08,5.48E+06,3241669,3241668,0,425800
100,2.93E+08,5.30E+06,3241685,3241685,0,422350
100,2.94E+08,5.53E+06,3241694,3241694,0,423000
100,2.90E+08,5.30E+06,3241701,3241701,0,409950
100,2.89E+08,5.33E+06,3241809,3241809,0,409000
100,2.90E+08,5.32E+06,3241888,3241888,0,409800
100,2.97E+08,5.41E+06,3241894,3241894,0,432950
100,2.89E+08,5.57E+06,3241919,3241917,0,409150
100,2.93E+08,5.30E+06,3241925,3241914,0,422900
100,2.97E+08,5.33E+06,3241931,3241931,0,432950
100,2.97E+08,5.37E+06,3241939,3241939,0,432950
100,2.91E+08,5.30E+06,3241966,3241957,0,413200
100,2.98E+08,5.48E+06,3241974,3241975,0,433150
100,2.90E+08,5.49E+06,3241976,3241976,0,413150
100,2.93E+08,5.52E+06,3242027,3242025,0,422950
100,2.94E+08,5.31E+06,3242039,3242038,0,423000
100,2.93E+08,5.31E+06,3242041,3242041,0,422950
100,2.93E+08,5.30E+06,3242072,3242074,0,423000
100,2.90E+08,5.30E+06,3242074,3242073,0,409950
100,2.97E+08,5.31E+06,3242098,3242098,0,432950
100,2.97E+08,5.30E+06,3242119,3242120,0,429500
100,2.97E+08,5.49E+06,3242128,3242128,0,432950
100,2.97E+08,5.35E+06,3242139,3242142,0,432950
100,2.89E+08,5.30E+06,3242147,3242145,0,409400
100,2.93E+08,5.30E+06,3242148,3242147,0,422900
100,2.93E+08,5.36E+06,3242159,3242159,0,422100
100,2.97E+08,5.85E+06,3242159,3242159,0,432950
100,2.89E+08,5.39E+06,3242177,3242177,0,409150
100,2.93E+08,5.33E+06,3242199,3242199,0,423000
100,2.91E+08,5.34E+06,3242206,3242206,0,413200
100,2.97E+08,5.34E+06,3242211,3242210,0,429500
100,2.89E+08,5.42E+06,3242213,3242213,0,409000
100,2.89E+08,5.44E+06,3242243,3242245,0,409000
100,2.91E+08,5.51E+06,3242260,3242254,0,413250
100,2.93E+08,5.32E+06,3242291,3242291,0,422100
100,2.90E+08,5.45E+06,3242304,3242304,0,409800
100,2.97E+08,5.31E+06,3242321,3242322,0,429900
100,2.97E+08,5.33E+06,3242324,3242324,0,432950
100,2.93E+08,5.32E+06,3242370,3242364,0,422950
100,2.97E+08,5.34E+06,3242403,3242404,0,429900
100,2.93E+08,5.30E+06,3242426,3242426,0,422900
100,2.97E+08,5.38E+06,3242437,3242439,0,432950
100,2.93E+08,5.31E+06,3242440,3242439,0,423000
100,2.93E+08,5.36E+06,3242451,3242450,0,423000
100,2.97E+08,5.32E+06,3242453,3242453,0,432950
100,2.93E+08,5.31E+06,3242459,3242455,0,422950
100,2.97E+08,5.30E+06,3242462,3242462,0,429500
100,2.97E+08,5.30E+06,3242479,3242479,0,429900
100,2.90E+08,5.36E+06,3242506,3242505,0,413050
100,2.97E+08,5.30E+06,3242533,3242533,0,432950
100,2.94E+08,5.31E+06,3242541,3242541,0,423000
100,2.85E+08,5.78E+06,3242560,3242560,0,397200
100,2.97E+08,5.34E+06,3242593,3242593,0,429900
100,2.93E+08,5.35E+06,3242623,3242623,0,423000
100,2.93E+08,5.31E+06,3242660,3242662,0,421600
100,2.90E+08,5.32E+06,3242663,3242664,0,410800
100,2.93E+08,5.35E+06,3242666,3242666,0,422950
100,2.90E+08,5.35E+06,3242670,3242670,0,413050
100,2.93E+08,5.38E+06,3242688,3242688,0,422900
100,2.89E+08,5.31E+06,3242697,3242697,0,409400
100,2.94E+08,5.32E+06,3242715,3242715,0,424050
100,2.90E+08,5.30E+06,3242752,3242752,0,410750
100,2.90E+08,5.31E+06,3242762,3242762,0,409800
100,2.90E+08,5.30E+06,3242793,3242793,0,413150
100,2.98E+08,5.30E+06,3242797,3242796,0,433150
100,2.93E+08,5.30E+06,3242816,3242816,0,422950
100,2.97E+08,5.38E+06,3242832,3242832,0,432950
100,2.97E+08,5.34E+06,3242833,3242835,0,429900
100,2.90E+08,5.32E+06,3242838,3242836,0,410800
100,2.93E+08,5.30E+06,3242850,3242850,0,423000
100,2.90E+08,5.31E+06,3242897,3242896,0,409950
100,2.89E+08,5.37E+06,3242920,3242921,0,409000
100,2.90E+08,5.42E+06,3242945,3242944,0,409950
100,2.83E+08,5.71E+06,3242957,3242956,0,392550
100,2.93E+08,5.31E+06,3242967,3242962,0,423000
100,2.95E+08,5.40E+06,3242977,3242976,0,425800
100,2.98E+08,5.32E+06,3242981,3242971,0,432950
100,2.98E+08,5.30E+06,3242984,3242984,0,433150
100,2.93E+08,5.38E+06,3242988,3242990,0,422900
100,2.94E+08,5.55E+06,3242988,3242986,0,423400
100,2.98E+08,5.31E+06,3242998,3242998,0,432950
100,2.94E+08,5.45E+06,3243000,3243000,0,423000
100,2.91E+08,5.33E+06,3243012,3243013,0,413250
100,2.93E+08,5.44E+06,3243058,3243055,0,422900
100,2.90E+08,5.30E+06,3243065,3243065,0,413150
100,2.93E+08,5.32E+06,3243101,3243099,0,422900
100,2.97E+08,5.35E+06,3243109,3243109,0,432950
100,2.89E+08,5.47E+06,3243111,3243111,0,409000
100,2.90E+08,5.34E+06,3243111,3243111,0,413050
100,2.90E+08,5.31E+06,3243137,3243137,0,413050
100,2.93E+08,5.38E+06,3243151,3243152,0,422350
100,2.97E+08,5.36E+06,3243159,3243159,0,432950
100,2.83E+08,5.64E+06,3243161,3243162,0,392550
100,2.90E+08,5.30E+06,3243164,3243164,0,413150
100,2.90E+08,5.30E+06,3243251,3243253,0,409950
100,2.97E+08,5.36E+06,3243305,3243301,0,432950
100,2.97E+08,5.32E+06,3243352,3243350,0,429900
100,2.91E+08,5.31E+06,3243373,3243373,0,414200
100,2.97E+08,5.30E+06,3243404,3243407,0,432950
100,2.93E+08,5.30E+06,3243423,3243423,0,423000
100,2.98E+08,5.39E+06,3243433,3243433,0,433150
100,2.90E+08,5.36E+06,3243448,3243447,0,409800
100,2.93E+08,5.30E+06,3243451,3243450,0,422900
100,2.94E+08,5.39E+06,3243543,3243542,0,423000
100,2.94E+08,5.30E+06,3243560,3243560,0,423000
100,2.93E+08,5.36E+06,3243563,3243563,0,422350
100,2.87E+08,5.31E+06,3243568,3243568,0,401250
100,2.93E+08,5.35E+06,3243571,3243572,0,423000
100,2.97E+08,5.32E+06,3243577,3243570,0,429900
100,2.90E+08,5.32E+06,3243653,3243653,0,413150
100,2.90E+08,5.30E+06,3243679,3243682,0,409800
100,2.90E+08,5.34E+06,3243681,3243681,0,413150
100,2.97E+08,5.30E+06,3243689,3243689,0,432950
100,2.98E+08,5.36E+06,3243694,3243693,0,433150
100,2.89E+08,5.35E+06,3243719,3243719,0,409150
100,2.93E+08,5.30E+06,3243746,3243745,0,423000
100,2.93E+08,5.31E+06,3243750,3243750,0,422900
100,2.90E+08,5.32E+06,3243759,3243759,0,413050
100,2.97E+08,5.30E+06,3243771,3243771,0,429900
100,2.93E+08,5.39E+06,3243786,3243784,0,422100
100,2.98E+08,5.33E+06,3243793,3243793,0,432950
100,2.97E+08,5.38E+06,3243824,3243824,0,429900
100,2.97E+08,5.30E+06,3243831,3243831,0,432950
100,2.93E+08,5.31E+06,3243874,3243876,0,422950
100,2.90E+08,5.30E+06,3243884,3243882,0,409950
100,2.98E+08,5.64E+06,3243887,3243885,0,433150
100,2.98E+08,5.39E+06,3243890,3243888,0,432950
100,2.90E+08,5.30E+06,3243892,3243893,0,413150
100,2.93E+08,5.59E+06,3243892,3243886,0,422900
100,2.93E+08,5.36E+06,3243907,3243905,0,422950
100,2.94E+08,5.36E+06,3243909,3243912,0,423000
100,2.93E+08,5.34E+06,3243934,3243934,0,422900
100,2.98E+08,5.35E+06,3243949,3243950,0,433150
100,2.90E+08,5.36E+06,3243958,3243958,0,413150
100,2.93E+08,5.34E+06,3244009,3244009,0,423000
100,2.97E+08,5.31E+06,3244014,3244014,0,429900
100,2.94E+08,5.44E+06,3244024,3244025,0,423000
100,2.93E+08,5.30E+06,3244057,3244057,0,423000
100,2.91E+08,5.33E+06,3244084,3244086,0,413250
100,2.89E+08,5.40E+06,3244091,3244091,0,409000
100,2.91E+08,5.41E+06,3244109,3244109,0,413200
100,2.91E+08,5.30E+06,3244114,3244115,0,413200
100,2.94E+08,5.65E+06,3244134,3244134,0,423000
100,2.93E+08,5.32E+06,3244156,3244156,0,423000
100,2.91E+08,5.30E+06,3244169,3244169,0,413250
100,2.97E+08,5.30E+06,3244175,3244175,0,429900
100,2.90E+08,5.33E+06,3244205,3244207,0,409800
100,2.90E+08,5.35E+06,3244205,3244204,0,410800
100,2.93E+08,5.36E+06,3244244,3244243,0,422950
100,2.97E+08,5.35E+06,3244251,3244245,0,432950
100,2.93E+08,5.32E+06,3244263,3244261,0,422950
100,2.90E+08,5.30E+06,3244265,3244265,0,409800
100,2.93E+08,5.35E+06,3244274,3244274,0,421650
100,2.97E+08,5.32E+06,3244277,3244277,0,432950
100,2.91E+08,5.32E+06,3244279,3244279,0,414200
100,2.93E+08,5.31E+06,3244281,3244281,0,423000
100,2.91E+08,5.32E+06,3244290,3244290,0,413200
100,2.90E+08,5.32E+06,3244332,3244330,0,413150
100,2.90E+08,5.33E+06,3244353,3244353,0,413150
100,2.93E+08,5.35E+06,3244409,3244409,0,423000
100,2.90E+08,5.30E+06,3244410,3244410,0,409800
100,2.91E+08,5.30E+06,3244410,3244410,0,413250
100,2.91E+08,5.30E+06,3244422,3244424,0,414200
100,2.94E+08,5.34E+06,3244430,3244430,0,424050
100,2.90E+08,5.30E+06,3244446,3244446,0,409750
100,2.93E+08,5.30E+06,3244473,3244473,0,422950
100,2.98E+08,5.34E+06,3244474,3244475,0,433150
100,2.97E+08,5.30E+06,3244478,3244478,0,432950
100,2.90E+08,5.30E+06,3244493,3244492,0,409950
100,2.93E+08,5.30E+06,3244502,3244502,0,422900
100,2.93E+08,5.30E+06,3244539,3244539,0,423000
100,2.91E+08,5.37E+06,3244573,3244573,0,413200
100,2.97E+08,5.30E+06,3244591,3244589,0,432950
100,2.89E+08,5.34E+06,3244613,3244608,0,409000
100,2.93E+08,5.30E+06,3244668,3244668,0,422900
100,2.90E+08,5.36E+06,3244699,3244697,0,413050
100,2.93E+08,5.36E+06,3244743,3244745,0,423000
100,2.93E+08,5.34E+06,3244785,3244785,0,423000
100,2.97E+08,5.30E+06,3244805,3244808,0,432950
100,2.97E+08,5.30E+06,3244806,3244806,0,429900
100,2.93E+08,5.30E+06,3244823,3244823,0,423000
100,2.97E+08,5.30E+06,3244823,3244823,0,429900
100,2.90E+08,5.35E+06,3244825,3244825,0,413150
100,2.97E+08,5.37E+06,3244841,3244841,0,432950
100,2.91E+08,5.37E+06,3244850,3244850,0,413200
100,2.93E+08,5.34E+06,3244906,3244906,0,423000
100,2.98E+08,5.33E+06,3244950,3244950,0,433150
100,2.93E+08,5.35E+06,3245002,3245002,0,422950
100,2.90E+08,5.40E+06,3245019,3245014,0,413050
100,2.90E+08,5.30E+06,3245036,3245034,0,409750
100,2.91E+08,5.37E+06,3245054,3245054,0,413200
100,2.90E+08,5.43E+06,3245073,3245072,0,413050
100,2.89E+08,5.75E+06,3245074,3245074,0,409000
100,2.90E+08,5.37E+06,3245094,3245094,0,413150
100,2.89E+08,5.31E+06,3245101,3245100,0,409000
100,2.89E+08,5.43E+06,3245128,3245128,0,409000
100,2.90E+08,5.33E+06,3245142,3245139,0,413150
100,2.93E+08,5.30E+06,3245203,3245203,0,423000
100,2.97E+08,5.35E+06,3245218,3245220,0,432950
100,2.93E+08,5.31E+06,3245231,3245231,0,423000
100,2.94E+08,5.47E+06,3245244,3245243,0,423400
100,2.97E+08,5.32E+06,3245252,3245252,0,432950
100,2.93E+08,5.37E+06,3245255,3245251,0,422950
100,2.97E+08,5.32E+06,3245265,3245266,0,429900
100,2.98E+08,5.34E+06,3245283,3245283,0,433150
100,2.90E+08,5.30E+06,3245290,3245289,0,409950
100,2.90E+08,5.35E+06,3245291,3245292,0,409950
100,2.93E+08,5.35E+06,3245303,3245297,0,422900
100,2.94E+08,5.30E+06,3245370,3245368,0,423000
100,2.90E+08,5.37E+06,3245391,3245391,0,409950
100,2.93E+08,5.32E+06,3245416,3245416,0,422950
100,2.93E+08,5.34E+06,3245420,3245420,0,422950
100,2.93E+08,5.31E+06,3245428,3245427,0,422900
100,2.97E+08,5.31E+06,3245429,3245429,0,432950
100,2.94E+08,5.62E+06,3245439,3245438,0,423000
100,2.91E+08,5.38E+06,3245453,3245453,0,413200
100,2.90E+08,5.35E+06,3245468,3245468,0,409950
100,2.97E+08,5.30E+06,3245478,3245477,0,429500
100,2.94E+08,5.30E+06,3245483,3245486,0,423000
100,2.93E+08,5.35E+06,3245495,3245494,0,423000
100,2.97E+08,5.30E+06,3245502,3245503,0,432950
100,2.93E+08,5.31E+06,3245519,3245517,0,423000
100,2.89E+08,5.67E+06,3245526,3245526,0,409000
100,2.97E+08,5.39E+06,3245533,3245529,0,429900
100,2.90E+08,5.34E+06,3245534,3245534,0,413050
100,2.90E+08,5.38E+06,3245541,3245541,0,409950
100,2.93E+08,5.44E+06,3245568,3245567,0,423000
100,2.89E+08,5.40E+06,3245571,3245571,0,409400
100,2.97E+08,5.30E+06,3245585,3245584,0,429900
100,2.97E+08,5.37E+06,3245589,3245589,0,432950
100,2.97E+08,5.39E+06,3245598,3245600,0,432950
100,2.90E+08,5.30E+06,3245610,3245610,0,409950
100,2.90E+08,5.30E+06,3245619,3245616,0,409950
100,2.87E+08,5.41E+06,3245626,3245627,0,401250
100,2.90E+08,5.30E+06,3245627,3245628,0,409750
100,2.90E+08,5.32E+06,3245653,3245656,0,413050
100,2.93E+08,5.40E+06,3245665,3245665,0,422600
100,2.93E+08,5.32E+06,3245670,3245669,0,423000
100,2.98E+08,5.32E+06,3245682,3245682,0,433150
100,2.89E+08,5.41E+06,3245703,3245702,0,409000
100,2.97E+08,5.30E+06,3245707,3245707,0,429900
100,2.89E+08,5.53E+06,3245717,3245717,0,409000
100,2.90E+08,5.30E+06,3245729,3245729,0,413150
100,2.90E+08,5.34E+06,3245737,3245737,0,413050
100,2.90E+08,5.30E+06,3245750,3245750,0,409750
100,2.93E+08,5.32E+06,3245755,3245754,0,423000
100,2.90E+08,5.39E+06,3245781,3245777,0,409800
100,2.90E+08,5.32E+06,3245856,3245855,0,413050
100,2.93E+08,5.35E+06,3245878,3245881,0,423000
100,2.90E+08,5.30E+06,3245886,3245887,0,409800
100,2.90E+08,5.30E+06,3245915,3245918,0,413050
100,2.97E+08,5.32E+06,3245927,3245926,0,432950
100,2.87E+08,5.55E+06,3245938,3245933,0,401250
100,2.91E+08,5.36E+06,3245942,3245943,0,413950
100,2.97E+08,5.34E+06,3245969,3245969,0,432950
100,2.93E+08,5.38E+06,3245992,3245991,0,423000
100,2.89E+08,5.52E+06,3245994,3245994,0,409000
100,2.90E+08,5.30E+06,3246023,3246024,0,413050
100,2.90E+08,5.30E+06,3246032,3246028,0,410750
100,2.90E+08,5.31E+06,3246036,3246035,0,413050
100,2.98E+08,5.41E+06,3246037,3246038,0,433150
100,2.91E+08,5.30E+06,3246045,3246045,0,413950
100,2.93E+08,5.39E+06,3246054,3246054,0,422100
100,2.90E+08,5.32E+06,3246062,3246065,0,410750
100,2.93E+08,5.34E+06,3246079,3246081,0,421600
100,2.94E+08,5.30E+06,3246084,3246084,0,423000
100,2.90E+08,5.42E+06,3246089,3246088,0,413050
100,2.97E+08,5.42E+06,3246104,3246104,0,432950
100,2.95E+08,5.34E+06,3246106,3246106,0,425800
100,2.93E+08,5.30E+06,3246155,3246155,0,422900
100,2.90E+08,5.35E+06,3246161,3246161,0,410800
100,2.91E+08,5.30E+06,3246162,3246164,0,413200
100,2.93E+08,5.31E+06,3246171,3246170,0,423000
100,2.94E+08,5.31E+06,3246187,3246188,0,423000
100,2.90E+08,5.36E+06,3246199,3246198,0,410800
100,2.97E+08,5.30E+06,3246200,3246196,0,432950
100,2.90E+08,5.30E+06,3246228,3246229,0,409750
100,2.83E+08,5.42E+06,3246232,3246232,0,393300
100,2.90E+08,5.34E+06,3246280,3246280,0,409950
100,2.90E+08,5.36E+06,3246282,3246282,0,413050
100,2.89E+08,5.37E+06,3246357,3246359,0,409400
100,2.93E+08,5.36E+06,3246360,3246359,0,422100
100,2.90E+08,5.35E+06,3246404,3246404,0,413050
100,2.89E+08,5.39E+06,3246420,3246420,0,409000
100,2.91E+08,5.30E+06,3246439,3246441,0,413150
100,2.93E+08,5.38E+06,3246445,3246445,0,422900
100,2.94E+08,5.33E+06,3246460,3246461,0,423400
100,2.90E+08,5.68E+06,3246466,3246466,0,413050
100,2.97E+08,5.33E+06,3246511,3246508,0,432950
100,2.90E+08,5.34E+06,3246540,3246540,0,409800
100,2.97E+08,5.32E+06,3246570,3246570,0,432950
100,2.97E+08,5.30E+06,3246581,3246583,0,432950
100,2.93E+08,5.30E+06,3246606,3246606,0,422950
100,2.90E+08,5.31E+06,3246643,3246641,0,409800
100,2.89E+08,5.41E+06,3246745,3246746,0,409000
100,2.93E+08,5.36E+06,3246751,3246751,0,422950
100,2.90E+08,5.30E+06,3246781,3246781,0,409750
100,2.90E+08,5.30E+06,3246797,3246798,0,413050
100,2.93E+08,5.37E+06,3246865,3246863,0,422950
100,2.93E+08,5.34E+06,3246890,3246886,0,421600
100,2.91E+08,5.31E+06,3246896,3246896,0,413250
100,2.90E+08,5.30E+06,3246898,3246903,0,409950
100,2.97E+08,5.33E+06,3246900,3246900,0,432950
100,2.90E+08,5.40E+06,3246909,3246910,0,413150
100,2.90E+08,5.31E+06,3246915,3246915,0,409800
100,2.90E+08,5.31E+06,3246925,3246925,0,413150
100,2.94E+08,5.30E+06,3246935,3246934,0,423000
100,2.97E+08,5.32E+06,3246941,3246939,0,432950
100,2.90E+08,5.31E+06,3246956,3246956,0,413050
100,2.98E+08,5.32E+06,3246982,3246978,0,433150
100,2.90E+08,5.33E+06,3247015,3247015,0,413150
100,2.90E+08,5.30E+06,3247016,3247015,0,409950
100,2.97E+08,5.37E+06,3247041,3247040,0,432950
100,2.93E+08,5.38E+06,3247057,3247055,0,422900
100,2.98E+08,5.30E+06,3247128,3247130,0,433150
100,2.90E+08,5.33E+06,3247130,3247130,0,413150
100,2.93E+08,5.30E+06,3247151,3247151,0,422900
100,2.97E+08,5.30E+06,3247169,3247164,0,429900
100,2.91E+08,5.30E+06,3247170,3247169,0,413250
100,2.93E+08,5.32E+06,3247203,3247203,0,423000
100,2.93E+08,5.32E+06,3247206,3247205,0,422900
100,2.94E+08,5.37E+06,3247232,3247231,0,424050
100,2.90E+08,5.30E+06,3247266,3247266,0,409950
100,2.98E+08,5.45E+06,3247281,3247281,0,433150
100,2.93E+08,5.32E+06,3247285,3247289,0,422900
100,2.93E+08,5.36E+06,3247303,3247304,0,423000
100,2.97E+08,5.30E+06,3247309,3247310,0,432950
100,2.93E+08,5.31E+06,3247321,3247321,0,422900
100,2.93E+08,5.38E+06,3247347,3247347,0,422350
100,2.93E+08,5.33E+06,3247358,3247358,0,422950
100,2.93E+08,5.32E+06,3247379,3247384,0,422950
100,2.93E+08,5.37E+06,3247433,3247430,0,423000
100,2.93E+08,5.32E+06,3247446,3247446,0,422900
100,2.89E+08,5.30E+06,3247456,3247456,0,409000
100,2.90E+08,5.30E+06,3247464,3247465,0,413050
100,2.90E+08,5.30E+06,3247465,3247465,0,409800
100,2.90E+08,5.34E+06,3247487,3247480,0,413150
100,2.97E+08,5.31E+06,3247493,3247493,0,429900
100,2.90E+08,5.33E+06,3247495,3247495,0,413050
100,2.93E+08,5.39E+06,3247515,3247516,0,423000
100,2.95E+08,5.31E+06,3247522,3247522,0,425800
100,2.97E+08,5.34E+06,3247532,3247535,0,429500
100,2.89E+08,5.44E+06,3247534,3247534,0,409000
100,2.90E+08,5.31E+06,3247551,3247551,0,409950
100,2.93E+08,5.37E+06,3247572,3247572,0,421600
100,2.98E+08,5.37E+06,3247575,3247575,0,433150
100,2.91E+08,5.32E+06,3247588,3247588,0,413200
100,2.94E+08,5.39E+06,3247595,3247595,0,423000
100,2.93E+08,5.60E+06,3247613,3247613,0,423000
100,2.90E+08,5.30E+06,3247629,3247630,0,409950
100,2.97E+08,5.30E+06,3247645,3247646,0,432950
100,2.91E+08,5.40E+06,3247665,3247664,0,413200
100,2.89E+08,5.54E+06,3247675,3247674,0,409000
100,2.89E+08,5.30E+06,3247677,3247675,0,409400
100,2.93E+08,5.36E+06,3247700,3247695,0,423000
100,2.90E+08,5.30E+06,3247743,3247744,0,413150
100,2.93E+08,5.31E+06,3247751,3247751,0,423000
100,2.90E+08,5.31E+06,3247756,3247754,0,413050
100,2.90E+08,5.30E+06,3247768,3247768,0,413150
100,2.98E+08,5.54E+06,3247772,3247774,0,433150
100,2.97E+08,5.30E+06,3247784,3247784,0,432950
100,2.90E+08,5.39E+06,3247798,3247796,0,409950
100,2.93E+08,5.33E+06,3247800,3247799,0,422950
100,2.85E+08,5.66E+06,3247805,3247805,0,398150
100,2.93E+08,5.30E+06,3247821,3247821,0,423000
100,2.93E+08,5.33E+06,3247828,3247827,0,423000
100,2.97E+08,5.30E+06,3247849,3247849,0,429900
100,2.93E+08,5.34E+06,3247858,3247858,0,423000
100,2.93E+08,5.36E+06,3247896,3247896,0,422900
100,2.89E+08,5.30E+06,3247899,3247899,0,409000
100,2.91E+08,5.78E+06,3247908,3247907,0,413250
100,2.90E+08,5.30E+06,3247925,3247925,0,413050
100,2.90E+08,5.34E+06,3247942,3247939,0,413150
100,2.91E+08,5.31E+06,3247968,3247967,0,413250
100,2.90E+08,5.33E+06,3247978,3247976,0,410750
100,2.97E+08,5.32E+06,3247992,3247993,0,432950
100,2.93E+08,5.30E+06,3248008,3248008,0,422100
100,2.97E+08,5.36E+06,3248010,3248011,0,429900
100,2.97E+08,5.30E+06,3248032,3248032,0,429900
100,2.93E+08,5.30E+06,3248063,3248061,0,422950
100,2.90E+08,5.38E+06,3248076,3248076,0,409800
100,2.94E+08,5.32E+06,3248076,3248076,0,424050
100,2.98E+08,5.31E+06,3248113,3248113,0,433150
100,2.90E+08,5.37E+06,3248138,3248138,0,410800
100,2.90E+08,5.30E+06,3248179,3248180,0,409950
100,2.85E+08,5.90E+06,3248186,3248183,0,397200
100,2.90E+08,5.30E+06,3248216,3248217,0,409800
100,2.98E+08,5.32E+06,3248227,3248227,0,433150
100,2.90E+08,5.30E+06,3248228,3248230,0,409800
100,2.89E+08,5.31E+06,3248230,3248230,0,409400
100,2.98E+08,5.44E+06,3248231,3248231,0,433150
100,2.98E+08,5.32E+06,3248233,3248233,0,433150
100,2.90E+08,5.30E+06,3248252,3248249,0,409950
100,2.97E+08,5.35E+06,3248269,3248269,0,429500
100,2.93E+08,5.44E+06,3248334,3248334,0,423000
100,2.90E+08,5.44E+06,3248351,3248351,0,409750
100,2.90E+08,5.32E+06,3248371,3248371,0,413150
100,2.93E+08,5.31E+06,3248382,3248382,0,422950
100,2.98E+08,5.33E+06,3248387,3248385,0,433150
100,2.89E+08,5.40E+06,3248406,3248405,0,406800
100,2.93E+08,5.31E+06,3248407,3248407,0,422950
100,2.97E+08,5.35E+06,3248407,3248407,0,432950
100,2.91E+08,5.40E+06,3248408,3248409,0,413200
100,2.93E+08,5.35E+06,3248431,3248429,0,423000
100,2.89E+08,5.33E+06,3248439,3248438,0,409400
100,2.90E+08,5.30E+06,3248448,3248448,0,409800
100,2.90E+08,5.32E+06,3248454,3248452,0,410800
100,2.91E+08,5.30E+06,3248465,3248465,0,413250
100,2.93E+08,5.32E+06,3248471,3248469,0,423000
100,2.94E+08,5.33E+06,3248481,3248481,0,423000
100,2.89E+08,5.37E+06,3248487,3248486,0,409000
100,2.89E+08,5.32E+06,3248514,3248517,0,409000
100,2.90E+08,5.34E+06,3248520,3248520,0,409800
100,2.94E+08,5.30E+06,3248544,3248543,0,423000
100,2.94E+08,5.40E+06,3248552,3248552,0,423000
100,2.90E+08,5.34E+06,3248584,3248580,0,409950
100,2.95E+08,5.31E+06,3248591,3248593,0,424550
100,2.90E+08,5.37E+06,3248637,3248633,0,409800
100,2.93E+08,5.30E+06,3248641,3248642,0,423000
100,2.90E+08,5.33E+06,3248671,3248671,0,409800
100,2.97E+08,5.31E+06,3248680,3248680,0,432950
100,2.90E+08,5.33E+06,3248688,3248685,0,413150
100,2.90E+08,5.33E+06,3248698,3248695,0,409800
100,2.93E+08,5.30E+06,3248725,3248726,0,422100
100,2.90E+08,5.70E+06,3248730,3248730,0,409950
100,2.93E+08,5.33E+06,3248730,3248727,0,422350
100,2.90E+08,5.31E+06,3248746,3248741,0,409800
100,2.90E+08,5.30E+06,3248747,3248746,0,413150
100,2.93E+08,5.32E+06,3248866,3248863,0,422350
100,2.97E+08,5.31E+06,3248867,3248867,0,429900
100,2.93E+08,5.35E+06,3248899,3248899,0,421600
100,2.94E+08,5.42E+06,3248899,3248899,0,423000
100,2.90E+08,5.36E+06,3248924,3248924,0,413050
100,2.90E+08,5.33E+06,3248941,3248939,0,409800
100,2.90E+08,5.30E+06,3248945,3248946,0,409950
100,2.90E+08,5.35E+06,3248955,3248956,0,409750
100,2.90E+08,5.30E+06,3249021,3249021,0,413050
100,2.97E+08,5.37E+06,3249034,3249034,0,432950
100,2.90E+08,5.32E+06,3249071,3249067,0,413050
100,2.97E+08,5.32E+06,3249105,3249105,0,429900
100,2.97E+08,5.48E+06,3249126,3249123,0,432950
100,2.98E+08,5.35E+06,3249152,3249152,0,433150
100,2.93E+08,5.30E+06,3249165,3249165,0,423000
100,2.93E+08,5.30E+06,3249166,3249167,0,422900
100,2.91E+08,5.31E+06,3249189,3249186,0,413200
100,2.90E+08,5.37E+06,3249205,3249204,0,410800
100,2.93E+08,5.31E+06,3249211,3249211,0,423000
100,2.97E+08,5.30E+06,3249215,3249216,0,429900
100,2.93E+08,5.45E+06,3249244,3249239,0,422900
100,2.93E+08,5.32E+06,3249249,3249249,0,422350
100,2.93E+08,5.30E+06,3249299,3249299,0,423000
100,2.89E+08,6.17E+06,3249322,3249322,0,409000
100,2.97E+08,5.39E+06,3249325,3249325,0,432950
100,2.90E+08,5.34E+06,3249353,3249350,0,409950
100,2.94E+08,5.30E+06,3249364,3249362,0,423000
100,2.97E+08,5.30E+06,3249365,3249362,0,432950
100,2.93E+08,5.34E+06,3249368,3249366,0,423000
100,2.90E+08,5.46E+06,3249381,3249381,0,413050
100,2.90E+08,5.31E+06,3249394,3249388,0,409950
100,2.98E+08,5.30E+06,3249420,3249418,0,433150
100,2.91E+08,5.40E+06,3249427,3249427,0,413250
100,2.98E+08,5.31E+06,3249481,3249481,0,433150
100,2.90E+08,5.58E+06,3249516,3249516,0,409950
100,2.93E+08,5.30E+06,3249517,3249519,0,422950
100,2.91E+08,5.30E+06,3249554,3249550,0,413250
100,2.89E+08,5.86E+06,3249563,3249563,0,406800
100,2.93E+08,5.32E+06,3249575,3249575,0,422950
100,2.97E+08,5.32E+06,3249605,3249606,0,429900
100,2.98E+08,5.33E+06,3249608,3249612,0,432950
100,2.93E+08,5.32E+06,3249672,3249672,0,422950
100,2.90E+08,5.31E+06,3249678,3249676,0,413150
100,2.98E+08,5.36E+06,3249678,3249678,0,433150
100,2.95E+08,5.32E+06,3249699,3249697,0,425800
100,2.93E+08,5.41E+06,3249722,3249722,0,423000
100,2.93E+08,5.36E+06,3249733,3249733,0,422350
100,2.89E+08,5.43E+06,3249736,3249735,0,409000
100,2.94E+08,5.30E+06,3249737,3249737,0,423000
100,2.97E+08,5.30E+06,3249745,3249745,0,429500
100,2.93E+08,5.42E+06,3249774,3249774,0,423000
100,2.97E+08,5.30E+06,3249790,3249790,0,429900
100,2.90E+08,5.31E+06,3249798,3249798,0,413150
100,2.90E+08,5.31E+06,3249809,3249809,0,410800
100,2.93E+08,5.38E+06,3249816,3249816,0,422900
100,2.97E+08,5.57E+06,3249821,3249820,0,429900
100,2.93E+08,5.40E+06,3249833,3249833,0,422350
100,2.93E+08,5.30E+06,3249852,3249852,0,422900
100,2.91E+08,5.30E+06,3249868,3249868,0,413250
100,2.94E+08,5.31E+06,3249868,3249865,0,423000
100,2.90E+08,5.31E+06,3249885,3249885,0,413150
100,2.93E+08,5.35E+06,3249890,3249892,0,423000
100,2.93E+08,5.30E+06,3249918,3249917,0,422350
100,2.93E+08,5.35E+06,3249946,3249951,0,422900
100,2.89E+08,5.46E+06,3249950,3249953,0,409150
100,2.91E+08,5.39E+06,3249958,3249958,0,414200
100,2.90E+08,5.32E+06,3249963,3249963,0,413150
100,2.90E+08,5.33E+06,3249976,3249977,0,409950
100,2.90E+08,5.41E+06,3249982,3249981,0,413150
100,2.90E+08,5.30E+06,3250049,3250051,0,409950
100,2.89E+08,5.33E+06,3250091,3250091,0,409400
100,2.90E+08,5.37E+06,3250094,3250092,0,413150
100,2.98E+08,5.31E+06,3250095,3250091,0,433150
100,2.89E+08,5.67E+06,3250120,3250121,0,409400
100,2.98E+08,5.30E+06,3250120,3250121,0,433150
100,2.90E+08,5.30E+06,3250155,3250155,0,409800
100,2.90E+08,5.55E+06,3250163,3250163,0,413050
100,2.90E+08,5.30E+06,3250165,3250164,0,409950
100,2.90E+08,5.31E+06,3250173,3250173,0,409750
100,2.98E+08,5.30E+06,3250184,3250184,0,432950
100,2.98E+08,5.30E+06,3250197,3250198,0,432950
100,2.95E+08,5.31E+06,3250222,3250222,0,425800
100,2.91E+08,5.36E+06,3250228,3250226,0,413950
100,2.89E+08,5.30E+06,3250245,3250245,0,409000
100,2.91E+08,5.37E+06,3250246,3250247,0,414200
100,2.94E+08,5.35E+06,3250268,3250265,0,423000
100,2.91E+08,5.36E+06,3250286,3250284,0,413200
100,2.97E+08,5.32E+06,3250286,3250286,0,432950
100,2.91E+08,5.33E+06,3250304,3250303,0,414200
100,2.93E+08,5.37E+06,3250307,3250305,0,423000
100,2.89E+08,5.50E+06,3250338,3250338,0,409000
100,2.90E+08,5.35E+06,3250344,3250345,0,409800
100,2.97E+08,5.31E+06,3250345,3250343,0,429900
100,2.93E+08,5.31E+06,3250373,3250372,0,423000
100,2.93E+08,5.34E+06,3250377,3250376,0,422350
100,2.91E+08,5.32E+06,3250389,3250388,0,413200
100,2.98E+08,5.30E+06,3250400,3250402,0,433150
100,2.93E+08,5.31E+06,3250434,3250434,0,422900
100,2.93E+08,5.31E+06,3250439,3250439,0,423000
100,2.94E+08,5.42E+06,3250449,3250449,0,424050
100,2.89E+08,5.40E+06,3250450,3250451,0,409000
100,2.93E+08,5.39E+06,3250455,3250456,0,422350
100,2.97E+08,5.36E+06,3250466,3250463,0,429900
100,2.93E+08,5.36E+06,3250476,3250477,0,423000
100,2.97E+08,5.38E+06,3250477,3250477,0,432950
100,2.93E+08,5.30E+06,3250510,3250509,0,423000
100,2.97E+08,5.40E+06,3250522,3250523,0,432950
100,2.93E+08,5.30E+06,3250545,3250546,0,422950
100,2.91E+08,5.31E+06,3250550,3250551,0,413200
100,2.93E+08,5.30E+06,3250567,3250567,0,423000
100,2.98E+08,5.30E+06,3250571,3250568,0,433150
100,2.90E+08,5.31E+06,3250572,3250571,0,409750
100,2.89E+08,5.32E+06,3250590,3250587,0,409400
100,2.90E+08,5.31E+06,3250601,3250601,0,413150
100,2.93E+08,5.32E+06,3250625,3250625,0,423000
100,2.90E+08,5.31E+06,3250639,3250639,0,413050
100,2.90E+08,5.38E+06,3250653,3250653,0,413150
100,2.93E+08,5.30E+06,3250668,3250668,0,422350
100,2.90E+08,5.35E+06,3250683,3250682,0,409800
100,2.91E+08,5.36E+06,3250696,3250694,0,413200
100,2.90E+08,5.31E+06,3250697,3250695,0,409800
100,2.93E+08,5.30E+06,3250740,3250742,0,422950
100,2.93E+08,5.32E+06,3250758,3250758,0,422950
100,2.93E+08,5.30E+06,3250764,3250764,0,422950
100,2.93E+08,5.30E+06,3250804,3250806,0,423000
100,2.89E+08,5.37E+06,3250820,3250820,0,409400
100,2.90E+08,5.30E+06,3250848,3250848,0,409800
100,2.90E+08,5.58E+06,3250854,3250853,0,413050
100,2.90E+08,5.34E+06,3250867,3250867,0,410800
100,2.90E+08,5.31E+06,3250872,3250871,0,409950
100,2.93E+08,5.31E+06,3250901,3250901,0,423000
100,2.91E+08,5.30E+06,3250919,3250921,0,413950
100,2.89E+08,5.33E+06,3250937,3250937,0,409000
100,2.98E+08,5.31E+06,3250937,3250935,0,432950
100,2.94E+08,5.31E+06,3250949,3250949,0,424050
100,2.91E+08,5.33E+06,3250967,3250968,0,413200
100,2.90E+08,5.33E+06,3250975,3250975,0,409800
100,2.93E+08,5.37E+06,3251013,3251013,0,421600
100,2.90E+08,5.31E+06,3251030,3251030,0,409950
100,2.97E+08,5.31E+06,3251048,3251050,0,432950
100,2.93E+08,5.37E+06,3251067,3251067,0,423000
100,2.98E+08,5.32E+06,3251073,3251073,0,433150
100,2.95E+08,5.30E+06,3251093,3251095,0,425800
100,2.90E+08,5.39E+06,3251115,3251112,0,413150
100,2.89E+08,5.51E+06,3251120,3251120,0,409000
100,2.93E+08,5.30E+06,3251147,3251146,0,422900
100,2.89E+08,5.35E+06,3251164,3251162,0,409400
100,2.98E+08,5.30E+06,3251201,3251201,0,433150
100,2.93E+08,5.37E+06,3251204,3251204,0,422950
100,2.93E+08,5.33E+06,3251205,3251206,0,422950
100,2.93E+08,5.37E+06,3251213,3251213,0,422950
100,2.93E+08,5.30E+06,3251237,3251237,0,423000
100,2.93E+08,5.31E+06,3251282,3251282,0,421600
100,2.93E+08,5.31E+06,3251309,3251309,0,422950
100,2.98E+08,5.39E+06,3251313,3251311,0,433150
100,2.90E+08,5.30E+06,3251343,3251343,0,413050
100,2.93E+08,5.31E+06,3251354,3251353,0,422900
100,2.90E+08,5.33E+06,3251398,3251398,0,409800
100,2.90E+08,5.32E+06,3251401,3251401,0,413050
100,2.90E+08,5.31E+06,3251449,3251449,0,413150
100,2.90E+08,5.32E+06,3251477,3251479,0,410800
100,2.89E+08,5.33E+06,3251496,3251495,0,409000
100,2.89E+08,5.54E+06,3251532,3251533,0,409400
100,2.91E+08,5.32E+06,3251536,3251537,0,413250
100,2.95E+08,5.30E+06,3251553,3251552,0,425800
100,2.90E+08,5.34E+06,3251554,3251551,0,413150
100,2.93E+08,5.38E+06,3251554,3251554,0,422100
100,2.93E+08,5.31E+06,3251554,3251554,0,422900
100,2.93E+08,5.30E+06,3251556,3251556,0,422900
100,2.90E+08,5.37E+06,3251593,3251593,0,409800
100,2.89E+08,5.39E+06,3251597,3251597,0,409000
100,2.95E+08,5.30E+06,3251616,3251616,0,425800
100,2.93E+08,5.30E+06,3251617,3251617,0,422950
100,2.91E+08,5.30E+06,3251630,3251630,0,413250
100,2.90E+08,5.30E+06,3251638,3251637,0,413150
100,2.93E+08,5.34E+06,3251643,3251639,0,422900
100,2.93E+08,5.30E+06,3251654,3251654,0,422900
100,2.90E+08,5.32E+06,3251655,3251655,0,413050
100,2.97E+08,5.34E+06,3251656,3251654,0,429900
100,2.85E+08,5.83E+06,3251680,3251680,0,397200
100,2.97E+08,5.31E+06,3251685,3251685,0,432950
100,2.90E+08,5.30E+06,3251689,3251691,0,413150
100,2.91E+08,5.31E+06,3251734,3251730,0,413200
100,2.90E+08,5.31E+06,3251735,3251735,0,409800
100,2.94E+08,5.38E+06,3251741,3251737,0,423000
100,2.98E+08,5.30E+06,3251744,3251743,0,433150
100,2.89E+08,5.38E+06,3251793,3251793,0,409000
100,2.94E+08,5.45E+06,3251801,3251802,0,424050
100,2.90E+08,5.31E+06,3251804,3251804,0,410800
100,2.98E+08,5.30E+06,3251831,3251830,0,432950
100,2.89E+08,5.35E+06,3251850,3251851,0,409000
100,2.94E+08,5.49E+06,3251868,3251868,0,423000
100,2.97E+08,5.39E+06,3251873,3251874,0,432950
100,2.94E+08,5.32E+06,3251906,3251906,0,424050
100,2.97E+08,5.30E+06,3251911,3251911,0,432950
100,2.98E+08,5.35E+06,3251914,3251914,0,433150
100,2.90E+08,5.33E+06,3251917,3251916,0,409950
100,2.97E+08,5.30E+06,3251923,3251926,0,429500
100,2.94E+08,5.37E+06,3251928,3251928,0,423400
100,2.93E+08,5.32E+06,3251962,3251962,0,422950
100,2.93E+08,5.32E+06,3251967,3251970,0,422950
100,2.89E+08,5.54E+06,3251981,3251980,0,409000
100,2.89E+08,5.32E+06,3251983,3251984,0,409000
100,2.97E+08,5.39E+06,3251987,3251987,0,429900
100,2.97E+08,5.36E+06,3251991,3251989,0,432950
100,2.98E+08,5.30E+06,3251995,3251995,0,433150
100,2.89E+08,5.49E+06,3252020,3252024,0,409000
100,2.90E+08,5.30E+06,3252042,3252042,0,413050
100,2.94E+08,5.39E+06,3252043,3252042,0,423000
100,2.94E+08,5.31E+06,3252065,3252066,0,424050
100,2.94E+08,5.43E+06,3252082,3252081,0,423000
100,2.94E+08,5.34E+06,3252082,3252083,0,424050
100,2.89E+08,5.34E+06,3252087,3252087,0,409400
100,2.97E+08,5.77E+06,3252087,3252087,0,429500
100,2.93E+08,5.30E+06,3252095,3252095,0,422350
100,2.89E+08,5.30E+06,3252102,3252102,0,409400
100,2.93E+08,5.33E+06,3252112,3252112,0,422350
100,2.90E+08,5.32E+06,3252122,3252122,0,409750
100,2.98E+08,5.34E+06,3252163,3252163,0,433150
100,2.93E+08,5.31E+06,3252175,3252174,0,422900
100,2.93E+08,5.41E+06,3252198,3252198,0,423000
100,2.90E+08,5.31E+06,3252256,3252260,0,409800
100,2.91E+08,5.34E+06,3252261,3252262,0,414200
100,2.93E+08,5.38E+06,3252294,3252293,0,421650
100,2.90E+08,5.31E+06,3252300,3252303,0,413150
100,2.90E+08,5.31E+06,3252304,3252305,0,409950
100,2.90E+08,5.31E+06,3252312,3252303,0,409800
100,2.90E+08,5.37E+06,3252325,3252325,0,410750
100,2.93E+08,5.32E+06,3252334,3252332,0,422100
100,2.94E+08,5.42E+06,3252343,3252345,0,423000
100,2.89E+08,5.37E+06,3252370,3252370,0,409000
100,2.93E+08,5.32E+06,3252371,3252373,0,422350
100,2.84E+08,5.61E+06,3252388,3252388,0,395100
100,2.89E+08,5.58E+06,3252388,3252389,0,409000
100,2.89E+08,5.45E+06,3252401,3252400,0,408650
100,2.93E+08,5.31E+06,3252419,3252420,0,422100
100,2.91E+08,5.33E+06,3252433,3252433,0,413200
100,2.90E+08,5.39E+06,3252436,3252436,0,409800
100,2.90E+08,5.31E+06,3252448,3252448,0,413150
100,2.90E+08,5.32E+06,3252463,3252465,0,413150
100,2.89E+08,5.37E+06,3252480,3252483,0,409000
100,2.93E+08,5.31E+06,3252484,3252485,0,422950
100,2.85E+08,6.18E+06,3252493,3252492,0,397200
100,2.90E+08,5.34E+06,3252525,3252527,0,409800
100,2.93E+08,5.35E+06,3252566,3252563,0,421600
100,2.97E+08,5.32E+06,3252570,3252570,0,429900
100,2.97E+08,5.34E+06,3252606,3252606,0,432950
100,2.97E+08,5.54E+06,3252622,3252626,0,432950
100,2.94E+08,5.32E+06,3252625,3252628,0,423000
100,2.98E+08,5.34E+06,3252628,3252630,0,432950
100,2.97E+08,5.34E+06,3252641,3252641,0,429900
100,2.98E+08,5.43E+06,3252647,3252648,0,433150
100,2.93E+08,5.30E+06,3252656,3252656,0,422900
100,2.90E+08,5.31E+06,3252665,3252665,0,409750
100,2.91E+08,5.35E+06,3252686,3252686,0,413200
100,2.91E+08,5.34E+06,3252703,3252702,0,413200
100,2.90E+08,5.40E+06,3252727,3252727,0,409950
100,2.94E+08,5.35E+06,3252758,3252758,0,424050
100,2.91E+08,5.35E+06,3252763,3252761,0,413250
100,2.91E+08,5.30E+06,3252776,3252776,0,413250
100,2.90E+08,5.30E+06,3252779,3252779,0,409750
100,2.97E+08,5.30E+06,3252780,3252779,0,432950
100,2.97E+08,5.42E+06,3252791,3252793,0,432950
100,2.97E+08,5.36E+06,3252799,3252798,0,429500
100,2.90E+08,5.35E+06,3252833,3252833,0,409750
100,2.90E+08,5.30E+06,3252834,3252836,0,409950
100,2.97E+08,5.34E+06,3252838,3252835,0,432950
100,2.90E+08,5.30E+06,3252841,3252842,0,413150
100,2.90E+08,5.35E+06,3252846,3252846,0,409950
100,2.94E+08,5.36E+06,3252847,3252847,0,423000
100,2.90E+08,5.31E+06,3252861,3252859,0,413050
100,2.97E+08,5.30E+06,3252876,3252876,0,429900
100,2.93E+08,5.32E+06,3252892,3252893,0,422900
100,2.93E+08,5.31E+06,3252917,3252921,0,422950
100,2.97E+08,5.34E+06,3252959,3252962,0,429900
100,2.97E+08,5.30E+06,3252972,3252973,0,429900
100,2.90E+08,5.30E+06,3252985,3252985,0,409750
100,2.90E+08,5.46E+06,3253012,3253012,0,413050
100,2.93E+08,5.30E+06,3253037,3253037,0,422600
100,2.94E+08,5.47E+06,3253067,3253063,0,423000
100,2.93E+08,5.33E+06,3253087,3253088,0,422100
100,2.95E+08,5.32E+06,3253087,3253090,0,425800
100,2.93E+08,5.55E+06,3253096,3253096,0,422950
100,2.89E+08,5.32E+06,3253097,3253096,0,409000
100,2.97E+08,5.32E+06,3253100,3253096,0,432950
100,2.90E+08,5.31E+06,3253113,3253113,0,409950
100,2.90E+08,5.31E+06,3253117,3253117,0,409950
100,2.97E+08,5.33E+06,3253120,3253122,0,432950
100,2.90E+08,5.44E+06,3253144,3253146,0,409950
100,2.93E+08,5.31E+06,3253147,3253144,0,422100
100,2.90E+08,5.33E+06,3253159,3253155,0,413050
100,2.94E+08,5.30E+06,3253174,3253174,0,424050
100,2.98E+08,5.30E+06,3253209,3253212,0,433150
100,2.91E+08,5.35E+06,3253224,3253224,0,413200
100,2.97E+08,5.30E+06,3253252,3253246,0,429900
100,2.90E+08,5.33E+06,3253257,3253260,0,409800
100,2.90E+08,5.30E+06,3253275,3253275,0,410800
100,2.91E+08,5.32E+06,3253279,3253278,0,413200
100,2.98E+08,5.32E+06,3253281,3253280,0,433150
100,2.91E+08,5.32E+06,3253285,3253287,0,413250
100,2.93E+08,5.33E+06,3253285,3253285,0,422900
100,2.94E+08,5.30E+06,3253292,3253293,0,423000
100,2.94E+08,5.30E+06,3253302,3253303,0,423000
100,2.97E+08,5.34E+06,3253304,3253304,0,432950
100,2.89E+08,5.38E+06,3253306,3253304,0,409400
100,2.94E+08,5.41E+06,3253309,3253309,0,423000
100,2.93E+08,5.31E+06,3253317,3253318,0,423000
100,2.93E+08,5.30E+06,3253320,3253320,0,422900
100,2.97E+08,5.30E+06,3253330,3253330,0,432950
100,2.90E+08,5.30E+06,3253335,3253332,0,413150
100,2.98E+08,5.30E+06,3253341,3253343,0,432950
100,2.90E+08,5.30E+06,3253344,3253344,0,413150
100,2.97E+08,5.30E+06,3253346,3253346,0,429500
100,2.97E+08,5.50E+06,3253359,3253358,0,432950
100,2.93E+08,5.35E+06,3253383,3253383,0,423000
100,2.90E+08,5.33E+06,3253411,3253411,0,409800
100,2.90E+08,5.36E+06,3253412,3253412,0,409800
100,2.91E+08,5.30E+06,3253430,3253430,0,413200
100,2.85E+08,5.87E+06,3253455,3253455,0,397200
100,2.97E+08,5.40E+06,3253455,3253455,0,429900
100,2.90E+08,5.30E+06,3253457,3253459,0,410800
100,2.90E+08,5.36E+06,3253490,3253493,0,409750
100,2.93E+08,5.32E+06,3253507,3253507,0,422950
100,2.97E+08,5.30E+06,3253526,3253530,0,429500
100,2.90E+08,5.32E+06,3253530,3253531,0,409950
100,2.93E+08,5.30E+06,3253551,3253551,0,422900
100,2.97E+08,5.36E+06,3253577,3253578,0,429900
100,2.97E+08,5.33E+06,3253593,3253594,0,432950
100,2.97E+08,5.31E+06,3253605,3253605,0,429500
100,2.97E+08,5.71E+06,3253615,3253611,0,432950
100,2.90E+08,5.35E+06,3253625,3253624,0,410800
100,2.93E+08,5.41E+06,3253625,3253625,0,422950
100,2.90E+08,5.30E+06,3253628,3253628,0,413150
100,2.97E+08,5.52E+06,3253630,3253633,0,432950
100,2.93E+08,5.35E+06,3253650,3253649,0,422900
100,2.98E+08,5.30E+06,3253653,3253653,0,433150
100,2.98E+08,5.31E+06,3253657,3253657,0,433150
100,2.93E+08,5.30E+06,3253677,3253676,0,423000
100,2.93E+08,5.31E+06,3253679,3253679,0,423000
100,2.97E+08,5.36E+06,3253691,3253692,0,432950
100,2.97E+08,5.66E+06,3253722,3253722,0,429900
100,2.93E+08,5.34E+06,3253735,3253735,0,422900
100,2.97E+08,5.30E+06,3253740,3253740,0,432950
100,2.93E+08,5.41E+06,3253743,3253743,0,422950
100,2.91E+08,5.31E+06,3253748,3253745,0,413250
100,2.93E+08,5.30E+06,3253777,3253777,0,423000
100,2.94E+08,5.35E+06,3253780,3253778,0,423000
100,2.90E+08,5.33E+06,3253787,3253787,0,413150
100,2.97E+08,5.34E+06,3253821,3253821,0,432950
100,2.90E+08,5.30E+06,3253839,3253839,0,409950
100,2.90E+08,5.30E+06,3253843,3253845,0,409950
100,2.90E+08,5.37E+06,3253846,3253846,0,409750
100,2.90E+08,5.32E+06,3253864,3253864,0,413150
100,2.90E+08,5.33E+06,3253866,3253865,0,409950
100,2.89E+08,5.33E+06,3253867,3253867,0,409000
100,2.97E+08,5.30E+06,3253872,3253877,0,432950
100,2.97E+08,5.30E+06,3253912,3253911,0,432950
100,2.97E+08,5.34E+06,3253927,3253927,0,429900
100,2.97E+08,5.38E+06,3253936,3253936,0,432950
100,2.90E+08,5.33E+06,3253938,3253938,0,413050
100,2.91E+08,5.34E+06,3253938,3253937,0,413250
100,2.89E+08,5.37E+06,3253943,3253942,0,409150
100,2.93E+08,5.30E+06,3253953,3253951,0,423000
100,2.89E+08,5.30E+06,3253964,3253964,0,409400
100,2.97E+08,5.37E+06,3253975,3253966,0,429500
100,2.94E+08,5.32E+06,3253978,3253977,0,424050
100,2.90E+08,5.31E+06,3253988,3253988,0,413150
100,2.95E+08,5.32E+06,3254014,3254013,0,424550
100,2.93E+08,5.41E+06,3254020,3254021,0,422950
100,2.93E+08,5.35E+06,3254038,3254038,0,423000
100,2.90E+08,5.33E+06,3254071,3254070,0,409950
100,2.90E+08,5.30E+06,3254082,3254083,0,409950
100,2.89E+08,5.51E+06,3254098,3254097,0,409000
100,2.98E+08,5.36E+06,3254098,3254098,0,433150
100,2.90E+08,5.30E+06,3254109,3254109,0,409800
100,2.94E+08,5.35E+06,3254114,3254114,0,423000
100,2.98E+08,5.32E+06,3254114,3254114,0,433150
100,2.93E+08,5.54E+06,3254128,3254128,0,422900
100,2.90E+08,5.30E+06,3254144,3254144,0,409950
100,2.87E+08,5.48E+06,3254157,3254157,0,401250
100,2.91E+08,5.34E+06,3254170,3254165,0,413250
100,2.90E+08,5.33E+06,3254175,3254172,0,409750
100,2.98E+08,5.35E+06,3254239,3254239,0,433150
100,2.90E+08,5.36E+06,3254283,3254283,0,413150
100,2.93E+08,5.30E+06,3254296,3254301,0,423000
100,2.97E+08,5.30E+06,3254302,3254302,0,432950
100,2.93E+08,5.41E+06,3254305,3254303,0,422900
100,2.97E+08,5.31E+06,3254411,3254412,0,429900
100,2.90E+08,5.35E+06,3254427,3254427,0,409800
100,2.97E+08,5.30E+06,3254427,3254430,0,429900
100,2.97E+08,5.30E+06,3254439,3254439,0,432950
100,2.90E+08,5.30E+06,3254459,3254459,0,409950
100,2.97E+08,5.31E+06,3254463,3254460,0,432950
100,2.98E+08,5.31E+06,3254464,3254464,0,433150
100,2.91E+08,5.44E+06,3254498,3254496,0,413250
100,2.97E+08,5.34E+06,3254501,3254501,0,429900
100,2.94E+08,5.38E+06,3254535,3254535,0,424050
100,2.93E+08,5.32E+06,3254549,3254549,0,423000
100,2.93E+08,5.31E+06,3254575,3254575,0,423000
100,2.89E+08,5.57E+06,3254607,3254607,0,409000
100,2.93E+08,5.37E+06,3254610,3254609,0,423000
100,2.90E+08,5.31E+06,3254614,3254614,0,413050
100,2.89E+08,5.34E+06,3254619,3254618,0,409000
100,2.90E+08,5.35E+06,3254631,3254631,0,409800
100,2.93E+08,5.30E+06,3254641,3254641,0,422350
100,2.90E+08,5.32E+06,3254642,3254642,0,413150
100,2.90E+08,5.33E+06,3254652,3254652,0,409950
100,2.94E+08,5.33E+06,3254652,3254652,0,423000
100,2.94E+08,5.32E+06,3254655,3254655,0,423400
100,2.91E+08,5.34E+06,3254695,3254696,0,413200
100,2.93E+08,5.30E+06,3254738,3254739,0,423000
100,2.93E+08,5.31E+06,3254793,3254793,0,422600
100,2.97E+08,5.37E+06,3254797,3254797,0,429900
100,2.98E+08,5.34E+06,3254833,3254834,0,433150
100,2.89E+08,5.35E+06,3254840,3254833,0,409000
100,2.90E+08,5.30E+06,3254848,3254841,0,409950
100,2.91E+08,5.36E+06,3254894,3254893,0,414200
100,2.90E+08,5.41E+06,3254899,3254900,0,413050
100,2.90E+08,5.30E+06,3254902,3254902,0,409950
100,2.89E+08,5.30E+06,3254911,3254911,0,409400
100,2.90E+08,5.31E+06,3254912,3254912,0,409750
100,2.93E+08,5.37E+06,3254912,3254912,0,422900
100,2.93E+08,5.30E+06,3254929,3254928,0,422900
100,2.90E+08,5.36E+06,3254971,3254971,0,409950
100,2.93E+08,5.84E+06,3254997,3254997,0,423000
100,2.85E+08,6.08E+06,3255014,3255014,0,397200
100,2.89E+08,5.39E+06,3255041,3255041,0,409000
100,2.97E+08,5.35E+06,3255047,3255048,0,429900
100,2.79E+08,5.62E+06,3255075,3255076,0,378600
100,2.89E+08,5.30E+06,3255086,3255086,0,409400
100,2.94E+08,5.43E+06,3255097,3255096,0,423000
100,2.90E+08,5.48E+06,3255114,3255114,0,413050
100,2.90E+08,5.31E+06,3255115,3255115,0,413050
100,2.90E+08,5.30E+06,3255119,3255117,0,409950
100,2.93E+08,5.30E+06,3255123,3255123,0,423000
100,2.90E+08,5.31E+06,3255126,3255126,0,413150
100,2.93E+08,5.30E+06,3255135,3255136,0,423000
100,2.90E+08,5.34E+06,3255181,3255182,0,413150
100,2.93E+08,5.31E+06,3255184,3255182,0,422900
100,2.89E+08,5.36E+06,3255200,3255199,0,409400
100,2.90E+08,5.31E+06,3255200,3255200,0,409950
100,2.90E+08,5.30E+06,3255204,3255204,0,413150
100,2.93E+08,5.40E+06,3255205,3255202,0,422950
100,2.94E+08,5.35E+06,3255212,3255209,0,423000
100,2.93E+08,5.33E+06,3255222,3254906,0,422350
100,2.87E+08,5.73E+06,3255231,3255230,0,401250
100,2.93E+08,5.33E+06,3255236,3255235,0,422950
100,2.90E+08,5.51E+06,3255280,3255278,0,409950
100,2.94E+08,5.31E+06,3255299,3255299,0,423000
100,2.97E+08,5.30E+06,3255311,3255314,0,429900
100,2.89E+08,5.39E+06,3255320,3255320,0,406800
100,2.94E+08,5.42E+06,3255325,3255325,0,424050
100,2.98E+08,5.35E+06,3255338,3255338,0,432950
100,2.90E+08,5.37E+06,3255354,3255350,0,410800
100,2.94E+08,5.31E+06,3255392,3255392,0,423000
100,2.98E+08,5.38E+06,3255399,3255399,0,433150
100,2.93E+08,5.39E+06,3255405,3255403,0,422900
100,2.94E+08,5.35E+06,3255427,3255427,0,423000
100,2.90E+08,5.30E+06,3255445,3255443,0,409750
100,2.93E+08,5.30E+06,3255496,3255497,0,422100
100,2.90E+08,5.30E+06,3255498,3255495,0,413150
100,2.94E+08,5.38E+06,3255538,3255538,0,423000
100,2.90E+08,5.32E+06,3255540,3255539,0,413050
100,2.90E+08,5.30E+06,3255547,3255547,0,409950
100,2.90E+08,5.31E+06,3255550,3255552,0,413150
100,2.93E+08,5.30E+06,3255560,3255560,0,423000
100,2.93E+08,5.32E+06,3255575,3255575,0,422950
100,2.91E+08,5.31E+06,3255578,3255578,0,414200
100,2.90E+08,5.43E+06,3255590,3255588,0,413050
100,2.97E+08,5.31E+06,3255594,3255594,0,432950
100,2.95E+08,5.39E+06,3255610,3255610,0,425800
100,2.98E+08,5.30E+06,3255615,3255615,0,433150
100,2.93E+08,5.37E+06,3255636,3255636,0,423000
100,2.91E+08,5.30E+06,3255646,3255645,0,413250
100,2.90E+08,5.32E+06,3255691,3255691,0,409800
100,2.87E+08,5.52E+06,3255702,3255700,0,401250
100,2.93E+08,5.31E+06,3255706,3255707,0,421600
100,2.98E+08,5.36E+06,3255729,3255728,0,432950
100,2.94E+08,5.30E+06,3255744,3255744,0,424050
100,2.94E+08,5.31E+06,3255767,3255766,0,423000
100,2.93E+08,5.38E+06,3255771,3255771,0,422950
100,2.90E+08,5.31E+06,3255797,3255797,0,409800
100,2.97E+08,5.30E+06,3255803,3255802,0,432950
100,2.97E+08,5.48E+06,3255818,3255813,0,432950
100,2.93E+08,5.30E+06,3255828,3255832,0,422950
100,2.93E+08,5.30E+06,3255835,3255832,0,422100
100,2.94E+08,5.55E+06,3255844,3255846,0,423000
100,2.93E+08,5.57E+06,3255862,3255862,0,423000
100,2.94E+08,5.34E+06,3255883,3255883,0,423000
100,2.90E+08,5.48E+06,3255884,3255889,0,413150
100,2.90E+08,5.38E+06,3255890,3255891,0,413050
100,2.93E+08,5.32E+06,3255937,3255938,0,423000
100,2.98E+08,5.37E+06,3255948,3255948,0,433150
100,2.90E+08,5.37E+06,3255965,3255966,0,409800
100,2.90E+08,5.30E+06,3255972,3255972,0,409800
100,2.90E+08,5.41E+06,3255974,3255973,0,409950
100,2.97E+08,5.34E+06,3255979,3255981,0,429900
100,2.93E+08,5.35E+06,3255990,3255990,0,423000
100,2.89E+08,5.67E+06,3256021,3256021,0,409000
100,2.87E+08,5.33E+06,3256028,3256028,0,401250
100,2.97E+08,5.33E+06,3256036,3256036,0,432950
100,2.98E+08,5.55E+06,3256043,3256043,0,433150
100,2.93E+08,5.31E+06,3256050,3256050,0,422900
100,2.98E+08,5.30E+06,3256068,3256069,0,433150
100,2.93E+08,5.40E+06,3256083,3256082,0,422950
100,2.93E+08,5.30E+06,3256093,3256094,0,422600
100,2.90E+08,5.33E+06,3256094,3256092,0,413150
100,2.98E+08,5.30E+06,3256097,3256099,0,433150
100,2.93E+08,5.47E+06,3256108,3256106,0,422950
100,2.97E+08,5.31E+06,3256118,3256118,0,432950
100,2.90E+08,5.32E+06,3256122,3256122,0,409950
100,2.93E+08,5.32E+06,3256129,3256129,0,422900
100,2.89E+08,5.30E+06,3256132,3256133,0,409000
100,2.90E+08,5.30E+06,3256143,3256140,0,413150
100,2.90E+08,5.35E+06,3256155,3256149,0,413050
100,2.90E+08,5.37E+06,3256161,3256163,0,410800
100,2.97E+08,5.30E+06,3256199,3256198,0,429900
100,2.95E+08,5.33E+06,3256206,3256208,0,425800
100,2.90E+08,5.39E+06,3256215,3256216,0,410800
100,2.98E+08,5.30E+06,3256218,3256216,0,432950
100,2.93E+08,5.41E+06,3256221,3256221,0,422350
100,2.98E+08,5.36E+06,3256221,3256222,0,433150
100,2.93E+08,5.33E+06,3256230,3256232,0,422100
100,2.97E+08,5.37E+06,3256253,3256253,0,432950
100,2.84E+08,5.88E+06,3256260,3256254,0,394900
100,2.91E+08,5.35E+06,3256291,3256291,0,413150
100,2.90E+08,5.30E+06,3256314,3256312,0,409950
100,2.90E+08,5.30E+06,3256314,3256316,0,410800
100,2.90E+08,5.30E+06,3256329,3256329,0,413150
100,2.97E+08,5.38E+06,3256331,3256331,0,429500
100,2.97E+08,5.31E+06,3256345,3256345,0,432950
100,2.89E+08,5.50E+06,3256354,3256354,0,409400
100,2.93E+08,5.36E+06,3256374,3256376,0,423000
100,2.90E+08,5.33E+06,3256403,3256403,0,413050
100,2.90E+08,5.30E+06,3256411,3256409,0,409800
100,2.89E+08,5.70E+06,3256418,3256418,0,409000
100,2.90E+08,5.36E+06,3256418,3256418,0,413050
100,2.90E+08,5.38E+06,3256425,3256424,0,409750
100,2.90E+08,5.33E+06,3256434,3256434,0,413150
100,2.90E+08,5.32E+06,3256444,3256444,0,413050
100,2.90E+08,5.30E+06,3256446,3256446,0,413150
100,2.91E+08,5.33E+06,3256446,3256447,0,413250
100,2.93E+08,5.32E+06,3256454,3256456,0,422950
100,2.90E+08,5.30E+06,3256458,3256460,0,409800
100,2.97E+08,5.30E+06,3256477,3256475,0,429900
100,2.93E+08,5.30E+06,3256487,3256484,0,422950
100,2.93E+08,5.31E+06,3256490,3256490,0,422950
100,2.93E+08,5.34E+06,3256516,3256510,0,422900
100,2.93E+08,5.30E+06,3256519,3256519,0,422900
100,2.93E+08,5.30E+06,3256522,3256522,0,423000
100,2.98E+08,5.32E+06,3256535,3256536,0,432950
100,2.90E+08,5.49E+06,3256558,3256557,0,409750
100,2.94E+08,5.35E+06,3256578,3256578,0,423000
100,2.94E+08,5.38E+06,3256605,3256601,0,423000
100,2.89E+08,5.37E+06,3256623,3256623,0,409000
100,2.89E+08,5.48E+06,3256629,3256628,0,409000
100,2.90E+08,5.46E+06,3256631,3256631,0,413050
100,2.93E+08,5.30E+06,3256646,3256643,0,422900
100,2.89E+08,5.31E+06,3256667,3256667,0,409000
100,2.94E+08,5.36E+06,3256673,3256672,0,423000
100,2.90E+08,5.30E+06,3256690,3256689,0,409800
100,2.93E+08,5.33E+06,3256695,3256696,0,423000
100,2.91E+08,5.31E+06,3256700,3256698,0,414200
100,2.90E+08,5.31E+06,3256713,3256715,0,409800
100,2.93E+08,5.30E+06,3256736,3256737,0,423000
100,2.93E+08,5.33E+06,3256750,3256750,0,422350
100,2.91E+08,5.35E+06,3256751,3256751,0,413200
100,2.94E+08,5.35E+06,3256760,3256765,0,423000
100,2.98E+08,5.33E+06,3256762,3256767,0,432950
100,2.97E+08,5.36E+06,3256774,3256774,0,432950
100,2.93E+08,5.31E+06,3256776,3256777,0,423000
100,2.94E+08,5.32E+06,3256794,3256791,0,423400
100,2.93E+08,5.31E+06,3256837,3256837,0,422900
100,2.90E+08,5.32E+06,3256849,3256849,0,413150
100,2.93E+08,5.38E+06,3256852,3256853,0,422900
100,2.90E+08,5.30E+06,3256860,3256860,0,409950
100,2.97E+08,5.35E+06,3256878,3256878,0,429900
100,2.93E+08,5.33E+06,3256887,3256887,0,422100
100,2.90E+08,5.30E+06,3256929,3256929,0,409950
100,2.93E+08,5.30E+06,3256937,3256937,0,423000
100,2.97E+08,5.38E+06,3256947,3256947,0,429900
100,2.91E+08,5.30E+06,3256949,3256949,0,413950
100,2.93E+08,5.31E+06,3256951,3256954,0,422350
100,2.93E+08,5.31E+06,3256960,3256960,0,423000
100,2.97E+08,5.32E+06,3256972,3256972,0,432950
100,2.97E+08,5.32E+06,3256979,3256982,0,429900
100,2.90E+08,5.36E+06,3256982,3256980,0,410750
100,2.93E+08,5.38E+06,3256995,3256995,0,423000
100,2.94E+08,5.30E+06,3257023,3257024,0,424050
100,2.90E+08,5.31E+06,3257039,3257039,0,409800
100,2.90E+08,5.30E+06,3257039,3257039,0,409950
100,2.97E+08,5.35E+06,3257047,3257041,0,432950
100,2.94E+08,5.72E+06,3257058,3257058,0,423000
100,2.93E+08,5.44E+06,3257072,3257072,0,422900
100,2.93E+08,5.30E+06,3257106,3257105,0,423000
100,2.90E+08,5.32E+06,3257139,3257139,0,410800
100,2.93E+08,5.30E+06,3257153,3257153,0,422950
100,2.90E+08,5.38E+06,3257171,3257171,0,409950
100,2.93E+08,5.35E+06,3257185,3257184,0,422950
100,2.93E+08,5.38E+06,3257186,3257186,0,423000
100,2.97E+08,5.40E+06,3257194,3257189,0,432950
100,2.90E+08,5.30E+06,3257198,3257198,0,413050
100,2.98E+08,5.32E+06,3257200,3257201,0,432950
100,2.91E+08,5.30E+06,3257240,3257240,0,413200
100,2.90E+08,5.36E+06,3257252,3257252,0,410800
100,2.90E+08,5.41E+06,3257287,3257285,0,413050
100,2.93E+08,5.31E+06,3257294,3257297,0,422350
100,2.93E+08,5.50E+06,3257300,3257301,0,423000
100,2.90E+08,5.31E+06,3257313,3257313,0,413050
100,2.93E+08,5.30E+06,3257349,3257350,0,422350
100,2.95E+08,5.32E+06,3257355,3257355,0,425800
100,2.90E+08,5.35E+06,3257360,3257360,0,413150
100,2.90E+08,5.32E+06,3257368,3257367,0,413150
100,2.93E+08,5.31E+06,3257376,3257376,0,422900
100,2.90E+08,5.31E+06,3257395,3257395,0,413150
100,2.98E+08,5.32E+06,3257396,3257396,0,433150
100,2.93E+08,5.37E+06,3257407,3257407,0,422100
100,2.90E+08,5.38E+06,3257409,3257408,0,413050
100,2.90E+08,5.37E+06,3257429,3257429,0,409800
100,2.97E+08,5.31E+06,3257439,3257437,0,432950
100,2.90E+08,5.38E+06,3257474,3257467,0,410800
100,2.93E+08,5.30E+06,3257480,3257480,0,423000
100,2.90E+08,5.30E+06,3257500,3257500,0,413150
100,2.93E+08,5.36E+06,3257515,3257512,0,422900
100,2.95E+08,5.33E+06,3257563,3257562,0,424550
100,2.93E+08,5.41E+06,3257571,3257570,0,422950
100,2.93E+08,5.34E+06,3257578,3257579,0,422600
100,2.97E+08,5.39E+06,3257602,3257601,0,432950
100,2.90E+08,5.30E+06,3257604,3257604,0,413150
100,2.91E+08,5.39E+06,3257609,3257610,0,413200
100,2.93E+08,5.33E+06,3257611,3257611,0,422900
100,2.94E+08,5.47E+06,3257620,3257620,0,423000
100,2.98E+08,5.36E+06,3257634,3257636,0,433150
100,2.90E+08,5.35E+06,3257635,3257636,0,410800
100,2.91E+08,5.32E+06,3257649,3257648,0,413200
100,2.98E+08,5.30E+06,3257687,3257685,0,432950
100,2.91E+08,5.36E+06,3257717,3257715,0,413250
100,2.90E+08,5.31E+06,3257753,3257753,0,413050
100,2.97E+08,5.45E+06,3257761,3257761,0,429500
100,2.93E+08,5.35E+06,3257763,3257763,0,423000
100,2.93E+08,5.32E+06,3257766,3257771,0,423000
100,2.90E+08,5.34E+06,3257767,3257767,0,413050
100,2.93E+08,5.30E+06,3257770,3257770,0,422100
100,2.90E+08,5.34E+06,3257782,3257782,0,409950
100,2.91E+08,5.30E+06,3257788,3257786,0,413250
100,2.98E+08,5.54E+06,3257792,3257792,0,433150
100,2.98E+08,5.35E+06,3257798,3257798,0,432950
100,2.93E+08,5.43E+06,3257834,3257834,0,422900
100,2.90E+08,5.59E+06,3257859,3257859,0,413050
100,2.91E+08,5.33E+06,3257861,3257862,0,413200
100,2.89E+08,5.30E+06,3257889,3257889,0,409400
100,2.93E+08,5.33E+06,3257910,3257910,0,422950
100,2.91E+08,5.30E+06,3257921,3257921,0,413200
100,2.89E+08,5.34E+06,3257934,3257935,0,409000
100,2.93E+08,5.34E+06,3257934,3257934,0,422350
100,2.97E+08,5.31E+06,3257962,3257957,0,432950
100,2.98E+08,5.30E+06,3257973,3257972,0,433150
100,2.93E+08,5.34E+06,3257984,3257984,0,422900
100,2.94E+08,5.30E+06,3257984,3257984,0,424050
100,2.90E+08,5.32E+06,3257987,3257987,0,409750
100,2.96E+08,5.39E+06,3257991,3257991,0,429300
100,2.93E+08,5.30E+06,3257993,3257993,0,422350
100,2.98E+08,5.92E+06,3257994,3257990,0,433150
100,2.89E+08,5.37E+06,3258016,3258016,0,409000
100,2.93E+08,5.31E+06,3258026,3258027,0,422900
100,2.90E+08,5.33E+06,3258038,3258037,0,409950
100,2.94E+08,5.30E+06,3258050,3258052,0,423000
100,2.97E+08,5.32E+06,3258061,3258060,0,432950
100,2.93E+08,5.30E+06,3258071,3258073,0,422900
100,2.90E+08,5.34E+06,3258081,3258082,0,413150
100,2.90E+08,5.35E+06,3258085,3258084,0,413150
100,2.98E+08,5.30E+06,3258090,3258090,0,432950
100,2.93E+08,5.50E+06,3258099,3258099,0,422600
100,2.90E+08,5.30E+06,3258103,3258099,0,413050
100,2.91E+08,5.36E+06,3258135,3258135,0,413200
100,2.89E+08,5.69E+06,3258140,3258140,0,409400
100,2.93E+08,5.38E+06,3258151,3258150,0,423000
100,2.93E+08,5.30E+06,3258181,3258183,0,423000
100,2.90E+08,5.31E+06,3258190,3258189,0,409950
100,2.90E+08,5.38E+06,3258206,3258206,0,410800
100,2.90E+08,5.38E+06,3258209,3258209,0,409950
100,2.98E+08,5.34E+06,3258211,3258211,0,433150
100,2.97E+08,5.36E+06,3258216,3258220,0,432950
100,2.89E+08,5.44E+06,3258225,3258222,0,409150
100,2.95E+08,5.36E+06,3258228,3258228,0,425800
100,2.89E+08,5.55E+06,3258242,3258241,0,409150
100,2.93E+08,5.31E+06,3258265,3258266,0,423000
100,2.93E+08,5.35E+06,3258273,3258273,0,421600
100,2.90E+08,5.30E+06,3258283,3258285,0,409950
100,2.90E+08,5.30E+06,3258284,3258285,0,413150
100,2.90E+08,5.34E+06,3258288,3257191,0,409950
100,2.90E+08,5.33E+06,3258322,3258322,0,409800
100,2.97E+08,5.32E+06,3258348,3258350,0,429500
100,2.94E+08,5.30E+06,3258366,3258366,0,424050
100,2.90E+08,5.30E+06,3258367,3258364,0,409950
100,2.97E+08,5.30E+06,3258369,3258370,0,429900
100,2.90E+08,5.30E+06,3258374,3258373,0,409950
100,2.89E+08,5.30E+06,3258381,3258382,0,409400
100,2.93E+08,5.30E+06,3258383,3258379,0,423000
100,2.90E+08,5.33E+06,3258392,3258392,0,409800
100,2.90E+08,5.30E+06,3258407,3258408,0,413150
100,2.93E+08,5.33E+06,3258427,3258429,0,422900
100,2.94E+08,5.30E+06,3258433,3258435,0,423000
100,2.90E+08,5.30E+06,3258462,3258464,0,413050
100,2.89E+08,5.37E+06,3258471,3258469,0,409000
100,2.97E+08,5.30E+06,3258484,3258484,0,432950
100,2.97E+08,5.30E+06,3258497,3258497,0,432950
100,2.97E+08,5.30E+06,3258501,3258500,0,432950
100,2.90E+08,5.33E+06,3258513,3258514,0,413050
100,2.93E+08,5.34E+06,3258513,3258513,0,423000
100,2.98E+08,5.31E+06,3258519,3258518,0,433150
100,2.90E+08,5.30E+06,3258592,3258592,0,413050
100,2.93E+08,6.02E+06,3258592,3258592,0,422100
100,2.91E+08,5.34E+06,3258619,3258618,0,413250
100,2.93E+08,5.38E+06,3258634,3258632,0,422950
100,2.90E+08,5.40E+06,3258637,3258634,0,413050
100,2.90E+08,5.35E+06,3258640,3258639,0,409950
100,2.85E+08,5.81E+06,3258672,3258672,0,398150
100,2.98E+08,5.32E+06,3258674,3258675,0,433150
100,2.90E+08,5.48E+06,3258700,3258698,0,413150
100,2.93E+08,5.34E+06,3258704,3258704,0,423000
100,2.91E+08,5.30E+06,3258725,3258718,0,413200
100,2.89E+08,5.46E+06,3258731,3258733,0,409000
100,2.94E+08,5.50E+06,3258738,3258738,0,424050
100,2.90E+08,5.31E+06,3258740,3258740,0,409800
100,2.95E+08,5.30E+06,3258743,3258743,0,424550
100,2.93E+08,5.30E+06,3258749,3258749,0,422900
100,2.93E+08,5.32E+06,3258755,3258754,0,423000
100,2.97E+08,5.33E+06,3258772,3258769,0,429900
100,2.97E+08,5.33E+06,3258787,3258781,0,432950
100,2.90E+08,5.30E+06,3258800,3258801,0,413050
100,2.97E+08,5.30E+06,3258809,3258809,0,429500
100,2.95E+08,5.39E+06,3258841,3258843,0,425800
100,2.94E+08,5.33E+06,3258845,3258845,0,424050
100,2.93E+08,5.30E+06,3258859,3258858,0,423000
100,2.97E+08,5.30E+06,3258866,3258865,0,429900
100,2.93E+08,5.31E+06,3258904,3258904,0,422950
100,2.91E+08,5.30E+06,3258922,3258922,0,414200
100,2.97E+08,5.34E+06,3258968,3258968,0,429900
100,2.93E+08,5.34E+06,3258976,3258976,0,422900
100,2.94E+08,5.60E+06,3258986,3258990,0,423000
100,2.93E+08,5.30E+06,3258990,3258996,0,423000
100,2.97E+08,5.32E+06,3259002,3259002,0,429900
100,2.90E+08,5.31E+06,3259025,3259025,0,409800
100,2.97E+08,5.30E+06,3259030,3259032,0,432950
100,2.90E+08,5.30E+06,3259033,3259033,0,413150
100,2.89E+08,5.42E+06,3259041,3259041,0,409000
100,2.93E+08,5.30E+06,3259043,3259043,0,422900
100,2.89E+08,5.37E+06,3259066,3259066,0,409000
100,2.93E+08,5.33E+06,3259074,3259074,0,422900
100,2.90E+08,5.30E+06,3259095,3259098,0,413050
100,2.90E+08,5.30E+06,3259105,3259105,0,409950
100,2.98E+08,5.49E+06,3259109,3259105,0,433150
100,2.97E+08,5.30E+06,3259112,3257258,0,429900
100,2.91E+08,5.32E+06,3259120,3259120,0,413200
100,2.91E+08,5.30E+06,3259134,3259134,0,413200
100,2.94E+08,5.33E+06,3259149,3259149,0,423000
100,2.97E+08,5.30E+06,3259151,3259154,0,429900
100,2.97E+08,5.31E+06,3259158,3259152,0,432950
100,2.90E+08,5.98E+06,3259173,3259166,0,413150
100,2.93E+08,5.33E+06,3259176,3259176,0,423000
100,2.89E+08,5.30E+06,3259204,3259204,0,409000
100,2.93E+08,5.32E+06,3259215,3259214,0,422950
100,2.93E+08,5.30E+06,3259217,3259216,0,422900
100,2.89E+08,5.52E+06,3259218,3259218,0,409000
100,2.97E+08,5.32E+06,3259221,3259221,0,429900
100,2.90E+08,5.30E+06,3259223,3259227,0,413150
100,2.90E+08,5.30E+06,3259237,3259237,0,410800
100,2.91E+08,5.31E+06,3259240,3259240,0,413250
100,2.93E+08,5.30E+06,3259258,3259257,0,422900
100,2.98E+08,5.30E+06,3259266,3259266,0,433150
100,2.93E+08,5.32E+06,3259296,3259297,0,423000
100,2.90E+08,5.37E+06,3259306,3259306,0,413050
100,2.90E+08,5.33E+06,3259311,3259310,0,410800
100,2.98E+08,5.32E+06,3259318,3259317,0,432950
100,2.97E+08,5.30E+06,3259327,3259328,0,432950
100,2.90E+08,5.32E+06,3259343,3259343,0,409950
100,2.97E+08,5.34E+06,3259358,3259355,0,432950
100,2.98E+08,5.36E+06,3259360,3259360,0,433150
100,2.89E+08,5.60E+06,3259376,3259374,0,409000
100,2.89E+08,5.31E+06,3259385,3259387,0,409000
100,2.90E+08,5.33E+06,3259401,3259402,0,413150
100,2.93E+08,5.32E+06,3259412,3259408,0,422950
100,2.91E+08,5.44E+06,3259427,3259428,0,413200
100,2.89E+08,5.42E+06,3259434,3259434,0,409150
100,2.89E+08,5.38E+06,3259461,3259462,0,409150
100,2.90E+08,5.30E+06,3259463,3259463,0,413050
100,2.90E+08,5.30E+06,3259468,3259464,0,413050
100,2.90E+08,5.37E+06,3259472,3259472,0,409750
100,2.93E+08,5.49E+06,3259527,3259522,0,423000
100,2.90E+08,5.32E+06,3259550,3259552,0,413050
100,2.90E+08,5.34E+06,3259554,3259559,0,409950
100,2.89E+08,5.30E+06,3259599,3259595,0,409000
100,2.90E+08,5.38E+06,3259607,3259607,0,410800
100,2.93E+08,5.31E+06,3259607,3259607,0,423000
100,2.93E+08,5.31E+06,3259619,3259619,0,422100
100,2.90E+08,5.31E+06,3259628,3259628,0,413050
100,2.97E+08,5.30E+06,3259632,3259632,0,429900
100,2.90E+08,5.31E+06,3259653,3259654,0,409950
100,2.90E+08,5.30E+06,3259676,3259677,0,409950
100,2.89E+08,5.42E+06,3259679,3259679,0,409000
100,2.90E+08,5.30E+06,3259679,3259679,0,413150
100,2.91E+08,5.32E+06,3259680,3259680,0,414200
100,2.93E+08,5.31E+06,3259717,3259717,0,423000
100,2.98E+08,5.30E+06,3259723,3259723,0,433150
100,2.97E+08,5.35E+06,3259731,3259731,0,429900
100,2.93E+08,5.37E+06,3259739,3259743,0,423000
100,2.93E+08,5.47E+06,3259744,3259746,0,422950
100,2.97E+08,5.42E+06,3259749,3259746,0,432950
100,2.97E+08,5.31E+06,3259754,3259755,0,432950
100,2.90E+08,5.37E+06,3259760,3259760,0,409800
100,2.97E+08,5.30E+06,3259765,3259764,0,432950
100,2.97E+08,5.32E+06,3259766,3259767,0,432950
100,2.93E+08,5.40E+06,3259794,3259791,0,423000
100,2.94E+08,5.30E+06,3259808,3259811,0,423000
100,2.90E+08,5.37E+06,3259809,3259809,0,409950
100,2.91E+08,5.30E+06,3259823,3259821,0,413200
100,2.98E+08,5.32E+06,3259857,3259859,0,433150
100,2.94E+08,5.31E+06,3259861,3259861,0,423000
100,2.90E+08,5.32E+06,3259901,3259897,0,413150
100,2.97E+08,5.30E+06,3259901,3259900,0,432950
100,2.91E+08,5.33E+06,3259911,3259911,0,413200
100,2.93E+08,5.30E+06,3259914,3259916,0,422350
100,2.90E+08,5.30E+06,3259918,3259919,0,413050
100,2.97E+08,5.30E+06,3259918,3259918,0,429500
100,2.89E+08,5.38E+06,3259919,3259920,0,409000
100,2.89E+08,5.40E+06,3259922,3259922,0,409150
100,2.98E+08,5.33E+06,3259942,3259942,0,433150
100,2.94E+08,5.35E+06,3259956,3259955,0,423000
100,2.97E+08,5.32E+06,3259973,3259973,0,429500
100,2.93E+08,5.43E+06,3259976,3259977,0,421600
100,2.91E+08,5.34E+06,3259983,3259982,0,414200
100,2.90E+08,5.33E+06,3259992,3259992,0,413150
100,2.97E+08,5.37E+06,3259992,3259990,0,429500
100,2.94E+08,5.33E+06,3260003,3260002,0,423000
100,2.90E+08,5.36E+06,3260004,3260002,0,409950
100,2.93E+08,5.30E+06,3260016,3260016,0,421600
100,2.93E+08,5.33E+06,3260042,3260037,0,422900
100,2.94E+08,5.40E+06,3260052,3260053,0,423000
100,2.98E+08,5.31E+06,3260056,3260056,0,433150
100,2.93E+08,5.38E+06,3260057,3260055,0,422900
100,2.93E+08,5.30E+06,3260066,3260067,0,422950
100,2.93E+08,5.37E+06,3260085,3260081,0,423000
100,2.94E+08,5.55E+06,3260103,3260104,0,423000
100,2.90E+08,5.33E+06,3260108,3260108,0,413150
100,2.98E+08,5.30E+06,3260110,3260106,0,433150
100,2.90E+08,5.31E+06,3260121,3260121,0,413150
100,2.90E+08,5.30E+06,3260122,3260122,0,410800
100,2.90E+08,5.30E+06,3260124,3260123,0,413150
100,2.93E+08,5.34E+06,3260143,3260147,0,422900
100,2.98E+08,5.34E+06,3260176,3260176,0,433150
100,2.93E+08,5.35E+06,3260179,3260178,0,422950
100,2.93E+08,5.30E+06,3260185,3260183,0,423000
100,2.90E+08,5.77E+06,3260186,3260186,0,413050
100,2.93E+08,5.32E+06,3260225,3260225,0,422350
100,2.90E+08,5.33E+06,3260231,3260231,0,413150
100,2.93E+08,5.34E+06,3260240,3260239,0,422950
100,2.98E+08,5.32E+06,3260263,3260263,0,433150
100,2.93E+08,5.30E+06,3260272,3260271,0,422950
100,2.95E+08,5.48E+06,3260272,3260271,0,424550
100,2.91E+08,5.32E+06,3260278,3260278,0,413250
100,2.89E+08,5.31E+06,3260279,3260279,0,409000
100,2.90E+08,5.30E+06,3260285,3260286,0,409800
100,2.93E+08,5.30E+06,3260287,3260288,0,422900
100,2.93E+08,5.31E+06,3260289,3260290,0,422950
100,2.94E+08,5.30E+06,3260293,3260295,0,423000
100,2.89E+08,5.30E+06,3260305,3260306,0,409400
100,2.93E+08,5.37E+06,3260305,3260302,0,422900
100,2.93E+08,5.45E+06,3260309,3260311,0,423000
100,2.90E+08,5.40E+06,3260314,3260317,0,413050
100,2.93E+08,5.33E+06,3260314,3260314,0,422100
100,2.97E+08,5.45E+06,3260316,3260313,0,432950
100,2.93E+08,5.61E+06,3260332,3260333,0,422350
100,2.97E+08,5.31E+06,3260332,3260333,0,432950
100,2.94E+08,5.30E+06,3260343,3260343,0,423000
100,2.98E+08,5.33E+06,3260346,3260348,0,433150
100,2.90E+08,5.34E+06,3260360,3260360,0,409800
100,2.93E+08,5.31E+06,3260360,3260359,0,423000
100,2.93E+08,5.33E+06,3260366,3260366,0,422950
100,2.90E+08,5.30E+06,3260393,3260391,0,409800
100,2.94E+08,5.30E+06,3260404,3260404,0,423000
100,2.93E+08,5.30E+06,3260429,3260429,0,423000
100,2.91E+08,5.33E+06,3260431,3260427,0,413250
100,2.90E+08,5.41E+06,3260446,3260446,0,409950
100,2.94E+08,5.36E+06,3260508,3260508,0,423000
100,2.94E+08,5.31E+06,3260522,3260522,0,423000
100,2.90E+08,5.30E+06,3260524,3260522,0,409950
100,2.97E+08,5.30E+06,3260527,3260527,0,429900
100,2.97E+08,5.36E+06,3260555,3260556,0,429900
100,2.97E+08,5.32E+06,3260555,3260558,0,429900
100,2.89E+08,5.34E+06,3260571,3260566,0,406800
100,2.90E+08,5.30E+06,3260573,3260572,0,409950
100,2.98E+08,5.30E+06,3260596,3260597,0,433150
100,2.90E+08,5.42E+06,3260600,3260600,0,409750
100,2.93E+08,5.32E+06,3260607,3260608,0,423000
100,2.97E+08,5.30E+06,3260643,3260643,0,432950
100,2.91E+08,5.30E+06,3260645,3260647,0,414200
100,2.89E+08,5.33E+06,3260655,3260656,0,409400
100,2.91E+08,5.30E+06,3260656,3260657,0,413150
100,2.90E+08,5.30E+06,3260676,3260674,0,409950
100,2.95E+08,5.33E+06,3260680,3260680,0,425800
100,2.93E+08,5.35E+06,3260685,3260685,0,422600
100,2.89E+08,5.34E+06,3260693,3260691,0,409000
100,2.89E+08,5.30E+06,3260712,3260712,0,409000
100,2.97E+08,5.31E+06,3260714,3260713,0,432950
100,2.93E+08,5.33E+06,3260721,3260722,0,423000
100,2.90E+08,5.37E+06,3260724,3260726,0,413150
100,2.93E+08,5.37E+06,3260726,3260725,0,423000
100,2.90E+08,5.33E+06,3260727,3260726,0,413050
100,2.98E+08,5.35E+06,3260744,3260748,0,433150
100,2.91E+08,5.30E+06,3260747,3260750,0,413250
100,2.89E+08,5.40E+06,3260748,3260748,0,409000
100,2.93E+08,5.30E+06,3260778,3260778,0,422950
100,2.91E+08,5.66E+06,3260802,3260799,0,414200
100,2.93E+08,5.34E+06,3260821,3260822,0,421500
100,2.90E+08,5.30E+06,3260871,3260871,0,413050
100,2.85E+08,5.70E+06,3260873,3260874,0,398150
100,2.91E+08,5.32E+06,3260876,3260876,0,413200
100,2.93E+08,5.36E+06,3260882,3260876,0,422900
100,2.97E+08,5.34E+06,3260891,3260891,0,432950
100,2.93E+08,5.32E+06,3260911,3260910,0,422900
100,2.93E+08,5.33E+06,3260911,3260912,0,422900
100,2.98E+08,5.34E+06,3260941,3260941,0,433150
100,2.97E+08,5.36E+06,3260949,3260949,0,432950
100,2.90E+08,5.32E+06,3260957,3260957,0,409800
100,2.90E+08,5.36E+06,3260959,3260960,0,410800
100,2.85E+08,5.84E+06,3260964,3260963,0,397200
100,2.90E+08,5.35E+06,3260966,3260965,0,413150
100,2.90E+08,5.59E+06,3260979,3260980,0,409950
100,2.98E+08,5.30E+06,3260993,3260993,0,433150
100,2.90E+08,5.30E+06,3261017,3261022,0,413050
100,2.90E+08,5.39E+06,3261039,3261039,0,409750
100,2.97E+08,5.39E+06,3261058,3261058,0,432950
100,2.98E+08,5.30E+06,3261063,3261063,0,432950
100,2.89E+08,5.36E+06,3261072,3261072,0,409000
100,2.93E+08,5.32E+06,3261085,3261087,0,422100
100,2.93E+08,5.37E+06,3261103,3261103,0,423000
100,2.93E+08,5.30E+06,3261124,3261125,0,422950
100,2.93E+08,5.36E+06,3261130,3261130,0,422100
100,2.93E+08,5.35E+06,3261184,3261184,0,422950
100,2.94E+08,5.55E+06,3261198,3261196,0,423000
100,2.91E+08,5.37E+06,3261199,3261197,0,413200
100,2.93E+08,5.36E+06,3261206,3261197,0,422900
100,2.90E+08,5.30E+06,3261223,3261222,0,409950
100,2.90E+08,5.31E+06,3261241,3261241,0,409950
100,2.93E+08,5.34E+06,3261242,3261243,0,422100
100,2.90E+08,5.38E+06,3261246,3261245,0,413050
100,2.98E+08,5.32E+06,3261248,3261247,0,433150
100,2.90E+08,5.30E+06,3261250,3261250,0,409800
100,2.93E+08,5.31E+06,3261275,3261278,0,422100
100,2.93E+08,5.30E+06,3261277,3261277,0,422900
100,2.90E+08,5.36E+06,3261279,3261277,0,409950
100,2.97E+08,5.32E+06,3261297,3261297,0,432950
100,2.90E+08,5.32E+06,3261309,3261309,0,410750
100,2.93E+08,5.31E+06,3261315,3261313,0,422900
100,2.97E+08,5.34E+06,3261341,3261340,0,432950
100,2.97E+08,5.30E+06,3261343,3261345,0,432950
100,2.90E+08,5.30E+06,3261356,3261354,0,409800
100,2.93E+08,5.34E+06,3261361,3261361,0,423000
100,2.93E+08,5.30E+06,3261366,3261366,0,422950
100,2.93E+08,5.30E+06,3261372,3261373,0,423000
100,2.93E+08,5.30E+06,3261414,3261415,0,422900
100,2.97E+08,5.31E+06,3261417,3261417,0,432950
100,2.97E+08,5.31E+06,3261421,3261423,0,429900
100,2.90E+08,5.35E+06,3261426,3261423,0,413050
100,2.93E+08,5.30E+06,3261454,3261454,0,422900
100,2.97E+08,5.32E+06,3261480,3261480,0,432950
100,2.90E+08,5.41E+06,3261482,3261483,0,409950
100,2.91E+08,5.31E+06,3261551,3261548,0,413200
100,2.93E+08,5.30E+06,3261567,3261567,0,422950
100,2.93E+08,5.33E+06,3261577,3261578,0,423000
100,2.97E+08,5.32E+06,3261584,3261582,0,432950
100,2.98E+08,5.32E+06,3261613,3261613,0,433150
100,2.93E+08,5.46E+06,3261630,3261630,0,422900
100,2.93E+08,5.55E+06,3261631,3261629,0,423000
100,2.97E+08,5.30E+06,3261639,3261633,0,429500
100,2.89E+08,5.48E+06,3261644,3261643,0,409000
100,2.98E+08,5.32E+06,3261673,3261676,0,433150
100,2.90E+08,5.30E+06,3261676,3261675,0,413150
100,2.98E+08,5.35E+06,3261709,3261709,0,433150
100,2.91E+08,5.31E+06,3261718,3261719,0,414200
100,2.90E+08,5.34E+06,3261739,3261736,0,409950
100,2.93E+08,5.31E+06,3261747,3261747,0,422950
100,2.98E+08,5.31E+06,3261763,3261762,0,433150
100,2.91E+08,5.32E+06,3261767,3261767,0,413200
100,2.93E+08,5.35E+06,3261773,3261777,0,422900
100,2.90E+08,5.39E+06,3261786,3261788,0,413050
100,2.89E+08,5.38E+06,3261789,3261789,0,409000
100,2.90E+08,5.30E+06,3261810,3261813,0,409950
100,2.90E+08,5.31E+06,3261811,3261810,0,409950
100,2.85E+08,5.61E+06,3261838,3261837,0,397200
100,2.90E+08,5.31E+06,3261840,3261840,0,410750
100,2.90E+08,5.30E+06,3261858,3261856,0,409950
100,2.97E+08,5.34E+06,3261866,3261866,0,432950
100,2.90E+08,5.32E+06,3261874,3261874,0,409750
100,2.90E+08,5.35E+06,3261875,3261875,0,409800
100,2.93E+08,5.36E+06,3261879,3261878,0,422100
100,2.91E+08,5.33E+06,3261908,3261908,0,414200
100,2.91E+08,5.42E+06,3261909,3261909,0,413250
100,2.93E+08,5.33E+06,3261941,3261942,0,422100
100,2.90E+08,5.30E+06,3261953,3261952,0,409750
100,2.90E+08,5.31E+06,3261964,3261961,0,410800
100,2.97E+08,5.34E+06,3261964,3261960,0,429900
100,2.94E+08,5.30E+06,3261991,3261993,0,423400
100,2.93E+08,5.30E+06,3262011,3262012,0,423000
100,2.97E+08,5.33E+06,3262016,3262016,0,429500
100,2.90E+08,5.30E+06,3262033,3262030,0,409800
100,2.93E+08,5.33E+06,3262034,3262034,0,423000
100,2.90E+08,5.30E+06,3262036,3262032,0,409950
100,2.94E+08,5.33E+06,3262049,3262048,0,423000
100,2.93E+08,5.30E+06,3262062,3262061,0,422950
100,2.89E+08,5.30E+06,3262079,3262081,0,409400
100,2.97E+08,5.31E+06,3262130,3262126,0,432950
100,2.93E+08,5.32E+06,3262137,3262135,0,423000
100,2.93E+08,5.32E+06,3262150,3262150,0,422950
100,2.95E+08,5.30E+06,3262156,3262157,0,425800
100,2.89E+08,5.36E+06,3262176,3262177,0,409000
100,2.98E+08,5.45E+06,3262177,3262178,0,433150
100,2.94E+08,5.38E+06,3262181,3262181,0,423000
100,2.97E+08,5.32E+06,3262195,3262196,0,432950
100,2.90E+08,5.30E+06,3262218,3262219,0,409750
100,2.97E+08,5.30E+06,3262226,3262226,0,432950
100,2.93E+08,5.30E+06,3262236,3262237,0,423000
100,2.94E+08,5.31E+06,3262245,3262244,0,424050
100,2.93E+08,5.30E+06,3262253,3262253,0,423000
100,2.93E+08,5.30E+06,3262258,3262254,0,422900
100,2.93E+08,5.31E+06,3262260,3262260,0,422900
100,2.93E+08,5.39E+06,3262267,3262264,0,422100
100,2.90E+08,5.30E+06,3262296,3262296,0,410800
100,2.90E+08,5.31E+06,3262297,3262295,0,409950
100,2.93E+08,5.43E+06,3262302,3262302,0,423000
100,2.91E+08,5.31E+06,3262313,3262311,0,413200
100,2.97E+08,5.43E+06,3262333,3262334,0,429900
100,2.90E+08,5.32E+06,3262339,3262339,0,409950
100,2.90E+08,5.31E+06,3262345,3262345,0,413050
100,2.93E+08,5.36E+06,3262346,3262346,0,422900
100,2.93E+08,5.42E+06,3262353,3262353,0,422100
100,2.97E+08,5.37E+06,3262388,3262388,0,432950
100,2.89E+08,5.34E+06,3262402,3262398,0,409400
100,2.90E+08,5.36E+06,3262410,3262411,0,409950
100,2.90E+08,5.38E+06,3262411,3262409,0,413050
100,2.97E+08,5.30E+06,3262422,3262422,0,429900
100,2.97E+08,5.31E+06,3262423,3262425,0,429900
100,2.89E+08,5.37E+06,3262428,3262432,0,409000
100,2.90E+08,5.34E+06,3262451,3262451,0,413150
100,2.97E+08,5.36E+06,3262451,3262447,0,432950
100,2.91E+08,5.38E+06,3262477,3262477,0,413150
100,2.90E+08,5.34E+06,3262494,3262494,0,409750
100,2.95E+08,5.30E+06,3262511,3262513,0,425800
100,2.90E+08,5.34E+06,3262516,3262516,0,409950
100,2.90E+08,5.30E+06,3262518,3262518,0,410750
100,2.93E+08,5.32E+06,3262523,3262523,0,422950
100,2.89E+08,5.35E+06,3262529,3262528,0,409000
100,2.93E+08,5.32E+06,3262571,3262572,0,423000
100,2.94E+08,5.31E+06,3262586,3262586,0,424050
100,2.91E+08,5.32E+06,3262591,3262591,0,413250
100,2.90E+08,5.32E+06,3262611,3262611,0,413050
100,2.90E+08,5.37E+06,3262651,3262652,0,413150
100,2.90E+08,5.37E+06,3262658,3262658,0,410800
100,2.90E+08,5.30E+06,3262659,3262656,0,413150
100,2.90E+08,5.31E+06,3262661,3262664,0,413050
100,2.91E+08,5.36E+06,3262665,3262664,0,414200
100,2.98E+08,5.31E+06,3262667,3262667,0,433150
100,2.93E+08,5.30E+06,3262682,3262682,0,422100
100,2.97E+08,5.44E+06,3262687,3262689,0,432950
100,2.94E+08,5.30E+06,3262691,3262691,0,423000
100,2.97E+08,5.30E+06,3262693,3262699,0,432950
100,2.90E+08,5.30E+06,3262735,3262735,0,413150
100,2.97E+08,5.32E+06,3262737,3262737,0,429900
100,2.90E+08,5.31E+06,3262748,3262747,0,410800
100,2.93E+08,5.31E+06,3262748,3262748,0,422900
100,2.91E+08,5.30E+06,3262763,3262763,0,413200
100,2.91E+08,5.32E+06,3262765,3262766,0,413250
100,2.98E+08,5.31E+06,3262768,3262767,0,433150
100,2.93E+08,5.32E+06,3262770,3262770,0,422100
100,2.90E+08,5.37E+06,3262777,3262777,0,410750
100,2.90E+08,5.35E+06,3262786,3262786,0,409800
100,2.93E+08,5.39E+06,3262790,3262790,0,423000
100,2.93E+08,5.33E+06,3262802,3262802,0,423000
100,2.97E+08,5.31E+06,3262858,3262858,0,429900
100,2.93E+08,5.31E+06,3262861,3262861,0,423000
100,2.93E+08,5.32E+06,3262863,3262862,0,422950
100,2.91E+08,5.30E+06,3262869,3262868,0,413150
100,2.93E+08,5.31E+06,3262899,3262899,0,423000
100,2.89E+08,5.32E+06,3262908,3262909,0,409400
100,2.90E+08,5.37E+06,3262917,3262917,0,413050
100,2.90E+08,5.30E+06,3262918,3262918,0,413150
100,2.93E+08,5.32E+06,3262918,3262918,0,422950
100,2.93E+08,5.32E+06,3262919,3262920,0,422950
100,2.90E+08,5.39E+06,3262925,3262929,0,409950
100,2.87E+08,5.63E+06,3262936,3262936,0,401250
100,2.98E+08,5.32E+06,3262938,3262939,0,433150
100,2.90E+08,5.30E+06,3262941,3262937,0,413050
100,2.90E+08,5.40E+06,3262951,3262951,0,413050
100,2.90E+08,5.30E+06,3262991,3262987,0,413150
100,2.98E+08,5.32E+06,3262995,3262995,0,433150
100,2.97E+08,5.30E+06,3262998,3262997,0,432950
100,2.91E+08,5.32E+06,3263011,3263013,0,413200
100,2.93E+08,5.38E+06,3263013,3263016,0,422950
100,2.93E+08,5.30E+06,3263022,3263020,0,422950
100,2.94E+08,5.33E+06,3263031,3263030,0,423000
100,2.90E+08,5.31E+06,3263050,3263052,0,409750
100,2.97E+08,5.31E+06,3263058,3263055,0,432950
100,2.93E+08,5.30E+06,3263065,3263064,0,422100
100,2.90E+08,5.31E+06,3263070,3263070,0,413050
100,2.90E+08,5.32E+06,3263074,3263074,0,413050
100,2.93E+08,5.33E+06,3263075,3263075,0,423000
100,2.90E+08,5.30E+06,3263102,3263101,0,410800
100,2.90E+08,5.34E+06,3263114,3263113,0,409800
100,2.93E+08,5.30E+06,3263116,3263110,0,422950
100,2.90E+08,5.30E+06,3263130,3263130,0,413150
100,2.93E+08,5.30E+06,3263131,3263128,0,422900
100,2.94E+08,5.36E+06,3263135,3263135,0,423000
100,2.95E+08,5.30E+06,3263148,3263144,0,425800
100,2.87E+08,5.44E+06,3263162,3263162,0,401250
100,2.93E+08,5.30E+06,3263164,3263166,0,422950
100,2.93E+08,5.33E+06,3263178,3263178,0,422950
100,2.91E+08,5.30E+06,3263180,3263183,0,413200
100,2.97E+08,5.33E+06,3263181,3263181,0,432950
100,2.93E+08,5.57E+06,3263195,3263192,0,422900
100,2.97E+08,5.40E+06,3263198,3263190,0,432950
100,2.97E+08,5.30E+06,3263206,3263204,0,432950
100,2.90E+08,5.56E+06,3263228,3263227,0,409950
100,2.91E+08,5.30E+06,3263232,3263233,0,413200
100,2.90E+08,5.30E+06,3263237,3263237,0,413050
100,2.93E+08,5.30E+06,3263248,3263247,0,422900
100,2.94E+08,5.30E+06,3263256,3263255,0,423000
100,2.93E+08,5.30E+06,3263259,3263259,0,423000
100,2.93E+08,5.33E+06,3263260,3263260,0,423000
100,2.90E+08,5.33E+06,3263280,3263280,0,410800
100,2.89E+08,5.33E+06,3263286,3263287,0,409000
100,2.93E+08,5.34E+06,3263300,3263301,0,423000
100,2.90E+08,5.32E+06,3263307,3263305,0,410800
100,2.89E+08,5.36E+06,3263322,3263322,0,409000
100,2.90E+08,5.30E+06,3263327,3263328,0,410800
100,2.93E+08,5.32E+06,3263344,3263346,0,422900
100,2.90E+08,5.30E+06,3263353,3263356,0,413150
100,2.97E+08,5.30E+06,3263354,3263359,0,432950
100,2.94E+08,5.51E+06,3263360,3263360,0,423000
100,2.98E+08,5.30E+06,3263372,3263371,0,433150
100,2.93E+08,5.40E+06,3263386,3263386,0,423000
100,2.93E+08,5.36E+06,3263421,3263421,0,422950
100,2.97E+08,5.40E+06,3263425,3263425,0,432950
100,2.90E+08,5.38E+06,3263434,3263434,0,410800
100,2.97E+08,5.31E+06,3263451,3263455,0,429900
100,2.94E+08,5.30E+06,3263463,3263462,0,423000
100,2.97E+08,5.30E+06,3263469,3263467,0,429900
100,2.90E+08,5.66E+06,3263502,3263503,0,409800
100,2.90E+08,5.37E+06,3263506,3263506,0,409750
100,2.93E+08,5.30E+06,3263519,3263519,0,421600
100,2.95E+08,5.48E+06,3263529,3263530,0,425800
100,2.97E+08,5.31E+06,3263542,3263543,0,432950
100,2.90E+08,5.37E+06,3263550,3263548,0,413050
100,2.95E+08,5.35E+06,3263565,3263565,0,424550
100,2.91E+08,5.44E+06,3263575,3263576,0,413200
100,2.90E+08,5.30E+06,3263584,3263584,0,410800
100,2.89E+08,5.46E+06,3263587,3263587,0,409000
100,2.89E+08,5.31E+06,3263592,3263591,0,409000
100,2.90E+08,5.30E+06,3263593,3263592,0,410800
100,2.97E+08,5.45E+06,3263602,3263602,0,432950
100,2.93E+08,5.33E+06,3263632,3263632,0,422900
100,2.94E+08,5.54E+06,3263638,3263638,0,423000
100,2.89E+08,5.37E+06,3263663,3263663,0,409000
100,2.93E+08,5.32E+06,3263678,3263678,0,422350
100,2.90E+08,5.32E+06,3263696,3263696,0,409950
100,2.97E+08,5.30E+06,3263717,3260530,0,429500
100,2.90E+08,5.33E+06,3263727,3263729,0,409800
100,2.90E+08,5.30E+06,3263756,3263756,0,413050
100,2.98E+08,5.31E+06,3263760,3263760,0,433150
100,2.93E+08,5.35E+06,3263765,3263765,0,422900
100,2.90E+08,5.34E+06,3263766,3263766,0,409950
100,2.93E+08,5.32E+06,3263772,3263772,0,423000
100,2.93E+08,5.30E+06,3263776,3263776,0,423000
100,2.90E+08,5.31E+06,3263806,3263807,0,410800
100,2.93E+08,5.30E+06,3263818,3263821,0,423000
100,2.94E+08,5.31E+06,3263829,3263829,0,423000
100,2.90E+08,5.35E+06,3263837,3263836,0,413150
100,2.93E+08,5.38E+06,3263855,3263855,0,422900
100,2.98E+08,5.37E+06,3263862,3263862,0,433150
100,2.93E+08,5.30E+06,3263863,3263865,0,423000
100,2.93E+08,5.30E+06,3263869,3263868,0,422950
100,2.90E+08,5.36E+06,3263872,3263872,0,409950
100,2.93E+08,5.35E+06,3263886,3263884,0,423000
100,2.90E+08,5.35E+06,3263887,3263886,0,413050
100,2.90E+08,5.30E+06,3263930,3263933,0,410800
100,2.93E+08,5.32E+06,3263931,3263931,0,422900
100,2.93E+08,5.30E+06,3263948,3263948,0,422950
100,2.90E+08,5.43E+06,3263960,3263962,0,413150
100,2.90E+08,5.30E+06,3263968,3263969,0,413050
100,2.94E+08,5.32E+06,3263973,3263974,0,423000
100,2.98E+08,5.31E+06,3263989,3263989,0,433150
100,2.93E+08,5.30E+06,3264000,3264002,0,422900
100,2.97E+08,5.34E+06,3264004,3264004,0,432950
100,2.98E+08,5.37E+06,3264060,3264061,0,432950
100,2.93E+08,5.68E+06,3264061,3264061,0,423000
100,2.98E+08,5.30E+06,3264092,3264092,0,433150
100,2.91E+08,5.30E+06,3264103,3264103,0,413250
100,2.90E+08,5.31E+06,3264117,3264117,0,409950
100,2.89E+08,5.30E+06,3264146,3264143,0,409000
100,2.90E+08,5.33E+06,3264148,3264148,0,409800
100,2.91E+08,5.32E+06,3264161,3264158,0,413250
100,2.98E+08,5.31E+06,3264179,3264178,0,433150
100,2.97E+08,5.32E+06,3264187,3264186,0,429900
100,2.91E+08,5.32E+06,3264193,3264193,0,413200
100,2.93E+08,5.30E+06,3264205,3264206,0,422900
100,2.94E+08,5.36E+06,3264205,3264206,0,424050
100,2.93E+08,5.36E+06,3264209,3264200,0,422100
100,2.93E+08,5.30E+06,3264216,3264215,0,422900
100,2.90E+08,5.30E+06,3264227,3264227,0,409950
100,2.90E+08,5.33E+06,3264227,3264226,0,413150
100,2.89E+08,5.57E+06,3264233,3264234,0,409000
100,2.97E+08,5.36E+06,3264239,3264236,0,429500
100,2.93E+08,5.33E+06,3264262,3264262,0,422900
100,2.93E+08,5.31E+06,3264285,3264285,0,422900
100,2.91E+08,5.31E+06,3264297,3264298,0,413150
100,2.89E+08,5.35E+06,3264308,3264310,0,409000
100,2.93E+08,5.51E+06,3264311,3264308,0,423000
100,2.98E+08,5.30E+06,3264315,3264316,0,433150
100,2.90E+08,5.41E+06,3264322,3264321,0,413050
100,2.93E+08,5.30E+06,3264328,3264327,0,423000
100,2.91E+08,5.30E+06,3264330,3264330,0,413200
100,2.89E+08,5.32E+06,3264355,3264353,0,409400
100,2.93E+08,5.34E+06,3264362,3264363,0,422350
100,2.94E+08,5.33E+06,3264363,3264363,0,424050
100,2.93E+08,5.43E+06,3264367,3264365,0,423000
100,2.93E+08,5.32E+06,3264375,3264374,0,422100
100,2.90E+08,5.32E+06,3264389,3264390,0,413050
100,2.89E+08,5.33E+06,3264400,3264400,0,409400
100,2.98E+08,5.32E+06,3264400,3264400,0,433150
100,2.91E+08,5.37E+06,3264444,3264444,0,413200
100,2.87E+08,5.40E+06,3264452,3264454,0,401250
100,2.93E+08,5.37E+06,3264484,3264485,0,423000
100,2.90E+08,5.31E+06,3264489,3264489,0,409800
100,2.91E+08,5.31E+06,3264507,3264510,0,413250
100,2.89E+08,5.30E+06,3264508,3264508,0,409000
100,2.97E+08,5.33E+06,3264521,3264521,0,432950
100,2.90E+08,5.35E+06,3264531,3264531,0,409950
100,2.97E+08,5.30E+06,3264534,3264530,0,432950
100,2.93E+08,5.30E+06,3264535,3264536,0,423000
100,2.90E+08,5.32E+06,3264537,3264536,0,413150
100,2.90E+08,5.30E+06,3264540,3264540,0,413150
100,2.96E+08,5.41E+06,3264563,3264563,0,429300
100,2.93E+08,5.30E+06,3264567,3264568,0,423000
100,2.90E+08,5.31E+06,3264584,3264585,0,410800
100,2.93E+08,5.30E+06,3264591,3264592,0,422950
100,2.90E+08,5.33E+06,3264603,3264603,0,413150
100,2.90E+08,5.35E+06,3264606,3264607,0,409950
100,2.91E+08,5.30E+06,3264615,3264615,0,413200
100,2.97E+08,5.30E+06,3264631,3264631,0,432950
100,2.93E+08,5.33E+06,3264652,3264650,0,422950
100,2.98E+08,5.32E+06,3264672,3264671,0,433150
100,2.89E+08,5.33E+06,3264675,3264675,0,409150
100,2.97E+08,5.30E+06,3264677,3264677,0,429900
100,2.90E+08,5.37E+06,3264688,3264688,0,413150
100,2.97E+08,5.30E+06,3264689,3264690,0,429900
100,2.90E+08,5.37E+06,3264706,3264705,0,413050
100,2.90E+08,5.34E+06,3264716,3264715,0,409950
100,2.96E+08,5.76E+06,3264719,3264719,0,429300
100,2.90E+08,5.30E+06,3264720,3264720,0,410750
100,2.93E+08,5.34E+06,3264725,3264725,0,423000
100,2.95E+08,5.35E+06,3264739,3264737,0,425800
100,2.89E+08,5.31E+06,3264746,3264744,0,409000
100,2.93E+08,5.32E+06,3264754,3264754,0,423000
100,2.91E+08,5.46E+06,3264762,3264762,0,413200
100,2.93E+08,5.33E+06,3264763,3264760,0,422950
100,2.89E+08,5.31E+06,3264765,3264765,0,409000
100,2.93E+08,5.33E+06,3264794,3264795,0,423000
100,2.93E+08,5.30E+06,3264799,3264799,0,423000
100,2.95E+08,5.46E+06,3264808,3264808,0,425800
100,2.91E+08,5.32E+06,3264819,3264819,0,413250
100,2.90E+08,5.39E+06,3264858,3264859,0,410800
100,2.93E+08,5.35E+06,3264863,3264862,0,423000
100,2.89E+08,5.41E+06,3264864,3264866,0,409000
100,2.91E+08,5.42E+06,3264864,3264864,0,413200
100,2.93E+08,5.35E+06,3264877,3264878,0,423000
100,2.97E+08,5.45E+06,3264917,3264916,0,429900
100,2.97E+08,5.30E+06,3264939,3264940,0,432950
100,2.90E+08,5.53E+06,3264940,3264943,0,413150
100,2.93E+08,5.30E+06,3264954,3264955,0,423000
100,2.90E+08,5.30E+06,3264967,3264967,0,413150
100,2.89E+08,5.34E+06,3264969,3264969,0,409000
100,2.93E+08,5.34E+06,3264969,3264969,0,422950
100,2.93E+08,5.30E+06,3264987,3264988,0,422600
100,2.90E+08,5.31E+06,3264990,3264990,0,413050
100,2.90E+08,5.31E+06,3264993,3264994,0,409750
100,2.93E+08,5.37E+06,3265006,3265008,0,422900
100,2.90E+08,5.42E+06,3265018,3265018,0,413050
100,2.95E+08,5.49E+06,3265035,3265035,0,425800
100,2.90E+08,5.30E+06,3265036,3265036,0,413150
100,2.97E+08,5.30E+06,3265043,3265044,0,429900
100,2.97E+08,5.38E+06,3265056,3265054,0,432950
100,2.93E+08,5.34E+06,3265075,3265076,0,423000
100,2.90E+08,5.30E+06,3265079,3265079,0,409800
100,2.98E+08,5.30E+06,3265086,3265086,0,433150
100,2.89E+08,5.47E+06,3265101,3265101,0,409000
100,2.91E+08,5.35E+06,3265105,3265105,0,413200
100,2.93E+08,5.30E+06,3265107,3265107,0,423000
100,2.97E+08,5.35E+06,3265110,3265110,0,432950
100,2.93E+08,5.32E+06,3265126,3265126,0,423000
100,2.90E+08,5.32E+06,3265134,3265135,0,409950
100,2.93E+08,5.30E+06,3265137,3265136,0,423000
100,2.90E+08,5.30E+06,3265156,3265153,0,413150
100,2.90E+08,5.32E+06,3265161,3265161,0,409800
100,2.90E+08,5.32E+06,3265161,3265163,0,409800
100,2.91E+08,5.31E+06,3265163,3265153,0,413150
100,2.93E+08,5.31E+06,3265195,3265194,0,422350
100,2.97E+08,5.30E+06,3265204,3265204,0,432950
100,2.90E+08,5.30E+06,3265221,3265221,0,409800
100,2.90E+08,5.43E+06,3265227,3265227,0,409950
100,2.90E+08,5.35E+06,3265245,3265245,0,409950
100,2.97E+08,5.30E+06,3265278,3265278,0,429900
100,2.89E+08,5.36E+06,3265293,3265289,0,409000
100,2.93E+08,5.34E+06,3265303,3265303,0,423000
100,2.93E+08,5.39E+06,3265306,3265306,0,423000
100,2.98E+08,5.30E+06,3265310,3265306,0,433150
100,2.90E+08,5.41E+06,3265317,3265315,0,409950
100,2.93E+08,5.31E+06,3265332,3265332,0,422900
100,2.94E+08,5.30E+06,3265345,3265345,0,423000
100,2.93E+08,5.52E+06,3265346,3265343,0,422950
100,2.97E+08,5.33E+06,3265348,3265349,0,429900
100,2.97E+08,5.34E+06,3265354,3265355,0,432950
100,2.90E+08,5.30E+06,3265372,3265373,0,409800
100,2.90E+08,5.34E+06,3265382,3265382,0,409950
100,2.90E+08,5.30E+06,3265393,3265393,0,409950
100,2.91E+08,5.32E+06,3265395,3265397,0,413200
100,2.93E+08,5.31E+06,3265397,3265395,0,422600
100,2.93E+08,5.30E+06,3265451,3265451,0,422900
100,2.93E+08,5.35E+06,3265466,3265466,0,422900
100,2.97E+08,5.30E+06,3265490,3265489,0,432950
100,2.89E+08,5.38E+06,3265492,3265488,0,409150
100,2.93E+08,5.31E+06,3265492,3265492,0,422100
100,2.90E+08,5.30E+06,3265504,3265508,0,409800
100,2.93E+08,5.33E+06,3265509,3265508,0,422900
100,2.93E+08,5.30E+06,3265515,3265512,0,423000
100,2.90E+08,5.32E+06,3265528,3265528,0,413050
100,2.97E+08,5.35E+06,3265528,3265524,0,432950
100,2.93E+08,5.30E+06,3265536,3265535,0,421600
100,2.94E+08,5.30E+06,3265541,3265541,0,424050
100,2.93E+08,5.31E+06,3265552,3265558,0,423000
100,2.94E+08,5.41E+06,3265556,3265556,0,423000
100,2.93E+08,5.36E+06,3265574,3265574,0,422100
100,2.93E+08,5.43E+06,3265578,3265579,0,421600
100,2.89E+08,5.45E+06,3265580,3265580,0,409000
100,2.90E+08,5.30E+06,3265585,3265585,0,410800
100,2.97E+08,5.30E+06,3265585,3265585,0,429900
100,2.90E+08,5.33E+06,3265597,3265594,0,413050
100,2.95E+08,5.84E+06,3265600,3265599,0,424550
100,2.93E+08,5.34E+06,3265601,3265599,0,421600
100,2.93E+08,5.31E+06,3265616,3265614,0,422950
100,2.87E+08,5.62E+06,3265621,3265621,0,401250
100,2.93E+08,5.39E+06,3265622,3265623,0,423000
100,2.94E+08,5.32E+06,3265665,3265664,0,423000
100,2.90E+08,5.40E+06,3265667,3265667,0,413050
100,2.94E+08,5.31E+06,3265668,3265669,0,424050
100,2.93E+08,5.31E+06,3265680,3265682,0,423000
100,2.89E+08,5.65E+06,3265693,3265692,0,409000
100,2.90E+08,5.31E+06,3265724,3265723,0,410800
100,2.93E+08,5.32E+06,3265729,3265731,0,422350
100,2.90E+08,5.30E+06,3265733,3265729,0,413050
100,2.90E+08,5.56E+06,3265744,3265744,0,413150
100,2.90E+08,5.30E+06,3265745,3265745,0,413150
100,2.97E+08,5.30E+06,3265761,3265761,0,432950
100,2.90E+08,5.51E+06,3265783,3265775,0,409750
100,2.91E+08,5.30E+06,3265787,3265785,0,413200
100,2.89E+08,5.37E+06,3265802,3265801,0,409400
100,2.93E+08,5.31E+06,3265814,3265813,0,422900
100,2.90E+08,5.30E+06,3265820,3265822,0,413150
100,2.97E+08,5.37E+06,3265828,3265828,0,429900
100,2.98E+08,5.30E+06,3265833,3265833,0,433150
100,2.90E+08,5.36E+06,3265839,3265838,0,409950
100,2.98E+08,5.34E+06,3265845,3265845,0,433150
100,2.89E+08,5.31E+06,3265867,3265864,0,409400
100,2.87E+08,5.36E+06,3265872,3265872,0,401250
100,2.97E+08,5.32E+06,3265874,3265875,0,432950
100,2.89E+08,5.32E+06,3265875,3265875,0,409000
100,2.93E+08,5.37E+06,3265885,3265883,0,423000
100,2.93E+08,5.32E+06,3265909,3265914,0,422950
100,2.90E+08,5.36E+06,3265934,3265934,0,409950
100,2.98E+08,5.32E+06,3265946,3265946,0,433150
100,2.87E+08,5.49E+06,3265951,3265951,0,401250
100,2.95E+08,5.30E+06,3265953,3265955,0,425800
100,2.89E+08,5.30E+06,3265979,3265979,0,409000
100,2.90E+08,5.34E+06,3265981,3265980,0,409800
100,2.90E+08,5.30E+06,3265999,3265999,0,413050
100,2.91E+08,5.31E+06,3266008,3266008,0,414200
100,2.97E+08,5.38E+06,3266008,3266007,0,432950
100,2.93E+08,5.31E+06,3266011,3266011,0,422900
100,2.97E+08,5.32E+06,3266032,3266033,0,432950
100,2.97E+08,5.34E+06,3266048,3266046,0,429900
100,2.89E+08,5.52E+06,3266050,3266050,0,409000
100,2.89E+08,5.33E+06,3266055,3266058,0,409000
100,2.89E+08,5.35E+06,3266058,3266057,0,409000
100,2.98E+08,5.30E+06,3266059,3266059,0,433150
100,2.97E+08,5.30E+06,3266075,3266075,0,429900
100,2.93E+08,5.41E+06,3266076,3266077,0,422350
100,2.97E+08,5.40E+06,3266078,3266077,0,432950
100,2.93E+08,5.30E+06,3266087,3266085,0,422950
100,2.91E+08,5.30E+06,3266111,3266109,0,413200
100,2.93E+08,5.30E+06,3266120,3266120,0,422950
100,2.97E+08,5.33E+06,3266137,3266140,0,429900
100,2.94E+08,5.44E+06,3266213,3266214,0,423000
100,2.93E+08,5.32E+06,3266215,3266215,0,422900
100,2.90E+08,5.36E+06,3266229,3266229,0,413150
100,2.97E+08,5.32E+06,3266230,3266230,0,429900
100,2.90E+08,5.33E+06,3266254,3266254,0,410800
100,2.93E+08,5.30E+06,3266254,3266256,0,422900
100,2.93E+08,5.42E+06,3266266,3266265,0,421600
100,2.93E+08,5.30E+06,3266269,3266269,0,422950
100,2.94E+08,5.53E+06,3266270,3266270,0,423000
100,2.93E+08,5.31E+06,3266274,3266276,0,422900
100,2.93E+08,5.31E+06,3266278,3266276,0,422950
100,2.90E+08,5.33E+06,3266293,3266294,0,409950
100,2.93E+08,5.30E+06,3266305,3266304,0,422900
100,2.93E+08,5.32E+06,3266309,3266306,0,423000
100,2.97E+08,5.40E+06,3266317,3266317,0,432950
100,2.93E+08,5.30E+06,3266319,3266319,0,422100
100,2.90E+08,5.32E+06,3266326,3266325,0,409750
100,2.98E+08,5.30E+06,3266336,3266336,0,433150
100,2.93E+08,5.30E+06,3266338,3266339,0,422900
100,2.93E+08,5.31E+06,3266343,3266344,0,422950
100,2.94E+08,5.32E+06,3266350,3266350,0,423000
100,2.94E+08,5.38E+06,3266350,3266353,0,423000
100,2.93E+08,5.31E+06,3266375,3266373,0,423000
100,2.90E+08,5.45E+06,3266379,3266379,0,413050
100,2.90E+08,5.34E+06,3266380,3266380,0,413050
100,2.93E+08,5.32E+06,3266388,3266388,0,422100
100,2.93E+08,5.30E+06,3266392,3266392,0,422900
100,2.90E+08,5.66E+06,3266400,3266400,0,413050
100,2.97E+08,5.33E+06,3266400,3266401,0,432950
100,2.98E+08,5.35E+06,3266415,3266416,0,433150
100,2.93E+08,5.35E+06,3266429,3266429,0,422900
100,2.93E+08,5.34E+06,3266429,3266429,0,422950
100,2.93E+08,5.33E+06,3266437,3266438,0,422350
100,2.94E+08,5.36E+06,3266438,3266438,0,423000
100,2.90E+08,5.41E+06,3266442,3266442,0,409800
100,2.97E+08,5.33E+06,3266476,3266476,0,429900
100,2.93E+08,5.30E+06,3266516,3266516,0,423000
100,2.90E+08,5.30E+06,3266527,3266531,0,409800
100,2.97E+08,5.30E+06,3266555,3266556,0,432950
100,2.91E+08,5.39E+06,3266559,3266558,0,414200
100,2.90E+08,5.33E+06,3266563,3266563,0,413150
100,2.91E+08,5.30E+06,3266568,3266567,0,413250
100,2.94E+08,5.33E+06,3266571,3266571,0,424050
100,2.93E+08,5.35E+06,3266640,3266639,0,422900
100,2.90E+08,5.54E+06,3266642,3266640,0,409950
100,2.89E+08,5.30E+06,3266652,3266652,0,409400
100,2.93E+08,5.31E+06,3266657,3266657,0,423000
100,2.93E+08,5.32E+06,3266659,3266660,0,423000
100,2.90E+08,5.33E+06,3266664,3266664,0,413050
100,2.93E+08,5.42E+06,3266672,3266672,0,422900
100,2.89E+08,5.55E+06,3266675,3266675,0,409400
100,2.93E+08,5.30E+06,3266684,3266684,0,422950
100,2.93E+08,5.30E+06,3266698,3266700,0,422350
100,2.90E+08,5.34E+06,3266704,3266700,0,413050
100,2.89E+08,5.38E+06,3266722,3266722,0,409150
100,2.90E+08,5.30E+06,3266722,3266722,0,413050
100,2.93E+08,5.30E+06,3266729,3266730,0,422900
100,2.91E+08,5.30E+06,3266737,3266738,0,413200
100,2.90E+08,5.32E+06,3266751,3266748,0,413050
100,2.89E+08,5.30E+06,3266755,3266755,0,409400
100,2.91E+08,5.34E+06,3266762,3266762,0,413200
100,2.94E+08,5.30E+06,3266770,3266769,0,423400
100,2.97E+08,5.31E+06,3266770,3266773,0,432950
100,2.90E+08,5.30E+06,3266773,3266770,0,409800
100,2.93E+08,5.30E+06,3266786,3266781,0,423000
100,2.91E+08,5.31E+06,3266813,3266813,0,414200
100,2.90E+08,5.42E+06,3266817,3266817,0,410800
100,2.97E+08,5.30E+06,3266827,3266827,0,429900
100,2.97E+08,5.30E+06,3266849,3266849,0,432950
100,2.94E+08,5.32E+06,3266875,3266875,0,423000
100,2.93E+08,5.38E+06,3266909,3266908,0,423000
100,2.90E+08,5.34E+06,3266921,3266922,0,409800
100,2.90E+08,5.30E+06,3266942,3266944,0,413150
100,2.93E+08,5.31E+06,3266943,3266943,0,422900
100,2.97E+08,5.33E+06,3266973,3266973,0,429900
100,2.93E+08,5.30E+06,3266978,3266978,0,423000
100,2.97E+08,5.34E+06,3266981,3266981,0,429900
100,2.93E+08,5.31E+06,3266987,3266986,0,422100
100,2.97E+08,5.30E+06,3267006,3267006,0,432950
100,2.93E+08,5.30E+06,3267021,3267021,0,422950
100,2.89E+08,5.41E+06,3267024,3267017,0,406800
100,2.97E+08,5.30E+06,3267033,3267033,0,432950
100,2.98E+08,5.32E+06,3267037,3267036,0,432950
100,2.87E+08,5.50E+06,3267038,3267037,0,401250
100,2.90E+08,5.37E+06,3267043,3267044,0,413150
100,2.90E+08,5.31E+06,3267054,3267056,0,409800
100,2.90E+08,5.33E+06,3267068,3267067,0,409950
100,2.90E+08,5.30E+06,3267069,3267069,0,413150
100,2.90E+08,5.32E+06,3267079,3267080,0,409950
100,2.90E+08,5.30E+06,3267099,3267098,0,413150
100,2.93E+08,5.39E+06,3267106,3267106,0,422950
100,2.90E+08,5.30E+06,3267110,3267110,0,413050
100,2.94E+08,5.36E+06,3267120,3267119,0,423000
100,2.91E+08,5.32E+06,3267124,3267120,0,413250
100,2.87E+08,5.30E+06,3267146,3267145,0,401250
100,2.90E+08,5.33E+06,3267147,3267147,0,413050
100,2.90E+08,5.30E+06,3267163,3267164,0,409950
100,2.98E+08,5.39E+06,3267181,3267178,0,433150
100,2.94E+08,5.30E+06,3267184,3267184,0,423000
100,2.98E+08,5.33E+06,3267184,3267183,0,433150
100,2.90E+08,5.30E+06,3267188,3267189,0,409750
100,2.94E+08,5.34E+06,3267193,3267195,0,424050
100,2.93E+08,5.35E+06,3267202,3267202,0,423000
100,2.90E+08,5.34E+06,3267214,3267214,0,409800
100,2.97E+08,5.42E+06,3267216,3267215,0,432950
100,2.97E+08,5.31E+06,3267234,3267233,0,432950
100,2.89E+08,5.45E+06,3267244,3267244,0,409000
100,2.91E+08,5.30E+06,3267251,3267251,0,413200
100,2.90E+08,5.32E+06,3267261,3267261,0,413150
100,2.90E+08,5.31E+06,3267265,3267266,0,413150
100,2.97E+08,5.32E+06,3267272,3267272,0,429900
100,2.87E+08,5.64E+06,3267275,3267275,0,401250
100,2.93E+08,5.40E+06,3267276,3267276,0,422900
100,2.97E+08,5.31E+06,3267278,3267278,0,432950
100,2.97E+08,5.30E+06,3267282,3267278,0,429900
100,2.93E+08,5.31E+06,3267283,3267284,0,422950
100,2.94E+08,5.39E+06,3267288,3267288,0,423000
100,2.98E+08,5.63E+06,3267290,3267289,0,433150
100,2.94E+08,5.34E+06,3267305,3267305,0,423000
100,2.97E+08,5.32E+06,3267309,3267309,0,429900
100,2.90E+08,5.59E+06,3267347,3267352,0,413050
100,2.93E+08,5.30E+06,3267348,3267349,0,422900
100,2.91E+08,5.30E+06,3267352,3267352,0,413250
100,2.93E+08,5.32E+06,3267367,3267368,0,422100
100,2.90E+08,5.33E+06,3267377,3267377,0,409800
100,2.97E+08,5.34E+06,3267393,3267393,0,429500
100,2.94E+08,5.30E+06,3267395,3267395,0,423000
100,2.90E+08,5.77E+06,3267396,3267396,0,413150
100,2.97E+08,5.70E+06,3267403,3267403,0,432950
100,2.90E+08,5.30E+06,3267435,3267436,0,413050
100,2.98E+08,5.31E+06,3267436,3267440,0,433150
100,2.93E+08,5.31E+06,3267437,3267440,0,422900
100,2.90E+08,5.30E+06,3267439,3267435,0,409950
100,2.98E+08,5.33E+06,3267450,3267449,0,433150
100,2.89E+08,5.31E+06,3267458,3267458,0,409000
100,2.98E+08,5.30E+06,3267492,3267492,0,433150
100,2.91E+08,5.30E+06,3267504,3267506,0,413250
100,2.93E+08,5.31E+06,3267505,3267503,0,423000
100,2.94E+08,5.31E+06,3267517,3267515,0,423000
100,2.97E+08,5.32E+06,3267517,3267517,0,432950
100,2.90E+08,5.30E+06,3267523,3267524,0,409950
100,2.90E+08,5.30E+06,3267523,3267520,0,409950
100,2.93E+08,5.33E+06,3267542,3267542,0,422950
100,2.90E+08,5.30E+06,3267543,3267543,0,413150
100,2.90E+08,5.30E+06,3267548,3267548,0,413150
100,2.93E+08,5.30E+06,3267558,3267558,0,422900
100,2.90E+08,5.38E+06,3267561,3267561,0,409750
100,2.90E+08,5.31E+06,3267563,3267567,0,413150
100,2.91E+08,5.38E+06,3267565,3267565,0,413950
100,2.91E+08,5.30E+06,3267573,3267573,0,413200
100,2.91E+08,5.30E+06,3267582,3267584,0,413200
100,2.89E+08,5.36E+06,3267583,3267588,0,409400
100,2.98E+08,5.35E+06,3267591,3267591,0,433150
100,2.90E+08,5.31E+06,3267611,3267614,0,413150
100,2.89E+08,5.42E+06,3267620,3267621,0,409000
100,2.93E+08,5.32E+06,3267621,3267621,0,422100
100,2.97E+08,5.33E+06,3267636,3267632,0,432950
100,2.98E+08,5.34E+06,3267637,3267636,0,433150
100,2.93E+08,5.41E+06,3267641,3267640,0,422900
100,2.83E+08,5.54E+06,3267651,3267649,0,393300
100,2.97E+08,5.31E+06,3267651,3267648,0,432950
100,2.90E+08,5.34E+06,3267661,3267661,0,413150
100,2.90E+08,5.32E+06,3267662,3267660,0,413050
100,2.93E+08,5.31E+06,3267676,3267679,0,422950
100,2.94E+08,5.30E+06,3267678,3267681,0,423000
100,2.91E+08,5.30E+06,3267687,3267690,0,413250
100,2.97E+08,5.33E+06,3267694,3267693,0,429900
100,2.89E+08,5.32E+06,3267701,3267702,0,409000
100,2.93E+08,5.30E+06,3267718,3267713,0,422950
100,2.91E+08,5.30E+06,3267728,3267728,0,413200
100,2.90E+08,5.35E+06,3267755,3267755,0,409750
100,2.93E+08,5.32E+06,3267756,3267756,0,422950
100,2.98E+08,5.35E+06,3267764,3267764,0,433150
100,2.90E+08,5.30E+06,3267774,3267773,0,409750
100,2.91E+08,5.40E+06,3267783,3267782,0,413250
100,2.89E+08,5.32E+06,3267795,3267795,0,409400
100,2.87E+08,5.78E+06,3267812,3267813,0,401250
100,2.90E+08,5.33E+06,3267841,3267842,0,409950
100,2.90E+08,5.32E+06,3267847,3267845,0,410800
100,2.97E+08,5.31E+06,3267856,3267858,0,432950
100,2.91E+08,5.30E+06,3267863,3267859,0,413250
100,2.93E+08,5.37E+06,3267881,3267881,0,423000
100,2.97E+08,5.30E+06,3267886,3267886,0,432950
100,2.97E+08,5.30E+06,3267894,3267894,0,429900
100,2.90E+08,5.30E+06,3267899,3267889,0,413150
100,2.98E+08,5.30E+06,3267910,3267910,0,433150
100,2.90E+08,5.33E+06,3267931,3267931,0,413050
100,2.93E+08,5.37E+06,3267937,3267940,0,422900
100,2.98E+08,5.30E+06,3267942,3267942,0,432950
100,2.90E+08,5.33E+06,3267954,3267954,0,413050
100,2.94E+08,5.30E+06,3267954,3267955,0,423000
100,2.90E+08,5.33E+06,3267958,3267957,0,409800
100,2.93E+08,5.39E+06,3267958,3267957,0,422950
100,2.89E+08,5.32E+06,3267977,3267975,0,409000
100,2.97E+08,5.32E+06,3268008,3268006,0,429900
100,2.93E+08,5.30E+06,3268017,3268014,0,423000
100,2.94E+08,5.33E+06,3268020,3268020,0,424050
100,2.90E+08,5.30E+06,3268031,3268028,0,413150
100,2.90E+08,5.33E+06,3268037,3268036,0,413150
100,2.93E+08,5.30E+06,3268039,3268040,0,422900
100,2.97E+08,5.30E+06,3268056,3268054,0,432950
100,2.97E+08,5.36E+06,3268063,3268059,0,432950
100,2.90E+08,5.34E+06,3268096,3268096,0,409950
100,2.89E+08,5.74E+06,3268101,3268099,0,409000
100,2.91E+08,5.35E+06,3268102,3268105,0,413200
100,2.90E+08,5.33E+06,3268107,3268102,0,413150
100,2.90E+08,5.32E+06,3268131,3268131,0,409800
100,2.90E+08,5.33E+06,3268139,3268140,0,409750
100,2.93E+08,5.41E+06,3268154,3268155,0,422900
100,2.91E+08,5.42E+06,3268158,3268158,0,413200
100,2.93E+08,5.33E+06,3268168,3268168,0,423000
100,2.93E+08,5.30E+06,3268197,3268196,0,422100
100,2.93E+08,5.35E+06,3268204,3268204,0,422950
100,2.89E+08,5.32E+06,3268207,3268207,0,409000
100,2.95E+08,5.38E+06,3268226,3268225,0,425800
100,2.90E+08,5.31E+06,3268250,3268248,0,413050
100,2.93E+08,5.34E+06,3268251,3268253,0,423000
100,2.97E+08,5.31E+06,3268252,3268252,0,432950
100,2.94E+08,5.32E+06,3268267,3268267,0,423000
100,2.94E+08,5.34E+06,3268269,3268269,0,423000
100,2.94E+08,5.32E+06,3268285,3268283,0,424050
100,2.91E+08,5.31E+06,3268292,3268292,0,413200
100,2.91E+08,5.36E+06,3268296,3268298,0,413200
100,2.93E+08,5.31E+06,3268302,3268304,0,422950
100,2.93E+08,5.30E+06,3268324,3268327,0,423000
100,2.87E+08,5.35E+06,3268329,3268327,0,401250
100,2.93E+08,5.38E+06,3268334,3268335,0,423000
100,2.93E+08,5.34E+06,3268339,3268339,0,423000
100,2.90E+08,5.35E+06,3268354,3268354,0,409950
100,2.90E+08,5.32E+06,3268360,3268360,0,409800
100,2.90E+08,5.34E+06,3268379,3268379,0,409950
100,2.91E+08,5.32E+06,3268381,3268381,0,413200
100,2.95E+08,5.36E+06,3268405,3268405,0,425800
100,2.90E+08,5.33E+06,3268410,3268410,0,413050
100,2.98E+08,5.32E+06,3268417,3268418,0,433150
100,2.90E+08,5.34E+06,3268418,3268416,0,413150
100,2.85E+08,5.93E+06,3268421,3268422,0,397200
100,2.89E+08,5.36E+06,3268428,3268428,0,409000
100,2.90E+08,5.30E+06,3268430,3268430,0,409800
100,2.90E+08,5.30E+06,3268434,3268431,0,413150
100,2.93E+08,5.30E+06,3268449,3268449,0,422950
100,2.90E+08,5.34E+06,3268456,3268456,0,409950
100,2.93E+08,5.36E+06,3268463,3268463,0,422950
100,2.87E+08,5.64E+06,3268467,3268467,0,401250
100,2.90E+08,5.30E+06,3268478,3268479,0,409800
100,2.91E+08,5.34E+06,3268491,3268491,0,413200
100,2.93E+08,5.39E+06,3268495,3268494,0,423000
100,2.94E+08,5.30E+06,3268495,3268495,0,423000
100,2.93E+08,5.30E+06,3268501,3268501,0,422900
100,2.94E+08,5.36E+06,3268504,3268504,0,424050
100,2.97E+08,5.30E+06,3268508,3268506,0,429500
100,2.93E+08,5.33E+06,3268512,3268512,0,422950
100,2.97E+08,5.32E+06,3268521,3268522,0,432950
100,2.90E+08,5.35E+06,3268534,3268535,0,409950
100,2.98E+08,5.39E+06,3268538,3268538,0,432950
100,2.90E+08,5.31E+06,3268551,3268548,0,409950
100,2.97E+08,5.30E+06,3268561,3268560,0,429900
100,2.94E+08,5.30E+06,3268569,3268570,0,423000
100,2.97E+08,5.30E+06,3268577,3268576,0,429500
100,2.93E+08,5.42E+06,3268587,3268587,0,422900
100,2.93E+08,5.30E+06,3268589,3268589,0,422950
100,2.97E+08,5.33E+06,3268631,3268629,0,429900
100,2.89E+08,5.34E+06,3268638,3268635,0,409000
100,2.95E+08,5.30E+06,3268666,3268666,0,425800
100,2.93E+08,5.30E+06,3268675,3268676,0,423000
100,2.85E+08,5.82E+06,3268678,3268678,0,397200
100,2.89E+08,5.30E+06,3268684,3268682,0,409400
100,2.91E+08,5.30E+06,3268689,3268687,0,413150
100,2.97E+08,5.36E+06,3268697,3268694,0,432950
100,2.93E+08,5.31E+06,3268700,3268700,0,422950
100,2.93E+08,5.32E+06,3268722,3268726,0,422950
100,2.93E+08,5.33E+06,3268726,3268724,0,422950
100,2.93E+08,5.30E+06,3268733,3268733,0,422600
100,2.93E+08,5.30E+06,3268738,3268738,0,423000
100,2.97E+08,5.33E+06,3268745,3268746,0,432950
100,2.90E+08,5.42E+06,3268748,3268750,0,409800
100,2.94E+08,5.35E+06,3268768,3268768,0,424050
100,2.90E+08,5.31E+06,3268777,3268777,0,409950
100,2.90E+08,5.30E+06,3268781,3268781,0,409950
100,2.97E+08,5.31E+06,3268786,3268786,0,432950
100,2.90E+08,5.30E+06,3268808,3268807,0,413150
100,2.97E+08,5.36E+06,3268811,3268811,0,432950
100,2.90E+08,5.35E+06,3268812,3268811,0,413150
100,2.90E+08,5.33E+06,3268816,3268816,0,410800
100,2.89E+08,5.45E+06,3268823,3268822,0,409000
100,2.97E+08,5.44E+06,3268828,3268825,0,432950
100,2.90E+08,5.41E+06,3268831,3268826,0,413150
100,2.93E+08,5.30E+06,3268840,3268840,0,422900
100,2.93E+08,5.30E+06,3268851,3268851,0,423000
100,2.93E+08,5.30E+06,3268858,3268854,0,423000
100,2.90E+08,5.43E+06,3268878,3268879,0,409800
100,2.90E+08,5.32E+06,3268885,3268885,0,413150
100,2.98E+08,5.30E+06,3268907,3268906,0,433150
100,2.90E+08,5.57E+06,3268931,3268930,0,413050
100,2.93E+08,5.51E+06,3268933,3268931,0,422900
100,2.90E+08,5.30E+06,3268938,3268938,0,409750
100,2.93E+08,5.38E+06,3268944,3268944,0,422900
100,2.98E+08,5.30E+06,3268947,3268948,0,433150
100,2.93E+08,5.31E+06,3268959,3268955,0,422350
100,2.97E+08,5.50E+06,3268983,3268982,0,432950
100,2.93E+08,5.56E+06,3268990,3268988,0,422100
100,2.97E+08,5.35E+06,3268996,3268990,0,429900
100,2.90E+08,5.30E+06,3269018,3269018,0,409950
100,2.93E+08,5.35E+06,3269019,3269021,0,422950
100,2.90E+08,5.37E+06,3269023,3269023,0,409950
100,2.97E+08,5.30E+06,3269030,3269031,0,432950
100,2.94E+08,5.32E+06,3269034,3269035,0,424050
100,2.90E+08,5.37E+06,3269035,3269035,0,413150
100,2.91E+08,5.30E+06,3269038,3269033,0,413200
100,2.93E+08,5.30E+06,3269043,3269047,0,423000
100,2.87E+08,5.51E+06,3269061,3269058,0,401250
100,2.97E+08,5.30E+06,3269064,3269065,0,432950
100,2.97E+08,5.33E+06,3269101,3269100,0,432950
100,2.94E+08,5.31E+06,3269114,3269113,0,423000
100,2.98E+08,5.30E+06,3269130,3269131,0,433150
100,2.89E+08,5.41E+06,3269155,3269153,0,409000
100,2.93E+08,5.30E+06,3269179,3269179,0,422950
100,2.90E+08,5.32E+06,3269197,3269197,0,413050
100,2.89E+08,5.33E+06,3269200,3269200,0,409400
100,2.93E+08,5.31E+06,3269208,3269208,0,422950
100,2.90E+08,5.36E+06,3269216,3269216,0,413150
100,2.93E+08,5.30E+06,3269233,3269233,0,422900
100,2.97E+08,5.33E+06,3269234,3269234,0,432950
100,2.93E+08,5.30E+06,3269239,3269239,0,422900
100,2.94E+08,5.30E+06,3269240,3269239,0,423000
100,2.89E+08,5.35E+06,3269261,3269259,0,409000
100,2.89E+08,5.31E+06,3269271,3269272,0,409400
100,2.97E+08,5.32E+06,3269329,3269329,0,432950
100,2.90E+08,5.35E+06,3269337,3269337,0,413050
100,2.91E+08,5.30E+06,3269345,3269345,0,413250
100,2.90E+08,5.30E+06,3269369,3269369,0,409800
100,2.89E+08,5.46E+06,3269371,3269375,0,409000
100,2.90E+08,5.35E+06,3269377,3269378,0,409800
100,2.98E+08,5.33E+06,3269430,3269431,0,433150
100,2.93E+08,5.32E+06,3269435,3269435,0,423000
100,2.90E+08,5.30E+06,3269440,3269440,0,413150
100,2.89E+08,5.37E+06,3269442,3269442,0,409400
100,2.89E+08,5.30E+06,3269450,3269450,0,409000
100,2.90E+08,5.38E+06,3269481,3269481,0,410800
100,2.93E+08,5.34E+06,3269486,3269486,0,423000
100,2.90E+08,5.32E+06,3269492,3269495,0,409950
100,2.93E+08,5.30E+06,3269498,3269498,0,423000
100,2.97E+08,5.30E+06,3269505,3269505,0,432950
100,2.91E+08,5.34E+06,3269517,3269517,0,413250
100,2.90E+08,5.30E+06,3269519,3269517,0,413050
100,2.93E+08,5.35E+06,3269547,3269548,0,422100
100,2.93E+08,5.33E+06,3269553,3269553,0,423000
100,2.94E+08,5.32E+06,3269579,3269578,0,424050
100,2.87E+08,5.53E+06,3269586,3269584,0,401250
100,2.89E+08,5.39E+06,3269600,3269605,0,409000
100,2.93E+08,5.39E+06,3269607,3269606,0,422350
100,2.98E+08,5.33E+06,3269612,3269613,0,432950
100,2.90E+08,5.31E+06,3269626,3269625,0,413050
100,2.93E+08,5.30E+06,3269641,3269641,0,422900
100,2.90E+08,5.30E+06,3269652,3269653,0,409950
100,2.97E+08,5.31E+06,3269659,3269659,0,432950
100,2.90E+08,5.56E+06,3269698,3269698,0,413050
100,2.94E+08,5.31E+06,3269702,3269702,0,423000
100,2.94E+08,5.31E+06,3269709,3269709,0,423000
100,2.90E+08,5.31E+06,3269713,3269713,0,409950
100,2.97E+08,5.34E+06,3269717,3269717,0,432950
100,2.97E+08,5.30E+06,3269726,3269726,0,429900
100,2.90E+08,5.35E+06,3269738,3269738,0,413150
100,2.89E+08,5.47E+06,3269753,3269753,0,409400
100,2.95E+08,5.39E+06,3269755,3269754,0,425800
100,2.90E+08,5.33E+06,3269764,3269764,0,413150
100,2.98E+08,5.30E+06,3269765,3269765,0,432950
100,2.91E+08,5.30E+06,3269767,3269768,0,413250
100,2.90E+08,5.30E+06,3269772,3269770,0,409950
100,2.97E+08,5.30E+06,3269783,3269785,0,429500
100,2.93E+08,5.31E+06,3269802,3269802,0,422900
100,2.93E+08,5.32E+06,3269810,3269814,0,422950
100,2.90E+08,5.30E+06,3269865,3269865,0,413050
100,2.90E+08,5.32E+06,3269879,3269879,0,409750
100,2.93E+08,5.34E+06,3269885,3269885,0,423000
100,2.91E+08,5.30E+06,3269904,3269904,0,413250
100,2.89E+08,5.34E+06,3269905,3269905,0,409000
100,2.98E+08,5.30E+06,3269905,3269905,0,432950
100,2.97E+08,5.32E+06,3269906,3269907,0,432950
100,2.89E+08,5.44E+06,3269907,3269904,0,409400
100,2.90E+08,5.30E+06,3269919,3269919,0,409800
100,2.90E+08,5.39E+06,3269938,3269941,0,413150
100,2.90E+08,5.32E+06,3269938,3269941,0,413150
100,2.90E+08,5.30E+06,3269939,3269937,0,409750
100,2.93E+08,5.32E+06,3269945,3269946,0,422600
100,2.90E+08,5.31E+06,3269949,3269949,0,409750
100,2.90E+08,5.31E+06,3269963,3269964,0,409950
100,2.90E+08,5.37E+06,3269970,3269976,0,409800
100,2.90E+08,5.30E+06,3269980,3269982,0,409950
100,2.90E+08,5.30E+06,3269986,3269983,0,409950
100,2.95E+08,5.44E+06,3269989,3269989,0,424550
100,2.90E+08,5.33E+06,3270003,3270003,0,413150
100,2.96E+08,5.36E+06,3270003,3270003,0,429300
100,2.90E+08,5.36E+06,3270024,3270027,0,409950
100,2.90E+08,5.30E+06,3270032,3270029,0,410800
100,2.93E+08,5.33E+06,3270041,3270043,0,423000
100,2.97E+08,5.34E+06,3270060,3270059,0,432950
100,2.93E+08,5.30E+06,3270073,3270078,0,422900
100,2.90E+08,5.30E+06,3270078,3270078,0,409800
100,2.97E+08,5.31E+06,3270090,3270090,0,432950
100,2.93E+08,5.30E+06,3270099,3270099,0,423000
100,2.97E+08,5.32E+06,3270105,3270105,0,429500
100,2.93E+08,5.30E+06,3270113,3270107,0,422900
100,2.93E+08,5.30E+06,3270129,3270129,0,422350
100,2.93E+08,5.30E+06,3270141,3270143,0,422900
100,2.97E+08,5.33E+06,3270153,3270152,0,429500
100,2.93E+08,5.31E+06,3270161,3270161,0,422950
100,2.93E+08,5.34E+06,3270180,3270174,0,422350
100,2.93E+08,5.30E+06,3270182,3270183,0,423000
100,2.93E+08,5.30E+06,3270201,3270204,0,422950
100,2.98E+08,5.31E+06,3270214,3270214,0,432950
100,2.93E+08,5.30E+06,3270234,3270233,0,422950
100,2.90E+08,5.30E+06,3270235,3270232,0,409750
100,2.94E+08,5.37E+06,3270242,3270242,0,423000
100,2.90E+08,5.73E+06,3270264,3270264,0,413150
100,2.93E+08,5.30E+06,3270294,3270291,0,422900
100,2.97E+08,5.31E+06,3270316,3270316,0,432950
100,2.98E+08,5.59E+06,3270318,3270318,0,433150
100,2.93E+08,5.31E+06,3270323,3270323,0,422900
100,2.94E+08,5.30E+06,3270324,3270321,0,424050
100,2.97E+08,5.30E+06,3270342,3270342,0,429900
100,2.95E+08,5.34E+06,3270344,3270340,0,425800
100,2.93E+08,5.30E+06,3270351,3270353,0,422900
100,2.93E+08,5.31E+06,3270354,3270354,0,422950
100,2.90E+08,5.41E+06,3270369,3270369,0,409750
100,2.97E+08,5.30E+06,3270371,3270372,0,432950
100,2.90E+08,5.32E+06,3270386,3270385,0,409800
100,2.93E+08,5.30E+06,3270401,3270396,0,423000
100,2.98E+08,5.30E+06,3270405,3270405,0,433150
100,2.94E+08,5.46E+06,3270412,3270412,0,424050
100,2.93E+08,5.31E+06,3270418,3270418,0,422900
100,2.90E+08,5.35E+06,3270431,3270431,0,409950
100,2.89E+08,5.68E+06,3270439,3270437,0,409000
100,2.98E+08,5.37E+06,3270440,3270436,0,432950
100,2.93E+08,5.30E+06,3270442,3270442,0,423000
100,2.94E+08,5.30E+06,3270442,3270442,0,423000
100,2.90E+08,5.46E+06,3270444,3270449,0,409950
100,2.94E+08,5.85E+06,3270468,3270470,0,423000
100,2.97E+08,5.34E+06,3270470,3270470,0,429900
100,2.89E+08,5.34E+06,3270471,3270471,0,409400
100,2.98E+08,5.53E+06,3270472,3270472,0,433150
100,2.90E+08,5.33E+06,3270475,3270475,0,409950
100,2.93E+08,5.30E+06,3270521,3270519,0,423000
100,2.93E+08,5.31E+06,3270540,3270544,0,422100
100,2.90E+08,5.95E+06,3270546,3270546,0,409750
100,2.90E+08,5.30E+06,3270564,3270566,0,409950
100,2.93E+08,5.30E+06,3270576,3270575,0,423000
100,2.90E+08,5.30E+06,3270594,3270592,0,410800
100,2.90E+08,5.31E+06,3270601,3270604,0,409800
100,2.90E+08,5.30E+06,3270608,3270607,0,409800
100,2.94E+08,5.37E+06,3270613,3270611,0,423000
100,2.90E+08,5.30E+06,3270624,3270624,0,413150
100,2.93E+08,5.38E+06,3270629,3270628,0,423000
100,2.94E+08,5.30E+06,3270630,3270630,0,423000
100,2.97E+08,5.30E+06,3270635,3270635,0,432950
100,2.98E+08,5.31E+06,3270648,3270650,0,433150
100,2.90E+08,5.37E+06,3270663,3270663,0,409750
100,2.93E+08,5.33E+06,3270684,3270685,0,422350
100,2.90E+08,5.30E+06,3270689,3270693,0,410800
100,2.97E+08,5.39E+06,3270704,3270704,0,429900
100,2.95E+08,5.32E+06,3270710,3270710,0,425800
100,2.93E+08,5.35E+06,3270712,3270711,0,422100
100,2.89E+08,5.31E+06,3270741,3270741,0,409000
100,2.94E+08,5.30E+06,3270749,3270748,0,424050
100,2.90E+08,5.38E+06,3270771,3270772,0,413050
100,2.91E+08,5.30E+06,3270776,3270777,0,413250
100,2.90E+08,5.39E+06,3270781,3270781,0,409950
100,2.97E+08,5.37E+06,3270782,3270780,0,432950
100,2.89E+08,5.36E+06,3270798,3270798,0,406800
100,2.93E+08,5.33E+06,3270808,3270806,0,423000
100,2.94E+08,5.43E+06,3270832,3270832,0,424050
100,2.95E+08,5.30E+06,3270850,3270850,0,425800
100,2.97E+08,5.34E+06,3270863,3270860,0,429900
100,2.93E+08,5.34E+06,3270874,3270871,0,422900
100,2.89E+08,5.38E+06,3270875,3270876,0,409400
100,2.94E+08,5.30E+06,3270877,3270881,0,424050
100,2.90E+08,5.31E+06,3270879,3270878,0,409950
100,2.93E+08,5.30E+06,3270886,3270886,0,421600
100,2.90E+08,5.37E+06,3270888,3270886,0,409950
100,2.94E+08,5.31E+06,3270889,3270888,0,423000
100,2.93E+08,5.32E+06,3270900,3270900,0,423000
100,2.90E+08,5.30E+06,3270910,3270909,0,413050
100,2.89E+08,5.30E+06,3270919,3270917,0,409400
100,2.90E+08,5.38E+06,3270927,3270926,0,410800
100,2.93E+08,5.34E+06,3270927,3270927,0,422900
100,2.98E+08,5.30E+06,3270934,3270934,0,433150
100,2.90E+08,5.59E+06,3270950,3270950,0,409950
100,2.90E+08,5.36E+06,3270971,3270971,0,413050
100,2.90E+08,5.32E+06,3270986,3270986,0,413150
100,2.90E+08,5.40E+06,3270992,3270992,0,413050
100,2.90E+08,5.34E+06,3270994,3270989,0,409950
100,2.91E+08,5.33E+06,3270997,3270997,0,413200
100,2.93E+08,5.32E+06,3271006,3271006,0,422100
100,2.89E+08,5.30E+06,3271069,3271069,0,409400
100,2.93E+08,5.30E+06,3271073,3271072,0,423000
100,2.93E+08,5.30E+06,3271081,3271081,0,422900
100,2.93E+08,5.30E+06,3271083,3271083,0,422950
100,2.89E+08,5.30E+06,3271102,3271102,0,409400
100,2.91E+08,5.30E+06,3271110,3271110,0,414200
100,2.90E+08,5.31E+06,3271121,3271121,0,410800
100,2.93E+08,5.30E+06,3271124,3271125,0,423000
100,2.91E+08,5.30E+06,3271133,3271136,0,414200
100,2.98E+08,5.31E+06,3271138,3271139,0,433150
100,2.89E+08,5.60E+06,3271142,3271140,0,409000
100,2.97E+08,5.32E+06,3271145,3271146,0,432950
100,2.90E+08,5.35E+06,3271156,3271156,0,413150
100,2.90E+08,5.30E+06,3271166,3271166,0,413150
100,2.89E+08,5.33E+06,3271175,3271169,0,409000
100,2.97E+08,5.32E+06,3271175,3271177,0,429900
100,2.93E+08,5.34E+06,3271181,3271185,0,422900
100,2.90E+08,5.30E+06,3271202,3271202,0,409950
100,2.90E+08,5.31E+06,3271204,3271204,0,410800
100,2.90E+08,5.37E+06,3271208,3271208,0,413150
100,2.98E+08,5.30E+06,3271214,3271215,0,433150
100,2.90E+08,5.32E+06,3271227,3271231,0,409800
100,2.89E+08,5.30E+06,3271260,3271261,0,409000
100,2.89E+08,5.41E+06,3271271,3271272,0,409000
100,2.90E+08,5.32E+06,3271325,3271325,0,409950
100,2.97E+08,5.32E+06,3271336,3271334,0,429500
100,2.89E+08,5.38E+06,3271338,3271337,0,409150
100,2.91E+08,5.30E+06,3271367,3271365,0,413200
100,2.93E+08,5.31E+06,3271374,3271374,0,422900
100,2.97E+08,5.35E+06,3271380,3271380,0,432950
100,2.90E+08,5.32E+06,3271381,3271381,0,410800
100,2.90E+08,5.30E+06,3271384,3271384,0,413150
100,2.97E+08,5.35E+06,3271394,3271394,0,432950
100,2.94E+08,5.34E+06,3271402,3271402,0,423000
100,2.98E+08,5.32E+06,3271406,3271406,0,433150
100,2.93E+08,5.35E+06,3271413,3271413,0,422950
100,2.89E+08,5.30E+06,3271416,3271415,0,409400
100,2.97E+08,5.66E+06,3271436,3271433,0,432950
100,2.90E+08,5.31E+06,3271437,3271435,0,410800
100,2.90E+08,5.30E+06,3271442,3271438,0,413150
100,2.93E+08,5.31E+06,3271446,3271446,0,422900
100,2.94E+08,5.30E+06,3271449,3271448,0,424050
100,2.91E+08,5.37E+06,3271457,3271457,0,413200
100,2.93E+08,5.33E+06,3271472,3271472,0,422900
100,2.97E+08,5.31E+06,3271472,3271472,0,432950
100,2.98E+08,5.30E+06,3271494,3271492,0,433150
100,2.93E+08,5.33E+06,3271507,3271509,0,423000
100,2.93E+08,5.31E+06,3271509,3271508,0,422950
100,2.97E+08,5.30E+06,3271511,3271511,0,429500
100,2.91E+08,5.30E+06,3271532,3271532,0,413250
100,2.90E+08,5.31E+06,3271534,3271536,0,410800
100,2.90E+08,5.30E+06,3271534,3271534,0,413150
100,2.91E+08,5.30E+06,3271540,3271541,0,413200
100,2.90E+08,5.32E+06,3271565,3271565,0,413050
100,2.93E+08,5.43E+06,3271568,3271568,0,422950
100,2.93E+08,5.32E+06,3271569,3271568,0,422900
100,2.90E+08,5.30E+06,3271571,3271572,0,409950
100,2.90E+08,5.30E+06,3271576,3271576,0,413050
100,2.93E+08,5.37E+06,3271580,3271576,0,422900
100,2.97E+08,5.45E+06,3271607,3271607,0,432950
100,2.98E+08,5.31E+06,3271617,3271621,0,432950
100,2.90E+08,5.30E+06,3271624,3271619,0,410800
100,2.90E+08,5.36E+06,3271632,3271630,0,410800
100,2.93E+08,5.30E+06,3271636,3271638,0,423000
100,2.93E+08,5.34E+06,3271642,3271645,0,423000
100,2.90E+08,5.32E+06,3271660,3271660,0,413050
100,2.93E+08,5.47E+06,3271670,3271670,0,422900
100,2.96E+08,5.32E+06,3271719,3271720,0,429300
100,2.90E+08,5.30E+06,3271721,3271721,0,409950
100,2.91E+08,5.30E+06,3271725,3271727,0,413250
100,2.90E+08,5.31E+06,3271751,3271748,0,413150
100,2.94E+08,5.31E+06,3271776,3271776,0,424050
100,2.93E+08,5.30E+06,3271795,3271794,0,422900
100,2.90E+08,5.33E+06,3271796,3271796,0,409950
100,2.95E+08,5.42E+06,3271797,3271798,0,425800
100,2.93E+08,5.30E+06,3271800,3271797,0,423000
100,2.94E+08,5.30E+06,3271801,3271801,0,423000
100,2.94E+08,5.40E+06,3271802,3271802,0,423000
100,2.93E+08,5.34E+06,3271829,3271832,0,421650
100,2.89E+08,5.40E+06,3271832,3271833,0,409000
100,2.93E+08,5.33E+06,3271836,3271836,0,422900
100,2.97E+08,5.38E+06,3271837,3271837,0,432950
100,2.97E+08,5.32E+06,3271869,3271869,0,432950
100,2.89E+08,5.40E+06,3271872,3271872,0,409000
100,2.90E+08,5.31E+06,3271888,3271889,0,409950
100,2.93E+08,5.31E+06,3271894,3271894,0,422950
100,2.93E+08,5.30E+06,3271895,3271893,0,423000
100,2.93E+08,5.38E+06,3271906,3271905,0,422950
100,2.97E+08,5.39E+06,3271927,3271926,0,429900
100,2.90E+08,5.30E+06,3271939,3271938,0,413150
100,2.93E+08,5.30E+06,3271944,3271945,0,423000
100,2.97E+08,5.36E+06,3271944,3271940,0,432950
100,2.90E+08,5.30E+06,3271946,3271945,0,413150
100,2.93E+08,5.34E+06,3271975,3271973,0,423000
100,2.93E+08,5.33E+06,3271983,3271983,0,423000
100,2.93E+08,5.30E+06,3272004,3272004,0,422900
100,2.90E+08,5.30E+06,3272007,3272008,0,409950
100,2.90E+08,5.36E+06,3272019,3272019,0,409950
100,2.91E+08,5.32E+06,3272020,3272022,0,413200
100,2.90E+08,5.30E+06,3272038,3272038,0,409950
100,2.93E+08,5.30E+06,3272047,3272047,0,422900
100,2.89E+08,5.34E+06,3272048,3272048,0,409000
100,2.93E+08,5.32E+06,3272097,3272097,0,423000
100,2.97E+08,5.34E+06,3272107,3272105,0,429500
100,2.94E+08,5.36E+06,3272108,3272108,0,423000
100,2.89E+08,5.33E+06,3272116,3272116,0,409400
100,2.93E+08,5.30E+06,3272122,3272122,0,422950
100,2.95E+08,5.30E+06,3272127,3272130,0,425800
100,2.90E+08,5.31E+06,3272137,3272138,0,410800
100,2.98E+08,5.37E+06,3272138,3272138,0,433150
100,2.93E+08,5.34E+06,3272142,3272142,0,422950
100,2.93E+08,5.30E+06,3272143,3272142,0,422350
100,2.90E+08,5.30E+06,3272151,3272151,0,413150
100,2.90E+08,5.38E+06,3272165,3272165,0,413150
100,2.91E+08,5.34E+06,3272167,3272169,0,414200
100,2.97E+08,5.37E+06,3272174,3272174,0,429900
100,2.91E+08,5.30E+06,3272176,3272176,0,413200
100,2.91E+08,5.30E+06,3272178,3272177,0,414200
100,2.97E+08,5.33E+06,3272184,3272184,0,432950
100,2.93E+08,5.47E+06,3272188,3272188,0,422100
100,2.91E+08,5.30E+06,3272205,3272205,0,413200
100,2.93E+08,5.30E+06,3272209,3272211,0,423000
100,2.90E+08,5.32E+06,3272234,3272234,0,413150
100,2.97E+08,5.35E+06,3272247,3272247,0,432950
100,2.91E+08,5.31E+06,3272251,3272250,0,413200
100,2.97E+08,5.36E+06,3272280,3272280,0,432950
100,2.97E+08,5.32E+06,3272286,3272285,0,429500
100,2.94E+08,5.31E+06,3272288,3272287,0,423000
100,2.90E+08,5.32E+06,3272304,3272304,0,413150
100,2.94E+08,5.61E+06,3272305,3272305,0,423000
100,2.91E+08,5.31E+06,3272308,3272301,0,413200
100,2.91E+08,5.34E+06,3272311,3272312,0,413200
100,2.97E+08,5.33E+06,3272316,3272316,0,429900
100,2.97E+08,5.30E+06,3272343,3272342,0,429500
100,2.93E+08,5.30E+06,3272347,3272347,0,423000
100,2.93E+08,5.32E+06,3272361,3272361,0,423000
100,2.94E+08,5.46E+06,3272362,3272358,0,423000
100,2.93E+08,5.31E+06,3272378,3272375,0,422950
100,2.93E+08,5.37E+06,3272378,3272378,0,423000
100,2.91E+08,5.30E+06,3272396,3272396,0,413250
100,2.93E+08,5.46E+06,3272405,3272406,0,422100
100,2.97E+08,5.35E+06,3272413,3272413,0,432950
100,2.97E+08,5.30E+06,3272419,3272419,0,429500
100,2.94E+08,5.30E+06,3272424,3272425,0,423000
100,2.93E+08,5.30E+06,3272432,3272433,0,422950
100,2.97E+08,5.32E+06,3272443,3272443,0,429500
100,2.90E+08,5.34E+06,3272446,3272446,0,413150
100,2.90E+08,5.30E+06,3272469,3272470,0,409800
100,2.90E+08,5.30E+06,3272490,3272488,0,413150
100,2.93E+08,5.34E+06,3272491,3272491,0,422600
100,2.93E+08,5.30E+06,3272500,3272500,0,423000
100,2.89E+08,5.36E+06,3272523,3272520,0,409000
100,2.97E+08,5.35E+06,3272524,3272526,0,429900
100,2.91E+08,5.39E+06,3272525,3272523,0,413250
100,2.90E+08,5.30E+06,3272530,3272527,0,410800
100,2.90E+08,5.30E+06,3272545,3272545,0,413050
100,2.93E+08,5.33E+06,3272551,3272551,0,422900
100,2.90E+08,5.36E+06,3272563,3272562,0,413150
100,2.97E+08,5.32E+06,3272566,3272566,0,429900
100,2.90E+08,5.34E+06,3272586,3272587,0,409800
100,2.98E+08,5.30E+06,3272586,3272586,0,433150
100,2.91E+08,5.36E+06,3272609,3272609,0,413250
100,2.90E+08,5.32E+06,3272628,3272631,0,409750
100,2.90E+08,5.34E+06,3272640,3272637,0,409950
100,2.98E+08,5.32E+06,3272644,3272644,0,433150
100,2.91E+08,5.35E+06,3272645,3272645,0,413150
100,2.94E+08,5.32E+06,3272645,3272642,0,424050
100,2.97E+08,5.32E+06,3272656,3272654,0,432950
100,2.90E+08,5.34E+06,3272664,3272659,0,410800
100,2.91E+08,5.30E+06,3272669,3272669,0,413250
100,2.93E+08,5.44E+06,3272678,3272679,0,423000
100,2.90E+08,5.30E+06,3272687,3272683,0,413150
100,2.94E+08,5.30E+06,3272697,3272697,0,423000
100,2.93E+08,5.35E+06,3272713,3272712,0,421650
100,2.93E+08,5.36E+06,3272721,3272721,0,422900
100,2.93E+08,5.30E+06,3272724,3272721,0,423000
100,2.90E+08,5.31E+06,3272725,3272726,0,413050
100,2.93E+08,5.33E+06,3272727,3272728,0,422950
100,2.93E+08,5.30E+06,3272732,3272736,0,422100
100,2.97E+08,5.33E+06,3272752,3272752,0,429900
100,2.89E+08,5.39E+06,3272763,3272762,0,409000
100,2.98E+08,5.34E+06,3272765,3272760,0,433150
100,2.90E+08,5.33E+06,3272783,3272783,0,409950
100,2.91E+08,5.32E+06,3272790,3272794,0,413200
100,2.89E+08,5.30E+06,3272792,3272792,0,409000
100,2.91E+08,5.30E+06,3272794,3272796,0,413250
100,2.93E+08,5.31E+06,3272799,3272799,0,423000
100,2.90E+08,5.30E+06,3272815,3272815,0,409950
100,2.90E+08,5.35E+06,3272816,3272816,0,413150
100,2.90E+08,5.37E+06,3272821,3272819,0,409950
100,2.89E+08,5.42E+06,3272827,3272828,0,409000
100,2.91E+08,5.30E+06,3272847,3272847,0,413200
100,2.98E+08,5.30E+06,3272865,3272868,0,433150
100,2.97E+08,5.36E+06,3272872,3272867,0,432950
100,2.90E+08,5.31E+06,3272874,3272873,0,413050
100,2.89E+08,5.30E+06,3272881,3272881,0,409400
100,2.93E+08,5.32E+06,3272897,3272893,0,422950
100,2.93E+08,5.34E+06,3272930,3272930,0,422900
100,2.90E+08,5.30E+06,3272945,3272940,0,413150
100,2.97E+08,5.30E+06,3272963,3272963,0,429900
100,2.90E+08,5.32E+06,3272992,3272991,0,409950
100,2.93E+08,5.33E+06,3272992,3272992,0,422900
100,2.93E+08,5.30E+06,3273006,3273006,0,422900
100,2.97E+08,5.35E+06,3273015,3273016,0,429900
100,2.89E+08,5.39E+06,3273026,3273026,0,409000
100,2.90E+08,5.30E+06,3273026,3273026,0,409950
100,2.93E+08,5.35E+06,3273045,3273041,0,422950
100,2.97E+08,5.33E+06,3273068,3273071,0,432950
100,2.97E+08,5.40E+06,3273070,3273068,0,432950
100,2.91E+08,5.31E+06,3273079,3273078,0,413250
100,2.97E+08,5.41E+06,3273079,3273075,0,429900
100,2.93E+08,5.30E+06,3273085,3273089,0,422900
100,2.90E+08,5.32E+06,3273087,3273085,0,410800
100,2.90E+08,5.39E+06,3273094,3273093,0,413050
100,2.93E+08,5.30E+06,3273094,3273094,0,423000
100,2.98E+08,5.33E+06,3273098,3273098,0,433150
100,2.90E+08,5.30E+06,3273105,3273104,0,413150
100,2.93E+08,5.31E+06,3273139,3273139,0,422950
100,2.90E+08,5.37E+06,3273148,3273149,0,409800
100,2.90E+08,5.30E+06,3273150,3273147,0,409800
100,2.93E+08,5.33E+06,3273152,3273152,0,423000
100,2.98E+08,5.38E+06,3273171,3273171,0,433150
100,2.90E+08,5.34E+06,3273177,3273176,0,409950
100,2.94E+08,5.34E+06,3273203,3273201,0,423000
100,2.90E+08,5.30E+06,3273226,3273226,0,409950
100,2.94E+08,5.36E+06,3273230,3273230,0,423000
100,2.94E+08,5.33E+06,3273250,3273251,0,423000
100,2.91E+08,5.45E+06,3273255,3273257,0,413200
100,2.97E+08,5.36E+06,3273259,3273256,0,432950
100,2.93E+08,5.39E+06,3273263,3273262,0,422950
100,2.89E+08,5.79E+06,3273274,3273272,0,409400
100,2.97E+08,5.37E+06,3273283,3273283,0,432950
100,2.93E+08,5.32E+06,3273300,3273298,0,422900
100,2.90E+08,5.30E+06,3273317,3273317,0,413150
100,2.90E+08,5.41E+06,3273318,3273320,0,413150
100,2.93E+08,5.36E+06,3273325,3273324,0,422100
100,2.90E+08,5.30E+06,3273333,3273333,0,413050
100,2.90E+08,5.33E+06,3273339,3273340,0,413050
100,2.91E+08,5.30E+06,3273355,3273355,0,413250
100,2.89E+08,5.32E+06,3273359,3273360,0,409000
100,2.90E+08,5.30E+06,3273405,3273405,0,413050
100,2.90E+08,5.30E+06,3273421,3273422,0,409800
100,2.90E+08,5.31E+06,3273433,3273439,0,413050
100,2.84E+08,5.70E+06,3273434,3273431,0,394900
100,2.89E+08,5.41E+06,3273435,3273437,0,409400
100,2.93E+08,5.33E+06,3273439,3273434,0,422100
100,2.91E+08,5.32E+06,3273453,3273456,0,413200
100,2.91E+08,5.32E+06,3273455,3273455,0,413200
100,2.90E+08,5.31E+06,3273472,3273472,0,413050
100,2.93E+08,5.30E+06,3273474,3273474,0,423000
100,2.89E+08,5.38E+06,3273489,3273485,0,409200
100,2.93E+08,5.32E+06,3273496,3273496,0,423000
100,2.97E+08,5.30E+06,3273497,3273497,0,432950
100,2.90E+08,5.31E+06,3273518,3273518,0,409950
100,2.90E+08,5.31E+06,3273524,3273523,0,413050
100,2.93E+08,5.50E+06,3273528,3273528,0,422100
100,2.89E+08,5.35E+06,3273536,3273536,0,409000
100,2.90E+08,5.30E+06,3273543,3273541,0,410800
100,2.90E+08,5.31E+06,3273546,3273549,0,413050
100,2.93E+08,5.30E+06,3273553,3273553,0,423000
100,2.97E+08,5.30E+06,3273554,3273556,0,432950
100,2.90E+08,5.41E+06,3273555,3273557,0,413150
100,2.94E+08,5.36E+06,3273558,3273553,0,423000
100,2.94E+08,5.31E+06,3273558,3273554,0,423000
100,2.97E+08,5.31E+06,3273594,3273595,0,432950
100,2.90E+08,5.30E+06,3273596,3273595,0,413050
100,2.90E+08,5.36E+06,3273613,3273613,0,409950
100,2.91E+08,5.30E+06,3273617,3273617,0,413200
100,2.97E+08,5.34E+06,3273624,3273623,0,429900
100,2.93E+08,5.35E+06,3273627,3273627,0,422900
100,2.95E+08,5.37E+06,3273644,3273644,0,424550
100,2.93E+08,5.36E+06,3273647,3273645,0,422900
100,2.90E+08,5.32E+06,3273650,3273650,0,413150
100,2.93E+08,5.44E+06,3273651,3273654,0,422900
100,2.93E+08,5.33E+06,3273653,3273653,0,423000
100,2.90E+08,5.30E+06,3273657,3273658,0,413150
100,2.93E+08,5.30E+06,3273669,3273669,0,423000
100,2.97E+08,5.31E+06,3273670,3273670,0,429900
100,2.94E+08,5.30E+06,3273690,3273688,0,423000
100,2.94E+08,5.36E+06,3273720,3273720,0,423000
100,2.90E+08,5.34E+06,3273746,3273741,0,409950
100,2.90E+08,5.30E+06,3273749,3273749,0,409950
100,2.98E+08,5.87E+06,3273753,3273753,0,433150
100,2.89E+08,5.30E+06,3273767,3273767,0,409400
100,2.90E+08,5.30E+06,3273770,3273773,0,409750
100,2.91E+08,5.30E+06,3273783,3273781,0,413200
100,2.89E+08,5.33E+06,3273787,3273786,0,406800
100,2.93E+08,5.30E+06,3273791,3273792,0,422900
100,2.90E+08,5.30E+06,3273795,3273795,0,409750
100,2.90E+08,5.31E+06,3273802,3273800,0,409950
100,2.85E+08,5.47E+06,3273806,3273806,0,398150
100,2.93E+08,5.30E+06,3273818,3273818,0,422600
100,2.90E+08,5.30E+06,3273826,3273827,0,409750
100,2.93E+08,5.30E+06,3273826,3273826,0,422950
100,2.93E+08,5.30E+06,3273832,3273834,0,423000
100,2.90E+08,5.33E+06,3273866,3273866,0,409950
100,2.91E+08,5.30E+06,3273867,3273870,0,413200
100,2.93E+08,5.32E+06,3273875,3273874,0,423000
100,2.93E+08,5.30E+06,3273876,3273876,0,423000
100,2.90E+08,5.30E+06,3273892,3273897,0,413150
100,2.94E+08,5.39E+06,3273892,3273893,0,423000
100,2.90E+08,5.35E+06,3273898,3273898,0,413050
100,2.93E+08,5.32E+06,3273900,3273900,0,422600
100,2.91E+08,5.32E+06,3273903,3273902,0,413200
100,2.90E+08,5.30E+06,3273907,3273907,0,409800
100,2.93E+08,5.42E+06,3273921,3273924,0,422900
100,2.93E+08,5.38E+06,3273926,3273926,0,422900
100,2.90E+08,5.30E+06,3273930,3273930,0,409800
100,2.90E+08,5.34E+06,3273932,3273932,0,413150
100,2.98E+08,5.33E+06,3273944,3273945,0,433150
100,2.97E+08,5.30E+06,3273947,3273947,0,432950
100,2.95E+08,5.34E+06,3273969,3273969,0,425800
100,2.94E+08,5.33E+06,3273980,3273981,0,423000
100,2.93E+08,5.30E+06,3274007,3274010,0,422900
100,2.90E+08,5.30E+06,3274012,3274014,0,409950
100,2.93E+08,5.33E+06,3274014,3274014,0,423000
100,2.90E+08,5.31E+06,3274015,3274015,0,409950
100,2.97E+08,5.30E+06,3274015,3274016,0,432950
100,2.93E+08,5.30E+06,3274018,3274018,0,422900
100,2.91E+08,5.38E+06,3274025,3274025,0,413200
100,2.90E+08,5.34E+06,3274026,3274027,0,409800
100,2.98E+08,5.31E+06,3274052,3274054,0,433150
100,2.90E+08,5.30E+06,3274060,3274060,0,413050
100,2.97E+08,5.32E+06,3274062,3274062,0,429900
100,2.89E+08,5.35E+06,3274069,3274068,0,409000
100,2.93E+08,5.30E+06,3274075,3274073,0,422950
100,2.98E+08,5.30E+06,3274075,3274073,0,433150
100,2.90E+08,5.31E+06,3274092,3274088,0,409750
100,2.93E+08,5.30E+06,3274092,3274096,0,423000
100,2.94E+08,5.31E+06,3274092,3274092,0,423000
100,2.89E+08,5.33E+06,3274097,3274097,0,409000
100,2.91E+08,5.32E+06,3274099,3274099,0,413250
100,2.98E+08,5.30E+06,3274105,3274105,0,433150
100,2.98E+08,5.31E+06,3274109,3274110,0,432950
100,2.90E+08,5.32E+06,3274111,3274111,0,409800
100,2.97E+08,5.30E+06,3274115,3274116,0,432950
100,2.97E+08,5.31E+06,3274121,3274121,0,429900
100,2.97E+08,5.36E+06,3274128,3274126,0,429900
100,2.93E+08,5.30E+06,3274134,3274137,0,422950
100,2.90E+08,5.30E+06,3274135,3274135,0,413150
100,2.90E+08,5.30E+06,3274143,3274138,0,409800
100,2.97E+08,5.31E+06,3274157,3274157,0,429900
100,2.90E+08,5.33E+06,3274171,3274172,0,413150
100,2.98E+08,5.54E+06,3274177,3274179,0,433150
100,2.97E+08,5.35E+06,3274179,3274180,0,432950
100,2.97E+08,5.30E+06,3274182,3274182,0,432950
100,2.90E+08,5.30E+06,3274183,3274183,0,409950
100,2.90E+08,5.33E+06,3274197,3274197,0,413050
100,2.90E+08,5.31E+06,3274203,3274203,0,413050
100,2.93E+08,5.30E+06,3274221,3274222,0,422950
100,2.94E+08,5.32E+06,3274222,3274222,0,424050
100,2.91E+08,5.52E+06,3274249,3274249,0,414200
100,2.93E+08,5.30E+06,3274256,3274256,0,422350
100,2.89E+08,5.33E+06,3274281,3274281,0,409400
100,2.94E+08,5.34E+06,3274289,3274289,0,424050
100,2.94E+08,5.35E+06,3274292,3274293,0,423000
100,2.90E+08,5.30E+06,3274298,3274300,0,409950
100,2.98E+08,5.41E+06,3274321,3274326,0,432950
100,2.91E+08,5.33E+06,3274322,3274322,0,413950
100,2.98E+08,5.30E+06,3274324,3274324,0,432950
100,2.97E+08,5.30E+06,3274343,3274342,0,429900
100,2.90E+08,5.30E+06,3274352,3274352,0,413150
100,2.90E+08,5.31E+06,3274393,3274393,0,413150
100,2.89E+08,5.33E+06,3274395,3274398,0,409400
100,2.93E+08,5.33E+06,3274395,3274395,0,422950
100,2.90E+08,5.34E+06,3274404,3274404,0,409800
100,2.93E+08,5.30E+06,3274410,3274410,0,423000
100,2.89E+08,5.48E+06,3274412,3274412,0,409400
100,2.97E+08,5.30E+06,3274420,3274417,0,429900
100,2.90E+08,5.30E+06,3274428,3274428,0,409950
100,2.89E+08,5.35E+06,3274457,3274457,0,409000
100,2.93E+08,5.30E+06,3274471,3274472,0,423000
100,2.89E+08,5.34E+06,3274473,3274473,0,406800
100,2.94E+08,5.76E+06,3274473,3274473,0,423000
100,2.90E+08,5.33E+06,3274482,3274483,0,413150
100,2.93E+08,5.30E+06,3274485,3274485,0,422900
100,2.93E+08,5.30E+06,3274485,3274484,0,423000
100,2.93E+08,5.38E+06,3274496,3274493,0,423000
100,2.84E+08,5.75E+06,3274501,3274502,0,395100
100,2.93E+08,5.30E+06,3274506,3274504,0,423000
100,2.91E+08,5.35E+06,3274516,3274510,0,413150
100,2.93E+08,5.35E+06,3274521,3274517,0,422600
100,2.93E+08,5.36E+06,3274524,3274517,0,422600
100,2.95E+08,5.30E+06,3274525,3274525,0,425800
100,2.91E+08,5.35E+06,3274527,3274525,0,413200
100,2.91E+08,5.33E+06,3274552,3274553,0,413200
100,2.93E+08,5.31E+06,3274553,3274552,0,422950
100,2.90E+08,5.32E+06,3274555,3274556,0,413150
100,2.90E+08,5.34E+06,3274561,3274561,0,413150
100,2.90E+08,5.31E+06,3274585,3274583,0,413150
100,2.90E+08,5.31E+06,3274585,3274585,0,413150
100,2.93E+08,5.30E+06,3274590,3274590,0,422950
100,2.90E+08,5.53E+06,3274599,3274598,0,409950
100,2.90E+08,5.30E+06,3274602,3274601,0,409800
100,2.90E+08,5.34E+06,3274609,3274608,0,409750
100,2.89E+08,5.53E+06,3274612,3274612,0,409000
100,2.90E+08,5.33E+06,3274617,3274612,0,413150
100,2.90E+08,5.34E+06,3274619,3274618,0,409800
100,2.91E+08,5.31E+06,3274619,3274618,0,413250
100,2.90E+08,5.31E+06,3274625,3274626,0,409800
100,2.90E+08,5.44E+06,3274627,3274628,0,413050
100,2.93E+08,5.40E+06,3274667,3274667,0,422950
100,2.90E+08,5.40E+06,3274669,3274665,0,409950
100,2.97E+08,5.32E+06,3274677,3274677,0,432950
100,2.98E+08,5.31E+06,3274691,3274691,0,432950
100,2.89E+08,5.47E+06,3274695,3274695,0,409000
100,2.90E+08,5.30E+06,3274698,3274698,0,409950
100,2.97E+08,5.32E+06,3274704,3274704,0,429900
100,2.89E+08,5.34E+06,3274714,3274714,0,409400
100,2.91E+08,5.30E+06,3274739,3274739,0,413250
100,2.93E+08,5.31E+06,3274741,3274743,0,423000
100,2.98E+08,5.30E+06,3274752,3274753,0,432950
100,2.98E+08,5.30E+06,3274752,3274752,0,433150
100,2.94E+08,5.32E+06,3274756,3274756,0,423000
100,2.94E+08,5.36E+06,3274788,3274788,0,424050
100,2.90E+08,5.30E+06,3274791,3274792,0,413150
100,2.94E+08,5.33E+06,3274807,3274807,0,423000
100,2.94E+08,5.41E+06,3274816,3274816,0,423000
100,2.90E+08,5.30E+06,3274819,3274819,0,413050
100,2.93E+08,5.33E+06,3274833,3274834,0,422900
100,2.81E+08,5.49E+06,3274855,3274857,0,385450
100,2.97E+08,5.30E+06,3274860,3274855,0,432950
100,2.89E+08,5.61E+06,3274865,3274866,0,409400
100,2.98E+08,5.33E+06,3274869,3274869,0,433150
100,2.90E+08,5.38E+06,3274872,3274872,0,409950
100,2.93E+08,5.33E+06,3274873,3274873,0,421600
100,2.97E+08,5.30E+06,3274878,3274878,0,432950
100,2.91E+08,5.30E+06,3274893,3274891,0,413250
100,2.98E+08,5.34E+06,3274930,3274925,0,433150
100,2.94E+08,5.36E+06,3274934,3274934,0,423000
100,2.91E+08,5.34E+06,3274942,3274942,0,413150
100,2.89E+08,5.34E+06,3274943,3274943,0,409400
100,2.90E+08,5.30E+06,3274952,3274952,0,413050
100,2.89E+08,5.50E+06,3274953,3274954,0,406800
100,2.89E+08,5.36E+06,3274990,3274990,0,409400
100,2.90E+08,5.30E+06,3274991,3274993,0,409800
100,2.89E+08,5.41E+06,3275000,3275000,0,406800
100,2.98E+08,5.36E+06,3275007,3275005,0,433150
100,2.93E+08,5.32E+06,3275030,3275030,0,422350
100,2.97E+08,5.36E+06,3275032,3275032,0,432950
100,2.93E+08,5.31E+06,3275047,3275049,0,422100
100,2.90E+08,5.30E+06,3275080,3275080,0,409950
100,2.91E+08,5.33E+06,3275084,3275086,0,413250
100,2.93E+08,5.36E+06,3275088,3275088,0,422950
100,2.94E+08,5.41E+06,3275092,3275091,0,423000
100,2.98E+08,5.30E+06,3275119,3275123,0,433150
100,2.97E+08,5.32E+06,3275152,3275152,0,432950
100,2.97E+08,5.30E+06,3275161,3275161,0,432950
100,2.89E+08,5.32E+06,3275164,3275165,0,409400
100,2.90E+08,5.36E+06,3275166,3275168,0,413150
100,2.97E+08,5.31E+06,3275193,3275196,0,432950
100,2.90E+08,5.31E+06,3275221,3275222,0,410800
100,2.90E+08,5.33E+06,3275230,3275234,0,409950
100,2.94E+08,5.38E+06,3275245,3275245,0,423000
100,2.97E+08,5.45E+06,3275260,3275259,0,432950
100,2.98E+08,5.32E+06,3275269,3275269,0,433150
100,2.98E+08,5.33E+06,3275294,3275294,0,432950
100,2.90E+08,5.33E+06,3275308,3275308,0,413150
100,2.90E+08,5.36E+06,3275311,3275311,0,413150
100,2.98E+08,5.34E+06,3275317,3275317,0,433150
100,2.97E+08,5.31E+06,3275333,3275333,0,429500
100,2.90E+08,5.30E+06,3275334,3275334,0,413150
100,2.93E+08,5.31E+06,3275341,3275341,0,421600
100,2.97E+08,5.48E+06,3275349,3275349,0,432950
100,2.93E+08,5.30E+06,3275351,3275354,0,423000
100,2.90E+08,5.31E+06,3275357,3275356,0,409950
100,2.93E+08,5.31E+06,3275358,3275352,0,423000
100,2.90E+08,5.30E+06,3275372,3275372,0,409950
100,2.89E+08,5.35E+06,3275376,3275377,0,409000
100,2.90E+08,5.37E+06,3275390,3275390,0,413050
100,2.84E+08,5.60E+06,3275411,3275411,0,394350
100,2.98E+08,5.30E+06,3275427,3275426,0,433150
100,2.90E+08,5.33E+06,3275436,3275433,0,409950
100,2.90E+08,5.32E+06,3275439,3275440,0,409950
100,2.93E+08,5.59E+06,3275444,3275443,0,422900
100,2.93E+08,5.32E+06,3275455,3275455,0,422950
100,2.90E+08,5.30E+06,3275486,3275485,0,409950
100,2.93E+08,5.30E+06,3275504,3275504,0,422100
100,2.90E+08,5.32E+06,3275505,3275498,0,413050
100,2.97E+08,5.32E+06,3275506,3275502,0,432950
100,2.83E+08,5.72E+06,3275511,3275500,0,393250
100,2.90E+08,5.76E+06,3275514,3275516,0,409750
100,2.97E+08,5.30E+06,3275551,3275551,0,432950
100,2.97E+08,5.30E+06,3275556,3275556,0,429900
100,2.90E+08,5.38E+06,3275566,3275563,0,413050
100,2.93E+08,5.30E+06,3275570,3275568,0,422900
100,2.95E+08,5.43E+06,3275570,3275570,0,425800
100,2.93E+08,5.35E+06,3275573,3275574,0,421600
100,2.91E+08,5.33E+06,3275577,3275578,0,413250
100,2.89E+08,5.30E+06,3275609,3275609,0,409400
100,2.97E+08,5.35E+06,3275609,3275608,0,429900
100,2.97E+08,5.30E+06,3275610,3275610,0,432950
100,2.93E+08,5.30E+06,3275616,3275621,0,422900
100,2.93E+08,5.30E+06,3275630,3275630,0,423000
100,2.90E+08,5.34E+06,3275640,3275642,0,409950
100,2.90E+08,5.34E+06,3275644,3275645,0,413150
100,2.93E+08,5.30E+06,3275650,3275651,0,422900
100,2.90E+08,5.45E+06,3275697,3275698,0,413050
100,2.89E+08,5.36E+06,3275699,3275694,0,409400
100,2.93E+08,5.30E+06,3275706,3275706,0,422900
100,2.90E+08,5.31E+06,3275707,3275707,0,413150
100,2.93E+08,5.37E+06,3275720,3275722,0,422100
100,2.93E+08,5.31E+06,3275722,3275722,0,423000
100,2.97E+08,5.47E+06,3275733,3275733,0,429900
100,2.93E+08,5.30E+06,3275736,3275735,0,422900
100,2.97E+08,5.31E+06,3275773,3275775,0,432950
100,2.90E+08,5.30E+06,3275778,3275777,0,410750
100,2.93E+08,5.30E+06,3275789,3275791,0,422950
100,2.97E+08,5.31E+06,3275795,3275797,0,429500
100,2.93E+08,5.35E+06,3275801,3275801,0,422900
100,2.98E+08,5.30E+06,3275827,3275827,0,433150
100,2.93E+08,5.31E+06,3275837,3275838,0,422950
100,2.90E+08,5.31E+06,3275840,3275841,0,413050
100,2.93E+08,5.32E+06,3275860,3275860,0,423000
100,2.97E+08,5.36E+06,3275882,3275887,0,432950
100,2.93E+08,5.32E+06,3275886,3275884,0,423000
100,2.90E+08,5.36E+06,3275896,3275897,0,413050
100,2.93E+08,5.31E+06,3275903,3275902,0,422950
100,2.84E+08,5.58E+06,3275918,3275919,0,394350
100,2.90E+08,5.30E+06,3275927,3275928,0,409950
100,2.98E+08,5.35E+06,3275933,3275937,0,433150
100,2.89E+08,5.44E+06,3275948,3275948,0,409000
100,2.94E+08,5.36E+06,3275966,3275967,0,423000
100,2.98E+08,5.45E+06,3275969,3275971,0,433150
100,2.90E+08,5.38E+06,3275976,3275973,0,409950
100,2.90E+08,5.32E+06,3275990,3275989,0,409800
100,2.89E+08,5.30E+06,3275991,3275991,0,409400
100,2.93E+08,5.30E+06,3276004,3276004,0,422900
100,2.93E+08,5.30E+06,3276015,3276017,0,421600
100,2.93E+08,5.30E+06,3276017,3276017,0,422100
100,2.90E+08,5.42E+06,3276039,3276038,0,409950
100,2.97E+08,5.30E+06,3276043,3276043,0,429900
100,2.94E+08,5.53E+06,3276061,3276057,0,423000
100,2.93E+08,5.31E+06,3276067,3276067,0,422900
100,2.97E+08,5.38E+06,3276067,3276067,0,432950
100,2.93E+08,5.33E+06,3276068,3276068,0,422900
100,2.94E+08,5.36E+06,3276069,3276062,0,423000
100,2.90E+08,5.35E+06,3276087,3276090,0,413050
100,2.90E+08,5.36E+06,3276125,3276125,0,413150
100,2.93E+08,5.33E+06,3276133,3276134,0,422900
100,2.89E+08,5.31E+06,3276144,3276138,0,409000
100,2.93E+08,5.42E+06,3276147,3276146,0,422950
100,2.97E+08,5.35E+06,3276153,3276153,0,432950
100,2.93E+08,5.41E+06,3276154,3276149,0,423000
100,2.91E+08,5.30E+06,3276155,3276155,0,413250
100,2.93E+08,5.34E+06,3276163,3276165,0,422100
100,2.93E+08,5.30E+06,3276167,3276167,0,422350
100,2.97E+08,5.30E+06,3276170,3276170,0,429900
100,2.97E+08,5.30E+06,3276170,3276169,0,432950
100,2.98E+08,5.30E+06,3276176,3276175,0,433150
100,2.94E+08,5.35E+06,3276197,3276197,0,423000
100,2.93E+08,5.39E+06,3276211,3276212,0,422900
100,2.90E+08,5.30E+06,3276233,3276233,0,409800
100,2.94E+08,5.30E+06,3276234,3276234,0,423000
100,2.91E+08,5.30E+06,3276268,3276268,0,413200
100,2.90E+08,5.33E+06,3276286,3276286,0,413050
100,2.98E+08,5.30E+06,3276290,3276290,0,433150
100,2.98E+08,5.31E+06,3276290,3276290,0,433150
100,2.97E+08,5.34E+06,3276297,3276297,0,429900
100,2.91E+08,5.35E+06,3276302,3276291,0,413950
100,2.97E+08,5.34E+06,3276304,3276304,0,429900
100,2.91E+08,5.34E+06,3276311,3276309,0,414200
100,2.97E+08,5.35E+06,3276325,3276324,0,432950
100,2.89E+08,5.32E+06,3276343,3276344,0,409000
100,2.91E+08,5.30E+06,3276353,3276353,0,413250
100,2.89E+08,5.30E+06,3276359,3276363,0,409400
100,2.98E+08,5.35E+06,3276359,3276359,0,433150
100,2.89E+08,5.32E+06,3276363,3276363,0,409400
100,2.90E+08,5.56E+06,3276367,3276364,0,409950
100,2.93E+08,5.32E+06,3276380,3276380,0,422350
100,2.95E+08,5.36E+06,3276382,3276382,0,425800
100,2.93E+08,5.32E+06,3276396,3276397,0,422900
100,2.90E+08,5.35E+06,3276423,3276423,0,409950
100,2.90E+08,5.30E+06,3276428,3276425,0,413150
100,2.94E+08,5.31E+06,3276431,3276433,0,424050
100,2.90E+08,5.30E+06,3276467,3276467,0,409950
100,2.89E+08,5.31E+06,3276471,3276471,0,409400
100,2.98E+08,5.30E+06,3276476,3276479,0,432950
100,2.94E+08,5.34E+06,3276489,3276488,0,423000
100,2.93E+08,5.30E+06,3276528,3276528,0,422900
100,2.93E+08,5.31E+06,3276536,3276536,0,423000
100,2.90E+08,5.30E+06,3276539,3276539,0,409800
100,2.97E+08,5.35E+06,3276539,3276538,0,432950
100,2.93E+08,5.30E+06,3276547,3276547,0,421600
100,2.93E+08,5.33E+06,3276547,3276547,0,423000
100,2.93E+08,5.30E+06,3276573,3276575,0,422350
100,2.89E+08,5.39E+06,3276574,3276574,0,406800
100,2.90E+08,5.32E+06,3276580,3276580,0,409950
100,2.93E+08,5.32E+06,3276582,3276578,0,422900
100,2.98E+08,5.33E+06,3276584,3276580,0,432950
100,2.98E+08,5.31E+06,3276588,3276590,0,433150
100,2.97E+08,5.30E+06,3276589,3276589,0,432950
100,2.93E+08,5.31E+06,3276591,3276591,0,423000
100,2.94E+08,5.30E+06,3276596,3276593,0,423000
100,2.93E+08,5.31E+06,3276604,3276604,0,422900
100,2.91E+08,5.49E+06,3276605,3276606,0,413250
100,2.89E+08,5.62E+06,3276606,3276606,0,409000
100,2.90E+08,5.31E+06,3276606,3276606,0,409800
100,2.90E+08,5.30E+06,3276615,3276615,0,409950
100,2.93E+08,5.30E+06,3276616,3276616,0,422950
100,2.91E+08,5.32E+06,3276643,3276643,0,413250
100,2.94E+08,5.33E+06,3276645,3276645,0,423000
100,2.98E+08,5.30E+06,3276650,3276651,0,432950
100,2.87E+08,5.69E+06,3276652,3276652,0,401250
100,2.93E+08,5.30E+06,3276652,3276647,0,422950
100,2.89E+08,5.51E+06,3276657,3276659,0,409000
100,2.89E+08,5.31E+06,3276658,3276658,0,409000
100,2.93E+08,5.30E+06,3276658,3276656,0,423000
100,2.90E+08,5.32E+06,3276669,3276669,0,409950
100,2.91E+08,5.34E+06,3276671,3276673,0,413250
100,2.93E+08,5.35E+06,3276679,3276679,0,422900
100,2.98E+08,5.34E+06,3276688,3276684,0,433150
100,2.91E+08,5.39E+06,3276694,3276695,0,414200
100,2.98E+08,5.30E+06,3276694,3276694,0,432950
100,2.93E+08,5.33E+06,3276709,3276708,0,422900
100,2.97E+08,5.35E+06,3276711,3276712,0,429900
100,2.93E+08,5.45E+06,3276714,3276713,0,422900
100,2.94E+08,5.31E+06,3276719,3276719,0,423000
100,2.97E+08,5.32E+06,3276719,3276719,0,432950
100,2.90E+08,5.30E+06,3276739,3276739,0,409800
100,2.93E+08,5.39E+06,3276742,3276742,0,422100
100,2.93E+08,5.54E+06,3276748,3276748,0,423000
100,2.97E+08,5.30E+06,3276762,3276762,0,429900
100,2.98E+08,5.30E+06,3276762,3276761,0,433150
100,2.89E+08,5.37E+06,3276773,3276773,0,409000
100,2.90E+08,5.30E+06,3276781,3276779,0,413050
100,2.93E+08,5.31E+06,3276796,3276795,0,422950
100,2.98E+08,5.30E+06,3276798,3276798,0,433150
100,2.90E+08,5.30E+06,3276811,3276811,0,413150
100,2.90E+08,5.38E+06,3276848,3276848,0,413150
100,2.89E+08,5.35E+06,3276878,3276878,0,409000
100,2.93E+08,5.35E+06,3276878,3276877,0,422950
100,2.94E+08,5.34E+06,3276903,3276898,0,423000
100,2.93E+08,5.33E+06,3276930,3276930,0,423000
100,2.93E+08,5.32E+06,3276942,3276943,0,422600
100,2.93E+08,5.30E+06,3276954,3276954,0,423000
100,2.93E+08,5.35E+06,3276973,3276972,0,422350
100,2.97E+08,5.37E+06,3276994,3276986,0,429900
100,2.93E+08,5.30E+06,3277049,3277051,0,422100
100,2.90E+08,5.30E+06,3277053,3277052,0,410800
100,2.90E+08,5.33E+06,3277080,3277079,0,413150
100,2.90E+08,5.30E+06,3277095,3277094,0,410800
100,2.98E+08,5.34E+06,3277117,3277112,0,433150
100,2.90E+08,5.36E+06,3277129,3277129,0,409800
100,2.93E+08,5.30E+06,3277131,3277131,0,422100
100,2.93E+08,5.33E+06,3277145,3277145,0,422950
100,2.83E+08,5.51E+06,3277154,3277154,0,393300
100,2.90E+08,5.30E+06,3277154,3277154,0,413150
100,2.94E+08,5.48E+06,3277161,3277162,0,424050
100,2.98E+08,5.30E+06,3277173,3277174,0,432950
100,2.93E+08,5.30E+06,3277178,3277177,0,423000
100,2.93E+08,5.30E+06,3277200,3277200,0,423000
100,2.93E+08,5.31E+06,3277210,3277211,0,422950
100,2.98E+08,5.33E+06,3277214,3277215,0,433150
100,2.94E+08,5.30E+06,3277220,3277216,0,423000
100,2.90E+08,5.39E+06,3277248,3277248,0,409800
100,2.91E+08,5.30E+06,3277254,3277256,0,413250
100,2.97E+08,5.30E+06,3277257,3277257,0,429900
100,2.93E+08,5.34E+06,3277283,3277283,0,422900
100,2.90E+08,5.30E+06,3277288,3277289,0,409950
100,2.93E+08,5.30E+06,3277291,3277291,0,422900
100,2.93E+08,5.34E+06,3277294,3277293,0,423000
100,2.90E+08,5.30E+06,3277300,3277302,0,413050
100,2.90E+08,5.31E+06,3277308,3277310,0,409750
100,2.89E+08,5.31E+06,3277312,3277308,0,409000
100,2.89E+08,5.35E+06,3277328,3277326,0,409400
100,2.91E+08,5.30E+06,3277329,3277324,0,413200
100,2.93E+08,5.30E+06,3277352,3277353,0,422900
100,2.93E+08,5.30E+06,3277356,3277352,0,422900
100,2.89E+08,5.52E+06,3277368,3277367,0,409400
100,2.89E+08,5.33E+06,3277378,3277378,0,409000
100,2.94E+08,5.40E+06,3277380,3277379,0,423000
100,2.97E+08,5.33E+06,3277382,3277380,0,432950
100,2.90E+08,5.31E+06,3277384,3277384,0,413150
100,2.94E+08,5.30E+06,3277389,3277389,0,424050
100,2.90E+08,5.40E+06,3277407,3277406,0,409800
100,2.85E+08,5.86E+06,3277438,3277437,0,397200
100,2.93E+08,5.30E+06,3277450,3277449,0,422950
100,2.91E+08,5.30E+06,3277456,3277456,0,414200
100,2.89E+08,5.44E+06,3277464,3277460,0,409400
100,2.91E+08,5.35E+06,3277481,3277484,0,413250
100,2.93E+08,5.34E+06,3277484,3277487,0,423000
100,2.97E+08,5.33E+06,3277490,3277490,0,429900
100,2.94E+08,5.37E+06,3277491,3277491,0,424050
100,2.89E+08,5.96E+06,3277507,3277508,0,408650
100,2.93E+08,5.36E+06,3277509,3277509,0,422950
100,2.90E+08,5.36E+06,3277517,3277516,0,409950
100,2.93E+08,5.30E+06,3277517,3277519,0,422950
100,2.93E+08,5.30E+06,3277547,3277544,0,422950
100,2.93E+08,5.35E+06,3277566,3277566,0,423000
100,2.90E+08,5.40E+06,3277578,3277578,0,413150
100,2.89E+08,5.35E+06,3277581,3277582,0,409000
100,2.95E+08,5.30E+06,3277581,3277576,0,425800
100,2.90E+08,5.30E+06,3277587,3277588,0,409950
100,2.93E+08,5.46E+06,3277599,3277599,0,422350
100,2.90E+08,5.31E+06,3277602,3277602,0,409800
100,2.90E+08,5.30E+06,3277615,3277616,0,413150
100,2.93E+08,5.30E+06,3277641,3277641,0,423000
100,2.90E+08,5.30E+06,3277648,3277647,0,413150
100,2.98E+08,5.30E+06,3277656,3277652,0,432950
100,2.93E+08,5.36E+06,3277663,3277665,0,422350
100,2.98E+08,5.31E+06,3277666,3277666,0,432950
100,2.91E+08,5.30E+06,3277672,3277674,0,414200
100,2.97E+08,5.38E+06,3277702,3277702,0,432950
100,2.90E+08,5.31E+06,3277710,3277709,0,409950
100,2.94E+08,5.30E+06,3277721,3277721,0,423000
100,2.94E+08,5.30E+06,3277736,3277736,0,423000
100,2.89E+08,5.35E+06,3277750,3277749,0,409000
100,2.90E+08,5.30E+06,3277754,3277754,0,413050
100,2.91E+08,5.31E+06,3277782,3277779,0,413200
100,2.98E+08,5.31E+06,3277789,3277789,0,433150
100,2.97E+08,5.30E+06,3277798,3277798,0,429900
100,2.90E+08,5.30E+06,3277821,3277821,0,409950
100,2.98E+08,5.35E+06,3277825,3277825,0,433150
100,2.94E+08,5.31E+06,3277829,3277829,0,424050
100,2.90E+08,5.38E+06,3277832,3277832,0,413050
100,2.90E+08,5.31E+06,3277842,3277841,0,410800
100,2.93E+08,5.30E+06,3277850,3277851,0,422900
100,2.91E+08,5.30E+06,3277858,3277858,0,413250
100,2.97E+08,5.37E+06,3277874,3277872,0,432950
100,2.91E+08,5.30E+06,3277879,3277879,0,413250
100,2.93E+08,5.34E+06,3277881,3277880,0,423000
100,2.89E+08,5.31E+06,3277886,3277885,0,409000
100,2.93E+08,5.39E+06,3277922,3277922,0,423000
100,2.98E+08,5.30E+06,3277924,3277924,0,433150
100,2.93E+08,5.32E+06,3277928,3277929,0,422900
100,2.90E+08,5.31E+06,3277935,3277941,0,410800
100,2.90E+08,5.50E+06,3277978,3277978,0,409950
100,2.93E+08,5.35E+06,3277981,3277981,0,423000
100,2.93E+08,5.31E+06,3277983,3277985,0,423000
100,2.93E+08,5.35E+06,3277990,3277991,0,422350
100,2.90E+08,5.34E+06,3277999,3277997,0,409750
100,2.98E+08,5.33E+06,3278027,3278027,0,433150
100,2.90E+08,5.38E+06,3278034,3278034,0,410800
100,2.90E+08,5.30E+06,3278040,3278041,0,413150
100,2.90E+08,5.30E+06,3278054,3278053,0,413050
100,2.89E+08,5.30E+06,3278073,3278071,0,409400
100,2.90E+08,5.30E+06,3278092,3278092,0,409950
100,2.93E+08,5.30E+06,3278101,3278101,0,422900
100,2.89E+08,5.34E+06,3278111,3278111,0,409150
100,2.93E+08,5.31E+06,3278126,3278127,0,422350
100,2.97E+08,5.30E+06,3278130,3278132,0,429900
100,2.93E+08,5.30E+06,3278136,3278136,0,422350
100,2.97E+08,5.34E+06,3278142,3278140,0,432950
100,2.91E+08,5.33E+06,3278151,3278149,0,413200
100,2.91E+08,5.31E+06,3278158,3278160,0,414200
100,2.90E+08,5.33E+06,3278159,3278160,0,409950
100,2.90E+08,5.30E+06,3278198,3278198,0,409950
100,2.97E+08,5.49E+06,3278198,3278202,0,432950
100,2.91E+08,5.30E+06,3278202,3278199,0,413200
100,2.93E+08,5.30E+06,3278208,3278209,0,423000
100,2.97E+08,5.37E+06,3278229,3278229,0,432950
100,2.97E+08,5.30E+06,3278231,3278233,0,432950
100,2.90E+08,5.34E+06,3278232,3278232,0,409750
100,2.94E+08,5.30E+06,3278251,3278251,0,423000
100,2.89E+08,5.31E+06,3278275,3278275,0,409000
100,2.90E+08,5.32E+06,3278276,3278276,0,409950
100,2.97E+08,5.36E+06,3278276,3278279,0,432950
100,2.93E+08,5.30E+06,3278277,3278275,0,423000
100,2.89E+08,5.35E+06,3278294,3278294,0,409000
100,2.91E+08,5.37E+06,3278300,3278301,0,413250
100,2.90E+08,5.42E+06,3278303,3278305,0,413050
100,2.93E+08,5.40E+06,3278340,3278340,0,422900
100,2.90E+08,5.30E+06,3278362,3278362,0,409950
100,2.94E+08,5.33E+06,3278365,3278365,0,423000
100,2.89E+08,5.30E+06,3278375,3278375,0,409400
100,2.91E+08,5.30E+06,3278407,3278406,0,413200
100,2.89E+08,5.42E+06,3278408,3278412,0,406800
100,2.94E+08,5.31E+06,3278409,3278407,0,424050
100,2.93E+08,5.30E+06,3278422,3278420,0,422900
100,2.94E+08,5.34E+06,3278452,3278452,0,423000
100,2.93E+08,5.30E+06,3278460,3278456,0,423000
100,2.97E+08,5.30E+06,3278461,3278464,0,432950
100,2.93E+08,5.30E+06,3278463,3278464,0,422900
100,2.90E+08,5.33E+06,3278490,3278490,0,409800
100,2.90E+08,5.30E+06,3278495,3278496,0,413150
100,2.93E+08,5.31E+06,3278495,3278496,0,422950
100,2.89E+08,5.36E+06,3278498,3278498,0,409000
100,2.98E+08,5.30E+06,3278508,3278508,0,433150
100,2.93E+08,5.59E+06,3278515,3278514,0,423000
100,2.89E+08,5.39E+06,3278524,3278523,0,409200
100,2.89E+08,5.33E+06,3278531,3278532,0,409000
100,2.90E+08,5.32E+06,3278535,3278535,0,409950
100,2.97E+08,5.33E+06,3278566,3278566,0,432950
100,2.93E+08,5.30E+06,3278567,3278565,0,422100
100,2.93E+08,5.30E+06,3278629,3278632,0,422900
100,2.93E+08,5.32E+06,3278631,3278630,0,422950
100,2.90E+08,5.30E+06,3278642,3278643,0,413150
100,2.90E+08,5.34E+06,3278646,3278646,0,409800
100,2.93E+08,5.30E+06,3278665,3278665,0,422950
100,2.93E+08,5.36E+06,3278680,3278679,0,422900
100,2.97E+08,5.33E+06,3278688,3278690,0,429900
100,2.93E+08,5.30E+06,3278694,3278694,0,422350
100,2.93E+08,5.30E+06,3278696,3278696,0,423000
100,2.98E+08,5.30E+06,3278701,3278701,0,432950
100,2.93E+08,5.30E+06,3278721,3278721,0,423000
100,2.93E+08,5.31E+06,3278722,3278722,0,423000
100,2.93E+08,5.30E+06,3278722,3278724,0,423000
100,2.93E+08,5.30E+06,3278733,3278733,0,423000
100,2.90E+08,5.30E+06,3278745,3278746,0,410800
100,2.90E+08,5.30E+06,3278753,3278757,0,413150
100,2.89E+08,5.31E+06,3278754,3278753,0,409400
100,2.90E+08,5.30E+06,3278757,3278756,0,409800
100,2.97E+08,5.36E+06,3278762,3278762,0,429500
100,2.90E+08,5.31E+06,3278765,3278765,0,409800
100,2.94E+08,5.39E+06,3278765,3278765,0,423000
100,2.90E+08,5.33E+06,3278771,3278771,0,409800
100,2.91E+08,5.38E+06,3278771,3278771,0,413200
100,2.93E+08,5.30E+06,3278780,3278772,0,422350
100,2.98E+08,5.32E+06,3278785,3278785,0,433150
100,2.93E+08,5.32E+06,3278835,3278833,0,421600
100,2.98E+08,5.34E+06,3278836,3278838,0,432950
100,2.91E+08,5.30E+06,3278838,3278839,0,413200
100,2.98E+08,5.32E+06,3278857,3278857,0,433150
100,2.93E+08,5.32E+06,3278863,3278864,0,422900
100,2.97E+08,5.34E+06,3278878,3278877,0,429900
100,2.93E+08,5.33E+06,3278885,3278885,0,422900
100,2.90E+08,5.33E+06,3278893,3278893,0,409950
100,2.93E+08,5.34E+06,3278901,3278901,0,422350
100,2.90E+08,5.30E+06,3278909,3278909,0,413150
100,2.98E+08,5.30E+06,3278915,3278915,0,433150
100,2.98E+08,5.35E+06,3278915,3278915,0,433150
100,2.93E+08,5.30E+06,3278921,3278922,0,422950
100,2.91E+08,5.30E+06,3278942,3278942,0,413200
100,2.89E+08,5.32E+06,3278943,3278942,0,409400
100,2.93E+08,5.42E+06,3278956,3278956,0,422350
100,2.94E+08,5.30E+06,3278958,3278960,0,424050
100,2.90E+08,5.31E+06,3278961,3278961,0,409950
100,2.93E+08,5.30E+06,3278975,3278975,0,422950
100,2.93E+08,5.30E+06,3278975,3278975,0,422950
100,2.85E+08,5.72E+06,3278985,3278983,0,397200
100,2.90E+08,5.31E+06,3278995,3278995,0,409950
100,2.95E+08,5.33E+06,3279019,3279019,0,424550
100,2.90E+08,5.35E+06,3279029,3279029,0,413050
100,2.89E+08,5.30E+06,3279049,3279050,0,409000
100,2.93E+08,5.34E+06,3279054,3279053,0,422950
100,2.94E+08,5.34E+06,3279055,3279055,0,423000
100,2.97E+08,5.31E+06,3279066,3279066,0,429500
100,2.91E+08,5.31E+06,3279068,3279068,0,414200
100,2.90E+08,5.34E+06,3279081,3279081,0,410800
100,2.93E+08,5.30E+06,3279086,3279087,0,422100
100,2.93E+08,5.30E+06,3279103,3279102,0,422950
100,2.98E+08,5.30E+06,3279103,3279104,0,433150
100,2.93E+08,5.35E+06,3279114,3279114,0,422350
100,2.89E+08,5.42E+06,3279124,3279121,0,409000
100,2.93E+08,5.30E+06,3279124,3279125,0,423000
100,2.91E+08,5.34E+06,3279136,3279136,0,413200
100,2.93E+08,5.30E+06,3279162,3279164,0,422900
100,2.93E+08,5.31E+06,3279163,3279163,0,423000
100,2.89E+08,5.36E+06,3279171,3279171,0,409400
100,2.90E+08,5.31E+06,3279175,3279177,0,409800
100,2.90E+08,5.30E+06,3279179,3279179,0,409950
100,2.95E+08,5.30E+06,3279179,3279179,0,424550
100,2.90E+08,5.30E+06,3279197,3279196,0,413150
100,2.97E+08,5.30E+06,3279197,3279196,0,432950
100,2.93E+08,5.41E+06,3279207,3279208,0,423000
100,2.90E+08,5.34E+06,3279208,3279208,0,413150
100,2.89E+08,5.34E+06,3279209,3279209,0,409000
100,2.90E+08,5.31E+06,3279229,3279226,0,413150
100,2.90E+08,5.31E+06,3279230,3279228,0,413150
100,2.90E+08,5.30E+06,3279238,3279236,0,413150
100,2.93E+08,5.32E+06,3279244,3279244,0,422900
100,2.93E+08,5.31E+06,3279246,3279244,0,422900
100,2.90E+08,5.31E+06,3279250,3279251,0,409950
100,2.90E+08,5.32E+06,3279273,3279277,0,409950
100,2.90E+08,5.35E+06,3279278,3279279,0,413050
100,2.90E+08,5.30E+06,3279287,3279287,0,409950
100,2.89E+08,5.31E+06,3279291,3279292,0,409400
100,2.90E+08,5.34E+06,3279310,3279311,0,413150
100,2.93E+08,5.32E+06,3279316,3279314,0,422350
100,2.93E+08,5.31E+06,3279317,3279314,0,422950
100,2.93E+08,5.33E+06,3279330,3279327,0,422950
100,2.94E+08,5.30E+06,3279332,3279330,0,423000
100,2.93E+08,5.34E+06,3279349,3279349,0,422900
100,2.90E+08,5.30E+06,3279360,3279361,0,409950
100,2.91E+08,5.30E+06,3279366,3279361,0,413200
100,2.89E+08,5.34E+06,3279367,3279368,0,409000
100,2.90E+08,5.58E+06,3279368,3279370,0,413050
100,2.90E+08,5.34E+06,3279386,3279386,0,409950
100,2.90E+08,5.30E+06,3279386,3279387,0,413150
100,2.93E+08,5.34E+06,3279386,3279386,0,422900
100,2.93E+08,5.30E+06,3279386,3279386,0,423000
100,2.97E+08,5.30E+06,3279389,3279389,0,429900
100,2.90E+08,5.31E+06,3279401,3279399,0,409800
100,2.95E+08,5.31E+06,3279404,3279403,0,425800
100,2.95E+08,5.38E+06,3279407,3279407,0,425800
100,2.97E+08,5.30E+06,3279413,3279412,0,432950
100,2.90E+08,5.30E+06,3279415,3279415,0,409800
100,2.90E+08,5.30E+06,3279426,3279425,0,409950
100,2.91E+08,5.35E+06,3279429,3279432,0,413250
100,2.89E+08,5.30E+06,3279432,3279433,0,409000
100,2.90E+08,5.30E+06,3279433,3279430,0,413050
100,2.90E+08,5.30E+06,3279438,3279434,0,413050
100,2.97E+08,5.30E+06,3279451,3279454,0,429900
100,2.90E+08,5.32E+06,3279459,3279459,0,409950
100,2.94E+08,5.34E+06,3279472,3279472,0,423000
100,2.90E+08,5.30E+06,3279480,3279464,0,409800
100,2.93E+08,5.31E+06,3279487,3279484,0,422900
100,2.97E+08,5.31E+06,3279506,3279503,0,432950
100,2.91E+08,5.39E+06,3279510,3279513,0,413250
100,2.93E+08,5.30E+06,3279525,3279527,0,422900
100,2.90E+08,5.34E+06,3279544,3279540,0,409950
100,2.93E+08,5.30E+06,3279546,3279547,0,422350
100,2.98E+08,5.32E+06,3279546,3279546,0,433150
100,2.93E+08,5.39E+06,3279549,3279548,0,423000
100,2.93E+08,5.32E+06,3279554,3279554,0,423000
100,2.93E+08,5.38E+06,3279569,3279564,0,422950
100,2.97E+08,5.30E+06,3279573,3279573,0,432950
100,2.90E+08,5.30E+06,3279603,3279600,0,409800
100,2.90E+08,5.30E+06,3279604,3279604,0,409800
100,2.97E+08,5.32E+06,3279607,3279607,0,432950
100,2.97E+08,5.30E+06,3279610,3279609,0,429500
100,2.89E+08,5.33E+06,3279614,3279614,0,409000
100,2.90E+08,5.31E+06,3279631,3279632,0,413050
100,2.98E+08,5.33E+06,3279635,3279635,0,433150
100,2.93E+08,5.37E+06,3279636,3279640,0,422600
100,2.90E+08,5.32E+06,3279650,3279651,0,413050
100,2.90E+08,5.30E+06,3279657,3279657,0,409950
100,2.97E+08,5.30E+06,3279659,3279661,0,429500
100,2.97E+08,5.31E+06,3279667,3279668,0,429500
100,2.90E+08,5.30E+06,3279668,3279668,0,409950
100,2.93E+08,5.33E+06,3279669,3279668,0,422900
100,2.89E+08,5.35E+06,3279672,3279672,0,409000
100,2.97E+08,5.30E+06,3279680,3279678,0,429900
100,2.98E+08,5.31E+06,3279680,3279679,0,432950
100,2.93E+08,5.30E+06,3279687,3279687,0,422950
100,2.90E+08,5.31E+06,3279691,3279691,0,413150
100,2.93E+08,5.34E+06,3279702,3279702,0,422900
100,2.90E+08,5.30E+06,3279706,3279706,0,409950
100,2.90E+08,5.30E+06,3279711,3279711,0,410800
100,2.93E+08,5.40E+06,3279712,3279714,0,422900
100,2.93E+08,5.30E+06,3279713,3279712,0,422600
100,2.94E+08,5.30E+06,3279721,3279718,0,423000
100,2.94E+08,5.39E+06,3279724,3279724,0,423000
100,2.93E+08,5.41E+06,3279725,3279724,0,422900
100,2.90E+08,5.30E+06,3279734,3279734,0,410800
100,2.90E+08,5.30E+06,3279747,3279747,0,410800
100,2.93E+08,5.34E+06,3279747,3279748,0,422900
100,2.98E+08,5.30E+06,3279768,3279767,0,433150
100,2.93E+08,5.33E+06,3279775,3279774,0,422950
100,2.93E+08,5.30E+06,3279776,3279778,0,422950
100,2.90E+08,5.30E+06,3279792,3279792,0,413150
100,2.98E+08,5.40E+06,3279816,3279816,0,432950
100,2.90E+08,5.51E+06,3279832,3279832,0,410800
100,2.93E+08,5.30E+06,3279848,3279847,0,422950
100,2.93E+08,5.31E+06,3279854,3279851,0,422900
100,2.90E+08,5.30E+06,3279879,3279882,0,409800
100,2.90E+08,5.31E+06,3279881,3279883,0,409800
100,2.93E+08,5.50E+06,3279893,3279892,0,422900
100,2.98E+08,5.40E+06,3279900,3279899,0,433150
100,2.97E+08,5.88E+06,3279903,3279903,0,429900
100,2.89E+08,5.40E+06,3279910,3279911,0,409400
100,2.93E+08,5.30E+06,3279911,3279912,0,422900
100,2.97E+08,5.46E+06,3279918,3279918,0,432950
100,2.98E+08,5.39E+06,3279947,3279945,0,433150
100,2.98E+08,5.30E+06,3279953,3279953,0,432950
100,2.97E+08,5.31E+06,3279954,3279955,0,429900
100,2.90E+08,5.31E+06,3279955,3279954,0,410800
100,2.90E+08,5.44E+06,3279963,3279963,0,410800
100,2.97E+08,5.34E+06,3279965,3279969,0,429900
100,2.93E+08,5.30E+06,3279968,3279967,0,422900
100,2.93E+08,5.34E+06,3279975,3279975,0,423000
100,2.93E+08,5.30E+06,3279991,3279992,0,423000
100,2.90E+08,5.30E+06,3280005,3280006,0,413150
100,2.90E+08,5.33E+06,3280017,3280018,0,413150
100,2.93E+08,5.31E+06,3280045,3280045,0,422100
100,2.91E+08,5.31E+06,3280052,3280051,0,413250
100,2.90E+08,5.33E+06,3280055,3280056,0,413050
100,2.90E+08,5.32E+06,3280066,3280065,0,409800
100,2.89E+08,5.35E+06,3280081,3280080,0,409400
100,2.97E+08,5.30E+06,3280093,3280094,0,432950
100,2.90E+08,5.30E+06,3280100,3280100,0,413050
100,2.98E+08,5.30E+06,3280101,3280098,0,433150
100,2.93E+08,5.30E+06,3280129,3280131,0,423000
100,2.89E+08,5.32E+06,3280131,3280128,0,409000
100,2.93E+08,5.32E+06,3280147,3280147,0,423000
100,2.94E+08,5.30E+06,3280167,3280165,0,424050
100,2.90E+08,5.31E+06,3280172,3280172,0,410800
100,2.98E+08,5.31E+06,3280176,3280176,0,433150
100,2.93E+08,5.31E+06,3280181,3280181,0,423000
100,2.89E+08,5.30E+06,3280198,3280198,0,409000
100,2.93E+08,5.30E+06,3280200,3280200,0,422600
100,2.94E+08,5.30E+06,3280200,3280200,0,424050
100,2.94E+08,5.31E+06,3280202,3280202,0,423000
100,2.89E+08,5.30E+06,3280206,3280206,0,409000
100,2.98E+08,5.30E+06,3280213,3280211,0,433150
100,2.97E+08,5.30E+06,3280215,3280216,0,429900
100,2.93E+08,5.39E+06,3280225,3280225,0,422900
100,2.91E+08,5.32E+06,3280249,3280250,0,413200
100,2.98E+08,5.34E+06,3280251,3280250,0,433150
100,2.94E+08,5.31E+06,3280254,3280254,0,424050
100,2.90E+08,5.30E+06,3280260,3280259,0,409950
100,2.83E+08,5.81E+06,3280286,3280286,0,393250
100,2.93E+08,5.49E+06,3280286,3280287,0,422950
100,2.98E+08,5.33E+06,3280286,3280285,0,433150
100,2.90E+08,5.34E+06,3280291,3280291,0,413150
100,2.93E+08,5.30E+06,3280318,3280316,0,422900
100,2.91E+08,5.38E+06,3280324,3280325,0,413250
100,2.90E+08,5.30E+06,3280335,3280336,0,409950
100,2.90E+08,5.33E+06,3280351,3280351,0,413050
100,2.98E+08,5.30E+06,3280351,3280350,0,433150
100,2.90E+08,5.33E+06,3280355,3280355,0,409950
100,2.97E+08,5.32E+06,3280378,3280378,0,429500
100,2.94E+08,5.30E+06,3280382,3280377,0,424050
100,2.90E+08,5.34E+06,3280396,3280397,0,413150
100,2.90E+08,5.30E+06,3280421,3280421,0,409800
100,2.94E+08,5.30E+06,3280426,3280427,0,423000
100,2.93E+08,5.31E+06,3280427,3280427,0,422950
100,2.90E+08,5.31E+06,3280429,3280428,0,410800
100,2.94E+08,5.30E+06,3280431,3280431,0,423000
100,2.94E+08,5.40E+06,3280436,3280437,0,423000
100,2.93E+08,5.32E+06,3280438,3280438,0,422100
100,2.90E+08,5.30E+06,3280446,3280446,0,413150
100,2.89E+08,5.33E+06,3280458,3280454,0,409400
100,2.93E+08,5.32E+06,3280460,3280460,0,423000
100,2.97E+08,5.34E+06,3280466,3280464,0,429500
100,2.94E+08,5.44E+06,3280469,3280466,0,423000
100,2.90E+08,5.33E+06,3280471,3280473,0,409800
100,2.93E+08,5.30E+06,3280496,3280495,0,422100
100,2.79E+08,5.63E+06,3280507,3280505,0,378600
100,2.97E+08,5.38E+06,3280507,3280507,0,432950
100,2.90E+08,5.31E+06,3280511,3280511,0,409950
100,2.90E+08,5.30E+06,3280521,3280520,0,413150
100,2.98E+08,5.32E+06,3280539,3280539,0,433150
100,2.93E+08,5.30E+06,3280551,3280551,0,423000
100,2.98E+08,5.39E+06,3280554,3280554,0,433150
100,2.91E+08,5.30E+06,3280561,3280560,0,413250
100,2.98E+08,5.34E+06,3280566,3280562,0,432950
100,2.90E+08,5.30E+06,3280570,3280568,0,409950
100,2.98E+08,5.32E+06,3280571,3280571,0,433150
100,2.98E+08,5.32E+06,3280572,3280568,0,433150
100,2.93E+08,5.32E+06,3280585,3280586,0,422950
100,2.94E+08,5.35E+06,3280595,3280595,0,423000
100,2.94E+08,5.35E+06,3280600,3280600,0,423000
100,2.90E+08,5.33E+06,3280618,3280618,0,409800
100,2.90E+08,5.30E+06,3280620,3280616,0,409950
100,2.90E+08,5.30E+06,3280632,3280632,0,409800
100,2.89E+08,5.38E+06,3280643,3280642,0,409000
100,2.97E+08,5.30E+06,3280647,3280647,0,429900
100,2.90E+08,5.31E+06,3280658,3280662,0,413150
100,2.93E+08,5.30E+06,3280659,3280651,0,422900
100,2.96E+08,5.32E+06,3280664,3280668,0,429300
100,2.97E+08,5.37E+06,3280667,3280667,0,429900
100,2.93E+08,5.31E+06,3280692,3280692,0,422950
100,2.90E+08,5.31E+06,3280697,3280697,0,409800
100,2.97E+08,5.30E+06,3280701,3280699,0,432950
100,2.93E+08,5.30E+06,3280716,3280716,0,422950
100,2.93E+08,5.36E+06,3280724,3280725,0,421600
100,2.90E+08,5.33E+06,3280729,3280727,0,410800
100,2.93E+08,5.33E+06,3280751,3280750,0,423000
100,2.90E+08,5.30E+06,3280754,3280754,0,413050
100,2.90E+08,5.31E+06,3280756,3280756,0,409800
100,2.90E+08,5.30E+06,3280758,3280758,0,410750
100,2.91E+08,5.30E+06,3280768,3280768,0,414200
100,2.97E+08,5.30E+06,3280771,3280766,0,432950
100,2.90E+08,5.36E+06,3280773,3280773,0,409800
100,2.97E+08,5.31E+06,3280790,3280788,0,429900
100,2.93E+08,5.61E+06,3280792,3280792,0,422900
100,2.93E+08,5.30E+06,3280797,3280794,0,422900
100,2.91E+08,5.34E+06,3280800,3280799,0,413950
100,2.94E+08,5.65E+06,3280805,3280803,0,423000
100,2.97E+08,5.32E+06,3280809,3280808,0,429500
100,2.90E+08,5.32E+06,3280812,3280808,0,413150
100,2.90E+08,5.30E+06,3280827,3280827,0,409800
100,2.90E+08,5.32E+06,3280837,3280839,0,409950
100,2.93E+08,5.30E+06,3280840,3280840,0,423000
100,2.95E+08,5.30E+06,3280852,3280852,0,425800
100,2.94E+08,5.40E+06,3280855,3280856,0,424050
100,2.93E+08,5.34E+06,3280863,3280859,0,422900
100,2.97E+08,5.44E+06,3280914,3280910,0,429500
100,2.94E+08,5.41E+06,3280919,3280919,0,423000
100,2.93E+08,5.43E+06,3280922,3280917,0,423000
100,2.97E+08,5.30E+06,3280928,3280927,0,432950
100,2.90E+08,5.32E+06,3280930,3280934,0,413150
100,2.90E+08,5.32E+06,3280936,3280936,0,410800
100,2.93E+08,5.31E+06,3280941,3280942,0,422950
100,2.90E+08,5.31E+06,3280951,3280951,0,410750
100,2.93E+08,5.33E+06,3280968,3280968,0,422350
100,2.90E+08,5.31E+06,3280969,3280969,0,413150
100,2.97E+08,5.30E+06,3280980,3271194,0,429500
100,2.91E+08,5.37E+06,3280994,3280994,0,413200
100,2.90E+08,5.34E+06,3281004,3281002,0,413150
100,2.90E+08,5.30E+06,3281016,3281015,0,409800
100,2.90E+08,5.30E+06,3281027,3281032,0,409800
100,2.90E+08,5.30E+06,3281038,3281037,0,413150
100,2.90E+08,5.31E+06,3281042,3281041,0,409950
100,2.93E+08,5.30E+06,3281052,3281055,0,423000
100,2.98E+08,5.32E+06,3281054,3281054,0,433150
100,2.90E+08,5.36E+06,3281068,3281064,0,413050
100,2.94E+08,5.30E+06,3281072,3281072,0,424050
100,2.97E+08,5.37E+06,3281088,3281086,0,432950
100,2.95E+08,5.40E+06,3281091,3281090,0,425800
100,2.98E+08,5.31E+06,3281116,3281110,0,433150
100,2.90E+08,5.33E+06,3281127,3281126,0,409950
100,2.94E+08,5.33E+06,3281138,3281137,0,423000
100,2.93E+08,5.30E+06,3281140,3281140,0,422950
100,2.87E+08,5.41E+06,3281149,3281146,0,401250
100,2.90E+08,5.30E+06,3281149,3281149,0,413150
100,2.90E+08,5.36E+06,3281156,3281156,0,413150
100,2.93E+08,5.36E+06,3281168,3281167,0,421500
100,2.90E+08,5.30E+06,3281184,3281184,0,410800
100,2.93E+08,5.31E+06,3281184,3281184,0,422900
100,2.89E+08,5.34E+06,3281194,3281189,0,409000
100,2.93E+08,5.30E+06,3281195,3281196,0,423000
100,2.93E+08,5.30E+06,3281210,3281210,0,422950
100,2.93E+08,5.30E+06,3281228,3281229,0,423000
100,2.90E+08,5.30E+06,3281242,3281241,0,409750
100,2.91E+08,5.34E+06,3281247,3281247,0,413950
100,2.93E+08,5.31E+06,3281257,3281257,0,423000
100,2.93E+08,5.34E+06,3281262,3281259,0,422950
100,2.91E+08,5.30E+06,3281267,3281266,0,413250
100,2.97E+08,5.30E+06,3281271,3281269,0,429900
100,2.90E+08,5.30E+06,3281273,3281275,0,409950
100,2.93E+08,5.32E+06,3281278,3281280,0,422900
100,2.94E+08,5.30E+06,3281287,3281288,0,424050
100,2.94E+08,5.30E+06,3281289,3281289,0,423000
100,2.90E+08,5.30E+06,3281293,3281295,0,409800
100,2.90E+08,5.30E+06,3281297,3281296,0,409950
100,2.90E+08,5.50E+06,3281304,3281304,0,413050
100,2.93E+08,5.30E+06,3281305,3281309,0,422900
100,2.93E+08,5.31E+06,3281323,3281317,0,422350
100,2.91E+08,5.30E+06,3281340,3281338,0,413200
100,2.93E+08,5.32E+06,3281362,3281362,0,421600
100,2.90E+08,5.35E+06,3281387,3281387,0,409950
100,2.95E+08,5.32E+06,3281388,3281388,0,424550
100,2.97E+08,5.30E+06,3281395,3281395,0,432950
100,2.93E+08,5.39E+06,3281396,3281397,0,422950
100,2.93E+08,5.38E+06,3281404,3281404,0,423000
100,2.90E+08,5.33E+06,3281416,3281412,0,413050
100,2.90E+08,5.34E+06,3281420,3281421,0,409800
100,2.93E+08,5.31E+06,3281423,3281424,0,422950
100,2.90E+08,5.34E+06,3281439,3281437,0,409800
100,2.93E+08,5.33E+06,3281465,3281463,0,422950
100,2.97E+08,5.31E+06,3281484,3281480,0,432950
100,2.90E+08,5.38E+06,3281488,3281488,0,409800
100,2.93E+08,5.34E+06,3281501,3281504,0,422900
100,2.89E+08,5.30E+06,3281504,3281504,0,409400
100,2.89E+08,5.32E+06,3281507,3281507,0,409000
100,2.98E+08,5.35E+06,3281510,3281509,0,433150
100,2.90E+08,5.31E+06,3281524,3281522,0,409800
100,2.93E+08,5.39E+06,3281527,3281528,0,421900
100,2.90E+08,5.33E+06,3281531,3281531,0,413050
100,2.93E+08,5.30E+06,3281533,3281534,0,422900
100,2.93E+08,5.30E+06,3281539,3281541,0,423000
100,2.90E+08,5.37E+06,3281544,3281544,0,413150
100,2.90E+08,5.30E+06,3281554,3281554,0,410800
100,2.90E+08,5.37E+06,3281562,3281561,0,413150
100,2.90E+08,5.35E+06,3281585,3281578,0,410800
100,2.94E+08,5.30E+06,3281590,3281589,0,423000
100,2.97E+08,5.30E+06,3281593,3281593,0,432950
100,2.93E+08,5.42E+06,3281598,3281598,0,422900
100,2.93E+08,5.30E+06,3281598,3281598,0,422900
100,2.91E+08,5.30E+06,3281617,3281617,0,413250
100,2.93E+08,5.32E+06,3281628,3281628,0,423000
100,2.90E+08,5.30E+06,3281636,3281636,0,413150
100,2.94E+08,5.31E+06,3281654,3281654,0,423000
100,2.90E+08,5.39E+06,3281665,3281665,0,413050
100,2.98E+08,5.30E+06,3281669,3281669,0,432950
100,2.95E+08,5.30E+06,3281681,3281686,0,425800
100,2.91E+08,5.39E+06,3281689,3281689,0,413200
100,2.90E+08,5.30E+06,3281691,3281690,0,409800
100,2.90E+08,5.30E+06,3281692,3281693,0,413150
100,2.91E+08,5.30E+06,3281697,3281697,0,413250
100,2.89E+08,5.30E+06,3281704,3281706,0,409400
100,2.98E+08,5.30E+06,3281709,3281709,0,433150
100,2.91E+08,5.35E+06,3281725,3281725,0,413250
100,2.94E+08,5.43E+06,3281735,3281735,0,423000
100,2.93E+08,5.32E+06,3281736,3281736,0,423000
100,2.93E+08,5.31E+06,3281762,3281762,0,422100
100,2.93E+08,5.31E+06,3281770,3281762,0,422950
100,2.93E+08,5.30E+06,3281770,3281771,0,423000
100,2.93E+08,5.30E+06,3281777,3281779,0,422350
100,2.91E+08,5.33E+06,3281787,3281784,0,413200
100,2.90E+08,5.30E+06,3281796,3281799,0,413050
100,2.93E+08,5.30E+06,3281810,3281809,0,423000
100,2.98E+08,5.31E+06,3281812,3281811,0,433150
100,2.93E+08,5.38E+06,3281817,3281818,0,422900
100,2.93E+08,5.37E+06,3281823,3281823,0,423000
100,2.89E+08,5.41E+06,3281827,3281828,0,409400
100,2.91E+08,5.32E+06,3281844,3281844,0,413250
100,2.95E+08,5.33E+06,3281858,3281857,0,424550
100,2.90E+08,5.30E+06,3281876,3281874,0,413150
100,2.98E+08,5.30E+06,3281876,3281875,0,433150
100,2.97E+08,5.36E+06,3281883,3281881,0,432950
100,2.89E+08,5.30E+06,3281886,3281887,0,409000
100,2.90E+08,5.33E+06,3281889,3281889,0,413150
100,2.90E+08,5.36E+06,3281897,3281897,0,413150
100,2.90E+08,5.30E+06,3281906,3281905,0,410800
100,2.91E+08,5.30E+06,3281906,3281906,0,413200
100,2.91E+08,5.40E+06,3281908,3281908,0,414200
100,2.93E+08,5.32E+06,3281938,3281941,0,422900
100,2.90E+08,5.32E+06,3281939,3281941,0,413150
100,2.93E+08,5.30E+06,3281939,3281940,0,422950
100,2.93E+08,5.30E+06,3281942,3281942,0,422950
100,2.93E+08,5.56E+06,3281945,3281948,0,422950
100,2.90E+08,5.30E+06,3281953,3281953,0,409950
100,2.97E+08,5.30E+06,3281956,3281958,0,432950
100,2.94E+08,5.37E+06,3281973,3281971,0,423000
100,2.97E+08,5.32E+06,3281985,3281986,0,429500
100,2.90E+08,5.30E+06,3281987,3281988,0,409950
100,2.90E+08,5.30E+06,3281997,3281994,0,409800
100,2.90E+08,5.33E+06,3282003,3282003,0,413050
100,2.93E+08,5.36E+06,3282008,3282010,0,422900
100,2.98E+08,5.40E+06,3282011,3282012,0,432950
100,2.90E+08,5.31E+06,3282026,3282026,0,409800
100,2.97E+08,5.31E+06,3282046,3282046,0,429900
100,2.90E+08,5.30E+06,3282057,3282057,0,413150
100,2.97E+08,5.49E+06,3282070,3282071,0,429900
100,2.90E+08,5.30E+06,3282071,3282072,0,413150
100,2.90E+08,5.30E+06,3282084,3282086,0,409800
100,2.90E+08,5.31E+06,3282106,3282111,0,413050
100,2.97E+08,5.30E+06,3282111,3282109,0,429500
100,2.90E+08,5.48E+06,3282129,3282129,0,410750
100,2.94E+08,5.35E+06,3282132,3282132,0,423000
100,2.94E+08,5.36E+06,3282138,3282136,0,423000
100,2.90E+08,5.36E+06,3282142,3282140,0,413050
100,2.90E+08,5.33E+06,3282144,3282144,0,413050
100,2.90E+08,5.30E+06,3282148,3282150,0,409750
100,2.94E+08,5.47E+06,3282155,3282156,0,423000
100,2.93E+08,5.31E+06,3282156,3282156,0,422950
100,2.93E+08,5.30E+06,3282158,3282160,0,422900
100,2.93E+08,5.32E+06,3282161,3282163,0,422900
100,2.90E+08,5.30E+06,3282204,3282205,0,413150
100,2.91E+08,5.30E+06,3282209,3282209,0,413250
100,2.98E+08,5.31E+06,3282214,3282213,0,433150
100,2.93E+08,5.33E+06,3282222,3282222,0,423000
100,2.97E+08,5.34E+06,3282226,3282225,0,432950
100,2.91E+08,5.31E+06,3282248,3282248,0,413250
100,2.97E+08,5.30E+06,3282261,3282262,0,432950
100,2.90E+08,5.30E+06,3282266,3282263,0,409800
100,2.98E+08,5.30E+06,3282268,3282268,0,433150
100,2.93E+08,5.39E+06,3282284,3282285,0,422900
100,2.98E+08,5.80E+06,3282286,3282289,0,432950
100,2.89E+08,5.31E+06,3282309,3282311,0,409000
100,2.93E+08,5.33E+06,3282309,3282310,0,422350
100,2.93E+08,5.30E+06,3282310,3282310,0,422900
100,2.98E+08,5.33E+06,3282314,3282314,0,433150
100,2.90E+08,5.34E+06,3282315,3282315,0,409750
100,2.93E+08,5.30E+06,3282317,3282317,0,422900
100,2.90E+08,5.35E+06,3282318,3282320,0,413150
100,2.90E+08,5.32E+06,3282332,3282332,0,413050
100,2.93E+08,5.32E+06,3282356,3282356,0,422950
100,2.90E+08,5.30E+06,3282357,3282356,0,413150
100,2.98E+08,5.30E+06,3282370,3282370,0,433150
100,2.90E+08,5.33E+06,3282371,3282371,0,413150
100,2.89E+08,5.31E+06,3282372,3282372,0,409000
100,2.93E+08,5.63E+06,3282378,3282378,0,422350
100,2.93E+08,5.38E+06,3282389,3282389,0,422950
100,2.98E+08,5.35E+06,3282390,3282390,0,432950
100,2.98E+08,5.31E+06,3282444,3282445,0,432950
100,2.93E+08,5.30E+06,3282446,3282442,0,422900
100,2.98E+08,5.50E+06,3282456,3282455,0,433150
100,2.98E+08,5.34E+06,3282456,3282456,0,433150
100,2.93E+08,5.36E+06,3282469,3282467,0,422950
100,2.93E+08,5.38E+06,3282476,3282478,0,423000
100,2.98E+08,5.31E+06,3282490,3282490,0,433150
100,2.90E+08,5.34E+06,3282491,3282491,0,413050
100,2.93E+08,5.30E+06,3282498,3282498,0,422900
100,2.93E+08,5.30E+06,3282499,3282498,0,422950
100,2.90E+08,5.50E+06,3282510,3282507,0,409950
100,2.90E+08,5.35E+06,3282511,3282506,0,409950
100,2.90E+08,5.40E+06,3282514,3282514,0,413050
100,2.89E+08,5.32E+06,3282527,3282528,0,409000
100,2.93E+08,5.33E+06,3282532,3282532,0,422600
100,2.93E+08,5.33E+06,3282533,3282536,0,422900
100,2.90E+08,5.30E+06,3282538,3282538,0,413150
100,2.97E+08,5.39E+06,3282545,3282542,0,432950
100,2.89E+08,5.36E+06,3282548,3282548,0,409000
100,2.97E+08,5.30E+06,3282555,3282556,0,429900
100,2.93E+08,5.33E+06,3282557,3282557,0,422350
100,2.94E+08,5.32E+06,3282558,3282555,0,424050
100,2.93E+08,5.34E+06,3282561,3282561,0,422600
100,2.93E+08,5.30E+06,3282572,3282567,0,423000
100,2.97E+08,5.35E+06,3282580,3282580,0,429900
100,2.94E+08,5.38E+06,3282591,3282591,0,423000
100,2.93E+08,5.59E+06,3282594,3282593,0,422350
100,2.97E+08,5.30E+06,3282601,3282603,0,432950
100,2.93E+08,5.30E+06,3282603,3282600,0,422900
100,2.93E+08,5.34E+06,3282617,3282615,0,422350
100,2.90E+08,5.30E+06,3282620,3282620,0,413050
100,2.93E+08,5.39E+06,3282620,3282614,0,423000
100,2.93E+08,5.30E+06,3282625,3282625,0,422900
100,2.93E+08,5.30E+06,3282625,3282626,0,423000
100,2.97E+08,5.34E+06,3282647,3282648,0,432950
100,2.89E+08,5.31E+06,3282658,3282658,0,409000
100,2.90E+08,5.30E+06,3282660,3282666,0,409950
100,2.90E+08,5.30E+06,3282660,3282665,0,413150
100,2.90E+08,5.30E+06,3282685,3282684,0,409950
100,2.98E+08,5.30E+06,3282687,3282688,0,433150
100,2.90E+08,5.30E+06,3282705,3282702,0,413050
100,2.98E+08,5.30E+06,3282720,3282721,0,433150
100,2.90E+08,5.30E+06,3282726,3282727,0,413150
100,2.97E+08,5.32E+06,3282732,3282735,0,432950
100,2.94E+08,5.31E+06,3282736,3282737,0,424050
100,2.98E+08,5.37E+06,3282743,3282744,0,433150
100,2.97E+08,5.31E+06,3282761,3282763,0,429500
100,2.93E+08,5.30E+06,3282768,3282768,0,423000
100,2.93E+08,5.30E+06,3282769,3282769,0,422950
100,2.93E+08,5.30E+06,3282774,3282775,0,423000
100,2.90E+08,5.30E+06,3282777,3282776,0,409950
100,2.90E+08,5.31E+06,3282781,3282783,0,409750
100,2.93E+08,5.32E+06,3282782,3282778,0,423000
100,2.93E+08,5.30E+06,3282794,3282795,0,423000
100,2.98E+08,5.30E+06,3282794,3282794,0,433150
100,2.93E+08,5.30E+06,3282800,3282796,0,422900
100,2.90E+08,5.30E+06,3282803,3282803,0,410800
100,2.93E+08,5.30E+06,3282803,3282796,0,421600
100,2.90E+08,5.41E+06,3282817,3282817,0,410800
100,2.97E+08,5.30E+06,3282820,3282819,0,432950
100,2.97E+08,5.32E+06,3282836,3282835,0,429900
100,2.94E+08,5.43E+06,3282839,3282837,0,423000
100,2.98E+08,5.30E+06,3282839,3282840,0,433150
100,2.89E+08,5.40E+06,3282845,3282846,0,409000
100,2.98E+08,5.33E+06,3282902,3282904,0,433150
100,2.94E+08,5.34E+06,3282906,3282903,0,423000
100,2.89E+08,5.39E+06,3282908,3282906,0,409150
100,2.90E+08,5.33E+06,3282921,3282917,0,409800
100,2.97E+08,5.30E+06,3282927,3282927,0,429900
100,2.90E+08,5.32E+06,3282935,3282937,0,409950
100,2.91E+08,5.32E+06,3282948,3282947,0,413200
100,2.97E+08,5.38E+06,3282949,3282946,0,432950
100,2.93E+08,5.31E+06,3282953,3282953,0,422600
100,2.93E+08,5.30E+06,3282963,3282963,0,423000
100,2.93E+08,5.38E+06,3282971,3282971,0,422900
100,2.93E+08,5.53E+06,3282975,3282975,0,422100
100,2.97E+08,5.30E+06,3282978,3282977,0,432950
100,2.93E+08,5.31E+06,3282989,3282990,0,422950
100,2.90E+08,5.30E+06,3282990,3282990,0,409950
100,2.90E+08,5.34E+06,3282993,3282994,0,409950
100,2.98E+08,5.30E+06,3282999,3282999,0,433150
100,2.93E+08,5.33E+06,3283001,3283000,0,422950
100,2.97E+08,5.32E+06,3283002,3282999,0,432950
100,2.89E+08,5.37E+06,3283007,3283007,0,409150
100,2.93E+08,5.30E+06,3283007,3283007,0,423000
100,2.91E+08,5.32E+06,3283010,3283009,0,413150
100,2.93E+08,5.30E+06,3283014,3283014,0,422950
100,2.89E+08,5.68E+06,3283026,3283026,0,409000
100,2.97E+08,5.31E+06,3283042,3283042,0,432950
100,2.87E+08,5.38E+06,3283043,3283042,0,401250
100,2.90E+08,5.30E+06,3283048,3283048,0,410800
100,2.93E+08,5.30E+06,3283048,3283046,0,422900
100,2.90E+08,5.30E+06,3283051,3283052,0,409950
100,2.97E+08,5.31E+06,3283060,3283064,0,432950
100,2.97E+08,5.30E+06,3283063,3283063,0,432950
100,2.93E+08,5.35E+06,3283066,3283066,0,423000
100,2.97E+08,5.31E+06,3283081,3283080,0,432950
100,2.90E+08,5.30E+06,3283093,3283093,0,409950
100,2.91E+08,5.60E+06,3283099,3283100,0,413200
100,2.89E+08,5.30E+06,3283119,3283119,0,409000
100,2.91E+08,5.30E+06,3283126,3283127,0,413250
100,2.93E+08,5.35E+06,3283154,3283155,0,423000
100,2.91E+08,5.31E+06,3283160,3283160,0,413150
100,2.94E+08,5.30E+06,3283161,3283157,0,424050
100,2.89E+08,5.41E+06,3283174,3283174,0,409000
100,2.97E+08,5.42E+06,3283174,3283178,0,432950
100,2.90E+08,5.31E+06,3283203,3283203,0,413050
100,2.90E+08,5.30E+06,3283211,3283212,0,409800
100,2.97E+08,5.43E+06,3283211,3283210,0,429900
100,2.90E+08,5.30E+06,3283223,3283224,0,410800
100,2.93E+08,5.30E+06,3283224,3283218,0,423000
100,2.94E+08,5.33E+06,3283224,3283224,0,423000
100,2.93E+08,5.30E+06,3283228,3283227,0,423000
100,2.97E+08,5.38E+06,3283237,3283241,0,429900
100,2.89E+08,5.30E+06,3283244,3283243,0,409400
100,2.93E+08,5.33E+06,3283252,3283252,0,423000
100,2.97E+08,5.40E+06,3283265,3283266,0,432950
100,2.90E+08,5.31E+06,3283275,3283275,0,413150
100,2.90E+08,5.30E+06,3283294,3283294,0,413050
100,2.89E+08,5.36E+06,3283295,3283295,0,409400
100,2.90E+08,5.35E+06,3283300,3283300,0,409800
100,2.93E+08,5.30E+06,3283300,3283301,0,422900
100,2.91E+08,5.30E+06,3283301,3283301,0,413150
100,2.93E+08,5.36E+06,3283326,3283326,0,422350
100,2.89E+08,5.38E+06,3283342,3283342,0,409000
100,2.97E+08,5.77E+06,3283357,3283357,0,429900
100,2.89E+08,5.37E+06,3283369,3283368,0,409400
100,2.93E+08,5.54E+06,3283377,3283382,0,422950
100,2.93E+08,5.40E+06,3283378,3283378,0,422350
100,2.95E+08,5.35E+06,3283387,3283387,0,425800
100,2.89E+08,5.38E+06,3283390,3283393,0,409000
100,2.93E+08,5.67E+06,3283405,3283405,0,422950
100,2.97E+08,5.30E+06,3283419,3283419,0,432950
100,2.93E+08,5.30E+06,3283440,3283440,0,423000
100,2.97E+08,5.30E+06,3283451,3283446,0,429500
100,2.97E+08,5.30E+06,3283481,3283483,0,429900
100,2.93E+08,5.32E+06,3283484,3283485,0,422900
100,2.93E+08,5.30E+06,3283484,3283485,0,422900
100,2.93E+08,5.30E+06,3283523,3283523,0,422100
100,2.93E+08,5.33E+06,3283532,3283529,0,423000
100,2.93E+08,5.31E+06,3283558,3283556,0,422950
100,2.97E+08,5.30E+06,3283559,3283558,0,429900
100,2.89E+08,5.38E+06,3283564,3283563,0,409000
100,2.90E+08,5.31E+06,3283571,3283571,0,409800
100,2.90E+08,5.30E+06,3283573,3283573,0,410800
100,2.93E+08,5.40E+06,3283573,3283573,0,422900
100,2.90E+08,5.31E+06,3283574,3283578,0,409800
100,2.93E+08,5.34E+06,3283585,3283580,0,422950
100,2.90E+08,5.30E+06,3283593,3283593,0,410800
100,2.90E+08,5.30E+06,3283597,3283596,0,413050
100,2.90E+08,5.32E+06,3283600,3283600,0,413050
100,2.98E+08,5.30E+06,3283603,3283602,0,433150
100,2.98E+08,5.32E+06,3283630,3283630,0,433150
100,2.98E+08,5.32E+06,3283642,3283642,0,433150
100,2.98E+08,5.30E+06,3283643,3283647,0,433150
100,2.93E+08,5.30E+06,3283651,3283650,0,422600
100,2.90E+08,5.30E+06,3283652,3283652,0,410800
100,2.93E+08,5.34E+06,3283658,3283658,0,422900
100,2.89E+08,5.39E+06,3283685,3283684,0,409000
100,2.93E+08,5.30E+06,3283688,3283688,0,422350
100,2.91E+08,5.30E+06,3283700,3283702,0,413250
100,2.97E+08,5.59E+06,3283712,3283714,0,429900
100,2.93E+08,5.30E+06,3283741,3283741,0,422900
100,2.90E+08,5.30E+06,3283750,3283749,0,409800
100,2.91E+08,5.30E+06,3283754,3283752,0,413200
100,2.90E+08,5.33E+06,3283764,3283761,0,409800
100,2.93E+08,5.33E+06,3283773,3283771,0,421900
100,2.93E+08,5.30E+06,3283783,3283783,0,423000
100,2.98E+08,5.30E+06,3283783,3283783,0,433150
100,2.91E+08,5.33E+06,3283785,3283785,0,413200
100,2.98E+08,5.30E+06,3283793,3283794,0,433150
100,2.93E+08,5.30E+06,3283849,3283847,0,423000
100,2.93E+08,5.39E+06,3283855,3283853,0,423000
100,2.93E+08,5.31E+06,3283861,3283865,0,422900
100,2.97E+08,5.43E+06,3283863,3283863,0,432950
100,2.93E+08,5.31E+06,3283891,3283890,0,422900
100,2.90E+08,5.30E+06,3283895,3283895,0,413150
100,2.94E+08,5.32E+06,3283910,3283909,0,424050
100,2.93E+08,5.30E+06,3283925,3283925,0,422100
100,2.90E+08,5.30E+06,3283935,3283934,0,409950
100,2.90E+08,5.30E+06,3283958,3283960,0,409800
100,2.90E+08,5.30E+06,3283980,3283980,0,413050
100,2.90E+08,5.34E+06,3283981,3283981,0,409950
100,2.93E+08,5.32E+06,3283994,3283998,0,423000
100,2.93E+08,5.31E+06,3284015,3284017,0,423000
100,2.93E+08,5.30E+06,3284024,3284025,0,422350
100,2.89E+08,5.37E+06,3284028,3284027,0,409400
100,2.90E+08,5.31E+06,3284029,3284029,0,409950
100,2.90E+08,5.30E+06,3284040,3284044,0,409800
100,2.90E+08,5.30E+06,3284042,3284042,0,410800
100,2.93E+08,5.32E+06,3284048,3284050,0,423000
100,2.98E+08,5.39E+06,3284052,3284052,0,432950
100,2.97E+08,5.31E+06,3284059,3284057,0,432950
100,2.90E+08,5.33E+06,3284061,3284061,0,413050
100,2.90E+08,5.34E+06,3284068,3284068,0,409950
100,2.90E+08,5.34E+06,3284078,3284076,0,413050
100,2.91E+08,5.30E+06,3284087,3284087,0,413200
100,2.98E+08,5.32E+06,3284092,3284093,0,433150
100,2.90E+08,5.31E+06,3284114,3284115,0,413050
100,2.97E+08,5.30E+06,3284121,3284121,0,432950
100,2.90E+08,5.33E+06,3284128,3284128,0,413050
100,2.90E+08,5.30E+06,3284137,3284134,0,409800
100,2.90E+08,5.30E+06,3284144,3284144,0,413050
100,2.98E+08,5.31E+06,3284159,3284158,0,433150
100,2.94E+08,5.30E+06,3284169,3284169,0,423000
100,2.91E+08,5.31E+06,3284181,3284181,0,413200
100,2.90E+08,5.33E+06,3284215,3284219,0,413150
100,2.90E+08,5.32E+06,3284226,3284222,0,413150
100,2.90E+08,5.32E+06,3284235,3284232,0,409800
100,2.94E+08,5.30E+06,3284249,3284250,0,424050
100,2.93E+08,5.30E+06,3284259,3284254,0,422900
100,2.90E+08,5.30E+06,3284260,3284260,0,409950
100,2.90E+08,5.30E+06,3284261,3284258,0,413050
100,2.91E+08,5.30E+06,3284278,3284279,0,414200
100,2.97E+08,5.33E+06,3284297,3284296,0,432950
100,2.90E+08,5.32E+06,3284307,3284307,0,409800
100,2.93E+08,5.31E+06,3284318,3284318,0,422950
100,2.93E+08,5.30E+06,3284319,3284318,0,422900
100,2.91E+08,5.37E+06,3284321,3284321,0,413150
100,2.93E+08,5.35E+06,3284322,3284323,0,422950
100,2.89E+08,5.30E+06,3284328,3284328,0,409000
100,2.98E+08,5.30E+06,3284336,3284334,0,432950
100,2.97E+08,5.33E+06,3284343,3284343,0,432950
100,2.97E+08,5.30E+06,3284361,3284365,0,429900
100,2.97E+08,5.30E+06,3284366,3284366,0,429900
100,2.98E+08,5.31E+06,3284371,3284371,0,433150
100,2.94E+08,5.30E+06,3284381,3284381,0,424050
100,2.90E+08,5.30E+06,3284388,3284389,0,413050
100,2.90E+08,5.33E+06,3284395,3284395,0,409950
100,2.90E+08,5.30E+06,3284407,3284409,0,409800
100,2.93E+08,5.38E+06,3284414,3284414,0,422900
100,2.98E+08,5.30E+06,3284414,3284415,0,433150
100,2.93E+08,5.36E+06,3284417,3284418,0,423000
100,2.93E+08,5.30E+06,3284443,3284443,0,422900
100,2.93E+08,5.30E+06,3284456,3284455,0,422900
100,2.90E+08,5.30E+06,3284466,3284464,0,413150
100,2.94E+08,5.32E+06,3284482,3284482,0,424050
100,2.97E+08,5.30E+06,3284486,3284485,0,432950
100,2.89E+08,5.30E+06,3284493,3284493,0,409400
100,2.90E+08,5.30E+06,3284510,3284508,0,413150
100,2.90E+08,5.30E+06,3284536,3284536,0,410800
100,2.93E+08,5.32E+06,3284542,3284538,0,422900
100,2.93E+08,5.30E+06,3284554,3284554,0,422350
100,2.93E+08,5.30E+06,3284555,3284553,0,422900
100,2.89E+08,5.36E+06,3284561,3284562,0,409150
100,2.90E+08,5.30E+06,3284567,3284567,0,409800
100,2.97E+08,5.30E+06,3284575,3284573,0,429500
100,2.89E+08,5.34E+06,3284595,3284591,0,409400
100,2.90E+08,5.30E+06,3284597,3284600,0,409800
100,2.90E+08,5.34E+06,3284608,3284608,0,413050
100,2.97E+08,5.30E+06,3284615,3284615,0,429900
100,2.93E+08,5.30E+06,3284616,3284616,0,422950
100,2.93E+08,5.30E+06,3284626,3284626,0,423000
100,2.93E+08,5.30E+06,3284647,3284648,0,422900
100,2.93E+08,5.30E+06,3284655,3284657,0,422950
100,2.90E+08,5.31E+06,3284660,3284660,0,409950
100,2.93E+08,5.36E+06,3284662,3284662,0,422900
100,2.90E+08,5.30E+06,3284697,3284698,0,413150
100,2.94E+08,5.30E+06,3284734,3284734,0,423000
100,2.97E+08,5.30E+06,3284737,3284737,0,432950
100,2.95E+08,5.30E+06,3284742,3284742,0,424550
100,2.94E+08,5.34E+06,3284743,3284743,0,424050
100,2.90E+08,5.30E+06,3284747,3284747,0,413150
100,2.89E+08,5.30E+06,3284752,3284753,0,409000
100,2.90E+08,5.31E+06,3284777,3284774,0,413050
100,2.97E+08,5.35E+06,3284786,3284789,0,432950
100,2.97E+08,5.30E+06,3284787,3284788,0,432950
100,2.90E+08,5.36E+06,3284788,3284788,0,413150
100,2.90E+08,5.32E+06,3284792,3284792,0,413050
100,2.90E+08,5.32E+06,3284802,3284802,0,413050
100,2.89E+08,5.31E+06,3284812,3284812,0,409000
100,2.93E+08,5.30E+06,3284812,3284813,0,422100
100,2.93E+08,5.59E+06,3284819,3284821,0,422900
100,2.97E+08,5.34E+06,3284833,3284833,0,432950
100,2.90E+08,5.35E+06,3284842,3284842,0,410800
100,2.91E+08,5.30E+06,3284852,3284855,0,413150
100,2.94E+08,5.35E+06,3284860,3284860,0,423000
100,2.90E+08,5.30E+06,3284871,3284873,0,410800
100,2.90E+08,5.32E+06,3284875,3284873,0,409800
100,2.93E+08,5.34E+06,3284893,3284893,0,422950
100,2.93E+08,5.30E+06,3284899,3284897,0,422950
100,2.98E+08,5.30E+06,3284900,3284901,0,432950
100,2.94E+08,5.32E+06,3284908,3284909,0,423000
100,2.97E+08,5.31E+06,3284911,3284910,0,432950
100,2.94E+08,5.34E+06,3284915,3284919,0,423000
100,2.93E+08,5.30E+06,3284924,3284918,0,422900
100,2.97E+08,5.30E+06,3284945,3284945,0,429500
100,2.90E+08,5.32E+06,3284949,3284948,0,409950
100,2.90E+08,5.34E+06,3284977,3284976,0,409800
100,2.93E+08,5.32E+06,3284977,3284977,0,421600
100,2.97E+08,5.34E+06,3284980,3284976,0,432950
100,2.90E+08,5.40E+06,3284995,3284994,0,409950
100,2.93E+08,5.56E+06,3284998,3284996,0,423000
100,2.90E+08,5.31E+06,3285021,3285022,0,409950
100,2.90E+08,5.30E+06,3285029,3285030,0,409800
100,2.94E+08,5.30E+06,3285040,3285037,0,423000
100,2.93E+08,5.36E+06,3285058,3285058,0,423000
100,2.97E+08,5.30E+06,3285078,3285078,0,429900
100,2.90E+08,5.30E+06,3285087,3285087,0,409950
100,2.98E+08,5.30E+06,3285099,3285099,0,433150
100,2.90E+08,5.30E+06,3285106,3285106,0,409800
100,2.95E+08,5.41E+06,3285123,3285123,0,429300
100,2.97E+08,5.37E+06,3285123,3285126,0,432950
100,2.93E+08,5.30E+06,3285126,3285126,0,422900
100,2.97E+08,5.30E+06,3285130,3285128,0,432950
100,2.93E+08,5.30E+06,3285164,3285166,0,422950
100,2.90E+08,5.33E+06,3285167,3285167,0,409950
100,2.91E+08,5.33E+06,3285171,3285169,0,413200
100,2.97E+08,5.30E+06,3285176,3285176,0,429900
100,2.90E+08,5.30E+06,3285189,3285186,0,413150
100,2.98E+08,5.31E+06,3285191,3285189,0,433150
100,2.89E+08,5.41E+06,3285208,3285209,0,409400
100,2.93E+08,5.37E+06,3285215,3285215,0,421600
100,2.90E+08,5.32E+06,3285216,3285216,0,413150
100,2.87E+08,5.83E+06,3285247,3285247,0,401250
100,2.97E+08,5.30E+06,3285248,3285246,0,432950
100,2.93E+08,5.30E+06,3285269,3285270,0,421600
100,2.93E+08,5.35E+06,3285270,3285270,0,423000
100,2.90E+08,5.35E+06,3285291,3285291,0,413050
100,2.93E+08,5.30E+06,3285296,3285297,0,423000
100,2.93E+08,5.30E+06,3285306,3285305,0,422950
100,2.93E+08,5.32E+06,3285310,3285309,0,422900
100,2.93E+08,5.30E+06,3285329,3285329,0,422950
100,2.90E+08,5.35E+06,3285332,3285331,0,413050
100,2.90E+08,5.32E+06,3285333,3285334,0,409750
100,2.83E+08,5.39E+06,3285335,3285334,0,393300
100,2.93E+08,5.30E+06,3285343,3285345,0,423000
100,2.93E+08,5.30E+06,3285347,3285349,0,422900
100,2.97E+08,5.34E+06,3285354,3285352,0,429900
100,2.93E+08,5.30E+06,3285356,3285356,0,422350
100,2.93E+08,5.33E+06,3285379,3285377,0,422950
100,2.93E+08,5.30E+06,3285381,3285383,0,423000
100,2.91E+08,5.31E+06,3285384,3285384,0,413200
100,2.93E+08,5.33E+06,3285387,3285387,0,422950
100,2.93E+08,5.34E+06,3285390,3285390,0,422950
100,2.90E+08,5.30E+06,3285392,3285392,0,409750
100,2.90E+08,5.35E+06,3285411,3285410,0,413050
100,2.91E+08,5.30E+06,3285435,3285435,0,413200
100,2.93E+08,5.31E+06,3285441,3285441,0,422900
100,2.90E+08,5.34E+06,3285471,3285470,0,413050
100,2.90E+08,5.30E+06,3285477,3285474,0,413050
100,2.97E+08,5.36E+06,3285502,3285500,0,432950
100,2.90E+08,5.34E+06,3285507,3285511,0,413050
100,2.97E+08,5.30E+06,3285508,3285508,0,432950
100,2.90E+08,5.32E+06,3285562,3285563,0,410800
100,2.93E+08,5.31E+06,3285584,3285584,0,422950
100,2.93E+08,5.30E+06,3285587,3285587,0,423000
100,2.93E+08,5.31E+06,3285587,3285590,0,423000
100,2.90E+08,5.31E+06,3285598,3285597,0,413150
100,2.90E+08,5.30E+06,3285607,3285608,0,413150
100,2.89E+08,5.30E+06,3285612,3285612,0,409000
100,2.97E+08,5.30E+06,3285615,3285615,0,432950
100,2.90E+08,5.35E+06,3285627,3285628,0,413050
100,2.98E+08,5.38E+06,3285628,3285628,0,433150
100,2.93E+08,5.30E+06,3285630,3285635,0,422900
100,2.90E+08,5.31E+06,3285676,3285673,0,413150
100,2.93E+08,5.33E+06,3285680,3285680,0,422900
100,2.87E+08,5.62E+06,3285683,3285683,0,401250
100,2.93E+08,5.31E+06,3285683,3285683,0,421600
100,2.93E+08,5.31E+06,3285684,3285685,0,422900
100,2.97E+08,5.46E+06,3285696,3285696,0,429900
100,2.90E+08,5.31E+06,3285699,3285694,0,409800
100,2.90E+08,5.37E+06,3285708,3285708,0,409800
100,2.98E+08,5.35E+06,3285719,3285719,0,433150
100,2.90E+08,5.35E+06,3285739,3285739,0,410800
100,2.91E+08,5.30E+06,3285742,3285742,0,413200
100,2.94E+08,5.32E+06,3285751,3285748,0,423000
100,2.97E+08,5.32E+06,3285761,3285761,0,432950
100,2.98E+08,5.39E+06,3285761,3285761,0,433150
100,2.98E+08,5.30E+06,3285766,3285765,0,433150
100,2.90E+08,5.33E+06,3285813,3285813,0,413150
100,2.90E+08,5.31E+06,3285814,3285814,0,409750
100,2.98E+08,5.30E+06,3285822,3285822,0,433150
100,2.98E+08,5.84E+06,3285823,3285823,0,433150
100,2.91E+08,5.30E+06,3285824,3285823,0,413200
100,2.85E+08,5.94E+06,3285825,3285825,0,397200
100,2.90E+08,5.30E+06,3285835,3285835,0,409950
100,2.93E+08,5.52E+06,3285837,3285836,0,423000
100,2.93E+08,5.30E+06,3285864,3285862,0,422900
100,2.98E+08,5.31E+06,3285874,3285878,0,433150
100,2.90E+08,5.30E+06,3285881,3285880,0,413150
100,2.90E+08,5.32E+06,3285895,3285897,0,413050
100,2.90E+08,5.31E+06,3285910,3285909,0,409800
100,2.87E+08,5.41E+06,3285911,3285911,0,401250
100,2.90E+08,5.63E+06,3285928,3285928,0,413050
100,2.93E+08,5.36E+06,3285928,3285928,0,422100
100,2.97E+08,5.32E+06,3285944,3285945,0,432950
100,2.98E+08,5.65E+06,3285945,3285946,0,433150
100,2.94E+08,5.30E+06,3285969,3285971,0,423000
100,2.90E+08,5.30E+06,3285977,3285976,0,413150
100,2.90E+08,5.31E+06,3285978,3285978,0,413150
100,2.95E+08,5.40E+06,3285989,3285988,0,425800
100,2.93E+08,5.32E+06,3286026,3286024,0,423000
100,2.98E+08,5.31E+06,3286031,3286033,0,433150
100,2.93E+08,5.31E+06,3286038,3286040,0,423000
100,2.93E+08,5.35E+06,3286043,3286045,0,422350
100,2.89E+08,5.45E+06,3286046,3286046,0,409000
100,2.93E+08,5.40E+06,3286048,3286047,0,421500
100,2.91E+08,5.30E+06,3286058,3286058,0,413200
100,2.97E+08,5.30E+06,3286058,3286058,0,429900
100,2.89E+08,5.34E+06,3286064,3286064,0,409000
100,2.93E+08,5.30E+06,3286067,3286070,0,422900
100,2.90E+08,5.30E+06,3286070,3286071,0,413150
100,2.90E+08,5.33E+06,3286076,3286076,0,409750
100,2.93E+08,5.33E+06,3286083,3286083,0,422100
100,2.89E+08,5.34E+06,3286085,3286085,0,409400
100,2.91E+08,5.77E+06,3286085,3286088,0,413200
100,2.90E+08,5.30E+06,3286107,3286107,0,409800
100,2.91E+08,5.30E+06,3286110,3286110,0,413200
100,2.98E+08,5.30E+06,3286122,3286125,0,433150
100,2.93E+08,5.34E+06,3286128,3286125,0,423000
100,2.89E+08,5.57E+06,3286145,3286144,0,409000
100,2.93E+08,5.33E+06,3286158,3286158,0,422900
100,2.93E+08,5.30E+06,3286160,3286158,0,422900
100,2.98E+08,5.30E+06,3286173,3286174,0,433150
100,2.89E+08,5.37E+06,3286186,3286186,0,409000
100,2.93E+08,5.30E+06,3286192,3286193,0,422900
100,2.97E+08,5.30E+06,3286200,3286201,0,429500
100,2.93E+08,5.31E+06,3286201,3286203,0,422900
100,2.93E+08,5.33E+06,3286204,3286204,0,422900
100,2.90E+08,5.34E+06,3286207,3286207,0,413050
100,2.90E+08,5.30E+06,3286216,3286217,0,409950
100,2.93E+08,5.31E+06,3286225,3286225,0,422950
100,2.89E+08,5.48E+06,3286226,3286226,0,409400
100,2.87E+08,5.43E+06,3286238,3286238,0,401250
100,2.90E+08,5.30E+06,3286238,3286238,0,413050
100,2.93E+08,5.36E+06,3286254,3286252,0,422950
100,2.93E+08,5.30E+06,3286260,3286260,0,423000
100,2.90E+08,5.30E+06,3286266,3286265,0,410800
100,2.90E+08,5.30E+06,3286266,3286266,0,413150
100,2.90E+08,5.36E+06,3286274,3286274,0,413150
100,2.97E+08,5.35E+06,3286286,3286284,0,432950
100,2.97E+08,5.38E+06,3286290,3286289,0,429500
100,2.93E+08,5.41E+06,3286291,3286290,0,422900
100,2.89E+08,5.30E+06,3286317,3286317,0,409000
100,2.93E+08,5.32E+06,3286320,3286320,0,422900
100,2.94E+08,5.30E+06,3286324,3286324,0,423000
100,2.97E+08,5.33E+06,3286328,3286328,0,432950
100,2.90E+08,5.33E+06,3286336,3286335,0,413050
100,2.91E+08,5.32E+06,3286338,3286338,0,413250
100,2.85E+08,5.62E+06,3286341,3286341,0,397200
100,2.91E+08,5.30E+06,3286356,3286356,0,413250
100,2.93E+08,5.32E+06,3286358,3286358,0,423000
100,2.97E+08,5.34E+06,3286364,3286363,0,429500
100,2.90E+08,5.43E+06,3286369,3286368,0,413050
100,2.97E+08,5.30E+06,3286373,3286372,0,429900
100,2.93E+08,5.30E+06,3286381,3286381,0,422350
100,2.90E+08,5.30E+06,3286384,3286385,0,409950
100,2.93E+08,5.33E+06,3286385,3286384,0,423000
100,2.93E+08,5.35E+06,3286388,3286388,0,423000
100,2.93E+08,5.30E+06,3286389,3286389,0,423000
100,2.91E+08,5.33E+06,3286390,3286390,0,414200
100,2.94E+08,5.32E+06,3286401,3286401,0,424050
100,2.90E+08,5.41E+06,3286408,3286405,0,413050
100,2.93E+08,5.30E+06,3286409,3286409,0,422900
100,2.89E+08,5.40E+06,3286424,3286423,0,409000
100,2.97E+08,5.31E+06,3286426,3286426,0,429900
100,2.93E+08,5.30E+06,3286427,3286422,0,422950
100,2.90E+08,5.30E+06,3286429,3286431,0,409750
100,2.90E+08,5.35E+06,3286429,3286430,0,409800
100,2.91E+08,5.30E+06,3286434,3286437,0,413250
100,2.90E+08,5.32E+06,3286435,3286434,0,410800
100,2.90E+08,5.30E+06,3286436,3286436,0,409750
100,2.90E+08,5.36E+06,3286454,3286454,0,409800
100,2.89E+08,5.39E+06,3286477,3286477,0,409000
100,2.90E+08,5.30E+06,3286486,3286484,0,413050
100,2.90E+08,5.30E+06,3286504,3286503,0,410800
100,2.90E+08,5.30E+06,3286510,3286511,0,409950
100,2.93E+08,5.32E+06,3286526,3286526,0,422100
100,2.90E+08,5.30E+06,3286532,3286535,0,409950
100,2.93E+08,5.30E+06,3286536,3286534,0,422900
100,2.90E+08,5.38E+06,3286542,3286541,0,409750
100,2.95E+08,5.34E+06,3286544,3286543,0,425800
100,2.89E+08,5.54E+06,3286546,3286546,0,409150
100,2.90E+08,5.34E+06,3286549,3286549,0,413150
100,2.89E+08,5.30E+06,3286560,3286559,0,409400
100,2.97E+08,5.30E+06,3286585,3286588,0,432950
100,2.93E+08,5.30E+06,3286595,3286595,0,423000
100,2.98E+08,5.34E+06,3286620,3286620,0,433150
100,2.90E+08,5.33E+06,3286626,3286626,0,413150
100,2.97E+08,5.30E+06,3286648,3286647,0,429900
100,2.97E+08,5.36E+06,3286660,3286660,0,429900
100,2.93E+08,5.34E+06,3286661,3286662,0,422100
100,2.98E+08,5.31E+06,3286686,3286686,0,433150
100,2.91E+08,5.33E+06,3286688,3286688,0,413200
100,2.94E+08,5.33E+06,3286696,3286695,0,424050
100,2.93E+08,5.30E+06,3286706,3286706,0,423000
100,2.90E+08,5.31E+06,3286715,3286715,0,409800
100,2.90E+08,5.30E+06,3286731,3286733,0,409950
100,2.98E+08,5.30E+06,3286736,3286737,0,433150
100,2.90E+08,5.36E+06,3286740,3286741,0,410800
100,2.90E+08,5.30E+06,3286750,3286749,0,413050
100,2.97E+08,5.32E+06,3286761,3286761,0,432950
100,2.90E+08,5.36E+06,3286769,3286769,0,410750
100,2.97E+08,5.35E+06,3286774,3286777,0,432950
100,2.97E+08,5.40E+06,3286806,3286806,0,432950
100,2.91E+08,5.30E+06,3286825,3286825,0,413200
100,2.93E+08,5.30E+06,3286843,3286844,0,423000
100,2.97E+08,5.37E+06,3286843,3286841,0,429900
100,2.93E+08,5.37E+06,3286846,3286845,0,422900
100,2.93E+08,5.35E+06,3286847,3286849,0,423000
100,2.97E+08,5.33E+06,3286849,3286849,0,429900
100,2.93E+08,5.31E+06,3286855,3286855,0,423000
100,2.90E+08,5.32E+06,3286870,3286869,0,413050
100,2.90E+08,5.34E+06,3286878,3286876,0,410800
100,2.93E+08,5.30E+06,3286878,3286877,0,422950
100,2.90E+08,5.30E+06,3286891,3286893,0,409950
100,2.93E+08,5.35E+06,3286893,3286894,0,422900
100,2.93E+08,5.32E+06,3286915,3286913,0,422900
100,2.97E+08,5.30E+06,3286919,3286919,0,432950
100,2.97E+08,5.32E+06,3286922,3286920,0,432950
100,2.89E+08,5.38E+06,3286923,3286923,0,409000
100,2.90E+08,5.30E+06,3286927,3286927,0,413050
100,2.91E+08,5.33E+06,3286946,3286946,0,413250
100,2.90E+08,5.30E+06,3286947,3286945,0,410800
100,2.90E+08,5.33E+06,3286958,3286961,0,413150
100,2.93E+08,5.34E+06,3286958,3286958,0,422900
100,2.90E+08,5.32E+06,3286964,3286963,0,409800
100,2.93E+08,5.33E+06,3286968,3286966,0,423000
100,2.93E+08,5.30E+06,3286977,3286977,0,423000
100,2.93E+08,5.30E+06,3286979,3286978,0,422950
100,2.97E+08,5.56E+06,3286981,3286979,0,432950
100,2.91E+08,5.31E+06,3286986,3286983,0,413200
100,2.93E+08,5.30E+06,3286988,3286993,0,422900
100,2.90E+08,5.30E+06,3286993,3286996,0,410800
100,2.93E+08,5.30E+06,3287003,3287003,0,422950
100,2.98E+08,5.30E+06,3287016,3287016,0,433150
100,2.93E+08,5.31E+06,3287019,3287021,0,423000
100,2.98E+08,5.32E+06,3287019,3287019,0,432950
100,2.90E+08,5.30E+06,3287035,3287036,0,409950
100,2.91E+08,5.36E+06,3287035,3287035,0,413200
100,2.90E+08,5.32E+06,3287039,3287039,0,409800
100,2.98E+08,5.30E+06,3287039,3287038,0,433150
100,2.90E+08,5.30E+06,3287040,3287040,0,413050
100,2.90E+08,5.31E+06,3287047,3287047,0,409950
100,2.91E+08,5.31E+06,3287049,3287049,0,413250
100,2.93E+08,5.30E+06,3287068,3287067,0,423000
100,2.90E+08,5.45E+06,3287085,3287082,0,409950
100,2.90E+08,5.30E+06,3287107,3287107,0,409800
100,2.89E+08,5.41E+06,3287110,3287110,0,409000
100,2.97E+08,5.30E+06,3287128,3287127,0,429900
100,2.97E+08,5.34E+06,3287132,3287132,0,432950
100,2.93E+08,5.30E+06,3287136,3287137,0,422950
100,2.90E+08,5.30E+06,3287150,3287154,0,413150
100,2.93E+08,5.30E+06,3287150,3287149,0,423000
100,2.93E+08,5.32E+06,3287155,3287155,0,422350
100,2.89E+08,5.31E+06,3287159,3287153,0,409000
100,2.90E+08,5.30E+06,3287164,3287157,0,409800
100,2.89E+08,5.46E+06,3287170,3287170,0,409000
100,2.97E+08,5.31E+06,3287179,3287181,0,429900
100,2.97E+08,5.42E+06,3287181,3287182,0,429500
100,2.93E+08,5.30E+06,3287210,3287207,0,423000
100,2.98E+08,5.43E+06,3287214,3287218,0,433150
100,2.90E+08,5.32E+06,3287221,3287223,0,413050
100,2.90E+08,5.30E+06,3287230,3287230,0,413050
100,2.97E+08,5.31E+06,3287230,3287229,0,429900
100,2.90E+08,5.30E+06,3287235,3287235,0,410800
100,2.93E+08,5.30E+06,3287256,3287259,0,422100
100,2.97E+08,5.40E+06,3287258,3287259,0,429900
100,2.93E+08,5.32E+06,3287262,3287262,0,422900
100,2.90E+08,5.32E+06,3287264,3287264,0,409800
100,2.91E+08,5.31E+06,3287272,3287274,0,413250
100,2.93E+08,5.30E+06,3287279,3287277,0,423000
100,2.97E+08,5.30E+06,3287289,3287283,0,432950
100,2.97E+08,5.41E+06,3287290,3287290,0,429900
100,2.89E+08,5.38E+06,3287298,3287292,0,409000
100,2.93E+08,5.36E+06,3287304,3287306,0,422350
100,2.98E+08,5.31E+06,3287304,3287302,0,433150
100,2.94E+08,5.33E+06,3287305,3287301,0,423000
100,2.97E+08,5.34E+06,3287306,3287305,0,429900
100,2.93E+08,5.36E+06,3287308,3287307,0,422350
100,2.90E+08,5.31E+06,3287318,3287318,0,413050
100,2.95E+08,5.31E+06,3287334,3287337,0,425800
100,2.91E+08,5.33E+06,3287340,3287334,0,413250
100,2.90E+08,5.30E+06,3287347,3287347,0,409950
100,2.91E+08,5.30E+06,3287365,3287362,0,413200
100,2.93E+08,5.40E+06,3287367,3287368,0,422100
100,2.98E+08,5.42E+06,3287370,3287370,0,433150
100,2.89E+08,5.33E+06,3287377,3287380,0,409000
100,2.93E+08,5.32E+06,3287378,3287378,0,423000
100,2.97E+08,5.32E+06,3287381,3287377,0,432950
100,2.89E+08,5.32E+06,3287390,3287389,0,409400
100,2.91E+08,5.31E+06,3287393,3287394,0,413200
100,2.90E+08,5.34E+06,3287400,3287401,0,410800
100,2.97E+08,5.52E+06,3287406,3287404,0,429900
100,2.93E+08,5.33E+06,3287422,3287428,0,422950
100,2.97E+08,5.31E+06,3287440,3287439,0,429900
100,2.95E+08,5.37E+06,3287446,3287443,0,425800
100,2.95E+08,5.32E+06,3287448,3287448,0,424550
100,2.97E+08,5.35E+06,3287457,3287456,0,432950
100,2.89E+08,5.32E+06,3287469,3287466,0,409400
100,2.93E+08,5.35E+06,3287472,3287472,0,423000
100,2.90E+08,5.32E+06,3287474,3287473,0,409800
100,2.91E+08,5.30E+06,3287474,3287474,0,413250
100,2.94E+08,5.50E+06,3287481,3287481,0,423000
100,2.90E+08,5.38E+06,3287482,3287484,0,410800
100,2.93E+08,5.30E+06,3287524,3287524,0,422950
100,2.91E+08,5.50E+06,3287527,3287526,0,413200
100,2.93E+08,5.30E+06,3287531,3287532,0,422900
100,2.94E+08,5.30E+06,3287543,3287543,0,424050
100,2.91E+08,5.30E+06,3287544,3287542,0,413200
100,2.90E+08,5.30E+06,3287552,3287552,0,409800
100,2.90E+08,5.30E+06,3287552,3287552,0,413050
100,2.93E+08,5.30E+06,3287560,3287561,0,422900
100,2.93E+08,5.43E+06,3287563,3287564,0,422900
100,2.97E+08,5.30E+06,3287569,3287572,0,429900
100,2.97E+08,5.42E+06,3287571,3287570,0,429900
100,2.85E+08,6.25E+06,3287580,3287583,0,397200
100,2.89E+08,5.53E+06,3287590,3287591,0,409000
100,2.97E+08,5.36E+06,3287607,3287609,0,429900
100,2.91E+08,5.30E+06,3287616,3287618,0,413200
100,2.90E+08,5.30E+06,3287623,3287626,0,413150
100,2.93E+08,5.31E+06,3287644,3287647,0,422350
100,2.90E+08,5.30E+06,3287646,3287644,0,409800
100,2.90E+08,5.42E+06,3287648,3287649,0,409750
100,2.91E+08,5.31E+06,3287657,3287656,0,413250
100,2.93E+08,5.46E+06,3287669,3287669,0,422350
100,2.93E+08,5.37E+06,3287670,3287670,0,423000
100,2.90E+08,5.30E+06,3287697,3287697,0,409950
100,2.97E+08,5.30E+06,3287708,3287709,0,432950
100,2.93E+08,5.36E+06,3287712,3287712,0,422900
100,2.90E+08,5.30E+06,3287718,3287718,0,410800
100,2.93E+08,5.35E+06,3287722,3287717,0,422900
100,2.97E+08,5.34E+06,3287723,3287720,0,429900
100,2.89E+08,5.63E+06,3287744,3278746,0,409000
100,2.90E+08,5.30E+06,3287745,3287745,0,413150
100,2.90E+08,5.30E+06,3287750,3287750,0,413150
100,2.98E+08,5.34E+06,3287757,3287752,0,433150
100,2.98E+08,5.30E+06,3287771,3287773,0,433150
100,2.90E+08,5.30E+06,3287777,3287777,0,409800
100,2.93E+08,5.33E+06,3287780,3287781,0,422950
100,2.90E+08,5.34E+06,3287785,3287788,0,413150
100,2.90E+08,5.30E+06,3287792,3287794,0,409800
100,2.90E+08,5.32E+06,3287810,3287810,0,413050
100,2.94E+08,5.30E+06,3287814,3287811,0,424050
100,2.97E+08,5.36E+06,3287816,3287816,0,432950
100,2.93E+08,5.62E+06,3287819,3287819,0,423000
100,2.95E+08,5.35E+06,3287828,3287828,0,425800
100,2.93E+08,5.32E+06,3287830,3287831,0,422900
100,2.91E+08,5.31E+06,3287864,3287864,0,413250
100,2.91E+08,5.31E+06,3287870,3287870,0,414200
100,2.90E+08,5.30E+06,3287887,3287887,0,409950
100,2.93E+08,5.43E+06,3287917,3287917,0,422900
100,2.97E+08,5.30E+06,3287917,3287918,0,432950
100,2.90E+08,5.30E+06,3287928,3287927,0,413050
100,2.98E+08,5.42E+06,3287932,3287932,0,433150
100,2.90E+08,5.31E+06,3287944,3287944,0,413150
100,2.90E+08,5.32E+06,3287946,3287944,0,413050
100,2.90E+08,5.30E+06,3287947,3287948,0,409950
100,2.90E+08,5.31E+06,3287959,3287959,0,409950
100,2.97E+08,5.38E+06,3287959,3287956,0,432950
100,2.93E+08,5.33E+06,3287967,3287967,0,422950
100,2.93E+08,5.31E+06,3287968,3287969,0,422100
100,2.93E+08,5.31E+06,3287992,3287987,0,422100
100,2.93E+08,5.33E+06,3288007,3288007,0,423000
100,2.93E+08,5.33E+06,3288014,3288013,0,422950
100,2.94E+08,5.32E+06,3288017,3288017,0,423000
100,2.98E+08,5.38E+06,3288034,3288034,0,433150
100,2.90E+08,5.30E+06,3288036,3288036,0,413050
100,2.93E+08,5.31E+06,3288047,3288046,0,422900
100,2.89E+08,5.42E+06,3288062,3288062,0,409000
100,2.93E+08,5.31E+06,3288065,3288061,0,422350
100,2.90E+08,5.30E+06,3288066,3288066,0,409800
100,2.93E+08,5.35E+06,3288068,3288066,0,422100
100,2.91E+08,5.30E+06,3288072,3288072,0,413200
100,2.89E+08,5.50E+06,3288077,3288079,0,409000
100,2.90E+08,5.31E+06,3288077,3288079,0,413150
100,2.90E+08,5.30E+06,3288079,3288079,0,409950
100,2.90E+08,5.63E+06,3288081,3288078,0,413050
100,2.90E+08,5.33E+06,3288101,3288099,0,409950
100,2.94E+08,5.30E+06,3288117,3288121,0,423000
100,2.93E+08,5.33E+06,3288119,3288117,0,421600
100,2.97E+08,5.30E+06,3288126,3288125,0,429900
100,2.93E+08,5.30E+06,3288142,3288142,0,422100
100,2.93E+08,5.30E+06,3288149,3288146,0,423000
100,2.91E+08,5.30E+06,3288151,3288151,0,414200
100,2.90E+08,5.42E+06,3288152,3288142,0,410800
100,2.89E+08,5.33E+06,3288172,3288169,0,409000
100,2.94E+08,5.32E+06,3288174,3288175,0,423000
100,2.90E+08,5.33E+06,3288175,3288174,0,409950
100,2.93E+08,5.31E+06,3288175,3288178,0,422950
100,2.93E+08,5.37E+06,3288205,3288207,0,422900
100,2.93E+08,5.33E+06,3288210,3288209,0,423000
100,2.91E+08,5.66E+06,3288213,3288213,0,413200
100,2.93E+08,5.31E+06,3288213,3288212,0,423000
100,2.93E+08,5.32E+06,3288238,3288232,0,422600
100,2.93E+08,5.30E+06,3288245,3288244,0,422950
100,2.90E+08,5.32E+06,3288246,3288246,0,409950
100,2.93E+08,5.34E+06,3288249,3288249,0,422950
100,2.93E+08,5.30E+06,3288252,3288252,0,422950
100,2.90E+08,5.31E+06,3288263,3288262,0,413150
100,2.97E+08,5.31E+06,3288274,3288274,0,429500
100,2.90E+08,5.30E+06,3288275,3288273,0,413150
100,2.97E+08,5.30E+06,3288306,3288306,0,432950
100,2.98E+08,5.32E+06,3288307,3288307,0,433150
100,2.93E+08,5.30E+06,3288319,3288319,0,423000
100,2.94E+08,5.35E+06,3288323,3288322,0,424050
100,2.90E+08,5.32E+06,3288327,3288327,0,413050
100,2.89E+08,5.37E+06,3288328,3288330,0,409000
100,2.89E+08,5.31E+06,3288345,3288345,0,409200
100,2.93E+08,5.30E+06,3288347,3288352,0,422900
100,2.97E+08,5.35E+06,3288354,3288354,0,432950
100,2.90E+08,5.34E+06,3288357,3288358,0,409950
100,2.90E+08,5.30E+06,3288369,3288365,0,413050
100,2.89E+08,5.30E+06,3288370,3288365,0,409000
100,2.97E+08,5.31E+06,3288383,3288383,0,429900
100,2.93E+08,5.32E+06,3288402,3288396,0,423000
100,2.90E+08,5.34E+06,3288406,3288407,0,410800
100,2.93E+08,5.30E+06,3288406,3288406,0,423000
100,2.93E+08,5.48E+06,3288413,3288413,0,423000
100,2.98E+08,5.33E+06,3288414,3288415,0,433150
100,2.93E+08,5.32E+06,3288419,3288418,0,422950
100,2.97E+08,5.39E+06,3288426,3288428,0,432950
100,2.90E+08,5.30E+06,3288431,3288434,0,409800
100,2.90E+08,5.30E+06,3288432,3288434,0,410800
100,2.98E+08,5.35E+06,3288450,3288450,0,433150
100,2.97E+08,5.30E+06,3288453,3288452,0,432950
100,2.93E+08,5.32E+06,3288467,3288467,0,423000
100,2.94E+08,5.30E+06,3288473,3288474,0,423000
100,2.90E+08,5.32E+06,3288484,3288484,0,409950
100,2.90E+08,5.30E+06,3288491,3288492,0,413150
100,2.93E+08,5.31E+06,3288504,3288502,0,423000
100,2.91E+08,5.44E+06,3288506,3288506,0,413200
100,2.91E+08,5.30E+06,3288525,3288525,0,413250
100,2.93E+08,5.32E+06,3288525,3288525,0,422900
100,2.89E+08,5.63E+06,3288527,3288530,0,409400
100,2.90E+08,5.31E+06,3288538,3288539,0,413150
100,2.91E+08,5.30E+06,3288539,3288541,0,413250
100,2.93E+08,5.30E+06,3288546,3288543,0,422100
100,2.93E+08,5.37E+06,3288549,3288549,0,422900
100,2.97E+08,5.30E+06,3288550,3288549,0,432950
100,2.93E+08,5.42E+06,3288559,3288559,0,422950
100,2.89E+08,5.37E+06,3288560,3288561,0,409000
100,2.93E+08,5.31E+06,3288567,3288566,0,422950
100,2.93E+08,5.67E+06,3288573,3288573,0,421600
100,2.93E+08,5.32E+06,3288573,3288573,0,422950
100,2.93E+08,5.30E+06,3288580,3288575,0,423000
100,2.93E+08,5.30E+06,3288584,3288581,0,423000
100,2.93E+08,5.30E+06,3288593,3288593,0,422900
100,2.90E+08,5.38E+06,3288613,3288615,0,413150
100,2.97E+08,5.33E+06,3288617,3288617,0,432950
100,2.89E+08,5.34E+06,3288627,3288627,0,409400
100,2.93E+08,5.30E+06,3288627,3288626,0,422950
100,2.91E+08,5.35E+06,3288629,3288626,0,413200
100,2.93E+08,5.30E+06,3288634,3288634,0,422900
100,2.93E+08,5.42E+06,3288639,3288639,0,422950
100,2.90E+08,5.47E+06,3288640,3288637,0,410800
100,2.97E+08,5.30E+06,3288646,3288646,0,429900
100,2.97E+08,5.33E+06,3288652,3288656,0,432950
100,2.90E+08,5.30E+06,3288675,3288675,0,409950
100,2.93E+08,5.39E+06,3288688,3288688,0,423000
100,2.91E+08,5.67E+06,3288691,3288691,0,413250
100,2.97E+08,5.37E+06,3288705,3288703,0,432950
100,2.90E+08,5.30E+06,3288723,3288721,0,409800
100,2.97E+08,5.39E+06,3288727,3288721,0,429900
100,2.90E+08,5.31E+06,3288731,3288727,0,409950
100,2.90E+08,5.31E+06,3288732,3288732,0,409950
100,2.90E+08,5.30E+06,3288752,3288743,0,409800
100,2.93E+08,5.37E+06,3288753,3288748,0,422900
100,2.90E+08,5.38E+06,3288769,3288769,0,413050
100,2.97E+08,5.31E+06,3288780,3288780,0,432950
100,2.97E+08,5.30E+06,3288793,3288792,0,432950
100,2.93E+08,5.30E+06,3288796,3288796,0,423000
100,2.90E+08,5.30E+06,3288823,3288825,0,413050
100,2.90E+08,5.30E+06,3288825,3288827,0,413150
100,2.98E+08,5.31E+06,3288836,3288836,0,433150
100,2.98E+08,5.35E+06,3288842,3288842,0,433150
100,2.93E+08,5.54E+06,3288849,3288851,0,422950
100,2.90E+08,5.36E+06,3288862,3288862,0,409800
100,2.91E+08,5.30E+06,3288880,3288872,0,413250
100,2.93E+08,5.33E+06,3288895,3288892,0,423000
100,2.84E+08,5.63E+06,3288897,3288893,0,395150
100,2.91E+08,5.36E+06,3288916,3288916,0,413200
100,2.98E+08,5.30E+06,3288931,3288931,0,433150
100,2.93E+08,5.30E+06,3288933,3288930,0,422900
100,2.90E+08,5.30E+06,3288936,3288937,0,413150
100,2.91E+08,5.33E+06,3288956,3288955,0,414200
100,2.93E+08,5.30E+06,3288965,3288967,0,421650
100,2.90E+08,5.31E+06,3288967,3288964,0,409950
100,2.93E+08,5.31E+06,3288973,3288973,0,422100
100,2.90E+08,5.42E+06,3288985,3288985,0,409950
100,2.98E+08,5.35E+06,3288990,3288989,0,432950
100,2.91E+08,5.31E+06,3289007,3289007,0,413200
100,2.93E+08,5.33E+06,3289025,3289025,0,423000
100,2.97E+08,5.31E+06,3289029,3289030,0,429900
100,2.98E+08,5.33E+06,3289031,3289034,0,432950
100,2.90E+08,5.30E+06,3289041,3289042,0,413050
100,2.90E+08,5.32E+06,3289051,3289052,0,413150
100,2.97E+08,5.30E+06,3289069,3289073,0,429900
100,2.93E+08,5.30E+06,3289076,3289076,0,422900
100,2.93E+08,5.33E+06,3289080,3289080,0,423000
100,2.90E+08,5.31E+06,3289094,3289095,0,413050
100,2.90E+08,5.31E+06,3289097,3289097,0,409950
100,2.95E+08,5.30E+06,3289116,3289108,0,425800
100,2.93E+08,5.30E+06,3289118,3289117,0,422950
100,2.93E+08,5.31E+06,3289129,3289123,0,422950
100,2.91E+08,5.30E+06,3289139,3289140,0,414200
100,2.90E+08,5.38E+06,3289158,3289157,0,410800
100,2.91E+08,5.34E+06,3289158,3289159,0,413200
100,2.90E+08,5.36E+06,3289160,3289160,0,413050
100,2.90E+08,5.31E+06,3289167,3289167,0,413150
100,2.94E+08,5.30E+06,3289169,3289164,0,423000
100,2.93E+08,5.30E+06,3289174,3289175,0,422100
100,2.94E+08,5.30E+06,3289182,3289183,0,423000
100,2.93E+08,5.34E+06,3289188,3289184,0,422900
100,2.90E+08,5.34E+06,3289230,3289230,0,409750
100,2.93E+08,5.33E+06,3289231,3289231,0,423000
100,2.93E+08,5.31E+06,3289240,3289240,0,423000
100,2.93E+08,5.32E+06,3289260,3289259,0,423000
100,2.91E+08,5.30E+06,3289265,3289264,0,413200
100,2.97E+08,5.34E+06,3289267,3289264,0,432950
100,2.93E+08,5.30E+06,3289270,3289270,0,423000
100,2.97E+08,5.30E+06,3289277,3289273,0,429900
100,2.91E+08,5.30E+06,3289281,3289280,0,414200
100,2.94E+08,5.30E+06,3289284,3289284,0,423000
100,2.93E+08,5.32E+06,3289287,3289289,0,422950
100,2.91E+08,5.39E+06,3289288,3289288,0,413200
100,2.93E+08,5.31E+06,3289289,3289291,0,423000
100,2.93E+08,5.34E+06,3289311,3289306,0,422100
100,2.93E+08,5.30E+06,3289320,3289319,0,422950
100,2.98E+08,5.30E+06,3289329,3289329,0,433150
100,2.93E+08,5.32E+06,3289331,3289334,0,422900
100,2.90E+08,5.30E+06,3289335,3289336,0,413050
100,2.98E+08,5.30E+06,3289336,3289336,0,433150
100,2.90E+08,5.30E+06,3289358,3289357,0,409750
100,2.95E+08,5.37E+06,3289374,3289373,0,425800
100,2.94E+08,5.45E+06,3289387,3289387,0,423000
100,2.90E+08,5.30E+06,3289402,3289402,0,409800
100,2.90E+08,5.30E+06,3289402,3289405,0,409950
100,2.91E+08,5.31E+06,3289405,3289407,0,413250
100,2.91E+08,5.34E+06,3289427,3289427,0,413200
100,2.90E+08,5.32E+06,3289428,3289427,0,413150
100,2.90E+08,5.31E+06,3289433,3289434,0,409950
100,2.97E+08,5.35E+06,3289438,3289438,0,429900
100,2.93E+08,5.32E+06,3289439,3289438,0,423000
100,2.90E+08,5.30E+06,3289446,3289447,0,409950
100,2.97E+08,5.31E+06,3289449,3289454,0,432950
100,2.90E+08,5.41E+06,3289460,3289458,0,409950
100,2.95E+08,5.35E+06,3289473,3289470,0,424550
100,2.93E+08,5.30E+06,3289476,3289476,0,423000
100,2.97E+08,5.34E+06,3289481,3289483,0,429900
100,2.90E+08,5.44E+06,3289489,3289489,0,409950
100,2.90E+08,5.34E+06,3289551,3289552,0,413050
100,2.90E+08,5.34E+06,3289579,3289578,0,413050
100,2.90E+08,5.30E+06,3289607,3289607,0,413050
100,2.90E+08,5.33E+06,3289614,3289612,0,413150
100,2.94E+08,5.30E+06,3289614,3289615,0,423000
100,2.90E+08,5.42E+06,3289633,3289633,0,413150
100,2.95E+08,5.50E+06,3289643,3289643,0,424550
100,2.93E+08,5.31E+06,3289648,3289648,0,422900
100,2.95E+08,5.31E+06,3289652,3289647,0,425800
100,2.97E+08,5.41E+06,3289655,3289656,0,432950
100,2.91E+08,5.32E+06,3289663,3289661,0,413200
100,2.89E+08,5.31E+06,3289672,3289672,0,409000
100,2.93E+08,5.34E+06,3289679,3289681,0,422950
100,2.94E+08,5.30E+06,3289682,3289682,0,423000
100,2.93E+08,5.34E+06,3289696,3289700,0,422950
100,2.91E+08,5.31E+06,3289699,3289693,0,413250
100,2.90E+08,5.36E+06,3289700,3289701,0,409950
100,2.93E+08,5.30E+06,3289705,3289707,0,422350
100,2.91E+08,5.30E+06,3289706,3289707,0,413250
100,2.89E+08,5.33E+06,3289707,3289705,0,409400
100,2.84E+08,6.00E+06,3289709,3289708,0,394900
100,2.89E+08,5.36E+06,3289717,3289712,0,409000
100,2.90E+08,5.37E+06,3289728,3289728,0,413050
100,2.93E+08,5.31E+06,3289731,3289731,0,423000
100,2.91E+08,5.30E+06,3289733,3289733,0,413250
100,2.93E+08,5.30E+06,3289733,3289731,0,422950
100,2.91E+08,5.35E+06,3289742,3289742,0,413200
100,2.93E+08,5.34E+06,3289746,3289750,0,422600
100,2.98E+08,5.30E+06,3289754,3289755,0,433150
100,2.98E+08,5.31E+06,3289762,3289763,0,433150
100,2.93E+08,5.34E+06,3289772,3289772,0,422900
100,2.90E+08,5.36E+06,3289789,3289790,0,409950
100,2.90E+08,5.38E+06,3289791,3289791,0,410800
100,2.93E+08,5.31E+06,3289793,3289794,0,422950
100,2.90E+08,5.32E+06,3289799,3289804,0,409950
100,2.90E+08,5.34E+06,3289801,3289801,0,409950
100,2.93E+08,5.33E+06,3289804,3289804,0,423000
100,2.90E+08,5.31E+06,3289810,3289812,0,413150
100,2.98E+08,5.31E+06,3289815,3289815,0,433150
100,2.91E+08,5.31E+06,3289824,3289821,0,413250
100,2.93E+08,5.45E+06,3289849,3289850,0,422950
100,2.93E+08,5.30E+06,3289853,3289852,0,422900
100,2.93E+08,5.30E+06,3289861,3289859,0,423000
100,2.94E+08,5.36E+06,3289871,3289872,0,423000
100,2.89E+08,5.42E+06,3289882,3289882,0,409000
100,2.97E+08,5.30E+06,3289884,3289885,0,432950
100,2.91E+08,5.30E+06,3289885,3289887,0,413250
100,2.94E+08,5.37E+06,3289888,3289888,0,423000
100,2.93E+08,5.37E+06,3289892,3289892,0,421600
100,2.93E+08,5.31E+06,3289896,3289893,0,423000
100,2.93E+08,5.33E+06,3289899,3289896,0,423000
100,2.97E+08,5.34E+06,3289901,3289900,0,432950
100,2.91E+08,5.30E+06,3289907,3289906,0,413200
100,2.93E+08,5.30E+06,3289914,3289914,0,422600
100,2.93E+08,5.34E+06,3289917,3289916,0,422950
100,2.91E+08,5.30E+06,3289941,3289941,0,413250
100,2.93E+08,5.35E+06,3289942,3289942,0,421650
100,2.97E+08,5.32E+06,3289945,3289943,0,432950
100,2.90E+08,5.36E+06,3289952,3289955,0,413150
100,2.97E+08,5.30E+06,3289965,3289965,0,429900
100,2.93E+08,5.32E+06,3289966,3289966,0,423000
100,2.90E+08,5.32E+06,3289971,3289971,0,410800
100,2.90E+08,5.32E+06,3289994,3289994,0,413050
100,2.90E+08,5.36E+06,3289994,3289994,0,413050
100,2.97E+08,5.30E+06,3289994,3289994,0,429900
100,2.89E+08,5.30E+06,3290007,3290006,0,409000
100,2.93E+08,5.30E+06,3290020,3290020,0,422600
100,2.97E+08,5.30E+06,3290029,3290031,0,432950
100,2.89E+08,5.31E+06,3290034,3290033,0,409000
100,2.90E+08,5.35E+06,3290037,3290034,0,409750
100,2.98E+08,5.30E+06,3290037,3290037,0,433150
100,2.93E+08,5.30E+06,3290040,3290041,0,422900
100,2.93E+08,5.41E+06,3290044,3290044,0,422350
100,2.93E+08,5.32E+06,3290050,3290050,0,422900
100,2.91E+08,5.35E+06,3290054,3290053,0,413250
100,2.90E+08,5.31E+06,3290057,3290056,0,413050
100,2.93E+08,5.33E+06,3290058,3290057,0,422350
100,2.90E+08,5.30E+06,3290067,3290067,0,413050
100,2.90E+08,5.31E+06,3290075,3290078,0,409750
100,2.89E+08,5.33E+06,3290082,3290083,0,409000
100,2.89E+08,5.33E+06,3290086,3290086,0,409000
100,2.89E+08,5.30E+06,3290107,3290104,0,409400
100,2.90E+08,5.32E+06,3290108,3290109,0,409800
100,2.93E+08,5.30E+06,3290112,3290108,0,423000
100,2.95E+08,5.31E+06,3290128,3290127,0,425800
100,2.93E+08,5.31E+06,3290134,3290133,0,422350
100,2.90E+08,5.32E+06,3290139,3290140,0,413150
100,2.98E+08,5.30E+06,3290143,3290142,0,433150
100,2.91E+08,5.30E+06,3290146,3290146,0,413200
100,2.90E+08,5.34E+06,3290151,3290151,0,409750
100,2.93E+08,5.43E+06,3290163,3290163,0,423000
100,2.90E+08,5.31E+06,3290165,3290169,0,413150
100,2.93E+08,5.31E+06,3290171,3290171,0,423000
100,2.91E+08,5.30E+06,3290180,3290181,0,413250
100,2.89E+08,5.30E+06,3290185,3290184,0,409000
100,2.90E+08,5.36E+06,3290189,3290189,0,413050
100,2.90E+08,5.35E+06,3290209,3290210,0,409750
100,2.90E+08,5.41E+06,3290216,3290216,0,409950
100,2.89E+08,5.30E+06,3290219,3290218,0,409000
100,2.89E+08,5.33E+06,3290226,3290226,0,409000
100,2.93E+08,5.33E+06,3290238,3290238,0,422900
100,2.91E+08,5.30E+06,3290242,3290238,0,413200
100,2.94E+08,5.30E+06,3290252,3290254,0,424050
100,2.89E+08,5.31E+06,3290281,3290283,0,409000
100,2.89E+08,5.32E+06,3290285,3290285,0,409000
100,2.90E+08,5.33E+06,3290289,3290290,0,413050
100,2.95E+08,5.30E+06,3290306,3290305,0,425800
100,2.93E+08,5.32E+06,3290316,3290316,0,422950
100,2.97E+08,5.30E+06,3290318,3290318,0,429500
100,2.93E+08,5.56E+06,3290324,3290319,0,422950
100,2.90E+08,5.31E+06,3290329,3290328,0,410750
100,2.89E+08,5.44E+06,3290334,3290335,0,409000
100,2.90E+08,5.37E+06,3290349,3290348,0,409750
100,2.97E+08,5.31E+06,3290360,3290361,0,432950
100,2.90E+08,5.30E+06,3290371,3290371,0,410800
100,2.89E+08,5.38E+06,3290376,3290375,0,409000
100,2.90E+08,5.36E+06,3290388,3290389,0,409950
100,2.90E+08,5.34E+06,3290390,3290389,0,413150
100,2.93E+08,5.31E+06,3290394,3290395,0,422900
100,2.94E+08,5.30E+06,3290397,3290399,0,423000
100,2.97E+08,5.30E+06,3290403,3290403,0,432950
100,2.89E+08,5.36E+06,3290408,3290407,0,409000
100,2.90E+08,5.30E+06,3290411,3290411,0,413150
100,2.90E+08,5.31E+06,3290416,3290416,0,410800
100,2.91E+08,5.30E+06,3290419,3290419,0,413250
100,2.93E+08,5.32E+06,3290420,3290415,0,422950
100,2.97E+08,5.34E+06,3290423,3290422,0,432950
100,2.87E+08,5.64E+06,3290432,3290429,0,401250
100,2.89E+08,5.31E+06,3290441,3290441,0,409000
100,2.90E+08,5.31E+06,3290446,3290440,0,413150
100,2.94E+08,5.33E+06,3290455,3290454,0,423000
100,2.97E+08,5.32E+06,3290460,3290460,0,432950
100,2.93E+08,5.30E+06,3290472,3290475,0,422900
100,2.93E+08,5.34E+06,3290484,3290486,0,423000
100,2.90E+08,5.30E+06,3290495,3290495,0,413150
100,2.90E+08,5.30E+06,3290507,3290507,0,413150
100,2.90E+08,5.30E+06,3290525,3290524,0,409950
100,2.90E+08,5.33E+06,3290547,3290544,0,413050
100,2.93E+08,5.30E+06,3290551,3290552,0,423000
100,2.90E+08,5.31E+06,3290560,3290559,0,413150
100,2.98E+08,5.30E+06,3290560,3290560,0,432950
100,2.90E+08,5.31E+06,3290591,3290591,0,409800
100,2.90E+08,5.31E+06,3290607,3290606,0,410750
100,2.98E+08,5.31E+06,3290607,3290610,0,432950
100,2.85E+08,5.61E+06,3290625,3290625,0,397200
100,2.93E+08,5.45E+06,3290625,3290628,0,422350
100,2.97E+08,5.31E+06,3290630,3290628,0,432950
100,2.93E+08,5.31E+06,3290668,3290667,0,423000
100,2.93E+08,5.30E+06,3290669,3290670,0,422900
100,2.89E+08,5.30E+06,3290671,3290662,0,409400
100,2.91E+08,5.34E+06,3290675,3290674,0,413200
100,2.89E+08,5.35E+06,3290688,3290688,0,409000
100,2.90E+08,5.40E+06,3290689,3290691,0,413050
100,2.93E+08,5.33E+06,3290689,3290686,0,422900
100,2.93E+08,5.34E+06,3290697,3290694,0,422950
100,2.93E+08,5.31E+06,3290697,3290699,0,423000
100,2.93E+08,5.30E+06,3290702,3290702,0,422350
100,2.93E+08,5.30E+06,3290709,3290707,0,422350
100,2.93E+08,5.33E+06,3290711,3290711,0,422950
100,2.94E+08,5.30E+06,3290734,3290734,0,423000
100,2.93E+08,5.35E+06,3290737,3290737,0,422900
100,2.90E+08,5.35E+06,3290751,3290752,0,410750
100,2.93E+08,5.31E+06,3290759,3290760,0,422900
100,2.90E+08,5.46E+06,3290784,3290784,0,413150
100,2.89E+08,5.51E+06,3290788,3290788,0,406800
100,2.89E+08,5.30E+06,3290788,3290786,0,409000
100,2.93E+08,5.30E+06,3290789,3290788,0,422900
100,2.90E+08,5.33E+06,3290796,3290796,0,410750
100,2.93E+08,5.31E+06,3290796,3290797,0,423000
100,2.98E+08,5.32E+06,3290796,3290790,0,433150
100,2.93E+08,5.30E+06,3290797,3290797,0,423000
100,2.90E+08,5.30E+06,3290798,3290798,0,410800
100,2.89E+08,5.37E+06,3290810,3290812,0,409000
100,2.90E+08,5.41E+06,3290813,3290812,0,409800
100,2.91E+08,5.31E+06,3290814,3290814,0,413150
100,2.89E+08,5.47E+06,3290822,3290823,0,406800
100,2.90E+08,5.30E+06,3290833,3290834,0,413050
100,2.93E+08,5.38E+06,3290836,3290836,0,421600
100,2.93E+08,5.30E+06,3290841,3290841,0,423000
100,2.89E+08,5.33E+06,3290857,3290857,0,409400
100,2.98E+08,5.30E+06,3290865,3290868,0,433150
100,2.93E+08,5.32E+06,3290894,3290895,0,423000
100,2.91E+08,5.30E+06,3290897,3290897,0,413950
100,2.90E+08,5.33E+06,3290904,3290904,0,409950
100,2.93E+08,5.30E+06,3290916,3290918,0,423000
100,2.83E+08,5.49E+06,3290923,3290924,0,393300
100,2.93E+08,5.36E+06,3290945,3290945,0,423000
100,2.90E+08,5.48E+06,3290950,3290949,0,409800
100,2.93E+08,5.33E+06,3290953,3290955,0,422350
100,2.90E+08,5.39E+06,3290969,3290972,0,413150
100,2.90E+08,5.33E+06,3290983,3290984,0,413050
100,2.90E+08,5.35E+06,3290996,3290996,0,409800
100,2.90E+08,5.30E+06,3291002,3291003,0,413150
100,2.93E+08,5.33E+06,3291004,3291004,0,422900
100,2.89E+08,5.33E+06,3291024,3291023,0,409400
100,2.97E+08,5.44E+06,3291025,3291027,0,432950
100,2.98E+08,5.30E+06,3291031,3291034,0,433150
100,2.97E+08,5.30E+06,3291039,3291040,0,432950
100,2.93E+08,5.33E+06,3291043,3291043,0,422350
100,2.93E+08,5.34E+06,3291049,3291049,0,422950
100,2.90E+08,5.30E+06,3291050,3291045,0,409950
100,2.90E+08,5.34E+06,3291055,3291055,0,413150
100,2.91E+08,5.34E+06,3291074,3291072,0,413250
100,2.90E+08,5.36E+06,3291076,3291074,0,413050
100,2.93E+08,5.30E+06,3291076,3291076,0,422900
100,2.91E+08,5.30E+06,3291083,3291083,0,413250
100,2.97E+08,5.32E+06,3291087,3291086,0,432950
100,2.91E+08,5.30E+06,3291088,3291086,0,413200
100,2.89E+08,5.44E+06,3291090,3291090,0,409150
100,2.94E+08,5.30E+06,3291093,3291093,0,424050
100,2.95E+08,5.30E+06,3291114,3291111,0,425800
100,2.93E+08,5.30E+06,3291115,3291113,0,422100
100,2.95E+08,5.36E+06,3291128,3291130,0,425800
100,2.90E+08,5.32E+06,3291131,3291131,0,409950
100,2.93E+08,5.32E+06,3291142,3291142,0,422900
100,2.93E+08,5.30E+06,3291145,3291144,0,421650
100,2.84E+08,5.70E+06,3291159,3291158,0,395100
100,2.94E+08,5.41E+06,3291159,3291159,0,423000
100,2.90E+08,5.30E+06,3291161,3291157,0,409800
100,2.93E+08,5.32E+06,3291164,3291164,0,422950
100,2.94E+08,5.34E+06,3291170,3291170,0,424050
100,2.93E+08,5.33E+06,3291191,3291189,0,423000
100,2.91E+08,5.30E+06,3291212,3291218,0,413250
100,2.84E+08,5.61E+06,3291227,3291227,0,395650
100,2.94E+08,5.32E+06,3291253,3291253,0,423000
100,2.89E+08,5.40E+06,3291260,3291262,0,409000
100,2.90E+08,5.32E+06,3291279,3291278,0,413050
100,2.90E+08,5.31E+06,3291281,3291281,0,409750
100,2.93E+08,5.30E+06,3291297,3291296,0,422600
100,2.89E+08,5.32E+06,3291304,3291302,0,409000
100,2.90E+08,5.31E+06,3291308,3291306,0,409800
100,2.90E+08,5.30E+06,3291314,3291311,0,409950
100,2.93E+08,5.30E+06,3291321,3291320,0,421650
100,2.90E+08,5.34E+06,3291329,3291327,0,413050
100,2.90E+08,5.30E+06,3291336,3291334,0,413050
100,2.96E+08,5.33E+06,3291340,3291340,0,429300
100,2.93E+08,5.30E+06,3291343,3291342,0,422900
100,2.90E+08,5.33E+06,3291351,3291351,0,413150
100,2.91E+08,5.35E+06,3291360,3291360,0,413200
100,2.89E+08,5.47E+06,3291364,3291363,0,406800
100,2.90E+08,5.33E+06,3291364,3291364,0,409950
100,2.90E+08,5.35E+06,3291367,3291365,0,410800
100,2.90E+08,5.30E+06,3291368,3291369,0,409950
100,2.97E+08,5.42E+06,3291378,3291378,0,429500
100,2.93E+08,5.44E+06,3291383,3291383,0,423000
100,2.93E+08,5.30E+06,3291386,3291389,0,423000
100,2.90E+08,5.32E+06,3291398,3291398,0,413150
100,2.91E+08,5.32E+06,3291399,3291399,0,413200
100,2.94E+08,5.35E+06,3291399,3291399,0,423000
100,2.94E+08,5.30E+06,3291403,3291407,0,424050
100,2.93E+08,5.31E+06,3291408,3291409,0,423000
100,2.93E+08,5.30E+06,3291409,3291411,0,422950
100,2.89E+08,5.61E+06,3291413,3291409,0,409000
100,2.93E+08,5.32E+06,3291422,3291423,0,423000
100,2.90E+08,5.30E+06,3291439,3291439,0,409950
100,2.93E+08,5.33E+06,3291442,3291435,0,422900
100,2.93E+08,5.31E+06,3291449,3291449,0,423000
100,2.94E+08,5.30E+06,3291460,3291460,0,423000
100,2.90E+08,5.30E+06,3291461,3291464,0,409950
100,2.93E+08,5.31E+06,3291484,3291483,0,422900
100,2.93E+08,5.33E+06,3291486,3291484,0,423000
100,2.93E+08,5.31E+06,3291486,3291486,0,423000
100,2.94E+08,5.31E+06,3291489,3291489,0,423000
100,2.94E+08,5.32E+06,3291493,3291494,0,423000
100,2.93E+08,5.32E+06,3291510,3291510,0,422600
100,2.90E+08,5.30E+06,3291527,3291531,0,409800
100,2.93E+08,5.30E+06,3291539,3291539,0,422950
100,2.93E+08,5.30E+06,3291543,3291549,0,423000
100,2.93E+08,5.30E+06,3291550,3291550,0,422600
100,2.90E+08,5.31E+06,3291552,3291553,0,409950
100,2.93E+08,5.32E+06,3291559,3291559,0,422350
100,2.93E+08,5.31E+06,3291563,3291562,0,422950
100,2.89E+08,5.47E+06,3291569,3291567,0,409000
100,2.90E+08,5.37E+06,3291574,3291576,0,413050
100,2.94E+08,5.35E+06,3291576,3291576,0,424050
100,2.97E+08,5.33E+06,3291578,3291578,0,432950
100,2.93E+08,5.30E+06,3291588,3291586,0,421600
100,2.93E+08,5.30E+06,3291625,3291625,0,422100
100,2.97E+08,5.32E+06,3291632,3291632,0,429900
100,2.93E+08,5.30E+06,3291637,3291633,0,423000
100,2.94E+08,5.32E+06,3291639,3291632,0,423000
100,2.93E+08,5.31E+06,3291660,3291662,0,423000
100,2.89E+08,5.30E+06,3291676,3291681,0,409400
100,2.97E+08,5.37E+06,3291676,3291672,0,429500
100,2.90E+08,5.42E+06,3291678,3291678,0,409800
100,2.93E+08,5.38E+06,3291678,3291677,0,422900
100,2.91E+08,5.37E+06,3291686,3291686,0,413250
100,2.90E+08,5.30E+06,3291687,3291688,0,409950
100,2.93E+08,5.30E+06,3291693,3291691,0,423000
100,2.94E+08,5.30E+06,3291698,3291697,0,423000
100,2.98E+08,5.30E+06,3291710,3291713,0,433150
100,2.91E+08,5.31E+06,3291715,3291715,0,413250
100,2.93E+08,5.30E+06,3291717,3291717,0,422900
100,2.90E+08,5.30E+06,3291720,3291720,0,409950
100,2.97E+08,5.34E+06,3291723,3291723,0,432950
100,2.90E+08,5.47E+06,3291765,3291765,0,409800
100,2.89E+08,5.39E+06,3291772,3291774,0,409000
100,2.97E+08,5.35E+06,3291787,3291787,0,432950
100,2.98E+08,5.30E+06,3291789,3291789,0,433150
100,2.90E+08,5.31E+06,3291806,3291805,0,413150
100,2.90E+08,5.30E+06,3291808,3291809,0,409800
100,2.91E+08,5.34E+06,3291839,3291839,0,413200
100,2.89E+08,5.35E+06,3291853,3291852,0,409400
100,2.90E+08,5.35E+06,3291855,3291854,0,413050
100,2.90E+08,5.33E+06,3291857,3291857,0,413150
100,2.98E+08,5.30E+06,3291873,3291873,0,433150
100,2.97E+08,5.30E+06,3291899,3291900,0,432950
100,2.97E+08,5.33E+06,3291904,3291904,0,432950
100,2.91E+08,5.32E+06,3291920,3291925,0,413950
100,2.97E+08,5.30E+06,3291930,3291930,0,429900
100,2.93E+08,5.31E+06,3291938,3291939,0,422950
100,2.90E+08,5.30E+06,3291939,3291938,0,410800
100,2.90E+08,5.35E+06,3291940,3291945,0,413050
100,2.90E+08,5.32E+06,3291947,3291950,0,409800
100,2.90E+08,5.31E+06,3291957,3291954,0,413150
100,2.93E+08,5.34E+06,3291957,3291957,0,423000
100,2.90E+08,5.32E+06,3291958,3291958,0,409800
100,2.90E+08,5.30E+06,3291965,3291966,0,409800
100,2.91E+08,5.30E+06,3291968,3291968,0,413200
100,2.91E+08,5.31E+06,3291977,3291974,0,413250
100,2.90E+08,5.40E+06,3291982,3291983,0,413050
100,2.93E+08,5.30E+06,3291982,3291984,0,423000
100,2.89E+08,5.40E+06,3291994,3291994,0,409000
100,2.91E+08,5.30E+06,3291994,3291994,0,413200
100,2.93E+08,5.30E+06,3291997,3291997,0,422950
100,2.90E+08,5.30E+06,3292011,3292016,0,409950
100,2.93E+08,5.34E+06,3292022,3292022,0,422950
100,2.93E+08,5.33E+06,3292036,3292036,0,422350
100,2.94E+08,5.35E+06,3292045,3292045,0,423000
100,2.90E+08,5.36E+06,3292082,3292084,0,409950
100,2.90E+08,5.35E+06,3292084,3292084,0,413150
100,2.93E+08,5.30E+06,3292088,3292091,0,422950
100,2.93E+08,5.30E+06,3292091,3292091,0,422950
100,2.93E+08,5.33E+06,3292094,3292094,0,422350
100,2.97E+08,5.33E+06,3292107,3292107,0,432950
100,2.97E+08,5.33E+06,3292111,3292111,0,432950
100,2.91E+08,5.30E+06,3292118,3292117,0,413200
100,2.93E+08,5.30E+06,3292136,3292139,0,422950
100,2.89E+08,5.36E+06,3292147,3292148,0,409400
100,2.93E+08,5.30E+06,3292154,3292155,0,422100
100,2.93E+08,5.31E+06,3292161,3292160,0,422900
100,2.97E+08,5.31E+06,3292168,3292168,0,432950
100,2.95E+08,5.33E+06,3292173,3292178,0,425800
100,2.90E+08,5.31E+06,3292178,3292181,0,409950
100,2.93E+08,5.38E+06,3292179,3292178,0,423000
100,2.93E+08,5.34E+06,3292181,3292181,0,422100
100,2.93E+08,5.30E+06,3292203,3292207,0,422100
100,2.90E+08,5.30E+06,3292219,3292219,0,409950
100,2.93E+08,5.30E+06,3292227,3292226,0,422950
100,2.93E+08,5.30E+06,3292238,3292237,0,422900
100,2.97E+08,5.36E+06,3292241,3292241,0,429900
100,2.93E+08,5.32E+06,3292256,3292256,0,422900
100,2.93E+08,5.31E+06,3292267,3292267,0,422900
100,2.97E+08,5.30E+06,3292270,3292267,0,432950
100,2.90E+08,5.31E+06,3292274,3292274,0,413150
100,2.98E+08,5.36E+06,3292274,3292274,0,433150
100,2.98E+08,5.32E+06,3292277,3292271,0,433150
100,2.90E+08,5.30E+06,3292286,3292286,0,409800
100,2.94E+08,5.35E+06,3292289,3292289,0,423000
100,2.95E+08,5.36E+06,3292297,3292297,0,425800
100,2.93E+08,5.34E+06,3292312,3292308,0,421600
100,2.91E+08,5.30E+06,3292313,3292313,0,413250
100,2.90E+08,5.31E+06,3292320,3292318,0,409950
100,2.90E+08,5.30E+06,3292321,3292323,0,413150
100,2.90E+08,5.30E+06,3292330,3292329,0,409950
100,2.93E+08,5.30E+06,3292330,3292330,0,423000
100,2.94E+08,5.42E+06,3292330,3292331,0,423000
100,2.93E+08,5.31E+06,3292340,3292338,0,423000
100,2.90E+08,5.34E+06,3292351,3292350,0,409950
100,2.90E+08,5.31E+06,3292367,3292369,0,413150
100,2.91E+08,5.35E+06,3292372,3292372,0,413200
100,2.93E+08,5.70E+06,3292378,3292378,0,422900
100,2.91E+08,5.33E+06,3292387,3292387,0,413200
100,2.90E+08,5.31E+06,3292420,3292420,0,410800
100,2.89E+08,5.31E+06,3292421,3292422,0,409400
100,2.98E+08,5.30E+06,3292422,3292424,0,433150
100,2.93E+08,5.30E+06,3292425,3292426,0,422900
100,2.97E+08,5.30E+06,3292430,3292430,0,432950
100,2.98E+08,5.30E+06,3292454,3292454,0,433150
100,2.93E+08,5.30E+06,3292464,3292464,0,422900
100,2.98E+08,5.33E+06,3292475,3292475,0,433150
100,2.90E+08,5.31E+06,3292479,3292482,0,410800
100,2.98E+08,5.33E+06,3292481,3292481,0,432950
100,2.94E+08,5.30E+06,3292497,3292497,0,423000
100,2.98E+08,5.32E+06,3292508,3292509,0,433150
100,2.90E+08,5.34E+06,3292516,3292516,0,413150
100,2.89E+08,5.30E+06,3292517,3292521,0,409000
100,2.93E+08,5.30E+06,3292518,3292518,0,423000
100,2.97E+08,5.33E+06,3292527,3292527,0,429500
100,2.90E+08,5.31E+06,3292533,3292532,0,413150
100,2.91E+08,5.31E+06,3292534,3292537,0,413250
100,2.94E+08,5.60E+06,3292537,3292537,0,423000
100,2.97E+08,5.31E+06,3292543,3292543,0,429900
100,2.91E+08,5.30E+06,3292549,3292549,0,413150
100,2.91E+08,5.33E+06,3292558,3292555,0,413200
100,2.94E+08,5.30E+06,3292558,3292558,0,423000
100,2.90E+08,5.30E+06,3292571,3292568,0,409950
100,2.89E+08,5.44E+06,3292573,3292572,0,409000
100,2.97E+08,5.36E+06,3292585,3292582,0,429500
100,2.89E+08,5.33E+06,3292587,3292587,0,409000
100,2.97E+08,5.35E+06,3292590,3292590,0,432950
100,2.90E+08,5.32E+06,3292618,3292617,0,409800
100,2.90E+08,5.30E+06,3292636,3292636,0,409750
100,2.91E+08,5.32E+06,3292668,3292668,0,413200
100,2.93E+08,5.61E+06,3292677,3292675,0,422900
100,2.89E+08,5.30E+06,3292681,3292680,0,409400
100,2.93E+08,5.35E+06,3292685,3292685,0,423000
100,2.93E+08,5.30E+06,3292708,3292707,0,423000
100,2.97E+08,5.39E+06,3292716,3292711,0,429900
100,2.97E+08,5.33E+06,3292722,3292724,0,429900
100,2.91E+08,5.30E+06,3292728,3292726,0,413250
100,2.90E+08,5.30E+06,3292773,3292773,0,413050
100,2.91E+08,5.33E+06,3292776,3292772,0,413250
100,2.94E+08,5.36E+06,3292784,3292788,0,423000
100,2.93E+08,5.30E+06,3292801,3292807,0,422100
100,2.97E+08,5.31E+06,3292813,3292815,0,429900
100,2.94E+08,5.30E+06,3292824,3292824,0,423000
100,2.93E+08,5.30E+06,3292827,3292826,0,423000
100,2.90E+08,5.30E+06,3292840,3292840,0,413050
100,2.90E+08,5.30E+06,3292842,3292841,0,413050
100,2.96E+08,5.33E+06,3292845,3292846,0,429300
100,2.93E+08,5.37E+06,3292846,3292848,0,423000
100,2.93E+08,5.30E+06,3292853,3292853,0,422900
100,2.94E+08,5.31E+06,3292866,3292866,0,423000
100,2.94E+08,5.31E+06,3292870,3292870,0,423000
100,2.90E+08,5.30E+06,3292871,3292869,0,409800
100,2.91E+08,5.30E+06,3292872,3292872,0,413250
100,2.98E+08,5.31E+06,3292873,3292872,0,433150
100,2.91E+08,5.36E+06,3292876,3292875,0,413150
100,2.98E+08,5.33E+06,3292887,3292885,0,433150
100,2.93E+08,5.31E+06,3292888,3292889,0,423000
100,2.90E+08,5.32E+06,3292894,3292896,0,409950
100,2.97E+08,5.30E+06,3292899,3292900,0,429900
100,2.90E+08,5.37E+06,3292900,3292900,0,413050
100,2.93E+08,5.35E+06,3292904,3292904,0,423000
100,2.93E+08,5.31E+06,3292906,3292906,0,422900
100,2.90E+08,5.33E+06,3292907,3292908,0,409950
100,2.90E+08,5.30E+06,3292932,3292931,0,413150
100,2.89E+08,5.30E+06,3292936,3292934,0,409000
100,2.90E+08,5.32E+06,3292957,3292957,0,409950
100,2.91E+08,5.30E+06,3292963,3292963,0,413200
100,2.97E+08,5.30E+06,3292969,3292967,0,432950
100,2.90E+08,5.30E+06,3292971,3292971,0,409950
100,2.91E+08,5.31E+06,3292989,3292987,0,413250
100,2.90E+08,5.34E+06,3293008,3293008,0,413050
100,2.97E+08,5.34E+06,3293008,3293008,0,432950
100,2.97E+08,5.37E+06,3293009,3293006,0,432950
100,2.90E+08,5.35E+06,3293020,3293020,0,409950
100,2.90E+08,5.34E+06,3293021,3293021,0,413150
100,2.97E+08,5.47E+06,3293039,3293041,0,432950
100,2.91E+08,5.30E+06,3293044,3293042,0,413250
100,2.95E+08,5.42E+06,3293065,3293059,0,425800
100,2.93E+08,5.44E+06,3293075,3293075,0,423000
100,2.90E+08,5.30E+06,3293084,3293086,0,409950
100,2.97E+08,5.32E+06,3293086,3293085,0,429500
100,2.90E+08,5.31E+06,3293107,3293108,0,409800
100,2.93E+08,5.30E+06,3293112,3293111,0,423000
100,2.90E+08,5.34E+06,3293119,3293119,0,413050
100,2.93E+08,5.36E+06,3293120,3293122,0,422950
100,2.94E+08,5.38E+06,3293120,3293118,0,423000
100,2.90E+08,5.32E+06,3293126,3293126,0,409950
100,2.93E+08,5.39E+06,3293128,3293129,0,423000
100,2.91E+08,5.30E+06,3293130,3293130,0,413250
100,2.90E+08,5.30E+06,3293137,3293137,0,409950
100,2.93E+08,5.34E+06,3293140,3293140,0,421650
100,2.97E+08,5.35E+06,3293141,3293140,0,429900
100,2.90E+08,5.30E+06,3293155,3293154,0,413150
100,2.91E+08,5.51E+06,3293155,3293157,0,413250
100,2.90E+08,5.37E+06,3293161,3293161,0,409800
100,2.98E+08,5.31E+06,3293168,3293168,0,433150
100,2.93E+08,5.33E+06,3293174,3293174,0,423000
100,2.90E+08,5.30E+06,3293176,3293176,0,409950
100,2.90E+08,5.31E+06,3293181,3293183,0,413050
100,2.90E+08,5.30E+06,3293187,3293185,0,413050
100,2.93E+08,5.30E+06,3293192,3293193,0,422900
100,2.97E+08,5.31E+06,3293194,3293194,0,432950
100,2.93E+08,5.75E+06,3293196,3293193,0,423000
100,2.89E+08,5.36E+06,3293217,3293217,0,409000
100,2.97E+08,5.30E+06,3293232,3293232,0,432950
100,2.97E+08,5.36E+06,3293233,3293229,0,429500
100,2.90E+08,5.31E+06,3293235,3293235,0,410800
100,2.93E+08,5.30E+06,3293240,3293239,0,422100
100,2.90E+08,5.30E+06,3293252,3293252,0,413050
100,2.97E+08,5.32E+06,3293265,3293265,0,432950
100,2.90E+08,5.30E+06,3293269,3293266,0,409800
100,2.91E+08,5.31E+06,3293281,3293282,0,413200
100,2.91E+08,5.30E+06,3293285,3293285,0,413250
100,2.93E+08,5.56E+06,3293285,3293285,0,423000
100,2.93E+08,6.02E+06,3293289,3293289,0,423000
100,2.95E+08,5.30E+06,3293290,3293287,0,425800
100,2.98E+08,5.30E+06,3293290,3293289,0,433150
100,2.93E+08,5.32E+06,3293293,3293293,0,423000
100,2.94E+08,5.31E+06,3293294,3293296,0,423000
100,2.90E+08,5.31E+06,3293297,3293297,0,409800
100,2.90E+08,5.37E+06,3293298,3293298,0,409950
100,2.93E+08,5.30E+06,3293302,3293303,0,422350
100,2.97E+08,5.30E+06,3293321,3293321,0,432950
100,2.96E+08,5.52E+06,3293323,3293323,0,429300
100,2.97E+08,5.36E+06,3293324,3293323,0,432950
100,2.97E+08,5.33E+06,3293328,3293327,0,429900
100,2.91E+08,5.30E+06,3293359,3293360,0,413250
100,2.93E+08,5.30E+06,3293364,3293364,0,422900
100,2.93E+08,5.31E+06,3293368,3293366,0,422950
100,2.97E+08,5.41E+06,3293372,3293370,0,432950
100,2.93E+08,5.33E+06,3293375,3293374,0,421600
100,2.97E+08,5.30E+06,3293388,3293385,0,429900
100,2.97E+08,5.30E+06,3293390,3293390,0,432950
100,2.90E+08,5.32E+06,3293403,3293405,0,409950
100,2.97E+08,5.32E+06,3293405,3293404,0,432950
100,2.93E+08,5.30E+06,3293414,3293415,0,422900
100,2.93E+08,5.35E+06,3293415,3293416,0,423000
100,2.90E+08,5.30E+06,3293440,3293441,0,409800
100,2.90E+08,5.33E+06,3293441,3293441,0,409950
100,2.93E+08,5.31E+06,3293445,3293444,0,423000
100,2.93E+08,5.37E+06,3293461,3293461,0,423000
100,2.93E+08,5.32E+06,3293469,3293467,0,423000
100,2.90E+08,5.33E+06,3293470,3293470,0,410800
100,2.91E+08,5.34E+06,3293479,3293479,0,413250
100,2.94E+08,5.30E+06,3293482,3293482,0,424050
100,2.97E+08,5.32E+06,3293492,3293492,0,432950
100,2.98E+08,5.30E+06,3293504,3293503,0,433150
100,2.93E+08,5.33E+06,3293520,3293520,0,423000
100,2.97E+08,5.33E+06,3293520,3293523,0,429500
100,2.97E+08,5.30E+06,3293538,3293538,0,432950
100,2.90E+08,5.30E+06,3293543,3293543,0,413050
100,2.93E+08,5.30E+06,3293544,3293546,0,422600
100,2.98E+08,5.32E+06,3293552,3293552,0,433150
100,2.89E+08,5.31E+06,3293553,3293553,0,409000
100,2.93E+08,5.30E+06,3293563,3293560,0,423000
100,2.93E+08,5.32E+06,3293563,3293562,0,423000
100,2.87E+08,5.46E+06,3293565,3293566,0,401250
100,2.93E+08,5.32E+06,3293575,3293573,0,422350
100,2.98E+08,5.30E+06,3293583,3293583,0,433150
100,2.91E+08,5.30E+06,3293598,3293599,0,413200
100,2.97E+08,5.30E+06,3293601,3293596,0,429500
100,2.95E+08,5.40E+06,3293604,3293605,0,425800
100,2.89E+08,5.36E+06,3293606,3293605,0,409000
100,2.90E+08,5.38E+06,3293635,3293632,0,413150
100,2.93E+08,5.30E+06,3293637,3293638,0,423000
100,2.90E+08,5.41E+06,3293642,3293641,0,409950
100,2.93E+08,5.30E+06,3293646,3293648,0,422900
100,2.90E+08,5.31E+06,3293657,3293655,0,409800
100,2.90E+08,5.30E+06,3293681,3293681,0,409800
100,2.90E+08,5.36E+06,3293683,3293684,0,410750
100,2.90E+08,5.37E+06,3293696,3293696,0,410800
100,2.90E+08,5.30E+06,3293698,3293698,0,409950
100,2.97E+08,5.30E+06,3293701,3293701,0,429900
100,2.90E+08,5.35E+06,3293714,3293714,0,409800
100,2.98E+08,5.31E+06,3293718,3293718,0,433150
100,2.93E+08,5.30E+06,3293726,3293728,0,422350
100,2.97E+08,5.30E+06,3293728,3293729,0,429900
100,2.98E+08,5.33E+06,3293731,3293730,0,433150
100,2.93E+08,5.32E+06,3293739,3293739,0,423000
100,2.93E+08,5.30E+06,3293751,3293751,0,423000
100,2.91E+08,5.34E+06,3293752,3293752,0,413150
100,2.90E+08,5.34E+06,3293764,3293758,0,409950
100,2.94E+08,5.34E+06,3293764,3293764,0,424050
100,2.97E+08,5.39E+06,3293775,3293775,0,432950
100,2.98E+08,5.32E+06,3293789,3293784,0,433150
100,2.94E+08,5.76E+06,3293795,3293795,0,424050
100,2.90E+08,5.33E+06,3293802,3293802,0,413150
100,2.90E+08,5.40E+06,3293803,3293806,0,409950
100,2.97E+08,5.33E+06,3293805,3293805,0,432950
100,2.94E+08,5.30E+06,3293818,3293820,0,423000
100,2.93E+08,5.30E+06,3293830,3293831,0,423000
100,2.90E+08,5.30E+06,3293835,3293835,0,413150
100,2.97E+08,5.32E+06,3293836,3293834,0,432950
100,2.91E+08,5.30E+06,3293842,3293842,0,413250
100,2.93E+08,5.30E+06,3293855,3293857,0,423000
100,2.97E+08,5.31E+06,3293865,3293866,0,432950
100,2.93E+08,5.31E+06,3293897,3293900,0,422900
100,2.91E+08,5.30E+06,3293905,3293907,0,413250
100,2.91E+08,5.31E+06,3293910,3293910,0,413250
100,2.90E+08,5.43E+06,3293911,3293911,0,413050
100,2.90E+08,5.30E+06,3293913,3293912,0,409950
100,2.97E+08,5.34E+06,3293916,3293915,0,432950
100,2.90E+08,5.31E+06,3293918,3293918,0,409800
100,2.90E+08,5.32E+06,3293924,3293924,0,413050
100,2.97E+08,5.30E+06,3293936,3293936,0,432950
100,2.98E+08,5.30E+06,3293939,3293940,0,433150
100,2.93E+08,5.31E+06,3293952,3293947,0,422950
100,2.90E+08,5.81E+06,3293964,3293963,0,409800
100,2.90E+08,5.34E+06,3293967,3293967,0,409800
100,2.93E+08,5.30E+06,3293968,3293968,0,423000
100,2.94E+08,5.30E+06,3293977,3293976,0,423000
100,2.90E+08,5.31E+06,3293978,3293978,0,409950
100,2.93E+08,5.30E+06,3293988,3293988,0,423000
100,2.98E+08,5.30E+06,3293991,3293989,0,433150
100,2.90E+08,5.30E+06,3293995,3293995,0,409950
100,2.94E+08,5.30E+06,3294005,3294006,0,423000
100,2.97E+08,5.31E+06,3294006,3294001,0,429900
100,2.93E+08,5.38E+06,3294024,3294025,0,422950
100,2.90E+08,5.30E+06,3294033,3294031,0,409800
100,2.91E+08,5.38E+06,3294035,3294035,0,413150
100,2.97E+08,5.32E+06,3294038,3294033,0,432950
100,2.90E+08,5.30E+06,3294048,3294050,0,413150
100,2.97E+08,5.46E+06,3294048,3294046,0,432950
100,2.90E+08,5.30E+06,3294050,3294050,0,413150
100,2.89E+08,5.30E+06,3294056,3294051,0,409000
100,2.90E+08,5.30E+06,3294056,3294056,0,409950
100,2.90E+08,5.31E+06,3294066,3294066,0,413150
100,2.90E+08,5.30E+06,3294066,3294066,0,413150
100,2.90E+08,5.30E+06,3294076,3294076,0,410750
100,2.90E+08,5.31E+06,3294099,3294101,0,409950
100,2.90E+08,5.32E+06,3294102,3294102,0,413150
100,2.95E+08,5.34E+06,3294102,3294103,0,425800
100,2.97E+08,5.37E+06,3294105,3294106,0,432950
100,2.91E+08,5.31E+06,3294106,3294106,0,413200
100,2.90E+08,5.33E+06,3294107,3294114,0,413150
100,2.89E+08,5.30E+06,3294111,3294114,0,409000
100,2.94E+08,5.32E+06,3294113,3294113,0,424050
100,2.93E+08,5.31E+06,3294114,3294114,0,422350
100,2.90E+08,5.32E+06,3294115,3294115,0,410800
100,2.94E+08,5.35E+06,3294115,3294111,0,424050
100,2.91E+08,5.30E+06,3294125,3294123,0,414200
100,2.91E+08,5.34E+06,3294135,3294134,0,413250
100,2.93E+08,5.34E+06,3294143,3294142,0,422900
100,2.93E+08,5.30E+06,3294146,3294146,0,423000
100,2.90E+08,5.31E+06,3294151,3294151,0,409750
100,2.90E+08,5.30E+06,3294172,3294172,0,413050
100,2.94E+08,5.31E+06,3294172,3294173,0,423000
100,2.91E+08,5.33E+06,3294174,3294174,0,413200
100,2.90E+08,5.35E+06,3294196,3294196,0,413050
100,2.90E+08,5.30E+06,3294199,3294199,0,409800
100,2.90E+08,5.68E+06,3294210,3294209,0,409950
100,2.93E+08,5.30E+06,3294211,3294212,0,423000
100,2.90E+08,5.30E+06,3294225,3294225,0,413050
100,2.98E+08,5.35E+06,3294228,3294228,0,433150
100,2.98E+08,5.32E+06,3294237,3294238,0,433150
100,2.94E+08,5.43E+06,3294248,3294246,0,423000
100,2.89E+08,5.41E+06,3294254,3294255,0,409400
100,2.90E+08,5.34E+06,3294257,3294254,0,409950
100,2.97E+08,5.32E+06,3294258,3294258,0,432950
100,2.91E+08,5.35E+06,3294268,3294268,0,413250
100,2.93E+08,5.33E+06,3294268,3294268,0,423000
100,2.93E+08,5.31E+06,3294273,3294274,0,423000
100,2.90E+08,5.31E+06,3294293,3294293,0,413050
100,2.98E+08,5.32E+06,3294308,3294308,0,432950
100,2.93E+08,5.31E+06,3294324,3294324,0,422950
100,2.98E+08,5.33E+06,3294324,3294323,0,433150
100,2.91E+08,5.34E+06,3294326,3294327,0,413200
100,2.90E+08,5.34E+06,3294329,3294329,0,413050
100,2.93E+08,5.32E+06,3294345,3294345,0,423000
100,2.93E+08,5.30E+06,3294347,3294348,0,422950
100,2.97E+08,5.30E+06,3294357,3294357,0,429900
100,2.94E+08,5.30E+06,3294371,3294374,0,423000
100,2.96E+08,5.38E+06,3294388,3294388,0,429300
100,2.91E+08,5.30E+06,3294389,3294389,0,413200
100,2.97E+08,5.33E+06,3294390,3294391,0,432950
100,2.93E+08,5.30E+06,3294398,3294397,0,422100
100,2.90E+08,5.38E+06,3294399,3294401,0,409950
100,2.93E+08,5.35E+06,3294404,3294403,0,422900
100,2.91E+08,5.38E+06,3294422,3294420,0,413150
100,2.94E+08,5.43E+06,3294426,3294425,0,423000
100,2.98E+08,5.43E+06,3294426,3294426,0,433150
100,2.93E+08,5.30E+06,3294437,3294437,0,422950
100,2.84E+08,5.92E+06,3294438,3294437,0,395100
100,2.93E+08,5.30E+06,3294438,3294437,0,423000
100,2.97E+08,5.30E+06,3294503,3294503,0,429900
100,2.97E+08,5.32E+06,3294522,3294522,0,429900
100,2.90E+08,5.30E+06,3294528,3294525,0,410800
100,2.98E+08,5.64E+06,3294533,3294528,0,433150
100,2.93E+08,5.31E+06,3294538,3294538,0,423000
100,2.93E+08,5.30E+06,3294539,3294536,0,422950
100,2.93E+08,5.35E+06,3294559,3294561,0,422900
100,2.93E+08,5.30E+06,3294562,3294564,0,422350
100,2.90E+08,5.35E+06,3294576,3294576,0,413150
100,2.93E+08,5.31E+06,3294579,3294579,0,422350
100,2.93E+08,5.30E+06,3294587,3294587,0,422900
100,2.91E+08,5.31E+06,3294588,3294588,0,413200
100,2.93E+08,5.37E+06,3294593,3294593,0,423000
100,2.93E+08,5.30E+06,3294595,3294596,0,422900
100,2.90E+08,5.30E+06,3294605,3294605,0,409950
100,2.97E+08,5.34E+06,3294628,3294621,0,429900
100,2.93E+08,5.31E+06,3294638,3294638,0,423000
100,2.97E+08,5.30E+06,3294639,3294641,0,432950
100,2.90E+08,5.30E+06,3294644,3294646,0,409800
100,2.93E+08,5.30E+06,3294645,3294645,0,422950
100,2.98E+08,5.30E+06,3294647,3294647,0,433150
100,2.90E+08,5.30E+06,3294652,3294651,0,409950
100,2.98E+08,5.30E+06,3294658,3294658,0,433150
100,2.90E+08,5.32E+06,3294660,3294660,0,409950
100,2.97E+08,5.32E+06,3294675,3294675,0,432950
100,2.93E+08,5.30E+06,3294677,3294677,0,423000
100,2.90E+08,5.30E+06,3294685,3294683,0,413150
100,2.90E+08,5.37E+06,3294686,3294687,0,413050
100,2.91E+08,5.31E+06,3294704,3294701,0,413200
100,2.90E+08,5.30E+06,3294710,3294710,0,409950
100,2.94E+08,5.37E+06,3294710,3294710,0,423000
100,2.93E+08,5.44E+06,3294711,3294711,0,423000
100,2.90E+08,5.33E+06,3294717,3294717,0,409950
100,2.97E+08,5.30E+06,3294719,3293858,0,429500
100,2.97E+08,5.32E+06,3294721,3294722,0,429900
100,2.97E+08,5.33E+06,3294721,3294721,0,432950
100,2.93E+08,5.30E+06,3294743,3294743,0,423000
100,2.97E+08,5.33E+06,3294745,3294745,0,429900
100,2.91E+08,5.32E+06,3294747,3294748,0,413250
100,2.91E+08,5.30E+06,3294757,3294754,0,413150
100,2.98E+08,5.31E+06,3294794,3294798,0,433150
100,2.90E+08,5.53E+06,3294800,3294800,0,409800
100,2.93E+08,5.30E+06,3294800,3294798,0,422900
100,2.95E+08,5.34E+06,3294815,3294815,0,425800
100,2.93E+08,5.32E+06,3294830,3294832,0,422900
100,2.90E+08,5.30E+06,3294835,3294835,0,413050
100,2.90E+08,5.31E+06,3294836,3294835,0,409950
100,2.98E+08,5.32E+06,3294840,3294840,0,433150
100,2.90E+08,5.32E+06,3294841,3294841,0,410800
100,2.93E+08,5.31E+06,3294862,3294862,0,423000
100,2.90E+08,5.30E+06,3294880,3294876,0,413150
100,2.93E+08,5.30E+06,3294880,3294879,0,422350
100,2.90E+08,5.33E+06,3294881,3294876,0,413050
100,2.93E+08,5.30E+06,3294889,3294889,0,422950
100,2.93E+08,5.30E+06,3294891,3294891,0,422950
100,2.90E+08,5.30E+06,3294901,3294899,0,409800
100,2.93E+08,5.32E+06,3294903,3294901,0,422900
100,2.91E+08,5.30E+06,3294904,3294904,0,413200
100,2.93E+08,5.37E+06,3294904,3294904,0,422950
100,2.93E+08,5.30E+06,3294913,3294914,0,423000
100,2.93E+08,5.32E+06,3294924,3294923,0,422950
100,2.93E+08,5.35E+06,3294945,3294945,0,422900
100,2.93E+08,5.30E+06,3294953,3294952,0,423000
100,2.90E+08,5.30E+06,3294956,3294956,0,413150
100,2.94E+08,5.34E+06,3294972,3294973,0,423000
100,2.91E+08,5.39E+06,3294975,3294975,0,413250
100,2.90E+08,5.34E+06,3294979,3294978,0,409950
100,2.90E+08,5.31E+06,3294982,3294982,0,413150
100,2.94E+08,5.31E+06,3294990,3294990,0,423000
100,2.93E+08,5.33E+06,3295013,3295013,0,422900
100,2.98E+08,5.32E+06,3295015,3295015,0,433150
100,2.93E+08,5.30E+06,3295019,3295019,0,423000
100,2.90E+08,5.31E+06,3295020,3295019,0,413050
100,2.93E+08,5.33E+06,3295023,3295024,0,423000
100,2.94E+08,5.30E+06,3295025,3295025,0,424050
100,2.98E+08,5.31E+06,3295035,3295035,0,432950
100,2.97E+08,5.30E+06,3295039,3295040,0,429900
100,2.97E+08,5.31E+06,3295041,3295041,0,429900
100,2.93E+08,5.31E+06,3295050,3295051,0,422900
100,2.93E+08,5.30E+06,3295056,3295058,0,423000
100,2.93E+08,5.30E+06,3295103,3295100,0,422900
100,2.90E+08,5.30E+06,3295105,3295103,0,413050
100,2.98E+08,5.30E+06,3295111,3295112,0,433150
100,2.89E+08,5.30E+06,3295145,3295143,0,409000
100,2.93E+08,5.30E+06,3295148,3295150,0,422950
100,2.93E+08,5.30E+06,3295156,3295156,0,423000
100,2.93E+08,5.31E+06,3295174,3295171,0,422100
100,2.94E+08,5.32E+06,3295182,3295181,0,423000
100,2.90E+08,5.32E+06,3295192,3295193,0,409750
100,2.89E+08,5.30E+06,3295197,3295198,0,409000
100,2.90E+08,5.30E+06,3295200,3295201,0,413050
100,2.93E+08,5.30E+06,3295217,3295215,0,423000
100,2.93E+08,5.33E+06,3295241,3295240,0,422900
100,2.90E+08,5.30E+06,3295246,3295246,0,413050
100,2.97E+08,5.31E+06,3295246,3295246,0,432950
100,2.93E+08,5.30E+06,3295257,3295254,0,423000
100,2.93E+08,5.37E+06,3295274,3295273,0,422900
100,2.94E+08,5.33E+06,3295277,3295277,0,423000
100,2.98E+08,5.31E+06,3295286,3295285,0,432950
100,2.89E+08,5.30E+06,3295288,3295289,0,409000
100,2.90E+08,5.32E+06,3295289,3295284,0,409800
100,2.93E+08,5.34E+06,3295290,3295290,0,422900
100,2.90E+08,5.40E+06,3295293,3295293,0,413150
100,2.90E+08,5.34E+06,3295295,3295295,0,413050
100,2.90E+08,5.30E+06,3295295,3295295,0,413150
100,2.90E+08,5.30E+06,3295296,3295296,0,409950
100,2.90E+08,5.30E+06,3295297,3295297,0,409950
100,2.93E+08,5.32E+06,3295334,3295332,0,422100
100,2.90E+08,5.30E+06,3295350,3295348,0,409950
100,2.97E+08,5.30E+06,3295352,3295351,0,432950
100,2.97E+08,5.37E+06,3295354,3295349,0,429500
100,2.93E+08,5.37E+06,3295355,3295354,0,422600
100,2.93E+08,5.30E+06,3295358,3295360,0,422950
100,2.97E+08,5.32E+06,3295368,3295375,0,429900
100,2.93E+08,5.32E+06,3295376,3295374,0,422900
100,2.90E+08,5.30E+06,3295393,3295391,0,413150
100,2.98E+08,5.30E+06,3295393,3295395,0,432950
100,2.93E+08,5.31E+06,3295405,3295405,0,422950
100,2.98E+08,5.31E+06,3295406,3295406,0,433150
100,2.93E+08,5.33E+06,3295417,3295417,0,422900
100,2.90E+08,5.30E+06,3295432,3295431,0,410800
100,2.90E+08,5.31E+06,3295436,3295436,0,409800
100,2.93E+08,5.31E+06,3295462,3295462,0,422900
100,2.93E+08,5.32E+06,3295470,3295468,0,422950
100,2.91E+08,5.33E+06,3295477,3295470,0,413200
100,2.90E+08,5.30E+06,3295480,3295480,0,409950
100,2.97E+08,5.30E+06,3295483,3295483,0,429900
100,2.93E+08,5.33E+06,3295489,3295485,0,423000
100,2.93E+08,5.31E+06,3295489,3295491,0,423000
100,2.93E+08,5.30E+06,3295490,3295490,0,423000
100,2.89E+08,5.34E+06,3295502,3295501,0,409150
100,2.93E+08,5.32E+06,3295524,3295527,0,422950
100,2.93E+08,5.31E+06,3295525,3295525,0,422950
100,2.90E+08,5.34E+06,3295527,3295527,0,409750
100,2.90E+08,5.62E+06,3295534,3295536,0,410800
100,2.90E+08,5.30E+06,3295544,3295542,0,413050
100,2.93E+08,5.30E+06,3295544,3295544,0,422950
100,2.93E+08,5.30E+06,3295552,3295548,0,423000
100,2.90E+08,5.30E+06,3295555,3295553,0,410800
100,2.95E+08,5.36E+06,3295557,3295556,0,424550
100,2.98E+08,5.30E+06,3295557,3295556,0,433150
100,2.84E+08,5.69E+06,3295572,3295572,0,395150
100,2.94E+08,5.32E+06,3295577,3295578,0,423000
100,2.91E+08,5.30E+06,3295582,3295584,0,413200
100,2.93E+08,5.30E+06,3295585,3295585,0,422600
100,2.97E+08,5.31E+06,3295586,3295588,0,429900
100,2.90E+08,5.33E+06,3295587,3295591,0,409800
100,2.89E+08,5.36E+06,3295590,3295590,0,409000
100,2.97E+08,5.30E+06,3295592,3295587,0,429500
100,2.93E+08,5.36E+06,3295601,3295605,0,423000
100,2.95E+08,5.32E+06,3295613,3295613,0,425800
100,2.97E+08,5.65E+06,3295614,3295612,0,432950
100,2.93E+08,5.30E+06,3295621,3295621,0,422950
100,2.93E+08,5.31E+06,3295628,3295627,0,423000
100,2.97E+08,5.34E+06,3295630,3295629,0,432950
100,2.89E+08,5.42E+06,3295648,3295649,0,409000
100,2.91E+08,5.36E+06,3295663,3295663,0,413200
100,2.89E+08,5.32E+06,3295688,3295688,0,409000
100,2.95E+08,5.37E+06,3295692,3295689,0,425800
100,2.97E+08,5.33E+06,3295717,3295717,0,432950
100,2.90E+08,5.31E+06,3295718,3295718,0,409800
100,2.89E+08,5.30E+06,3295720,3295720,0,409000
100,2.90E+08,5.37E+06,3295729,3295726,0,413150
100,2.93E+08,5.34E+06,3295730,3295728,0,423000
100,2.98E+08,5.31E+06,3295730,3295729,0,433150
100,2.91E+08,5.33E+06,3295734,3295735,0,413250
100,2.97E+08,5.30E+06,3295744,3295744,0,432950
100,2.95E+08,5.30E+06,3295754,3295753,0,425800
100,2.93E+08,5.30E+06,3295761,3295761,0,422900
100,2.91E+08,5.30E+06,3295765,3295764,0,413250
100,2.91E+08,5.31E+06,3295776,3295776,0,414200
100,2.90E+08,5.30E+06,3295781,3295776,0,410800
100,2.90E+08,5.32E+06,3295785,3295785,0,413050
100,2.93E+08,5.30E+06,3295790,3295790,0,423000
100,2.90E+08,5.32E+06,3295800,3295800,0,409800
100,2.93E+08,5.31E+06,3295811,3295811,0,422900
100,2.93E+08,5.36E+06,3295811,3295811,0,423000
100,2.93E+08,5.32E+06,3295817,3295817,0,423000
100,2.91E+08,5.30E+06,3295831,3295832,0,413250
100,2.97E+08,5.33E+06,3295838,3295835,0,429500
100,2.89E+08,5.31E+06,3295857,3295857,0,409400
100,2.90E+08,5.31E+06,3295858,3295858,0,413150
100,2.94E+08,5.39E+06,3295858,3295858,0,423000
100,2.93E+08,5.33E+06,3295861,3295861,0,422950
100,2.90E+08,5.42E+06,3295877,3295877,0,413150
100,2.90E+08,5.30E+06,3295886,3295886,0,409950
100,2.90E+08,5.30E+06,3295889,3295889,0,409950
100,2.98E+08,5.37E+06,3295894,3295894,0,433150
100,2.93E+08,5.30E+06,3295899,3295898,0,422950
100,2.97E+08,5.36E+06,3295899,3295894,0,429900
100,2.90E+08,5.46E+06,3295916,3295915,0,410800
100,2.90E+08,5.30E+06,3295916,3295916,0,410800
100,2.91E+08,5.30E+06,3295923,3295923,0,413150
100,2.98E+08,5.36E+06,3295924,3295920,0,433150
100,2.93E+08,5.30E+06,3295925,3295926,0,422950
100,2.93E+08,5.65E+06,3295930,3295931,0,423000
100,2.90E+08,5.30E+06,3295947,3295951,0,409800
100,2.90E+08,5.30E+06,3295948,3295947,0,409800
100,2.93E+08,5.30E+06,3295954,3295955,0,423000
100,2.98E+08,5.34E+06,3295969,3295970,0,433150
100,2.91E+08,5.30E+06,3295970,3295971,0,413200
100,2.98E+08,5.31E+06,3295983,3295981,0,433150
100,2.97E+08,5.30E+06,3295991,3295990,0,432950
100,2.93E+08,5.34E+06,3296018,3296022,0,423000
100,2.97E+08,5.30E+06,3296025,3296025,0,429900
100,2.91E+08,5.32E+06,3296026,3296024,0,413200
100,2.90E+08,5.33E+06,3296027,3296021,0,413050
100,2.93E+08,5.33E+06,3296031,3296034,0,423000
100,2.93E+08,5.30E+06,3296043,3296042,0,422900
100,2.90E+08,5.43E+06,3296048,3296048,0,409950
100,2.90E+08,5.30E+06,3296050,3296051,0,413150
100,2.89E+08,5.37E+06,3296056,3296061,0,409400
100,2.93E+08,5.30E+06,3296067,3296067,0,422900
100,2.91E+08,5.35E+06,3296080,3296080,0,413200
100,2.97E+08,5.30E+06,3296101,3296104,0,432950
100,2.91E+08,5.34E+06,3296104,3296105,0,413200
100,2.90E+08,5.30E+06,3296108,3296108,0,413150
100,2.98E+08,5.38E+06,3296124,3296124,0,433150
100,2.93E+08,5.30E+06,3296126,3296124,0,422900
100,2.90E+08,5.30E+06,3296132,3296132,0,409950
100,2.93E+08,5.30E+06,3296135,3296135,0,422950
100,2.91E+08,5.30E+06,3296142,3296139,0,413200
100,2.90E+08,5.30E+06,3296158,3296157,0,413150
100,2.90E+08,5.39E+06,3296159,3296159,0,413050
100,2.93E+08,5.40E+06,3296161,3296159,0,423000
100,2.97E+08,5.31E+06,3296163,3296163,0,429900
100,2.90E+08,5.37E+06,3296203,3296202,0,410800
100,2.90E+08,5.31E+06,3296204,3296203,0,413150
100,2.90E+08,5.32E+06,3296213,3296215,0,413050
100,2.89E+08,5.36E+06,3296229,3296219,0,409000
100,2.93E+08,5.30E+06,3296236,3296237,0,422900
100,2.90E+08,5.30E+06,3296237,3296238,0,413050
100,2.93E+08,5.30E+06,3296247,3296247,0,422900
100,2.97E+08,5.31E+06,3296248,3296250,0,429900
100,2.93E+08,5.38E+06,3296249,3296249,0,422950
100,2.97E+08,5.33E+06,3296255,3296252,0,432950
100,2.90E+08,5.30E+06,3296257,3296259,0,410800
100,2.97E+08,5.32E+06,3296267,3296267,0,432950
100,2.91E+08,5.30E+06,3296269,3296269,0,413200
100,2.93E+08,5.30E+06,3296272,3296271,0,422900
100,2.90E+08,5.32E+06,3296286,3296279,0,410800
100,2.90E+08,5.35E+06,3296286,3296286,0,413050
100,2.93E+08,5.34E+06,3296288,3296288,0,422350
100,2.97E+08,5.30E+06,3296297,3296302,0,432950
100,2.90E+08,5.32E+06,3296299,3296299,0,413050
100,2.90E+08,5.35E+06,3296300,3296300,0,413050
100,2.90E+08,5.30E+06,3296303,3296303,0,409950
100,2.90E+08,5.33E+06,3296307,3296308,0,413050
100,2.93E+08,5.30E+06,3296310,3296310,0,422900
100,2.91E+08,5.30E+06,3296314,3296310,0,413250
100,2.94E+08,5.38E+06,3296319,3296317,0,424050
100,2.93E+08,5.30E+06,3296321,3296321,0,422900
100,2.90E+08,5.30E+06,3296324,3296323,0,409800
100,2.90E+08,5.33E+06,3296343,3296344,0,409800
100,2.90E+08,5.30E+06,3296348,3296348,0,409950
100,2.93E+08,5.34E+06,3296348,3296346,0,422950
100,2.97E+08,5.34E+06,3296351,3296349,0,429900
100,2.93E+08,5.32E+06,3296368,3296368,0,422950
100,2.90E+08,5.34E+06,3296380,3296380,0,413050
100,2.93E+08,5.37E+06,3296380,3296380,0,423000
100,2.90E+08,5.39E+06,3296383,3296383,0,410750
100,2.91E+08,5.30E+06,3296395,3296395,0,413250
100,2.90E+08,5.31E+06,3296398,3296401,0,413050
100,2.98E+08,5.30E+06,3296409,3296412,0,433150
100,2.91E+08,5.31E+06,3296410,3296406,0,414200
100,2.97E+08,5.30E+06,3296410,3296404,0,432950
100,2.91E+08,5.43E+06,3296419,3296418,0,413200
100,2.91E+08,5.35E+06,3296432,3296433,0,413250
100,2.90E+08,5.31E+06,3296453,3296454,0,413150
100,2.98E+08,5.30E+06,3296455,3296451,0,433150
100,2.93E+08,5.30E+06,3296465,3296464,0,422950
100,2.94E+08,5.35E+06,3296467,3296468,0,423000
100,2.94E+08,5.33E+06,3296473,3296473,0,423000
100,2.93E+08,5.38E+06,3296485,3296485,0,422950
100,2.89E+08,5.54E+06,3296503,3296503,0,409400
100,2.97E+08,5.32E+06,3296529,3296529,0,429900
100,2.95E+08,5.35E+06,3296530,3296530,0,425800
100,2.89E+08,5.38E+06,3296540,3296539,0,409000
100,2.93E+08,5.37E+06,3296549,3296549,0,423000
100,2.90E+08,5.30E+06,3296564,3296568,0,413150
100,2.91E+08,5.33E+06,3296568,3296565,0,413250
100,2.90E+08,5.31E+06,3296578,3296580,0,409800
100,2.90E+08,5.38E+06,3296596,3296596,0,409750
100,2.93E+08,5.35E+06,3296602,3296602,0,422100
100,2.94E+08,5.40E+06,3296605,3296605,0,423000
100,2.97E+08,5.31E+06,3296620,3296618,0,432950
100,2.93E+08,5.30E+06,3296622,3296622,0,422900
100,2.90E+08,5.64E+06,3296626,3296626,0,413150
100,2.93E+08,5.30E+06,3296627,3296627,0,421600
100,2.94E+08,5.33E+06,3296639,3296636,0,423000
100,2.94E+08,5.39E+06,3296640,3296640,0,423000
100,2.96E+08,5.50E+06,3296648,3296650,0,429300
100,2.90E+08,5.33E+06,3296650,3296650,0,413150
100,2.90E+08,5.36E+06,3296662,3296662,0,413150
100,2.90E+08,5.30E+06,3296670,3296670,0,413050
100,2.91E+08,5.30E+06,3296675,3296676,0,414200
100,2.93E+08,5.30E+06,3296677,3296677,0,422350
100,2.91E+08,5.31E+06,3296698,3296701,0,413250
100,2.93E+08,5.30E+06,3296701,3296701,0,422950
100,2.97E+08,5.30E+06,3296702,3296702,0,432950
100,2.90E+08,5.32E+06,3296729,3296729,0,413150
100,2.90E+08,5.32E+06,3296733,3296734,0,413050
100,2.90E+08,5.36E+06,3296734,3296736,0,413050
100,2.98E+08,5.31E+06,3296737,3296735,0,433150
100,2.93E+08,5.31E+06,3296739,3296739,0,422950
100,2.94E+08,5.31E+06,3296742,3296741,0,423000
100,2.91E+08,5.33E+06,3296746,3296746,0,413200
100,2.93E+08,5.31E+06,3296748,3296746,0,422100
100,2.98E+08,5.30E+06,3296748,3296748,0,432950
100,2.97E+08,5.31E+06,3296778,3296778,0,429900
100,2.93E+08,5.30E+06,3296782,3296783,0,422900
100,2.97E+08,5.35E+06,3296784,3296784,0,429500
100,2.97E+08,5.30E+06,3296786,3296785,0,432950
100,2.93E+08,5.30E+06,3296789,3296790,0,423000
100,2.93E+08,5.30E+06,3296794,3296794,0,422950
100,2.93E+08,5.31E+06,3296795,3296794,0,422950
100,2.91E+08,5.37E+06,3296821,3296821,0,413250
100,2.90E+08,5.64E+06,3296829,3296829,0,409950
100,2.97E+08,5.30E+06,3296842,3296843,0,432950
100,2.93E+08,5.37E+06,3296853,3296853,0,422900
100,2.90E+08,5.30E+06,3296857,3296857,0,413150
100,2.90E+08,5.30E+06,3296859,3296858,0,409750
100,2.91E+08,5.30E+06,3296860,3296859,0,413200
100,2.93E+08,5.42E+06,3296878,3296873,0,423000
100,2.98E+08,5.32E+06,3296878,3296872,0,433150
100,2.93E+08,5.30E+06,3296886,3296888,0,422600
100,2.93E+08,5.35E+06,3296886,3296883,0,422950
100,2.93E+08,5.57E+06,3296892,3296891,0,422100
100,2.91E+08,5.34E+06,3296893,3296893,0,414200
100,2.93E+08,5.38E+06,3296895,3296895,0,423000
100,2.90E+08,5.30E+06,3296900,3296897,0,413150
100,2.87E+08,5.50E+06,3296907,3296908,0,401250
100,2.91E+08,5.31E+06,3296912,3296913,0,413150
100,2.97E+08,5.37E+06,3296915,3296915,0,429900
100,2.93E+08,5.32E+06,3296922,3296918,0,422900
100,2.98E+08,5.34E+06,3296928,3296928,0,433150
100,2.98E+08,5.74E+06,3296939,3296938,0,433150
100,2.89E+08,5.33E+06,3296943,3296941,0,409400
100,2.90E+08,5.30E+06,3296955,3296957,0,409800
100,2.94E+08,5.30E+06,3296962,3296963,0,423000
100,2.90E+08,5.43E+06,3296970,3296976,0,409750
100,2.93E+08,5.31E+06,3296983,3296980,0,422950
100,2.93E+08,5.30E+06,3296994,3296994,0,422100
100,2.93E+08,5.30E+06,3296994,3296990,0,423000
100,2.93E+08,5.36E+06,3297005,3297005,0,422950
100,2.93E+08,5.33E+06,3297006,3297006,0,422900
100,2.98E+08,5.30E+06,3297010,3297010,0,433150
100,2.93E+08,5.30E+06,3297011,3297013,0,422950
100,2.89E+08,5.47E+06,3297013,3297013,0,409400
100,2.93E+08,5.30E+06,3297014,3297014,0,422950
100,2.90E+08,5.32E+06,3297019,3297022,0,413150
100,2.93E+08,5.30E+06,3297020,3297020,0,422950
100,2.97E+08,5.30E+06,3297024,3297024,0,429900
100,2.90E+08,5.32E+06,3297037,3297037,0,413050
100,2.90E+08,5.48E+06,3297043,3297043,0,413150
100,2.90E+08,5.35E+06,3297057,3297057,0,409950
100,2.90E+08,5.34E+06,3297068,3297068,0,409950
100,2.90E+08,5.30E+06,3297071,3297069,0,409950
100,2.95E+08,5.32E+06,3297090,3297090,0,425800
100,2.90E+08,5.32E+06,3297094,3297094,0,410800
100,2.93E+08,5.30E+06,3297098,3297098,0,422900
100,2.98E+08,5.33E+06,3297107,3297102,0,433150
100,2.90E+08,5.32E+06,3297109,3297110,0,413050
100,2.91E+08,5.30E+06,3297109,3297109,0,413250
100,2.90E+08,5.31E+06,3297111,3297112,0,413150
100,2.97E+08,5.30E+06,3297116,3297118,0,429900
100,2.97E+08,5.32E+06,3297120,3297120,0,429900
100,2.97E+08,5.30E+06,3297130,3297127,0,432950
100,2.97E+08,5.30E+06,3297131,3297131,0,432950
100,2.93E+08,5.34E+06,3297132,3297130,0,423000
100,2.93E+08,5.41E+06,3297136,3297136,0,423000
100,2.93E+08,5.30E+06,3297152,3297152,0,423000
100,2.94E+08,5.33E+06,3297154,3297149,0,423000
100,2.93E+08,5.30E+06,3297156,3297156,0,423000
100,2.90E+08,5.34E+06,3297166,3297170,0,409800
100,2.90E+08,5.37E+06,3297170,3297167,0,413150
100,2.91E+08,5.30E+06,3297175,3297174,0,413250
100,2.97E+08,5.36E+06,3297182,3297184,0,432950
100,2.94E+08,5.32E+06,3297189,3297188,0,423000
100,2.91E+08,5.33E+06,3297202,3297202,0,413200
100,2.90E+08,5.37E+06,3297214,3297214,0,409800
100,2.98E+08,5.39E+06,3297218,3297216,0,432950
100,2.93E+08,5.30E+06,3297230,3297227,0,422900
100,2.90E+08,5.41E+06,3297240,3297241,0,413050
100,2.93E+08,5.33E+06,3297242,3297244,0,422950
100,2.90E+08,5.33E+06,3297246,3297249,0,409950
100,2.93E+08,5.31E+06,3297249,3297251,0,423000
100,2.94E+08,5.35E+06,3297250,3297250,0,423000
100,2.93E+08,5.31E+06,3297253,3297251,0,423000
100,2.93E+08,5.32E+06,3297267,3297267,0,422900
100,2.98E+08,5.31E+06,3297268,3297265,0,433150
100,2.90E+08,5.31E+06,3297283,3297283,0,409800
100,2.90E+08,5.30E+06,3297287,3297287,0,409950
100,2.93E+08,5.33E+06,3297296,3297296,0,423000
100,2.98E+08,5.30E+06,3297304,3297304,0,433150
100,2.91E+08,5.31E+06,3297322,3297322,0,413200
100,2.90E+08,5.30E+06,3297324,3297321,0,409950
100,2.97E+08,5.30E+06,3297328,3297327,0,429900
100,2.97E+08,5.30E+06,3297355,3297356,0,432950
100,2.93E+08,5.30E+06,3297357,3297357,0,423000
100,2.97E+08,5.30E+06,3297360,3297359,0,429500
100,2.93E+08,5.36E+06,3297365,3297365,0,421600
100,2.89E+08,5.38E+06,3297377,3297377,0,409000
100,2.97E+08,5.32E+06,3297381,3297381,0,429500
100,2.93E+08,5.67E+06,3297404,3297405,0,422950
100,2.93E+08,5.31E+06,3297414,3297419,0,422950
100,2.98E+08,5.30E+06,3297424,3297424,0,433150
100,2.91E+08,5.30E+06,3297430,3297430,0,413200
100,2.97E+08,5.34E+06,3297439,3297439,0,429900
100,2.90E+08,5.74E+06,3297446,3297446,0,409950
100,2.93E+08,5.30E+06,3297454,3297454,0,423000
100,2.98E+08,5.32E+06,3297454,3297444,0,433150
100,2.89E+08,5.52E+06,3297469,3297468,0,409000
100,2.90E+08,5.37E+06,3297469,3297470,0,413150
100,2.90E+08,5.33E+06,3297469,3297471,0,413150
100,2.90E+08,5.30E+06,3297492,3297492,0,413150
100,2.91E+08,5.32E+06,3297494,3297495,0,413250
100,2.97E+08,5.30E+06,3297500,3297501,0,432950
100,2.94E+08,5.32E+06,3297514,3297514,0,423000
100,2.93E+08,5.30E+06,3297517,3297516,0,421600
100,2.91E+08,5.32E+06,3297522,3297523,0,413250
100,2.90E+08,5.36E+06,3297533,3297530,0,413150
100,2.94E+08,5.30E+06,3297539,3297536,0,424050
100,2.91E+08,5.35E+06,3297545,3297545,0,413200
100,2.90E+08,5.34E+06,3297547,3297546,0,409750
100,2.90E+08,5.30E+06,3297547,3297546,0,409950
100,2.97E+08,5.44E+06,3297554,3297556,0,429900
100,2.93E+08,5.30E+06,3297557,3297556,0,423000
100,2.94E+08,5.30E+06,3297566,3297566,0,423000
100,2.90E+08,5.39E+06,3297567,3297566,0,413050
100,2.97E+08,5.30E+06,3297574,3297573,0,432950
100,2.93E+08,5.30E+06,3297576,3297576,0,423000
100,2.97E+08,5.31E+06,3297579,3297582,0,429900
100,2.90E+08,5.33E+06,3297580,3297578,0,409750
100,2.90E+08,5.34E+06,3297599,3297591,0,413050
100,2.89E+08,5.30E+06,3297600,3297600,0,409400
100,2.93E+08,5.32E+06,3297600,3297600,0,422900
100,2.90E+08,5.38E+06,3297619,3297620,0,409800
100,2.93E+08,5.43E+06,3297622,3297622,0,422900
100,2.93E+08,5.30E+06,3297627,3297626,0,422950
100,2.90E+08,5.32E+06,3297631,3297631,0,413150
100,2.93E+08,5.30E+06,3297631,3297631,0,423000
100,2.93E+08,5.30E+06,3297635,3297633,0,422350
100,2.91E+08,5.33E+06,3297651,3297649,0,413200
100,2.91E+08,5.30E+06,3297654,3297654,0,413200
100,2.90E+08,5.30E+06,3297689,3297684,0,409950
100,2.93E+08,5.30E+06,3297712,3297712,0,423000
100,2.90E+08,5.31E+06,3297714,3297714,0,410800
100,2.93E+08,5.34E+06,3297714,3297714,0,422950
100,2.97E+08,5.33E+06,3297716,3297716,0,432950
100,2.89E+08,5.42E+06,3297718,3297716,0,409000
100,2.90E+08,5.32E+06,3297718,3297717,0,409950
100,2.90E+08,5.34E+06,3297725,3297725,0,409800
100,2.91E+08,5.35E+06,3297731,3297735,0,413200
100,2.93E+08,5.31E+06,3297765,3297765,0,423000
100,2.93E+08,5.30E+06,3297772,3297772,0,422950
100,2.91E+08,5.34E+06,3297778,3297778,0,413250
100,2.98E+08,5.50E+06,3297781,3297779,0,432950
100,2.89E+08,5.31E+06,3297783,3297784,0,409000
100,2.97E+08,5.31E+06,3297826,3297826,0,429500
100,2.97E+08,5.32E+06,3297834,3297834,0,432950
100,2.89E+08,5.36E+06,3297841,3297843,0,409400
100,2.94E+08,5.31E+06,3297841,3297844,0,423000
100,2.90E+08,5.34E+06,3297849,3297849,0,410800
100,2.93E+08,5.30E+06,3297859,3297860,0,422900
100,2.93E+08,5.33E+06,3297863,3297863,0,422900
100,2.93E+08,5.34E+06,3297873,3297873,0,422900
100,2.93E+08,5.38E+06,3297875,3297867,0,423000
100,2.97E+08,5.30E+06,3297879,3297881,0,432950
100,2.93E+08,5.32E+06,3297880,3297880,0,422600
100,2.90E+08,5.42E+06,3297889,3297889,0,410800
100,2.98E+08,5.33E+06,3297892,3297891,0,432950
100,2.91E+08,5.30E+06,3297899,3297899,0,414200
100,2.98E+08,5.30E+06,3297910,3297910,0,433150
100,2.94E+08,5.33E+06,3297913,3297913,0,423000
100,2.93E+08,5.35E+06,3297914,3297913,0,422900
100,2.93E+08,5.30E+06,3297914,3297915,0,422900
100,2.90E+08,5.30E+06,3297916,3297916,0,409950
100,2.93E+08,5.32E+06,3297928,3297928,0,422900
100,2.93E+08,5.30E+06,3297932,3297933,0,423000
100,2.93E+08,5.42E+06,3297940,3297940,0,422100
100,2.94E+08,5.31E+06,3297940,3297940,0,424050
100,2.90E+08,5.30E+06,3297943,3297943,0,413050
100,2.98E+08,5.38E+06,3297946,3297946,0,433150
100,2.93E+08,5.31E+06,3297949,3297949,0,423000
100,2.93E+08,5.32E+06,3297955,3297955,0,423000
100,2.98E+08,5.38E+06,3297959,3297959,0,433150
100,2.90E+08,5.30E+06,3297979,3297984,0,413050
100,2.90E+08,5.32E+06,3297981,3297981,0,410800
100,2.93E+08,5.31E+06,3297983,3297983,0,422900
100,2.93E+08,5.34E+06,3297984,3297983,0,422900
100,2.90E+08,5.30E+06,3297986,3297985,0,409950
100,2.93E+08,5.31E+06,3297997,3297996,0,422100
100,2.97E+08,5.31E+06,3298012,3298012,0,432950
100,2.90E+08,5.31E+06,3298019,3298016,0,413050
100,2.90E+08,5.32E+06,3298023,3298025,0,413050
100,2.93E+08,5.30E+06,3298025,3298025,0,422950
100,2.90E+08,5.30E+06,3298034,3298034,0,409950
100,2.97E+08,5.37E+06,3298038,3298038,0,432950
100,2.90E+08,5.33E+06,3298040,3298040,0,410800
100,2.94E+08,5.34E+06,3298048,3298049,0,423000
100,2.90E+08,5.30E+06,3298060,3298060,0,409950
100,2.90E+08,5.35E+06,3298072,3298070,0,409750
100,2.93E+08,5.30E+06,3298072,3298071,0,422350
100,2.91E+08,5.30E+06,3298073,3298076,0,413250
100,2.89E+08,5.30E+06,3298075,3298073,0,409150
100,2.98E+08,5.34E+06,3298091,3298092,0,433150
100,2.89E+08,5.33E+06,3298099,3298098,0,409000
100,2.94E+08,5.41E+06,3298108,3298110,0,423000
100,2.93E+08,5.30E+06,3298123,3298121,0,422900
100,2.91E+08,5.33E+06,3298132,3298132,0,413200
100,2.93E+08,5.33E+06,3298134,3298131,0,422600
100,2.91E+08,5.30E+06,3298135,3298135,0,413250
100,2.93E+08,5.77E+06,3298146,3298144,0,423000
100,2.93E+08,5.40E+06,3298150,3298154,0,423000
100,2.90E+08,5.33E+06,3298159,3298159,0,409950
100,2.91E+08,5.30E+06,3298163,3298163,0,413250
100,2.90E+08,5.30E+06,3298170,3298175,0,409800
100,2.93E+08,5.40E+06,3298170,3298171,0,422950
100,2.93E+08,5.30E+06,3298174,3298177,0,423000
100,2.94E+08,5.32E+06,3298180,3298179,0,423000
100,2.93E+08,5.35E+06,3298188,3298189,0,423000
100,2.97E+08,5.30E+06,3298196,3298196,0,432950
100,2.90E+08,5.34E+06,3298198,3298198,0,409800
100,2.90E+08,5.31E+06,3298201,3298201,0,409950
100,2.93E+08,5.30E+06,3298201,3298201,0,422950
100,2.95E+08,5.31E+06,3298206,3298205,0,425800
100,2.90E+08,5.30E+06,3298213,3298212,0,409750
100,2.90E+08,5.30E+06,3298218,3298218,0,410800
100,2.93E+08,5.37E+06,3298222,3298222,0,423000
100,2.93E+08,5.30E+06,3298226,3298226,0,423000
100,2.98E+08,5.31E+06,3298228,3298230,0,433150
100,2.90E+08,5.35E+06,3298229,3298225,0,409950
100,2.93E+08,5.30E+06,3298229,3298229,0,422950
100,2.90E+08,5.30E+06,3298232,3298232,0,409950
100,2.94E+08,5.30E+06,3298234,3298234,0,424050
100,2.90E+08,5.30E+06,3298236,3298237,0,413150
100,2.93E+08,5.31E+06,3298241,3298241,0,423000
100,2.97E+08,5.39E+06,3298251,3298253,0,432950
100,2.91E+08,5.30E+06,3298289,3298287,0,413250
100,2.90E+08,5.30E+06,3298292,3298292,0,409950
100,2.94E+08,5.34E+06,3298293,3298293,0,423000
100,2.96E+08,5.45E+06,3298305,3298305,0,429300
100,2.98E+08,5.30E+06,3298318,3298318,0,433150
100,2.90E+08,5.32E+06,3298319,3298319,0,409800
100,2.93E+08,5.30E+06,3298320,3298321,0,422350
100,2.93E+08,5.30E+06,3298332,3297179,0,422950
100,2.94E+08,5.48E+06,3298338,3298338,0,423000
100,2.97E+08,5.41E+06,3298344,3298345,0,429500
100,2.91E+08,5.36E+06,3298347,3298347,0,413150
100,2.93E+08,5.32E+06,3298353,3298355,0,422900
100,2.90E+08,5.31E+06,3298363,3298364,0,410800
100,2.90E+08,5.30E+06,3298365,3298365,0,409950
100,2.97E+08,5.30E+06,3298372,3298371,0,432950
100,2.98E+08,5.33E+06,3298379,3298379,0,433150
100,2.96E+08,5.52E+06,3298380,3298380,0,429300
100,2.93E+08,5.30E+06,3298387,3298384,0,422950
100,2.90E+08,5.30E+06,3298396,3298396,0,409950
100,2.93E+08,5.30E+06,3298397,3298397,0,423000
100,2.93E+08,5.33E+06,3298402,3298401,0,422100
100,2.97E+08,5.30E+06,3298417,3298417,0,429500
100,2.90E+08,5.31E+06,3298427,3298427,0,409950
100,2.97E+08,5.33E+06,3298442,3298441,0,432950
100,2.93E+08,5.30E+06,3298459,3298459,0,422350
100,2.93E+08,5.30E+06,3298466,3298467,0,422950
100,2.89E+08,5.30E+06,3298468,3298468,0,409400
100,2.90E+08,5.30E+06,3298472,3298472,0,413150
100,2.97E+08,5.30E+06,3298474,3298472,0,429500
100,2.93E+08,5.32E+06,3298483,3298478,0,422900
100,2.93E+08,5.30E+06,3298485,3298482,0,422600
100,2.98E+08,5.34E+06,3298485,3298482,0,433150
100,2.90E+08,5.31E+06,3298486,3298486,0,413150
100,2.91E+08,5.40E+06,3298494,3298493,0,413200
100,2.90E+08,5.30E+06,3298500,3298500,0,413050
100,2.93E+08,5.31E+06,3298500,3298498,0,423000
100,2.90E+08,5.31E+06,3298504,3298501,0,409950
100,2.90E+08,5.32E+06,3298505,3298506,0,409950
100,2.91E+08,5.30E+06,3298510,3298510,0,413250
100,2.93E+08,5.30E+06,3298515,3298515,0,422350
100,2.98E+08,5.30E+06,3298518,3298514,0,433150
100,2.93E+08,5.34E+06,3298522,3298522,0,422950
100,2.98E+08,5.32E+06,3298523,3298523,0,433150
100,2.93E+08,5.39E+06,3298529,3298529,0,422950
100,2.90E+08,5.36E+06,3298533,3298532,0,413150
100,2.90E+08,5.35E+06,3298538,3298533,0,413050
100,2.98E+08,5.30E+06,3298548,3298550,0,432950
100,2.93E+08,5.43E+06,3298563,3298564,0,422900
100,2.90E+08,5.30E+06,3298566,3298566,0,410800
100,2.94E+08,5.32E+06,3298577,3298576,0,424050
100,2.91E+08,5.31E+06,3298609,3298609,0,413200
100,2.94E+08,5.30E+06,3298616,3298617,0,423000
100,2.90E+08,5.30E+06,3298620,3298621,0,410800
100,2.90E+08,5.35E+06,3298624,3298624,0,410800
100,2.91E+08,5.30E+06,3298627,3298627,0,413200
100,2.90E+08,5.30E+06,3298640,3298645,0,409950
100,2.90E+08,5.30E+06,3298647,3298646,0,413150
100,2.97E+08,5.31E+06,3298650,3298650,0,432950
100,2.98E+08,5.34E+06,3298650,3298646,0,433150
100,2.93E+08,5.50E+06,3298661,3298660,0,422100
100,2.89E+08,5.30E+06,3298668,3298670,0,409400
100,2.91E+08,5.30E+06,3298670,3298670,0,413200
100,2.98E+08,5.32E+06,3298685,3298685,0,433150
100,2.93E+08,5.34E+06,3298687,3298684,0,422600
100,2.98E+08,5.31E+06,3298692,3298692,0,433150
100,2.90E+08,5.30E+06,3298696,3298698,0,409800
100,2.90E+08,5.68E+06,3298716,3298718,0,409950
100,2.97E+08,5.30E+06,3298719,3298719,0,429900
100,2.91E+08,5.36E+06,3298727,3298730,0,413250
100,2.94E+08,5.31E+06,3298745,3298745,0,424050
100,2.91E+08,5.30E+06,3298757,3298754,0,413250
100,2.91E+08,5.30E+06,3298770,3298770,0,413200
100,2.91E+08,5.30E+06,3298774,3298780,0,413250
100,2.91E+08,5.31E+06,3298788,3298788,0,413200
100,2.97E+08,5.31E+06,3298789,3298788,0,432950
100,2.90E+08,5.34E+06,3298790,3298787,0,413150
100,2.93E+08,5.30E+06,3298796,3298796,0,422950
100,2.94E+08,5.34E+06,3298803,3298801,0,423000
100,2.95E+08,5.30E+06,3298810,3298809,0,425800
100,2.94E+08,5.34E+06,3298814,3298814,0,423000
100,2.97E+08,5.32E+06,3298828,3298826,0,429500
100,2.93E+08,5.30E+06,3298829,3298829,0,422950
100,2.90E+08,5.40E+06,3298843,3298844,0,409750
100,2.94E+08,5.30E+06,3298843,3298843,0,423000
100,2.97E+08,5.30E+06,3298843,3298841,0,429900
100,2.90E+08,5.32E+06,3298849,3298851,0,409800
100,2.97E+08,5.42E+06,3298850,3298846,0,432950
100,2.93E+08,5.33E+06,3298868,3298873,0,422900
100,2.93E+08,5.33E+06,3298882,3298882,0,422950
100,2.90E+08,5.31E+06,3298892,3298893,0,413050
100,2.97E+08,5.32E+06,3298905,3298904,0,432950
100,2.97E+08,5.31E+06,3298909,3298909,0,429500
100,2.98E+08,5.30E+06,3298919,3298922,0,433150
100,2.90E+08,5.34E+06,3298924,3298924,0,409950
100,2.90E+08,5.31E+06,3298925,3298925,0,413150
100,2.90E+08,5.30E+06,3298926,3298926,0,413150
100,2.93E+08,5.43E+06,3298934,3298934,0,422950
100,2.93E+08,5.31E+06,3298940,3298937,0,423000
100,2.90E+08,5.30E+06,3298942,3298938,0,409750
100,2.89E+08,5.30E+06,3298945,3298946,0,409000
100,2.98E+08,5.31E+06,3298945,3298941,0,433150
100,2.89E+08,5.30E+06,3298960,3298963,0,409000
100,2.93E+08,5.36E+06,3298971,3298971,0,422900
100,2.97E+08,5.30E+06,3298982,3298982,0,432950
100,2.90E+08,5.31E+06,3298995,3298995,0,413150
100,2.89E+08,5.37E+06,3298999,3298998,0,409400
100,2.91E+08,5.30E+06,3299021,3299018,0,413200
100,2.91E+08,5.30E+06,3299030,3299031,0,413200
100,2.91E+08,5.30E+06,3299033,3299032,0,413250
100,2.90E+08,5.38E+06,3299035,3299035,0,409800
100,2.91E+08,5.37E+06,3299040,3299041,0,413250
100,2.90E+08,5.33E+06,3299066,3299064,0,413150
100,2.90E+08,5.36E+06,3299086,3299085,0,409950
100,2.93E+08,5.31E+06,3299090,3299090,0,423000
100,2.91E+08,5.36E+06,3299091,3299091,0,414200
100,2.90E+08,5.33E+06,3299116,3299116,0,410750
100,2.90E+08,5.30E+06,3299122,3299126,0,410800
100,2.93E+08,5.32E+06,3299131,3299131,0,421650
100,2.90E+08,5.30E+06,3299138,3299142,0,413150
100,2.91E+08,5.34E+06,3299141,3299137,0,413200
100,2.93E+08,5.30E+06,3299142,3299141,0,422900
100,2.90E+08,5.37E+06,3299150,3299151,0,410800
100,2.90E+08,5.31E+06,3299159,3299156,0,413150
100,2.97E+08,5.34E+06,3299171,3299172,0,432950
100,2.93E+08,5.30E+06,3299191,3299191,0,421600
100,2.93E+08,5.31E+06,3299197,3299197,0,422100
100,2.95E+08,5.38E+06,3299204,3299202,0,425800
100,2.93E+08,5.30E+06,3299213,3299210,0,422950
100,2.98E+08,5.30E+06,3299213,3299213,0,432950
100,2.93E+08,5.33E+06,3299220,3299222,0,421600
100,2.90E+08,5.30E+06,3299230,3299228,0,413150
100,2.97E+08,5.38E+06,3299238,3299238,0,432950
100,2.93E+08,5.37E+06,3299294,3299295,0,422600
100,2.90E+08,5.33E+06,3299312,3299310,0,413150
100,2.90E+08,5.30E+06,3299317,3299317,0,409950
100,2.97E+08,5.33E+06,3299319,3299320,0,432950
100,2.90E+08,5.30E+06,3299326,3299326,0,409750
100,2.90E+08,5.30E+06,3299326,3299325,0,409950
100,2.93E+08,5.34E+06,3299334,3299334,0,423000
100,2.89E+08,5.30E+06,3299337,3299337,0,409400
100,2.90E+08,5.33E+06,3299345,3299341,0,409950
100,2.94E+08,5.32E+06,3299347,3299352,0,423000
100,2.97E+08,5.37E+06,3299350,3299354,0,432950
100,2.93E+08,5.31E+06,3299355,3299355,0,422900
100,2.93E+08,5.34E+06,3299356,3299357,0,423000
100,2.98E+08,5.33E+06,3299356,3299356,0,432950
100,2.93E+08,5.33E+06,3299357,3299358,0,422950
100,2.98E+08,5.35E+06,3299367,3299363,0,433150
100,2.98E+08,5.30E+06,3299379,3299379,0,433150
100,2.90E+08,5.36E+06,3299380,3299380,0,410800
100,2.97E+08,5.32E+06,3299388,3299388,0,429900
100,2.93E+08,5.31E+06,3299393,3299395,0,423000
100,2.90E+08,5.30E+06,3299413,3299414,0,413050
100,2.93E+08,5.30E+06,3299417,3299418,0,422900
100,2.90E+08,5.33E+06,3299423,3299421,0,413150
100,2.97E+08,5.48E+06,3299425,3299425,0,429500
100,2.95E+08,5.30E+06,3299442,3299442,0,424550
100,2.93E+08,5.37E+06,3299443,3299441,0,422350
100,2.97E+08,5.30E+06,3299443,3299443,0,432950
100,2.90E+08,5.30E+06,3299453,3299453,0,409800
100,2.98E+08,5.30E+06,3299457,3299458,0,433150
100,2.93E+08,5.35E+06,3299465,3299465,0,422950
100,2.90E+08,5.31E+06,3299474,3299475,0,409950
100,2.90E+08,5.31E+06,3299486,3299486,0,409950
100,2.90E+08,5.31E+06,3299500,3299500,0,413150
100,2.90E+08,5.30E+06,3299502,3299502,0,413050
100,2.90E+08,5.30E+06,3299504,3299506,0,410800
100,2.94E+08,5.31E+06,3299511,3299511,0,424050
100,2.93E+08,5.30E+06,3299515,3299513,0,423000
100,2.98E+08,5.41E+06,3299524,3299525,0,433150
100,2.91E+08,5.74E+06,3299528,3299528,0,413200
100,2.93E+08,5.30E+06,3299540,3299540,0,422950
100,2.91E+08,5.30E+06,3299544,3299544,0,413200
100,2.95E+08,5.40E+06,3299550,3299552,0,425800
100,2.93E+08,5.32E+06,3299557,3299558,0,422900
100,2.97E+08,5.31E+06,3299573,3299575,0,429500
100,2.93E+08,5.30E+06,3299574,3299576,0,422950
100,2.93E+08,5.30E+06,3299576,3299576,0,422950
100,2.93E+08,5.31E+06,3299592,3299592,0,423000
100,2.93E+08,5.31E+06,3299593,3299593,0,422950
100,2.90E+08,5.30E+06,3299606,3299606,0,413150
100,2.89E+08,5.34E+06,3299608,3299610,0,409400
100,2.90E+08,5.30E+06,3299618,3299618,0,413150
100,2.90E+08,5.30E+06,3299626,3299622,0,409750
100,2.93E+08,5.30E+06,3299631,3299633,0,422100
100,2.89E+08,5.32E+06,3299653,3299656,0,409400
100,2.93E+08,5.33E+06,3299662,3299660,0,422900
100,2.93E+08,5.30E+06,3299667,3299667,0,423000
100,2.97E+08,5.36E+06,3299668,3299669,0,429900
100,2.97E+08,5.30E+06,3299672,3299672,0,429900
100,2.89E+08,5.30E+06,3299675,3299678,0,409000
100,2.89E+08,5.31E+06,3299675,3299678,0,409400
100,2.90E+08,5.34E+06,3299685,3299686,0,409950
100,2.98E+08,5.30E+06,3299699,3299699,0,433150
100,2.93E+08,5.30E+06,3299704,3299703,0,422900
100,2.90E+08,5.30E+06,3299707,3299703,0,409950
100,2.91E+08,5.37E+06,3299712,3299712,0,413200
100,2.90E+08,5.30E+06,3299718,3299714,0,413150
100,2.97E+08,5.34E+06,3299718,3299718,0,429900
100,2.90E+08,5.30E+06,3299723,3299723,0,409950
100,2.93E+08,5.31E+06,3299726,3299724,0,422950
100,2.90E+08,5.31E+06,3299731,3299730,0,409750
100,2.98E+08,5.31E+06,3299731,3299730,0,432950
100,2.97E+08,5.30E+06,3299732,3299732,0,429900
100,2.90E+08,5.31E+06,3299746,3299746,0,413050
100,2.90E+08,5.34E+06,3299754,3299754,0,413150
100,2.90E+08,5.30E+06,3299767,3299766,0,409750
100,2.90E+08,5.33E+06,3299774,3299772,0,413050
100,2.90E+08,5.41E+06,3299791,3299790,0,413150
100,2.98E+08,5.31E+06,3299791,3299791,0,433150
100,2.94E+08,5.30E+06,3299795,3299789,0,424050
100,2.91E+08,5.31E+06,3299802,3299802,0,413200
100,2.98E+08,5.30E+06,3299813,3299813,0,432950
100,2.98E+08,5.31E+06,3299831,3299830,0,433150
100,2.91E+08,5.40E+06,3299833,3299833,0,413950
100,2.97E+08,5.37E+06,3299837,3299839,0,432950
100,2.90E+08,5.33E+06,3299838,3299836,0,413150
100,2.90E+08,5.33E+06,3299840,3299838,0,413050
100,2.93E+08,5.30E+06,3299855,3299856,0,422900
100,2.90E+08,5.31E+06,3299860,3299861,0,410800
100,2.90E+08,5.30E+06,3299864,3299864,0,413050
100,2.89E+08,5.32E+06,3299868,3299870,0,409000
100,2.90E+08,5.30E+06,3299886,3299882,0,409950
100,2.93E+08,5.30E+06,3299887,3299886,0,423000
100,2.89E+08,5.31E+06,3299890,3299895,0,409000
100,2.91E+08,5.30E+06,3299893,3299893,0,414200
100,2.90E+08,5.34E+06,3299921,3299921,0,413150
100,2.90E+08,5.30E+06,3299923,3299923,0,410800
100,2.90E+08,5.30E+06,3299933,3299927,0,409950
100,2.93E+08,5.31E+06,3299942,3299942,0,422100
100,2.94E+08,5.52E+06,3299956,3299957,0,423000
100,2.97E+08,5.31E+06,3299959,3299957,0,432950
100,2.93E+08,5.32E+06,3299962,3299960,0,422900
100,2.93E+08,5.30E+06,3299966,3299966,0,423000
100,2.93E+08,5.30E+06,3299994,3299993,0,422950
100,2.97E+08,5.30E+06,3300004,3300006,0,432950
100,2.91E+08,5.30E+06,3300023,3300018,0,413250
100,2.94E+08,5.30E+06,3300023,3300024,0,424050
100,2.89E+08,5.38E+06,3300052,3300052,0,406800
100,2.90E+08,5.30E+06,3300108,3300109,0,409950
100,2.97E+08,5.32E+06,3300116,3300117,0,432950
100,2.89E+08,5.31E+06,3300117,3300119,0,409000
100,2.90E+08,5.30E+06,3300128,3300128,0,409950
100,2.90E+08,5.30E+06,3300154,3300153,0,413050
100,2.94E+08,5.30E+06,3300158,3300158,0,423000
100,2.94E+08,5.30E+06,3300164,3300163,0,423000
100,2.93E+08,5.32E+06,3300187,3300187,0,423000
100,2.94E+08,5.32E+06,3300188,3300190,0,423000
100,2.89E+08,5.33E+06,3300190,3300193,0,409000
100,2.93E+08,5.39E+06,3300195,3300194,0,422900
100,2.93E+08,5.30E+06,3300200,3300200,0,422950
100,2.93E+08,5.35E+06,3300209,3300210,0,422900
100,2.97E+08,5.37E+06,3300220,3300220,0,432950
100,2.90E+08,5.31E+06,3300234,3300233,0,409950
100,2.90E+08,5.32E+06,3300241,3300241,0,409950
100,2.98E+08,5.30E+06,3300244,3300244,0,433150
100,2.90E+08,5.30E+06,3300253,3300253,0,409950
100,2.97E+08,5.31E+06,3300259,3300261,0,429900
100,2.91E+08,5.53E+06,3300260,3300260,0,413200
100,2.90E+08,5.30E+06,3300262,3300264,0,413150
100,2.97E+08,5.32E+06,3300264,3300261,0,429900
100,2.91E+08,5.30E+06,3300268,3300267,0,413250
100,2.98E+08,5.30E+06,3300268,3300270,0,433150
100,2.93E+08,5.30E+06,3300277,3300279,0,422600
100,2.93E+08,5.30E+06,3300284,3300284,0,422950
100,2.94E+08,5.33E+06,3300290,3300290,0,423000
100,2.91E+08,5.30E+06,3300310,3300311,0,413200
100,2.98E+08,5.30E+06,3300320,3300320,0,433150
100,2.90E+08,5.30E+06,3300342,3300340,0,413150
100,2.93E+08,5.30E+06,3300344,3300344,0,422950
100,2.90E+08,5.30E+06,3300352,3300352,0,409800
100,2.90E+08,5.30E+06,3300354,3300354,0,410750
100,2.97E+08,5.30E+06,3300354,3300354,0,432950
100,2.93E+08,5.33E+06,3300359,3300357,0,422350
100,2.98E+08,5.33E+06,3300364,3300364,0,433150
100,2.91E+08,5.33E+06,3300370,3300366,0,413250
100,2.93E+08,5.33E+06,3300374,3300375,0,422350
100,2.93E+08,5.32E+06,3300377,3300376,0,422100
100,2.97E+08,5.30E+06,3300379,3300379,0,429900
100,2.94E+08,5.30E+06,3300382,3300383,0,424050
100,2.93E+08,5.32E+06,3300387,3300387,0,422900
100,2.93E+08,5.56E+06,3300404,3300404,0,422950
100,2.90E+08,5.31E+06,3300422,3300417,0,409800
100,2.93E+08,5.30E+06,3300429,3300429,0,423000
100,2.97E+08,5.31E+06,3300430,3300430,0,429900
100,2.93E+08,5.31E+06,3300443,3300442,0,422100
100,2.93E+08,5.30E+06,3300443,3300442,0,423000
100,2.98E+08,5.30E+06,3300448,3300446,0,433150
100,2.90E+08,5.30E+06,3300477,3300471,0,409800
100,2.93E+08,5.32E+06,3300502,3300505,0,423000
100,2.89E+08,5.30E+06,3300512,3300511,0,409400
100,2.94E+08,5.41E+06,3300523,3300523,0,423000
100,2.90E+08,5.30E+06,3300526,3300526,0,410800
100,2.93E+08,5.33E+06,3300535,3300535,0,423000
100,2.90E+08,5.30E+06,3300543,3300546,0,413150
100,2.90E+08,5.31E+06,3300545,3300542,0,413150
100,2.93E+08,5.30E+06,3300545,3300543,0,423000
100,2.90E+08,5.32E+06,3300575,3300576,0,409950
100,2.90E+08,5.31E+06,3300580,3300576,0,409800
100,2.90E+08,5.35E+06,3300596,3300596,0,409800
100,2.90E+08,5.30E+06,3300604,3300599,0,413150
100,2.93E+08,5.31E+06,3300617,3300617,0,422100
100,2.93E+08,5.31E+06,3300642,3300640,0,422950
100,2.91E+08,5.30E+06,3300651,3300657,0,414200
100,2.94E+08,5.37E+06,3300674,3300674,0,423000
100,2.93E+08,5.30E+06,3300690,3300684,0,423000
100,2.97E+08,5.30E+06,3300696,3300696,0,429900
100,2.91E+08,5.33E+06,3300699,3300701,0,413250
100,2.90E+08,5.31E+06,3300701,3300702,0,409950
100,2.93E+08,5.30E+06,3300712,3300712,0,422950
100,2.93E+08,5.30E+06,3300736,3300736,0,422900
100,2.90E+08,5.30E+06,3300744,3300744,0,413150
100,2.98E+08,5.32E+06,3300767,3300767,0,433150
100,2.90E+08,5.35E+06,3300774,3300774,0,413150
100,2.89E+08,5.30E+06,3300778,3300780,0,409400
100,2.90E+08,5.34E+06,3300799,3300799,0,409950
100,2.93E+08,5.33E+06,3300799,3300797,0,422100
100,2.93E+08,5.36E+06,3300800,3300800,0,421900
100,2.93E+08,5.30E+06,3300806,3300806,0,422950
100,2.90E+08,5.31E+06,3300813,3300813,0,409950
100,2.90E+08,5.30E+06,3300822,3300822,0,413150
100,2.93E+08,5.32E+06,3300830,3300830,0,422900
100,2.91E+08,5.30E+06,3300833,3300831,0,413200
100,2.97E+08,5.30E+06,3300842,3300842,0,432950
100,2.93E+08,5.31E+06,3300845,3300845,0,422950
100,2.97E+08,5.31E+06,3300864,3300868,0,429900
100,2.94E+08,5.30E+06,3300872,3300871,0,424050
100,2.94E+08,5.36E+06,3300877,3300872,0,424050
100,2.90E+08,5.36E+06,3300881,3300881,0,413050
100,2.93E+08,5.30E+06,3300883,3300883,0,422100
100,2.90E+08,5.30E+06,3300890,3300890,0,410800
100,2.91E+08,5.31E+06,3300896,3300896,0,413250
100,2.91E+08,5.30E+06,3300904,3300904,0,413250
100,2.97E+08,5.33E+06,3300906,3300906,0,432950
100,2.95E+08,5.34E+06,3300908,3300904,0,424550
100,2.91E+08,5.31E+06,3300909,3300908,0,414200
100,2.91E+08,5.30E+06,3300920,3300918,0,413200
100,2.90E+08,5.30E+06,3300925,3300925,0,413150
100,2.94E+08,5.30E+06,3300929,3300927,0,424050
100,2.90E+08,5.31E+06,3300933,3300932,0,413050
100,2.97E+08,5.34E+06,3300948,3300948,0,429900
100,2.90E+08,5.30E+06,3300955,3300955,0,409950
100,2.90E+08,5.31E+06,3300959,3300955,0,413150
100,2.98E+08,5.36E+06,3300968,3300966,0,433150
100,2.91E+08,5.30E+06,3300976,3300971,0,413150
100,2.97E+08,5.34E+06,3300986,3300986,0,429900
100,2.91E+08,5.32E+06,3301007,3301005,0,413200
100,2.97E+08,5.33E+06,3301007,3301007,0,432950
100,2.98E+08,5.31E+06,3301007,3301008,0,433150
100,2.97E+08,5.30E+06,3301011,3301011,0,429900
100,2.93E+08,5.30E+06,3301021,3301021,0,423000
100,2.90E+08,5.40E+06,3301030,3301033,0,409800
100,2.98E+08,5.30E+06,3301032,3301032,0,433150
100,2.97E+08,5.36E+06,3301033,3301034,0,432950
100,2.90E+08,5.34E+06,3301041,3301041,0,409750
100,2.93E+08,5.37E+06,3301050,3301050,0,423000
100,2.94E+08,5.36E+06,3301050,3301046,0,424050
100,2.90E+08,5.30E+06,3301054,3301058,0,410800
100,2.91E+08,5.35E+06,3301058,3301057,0,413200
100,2.98E+08,5.33E+06,3301067,3301068,0,433150
100,2.93E+08,5.30E+06,3301080,3301078,0,422950
100,2.94E+08,5.37E+06,3301083,3301084,0,423000
100,2.97E+08,5.31E+06,3301085,3301085,0,432950
100,2.93E+08,5.37E+06,3301087,3301085,0,422350
100,2.94E+08,5.31E+06,3301107,3301107,0,423000
100,2.90E+08,5.34E+06,3301109,3301110,0,409950
100,2.94E+08,5.30E+06,3301115,3301115,0,423000
100,2.90E+08,5.31E+06,3301122,3301122,0,413150
100,2.90E+08,5.32E+06,3301126,3301126,0,413050
100,2.97E+08,5.32E+06,3301126,3301125,0,429900
100,2.94E+08,5.30E+06,3301128,3301121,0,424050
100,2.91E+08,5.31E+06,3301129,3301127,0,414200
100,2.93E+08,5.31E+06,3301131,3301131,0,422900
100,2.89E+08,5.30E+06,3301133,3301133,0,409000
100,2.98E+08,5.33E+06,3301133,3301129,0,432950
100,2.93E+08,5.30E+06,3301136,3301136,0,422600
100,2.90E+08,5.34E+06,3301143,3301144,0,409800
100,2.90E+08,5.30E+06,3301151,3301149,0,409950
100,2.90E+08,5.31E+06,3301153,3301155,0,413050
100,2.94E+08,5.35E+06,3301157,3301148,0,423000
100,2.94E+08,5.30E+06,3301165,3301167,0,423000
100,2.97E+08,5.30E+06,3301166,3301166,0,429900
100,2.97E+08,5.43E+06,3301167,3301166,0,429900
100,2.91E+08,5.31E+06,3301168,3301170,0,413200
100,2.93E+08,5.30E+06,3301171,3301171,0,422900
100,2.89E+08,5.30E+06,3301174,3301175,0,409000
100,2.93E+08,5.32E+06,3301181,3301183,0,423000
100,2.93E+08,5.35E+06,3301184,3301186,0,423000
100,2.91E+08,5.30E+06,3301185,3301185,0,413200
100,2.90E+08,5.31E+06,3301197,3301197,0,410800
100,2.94E+08,5.69E+06,3301201,3301196,0,423000
100,2.97E+08,5.36E+06,3301205,3301204,0,429900
100,2.94E+08,5.39E+06,3301210,3301210,0,424050
100,2.97E+08,5.37E+06,3301210,3301210,0,429900
100,2.97E+08,5.35E+06,3301210,3301210,0,432950
100,2.94E+08,5.30E+06,3301223,3301222,0,424050
100,2.81E+08,5.85E+06,3301235,3301232,0,385450
100,2.90E+08,5.30E+06,3301238,3301238,0,413050
100,2.93E+08,5.31E+06,3301249,3301249,0,422950
100,2.94E+08,5.36E+06,3301286,3301286,0,423400
100,2.97E+08,5.36E+06,3301316,3301310,0,429900
100,2.97E+08,5.30E+06,3301318,3301318,0,432950
100,2.93E+08,5.30E+06,3301321,3301322,0,423000
100,2.91E+08,5.30E+06,3301322,3301322,0,413150
100,2.97E+08,5.30E+06,3301323,3301324,0,432950
100,2.93E+08,5.37E+06,3301327,3301330,0,422950
100,2.93E+08,5.31E+06,3301327,3301327,0,423000
100,2.94E+08,5.30E+06,3301332,3301332,0,424050
100,2.97E+08,5.30E+06,3301337,3301336,0,429900
100,2.94E+08,5.30E+06,3301344,3301344,0,423000
100,2.93E+08,5.30E+06,3301346,3301346,0,423000
100,2.89E+08,5.38E+06,3301367,3301370,0,409000
100,2.90E+08,5.30E+06,3301384,3301384,0,409800
100,2.97E+08,5.30E+06,3301404,3301401,0,429500
100,2.90E+08,5.34E+06,3301415,3301415,0,409950
100,2.93E+08,5.30E+06,3301420,3301422,0,423000
100,2.97E+08,5.30E+06,3301421,3301419,0,429500
100,2.94E+08,5.33E+06,3301429,3301428,0,423000
100,2.93E+08,5.30E+06,3301431,3301431,0,422350
100,2.89E+08,5.32E+06,3301443,3301439,0,409000
100,2.91E+08,5.31E+06,3301453,3301452,0,413250
100,2.90E+08,5.33E+06,3301457,3301457,0,409950
100,2.89E+08,5.42E+06,3301465,3301465,0,409000
100,2.95E+08,5.34E+06,3301475,3301475,0,425800
100,2.93E+08,5.34E+06,3301478,3301478,0,422950
100,2.90E+08,5.30E+06,3301499,3301497,0,413150
100,2.97E+08,5.37E+06,3301507,3301501,0,432950
100,2.89E+08,5.31E+06,3301513,3301513,0,409400
100,2.90E+08,5.33E+06,3301517,3301517,0,409950
100,2.93E+08,5.31E+06,3301526,3301526,0,422900
100,2.93E+08,5.31E+06,3301537,3301536,0,422950
100,2.93E+08,5.30E+06,3301538,3301538,0,421600
100,2.94E+08,5.30E+06,3301540,3301541,0,423000
100,2.89E+08,5.32E+06,3301541,3301541,0,409400
100,2.98E+08,5.30E+06,3301557,3301557,0,433150
100,2.98E+08,5.30E+06,3301574,3301570,0,433150
100,2.84E+08,5.43E+06,3301580,3301578,0,395100
100,2.98E+08,5.32E+06,3301586,3301589,0,433150
100,2.98E+08,5.30E+06,3301605,3301604,0,433150
100,2.94E+08,5.30E+06,3301621,3301621,0,424050
100,2.90E+08,5.30E+06,3301627,3301627,0,409800
100,2.93E+08,5.34E+06,3301628,3301628,0,422950
100,2.90E+08,5.30E+06,3301630,3301630,0,409800
100,2.90E+08,5.33E+06,3301639,3301638,0,410800
100,2.94E+08,5.33E+06,3301647,3301647,0,423000
100,2.93E+08,5.34E+06,3301652,3301644,0,422600
100,2.93E+08,5.33E+06,3301673,3301675,0,423000
100,2.90E+08,5.30E+06,3301683,3301679,0,409950
100,2.91E+08,5.31E+06,3301694,3301695,0,413250
100,2.97E+08,5.30E+06,3301694,3301694,0,429900
100,2.93E+08,5.57E+06,3301713,3301714,0,422600
100,2.98E+08,5.35E+06,3301715,3301713,0,433150
100,2.93E+08,5.35E+06,3301717,3301716,0,422900
100,2.91E+08,5.30E+06,3301722,3301718,0,414200
100,2.90E+08,5.30E+06,3301737,3301739,0,409950
100,2.90E+08,5.30E+06,3301743,3301742,0,413150
100,2.90E+08,5.30E+06,3301746,3301746,0,413150
100,2.98E+08,5.30E+06,3301750,3301748,0,432950
100,2.91E+08,5.30E+06,3301752,3301753,0,413200
100,2.97E+08,5.30E+06,3301760,3301760,0,432950
100,2.90E+08,5.32E+06,3301766,3301766,0,409950
100,2.94E+08,5.35E+06,3301768,3301768,0,424050
100,2.97E+08,5.31E+06,3301770,3301773,0,429500
100,2.93E+08,5.30E+06,3301780,3301781,0,423000
100,2.98E+08,5.32E+06,3301824,3301824,0,433150
100,2.93E+08,5.30E+06,3301837,3301838,0,423000
100,2.90E+08,5.30E+06,3301853,3301853,0,409950
100,2.97E+08,5.38E+06,3301856,3301857,0,429900
100,2.93E+08,5.31E+06,3301862,3301862,0,422100
100,2.98E+08,5.30E+06,3301874,3301873,0,433150
100,2.91E+08,5.30E+06,3301876,3301876,0,413200
100,2.91E+08,5.33E+06,3301878,3301879,0,413200
100,2.91E+08,5.33E+06,3301886,3301886,0,413200
100,2.91E+08,5.31E+06,3301895,3301896,0,413250
100,2.97E+08,5.31E+06,3301906,3301906,0,432950
100,2.93E+08,5.61E+06,3301910,3301904,0,423000
100,2.93E+08,5.30E+06,3301912,3301912,0,423000
100,2.89E+08,5.53E+06,3301918,3301918,0,409000
100,2.94E+08,5.36E+06,3301921,3301921,0,423000
100,2.90E+08,5.30E+06,3301923,3301924,0,413150
100,2.91E+08,5.31E+06,3301931,3301932,0,413250
100,2.90E+08,5.32E+06,3301946,3301946,0,413050
100,2.98E+08,5.31E+06,3301948,3301948,0,433150
100,2.94E+08,5.30E+06,3301955,3301959,0,423000
100,2.90E+08,5.34E+06,3301956,3301956,0,413150
100,2.93E+08,5.36E+06,3301963,3301963,0,422950
100,2.93E+08,5.38E+06,3301966,3301963,0,421600
100,2.96E+08,5.33E+06,3301971,3301969,0,429300
100,2.98E+08,5.30E+06,3301972,3301973,0,433150
100,2.90E+08,5.41E+06,3301979,3301979,0,413150
100,2.91E+08,5.30E+06,3301981,3301980,0,413200
100,2.91E+08,5.37E+06,3301986,3301985,0,413250
100,2.91E+08,5.30E+06,3301989,3301987,0,413250
100,2.93E+08,5.32E+06,3301996,3301996,0,423000
100,2.89E+08,5.31E+06,3302001,3302001,0,409000
100,2.93E+08,5.31E+06,3302003,3302005,0,423000
100,2.93E+08,5.31E+06,3302006,3302007,0,422600
100,2.90E+08,5.38E+06,3302007,3302005,0,413150
100,2.90E+08,5.32E+06,3302007,3302007,0,413150
100,2.90E+08,5.30E+06,3302011,3302011,0,409750
100,2.98E+08,5.35E+06,3302023,3302026,0,433150
100,2.90E+08,5.31E+06,3302044,3302043,0,409750
100,2.93E+08,5.31E+06,3302045,3302044,0,423000
100,2.90E+08,5.30E+06,3302047,3302048,0,409950
100,2.97E+08,5.50E+06,3302049,3302049,0,429900
100,2.93E+08,5.66E+06,3302056,3302056,0,423000
100,2.90E+08,5.30E+06,3302059,3302059,0,409950
100,2.91E+08,5.34E+06,3302059,3302059,0,413200
100,2.91E+08,5.30E+06,3302066,3302066,0,413250
100,2.91E+08,5.30E+06,3302069,3302070,0,413250
100,2.91E+08,5.30E+06,3302084,3302084,0,413250
100,2.93E+08,5.30E+06,3302105,3302106,0,422950
100,2.90E+08,5.30E+06,3302132,3302132,0,409800
100,2.93E+08,5.32E+06,3302132,3302134,0,422950
100,2.95E+08,5.30E+06,3302145,3302144,0,425800
100,2.91E+08,5.31E+06,3302166,3302166,0,414200
100,2.90E+08,5.31E+06,3302174,3302174,0,409950
100,2.90E+08,5.31E+06,3302189,3302189,0,413150
100,2.91E+08,5.32E+06,3302198,3302198,0,413200
100,2.93E+08,5.32E+06,3302210,3302206,0,422900
100,2.97E+08,5.36E+06,3302211,3302214,0,432950
100,2.89E+08,5.35E+06,3302214,3302214,0,409150
100,2.97E+08,5.30E+06,3302218,3302217,0,432950
100,2.90E+08,5.30E+06,3302230,3302225,0,409750
100,2.94E+08,5.31E+06,3302237,3302238,0,423000
100,2.90E+08,5.30E+06,3302253,3302253,0,410800
100,2.98E+08,5.30E+06,3302264,3302263,0,433150
100,2.94E+08,5.73E+06,3302265,3302265,0,424050
100,2.90E+08,5.30E+06,3302274,3302274,0,413050
100,2.93E+08,5.31E+06,3302281,3302279,0,423000
100,2.90E+08,5.36E+06,3302283,3302283,0,413150
100,2.91E+08,5.33E+06,3302283,3302284,0,413200
100,2.93E+08,5.30E+06,3302290,3302290,0,423000
100,2.90E+08,5.30E+06,3302291,3302290,0,413150
100,2.93E+08,5.32E+06,3302302,3302303,0,422900
100,2.90E+08,5.36E+06,3302304,3302305,0,409800
100,2.98E+08,5.30E+06,3302309,3302309,0,433150
100,2.96E+08,5.34E+06,3302310,3302309,0,429300
100,2.90E+08,5.30E+06,3302319,3302322,0,409950
100,2.90E+08,5.30E+06,3302320,3302316,0,410800
100,2.90E+08,5.30E+06,3302325,3302324,0,409950
100,2.97E+08,5.30E+06,3302334,3302333,0,429900
100,2.97E+08,5.39E+06,3302341,3302340,0,432950
100,2.90E+08,5.30E+06,3302349,3302349,0,413150
100,2.91E+08,5.30E+06,3302351,3302349,0,413200
100,2.98E+08,5.30E+06,3302366,3302366,0,433150
100,2.90E+08,5.33E+06,3302371,3302371,0,413050
100,2.90E+08,5.32E+06,3302374,3302371,0,413150
100,2.97E+08,5.30E+06,3302381,3302382,0,432950
100,2.97E+08,5.35E+06,3302383,3302376,0,429900
100,2.93E+08,5.30E+06,3302392,3302393,0,421500
100,2.98E+08,5.30E+06,3302402,3302402,0,433150
100,2.90E+08,5.37E+06,3302404,3302401,0,410800
100,2.91E+08,5.32E+06,3302408,3302408,0,413200
100,2.97E+08,5.30E+06,3302410,3302409,0,429900
100,2.90E+08,5.31E+06,3302413,3302412,0,409800
100,2.97E+08,5.35E+06,3302425,3302425,0,429900
100,2.95E+08,5.33E+06,3302434,3302434,0,425800
100,2.89E+08,5.32E+06,3302440,3302440,0,409000
100,2.90E+08,5.39E+06,3302440,3302436,0,410800
100,2.90E+08,5.31E+06,3302443,3302438,0,409800
100,2.93E+08,5.30E+06,3302448,3302448,0,422100
100,2.93E+08,6.02E+06,3302451,3302452,0,423000
100,2.93E+08,5.30E+06,3302451,3302451,0,423000
100,2.97E+08,5.36E+06,3302466,3302466,0,429500
100,2.90E+08,5.31E+06,3302467,3302467,0,410750
100,2.93E+08,5.30E+06,3302477,3302476,0,423000
100,2.97E+08,5.31E+06,3302480,3302476,0,429900
100,2.90E+08,5.30E+06,3302484,3302486,0,409800
100,2.90E+08,5.32E+06,3302486,3302485,0,410800
100,2.90E+08,5.31E+06,3302489,3302488,0,409950
100,2.90E+08,5.31E+06,3302490,3302490,0,413050
100,2.98E+08,5.30E+06,3302491,3302490,0,433150
100,2.89E+08,5.31E+06,3302497,3302497,0,409000
100,2.91E+08,5.33E+06,3302498,3302496,0,414200
100,2.97E+08,5.32E+06,3302499,3302499,0,429900
100,2.97E+08,5.59E+06,3302500,3302502,0,429900
100,2.93E+08,5.30E+06,3302513,3302513,0,422950
100,2.93E+08,5.32E+06,3302514,3302512,0,422600
100,2.90E+08,5.30E+06,3302524,3302520,0,409950
100,2.97E+08,5.34E+06,3302527,3302526,0,429500
100,2.90E+08,5.30E+06,3302535,3302534,0,409750
100,2.93E+08,5.34E+06,3302538,3302538,0,423000
100,2.97E+08,5.34E+06,3302541,3302541,0,432950
100,2.90E+08,5.34E+06,3302549,3302549,0,413150
100,2.94E+08,5.30E+06,3302551,3302551,0,423000
100,2.93E+08,5.33E+06,3302561,3302558,0,422900
100,2.97E+08,5.30E+06,3302593,3302592,0,432950
100,2.93E+08,5.31E+06,3302604,3302602,0,422950
100,2.93E+08,5.37E+06,3302623,3302624,0,422950
100,2.93E+08,5.32E+06,3302630,3302631,0,422900
100,2.97E+08,5.30E+06,3302640,3302639,0,432950
100,2.93E+08,5.30E+06,3302641,3302645,0,422950
100,2.95E+08,5.33E+06,3302651,3302649,0,424550
100,2.91E+08,5.30E+06,3302669,3302669,0,413200
100,2.93E+08,5.36E+06,3302673,3302673,0,422900
100,2.98E+08,5.30E+06,3302678,3302678,0,433150
100,2.90E+08,5.33E+06,3302683,3302683,0,409800
100,2.93E+08,5.30E+06,3302686,3302687,0,422900
100,2.93E+08,5.30E+06,3302687,3302689,0,422900
100,2.93E+08,5.30E+06,3302687,3302686,0,422950
100,2.93E+08,5.32E+06,3302688,3302688,0,422950
100,2.91E+08,5.31E+06,3302689,3302691,0,413250
100,2.93E+08,5.31E+06,3302689,3302689,0,423000
100,2.91E+08,5.32E+06,3302694,3302695,0,413250
100,2.94E+08,5.31E+06,3302704,3302704,0,424050
100,2.97E+08,5.34E+06,3302706,3302702,0,432950
100,2.90E+08,5.31E+06,3302710,3302710,0,409800
100,2.91E+08,5.30E+06,3302712,3302711,0,413200
100,2.90E+08,5.33E+06,3302713,3302712,0,409950
100,2.97E+08,5.37E+06,3302714,3302714,0,429900
100,2.93E+08,5.32E+06,3302715,3302716,0,423000
100,2.90E+08,5.30E+06,3302717,3302715,0,409800
100,2.93E+08,5.31E+06,3302729,3302729,0,423000
100,2.93E+08,5.32E+06,3302730,3302730,0,422900
100,2.93E+08,5.31E+06,3302730,3302732,0,423000
100,2.90E+08,5.30E+06,3302732,3302728,0,409800
100,2.93E+08,5.30E+06,3302734,3302735,0,423000
100,2.93E+08,5.31E+06,3302745,3302744,0,423000
100,2.89E+08,5.33E+06,3302755,3302752,0,409000
100,2.93E+08,5.30E+06,3302766,3302762,0,422950
100,2.91E+08,5.31E+06,3302774,3302774,0,414200
100,2.90E+08,5.30E+06,3302779,3302779,0,409800
100,2.93E+08,5.31E+06,3302788,3302788,0,422900
100,2.90E+08,5.40E+06,3302795,3302795,0,409950
100,2.90E+08,5.40E+06,3302806,3302806,0,413150
100,2.93E+08,5.41E+06,3302808,3302809,0,423000
100,2.97E+08,5.34E+06,3302821,3302821,0,429900
100,2.98E+08,5.30E+06,3302824,3302825,0,433150
100,2.97E+08,5.30E+06,3302829,3302832,0,429500
100,2.98E+08,5.40E+06,3302832,3302832,0,432950
100,2.97E+08,5.30E+06,3302834,3302834,0,429900
100,2.89E+08,5.32E+06,3302835,3302837,0,409200
100,2.97E+08,5.30E+06,3302835,3302835,0,429900
100,2.98E+08,5.39E+06,3302868,3302870,0,433150
100,2.93E+08,5.30E+06,3302869,3302869,0,422900
100,2.98E+08,5.30E+06,3302874,3302874,0,433150
100,2.90E+08,5.30E+06,3302876,3302876,0,409950
100,2.90E+08,5.30E+06,3302878,3302878,0,409800
100,2.90E+08,5.38E+06,3302895,3302895,0,410800
100,2.90E+08,5.30E+06,3302898,3302897,0,413150
100,2.89E+08,5.31E+06,3302915,3302915,0,409400
100,2.90E+08,5.36E+06,3302917,3302919,0,409950
100,2.97E+08,5.37E+06,3302923,3302924,0,432950
100,2.90E+08,5.31E+06,3302924,3302923,0,413150
100,2.90E+08,5.34E+06,3302947,3302944,0,409800
100,2.90E+08,5.35E+06,3302947,3302947,0,409950
100,2.97E+08,5.30E+06,3302954,3302957,0,429900
100,2.98E+08,5.30E+06,3302958,3302958,0,433150
100,2.89E+08,5.65E+06,3302972,3302971,0,409000
100,2.90E+08,5.31E+06,3302983,3302984,0,409800
100,2.91E+08,5.30E+06,3302985,3302985,0,413200
100,2.93E+08,5.30E+06,3302994,3302994,0,422900
100,2.98E+08,5.30E+06,3303006,3303004,0,433150
100,2.93E+08,5.30E+06,3303018,3303018,0,423000
100,2.94E+08,5.37E+06,3303023,3303019,0,424050
100,2.91E+08,5.33E+06,3303029,3303029,0,413200
100,2.89E+08,5.33E+06,3303039,3303039,0,409400
100,2.90E+08,5.32E+06,3303049,3303049,0,413050
100,2.97E+08,5.38E+06,3303054,3303054,0,429900
100,2.90E+08,5.30E+06,3303058,3303059,0,409950
100,2.90E+08,5.33E+06,3303064,3303064,0,409950
100,2.94E+08,5.31E+06,3303072,3303071,0,423000
100,2.94E+08,5.30E+06,3303075,3303074,0,423000
100,2.89E+08,5.35E+06,3303080,3303079,0,409000
100,2.89E+08,5.34E+06,3303081,3303079,0,409000
100,2.97E+08,5.40E+06,3303081,3303081,0,432950
100,2.90E+08,5.32E+06,3303089,3303090,0,413150
100,2.93E+08,5.33E+06,3303093,3303093,0,423000
100,2.93E+08,5.32E+06,3303096,3303097,0,422900
100,2.93E+08,5.34E+06,3303101,3303106,0,422900
100,2.90E+08,5.30E+06,3303109,3303111,0,409950
100,2.91E+08,5.31E+06,3303119,3303119,0,413200
100,2.93E+08,5.60E+06,3303120,3303122,0,422100
100,2.97E+08,5.30E+06,3303122,3303123,0,432950
100,2.97E+08,5.35E+06,3303123,3303122,0,429900
100,2.91E+08,5.30E+06,3303133,3303133,0,413200
100,2.90E+08,5.34E+06,3303134,3303137,0,413050
100,2.93E+08,5.41E+06,3303140,3303140,0,423000
100,2.89E+08,5.43E+06,3303158,3303158,0,409400
100,2.98E+08,5.33E+06,3303178,3303178,0,433150
100,2.97E+08,5.30E+06,3303185,3303184,0,432950
100,2.90E+08,5.35E+06,3303210,3303207,0,409950
100,2.93E+08,5.35E+06,3303215,3303212,0,422900
100,2.90E+08,5.70E+06,3303220,3303220,0,409950
100,2.93E+08,5.32E+06,3303221,3303218,0,422950
100,2.90E+08,5.37E+06,3303224,3303219,0,413050
100,2.90E+08,5.32E+06,3303227,3303224,0,409800
100,2.97E+08,5.36E+06,3303227,3303227,0,432950
100,2.97E+08,5.31E+06,3303228,3303230,0,429900
100,2.90E+08,5.30E+06,3303237,3303237,0,409950
100,2.94E+08,5.30E+06,3303239,3303241,0,423000
100,2.90E+08,5.30E+06,3303245,3303245,0,409800
100,2.98E+08,5.30E+06,3303261,3303259,0,433150
100,2.98E+08,5.39E+06,3303271,3303272,0,433150
100,2.98E+08,5.33E+06,3303274,3303274,0,432950
100,2.97E+08,5.36E+06,3303275,3303275,0,432950
100,2.97E+08,5.30E+06,3303288,3303286,0,429900
100,2.89E+08,5.30E+06,3303305,3303305,0,409400
100,2.90E+08,5.30E+06,3303306,3303304,0,409800
100,2.90E+08,5.30E+06,3303311,3303312,0,413150
100,2.90E+08,5.32E+06,3303328,3303328,0,409800
100,2.90E+08,5.37E+06,3303335,3303335,0,409950
100,2.91E+08,5.30E+06,3303342,3303342,0,413250
100,2.93E+08,5.30E+06,3303342,3303343,0,423000
100,2.90E+08,5.30E+06,3303344,3303346,0,413150
100,2.90E+08,5.30E+06,3303347,3303349,0,413150
100,2.90E+08,5.30E+06,3303353,3303354,0,409750
100,2.97E+08,5.32E+06,3303353,3303353,0,432950
100,2.89E+08,5.38E+06,3303356,3303356,0,409000
100,2.98E+08,5.30E+06,3303359,3303354,0,432950
100,2.97E+08,5.32E+06,3303367,3303366,0,432950
100,2.91E+08,5.38E+06,3303387,3303388,0,413200
100,2.94E+08,5.30E+06,3303391,3303393,0,423400
100,2.90E+08,5.30E+06,3303398,3303399,0,410800
100,2.93E+08,5.30E+06,3303399,3303395,0,423000
100,2.93E+08,5.30E+06,3303443,3303437,0,422950
100,2.89E+08,5.35E+06,3303445,3303445,0,409400
100,2.93E+08,5.30E+06,3303451,3303451,0,423000
100,2.90E+08,5.33E+06,3303455,3303458,0,410800
100,2.90E+08,5.30E+06,3303475,3303473,0,409950
100,2.90E+08,5.33E+06,3303478,3303478,0,413150
100,2.90E+08,5.30E+06,3303479,3303479,0,413050
100,2.95E+08,5.32E+06,3303479,3303480,0,424550
100,2.97E+08,5.30E+06,3303504,3303504,0,432950
100,2.90E+08,5.30E+06,3303511,3303509,0,409800
100,2.97E+08,5.35E+06,3303521,3303521,0,432950
100,2.91E+08,5.33E+06,3303523,3303523,0,413250
100,2.90E+08,5.32E+06,3303531,3303524,0,409950
100,2.97E+08,5.30E+06,3303542,3303540,0,432950
100,2.97E+08,5.30E+06,3303549,3303549,0,429900
100,2.93E+08,5.56E+06,3303555,3303556,0,423000
100,2.90E+08,5.33E+06,3303557,3303552,0,410750
100,2.97E+08,5.30E+06,3303575,3303575,0,432950
100,2.91E+08,5.31E+06,3303579,3303580,0,413200
100,2.93E+08,5.30E+06,3303588,3303590,0,422900
100,2.93E+08,5.33E+06,3303599,3303600,0,422950
100,2.90E+08,5.34E+06,3303600,3303600,0,413150
100,2.94E+08,5.36E+06,3303605,3303606,0,423000
100,2.98E+08,5.36E+06,3303607,3303607,0,432950
100,2.90E+08,5.48E+06,3303617,3303618,0,409950
100,2.90E+08,5.31E+06,3303635,3303637,0,413150
100,2.94E+08,5.68E+06,3303637,3303638,0,424050
100,2.97E+08,5.32E+06,3303639,3303638,0,432950
100,2.90E+08,5.30E+06,3303643,3303643,0,413050
100,2.89E+08,5.30E+06,3303659,3303659,0,409000
100,2.90E+08,5.40E+06,3303666,3303666,0,409800
100,2.93E+08,5.36E+06,3303680,3303680,0,421600
100,2.94E+08,5.34E+06,3303707,3303708,0,423000
100,2.90E+08,5.30E+06,3303709,3303709,0,413150
100,2.89E+08,5.34E+06,3303714,3303709,0,409000
100,2.93E+08,5.31E+06,3303726,3303726,0,421600
100,2.80E+08,5.67E+06,3303728,3303729,0,380600
100,2.93E+08,5.31E+06,3303728,3303728,0,422900
100,2.93E+08,5.34E+06,3303731,3303729,0,423000
100,2.90E+08,5.33E+06,3303736,3303735,0,413050
100,2.93E+08,5.30E+06,3303746,3303746,0,422350
100,2.93E+08,5.30E+06,3303750,3303754,0,422900
100,2.93E+08,5.30E+06,3303751,3303752,0,422900
100,2.90E+08,5.32E+06,3303754,3303754,0,410800
100,2.97E+08,5.30E+06,3303761,3303753,0,429900
100,2.89E+08,5.47E+06,3303764,3303762,0,409000
100,2.93E+08,5.30E+06,3303767,3303770,0,423000
100,2.93E+08,5.30E+06,3303768,3303768,0,422900
100,2.97E+08,5.30E+06,3303769,3303771,0,432950
100,2.97E+08,5.50E+06,3303777,3303777,0,432950
100,2.89E+08,5.30E+06,3303788,3303788,0,409000
100,2.90E+08,5.30E+06,3303792,3303792,0,409800
100,2.91E+08,5.31E+06,3303806,3303801,0,413200
100,2.93E+08,5.33E+06,3303807,3303807,0,422950
100,2.90E+08,5.30E+06,3303814,3303815,0,409750
100,2.91E+08,5.38E+06,3303823,3303818,0,413250
100,2.93E+08,5.33E+06,3303823,3303824,0,422900
100,2.98E+08,5.30E+06,3303826,3303828,0,433150
100,2.94E+08,5.30E+06,3303840,3303840,0,423000
100,2.93E+08,5.30E+06,3303843,3303843,0,422950
100,2.90E+08,5.37E+06,3303848,3303848,0,409750
100,2.93E+08,5.30E+06,3303848,3303848,0,421650
100,2.93E+08,5.31E+06,3303856,3303856,0,423000
100,2.93E+08,5.30E+06,3303866,3303866,0,422900
100,2.93E+08,5.36E+06,3303876,3303876,0,423000
100,2.89E+08,5.33E+06,3303880,3303880,0,409000
100,2.91E+08,5.31E+06,3303881,3303879,0,413250
100,2.95E+08,5.39E+06,3303881,3303882,0,425800
100,2.93E+08,5.32E+06,3303899,3303899,0,422950
100,2.90E+08,5.31E+06,3303910,3303910,0,413050
100,2.89E+08,5.39E+06,3303920,3303919,0,409000
100,2.90E+08,5.30E+06,3303920,3303920,0,409950
100,2.93E+08,5.31E+06,3303921,3303915,0,422950
100,2.90E+08,5.38E+06,3303926,3303927,0,409750
100,2.97E+08,5.30E+06,3303929,3303931,0,432950
100,2.90E+08,5.31E+06,3303934,3303935,0,409800
100,2.87E+08,5.41E+06,3303937,3303939,0,401250
100,2.93E+08,5.31E+06,3303944,3303943,0,422100
100,2.91E+08,5.30E+06,3303950,3303950,0,413200
100,2.89E+08,5.31E+06,3303958,3303957,0,409000
100,2.93E+08,5.49E+06,3303963,3303960,0,422950
100,2.93E+08,5.30E+06,3303963,3303963,0,423000
100,2.93E+08,5.30E+06,3303970,3303971,0,423000
100,2.97E+08,5.33E+06,3303970,3303969,0,432950
100,2.89E+08,5.44E+06,3303985,3303985,0,409400
100,2.91E+08,5.31E+06,3304006,3304006,0,413200
100,2.90E+08,5.38E+06,3304039,3304034,0,413150
100,2.90E+08,5.30E+06,3304058,3304060,0,409800
100,2.98E+08,5.30E+06,3304058,3304058,0,433150
100,2.93E+08,5.30E+06,3304072,3304072,0,423000
100,2.91E+08,5.30E+06,3304100,3304100,0,413250
100,2.93E+08,5.30E+06,3304109,3304110,0,422950
100,2.90E+08,5.31E+06,3304111,3304111,0,413050
100,2.93E+08,5.30E+06,3304124,3304123,0,422600
100,2.93E+08,5.30E+06,3304128,3304128,0,422950
100,2.93E+08,5.30E+06,3304150,3304150,0,423000
100,2.93E+08,5.30E+06,3304154,3304155,0,422950
100,2.93E+08,5.30E+06,3304158,3304158,0,422900
100,2.90E+08,5.32E+06,3304159,3304160,0,409800
100,2.90E+08,5.31E+06,3304172,3304171,0,413050
100,2.97E+08,5.37E+06,3304183,3304190,0,432950
100,2.97E+08,5.32E+06,3304192,3304193,0,432950
100,2.90E+08,5.30E+06,3304196,3304196,0,409750
100,2.93E+08,5.34E+06,3304205,3304207,0,423000
100,2.97E+08,5.30E+06,3304216,3304218,0,432950
100,2.90E+08,5.30E+06,3304221,3304221,0,409950
100,2.93E+08,5.31E+06,3304221,3304217,0,423000
100,2.98E+08,5.37E+06,3304222,3304222,0,433150
100,2.90E+08,5.31E+06,3304227,3304224,0,409800
100,2.93E+08,5.31E+06,3304231,3304233,0,422600
100,2.91E+08,5.30E+06,3304232,3304233,0,413200
100,2.90E+08,5.30E+06,3304240,3304239,0,409750
100,2.89E+08,5.31E+06,3304245,3304245,0,409000
100,2.85E+08,5.66E+06,3304259,3304260,0,397200
100,2.90E+08,5.36E+06,3304260,3304261,0,413150
100,2.93E+08,5.30E+06,3304260,3304260,0,422600
100,2.90E+08,5.31E+06,3304262,3304261,0,409950
100,2.91E+08,5.34E+06,3304283,3304283,0,413200
100,2.93E+08,5.36E+06,3304290,3304290,0,422900
100,2.90E+08,5.30E+06,3304307,3304307,0,409950
100,2.94E+08,5.32E+06,3304311,3304314,0,423000
100,2.90E+08,5.32E+06,3304326,3304324,0,413150
100,2.90E+08,5.31E+06,3304328,3304328,0,409950
100,2.90E+08,5.34E+06,3304332,3304332,0,409800
100,2.93E+08,5.33E+06,3304362,3304361,0,423000
100,2.90E+08,5.40E+06,3304363,3304363,0,413050
100,2.95E+08,5.30E+06,3304370,3304368,0,425800
100,2.91E+08,5.31E+06,3304386,3304386,0,413250
100,2.93E+08,5.30E+06,3304386,3304387,0,423000
100,2.90E+08,5.33E+06,3304395,3304394,0,413050
100,2.97E+08,5.31E+06,3304398,3304395,0,429500
100,2.90E+08,5.39E+06,3304406,3304408,0,413050
100,2.91E+08,5.35E+06,3304418,3304417,0,413250
100,2.84E+08,5.80E+06,3304441,3304443,0,394900
100,2.93E+08,5.31E+06,3304446,3304446,0,422950
100,2.98E+08,5.35E+06,3304455,3304455,0,432950
100,2.90E+08,5.31E+06,3304467,3304467,0,409800
100,2.93E+08,5.31E+06,3304469,3304469,0,422900
100,2.95E+08,5.33E+06,3304475,3304474,0,425800
100,2.93E+08,5.33E+06,3304479,3304476,0,423000
100,2.91E+08,5.30E+06,3304486,3304486,0,413250
100,2.90E+08,5.32E+06,3304493,3304493,0,410800
100,2.93E+08,5.78E+06,3304495,3304493,0,422900
100,2.91E+08,5.30E+06,3304496,3304492,0,413200
100,2.90E+08,5.30E+06,3304502,3304502,0,409950
100,2.98E+08,5.42E+06,3304504,3304504,0,433150
100,2.93E+08,5.32E+06,3304510,3304509,0,423000
100,2.90E+08,5.31E+06,3304516,3304516,0,409950
100,2.90E+08,5.35E+06,3304519,3304520,0,409750
100,2.90E+08,5.37E+06,3304530,3304528,0,409800
100,2.90E+08,5.32E+06,3304543,3304539,0,409800
100,2.90E+08,5.43E+06,3304545,3304544,0,410800
100,2.93E+08,5.33E+06,3304573,3304573,0,422950
100,2.97E+08,5.35E+06,3304575,3304574,0,432950
100,2.90E+08,5.34E+06,3304593,3304593,0,413050
100,2.97E+08,5.35E+06,3304602,3304606,0,429500
100,2.93E+08,5.32E+06,3304607,3304604,0,422950
100,2.93E+08,5.32E+06,3304614,3304613,0,422950
100,2.90E+08,5.31E+06,3304616,3304618,0,410800
100,2.90E+08,5.31E+06,3304618,3304618,0,410800
100,2.98E+08,5.57E+06,3304618,3304618,0,433150
100,2.90E+08,5.32E+06,3304642,3304642,0,413050
100,2.93E+08,5.30E+06,3304652,3304653,0,423000
100,2.97E+08,5.35E+06,3304653,3304653,0,432950
100,2.98E+08,5.37E+06,3304667,3304667,0,433150
100,2.89E+08,5.31E+06,3304674,3304674,0,409400
100,2.90E+08,5.30E+06,3304690,3304690,0,409800
100,2.91E+08,5.30E+06,3304694,3304693,0,413200
100,2.90E+08,5.30E+06,3304696,3304696,0,413150
100,2.90E+08,5.30E+06,3304702,3304700,0,409950
100,2.90E+08,5.36E+06,3304703,3304704,0,413150
100,2.89E+08,5.37E+06,3304706,3304709,0,409000
100,2.93E+08,5.31E+06,3304734,3304734,0,422900
100,2.89E+08,5.30E+06,3304746,3304747,0,409000
100,2.91E+08,5.30E+06,3304746,3304746,0,413200
100,2.90E+08,5.36E+06,3304761,3304765,0,409950
100,2.93E+08,5.30E+06,3304761,3304761,0,423000
100,2.93E+08,5.32E+06,3304764,3304760,0,422100
100,2.93E+08,5.34E+06,3304765,3304768,0,422950
100,2.89E+08,5.30E+06,3304774,3304771,0,409000
100,2.98E+08,5.31E+06,3304774,3304773,0,433150
100,2.90E+08,5.30E+06,3304776,3304776,0,409950
100,2.90E+08,5.30E+06,3304781,3304782,0,409800
100,2.93E+08,5.36E+06,3304787,3304787,0,423000
100,2.93E+08,5.31E+06,3304830,3304832,0,423000
100,2.93E+08,5.30E+06,3304836,3304837,0,423000
100,2.90E+08,5.30E+06,3304849,3304849,0,410800
100,2.93E+08,5.30E+06,3304855,3304855,0,422100
100,2.97E+08,5.30E+06,3304856,3304856,0,429500
100,2.90E+08,5.31E+06,3304868,3304865,0,409950
100,2.90E+08,5.30E+06,3304905,3304904,0,409800
100,2.93E+08,5.34E+06,3304910,3304908,0,423000
100,2.90E+08,5.30E+06,3304924,3304922,0,413150
100,2.91E+08,5.31E+06,3304924,3304926,0,413250
100,2.97E+08,5.30E+06,3304938,3304941,0,432950
100,2.93E+08,5.35E+06,3304945,3304945,0,422950
100,2.98E+08,5.30E+06,3304946,3304946,0,432950
100,2.93E+08,5.30E+06,3304955,3304960,0,422600
100,2.93E+08,5.32E+06,3304961,3304960,0,422950
100,2.98E+08,5.32E+06,3304977,3304980,0,433150
100,2.98E+08,5.30E+06,3304979,3304981,0,433150
100,2.89E+08,5.33E+06,3304993,3304985,0,409000
100,2.97E+08,5.33E+06,3304997,3304997,0,429900
100,2.90E+08,5.30E+06,3304999,3304999,0,413150
100,2.93E+08,5.30E+06,3305003,3305003,0,422950
100,2.90E+08,5.30E+06,3305017,3305017,0,409800
100,2.90E+08,5.33E+06,3305032,3305033,0,409950
100,2.97E+08,5.32E+06,3305032,3305029,0,432950
100,2.90E+08,5.38E+06,3305033,3305033,0,409950
100,2.97E+08,5.36E+06,3305055,3305055,0,432950
100,2.90E+08,5.33E+06,3305067,3305066,0,413050
100,2.90E+08,5.33E+06,3305075,3305075,0,409800
100,2.90E+08,5.31E+06,3305077,3305076,0,413150
100,2.93E+08,5.31E+06,3305091,3305090,0,422950
100,2.93E+08,5.36E+06,3305109,3305109,0,423000
100,2.93E+08,5.33E+06,3305110,3305110,0,422350
100,2.90E+08,5.31E+06,3305114,3305114,0,413150
100,2.97E+08,5.30E+06,3305128,3305128,0,429900
100,2.93E+08,5.33E+06,3305130,3305127,0,423000
100,2.90E+08,5.39E+06,3305143,3305143,0,409950
100,2.90E+08,5.30E+06,3305145,3305145,0,410750
100,2.93E+08,5.30E+06,3305148,3305143,0,422900
100,2.89E+08,5.62E+06,3305157,3305155,0,409000
100,2.89E+08,5.69E+06,3305162,3305162,0,409150
100,2.91E+08,5.31E+06,3305168,3305169,0,413200
100,2.90E+08,5.35E+06,3305170,3305170,0,409800
100,2.97E+08,5.30E+06,3305176,3305175,0,429900
100,2.93E+08,5.31E+06,3305179,3305179,0,422900
100,2.94E+08,5.33E+06,3305186,3305185,0,423000
100,2.87E+08,5.42E+06,3305193,3305193,0,401250
100,2.90E+08,5.30E+06,3305198,3305198,0,413150
100,2.93E+08,5.31E+06,3305198,3305199,0,422900
100,2.98E+08,5.39E+06,3305200,3305203,0,433150
100,2.94E+08,5.36E+06,3305224,3305225,0,423000
100,2.91E+08,5.69E+06,3305246,3305246,0,413250
100,2.91E+08,5.31E+06,3305249,3305248,0,413200
100,2.89E+08,5.30E+06,3305253,3305253,0,409400
100,2.89E+08,5.32E+06,3305254,3305254,0,409400
100,2.93E+08,5.30E+06,3305260,3305256,0,423000
100,2.90E+08,5.32E+06,3305269,3305268,0,409950
100,2.93E+08,5.30E+06,3305287,3305290,0,422600
100,2.94E+08,5.32E+06,3305289,3305289,0,423000
100,2.90E+08,5.33E+06,3305303,3305303,0,413150
100,2.98E+08,5.34E+06,3305309,3305309,0,433150
100,2.91E+08,5.30E+06,3305318,3305318,0,413200
100,2.97E+08,5.32E+06,3305319,3305316,0,429900
100,2.97E+08,5.30E+06,3305321,3305322,0,432950
100,2.93E+08,5.30E+06,3305329,3305329,0,423000
100,2.93E+08,5.31E+06,3305336,3305330,0,423000
100,2.90E+08,5.30E+06,3305343,3305346,0,413050
100,2.93E+08,5.30E+06,3305353,3305349,0,423000
100,2.89E+08,5.40E+06,3305367,3305368,0,409000
100,2.97E+08,5.30E+06,3305369,3305371,0,432950
100,2.93E+08,5.57E+06,3305380,3305380,0,423000
100,2.93E+08,5.31E+06,3305387,3305386,0,422350
100,2.93E+08,5.30E+06,3305397,3305397,0,422900
100,2.97E+08,5.30E+06,3305418,3305419,0,432950
100,2.93E+08,5.31E+06,3305420,3305420,0,422900
100,2.90E+08,5.45E+06,3305421,3305423,0,413150
100,2.97E+08,5.39E+06,3305468,3305468,0,429500
100,2.98E+08,5.33E+06,3305468,3305467,0,433150
100,2.94E+08,5.30E+06,3305481,3305482,0,423000
100,2.93E+08,5.31E+06,3305492,3305494,0,422950
100,2.93E+08,5.30E+06,3305515,3305515,0,422950
100,2.90E+08,5.38E+06,3305518,3305519,0,409800
100,2.90E+08,5.34E+06,3305522,3305521,0,409800
100,2.90E+08,5.32E+06,3305522,3305522,0,409950
100,2.93E+08,5.32E+06,3305530,3305531,0,422100
100,2.93E+08,5.30E+06,3305539,3305539,0,422600
100,2.97E+08,5.32E+06,3305542,3305543,0,429900
100,2.89E+08,5.32E+06,3305544,3305544,0,409000
100,2.93E+08,5.30E+06,3305548,3305549,0,422950
100,2.94E+08,5.32E+06,3305558,3305557,0,423000
100,2.93E+08,5.31E+06,3305561,3305558,0,422100
100,2.93E+08,5.30E+06,3305599,3305596,0,423000
100,2.93E+08,5.30E+06,3305607,3305611,0,422350
100,2.97E+08,5.32E+06,3305617,3305617,0,432950
100,2.97E+08,5.30E+06,3305624,3305624,0,429900
100,2.89E+08,5.43E+06,3305626,3305624,0,409400
100,2.90E+08,5.30E+06,3305628,3305627,0,413050
100,2.97E+08,5.38E+06,3305632,3305630,0,429900
100,2.91E+08,5.30E+06,3305638,3305638,0,413250
100,2.94E+08,5.32E+06,3305646,3305645,0,423000
100,2.79E+08,5.54E+06,3305657,3305657,0,378600
100,2.90E+08,5.30E+06,3305657,3305657,0,409950
100,2.93E+08,5.32E+06,3305665,3305665,0,423000
100,2.90E+08,5.31E+06,3305666,3305666,0,409800
100,2.90E+08,5.35E+06,3305668,3305667,0,413050
100,2.90E+08,5.34E+06,3305672,3305673,0,410750
100,2.93E+08,5.34E+06,3305683,3305683,0,423000
100,2.89E+08,5.32E+06,3305684,3305682,0,409000
100,2.91E+08,5.30E+06,3305698,3305699,0,413200
100,2.89E+08,5.30E+06,3305712,3305711,0,409400
100,2.98E+08,5.30E+06,3305722,3305722,0,433150
100,2.90E+08,5.30E+06,3305727,3305727,0,413150
100,2.90E+08,5.30E+06,3305729,3305725,0,409950
100,2.97E+08,5.30E+06,3305737,3305737,0,432950
100,2.97E+08,5.32E+06,3305738,3305737,0,432950
100,2.90E+08,5.34E+06,3305739,3305739,0,409750
100,2.90E+08,5.30E+06,3305748,3305747,0,409950
100,2.93E+08,5.35E+06,3305751,3305752,0,422900
100,2.93E+08,5.31E+06,3305751,3305753,0,422950
100,2.97E+08,5.33E+06,3305751,3305750,0,429500
100,2.97E+08,5.30E+06,3305754,3305751,0,432950
100,2.91E+08,5.31E+06,3305768,3305768,0,413250
100,2.90E+08,5.30E+06,3305769,3305767,0,410800
100,2.91E+08,5.31E+06,3305782,3305783,0,414200
100,2.90E+08,5.33E+06,3305823,3305820,0,409750
100,2.98E+08,5.33E+06,3305836,3305836,0,433150
100,2.94E+08,5.30E+06,3305837,3305835,0,423000
100,2.94E+08,5.33E+06,3305838,3305839,0,423000
100,2.94E+08,5.34E+06,3305838,3305836,0,423000
100,2.97E+08,5.36E+06,3305839,3305837,0,432950
100,2.93E+08,5.30E+06,3305843,3305842,0,422350
100,2.90E+08,5.32E+06,3305849,3305847,0,410800
100,2.90E+08,5.50E+06,3305853,3305852,0,413150
100,2.93E+08,5.30E+06,3305854,3305855,0,422100
100,2.95E+08,5.31E+06,3305859,3305860,0,425800
100,2.90E+08,5.41E+06,3305869,3305869,0,409950
100,2.97E+08,5.43E+06,3305878,3305877,0,429900
100,2.95E+08,5.39E+06,3305883,3305885,0,425800
100,2.90E+08,5.30E+06,3305884,3305885,0,413150
100,2.90E+08,5.36E+06,3305896,3305896,0,413150
100,2.90E+08,5.30E+06,3305900,3305903,0,409950
100,2.90E+08,5.32E+06,3305907,3305908,0,410800
100,2.91E+08,5.30E+06,3305907,3305903,0,413150
100,2.90E+08,5.31E+06,3305917,3305914,0,409950
100,2.90E+08,5.32E+06,3305919,3305920,0,409950
100,2.93E+08,5.30E+06,3305924,3305922,0,423000
100,2.93E+08,5.30E+06,3305926,3305926,0,422350
100,2.90E+08,5.30E+06,3305929,3305929,0,409800
100,2.91E+08,5.33E+06,3305933,3305930,0,413200
100,2.93E+08,5.53E+06,3305938,3305938,0,423000
100,2.93E+08,5.32E+06,3305940,3305938,0,423000
100,2.93E+08,5.31E+06,3305952,3305948,0,422100
100,2.89E+08,5.30E+06,3305961,3305959,0,409000
100,2.93E+08,5.46E+06,3305972,3305969,0,423000
100,2.98E+08,5.34E+06,3305992,3305991,0,433150
100,2.97E+08,5.30E+06,3305996,3305994,0,429900
100,2.98E+08,5.35E+06,3305996,3305994,0,433150
100,2.90E+08,5.30E+06,3306001,3306001,0,413150
100,2.93E+08,5.31E+06,3306007,3306010,0,422900
100,2.97E+08,5.30E+06,3306020,3306020,0,429900
100,2.90E+08,5.30E+06,3306042,3306042,0,413150
100,2.91E+08,5.51E+06,3306047,3306048,0,413200
100,2.94E+08,5.37E+06,3306060,3306061,0,423000
100,2.93E+08,5.38E+06,3306068,3306068,0,421650
100,2.90E+08,5.31E+06,3306070,3306069,0,413150
100,2.93E+08,5.33E+06,3306073,3306072,0,423000
100,2.91E+08,5.34E+06,3306079,3306079,0,413250
100,2.93E+08,5.30E+06,3306081,3306080,0,422900
100,2.89E+08,5.31E+06,3306094,3306094,0,409000
100,2.90E+08,5.31E+06,3306096,3306096,0,409750
100,2.97E+08,5.33E+06,3306108,3306109,0,432950
100,2.90E+08,5.31E+06,3306110,3306110,0,409800
100,2.93E+08,5.30E+06,3306124,3306124,0,422900
100,2.90E+08,5.31E+06,3306128,3306130,0,413050
100,2.90E+08,5.30E+06,3306132,3306131,0,413050
100,2.97E+08,5.30E+06,3306136,3306137,0,429900
100,2.90E+08,5.30E+06,3306139,3306139,0,409950
100,2.89E+08,5.34E+06,3306141,3306139,0,409400
100,2.90E+08,5.30E+06,3306162,3306163,0,409950
100,2.93E+08,5.30E+06,3306168,3306166,0,423000
100,2.90E+08,5.30E+06,3306178,3306173,0,413150
100,2.93E+08,5.32E+06,3306195,3306195,0,421600
100,2.97E+08,5.38E+06,3306201,3306201,0,432950
100,2.90E+08,5.31E+06,3306226,3306223,0,410800
100,2.97E+08,5.58E+06,3306231,3306230,0,432950
100,2.89E+08,5.40E+06,3306237,3306238,0,409000
100,2.98E+08,5.84E+06,3306254,3306254,0,433150
100,2.97E+08,5.33E+06,3306266,3306269,0,432950
100,2.89E+08,5.31E+06,3306286,3306287,0,409400
100,2.98E+08,5.30E+06,3306297,3306298,0,433150
100,2.98E+08,5.30E+06,3306303,3306304,0,433150
100,2.91E+08,5.34E+06,3306329,3306330,0,413250
100,2.97E+08,5.37E+06,3306331,3306331,0,432950
100,2.90E+08,5.30E+06,3306343,3306338,0,413150
100,2.95E+08,5.32E+06,3306348,3306350,0,424550
100,2.94E+08,5.31E+06,3306353,3306353,0,423000
100,2.93E+08,5.30E+06,3306370,3306369,0,422900
100,2.93E+08,5.30E+06,3306371,3306372,0,422100
100,2.93E+08,5.30E+06,3306377,3306372,0,422950
100,2.94E+08,5.42E+06,3306382,3306382,0,423000
100,2.93E+08,5.30E+06,3306396,3306396,0,423000
100,2.93E+08,5.31E+06,3306397,3306397,0,422950
100,2.93E+08,5.30E+06,3306405,3306399,0,423000
100,2.97E+08,5.30E+06,3306408,3306408,0,429900
100,2.90E+08,5.30E+06,3306418,3306418,0,413150
100,2.93E+08,5.30E+06,3306420,3306419,0,422950
100,2.93E+08,5.30E+06,3306421,3306420,0,423000
100,2.97E+08,5.30E+06,3306438,3306438,0,429900
100,2.97E+08,5.32E+06,3306447,3306447,0,432950
100,2.90E+08,5.34E+06,3306452,3306453,0,413050
100,2.89E+08,5.36E+06,3306499,3306497,0,409000
100,2.94E+08,5.30E+06,3306504,3306503,0,423000
100,2.93E+08,5.30E+06,3306509,3306509,0,422100
100,2.93E+08,5.31E+06,3306521,3306521,0,423000
100,2.91E+08,5.32E+06,3306526,3306525,0,413200
100,2.93E+08,5.36E+06,3306543,3306540,0,422100
100,2.90E+08,5.34E+06,3306573,3306573,0,410800
100,2.93E+08,5.30E+06,3306575,3306575,0,422600
100,2.93E+08,5.30E+06,3306597,3306597,0,422950
100,2.90E+08,5.31E+06,3306603,3306603,0,409950
100,2.93E+08,5.30E+06,3306604,3306604,0,422900
100,2.97E+08,5.33E+06,3306631,3306631,0,429900
100,2.89E+08,5.30E+06,3306641,3306641,0,409000
100,2.90E+08,5.30E+06,3306641,3306641,0,409950
100,2.98E+08,5.30E+06,3306644,3306644,0,433150
100,2.98E+08,5.30E+06,3306667,3306667,0,432950
100,2.93E+08,5.32E+06,3306673,3306673,0,422100
100,2.91E+08,5.31E+06,3306679,3306679,0,413250
100,2.97E+08,5.40E+06,3306684,3306684,0,432950
100,2.93E+08,5.30E+06,3306694,3306694,0,422900
100,2.91E+08,5.42E+06,3306711,3306709,0,413200
100,2.89E+08,5.42E+06,3306716,3306716,0,406800
100,2.97E+08,5.30E+06,3306721,3306720,0,429900
100,2.91E+08,5.30E+06,3306722,3306722,0,413200
100,2.93E+08,5.30E+06,3306723,3306725,0,422950
100,2.93E+08,5.30E+06,3306734,3306731,0,423000
100,2.90E+08,5.32E+06,3306735,3306735,0,410800
100,2.93E+08,5.32E+06,3306739,3306740,0,422350
100,2.89E+08,5.46E+06,3306741,3306741,0,406800
100,2.94E+08,5.32E+06,3306752,3306751,0,423000
100,2.90E+08,5.30E+06,3306758,3306758,0,413150
100,2.91E+08,5.30E+06,3306759,3306761,0,413200
100,2.95E+08,5.34E+06,3306769,3306768,0,425800
100,2.90E+08,5.47E+06,3306771,3306771,0,413150
100,2.91E+08,5.30E+06,3306782,3306781,0,414200
100,2.90E+08,5.30E+06,3306785,3306785,0,413050
100,2.94E+08,5.37E+06,3306788,3306788,0,423000
100,2.95E+08,5.30E+06,3306788,3306791,0,425800
100,2.89E+08,5.30E+06,3306793,3306792,0,409400
100,2.91E+08,5.30E+06,3306796,3306796,0,413200
100,2.93E+08,5.33E+06,3306796,3306792,0,423000
100,2.90E+08,5.36E+06,3306800,3306800,0,410800
100,2.93E+08,5.30E+06,3306806,3306808,0,423000
100,2.90E+08,5.30E+06,3306814,3306813,0,410800
100,2.95E+08,5.32E+06,3306816,3306819,0,425800
100,2.97E+08,5.33E+06,3306825,3306825,0,429500
100,2.90E+08,5.32E+06,3306863,3306863,0,410800
100,2.93E+08,5.30E+06,3306873,3306873,0,422350
100,2.91E+08,5.30E+06,3306878,3306878,0,413200
100,2.98E+08,5.39E+06,3306881,3306880,0,433150
100,2.97E+08,5.31E+06,3306887,3306886,0,432950
100,2.90E+08,5.33E+06,3306908,3306907,0,409750
100,2.97E+08,5.30E+06,3306912,3306912,0,429900
100,2.93E+08,5.33E+06,3306914,3306914,0,422350
100,2.91E+08,5.30E+06,3306924,3306926,0,413250
100,2.97E+08,5.30E+06,3306928,3306927,0,429900
100,2.90E+08,5.30E+06,3306945,3306940,0,413150
100,2.90E+08,5.43E+06,3306958,3306958,0,413050
100,2.93E+08,5.36E+06,3306996,3306992,0,422350
100,2.90E+08,5.30E+06,3306997,3306997,0,409950
100,2.91E+08,5.32E+06,3307000,3306996,0,413200
100,2.90E+08,5.30E+06,3307002,3306999,0,409750
100,2.97E+08,5.31E+06,3307011,3307011,0,432950
100,2.93E+08,5.31E+06,3307013,3307013,0,423000
100,2.97E+08,5.30E+06,3307014,3307018,0,432950
100,2.90E+08,5.30E+06,3307019,3307021,0,409950
100,2.93E+08,5.38E+06,3307019,3307013,0,422900
100,2.97E+08,5.30E+06,3307025,3307025,0,432950
100,2.97E+08,5.35E+06,3307027,3307027,0,429500
100,2.90E+08,5.30E+06,3307031,3307032,0,409950
100,2.89E+08,5.30E+06,3307038,3307027,0,409000
100,2.98E+08,5.30E+06,3307040,3307040,0,433150
100,2.91E+08,5.36E+06,3307042,3307042,0,414200
100,2.97E+08,5.30E+06,3307051,3307051,0,429900
100,2.90E+08,5.30E+06,3307055,3307055,0,409800
100,2.89E+08,5.33E+06,3307062,3307061,0,409000
100,2.90E+08,5.30E+06,3307070,3307070,0,413150
100,2.90E+08,5.31E+06,3307079,3307079,0,413150
100,2.93E+08,5.31E+06,3307088,3307089,0,421600
100,2.91E+08,5.62E+06,3307092,3307096,0,413200
100,2.95E+08,5.30E+06,3307103,3307109,0,425800
100,2.97E+08,5.44E+06,3307105,3307103,0,429900
100,2.97E+08,5.30E+06,3307113,3307113,0,432950
100,2.89E+08,5.45E+06,3307125,3307122,0,409000
100,2.93E+08,5.30E+06,3307125,3307122,0,422950
100,2.97E+08,5.34E+06,3307129,3307129,0,429500
100,2.89E+08,5.30E+06,3307140,3307140,0,409000
100,2.93E+08,5.30E+06,3307140,3307139,0,423000
100,2.93E+08,5.30E+06,3307160,3307159,0,422100
100,2.97E+08,5.30E+06,3307160,3307161,0,432950
100,2.94E+08,5.30E+06,3307185,3307184,0,424050
100,2.93E+08,5.31E+06,3307195,3307192,0,423000
100,2.90E+08,5.31E+06,3307197,3307195,0,410800
100,2.91E+08,5.33E+06,3307200,3307200,0,413200
100,2.91E+08,5.30E+06,3307208,3307207,0,413250
100,2.98E+08,5.64E+06,3307213,3307213,0,433150
100,2.90E+08,5.30E+06,3307219,3307219,0,410800
100,2.98E+08,5.31E+06,3307225,3307225,0,433150
100,2.93E+08,5.33E+06,3307226,3307224,0,422100
100,2.91E+08,5.31E+06,3307230,3307233,0,413150
100,2.90E+08,5.36E+06,3307233,3307233,0,409950
100,2.97E+08,5.30E+06,3307234,3307230,0,429900
100,2.90E+08,5.30E+06,3307237,3307237,0,413050
100,2.97E+08,5.30E+06,3307243,3307243,0,432950
100,2.89E+08,5.30E+06,3307269,3307270,0,409400
100,2.90E+08,5.30E+06,3307273,3307273,0,409950
100,2.98E+08,5.30E+06,3307277,3307277,0,433150
100,2.93E+08,5.30E+06,3307285,3307285,0,422900
100,2.89E+08,5.35E+06,3307288,3307286,0,409400
100,2.90E+08,5.34E+06,3307288,3307287,0,409950
100,2.95E+08,5.31E+06,3307296,3307297,0,425800
100,2.98E+08,5.32E+06,3307304,3307304,0,433150
100,2.93E+08,5.32E+06,3307307,3307307,0,422900
100,2.95E+08,5.37E+06,3307312,3307311,0,425800
100,2.93E+08,5.30E+06,3307314,3307315,0,423000
100,2.93E+08,5.35E+06,3307315,3307316,0,422950
100,2.94E+08,5.39E+06,3307315,3307314,0,424050
100,2.93E+08,5.41E+06,3307320,3307320,0,423000
100,2.90E+08,5.31E+06,3307327,3307325,0,413150
100,2.90E+08,5.33E+06,3307347,3307347,0,409950
100,2.97E+08,5.30E+06,3307349,3307346,0,429500
100,2.90E+08,5.34E+06,3307356,3307356,0,409800
100,2.93E+08,5.30E+06,3307356,3307356,0,423000
100,2.90E+08,5.30E+06,3307358,3307356,0,409750
100,2.97E+08,5.40E+06,3307366,3307367,0,432950
100,2.90E+08,5.32E+06,3307367,3307363,0,410800
100,2.91E+08,5.31E+06,3307372,3307377,0,413250
100,2.93E+08,5.34E+06,3307372,3307371,0,421650
100,2.97E+08,5.34E+06,3307372,3307372,0,429900
100,2.93E+08,5.38E+06,3307374,3307374,0,422900
100,2.89E+08,5.32E+06,3307384,3307384,0,409400
100,2.93E+08,5.31E+06,3307387,3307386,0,423000
100,2.90E+08,5.30E+06,3307388,3307389,0,413050
100,2.90E+08,5.30E+06,3307389,3307390,0,409950
100,2.89E+08,5.39E+06,3307399,3307399,0,409400
100,2.93E+08,5.34E+06,3307401,3307401,0,421600
100,2.94E+08,5.30E+06,3307401,3307399,0,424050
100,2.97E+08,5.30E+06,3307403,3307403,0,432950
100,2.89E+08,5.34E+06,3307406,3307406,0,409400
100,2.90E+08,5.32E+06,3307427,3307427,0,413150
100,2.89E+08,5.42E+06,3307429,3307424,0,409400
100,2.90E+08,5.31E+06,3307433,3307433,0,410750
100,2.91E+08,5.30E+06,3307450,3307453,0,413200
100,2.90E+08,5.31E+06,3307463,3307463,0,410800
100,2.90E+08,5.31E+06,3307476,3307478,0,410800
100,2.97E+08,5.32E+06,3307492,3307493,0,432950
100,2.90E+08,5.31E+06,3307500,3307500,0,410800
100,2.97E+08,5.30E+06,3307505,3307507,0,429900
100,2.93E+08,5.30E+06,3307513,3307513,0,422350
100,2.94E+08,5.31E+06,3307519,3307521,0,423000
100,2.87E+08,5.40E+06,3307525,3307522,0,401250
100,2.91E+08,5.31E+06,3307532,3307533,0,413200
100,2.97E+08,5.37E+06,3307536,3307535,0,432950
100,2.93E+08,5.33E+06,3307556,3307554,0,422350
100,2.97E+08,5.34E+06,3307577,3307575,0,429900
100,2.89E+08,5.30E+06,3307611,3307608,0,409400
100,2.93E+08,5.31E+06,3307612,3307608,0,422900
100,2.90E+08,5.35E+06,3307613,3307612,0,409950
100,2.94E+08,5.32E+06,3307613,3307613,0,424050
100,2.89E+08,5.31E+06,3307618,3307617,0,409000
100,2.93E+08,5.44E+06,3307634,3307633,0,422600
100,2.93E+08,5.31E+06,3307635,3307635,0,422900
100,2.93E+08,5.30E+06,3307639,3307639,0,423000
100,2.90E+08,5.32E+06,3307656,3307655,0,409800
100,2.93E+08,5.30E+06,3307658,3307658,0,423000
100,2.93E+08,5.37E+06,3307677,3307675,0,422900
100,2.94E+08,5.32E+06,3307678,3307678,0,423000
100,2.93E+08,5.34E+06,3307680,3307678,0,422950
100,2.93E+08,5.30E+06,3307684,3307683,0,422950
100,2.91E+08,5.32E+06,3307686,3307686,0,414150
100,2.93E+08,5.30E+06,3307701,3307700,0,422900
100,2.91E+08,5.39E+06,3307704,3307704,0,413200
100,2.90E+08,5.30E+06,3307714,3307715,0,409950
100,2.90E+08,5.30E+06,3307719,3307722,0,413150
100,2.90E+08,5.44E+06,3307732,3307732,0,410800
100,2.90E+08,5.33E+06,3307733,3307731,0,413050
100,2.97E+08,5.30E+06,3307733,3307733,0,429900
100,2.90E+08,5.30E+06,3307735,3307734,0,409950
100,2.90E+08,5.30E+06,3307741,3307741,0,413150
100,2.90E+08,5.30E+06,3307745,3307745,0,413150
100,2.90E+08,5.30E+06,3307746,3307746,0,413050
100,2.90E+08,5.30E+06,3307760,3307760,0,413150
100,2.98E+08,5.30E+06,3307774,3307774,0,432950
100,2.93E+08,5.45E+06,3307782,3307782,0,423000
100,2.98E+08,5.30E+06,3307782,3307782,0,433150
100,2.97E+08,5.36E+06,3307793,3307792,0,429900
100,2.94E+08,5.37E+06,3307795,3307795,0,423000
100,2.91E+08,5.30E+06,3307810,3307808,0,414200
100,2.90E+08,5.33E+06,3307813,3307813,0,409800
100,2.90E+08,5.33E+06,3307823,3307823,0,413150
100,2.90E+08,5.39E+06,3307827,3307827,0,410800
100,2.94E+08,5.32E+06,3307828,3307828,0,424050
100,2.94E+08,5.34E+06,3307836,3307836,0,423000
100,2.98E+08,5.32E+06,3307853,3307855,0,433150
100,2.90E+08,5.31E+06,3307856,3307856,0,409950
100,2.98E+08,5.30E+06,3307865,3307867,0,433150
100,2.94E+08,5.32E+06,3307873,3307873,0,424050
100,2.93E+08,5.30E+06,3307878,3307878,0,423000
100,2.89E+08,5.33E+06,3307879,3307879,0,409400
100,2.93E+08,5.30E+06,3307879,3307884,0,423000
100,2.97E+08,5.30E+06,3307884,3307883,0,429900
100,2.90E+08,5.55E+06,3307894,3307896,0,413150
100,2.97E+08,5.33E+06,3307894,3307893,0,432950
100,2.90E+08,5.42E+06,3307901,3307901,0,410800
100,2.97E+08,5.38E+06,3307901,3307901,0,429900
100,2.93E+08,5.31E+06,3307904,3307905,0,422950
100,2.90E+08,5.42E+06,3307905,3307907,0,410800
100,2.97E+08,5.30E+06,3307905,3307904,0,432950
100,2.93E+08,5.37E+06,3307906,3307906,0,422100
100,2.93E+08,5.31E+06,3307917,3307917,0,423000
100,2.97E+08,5.35E+06,3307917,3307918,0,429900
100,2.97E+08,5.30E+06,3307935,3307935,0,429900
100,2.91E+08,5.30E+06,3307942,3307936,0,413250
100,2.90E+08,5.30E+06,3307944,3307942,0,413150
100,2.93E+08,5.30E+06,3307956,3307956,0,422950
100,2.98E+08,5.32E+06,3307958,3307958,0,433150
100,2.94E+08,5.30E+06,3307961,3307961,0,423000
100,2.98E+08,5.51E+06,3307967,3307968,0,433150
100,2.90E+08,5.30E+06,3307999,3307999,0,409950
100,2.97E+08,5.30E+06,3308014,3308013,0,432950
100,2.90E+08,5.30E+06,3308029,3308027,0,413150
100,2.93E+08,5.30E+06,3308029,3308026,0,423000
100,2.90E+08,5.30E+06,3308042,3308043,0,413150
100,2.93E+08,5.30E+06,3308057,3308059,0,422950
100,2.90E+08,5.37E+06,3308061,3308066,0,413050
100,2.94E+08,5.32E+06,3308061,3308061,0,423000
100,2.90E+08,5.30E+06,3308068,3308068,0,409950
100,2.90E+08,5.31E+06,3308070,3308070,0,410800
100,2.93E+08,5.30E+06,3308080,3308079,0,423000
100,2.93E+08,5.33E+06,3308103,3308104,0,423000
100,2.95E+08,5.37E+06,3308103,3308103,0,425800
100,2.90E+08,5.31E+06,3308111,3308109,0,409950
100,2.90E+08,5.31E+06,3308112,3308111,0,409750
100,2.98E+08,5.42E+06,3308120,3308121,0,433150
100,2.89E+08,5.43E+06,3308121,3308121,0,409000
100,2.97E+08,5.30E+06,3308126,3308126,0,432950
100,2.97E+08,5.31E+06,3308127,3308127,0,432950
100,2.93E+08,5.30E+06,3308129,3308129,0,422950
100,2.93E+08,5.30E+06,3308129,3308128,0,422950
100,2.93E+08,5.30E+06,3308137,3308137,0,423000
100,2.90E+08,5.30E+06,3308139,3308139,0,413050
100,2.93E+08,5.30E+06,3308153,3308153,0,422900
100,2.97E+08,5.30E+06,3308163,3308162,0,432950
100,2.91E+08,5.30E+06,3308169,3308167,0,413200
100,2.97E+08,5.32E+06,3308173,3308172,0,432950
100,2.98E+08,5.30E+06,3308174,3308176,0,433150
100,2.89E+08,5.30E+06,3308176,3308176,0,409400
100,2.94E+08,5.57E+06,3308183,3308180,0,423000
100,2.89E+08,5.30E+06,3308212,3308211,0,409000
100,2.97E+08,5.32E+06,3308215,3308212,0,432950
100,2.91E+08,5.32E+06,3308220,3308220,0,414200
100,2.89E+08,5.31E+06,3308223,3308223,0,409000
100,2.93E+08,5.32E+06,3308223,3308225,0,422900
100,2.93E+08,5.33E+06,3308228,3308224,0,423000
100,2.90E+08,5.31E+06,3308234,3308233,0,409950
100,2.90E+08,5.33E+06,3308236,3308237,0,409800
100,2.93E+08,5.42E+06,3308244,3308240,0,423000
100,2.91E+08,5.30E+06,3308249,3308249,0,413150
100,2.98E+08,5.63E+06,3308267,3308267,0,433150
100,2.93E+08,5.30E+06,3308281,3308281,0,423000
100,2.97E+08,5.30E+06,3308281,3308281,0,429900
100,2.93E+08,5.32E+06,3308284,3308286,0,422950
100,2.90E+08,5.30E+06,3308285,3308288,0,409950
100,2.93E+08,5.34E+06,3308305,3308305,0,423000
100,2.89E+08,5.30E+06,3308311,3308306,0,409000
100,2.90E+08,5.31E+06,3308316,3308316,0,409800
100,2.93E+08,5.30E+06,3308323,3308322,0,422900
100,2.93E+08,5.44E+06,3308339,3308338,0,423000
100,2.90E+08,5.35E+06,3308348,3308348,0,413050
100,2.98E+08,5.33E+06,3308349,3308349,0,433150
100,2.93E+08,5.31E+06,3308353,3308352,0,423000
100,2.90E+08,5.31E+06,3308363,3308362,0,413150
100,2.94E+08,5.33E+06,3308367,3308361,0,423000
100,2.93E+08,5.32E+06,3308368,3308369,0,422950
100,2.93E+08,5.30E+06,3308376,3308376,0,422900
100,2.98E+08,5.30E+06,3308385,3308385,0,433150
100,2.91E+08,5.30E+06,3308390,3308390,0,413200
100,2.93E+08,5.30E+06,3308390,3308390,0,423000
100,2.89E+08,5.36E+06,3308391,3308391,0,409400
100,2.91E+08,5.36E+06,3308395,3308396,0,414200
100,2.96E+08,5.37E+06,3308396,3308398,0,429300
100,2.93E+08,5.31E+06,3308403,3308400,0,422600
100,2.93E+08,5.30E+06,3308412,3308414,0,421600
100,2.90E+08,5.30E+06,3308436,3308435,0,413150
100,2.89E+08,5.30E+06,3308437,3308442,0,409400
100,2.93E+08,5.30E+06,3308441,3308439,0,422950
100,2.94E+08,5.32E+06,3308468,3308462,0,424050
100,2.97E+08,5.32E+06,3308488,3308489,0,432950
100,2.93E+08,5.32E+06,3308493,3308493,0,422600
100,2.93E+08,5.31E+06,3308496,3308497,0,422900
100,2.90E+08,5.30E+06,3308515,3308514,0,413150
100,2.89E+08,5.30E+06,3308516,3308514,0,409400
100,2.91E+08,5.31E+06,3308521,3308521,0,413200
100,2.97E+08,5.32E+06,3308521,3308521,0,429500
100,2.93E+08,5.31E+06,3308532,3308530,0,423000
100,2.90E+08,5.34E+06,3308536,3308536,0,413050
100,2.91E+08,5.36E+06,3308541,3308541,0,413200
100,2.93E+08,5.43E+06,3308542,3308536,0,423000
100,2.94E+08,5.31E+06,3308547,3308545,0,423000
100,2.97E+08,5.30E+06,3308563,3308563,0,429900
100,2.84E+08,5.56E+06,3308564,3308566,0,395100
100,2.91E+08,5.30E+06,3308570,3308566,0,413250
100,2.93E+08,5.31E+06,3308570,3308570,0,422900
100,2.97E+08,5.34E+06,3308580,3308581,0,432950
100,2.97E+08,5.41E+06,3308582,3308583,0,432950
100,2.94E+08,5.31E+06,3308588,3308590,0,423000
100,2.98E+08,5.74E+06,3308591,3308591,0,433150
100,2.93E+08,5.30E+06,3308592,3308590,0,422900
100,2.94E+08,5.30E+06,3308592,3308594,0,423000
100,2.90E+08,5.31E+06,3308602,3308602,0,413150
100,2.94E+08,5.32E+06,3308612,3308616,0,423000
100,2.90E+08,5.36E+06,3308614,3308614,0,413050
100,2.94E+08,5.33E+06,3308617,3308617,0,423000
100,2.90E+08,5.33E+06,3308625,3308621,0,409950
100,2.93E+08,5.33E+06,3308627,3308629,0,422100
100,2.97E+08,5.34E+06,3308633,3308633,0,432950
100,2.90E+08,5.30E+06,3308634,3308633,0,409950
100,2.93E+08,5.30E+06,3308637,3308638,0,422900
100,2.94E+08,5.31E+06,3308638,3308636,0,423000
100,2.97E+08,5.33E+06,3308641,3308641,0,432950
100,2.98E+08,5.30E+06,3308646,3308645,0,433150
100,2.91E+08,5.31E+06,3308658,3308658,0,413200
100,2.90E+08,5.33E+06,3308659,3308660,0,409950
100,2.97E+08,5.30E+06,3308678,3308678,0,429500
100,2.90E+08,5.36E+06,3308698,3308697,0,410750
100,2.90E+08,5.30E+06,3308700,3308700,0,409800
100,2.98E+08,5.62E+06,3308704,3308703,0,433150
100,2.90E+08,5.36E+06,3308709,3308707,0,409800
100,2.94E+08,5.30E+06,3308718,3308714,0,423000
100,2.91E+08,5.30E+06,3308724,3308723,0,413250
100,2.93E+08,5.30E+06,3308742,3308742,0,423000
100,2.87E+08,5.48E+06,3308770,3308770,0,401250
100,2.94E+08,5.30E+06,3308784,3308786,0,424050
100,2.90E+08,5.32E+06,3308786,3308786,0,413050
100,2.90E+08,5.30E+06,3308787,3308784,0,413050
100,2.93E+08,5.30E+06,3308807,3308807,0,422900
100,2.93E+08,5.32E+06,3308807,3308809,0,423000
100,2.90E+08,5.31E+06,3308813,3308809,0,409800
100,2.94E+08,5.30E+06,3308815,3308816,0,424050
100,2.93E+08,5.36E+06,3308816,3308816,0,422950
100,2.93E+08,5.30E+06,3308836,3308837,0,421600
100,2.90E+08,5.32E+06,3308841,3308841,0,413150
100,2.93E+08,5.30E+06,3308844,3308845,0,422900
100,2.93E+08,5.30E+06,3308847,3308846,0,423000
100,2.93E+08,5.31E+06,3308860,3308860,0,423000
100,2.93E+08,5.31E+06,3308867,3308867,0,422950
100,2.90E+08,5.30E+06,3308869,3308873,0,410800
100,2.91E+08,5.35E+06,3308876,3308876,0,413250
100,2.90E+08,5.36E+06,3308879,3308880,0,413150
100,2.98E+08,5.30E+06,3308888,3308888,0,433150
100,2.89E+08,5.38E+06,3308897,3308897,0,409400
100,2.93E+08,5.30E+06,3308897,3308897,0,422950
100,2.90E+08,5.33E+06,3308906,3308905,0,409950
100,2.93E+08,5.39E+06,3308914,3308912,0,423000
100,2.96E+08,5.37E+06,3308917,3308919,0,429300
100,2.90E+08,5.30E+06,3308921,3308922,0,413150
100,2.91E+08,5.40E+06,3308922,3308923,0,413200
100,2.89E+08,5.30E+06,3308948,3308950,0,409000
100,2.98E+08,5.32E+06,3308970,3308970,0,433150
100,2.90E+08,5.33E+06,3308975,3308975,0,409800
100,2.93E+08,5.30E+06,3308980,3308980,0,422600
100,2.90E+08,5.37E+06,3308990,3308986,0,409950
100,2.98E+08,5.31E+06,3308992,3308991,0,433150
100,2.91E+08,5.34E+06,3308998,3308997,0,414200
100,2.93E+08,5.31E+06,3309017,3309016,0,422350
100,2.90E+08,5.40E+06,3309020,3309020,0,413150
100,2.84E+08,5.55E+06,3309040,3309040,0,394900
100,2.90E+08,5.30E+06,3309043,3309044,0,409950
100,2.91E+08,5.30E+06,3309047,3309046,0,413950
100,2.93E+08,5.30E+06,3309048,3309049,0,423000
100,2.97E+08,5.34E+06,3309071,3309071,0,429900
100,2.90E+08,5.51E+06,3309073,3309073,0,409950
100,2.90E+08,5.42E+06,3309075,3309075,0,409950
100,2.98E+08,5.32E+06,3309075,3309081,0,433150
100,2.94E+08,5.37E+06,3309080,3309080,0,423000
100,2.90E+08,5.45E+06,3309102,3309102,0,410800
100,2.93E+08,5.30E+06,3309137,3309137,0,422950
100,2.91E+08,5.34E+06,3309138,3309138,0,413200
100,2.97E+08,5.30E+06,3309140,3309140,0,429500
100,2.89E+08,5.52E+06,3309152,3309151,0,409150
100,2.87E+08,5.40E+06,3309155,3309155,0,401250
100,2.90E+08,5.30E+06,3309178,3309178,0,409800
100,2.91E+08,5.40E+06,3309184,3309184,0,413250
100,2.93E+08,5.30E+06,3309184,3309186,0,422100
100,2.90E+08,5.33E+06,3309187,3309185,0,409950
100,2.97E+08,5.30E+06,3309190,3309190,0,432950
100,2.90E+08,5.30E+06,3309191,3309191,0,409950
100,2.93E+08,5.31E+06,3309202,3309202,0,423000
100,2.93E+08,5.33E+06,3309227,3309227,0,423000
100,2.93E+08,5.31E+06,3309235,3309235,0,422950
100,2.85E+08,5.66E+06,3309257,3309259,0,397200
100,2.93E+08,5.30E+06,3309258,3309258,0,423000
100,2.89E+08,5.31E+06,3309260,3309260,0,409400
100,2.93E+08,5.36E+06,3309261,3309260,0,423000
100,2.93E+08,5.31E+06,3309276,3309276,0,421600
100,2.93E+08,5.36E+06,3309281,3309281,0,421600
100,2.90E+08,5.32E+06,3309283,3309281,0,409800
100,2.90E+08,5.35E+06,3309286,3309286,0,413050
100,2.97E+08,5.30E+06,3309287,3309287,0,432950
100,2.98E+08,5.31E+06,3309290,3309289,0,433150
100,2.90E+08,5.34E+06,3309294,3309294,0,413150
100,2.85E+08,5.99E+06,3309298,3309298,0,397200
100,2.90E+08,5.30E+06,3309298,3309298,0,413150
100,2.93E+08,5.51E+06,3309318,3309318,0,422900
100,2.87E+08,5.40E+06,3309325,3309325,0,401250
100,2.95E+08,5.31E+06,3309325,3309322,0,425800
100,2.89E+08,5.32E+06,3309328,3309328,0,409000
100,2.90E+08,5.35E+06,3309330,3309330,0,410800
100,2.90E+08,5.32E+06,3309345,3309345,0,409950
100,2.89E+08,5.34E+06,3309356,3309356,0,409000
100,2.91E+08,5.35E+06,3309366,3309368,0,413200
100,2.93E+08,5.30E+06,3309375,3309378,0,423000
100,2.90E+08,5.30E+06,3309391,3309391,0,413050
100,2.93E+08,5.53E+06,3309395,3309395,0,422950
100,2.90E+08,5.37E+06,3309400,3309399,0,413150
100,2.93E+08,5.30E+06,3309408,3309408,0,423000
100,2.98E+08,5.47E+06,3309415,3309415,0,433150
100,2.94E+08,5.33E+06,3309422,3309423,0,423000
100,2.89E+08,5.31E+06,3309434,3309434,0,409000
100,2.90E+08,5.34E+06,3309439,3309436,0,409800
100,2.91E+08,5.31E+06,3309442,3309439,0,413200
100,2.90E+08,5.30E+06,3309448,3309447,0,413050
100,2.93E+08,5.30E+06,3309455,3309455,0,422100
100,2.90E+08,5.31E+06,3309474,3309476,0,409950
100,2.93E+08,5.31E+06,3309486,3309486,0,422100
100,2.90E+08,5.36E+06,3309487,3309489,0,409950
100,2.93E+08,5.30E+06,3309494,3309494,0,423000
100,2.98E+08,5.35E+06,3309503,3309503,0,433150
100,2.90E+08,5.30E+06,3309514,3309514,0,410800
100,2.93E+08,5.41E+06,3309519,3309519,0,421600
100,2.90E+08,5.30E+06,3309529,3309529,0,409950
100,2.93E+08,5.30E+06,3309535,3309534,0,422600
100,2.90E+08,5.30E+06,3309536,3309536,0,409950
100,2.98E+08,5.32E+06,3309542,3309542,0,432950
100,2.90E+08,5.30E+06,3309549,3309552,0,409800
100,2.97E+08,5.45E+06,3309555,3309558,0,432950
100,2.97E+08,5.30E+06,3309562,3309563,0,432950
100,2.91E+08,5.30E+06,3309593,3309592,0,414200
100,2.98E+08,5.37E+06,3309593,3309594,0,433150
100,2.90E+08,5.30E+06,3309596,3309596,0,413150
100,2.94E+08,5.31E+06,3309596,3309593,0,423000
100,2.90E+08,5.32E+06,3309597,3309597,0,409950
100,2.90E+08,5.30E+06,3309601,3309604,0,413150
100,2.97E+08,5.31E+06,3309607,3309607,0,432950
100,2.93E+08,5.30E+06,3309610,3309610,0,422900
100,2.98E+08,5.32E+06,3309616,3309616,0,433150
100,2.98E+08,5.30E+06,3309625,3309625,0,433150
100,2.93E+08,5.30E+06,3309628,3309629,0,423000
100,2.94E+08,5.31E+06,3309628,3309629,0,424050
100,2.93E+08,5.32E+06,3309630,3309630,0,423000
100,2.97E+08,5.96E+06,3309634,3309633,0,432950
100,2.90E+08,5.31E+06,3309636,3309636,0,409800
100,2.91E+08,5.30E+06,3309651,3309650,0,413250
100,2.90E+08,5.31E+06,3309669,3309670,0,409950
100,2.90E+08,5.30E+06,3309672,3309670,0,409800
100,2.93E+08,5.32E+06,3309682,3309683,0,421600
100,2.98E+08,5.33E+06,3309693,3309690,0,432950
100,2.93E+08,5.34E+06,3309695,3309695,0,422900
100,2.90E+08,5.30E+06,3309700,3309695,0,409800
100,2.93E+08,5.30E+06,3309710,3309714,0,422950
100,2.93E+08,5.30E+06,3309711,3309711,0,422600
100,2.91E+08,5.30E+06,3309724,3309724,0,413200
100,2.97E+08,5.32E+06,3309732,3309734,0,432950
100,2.91E+08,5.30E+06,3309734,3309735,0,413250
100,2.97E+08,5.31E+06,3309739,3309739,0,429900
100,2.94E+08,5.30E+06,3309743,3309745,0,423000
100,2.90E+08,5.32E+06,3309776,3309776,0,409950
100,2.93E+08,5.34E+06,3309776,3309776,0,422950
100,2.93E+08,5.33E+06,3309794,3309798,0,423000
100,2.93E+08,5.32E+06,3309797,3309801,0,423000
100,2.93E+08,5.30E+06,3309802,3309802,0,423000
100,2.89E+08,5.33E+06,3309806,3309806,0,409400
100,2.94E+08,5.31E+06,3309807,3309810,0,423000
100,2.93E+08,5.30E+06,3309809,3309806,0,423000
100,2.93E+08,5.32E+06,3309815,3309813,0,422950
100,2.98E+08,5.31E+06,3309818,3309817,0,432950
100,2.98E+08,5.30E+06,3309819,3309819,0,433150
100,2.98E+08,5.32E+06,3309824,3309824,0,432950
100,2.90E+08,5.30E+06,3309828,3309829,0,409950
100,2.90E+08,5.31E+06,3309848,3309846,0,413050
100,2.90E+08,5.31E+06,3309848,3309848,0,413150
100,2.97E+08,5.33E+06,3309850,3309852,0,429900
100,2.89E+08,5.32E+06,3309853,3309851,0,409400
100,2.90E+08,5.30E+06,3309874,3309874,0,410800
100,2.97E+08,5.32E+06,3309874,3309874,0,432950
100,2.93E+08,5.32E+06,3309878,3309877,0,423000
100,2.98E+08,5.30E+06,3309893,3309898,0,433150
100,2.90E+08,5.30E+06,3309897,3309897,0,410800
100,2.90E+08,5.41E+06,3309898,3309898,0,413050
100,2.91E+08,5.36E+06,3309908,3309909,0,413200
100,2.89E+08,5.34E+06,3309910,3309915,0,409000
100,2.97E+08,5.37E+06,3309910,3309906,0,429900
100,2.93E+08,5.33E+06,3309922,3309925,0,422900
100,2.93E+08,5.31E+06,3309924,3309921,0,422600
100,2.95E+08,5.30E+06,3309929,3309929,0,425800
100,2.93E+08,5.31E+06,3309930,3309930,0,422950
100,2.94E+08,5.30E+06,3309930,3309930,0,423000
100,2.98E+08,5.30E+06,3309931,3309931,0,432950
100,2.91E+08,5.31E+06,3309942,3309945,0,414200
100,2.94E+08,5.34E+06,3309945,3309944,0,424050
100,2.93E+08,5.32E+06,3309951,3309950,0,423000
100,2.94E+08,5.35E+06,3309971,3309967,0,423000
100,2.95E+08,5.34E+06,3309971,3309970,0,425800
100,2.93E+08,5.32E+06,3309982,3309982,0,422900
100,2.93E+08,5.34E+06,3309982,3309982,0,422950
100,2.95E+08,5.33E+06,3309983,3309983,0,425800
100,2.90E+08,5.33E+06,3309987,3309987,0,410800
100,2.93E+08,5.30E+06,3309993,3309991,0,422900
100,2.90E+08,5.32E+06,3310003,3310004,0,413050
100,2.93E+08,5.33E+06,3310003,3310001,0,422350
100,2.97E+08,5.31E+06,3310011,3310011,0,432950
100,2.93E+08,5.42E+06,3310016,3310017,0,423000
100,2.94E+08,5.33E+06,3310018,3310018,0,423000
100,2.90E+08,5.36E+06,3310019,3310019,0,409950
100,2.98E+08,5.33E+06,3310024,3310025,0,433150
100,2.93E+08,5.30E+06,3310061,3310054,0,422100
100,2.90E+08,5.31E+06,3310063,3310068,0,413050
100,2.97E+08,5.30E+06,3310070,3310070,0,429900
100,2.93E+08,5.35E+06,3310084,3310084,0,423000
100,2.91E+08,5.30E+06,3310094,3310095,0,414200
100,2.90E+08,5.37E+06,3310096,3310090,0,409800
100,2.90E+08,5.30E+06,3310102,3310103,0,409800
100,2.98E+08,5.32E+06,3310120,3310120,0,433150
100,2.97E+08,5.32E+06,3310126,3310126,0,432950
100,2.89E+08,5.42E+06,3310146,3310145,0,409000
100,2.91E+08,5.33E+06,3310146,3310146,0,413250
100,2.90E+08,5.30E+06,3310150,3310150,0,413050
100,2.93E+08,5.32E+06,3310156,3310156,0,422900
100,2.93E+08,5.30E+06,3310163,3310160,0,422900
100,2.91E+08,5.51E+06,3310166,3310167,0,414200
100,2.93E+08,5.43E+06,3310184,3310184,0,422900
100,2.98E+08,5.34E+06,3310193,3310193,0,432950
100,2.98E+08,5.30E+06,3310221,3310221,0,433150
100,2.89E+08,5.37E+06,3310229,3310228,0,406800
100,2.90E+08,5.32E+06,3310237,3310237,0,409950
100,2.91E+08,5.32E+06,3310251,3310251,0,413250
100,2.90E+08,5.34E+06,3310262,3310262,0,409950
100,2.93E+08,5.30E+06,3310272,3310272,0,422900
100,2.97E+08,5.31E+06,3310274,3310273,0,432950
100,2.97E+08,5.48E+06,3310275,3310276,0,429500
100,2.93E+08,5.30E+06,3310278,3310276,0,423000
100,2.90E+08,5.34E+06,3310281,3310281,0,409800
100,2.93E+08,5.30E+06,3310296,3310296,0,423000
100,2.93E+08,5.31E+06,3310298,3310297,0,423000
100,2.90E+08,5.30E+06,3310303,3310302,0,413050
100,2.90E+08,5.32E+06,3310304,3310303,0,409950
100,2.93E+08,5.35E+06,3310308,3310306,0,423000
100,2.91E+08,5.30E+06,3310314,3310315,0,413200
100,2.90E+08,5.30E+06,3310325,3310324,0,413050
100,2.93E+08,5.42E+06,3310326,3310321,0,422350
100,2.90E+08,5.31E+06,3310332,3310332,0,409750
100,2.89E+08,5.31E+06,3310335,3310335,0,409400
100,2.91E+08,5.30E+06,3310347,3310352,0,413200
100,2.91E+08,5.31E+06,3310348,3310348,0,413250
100,2.91E+08,5.30E+06,3310357,3310357,0,413200
100,2.90E+08,5.60E+06,3310361,3310361,0,410800
100,2.93E+08,5.34E+06,3310370,3310371,0,422950
100,2.93E+08,5.38E+06,3310381,3310381,0,422950
100,2.90E+08,5.35E+06,3310392,3310392,0,409950
100,2.90E+08,5.45E+06,3310395,3310388,0,409750
100,2.93E+08,5.30E+06,3310406,3310405,0,422950
100,2.90E+08,5.33E+06,3310419,3310420,0,409800
100,2.89E+08,5.36E+06,3310430,3310423,0,409000
100,2.94E+08,5.30E+06,3310446,3310447,0,423000
100,2.93E+08,5.32E+06,3310450,3310450,0,423000
100,2.93E+08,5.30E+06,3310457,3310458,0,423000
100,2.93E+08,5.31E+06,3310462,3310465,0,423000
100,2.93E+08,5.30E+06,3310473,3310474,0,422600
100,2.90E+08,5.30E+06,3310483,3310483,0,409950
100,2.90E+08,5.41E+06,3310488,3310488,0,409800
100,2.90E+08,5.30E+06,3310489,3310489,0,413150
100,2.97E+08,5.30E+06,3310489,3310489,0,432950
100,2.90E+08,5.32E+06,3310497,3310497,0,410750
100,2.90E+08,5.36E+06,3310501,3310502,0,413150
100,2.90E+08,5.33E+06,3310507,3310505,0,409950
100,2.94E+08,5.35E+06,3310509,3310511,0,424050
100,2.93E+08,5.31E+06,3310510,3310512,0,423000
100,2.90E+08,5.32E+06,3310514,3310511,0,409950
100,2.89E+08,5.30E+06,3310515,3310514,0,409000
100,2.93E+08,5.31E+06,3310520,3310520,0,423000
100,2.93E+08,5.30E+06,3310526,3310526,0,422900
100,2.93E+08,5.31E+06,3310527,3310526,0,422950
100,2.94E+08,5.30E+06,3310527,3310526,0,423000
100,2.90E+08,5.30E+06,3310532,3310532,0,413150
100,2.97E+08,5.35E+06,3310534,3310534,0,429900
100,2.93E+08,5.34E+06,3310540,3310540,0,422950
100,2.93E+08,5.30E+06,3310541,3310542,0,423000
100,2.93E+08,5.34E+06,3310551,3310549,0,423000
100,2.97E+08,5.30E+06,3310563,3310563,0,429900
100,2.93E+08,5.30E+06,3310571,3310564,0,422100
100,2.93E+08,5.31E+06,3310573,3310573,0,423000
100,2.93E+08,5.43E+06,3310585,3310586,0,423000
100,2.93E+08,5.31E+06,3310591,3310591,0,422950
100,2.97E+08,5.30E+06,3310591,3310592,0,432950
100,2.93E+08,5.33E+06,3310599,3310598,0,422900
100,2.93E+08,5.40E+06,3310604,3310604,0,421600
100,2.89E+08,5.36E+06,3310626,3310626,0,409000
100,2.89E+08,5.39E+06,3310633,3310630,0,409000
100,2.90E+08,5.30E+06,3310637,3310638,0,413150
100,2.93E+08,5.34E+06,3310644,3310644,0,422100
100,2.93E+08,5.35E+06,3310653,3310652,0,422950
100,2.93E+08,5.33E+06,3310654,3310653,0,421600
100,2.93E+08,5.31E+06,3310662,3310662,0,423000
100,2.91E+08,5.31E+06,3310666,3310665,0,413200
100,2.90E+08,5.35E+06,3310674,3310669,0,409800
100,2.93E+08,5.32E+06,3310682,3310682,0,423000
100,2.91E+08,5.32E+06,3310683,3310683,0,413150
100,2.91E+08,5.31E+06,3310686,3310686,0,413250
100,2.93E+08,5.31E+06,3310698,3310698,0,423000
100,2.90E+08,5.30E+06,3310707,3310707,0,413050
100,2.97E+08,5.30E+06,3310715,3310715,0,432950
100,2.93E+08,5.32E+06,3310736,3310736,0,422900
100,2.89E+08,5.38E+06,3310753,3310753,0,409000
100,2.97E+08,5.30E+06,3310755,3310756,0,429900
100,2.93E+08,5.39E+06,3310767,3310767,0,423000
100,2.94E+08,5.30E+06,3310768,3310766,0,423000
100,2.93E+08,5.31E+06,3310774,3310769,0,423000
100,2.93E+08,5.31E+06,3310775,3310773,0,423000
100,2.91E+08,5.30E+06,3310782,3310783,0,413200
100,2.90E+08,5.30E+06,3310788,3310788,0,410800
100,2.93E+08,5.30E+06,3310789,3310789,0,422900
100,2.90E+08,5.40E+06,3310815,3310815,0,409800
100,2.90E+08,5.31E+06,3310817,3310817,0,413150
100,2.93E+08,5.30E+06,3310818,3310818,0,422900
100,2.93E+08,5.31E+06,3310833,3310833,0,423000
100,2.98E+08,5.48E+06,3310839,3310839,0,433150
100,2.93E+08,5.37E+06,3310843,3310844,0,423000
100,2.90E+08,5.30E+06,3310845,3310844,0,409950
100,2.91E+08,5.31E+06,3310847,3310846,0,413200
100,2.91E+08,5.31E+06,3310847,3310847,0,414200
100,2.93E+08,5.31E+06,3310847,3310850,0,422950
100,2.93E+08,5.30E+06,3310857,3310857,0,422900
100,2.93E+08,5.33E+06,3310866,3310866,0,423000
100,2.93E+08,5.33E+06,3310872,3310872,0,422950
100,2.90E+08,5.30E+06,3310873,3310868,0,409800
100,2.93E+08,5.39E+06,3310877,3310878,0,422950
100,2.93E+08,5.35E+06,3310880,3310881,0,423000
100,2.90E+08,5.30E+06,3310894,3310895,0,409950
100,2.94E+08,5.30E+06,3310897,3310892,0,423000
100,2.90E+08,5.30E+06,3310900,3310901,0,409950
100,2.94E+08,5.34E+06,3310901,3310900,0,424050
100,2.97E+08,5.30E+06,3310901,3310901,0,432950
100,2.98E+08,5.31E+06,3310906,3310901,0,432950
100,2.89E+08,5.37E+06,3310907,3310907,0,409000
100,2.93E+08,5.31E+06,3310907,3310907,0,422900
100,2.97E+08,5.32E+06,3310914,3310912,0,429900
100,2.90E+08,5.30E+06,3310915,3310914,0,409750
100,2.90E+08,5.31E+06,3310920,3310920,0,409750
100,2.93E+08,5.34E+06,3310933,3310933,0,422900
100,2.95E+08,5.30E+06,3310935,3310938,0,425800
100,2.91E+08,5.32E+06,3310945,3310943,0,414200
100,2.91E+08,5.30E+06,3310950,3310948,0,413150
100,2.90E+08,5.35E+06,3310961,3310959,0,413150
100,2.90E+08,5.30E+06,3310961,3310961,0,413150
100,2.94E+08,5.30E+06,3310969,3310972,0,423000
100,2.97E+08,5.31E+06,3310969,3310967,0,429900
100,2.95E+08,5.30E+06,3310970,3310970,0,424550
100,2.97E+08,5.39E+06,3310984,3310984,0,429900
100,2.90E+08,5.31E+06,3310995,3310996,0,413050
100,2.97E+08,5.30E+06,3311004,3311005,0,429900
100,2.91E+08,5.30E+06,3311011,3311010,0,413200
100,2.96E+08,5.42E+06,3311018,3311017,0,429300
100,2.91E+08,5.30E+06,3311024,3311024,0,413200
100,2.91E+08,5.31E+06,3311037,3311037,0,413200
100,2.90E+08,5.30E+06,3311047,3311047,0,409800
100,2.93E+08,5.33E+06,3311059,3311058,0,422950
100,2.93E+08,5.33E+06,3311066,3311065,0,423000
100,2.93E+08,5.30E+06,3311073,3311077,0,422950
100,2.93E+08,5.30E+06,3311074,3311077,0,423000
100,2.90E+08,5.31E+06,3311079,3311079,0,409950
100,2.93E+08,5.30E+06,3311082,3311079,0,423000
100,2.90E+08,5.34E+06,3311086,3311087,0,409800
100,2.98E+08,5.31E+06,3311104,3311104,0,433150
100,2.93E+08,5.31E+06,3311110,3311110,0,421600
100,2.90E+08,5.31E+06,3311114,3311114,0,413050
100,2.89E+08,5.30E+06,3311119,3311117,0,409000
100,2.91E+08,5.30E+06,3311123,3311123,0,413250
100,2.93E+08,5.30E+06,3311126,3311125,0,422900
100,2.93E+08,5.30E+06,3311126,3311125,0,422950
100,2.89E+08,5.30E+06,3311127,3311127,0,409000
100,2.98E+08,5.41E+06,3311133,3311133,0,433150
100,2.91E+08,5.30E+06,3311135,3311131,0,413200
100,2.93E+08,5.32E+06,3311136,3311136,0,422900
100,2.90E+08,5.30E+06,3311151,3311151,0,413050
100,2.90E+08,5.33E+06,3311154,3311155,0,413050
100,2.98E+08,5.30E+06,3311154,3311154,0,433150
100,2.90E+08,5.30E+06,3311169,3311169,0,413150
100,2.98E+08,5.41E+06,3311172,3311167,0,433150
100,2.90E+08,5.30E+06,3311176,3311176,0,409800
100,2.90E+08,5.31E+06,3311178,3311177,0,413150
100,2.90E+08,5.33E+06,3311181,3311182,0,413150
100,2.90E+08,5.34E+06,3311188,3311188,0,413050
100,2.93E+08,5.33E+06,3311191,3311190,0,423000
100,2.90E+08,5.30E+06,3311195,3311195,0,409800
100,2.90E+08,5.30E+06,3311209,3311209,0,409800
100,2.93E+08,5.30E+06,3311209,3311208,0,422900
100,2.90E+08,5.30E+06,3311215,3311215,0,409950
100,2.89E+08,5.31E+06,3311220,3311220,0,409400
100,2.93E+08,5.60E+06,3311222,3311221,0,422900
100,2.97E+08,5.33E+06,3311231,3311230,0,429900
100,2.97E+08,5.34E+06,3311232,3311233,0,429900
100,2.90E+08,5.32E+06,3311234,3311234,0,409800
100,2.89E+08,5.30E+06,3311256,3311253,0,409000
100,2.93E+08,5.57E+06,3311257,3311257,0,422900
100,2.93E+08,5.31E+06,3311288,3311291,0,422950
100,2.98E+08,5.30E+06,3311290,3311290,0,432950
100,2.94E+08,5.33E+06,3311292,3311292,0,423000
100,2.98E+08,5.30E+06,3311295,3311296,0,433150
100,2.87E+08,5.54E+06,3311299,3311299,0,401250
100,2.94E+08,5.38E+06,3311306,3311306,0,423000
100,2.90E+08,5.30E+06,3311316,3311316,0,413150
100,2.90E+08,5.37E+06,3311325,3311323,0,409950
100,2.91E+08,5.30E+06,3311326,3311326,0,413250
100,2.93E+08,5.31E+06,3311332,3311326,0,423000
100,2.90E+08,5.32E+06,3311335,3311335,0,409800
100,2.90E+08,5.31E+06,3311340,3311342,0,409950
100,2.94E+08,5.30E+06,3311340,3311339,0,423000
100,2.90E+08,5.36E+06,3311366,3311366,0,409950
100,2.93E+08,5.31E+06,3311372,3311373,0,423000
100,2.91E+08,5.33E+06,3311375,3311373,0,413200
100,2.90E+08,5.37E+06,3311378,3311374,0,409800
100,2.97E+08,5.30E+06,3311393,3311393,0,432950
100,2.90E+08,5.30E+06,3311400,3311405,0,410800
100,2.93E+08,5.30E+06,3311414,3311413,0,422900
100,2.89E+08,5.37E+06,3311419,3311418,0,409000
100,2.95E+08,5.30E+06,3311423,3311424,0,425800
100,2.93E+08,5.32E+06,3311427,3311427,0,423000
100,2.93E+08,5.31E+06,3311434,3311432,0,422900
100,2.90E+08,5.32E+06,3311435,3311435,0,409800
100,2.93E+08,5.31E+06,3311435,3311432,0,422600
100,2.89E+08,5.64E+06,3311436,3311436,0,409000
100,2.91E+08,5.30E+06,3311439,3311439,0,413250
100,2.90E+08,5.31E+06,3311454,3311454,0,413050
100,2.91E+08,5.32E+06,3311466,3311465,0,413200
100,2.93E+08,5.32E+06,3311469,3311469,0,423000
100,2.93E+08,5.34E+06,3311473,3311473,0,423000
100,2.90E+08,5.30E+06,3311474,3311469,0,410800
100,2.93E+08,5.30E+06,3311478,3311478,0,423000
100,2.97E+08,5.34E+06,3311481,3311488,0,432950
100,2.93E+08,5.36E+06,3311488,3311490,0,422900
100,2.93E+08,5.33E+06,3311494,3311492,0,422100
100,2.97E+08,5.47E+06,3311502,3311500,0,429500
100,2.97E+08,5.32E+06,3311514,3311513,0,429900
100,2.91E+08,5.30E+06,3311515,3311510,0,413200
100,2.98E+08,5.30E+06,3311519,3311519,0,433150
100,2.90E+08,5.31E+06,3311520,3311520,0,413050
100,2.91E+08,5.30E+06,3311523,3311526,0,413250
100,2.93E+08,5.30E+06,3311526,3311526,0,422900
100,2.93E+08,5.30E+06,3311530,3311531,0,423000
100,2.90E+08,5.30E+06,3311540,3311540,0,410800
100,2.93E+08,5.32E+06,3311542,3311545,0,422900
100,2.97E+08,5.31E+06,3311545,3311546,0,429900
100,2.90E+08,5.30E+06,3311553,3311552,0,410800
100,2.91E+08,5.32E+06,3311556,3311555,0,413250
100,2.90E+08,5.31E+06,3311561,3311558,0,409750
100,2.90E+08,5.44E+06,3311570,3311570,0,413150
100,2.97E+08,5.33E+06,3311571,3311573,0,432950
100,2.93E+08,5.32E+06,3311590,3311590,0,422350
100,2.97E+08,5.36E+06,3311591,3311583,0,432950
100,2.90E+08,5.30E+06,3311599,3311597,0,409950
100,2.97E+08,5.32E+06,3311604,3311600,0,432950
100,2.98E+08,5.31E+06,3311605,3311601,0,433150
100,2.90E+08,5.33E+06,3311606,3311609,0,413150
100,2.90E+08,5.30E+06,3311607,3311608,0,409950
100,2.93E+08,5.30E+06,3311610,3311608,0,422950
100,2.89E+08,5.41E+06,3311619,3311619,0,409000
100,2.89E+08,5.41E+06,3311627,3311625,0,409000
100,2.97E+08,5.30E+06,3311639,3311635,0,432950
100,2.90E+08,5.31E+06,3311644,3311645,0,410800
100,2.93E+08,5.30E+06,3311650,3311649,0,422900
100,2.91E+08,5.32E+06,3311666,3311665,0,413150
100,2.89E+08,5.30E+06,3311671,3311671,0,409000
100,2.93E+08,5.30E+06,3311675,3311673,0,422900
100,2.93E+08,5.30E+06,3311677,3311677,0,423000
100,2.93E+08,5.30E+06,3311682,3311682,0,423000
100,2.93E+08,5.38E+06,3311697,3311696,0,423000
100,2.93E+08,5.31E+06,3311699,3311699,0,422950
100,2.94E+08,5.31E+06,3311705,3311705,0,424050
100,2.93E+08,5.30E+06,3311709,3311709,0,422100
100,2.90E+08,5.33E+06,3311715,3311715,0,409950
100,2.91E+08,5.30E+06,3311724,3311728,0,413200
100,2.93E+08,5.33E+06,3311725,3311725,0,422950
100,2.90E+08,5.30E+06,3311726,3311726,0,413150
100,2.90E+08,5.61E+06,3311727,3311728,0,409950
100,2.93E+08,5.33E+06,3311734,3311732,0,422950
100,2.90E+08,5.35E+06,3311737,3311737,0,409750
100,2.93E+08,5.30E+06,3311747,3311747,0,423000
100,2.90E+08,5.31E+06,3311757,3311757,0,413150
100,2.90E+08,5.30E+06,3311788,3311789,0,410800
100,2.93E+08,5.32E+06,3311788,3311786,0,423000
100,2.93E+08,5.30E+06,3311799,3311799,0,423000
100,2.93E+08,5.30E+06,3311810,3311810,0,423000
100,2.89E+08,5.34E+06,3311815,3311813,0,409000
100,2.93E+08,5.31E+06,3311815,3311818,0,423000
100,2.91E+08,5.31E+06,3311817,3311815,0,413150
100,2.90E+08,5.35E+06,3311825,3311822,0,413150
100,2.90E+08,5.47E+06,3311830,3311830,0,410800
100,2.90E+08,5.33E+06,3311836,3311836,0,413050
100,2.90E+08,5.34E+06,3311837,3311839,0,409950
100,2.93E+08,5.35E+06,3311837,3311837,0,422900
100,2.91E+08,5.30E+06,3311840,3311840,0,413250
100,2.97E+08,5.30E+06,3311851,3311852,0,429900
100,2.97E+08,5.33E+06,3311851,3311850,0,429900
100,2.93E+08,5.34E+06,3311857,3311857,0,422900
100,2.93E+08,5.40E+06,3311863,3311857,0,423000
100,2.93E+08,5.37E+06,3311882,3311880,0,422900
100,2.90E+08,5.44E+06,3311896,3311894,0,413150
100,2.93E+08,5.30E+06,3311897,3311895,0,422950
100,2.89E+08,5.36E+06,3311911,3311908,0,409000
100,2.98E+08,5.33E+06,3311911,3311912,0,433150
100,2.90E+08,5.30E+06,3311912,3311909,0,413150
100,2.94E+08,5.36E+06,3311916,3311916,0,423000
100,2.98E+08,5.30E+06,3311916,3311921,0,433150
100,2.91E+08,5.33E+06,3311923,3311921,0,413950
100,2.93E+08,5.31E+06,3311935,3311930,0,423000
100,2.93E+08,5.38E+06,3311941,3311943,0,422100
100,2.97E+08,5.31E+06,3311946,3311947,0,432950
100,2.90E+08,5.31E+06,3311947,3311948,0,413050
100,2.91E+08,5.32E+06,3311953,3311954,0,413150
100,2.90E+08,5.30E+06,3311954,3311955,0,410800
100,2.97E+08,5.30E+06,3311955,3311957,0,432950
100,2.90E+08,5.32E+06,3311963,3311962,0,413150
100,2.93E+08,5.45E+06,3311963,3311956,0,422950
100,2.90E+08,5.33E+06,3311966,3311966,0,409950
100,2.97E+08,5.34E+06,3311966,3311967,0,432950
100,2.90E+08,5.30E+06,3311982,3311982,0,409950
100,2.90E+08,5.31E+06,3311983,3311984,0,413050
100,2.94E+08,5.30E+06,3311995,3311995,0,423000
100,2.93E+08,5.31E+06,3311997,3311997,0,423000
100,2.93E+08,5.30E+06,3312008,3312008,0,422900
100,2.90E+08,5.33E+06,3312009,3312008,0,413150
100,2.90E+08,5.30E+06,3312024,3312025,0,409950
100,2.90E+08,5.33E+06,3312033,3312035,0,409750
100,2.90E+08,5.30E+06,3312045,3312043,0,413150
100,2.93E+08,5.32E+06,3312045,3312046,0,423000
100,2.97E+08,5.32E+06,3312054,3312056,0,432950
100,2.90E+08,5.35E+06,3312069,3312066,0,409800
100,2.90E+08,5.35E+06,3312084,3312084,0,413050
100,2.93E+08,5.37E+06,3312090,3312090,0,422950
100,2.91E+08,5.30E+06,3312094,3312094,0,413200
100,2.93E+08,5.30E+06,3312102,3312102,0,422950
100,2.90E+08,5.30E+06,3312109,3312109,0,409950
100,2.89E+08,5.33E+06,3312124,3312124,0,406800
100,2.87E+08,5.61E+06,3312137,3312139,0,401250
100,2.97E+08,5.31E+06,3312152,3312154,0,429500
100,2.90E+08,5.31E+06,3312168,3312173,0,410800
100,2.93E+08,5.32E+06,3312180,3312179,0,423000
100,2.90E+08,5.30E+06,3312207,3312207,0,413150
100,2.93E+08,5.30E+06,3312211,3312207,0,422900
100,2.89E+08,5.30E+06,3312213,3312215,0,409000
100,2.90E+08,5.31E+06,3312217,3312217,0,409950
100,2.90E+08,5.30E+06,3312219,3312220,0,410750
100,2.93E+08,5.32E+06,3312233,3312233,0,422100
100,2.93E+08,5.31E+06,3312239,3312241,0,423000
100,2.84E+08,5.69E+06,3312266,3312264,0,395150
100,2.93E+08,5.30E+06,3312269,3312266,0,422900
100,2.90E+08,5.30E+06,3312286,3312282,0,413150
100,2.94E+08,5.35E+06,3312288,3312286,0,424050
100,2.90E+08,5.31E+06,3312293,3312293,0,409950
100,2.91E+08,5.31E+06,3312293,3312290,0,413250
100,2.89E+08,5.32E+06,3312321,3312321,0,409000
100,2.90E+08,5.36E+06,3312321,3312324,0,409950
100,2.97E+08,5.32E+06,3312331,3312331,0,432950
100,2.93E+08,5.30E+06,3312339,3312341,0,421600
100,2.89E+08,5.50E+06,3312344,3312344,0,409000
100,2.97E+08,5.30E+06,3312346,3312347,0,432950
100,2.98E+08,5.30E+06,3312347,3312347,0,433150
100,2.87E+08,5.41E+06,3312353,3312354,0,401250
100,2.91E+08,5.31E+06,3312354,3312354,0,413250
100,2.90E+08,5.32E+06,3312357,3312357,0,410800
100,2.90E+08,5.30E+06,3312358,3312358,0,413050
100,2.91E+08,5.32E+06,3312359,3312359,0,413200
100,2.91E+08,5.36E+06,3312360,3312361,0,413200
100,2.90E+08,5.30E+06,3312418,3312419,0,410800
100,2.87E+08,5.46E+06,3312421,3312421,0,401250
100,2.93E+08,5.32E+06,3312453,3312455,0,422600
100,2.97E+08,5.30E+06,3312453,3312448,0,432950
100,2.98E+08,5.37E+06,3312464,3312463,0,432950
100,2.95E+08,5.30E+06,3312471,3312470,0,425800
100,2.91E+08,5.40E+06,3312478,3312478,0,413150
100,2.90E+08,5.30E+06,3312479,3312475,0,413050
100,2.94E+08,5.30E+06,3312485,3312484,0,424050
100,2.90E+08,5.30E+06,3312493,3312494,0,409950
100,2.94E+08,5.30E+06,3312494,3312496,0,423000
100,2.98E+08,5.31E+06,3312496,3312496,0,433150
100,2.85E+08,5.38E+06,3312502,3312502,0,398150
100,2.90E+08,5.30E+06,3312502,3312500,0,413050
100,2.98E+08,5.33E+06,3312504,3312504,0,432950
100,2.90E+08,5.31E+06,3312510,3312509,0,409950
100,2.93E+08,5.30E+06,3312523,3312523,0,422950
100,2.90E+08,5.31E+06,3312542,3312539,0,410750
100,2.93E+08,5.30E+06,3312549,3312549,0,422950
100,2.91E+08,5.30E+06,3312550,3312548,0,413200
100,2.90E+08,5.30E+06,3312557,3312559,0,409800
100,2.89E+08,5.30E+06,3312561,3312562,0,409400
100,2.93E+08,5.30E+06,3312565,3312565,0,422600
100,2.90E+08,5.31E+06,3312596,3312596,0,409950
100,2.93E+08,5.30E+06,3312618,3312617,0,423000
100,2.97E+08,5.30E+06,3312619,3312618,0,432950
100,2.93E+08,5.32E+06,3312637,3312635,0,422900
100,2.97E+08,5.30E+06,3312637,3312637,0,432950
100,2.93E+08,5.30E+06,3312644,3312641,0,423000
100,2.90E+08,5.33E+06,3312655,3312656,0,413150
100,2.90E+08,5.30E+06,3312660,3312660,0,409950
100,2.90E+08,5.31E+06,3312661,3312661,0,413050
100,2.90E+08,5.31E+06,3312675,3312674,0,409950
100,2.97E+08,5.30E+06,3312677,3312676,0,429500
100,2.89E+08,5.30E+06,3312687,3312687,0,409400
100,2.90E+08,5.30E+06,3312688,3312689,0,409950
100,2.91E+08,5.30E+06,3312688,3312688,0,413200
100,2.91E+08,5.31E+06,3312688,3312688,0,413250
100,2.93E+08,5.34E+06,3312700,3312700,0,423000
100,2.90E+08,5.30E+06,3312714,3312714,0,409800
100,2.91E+08,5.32E+06,3312728,3312728,0,413250
100,2.94E+08,5.32E+06,3312734,3312735,0,423000
100,2.89E+08,5.38E+06,3312738,3312737,0,409000
100,2.97E+08,5.30E+06,3312743,3312744,0,429900
100,2.90E+08,5.30E+06,3312745,3312745,0,409950
100,2.90E+08,5.30E+06,3312745,3312742,0,413150
100,2.93E+08,5.32E+06,3312749,3312745,0,421600
100,2.90E+08,5.30E+06,3312760,3312753,0,410800
100,2.90E+08,5.39E+06,3312763,3312761,0,413050
100,2.90E+08,5.30E+06,3312765,3312766,0,409800
100,2.97E+08,5.31E+06,3312771,3312773,0,429900
100,2.90E+08,5.40E+06,3312787,3312787,0,413150
100,2.93E+08,5.34E+06,3312787,3312790,0,422100
100,2.90E+08,5.32E+06,3312798,3312796,0,409800
100,2.93E+08,5.35E+06,3312798,3312798,0,422350
100,2.91E+08,5.30E+06,3312799,3312795,0,413200
100,2.93E+08,5.30E+06,3312807,3312808,0,422900
100,2.93E+08,5.30E+06,3312814,3312816,0,422900
100,2.89E+08,5.34E+06,3312819,3312815,0,409000
100,2.93E+08,5.30E+06,3312822,3312822,0,423000
100,2.90E+08,5.30E+06,3312849,3312851,0,409950
100,2.90E+08,5.30E+06,3312855,3312855,0,409950
100,2.93E+08,5.30E+06,3312857,3312857,0,423000
100,2.94E+08,5.30E+06,3312866,3312869,0,424050
100,2.89E+08,5.34E+06,3312868,3312869,0,409000
100,2.90E+08,5.30E+06,3312871,3312869,0,410800
100,2.93E+08,5.30E+06,3312871,3312874,0,422100
100,2.93E+08,5.30E+06,3312871,3312870,0,422950
100,2.93E+08,5.30E+06,3312879,3312878,0,422950
100,2.93E+08,5.34E+06,3312883,3312883,0,422950
100,2.90E+08,5.30E+06,3312886,3312887,0,413150
100,2.90E+08,5.30E+06,3312889,3312889,0,409950
100,2.97E+08,5.30E+06,3312896,3312898,0,432950
100,2.89E+08,5.30E+06,3312897,3312898,0,409000
100,2.98E+08,5.30E+06,3312900,3312900,0,433150
100,2.93E+08,5.64E+06,3312901,3312901,0,421600
100,2.97E+08,5.30E+06,3312902,3312906,0,432950
100,2.98E+08,5.41E+06,3312904,3312904,0,433150
100,2.98E+08,5.36E+06,3312911,3312907,0,433150
100,2.97E+08,5.31E+06,3312921,3312922,0,432950
100,2.98E+08,5.32E+06,3312922,3312918,0,433150
100,2.91E+08,5.30E+06,3312923,3312923,0,413250
100,2.97E+08,5.31E+06,3312927,3312928,0,429900
100,2.89E+08,5.58E+06,3312931,3312931,0,406800
100,2.97E+08,5.34E+06,3312931,3312931,0,429900
100,2.90E+08,5.31E+06,3312932,3312932,0,409950
100,2.90E+08,5.30E+06,3312942,3312942,0,413150
100,2.90E+08,5.35E+06,3312945,3312945,0,410800
100,2.97E+08,5.36E+06,3312947,3312948,0,432950
100,2.90E+08,5.30E+06,3312959,3312959,0,409950
100,2.94E+08,5.32E+06,3312967,3312961,0,424050
100,2.90E+08,5.30E+06,3313017,3313016,0,409950
100,2.93E+08,5.31E+06,3313023,3313022,0,422950
100,2.97E+08,5.31E+06,3313044,3313044,0,432950
100,2.93E+08,5.34E+06,3313047,3313047,0,423000
100,2.90E+08,5.37E+06,3313050,3313050,0,409750
100,2.90E+08,5.33E+06,3313051,3312835,0,409800
100,2.90E+08,5.30E+06,3313056,3313056,0,413050
100,2.90E+08,5.30E+06,3313067,3313070,0,413150
100,2.93E+08,5.37E+06,3313067,3313066,0,422950
100,2.90E+08,5.30E+06,3313075,3313070,0,410800
100,2.96E+08,5.51E+06,3313075,3313074,0,429300
100,2.93E+08,5.30E+06,3313083,3313083,0,423000
100,2.93E+08,5.34E+06,3313088,3313088,0,423000
100,2.93E+08,5.36E+06,3313090,3313090,0,423000
100,2.93E+08,5.30E+06,3313098,3313097,0,421600
100,2.90E+08,5.31E+06,3313116,3313114,0,409950
100,2.93E+08,5.31E+06,3313133,3313133,0,422950
100,2.93E+08,5.30E+06,3313139,3313139,0,422900
100,2.97E+08,5.31E+06,3313145,3313145,0,429900
100,2.90E+08,5.30E+06,3313149,3313151,0,409950
100,2.98E+08,5.30E+06,3313156,3313155,0,433150
100,2.90E+08,5.30E+06,3313160,3313160,0,413150
100,2.93E+08,5.30E+06,3313174,3313174,0,422900
100,2.97E+08,5.48E+06,3313177,3313173,0,432950
100,2.93E+08,5.33E+06,3313178,3313179,0,423000
100,2.93E+08,5.30E+06,3313187,3313187,0,422950
100,2.93E+08,5.36E+06,3313200,3313201,0,423000
100,2.97E+08,5.30E+06,3313204,3313206,0,432950
100,2.93E+08,5.31E+06,3313208,3313209,0,422950
100,2.90E+08,5.31E+06,3313212,3313211,0,413150
100,2.93E+08,5.31E+06,3313212,3313212,0,422950
100,2.93E+08,5.31E+06,3313221,3313220,0,422900
100,2.90E+08,5.30E+06,3313229,3313229,0,413150
100,2.93E+08,5.31E+06,3313243,3313243,0,422350
100,2.89E+08,5.67E+06,3313256,3313256,0,409400
100,2.93E+08,5.30E+06,3313261,3313261,0,422100
100,2.90E+08,5.31E+06,3313279,3313279,0,409750
100,2.93E+08,5.30E+06,3313283,3313285,0,422950
100,2.93E+08,5.30E+06,3313290,3313290,0,423000
100,2.90E+08,5.31E+06,3313296,3313298,0,413150
100,2.97E+08,5.30E+06,3313296,3313298,0,429500
100,2.98E+08,5.32E+06,3313301,3313301,0,433150
100,2.90E+08,5.34E+06,3313304,3313304,0,413150
100,2.97E+08,5.32E+06,3313306,3313306,0,432950
100,2.94E+08,5.31E+06,3313310,3313311,0,423000
100,2.97E+08,5.30E+06,3313318,3313319,0,432950
100,2.94E+08,5.30E+06,3313327,3313327,0,424050
100,2.98E+08,5.31E+06,3313353,3313351,0,432950
100,2.97E+08,5.35E+06,3313367,3313370,0,432950
100,2.93E+08,5.31E+06,3313370,3313370,0,423000
100,2.93E+08,5.34E+06,3313385,3313383,0,422900
100,2.89E+08,5.30E+06,3313396,3313398,0,409000
100,2.93E+08,5.35E+06,3313399,3313399,0,422950
100,2.97E+08,5.30E+06,3313401,3313401,0,429900
100,2.95E+08,5.30E+06,3313413,3313413,0,425800
100,2.89E+08,5.35E+06,3313442,3313445,0,409000
100,2.90E+08,5.31E+06,3313442,3313442,0,409950
100,2.91E+08,5.30E+06,3313443,3313443,0,413200
100,2.98E+08,5.30E+06,3313450,3313450,0,433150
100,2.94E+08,5.37E+06,3313461,3313461,0,423000
100,2.93E+08,5.35E+06,3313470,3313470,0,422600
100,2.93E+08,5.33E+06,3313482,3313481,0,422900
100,2.93E+08,5.30E+06,3313504,3313504,0,422900
100,2.93E+08,5.30E+06,3313518,3313518,0,423000
100,2.90E+08,5.30E+06,3313526,3313526,0,413150
100,2.93E+08,5.36E+06,3313527,3313527,0,422600
100,2.90E+08,5.32E+06,3313538,3313539,0,413050
100,2.90E+08,5.30E+06,3313550,3313550,0,409950
100,2.90E+08,5.39E+06,3313551,3313548,0,413150
100,2.98E+08,5.41E+06,3313574,3313573,0,432950
100,2.93E+08,5.35E+06,3313576,3313574,0,422950
100,2.90E+08,5.30E+06,3313589,3313586,0,409950
100,2.93E+08,5.30E+06,3313598,3313597,0,422950
100,2.90E+08,5.38E+06,3313603,3313606,0,409800
100,2.93E+08,5.32E+06,3313621,3313620,0,422950
100,2.95E+08,5.30E+06,3313625,3313623,0,424550
100,2.93E+08,5.30E+06,3313626,3313626,0,423000
100,2.97E+08,5.31E+06,3313630,3313627,0,432950
100,2.97E+08,5.30E+06,3313636,3313637,0,429900
100,2.93E+08,5.30E+06,3313640,3313639,0,422950
100,2.95E+08,5.32E+06,3313652,3313652,0,425800
100,2.90E+08,5.30E+06,3313666,3313665,0,413050
100,2.89E+08,5.34E+06,3313690,3313689,0,409000
100,2.97E+08,5.33E+06,3313711,3313710,0,432950
100,2.87E+08,5.38E+06,3313714,3313713,0,401250
100,2.90E+08,5.32E+06,3313723,3313723,0,410750
100,2.93E+08,5.30E+06,3313727,3313727,0,423000
100,2.89E+08,5.30E+06,3313731,3313732,0,409200
100,2.89E+08,5.37E+06,3313735,3313733,0,409000
100,2.90E+08,5.34E+06,3313746,3313744,0,413050
100,2.90E+08,5.30E+06,3313755,3313753,0,413150
100,2.93E+08,5.31E+06,3313763,3313763,0,423000
100,2.93E+08,5.30E+06,3313774,3313775,0,422600
100,2.90E+08,5.31E+06,3313786,3313786,0,413150
100,2.91E+08,5.30E+06,3313803,3313802,0,413950
100,2.98E+08,5.30E+06,3313823,3313823,0,433150
100,2.90E+08,5.33E+06,3313824,3313823,0,409950
100,2.91E+08,5.32E+06,3313824,3313824,0,413250
100,2.93E+08,5.37E+06,3313826,3313829,0,423000
100,2.93E+08,5.37E+06,3313831,3313827,0,422900
100,2.93E+08,5.30E+06,3313837,3313838,0,422950
100,2.93E+08,5.30E+06,3313839,3313839,0,422950
100,2.97E+08,5.30E+06,3313855,3313855,0,432950
100,2.94E+08,5.32E+06,3313857,3313857,0,423000
100,2.97E+08,5.30E+06,3313888,3313888,0,432950
100,2.91E+08,5.32E+06,3313891,3313885,0,413250
100,2.89E+08,5.31E+06,3313908,3313908,0,409400
100,2.98E+08,5.33E+06,3313918,3313917,0,433150
100,2.93E+08,5.30E+06,3313930,3313930,0,423000
100,2.93E+08,5.31E+06,3313931,3313930,0,422900
100,2.94E+08,5.36E+06,3313940,3313939,0,423000
100,2.89E+08,5.40E+06,3313950,3313950,0,409150
100,2.97E+08,5.38E+06,3313962,3313960,0,432950
100,2.93E+08,5.38E+06,3313982,3313982,0,423000
100,2.90E+08,5.30E+06,3313986,3313986,0,413050
100,2.90E+08,5.30E+06,3314012,3314011,0,409950
100,2.93E+08,5.30E+06,3314022,3314018,0,422600
100,2.90E+08,5.30E+06,3314037,3314040,0,409950
100,2.90E+08,5.33E+06,3314042,3314042,0,409950
100,2.91E+08,5.30E+06,3314043,3314033,0,413200
100,2.90E+08,5.30E+06,3314045,3314037,0,409800
100,2.93E+08,5.32E+06,3314047,3314044,0,422900
100,2.95E+08,5.32E+06,3314051,3314050,0,424550
100,2.90E+08,5.30E+06,3314062,3314064,0,413150
100,2.97E+08,5.30E+06,3314062,3314056,0,432950
100,2.97E+08,5.31E+06,3314064,3314063,0,429900
100,2.94E+08,5.30E+06,3314078,3314078,0,424050
100,2.98E+08,5.30E+06,3314086,3314086,0,433150
100,2.93E+08,5.30E+06,3314101,3314102,0,423000
100,2.90E+08,5.34E+06,3314120,3314120,0,409800
100,2.91E+08,5.30E+06,3314145,3314145,0,413250
100,2.98E+08,5.35E+06,3314145,3314145,0,433150
100,2.90E+08,5.30E+06,3314154,3314156,0,409800
100,2.90E+08,5.31E+06,3314160,3314160,0,409800
100,2.93E+08,5.31E+06,3314160,3314160,0,422950
100,2.91E+08,5.39E+06,3314172,3314175,0,413200
100,2.98E+08,5.37E+06,3314174,3314173,0,433150
100,2.97E+08,5.31E+06,3314190,3314188,0,432950
100,2.90E+08,5.39E+06,3314203,3314203,0,413150
100,2.90E+08,5.37E+06,3314209,3314208,0,409750
100,2.93E+08,5.30E+06,3314209,3314211,0,422950
100,2.90E+08,5.35E+06,3314241,3314240,0,413150
100,2.93E+08,5.31E+06,3314241,3314241,0,422350
100,2.95E+08,5.33E+06,3314247,3314247,0,425800
100,2.93E+08,5.30E+06,3314249,3314248,0,422950
100,2.90E+08,5.30E+06,3314279,3314279,0,409800
100,2.90E+08,5.30E+06,3314284,3314284,0,413150
100,2.97E+08,5.31E+06,3314284,3314285,0,432950
100,2.93E+08,5.30E+06,3314294,3314293,0,422950
100,2.94E+08,5.30E+06,3314302,3314301,0,424050
100,2.90E+08,5.55E+06,3314307,3314309,0,410800
100,2.93E+08,5.30E+06,3314313,3314313,0,423000
100,2.90E+08,5.31E+06,3314314,3314314,0,413150
100,2.93E+08,5.30E+06,3314318,3314318,0,421600
100,2.91E+08,5.30E+06,3314338,3314338,0,414200
100,2.90E+08,5.34E+06,3314352,3314352,0,413050
100,2.91E+08,5.30E+06,3314354,3314353,0,413150
100,2.93E+08,5.43E+06,3314360,3314360,0,422950
100,2.94E+08,5.31E+06,3314362,3314361,0,423000
100,2.90E+08,5.32E+06,3314364,3314363,0,409950
100,2.94E+08,5.30E+06,3314376,3314365,0,424050
100,2.93E+08,5.30E+06,3314379,3314379,0,422950
100,2.97E+08,5.34E+06,3314383,3314383,0,429900
100,2.90E+08,5.33E+06,3314391,3314391,0,409950
100,2.90E+08,5.30E+06,3314404,3314404,0,410800
100,2.90E+08,5.31E+06,3314408,3314408,0,409950
100,2.91E+08,5.33E+06,3314408,3314410,0,413250
100,2.93E+08,5.38E+06,3314433,3314433,0,422900
100,2.93E+08,5.30E+06,3314435,3314437,0,423000
100,2.93E+08,5.33E+06,3314435,3314432,0,423000
100,2.90E+08,5.31E+06,3314441,3314440,0,409950
100,2.91E+08,5.30E+06,3314443,3314439,0,413200
100,2.94E+08,5.30E+06,3314443,3314443,0,424050
100,2.90E+08,5.31E+06,3314452,3314451,0,409800
100,2.90E+08,5.38E+06,3314463,3314464,0,413150
100,2.97E+08,5.31E+06,3314468,3314465,0,432950
100,2.90E+08,5.30E+06,3314475,3314477,0,409800
100,2.93E+08,5.31E+06,3314483,3314485,0,422900
100,2.98E+08,5.47E+06,3314485,3314485,0,433150
100,2.90E+08,5.34E+06,3314486,3314486,0,410800
100,2.91E+08,5.30E+06,3314508,3314508,0,413200
100,2.90E+08,5.31E+06,3314524,3314520,0,413150
100,2.93E+08,5.30E+06,3314538,3314541,0,423000
100,2.90E+08,5.30E+06,3314558,3314558,0,410800
100,2.91E+08,5.31E+06,3314558,3314558,0,413950
100,2.90E+08,5.31E+06,3314560,3314560,0,410800
100,2.91E+08,5.31E+06,3314567,3314561,0,413200
100,2.97E+08,5.32E+06,3314568,3314568,0,429500
100,2.91E+08,5.31E+06,3314573,3314573,0,413250
100,2.90E+08,5.35E+06,3314577,3314577,0,409800
100,2.94E+08,5.31E+06,3314582,3314586,0,423000
100,2.93E+08,5.30E+06,3314586,3314587,0,422350
100,2.98E+08,5.30E+06,3314587,3314587,0,433150
100,2.98E+08,5.35E+06,3314590,3314590,0,433150
100,2.94E+08,5.30E+06,3314596,3314596,0,424050
100,2.89E+08,5.44E+06,3314600,3314600,0,409000
100,2.89E+08,5.37E+06,3314601,3314603,0,409000
100,2.90E+08,5.38E+06,3314606,3314606,0,409800
100,2.91E+08,5.30E+06,3314611,3314611,0,413200
100,2.90E+08,5.30E+06,3314621,3314620,0,413150
100,2.90E+08,5.35E+06,3314625,3314621,0,413050
100,2.91E+08,5.31E+06,3314625,3314625,0,413150
100,2.93E+08,5.31E+06,3314628,3314627,0,423000
100,2.93E+08,5.30E+06,3314629,3314629,0,422900
100,2.90E+08,5.30E+06,3314644,3314643,0,409950
100,2.98E+08,5.32E+06,3314646,3314644,0,432950
100,2.90E+08,5.31E+06,3314658,3314659,0,413150
100,2.98E+08,5.30E+06,3314660,3314661,0,433150
100,2.90E+08,5.30E+06,3314662,3314662,0,409950
100,2.93E+08,5.31E+06,3314662,3314662,0,423000
100,2.94E+08,5.31E+06,3314677,3314673,0,424050
100,2.93E+08,5.31E+06,3314682,3314682,0,423000
100,2.91E+08,5.33E+06,3314684,3314684,0,413250
100,2.93E+08,5.31E+06,3314684,3314683,0,422900
100,2.93E+08,5.32E+06,3314688,3314684,0,423000
100,2.90E+08,5.30E+06,3314697,3314697,0,409950
100,2.93E+08,5.34E+06,3314698,3314698,0,422900
100,2.93E+08,5.30E+06,3314700,3314700,0,421650
100,2.90E+08,5.30E+06,3314709,3314708,0,409950
100,2.94E+08,5.30E+06,3314709,3314711,0,423000
100,2.93E+08,5.30E+06,3314710,3314710,0,423000
100,2.97E+08,5.32E+06,3314716,3314717,0,432950
100,2.90E+08,5.31E+06,3314719,3314719,0,413050
100,2.98E+08,5.35E+06,3314720,3314719,0,433150
100,2.90E+08,5.31E+06,3314722,3314723,0,413050
100,2.97E+08,5.30E+06,3314736,3314736,0,429900
100,2.90E+08,5.31E+06,3314740,3314736,0,409950
100,2.93E+08,5.30E+06,3314745,3314745,0,423000
100,2.89E+08,5.47E+06,3314748,3314748,0,409300
100,2.93E+08,5.38E+06,3314748,3314742,0,423000
100,2.93E+08,5.40E+06,3314752,3314745,0,422900
100,2.90E+08,5.33E+06,3314757,3314753,0,409800
100,2.90E+08,5.31E+06,3314769,3314769,0,409950
100,2.91E+08,5.30E+06,3314771,3314772,0,413200
100,2.89E+08,5.37E+06,3314781,3314780,0,409400
100,2.89E+08,5.30E+06,3314787,3314788,0,409000
100,2.91E+08,5.30E+06,3314800,3314799,0,413200
100,2.91E+08,5.31E+06,3314805,3314808,0,413150
100,2.89E+08,5.32E+06,3314817,3314817,0,409150
100,2.93E+08,5.30E+06,3314829,3314830,0,422350
100,2.85E+08,5.39E+06,3314835,3314835,0,398150
100,2.90E+08,5.33E+06,3314840,3314840,0,410750
100,2.93E+08,5.32E+06,3314842,3314844,0,422100
100,2.93E+08,5.30E+06,3314847,3314847,0,422950
100,2.93E+08,5.33E+06,3314859,3314856,0,423000
100,2.89E+08,5.37E+06,3314862,3314855,0,409000
100,2.97E+08,5.31E+06,3314863,3314865,0,432950
100,2.91E+08,5.30E+06,3314868,3314867,0,413200
100,2.90E+08,5.32E+06,3314878,3314877,0,409950
100,2.93E+08,5.31E+06,3314878,3314878,0,423000
100,2.89E+08,5.35E+06,3314896,3314897,0,409000
100,2.90E+08,5.31E+06,3314899,3314898,0,409950
100,2.89E+08,5.38E+06,3314903,3314901,0,409000
100,2.90E+08,5.30E+06,3314909,3314908,0,409800
100,2.98E+08,5.31E+06,3314913,3314915,0,433150
100,2.97E+08,5.34E+06,3314923,3314926,0,429900
100,2.98E+08,5.59E+06,3314926,3314927,0,433150
100,2.91E+08,5.33E+06,3314927,3314927,0,413200
100,2.90E+08,5.32E+06,3314931,3314931,0,413150
100,2.93E+08,5.45E+06,3314937,3314939,0,422950
100,2.97E+08,5.33E+06,3314938,3314941,0,432950
100,2.93E+08,5.35E+06,3314965,3314966,0,421600
100,2.93E+08,5.30E+06,3314969,3314967,0,423000
100,2.91E+08,5.30E+06,3314980,3314981,0,413200
100,2.91E+08,5.30E+06,3314986,3314986,0,413250
100,2.93E+08,5.31E+06,3314986,3314988,0,423000
100,2.98E+08,5.30E+06,3314986,3314985,0,433150
100,2.93E+08,5.30E+06,3314987,3314987,0,422950
100,2.94E+08,5.30E+06,3315003,3315003,0,423000
100,2.98E+08,5.34E+06,3315013,3315016,0,433150
100,2.93E+08,5.30E+06,3315017,3315016,0,422100
100,2.94E+08,5.30E+06,3315017,3315019,0,423000
100,2.91E+08,5.30E+06,3315018,3315025,0,413250
100,2.90E+08,5.30E+06,3315020,3315021,0,409950
100,2.98E+08,5.34E+06,3315024,3315025,0,433150
100,2.90E+08,5.33E+06,3315027,3315027,0,410800
100,2.91E+08,5.30E+06,3315029,3315030,0,413200
100,2.90E+08,5.31E+06,3315043,3315042,0,413150
100,2.90E+08,5.30E+06,3315044,3315044,0,409950
100,2.89E+08,5.35E+06,3315059,3315059,0,409000
100,2.93E+08,5.40E+06,3315060,3315060,0,423000
100,2.89E+08,5.42E+06,3315061,3315061,0,409000
100,2.91E+08,5.32E+06,3315070,3315070,0,413250
100,2.90E+08,5.32E+06,3315074,3315074,0,409950
100,2.94E+08,5.30E+06,3315080,3315080,0,424050
100,2.97E+08,5.30E+06,3315081,3315080,0,429900
100,2.93E+08,5.30E+06,3315088,3315088,0,423000
100,2.90E+08,5.32E+06,3315101,3315097,0,410800
100,2.89E+08,5.35E+06,3315105,3315106,0,409150
100,2.98E+08,5.38E+06,3315107,3315104,0,433150
100,2.97E+08,5.37E+06,3315121,3315119,0,429500
100,2.91E+08,5.30E+06,3315131,3315131,0,413250
100,2.95E+08,5.30E+06,3315134,3315133,0,424550
100,2.93E+08,5.30E+06,3315147,3315147,0,422100
100,2.97E+08,5.31E+06,3315174,3315170,0,429900
100,2.93E+08,5.40E+06,3315186,3315183,0,422350
100,2.90E+08,5.30E+06,3315188,3315187,0,413150
100,2.93E+08,5.30E+06,3315199,3315200,0,421600
100,2.98E+08,5.30E+06,3315200,3315201,0,433150
100,2.90E+08,5.30E+06,3315201,3315201,0,409950
100,2.97E+08,5.31E+06,3315210,3315210,0,429900
100,2.93E+08,5.37E+06,3315217,3315218,0,422900
100,2.90E+08,5.31E+06,3315230,3315230,0,413150
100,2.97E+08,5.30E+06,3315233,3315233,0,429900
100,2.93E+08,5.57E+06,3315242,3315241,0,422900
100,2.94E+08,5.35E+06,3315247,3315247,0,424050
100,2.94E+08,5.30E+06,3315249,3315248,0,423000
100,2.94E+08,5.37E+06,3315249,3315249,0,423000
100,2.93E+08,5.47E+06,3315257,3315259,0,422100
100,2.90E+08,5.30E+06,3315263,3315263,0,413050
100,2.93E+08,5.39E+06,3315263,3315264,0,422350
100,2.90E+08,5.30E+06,3315265,3315265,0,413150
100,2.90E+08,5.30E+06,3315267,3315268,0,413150
100,2.93E+08,5.35E+06,3315271,3315268,0,422900
100,2.93E+08,5.30E+06,3315285,3315283,0,422950
100,2.98E+08,5.38E+06,3315290,3315289,0,433150
100,2.90E+08,5.41E+06,3315292,3315291,0,413150
100,2.97E+08,5.30E+06,3315295,3315294,0,429900
100,2.94E+08,5.30E+06,3315302,3315298,0,423000
100,2.93E+08,5.30E+06,3315303,3315303,0,422900
100,2.93E+08,5.30E+06,3315304,3315304,0,423000
100,2.93E+08,5.72E+06,3315307,3315303,0,423000
100,2.89E+08,5.30E+06,3315310,3315309,0,409000
100,2.90E+08,5.32E+06,3315319,3315318,0,413150
100,2.94E+08,5.32E+06,3315322,3315324,0,424050
100,2.93E+08,5.39E+06,3315330,3315331,0,422100
100,2.93E+08,5.38E+06,3315330,3315329,0,423000
100,2.90E+08,5.30E+06,3315340,3315338,0,409800
100,2.97E+08,5.34E+06,3315344,3315346,0,429500
100,2.93E+08,5.33E+06,3315345,3315345,0,423000
100,2.90E+08,5.30E+06,3315351,3315351,0,409800
100,2.90E+08,5.30E+06,3315351,3315351,0,413050
100,2.91E+08,5.32E+06,3315353,3315353,0,414200
100,2.93E+08,5.32E+06,3315359,3315359,0,423000
100,2.90E+08,5.31E+06,3315363,3315363,0,409950
100,2.95E+08,5.37E+06,3315364,3315364,0,425800
100,2.90E+08,5.34E+06,3315371,3315370,0,409950
100,2.90E+08,5.30E+06,3315373,3315372,0,413150
100,2.94E+08,5.33E+06,3315377,3315376,0,423000
100,2.89E+08,5.30E+06,3315379,3315379,0,409400
100,2.93E+08,5.30E+06,3315380,3315380,0,422950
100,2.90E+08,5.30E+06,3315394,3315394,0,409750
100,2.97E+08,5.30E+06,3315394,3315393,0,432950
100,2.90E+08,5.33E+06,3315398,3315398,0,409950
100,2.90E+08,5.32E+06,3315410,3315411,0,409950
100,2.93E+08,5.30E+06,3315420,3315421,0,422950
100,2.91E+08,5.35E+06,3315424,3315419,0,413250
100,2.93E+08,5.30E+06,3315430,3315431,0,423000
100,2.93E+08,5.32E+06,3315461,3315464,0,422600
100,2.97E+08,5.30E+06,3315467,3315467,0,432950
100,2.90E+08,5.30E+06,3315474,3315472,0,410800
100,2.91E+08,5.37E+06,3315493,3315493,0,413150
100,2.93E+08,5.34E+06,3315493,3315494,0,422600
100,2.93E+08,5.30E+06,3315493,3315494,0,422950
100,2.94E+08,5.32E+06,3315496,3315497,0,424050
100,2.90E+08,5.30E+06,3315497,3315497,0,413150
100,2.91E+08,5.30E+06,3315502,3315502,0,413950
100,2.90E+08,5.32E+06,3315507,3315504,0,413150
100,2.90E+08,5.30E+06,3315525,3315525,0,409950
100,2.97E+08,5.30E+06,3315536,3315537,0,432950
100,2.90E+08,5.30E+06,3315554,3315557,0,409950
100,2.93E+08,5.33E+06,3315559,3315560,0,422900
100,2.91E+08,5.30E+06,3315560,3315561,0,413200
100,2.90E+08,5.30E+06,3315566,3315567,0,409950
100,2.93E+08,5.30E+06,3315577,3315574,0,421600
100,2.97E+08,5.33E+06,3315582,3315583,0,432950
100,2.97E+08,5.35E+06,3315588,3315588,0,429900
100,2.87E+08,5.54E+06,3315589,3315589,0,401250
100,2.93E+08,5.30E+06,3315589,3315585,0,423000
100,2.90E+08,5.32E+06,3315592,3315590,0,413150
100,2.91E+08,5.32E+06,3315602,3315604,0,413250
100,2.97E+08,5.40E+06,3315605,3315604,0,432950
100,2.90E+08,5.34E+06,3315607,3315606,0,413050
100,2.90E+08,5.30E+06,3315619,3315621,0,413150
100,2.97E+08,5.33E+06,3315621,3315621,0,429900
100,2.93E+08,5.40E+06,3315635,3315632,0,422900
100,2.93E+08,5.32E+06,3315637,3315634,0,422100
100,2.93E+08,5.34E+06,3315650,3315648,0,422950
100,2.97E+08,5.30E+06,3315650,3315650,0,429900
100,2.89E+08,5.33E+06,3315658,3315657,0,409000
100,2.93E+08,5.30E+06,3315659,3315660,0,422350
100,2.91E+08,5.30E+06,3315660,3315658,0,413200
100,2.95E+08,5.49E+06,3315673,3315672,0,424550
100,2.97E+08,5.30E+06,3315677,3315677,0,432950
100,2.93E+08,5.31E+06,3315678,3315678,0,422950
100,2.90E+08,5.30E+06,3315682,3315682,0,409950
100,2.90E+08,5.35E+06,3315687,3315687,0,413050
100,2.90E+08,5.30E+06,3315688,3315686,0,409800
100,2.90E+08,5.30E+06,3315716,3315716,0,409800
100,2.93E+08,5.32E+06,3315722,3315717,0,422900
100,2.98E+08,5.38E+06,3315726,3315717,0,433150
100,2.90E+08,5.32E+06,3315731,3315734,0,409950
100,2.95E+08,5.31E+06,3315733,3315734,0,424550
100,2.90E+08,5.31E+06,3315734,3315733,0,409750
100,2.90E+08,5.30E+06,3315738,3315742,0,409800
100,2.94E+08,5.30E+06,3315739,3315738,0,423000
100,2.90E+08,5.30E+06,3315741,3315741,0,413050
100,2.93E+08,5.30E+06,3315743,3315743,0,422600
100,2.90E+08,5.31E+06,3315745,3315745,0,410800
100,2.94E+08,5.30E+06,3315751,3315752,0,423000
100,2.90E+08,5.38E+06,3315757,3315757,0,410800
100,2.93E+08,5.30E+06,3315761,3315756,0,421600
100,2.89E+08,5.69E+06,3315767,3315768,0,409400
100,2.90E+08,5.31E+06,3315769,3315768,0,410800
100,2.91E+08,5.30E+06,3315772,3315772,0,413250
100,2.93E+08,5.34E+06,3315775,3315781,0,422900
100,2.91E+08,5.31E+06,3315776,3315776,0,414200
100,2.90E+08,5.30E+06,3315796,3315796,0,413150
100,2.90E+08,5.84E+06,3315802,3315800,0,409800
100,2.93E+08,5.31E+06,3315802,3315799,0,423000
100,2.89E+08,5.80E+06,3315805,3315806,0,409000
100,2.90E+08,5.30E+06,3315810,3315809,0,413150
100,2.90E+08,5.31E+06,3315815,3315816,0,409950
100,2.97E+08,5.30E+06,3315823,3315824,0,432950
100,2.95E+08,5.66E+06,3315826,3315827,0,425800
100,2.90E+08,5.30E+06,3315833,3315833,0,409800
100,2.85E+08,5.58E+06,3315839,3315840,0,397200
100,2.97E+08,5.31E+06,3315844,3315843,0,429900
100,2.93E+08,5.30E+06,3315872,3315872,0,422900
100,2.89E+08,5.32E+06,3315896,3315897,0,409000
100,2.90E+08,5.31E+06,3315900,3315900,0,410800
100,2.93E+08,5.30E+06,3315902,3315902,0,422900
100,2.90E+08,5.32E+06,3315905,3315905,0,409950
100,2.89E+08,5.36E+06,3315907,3315907,0,409400
100,2.93E+08,5.30E+06,3315911,3315909,0,422100
100,2.97E+08,5.30E+06,3315912,3315911,0,432950
100,2.89E+08,5.30E+06,3315913,3315913,0,409000
100,2.90E+08,5.30E+06,3315914,3315914,0,413050
100,2.90E+08,5.31E+06,3315920,3315920,0,409950
100,2.93E+08,5.32E+06,3315926,3315927,0,423000
100,2.93E+08,5.34E+06,3315931,3315928,0,422350
100,2.90E+08,5.30E+06,3315932,3315931,0,409800
100,2.90E+08,5.30E+06,3315934,3315936,0,409950
100,2.90E+08,5.32E+06,3315939,3315938,0,409750
100,2.98E+08,5.30E+06,3315947,3315944,0,433150
100,2.91E+08,5.34E+06,3315950,3315950,0,413250
100,2.97E+08,5.30E+06,3315958,3315959,0,429900
100,2.97E+08,5.34E+06,3315958,3315958,0,432950
100,2.94E+08,5.30E+06,3315959,3315959,0,423000
100,2.90E+08,5.31E+06,3315975,3315975,0,410800
100,2.90E+08,5.37E+06,3315976,3315976,0,409950
100,2.93E+08,5.30E+06,3315982,3315977,0,422900
100,2.98E+08,5.30E+06,3315988,3315988,0,433150
100,2.94E+08,5.32E+06,3315990,3315989,0,423000
100,2.90E+08,5.30E+06,3316001,3316002,0,409950
100,2.93E+08,5.37E+06,3316002,3316002,0,423000
100,2.89E+08,5.31E+06,3316003,3316002,0,409200
100,2.90E+08,5.34E+06,3316006,3316006,0,409950
100,2.90E+08,5.31E+06,3316010,3316012,0,410800
100,2.90E+08,5.30E+06,3316021,3316021,0,410800
100,2.97E+08,5.32E+06,3316033,3316033,0,429900
100,2.89E+08,5.41E+06,3316034,3316034,0,409000
100,2.90E+08,5.33E+06,3316036,3316036,0,410750
100,2.89E+08,5.30E+06,3316038,3316037,0,409400
100,2.97E+08,5.30E+06,3316042,3316044,0,432950
100,2.97E+08,5.72E+06,3316050,3316052,0,429900
100,2.90E+08,5.30E+06,3316052,3316053,0,409800
100,2.97E+08,5.34E+06,3316060,3316060,0,432950
100,2.93E+08,5.35E+06,3316075,3316076,0,422900
100,2.93E+08,5.30E+06,3316094,3316094,0,422950
100,2.93E+08,5.30E+06,3316096,3316096,0,422900
100,2.90E+08,5.40E+06,3316101,3316100,0,409950
100,2.93E+08,5.30E+06,3316112,3316113,0,422100
100,2.97E+08,5.31E+06,3316116,3316114,0,429900
100,2.97E+08,5.37E+06,3316116,3316116,0,432950
100,2.94E+08,5.30E+06,3316120,3316118,0,423000
100,2.93E+08,5.30E+06,3316127,3316125,0,422600
100,2.89E+08,5.58E+06,3316148,3316149,0,409000
100,2.93E+08,5.31E+06,3316150,3316150,0,422900
100,2.97E+08,5.30E+06,3316152,3316153,0,432950
100,2.93E+08,5.31E+06,3316166,3316166,0,422950
100,2.98E+08,5.30E+06,3316166,3316166,0,432950
100,2.90E+08,5.34E+06,3316172,3316172,0,413150
100,2.91E+08,5.30E+06,3316173,3316174,0,413200
100,2.90E+08,5.38E+06,3316177,3316176,0,413150
100,2.98E+08,5.33E+06,3316182,3316185,0,433150
100,2.91E+08,5.30E+06,3316189,3316193,0,413150
100,2.97E+08,5.30E+06,3316198,3316201,0,432950
100,2.94E+08,5.31E+06,3316207,3316209,0,423000
100,2.98E+08,5.32E+06,3316215,3316215,0,432950
100,2.93E+08,5.34E+06,3316225,3316225,0,423000
100,2.89E+08,5.41E+06,3316239,3316235,0,409400
100,2.90E+08,5.30E+06,3316247,3316247,0,413050
100,2.93E+08,5.30E+06,3316247,3316248,0,422950
100,2.93E+08,5.31E+06,3316270,3316271,0,422600
100,2.94E+08,5.45E+06,3316271,3316274,0,423400
100,2.89E+08,5.53E+06,3316274,3316274,0,409400
100,2.90E+08,5.30E+06,3316276,3316275,0,413050
100,2.97E+08,5.31E+06,3316286,3316286,0,429900
100,2.91E+08,5.35E+06,3316291,3316292,0,413200
100,2.97E+08,5.35E+06,3316295,3316295,0,429900
100,2.93E+08,5.33E+06,3316296,3316297,0,423000
100,2.90E+08,5.30E+06,3316297,3316297,0,409950
100,2.90E+08,5.30E+06,3316325,3316327,0,409950
100,2.97E+08,5.30E+06,3316329,3316325,0,432950
100,2.97E+08,5.31E+06,3316336,3316334,0,429900
100,2.97E+08,5.86E+06,3316339,3316339,0,432950
100,2.97E+08,5.30E+06,3316341,3316341,0,432950
100,2.90E+08,5.35E+06,3316342,3316340,0,413050
100,2.89E+08,5.32E+06,3316354,3316354,0,409000
100,2.98E+08,5.30E+06,3316366,3316368,0,433150
100,2.90E+08,5.32E+06,3316368,3316369,0,410800
100,2.93E+08,5.31E+06,3316370,3316369,0,423000
100,2.93E+08,5.34E+06,3316370,3316359,0,423000
100,2.98E+08,5.33E+06,3316383,3316384,0,433150
100,2.91E+08,5.30E+06,3316386,3316387,0,413200
100,2.94E+08,5.30E+06,3316397,3316393,0,423000
100,2.90E+08,5.83E+06,3316399,3316399,0,409750
100,2.90E+08,5.30E+06,3316400,3316399,0,409800
100,2.93E+08,5.33E+06,3316404,3316402,0,422950
100,2.90E+08,5.34E+06,3316419,3316417,0,413050
100,2.89E+08,5.37E+06,3316422,3316420,0,409400
100,2.97E+08,5.30E+06,3316422,3316420,0,432950
100,2.89E+08,5.30E+06,3316423,3316424,0,409000
100,2.94E+08,5.36E+06,3316427,3316428,0,423000
100,2.93E+08,5.30E+06,3316429,3316431,0,422950
100,2.94E+08,5.30E+06,3316446,3316444,0,424050
100,2.98E+08,5.31E+06,3316478,3316478,0,432950
100,2.93E+08,5.31E+06,3316494,3316494,0,422900
100,2.90E+08,5.30E+06,3316499,3316500,0,409950
100,2.89E+08,5.41E+06,3316510,3316510,0,409000
100,2.94E+08,5.31E+06,3316511,3316498,0,423000
100,2.98E+08,5.31E+06,3316514,3316514,0,433150
100,2.93E+08,5.30E+06,3316516,3316513,0,423000
100,2.93E+08,5.32E+06,3316521,3316522,0,422600
100,2.90E+08,5.30E+06,3316524,3316522,0,413150
100,2.90E+08,5.34E+06,3316533,3316533,0,413150
100,2.93E+08,5.38E+06,3316536,3316538,0,422900
100,2.93E+08,5.30E+06,3316539,3316539,0,422950
100,2.98E+08,5.30E+06,3316546,3316546,0,433150
100,2.97E+08,5.30E+06,3316555,3316554,0,429900
100,2.93E+08,5.30E+06,3316573,3316575,0,423000
100,2.97E+08,5.36E+06,3316584,3316587,0,429900
100,2.98E+08,5.34E+06,3316586,3316588,0,433150
100,2.91E+08,5.32E+06,3316587,3316585,0,413250
100,2.94E+08,5.36E+06,3316588,3316588,0,424050
100,2.91E+08,5.31E+06,3316591,3316588,0,413250
100,2.90E+08,5.35E+06,3316596,3316596,0,413150
100,2.91E+08,5.30E+06,3316596,3316598,0,414200
100,2.91E+08,5.30E+06,3316603,3316599,0,413950
100,2.91E+08,5.35E+06,3316612,3316612,0,413250
100,2.94E+08,5.30E+06,3316612,3316611,0,423000
100,2.95E+08,5.36E+06,3316627,3316623,0,425800
100,2.93E+08,5.37E+06,3316629,3316629,0,421600
100,2.89E+08,5.35E+06,3316630,3316629,0,409000
100,2.90E+08,5.30E+06,3316637,3316637,0,413150
100,2.93E+08,5.31E+06,3316640,3316640,0,422900
100,2.90E+08,5.35E+06,3316652,3316652,0,410800
100,2.90E+08,5.34E+06,3316658,3316659,0,409950
100,2.90E+08,5.32E+06,3316667,3316668,0,409950
100,2.90E+08,5.30E+06,3316669,3316669,0,409950
100,2.90E+08,5.33E+06,3316674,3316674,0,409800
100,2.93E+08,5.31E+06,3316680,3316680,0,422950
100,2.95E+08,5.41E+06,3316693,3316693,0,424550
100,2.90E+08,5.31E+06,3316707,3316708,0,413150
100,2.93E+08,5.30E+06,3316710,3316706,0,422100
100,2.90E+08,5.30E+06,3316719,3316719,0,409950
100,2.97E+08,5.30E+06,3316724,3316723,0,432950
100,2.98E+08,5.30E+06,3316735,3316731,0,433150
100,2.89E+08,5.30E+06,3316741,3316743,0,409000
100,2.97E+08,5.31E+06,3316748,3316747,0,432950
100,2.90E+08,5.30E+06,3316753,3316752,0,409800
100,2.93E+08,5.39E+06,3316757,3316757,0,422350
100,2.97E+08,5.32E+06,3316783,3316783,0,432950
100,2.90E+08,5.31E+06,3316795,3316793,0,409950
100,2.93E+08,5.52E+06,3316796,3316796,0,422900
100,2.91E+08,5.31E+06,3316798,3316798,0,413200
100,2.90E+08,5.33E+06,3316802,3316803,0,413050
100,2.90E+08,5.32E+06,3316806,3316805,0,409800
100,2.93E+08,5.32E+06,3316812,3316812,0,422600
100,2.93E+08,5.33E+06,3316814,3316814,0,422900
100,2.93E+08,5.31E+06,3316822,3316822,0,422100
100,2.90E+08,5.35E+06,3316841,3316844,0,409950
100,2.90E+08,5.30E+06,3316843,3316842,0,409800
100,2.97E+08,5.35E+06,3316860,3316860,0,432950
100,2.89E+08,5.30E+06,3316866,3316867,0,409400
100,2.93E+08,5.30E+06,3316873,3316872,0,422600
100,2.90E+08,5.36E+06,3316876,3316875,0,409750
100,2.93E+08,5.35E+06,3316878,3316879,0,422900
100,2.94E+08,5.30E+06,3316881,3316881,0,424050
100,2.89E+08,5.31E+06,3316907,3316909,0,409400
100,2.90E+08,5.32E+06,3316921,3316920,0,409800
100,2.89E+08,5.36E+06,3316933,3316934,0,409000
100,2.93E+08,5.30E+06,3316934,3316935,0,422900
100,2.93E+08,5.33E+06,3316964,3316964,0,421600
100,2.89E+08,5.50E+06,3316965,3316963,0,409000
100,2.98E+08,5.32E+06,3316998,3316998,0,433150
100,2.89E+08,5.40E+06,3317005,3317005,0,409000
100,2.93E+08,5.33E+06,3317006,3317007,0,422900
100,2.91E+08,5.31E+06,3317011,3317011,0,413200
100,2.90E+08,5.38E+06,3317018,3317018,0,413150
100,2.90E+08,5.32E+06,3317025,3317025,0,409950
100,2.97E+08,5.32E+06,3317030,3317030,0,429500
100,2.98E+08,5.33E+06,3317031,3317033,0,433150
100,2.90E+08,5.32E+06,3317041,3317041,0,413150
100,2.93E+08,5.34E+06,3317044,3317042,0,422900
100,2.90E+08,5.31E+06,3317061,3317061,0,413050
100,2.90E+08,5.33E+06,3317062,3317062,0,409800
100,2.93E+08,5.30E+06,3317068,3317068,0,423000
100,2.90E+08,5.30E+06,3317086,3317086,0,413150
100,2.91E+08,5.30E+06,3317103,3317103,0,413250
100,2.89E+08,5.30E+06,3317109,3317108,0,409000
100,2.90E+08,5.30E+06,3317110,3317110,0,409950
100,2.93E+08,5.33E+06,3317119,3317119,0,422950
100,2.93E+08,5.30E+06,3317120,3317121,0,422950
100,2.90E+08,5.30E+06,3317124,3317124,0,409950
100,2.91E+08,5.32E+06,3317131,3317131,0,413150
100,2.94E+08,5.30E+06,3317133,3317133,0,424050
100,2.98E+08,5.33E+06,3317135,3317136,0,433150
100,2.93E+08,5.34E+06,3317143,3317142,0,422900
100,2.95E+08,5.36E+06,3317143,3317139,0,425800
100,2.89E+08,5.30E+06,3317153,3317156,0,409400
100,2.93E+08,5.40E+06,3317158,3317158,0,422950
100,2.93E+08,5.32E+06,3317180,3317180,0,422950
100,2.89E+08,5.51E+06,3317186,3317184,0,406800
100,2.97E+08,5.32E+06,3317189,3317184,0,432950
100,2.90E+08,5.31E+06,3317196,3317196,0,413050
100,2.97E+08,5.32E+06,3317200,3317201,0,432950
100,2.93E+08,5.32E+06,3317216,3317215,0,422350
100,2.93E+08,5.34E+06,3317218,3317217,0,422600
100,2.93E+08,5.31E+06,3317220,3317220,0,422350
100,2.93E+08,5.30E+06,3317224,3317226,0,422900
100,2.94E+08,5.33E+06,3317230,3317227,0,423000
100,2.90E+08,5.33E+06,3317233,3317234,0,409950
100,2.93E+08,5.30E+06,3317234,3317234,0,422350
100,2.90E+08,5.30E+06,3317235,3317233,0,409750
100,2.91E+08,5.37E+06,3317238,3317241,0,413250
100,2.90E+08,5.34E+06,3317242,3317242,0,413150
100,2.90E+08,5.31E+06,3317243,3317243,0,409800
100,2.90E+08,5.30E+06,3317247,3317247,0,409800
100,2.90E+08,5.31E+06,3317259,3317253,0,409950
100,2.98E+08,5.34E+06,3317259,3317260,0,433150
100,2.97E+08,5.38E+06,3317268,3317268,0,429500
100,2.90E+08,5.43E+06,3317272,3317271,0,413150
100,2.93E+08,5.32E+06,3317274,3317273,0,422950
100,2.94E+08,5.30E+06,3317280,3317280,0,424050
100,2.91E+08,5.32E+06,3317284,3317284,0,413250
100,2.93E+08,5.30E+06,3317286,3317285,0,422950
100,2.90E+08,5.30E+06,3317293,3317294,0,410800
100,2.89E+08,5.48E+06,3317295,3317295,0,409000
100,2.91E+08,5.57E+06,3317295,3317293,0,414200
100,2.90E+08,5.32E+06,3317301,3317297,0,409800
100,2.98E+08,5.31E+06,3317304,3317304,0,433150
100,2.90E+08,5.39E+06,3317307,3317307,0,413050
100,2.90E+08,5.32E+06,3317310,3317310,0,413150
100,2.93E+08,5.30E+06,3317319,3317316,0,422950
100,2.93E+08,5.32E+06,3317327,3317326,0,423000
100,2.93E+08,5.30E+06,3317331,3317330,0,422900
100,2.98E+08,5.31E+06,3317341,3317340,0,433150
100,2.90E+08,5.34E+06,3317344,3317347,0,409800
100,2.93E+08,5.31E+06,3317355,3317356,0,423000
100,2.91E+08,5.39E+06,3317358,3317356,0,413200
100,2.89E+08,5.34E+06,3317369,3317365,0,409000
100,2.90E+08,5.30E+06,3317370,3317372,0,413150
100,2.93E+08,5.30E+06,3317390,3317388,0,423000
100,2.93E+08,5.34E+06,3317408,3317409,0,423000
100,2.98E+08,5.31E+06,3317413,3317411,0,433150
100,2.93E+08,5.34E+06,3317415,3317416,0,423000
100,2.90E+08,5.30E+06,3317418,3317418,0,409800
100,2.93E+08,5.30E+06,3317432,3317427,0,422900
100,2.91E+08,5.30E+06,3317436,3317436,0,413200
100,2.91E+08,5.30E+06,3317440,3317440,0,413250
100,2.93E+08,5.32E+06,3317453,3317453,0,423000
100,2.90E+08,5.64E+06,3317455,3317457,0,409950
100,2.97E+08,5.36E+06,3317456,3317452,0,432950
100,2.90E+08,5.31E+06,3317457,3317457,0,410800
100,2.97E+08,5.30E+06,3317460,3317460,0,429900
100,2.91E+08,5.37E+06,3317461,3317461,0,413150
100,2.90E+08,5.30E+06,3317463,3317462,0,413150
100,2.98E+08,5.36E+06,3317480,3317481,0,433150
100,2.90E+08,5.30E+06,3317481,3317481,0,413150
100,2.93E+08,5.35E+06,3317481,3317482,0,422950
100,2.90E+08,5.30E+06,3317487,3317487,0,409800
100,2.90E+08,5.32E+06,3317491,3317487,0,409750
100,2.97E+08,5.32E+06,3317503,3317500,0,432950
100,2.93E+08,5.30E+06,3317516,3317518,0,423000
100,2.98E+08,5.37E+06,3317531,3317531,0,433150
100,2.97E+08,5.35E+06,3317532,3317532,0,429900
100,2.93E+08,5.36E+06,3317534,3317534,0,422950
100,2.93E+08,5.30E+06,3317535,3317534,0,422600
100,2.97E+08,5.30E+06,3317539,3317539,0,432950
100,2.85E+08,5.83E+06,3317566,3317568,0,397200
100,2.90E+08,5.30E+06,3317567,3317565,0,413050
100,2.93E+08,5.32E+06,3317575,3317574,0,422950
100,2.93E+08,5.32E+06,3317594,3317593,0,423000
100,2.91E+08,5.30E+06,3317597,3317596,0,413200
100,2.93E+08,5.30E+06,3317605,3317604,0,421600
100,2.93E+08,5.32E+06,3317609,3317606,0,422900
100,2.90E+08,5.31E+06,3317610,3317610,0,413150
100,2.94E+08,5.30E+06,3317612,3317612,0,423000
100,2.93E+08,5.30E+06,3317616,3317617,0,422950
100,2.94E+08,5.32E+06,3317618,3317618,0,423000
100,2.97E+08,5.33E+06,3317621,3317622,0,429900
100,2.98E+08,5.33E+06,3317625,3317624,0,433150
100,2.90E+08,5.30E+06,3317629,3317627,0,413150
100,2.90E+08,5.31E+06,3317632,3317633,0,413050
100,2.98E+08,5.31E+06,3317635,3317635,0,433150
100,2.93E+08,5.32E+06,3317640,3317640,0,422900
100,2.98E+08,5.32E+06,3317641,3317641,0,433150
100,2.93E+08,5.34E+06,3317654,3317653,0,423000
100,2.93E+08,5.33E+06,3317662,3317662,0,421600
100,2.93E+08,5.35E+06,3317665,3317665,0,422950
100,2.90E+08,5.35E+06,3317666,3317665,0,413150
100,2.93E+08,5.30E+06,3317672,3317673,0,422900
100,2.93E+08,5.33E+06,3317672,3317672,0,423000
100,2.93E+08,5.30E+06,3317679,3317679,0,422900
100,2.91E+08,5.30E+06,3317687,3317691,0,413250
100,2.90E+08,5.31E+06,3317689,3317689,0,409950
100,2.97E+08,5.56E+06,3317694,3317696,0,432950
100,2.91E+08,5.32E+06,3317697,3317697,0,413250
100,2.93E+08,5.31E+06,3317743,3317743,0,421600
100,2.93E+08,5.30E+06,3317752,3317752,0,422350
100,2.91E+08,5.34E+06,3317776,3317776,0,413950
100,2.90E+08,5.34E+06,3317782,3317782,0,410800
100,2.90E+08,5.31E+06,3317798,3317798,0,413050
100,2.90E+08,5.38E+06,3317814,3317814,0,409950
100,2.89E+08,5.32E+06,3317817,3317818,0,409000
100,2.91E+08,5.30E+06,3317825,3317825,0,413200
100,2.90E+08,5.30E+06,3317838,3317838,0,409950
100,2.98E+08,5.37E+06,3317845,3317845,0,433150
100,2.93E+08,5.33E+06,3317854,3317855,0,422600
100,2.93E+08,5.33E+06,3317867,3317867,0,422900
100,2.91E+08,5.30E+06,3317895,3317896,0,413250
100,2.90E+08,5.30E+06,3317905,3317904,0,409950
100,2.93E+08,5.30E+06,3317921,3317921,0,422900
100,2.93E+08,5.39E+06,3317921,3317920,0,422900
100,2.90E+08,5.30E+06,3317924,3317925,0,409950
100,2.90E+08,5.31E+06,3317928,3317928,0,409800
100,2.93E+08,5.30E+06,3317931,3317923,0,422600
100,2.90E+08,5.30E+06,3317937,3317931,0,409950
100,2.93E+08,5.31E+06,3317942,3317939,0,421650
100,2.89E+08,5.30E+06,3317943,3317940,0,409000
100,2.90E+08,5.30E+06,3317948,3317952,0,413150
100,2.97E+08,5.30E+06,3317968,3317969,0,432950
100,2.90E+08,5.30E+06,3317972,3317975,0,409950
100,2.98E+08,5.32E+06,3317997,3317995,0,432950
100,2.97E+08,5.38E+06,3318000,3317999,0,432950
100,2.90E+08,5.34E+06,3318003,3318002,0,409750
100,2.93E+08,5.33E+06,3318004,3318004,0,422900
100,2.95E+08,5.30E+06,3318009,3318009,0,425800
100,2.93E+08,5.30E+06,3318010,3318007,0,421600
100,2.98E+08,5.34E+06,3318011,3318013,0,433150
100,2.93E+08,5.30E+06,3318020,3318020,0,422900
100,2.98E+08,5.34E+06,3318020,3318020,0,432950
100,2.94E+08,5.32E+06,3318022,3318022,0,424050
100,2.90E+08,5.32E+06,3318027,3318028,0,410800
100,2.89E+08,5.35E+06,3318033,3318033,0,409400
100,2.90E+08,5.30E+06,3318033,3318030,0,409800
100,2.90E+08,5.30E+06,3318046,3318046,0,410800
100,2.90E+08,5.30E+06,3318060,3318060,0,409950
100,2.98E+08,5.32E+06,3318061,3318062,0,432950
100,2.90E+08,5.31E+06,3318079,3318079,0,409950
100,2.93E+08,5.30E+06,3318084,3318084,0,421600
100,2.90E+08,5.31E+06,3318085,3318082,0,409950
100,2.91E+08,5.33E+06,3318086,3318087,0,413250
100,2.94E+08,5.30E+06,3318088,3318086,0,423000
100,2.97E+08,5.40E+06,3318088,3318088,0,429900
100,2.94E+08,5.44E+06,3318089,3318089,0,424050
100,2.97E+08,5.37E+06,3318100,3318099,0,429900
100,2.91E+08,5.30E+06,3318102,3318104,0,414200
100,2.97E+08,5.31E+06,3318104,3318102,0,429900
100,2.98E+08,5.30E+06,3318106,3318106,0,433150
100,2.90E+08,5.32E+06,3318107,3318107,0,410800
100,2.91E+08,5.30E+06,3318107,3318108,0,413200
100,2.93E+08,5.34E+06,3318119,3318119,0,423000
100,2.97E+08,5.84E+06,3318139,3318139,0,432950
100,2.93E+08,5.34E+06,3318146,3318147,0,422350
100,2.98E+08,5.30E+06,3318148,3318139,0,433150
100,2.90E+08,5.38E+06,3318156,3318156,0,410800
100,2.97E+08,5.31E+06,3318163,3318163,0,432950
100,2.93E+08,5.30E+06,3318173,3318171,0,422350
100,2.91E+08,5.32E+06,3318176,3318177,0,413200
100,2.90E+08,5.31E+06,3318182,3318183,0,409750
100,2.91E+08,5.39E+06,3318194,3318197,0,413150
100,2.93E+08,5.30E+06,3318199,3318200,0,423000
100,2.90E+08,5.34E+06,3318200,3318200,0,409950
100,2.91E+08,5.32E+06,3318203,3318203,0,413200
100,2.91E+08,5.30E+06,3318214,3318212,0,413200
100,2.93E+08,5.30E+06,3318217,3318217,0,422100
100,2.97E+08,5.30E+06,3318218,3318220,0,429900
100,2.95E+08,5.30E+06,3318230,3318231,0,425800
100,2.94E+08,5.34E+06,3318235,3318237,0,423000
100,2.94E+08,5.30E+06,3318238,3318237,0,423000
100,2.90E+08,5.30E+06,3318255,3318255,0,413150
100,2.97E+08,5.30E+06,3318256,3318259,0,429900
100,2.89E+08,5.50E+06,3318262,3318264,0,409000
100,2.94E+08,5.30E+06,3318264,3318264,0,424050
100,2.90E+08,5.30E+06,3318271,3318271,0,413150
100,2.93E+08,5.31E+06,3318273,3318273,0,422900
100,2.94E+08,5.30E+06,3318285,3318285,0,423000
100,2.90E+08,5.36E+06,3318295,3318293,0,413150
100,2.89E+08,5.31E+06,3318307,3318308,0,409400
100,2.91E+08,5.31E+06,3318309,3318307,0,413200
100,2.90E+08,5.31E+06,3318310,3318308,0,410800
100,2.93E+08,5.30E+06,3318315,3318314,0,421600
100,2.97E+08,5.30E+06,3318322,3318318,0,429900
100,2.94E+08,5.31E+06,3318325,3318326,0,424050
100,2.90E+08,5.36E+06,3318345,3318345,0,413150
100,2.98E+08,5.30E+06,3318350,3318350,0,433150
100,2.90E+08,5.43E+06,3318354,3318353,0,409750
100,2.89E+08,5.36E+06,3318358,3318358,0,409150
100,2.90E+08,5.30E+06,3318363,3318363,0,413150
100,2.93E+08,5.31E+06,3318373,3318374,0,423000
100,2.84E+08,5.77E+06,3318386,3318387,0,395650
100,2.90E+08,5.31E+06,3318386,3318386,0,409800
100,2.93E+08,5.30E+06,3318397,3318397,0,422900
100,2.89E+08,5.32E+06,3318398,3318398,0,409000
100,2.90E+08,5.32E+06,3318400,3318400,0,410800
100,2.90E+08,5.31E+06,3318408,3318408,0,413150
100,2.93E+08,5.30E+06,3318419,3318419,0,423000
100,2.97E+08,5.30E+06,3318421,3318421,0,432950
100,2.90E+08,5.31E+06,3318426,3318426,0,410800
100,2.90E+08,5.31E+06,3318431,3318430,0,413050
100,2.97E+08,5.34E+06,3318431,3318431,0,429900
100,2.90E+08,5.32E+06,3318439,3318437,0,413150
100,2.97E+08,5.32E+06,3318449,3318449,0,429900
100,2.93E+08,5.32E+06,3318450,3318450,0,423000
100,2.97E+08,5.31E+06,3318457,3318457,0,429900
100,2.93E+08,5.30E+06,3318464,3318465,0,423000
100,2.97E+08,5.30E+06,3318468,3318468,0,432950
100,2.90E+08,5.34E+06,3318492,3318492,0,409800
100,2.89E+08,5.30E+06,3318494,3318495,0,409400
100,2.90E+08,5.30E+06,3318502,3318500,0,410800
100,2.94E+08,5.31E+06,3318517,3318517,0,424050
100,2.93E+08,5.32E+06,3318520,3318520,0,422900
100,2.93E+08,5.30E+06,3318523,3318522,0,422950
100,2.91E+08,5.32E+06,3318527,3318528,0,413200
100,2.93E+08,5.33E+06,3318540,3318540,0,423000
100,2.90E+08,5.30E+06,3318546,3318547,0,413050
100,2.97E+08,5.48E+06,3318550,3318550,0,432950
100,2.93E+08,5.31E+06,3318554,3318552,0,422100
100,2.91E+08,5.35E+06,3318556,3318550,0,413250
100,2.97E+08,5.30E+06,3318561,3318559,0,432950
100,2.97E+08,5.51E+06,3318569,3318569,0,432950
100,2.93E+08,5.30E+06,3318576,3318577,0,422900
100,2.93E+08,5.31E+06,3318584,3318585,0,423000
100,2.97E+08,5.30E+06,3318585,3318584,0,429900
100,2.91E+08,5.30E+06,3318593,3318593,0,414200
100,2.91E+08,5.30E+06,3318605,3318604,0,413250
100,2.97E+08,5.31E+06,3318609,3318609,0,432950
100,2.93E+08,5.31E+06,3318616,3318617,0,422900
100,2.93E+08,5.30E+06,3318622,3318622,0,422900
100,2.90E+08,5.31E+06,3318629,3318629,0,409950
100,2.97E+08,5.33E+06,3318643,3318643,0,429900
100,2.93E+08,5.45E+06,3318659,3318659,0,422600
100,2.90E+08,5.32E+06,3318674,3318674,0,409950
100,2.90E+08,5.35E+06,3318675,3318674,0,413050
100,2.97E+08,5.35E+06,3318688,3318688,0,432950
100,2.93E+08,5.35E+06,3318691,3318691,0,422950
100,2.97E+08,5.30E+06,3318691,3318693,0,429900
100,2.90E+08,5.30E+06,3318695,3318695,0,413050
100,2.93E+08,5.33E+06,3318695,3318696,0,422600
100,2.93E+08,5.33E+06,3318708,3318708,0,422100
100,2.97E+08,5.30E+06,3318709,3318709,0,432950
100,2.93E+08,5.34E+06,3318718,3318716,0,422600
100,2.90E+08,5.30E+06,3318732,3318732,0,410750
100,2.91E+08,5.30E+06,3318734,3318737,0,413200
100,2.91E+08,5.30E+06,3318739,3318739,0,413200
100,2.97E+08,5.33E+06,3318751,3318751,0,432950
100,2.93E+08,5.31E+06,3318752,3318751,0,422100
100,2.91E+08,5.31E+06,3318787,3318787,0,413150
100,2.93E+08,5.31E+06,3318788,3318790,0,422950
100,2.97E+08,5.38E+06,3318807,3318810,0,432950
100,2.98E+08,5.30E+06,3318816,3318816,0,433150
100,2.90E+08,5.31E+06,3318826,3318826,0,409800
100,2.91E+08,5.35E+06,3318826,3318825,0,413150
100,2.93E+08,5.33E+06,3318852,3318852,0,422950
100,2.97E+08,5.30E+06,3318856,3318853,0,429900
100,2.97E+08,5.30E+06,3318857,3318856,0,429900
100,2.91E+08,5.34E+06,3318858,3318858,0,413200
100,2.94E+08,5.33E+06,3318860,3318861,0,423000
100,2.95E+08,5.32E+06,3318860,3318856,0,424550
100,2.97E+08,5.31E+06,3318863,3318858,0,432950
100,2.89E+08,5.36E+06,3318869,3318866,0,409000
100,2.98E+08,5.31E+06,3318871,3318871,0,433150
100,2.90E+08,5.46E+06,3318873,3318873,0,409750
100,2.91E+08,5.30E+06,3318878,3318880,0,413200
100,2.91E+08,5.30E+06,3318878,3318876,0,413200
100,2.90E+08,5.57E+06,3318880,3318874,0,410800
100,2.91E+08,5.31E+06,3318880,3318880,0,413250
100,2.94E+08,5.30E+06,3318881,3318879,0,423000
100,2.90E+08,5.33E+06,3318882,3318883,0,410800
100,2.94E+08,5.31E+06,3318886,3318884,0,424050
100,2.90E+08,5.38E+06,3318887,3318885,0,409800
100,2.90E+08,5.33E+06,3318887,3318884,0,413150
100,2.91E+08,5.34E+06,3318899,3318898,0,413200
100,2.93E+08,5.30E+06,3318900,3318894,0,422950
100,2.90E+08,5.30E+06,3318903,3318907,0,413150
100,2.93E+08,5.30E+06,3318905,3318905,0,422900
100,2.90E+08,5.33E+06,3318937,3318936,0,413150
100,2.90E+08,5.31E+06,3318941,3318941,0,413150
100,2.90E+08,5.30E+06,3318942,3318941,0,413150
100,2.93E+08,5.30E+06,3318958,3318958,0,422950
100,2.97E+08,5.31E+06,3318958,3318958,0,432950
100,2.91E+08,5.30E+06,3318968,3318968,0,413200
100,2.93E+08,5.30E+06,3318979,3318978,0,422900
100,2.94E+08,5.30E+06,3318980,3318980,0,424050
100,2.97E+08,5.30E+06,3318985,3318985,0,429900
100,2.90E+08,5.31E+06,3319000,3319003,0,413150
100,2.90E+08,5.30E+06,3319013,3319013,0,409950
100,2.91E+08,5.30E+06,3319015,3319014,0,413250
100,2.90E+08,5.30E+06,3319021,3319019,0,410800
100,2.97E+08,5.30E+06,3319025,3319025,0,429900
100,2.97E+08,5.56E+06,3319034,3319034,0,432950
100,2.90E+08,5.33E+06,3319038,3319039,0,413150
100,2.97E+08,5.30E+06,3319044,3319043,0,429900
100,2.94E+08,5.31E+06,3319071,3319070,0,424050
100,2.90E+08,5.30E+06,3319073,3319072,0,409800
100,2.91E+08,5.30E+06,3319078,3319077,0,413250
100,2.90E+08,5.30E+06,3319081,3319081,0,409800
100,2.97E+08,5.30E+06,3319087,3319087,0,432950
100,2.91E+08,5.33E+06,3319097,3319097,0,413250
100,2.90E+08,5.31E+06,3319107,3319108,0,413050
100,2.90E+08,5.30E+06,3319120,3319120,0,409800
100,2.93E+08,5.30E+06,3319123,3319122,0,423000
100,2.97E+08,5.32E+06,3319123,3319122,0,432950
100,2.94E+08,5.34E+06,3319133,3319132,0,424050
100,2.98E+08,5.30E+06,3319135,3319135,0,433150
100,2.93E+08,5.31E+06,3319148,3319148,0,421600
100,2.98E+08,5.30E+06,3319148,3319151,0,433150
100,2.90E+08,5.30E+06,3319153,3319153,0,409800
100,2.90E+08,5.34E+06,3319153,3319153,0,413050
100,2.90E+08,5.32E+06,3319170,3319170,0,410800
100,2.94E+08,5.30E+06,3319185,3319184,0,423000
100,2.98E+08,5.33E+06,3319190,3319190,0,432950
100,2.90E+08,5.31E+06,3319201,3319201,0,413050
100,2.90E+08,5.32E+06,3319209,3319208,0,409800
100,2.90E+08,5.32E+06,3319213,3319214,0,409800
100,2.97E+08,5.31E+06,3319233,3319233,0,432950
100,2.98E+08,5.30E+06,3319239,3319239,0,433150
100,2.90E+08,5.30E+06,3319242,3319245,0,413150
100,2.89E+08,5.33E+06,3319270,3319271,0,409000
100,2.93E+08,5.35E+06,3319281,3319280,0,422600
100,2.90E+08,5.31E+06,3319291,3319291,0,409950
100,2.90E+08,5.30E+06,3319293,3319292,0,409950
100,2.90E+08,5.30E+06,3319294,3319294,0,413150
100,2.91E+08,5.30E+06,3319294,3319286,0,413250
100,2.94E+08,5.33E+06,3319296,3319296,0,424050
100,2.91E+08,5.32E+06,3319302,3319302,0,413200
100,2.89E+08,5.34E+06,3319314,3319313,0,409400
100,2.91E+08,5.30E+06,3319316,3319313,0,413250
100,2.90E+08,5.33E+06,3319321,3319322,0,413150
100,2.97E+08,5.38E+06,3319322,3319314,0,432950
100,2.93E+08,5.33E+06,3319326,3319326,0,423000
100,2.90E+08,5.33E+06,3319328,3319330,0,413050
100,2.98E+08,5.30E+06,3319329,3319329,0,433150
100,2.93E+08,5.33E+06,3319332,3319329,0,421600
100,2.90E+08,5.30E+06,3319346,3319346,0,409950
100,2.97E+08,5.31E+06,3319348,3319347,0,432950
100,2.93E+08,5.31E+06,3319359,3319359,0,423000
100,2.93E+08,5.34E+06,3319360,3319359,0,423000
100,2.94E+08,5.30E+06,3319366,3319364,0,424050
100,2.90E+08,5.32E+06,3319367,3319367,0,409800
100,2.91E+08,5.30E+06,3319371,3319368,0,413200
100,2.94E+08,5.34E+06,3319377,3319377,0,424050
100,2.93E+08,5.33E+06,3319399,3319399,0,422600
100,2.94E+08,5.32E+06,3319409,3319409,0,423000
100,2.94E+08,5.30E+06,3319412,3319412,0,423000
100,2.97E+08,5.30E+06,3319414,3319416,0,432950
100,2.87E+08,5.39E+06,3319415,3319414,0,401250
100,2.90E+08,5.36E+06,3319418,3319416,0,413050
100,2.91E+08,5.30E+06,3319425,3319424,0,413200
100,2.93E+08,5.35E+06,3319429,3319426,0,422900
100,2.90E+08,5.32E+06,3319431,3319426,0,413150
100,2.90E+08,5.30E+06,3319437,3319437,0,409800
100,2.90E+08,5.33E+06,3319441,3319442,0,409800
100,2.93E+08,5.30E+06,3319444,3319444,0,422950
100,2.97E+08,5.33E+06,3319453,3319452,0,432950
100,2.95E+08,5.30E+06,3319457,3319458,0,425800
100,2.94E+08,5.30E+06,3319464,3319464,0,424050
100,2.93E+08,5.30E+06,3319475,3319473,0,422900
100,2.90E+08,5.30E+06,3319484,3319482,0,413050
100,2.93E+08,5.30E+06,3319493,3319492,0,423000
100,2.90E+08,5.30E+06,3319494,3319494,0,409950
100,2.94E+08,5.32E+06,3319498,3319503,0,424050
100,2.90E+08,5.30E+06,3319504,3319504,0,413150
100,2.89E+08,5.31E+06,3319506,3319506,0,409300
100,2.93E+08,5.37E+06,3319507,3319507,0,422900
100,2.97E+08,5.33E+06,3319508,3319510,0,432950
100,2.97E+08,5.30E+06,3319521,3319521,0,429900
100,2.91E+08,5.31E+06,3319533,3319533,0,413200
100,2.98E+08,5.31E+06,3319537,3319541,0,433150
100,2.97E+08,5.30E+06,3319540,3319540,0,432950
100,2.91E+08,5.30E+06,3319550,3319550,0,413250
100,2.93E+08,5.31E+06,3319551,3319551,0,422950
100,2.93E+08,5.31E+06,3319555,3319555,0,423000
100,2.91E+08,5.39E+06,3319565,3319556,0,413200
100,2.93E+08,5.30E+06,3319579,3319578,0,422950
100,2.89E+08,5.34E+06,3319581,3319581,0,409000
100,2.91E+08,5.36E+06,3319582,3319581,0,413250
100,2.97E+08,5.33E+06,3319583,3319583,0,429900
100,2.93E+08,5.32E+06,3319593,3319594,0,421650
100,2.93E+08,5.32E+06,3319594,3319593,0,422950
100,2.89E+08,5.32E+06,3319595,3319595,0,409400
100,2.94E+08,5.35E+06,3319601,3319603,0,423000
100,2.93E+08,5.30E+06,3319609,3319607,0,423000
100,2.91E+08,5.31E+06,3319612,3319612,0,413250
100,2.89E+08,5.30E+06,3319619,3319618,0,409400
100,2.90E+08,5.33E+06,3319619,3319621,0,409950
100,2.93E+08,5.30E+06,3319619,3319616,0,423000
100,2.98E+08,5.57E+06,3319620,3319620,0,433150
100,2.90E+08,5.30E+06,3319621,3319621,0,409750
100,2.91E+08,5.34E+06,3319627,3319627,0,413250
100,2.90E+08,5.30E+06,3319676,3319677,0,409800
100,2.97E+08,5.34E+06,3319682,3319682,0,432950
100,2.90E+08,5.30E+06,3319684,3319684,0,409750
100,2.97E+08,5.54E+06,3319692,3319692,0,432950
100,2.90E+08,5.35E+06,3319699,3319699,0,409950
100,2.91E+08,5.30E+06,3319699,3319694,0,413250
100,2.90E+08,5.32E+06,3319707,3319709,0,410800
100,2.93E+08,5.30E+06,3319742,3319746,0,422950
100,2.93E+08,5.30E+06,3319746,3319744,0,422900
100,2.93E+08,5.33E+06,3319748,3319749,0,422600
100,2.98E+08,5.30E+06,3319752,3319752,0,432950
100,2.90E+08,5.34E+06,3319754,3319743,0,409800
100,2.93E+08,5.33E+06,3319756,3319754,0,422950
100,2.91E+08,5.32E+06,3319758,3319758,0,413200
100,2.93E+08,5.31E+06,3319769,3319769,0,422900
100,2.90E+08,5.31E+06,3319775,3319774,0,413150
100,2.98E+08,5.30E+06,3319776,3319776,0,433150
100,2.90E+08,5.31E+06,3319796,3319797,0,413050
100,2.87E+08,5.41E+06,3319797,3319797,0,401250
100,2.90E+08,5.32E+06,3319802,3319800,0,409950
100,2.97E+08,5.30E+06,3319810,3319811,0,432950
100,2.93E+08,5.31E+06,3319827,3319827,0,422900
100,2.93E+08,5.30E+06,3319832,3319829,0,422900
100,2.94E+08,5.31E+06,3319835,3319834,0,424050
100,2.93E+08,5.34E+06,3319837,3319836,0,421600
100,2.90E+08,5.30E+06,3319838,3319838,0,413150
100,2.91E+08,5.36E+06,3319846,3319845,0,413250
100,2.94E+08,5.32E+06,3319849,3319849,0,423000
100,2.93E+08,5.33E+06,3319856,3319857,0,422950
100,2.90E+08,5.30E+06,3319867,3319867,0,409800
100,2.90E+08,5.31E+06,3319881,3319883,0,413150
100,2.93E+08,5.30E+06,3319882,3319882,0,422350
100,2.93E+08,5.31E+06,3319887,3319887,0,422900
100,2.90E+08,5.35E+06,3319903,3319901,0,413150
100,2.98E+08,5.35E+06,3319903,3319903,0,433150
100,2.94E+08,5.33E+06,3319913,3319914,0,423000
100,2.97E+08,5.36E+06,3319918,3319913,0,432950
100,2.97E+08,5.30E+06,3319921,3319917,0,432950
100,2.91E+08,5.34E+06,3319922,3319922,0,413250
100,2.98E+08,5.31E+06,3319922,3319922,0,433150
100,2.93E+08,5.30E+06,3319932,3319932,0,423000
100,2.90E+08,5.33E+06,3319934,3319934,0,409800
100,2.94E+08,5.30E+06,3319936,3319940,0,424050
100,2.89E+08,5.34E+06,3319938,3319938,0,409000
100,2.93E+08,5.31E+06,3319938,3319938,0,422900
100,2.90E+08,5.33E+06,3319947,3319947,0,409800
100,2.90E+08,5.32E+06,3319950,3319946,0,413150
100,2.93E+08,5.30E+06,3319954,3319952,0,422950
100,2.90E+08,5.31E+06,3319963,3319961,0,413150
100,2.98E+08,5.33E+06,3319967,3319967,0,432950
100,2.90E+08,5.30E+06,3319968,3319968,0,413150
100,2.97E+08,5.35E+06,3319970,3319970,0,429900
100,2.93E+08,5.30E+06,3319971,3319972,0,422950
100,2.93E+08,5.30E+06,3319976,3319976,0,423000
100,2.97E+08,5.30E+06,3319977,3319974,0,432950
100,2.96E+08,5.34E+06,3319978,3319978,0,429300
100,2.93E+08,5.30E+06,3319979,3319979,0,423000
100,2.93E+08,5.35E+06,3319986,3319986,0,421600
100,2.93E+08,5.31E+06,3320006,3320003,0,423000
100,2.90E+08,5.30E+06,3320007,3320007,0,409950
100,2.91E+08,5.31E+06,3320010,3320008,0,413200
100,2.90E+08,5.30E+06,3320018,3320019,0,413050
100,2.97E+08,5.30E+06,3320022,3320024,0,432950
100,2.93E+08,5.30E+06,3320025,3320025,0,422900
100,2.93E+08,5.30E+06,3320032,3320032,0,422600
100,2.98E+08,5.34E+06,3320035,3320035,0,433150
100,2.90E+08,5.34E+06,3320037,3320038,0,409750
100,2.90E+08,5.31E+06,3320039,3320041,0,413050
100,2.93E+08,5.39E+06,3320039,3320039,0,422900
100,2.90E+08,5.31E+06,3320051,3320051,0,409950
100,2.91E+08,5.35E+06,3320054,3320054,0,413200
100,2.93E+08,5.32E+06,3320055,3320054,0,422350
100,2.97E+08,5.31E+06,3320059,3320061,0,429500
100,2.90E+08,5.35E+06,3320079,3320077,0,409950
100,2.90E+08,5.33E+06,3320097,3320097,0,409950
100,2.91E+08,5.31E+06,3320101,3320099,0,413150
100,2.93E+08,5.30E+06,3320109,3320109,0,422900
100,2.90E+08,5.32E+06,3320111,3320111,0,413150
100,2.93E+08,5.30E+06,3320126,3320126,0,422900
100,2.93E+08,5.30E+06,3320139,3320139,0,422950
100,2.90E+08,5.51E+06,3320140,3320141,0,409800
100,2.97E+08,5.32E+06,3320145,3320145,0,432950
100,2.93E+08,5.30E+06,3320149,3320149,0,423000
100,2.90E+08,5.30E+06,3320150,3320149,0,413150
100,2.90E+08,5.30E+06,3320158,3320158,0,413150
100,2.90E+08,5.30E+06,3320163,3320160,0,409950
100,2.90E+08,5.32E+06,3320179,3320174,0,410750
100,2.90E+08,5.34E+06,3320181,3320181,0,409800
100,2.90E+08,5.34E+06,3320181,3320181,0,409950
100,2.90E+08,5.32E+06,3320181,3320183,0,410800
100,2.93E+08,5.30E+06,3320187,3320183,0,422950
100,2.97E+08,5.47E+06,3320189,3320190,0,429900
100,2.93E+08,5.30E+06,3320191,3320191,0,421600
100,2.93E+08,5.30E+06,3320197,3320197,0,423000
100,2.91E+08,5.30E+06,3320200,3320200,0,413250
100,2.97E+08,5.32E+06,3320203,3320203,0,432950
100,2.90E+08,5.35E+06,3320214,3320211,0,413050
100,2.98E+08,5.33E+06,3320215,3320215,0,433150
100,2.90E+08,5.32E+06,3320217,3320217,0,413050
100,2.93E+08,5.30E+06,3320225,3320225,0,422950
100,2.90E+08,5.35E+06,3320244,3320247,0,410800
100,2.93E+08,5.30E+06,3320248,3320247,0,422900
100,2.90E+08,5.30E+06,3320258,3320259,0,409800
100,2.93E+08,5.30E+06,3320260,3320259,0,422900
100,2.98E+08,5.35E+06,3320263,3320264,0,433150
100,2.89E+08,5.31E+06,3320279,3320284,0,409400
100,2.97E+08,5.32E+06,3320299,3320299,0,429500
100,2.93E+08,5.30E+06,3320322,3320313,0,422900
100,2.94E+08,5.32E+06,3320327,3320327,0,423000
100,2.94E+08,5.33E+06,3320344,3320342,0,423000
100,2.93E+08,5.52E+06,3320375,3320374,0,422900
100,2.90E+08,5.30E+06,3320384,3320383,0,413050
100,2.98E+08,5.30E+06,3320405,3320403,0,433150
100,2.91E+08,5.33E+06,3320408,3320407,0,413250
100,2.90E+08,5.35E+06,3320422,3320417,0,409750
100,2.97E+08,5.37E+06,3320436,3320436,0,432950
100,2.93E+08,5.30E+06,3320453,3320452,0,422900
100,2.90E+08,5.32E+06,3320468,3320460,0,410800
100,2.91E+08,5.30E+06,3320474,3320474,0,413250
100,2.90E+08,5.36E+06,3320482,3320484,0,409750
100,2.90E+08,5.31E+06,3320483,3320483,0,410800
100,2.97E+08,5.34E+06,3320494,3320494,0,432950
100,2.98E+08,5.31E+06,3320494,3320495,0,433150
100,2.90E+08,5.31E+06,3320495,3320495,0,409950
100,2.93E+08,5.30E+06,3320502,3320506,0,422950
100,2.91E+08,5.30E+06,3320503,3320504,0,413200
100,2.98E+08,5.34E+06,3320507,3320509,0,432950
100,2.93E+08,5.30E+06,3320513,3320513,0,422350
100,2.93E+08,5.30E+06,3320514,3320515,0,422350
100,2.90E+08,5.32E+06,3320519,3320516,0,409950
100,2.90E+08,5.31E+06,3320553,3320543,0,409950
100,2.95E+08,5.30E+06,3320562,3320563,0,425800
100,2.98E+08,5.31E+06,3320565,3320561,0,432950
100,2.90E+08,5.30E+06,3320572,3320564,0,413150
100,2.93E+08,5.30E+06,3320580,3320584,0,422950
100,2.90E+08,5.30E+06,3320587,3320586,0,409800
100,2.93E+08,5.37E+06,3320588,3320588,0,422900
100,2.93E+08,5.32E+06,3320591,3320591,0,422950
100,2.97E+08,5.35E+06,3320593,3320593,0,432950
100,2.90E+08,5.30E+06,3320594,3320594,0,409950
100,2.93E+08,5.30E+06,3320598,3320598,0,422900
100,2.90E+08,5.34E+06,3320601,3320601,0,409950
100,2.91E+08,5.36E+06,3320608,3320606,0,413200
100,2.94E+08,5.31E+06,3320618,3320618,0,423000
100,2.97E+08,5.36E+06,3320626,3320625,0,432950
100,2.90E+08,5.36E+06,3320652,3320651,0,413150
100,2.94E+08,5.41E+06,3320654,3320653,0,424050
100,2.90E+08,5.30E+06,3320663,3320668,0,409950
100,2.91E+08,5.30E+06,3320666,3320664,0,413200
100,2.90E+08,5.42E+06,3320669,3320668,0,410800
100,2.98E+08,5.30E+06,3320675,3320675,0,433150
100,2.90E+08,5.66E+06,3320707,3320708,0,409800
100,2.93E+08,5.33E+06,3320721,3320722,0,422900
100,2.97E+08,5.30E+06,3320722,3320722,0,432950
100,2.91E+08,5.31E+06,3320724,3320723,0,413250
100,2.95E+08,5.35E+06,3320742,3320741,0,425800
100,2.93E+08,5.32E+06,3320752,3320751,0,422350
100,2.89E+08,5.32E+06,3320753,3320754,0,409400
100,2.90E+08,5.30E+06,3320759,3320759,0,413050
100,2.94E+08,5.30E+06,3320762,3320762,0,423000
100,2.90E+08,5.31E+06,3320775,3320776,0,413150
100,2.90E+08,5.30E+06,3320782,3320783,0,413150
100,2.90E+08,5.40E+06,3320783,3320783,0,413150
100,2.93E+08,5.36E+06,3320789,3320788,0,422900
100,2.93E+08,5.36E+06,3320822,3320822,0,423000
100,2.90E+08,5.32E+06,3320823,3320823,0,409950
100,2.90E+08,5.30E+06,3320831,3320832,0,413150
100,2.90E+08,5.30E+06,3320834,3320834,0,409950
100,2.93E+08,5.30E+06,3320838,3320838,0,422950
100,2.91E+08,5.31E+06,3320842,3320839,0,413200
100,2.97E+08,5.30E+06,3320850,3320850,0,432950
100,2.90E+08,5.31E+06,3320854,3320857,0,413150
100,2.98E+08,5.36E+06,3320859,3320859,0,433150
100,2.93E+08,5.30E+06,3320860,3320857,0,422950
100,2.90E+08,5.31E+06,3320861,3320861,0,413150
100,2.95E+08,5.33E+06,3320864,3320864,0,425800
100,2.89E+08,5.30E+06,3320874,3320875,0,409400
100,2.90E+08,5.31E+06,3320883,3320883,0,413050
100,2.91E+08,5.30E+06,3320885,3320885,0,414200
100,2.95E+08,5.30E+06,3320885,3320885,0,425800
100,2.97E+08,5.32E+06,3320899,3320904,0,429900
100,2.93E+08,5.30E+06,3320903,3320903,0,423000
100,2.90E+08,5.40E+06,3320909,3320912,0,413150
100,2.90E+08,5.35E+06,3320910,3320912,0,410800
100,2.93E+08,5.30E+06,3320920,3320920,0,422100
100,2.90E+08,5.51E+06,3320923,3320923,0,413050
100,2.90E+08,5.33E+06,3320926,3320923,0,409800
100,2.93E+08,5.30E+06,3320928,3320929,0,422950
100,2.90E+08,5.34E+06,3320930,3320930,0,409950
100,2.94E+08,5.31E+06,3320933,3320934,0,424050
100,2.94E+08,5.34E+06,3320944,3320944,0,423000
100,2.90E+08,5.30E+06,3320948,3320948,0,409950
100,2.90E+08,5.33E+06,3320951,3320948,0,413150
100,2.91E+08,5.30E+06,3320963,3320963,0,413250
100,2.90E+08,5.30E+06,3320965,3320965,0,409950
100,2.90E+08,5.32E+06,3320966,3320967,0,413050
100,2.97E+08,5.39E+06,3320971,3320973,0,432950
100,2.97E+08,5.32E+06,3320995,3320996,0,429900
100,2.90E+08,5.32E+06,3320998,3321001,0,413150
100,2.90E+08,5.33E+06,3321008,3321009,0,409800
100,2.93E+08,5.30E+06,3321013,3321014,0,422950
100,2.93E+08,5.30E+06,3321015,3321011,0,422100
100,2.90E+08,5.30E+06,3321035,3321035,0,410800
100,2.91E+08,5.30E+06,3321038,3321042,0,413200
100,2.89E+08,5.41E+06,3321039,3321039,0,409000
100,2.93E+08,5.30E+06,3321069,3321069,0,423000
100,2.90E+08,5.33E+06,3321080,3321083,0,409800
100,2.93E+08,5.30E+06,3321101,3321101,0,423000
100,2.97E+08,5.34E+06,3321111,3321112,0,432950
100,2.93E+08,5.30E+06,3321123,3321125,0,423000
100,2.94E+08,5.31E+06,3321123,3321123,0,423000
100,2.93E+08,5.42E+06,3321124,3321122,0,422950
100,2.93E+08,5.30E+06,3321136,3321135,0,422600
100,2.90E+08,5.30E+06,3321141,3321141,0,413150
100,2.90E+08,5.30E+06,3321151,3321151,0,409950
100,2.90E+08,5.30E+06,3321153,3321153,0,409950
100,2.90E+08,5.31E+06,3321173,3321172,0,409950
100,2.93E+08,5.33E+06,3321179,3321179,0,423000
100,2.94E+08,5.30E+06,3321182,3321183,0,423000
100,2.90E+08,5.37E+06,3321185,3321187,0,409800
100,2.90E+08,5.30E+06,3321197,3321197,0,413050
100,2.93E+08,5.34E+06,3321199,3321197,0,422100
100,2.90E+08,5.30E+06,3321207,3321209,0,409800
100,2.90E+08,5.30E+06,3321228,3321225,0,413050
100,2.91E+08,5.30E+06,3321236,3321237,0,413200
100,2.93E+08,5.31E+06,3321238,3321239,0,423000
100,2.90E+08,5.32E+06,3321259,3321258,0,413150
100,2.90E+08,5.30E+06,3321276,3321276,0,409800
100,2.90E+08,5.31E+06,3321281,3321282,0,409950
100,2.98E+08,5.30E+06,3321285,3321283,0,432950
100,2.94E+08,5.30E+06,3321290,3321290,0,423000
100,2.93E+08,5.46E+06,3321293,3321293,0,422950
100,2.91E+08,5.37E+06,3321302,3321302,0,414200
100,2.90E+08,5.30E+06,3321307,3321307,0,413150
100,2.90E+08,5.31E+06,3321326,3321322,0,409800
100,2.93E+08,5.30E+06,3321326,3321324,0,423000
100,2.91E+08,5.30E+06,3321328,3321328,0,413250
100,2.97E+08,5.30E+06,3321329,3321329,0,429900
100,2.90E+08,5.30E+06,3321338,3321338,0,413150
100,2.93E+08,5.31E+06,3321339,3321335,0,422350
100,2.93E+08,5.30E+06,3321353,3321356,0,422900
100,2.89E+08,5.35E+06,3321361,3321362,0,409000
100,2.95E+08,5.37E+06,3321383,3321386,0,424550
100,2.93E+08,5.32E+06,3321384,3321384,0,423000
100,2.91E+08,5.35E+06,3321385,3321380,0,413200
100,2.90E+08,5.31E+06,3321390,3321390,0,413150
100,2.93E+08,5.32E+06,3321393,3321394,0,423000
100,2.93E+08,5.32E+06,3321394,3321388,0,423000
100,2.93E+08,5.37E+06,3321400,3321399,0,422350
100,2.87E+08,5.43E+06,3321401,3321400,0,401250
100,2.94E+08,5.33E+06,3321431,3321431,0,424050
100,2.95E+08,5.31E+06,3321433,3321431,0,425800
100,2.98E+08,5.32E+06,3321434,3321431,0,432950
100,2.90E+08,5.30E+06,3321440,3321437,0,410800
100,2.97E+08,5.30E+06,3321454,3321454,0,429900
100,2.98E+08,5.30E+06,3321468,3321466,0,433150
100,2.95E+08,5.33E+06,3321471,3321467,0,425800
100,2.93E+08,5.30E+06,3321512,3321511,0,423000
100,2.90E+08,5.32E+06,3321528,3321528,0,410800
100,2.93E+08,5.31E+06,3321537,3321537,0,423000
100,2.97E+08,5.30E+06,3321551,3321550,0,432950
100,2.95E+08,5.35E+06,3321598,3321598,0,425800
100,2.90E+08,5.30E+06,3321600,3321601,0,409950
100,2.97E+08,5.41E+06,3321607,3321607,0,432950
100,2.90E+08,5.32E+06,3321609,3321609,0,409800
100,2.91E+08,5.30E+06,3321612,3321614,0,413200
100,2.90E+08,5.41E+06,3321628,3321625,0,409800
100,2.91E+08,5.34E+06,3321629,3321628,0,413150
100,2.89E+08,5.30E+06,3321632,3321633,0,409000
100,2.90E+08,5.31E+06,3321638,3321638,0,413150
100,2.90E+08,5.30E+06,3321669,3321669,0,410800
100,2.93E+08,5.30E+06,3321672,3321671,0,423000
100,2.89E+08,5.46E+06,3321683,3321678,0,409000
100,2.93E+08,5.31E+06,3321687,3321688,0,423000
100,2.97E+08,5.30E+06,3321702,3321705,0,429900
100,2.90E+08,5.31E+06,3321714,3321716,0,409950
100,2.93E+08,5.30E+06,3321734,3321734,0,423000
100,2.90E+08,5.30E+06,3321737,3321737,0,409950
100,2.93E+08,5.30E+06,3321744,3321744,0,422900
100,2.90E+08,5.30E+06,3321747,3321747,0,410800
100,2.90E+08,5.30E+06,3321749,3321752,0,410750
100,2.93E+08,5.32E+06,3321754,3321757,0,422050
100,2.98E+08,5.30E+06,3321762,3321762,0,433150
100,2.90E+08,5.32E+06,3321764,3321765,0,413150
100,2.97E+08,5.31E+06,3321773,3321774,0,432950
100,2.91E+08,5.37E+06,3321790,3321787,0,413200
100,2.93E+08,5.30E+06,3321805,3321805,0,423000
100,2.90E+08,5.33E+06,3321807,3321809,0,409950
100,2.93E+08,5.34E+06,3321814,3321815,0,423000
100,2.94E+08,5.30E+06,3321815,3321815,0,424050
100,2.94E+08,5.34E+06,3321820,3321820,0,423000
100,2.93E+08,5.31E+06,3321824,3321822,0,422900
100,2.91E+08,5.30E+06,3321829,3321826,0,413250
100,2.91E+08,5.30E+06,3321846,3321847,0,414200
100,2.90E+08,5.30E+06,3321850,3321849,0,409950
100,2.93E+08,5.30E+06,3321866,3321867,0,422100
100,2.89E+08,5.30E+06,3321877,3321879,0,409000
100,2.91E+08,5.31E+06,3321877,3321879,0,413250
100,2.91E+08,5.30E+06,3321879,3321879,0,413250
100,2.93E+08,5.31E+06,3321880,3321881,0,422900
100,2.89E+08,5.34E+06,3321884,3321882,0,409400
100,2.98E+08,5.44E+06,3321886,3321886,0,433150
100,2.93E+08,5.41E+06,3321893,3321894,0,422950
100,2.87E+08,5.40E+06,3321894,3321894,0,401250
100,2.91E+08,5.31E+06,3321897,3321897,0,413150
100,2.90E+08,5.38E+06,3321908,3321909,0,409800
100,2.90E+08,5.30E+06,3321920,3321920,0,413150
100,2.89E+08,5.30E+06,3321924,3321920,0,409000
100,2.95E+08,5.38E+06,3321935,3321935,0,425800
100,2.90E+08,5.30E+06,3321936,3321936,0,410800
100,2.91E+08,5.30E+06,3321937,3321937,0,413250
100,2.90E+08,5.30E+06,3321944,3321941,0,413150
100,2.93E+08,5.32E+06,3321954,3321955,0,422950
100,2.98E+08,5.30E+06,3321958,3321955,0,433150
100,2.91E+08,5.30E+06,3321969,3321968,0,413200
100,2.93E+08,5.33E+06,3321976,3321976,0,422900
100,2.90E+08,5.30E+06,3321978,3321982,0,410800
100,2.90E+08,5.30E+06,3321979,3321979,0,409800
100,2.90E+08,5.30E+06,3321992,3321993,0,413150
100,2.98E+08,5.30E+06,3321996,3321996,0,433150
100,2.93E+08,5.32E+06,3322008,3322008,0,422600
100,2.90E+08,5.30E+06,3322010,3322010,0,410800
100,2.91E+08,5.39E+06,3322022,3322022,0,413950
100,2.93E+08,5.33E+06,3322024,3322024,0,421600
100,2.94E+08,5.31E+06,3322033,3322033,0,424050
100,2.97E+08,5.35E+06,3322033,3322034,0,429900
100,2.90E+08,5.36E+06,3322043,3322043,0,409800
100,2.90E+08,5.30E+06,3322045,3322040,0,409950
100,2.91E+08,5.40E+06,3322055,3322057,0,413200
100,2.93E+08,5.31E+06,3322059,3322061,0,421600
100,2.91E+08,5.30E+06,3322060,3322059,0,413250
100,2.97E+08,5.96E+06,3322063,3322064,0,429900
100,2.93E+08,5.30E+06,3322087,3322088,0,422600
100,2.90E+08,5.32E+06,3322089,3322091,0,410800
100,2.93E+08,5.31E+06,3322111,3322111,0,422900
100,2.91E+08,5.31E+06,3322117,3322117,0,413200
100,2.93E+08,5.32E+06,3322126,3322124,0,422900
100,2.97E+08,5.31E+06,3322130,3322130,0,432950
100,2.89E+08,5.36E+06,3322139,3322138,0,409400
100,2.90E+08,5.32E+06,3322145,3322141,0,413150
100,2.90E+08,5.35E+06,3322156,3322158,0,410800
100,2.89E+08,5.34E+06,3322158,3322158,0,409000
100,2.93E+08,5.40E+06,3322162,3322162,0,422900
100,2.93E+08,5.30E+06,3322163,3322167,0,422350
100,2.85E+08,5.85E+06,3322172,3322168,0,397200
100,2.90E+08,5.30E+06,3322174,3322174,0,409750
100,2.97E+08,5.34E+06,3322177,3322179,0,429500
100,2.90E+08,5.32E+06,3322187,3322187,0,409950
100,2.93E+08,5.48E+06,3322191,3322190,0,422100
100,2.93E+08,5.30E+06,3322197,3322198,0,423000
100,2.98E+08,5.30E+06,3322203,3322204,0,433150
100,2.93E+08,5.30E+06,3322215,3322216,0,422950
100,2.94E+08,5.33E+06,3322217,3322218,0,423000
100,2.94E+08,5.30E+06,3322240,3322239,0,424050
100,2.89E+08,5.46E+06,3322244,3322243,0,409000
100,2.90E+08,5.30E+06,3322256,3322256,0,409950
100,2.93E+08,5.30E+06,3322260,3322258,0,422950
100,2.90E+08,5.32E+06,3322266,3322266,0,409950
100,2.90E+08,5.31E+06,3322269,3322269,0,413050
100,2.90E+08,5.30E+06,3322275,3322275,0,413150
100,2.97E+08,5.30E+06,3322276,3322276,0,429900
100,2.91E+08,5.31E+06,3322277,3322277,0,413200
100,2.93E+08,5.30E+06,3322287,3322285,0,422900
100,2.91E+08,5.31E+06,3322292,3322292,0,413200
100,2.93E+08,5.31E+06,3322299,3322298,0,422950
100,2.90E+08,5.32E+06,3322311,3322307,0,413050
100,2.91E+08,5.33E+06,3322311,3322311,0,414150
100,2.90E+08,5.30E+06,3322315,3322319,0,413150
100,2.93E+08,5.33E+06,3322324,3322320,0,423000
100,2.90E+08,5.30E+06,3322326,3322326,0,413150
100,2.93E+08,5.30E+06,3322329,3322329,0,423000
100,2.93E+08,5.37E+06,3322335,3322334,0,421650
100,2.90E+08,5.30E+06,3322336,3322335,0,409950
100,2.90E+08,5.33E+06,3322347,3322348,0,413150
100,2.93E+08,5.31E+06,3322372,3322372,0,422950
100,2.93E+08,5.32E+06,3322374,3322375,0,422950
100,2.90E+08,5.30E+06,3322383,3322384,0,413050
100,2.93E+08,5.30E+06,3322384,3322384,0,422600
100,2.89E+08,5.31E+06,3322387,3322388,0,409000
100,2.89E+08,5.30E+06,3322391,3322392,0,409400
100,2.93E+08,5.33E+06,3322401,3322405,0,423000
100,2.97E+08,5.30E+06,3322406,3322405,0,429900
100,2.91E+08,5.30E+06,3322409,3322409,0,413200
100,2.90E+08,5.31E+06,3322420,3322418,0,409950
100,2.94E+08,5.33E+06,3322426,3322426,0,423000
100,2.93E+08,5.30E+06,3322432,3322434,0,423000
100,2.93E+08,5.34E+06,3322433,3322433,0,423000
100,2.93E+08,5.33E+06,3322445,3322443,0,422900
100,2.87E+08,5.53E+06,3322446,3322446,0,401250
100,2.98E+08,5.30E+06,3322448,3322448,0,433150
100,2.93E+08,5.31E+06,3322453,3322449,0,423000
100,2.90E+08,5.30E+06,3322459,3322459,0,409950
100,2.93E+08,5.34E+06,3322472,3322473,0,422350
100,2.93E+08,5.30E+06,3322492,3322495,0,423000
100,2.91E+08,5.33E+06,3322494,3322494,0,413200
100,2.90E+08,5.31E+06,3322501,3322502,0,413150
100,2.90E+08,5.31E+06,3322503,3322503,0,409950
100,2.93E+08,5.31E+06,3322512,3322512,0,422950
100,2.90E+08,5.30E+06,3322516,3322517,0,409800
100,2.90E+08,5.32E+06,3322530,3322530,0,409950
100,2.97E+08,5.34E+06,3322533,3322536,0,432950
100,2.90E+08,5.30E+06,3322559,3322560,0,413050
100,2.89E+08,5.31E+06,3322561,3322561,0,409400
100,2.90E+08,5.30E+06,3322568,3322568,0,413150
100,2.93E+08,5.30E+06,3322568,3322568,0,422350
100,2.91E+08,5.31E+06,3322577,3322577,0,413200
100,2.93E+08,5.34E+06,3322589,3322588,0,422900
100,2.97E+08,5.30E+06,3322596,3322600,0,432950
100,2.90E+08,5.30E+06,3322603,3322603,0,413150
100,2.97E+08,5.37E+06,3322615,3322615,0,429900
100,2.94E+08,5.30E+06,3322624,3322624,0,424050
100,2.94E+08,5.33E+06,3322633,3322633,0,423000
100,2.93E+08,5.30E+06,3322637,3322639,0,422900
100,2.93E+08,5.31E+06,3322649,3322649,0,422900
100,2.93E+08,5.34E+06,3322652,3322652,0,423000
100,2.93E+08,5.30E+06,3322655,3322655,0,422900
100,2.98E+08,5.35E+06,3322660,3322660,0,433150
100,2.94E+08,5.30E+06,3322670,3322670,0,423000
100,2.97E+08,5.39E+06,3322678,3322681,0,429900
100,2.98E+08,5.30E+06,3322680,3322679,0,433150
100,2.89E+08,5.58E+06,3322704,3322705,0,409000
100,2.90E+08,5.35E+06,3322707,3322707,0,409750
100,2.97E+08,5.32E+06,3322723,3322723,0,432950
100,2.93E+08,5.31E+06,3322739,3322739,0,422950
100,2.98E+08,5.32E+06,3322739,3322739,0,432950
100,2.84E+08,5.59E+06,3322749,3322751,0,395100
100,2.93E+08,5.31E+06,3322760,3322761,0,422600
100,2.93E+08,5.30E+06,3322769,3322769,0,422950
100,2.93E+08,5.30E+06,3322770,3322763,0,423000
100,2.93E+08,5.31E+06,3322772,3322772,0,422900
100,2.90E+08,5.34E+06,3322794,3322792,0,413150
100,2.93E+08,5.30E+06,3322794,3322796,0,422950
100,2.91E+08,5.34E+06,3322796,3322796,0,413950
100,2.90E+08,5.31E+06,3322800,3322801,0,413150
100,2.93E+08,5.33E+06,3322805,3322805,0,422900
100,2.93E+08,5.30E+06,3322806,3322806,0,422950
100,2.90E+08,5.33E+06,3322835,3322839,0,409800
100,2.93E+08,5.32E+06,3322836,3322834,0,423000
100,2.98E+08,5.34E+06,3322842,3322841,0,432950
100,2.93E+08,5.30E+06,3322845,3322846,0,422350
100,2.93E+08,5.35E+06,3322845,3322845,0,423000
100,2.93E+08,5.33E+06,3322850,3322850,0,422900
100,2.90E+08,5.30E+06,3322855,3322855,0,409800
100,2.91E+08,5.30E+06,3322855,3322856,0,413200
100,2.90E+08,5.30E+06,3322857,3322856,0,410800
100,2.90E+08,5.30E+06,3322860,3322865,0,413150
100,2.90E+08,5.34E+06,3322865,3322865,0,409950
100,2.90E+08,5.30E+06,3322910,3322907,0,413150
100,2.90E+08,5.72E+06,3322911,3322911,0,410800
100,2.93E+08,5.30E+06,3322928,3322928,0,422950
100,2.90E+08,5.34E+06,3322939,3322942,0,413050
100,2.89E+08,5.32E+06,3322942,3322941,0,409000
100,2.94E+08,5.30E+06,3322961,3322961,0,423000
100,2.96E+08,5.33E+06,3322964,3322961,0,429300
100,2.97E+08,5.31E+06,3322995,3322995,0,429900
100,2.90E+08,5.34E+06,3323012,3323012,0,409950
100,2.98E+08,5.32E+06,3323013,3323015,0,432950
100,2.90E+08,5.37E+06,3323016,3323017,0,409950
100,2.90E+08,5.32E+06,3323021,3323020,0,409950
100,2.93E+08,5.30E+06,3323031,3323032,0,423000
100,2.90E+08,5.30E+06,3323041,3323042,0,410800
100,2.93E+08,5.32E+06,3323041,3323040,0,423000
100,2.90E+08,5.32E+06,3323065,3323064,0,409800
100,2.94E+08,5.30E+06,3323078,3323078,0,423000
100,2.98E+08,5.34E+06,3323085,3323084,0,433150
100,2.98E+08,5.37E+06,3323115,3323118,0,432950
100,2.91E+08,5.33E+06,3323122,3323119,0,413250
100,2.98E+08,5.31E+06,3323125,3323124,0,433150
100,2.90E+08,5.35E+06,3323126,3323126,0,409950
100,2.93E+08,5.32E+06,3323128,3323126,0,422950
100,2.94E+08,5.30E+06,3323128,3323129,0,423000
100,2.89E+08,5.32E+06,3323138,3323135,0,409000
100,2.93E+08,5.37E+06,3323152,3323149,0,423000
100,2.93E+08,5.30E+06,3323157,3323161,0,422900
100,2.91E+08,5.30E+06,3323159,3323159,0,413150
100,2.93E+08,5.32E+06,3323164,3323163,0,423000
100,2.89E+08,5.34E+06,3323171,3323171,0,409000
100,2.94E+08,5.30E+06,3323175,3323175,0,423000
100,2.97E+08,5.31E+06,3323181,3323181,0,432950
100,2.90E+08,5.30E+06,3323183,3323185,0,409800
100,2.91E+08,5.30E+06,3323193,3323192,0,413200
100,2.93E+08,5.30E+06,3323202,3323202,0,422350
100,2.97E+08,5.33E+06,3323203,3323204,0,432950
100,2.97E+08,5.30E+06,3323212,3323214,0,432950
100,2.97E+08,5.42E+06,3323219,3323219,0,432950
100,2.93E+08,5.34E+06,3323223,3323219,0,421600
100,2.93E+08,5.31E+06,3323224,3323224,0,421600
100,2.90E+08,5.30E+06,3323235,3323234,0,409950
100,2.90E+08,5.32E+06,3323251,3323251,0,410800
100,2.91E+08,5.31E+06,3323264,3323263,0,413950
100,2.89E+08,5.46E+06,3323274,3323274,0,409000
100,2.97E+08,5.34E+06,3323278,3323275,0,432950
100,2.91E+08,5.34E+06,3323303,3323305,0,413200
100,2.93E+08,5.30E+06,3323308,3323304,0,422600
100,2.98E+08,5.83E+06,3323316,3323316,0,432950
100,2.90E+08,5.30E+06,3323319,3323319,0,413150
100,2.91E+08,5.30E+06,3323321,3323320,0,413150
100,2.93E+08,5.30E+06,3323327,3323327,0,422950
100,2.93E+08,5.30E+06,3323334,3323334,0,422600
100,2.93E+08,5.30E+06,3323340,3323340,0,423000
100,2.94E+08,5.30E+06,3323355,3323357,0,424050
100,2.90E+08,5.30E+06,3323363,3323361,0,413050
100,2.90E+08,5.30E+06,3323365,3323364,0,413150
100,2.97E+08,5.30E+06,3323367,3323366,0,429900
100,2.93E+08,5.31E+06,3323376,3323376,0,422950
100,2.90E+08,5.30E+06,3323381,3323380,0,413050
100,2.93E+08,5.32E+06,3323381,3323376,0,423000
100,2.93E+08,5.32E+06,3323412,3323412,0,422100
100,2.90E+08,5.36E+06,3323414,3323414,0,409800
100,2.93E+08,5.30E+06,3323424,3323424,0,423000
100,2.97E+08,5.30E+06,3323431,3323431,0,429900
100,2.91E+08,5.30E+06,3323438,3323438,0,413250
100,2.93E+08,5.34E+06,3323439,3323439,0,421600
100,2.98E+08,5.32E+06,3323450,3323450,0,433150
100,2.93E+08,5.30E+06,3323452,3323452,0,422100
100,2.95E+08,5.30E+06,3323459,3323460,0,425800
100,2.93E+08,5.47E+06,3323462,3323463,0,422350
100,2.93E+08,5.34E+06,3323464,3323464,0,421900
100,2.91E+08,5.34E+06,3323479,3323479,0,413200
100,2.90E+08,5.30E+06,3323491,3323493,0,409800
100,2.93E+08,5.32E+06,3323500,3323500,0,423000
100,2.93E+08,5.30E+06,3323505,3323505,0,422900
100,2.93E+08,5.30E+06,3323506,3323506,0,423000
100,2.94E+08,5.35E+06,3323518,3323518,0,424050
100,2.90E+08,5.30E+06,3323520,3323512,0,413150
100,2.93E+08,5.30E+06,3323543,3323545,0,423000
100,2.97E+08,5.30E+06,3323546,3323548,0,429900
100,2.90E+08,5.30E+06,3323554,3323554,0,410800
100,2.90E+08,5.30E+06,3323561,3323561,0,413150
100,2.91E+08,5.31E+06,3323567,3323569,0,413250
100,2.97E+08,5.30E+06,3323571,3323571,0,429900
100,2.98E+08,5.33E+06,3323575,3323575,0,433150
100,2.93E+08,5.31E+06,3323580,3323583,0,422900
100,2.90E+08,5.30E+06,3323582,3323582,0,413150
100,2.93E+08,5.30E+06,3323598,3323597,0,422600
100,2.97E+08,5.30E+06,3323607,3323607,0,429900
100,2.90E+08,5.31E+06,3323610,3323608,0,413050
100,2.89E+08,5.34E+06,3323617,3323617,0,409400
100,2.90E+08,5.35E+06,3323618,3323618,0,409950
100,2.91E+08,5.30E+06,3323625,3323629,0,413200
100,2.98E+08,5.33E+06,3323625,3323625,0,433150
100,2.93E+08,5.31E+06,3323635,3323635,0,422100
100,2.91E+08,5.31E+06,3323643,3323650,0,413200
100,2.93E+08,5.30E+06,3323645,3323645,0,422900
100,2.90E+08,5.38E+06,3323648,3323649,0,413050
100,2.93E+08,5.31E+06,3323649,3323649,0,423000
100,2.93E+08,5.30E+06,3323665,3323665,0,422900
100,2.93E+08,5.88E+06,3323671,3323672,0,422600
100,2.94E+08,5.35E+06,3323678,3323679,0,423000
100,2.90E+08,5.54E+06,3323685,3323685,0,409800
100,2.91E+08,5.30E+06,3323687,3323683,0,413250
100,2.97E+08,5.33E+06,3323690,3323690,0,432950
100,2.90E+08,5.30E+06,3323707,3323707,0,409950
100,2.93E+08,5.32E+06,3323708,3323708,0,422100
100,2.90E+08,5.31E+06,3323711,3323710,0,413150
100,2.90E+08,5.32E+06,3323712,3323711,0,410800
100,2.93E+08,5.44E+06,3323712,3323711,0,422950
100,2.93E+08,5.32E+06,3323718,3323719,0,422900
100,2.93E+08,5.30E+06,3323718,3323721,0,423000
100,2.97E+08,5.30E+06,3323730,3323730,0,429900
100,2.97E+08,5.30E+06,3323742,3323741,0,432950
100,2.91E+08,5.36E+06,3323745,3323745,0,413200
100,2.93E+08,5.30E+06,3323750,3323750,0,422350
100,2.97E+08,5.30E+06,3323753,3323752,0,432950
100,2.93E+08,5.30E+06,3323763,3323763,0,422900
100,2.93E+08,5.30E+06,3323790,3323788,0,422900
100,2.90E+08,5.31E+06,3323819,3323819,0,409800
100,2.93E+08,5.30E+06,3323833,3323833,0,423000
100,2.97E+08,5.39E+06,3323836,3323834,0,429900
100,2.90E+08,5.30E+06,3323855,3323857,0,413050
100,2.90E+08,5.34E+06,3323856,3323855,0,413150
100,2.90E+08,5.34E+06,3323867,3323867,0,413150
100,2.97E+08,5.30E+06,3323873,3323872,0,432950
100,2.90E+08,5.42E+06,3323881,3323880,0,409800
100,2.90E+08,5.30E+06,3323888,3323888,0,409750
100,2.93E+08,5.37E+06,3323891,3323891,0,422950
100,2.89E+08,5.30E+06,3323901,3323903,0,409400
100,2.91E+08,5.68E+06,3323910,3323913,0,413200
100,2.93E+08,5.30E+06,3323921,3323923,0,423000
100,2.89E+08,5.30E+06,3323946,3323946,0,409000
100,2.97E+08,5.34E+06,3323946,3323947,0,432950
100,2.90E+08,5.34E+06,3323951,3323953,0,413050
100,2.94E+08,5.30E+06,3323969,3323969,0,423000
100,2.93E+08,5.32E+06,3323975,3323975,0,422950
100,2.93E+08,5.30E+06,3323994,3323994,0,422900
100,2.91E+08,5.43E+06,3323997,3323999,0,413200
100,2.98E+08,5.32E+06,3323998,3323998,0,433150
100,2.94E+08,5.37E+06,3324008,3324008,0,423000
100,2.93E+08,5.30E+06,3324014,3324015,0,422100
100,2.90E+08,5.30E+06,3324028,3324028,0,413050
100,2.90E+08,5.34E+06,3324033,3324035,0,409950
100,2.93E+08,5.30E+06,3324037,3324032,0,423000
100,2.90E+08,5.34E+06,3324042,3324043,0,409800
100,2.93E+08,5.35E+06,3324045,3324046,0,423000
100,2.90E+08,5.31E+06,3324054,3324054,0,413150
100,2.90E+08,5.31E+06,3324082,3324086,0,409950
100,2.93E+08,5.32E+06,3324084,3324084,0,423000
100,2.93E+08,5.30E+06,3324098,3324098,0,422100
100,2.89E+08,5.35E+06,3324101,3324101,0,409400
100,2.89E+08,5.36E+06,3324119,3324118,0,409000
100,2.90E+08,5.30E+06,3324122,3324120,0,413150
100,2.90E+08,5.30E+06,3324129,3324129,0,413150
100,2.94E+08,5.30E+06,3324131,3324129,0,423000
100,2.90E+08,5.30E+06,3324133,3324131,0,409950
100,2.97E+08,5.75E+06,3324142,3324142,0,429900
100,2.97E+08,5.30E+06,3324144,3324144,0,429900
100,2.93E+08,5.39E+06,3324156,3324157,0,422900
100,2.98E+08,5.30E+06,3324165,3324164,0,433150
100,2.91E+08,5.33E+06,3324167,3324167,0,413200
100,2.93E+08,5.30E+06,3324185,3324185,0,423000
100,2.91E+08,5.31E+06,3324212,3324213,0,413200
100,2.90E+08,5.30E+06,3324219,3324219,0,413150
100,2.94E+08,5.33E+06,3324221,3324220,0,424050
100,2.90E+08,5.30E+06,3324227,3324228,0,409950
100,2.90E+08,5.30E+06,3324246,3324247,0,409950
100,2.90E+08,5.32E+06,3324249,3324249,0,409800
100,2.91E+08,5.31E+06,3324257,3324256,0,414200
100,2.93E+08,5.38E+06,3324261,3324260,0,422600
100,2.94E+08,5.34E+06,3324265,3324265,0,424050
100,2.93E+08,5.30E+06,3324273,3324275,0,423000
100,2.93E+08,5.30E+06,3324277,3324279,0,423000
100,2.90E+08,5.31E+06,3324292,3324292,0,413050
100,2.98E+08,5.30E+06,3324298,3324298,0,433150
100,2.89E+08,5.38E+06,3324309,3324308,0,409400
100,2.97E+08,5.33E+06,3324311,3324310,0,432950
100,2.89E+08,5.31E+06,3324312,3324309,0,409400
100,2.90E+08,5.34E+06,3324325,3324325,0,410800
100,2.95E+08,5.38E+06,3324336,3324335,0,424550
100,2.90E+08,5.30E+06,3324338,3324339,0,413050
100,2.97E+08,5.30E+06,3324342,3324341,0,429900
100,2.90E+08,5.33E+06,3324367,3324367,0,409800
100,2.90E+08,5.31E+06,3324380,3324379,0,413150
100,2.89E+08,5.32E+06,3324400,3324399,0,409000
100,2.98E+08,5.30E+06,3324411,3324415,0,433150
100,2.94E+08,5.33E+06,3324412,3324408,0,423000
100,2.90E+08,5.30E+06,3324416,3324414,0,409950
100,2.94E+08,5.31E+06,3324431,3324432,0,423000
100,2.90E+08,5.31E+06,3324435,3324435,0,409950
100,2.98E+08,5.30E+06,3324443,3324443,0,433150
100,2.90E+08,5.33E+06,3324456,3324455,0,413050
100,2.90E+08,5.32E+06,3324463,3324462,0,409950
100,2.97E+08,5.30E+06,3324464,3324464,0,429900
100,2.97E+08,5.35E+06,3324485,3324481,0,429900
100,2.90E+08,5.32E+06,3324486,3324487,0,413050
100,2.91E+08,5.30E+06,3324486,3324486,0,413250
100,2.93E+08,5.30E+06,3324500,3324502,0,422950
100,2.91E+08,5.31E+06,3324537,3324537,0,413200
100,2.93E+08,5.39E+06,3324537,3324537,0,422900
100,2.97E+08,5.30E+06,3324551,3324551,0,429900
100,2.93E+08,5.35E+06,3324557,3324554,0,422900
100,2.98E+08,5.32E+06,3324569,3324569,0,433150
100,2.90E+08,5.45E+06,3324574,3324578,0,409800
100,2.90E+08,5.30E+06,3324580,3324582,0,410750
100,2.94E+08,5.30E+06,3324585,3324583,0,424050
100,2.93E+08,5.33E+06,3324593,3324595,0,423000
100,2.97E+08,5.33E+06,3324594,3324591,0,429500
100,2.94E+08,5.30E+06,3324602,3324601,0,423000
100,2.91E+08,5.30E+06,3324614,3324614,0,413200
100,2.93E+08,5.30E+06,3324615,3324610,0,422900
100,2.93E+08,5.30E+06,3324619,3324619,0,423000
100,2.97E+08,5.32E+06,3324635,3324633,0,429900
100,2.90E+08,5.30E+06,3324648,3324649,0,409950
100,2.90E+08,5.30E+06,3324653,3324653,0,413050
100,2.90E+08,5.30E+06,3324654,3324654,0,413150
100,2.97E+08,5.30E+06,3324656,3324651,0,432950
100,2.93E+08,5.30E+06,3324660,3324658,0,421600
100,2.90E+08,5.30E+06,3324674,3324674,0,409800
100,2.93E+08,5.31E+06,3324677,3324678,0,422900
100,2.90E+08,5.33E+06,3324680,3324683,0,409800
100,2.90E+08,5.32E+06,3324691,3324692,0,409950
100,2.90E+08,5.30E+06,3324704,3324704,0,413150
100,2.89E+08,5.37E+06,3324709,3324709,0,409000
100,2.90E+08,5.30E+06,3324709,3324706,0,409950
100,2.97E+08,5.30E+06,3324724,3324724,0,429900
100,2.98E+08,5.31E+06,3324743,3324741,0,433150
100,2.93E+08,5.30E+06,3324745,3324745,0,422950
100,2.89E+08,5.31E+06,3324749,3324752,0,409000
100,2.93E+08,5.30E+06,3324752,3324749,0,422900
100,2.90E+08,5.33E+06,3324756,3324755,0,409800
100,2.89E+08,5.31E+06,3324765,3324760,0,409000
100,2.90E+08,5.30E+06,3324767,3324768,0,413050
100,2.90E+08,5.49E+06,3324770,3324770,0,413150
100,2.93E+08,5.37E+06,3324776,3324776,0,422600
100,2.90E+08,5.33E+06,3324784,3324786,0,410800
100,2.95E+08,5.32E+06,3324788,3324789,0,425800
100,2.93E+08,5.31E+06,3324795,3324795,0,422950
100,2.90E+08,5.31E+06,3324798,3324797,0,413050
100,2.90E+08,5.30E+06,3324806,3324806,0,413050
100,2.93E+08,5.30E+06,3324811,3324811,0,422600
100,2.90E+08,5.30E+06,3324816,3324816,0,409950
100,2.90E+08,5.30E+06,3324816,3324816,0,413050
100,2.93E+08,5.67E+06,3324822,3324822,0,422950
100,2.95E+08,5.33E+06,3324827,3324828,0,424550
100,2.91E+08,5.33E+06,3324833,3324833,0,413200
100,2.93E+08,5.37E+06,3324834,3324834,0,422950
100,2.93E+08,5.31E+06,3324837,3324836,0,422900
100,2.93E+08,5.35E+06,3324841,3324840,0,423000
100,2.89E+08,5.38E+06,3324844,3324844,0,409000
100,2.90E+08,5.31E+06,3324857,3324853,0,413050
100,2.94E+08,5.30E+06,3324859,3324859,0,423000
100,2.93E+08,5.30E+06,3324861,3324860,0,422900
100,2.93E+08,5.30E+06,3324865,3324867,0,423000
100,2.91E+08,5.30E+06,3324876,3324876,0,413200
100,2.90E+08,5.30E+06,3324877,3324875,0,409800
100,2.90E+08,5.38E+06,3324883,3324883,0,413150
100,2.91E+08,5.32E+06,3324888,3324887,0,413250
100,2.90E+08,5.35E+06,3324892,3324891,0,413050
100,2.93E+08,5.30E+06,3324898,3324898,0,422950
100,2.93E+08,5.30E+06,3324907,3324907,0,422900
100,2.97E+08,5.30E+06,3324916,3324914,0,429900
100,2.93E+08,5.39E+06,3324922,3324919,0,422900
100,2.83E+08,5.48E+06,3324926,3324925,0,392550
100,2.97E+08,5.30E+06,3324926,3324926,0,429900
100,2.93E+08,5.33E+06,3324927,3324927,0,422900
100,2.90E+08,5.32E+06,3324937,3324932,0,413050
100,2.91E+08,5.30E+06,3324942,3324946,0,413150
100,2.94E+08,5.39E+06,3324943,3324948,0,423000
100,2.97E+08,5.39E+06,3324954,3324955,0,432950
100,2.90E+08,5.53E+06,3324960,3324958,0,413050
100,2.98E+08,5.30E+06,3324969,3324971,0,432950
100,2.93E+08,5.30E+06,3324973,3324976,0,422950
100,2.97E+08,5.32E+06,3324979,3324979,0,429900
100,2.93E+08,5.41E+06,3324981,3324983,0,422950
100,2.89E+08,5.54E+06,3325008,3325008,0,409000
100,2.93E+08,5.30E+06,3325008,3325008,0,423000
100,2.97E+08,5.31E+06,3325011,3325008,0,429900
100,2.94E+08,5.35E+06,3325032,3325033,0,423000
100,2.90E+08,5.31E+06,3325041,3325036,0,409750
100,2.89E+08,5.31E+06,3325042,3325042,0,409000
100,2.98E+08,5.30E+06,3325043,3325043,0,433150
100,2.90E+08,5.30E+06,3325068,3325061,0,409950
100,2.95E+08,5.33E+06,3325073,3325071,0,425800
100,2.93E+08,5.30E+06,3325074,3325074,0,422100
100,2.95E+08,5.39E+06,3325077,3325077,0,425800
100,2.93E+08,5.30E+06,3325086,3325086,0,422900
100,2.97E+08,5.30E+06,3325089,3325090,0,432950
100,2.94E+08,5.30E+06,3325095,3325092,0,423000
100,2.93E+08,5.57E+06,3325098,3325098,0,422950
100,2.93E+08,5.30E+06,3325110,3325112,0,423000
100,2.98E+08,5.34E+06,3325111,3325110,0,432950
100,2.90E+08,5.33E+06,3325133,3325131,0,409950
100,2.98E+08,5.31E+06,3325136,3325126,0,433150
100,2.97E+08,5.37E+06,3325139,3325139,0,432950
100,2.90E+08,5.30E+06,3325156,3325157,0,413150
100,2.93E+08,5.33E+06,3325156,3325156,0,422900
100,2.97E+08,5.30E+06,3325163,3325163,0,429500
100,2.93E+08,5.35E+06,3325165,3325165,0,423000
100,2.93E+08,5.32E+06,3325179,3325178,0,422100
100,2.93E+08,5.32E+06,3325180,3325180,0,422900
100,2.93E+08,5.32E+06,3325180,3325180,0,422950
100,2.93E+08,5.30E+06,3325181,3325180,0,422950
100,2.93E+08,5.30E+06,3325182,3325184,0,422950
100,2.98E+08,5.31E+06,3325186,3325186,0,432950
100,2.90E+08,5.30E+06,3325187,3325187,0,413150
100,2.90E+08,5.31E+06,3325197,3325197,0,413150
100,2.98E+08,5.30E+06,3325201,3325200,0,433150
100,2.90E+08,5.30E+06,3325212,3325213,0,409800
100,2.90E+08,5.30E+06,3325213,3325212,0,410800
100,2.90E+08,5.33E+06,3325228,3325228,0,410800
100,2.93E+08,5.32E+06,3325235,3325231,0,422950
100,2.90E+08,5.30E+06,3325241,3325240,0,409800
100,2.89E+08,5.41E+06,3325243,3325241,0,409000
100,2.90E+08,5.33E+06,3325245,3325243,0,409950
100,2.90E+08,5.30E+06,3325249,3325249,0,413150
100,2.91E+08,5.30E+06,3325251,3325250,0,413150
100,2.93E+08,5.30E+06,3325260,3325260,0,422950
100,2.90E+08,5.30E+06,3325267,3325259,0,409800
100,2.93E+08,5.30E+06,3325267,3325267,0,422100
100,2.97E+08,5.30E+06,3325284,3325284,0,432950
100,2.90E+08,5.30E+06,3325290,3325288,0,413150
100,2.91E+08,5.30E+06,3325299,3325299,0,413200
100,2.90E+08,5.31E+06,3325317,3325317,0,413150
100,2.91E+08,5.31E+06,3325327,3325328,0,413200
100,2.93E+08,5.30E+06,3325334,3325334,0,422900
100,2.93E+08,5.30E+06,3325337,3325336,0,422900
100,2.90E+08,5.50E+06,3325347,3325347,0,410800
100,2.93E+08,5.30E+06,3325349,3325351,0,423000
100,2.90E+08,5.30E+06,3325373,3325370,0,413150
100,2.90E+08,5.33E+06,3325404,3325405,0,409800
100,2.90E+08,5.33E+06,3325412,3325412,0,410800
100,2.93E+08,5.34E+06,3325415,3325415,0,423000
100,2.98E+08,5.31E+06,3325418,3325419,0,433150
100,2.90E+08,5.32E+06,3325430,3325433,0,409950
100,2.93E+08,5.30E+06,3325432,3325430,0,423000
100,2.93E+08,5.33E+06,3325436,3325437,0,422100
100,2.97E+08,5.31E+06,3325440,3325440,0,432950
100,2.93E+08,5.30E+06,3325441,3325442,0,423000
100,2.90E+08,5.30E+06,3325446,3325446,0,413050
100,2.90E+08,5.30E+06,3325455,3325456,0,409950
100,2.93E+08,5.31E+06,3325460,3325460,0,422900
100,2.93E+08,5.34E+06,3325461,3325459,0,422900
100,2.90E+08,5.38E+06,3325469,3325468,0,409950
100,2.89E+08,5.58E+06,3325473,3325474,0,409400
100,2.90E+08,5.31E+06,3325487,3325487,0,409950
100,2.90E+08,5.36E+06,3325489,3325484,0,409950
100,2.90E+08,5.41E+06,3325521,3325517,0,413150
100,2.94E+08,5.30E+06,3325530,3325530,0,423000
100,2.91E+08,5.30E+06,3325538,3325537,0,413250
100,2.93E+08,5.30E+06,3325539,3325539,0,422950
100,2.93E+08,5.37E+06,3325539,3325538,0,422950
100,2.93E+08,5.30E+06,3325548,3325547,0,422900
100,2.97E+08,5.30E+06,3325563,3325562,0,432950
100,2.98E+08,5.30E+06,3325565,3325565,0,433150
100,2.93E+08,5.30E+06,3325578,3325577,0,423000
100,2.93E+08,5.30E+06,3325586,3325585,0,422900
100,2.93E+08,5.30E+06,3325632,3325635,0,422950
100,2.93E+08,5.30E+06,3325633,3325633,0,423000
100,2.98E+08,5.31E+06,3325646,3325646,0,433150
100,2.91E+08,5.32E+06,3325652,3325652,0,414200
100,2.90E+08,5.35E+06,3325662,3325662,0,409750
100,2.90E+08,5.32E+06,3325669,3325669,0,409800
100,2.93E+08,5.32E+06,3325673,3325673,0,422900
100,2.90E+08,5.30E+06,3325696,3325696,0,409800
100,2.97E+08,5.32E+06,3325704,3325703,0,432950
100,2.97E+08,5.35E+06,3325705,3325705,0,432950
100,2.93E+08,5.32E+06,3325706,3325706,0,422350
100,2.93E+08,5.33E+06,3325710,3325710,0,423000
100,2.97E+08,5.30E+06,3325710,3325706,0,432950
100,2.94E+08,5.39E+06,3325718,3325718,0,424050
100,2.97E+08,5.31E+06,3325722,3325722,0,432950
100,2.97E+08,5.30E+06,3325729,3325731,0,432950
100,2.93E+08,5.32E+06,3325734,3325734,0,423000
100,2.97E+08,5.43E+06,3325736,3325736,0,432950
100,2.90E+08,5.33E+06,3325737,3325736,0,409800
100,2.93E+08,5.33E+06,3325739,3325739,0,422950
100,2.93E+08,5.33E+06,3325740,3325745,0,422350
100,2.93E+08,5.34E+06,3325740,3325740,0,422600
100,2.93E+08,5.49E+06,3325740,3325738,0,422900
100,2.90E+08,5.31E+06,3325748,3325747,0,413150
100,2.93E+08,5.30E+06,3325750,3325750,0,421600
100,2.93E+08,5.35E+06,3325750,3325747,0,422950
100,2.95E+08,5.51E+06,3325752,3325748,0,425800
100,2.97E+08,5.33E+06,3325758,3325761,0,432950
100,2.89E+08,5.38E+06,3325764,3325770,0,409000
100,2.85E+08,5.66E+06,3325766,3325764,0,397200
100,2.90E+08,5.30E+06,3325772,3325770,0,409800
100,2.97E+08,5.30E+06,3325777,3325777,0,432950
100,2.90E+08,5.30E+06,3325781,3325783,0,410750
100,2.94E+08,5.38E+06,3325782,3325783,0,423000
100,2.91E+08,5.30E+06,3325790,3325790,0,413200
100,2.90E+08,5.31E+06,3325812,3325812,0,413050
100,2.94E+08,5.32E+06,3325821,3325826,0,423000
100,2.90E+08,5.30E+06,3325824,3325823,0,409800
100,2.90E+08,5.37E+06,3325830,3325830,0,409750
100,2.94E+08,5.30E+06,3325831,3325831,0,423000
100,2.91E+08,5.31E+06,3325833,3325834,0,413200
100,2.93E+08,5.30E+06,3325834,3325834,0,422100
100,2.90E+08,5.42E+06,3325840,3325840,0,413050
100,2.98E+08,5.30E+06,3325841,3325843,0,433150
100,2.97E+08,5.30E+06,3325857,3325857,0,432950
100,2.90E+08,5.30E+06,3325863,3325864,0,413150
100,2.89E+08,5.42E+06,3325871,3325868,0,409150
100,2.91E+08,5.31E+06,3325872,3325871,0,413200
100,2.93E+08,5.30E+06,3325882,3325882,0,422900
100,2.93E+08,5.30E+06,3325887,3325887,0,423000
100,2.98E+08,5.33E+06,3325892,3325892,0,433150
100,2.93E+08,5.38E+06,3325896,3325896,0,422350
100,2.91E+08,5.33E+06,3325901,3325902,0,413250
100,2.90E+08,5.32E+06,3325903,3325902,0,410800
100,2.93E+08,5.34E+06,3325903,3325902,0,422350
100,2.90E+08,5.31E+06,3325914,3325915,0,413150
100,2.90E+08,5.30E+06,3325916,3325916,0,413050
100,2.98E+08,5.33E+06,3325916,3325918,0,433150
100,2.90E+08,5.31E+06,3325919,3325910,0,413050
100,2.91E+08,5.33E+06,3325923,3325923,0,413200
100,2.94E+08,5.35E+06,3325927,3325928,0,423000
100,2.89E+08,5.43E+06,3325933,3325935,0,409000
100,2.97E+08,5.39E+06,3325935,3325935,0,432950
100,2.90E+08,5.30E+06,3325938,3325939,0,413150
100,2.94E+08,5.30E+06,3325960,3325960,0,423000
100,2.90E+08,5.31E+06,3325961,3325962,0,413150
100,2.90E+08,5.35E+06,3325981,3325979,0,409750
100,2.93E+08,5.41E+06,3325981,3325981,0,422950
100,2.91E+08,5.30E+06,3326003,3326005,0,414200
100,2.93E+08,5.30E+06,3326008,3326007,0,422950
100,2.90E+08,5.36E+06,3326020,3326022,0,413150
100,2.93E+08,5.32E+06,3326026,3326027,0,423000
100,2.97E+08,5.32E+06,3326026,3326026,0,429900
100,2.90E+08,5.34E+06,3326027,3326027,0,409750
100,2.93E+08,5.44E+06,3326038,3326039,0,423000
100,2.94E+08,5.30E+06,3326041,3326043,0,423000
100,2.93E+08,5.32E+06,3326048,3326041,0,421600
100,2.97E+08,5.31E+06,3326064,3326064,0,432950
100,2.91E+08,5.30E+06,3326065,3326068,0,413200
100,2.89E+08,5.32E+06,3326075,3326072,0,409000
100,2.89E+08,5.36E+06,3326080,3326077,0,409000
100,2.97E+08,5.30E+06,3326082,3326081,0,429900
100,2.94E+08,5.30E+06,3326107,3326106,0,424050
100,2.93E+08,5.30E+06,3326125,3326125,0,423000
100,2.93E+08,5.31E+06,3326131,3326131,0,422350
100,2.91E+08,5.30E+06,3326134,3326131,0,413200
100,2.89E+08,5.40E+06,3326136,3326129,0,409000
100,2.91E+08,5.33E+06,3326153,3326153,0,414200
100,2.93E+08,5.31E+06,3326162,3326162,0,422900
100,2.90E+08,5.30E+06,3326173,3326173,0,413050
100,2.98E+08,5.30E+06,3326183,3326183,0,433150
100,2.97E+08,5.42E+06,3326188,3326190,0,429900
100,2.90E+08,5.31E+06,3326199,3326200,0,409950
100,2.93E+08,5.31E+06,3326200,3326200,0,422950
100,2.97E+08,5.30E+06,3326215,3326215,0,429900
100,2.94E+08,5.33E+06,3326223,3326223,0,423000
100,2.90E+08,5.33E+06,3326224,3326222,0,409750
100,2.90E+08,5.30E+06,3326238,3326238,0,413150
100,2.93E+08,5.30E+06,3326238,3326240,0,422900
100,2.91E+08,5.31E+06,3326254,3326254,0,413250
100,2.97E+08,5.37E+06,3326254,3326253,0,432950
100,2.90E+08,5.30E+06,3326269,3326269,0,413150
100,2.97E+08,5.30E+06,3326285,3326290,0,429500
100,2.93E+08,5.30E+06,3326288,3326292,0,422900
100,2.90E+08,5.30E+06,3326298,3326297,0,410800
100,2.93E+08,5.31E+06,3326308,3326302,0,422100
100,2.93E+08,5.30E+06,3326311,3326311,0,422950
100,2.93E+08,5.30E+06,3326316,3326316,0,423000
100,2.90E+08,5.30E+06,3326325,3326327,0,413150
100,2.89E+08,5.34E+06,3326330,3326329,0,409000
100,2.90E+08,5.34E+06,3326332,3326332,0,409950
100,2.97E+08,5.31E+06,3326338,3326338,0,429900
100,2.90E+08,5.31E+06,3326343,3326343,0,413150
100,2.90E+08,5.35E+06,3326345,3326346,0,409950
100,2.91E+08,5.34E+06,3326350,3326350,0,413200
100,2.97E+08,5.37E+06,3326353,3326353,0,432950
100,2.90E+08,5.30E+06,3326357,3326354,0,413150
100,2.90E+08,5.34E+06,3326358,3326359,0,410800
100,2.94E+08,5.34E+06,3326367,3326366,0,423000
100,2.97E+08,5.39E+06,3326367,3326368,0,432950
100,2.89E+08,5.37E+06,3326372,3326369,0,409400
100,2.93E+08,5.31E+06,3326385,3326387,0,422950
100,2.93E+08,5.34E+06,3326393,3326392,0,422950
100,2.97E+08,5.44E+06,3326393,3326393,0,432950
100,2.93E+08,5.30E+06,3326398,3326398,0,422950
100,2.90E+08,5.31E+06,3326405,3326404,0,413150
100,2.89E+08,5.33E+06,3326408,3326411,0,409000
100,2.93E+08,5.36E+06,3326422,3326420,0,422900
100,2.93E+08,5.31E+06,3326427,3326424,0,423000
100,2.90E+08,5.32E+06,3326432,3326432,0,413050
100,2.90E+08,5.30E+06,3326432,3326432,0,413050
100,2.90E+08,5.38E+06,3326432,3326431,0,413050
100,2.90E+08,5.31E+06,3326433,3326432,0,413050
100,2.95E+08,5.34E+06,3326434,3326434,0,425800
100,2.90E+08,5.31E+06,3326437,3326437,0,413150
100,2.93E+08,5.32E+06,3326456,3326456,0,422900
100,2.93E+08,5.30E+06,3326461,3326462,0,422350
100,2.93E+08,5.30E+06,3326473,3326473,0,422350
100,2.97E+08,5.31E+06,3326476,3326476,0,429900
100,2.97E+08,5.30E+06,3326480,3326482,0,429900
100,2.90E+08,5.34E+06,3326484,3326484,0,409950
100,2.90E+08,5.30E+06,3326493,3326492,0,409950
100,2.95E+08,5.30E+06,3326497,3326498,0,425800
100,2.97E+08,5.31E+06,3326502,3326499,0,429900
100,2.97E+08,5.37E+06,3326516,3326507,0,432950
100,2.90E+08,5.31E+06,3326528,3326527,0,413050
100,2.94E+08,5.36E+06,3326540,3326540,0,424050
100,2.90E+08,5.32E+06,3326543,3326544,0,409800
100,2.89E+08,5.33E+06,3326565,3326563,0,409000
100,2.93E+08,5.38E+06,3326573,3326573,0,423000
100,2.90E+08,5.30E+06,3326576,3326579,0,409950
100,2.93E+08,5.55E+06,3326588,3326588,0,422950
100,2.93E+08,5.30E+06,3326589,3326589,0,423000
100,2.90E+08,5.36E+06,3326595,3326592,0,413150
100,2.94E+08,5.30E+06,3326596,3326595,0,423000
100,2.97E+08,5.31E+06,3326604,3326601,0,432950
100,2.97E+08,5.33E+06,3326628,3326628,0,432950
100,2.90E+08,5.30E+06,3326629,3326628,0,413150
100,2.90E+08,5.32E+06,3326646,3326643,0,413050
100,2.97E+08,5.30E+06,3326654,3326660,0,432950
100,2.94E+08,5.30E+06,3326672,3326671,0,423000
100,2.97E+08,5.30E+06,3326688,3326691,0,432950
100,2.93E+08,5.30E+06,3326693,3326694,0,423000
100,2.98E+08,5.31E+06,3326705,3326706,0,433150
100,2.90E+08,5.30E+06,3326707,3326708,0,409800
100,2.93E+08,5.30E+06,3326716,3326716,0,422600
100,2.98E+08,5.30E+06,3326720,3326721,0,433150
100,2.93E+08,5.30E+06,3326726,3326725,0,423000
100,2.98E+08,5.30E+06,3326728,3326725,0,433150
100,2.94E+08,5.30E+06,3326732,3326732,0,423000
100,2.90E+08,5.30E+06,3326737,3326736,0,409800
100,2.90E+08,5.32E+06,3326739,3326739,0,409950
100,2.90E+08,5.30E+06,3326740,3326740,0,409950
100,2.93E+08,5.35E+06,3326751,3326754,0,422950
100,2.91E+08,5.35E+06,3326758,3326756,0,413200
100,2.94E+08,5.75E+06,3326771,3326771,0,423000
100,2.90E+08,5.30E+06,3326774,3326774,0,409800
100,2.91E+08,5.30E+06,3326784,3326787,0,413250
100,2.97E+08,5.40E+06,3326798,3326800,0,432950
100,2.93E+08,5.30E+06,3326799,3326801,0,423000
100,2.94E+08,5.30E+06,3326802,3326802,0,424050
100,2.93E+08,5.30E+06,3326824,3326824,0,422600
100,2.94E+08,5.43E+06,3326830,3326831,0,424050
100,2.91E+08,5.32E+06,3326835,3326837,0,413200
100,2.94E+08,5.30E+06,3326843,3326842,0,424050
100,2.90E+08,5.35E+06,3326856,3326856,0,413050
100,2.93E+08,5.31E+06,3326866,3326866,0,422350
100,2.95E+08,5.31E+06,3326868,3326868,0,425800
100,2.94E+08,5.33E+06,3326880,3326879,0,423000
100,2.93E+08,5.37E+06,3326881,3326881,0,423000
100,2.90E+08,5.32E+06,3326895,3326894,0,413050
100,2.89E+08,5.41E+06,3326908,3326909,0,409000
100,2.93E+08,5.30E+06,3326922,3326920,0,422900
100,2.90E+08,5.30E+06,3326924,3326924,0,413050
100,2.93E+08,5.32E+06,3326941,3326939,0,423000
100,2.90E+08,5.42E+06,3326947,3326947,0,410800
100,2.98E+08,5.30E+06,3326949,3326950,0,433150
100,2.98E+08,5.30E+06,3326956,3326956,0,432950
100,2.93E+08,5.32E+06,3326957,3326957,0,423000
100,2.91E+08,5.32E+06,3326962,3326962,0,413200
100,2.97E+08,5.32E+06,3326965,3326961,0,432950
100,2.93E+08,5.36E+06,3326980,3326981,0,422900
100,2.93E+08,5.31E+06,3326988,3326987,0,422950
100,2.93E+08,5.30E+06,3326994,3326993,0,422100
100,2.93E+08,5.31E+06,3327000,3327002,0,422600
100,2.93E+08,5.34E+06,3327009,3327009,0,423000
100,2.91E+08,5.36E+06,3327032,3327025,0,413200
100,2.93E+08,5.37E+06,3327040,3327040,0,422350
100,2.90E+08,5.40E+06,3327051,3327051,0,409950
100,2.91E+08,5.30E+06,3327054,3327054,0,413250
100,2.89E+08,5.31E+06,3327056,3327059,0,409000
100,2.93E+08,5.31E+06,3327056,3327054,0,423000
100,2.93E+08,5.30E+06,3327074,3327076,0,423000
100,2.90E+08,5.30E+06,3327078,3327078,0,409950
100,2.97E+08,5.31E+06,3327079,3327079,0,432950
100,2.90E+08,5.33E+06,3327085,3327083,0,409800
100,2.93E+08,5.40E+06,3327092,3327093,0,423000
100,2.90E+08,5.31E+06,3327094,3327094,0,409800
100,2.93E+08,5.30E+06,3327097,3327096,0,422350
100,2.95E+08,5.30E+06,3327101,3327101,0,424550
100,2.91E+08,5.30E+06,3327107,3327109,0,414200
100,2.91E+08,5.33E+06,3327109,3327109,0,413200
100,2.98E+08,5.30E+06,3327109,3327110,0,433150
100,2.93E+08,5.31E+06,3327114,3327114,0,423000
100,2.97E+08,5.31E+06,3327114,3327116,0,432950
100,2.93E+08,5.30E+06,3327126,3327126,0,422900
100,2.90E+08,5.31E+06,3327133,3327133,0,409950
100,2.93E+08,5.31E+06,3327133,3327133,0,422900
100,2.93E+08,5.32E+06,3327137,3327138,0,422900
100,2.89E+08,5.39E+06,3327143,3327143,0,409150
100,2.94E+08,5.30E+06,3327144,3327145,0,424050
100,2.91E+08,5.30E+06,3327149,3327146,0,413250
100,2.93E+08,5.43E+06,3327168,3327168,0,422350
100,2.93E+08,5.30E+06,3327189,3327189,0,422900
100,2.93E+08,5.30E+06,3327190,3327190,0,422950
100,2.90E+08,5.31E+06,3327192,3327192,0,409950
100,2.93E+08,5.32E+06,3327201,3327200,0,422100
100,2.90E+08,5.30E+06,3327205,3327207,0,409950
100,2.94E+08,5.32E+06,3327207,3327207,0,423000
100,2.91E+08,5.37E+06,3327222,3327221,0,413150
100,2.93E+08,5.31E+06,3327259,3327259,0,422600
100,2.93E+08,5.30E+06,3327263,3327265,0,422950
100,2.90E+08,5.44E+06,3327287,3327287,0,410800
100,2.93E+08,5.36E+06,3327304,3327302,0,423000
100,2.91E+08,5.30E+06,3327309,3327309,0,413250
100,2.90E+08,5.30E+06,3327321,3327321,0,409950
100,2.90E+08,5.30E+06,3327333,3327333,0,409800
100,2.97E+08,5.55E+06,3327343,3327343,0,432950
100,2.93E+08,5.32E+06,3327347,3327346,0,422900
100,2.90E+08,5.30E+06,3327356,3327356,0,409950
100,2.98E+08,5.31E+06,3327356,3327356,0,433150
100,2.98E+08,5.30E+06,3327368,3327372,0,433150
100,2.93E+08,5.30E+06,3327370,3327370,0,423000
100,2.89E+08,5.37E+06,3327380,3327380,0,409000
100,2.91E+08,5.30E+06,3327389,3327390,0,413250
100,2.93E+08,5.30E+06,3327390,3327390,0,422350
100,2.94E+08,5.31E+06,3327390,3327389,0,424050
100,2.91E+08,5.31E+06,3327399,3327398,0,413200
100,2.93E+08,5.32E+06,3327399,3327401,0,422350
100,2.93E+08,5.30E+06,3327408,3327407,0,422350
100,2.90E+08,5.30E+06,3327425,3327424,0,410800
100,2.94E+08,5.30E+06,3327432,3327432,0,423000
100,2.90E+08,5.30E+06,3327458,3327459,0,409800
100,2.90E+08,5.31E+06,3327467,3327470,0,413150
100,2.97E+08,5.31E+06,3327474,3327473,0,432950
100,2.93E+08,5.31E+06,3327481,3327480,0,422950
100,2.90E+08,5.30E+06,3327484,3327479,0,409800
100,2.94E+08,5.31E+06,3327489,3327489,0,423000
100,2.93E+08,5.32E+06,3327490,3327490,0,421650
100,2.93E+08,5.30E+06,3327497,3327492,0,422100
100,2.90E+08,5.33E+06,3327501,3327501,0,409800
100,2.90E+08,5.33E+06,3327502,3327504,0,410800
100,2.93E+08,5.31E+06,3327522,3327519,0,423000
100,2.90E+08,5.31E+06,3327531,3327527,0,413050
100,2.90E+08,5.30E+06,3327553,3327552,0,409800
100,2.90E+08,5.36E+06,3327553,3327552,0,410800
100,2.90E+08,5.30E+06,3327562,3327557,0,409950
100,2.90E+08,5.30E+06,3327562,3327562,0,413050
100,2.90E+08,5.31E+06,3327566,3327566,0,413150
100,2.91E+08,5.32E+06,3327567,3327562,0,413150
100,2.93E+08,5.30E+06,3327568,3327568,0,423000
100,2.93E+08,5.33E+06,3327575,3327574,0,423000
100,2.93E+08,5.33E+06,3327581,3327581,0,422900
100,2.93E+08,5.30E+06,3327588,3327587,0,422900
100,2.93E+08,5.32E+06,3327594,3327594,0,422350
100,2.89E+08,5.30E+06,3327598,3327593,0,409400
100,2.91E+08,5.33E+06,3327604,3327602,0,413200
100,2.90E+08,5.33E+06,3327618,3327618,0,409800
100,2.90E+08,5.31E+06,3327631,3327633,0,409950
100,2.90E+08,5.35E+06,3327649,3327649,0,409950
100,2.89E+08,5.30E+06,3327650,3327650,0,409000
100,2.91E+08,5.39E+06,3327656,3327653,0,413200
100,2.93E+08,5.31E+06,3327660,3327658,0,422900
100,2.93E+08,5.31E+06,3327715,3327715,0,423000
100,2.89E+08,5.32E+06,3327722,3327722,0,409000
100,2.90E+08,5.33E+06,3327725,3327725,0,410800
100,2.94E+08,5.37E+06,3327730,3327731,0,423000
100,2.90E+08,5.30E+06,3327731,3327732,0,413150
100,2.93E+08,5.30E+06,3327735,3327734,0,423000
100,2.93E+08,5.31E+06,3327743,3327742,0,422350
100,2.90E+08,5.30E+06,3327745,3327745,0,409800
100,2.90E+08,5.45E+06,3327749,3327749,0,413050
100,2.91E+08,5.30E+06,3327757,3327757,0,413200
100,2.97E+08,5.30E+06,3327774,3327774,0,429900
100,2.93E+08,5.31E+06,3327777,3327775,0,422350
100,2.90E+08,5.32E+06,3327785,3327785,0,409950
100,2.90E+08,5.41E+06,3327790,3327793,0,413050
100,2.94E+08,5.31E+06,3327795,3327793,0,423000
100,2.93E+08,5.37E+06,3327815,3327815,0,421600
100,2.93E+08,5.42E+06,3327818,3327818,0,422350
100,2.98E+08,5.30E+06,3327844,3327844,0,433150
100,2.97E+08,5.30E+06,3327847,3327851,0,432950
100,2.91E+08,5.33E+06,3327850,3327850,0,413200
100,2.93E+08,5.34E+06,3327851,3327852,0,422950
100,2.93E+08,5.30E+06,3327858,3327859,0,422600
100,2.93E+08,5.30E+06,3327863,3327862,0,422950
100,2.90E+08,5.30E+06,3327874,3327873,0,409800
100,2.97E+08,5.31E+06,3327880,3327879,0,429900
100,2.90E+08,5.31E+06,3327891,3327893,0,413150
100,2.97E+08,5.30E+06,3327899,3327899,0,432950
100,2.91E+08,5.30E+06,3327901,3327899,0,413250
100,2.97E+08,5.37E+06,3327904,3327904,0,432950
100,2.89E+08,5.30E+06,3327905,3327905,0,409000
100,2.93E+08,5.30E+06,3327905,3327903,0,422950
100,2.98E+08,5.30E+06,3327906,3327906,0,433150
100,2.97E+08,5.31E+06,3327913,3327913,0,432950
100,2.93E+08,5.31E+06,3327915,3327909,0,422950
100,2.97E+08,5.30E+06,3327922,3327923,0,429900
100,2.90E+08,5.30E+06,3327943,3327943,0,410800
100,2.93E+08,5.34E+06,3327944,3327942,0,421600
100,2.90E+08,5.36E+06,3327947,3327945,0,409800
100,2.94E+08,5.30E+06,3327954,3327955,0,424050
100,2.89E+08,5.64E+06,3327969,3327969,0,409400
100,2.91E+08,5.30E+06,3327979,3327979,0,413200
100,2.89E+08,5.33E+06,3328003,3328002,0,409000
100,2.93E+08,5.30E+06,3328003,3328004,0,423000
100,2.90E+08,5.34E+06,3328006,3328006,0,409950
100,2.98E+08,5.30E+06,3328010,3328014,0,433150
100,2.97E+08,5.30E+06,3328011,3328011,0,432950
100,2.94E+08,5.30E+06,3328020,3328017,0,423000
100,2.91E+08,5.30E+06,3328040,3328041,0,413200
100,2.90E+08,5.31E+06,3328050,3328050,0,413150
100,2.85E+08,5.79E+06,3328051,3328051,0,397200
100,2.93E+08,5.30E+06,3328051,3328052,0,422950
100,2.90E+08,5.33E+06,3328058,3328058,0,413150
100,2.98E+08,5.32E+06,3328072,3328072,0,433150
100,2.97E+08,5.31E+06,3328074,3328074,0,432950
100,2.96E+08,5.33E+06,3328075,3328075,0,429300
100,2.90E+08,5.34E+06,3328079,3328079,0,413050
100,2.91E+08,5.32E+06,3328080,3328080,0,413200
100,2.98E+08,5.30E+06,3328088,3328086,0,433150
100,2.94E+08,5.30E+06,3328090,3328089,0,423000
100,2.90E+08,5.30E+06,3328094,3328094,0,409950
100,2.90E+08,5.34E+06,3328105,3328104,0,409800
100,2.90E+08,5.32E+06,3328106,3328106,0,409950
100,2.90E+08,5.30E+06,3328113,3328113,0,409800
100,2.97E+08,5.35E+06,3328114,3328105,0,432950
100,2.97E+08,5.35E+06,3328122,3328119,0,432950
100,2.90E+08,5.30E+06,3328134,3328130,0,409950
100,2.89E+08,5.30E+06,3328140,3328140,0,409000
100,2.90E+08,5.31E+06,3328162,3328165,0,409800
100,2.93E+08,5.31E+06,3328167,3328167,0,422950
100,2.97E+08,5.42E+06,3328190,3328190,0,432950
100,2.91E+08,5.33E+06,3328191,3328191,0,413250
100,2.90E+08,5.30E+06,3328200,3328200,0,413150
100,2.87E+08,5.40E+06,3328222,3328222,0,401250
100,2.98E+08,5.57E+06,3328222,3328218,0,433150
100,2.91E+08,5.30E+06,3328239,3328239,0,413250
100,2.97E+08,5.40E+06,3328247,3328246,0,432950
100,2.97E+08,5.31E+06,3328252,3328252,0,432950
100,2.91E+08,5.30E+06,3328268,3328267,0,413200
100,2.97E+08,5.40E+06,3328271,3328269,0,429900
100,2.90E+08,5.37E+06,3328290,3328288,0,413150
100,2.91E+08,5.34E+06,3328293,3328288,0,413200
100,2.93E+08,5.34E+06,3328298,3328298,0,422900
100,2.89E+08,5.30E+06,3328328,3328328,0,409000
100,2.90E+08,5.31E+06,3328355,3328352,0,413150
100,2.97E+08,5.31E+06,3328358,3328358,0,429900
100,2.90E+08,5.34E+06,3328360,3328361,0,409800
100,2.90E+08,5.32E+06,3328367,3328369,0,409800
100,2.90E+08,5.30E+06,3328382,3328384,0,413150
100,2.90E+08,5.44E+06,3328388,3328388,0,413150
100,2.97E+08,5.31E+06,3328388,3328384,0,429500
100,2.94E+08,5.30E+06,3328396,3328395,0,423000
100,2.98E+08,5.30E+06,3328400,3328404,0,433150
100,2.89E+08,5.35E+06,3328422,3328423,0,409400
100,2.93E+08,5.30E+06,3328429,3328429,0,423000
100,2.98E+08,5.36E+06,3328434,3328434,0,433150
100,2.97E+08,5.32E+06,3328440,3328440,0,429900
100,2.95E+08,5.30E+06,3328449,3328447,0,425800
100,2.97E+08,5.31E+06,3328468,3328466,0,429900
100,2.93E+08,5.30E+06,3328475,3328475,0,422600
100,2.90E+08,5.34E+06,3328480,3328480,0,413050
100,2.94E+08,5.32E+06,3328481,3328479,0,424050
100,2.91E+08,5.30E+06,3328490,3328492,0,413200
100,2.89E+08,5.35E+06,3328492,3328494,0,409000
100,2.97E+08,5.45E+06,3328505,3328506,0,432950
100,2.90E+08,5.33E+06,3328512,3328510,0,413050
100,2.90E+08,5.38E+06,3328518,3328518,0,409950
100,2.97E+08,5.36E+06,3328523,3328524,0,429900
100,2.97E+08,5.34E+06,3328525,3328524,0,429900
100,2.93E+08,5.33E+06,3328528,3328531,0,421600
100,2.90E+08,5.42E+06,3328540,3328539,0,409800
100,2.93E+08,5.36E+06,3328567,3328568,0,422900
100,2.94E+08,5.38E+06,3328568,3328568,0,424050
100,2.97E+08,5.32E+06,3328595,3328597,0,432950
100,2.90E+08,5.35E+06,3328596,3328595,0,413150
100,2.90E+08,5.32E+06,3328611,3328615,0,413150
100,2.90E+08,5.31E+06,3328622,3328619,0,409950
100,2.90E+08,5.31E+06,3328633,3328637,0,409800
100,2.93E+08,5.34E+06,3328634,3328632,0,422950
100,2.93E+08,5.30E+06,3328636,3328634,0,422900
100,2.93E+08,5.30E+06,3328650,3328650,0,423000
100,2.98E+08,5.30E+06,3328660,3328659,0,433150
100,2.93E+08,5.30E+06,3328671,3328673,0,422900
100,2.89E+08,5.32E+06,3328677,3328680,0,409000
100,2.93E+08,5.30E+06,3328677,3328674,0,422900
100,2.93E+08,5.37E+06,3328684,3328685,0,422350
100,2.90E+08,5.32E+06,3328702,3328704,0,413150
100,2.93E+08,5.32E+06,3328705,3328708,0,423000
100,2.93E+08,5.33E+06,3328707,3328705,0,423000
100,2.97E+08,5.30E+06,3328718,3328719,0,432950
100,2.89E+08,5.33E+06,3328742,3328743,0,409200
100,2.91E+08,5.38E+06,3328742,3328743,0,413150
100,2.91E+08,5.30E+06,3328745,3328744,0,413250
100,2.94E+08,5.35E+06,3328748,3328746,0,423000
100,2.90E+08,5.31E+06,3328755,3328755,0,410750
100,2.97E+08,5.31E+06,3328761,3328762,0,429900
100,2.97E+08,5.32E+06,3328763,3328764,0,429900
100,2.97E+08,5.32E+06,3328764,3328765,0,429900
100,2.93E+08,5.35E+06,3328772,3328770,0,422900
100,2.97E+08,5.32E+06,3328772,3328770,0,432950
100,2.90E+08,5.31E+06,3328778,3328779,0,413150
100,2.90E+08,5.30E+06,3328782,3328782,0,409800
100,2.94E+08,5.30E+06,3328783,3328780,0,423000
100,2.91E+08,5.30E+06,3328796,3328798,0,413200
100,2.93E+08,5.30E+06,3328801,3328801,0,422100
100,2.97E+08,5.34E+06,3328805,3328809,0,429500
100,2.93E+08,5.31E+06,3328811,3328811,0,423000
100,2.89E+08,5.47E+06,3328833,3328833,0,406800
100,2.97E+08,5.33E+06,3328842,3328846,0,429900
100,2.93E+08,5.34E+06,3328848,3328849,0,423000
100,2.93E+08,5.43E+06,3328855,3328854,0,422350
100,2.90E+08,5.30E+06,3328857,3328857,0,410800
100,2.93E+08,5.39E+06,3328860,3328860,0,423000
100,2.97E+08,5.30E+06,3328880,3328881,0,429900
100,2.98E+08,5.30E+06,3328880,3328881,0,433150
100,2.93E+08,5.30E+06,3328883,3328883,0,422950
100,2.90E+08,5.30E+06,3328888,3328888,0,413050
100,2.90E+08,5.38E+06,3328898,3328895,0,409950
100,2.90E+08,5.59E+06,3328903,3328903,0,410800
100,2.97E+08,5.30E+06,3328910,3328910,0,432950
100,2.94E+08,5.30E+06,3328922,3328921,0,424050
100,2.90E+08,5.35E+06,3328924,3328925,0,410800
100,2.91E+08,5.30E+06,3328935,3328935,0,413200
100,2.93E+08,5.30E+06,3328938,3328935,0,422350
100,2.98E+08,5.50E+06,3328962,3328964,0,433150
100,2.94E+08,5.30E+06,3328974,3328975,0,424050
100,2.93E+08,5.35E+06,3328977,3328977,0,422350
100,2.93E+08,5.31E+06,3328977,3328976,0,422900
100,2.91E+08,5.30E+06,3328983,3328981,0,413200
100,2.91E+08,5.30E+06,3328984,3328984,0,413200
100,2.90E+08,5.32E+06,3328999,3328998,0,413150
100,2.93E+08,5.31E+06,3329007,3329007,0,422950
100,2.90E+08,5.30E+06,3329025,3329024,0,409800
100,2.90E+08,5.33E+06,3329028,3329027,0,413050
100,2.98E+08,5.30E+06,3329032,3329029,0,433150
100,2.90E+08,5.30E+06,3329036,3329036,0,413150
100,2.90E+08,5.30E+06,3329037,3329037,0,413150
100,2.93E+08,5.33E+06,3329038,3329037,0,422900
100,2.93E+08,5.30E+06,3329062,3329061,0,422350
100,2.93E+08,5.32E+06,3329065,3329062,0,421600
100,2.93E+08,5.32E+06,3329067,3329067,0,422900
100,2.98E+08,5.33E+06,3329073,3329073,0,433150
100,2.97E+08,5.35E+06,3329075,3329075,0,429500
100,2.93E+08,5.38E+06,3329080,3329080,0,422600
100,2.93E+08,5.30E+06,3329094,3329094,0,422100
100,2.93E+08,5.30E+06,3329099,3329101,0,422900
100,2.97E+08,5.31E+06,3329099,3329101,0,432950
100,2.95E+08,5.30E+06,3329105,3329106,0,424550
100,2.91E+08,5.30E+06,3329124,3329124,0,413200
100,2.89E+08,5.42E+06,3329128,3329127,0,409400
100,2.94E+08,5.30E+06,3329138,3329138,0,424050
100,2.93E+08,5.32E+06,3329141,3329144,0,421600
100,2.93E+08,5.32E+06,3329142,3329140,0,422900
100,2.90E+08,5.30E+06,3329155,3329158,0,413150
100,2.94E+08,5.35E+06,3329167,3329167,0,423000
100,2.94E+08,5.33E+06,3329168,3329169,0,424050
100,2.98E+08,5.32E+06,3329169,3329169,0,433150
100,2.90E+08,5.30E+06,3329175,3329175,0,409800
100,2.93E+08,5.30E+06,3329184,3329183,0,422950
100,2.93E+08,5.30E+06,3329187,3329187,0,422950
100,2.90E+08,5.30E+06,3329188,3329188,0,409950
100,2.93E+08,5.31E+06,3329188,3329188,0,422900
100,2.90E+08,5.31E+06,3329189,3329189,0,409950
100,2.90E+08,5.37E+06,3329195,3329190,0,413050
100,2.93E+08,5.32E+06,3329205,3329205,0,423000
100,2.93E+08,5.30E+06,3329212,3329212,0,423000
100,2.93E+08,5.32E+06,3329235,3329235,0,422350
100,2.97E+08,5.30E+06,3329272,3329273,0,432950
100,2.93E+08,5.33E+06,3329296,3329297,0,422350
100,2.90E+08,5.30E+06,3329297,3329302,0,413150
100,2.90E+08,5.35E+06,3329313,3329312,0,409750
100,2.90E+08,5.34E+06,3329315,3329315,0,413050
100,2.94E+08,5.34E+06,3329320,3329320,0,423000
100,2.93E+08,5.30E+06,3329325,3329328,0,423000
100,2.93E+08,5.31E+06,3329339,3329338,0,423000
100,2.98E+08,5.30E+06,3329340,3329340,0,433150
100,2.93E+08,5.31E+06,3329347,3329348,0,423000
100,2.94E+08,5.30E+06,3329352,3329351,0,423000
100,2.97E+08,5.30E+06,3329361,3329361,0,429900
100,2.90E+08,5.40E+06,3329364,3329365,0,409800
100,2.89E+08,5.30E+06,3329369,3329370,0,409000
100,2.91E+08,5.30E+06,3329380,3329380,0,413150
100,2.93E+08,5.30E+06,3329381,3329379,0,422350
100,2.90E+08,5.30E+06,3329385,3329385,0,413050
100,2.91E+08,5.34E+06,3329389,3328584,0,413200
100,2.97E+08,5.30E+06,3329418,3329415,0,429900
100,2.97E+08,5.30E+06,3329423,3329423,0,429900
100,2.90E+08,5.34E+06,3329438,3329438,0,410800
100,2.93E+08,5.30E+06,3329438,3329437,0,421600
100,2.94E+08,5.31E+06,3329467,3329459,0,423000
100,2.90E+08,5.30E+06,3329470,3329470,0,409950
100,2.97E+08,5.33E+06,3329487,3329487,0,429900
100,2.97E+08,5.30E+06,3329495,3329498,0,432950
100,2.97E+08,5.31E+06,3329500,3329498,0,432950
100,2.94E+08,5.30E+06,3329509,3329510,0,423000
100,2.93E+08,5.31E+06,3329512,3329512,0,423000
100,2.90E+08,5.32E+06,3329513,3329515,0,409750
100,2.90E+08,5.30E+06,3329527,3329527,0,409950
100,2.94E+08,5.30E+06,3329529,3329530,0,423000
100,2.87E+08,5.35E+06,3329539,3329537,0,401250
100,2.91E+08,5.34E+06,3329541,3329539,0,413200
100,2.90E+08,5.30E+06,3329544,3329544,0,409800
100,2.97E+08,5.30E+06,3329548,3329548,0,432950
100,2.97E+08,5.34E+06,3329552,3329552,0,432950
100,2.89E+08,5.35E+06,3329565,3329565,0,409000
100,2.93E+08,5.30E+06,3329570,3329570,0,423000
100,2.91E+08,5.32E+06,3329582,3329582,0,413250
100,2.93E+08,5.31E+06,3329587,3329587,0,422600
100,2.90E+08,5.31E+06,3329596,3329595,0,413050
100,2.93E+08,5.30E+06,3329597,3329596,0,423000
100,2.93E+08,5.31E+06,3329600,3329600,0,422900
100,2.93E+08,5.40E+06,3329606,3329606,0,422950
100,2.90E+08,5.33E+06,3329611,3329611,0,413050
100,2.93E+08,5.32E+06,3329611,3329612,0,422900
100,2.91E+08,5.34E+06,3329613,3329613,0,414150
100,2.93E+08,5.34E+06,3329632,3329632,0,422900
100,2.93E+08,5.30E+06,3329639,3329639,0,422350
100,2.94E+08,5.33E+06,3329641,3329638,0,423000
100,2.93E+08,5.31E+06,3329643,3329643,0,423000
100,2.89E+08,5.35E+06,3329644,3329644,0,409400
100,2.93E+08,5.32E+06,3329653,3329653,0,422950
100,2.97E+08,5.37E+06,3329655,3329656,0,432950
100,2.98E+08,5.31E+06,3329660,3329660,0,433150
100,2.89E+08,5.31E+06,3329671,3329670,0,409000
100,2.93E+08,5.31E+06,3329681,3329681,0,422900
100,2.89E+08,5.30E+06,3329689,3329690,0,409000
100,2.90E+08,5.31E+06,3329697,3329696,0,409950
100,2.90E+08,5.30E+06,3329710,3329710,0,409800
100,2.97E+08,5.32E+06,3329725,3329722,0,432950
100,2.94E+08,5.35E+06,3329727,3329729,0,423000
100,2.97E+08,5.44E+06,3329734,3329734,0,429900
100,2.94E+08,5.38E+06,3329736,3329737,0,423000
100,2.93E+08,5.48E+06,3329742,3329742,0,422900
100,2.90E+08,5.35E+06,3329758,3329757,0,413050
100,2.93E+08,5.33E+06,3329761,3329761,0,422900
100,2.90E+08,5.36E+06,3329765,3329765,0,409950
100,2.90E+08,5.30E+06,3329767,3329770,0,409950
100,2.93E+08,5.30E+06,3329776,3329776,0,423000
100,2.90E+08,5.34E+06,3329788,3329792,0,409950
100,2.93E+08,5.30E+06,3329791,3329790,0,422100
100,2.90E+08,5.30E+06,3329816,3329817,0,409950
100,2.90E+08,5.32E+06,3329819,3329817,0,410800
100,2.91E+08,5.32E+06,3329826,3329824,0,413250
100,2.94E+08,5.30E+06,3329840,3329840,0,423000
100,2.93E+08,5.31E+06,3329845,3329843,0,423000
100,2.90E+08,5.32E+06,3329851,3329851,0,409950
100,2.93E+08,5.45E+06,3329864,3329864,0,422100
100,2.98E+08,5.32E+06,3329873,3329873,0,433150
100,2.90E+08,5.30E+06,3329881,3329879,0,409950
100,2.93E+08,5.32E+06,3329884,3329880,0,422900
100,2.93E+08,5.30E+06,3329884,3329886,0,422900
100,2.90E+08,5.30E+06,3329890,3329890,0,413150
100,2.90E+08,5.35E+06,3329892,3329890,0,413150
100,2.90E+08,5.35E+06,3329908,3329909,0,409800
100,2.94E+08,5.35E+06,3329933,3329932,0,423000
100,2.91E+08,5.30E+06,3329941,3329943,0,413950
100,2.94E+08,5.33E+06,3329949,3329948,0,423000
100,2.93E+08,5.37E+06,3329953,3329953,0,421650
100,2.97E+08,5.31E+06,3329957,3329958,0,429900
100,2.93E+08,5.30E+06,3329960,3329958,0,422900
100,2.93E+08,5.38E+06,3329981,3329981,0,422950
100,2.90E+08,5.33E+06,3329982,3329981,0,409950
100,2.91E+08,5.30E+06,3329983,3329981,0,413250
100,2.90E+08,5.30E+06,3329985,3329985,0,413150
100,2.93E+08,5.30E+06,3329992,3329992,0,422900
100,2.93E+08,5.31E+06,3329995,3329996,0,423000
100,2.90E+08,5.31E+06,3329999,3329993,0,413150
100,2.90E+08,5.34E+06,3330005,3330005,0,413150
100,2.89E+08,5.34E+06,3330012,3330013,0,409400
100,2.93E+08,5.30E+06,3330019,3330018,0,422950
100,2.90E+08,5.30E+06,3330049,3330049,0,409950
100,2.91E+08,5.30E+06,3330069,3330069,0,413250
100,2.90E+08,5.30E+06,3330075,3330078,0,409950
100,2.93E+08,5.30E+06,3330092,3330091,0,423000
100,2.93E+08,5.30E+06,3330116,3330116,0,422600
100,2.98E+08,5.30E+06,3330119,3330114,0,433150
100,2.90E+08,5.30E+06,3330127,3330128,0,413050
100,2.93E+08,5.33E+06,3330139,3330136,0,422900
100,2.91E+08,5.30E+06,3330142,3330142,0,413200
100,2.90E+08,5.37E+06,3330151,3330152,0,409800
100,2.93E+08,5.30E+06,3330159,3330158,0,422950
100,2.90E+08,5.33E+06,3330163,3330163,0,409750
100,2.89E+08,5.31E+06,3330178,3330178,0,409400
100,2.93E+08,5.30E+06,3330184,3330183,0,422350
100,2.90E+08,5.32E+06,3330197,3330197,0,410800
100,2.93E+08,5.33E+06,3330198,3330194,0,423000
100,2.89E+08,5.30E+06,3330209,3330213,0,409000
100,2.90E+08,5.36E+06,3330214,3330214,0,409800
100,2.93E+08,5.32E+06,3330218,3330218,0,422600
100,2.93E+08,5.30E+06,3330235,3330234,0,422900
100,2.90E+08,5.30E+06,3330241,3330241,0,409950
100,2.93E+08,5.30E+06,3330263,3330262,0,422950
100,2.93E+08,5.63E+06,3330266,3330264,0,423000
100,2.90E+08,5.30E+06,3330287,3330287,0,409800
100,2.90E+08,5.30E+06,3330295,3330297,0,409800
100,2.93E+08,5.30E+06,3330297,3330296,0,422600
100,2.93E+08,5.36E+06,3330309,3330307,0,422900
100,2.89E+08,5.32E+06,3330314,3330313,0,409400
100,2.93E+08,5.31E+06,3330329,3330330,0,423000
100,2.97E+08,5.30E+06,3330332,3330332,0,432950
100,2.90E+08,5.32E+06,3330334,3330334,0,409800
100,2.91E+08,5.30E+06,3330346,3330347,0,413200
100,2.97E+08,5.33E+06,3330351,3330351,0,429900
100,2.90E+08,5.31E+06,3330360,3330364,0,409950
100,2.93E+08,5.31E+06,3330368,3330367,0,422350
100,2.90E+08,5.33E+06,3330370,3330370,0,410800
100,2.90E+08,5.31E+06,3330370,3330370,0,413150
100,2.93E+08,5.30E+06,3330387,3330388,0,423000
100,2.91E+08,5.31E+06,3330389,3330388,0,413200
100,2.91E+08,5.30E+06,3330400,3330402,0,413200
100,2.89E+08,5.32E+06,3330435,3330435,0,409000
100,2.93E+08,5.32E+06,3330455,3330456,0,422900
100,2.98E+08,5.32E+06,3330463,3330462,0,433150
100,2.90E+08,5.31E+06,3330467,3330470,0,409800
100,2.97E+08,5.55E+06,3330484,3330478,0,432950
100,2.93E+08,5.30E+06,3330493,3330493,0,422600
100,2.93E+08,5.31E+06,3330501,3330500,0,423000
100,2.91E+08,5.31E+06,3330503,3330503,0,413200
100,2.97E+08,5.30E+06,3330505,3330507,0,432950
100,2.90E+08,5.30E+06,3330515,3330516,0,413050
100,2.93E+08,5.33E+06,3330516,3330518,0,422350
100,2.90E+08,5.32E+06,3330520,3330520,0,409800
100,2.90E+08,5.34E+06,3330521,3330520,0,409800
100,2.97E+08,5.30E+06,3330521,3330521,0,432950
100,2.90E+08,5.31E+06,3330529,3330528,0,413150
100,2.90E+08,5.30E+06,3330535,3330537,0,413150
100,2.90E+08,5.32E+06,3330540,3330540,0,410800
100,2.94E+08,5.30E+06,3330541,3330541,0,423000
100,2.97E+08,5.33E+06,3330562,3330562,0,429900
100,2.93E+08,5.36E+06,3330572,3330577,0,422900
100,2.90E+08,5.30E+06,3330575,3330572,0,413150
100,2.90E+08,5.31E+06,3330576,3330573,0,410800
100,2.90E+08,5.30E+06,3330576,3330575,0,413050
100,2.98E+08,5.30E+06,3330597,3330597,0,432950
100,2.90E+08,5.34E+06,3330605,3330605,0,413150
100,2.93E+08,5.34E+06,3330605,3330605,0,422350
100,2.93E+08,5.35E+06,3330614,3330613,0,422100
100,2.93E+08,5.35E+06,3330619,3330619,0,422350
100,2.89E+08,5.31E+06,3330628,3330628,0,409400
100,2.85E+08,5.85E+06,3330654,3330654,0,397200
100,2.98E+08,5.35E+06,3330668,3330667,0,433150
100,2.98E+08,5.33E+06,3330680,3330680,0,432950
100,2.94E+08,5.30E+06,3330688,3330688,0,424050
100,2.93E+08,5.30E+06,3330717,3330717,0,422600
100,2.91E+08,5.33E+06,3330726,3330726,0,414200
100,2.90E+08,5.30E+06,3330728,3330729,0,409950
100,2.93E+08,5.30E+06,3330731,3330731,0,423000
100,2.93E+08,5.30E+06,3330770,3330771,0,422900
100,2.90E+08,5.30E+06,3330796,3330796,0,409800
100,2.91E+08,5.34E+06,3330808,3330807,0,413200
100,2.94E+08,5.33E+06,3330811,3330810,0,423000
100,2.90E+08,5.32E+06,3330820,3330822,0,413150
100,2.91E+08,5.30E+06,3330829,3330829,0,414200
100,2.89E+08,5.30E+06,3330833,3330828,0,409000
100,2.93E+08,5.32E+06,3330856,3330856,0,422900
100,2.90E+08,5.33E+06,3330869,3330866,0,409950
100,2.93E+08,5.33E+06,3330879,3330880,0,421600
100,2.93E+08,5.30E+06,3330893,3330894,0,423000
100,2.93E+08,5.41E+06,3330901,3330903,0,422900
100,2.91E+08,5.30E+06,3330902,3330902,0,413200
100,2.97E+08,5.31E+06,3330909,3330906,0,432950
100,2.98E+08,5.30E+06,3330913,3330914,0,433150
100,2.89E+08,5.36E+06,3330917,3330917,0,409000
100,2.98E+08,5.36E+06,3330926,3330926,0,433150
100,2.94E+08,5.31E+06,3330927,3330927,0,423000
100,2.94E+08,5.31E+06,3330931,3330931,0,423000
100,2.98E+08,5.32E+06,3330938,3330938,0,432950
100,2.98E+08,5.32E+06,3330939,3330939,0,433150
100,2.90E+08,5.30E+06,3330940,3330940,0,413150
100,2.97E+08,5.30E+06,3330940,3330940,0,429500
100,2.89E+08,5.38E+06,3330966,3330966,0,409400
100,2.94E+08,5.36E+06,3330969,3330969,0,423000
100,2.90E+08,5.33E+06,3330973,3330972,0,413050
100,2.93E+08,5.36E+06,3330975,3330975,0,421600
100,2.91E+08,5.31E+06,3330983,3330985,0,413200
100,2.90E+08,5.31E+06,3330984,3330985,0,409950
100,2.90E+08,5.40E+06,3330986,3330986,0,413050
100,2.91E+08,5.31E+06,3331002,3330999,0,413200
100,2.93E+08,5.31E+06,3331005,3331005,0,422950
100,2.91E+08,5.30E+06,3331007,3331006,0,413250
100,2.91E+08,5.32E+06,3331021,3331019,0,413250
100,2.93E+08,5.32E+06,3331023,3331023,0,423000
100,2.93E+08,5.32E+06,3331025,3331026,0,422950
100,2.98E+08,5.31E+06,3331025,3331023,0,432950
100,2.93E+08,5.30E+06,3331048,3331049,0,423000
100,2.97E+08,5.33E+06,3331054,3331054,0,432950
100,2.94E+08,5.31E+06,3331066,3331065,0,423000
100,2.93E+08,5.31E+06,3331076,3331077,0,422600
100,2.91E+08,5.30E+06,3331085,3331085,0,413150
100,2.90E+08,5.34E+06,3331089,3331089,0,409800
100,2.93E+08,5.34E+06,3331090,3331089,0,422950
100,2.94E+08,5.30E+06,3331093,3331093,0,424050
100,2.97E+08,5.30E+06,3331095,3331092,0,432950
100,2.93E+08,5.30E+06,3331096,3331096,0,423000
100,2.93E+08,5.30E+06,3331100,3331100,0,422950
100,2.93E+08,5.32E+06,3331101,3331101,0,422900
100,2.97E+08,5.30E+06,3331105,3331103,0,429900
100,2.93E+08,5.30E+06,3331106,3331105,0,423000
100,2.90E+08,5.32E+06,3331117,3331116,0,409800
100,2.97E+08,5.33E+06,3331123,3331124,0,429900
100,2.90E+08,5.30E+06,3331125,3331127,0,413150
100,2.90E+08,5.30E+06,3331140,3331139,0,410800
100,2.97E+08,5.31E+06,3331145,3331145,0,429900
100,2.97E+08,5.30E+06,3331148,3331150,0,429900
100,2.93E+08,5.32E+06,3331157,3331159,0,423000
100,2.91E+08,5.32E+06,3331170,3331169,0,413200
100,2.93E+08,5.32E+06,3331195,3331195,0,423000
100,2.93E+08,5.32E+06,3331204,3331204,0,421600
100,2.93E+08,5.50E+06,3331205,3331205,0,422950
100,2.98E+08,5.30E+06,3331206,3331206,0,433150
100,2.89E+08,5.31E+06,3331213,3331213,0,409400
100,2.89E+08,5.34E+06,3331260,3331261,0,409000
100,2.91E+08,5.36E+06,3331279,3331275,0,413250
100,2.89E+08,5.33E+06,3331285,3331285,0,409000
100,2.97E+08,5.30E+06,3331286,3331286,0,432950
100,2.90E+08,5.32E+06,3331290,3331290,0,413150
100,2.93E+08,5.30E+06,3331296,3331295,0,423000
100,2.91E+08,5.30E+06,3331297,3331298,0,413250
100,2.89E+08,5.30E+06,3331304,3331304,0,406800
100,2.97E+08,5.30E+06,3331310,3331308,0,429900
100,2.93E+08,5.31E+06,3331318,3331315,0,422950
100,2.97E+08,5.30E+06,3331321,3331321,0,432950
100,2.93E+08,5.30E+06,3331327,3331325,0,423000
100,2.98E+08,5.30E+06,3331349,3331349,0,433150
100,2.89E+08,5.34E+06,3331356,3331358,0,406800
100,2.90E+08,5.30E+06,3331375,3331375,0,409950
100,2.93E+08,5.31E+06,3331384,3331383,0,423000
100,2.91E+08,5.30E+06,3331386,3331387,0,413200
100,2.97E+08,5.37E+06,3331409,3331409,0,429900
100,2.97E+08,5.30E+06,3331410,3331412,0,432950
100,2.90E+08,5.36E+06,3331411,3331409,0,413050
100,2.98E+08,5.63E+06,3331411,3331411,0,433150
100,2.94E+08,5.31E+06,3331420,3331420,0,423000
100,2.90E+08,5.30E+06,3331427,3331427,0,409800
100,2.93E+08,5.32E+06,3331462,3331462,0,422100
100,2.93E+08,5.30E+06,3331462,3331462,0,422350
100,2.93E+08,5.38E+06,3331466,3331466,0,421600
100,2.93E+08,5.30E+06,3331475,3331473,0,422600
100,2.93E+08,5.31E+06,3331482,3331483,0,422900
100,2.90E+08,5.32E+06,3331485,3331485,0,409950
100,2.90E+08,5.30E+06,3331494,3331494,0,413050
100,2.93E+08,5.34E+06,3331496,3331496,0,423000
100,2.98E+08,5.43E+06,3331496,3331496,0,433150
100,2.94E+08,5.30E+06,3331502,3331502,0,423000
100,2.94E+08,5.30E+06,3331503,3331503,0,423000
100,2.97E+08,5.32E+06,3331506,3331506,0,429900
100,2.89E+08,5.30E+06,3331507,3331511,0,409150
100,2.97E+08,5.37E+06,3331511,3331511,0,429900
100,2.94E+08,5.30E+06,3331513,3331514,0,424050
100,2.97E+08,5.31E+06,3331513,3331512,0,432950
100,2.90E+08,5.30E+06,3331516,3331513,0,409800
100,2.93E+08,5.37E+06,3331525,3331525,0,421600
100,2.93E+08,5.30E+06,3331531,3331526,0,422900
100,2.98E+08,5.30E+06,3331531,3331531,0,432950
100,2.90E+08,5.30E+06,3331541,3331541,0,413150
100,2.93E+08,5.30E+06,3331545,3331549,0,422950
100,2.97E+08,5.33E+06,3331555,3331554,0,429900
100,2.98E+08,5.33E+06,3331560,3331564,0,433150
100,2.98E+08,5.36E+06,3331562,3331561,0,433150
100,2.93E+08,5.41E+06,3331575,3331575,0,423000
100,2.93E+08,5.30E+06,3331579,3331582,0,422900
100,2.89E+08,5.46E+06,3331587,3331585,0,409000
100,2.91E+08,5.30E+06,3331591,3331590,0,413200
100,2.98E+08,5.30E+06,3331592,3331592,0,433150
100,2.90E+08,5.30E+06,3331599,3331600,0,409950
100,2.91E+08,5.30E+06,3331599,3331599,0,413250
100,2.94E+08,5.30E+06,3331600,3331600,0,424050
100,2.90E+08,5.32E+06,3331603,3331603,0,409950
100,2.93E+08,5.37E+06,3331605,3331598,0,421900
100,2.89E+08,5.30E+06,3331611,3331611,0,409000
100,2.90E+08,5.32E+06,3331623,3331623,0,413150
100,2.90E+08,5.31E+06,3331632,3331635,0,413050
100,2.97E+08,5.30E+06,3331634,3331634,0,429500
100,2.93E+08,5.32E+06,3331643,3331641,0,422350
100,2.97E+08,5.30E+06,3331651,3331651,0,429900
100,2.91E+08,5.31E+06,3331662,3331666,0,413200
100,2.90E+08,5.30E+06,3331671,3331670,0,409800
100,2.93E+08,5.30E+06,3331682,3331682,0,422350
100,2.98E+08,5.30E+06,3331685,3331685,0,432950
100,2.91E+08,5.30E+06,3331702,3331702,0,413250
100,2.93E+08,5.31E+06,3331707,3331706,0,422950
100,2.98E+08,5.60E+06,3331709,3331709,0,432950
100,2.93E+08,5.34E+06,3331711,3331713,0,422900
100,2.87E+08,5.34E+06,3331722,3331724,0,401250
100,2.97E+08,5.31E+06,3331726,3331725,0,429900
100,2.97E+08,5.35E+06,3331726,3331724,0,432950
100,2.91E+08,5.31E+06,3331742,3331742,0,413200
100,2.90E+08,5.30E+06,3331751,3331751,0,409950
100,2.97E+08,5.39E+06,3331772,3331772,0,432950
100,2.91E+08,5.35E+06,3331788,3331785,0,413200
100,2.90E+08,5.42E+06,3331795,3331793,0,413050
100,2.90E+08,5.34E+06,3331811,3331806,0,413150
100,2.90E+08,5.68E+06,3331815,3331815,0,413150
100,2.93E+08,5.30E+06,3331827,3331827,0,423000
100,2.93E+08,5.42E+06,3331842,3331842,0,422600
100,2.93E+08,5.31E+06,3331842,3331841,0,422900
100,2.90E+08,5.35E+06,3331850,3331850,0,409950
100,2.93E+08,5.30E+06,3331856,3331856,0,422950
100,2.97E+08,5.32E+06,3331857,3331857,0,429900
100,2.98E+08,5.30E+06,3331876,3331876,0,432950
100,2.98E+08,5.33E+06,3331892,3331892,0,433150
100,2.93E+08,5.37E+06,3331907,3331905,0,422950
100,2.97E+08,5.37E+06,3331907,3331906,0,432950
100,2.93E+08,5.34E+06,3331908,3331906,0,422900
100,2.93E+08,5.33E+06,3331916,3331915,0,422950
100,2.90E+08,5.49E+06,3331918,3331917,0,409800
100,2.97E+08,5.30E+06,3331919,3331918,0,429900
100,2.90E+08,5.31E+06,3331920,3331920,0,409950
100,2.90E+08,5.30E+06,3331926,3331926,0,409800
100,2.90E+08,5.35E+06,3331944,3331941,0,413050
100,2.93E+08,5.30E+06,3331946,3331946,0,423000
100,2.97E+08,5.31E+06,3331953,3331953,0,432950
100,2.94E+08,5.31E+06,3331966,3331966,0,424050
100,2.89E+08,5.43E+06,3331975,3331975,0,409000
100,2.93E+08,5.33E+06,3331980,3331980,0,422900
100,2.93E+08,5.37E+06,3331980,3331980,0,423000
100,2.90E+08,5.30E+06,3331997,3331995,0,409800
100,2.94E+08,5.30E+06,3332000,3331999,0,423000
100,2.90E+08,5.30E+06,3332008,3332002,0,409950
100,2.98E+08,5.30E+06,3332010,3332009,0,433150
100,2.93E+08,5.30E+06,3332015,3332008,0,422100
100,2.93E+08,5.31E+06,3332015,3332015,0,423000
100,2.97E+08,5.30E+06,3332015,3332014,0,432950
100,2.85E+08,5.47E+06,3332017,3332016,0,397200
100,2.90E+08,5.30E+06,3332041,3332041,0,409800
100,2.98E+08,5.30E+06,3332049,3332048,0,432950
100,2.91E+08,5.30E+06,3332053,3332053,0,413200
100,2.90E+08,5.41E+06,3332055,3332057,0,410750
100,2.91E+08,5.32E+06,3332059,3332059,0,413200
100,2.91E+08,5.30E+06,3332083,3332083,0,413200
100,2.90E+08,5.31E+06,3332084,3332083,0,409950
100,2.94E+08,5.43E+06,3332097,3332097,0,423000
100,2.93E+08,5.30E+06,3332099,3332101,0,421650
100,2.94E+08,5.38E+06,3332100,3332100,0,423000
100,2.97E+08,5.47E+06,3332100,3332101,0,432950
100,2.98E+08,5.34E+06,3332103,3332103,0,433150
100,2.90E+08,5.30E+06,3332117,3332117,0,409950
100,2.91E+08,5.32E+06,3332136,3332136,0,413200
100,2.94E+08,5.30E+06,3332140,3332140,0,423000
100,2.97E+08,5.32E+06,3332141,3332140,0,429500
100,2.90E+08,5.30E+06,3332148,3332151,0,413050
100,2.91E+08,5.30E+06,3332155,3332153,0,414200
100,2.90E+08,5.30E+06,3332156,3332156,0,409950
100,2.97E+08,5.32E+06,3332165,3332164,0,432950
100,2.98E+08,5.30E+06,3332169,3332169,0,432950
100,2.98E+08,5.30E+06,3332194,3332194,0,433150
100,2.97E+08,5.41E+06,3332216,3332215,0,432950
100,2.89E+08,5.32E+06,3332217,3332217,0,409400
100,2.98E+08,5.30E+06,3332236,3332236,0,433150
100,2.89E+08,5.41E+06,3332254,3332255,0,409000
100,2.90E+08,5.31E+06,3332265,3332264,0,413150
100,2.90E+08,5.31E+06,3332276,3332278,0,409950
100,2.90E+08,5.30E+06,3332281,3332281,0,409800
100,2.90E+08,5.33E+06,3332284,3332284,0,409750
100,2.89E+08,5.45E+06,3332287,3332283,0,409000
100,2.98E+08,5.30E+06,3332291,3332294,0,432950
100,2.98E+08,5.30E+06,3332294,3332294,0,433150
100,2.97E+08,5.32E+06,3332303,3332304,0,432950
100,2.89E+08,5.32E+06,3332304,3332304,0,409400
100,2.89E+08,5.32E+06,3332306,3332305,0,409000
100,2.90E+08,5.36E+06,3332345,3332345,0,409800
100,2.93E+08,5.30E+06,3332346,3332348,0,423000
100,2.90E+08,5.34E+06,3332358,3332358,0,410800
100,2.93E+08,5.30E+06,3332360,3332359,0,422900
100,2.89E+08,5.31E+06,3332365,3332365,0,409400
100,2.90E+08,5.30E+06,3332371,3332371,0,409950
100,2.98E+08,5.34E+06,3332371,3332366,0,433150
100,2.90E+08,5.32E+06,3332377,3332376,0,409950
100,2.97E+08,5.31E+06,3332387,3332390,0,429900
100,2.93E+08,5.33E+06,3332394,3332393,0,422950
100,2.93E+08,5.30E+06,3332400,3332400,0,422600
100,2.90E+08,5.30E+06,3332427,3332425,0,409800
100,2.93E+08,5.30E+06,3332428,3332428,0,422900
100,2.93E+08,5.33E+06,3332431,3332431,0,422900
100,2.93E+08,5.31E+06,3332444,3332446,0,422100
100,2.94E+08,5.30E+06,3332447,3332443,0,424050
100,2.93E+08,5.30E+06,3332460,3332464,0,423000
100,2.90E+08,5.33E+06,3332465,3332465,0,409950
100,2.93E+08,5.33E+06,3332471,3332470,0,422900
100,2.85E+08,5.49E+06,3332503,3332503,0,397200
100,2.97E+08,5.32E+06,3332503,3332506,0,432950
100,2.95E+08,5.36E+06,3332505,3332504,0,425800
100,2.89E+08,5.39E+06,3332525,3332523,0,409000
100,2.94E+08,5.30E+06,3332525,3332525,0,423000
100,2.90E+08,5.31E+06,3332529,3332529,0,409800
100,2.93E+08,5.30E+06,3332533,3332530,0,422100
100,2.90E+08,5.69E+06,3332536,3332535,0,409950
100,2.90E+08,5.34E+06,3332545,3332546,0,409800
100,2.97E+08,5.30E+06,3332546,3332547,0,429900
100,2.90E+08,5.31E+06,3332579,3332579,0,410800
100,2.94E+08,5.30E+06,3332579,3332578,0,423000
100,2.93E+08,5.30E+06,3332582,3332578,0,423000
100,2.93E+08,5.30E+06,3332591,3332592,0,423000
100,2.90E+08,5.37E+06,3332593,3332592,0,409950
100,2.90E+08,5.35E+06,3332595,3332595,0,410800
100,2.90E+08,5.30E+06,3332595,3332595,0,413150
100,2.93E+08,5.30E+06,3332602,3332605,0,422900
100,2.97E+08,5.30E+06,3332608,3332611,0,429500
100,2.98E+08,5.30E+06,3332611,3332611,0,433150
100,2.93E+08,5.32E+06,3332616,3332616,0,422900
100,2.89E+08,5.33E+06,3332617,3332615,0,409400
100,2.93E+08,5.30E+06,3332642,3332636,0,422900
100,2.93E+08,5.34E+06,3332643,3332642,0,423000
100,2.90E+08,5.30E+06,3332645,3332644,0,409950
100,2.90E+08,5.34E+06,3332656,3332655,0,413050
100,2.95E+08,5.42E+06,3332657,3332658,0,424550
100,2.93E+08,5.30E+06,3332662,3332662,0,423000
100,2.98E+08,5.30E+06,3332664,3332662,0,433150
100,2.93E+08,5.35E+06,3332672,3332671,0,422950
100,2.90E+08,5.30E+06,3332685,3332685,0,413150
100,2.93E+08,5.30E+06,3332696,3332700,0,422900
100,2.90E+08,5.30E+06,3332699,3332699,0,413050
100,2.91E+08,5.32E+06,3332704,3332704,0,413150
100,2.90E+08,5.32E+06,3332705,3332702,0,409950
100,2.93E+08,5.30E+06,3332705,3332705,0,422900
100,2.98E+08,5.41E+06,3332719,3332719,0,432950
100,2.90E+08,5.30E+06,3332726,3332726,0,410800
100,2.93E+08,5.30E+06,3332726,3332726,0,423000
100,2.97E+08,5.30E+06,3332735,3332737,0,432950
100,2.90E+08,5.34E+06,3332744,3332744,0,409950
100,2.93E+08,5.30E+06,3332748,3332747,0,422950
100,2.89E+08,5.30E+06,3332772,3332771,0,409400
100,2.98E+08,5.32E+06,3332787,3332787,0,433150
100,2.93E+08,5.30E+06,3332796,3332798,0,421600
100,2.93E+08,5.30E+06,3332797,3332797,0,422900
100,2.97E+08,5.30E+06,3332799,3332801,0,432950
100,2.93E+08,5.33E+06,3332810,3332808,0,422900
100,2.91E+08,5.32E+06,3332811,3332812,0,413200
100,2.94E+08,5.30E+06,3332814,3332810,0,423000
100,2.94E+08,5.32E+06,3332815,3332815,0,423000
100,2.98E+08,5.40E+06,3332816,3332814,0,433150
100,2.93E+08,5.31E+06,3332827,3332830,0,423000
100,2.90E+08,5.33E+06,3332828,3332828,0,410800
100,2.93E+08,5.32E+06,3332828,3332828,0,422900
100,2.93E+08,5.30E+06,3332833,3332833,0,423000
100,2.93E+08,5.34E+06,3332863,3332863,0,422100
100,2.93E+08,5.30E+06,3332863,3332859,0,423000
100,2.93E+08,5.30E+06,3332904,3332904,0,422900
100,2.90E+08,5.36E+06,3332909,3332910,0,410750
100,2.97E+08,5.30E+06,3332910,3332910,0,432950
100,2.89E+08,5.31E+06,3332917,3332921,0,409000
100,2.84E+08,5.64E+06,3332967,3332965,0,394900
100,2.97E+08,5.30E+06,3332975,3332977,0,432950
100,2.97E+08,5.30E+06,3332977,3332977,0,429900
100,2.97E+08,5.30E+06,3332981,3332981,0,429500
100,2.90E+08,5.31E+06,3332986,3332986,0,409750
100,2.93E+08,5.32E+06,3332987,3332987,0,422900
100,2.94E+08,5.30E+06,3332994,3332994,0,424050
100,2.93E+08,5.31E+06,3333000,3333004,0,422100
100,2.94E+08,5.32E+06,3333031,3333031,0,423000
100,2.89E+08,5.32E+06,3333033,3333035,0,409000
100,2.90E+08,5.33E+06,3333036,3333036,0,409950
100,2.97E+08,5.30E+06,3333066,3333067,0,432950
100,2.94E+08,5.32E+06,3333071,3333071,0,423000
100,2.93E+08,5.31E+06,3333074,3333075,0,422600
100,2.90E+08,5.30E+06,3333075,3333075,0,409950
100,2.93E+08,5.35E+06,3333076,3333076,0,422950
100,2.97E+08,5.31E+06,3333077,3333078,0,432950
100,2.97E+08,5.33E+06,3333082,3333082,0,429900
100,2.90E+08,5.33E+06,3333099,3333099,0,413150
100,2.91E+08,5.30E+06,3333113,3333114,0,413200
100,2.97E+08,5.31E+06,3333117,3333113,0,432950
100,2.93E+08,5.30E+06,3333122,3333119,0,422900
100,2.90E+08,5.30E+06,3333130,3333131,0,409800
100,2.97E+08,5.30E+06,3333147,3333147,0,429500
100,2.98E+08,5.34E+06,3333161,3333159,0,432950
100,2.97E+08,5.35E+06,3333165,3333165,0,432950
100,2.94E+08,5.30E+06,3333176,3333176,0,423000
100,2.89E+08,5.40E+06,3333196,3333196,0,409000
100,2.93E+08,5.30E+06,3333200,3333199,0,423000
100,2.90E+08,5.30E+06,3333212,3333212,0,409950
100,2.93E+08,5.30E+06,3333212,3333213,0,423000
100,2.93E+08,5.31E+06,3333214,3333211,0,423000
100,2.93E+08,5.30E+06,3333231,3333233,0,423000
100,2.98E+08,5.30E+06,3333231,3333232,0,433150
100,2.97E+08,5.30E+06,3333236,3333235,0,432950
100,2.98E+08,5.30E+06,3333236,3333238,0,433150
100,2.98E+08,5.31E+06,3333237,3333237,0,433150
100,2.90E+08,5.30E+06,3333242,3333240,0,409950
100,2.91E+08,5.30E+06,3333243,3333242,0,413200
100,2.93E+08,5.35E+06,3333243,3333239,0,423000
100,2.93E+08,5.30E+06,3333250,3333251,0,422950
100,2.94E+08,5.31E+06,3333254,3333254,0,423000
100,2.97E+08,5.30E+06,3333258,3333258,0,432950
100,2.90E+08,5.30E+06,3333260,3333259,0,413150
100,2.98E+08,5.31E+06,3333260,3333258,0,433150
100,2.90E+08,5.37E+06,3333262,3333262,0,413150
100,2.98E+08,5.30E+06,3333262,3333262,0,432950
100,2.97E+08,5.30E+06,3333265,3333265,0,432950
100,2.93E+08,5.30E+06,3333268,3333268,0,423000
100,2.90E+08,5.30E+06,3333269,3333270,0,409800
100,2.93E+08,5.39E+06,3333278,3333275,0,422950
100,2.91E+08,5.30E+06,3333282,3333282,0,414200
100,2.93E+08,5.31E+06,3333289,3333288,0,423000
100,2.93E+08,5.30E+06,3333298,3333302,0,422600
100,2.91E+08,5.31E+06,3333306,3333302,0,413200
100,2.93E+08,5.35E+06,3333307,3333310,0,421650
100,2.90E+08,5.30E+06,3333322,3333322,0,413150
100,2.93E+08,5.30E+06,3333325,3333322,0,422900
100,2.97E+08,5.30E+06,3333339,3333339,0,432950
100,2.90E+08,5.30E+06,3333348,3333347,0,409800
100,2.91E+08,5.31E+06,3333361,3333361,0,413250
100,2.93E+08,5.30E+06,3333365,3333365,0,422900
100,2.90E+08,5.32E+06,3333368,3333365,0,413050
100,2.98E+08,5.31E+06,3333389,3333390,0,433150
100,2.97E+08,5.32E+06,3333396,3333399,0,432950
100,2.93E+08,5.30E+06,3333397,3333397,0,423000
100,2.97E+08,5.31E+06,3333410,3333408,0,429500
100,2.98E+08,5.33E+06,3333410,3333410,0,433150
100,2.90E+08,5.34E+06,3333436,3333437,0,409950
100,2.89E+08,5.32E+06,3333442,3333442,0,409000
100,2.93E+08,5.30E+06,3333445,3333446,0,423000
100,2.94E+08,5.33E+06,3333451,3333451,0,424050
100,2.97E+08,5.31E+06,3333474,3333475,0,432950
100,2.94E+08,5.31E+06,3333501,3333503,0,423000
100,2.98E+08,5.34E+06,3333501,3333501,0,433150
100,2.98E+08,5.31E+06,3333507,3333508,0,433150
100,2.97E+08,5.35E+06,3333511,3333511,0,432950
100,2.97E+08,5.32E+06,3333529,3333529,0,429500
100,2.94E+08,5.31E+06,3333568,3333571,0,423000
100,2.93E+08,5.30E+06,3333571,3333570,0,422950
100,2.90E+08,5.31E+06,3333576,3333575,0,409950
100,2.93E+08,5.30E+06,3333582,3333582,0,423000
100,2.90E+08,5.30E+06,3333583,3333583,0,409950
100,2.97E+08,5.31E+06,3333597,3333597,0,432950
100,2.93E+08,5.45E+06,3333620,3333620,0,422950
100,2.93E+08,5.34E+06,3333626,3333626,0,422950
100,2.93E+08,5.36E+06,3333638,3333637,0,421600
100,2.93E+08,5.31E+06,3333646,3333642,0,422950
100,2.93E+08,5.30E+06,3333646,3333630,0,423000
100,2.93E+08,5.30E+06,3333651,3333649,0,423000
100,2.97E+08,5.33E+06,3333661,3333662,0,432950
100,2.89E+08,5.38E+06,3333665,3333663,0,409000
100,2.90E+08,5.31E+06,3333666,3333666,0,409950
100,2.98E+08,5.39E+06,3333671,3333671,0,433150
100,2.90E+08,5.30E+06,3333674,3333673,0,410750
100,2.90E+08,5.30E+06,3333675,3333675,0,413150
100,2.90E+08,5.34E+06,3333677,3333674,0,409800
100,2.93E+08,5.33E+06,3333685,3333685,0,423000
100,2.94E+08,5.33E+06,3333686,3333686,0,423400
100,2.98E+08,5.30E+06,3333700,3333702,0,433150
100,2.89E+08,5.45E+06,3333712,3333715,0,409150
100,2.90E+08,5.30E+06,3333714,3333715,0,409950
100,2.90E+08,5.32E+06,3333725,3333725,0,409750
100,2.90E+08,5.30E+06,3333732,3333732,0,409950
100,2.89E+08,5.32E+06,3333743,3333741,0,409000
100,2.98E+08,5.47E+06,3333753,3333754,0,433150
100,2.98E+08,5.30E+06,3333761,3333761,0,433150
100,2.93E+08,5.33E+06,3333764,3333762,0,423000
100,2.93E+08,5.30E+06,3333765,3333768,0,422900
100,2.91E+08,5.31E+06,3333802,3333803,0,413250
100,2.91E+08,5.30E+06,3333802,3333802,0,413250
100,2.98E+08,5.38E+06,3333813,3333808,0,433150
100,2.93E+08,5.31E+06,3333847,3333844,0,422950
100,2.90E+08,5.30E+06,3333871,3333871,0,413150
100,2.93E+08,5.31E+06,3333877,3333877,0,422950
100,2.91E+08,5.35E+06,3333882,3333882,0,413250
100,2.90E+08,5.32E+06,3333894,3333893,0,410800
100,2.93E+08,5.30E+06,3333895,3333890,0,422900
100,2.90E+08,5.30E+06,3333900,3333904,0,413150
100,2.94E+08,5.30E+06,3333909,3333907,0,423000
100,2.90E+08,5.30E+06,3333919,3333917,0,409950
100,2.90E+08,5.30E+06,3333919,3333919,0,413050
100,2.97E+08,5.32E+06,3333940,3333940,0,432950
100,2.90E+08,5.35E+06,3333948,3333945,0,409950
100,2.93E+08,5.30E+06,3333954,3333954,0,422100
100,2.91E+08,5.30E+06,3333982,3333982,0,413200
100,2.97E+08,5.30E+06,3333995,3333993,0,432950
100,2.94E+08,5.39E+06,3334001,3334002,0,423000
100,2.90E+08,5.30E+06,3334011,3334012,0,413050
100,2.93E+08,5.32E+06,3334011,3334006,0,422900
100,2.90E+08,5.30E+06,3334013,3334013,0,409950
100,2.93E+08,5.31E+06,3334016,3334015,0,422950
100,2.93E+08,5.30E+06,3334021,3334017,0,422950
100,2.93E+08,5.30E+06,3334032,3334032,0,422950
100,2.90E+08,5.36E+06,3334041,3334041,0,413150
100,2.97E+08,5.30E+06,3334042,3334042,0,429900
100,2.90E+08,5.30E+06,3334046,3334049,0,413050
100,2.93E+08,5.40E+06,3334052,3334052,0,422950
100,2.94E+08,5.32E+06,3334063,3334064,0,424050
100,2.94E+08,5.30E+06,3334108,3334106,0,424050
100,2.93E+08,5.30E+06,3334111,3334113,0,422950
100,2.93E+08,5.31E+06,3334118,3334118,0,423000
100,2.91E+08,5.31E+06,3334134,3334135,0,414200
100,2.93E+08,5.30E+06,3334142,3334142,0,422900
100,2.93E+08,5.32E+06,3334147,3334146,0,422100
100,2.90E+08,5.33E+06,3334150,3334150,0,409950
100,2.93E+08,5.42E+06,3334161,3334156,0,423000
100,2.91E+08,5.36E+06,3334164,3334159,0,413200
100,2.93E+08,5.33E+06,3334202,3334202,0,423000
100,2.90E+08,5.31E+06,3334205,3334205,0,410800
100,2.98E+08,5.35E+06,3334211,3334211,0,433150
100,2.90E+08,5.30E+06,3334213,3334215,0,413050
100,2.97E+08,5.30E+06,3334214,3334214,0,429900
100,2.90E+08,5.30E+06,3334220,3334220,0,409750
100,2.90E+08,5.30E+06,3334223,3334224,0,413050
100,2.90E+08,5.31E+06,3334236,3334236,0,413050
100,2.98E+08,5.30E+06,3334242,3334242,0,433150
100,2.93E+08,5.35E+06,3334255,3334254,0,423000
100,2.91E+08,5.34E+06,3334265,3334265,0,413200
100,2.93E+08,5.46E+06,3334265,3334264,0,423000
100,2.93E+08,5.30E+06,3334270,3334264,0,423000
100,2.93E+08,5.32E+06,3334283,3334283,0,423000
100,2.97E+08,5.30E+06,3334294,3334296,0,432950
100,2.98E+08,5.30E+06,3334295,3334297,0,433150
100,2.90E+08,5.43E+06,3334297,3334296,0,413050
100,2.89E+08,5.30E+06,3334313,3334309,0,409400
100,2.91E+08,5.33E+06,3334320,3334320,0,413200
100,2.93E+08,5.30E+06,3334352,3334349,0,422900
100,2.93E+08,5.30E+06,3334352,3334351,0,422950
100,2.90E+08,5.32E+06,3334361,3334356,0,409800
100,2.94E+08,5.33E+06,3334365,3334366,0,423000
100,2.90E+08,5.30E+06,3334367,3334366,0,409800
100,2.90E+08,5.39E+06,3334368,3334367,0,413050
100,2.97E+08,5.31E+06,3334373,3334373,0,432950
100,2.97E+08,5.32E+06,3334385,3334385,0,432950
100,2.90E+08,5.30E+06,3334393,3334393,0,409800
100,2.94E+08,5.32E+06,3334398,3334396,0,424050
100,2.87E+08,5.33E+06,3334399,3334400,0,401250
100,2.90E+08,5.30E+06,3334411,3334412,0,409750
100,2.94E+08,5.31E+06,3334414,3334415,0,423000
100,2.97E+08,5.32E+06,3334418,3334414,0,432950
100,2.91E+08,5.30E+06,3334422,3334422,0,413200
100,2.90E+08,5.30E+06,3334427,3334428,0,409950
100,2.90E+08,5.31E+06,3334432,3334432,0,413150
100,2.89E+08,5.45E+06,3334435,3334434,0,409000
100,2.98E+08,5.32E+06,3334441,3334442,0,433150
100,2.93E+08,5.34E+06,3334455,3334454,0,423000
100,2.91E+08,5.30E+06,3334470,3334469,0,414200
100,2.93E+08,5.39E+06,3334505,3334506,0,422950
100,2.98E+08,5.30E+06,3334515,3334515,0,432950
100,2.97E+08,5.30E+06,3334545,3334545,0,429900
100,2.91E+08,5.31E+06,3334547,3334547,0,413200
100,2.89E+08,5.34E+06,3334579,3334579,0,409400
100,2.89E+08,5.33E+06,3334582,3334582,0,409000
100,2.97E+08,5.31E+06,3334586,3334586,0,429900
100,2.93E+08,5.32E+06,3334596,3334596,0,422950
100,2.91E+08,5.30E+06,3334600,3334602,0,413200
100,2.93E+08,5.30E+06,3334627,3334627,0,422950
100,2.97E+08,5.32E+06,3334632,3334632,0,429900
100,2.93E+08,5.42E+06,3334637,3334639,0,422950
100,2.97E+08,5.30E+06,3334642,3334638,0,429900
100,2.97E+08,5.34E+06,3334646,3334642,0,432950
100,2.97E+08,5.30E+06,3334647,3334644,0,432950
100,2.90E+08,5.31E+06,3334651,3334650,0,409800
100,2.90E+08,5.34E+06,3334651,3334650,0,410800
100,2.90E+08,5.33E+06,3334656,3334656,0,410800
100,2.90E+08,5.30E+06,3334663,3334663,0,409800
100,2.90E+08,5.30E+06,3334669,3334671,0,409950
100,2.94E+08,5.36E+06,3334679,3334678,0,423000
100,2.90E+08,5.34E+06,3334697,3334697,0,409950
100,2.91E+08,5.30E+06,3334706,3334706,0,413200
100,2.94E+08,5.30E+06,3334711,3334710,0,424050
100,2.95E+08,5.36E+06,3334711,3334710,0,425800
100,2.94E+08,5.30E+06,3334724,3334722,0,423000
100,2.98E+08,5.33E+06,3334742,3334737,0,433150
100,2.93E+08,5.30E+06,3334752,3334752,0,422950
100,2.93E+08,5.30E+06,3334759,3334762,0,423000
100,2.90E+08,5.30E+06,3334765,3334766,0,409800
100,2.94E+08,5.30E+06,3334767,3334770,0,423000
100,2.91E+08,5.34E+06,3334783,3334782,0,413250
100,2.97E+08,5.32E+06,3334790,3334793,0,432950
100,2.97E+08,5.34E+06,3334806,3334807,0,429900
100,2.90E+08,5.31E+06,3334807,3334807,0,409950
100,2.90E+08,5.30E+06,3334821,3334821,0,413150
100,2.94E+08,5.31E+06,3334825,3334825,0,423000
100,2.93E+08,5.31E+06,3334838,3334839,0,422900
100,2.90E+08,5.30E+06,3334842,3334841,0,409950
100,2.98E+08,5.30E+06,3334843,3334846,0,433150
100,2.93E+08,5.31E+06,3334844,3334844,0,421600
100,2.98E+08,5.69E+06,3334869,3334870,0,433150
100,2.90E+08,5.30E+06,3334872,3334870,0,413050
100,2.98E+08,5.30E+06,3334873,3334872,0,432950
100,2.93E+08,5.30E+06,3334880,3334882,0,423000
100,2.97E+08,5.31E+06,3334881,3334878,0,429900
100,2.91E+08,5.30E+06,3334882,3334882,0,413150
100,2.90E+08,5.30E+06,3334909,3334911,0,409800
100,2.94E+08,5.33E+06,3334916,3334917,0,423000
100,2.97E+08,5.30E+06,3334916,3334914,0,432950
100,2.90E+08,5.30E+06,3334940,3334945,0,413150
100,2.93E+08,5.31E+06,3334941,3334944,0,422350
100,2.97E+08,5.32E+06,3334948,3334952,0,432950
100,2.93E+08,5.30E+06,3334949,3334946,0,422950
100,2.90E+08,5.30E+06,3334954,3334949,0,409950
100,2.90E+08,5.36E+06,3334959,3334960,0,410750
100,2.91E+08,5.33E+06,3334962,3334960,0,413200
100,2.97E+08,5.33E+06,3334969,3334969,0,429900
100,2.89E+08,5.33E+06,3334970,3334968,0,409000
100,2.98E+08,5.32E+06,3334971,3334971,0,433150
100,2.90E+08,5.38E+06,3334978,3334973,0,409800
100,2.97E+08,5.30E+06,3334993,3334993,0,432950
100,2.90E+08,5.30E+06,3334994,3334995,0,409950
100,2.93E+08,5.32E+06,3334995,3334995,0,422350
100,2.93E+08,5.30E+06,3335000,3334999,0,422950
100,2.93E+08,5.31E+06,3335015,3335015,0,422600
100,2.91E+08,5.34E+06,3335060,3335060,0,413200
100,2.90E+08,5.30E+06,3335065,3335066,0,409950
100,2.97E+08,5.36E+06,3335077,3335077,0,432950
100,2.90E+08,5.32E+06,3335082,3335080,0,409750
100,2.90E+08,5.31E+06,3335083,3335082,0,413150
100,2.95E+08,5.30E+06,3335084,3335088,0,425800
100,2.93E+08,5.36E+06,3335086,3335086,0,422950
100,2.93E+08,5.32E+06,3335088,3335088,0,422600
100,2.91E+08,5.33E+06,3335098,3335098,0,413200
100,2.90E+08,5.32E+06,3335114,3335114,0,413050
100,2.90E+08,5.33E+06,3335124,3335125,0,409950
100,2.90E+08,5.36E+06,3335130,3335131,0,413050
100,2.94E+08,5.31E+06,3335130,3335128,0,423000
100,2.90E+08,5.37E+06,3335131,3335131,0,413050
100,2.90E+08,5.31E+06,3335141,3335139,0,409950
100,2.93E+08,5.31E+06,3335147,3335146,0,422950
100,2.98E+08,5.30E+06,3335155,3335155,0,433150
100,2.94E+08,5.34E+06,3335156,3335156,0,423000
100,2.93E+08,5.35E+06,3335163,3335163,0,422950
100,2.87E+08,5.61E+06,3335168,3335168,0,401250
100,2.91E+08,5.31E+06,3335177,3335177,0,413200
100,2.90E+08,5.30E+06,3335178,3335178,0,413050
100,2.98E+08,5.30E+06,3335178,3335178,0,432950
100,2.93E+08,5.30E+06,3335181,3335181,0,423000
100,2.93E+08,5.34E+06,3335183,3335179,0,423000
100,2.90E+08,5.30E+06,3335184,3335182,0,410800
100,2.90E+08,5.32E+06,3335191,3335191,0,413150
100,2.93E+08,5.37E+06,3335194,3335194,0,422900
100,2.97E+08,5.33E+06,3335203,3335204,0,432950
100,2.93E+08,5.30E+06,3335210,3335210,0,422950
100,2.90E+08,5.30E+06,3335213,3335214,0,409800
100,2.91E+08,5.30E+06,3335222,3335222,0,413200
100,2.93E+08,5.30E+06,3335223,3335223,0,423000
100,2.90E+08,5.30E+06,3335252,3335250,0,413050
100,2.97E+08,5.30E+06,3335252,3335252,0,429900
100,2.90E+08,5.34E+06,3335258,3335257,0,409950
100,2.93E+08,5.33E+06,3335260,3335257,0,423000
100,2.98E+08,5.32E+06,3335289,3335289,0,433150
100,2.93E+08,5.34E+06,3335292,3335295,0,422900
100,2.91E+08,5.31E+06,3335321,3335318,0,413200
100,2.97E+08,5.31E+06,3335321,3335321,0,432950
100,2.90E+08,5.30E+06,3335325,3335325,0,409950
100,2.91E+08,5.30E+06,3335325,3335319,0,413250
100,2.90E+08,5.31E+06,3335328,3335331,0,409950
100,2.97E+08,5.30E+06,3335332,3335326,0,429900
100,2.93E+08,5.34E+06,3335335,3335331,0,423000
100,2.98E+08,5.30E+06,3335343,3335346,0,433150
100,2.90E+08,5.30E+06,3335356,3335355,0,413150
100,2.93E+08,5.33E+06,3335358,3335359,0,422350
100,2.93E+08,5.31E+06,3335386,3335384,0,421600
100,2.93E+08,5.30E+06,3335396,3335396,0,423000
100,2.91E+08,5.31E+06,3335397,3335396,0,414200
100,2.98E+08,5.30E+06,3335397,3335394,0,433150
100,2.97E+08,5.35E+06,3335398,3335397,0,432950
100,2.90E+08,5.31E+06,3335403,3335402,0,409800
100,2.91E+08,5.32E+06,3335405,3335402,0,413250
100,2.94E+08,5.30E+06,3335408,3335407,0,424050
100,2.95E+08,5.31E+06,3335412,3335412,0,425800
100,2.93E+08,5.30E+06,3335415,3335416,0,422950
100,2.98E+08,5.30E+06,3335446,3335445,0,433150
100,2.93E+08,5.32E+06,3335455,3335454,0,422900
100,2.93E+08,5.30E+06,3335470,3335469,0,422900
100,2.90E+08,5.30E+06,3335488,3335488,0,413150
100,2.93E+08,5.30E+06,3335499,3335499,0,422950
100,2.93E+08,5.32E+06,3335503,3335503,0,422350
100,2.97E+08,5.30E+06,3335507,3335507,0,432950
100,2.98E+08,5.31E+06,3335555,3335551,0,433150
100,2.95E+08,5.30E+06,3335563,3335562,0,425800
100,2.90E+08,5.36E+06,3335565,3335566,0,413050
100,2.93E+08,5.30E+06,3335565,3335563,0,423000
100,2.90E+08,5.30E+06,3335581,3335581,0,413150
100,2.93E+08,5.32E+06,3335593,3335593,0,422950
100,2.97E+08,5.30E+06,3335593,3335593,0,429900
100,2.94E+08,5.31E+06,3335597,3335597,0,423000
100,2.93E+08,5.30E+06,3335598,3335598,0,422600
100,2.94E+08,5.32E+06,3335617,3335613,0,424050
100,2.98E+08,5.32E+06,3335620,3335620,0,433150
100,2.93E+08,5.30E+06,3335631,3335632,0,422600
100,2.93E+08,5.37E+06,3335631,3335631,0,422900
100,2.93E+08,5.30E+06,3335635,3335630,0,422950
100,2.90E+08,5.34E+06,3335638,3335638,0,409800
100,2.91E+08,5.31E+06,3335639,3335638,0,413200
100,2.93E+08,5.35E+06,3335639,3335639,0,422350
100,2.93E+08,5.32E+06,3335654,3335652,0,422950
100,2.94E+08,5.30E+06,3335655,3335655,0,423000
100,2.93E+08,5.31E+06,3335669,3335669,0,422950
100,2.90E+08,5.30E+06,3335672,3335675,0,410800
100,2.97E+08,5.34E+06,3335674,3335678,0,429900
100,2.90E+08,5.30E+06,3335678,3335678,0,409800
100,2.90E+08,5.30E+06,3335679,3335679,0,413050
100,2.90E+08,5.30E+06,3335682,3335677,0,409800
100,2.90E+08,5.34E+06,3335685,3335682,0,413150
100,2.90E+08,5.30E+06,3335696,3335697,0,413150
100,2.93E+08,5.34E+06,3335729,3335728,0,422900
100,2.90E+08,5.30E+06,3335736,3335737,0,409950
100,2.90E+08,5.32E+06,3335739,3335736,0,410800
100,2.98E+08,5.34E+06,3335764,3335764,0,432950
100,2.97E+08,5.38E+06,3335769,3335768,0,429900
100,2.91E+08,5.30E+06,3335771,3335774,0,413200
100,2.93E+08,5.43E+06,3335780,3335778,0,422100
100,2.93E+08,5.31E+06,3335793,3335796,0,422900
100,2.90E+08,5.35E+06,3335794,3335793,0,413150
100,2.89E+08,5.30E+06,3335815,3335814,0,409000
100,2.97E+08,5.30E+06,3335821,3335821,0,432950
100,2.90E+08,5.34E+06,3335834,3335834,0,409800
100,2.98E+08,5.30E+06,3335834,3335837,0,433150
100,2.93E+08,5.33E+06,3335866,3335866,0,422100
100,2.90E+08,5.35E+06,3335873,3335872,0,413150
100,2.94E+08,5.32E+06,3335873,3335871,0,423000
100,2.91E+08,5.33E+06,3335879,3335879,0,413200
100,2.98E+08,5.34E+06,3335917,3335916,0,433150
100,2.94E+08,5.30E+06,3335947,3335949,0,423000
100,2.93E+08,5.32E+06,3335948,3335948,0,422950
100,2.93E+08,5.33E+06,3335957,3335958,0,422950
100,2.87E+08,5.38E+06,3335966,3335965,0,401250
100,2.91E+08,5.30E+06,3335978,3335976,0,413250
100,2.91E+08,5.30E+06,3335985,3335985,0,413200
100,2.93E+08,5.30E+06,3335988,3335989,0,422900
100,2.90E+08,5.31E+06,3335992,3335991,0,409950
100,2.94E+08,5.32E+06,3336022,3336022,0,423000
100,2.89E+08,5.30E+06,3336042,3336043,0,409400
100,2.91E+08,5.30E+06,3336063,3336062,0,413150
100,2.98E+08,5.32E+06,3336070,3336070,0,433150
100,2.90E+08,5.30E+06,3336073,3336074,0,413150
100,2.97E+08,5.30E+06,3336079,3336079,0,429500
100,2.91E+08,5.31E+06,3336084,3336084,0,413200
100,2.91E+08,5.30E+06,3336088,3336088,0,413200
100,2.94E+08,5.33E+06,3336089,3336088,0,423000
100,2.89E+08,5.30E+06,3336095,3336095,0,409000
100,2.90E+08,5.42E+06,3336105,3336102,0,409950
100,2.94E+08,5.30E+06,3336111,3336110,0,424050
100,2.90E+08,5.31E+06,3336114,3336114,0,409800
100,2.91E+08,5.30E+06,3336122,3336118,0,413200
100,2.90E+08,5.30E+06,3336125,3336125,0,413050
100,2.97E+08,5.30E+06,3336136,3336137,0,432950
100,2.93E+08,5.30E+06,3336137,3336139,0,423000
100,2.97E+08,5.30E+06,3336142,3336144,0,429500
100,2.90E+08,5.30E+06,3336152,3336152,0,413150
100,2.94E+08,5.30E+06,3336156,3336156,0,423000
100,2.94E+08,5.30E+06,3336159,3336159,0,424050
100,2.97E+08,5.31E+06,3336162,3336160,0,429900
100,2.97E+08,5.30E+06,3336179,3336179,0,432950
100,2.97E+08,5.30E+06,3336179,3336178,0,432950
100,2.90E+08,5.30E+06,3336180,3336181,0,409800
100,2.97E+08,5.30E+06,3336191,3336190,0,432950
100,2.91E+08,5.30E+06,3336197,3336197,0,413200
100,2.93E+08,5.31E+06,3336197,3336196,0,422600
100,2.91E+08,5.30E+06,3336210,3336207,0,413200
100,2.91E+08,5.30E+06,3336217,3336219,0,413200
100,2.90E+08,5.30E+06,3336218,3336219,0,413050
100,2.93E+08,5.31E+06,3336223,3336223,0,421650
100,2.90E+08,5.30E+06,3336226,3336226,0,409950
100,2.89E+08,5.32E+06,3336228,3336226,0,409000
100,2.94E+08,5.31E+06,3336229,3336230,0,423000
100,2.94E+08,5.30E+06,3336234,3336232,0,424050
100,2.94E+08,5.32E+06,3336235,3336231,0,423000
100,2.91E+08,5.30E+06,3336247,3336247,0,413250
100,2.90E+08,5.30E+06,3336255,3336255,0,413050
100,2.93E+08,5.30E+06,3336266,3336267,0,422950
100,2.98E+08,5.32E+06,3336270,3336271,0,433150
100,2.91E+08,5.30E+06,3336273,3336271,0,413200
100,2.89E+08,5.30E+06,3336290,3336290,0,409400
100,2.95E+08,5.33E+06,3336291,3336290,0,425800
100,2.91E+08,5.30E+06,3336302,3336302,0,413200
100,2.90E+08,5.38E+06,3336308,3336308,0,409800
100,2.98E+08,5.30E+06,3336319,3336316,0,433150
100,2.93E+08,5.37E+06,3336327,3336327,0,423000
100,2.97E+08,5.31E+06,3336334,3336333,0,429500
100,2.95E+08,5.35E+06,3336339,3336339,0,425800
100,2.94E+08,5.31E+06,3336344,3336343,0,424050
100,2.97E+08,5.30E+06,3336349,3336347,0,432950
100,2.93E+08,5.30E+06,3336355,3336350,0,423000
100,2.90E+08,5.30E+06,3336375,3336375,0,409950
100,2.90E+08,5.32E+06,3336378,3336382,0,413150
100,2.94E+08,5.30E+06,3336381,3336382,0,424050
100,2.97E+08,5.37E+06,3336388,3336388,0,429500
100,2.94E+08,5.30E+06,3336389,3336389,0,423000
100,2.94E+08,5.30E+06,3336392,3336393,0,423000
100,2.93E+08,5.30E+06,3336400,3336397,0,423000
100,2.93E+08,5.30E+06,3336403,3336403,0,422100
100,2.98E+08,5.71E+06,3336403,3336403,0,433150
100,2.94E+08,5.30E+06,3336412,3336412,0,423000
100,2.97E+08,5.30E+06,3336412,3336412,0,429900
100,2.90E+08,5.33E+06,3336419,3336419,0,410800
100,2.93E+08,5.34E+06,3336419,3336420,0,422600
100,2.97E+08,5.33E+06,3336425,3336427,0,432950
100,2.93E+08,5.59E+06,3336426,3336426,0,422950
100,2.93E+08,5.30E+06,3336432,3336432,0,422950
100,2.91E+08,5.30E+06,3336441,3336443,0,413200
100,2.97E+08,5.30E+06,3336445,3336446,0,432950
100,2.93E+08,5.32E+06,3336452,3336451,0,423000
100,2.90E+08,5.31E+06,3336468,3336469,0,409950
100,2.94E+08,5.30E+06,3336484,3336484,0,423000
100,2.97E+08,5.30E+06,3336505,3336504,0,432950
100,2.94E+08,5.30E+06,3336512,3336514,0,423000
100,2.93E+08,5.30E+06,3336531,3336531,0,422900
100,2.90E+08,5.30E+06,3336540,3336538,0,409800
100,2.97E+08,5.30E+06,3336540,3336540,0,429900
100,2.91E+08,5.30E+06,3336553,3336554,0,413200
100,2.89E+08,5.49E+06,3336555,3336555,0,409400
100,2.90E+08,5.31E+06,3336563,3336563,0,409950
100,2.90E+08,5.30E+06,3336575,3336577,0,413150
100,2.94E+08,5.33E+06,3336576,3336575,0,423000
100,2.94E+08,5.30E+06,3336597,3336597,0,423000
100,2.97E+08,5.31E+06,3336597,3336597,0,429900
100,2.93E+08,5.30E+06,3336603,3336603,0,423000
100,2.98E+08,5.31E+06,3336608,3336605,0,433150
100,2.93E+08,5.33E+06,3336609,3336609,0,422900
100,2.93E+08,5.30E+06,3336616,3336617,0,422950
100,2.93E+08,5.35E+06,3336634,3336634,0,422950
100,2.90E+08,5.31E+06,3336644,3336643,0,409800
100,2.93E+08,5.30E+06,3336648,3336648,0,422950
100,2.93E+08,5.32E+06,3336654,3336653,0,422950
100,2.91E+08,5.40E+06,3336655,3336655,0,413200
100,2.90E+08,5.31E+06,3336656,3336655,0,413150
100,2.98E+08,5.32E+06,3336679,3336677,0,433150
100,2.90E+08,5.30E+06,3336690,3336690,0,409950
100,2.90E+08,5.34E+06,3336695,3336695,0,413150
100,2.91E+08,5.31E+06,3336695,3336693,0,413200
100,2.98E+08,5.30E+06,3336698,3336699,0,433150
100,2.93E+08,5.30E+06,3336704,3336701,0,422100
100,2.90E+08,5.32E+06,3336712,3336714,0,410800
100,2.90E+08,5.30E+06,3336716,3336716,0,409800
100,2.97E+08,5.37E+06,3336720,3336721,0,432950
100,2.93E+08,5.30E+06,3336728,3336727,0,423000
100,2.90E+08,5.35E+06,3336732,3336731,0,413150
100,2.93E+08,5.35E+06,3336749,3336742,0,423000
100,2.97E+08,5.33E+06,3336768,3336768,0,429500
100,2.97E+08,5.30E+06,3336768,3336767,0,429900
100,2.97E+08,5.33E+06,3336775,3336774,0,429900
100,2.93E+08,5.37E+06,3336776,3336779,0,423000
100,2.97E+08,5.30E+06,3336823,3336823,0,432950
100,2.94E+08,5.35E+06,3336831,3336830,0,423000
100,2.93E+08,5.32E+06,3336832,3336832,0,423000
100,2.90E+08,5.30E+06,3336842,3336844,0,413150
100,2.93E+08,5.35E+06,3336843,3336843,0,422350
100,2.90E+08,5.30E+06,3336854,3336854,0,413150
100,2.90E+08,5.30E+06,3336873,3336874,0,413050
100,2.93E+08,5.30E+06,3336873,3336873,0,422950
100,2.93E+08,5.31E+06,3336880,3336880,0,423000
100,2.98E+08,5.31E+06,3336880,3336879,0,433150
100,2.93E+08,5.31E+06,3336884,3336884,0,423000
100,2.98E+08,5.30E+06,3336884,3336883,0,433150
100,2.93E+08,5.32E+06,3336886,3336885,0,423000
100,2.97E+08,5.32E+06,3336886,3336888,0,432950
100,2.90E+08,5.32E+06,3336889,3336887,0,409950
100,2.95E+08,5.43E+06,3336893,3336892,0,425800
100,2.90E+08,5.30E+06,3336909,3336908,0,413050
100,2.93E+08,5.39E+06,3336912,3336910,0,422950
100,2.93E+08,5.30E+06,3336923,3336923,0,422950
100,2.93E+08,5.30E+06,3336927,3336928,0,423000
100,2.97E+08,5.35E+06,3336927,3336924,0,429900
100,2.90E+08,5.31E+06,3336944,3336944,0,409950
100,2.94E+08,5.30E+06,3336947,3336945,0,424050
100,2.94E+08,5.32E+06,3336953,3336953,0,423000
100,2.93E+08,5.30E+06,3336961,3336961,0,422900
100,2.90E+08,5.30E+06,3336965,3336964,0,413150
100,2.93E+08,5.30E+06,3336967,3336966,0,422900
100,2.91E+08,5.30E+06,3336969,3336969,0,413200
100,2.90E+08,5.32E+06,3336991,3336991,0,410800
100,2.94E+08,5.30E+06,3336994,3336987,0,423000
100,2.97E+08,5.30E+06,3337001,3337001,0,432950
100,2.89E+08,5.30E+06,3337014,3337014,0,409400
100,2.93E+08,5.32E+06,3337016,3337016,0,423000
100,2.98E+08,5.33E+06,3337027,3337026,0,433150
100,2.93E+08,5.30E+06,3337029,3337029,0,422900
100,2.97E+08,5.30E+06,3337038,3337038,0,429500
100,2.90E+08,5.31E+06,3337063,3337064,0,409950
100,2.97E+08,5.31E+06,3337079,3337079,0,432950
100,2.90E+08,5.32E+06,3337091,3337093,0,413150
100,2.94E+08,5.30E+06,3337092,3337092,0,423000
100,2.97E+08,5.31E+06,3337092,3337092,0,432950
100,2.93E+08,5.30E+06,3337095,3337095,0,422100
100,2.90E+08,5.31E+06,3337105,3337103,0,413050
100,2.91E+08,5.30E+06,3337109,3337113,0,413950
100,2.90E+08,5.30E+06,3337122,3337120,0,409950
100,2.97E+08,5.34E+06,3337132,3337132,0,432950
100,2.91E+08,5.30E+06,3337144,3337144,0,413200
100,2.94E+08,5.33E+06,3337153,3337153,0,423000
100,2.97E+08,5.30E+06,3337165,3337167,0,429500
100,2.94E+08,5.30E+06,3337169,3337170,0,423000
100,2.90E+08,5.30E+06,3337182,3337186,0,413050
100,2.98E+08,5.30E+06,3337212,3337210,0,433150
100,2.90E+08,5.31E+06,3337214,3337211,0,409800
100,2.89E+08,5.32E+06,3337219,3337219,0,409400
100,2.90E+08,5.55E+06,3337219,3337219,0,409950
100,2.91E+08,5.31E+06,3337260,3337260,0,413200
100,2.90E+08,5.30E+06,3337268,3337270,0,409950
100,2.94E+08,5.30E+06,3337282,3337282,0,423000
100,2.91E+08,5.30E+06,3337293,3337291,0,414200
100,2.97E+08,5.30E+06,3337304,3337303,0,432950
100,2.93E+08,5.32E+06,3337305,3337305,0,422100
100,2.93E+08,5.30E+06,3337313,3337313,0,423000
100,2.90E+08,5.30E+06,3337321,3337319,0,413150
100,2.95E+08,5.33E+06,3337332,3337332,0,424550
100,2.97E+08,5.31E+06,3337338,3337335,0,429900
100,2.93E+08,5.30E+06,3337355,3337355,0,422900
100,2.94E+08,5.30E+06,3337361,3337363,0,423000
100,2.97E+08,5.30E+06,3337365,3337365,0,429500
100,2.91E+08,5.30E+06,3337370,3337367,0,413250
100,2.97E+08,5.32E+06,3337373,3337373,0,432950
100,2.93E+08,5.37E+06,3337383,3337384,0,422100
100,2.94E+08,5.31E+06,3337392,3337392,0,424050
100,2.97E+08,5.30E+06,3337392,3337394,0,432950
100,2.90E+08,5.33E+06,3337398,3337397,0,413150
100,2.91E+08,5.30E+06,3337398,3337399,0,413200
100,2.93E+08,5.43E+06,3337400,3337399,0,421600
100,2.90E+08,5.36E+06,3337403,3337403,0,413150
100,2.93E+08,5.30E+06,3337411,3337412,0,422600
100,2.91E+08,5.36E+06,3337420,3337420,0,413200
100,2.90E+08,5.30E+06,3337421,3337422,0,409950
100,2.97E+08,5.33E+06,3337424,3337424,0,432950
100,2.94E+08,5.32E+06,3337431,3337431,0,423000
100,2.93E+08,5.30E+06,3337433,3337433,0,422950
100,2.94E+08,5.36E+06,3337435,3337436,0,423000
100,2.93E+08,5.30E+06,3337439,3337439,0,422600
100,2.93E+08,5.30E+06,3337440,3337441,0,422100
100,2.93E+08,5.52E+06,3337450,3337450,0,422900
100,2.90E+08,5.30E+06,3337452,3337453,0,409800
100,2.90E+08,5.31E+06,3337464,3337464,0,413150
100,2.90E+08,5.30E+06,3337476,3337476,0,409950
100,2.97E+08,5.30E+06,3337483,3337484,0,429500
100,2.93E+08,5.30E+06,3337488,3337483,0,422900
100,2.90E+08,5.30E+06,3337493,3337493,0,409800
100,2.90E+08,5.33E+06,3337493,3337494,0,413150
100,2.95E+08,5.30E+06,3337497,3337497,0,425800
100,2.90E+08,5.30E+06,3337505,3337503,0,413150
100,2.93E+08,5.31E+06,3337507,3337507,0,422900
100,2.98E+08,5.30E+06,3337520,3337519,0,433150
100,2.93E+08,5.30E+06,3337535,3337536,0,422950
100,2.90E+08,5.33E+06,3337555,3337555,0,413050
100,2.93E+08,5.30E+06,3337558,3337559,0,422900
100,2.90E+08,5.31E+06,3337567,3337564,0,413050
100,2.98E+08,5.30E+06,3337574,3337574,0,433150
100,2.89E+08,5.47E+06,3337594,3337595,0,409000
100,2.90E+08,5.30E+06,3337601,3337600,0,413150
100,2.93E+08,5.30E+06,3337601,3337601,0,422900
100,2.93E+08,5.32E+06,3337603,3337603,0,422900
100,2.90E+08,5.33E+06,3337608,3337608,0,413150
100,2.91E+08,5.31E+06,3337611,3337612,0,413250
100,2.90E+08,5.31E+06,3337627,3337627,0,409800
100,2.90E+08,5.30E+06,3337648,3337648,0,413050
100,2.89E+08,5.38E+06,3337669,3337669,0,409000
100,2.93E+08,5.33E+06,3337677,3337676,0,423000
100,2.91E+08,5.32E+06,3337684,3337684,0,413150
100,2.93E+08,5.38E+06,3337698,3337698,0,422900
100,2.97E+08,5.33E+06,3337703,3337704,0,429900
100,2.90E+08,5.30E+06,3337705,3337710,0,413050
100,2.93E+08,5.30E+06,3337713,3337709,0,422950
100,2.98E+08,5.30E+06,3337715,3337716,0,433150
100,2.90E+08,5.30E+06,3337732,3337731,0,409950
100,2.93E+08,5.37E+06,3337762,3337762,0,422900
100,2.94E+08,5.31E+06,3337763,3337760,0,423000
100,2.98E+08,5.34E+06,3337784,3337783,0,433150
100,2.93E+08,5.30E+06,3337797,3337796,0,422900
100,2.91E+08,5.30E+06,3337802,3337801,0,413200
100,2.93E+08,5.30E+06,3337803,3337803,0,422950
100,2.98E+08,5.38E+06,3337808,3337808,0,433150
100,2.90E+08,5.31E+06,3337813,3337813,0,413050
100,2.93E+08,5.30E+06,3337823,3337822,0,423000
100,2.90E+08,5.30E+06,3337832,3337832,0,409950
100,2.93E+08,5.30E+06,3337832,3337833,0,423000
100,2.90E+08,5.35E+06,3337841,3337840,0,413150
100,2.93E+08,5.38E+06,3337846,3337847,0,422950
100,2.90E+08,5.30E+06,3337847,3337846,0,413150
100,2.97E+08,5.35E+06,3337850,3337850,0,432950
100,2.93E+08,5.30E+06,3337855,3337855,0,422350
100,2.98E+08,5.30E+06,3337859,3337859,0,433150
100,2.97E+08,5.32E+06,3337870,3337874,0,429500
100,2.89E+08,5.32E+06,3337873,3337873,0,409000
100,2.90E+08,5.30E+06,3337882,3337882,0,410800
100,2.93E+08,5.33E+06,3337884,3337883,0,423000
100,2.94E+08,5.31E+06,3337891,3337887,0,424050
100,2.97E+08,5.38E+06,3337899,3337894,0,429900
100,2.98E+08,5.31E+06,3337902,3337901,0,433150
100,2.93E+08,5.30E+06,3337903,3337904,0,422900
100,2.94E+08,5.52E+06,3337910,3337911,0,423000
100,2.98E+08,5.30E+06,3337924,3337923,0,433150
100,2.98E+08,5.33E+06,3337929,3337932,0,433150
100,2.91E+08,5.30E+06,3337939,3337940,0,413950
100,2.89E+08,5.38E+06,3337955,3337955,0,409400
100,2.98E+08,5.59E+06,3337955,3337955,0,433150
100,2.90E+08,5.34E+06,3337959,3337959,0,413150
100,2.93E+08,5.30E+06,3337968,3337969,0,422350
100,2.93E+08,5.32E+06,3337982,3337982,0,423000
100,2.94E+08,5.30E+06,3337984,3337982,0,423000
100,2.90E+08,5.31E+06,3337986,3337985,0,410800
100,2.98E+08,5.34E+06,3337988,3337991,0,433150
100,2.95E+08,5.32E+06,3337991,3337992,0,425800
100,2.93E+08,5.30E+06,3337992,3337992,0,422900
100,2.93E+08,5.30E+06,3337996,3337993,0,423000
100,2.90E+08,5.34E+06,3338008,3338010,0,410800
100,2.90E+08,5.31E+06,3338017,3338017,0,413150
100,2.90E+08,5.30E+06,3338039,3338039,0,409800
100,2.91E+08,5.30E+06,3338048,3338049,0,413200
100,2.98E+08,5.30E+06,3338053,3338053,0,433150
100,2.97E+08,5.30E+06,3338060,3338058,0,432950
100,2.95E+08,5.30E+06,3338061,3338061,0,425800
100,2.90E+08,5.30E+06,3338068,3338068,0,409950
100,2.90E+08,5.34E+06,3338079,3338081,0,413150
100,2.97E+08,5.30E+06,3338112,3338115,0,432950
100,2.90E+08,5.34E+06,3338137,3338137,0,413050
100,2.93E+08,5.33E+06,3338143,3338144,0,422100
100,2.90E+08,5.30E+06,3338144,3338144,0,413150
100,2.93E+08,5.37E+06,3338148,3338145,0,422950
100,2.97E+08,5.31E+06,3338157,3338157,0,432950
100,2.90E+08,5.30E+06,3338159,3338159,0,409950
100,2.93E+08,5.30E+06,3338162,3338160,0,422900
100,2.91E+08,5.30E+06,3338183,3338183,0,413200
100,2.90E+08,5.33E+06,3338187,3338184,0,409800
100,2.97E+08,5.30E+06,3338191,3338191,0,429900
100,2.90E+08,5.30E+06,3338209,3338209,0,413050
100,2.94E+08,5.35E+06,3338213,3338218,0,423000
100,2.98E+08,5.70E+06,3338226,3338226,0,432950
100,2.93E+08,5.31E+06,3338244,3338242,0,422900
100,2.97E+08,5.30E+06,3338246,3338248,0,432950
100,2.98E+08,5.30E+06,3338247,3338243,0,432950
100,2.90E+08,5.40E+06,3338259,3338260,0,409950
100,2.91E+08,5.30E+06,3338262,3338260,0,413250
100,2.93E+08,5.30E+06,3338270,3338270,0,422900
100,2.89E+08,5.30E+06,3338276,3338277,0,409000
100,2.97E+08,5.33E+06,3338299,3338299,0,432950
100,2.93E+08,5.31E+06,3338304,3338305,0,422100
100,2.93E+08,5.30E+06,3338306,3338308,0,423000
100,2.94E+08,5.31E+06,3338311,3338311,0,424050
100,2.91E+08,5.40E+06,3338323,3338323,0,413200
100,2.93E+08,5.33E+06,3338338,3338339,0,422900
100,2.93E+08,5.36E+06,3338343,3338343,0,421600
100,2.93E+08,5.32E+06,3338348,3338347,0,422950
100,2.90E+08,5.57E+06,3338362,3338363,0,413150
100,2.98E+08,5.30E+06,3338371,3338368,0,433150
100,2.94E+08,5.31E+06,3338375,3338380,0,423000
100,2.89E+08,5.35E+06,3338379,3338379,0,409000
100,2.93E+08,5.30E+06,3338385,3338388,0,423000
100,2.97E+08,5.30E+06,3338394,3338394,0,429500
100,2.97E+08,5.37E+06,3338396,3338395,0,432950
100,2.97E+08,5.31E+06,3338408,3338406,0,432950
100,2.90E+08,5.30E+06,3338409,3338409,0,413150
100,2.91E+08,5.40E+06,3338409,3338409,0,413200
100,2.98E+08,5.31E+06,3338412,3338411,0,432950
100,2.93E+08,5.30E+06,3338417,3338417,0,423000
100,2.89E+08,5.31E+06,3338428,3338428,0,409400
100,2.98E+08,5.34E+06,3338436,3338438,0,433150
100,2.97E+08,5.30E+06,3338455,3338454,0,432950
100,2.93E+08,5.33E+06,3338464,3338464,0,422600
100,2.93E+08,5.33E+06,3338476,3338477,0,422950
100,2.97E+08,5.30E+06,3338505,3338504,0,432950
100,2.97E+08,5.30E+06,3338519,3338520,0,429900
100,2.93E+08,5.34E+06,3338532,3338528,0,421600
100,2.90E+08,5.30E+06,3338549,3338549,0,413050
100,2.91E+08,5.30E+06,3338551,3338551,0,414200
100,2.93E+08,5.30E+06,3338568,3338567,0,423000
100,2.90E+08,5.30E+06,3338584,3338584,0,409800
100,2.93E+08,5.30E+06,3338608,3338608,0,422950
100,2.90E+08,5.30E+06,3338625,3338627,0,413150
100,2.90E+08,5.33E+06,3338649,3338649,0,413150
100,2.91E+08,5.30E+06,3338654,3338653,0,413200
100,2.91E+08,5.31E+06,3338664,3338666,0,413200
100,2.89E+08,5.33E+06,3338685,3338681,0,409000
100,2.85E+08,5.85E+06,3338686,3338687,0,398150
100,2.93E+08,5.35E+06,3338699,3338699,0,421600
100,2.90E+08,5.30E+06,3338701,3338701,0,409800
100,2.89E+08,5.44E+06,3338705,3338707,0,409000
100,2.93E+08,5.30E+06,3338706,3338706,0,422600
100,2.97E+08,5.36E+06,3338706,3338705,0,432950
100,2.90E+08,5.60E+06,3338715,3338717,0,413050
100,2.97E+08,5.30E+06,3338715,3338712,0,432950
100,2.97E+08,5.32E+06,3338721,3338721,0,429500
100,2.97E+08,5.34E+06,3338723,3338723,0,432950
100,2.90E+08,5.31E+06,3338724,3338728,0,410800
100,2.97E+08,5.30E+06,3338725,3338725,0,432950
100,2.90E+08,5.30E+06,3338739,3338737,0,409800
100,2.91E+08,5.30E+06,3338742,3338742,0,413200
100,2.97E+08,5.31E+06,3338744,3338744,0,432950
100,2.93E+08,5.47E+06,3338748,3338748,0,423000
100,2.93E+08,5.30E+06,3338764,3338765,0,422350
100,2.94E+08,5.30E+06,3338771,3338771,0,423000
100,2.90E+08,5.30E+06,3338785,3338786,0,409800
100,2.93E+08,5.35E+06,3338786,3338786,0,422900
100,2.89E+08,5.42E+06,3338816,3338816,0,409000
100,2.97E+08,5.31E+06,3338830,3338827,0,429900
100,2.98E+08,5.30E+06,3338832,3338832,0,433150
100,2.98E+08,5.30E+06,3338833,3338833,0,433150
100,2.90E+08,5.30E+06,3338845,3338845,0,413150
100,2.93E+08,5.32E+06,3338848,3338848,0,422950
100,2.90E+08,5.33E+06,3338853,3338852,0,409950
100,2.97E+08,5.30E+06,3338861,3338862,0,429900
100,2.95E+08,5.30E+06,3338865,3338864,0,424550
100,2.90E+08,5.30E+06,3338866,3338866,0,409950
100,2.93E+08,5.30E+06,3338866,3338866,0,422900
100,2.98E+08,5.30E+06,3338873,3338874,0,432950
100,2.93E+08,5.31E+06,3338874,3338877,0,422950
100,2.94E+08,5.30E+06,3338876,3338876,0,423000
100,2.98E+08,5.37E+06,3338879,3338878,0,433150
100,2.90E+08,5.30E+06,3338919,3338920,0,409800
100,2.97E+08,5.58E+06,3338924,3338924,0,432950
100,2.93E+08,5.36E+06,3338938,3338937,0,422600
100,2.93E+08,5.36E+06,3338964,3338964,0,423000
100,2.93E+08,5.32E+06,3338968,3338968,0,422950
100,2.97E+08,5.31E+06,3338982,3338982,0,429900
100,2.91E+08,5.33E+06,3338993,3338992,0,413250
100,2.97E+08,5.31E+06,3338993,3338993,0,432950
100,2.90E+08,5.30E+06,3338994,3338993,0,410800
100,2.91E+08,5.30E+06,3338994,3338993,0,413200
100,2.93E+08,5.30E+06,3339000,3339000,0,422100
100,2.98E+08,5.32E+06,3339013,3339012,0,433150
100,2.93E+08,5.30E+06,3339018,3339019,0,422100
100,2.93E+08,5.30E+06,3339019,3339013,0,423000
100,2.91E+08,5.30E+06,3339025,3339025,0,413200
100,2.93E+08,5.30E+06,3339030,3339030,0,423000
100,2.93E+08,5.35E+06,3339040,3339039,0,422100
100,2.89E+08,5.33E+06,3339041,3339044,0,409000
100,2.90E+08,5.32E+06,3339042,3339042,0,413150
100,2.97E+08,5.35E+06,3339053,3339051,0,432950
100,2.90E+08,5.33E+06,3339063,3339059,0,409800
100,2.89E+08,5.30E+06,3339066,3339059,0,409000
100,2.97E+08,5.35E+06,3339074,3339076,0,432950
100,2.93E+08,5.30E+06,3339078,3339078,0,421600
100,2.93E+08,5.32E+06,3339088,3339089,0,422950
100,2.93E+08,5.30E+06,3339095,3339092,0,422600
100,2.93E+08,5.30E+06,3339096,3339095,0,422900
100,2.98E+08,5.32E+06,3339108,3339107,0,433150
100,2.90E+08,5.31E+06,3339126,3339125,0,413150
100,2.90E+08,5.30E+06,3339133,3339133,0,413150
100,2.93E+08,5.31E+06,3339133,3339133,0,423000
100,2.90E+08,5.30E+06,3339138,3339138,0,409800
100,2.91E+08,5.31E+06,3339161,3339161,0,413250
100,2.90E+08,5.30E+06,3339165,3339164,0,409950
100,2.94E+08,5.31E+06,3339174,3339173,0,423000
100,2.93E+08,5.36E+06,3339184,3339184,0,422900
100,2.98E+08,5.32E+06,3339188,3339186,0,433150
100,2.90E+08,5.39E+06,3339191,3339192,0,409950
100,2.97E+08,5.30E+06,3339193,3339193,0,429900
100,2.93E+08,5.34E+06,3339196,3339196,0,422900
100,2.93E+08,5.32E+06,3339204,3339205,0,422900
100,2.90E+08,5.30E+06,3339222,3339221,0,409750
100,2.93E+08,5.30E+06,3339222,3339225,0,422600
100,2.91E+08,5.37E+06,3339238,3339240,0,413200
100,2.90E+08,5.33E+06,3339243,3339243,0,413150
100,2.93E+08,5.30E+06,3339256,3339257,0,422900
100,2.97E+08,5.39E+06,3339256,3339254,0,429900
100,2.91E+08,5.30E+06,3339270,3339269,0,413250
100,2.90E+08,5.31E+06,3339283,3339283,0,409950
100,2.93E+08,5.30E+06,3339290,3339291,0,423000
100,2.90E+08,5.31E+06,3339294,3339295,0,409950
100,2.91E+08,5.30E+06,3339341,3339341,0,413200
100,2.90E+08,5.30E+06,3339345,3339345,0,409800
100,2.93E+08,5.32E+06,3339358,3339358,0,423000
100,2.90E+08,5.41E+06,3339359,3339354,0,410800
100,2.97E+08,5.31E+06,3339369,3339369,0,432950
100,2.93E+08,5.31E+06,3339372,3339370,0,423000
100,2.95E+08,5.31E+06,3339386,3339385,0,424550
100,2.89E+08,5.32E+06,3339387,3339387,0,409400
100,2.97E+08,5.41E+06,3339388,3339389,0,429900
100,2.97E+08,5.33E+06,3339389,3339388,0,432950
100,2.90E+08,5.31E+06,3339406,3339406,0,409800
100,2.90E+08,5.50E+06,3339414,3339413,0,413150
100,2.93E+08,5.30E+06,3339416,3339416,0,422950
100,2.93E+08,5.34E+06,3339424,3339424,0,422900
100,2.91E+08,5.31E+06,3339427,3339425,0,413200
100,2.93E+08,5.30E+06,3339429,3339425,0,422900
100,2.93E+08,5.30E+06,3339431,3339428,0,422950
100,2.93E+08,5.30E+06,3339432,3339433,0,423000
100,2.89E+08,5.30E+06,3339437,3339436,0,409000
100,2.90E+08,5.31E+06,3339440,3339434,0,413150
100,2.93E+08,5.42E+06,3339444,3339443,0,422950
100,2.90E+08,5.31E+06,3339449,3339452,0,409950
100,2.98E+08,5.30E+06,3339483,3339480,0,433150
100,2.90E+08,5.30E+06,3339488,3339488,0,409800
100,2.93E+08,5.32E+06,3339488,3339488,0,422900
100,2.90E+08,5.32E+06,3339499,3339499,0,413050
100,2.97E+08,5.35E+06,3339507,3339507,0,432950
100,2.94E+08,5.57E+06,3339519,3339519,0,423000
100,2.90E+08,5.32E+06,3339520,3339521,0,409750
100,2.91E+08,5.33E+06,3339527,3339526,0,413200
100,2.90E+08,5.30E+06,3339533,3339535,0,413050
100,2.90E+08,5.36E+06,3339549,3339549,0,409800
100,2.90E+08,5.33E+06,3339584,3339586,0,413050
100,2.90E+08,5.31E+06,3339596,3339595,0,413050
100,2.90E+08,5.32E+06,3339597,3339597,0,413150
100,2.90E+08,5.30E+06,3339602,3339603,0,413150
100,2.93E+08,5.31E+06,3339608,3339608,0,423000
100,2.97E+08,5.30E+06,3339612,3339612,0,432950
100,2.90E+08,5.31E+06,3339644,3339645,0,409800
100,2.93E+08,5.30E+06,3339646,3339647,0,423000
100,2.93E+08,5.30E+06,3339647,3339649,0,422600
100,2.98E+08,5.32E+06,3339653,3339653,0,433150
100,2.93E+08,5.30E+06,3339656,3339656,0,422350
100,2.97E+08,5.32E+06,3339674,3339674,0,429500
100,2.93E+08,5.32E+06,3339680,3339681,0,423000
100,2.93E+08,5.30E+06,3339687,3339689,0,423000
100,2.93E+08,5.44E+06,3339704,3339704,0,422600
100,2.91E+08,5.30E+06,3339705,3339704,0,413200
100,2.90E+08,5.34E+06,3339707,3339707,0,409800
100,2.93E+08,5.33E+06,3339718,3339716,0,422950
100,2.97E+08,5.34E+06,3339726,3339723,0,429900
100,2.98E+08,5.30E+06,3339726,3339726,0,433150
100,2.97E+08,5.30E+06,3339729,3339730,0,429900
100,2.90E+08,5.32E+06,3339735,3339730,0,413050
100,2.93E+08,5.30E+06,3339758,3339763,0,423000
100,2.90E+08,5.30E+06,3339768,3339769,0,409950
100,2.91E+08,5.30E+06,3339771,3339773,0,413250
100,2.93E+08,5.31E+06,3339782,3339782,0,422350
100,2.90E+08,5.33E+06,3339784,3339784,0,410800
100,2.98E+08,5.31E+06,3339802,3339804,0,433150
100,2.93E+08,5.30E+06,3339803,3339803,0,422900
100,2.93E+08,5.31E+06,3339804,3339804,0,423000
100,2.90E+08,5.31E+06,3339805,3339802,0,413050
100,2.98E+08,5.33E+06,3339808,3339808,0,432950
100,2.90E+08,5.30E+06,3339811,3339811,0,410800
100,2.93E+08,5.34E+06,3339812,3339811,0,422950
100,2.91E+08,5.30E+06,3339813,3339814,0,413200
100,2.94E+08,5.30E+06,3339814,3339814,0,423000
100,2.93E+08,5.34E+06,3339823,3339821,0,423000
100,2.90E+08,5.30E+06,3339854,3339856,0,409950
100,2.93E+08,5.42E+06,3339855,3339855,0,422900
100,2.89E+08,5.42E+06,3339862,3339865,0,409000
100,2.93E+08,5.36E+06,3339864,3339864,0,422900
100,2.90E+08,5.30E+06,3339867,3339867,0,413150
100,2.93E+08,5.30E+06,3339868,3339868,0,423000
100,2.90E+08,5.31E+06,3339871,3339872,0,413050
100,2.94E+08,5.30E+06,3339871,3339873,0,423000
100,2.94E+08,5.30E+06,3339900,3339899,0,423000
100,2.90E+08,5.42E+06,3339907,3339908,0,413050
100,2.89E+08,5.42E+06,3339914,3339913,0,409000
100,2.95E+08,5.37E+06,3339916,3339916,0,425800
100,2.93E+08,5.31E+06,3339923,3339926,0,422950
100,2.90E+08,5.31E+06,3339926,3339926,0,409800
100,2.97E+08,5.30E+06,3339929,3339926,0,432950
100,2.91E+08,5.31E+06,3339931,3339930,0,413200
100,2.90E+08,5.31E+06,3339945,3339946,0,413150
100,2.91E+08,5.30E+06,3339955,3339957,0,414200
100,2.94E+08,5.31E+06,3339987,3339987,0,424050
100,2.93E+08,5.40E+06,3339993,3339996,0,422900
100,2.89E+08,5.69E+06,3340011,3340011,0,409000
100,2.93E+08,5.30E+06,3340037,3340038,0,422900
100,2.93E+08,5.32E+06,3340041,3340041,0,422950
100,2.93E+08,5.64E+06,3340042,3340042,0,422900
100,2.93E+08,5.30E+06,3340049,3340049,0,421600
100,2.93E+08,5.30E+06,3340062,3340064,0,421600
100,2.98E+08,5.32E+06,3340063,3340063,0,433150
100,2.93E+08,5.30E+06,3340074,3340074,0,423000
100,2.93E+08,5.31E+06,3340083,3340079,0,422100
100,2.93E+08,5.30E+06,3340086,3340085,0,423000
100,2.95E+08,5.30E+06,3340103,3340104,0,425800
100,2.93E+08,5.34E+06,3340117,3340117,0,422950
100,2.90E+08,5.33E+06,3340127,3340127,0,409950
100,2.90E+08,5.30E+06,3340127,3340127,0,409950
100,2.97E+08,5.35E+06,3340138,3340138,0,432950
100,2.90E+08,5.30E+06,3340152,3340150,0,413050
100,2.94E+08,5.30E+06,3340154,3340151,0,423000
100,2.93E+08,5.30E+06,3340155,3340155,0,422950
100,2.93E+08,5.31E+06,3340159,3340159,0,422600
100,2.95E+08,5.34E+06,3340167,3340167,0,425800
100,2.93E+08,5.30E+06,3340192,3340196,0,423000
100,2.98E+08,5.32E+06,3340193,3340193,0,433150
100,2.90E+08,5.35E+06,3340195,3340195,0,410750
100,2.90E+08,5.33E+06,3340211,3340209,0,409750
100,2.98E+08,5.30E+06,3340243,3340242,0,433150
100,2.94E+08,5.32E+06,3340246,3340243,0,423000
100,2.98E+08,5.30E+06,3340250,3340249,0,433150
100,2.95E+08,5.32E+06,3340260,3340260,0,424550
100,2.90E+08,5.30E+06,3340262,3340265,0,409800
100,2.93E+08,5.30E+06,3340267,3340264,0,422350
100,2.89E+08,5.34E+06,3340278,3340280,0,409000
100,2.93E+08,5.37E+06,3340283,3340281,0,422100
100,2.93E+08,5.33E+06,3340300,3340301,0,422900
100,2.89E+08,5.31E+06,3340302,3340299,0,409400
100,2.90E+08,5.31E+06,3340310,3340306,0,413050
100,2.93E+08,5.33E+06,3340316,3340314,0,421600
100,2.91E+08,5.32E+06,3340321,3340321,0,413250
100,2.90E+08,5.31E+06,3340323,3340324,0,413150
100,2.90E+08,5.30E+06,3340329,3340329,0,409800
100,2.93E+08,5.34E+06,3340336,3340338,0,423000
100,2.97E+08,5.33E+06,3340355,3340357,0,429900
100,2.97E+08,5.30E+06,3340368,3340367,0,429900
100,2.91E+08,5.36E+06,3340376,3340376,0,413250
100,2.93E+08,5.37E+06,3340401,3340398,0,423000
100,2.90E+08,5.31E+06,3340416,3340418,0,409750
100,2.97E+08,5.30E+06,3340424,3340425,0,429900
100,2.93E+08,5.30E+06,3340426,3340427,0,422950
100,2.94E+08,5.30E+06,3340428,3340428,0,424050
100,2.94E+08,5.30E+06,3340431,3340431,0,423000
100,2.89E+08,5.31E+06,3340433,3340433,0,409000
100,2.93E+08,5.39E+06,3340437,3340435,0,422900
100,2.93E+08,5.31E+06,3340460,3340458,0,422950
100,2.93E+08,5.53E+06,3340465,3340464,0,423000
100,2.90E+08,5.30E+06,3340469,3340469,0,410800
100,2.90E+08,5.30E+06,3340482,3340482,0,409950
100,2.93E+08,5.31E+06,3340485,3340485,0,422950
100,2.98E+08,5.35E+06,3340489,3340491,0,433150
100,2.94E+08,5.30E+06,3340500,3340501,0,424050
100,2.90E+08,5.33E+06,3340502,3340502,0,409950
100,2.93E+08,5.31E+06,3340508,3340508,0,422350
100,2.87E+08,5.35E+06,3340514,3340514,0,401250
100,2.90E+08,5.35E+06,3340519,3340519,0,409750
100,2.93E+08,5.31E+06,3340523,3340521,0,423000
100,2.97E+08,5.30E+06,3340527,3340525,0,429900
100,2.90E+08,5.30E+06,3340530,3340529,0,409950
100,2.93E+08,5.30E+06,3340530,3340531,0,422900
100,2.90E+08,5.33E+06,3340556,3340560,0,413150
100,2.93E+08,5.30E+06,3340560,3340560,0,423000
100,2.98E+08,5.30E+06,3340566,3340566,0,433150
100,2.93E+08,5.30E+06,3340568,3340567,0,422600
100,2.91E+08,5.30E+06,3340569,3340572,0,413200
100,2.93E+08,5.30E+06,3340572,3340576,0,422900
100,2.93E+08,5.30E+06,3340578,3340575,0,422900
100,2.93E+08,5.33E+06,3340578,3340579,0,422950
100,2.93E+08,5.30E+06,3340582,3340581,0,423000
100,2.90E+08,5.31E+06,3340584,3340584,0,413150
100,2.93E+08,5.35E+06,3340586,3340586,0,422600
100,2.97E+08,5.34E+06,3340592,3340592,0,432950
100,2.97E+08,5.30E+06,3340601,3340597,0,429900
100,2.93E+08,5.31E+06,3340606,3340602,0,422900
100,2.97E+08,5.30E+06,3340614,3340613,0,432950
100,2.97E+08,5.76E+06,3340620,3340620,0,429900
100,2.90E+08,5.30E+06,3340626,3340627,0,413150
100,2.90E+08,5.31E+06,3340631,3340631,0,413150
100,2.93E+08,5.33E+06,3340641,3340641,0,422950
100,2.91E+08,5.32E+06,3340660,3340660,0,413250
100,2.93E+08,5.31E+06,3340672,3340672,0,423000
100,2.90E+08,5.30E+06,3340675,3340674,0,410800
100,2.93E+08,5.30E+06,3340679,3340679,0,422350
100,2.90E+08,5.31E+06,3340685,3340685,0,409950
100,2.90E+08,5.33E+06,3340691,3340693,0,409800
100,2.93E+08,5.30E+06,3340692,3340690,0,423000
100,2.95E+08,5.56E+06,3340692,3340691,0,425800
100,2.97E+08,5.32E+06,3340694,3340698,0,429900
100,2.91E+08,5.32E+06,3340696,3340696,0,413200
100,2.97E+08,5.34E+06,3340699,3340696,0,429900
100,2.93E+08,5.37E+06,3340701,3340701,0,422600
100,2.95E+08,5.33E+06,3340736,3340737,0,425800
100,2.93E+08,5.30E+06,3340748,3340750,0,422950
100,2.97E+08,5.30E+06,3340749,3340747,0,432950
100,2.98E+08,5.32E+06,3340760,3340760,0,433150
100,2.93E+08,5.32E+06,3340777,3340778,0,423000
100,2.94E+08,5.43E+06,3340784,3340784,0,423000
100,2.93E+08,5.33E+06,3340796,3340796,0,422100
100,2.90E+08,5.33E+06,3340836,3340834,0,410800
100,2.90E+08,5.37E+06,3340853,3340854,0,409950
100,2.98E+08,5.30E+06,3340884,3340883,0,433150
100,2.93E+08,5.35E+06,3340889,3340890,0,422600
100,2.90E+08,5.36E+06,3340890,3340890,0,413150
100,2.97E+08,5.32E+06,3340903,3340901,0,432950
100,2.89E+08,5.34E+06,3340914,3340916,0,409400
100,2.91E+08,5.30E+06,3340914,3340916,0,413950
100,2.90E+08,5.30E+06,3340936,3340937,0,413050
100,2.91E+08,5.31E+06,3340938,3340938,0,413200
100,2.93E+08,5.32E+06,3340946,3340946,0,422350
100,2.91E+08,5.31E+06,3340969,3340970,0,413250
100,2.91E+08,5.31E+06,3340989,3340988,0,413200
100,2.90E+08,5.33E+06,3341012,3341011,0,409950
100,2.97E+08,5.30E+06,3341012,3341012,0,432950
100,2.93E+08,5.34E+06,3341019,3341019,0,422900
100,2.94E+08,5.30E+06,3341035,3341031,0,424050
100,2.91E+08,5.33E+06,3341042,3341042,0,413200
100,2.90E+08,5.33E+06,3341044,3341045,0,413150
100,2.97E+08,5.30E+06,3341061,3341060,0,432950
100,2.98E+08,5.33E+06,3341075,3341073,0,433150
100,2.90E+08,5.30E+06,3341077,3341076,0,410800
100,2.90E+08,5.31E+06,3341080,3341080,0,410800
100,2.91E+08,5.30E+06,3341080,3341079,0,413250
100,2.93E+08,5.30E+06,3341094,3341094,0,423000
100,2.93E+08,5.32E+06,3341099,3341100,0,422900
100,2.93E+08,5.30E+06,3341110,3341109,0,423000
100,2.90E+08,5.30E+06,3341113,3341114,0,410800
100,2.97E+08,5.33E+06,3341138,3341134,0,429900
100,2.94E+08,5.30E+06,3341139,3341141,0,424050
100,2.91E+08,5.30E+06,3341140,3341142,0,413250
100,2.95E+08,5.37E+06,3341145,3341144,0,425800
100,2.97E+08,5.30E+06,3341168,3341168,0,429900
100,2.90E+08,5.30E+06,3341170,3341170,0,413150
100,2.94E+08,5.30E+06,3341176,3341174,0,423000
100,2.90E+08,5.33E+06,3341177,3341176,0,409950
100,2.94E+08,5.30E+06,3341183,3341184,0,423000
100,2.91E+08,5.32E+06,3341184,3341188,0,413250
100,2.93E+08,5.30E+06,3341184,3341184,0,422900
100,2.93E+08,5.30E+06,3341195,3341198,0,422950
100,2.93E+08,5.30E+06,3341206,3341206,0,422950
100,2.97E+08,5.36E+06,3341207,3341208,0,429500
100,2.94E+08,5.30E+06,3341209,3341209,0,423000
100,2.93E+08,5.30E+06,3341210,3341210,0,422900
100,2.93E+08,5.32E+06,3341220,3341220,0,422950
100,2.93E+08,5.37E+06,3341223,3341222,0,422950
100,2.97E+08,5.31E+06,3341225,3341225,0,432950
100,2.90E+08,5.36E+06,3341228,3341226,0,409950
100,2.91E+08,5.30E+06,3341230,3341228,0,414200
100,2.90E+08,5.59E+06,3341248,3341244,0,409950
100,2.93E+08,5.30E+06,3341249,3341249,0,422950
100,2.89E+08,5.30E+06,3341259,3341260,0,409400
100,2.90E+08,5.31E+06,3341271,3341269,0,413150
100,2.91E+08,5.30E+06,3341275,3341275,0,413200
100,2.93E+08,5.30E+06,3341275,3341274,0,423000
100,2.91E+08,5.33E+06,3341276,3341278,0,413200
100,2.93E+08,5.35E+06,3341279,3341279,0,422900
100,2.94E+08,5.35E+06,3341297,3341297,0,423000
100,2.90E+08,5.32E+06,3341331,3341331,0,410800
100,2.93E+08,5.33E+06,3341333,3341333,0,423000
100,2.97E+08,5.30E+06,3341342,3341342,0,429900
100,2.98E+08,5.32E+06,3341345,3341345,0,432950
100,2.90E+08,5.32E+06,3341350,3341349,0,413150
100,2.93E+08,5.31E+06,3341353,3341353,0,423000
100,2.93E+08,5.30E+06,3341364,3341367,0,422900
100,2.90E+08,5.30E+06,3341372,3341372,0,413150
100,2.93E+08,5.34E+06,3341379,3341375,0,422950
100,2.93E+08,5.30E+06,3341389,3341386,0,422950
100,2.90E+08,5.31E+06,3341390,3341391,0,409950
100,2.93E+08,5.30E+06,3341392,3341392,0,422350
100,2.93E+08,5.32E+06,3341400,3341400,0,422950
100,2.97E+08,5.30E+06,3341403,3341404,0,432950
100,2.93E+08,5.30E+06,3341407,3341406,0,422950
100,2.98E+08,5.30E+06,3341407,3341399,0,433150
100,2.90E+08,5.30E+06,3341419,3341416,0,413050
100,2.90E+08,5.30E+06,3341422,3341422,0,413150
100,2.90E+08,5.30E+06,3341423,3341422,0,413150
100,2.90E+08,5.38E+06,3341434,3341434,0,410800
100,2.97E+08,5.31E+06,3341436,3341433,0,429900
100,2.97E+08,5.30E+06,3341441,3341443,0,432950
100,2.98E+08,5.34E+06,3341442,3341441,0,433150
100,2.93E+08,5.33E+06,3341444,3341444,0,423000
100,2.97E+08,5.33E+06,3341444,3341447,0,432950
100,2.90E+08,5.32E+06,3341452,3341454,0,413050
100,2.90E+08,5.39E+06,3341453,3341455,0,409800
100,2.90E+08,5.30E+06,3341455,3341455,0,413050
100,2.97E+08,5.31E+06,3341460,3341462,0,432950
100,2.93E+08,5.30E+06,3341484,3341484,0,422100
100,2.97E+08,5.30E+06,3341502,3341505,0,429500
100,2.91E+08,5.31E+06,3341509,3341508,0,413200
100,2.93E+08,5.30E+06,3341518,3341518,0,423000
100,2.93E+08,5.30E+06,3341523,3341523,0,423000
100,2.90E+08,5.30E+06,3341526,3341526,0,409950
100,2.90E+08,5.36E+06,3341526,3341523,0,413050
100,2.98E+08,5.30E+06,3341528,3341525,0,433150
100,2.94E+08,5.41E+06,3341559,3341558,0,423000
100,2.90E+08,5.30E+06,3341579,3341580,0,409950
100,2.97E+08,5.34E+06,3341587,3341587,0,429900
100,2.90E+08,5.33E+06,3341600,3341599,0,409800
100,2.90E+08,5.32E+06,3341601,3341597,0,409800
100,2.93E+08,5.30E+06,3341602,3341600,0,422950
100,2.94E+08,5.35E+06,3341604,3341604,0,423000
100,2.90E+08,5.35E+06,3341608,3341605,0,409800
100,2.91E+08,5.30E+06,3341618,3341622,0,413200
100,2.90E+08,5.30E+06,3341621,3341621,0,413150
100,2.94E+08,5.48E+06,3341621,3341623,0,424050
100,2.93E+08,5.32E+06,3341624,3341621,0,422900
100,2.97E+08,5.33E+06,3341627,3341627,0,432950
100,2.91E+08,5.30E+06,3341629,3341629,0,413250
100,2.96E+08,5.37E+06,3341643,3341641,0,429300
100,2.93E+08,5.30E+06,3341662,3341662,0,422600
100,2.90E+08,5.41E+06,3341674,3341674,0,410800
100,2.90E+08,5.31E+06,3341681,3341683,0,413150
100,2.97E+08,5.30E+06,3341697,3341697,0,429900
100,2.93E+08,5.30E+06,3341728,3341730,0,422950
100,2.90E+08,5.31E+06,3341750,3341749,0,409800
100,2.90E+08,5.41E+06,3341754,3341754,0,409950
100,2.93E+08,5.30E+06,3341779,3341777,0,421600
100,2.90E+08,5.32E+06,3341784,3341784,0,410800
100,2.93E+08,5.36E+06,3341794,3341792,0,422600
100,2.97E+08,5.30E+06,3341816,3341818,0,429500
100,2.90E+08,5.34E+06,3341822,3341824,0,410800
100,2.90E+08,5.36E+06,3341845,3341847,0,413150
100,2.91E+08,5.30E+06,3341845,3341846,0,413950
100,2.93E+08,5.31E+06,3341848,3341848,0,421600
100,2.90E+08,5.34E+06,3341865,3341865,0,413150
100,2.90E+08,5.56E+06,3341872,3341872,0,409800
100,2.98E+08,5.30E+06,3341881,3341881,0,433150
100,2.91E+08,5.35E+06,3341888,3341885,0,413150
100,2.97E+08,5.34E+06,3341888,3341891,0,429900
100,2.93E+08,5.35E+06,3341889,3341888,0,423000
100,2.97E+08,5.31E+06,3341897,3341897,0,432950
100,2.97E+08,5.36E+06,3341901,3341901,0,429500
100,2.98E+08,5.30E+06,3341906,3341906,0,433150
100,2.89E+08,5.39E+06,3341907,3341907,0,409000
100,2.90E+08,5.36E+06,3341908,3341908,0,413150
100,2.90E+08,5.31E+06,3341914,3341915,0,409950
100,2.90E+08,5.30E+06,3341943,3341943,0,413150
100,2.97E+08,5.30E+06,3341952,3341952,0,432950
100,2.91E+08,5.30E+06,3341962,3341964,0,414200
100,2.93E+08,5.31E+06,3341966,3341963,0,422900
100,2.90E+08,5.33E+06,3341971,3341969,0,410750
100,2.93E+08,5.30E+06,3341988,3341989,0,422100
100,2.93E+08,5.30E+06,3341998,3341998,0,422950
100,2.97E+08,5.30E+06,3342000,3342000,0,429500
100,2.90E+08,5.30E+06,3342002,3342002,0,413050
100,2.93E+08,5.33E+06,3342019,3342019,0,422950
100,2.94E+08,5.30E+06,3342054,3342053,0,424050
100,2.94E+08,5.31E+06,3342080,3342079,0,423000
100,2.90E+08,5.32E+06,3342081,3342080,0,409800
100,2.90E+08,5.30E+06,3342083,3342083,0,409800
100,2.90E+08,5.30E+06,3342107,3342107,0,413050
100,2.97E+08,5.70E+06,3342122,3342122,0,429900
100,2.91E+08,5.30E+06,3342124,3342124,0,413150
100,2.90E+08,5.33E+06,3342128,3342127,0,409950
100,2.93E+08,5.31E+06,3342134,3342134,0,422900
100,2.97E+08,5.34E+06,3342141,3342144,0,432950
100,2.90E+08,5.30E+06,3342143,3342143,0,413050
100,2.90E+08,5.30E+06,3342164,3342164,0,410800
100,2.97E+08,5.34E+06,3342182,3342184,0,432950
100,2.94E+08,5.31E+06,3342187,3342187,0,424050
100,2.90E+08,5.30E+06,3342190,3342190,0,409950
100,2.90E+08,5.30E+06,3342192,3342192,0,409800
100,2.90E+08,5.30E+06,3342193,3342193,0,410800
100,2.93E+08,5.31E+06,3342210,3342210,0,422900
100,2.97E+08,5.33E+06,3342217,3342217,0,432950
100,2.90E+08,5.30E+06,3342218,3342217,0,409950
100,2.90E+08,5.30E+06,3342251,3342251,0,409950
100,2.93E+08,5.30E+06,3342251,3342248,0,423000
100,2.93E+08,5.30E+06,3342253,3342252,0,423000
100,2.93E+08,5.30E+06,3342254,3342254,0,422900
100,2.93E+08,5.30E+06,3342267,3342270,0,423000
100,2.93E+08,5.30E+06,3342280,3342278,0,422950
100,2.90E+08,5.33E+06,3342290,3342290,0,409800
100,2.90E+08,5.31E+06,3342293,3342293,0,413150
100,2.93E+08,5.32E+06,3342295,3342295,0,422100
100,2.93E+08,5.34E+06,3342317,3342316,0,423000
100,2.94E+08,5.30E+06,3342319,3342319,0,423000
100,2.93E+08,5.32E+06,3342321,3342321,0,422350
100,2.91E+08,5.30E+06,3342322,3342324,0,413150
100,2.93E+08,5.30E+06,3342324,3342325,0,422900
100,2.90E+08,5.30E+06,3342326,3342325,0,409950
100,2.90E+08,5.30E+06,3342353,3342356,0,409800
100,2.90E+08,5.30E+06,3342365,3342365,0,409950
100,2.97E+08,5.30E+06,3342387,3342387,0,429900
100,2.91E+08,5.37E+06,3342389,3342389,0,413250
100,2.91E+08,5.36E+06,3342390,3342389,0,413250
100,2.90E+08,5.30E+06,3342410,3342409,0,413050
100,2.90E+08,5.30E+06,3342420,3342421,0,410800
100,2.90E+08,5.30E+06,3342421,3342417,0,413050
100,2.97E+08,5.30E+06,3342430,3342431,0,429900
100,2.90E+08,5.34E+06,3342433,3342433,0,409950
100,2.90E+08,5.30E+06,3342442,3342444,0,409800
100,2.93E+08,5.34E+06,3342461,3342461,0,422950
100,2.93E+08,5.36E+06,3342467,3342468,0,422350
100,2.97E+08,5.32E+06,3342476,3342482,0,429900
100,2.90E+08,5.33E+06,3342479,3342481,0,413050
100,2.94E+08,5.30E+06,3342486,3342489,0,424050
100,2.90E+08,5.34E+06,3342488,3342489,0,409950
100,2.97E+08,5.30E+06,3342490,3342491,0,432950
100,2.90E+08,5.41E+06,3342496,3342496,0,410800
100,2.98E+08,5.31E+06,3342497,3342497,0,433150
100,2.90E+08,5.35E+06,3342500,3342500,0,409800
100,2.90E+08,5.30E+06,3342501,3342501,0,409800
100,2.90E+08,5.54E+06,3342506,3342504,0,409950
100,2.93E+08,5.30E+06,3342524,3342524,0,422900
100,2.93E+08,5.35E+06,3342532,3342532,0,423000
100,2.98E+08,5.31E+06,3342541,3342543,0,432950
100,2.90E+08,5.37E+06,3342542,3342542,0,410750
100,2.91E+08,5.30E+06,3342542,3342545,0,413250
100,2.89E+08,5.35E+06,3342543,3342543,0,409000
100,2.90E+08,5.30E+06,3342568,3342573,0,413150
100,2.90E+08,5.30E+06,3342578,3342578,0,409800
100,2.90E+08,5.30E+06,3342596,3342597,0,413050
100,2.93E+08,5.39E+06,3342600,3342600,0,422900
100,2.90E+08,5.33E+06,3342610,3342606,0,409950
100,2.90E+08,5.30E+06,3342614,3342614,0,409950
100,2.90E+08,5.31E+06,3342619,3342618,0,409950
100,2.93E+08,5.34E+06,3342622,3342624,0,422900
100,2.90E+08,5.30E+06,3342634,3342634,0,409950
100,2.98E+08,5.32E+06,3342635,3342637,0,433150
100,2.93E+08,5.33E+06,3342637,3342638,0,422950
100,2.90E+08,5.36E+06,3342640,3342642,0,413150
100,2.89E+08,5.42E+06,3342644,3342643,0,409000
100,2.90E+08,5.32E+06,3342645,3342645,0,409800
100,2.97E+08,5.30E+06,3342657,3342657,0,429900
100,2.98E+08,5.31E+06,3342673,3342672,0,433150
100,2.93E+08,5.33E+06,3342674,3342674,0,422350
100,2.93E+08,5.30E+06,3342674,3342672,0,423000
100,2.93E+08,5.30E+06,3342679,3342676,0,422950
100,2.98E+08,5.32E+06,3342681,3342681,0,433150
100,2.90E+08,5.30E+06,3342694,3342694,0,413150
100,2.93E+08,5.30E+06,3342695,3342696,0,423000
100,2.98E+08,5.30E+06,3342716,3342716,0,432950
100,2.91E+08,5.34E+06,3342723,3342723,0,413250
100,2.93E+08,5.30E+06,3342730,3342730,0,423000
100,2.89E+08,5.36E+06,3342735,3342734,0,409000
100,2.90E+08,5.30E+06,3342735,3342735,0,413150
100,2.91E+08,5.30E+06,3342746,3342747,0,413200
100,2.93E+08,5.31E+06,3342748,3342747,0,423000
100,2.97E+08,5.33E+06,3342756,3342756,0,429900
100,2.90E+08,5.30E+06,3342767,3342767,0,409950
100,2.90E+08,5.30E+06,3342773,3342773,0,409800
100,2.93E+08,5.30E+06,3342789,3342789,0,422900
100,2.93E+08,5.37E+06,3342789,3342788,0,423000
100,2.93E+08,5.31E+06,3342798,3342796,0,422950
100,2.89E+08,5.31E+06,3342857,3342859,0,409400
100,2.90E+08,5.36E+06,3342868,3342865,0,409950
100,2.97E+08,5.30E+06,3342870,3342867,0,429900
100,2.90E+08,5.35E+06,3342872,3342872,0,409950
100,2.90E+08,5.30E+06,3342874,3342874,0,413150
100,2.93E+08,5.73E+06,3342884,3342878,0,423000
100,2.90E+08,5.31E+06,3342888,3342885,0,409800
100,2.93E+08,5.40E+06,3342888,3342888,0,422350
100,2.93E+08,5.31E+06,3342892,3342893,0,422900
100,2.90E+08,5.31E+06,3342900,3342900,0,409800
100,2.89E+08,5.34E+06,3342905,3342905,0,409000
100,2.97E+08,5.31E+06,3342915,3342918,0,429900
100,2.97E+08,5.30E+06,3342944,3342944,0,429900
100,2.97E+08,5.30E+06,3342947,3342949,0,432950
100,2.97E+08,5.30E+06,3342950,3342950,0,429900
100,2.98E+08,5.32E+06,3342964,3342964,0,433150
100,2.98E+08,5.31E+06,3342965,3342965,0,432950
100,2.90E+08,5.30E+06,3342967,3342962,0,409800
100,2.93E+08,5.30E+06,3342972,3342972,0,422100
100,2.90E+08,5.37E+06,3342993,3342993,0,413050
100,2.93E+08,5.32E+06,3342997,3342997,0,422900
100,2.90E+08,5.35E+06,3343005,3343005,0,409800
100,2.94E+08,5.53E+06,3343026,3343024,0,423000
100,2.94E+08,5.34E+06,3343043,3343043,0,424050
100,2.98E+08,5.35E+06,3343051,3343050,0,432950
100,2.94E+08,5.45E+06,3343052,3343051,0,423000
100,2.90E+08,5.32E+06,3343056,3343056,0,413150
100,2.91E+08,5.33E+06,3343057,3343054,0,413250
100,2.97E+08,5.36E+06,3343060,3343060,0,432950
100,2.90E+08,5.35E+06,3343072,3343072,0,409800
100,2.90E+08,5.30E+06,3343076,3343076,0,409800
100,2.90E+08,5.52E+06,3343079,3343079,0,413050
100,2.97E+08,5.32E+06,3343079,3343079,0,432950
100,2.89E+08,5.35E+06,3343080,3343080,0,409150
100,2.93E+08,5.30E+06,3343081,3343080,0,422950
100,2.93E+08,5.30E+06,3343086,3343087,0,423000
100,2.94E+08,5.30E+06,3343087,3343077,0,423000
100,2.93E+08,5.34E+06,3343094,3343094,0,422950
100,2.90E+08,5.30E+06,3343110,3343109,0,409800
100,2.93E+08,5.36E+06,3343126,3343127,0,422950
100,2.90E+08,5.43E+06,3343137,3343137,0,409800
100,2.93E+08,5.37E+06,3343152,3343148,0,422950
100,2.90E+08,5.31E+06,3343160,3343160,0,409950
100,2.91E+08,5.48E+06,3343180,3343179,0,413200
100,2.93E+08,5.30E+06,3343192,3343192,0,422950
100,2.94E+08,5.33E+06,3343211,3343216,0,424050
100,2.97E+08,5.35E+06,3343253,3343255,0,432950
100,2.91E+08,5.30E+06,3343258,3343258,0,413150
100,2.94E+08,5.30E+06,3343265,3343265,0,423000
100,2.90E+08,5.30E+06,3343271,3343271,0,413150
100,2.93E+08,5.30E+06,3343276,3343276,0,422900
100,2.97E+08,5.30E+06,3343295,3343296,0,432950
100,2.93E+08,5.31E+06,3343298,3343298,0,423000
100,2.90E+08,5.30E+06,3343300,3343300,0,409800
100,2.90E+08,5.31E+06,3343306,3343308,0,409800
100,2.90E+08,5.31E+06,3343319,3343319,0,413150
100,2.90E+08,5.32E+06,3343320,3343320,0,413150
100,2.94E+08,5.32E+06,3343338,3343342,0,423000
100,2.97E+08,5.32E+06,3343342,3343342,0,432950
100,2.98E+08,5.30E+06,3343354,3343350,0,433150
100,2.98E+08,5.40E+06,3343364,3343365,0,433150
100,2.98E+08,5.47E+06,3343369,3343369,0,433150
100,2.90E+08,5.30E+06,3343379,3343379,0,409950
100,2.97E+08,5.33E+06,3343386,3343389,0,429900
100,2.93E+08,5.30E+06,3343431,3343429,0,422100
100,2.93E+08,5.30E+06,3343435,3343435,0,421600
100,2.91E+08,5.33E+06,3343442,3343439,0,413200
100,2.94E+08,5.30E+06,3343443,3343438,0,424050
100,2.98E+08,5.32E+06,3343461,3343458,0,433150
100,2.93E+08,5.42E+06,3343472,3343472,0,423000
100,2.93E+08,5.32E+06,3343473,3343472,0,422950
100,2.97E+08,5.30E+06,3343476,3343475,0,429900
100,2.93E+08,5.34E+06,3343479,3343478,0,423000
100,2.90E+08,5.30E+06,3343484,3343484,0,409800
100,2.90E+08,5.30E+06,3343498,3343498,0,413050
100,2.93E+08,5.31E+06,3343499,3343499,0,423000
100,2.97E+08,5.30E+06,3343544,3343545,0,432950
100,2.97E+08,5.31E+06,3343564,3343560,0,432950
100,2.98E+08,5.34E+06,3343575,3343577,0,433150
100,2.98E+08,5.31E+06,3343601,3343601,0,433150
100,2.89E+08,5.30E+06,3343613,3343610,0,409400
100,2.94E+08,5.38E+06,3343616,3343616,0,424050
100,2.97E+08,5.34E+06,3343619,3343619,0,429500
100,2.93E+08,5.30E+06,3343621,3343620,0,423000
100,2.94E+08,5.32E+06,3343626,3343626,0,424050
100,2.93E+08,5.33E+06,3343633,3343633,0,422350
100,2.90E+08,5.31E+06,3343640,3343638,0,409950
100,2.91E+08,5.30E+06,3343642,3343642,0,413250
100,2.93E+08,5.31E+06,3343644,3343644,0,423000
100,2.90E+08,5.30E+06,3343651,3343650,0,409800
100,2.91E+08,5.30E+06,3343657,3343655,0,413200
100,2.94E+08,5.36E+06,3343669,3343667,0,423000
100,2.90E+08,5.30E+06,3343703,3343703,0,409800
100,2.97E+08,5.33E+06,3343713,3343714,0,432950
100,2.93E+08,5.30E+06,3343723,3343723,0,423000
100,2.93E+08,5.30E+06,3343744,3343744,0,422900
100,2.90E+08,5.31E+06,3343751,3343751,0,409950
100,2.97E+08,5.30E+06,3343755,3343752,0,432950
100,2.98E+08,5.31E+06,3343776,3343776,0,433150
100,2.91E+08,5.30E+06,3343820,3343820,0,413250
100,2.93E+08,5.31E+06,3343824,3343825,0,422950
100,2.97E+08,5.38E+06,3343825,3343826,0,429900
100,2.97E+08,5.37E+06,3343828,3343828,0,429900
100,2.97E+08,5.35E+06,3343834,3343834,0,432950
100,2.97E+08,5.30E+06,3343848,3343848,0,429500
100,2.93E+08,5.30E+06,3343852,3343855,0,423000
100,2.94E+08,5.39E+06,3343860,3343860,0,424050
100,2.91E+08,5.30E+06,3343862,3343862,0,413200
100,2.90E+08,5.31E+06,3343891,3343891,0,409950
100,2.90E+08,5.32E+06,3343891,3343891,0,413150
100,2.90E+08,5.37E+06,3343898,3343897,0,413050
100,2.94E+08,5.31E+06,3343908,3343908,0,424050
100,2.93E+08,5.33E+06,3343909,3343909,0,421600
100,2.90E+08,5.30E+06,3343913,3343912,0,413150
100,2.90E+08,5.32E+06,3343913,3343911,0,413150
100,2.95E+08,5.33E+06,3343914,3343913,0,425800
100,2.94E+08,5.31E+06,3343933,3343933,0,424050
100,2.97E+08,5.32E+06,3343938,3343938,0,432950
100,2.93E+08,5.32E+06,3343947,3343944,0,423000
100,2.93E+08,5.30E+06,3343948,3343949,0,422600
100,2.90E+08,5.32E+06,3343950,3343950,0,413150
100,2.91E+08,5.30E+06,3343953,3343952,0,413150
100,2.93E+08,5.31E+06,3343955,3343955,0,422350
100,2.97E+08,5.30E+06,3343965,3343964,0,429900
100,2.90E+08,5.30E+06,3343971,3343972,0,413150
100,2.90E+08,5.32E+06,3343972,3343972,0,409800
100,2.97E+08,5.30E+06,3343979,3343978,0,429900
100,2.93E+08,5.54E+06,3343998,3343998,0,422950
100,2.90E+08,5.33E+06,3344006,3344005,0,413150
100,2.90E+08,5.35E+06,3344031,3344031,0,409950
100,2.90E+08,5.30E+06,3344031,3344031,0,409950
100,2.97E+08,5.30E+06,3344032,3344032,0,432950
100,2.98E+08,5.31E+06,3344033,3344036,0,433150
100,2.93E+08,5.30E+06,3344074,3344074,0,423000
100,2.90E+08,5.30E+06,3344076,3344079,0,413150
100,2.90E+08,5.38E+06,3344090,3344091,0,409950
100,2.90E+08,5.38E+06,3344090,3344090,0,413150
100,2.97E+08,5.31E+06,3344101,3344097,0,429900
100,2.90E+08,5.38E+06,3344111,3344111,0,409800
100,2.91E+08,5.30E+06,3344114,3344113,0,413200
100,2.90E+08,5.30E+06,3344118,3344118,0,413150
100,2.94E+08,5.38E+06,3344119,3344119,0,423000
100,2.93E+08,5.30E+06,3344122,3344121,0,422950
100,2.94E+08,5.30E+06,3344124,3344123,0,423000
100,2.90E+08,5.30E+06,3344170,3344164,0,413150
100,2.98E+08,5.33E+06,3344176,3344175,0,433150
100,2.91E+08,5.35E+06,3344193,3344192,0,413950
100,2.93E+08,5.30E+06,3344208,3344208,0,423000
100,2.94E+08,5.35E+06,3344210,3344210,0,424050
100,2.93E+08,5.35E+06,3344211,3344210,0,422900
100,2.97E+08,5.32E+06,3344213,3344214,0,432950
100,2.97E+08,5.44E+06,3344214,3344214,0,429500
100,2.90E+08,5.34E+06,3344241,3344242,0,410800
100,2.91E+08,5.30E+06,3344242,3344237,0,413200
100,2.93E+08,5.30E+06,3344248,3344250,0,423000
100,2.93E+08,5.30E+06,3344249,3344245,0,422950
100,2.93E+08,5.34E+06,3344250,3344254,0,422900
100,2.95E+08,5.31E+06,3344252,3344252,0,424550
100,2.96E+08,5.42E+06,3344264,3344264,0,429300
100,2.90E+08,5.33E+06,3344288,3344283,0,410800
100,2.93E+08,5.31E+06,3344296,3344296,0,423000
100,2.90E+08,5.30E+06,3344318,3344318,0,409950
100,2.90E+08,5.31E+06,3344322,3344322,0,409750
100,2.97E+08,5.30E+06,3344335,3344335,0,432950
100,2.90E+08,5.31E+06,3344336,3344336,0,413050
100,2.93E+08,5.34E+06,3344338,3344337,0,422900
100,2.98E+08,5.34E+06,3344349,3344349,0,433150
100,2.90E+08,5.61E+06,3344353,3344351,0,410800
100,2.90E+08,5.43E+06,3344354,3344353,0,413050
100,2.93E+08,5.31E+06,3344361,3344366,0,423000
100,2.90E+08,5.34E+06,3344370,3344370,0,409950
100,2.90E+08,5.30E+06,3344393,3344393,0,409950
100,2.94E+08,5.32E+06,3344398,3344398,0,423000
100,2.90E+08,5.31E+06,3344402,3344400,0,409800
100,2.90E+08,5.30E+06,3344418,3344415,0,413150
100,2.94E+08,5.30E+06,3344420,3344417,0,423000
100,2.90E+08,5.30E+06,3344423,3344424,0,410800
100,2.90E+08,5.34E+06,3344424,3344424,0,413150
100,2.98E+08,5.30E+06,3344427,3344426,0,433150
100,2.90E+08,5.32E+06,3344433,3344433,0,410800
100,2.90E+08,5.42E+06,3344440,3344439,0,409950
100,2.90E+08,5.31E+06,3344459,3344460,0,409950
100,2.93E+08,5.32E+06,3344472,3344470,0,423000
100,2.89E+08,5.37E+06,3344473,3344475,0,409000
100,2.90E+08,5.30E+06,3344476,3344477,0,413150
100,2.89E+08,5.44E+06,3344497,3344497,0,409400
100,2.90E+08,5.30E+06,3344508,3344508,0,409950
100,2.93E+08,5.32E+06,3344513,3344515,0,421600
100,2.90E+08,5.30E+06,3344514,3344514,0,413150
100,2.93E+08,5.32E+06,3344520,3344522,0,422950
100,2.93E+08,5.30E+06,3344529,3344529,0,422900
100,2.90E+08,5.33E+06,3344536,3344535,0,413150
100,2.94E+08,5.31E+06,3344544,3344544,0,424050
100,2.97E+08,5.60E+06,3344575,3344574,0,432950
100,2.98E+08,5.35E+06,3344590,3344590,0,433150
100,2.90E+08,5.33E+06,3344592,3344592,0,413050
100,2.93E+08,5.30E+06,3344603,3344603,0,422600
100,2.90E+08,5.30E+06,3344605,3344605,0,410800
100,2.97E+08,5.31E+06,3344614,3344612,0,432950
100,2.93E+08,5.31E+06,3344619,3344619,0,421600
100,2.91E+08,5.30E+06,3344627,3344629,0,413200
100,2.97E+08,5.34E+06,3344659,3344655,0,429900
100,2.91E+08,5.30E+06,3344667,3344666,0,413150
100,2.93E+08,5.35E+06,3344688,3344688,0,422350
100,2.90E+08,5.30E+06,3344690,3344680,0,409950
100,2.90E+08,5.30E+06,3344707,3344708,0,413150
100,2.89E+08,5.40E+06,3344723,3344721,0,409400
100,2.90E+08,5.31E+06,3344725,3344725,0,413050
100,2.90E+08,5.30E+06,3344731,3344731,0,413150
100,2.93E+08,5.30E+06,3344737,3344737,0,423000
100,2.94E+08,5.30E+06,3344740,3344741,0,423000
100,2.98E+08,5.38E+06,3344756,3344756,0,433150
100,2.93E+08,5.30E+06,3344760,3344759,0,422350
100,2.97E+08,5.30E+06,3344773,3344773,0,429500
100,2.97E+08,5.31E+06,3344774,3344778,0,432950
100,2.90E+08,5.34E+06,3344791,3344788,0,409950
100,2.90E+08,5.30E+06,3344803,3344804,0,409750
100,2.97E+08,5.30E+06,3344808,3344809,0,432950
100,2.89E+08,5.30E+06,3344814,3344813,0,409400
100,2.90E+08,5.30E+06,3344823,3344823,0,410800
100,2.90E+08,5.40E+06,3344823,3344822,0,413050
100,2.93E+08,5.31E+06,3344825,3344825,0,423000
100,2.98E+08,5.30E+06,3344831,3344828,0,433150
100,2.97E+08,5.34E+06,3344836,3344836,0,432950
100,2.97E+08,5.30E+06,3344838,3344838,0,429900
100,2.97E+08,5.34E+06,3344846,3344849,0,429900
100,2.94E+08,5.30E+06,3344847,3344848,0,424050
100,2.93E+08,5.36E+06,3344851,3344853,0,422100
100,2.93E+08,5.30E+06,3344853,3344853,0,423000
100,2.93E+08,5.32E+06,3344864,3344865,0,422600
100,2.93E+08,5.35E+06,3344879,3344879,0,423000
100,2.93E+08,5.30E+06,3344882,3344880,0,422900
100,2.90E+08,5.32E+06,3344887,3344887,0,413050
100,2.89E+08,5.42E+06,3344902,3344900,0,409000
100,2.91E+08,5.30E+06,3344903,3344904,0,413200
100,2.93E+08,5.30E+06,3344922,3344923,0,423000
100,2.93E+08,5.30E+06,3344927,3344927,0,422950
100,2.94E+08,5.30E+06,3344939,3344938,0,423000
100,2.93E+08,5.31E+06,3344943,3344943,0,422600
100,2.97E+08,5.31E+06,3344943,3344943,0,429500
100,2.90E+08,5.30E+06,3344944,3344943,0,410800
100,2.97E+08,5.32E+06,3344949,3344949,0,432950
100,2.93E+08,5.30E+06,3344953,3344952,0,423000
100,2.93E+08,5.30E+06,3344960,3344960,0,423000
100,2.97E+08,5.34E+06,3344964,3344964,0,432950
100,2.90E+08,5.30E+06,3344983,3344985,0,409950
100,2.90E+08,5.30E+06,3344998,3344998,0,409950
100,2.93E+08,5.30E+06,3345004,3345004,0,423000
100,2.93E+08,5.30E+06,3345012,3345012,0,422950
100,2.90E+08,5.32E+06,3345017,3345014,0,413150
100,2.91E+08,5.32E+06,3345032,3345032,0,413250
100,2.94E+08,5.32E+06,3345035,3345036,0,423000
100,2.90E+08,5.38E+06,3345038,3345038,0,409800
100,2.90E+08,5.30E+06,3345050,3345050,0,413150
100,2.90E+08,5.54E+06,3345051,3345051,0,413050
100,2.93E+08,5.30E+06,3345053,3345053,0,422900
100,2.93E+08,5.35E+06,3345078,3345077,0,422350
100,2.90E+08,5.33E+06,3345085,3345086,0,409950
100,2.90E+08,5.31E+06,3345086,3345084,0,409950
100,2.98E+08,5.55E+06,3345088,3345088,0,433150
100,2.98E+08,5.30E+06,3345101,3345103,0,433150
100,2.93E+08,5.30E+06,3345112,3345112,0,422100
100,2.90E+08,5.30E+06,3345123,3345120,0,413150
100,2.97E+08,5.31E+06,3345127,3345127,0,429500
100,2.97E+08,5.30E+06,3345140,3345128,0,432950
100,2.90E+08,5.30E+06,3345144,3345146,0,409800
100,2.93E+08,5.30E+06,3345180,3345180,0,422600
100,2.91E+08,5.30E+06,3345181,3345181,0,413250
100,2.93E+08,5.34E+06,3345182,3345183,0,421600
100,2.94E+08,5.30E+06,3345186,3345186,0,423000
100,2.90E+08,5.32E+06,3345191,3345191,0,409950
100,2.97E+08,5.31E+06,3345234,3345235,0,432950
100,2.94E+08,5.30E+06,3345241,3345242,0,423000
100,2.90E+08,5.31E+06,3345242,3345242,0,409950
100,2.97E+08,5.30E+06,3345260,3345261,0,429900
100,2.93E+08,5.36E+06,3345283,3345284,0,422950
100,2.97E+08,5.30E+06,3345290,3345289,0,429500
100,2.89E+08,5.30E+06,3345295,3345294,0,409400
100,2.93E+08,5.30E+06,3345316,3345317,0,423000
100,2.94E+08,5.30E+06,3345337,3345340,0,423000
100,2.91E+08,5.33E+06,3345340,3345340,0,413200
100,2.90E+08,5.30E+06,3345347,3345350,0,413150
100,2.90E+08,5.34E+06,3345359,3345359,0,409800
100,2.90E+08,5.31E+06,3345364,3345364,0,413150
100,2.91E+08,5.30E+06,3345367,3345367,0,413200
100,2.89E+08,5.31E+06,3345369,3345368,0,409000
100,2.93E+08,5.50E+06,3345371,3345371,0,422950
100,2.90E+08,5.31E+06,3345396,3345394,0,410800
100,2.90E+08,5.32E+06,3345398,3345396,0,409950
100,2.90E+08,5.30E+06,3345399,3345399,0,413150
100,2.93E+08,5.38E+06,3345433,3345432,0,423000
100,2.97E+08,5.30E+06,3345435,3345439,0,429900
100,2.93E+08,5.30E+06,3345437,3345437,0,422900
100,2.93E+08,5.32E+06,3345456,3345454,0,423000
100,2.93E+08,5.47E+06,3345461,3345463,0,421600
100,2.97E+08,5.32E+06,3345468,3345468,0,429900
100,2.93E+08,5.30E+06,3345471,3345470,0,422350
100,2.93E+08,5.32E+06,3345488,3345488,0,422900
100,2.93E+08,5.34E+06,3345501,3345501,0,422950
100,2.91E+08,5.30E+06,3345504,3345500,0,413250
100,2.91E+08,5.32E+06,3345508,3345510,0,413200
100,2.98E+08,5.31E+06,3345526,3345526,0,433150
100,2.93E+08,5.30E+06,3345532,3345532,0,422600
100,2.90E+08,5.30E+06,3345542,3345542,0,413150
100,2.90E+08,5.30E+06,3345546,3345543,0,413150
100,2.98E+08,5.30E+06,3345548,3345548,0,433150
100,2.89E+08,5.33E+06,3345554,3345557,0,409000
100,2.90E+08,5.34E+06,3345573,3345573,0,413150
100,2.97E+08,5.32E+06,3345590,3345588,0,429900
100,2.93E+08,5.36E+06,3345597,3345598,0,423000
100,2.91E+08,5.31E+06,3345620,3345621,0,413200
100,2.98E+08,5.32E+06,3345652,3345652,0,432950
100,2.93E+08,5.31E+06,3345664,3345664,0,422900
100,2.90E+08,5.35E+06,3345668,3345668,0,409800
100,2.98E+08,5.30E+06,3345677,3345675,0,432950
100,2.98E+08,5.30E+06,3345688,3345685,0,433150
100,2.90E+08,5.32E+06,3345694,3345694,0,409950
100,2.90E+08,5.30E+06,3345704,3345704,0,413150
100,2.93E+08,5.39E+06,3345713,3345713,0,422950
100,2.90E+08,5.30E+06,3345714,3345716,0,413150
100,2.89E+08,5.30E+06,3345730,3345728,0,409400
100,2.93E+08,5.30E+06,3345732,3345729,0,422350
100,2.93E+08,5.32E+06,3345741,3345738,0,422900
100,2.90E+08,5.32E+06,3345782,3345784,0,409750
100,2.97E+08,5.31E+06,3345786,3345783,0,429900
100,2.97E+08,5.30E+06,3345787,3345790,0,432950
100,2.90E+08,5.33E+06,3345789,3345790,0,409950
100,2.97E+08,5.30E+06,3345790,3345791,0,432950
100,2.93E+08,5.30E+06,3345814,3345815,0,423000
100,2.98E+08,5.30E+06,3345818,3345819,0,433150
100,2.91E+08,5.33E+06,3345819,3345821,0,413250
100,2.90E+08,5.30E+06,3345820,3345820,0,413150
100,2.90E+08,5.31E+06,3345821,3345821,0,409950
100,2.98E+08,5.34E+06,3345822,3345822,0,433150
100,2.93E+08,5.57E+06,3345828,3345827,0,421600
100,2.91E+08,5.30E+06,3345833,3345826,0,413200
100,2.90E+08,5.30E+06,3345837,3345836,0,409800
100,2.93E+08,5.31E+06,3345848,3345847,0,422350
100,2.90E+08,5.35E+06,3345849,3345847,0,413050
100,2.90E+08,5.30E+06,3345850,3345850,0,409950
100,2.97E+08,5.31E+06,3345868,3345868,0,429900
100,2.90E+08,5.30E+06,3345892,3345892,0,413150
100,2.93E+08,5.34E+06,3345893,3345892,0,423000
100,2.90E+08,5.30E+06,3345895,3345896,0,409800
100,2.97E+08,5.32E+06,3345897,3345897,0,429500
100,2.91E+08,5.30E+06,3345899,3345895,0,413150
100,2.93E+08,5.32E+06,3345915,3345915,0,422900
100,2.93E+08,5.37E+06,3345918,3345921,0,422900
100,2.89E+08,5.34E+06,3345932,3345930,0,409000
100,2.93E+08,5.31E+06,3345940,3345939,0,422900
100,2.89E+08,5.31E+06,3345953,3345953,0,409150
100,2.90E+08,5.30E+06,3345969,3345969,0,409950
100,2.93E+08,5.30E+06,3345974,3345974,0,423000
100,2.91E+08,5.30E+06,3345993,3345996,0,413200
100,2.93E+08,5.35E+06,3346000,3346000,0,423000
100,2.93E+08,5.30E+06,3346001,3346001,0,422950
100,2.98E+08,5.31E+06,3346001,3346001,0,433150
100,2.90E+08,5.39E+06,3346029,3346030,0,413050
100,2.93E+08,5.30E+06,3346038,3346038,0,423000
100,2.97E+08,5.36E+06,3346059,3346059,0,432950
100,2.98E+08,5.36E+06,3346070,3346072,0,432950
100,2.90E+08,5.30E+06,3346081,3346081,0,413050
100,2.93E+08,5.30E+06,3346081,3346080,0,422900
100,2.97E+08,5.34E+06,3346083,3346080,0,432950
100,2.97E+08,5.30E+06,3346086,3346086,0,429900
100,2.97E+08,5.37E+06,3346090,3346091,0,432950
100,2.90E+08,5.31E+06,3346092,3346092,0,413150
100,2.94E+08,5.89E+06,3346094,3346094,0,423000
100,2.90E+08,5.32E+06,3346100,3346097,0,409950
100,2.94E+08,5.31E+06,3346103,3346103,0,423000
100,2.98E+08,5.30E+06,3346108,3346108,0,433150
100,2.95E+08,5.30E+06,3346119,3346119,0,425800
100,2.97E+08,5.32E+06,3346124,3346126,0,432950
100,2.93E+08,5.30E+06,3346127,3346125,0,423000
100,2.97E+08,5.31E+06,3346153,3346152,0,429900
100,2.90E+08,5.31E+06,3346155,3346155,0,409800
100,2.93E+08,5.30E+06,3346159,3346159,0,422900
100,2.95E+08,5.30E+06,3346160,3346163,0,425800
100,2.98E+08,5.59E+06,3346172,3346170,0,433150
100,2.93E+08,5.30E+06,3346182,3346182,0,422950
100,2.93E+08,5.30E+06,3346190,3346190,0,422900
100,2.87E+08,5.41E+06,3346191,3346192,0,401250
100,2.94E+08,5.36E+06,3346200,3346200,0,423000
100,2.93E+08,5.31E+06,3346202,3346201,0,422600
100,2.90E+08,5.32E+06,3346213,3346210,0,413050
100,2.93E+08,5.30E+06,3346214,3346212,0,423000
100,2.90E+08,5.33E+06,3346219,3346220,0,413150
100,2.93E+08,5.31E+06,3346233,3346232,0,422900
100,2.93E+08,5.35E+06,3346241,3346242,0,422100
100,2.91E+08,5.30E+06,3346243,3346246,0,414200
100,2.98E+08,5.30E+06,3346259,3346254,0,432950
100,2.90E+08,5.31E+06,3346282,3346282,0,409800
100,2.90E+08,5.30E+06,3346290,3346291,0,409950
100,2.97E+08,5.30E+06,3346292,3346292,0,429900
100,2.93E+08,5.32E+06,3346293,3346290,0,423000
100,2.97E+08,5.30E+06,3346294,3346294,0,432950
100,2.90E+08,5.30E+06,3346299,3346299,0,413050
100,2.89E+08,5.31E+06,3346303,3346305,0,409000
100,2.93E+08,5.31E+06,3346318,3346319,0,422900
100,2.93E+08,5.34E+06,3346324,3346328,0,422350
100,2.98E+08,5.34E+06,3346345,3346346,0,433150
100,2.94E+08,5.30E+06,3346352,3346354,0,423000
100,2.97E+08,5.30E+06,3346355,3346356,0,429900
100,2.89E+08,5.34E+06,3346373,3346376,0,409400
100,2.98E+08,5.30E+06,3346384,3346384,0,433150
100,2.90E+08,5.30E+06,3346386,3346388,0,409800
100,2.97E+08,5.35E+06,3346389,3346388,0,429900
100,2.94E+08,5.30E+06,3346393,3346398,0,424050
100,2.90E+08,5.32E+06,3346398,3346398,0,409950
100,2.93E+08,5.30E+06,3346411,3346412,0,422950
100,2.93E+08,5.30E+06,3346416,3346416,0,422950
100,2.93E+08,5.35E+06,3346419,3346419,0,422900
100,2.93E+08,5.30E+06,3346424,3346422,0,423000
100,2.93E+08,5.37E+06,3346432,3346431,0,422350
100,2.91E+08,5.30E+06,3346451,3346451,0,414200
100,2.90E+08,5.33E+06,3346452,3346452,0,413050
100,2.90E+08,5.30E+06,3346457,3346458,0,413150
100,2.94E+08,5.30E+06,3346459,3346461,0,424050
100,2.98E+08,5.30E+06,3346465,3346467,0,433150
100,2.90E+08,5.30E+06,3346467,3346462,0,409950
100,2.90E+08,5.33E+06,3346473,3346474,0,409950
100,2.98E+08,5.41E+06,3346482,3346482,0,433150
100,2.94E+08,5.31E+06,3346485,3346485,0,423000
100,2.93E+08,5.30E+06,3346489,3346489,0,422600
100,2.90E+08,5.31E+06,3346512,3346512,0,413050
100,2.91E+08,5.30E+06,3346513,3346513,0,413250
100,2.90E+08,5.37E+06,3346514,3346514,0,413150
100,2.93E+08,5.30E+06,3346524,3346524,0,423000
100,2.93E+08,5.31E+06,3346533,3346532,0,422600
100,2.90E+08,5.31E+06,3346563,3346564,0,413050
100,2.94E+08,5.30E+06,3346569,3346566,0,424050
100,2.93E+08,5.30E+06,3346577,3346577,0,422600
100,2.93E+08,5.32E+06,3346588,3346588,0,423000
100,2.94E+08,5.32E+06,3346593,3346594,0,423000
100,2.90E+08,5.32E+06,3346605,3346605,0,409950
100,2.90E+08,5.30E+06,3346618,3346614,0,413050
100,2.98E+08,5.40E+06,3346626,3346624,0,432950
100,2.90E+08,5.30E+06,3346658,3346658,0,413150
100,2.93E+08,5.30E+06,3346664,3346658,0,422900
100,2.98E+08,5.42E+06,3346664,3346664,0,433150
100,2.94E+08,5.30E+06,3346668,3346669,0,424050
100,2.91E+08,5.35E+06,3346682,3346682,0,413250
100,2.94E+08,5.31E+06,3346683,3346682,0,424050
100,2.97E+08,5.30E+06,3346686,3346682,0,429500
100,2.90E+08,5.31E+06,3346704,3346704,0,409950
100,2.95E+08,5.30E+06,3346708,3346708,0,424550
100,2.93E+08,5.30E+06,3346717,3346716,0,423000
100,2.89E+08,5.33E+06,3346718,3346719,0,409000
100,2.97E+08,5.30E+06,3346723,3346723,0,429900
100,2.94E+08,5.43E+06,3346746,3346745,0,423000
100,2.93E+08,5.31E+06,3346747,3346747,0,421600
100,2.93E+08,5.33E+06,3346749,3346750,0,422950
100,2.93E+08,5.31E+06,3346795,3346796,0,422900
100,2.97E+08,5.30E+06,3346803,3346804,0,432950
100,2.90E+08,5.30E+06,3346804,3346804,0,413150
100,2.89E+08,5.32E+06,3346808,3346808,0,409000
100,2.93E+08,5.30E+06,3346811,3346811,0,422900
100,2.97E+08,5.31E+06,3346833,3346836,0,429500
100,2.89E+08,5.43E+06,3346845,3346845,0,409150
100,2.93E+08,5.30E+06,3346848,3346847,0,422950
100,2.90E+08,5.30E+06,3346850,3346847,0,409950
100,2.93E+08,5.31E+06,3346860,3346860,0,422900
100,2.94E+08,5.31E+06,3346860,3346859,0,423000
100,2.91E+08,5.30E+06,3346865,3346863,0,414200
100,2.90E+08,5.32E+06,3346892,3346892,0,413150
100,2.97E+08,5.32E+06,3346893,3346893,0,432950
100,2.90E+08,5.31E+06,3346896,3346897,0,409950
100,2.95E+08,5.33E+06,3346918,3346918,0,425800
100,2.93E+08,5.30E+06,3346930,3346930,0,422900
100,2.97E+08,5.30E+06,3346940,3346941,0,429500
100,2.90E+08,5.30E+06,3346947,3346949,0,409950
100,2.94E+08,5.32E+06,3346955,3346955,0,424050
100,2.97E+08,5.30E+06,3346965,3346965,0,432950
100,2.94E+08,5.31E+06,3346972,3346971,0,424050
100,2.91E+08,5.31E+06,3346974,3346970,0,413250
100,2.98E+08,5.33E+06,3346975,3346976,0,432950
100,2.90E+08,5.32E+06,3346978,3346977,0,409800
100,2.91E+08,5.33E+06,3346980,3346980,0,413200
100,2.93E+08,5.33E+06,3346989,3346989,0,422950
100,2.89E+08,5.31E+06,3347012,3347008,0,409000
100,2.97E+08,5.34E+06,3347026,3347031,0,429900
100,2.90E+08,5.30E+06,3347033,3347033,0,409800
100,2.97E+08,5.30E+06,3347036,3347036,0,432950
100,2.93E+08,5.30E+06,3347039,3347039,0,422350
100,2.97E+08,5.30E+06,3347052,3347055,0,432950
100,2.93E+08,5.37E+06,3347063,3347061,0,422900
100,2.93E+08,5.30E+06,3347064,3347064,0,422600
100,2.93E+08,5.33E+06,3347073,3347074,0,422900
100,2.90E+08,5.30E+06,3347076,3347077,0,413150
100,2.94E+08,5.30E+06,3347098,3347098,0,424050
100,2.94E+08,5.30E+06,3347099,3347097,0,424050
100,2.93E+08,5.30E+06,3347115,3347115,0,422600
100,2.90E+08,5.35E+06,3347121,3347121,0,413050
100,2.90E+08,5.31E+06,3347122,3347120,0,413150
100,2.90E+08,5.31E+06,3347132,3347132,0,409950
100,2.98E+08,5.30E+06,3347138,3347139,0,433150
100,2.90E+08,5.35E+06,3347149,3347149,0,409950
100,2.97E+08,5.30E+06,3347149,3347149,0,429900
100,2.93E+08,5.30E+06,3347164,3347161,0,422600
100,2.93E+08,5.42E+06,3347165,3347163,0,422950
100,2.93E+08,5.30E+06,3347182,3347185,0,422950
100,2.96E+08,5.30E+06,3347183,3347184,0,429300
100,2.90E+08,5.32E+06,3347188,3347188,0,413050
100,2.90E+08,5.31E+06,3347193,3347195,0,409950
100,2.93E+08,5.30E+06,3347195,3347192,0,423000
100,2.97E+08,5.34E+06,3347200,3347198,0,432950
100,2.93E+08,5.31E+06,3347203,3347201,0,422950
100,2.91E+08,5.40E+06,3347204,3347205,0,413200
100,2.90E+08,5.30E+06,3347224,3347224,0,413150
100,2.91E+08,5.30E+06,3347233,3347233,0,413200
100,2.93E+08,5.30E+06,3347237,3347237,0,422350
100,2.95E+08,5.33E+06,3347238,3347240,0,425800
100,2.93E+08,5.31E+06,3347241,3347241,0,422900
100,2.90E+08,5.30E+06,3347257,3347257,0,413050
100,2.90E+08,5.30E+06,3347259,3347259,0,413150
100,2.90E+08,5.30E+06,3347263,3347264,0,413050
100,2.93E+08,5.30E+06,3347263,3347263,0,421650
100,2.90E+08,5.30E+06,3347266,3347266,0,409950
100,2.93E+08,5.31E+06,3347273,3347273,0,422900
100,2.98E+08,5.32E+06,3347285,3347285,0,432950
100,2.90E+08,5.30E+06,3347286,3347287,0,413050
100,2.90E+08,5.31E+06,3347294,3347292,0,410800
100,2.91E+08,5.30E+06,3347303,3347305,0,413200
100,2.93E+08,5.48E+06,3347304,3347303,0,422350
100,2.98E+08,5.30E+06,3347309,3347309,0,433150
100,2.90E+08,5.33E+06,3347315,3347321,0,413050
100,2.90E+08,5.31E+06,3347320,3347322,0,410750
100,2.98E+08,5.30E+06,3347326,3347326,0,433150
100,2.90E+08,5.35E+06,3347343,3347343,0,413150
100,2.97E+08,5.30E+06,3347354,3347355,0,432950
100,2.90E+08,5.30E+06,3347360,3347360,0,409950
100,2.91E+08,5.35E+06,3347361,3347359,0,413250
100,2.90E+08,5.30E+06,3347364,3347364,0,409800
100,2.93E+08,5.38E+06,3347376,3347375,0,423000
100,2.93E+08,5.33E+06,3347377,3347377,0,422100
100,2.90E+08,5.41E+06,3347391,3347390,0,409950
100,2.90E+08,5.30E+06,3347398,3347398,0,410800
100,2.93E+08,5.30E+06,3347405,3347405,0,422950
100,2.90E+08,5.30E+06,3347409,3347405,0,409800
100,2.85E+08,5.58E+06,3347410,3347410,0,397200
100,2.90E+08,5.33E+06,3347432,3347426,0,410800
100,2.93E+08,5.34E+06,3347440,3347439,0,422950
100,2.90E+08,5.30E+06,3347446,3347446,0,413150
100,2.90E+08,5.30E+06,3347461,3347462,0,409800
100,2.93E+08,5.31E+06,3347476,3347475,0,422900
100,2.93E+08,5.30E+06,3347485,3347485,0,422900
100,2.93E+08,5.32E+06,3347485,3347485,0,422950
100,2.93E+08,5.34E+06,3347495,3347492,0,421600
100,2.93E+08,5.32E+06,3347516,3347516,0,423000
100,2.93E+08,5.31E+06,3347526,3347526,0,423000
100,2.90E+08,5.30E+06,3347533,3347533,0,413050
100,2.90E+08,5.31E+06,3347539,3347535,0,410800
100,2.98E+08,5.30E+06,3347543,3347543,0,433150
100,2.90E+08,5.33E+06,3347550,3347551,0,409800
100,2.90E+08,5.30E+06,3347561,3347563,0,413050
100,2.97E+08,5.30E+06,3347565,3347565,0,432950
100,2.93E+08,5.36E+06,3347571,3347571,0,422600
100,2.98E+08,5.30E+06,3347580,3347580,0,433150
100,2.89E+08,5.30E+06,3347582,3347579,0,409400
100,2.90E+08,5.30E+06,3347587,3347589,0,413150
100,2.94E+08,5.30E+06,3347603,3347605,0,424050
100,2.91E+08,5.30E+06,3347608,3347607,0,413200
100,2.90E+08,5.34E+06,3347621,3347621,0,413050
100,2.93E+08,5.30E+06,3347625,3347626,0,422100
100,2.91E+08,5.34E+06,3347632,3347632,0,413200
100,2.90E+08,5.31E+06,3347658,3347660,0,410800
100,2.94E+08,5.32E+06,3347669,3347669,0,423000
100,2.93E+08,5.34E+06,3347685,3347683,0,422900
100,2.97E+08,5.30E+06,3347690,3347689,0,429500
100,2.91E+08,5.30E+06,3347707,3347707,0,413200
100,2.93E+08,5.30E+06,3347711,3347713,0,422900
100,2.97E+08,5.30E+06,3347714,3347714,0,429500
100,2.91E+08,5.30E+06,3347716,3347716,0,413250
100,2.97E+08,5.30E+06,3347718,3347717,0,429900
100,2.90E+08,5.33E+06,3347720,3347718,0,409950
100,2.91E+08,5.35E+06,3347722,3347722,0,413200
100,2.90E+08,5.30E+06,3347726,3347726,0,409950
100,2.93E+08,5.30E+06,3347749,3347749,0,422600
100,2.90E+08,5.30E+06,3347762,3347762,0,409950
100,2.95E+08,5.30E+06,3347769,3347769,0,424550
100,2.91E+08,5.30E+06,3347778,3347778,0,414200
100,2.90E+08,5.32E+06,3347783,3347780,0,409950
100,2.90E+08,5.35E+06,3347811,3347809,0,409950
100,2.91E+08,5.30E+06,3347819,3347817,0,413150
100,2.98E+08,5.30E+06,3347819,3347818,0,433150
100,2.93E+08,5.34E+06,3347834,3347834,0,423000
100,2.90E+08,5.30E+06,3347839,3347842,0,409950
100,2.98E+08,5.31E+06,3347840,3347839,0,433150
100,2.91E+08,5.30E+06,3347858,3347858,0,413200
100,2.89E+08,5.69E+06,3347873,3347874,0,406800
100,2.95E+08,5.32E+06,3347874,3347876,0,425800
100,2.90E+08,5.30E+06,3347876,3347874,0,409750
100,2.97E+08,5.31E+06,3347893,3347892,0,429900
100,2.90E+08,5.31E+06,3347894,3347895,0,409800
100,2.97E+08,5.30E+06,3347894,3347894,0,429900
100,2.90E+08,5.31E+06,3347898,3347899,0,409950
100,2.93E+08,5.35E+06,3347899,3347897,0,422350
100,2.90E+08,5.30E+06,3347906,3347906,0,413050
100,2.90E+08,5.43E+06,3347917,3347908,0,413150
100,2.90E+08,5.37E+06,3347934,3347933,0,409800
100,2.93E+08,5.30E+06,3347966,3347966,0,422350
100,2.94E+08,5.34E+06,3347982,3347982,0,423000
100,2.90E+08,5.30E+06,3347983,3347983,0,409800
100,2.89E+08,5.30E+06,3347995,3347995,0,409400
100,2.90E+08,5.30E+06,3348013,3348018,0,409800
100,2.93E+08,5.32E+06,3348027,3348027,0,422900
100,2.94E+08,5.30E+06,3348049,3348050,0,424050
100,2.93E+08,5.35E+06,3348061,3348060,0,422350
100,2.90E+08,5.30E+06,3348066,3348066,0,413050
100,2.91E+08,5.30E+06,3348074,3348074,0,413200
100,2.90E+08,5.32E+06,3348089,3348089,0,409950
100,2.90E+08,5.44E+06,3348098,3348099,0,409800
100,2.93E+08,5.31E+06,3348107,3348106,0,423000
100,2.91E+08,5.30E+06,3348112,3348113,0,413250
100,2.98E+08,5.30E+06,3348113,3348113,0,433150
100,2.97E+08,5.30E+06,3348124,3348124,0,429900
100,2.90E+08,5.30E+06,3348127,3348127,0,409950
100,2.90E+08,5.33E+06,3348131,3348131,0,409950
100,2.90E+08,5.30E+06,3348139,3348139,0,413150
100,2.93E+08,5.31E+06,3348157,3348156,0,423000
100,2.90E+08,5.35E+06,3348158,3348158,0,409950
100,2.90E+08,5.31E+06,3348161,3348159,0,413150
100,2.93E+08,5.31E+06,3348172,3348174,0,422100
100,2.90E+08,5.30E+06,3348176,3348175,0,413050
100,2.97E+08,5.33E+06,3348179,3348179,0,432950
100,2.94E+08,5.34E+06,3348186,3348186,0,424050
100,2.94E+08,5.30E+06,3348190,3348191,0,423000
100,2.90E+08,5.30E+06,3348198,3348197,0,413050
100,2.97E+08,5.37E+06,3348224,3348216,0,432950
100,2.93E+08,5.30E+06,3348245,3348245,0,422600
100,2.93E+08,5.30E+06,3348250,3348250,0,422900
100,2.93E+08,5.30E+06,3348262,3348263,0,423000
100,2.93E+08,5.30E+06,3348275,3348269,0,423000
100,2.90E+08,5.30E+06,3348277,3348280,0,413050
100,2.94E+08,5.30E+06,3348282,3348282,0,423000
100,2.97E+08,5.30E+06,3348289,3348289,0,432950
100,2.94E+08,5.30E+06,3348293,3348293,0,423000
100,2.89E+08,5.30E+06,3348315,3348314,0,409000
100,2.98E+08,5.30E+06,3348321,3348320,0,433150
100,2.90E+08,5.30E+06,3348323,3348321,0,413150
100,2.90E+08,5.35E+06,3348344,3348344,0,409950
100,2.91E+08,5.30E+06,3348347,3348348,0,413150
100,2.90E+08,5.30E+06,3348349,3348350,0,409800
100,2.97E+08,5.30E+06,3348406,3348406,0,432950
100,2.91E+08,5.32E+06,3348408,3348408,0,413150
100,2.94E+08,5.30E+06,3348410,3348410,0,423000
100,2.94E+08,5.30E+06,3348413,3348412,0,423000
100,2.90E+08,5.30E+06,3348415,3348415,0,409750
100,2.93E+08,5.30E+06,3348422,3348424,0,423000
100,2.93E+08,5.32E+06,3348428,3348429,0,422900
100,2.93E+08,5.31E+06,3348435,3348435,0,421600
100,2.91E+08,5.30E+06,3348445,3348446,0,413200
100,2.90E+08,5.30E+06,3348446,3348444,0,413150
100,2.98E+08,5.30E+06,3348446,3348449,0,432950
100,2.93E+08,5.36E+06,3348449,3348451,0,423000
100,2.97E+08,5.31E+06,3348469,3348464,0,429900
100,2.95E+08,5.51E+06,3348476,3348473,0,425800
100,2.98E+08,5.37E+06,3348491,3348491,0,432950
100,2.98E+08,5.45E+06,3348491,3348491,0,433150
100,2.93E+08,5.30E+06,3348504,3348504,0,422350
100,2.98E+08,5.47E+06,3348504,3348506,0,433150
100,2.97E+08,5.35E+06,3348518,3348517,0,429900
100,2.90E+08,5.32E+06,3348520,3348517,0,410800
100,2.91E+08,5.30E+06,3348529,3348531,0,413200
100,2.95E+08,5.35E+06,3348531,3348533,0,425800
100,2.98E+08,5.30E+06,3348531,3348536,0,433150
100,2.97E+08,5.30E+06,3348532,3348530,0,429500
100,2.97E+08,5.30E+06,3348548,3348548,0,432950
100,2.94E+08,5.30E+06,3348550,3348550,0,423000
100,2.93E+08,5.31E+06,3348560,3348561,0,423000
100,2.93E+08,5.30E+06,3348570,3348570,0,422100
100,2.98E+08,5.34E+06,3348575,3348573,0,433150
100,2.93E+08,5.31E+06,3348582,3348579,0,422600
100,2.90E+08,5.33E+06,3348589,3348580,0,413150
100,2.90E+08,5.33E+06,3348603,3348606,0,409800
100,2.90E+08,5.36E+06,3348609,3348609,0,413050
100,2.98E+08,5.30E+06,3348610,3348605,0,433150
100,2.93E+08,5.35E+06,3348611,3348609,0,422350
100,2.89E+08,5.30E+06,3348650,3348650,0,409000
100,2.97E+08,5.30E+06,3348665,3348666,0,432950
100,2.93E+08,5.32E+06,3348672,3348675,0,421600
100,2.98E+08,5.30E+06,3348674,3348677,0,432950
100,2.97E+08,5.35E+06,3348675,3348674,0,429900
100,2.97E+08,5.45E+06,3348676,3348675,0,432950
100,2.93E+08,5.30E+06,3348704,3348705,0,422950
100,2.98E+08,5.34E+06,3348719,3348719,0,432950
100,2.90E+08,5.33E+06,3348720,3348719,0,413050
100,2.97E+08,5.34E+06,3348729,3348729,0,432950
100,2.98E+08,5.34E+06,3348733,3348733,0,433150
100,2.89E+08,5.31E+06,3348758,3348759,0,409200
100,2.90E+08,5.31E+06,3348759,3348758,0,409800
100,2.93E+08,5.38E+06,3348761,3348759,0,423000
100,2.90E+08,5.31E+06,3348763,3348763,0,409950
100,2.91E+08,5.30E+06,3348772,3348771,0,414200
100,2.91E+08,5.37E+06,3348775,3348772,0,413200
100,2.93E+08,5.31E+06,3348780,3348784,0,422900
100,2.97E+08,5.30E+06,3348794,3348792,0,432950
100,2.90E+08,5.34E+06,3348814,3348814,0,409950
100,2.93E+08,5.31E+06,3348820,3348820,0,422100
100,2.91E+08,5.34E+06,3348839,3348837,0,413200
100,2.90E+08,5.30E+06,3348847,3348846,0,409800
100,2.93E+08,5.38E+06,3348854,3348854,0,422900
100,2.90E+08,5.33E+06,3348855,3348854,0,413150
100,2.94E+08,5.32E+06,3348860,3348861,0,423000
100,2.93E+08,5.30E+06,3348880,3348882,0,423000
100,2.93E+08,5.30E+06,3348885,3348883,0,421900
100,2.93E+08,5.31E+06,3348905,3348905,0,423000
100,2.90E+08,5.32E+06,3348945,3348945,0,410750
100,2.93E+08,5.30E+06,3348957,3348955,0,422950
100,2.93E+08,5.32E+06,3348958,3348957,0,422100
100,2.93E+08,5.30E+06,3348959,3348958,0,423000
100,2.90E+08,5.48E+06,3348962,3348961,0,409950
100,2.94E+08,5.31E+06,3348975,3348975,0,423000
100,2.96E+08,5.80E+06,3348985,3348984,0,429300
100,2.93E+08,5.30E+06,3348990,3348990,0,422950
100,2.94E+08,5.32E+06,3348995,3348994,0,423000
100,2.93E+08,5.32E+06,3348996,3348991,0,422950
100,2.93E+08,5.30E+06,3348999,3348995,0,422950
100,2.90E+08,5.30E+06,3349018,3349018,0,413050
100,2.93E+08,5.50E+06,3349055,3349053,0,422950
100,2.90E+08,5.36E+06,3349056,3349054,0,413050
100,2.93E+08,5.37E+06,3349078,3349081,0,422900
100,2.93E+08,5.33E+06,3349083,3349082,0,423000
100,2.95E+08,5.31E+06,3349130,3349130,0,425800
100,2.90E+08,5.30E+06,3349142,3349142,0,413150
100,2.90E+08,5.31E+06,3349166,3349165,0,409950
100,2.90E+08,5.30E+06,3349168,3349169,0,410800
100,2.90E+08,5.30E+06,3349174,3349174,0,410750
100,2.98E+08,5.40E+06,3349184,3349184,0,432950
100,2.90E+08,5.30E+06,3349193,3349193,0,413150
100,2.90E+08,5.35E+06,3349198,3349195,0,413150
100,2.89E+08,5.37E+06,3349199,3349199,0,409150
100,2.90E+08,5.34E+06,3349201,3349200,0,409950
100,2.93E+08,5.30E+06,3349201,3349205,0,421600
100,2.90E+08,5.34E+06,3349217,3349217,0,409800
100,2.97E+08,5.31E+06,3349239,3349239,0,429900
100,2.90E+08,5.30E+06,3349246,3349247,0,409950
100,2.95E+08,5.30E+06,3349253,3349251,0,425800
100,2.91E+08,5.33E+06,3349254,3349252,0,413200
100,2.98E+08,5.33E+06,3349255,3349257,0,432950
100,2.93E+08,5.34E+06,3349267,3349267,0,422900
100,2.97E+08,5.31E+06,3349269,3349269,0,432950
100,2.94E+08,5.30E+06,3349276,3349276,0,424050
100,2.90E+08,5.30E+06,3349277,3349278,0,413150
100,2.97E+08,5.30E+06,3349289,3349289,0,429900
100,2.91E+08,5.30E+06,3349306,3349311,0,413200
100,2.90E+08,5.30E+06,3349313,3349313,0,410800
100,2.90E+08,5.40E+06,3349314,3349314,0,413150
100,2.97E+08,5.30E+06,3349329,3349329,0,432950
100,2.90E+08,5.30E+06,3349334,3349332,0,409800
100,2.93E+08,5.35E+06,3349347,3349344,0,422900
100,2.97E+08,5.30E+06,3349356,3349356,0,432950
100,2.90E+08,5.31E+06,3349357,3349359,0,410800
100,2.93E+08,5.34E+06,3349367,3349365,0,422350
100,2.93E+08,5.30E+06,3349389,3349390,0,422900
100,2.97E+08,5.33E+06,3349389,3349389,0,429900
100,2.94E+08,5.31E+06,3349400,3349399,0,424050
100,2.93E+08,5.30E+06,3349401,3349400,0,422350
100,2.94E+08,5.30E+06,3349401,3349398,0,424050
100,2.98E+08,5.30E+06,3349412,3349412,0,433150
100,2.93E+08,5.32E+06,3349414,3349416,0,422900
100,2.90E+08,5.30E+06,3349430,3349430,0,410800
100,2.90E+08,5.31E+06,3349440,3349441,0,413150
100,2.90E+08,5.33E+06,3349445,3349445,0,409800
100,2.98E+08,5.30E+06,3349453,3349453,0,433150
100,2.90E+08,5.31E+06,3349460,3349460,0,409950
100,2.93E+08,5.37E+06,3349464,3349464,0,422900
100,2.98E+08,5.30E+06,3349476,3349475,0,433150
100,2.93E+08,5.33E+06,3349498,3349498,0,422900
100,2.90E+08,5.30E+06,3349512,3349510,0,409800
100,2.95E+08,5.30E+06,3349512,3349511,0,425800
100,2.90E+08,5.36E+06,3349520,3349522,0,409950
100,2.90E+08,5.30E+06,3349527,3349527,0,410800
100,2.97E+08,5.30E+06,3349534,3349534,0,429500
100,2.97E+08,5.30E+06,3349542,3349538,0,432950
100,2.90E+08,5.30E+06,3349555,3349556,0,409950
100,2.93E+08,5.30E+06,3349563,3349563,0,422900
100,2.90E+08,5.32E+06,3349565,3349563,0,413150
100,2.98E+08,5.30E+06,3349583,3349581,0,433150
100,2.93E+08,5.36E+06,3349595,3349595,0,423000
100,2.90E+08,5.36E+06,3349602,3349602,0,409950
100,2.93E+08,5.32E+06,3349607,3349607,0,422900
100,2.93E+08,5.36E+06,3349610,3349608,0,422350
100,2.89E+08,5.35E+06,3349617,3349616,0,409400
100,2.97E+08,5.37E+06,3349628,3349628,0,432950
100,2.90E+08,5.35E+06,3349635,3349635,0,409800
100,2.93E+08,5.30E+06,3349650,3349651,0,422950
100,2.93E+08,5.30E+06,3349658,3349658,0,422950
100,2.90E+08,5.32E+06,3349663,3349663,0,410800
100,2.89E+08,5.30E+06,3349670,3349670,0,409400
100,2.93E+08,5.30E+06,3349677,3349676,0,422950
100,2.98E+08,5.31E+06,3349685,3349687,0,433150
100,2.91E+08,5.31E+06,3349697,3349697,0,413250
100,2.90E+08,5.30E+06,3349702,3349702,0,409800
100,2.95E+08,5.30E+06,3349706,3349705,0,425800
100,2.93E+08,5.36E+06,3349730,3349731,0,423000
100,2.98E+08,5.33E+06,3349741,3349741,0,433150
100,2.89E+08,5.30E+06,3349784,3349784,0,409000
100,2.93E+08,5.32E+06,3349796,3349795,0,423000
100,2.91E+08,5.33E+06,3349802,3349794,0,413200
100,2.94E+08,5.31E+06,3349814,3349813,0,423000
100,2.97E+08,5.33E+06,3349826,3349825,0,429500
100,2.97E+08,5.33E+06,3349851,3349853,0,432950
100,2.90E+08,5.31E+06,3349852,3349852,0,409800
100,2.94E+08,5.30E+06,3349864,3349864,0,423000
100,2.91E+08,5.30E+06,3349875,3349878,0,413200
100,2.95E+08,5.32E+06,3349875,3349875,0,425800
100,2.89E+08,5.62E+06,3349888,3349888,0,409000
100,2.90E+08,5.33E+06,3349891,3349889,0,413050
100,2.90E+08,5.33E+06,3349898,3349898,0,409950
100,2.91E+08,5.41E+06,3349908,3349908,0,413250
100,2.93E+08,5.30E+06,3349920,3349922,0,422950
100,2.93E+08,5.30E+06,3349936,3349936,0,422900
100,2.90E+08,5.30E+06,3349937,3349934,0,409950
100,2.93E+08,5.30E+06,3349984,3349984,0,422950
100,2.93E+08,5.40E+06,3349997,3349997,0,421600
100,2.89E+08,5.77E+06,3350006,3350006,0,406800
100,2.93E+08,5.33E+06,3350011,3350011,0,422350
100,2.94E+08,5.34E+06,3350018,3350014,0,423000
100,2.93E+08,5.30E+06,3350038,3350033,0,422600
100,2.93E+08,5.30E+06,3350052,3350053,0,423000
100,2.93E+08,5.31E+06,3350054,3350054,0,422950
100,2.97E+08,5.30E+06,3350060,3350059,0,429900
100,2.97E+08,5.32E+06,3350068,3350068,0,432950
100,2.93E+08,5.32E+06,3350070,3350069,0,422950
100,2.90E+08,5.30E+06,3350077,3350080,0,413050
100,2.97E+08,5.31E+06,3350094,3350094,0,432950
100,2.91E+08,5.30E+06,3350099,3350101,0,413200
100,2.90E+08,5.31E+06,3350101,3350101,0,409950
100,2.93E+08,5.31E+06,3350103,3350101,0,422350
100,2.93E+08,5.30E+06,3350107,3350107,0,422900
100,2.90E+08,5.35E+06,3350108,3350107,0,413150
100,2.97E+08,5.35E+06,3350109,3350110,0,429500
100,2.97E+08,5.30E+06,3350109,3350109,0,432950
100,2.90E+08,5.30E+06,3350114,3350113,0,410800
100,2.89E+08,5.31E+06,3350121,3350119,0,409400
100,2.90E+08,5.30E+06,3350126,3350125,0,413150
100,2.90E+08,5.30E+06,3350149,3350149,0,413150
100,2.90E+08,5.30E+06,3350152,3350153,0,413050
100,2.95E+08,5.35E+06,3350155,3350148,0,425800
100,2.97E+08,5.31E+06,3350161,3350161,0,432950
100,2.90E+08,5.82E+06,3350179,3350182,0,410800
100,2.90E+08,5.32E+06,3350233,3350232,0,409800
100,2.93E+08,5.30E+06,3350239,3350238,0,423000
100,2.93E+08,5.31E+06,3350244,3350243,0,423000
100,2.93E+08,5.30E+06,3350246,3350246,0,423000
100,2.91E+08,5.30E+06,3350250,3350251,0,413200
100,2.93E+08,5.31E+06,3350254,3350256,0,422900
100,2.93E+08,5.30E+06,3350259,3350259,0,422900
100,2.93E+08,5.31E+06,3350263,3350261,0,423000
100,2.94E+08,5.33E+06,3350267,3350268,0,423000
100,2.95E+08,5.40E+06,3350283,3350284,0,425800
100,2.90E+08,5.30E+06,3350299,3350299,0,413150
100,2.97E+08,5.33E+06,3350306,3350306,0,432950
100,2.90E+08,5.34E+06,3350313,3350314,0,409950
100,2.90E+08,5.31E+06,3350313,3350313,0,413150
100,2.91E+08,5.34E+06,3350317,3350316,0,413200
100,2.93E+08,5.40E+06,3350324,3350324,0,423000
100,2.90E+08,5.33E+06,3350334,3350334,0,409950
100,2.93E+08,5.41E+06,3350341,3350341,0,422100
100,2.93E+08,5.31E+06,3350349,3350349,0,422600
100,2.93E+08,5.30E+06,3350357,3350357,0,422900
100,2.90E+08,5.35E+06,3350363,3350365,0,409950
100,2.89E+08,5.34E+06,3350374,3350372,0,409000
100,2.90E+08,5.32E+06,3350401,3350396,0,409950
100,2.97E+08,5.30E+06,3350415,3350415,0,432950
100,2.98E+08,5.30E+06,3350416,3350416,0,433150
100,2.98E+08,5.30E+06,3350416,3350412,0,433150
100,2.97E+08,5.34E+06,3350429,3350426,0,429500
100,2.91E+08,5.30E+06,3350452,3350450,0,413200
100,2.91E+08,5.31E+06,3350457,3350456,0,413200
100,2.90E+08,5.32E+06,3350466,3350466,0,413150
100,2.93E+08,5.31E+06,3350479,3350479,0,422100
100,2.97E+08,5.34E+06,3350482,3350482,0,432950
100,2.90E+08,5.32E+06,3350485,3350485,0,413050
100,2.94E+08,5.30E+06,3350492,3350490,0,423000
100,2.98E+08,5.42E+06,3350502,3350501,0,433150
100,2.93E+08,5.30E+06,3350504,3350504,0,423000
100,2.90E+08,5.30E+06,3350515,3350516,0,413050
100,2.90E+08,5.34E+06,3350525,3350527,0,413150
100,2.97E+08,5.31E+06,3350536,3350535,0,432950
100,2.93E+08,5.33E+06,3350544,3350544,0,422950
100,2.97E+08,5.32E+06,3350572,3350572,0,429500
100,2.91E+08,5.30E+06,3350597,3350596,0,413200
100,2.98E+08,5.30E+06,3350603,3350603,0,433150
100,2.90E+08,5.30E+06,3350608,3350608,0,409800
100,2.90E+08,5.37E+06,3350614,3350613,0,409800
100,2.98E+08,5.32E+06,3350618,3350619,0,433150
100,2.90E+08,5.59E+06,3350621,3350621,0,409950
100,2.98E+08,5.37E+06,3350654,3350654,0,433150
100,2.90E+08,5.32E+06,3350660,3350660,0,413150
100,2.97E+08,5.30E+06,3350669,3350668,0,429500
100,2.90E+08,5.30E+06,3350671,3350670,0,409950
100,2.90E+08,5.38E+06,3350702,3350701,0,409950
100,2.93E+08,5.31E+06,3350712,3350711,0,422950
100,2.97E+08,5.30E+06,3350717,3350717,0,432950
100,2.91E+08,5.30E+06,3350724,3350720,0,413250
100,2.90E+08,5.30E+06,3350734,3350734,0,413150
100,2.90E+08,5.31E+06,3350757,3350761,0,409950
100,2.89E+08,5.35E+06,3350774,3350771,0,409400
100,2.97E+08,5.30E+06,3350786,3350786,0,432950
100,2.90E+08,5.34E+06,3350787,3350787,0,413150
100,2.97E+08,5.30E+06,3350796,3350796,0,429900
100,2.94E+08,5.30E+06,3350809,3350810,0,423000
100,2.94E+08,5.34E+06,3350830,3350831,0,423000
100,2.98E+08,5.31E+06,3350847,3350847,0,433150
100,2.91E+08,5.35E+06,3350862,3350862,0,413200
100,2.90E+08,5.32E+06,3350869,3350869,0,410800
100,2.91E+08,5.30E+06,3350878,3350878,0,413950
100,2.90E+08,5.30E+06,3350906,3350906,0,409950
100,2.90E+08,5.30E+06,3350912,3350912,0,409950
100,2.90E+08,5.35E+06,3350932,3350931,0,410750
100,2.89E+08,5.35E+06,3350950,3350950,0,409150
100,2.97E+08,5.32E+06,3350954,3350953,0,432950
100,2.94E+08,5.36E+06,3350980,3350978,0,423000
100,2.89E+08,5.30E+06,3350986,3350987,0,409000
100,2.90E+08,5.38E+06,3350992,3350989,0,409800
100,2.90E+08,5.36E+06,3351012,3351012,0,409950
100,2.93E+08,5.31E+06,3351021,3351021,0,421650
100,2.91E+08,5.30E+06,3351055,3351055,0,413200
100,2.91E+08,5.33E+06,3351109,3351108,0,413250
100,2.90E+08,5.30E+06,3351114,3351114,0,410800
100,2.93E+08,5.37E+06,3351116,3351119,0,422100
100,2.90E+08,5.32E+06,3351119,3351120,0,413050
100,2.94E+08,5.31E+06,3351121,3351122,0,423000
100,2.93E+08,5.31E+06,3351139,3351137,0,422950
100,2.97E+08,5.46E+06,3351141,3351141,0,432950
100,2.90E+08,5.37E+06,3351145,3351145,0,413050
100,2.91E+08,5.30E+06,3351157,3351155,0,413200
100,2.97E+08,5.30E+06,3351170,3351170,0,429900
100,2.97E+08,5.30E+06,3351175,3351177,0,432950
100,2.97E+08,5.30E+06,3351177,3351178,0,432950
100,2.91E+08,5.30E+06,3351183,3351183,0,413150
100,2.98E+08,5.30E+06,3351184,3351184,0,433150
100,2.90E+08,5.31E+06,3351192,3351187,0,410800
100,2.97E+08,5.30E+06,3351194,3351194,0,429900
100,2.93E+08,5.34E+06,3351199,3351199,0,422100
100,2.97E+08,5.31E+06,3351207,3351207,0,432950
100,2.93E+08,5.30E+06,3351208,3351208,0,422950
100,2.93E+08,5.30E+06,3351214,3351213,0,423000
100,2.90E+08,5.30E+06,3351216,3351216,0,409950
100,2.98E+08,5.33E+06,3351242,3351242,0,433150
100,2.93E+08,5.31E+06,3351257,3351257,0,422950
100,2.98E+08,5.32E+06,3351262,3351262,0,432950
100,2.93E+08,5.30E+06,3351272,3351272,0,422350
100,2.97E+08,5.38E+06,3351272,3351271,0,432950
100,2.90E+08,5.32E+06,3351287,3351288,0,413150
100,2.93E+08,5.41E+06,3351291,3351291,0,421600
100,2.93E+08,5.30E+06,3351297,3351295,0,423000
100,2.94E+08,5.34E+06,3351307,3351307,0,424050
100,2.90E+08,5.30E+06,3351318,3351318,0,409950
100,2.93E+08,5.30E+06,3351323,3351323,0,423000
100,2.90E+08,5.30E+06,3351328,3351329,0,409950
100,2.98E+08,5.31E+06,3351329,3351329,0,433150
100,2.95E+08,5.30E+06,3351341,3351341,0,425800
100,2.93E+08,5.33E+06,3351361,3351363,0,423000
100,2.91E+08,5.30E+06,3351365,3351362,0,413200
100,2.93E+08,5.30E+06,3351374,3351374,0,423000
100,2.93E+08,5.30E+06,3351385,3351389,0,423000
100,2.90E+08,5.32E+06,3351393,3351393,0,409950
100,2.93E+08,5.31E+06,3351399,3351397,0,422350
100,2.94E+08,5.30E+06,3351420,3351420,0,424050
100,2.90E+08,5.30E+06,3351429,3351429,0,413050
100,2.93E+08,5.86E+06,3351449,3351449,0,422950
100,2.97E+08,5.31E+06,3351454,3351458,0,429500
100,2.90E+08,5.30E+06,3351482,3351482,0,413150
100,2.97E+08,5.31E+06,3351484,3351484,0,432950
100,2.90E+08,5.30E+06,3351489,3351488,0,409950
100,2.90E+08,5.31E+06,3351512,3351510,0,413050
100,2.93E+08,5.30E+06,3351521,3351519,0,421650
100,2.90E+08,5.37E+06,3351527,3351524,0,409950
100,2.90E+08,5.30E+06,3351534,3351534,0,413150
100,2.98E+08,5.30E+06,3351534,3351534,0,432950
100,2.89E+08,5.32E+06,3351537,3351537,0,409000
100,2.93E+08,5.36E+06,3351542,3351542,0,422950
100,2.90E+08,5.31E+06,3351566,3351559,0,409800
100,2.93E+08,5.30E+06,3351573,3351572,0,422600
100,2.98E+08,5.31E+06,3351573,3351573,0,433150
100,2.93E+08,5.30E+06,3351592,3351591,0,422950
100,2.93E+08,5.30E+06,3351606,3351607,0,423000
100,2.93E+08,5.41E+06,3351653,3351654,0,422900
100,2.93E+08,5.40E+06,3351675,3351674,0,423000
100,2.94E+08,5.30E+06,3351678,3351677,0,424050
100,2.90E+08,5.33E+06,3351680,3351680,0,409950
100,2.90E+08,5.30E+06,3351681,3351681,0,409950
100,2.90E+08,5.30E+06,3351683,3351683,0,409950
100,2.94E+08,5.38E+06,3351694,3351694,0,423000
100,2.97E+08,5.30E+06,3351699,3351699,0,429900
100,2.90E+08,5.30E+06,3351703,3351702,0,413150
100,2.93E+08,5.52E+06,3351719,3351718,0,422950
100,2.90E+08,5.31E+06,3351725,3351724,0,409950
100,2.93E+08,5.30E+06,3351725,3351725,0,422900
100,2.90E+08,5.30E+06,3351744,3351744,0,413150
100,2.93E+08,5.32E+06,3351744,3351744,0,422350
100,2.98E+08,5.34E+06,3351775,3351773,0,432950
100,2.93E+08,5.30E+06,3351776,3351778,0,423000
100,2.93E+08,5.30E+06,3351776,3351776,0,423000
100,2.90E+08,5.30E+06,3351778,3351777,0,409950
100,2.90E+08,5.43E+06,3351779,3351779,0,409950
100,2.91E+08,5.32E+06,3351802,3351801,0,413150
100,2.94E+08,5.30E+06,3351807,3351800,0,423000
100,2.93E+08,5.32E+06,3351828,3351828,0,422900
100,2.93E+08,5.32E+06,3351828,3351829,0,422950
100,2.90E+08,5.41E+06,3351846,3351846,0,409950
100,2.90E+08,5.30E+06,3351861,3351863,0,413150
100,2.98E+08,5.30E+06,3351863,3351863,0,433150
100,2.97E+08,5.33E+06,3351868,3351868,0,432950
100,2.93E+08,5.46E+06,3351883,3351881,0,422950
100,2.97E+08,5.31E+06,3351891,3351889,0,432950
100,2.93E+08,5.32E+06,3351907,3351900,0,422900
100,2.90E+08,5.33E+06,3351910,3351914,0,413050
100,2.90E+08,5.31E+06,3351913,3351913,0,413050
100,2.97E+08,5.32E+06,3351918,3351919,0,432950
100,2.90E+08,5.30E+06,3351925,3351925,0,409950
100,2.93E+08,5.36E+06,3351933,3351933,0,422900
100,2.93E+08,5.31E+06,3351938,3351937,0,422350
100,2.89E+08,5.50E+06,3351945,3351946,0,409000
100,2.89E+08,5.33E+06,3351959,3351957,0,409000
100,2.93E+08,5.30E+06,3351980,3351981,0,422950
100,2.97E+08,5.30E+06,3351982,3351984,0,429900
100,2.93E+08,5.30E+06,3352001,3352001,0,423000
100,2.90E+08,5.30E+06,3352002,3352002,0,410800
100,2.91E+08,5.30E+06,3352005,3352009,0,413200
100,2.90E+08,5.36E+06,3352020,3352021,0,413150
100,2.90E+08,5.31E+06,3352024,3352023,0,409800
100,2.98E+08,5.32E+06,3352035,3352033,0,433150
100,2.93E+08,5.34E+06,3352063,3352057,0,423000
100,2.90E+08,5.31E+06,3352065,3352065,0,409800
100,2.90E+08,5.33E+06,3352081,3352081,0,413150
100,2.93E+08,5.36E+06,3352107,3352106,0,422900
100,2.93E+08,5.30E+06,3352110,3352104,0,422350
100,2.98E+08,5.32E+06,3352114,3352114,0,432950
100,2.93E+08,5.30E+06,3352139,3352139,0,423000
100,2.90E+08,5.31E+06,3352166,3352166,0,409800
100,2.90E+08,5.30E+06,3352186,3352186,0,409800
100,2.90E+08,5.30E+06,3352197,3352197,0,413050
100,2.93E+08,5.30E+06,3352205,3352205,0,421600
100,2.94E+08,5.36E+06,3352221,3352215,0,423000
100,2.90E+08,5.32E+06,3352230,3352229,0,413150
100,2.98E+08,5.30E+06,3352233,3352236,0,433150
100,2.90E+08,5.30E+06,3352242,3352238,0,413150
100,2.90E+08,5.30E+06,3352251,3352252,0,413150
100,2.90E+08,5.31E+06,3352265,3352264,0,409950
100,2.91E+08,5.30E+06,3352296,3352296,0,413150
100,2.90E+08,5.39E+06,3352308,3352304,0,409950
100,2.90E+08,5.30E+06,3352311,3352311,0,413050
100,2.98E+08,5.31E+06,3352314,3352314,0,432950
100,2.94E+08,5.30E+06,3352315,3352315,0,423000
100,2.93E+08,5.30E+06,3352335,3352334,0,422950
100,2.90E+08,5.30E+06,3352337,3352337,0,409950
100,2.90E+08,5.31E+06,3352346,3352346,0,413150
100,2.98E+08,5.30E+06,3352349,3352352,0,433150
100,2.91E+08,5.31E+06,3352388,3352386,0,413150
100,2.91E+08,5.35E+06,3352395,3352395,0,413250
100,2.93E+08,5.33E+06,3352395,3352397,0,423000
100,2.93E+08,5.38E+06,3352413,3352413,0,421600
100,2.91E+08,5.32E+06,3352429,3352427,0,413250
100,2.90E+08,5.32E+06,3352431,3352428,0,410800
100,2.97E+08,5.33E+06,3352431,3352429,0,429900
100,2.90E+08,5.37E+06,3352432,3352432,0,409800
100,2.93E+08,5.34E+06,3352442,3352443,0,422900
100,2.93E+08,5.34E+06,3352447,3352446,0,422600
100,2.90E+08,5.30E+06,3352464,3352462,0,409950
100,2.97E+08,5.39E+06,3352479,3352480,0,432950
100,2.93E+08,5.30E+06,3352482,3352482,0,423000
100,2.90E+08,5.30E+06,3352483,3352484,0,413150
100,2.97E+08,5.32E+06,3352501,3352500,0,432950
100,2.90E+08,5.32E+06,3352537,3352534,0,409800
100,2.90E+08,5.33E+06,3352558,3352560,0,413050
100,2.93E+08,5.32E+06,3352558,3352557,0,422600
100,2.97E+08,5.30E+06,3352558,3352559,0,432950
100,2.90E+08,5.30E+06,3352610,3352611,0,409800
100,2.91E+08,5.32E+06,3352616,3352616,0,413200
100,2.93E+08,5.59E+06,3352624,3352622,0,422100
100,2.97E+08,5.30E+06,3352626,3352625,0,429900
100,2.97E+08,5.36E+06,3352638,3352636,0,432950
100,2.90E+08,5.40E+06,3352641,3352637,0,410750
100,2.93E+08,5.34E+06,3352656,3352656,0,422950
100,2.98E+08,5.30E+06,3352656,3352655,0,433150
100,2.90E+08,5.36E+06,3352657,3352659,0,413150
100,2.90E+08,5.35E+06,3352670,3352670,0,413050
100,2.90E+08,5.32E+06,3352700,3352699,0,410800
100,2.90E+08,5.30E+06,3352704,3352703,0,409950
100,2.89E+08,5.30E+06,3352713,3352713,0,409000
100,2.91E+08,5.30E+06,3352715,3352715,0,413250
100,2.93E+08,5.35E+06,3352719,3352719,0,422600
100,2.97E+08,5.85E+06,3352731,3352731,0,432950
100,2.93E+08,5.30E+06,3352737,3352738,0,422900
100,2.98E+08,5.51E+06,3352757,3352757,0,433150
100,2.90E+08,5.33E+06,3352758,3352759,0,413150
100,2.97E+08,5.32E+06,3352758,3352753,0,432950
100,2.91E+08,5.31E+06,3352761,3352761,0,413150
100,2.90E+08,5.30E+06,3352771,3352770,0,413150
100,2.89E+08,5.30E+06,3352776,3352776,0,409400
100,2.91E+08,5.30E+06,3352781,3352780,0,413200
100,2.98E+08,5.33E+06,3352782,3352780,0,432950
100,2.93E+08,5.32E+06,3352793,3352793,0,422900
100,2.97E+08,5.30E+06,3352806,3352805,0,432950
100,2.90E+08,5.30E+06,3352816,3352815,0,413150
100,2.93E+08,5.30E+06,3352820,3352820,0,422950
100,2.93E+08,5.30E+06,3352820,3352820,0,423000
100,2.90E+08,5.35E+06,3352832,3352832,0,413150
100,2.97E+08,5.30E+06,3352833,3352833,0,429500
100,2.93E+08,5.30E+06,3352836,3352835,0,422950
100,2.93E+08,5.30E+06,3352843,3352844,0,422350
100,2.93E+08,5.33E+06,3352847,3352847,0,423000
100,2.94E+08,5.30E+06,3352848,3352848,0,424050
100,2.94E+08,5.31E+06,3352851,3352850,0,424050
100,2.93E+08,5.30E+06,3352852,3352852,0,423000
100,2.91E+08,5.31E+06,3352863,3352861,0,413150
100,2.94E+08,5.41E+06,3352913,3352914,0,424050
100,2.93E+08,5.30E+06,3352920,3352918,0,422350
100,2.93E+08,5.30E+06,3352944,3352944,0,422100
100,2.91E+08,5.30E+06,3352956,3352956,0,413200
100,2.90E+08,5.30E+06,3352972,3352972,0,409950
100,2.93E+08,5.36E+06,3352985,3352985,0,422950
100,2.91E+08,5.33E+06,3353004,3353000,0,413250
100,2.97E+08,5.32E+06,3353013,3353013,0,432950
100,2.93E+08,5.30E+06,3353020,3353020,0,422950
100,2.97E+08,5.30E+06,3353039,3353037,0,432950
100,2.90E+08,5.30E+06,3353053,3353053,0,413150
100,2.98E+08,5.30E+06,3353066,3353067,0,433150
100,2.98E+08,5.32E+06,3353070,3353070,0,433150
100,2.93E+08,5.32E+06,3353090,3353090,0,422600
100,2.90E+08,5.83E+06,3353113,3353112,0,413150
100,2.90E+08,5.30E+06,3353122,3353121,0,409950
100,2.93E+08,5.30E+06,3353122,3353123,0,422950
100,2.97E+08,5.32E+06,3353146,3353146,0,432950
100,2.89E+08,5.37E+06,3353148,3353149,0,409000
100,2.91E+08,5.30E+06,3353156,3353156,0,413250
100,2.97E+08,5.30E+06,3353158,3353158,0,432950
100,2.97E+08,5.31E+06,3353159,3353159,0,429900
100,2.93E+08,5.36E+06,3353175,3353175,0,422900
100,2.95E+08,5.30E+06,3353177,3353176,0,425800
100,2.93E+08,5.30E+06,3353178,3353178,0,422900
100,2.94E+08,5.32E+06,3353193,3353194,0,423000
100,2.91E+08,5.32E+06,3353226,3353226,0,413200
100,2.97E+08,5.34E+06,3353226,3353222,0,432950
100,2.98E+08,5.30E+06,3353236,3353239,0,433150
100,2.90E+08,5.31E+06,3353239,3353244,0,409800
100,2.96E+08,5.65E+06,3353239,3353239,0,429300
100,2.93E+08,5.41E+06,3353250,3353250,0,422900
100,2.91E+08,5.30E+06,3353253,3353254,0,413250
100,2.91E+08,5.32E+06,3353261,3353261,0,413200
100,2.98E+08,5.30E+06,3353262,3353250,0,433150
100,2.90E+08,5.30E+06,3353264,3353265,0,413150
100,2.93E+08,5.31E+06,3353273,3353273,0,423000
100,2.90E+08,5.30E+06,3353277,3353277,0,409950
100,2.91E+08,5.30E+06,3353291,3353289,0,413200
100,2.98E+08,5.34E+06,3353303,3353302,0,433150
100,2.97E+08,5.40E+06,3353331,3353331,0,432950
100,2.98E+08,5.30E+06,3353333,3353333,0,432950
100,2.93E+08,5.30E+06,3353337,3353339,0,422900
100,2.93E+08,5.33E+06,3353341,3353344,0,422950
100,2.90E+08,5.30E+06,3353349,3353349,0,409950
100,2.90E+08,5.36E+06,3353367,3353367,0,413050
100,2.94E+08,5.37E+06,3353377,3353377,0,423000
100,2.97E+08,5.30E+06,3353383,3353384,0,432950
100,2.98E+08,5.31E+06,3353388,3353388,0,433150
100,2.93E+08,5.30E+06,3353389,3353393,0,423000
100,2.90E+08,5.31E+06,3353398,3353398,0,409950
100,2.97E+08,5.30E+06,3353412,3353404,0,429900
100,2.90E+08,5.31E+06,3353431,3353431,0,410800
100,2.90E+08,5.48E+06,3353438,3353434,0,413150
100,2.90E+08,5.34E+06,3353441,3353442,0,410800
100,2.91E+08,5.30E+06,3353479,3353480,0,413200
100,2.91E+08,5.32E+06,3353480,3353480,0,413950
100,2.90E+08,5.31E+06,3353491,3353491,0,413150
100,2.93E+08,5.30E+06,3353505,3353506,0,422900
100,2.90E+08,5.30E+06,3353516,3353516,0,413150
100,2.90E+08,5.30E+06,3353526,3353526,0,409750
100,2.91E+08,5.31E+06,3353530,3353529,0,413250
100,2.90E+08,5.33E+06,3353531,3353531,0,413150
100,2.90E+08,5.30E+06,3353545,3353546,0,413150
100,2.97E+08,5.30E+06,3353548,3353549,0,429900
100,2.97E+08,5.31E+06,3353550,3353550,0,432950
100,2.98E+08,5.34E+06,3353569,3353569,0,433150
100,2.93E+08,5.30E+06,3353585,3353585,0,423000
100,2.93E+08,5.30E+06,3353589,3353590,0,422900
100,2.91E+08,5.30E+06,3353594,3353593,0,413200
100,2.93E+08,5.36E+06,3353594,3353595,0,422350
100,2.97E+08,5.34E+06,3353596,3353592,0,432950
100,2.90E+08,5.30E+06,3353616,3353617,0,413050
100,2.93E+08,5.30E+06,3353626,3353625,0,423000
100,2.90E+08,5.30E+06,3353631,3353632,0,410800
100,2.97E+08,5.31E+06,3353646,3353646,0,432950
100,2.90E+08,5.34E+06,3353652,3353652,0,409950
100,2.95E+08,5.32E+06,3353661,3353661,0,425800
100,2.93E+08,5.30E+06,3353663,3353663,0,423000
100,2.90E+08,5.30E+06,3353666,3353666,0,413150
100,2.90E+08,5.35E+06,3353674,3353674,0,410800
100,2.90E+08,5.30E+06,3353692,3353692,0,410800
100,2.93E+08,5.30E+06,3353699,3353699,0,423000
100,2.95E+08,5.36E+06,3353701,3353701,0,425800
100,2.90E+08,5.30E+06,3353712,3353718,0,413050
100,2.93E+08,5.30E+06,3353713,3353718,0,423000
100,2.91E+08,5.30E+06,3353715,3353712,0,413200
100,2.91E+08,5.30E+06,3353728,3353728,0,413200
100,2.93E+08,5.32E+06,3353749,3353748,0,422900
100,2.97E+08,5.30E+06,3353754,3353754,0,429900
100,2.93E+08,5.30E+06,3353773,3353773,0,422600
100,2.90E+08,5.32E+06,3353780,3353780,0,413150
100,2.93E+08,5.32E+06,3353783,3353783,0,422900
100,2.93E+08,5.32E+06,3353802,3353801,0,422950
100,2.90E+08,5.30E+06,3353804,3353802,0,413150
100,2.90E+08,5.30E+06,3353814,3353815,0,413050
100,2.90E+08,5.31E+06,3353823,3353811,0,409800
100,2.90E+08,5.30E+06,3353837,3353836,0,409950
100,2.90E+08,5.30E+06,3353840,3353838,0,413150
100,2.93E+08,5.33E+06,3353867,3353867,0,422900
100,2.93E+08,5.33E+06,3353870,3353870,0,421600
100,2.90E+08,5.32E+06,3353871,3353871,0,413050
100,2.94E+08,5.35E+06,3353891,3353892,0,423000
100,2.89E+08,5.34E+06,3353912,3353908,0,409400
100,2.98E+08,5.30E+06,3353915,3353915,0,433150
100,2.98E+08,5.32E+06,3353927,3353927,0,432950
100,2.93E+08,5.30E+06,3353947,3353947,0,422900
100,2.90E+08,5.30E+06,3353954,3353953,0,409800
100,2.93E+08,5.30E+06,3353959,3353959,0,422900
100,2.90E+08,5.41E+06,3353965,3353966,0,409950
100,2.98E+08,5.31E+06,3353972,3353973,0,433150
100,2.93E+08,5.30E+06,3353973,3353972,0,422350
100,2.91E+08,5.30E+06,3353977,3353979,0,413250
100,2.97E+08,5.30E+06,3353991,3353993,0,432950
100,2.90E+08,5.30E+06,3354010,3354008,0,409950
100,2.90E+08,5.32E+06,3354015,3354014,0,409950
100,2.93E+08,5.30E+06,3354027,3354028,0,422950
100,2.90E+08,5.68E+06,3354029,3354028,0,410750
100,2.93E+08,5.31E+06,3354032,3354028,0,422950
100,2.93E+08,5.31E+06,3354054,3354054,0,422100
100,2.93E+08,5.30E+06,3354061,3354059,0,422350
100,2.93E+08,5.33E+06,3354079,3354082,0,422900
100,2.98E+08,5.30E+06,3354082,3354080,0,433150
100,2.93E+08,5.32E+06,3354091,3354093,0,422350
100,2.90E+08,5.30E+06,3354102,3354102,0,409950
100,2.93E+08,5.32E+06,3354103,3354100,0,422950
100,2.90E+08,5.73E+06,3354109,3354107,0,409800
100,2.98E+08,5.31E+06,3354118,3354118,0,433150
100,2.94E+08,5.30E+06,3354130,3354130,0,423000
100,2.97E+08,5.32E+06,3354154,3354154,0,432950
100,2.98E+08,5.30E+06,3354168,3354168,0,433150
100,2.90E+08,5.41E+06,3354191,3354189,0,409800
100,2.97E+08,5.33E+06,3354195,3354189,0,429500
100,2.90E+08,5.30E+06,3354223,3354225,0,409950
100,2.90E+08,5.30E+06,3354228,3354227,0,409950
100,2.90E+08,5.32E+06,3354255,3354254,0,409800
100,2.94E+08,5.30E+06,3354258,3354258,0,424050
100,2.97E+08,5.31E+06,3354268,3354260,0,432950
100,2.97E+08,5.30E+06,3354279,3354282,0,429900
100,2.90E+08,5.32E+06,3354289,3354289,0,409750
100,2.93E+08,5.30E+06,3354300,3354301,0,423000
100,2.90E+08,5.39E+06,3354319,3354319,0,410750
100,2.90E+08,5.30E+06,3354323,3354315,0,409950
100,2.98E+08,5.38E+06,3354334,3354334,0,433150
100,2.90E+08,5.33E+06,3354356,3354356,0,409950
100,2.93E+08,5.33E+06,3354369,3354369,0,422900
100,2.93E+08,5.30E+06,3354371,3354371,0,422100
100,2.90E+08,5.32E+06,3354381,3354381,0,413150
100,2.90E+08,5.30E+06,3354395,3354391,0,413150
100,2.90E+08,5.30E+06,3354411,3354411,0,409800
100,2.93E+08,5.31E+06,3354436,3354437,0,422600
100,2.90E+08,5.30E+06,3354459,3354460,0,409950
100,2.91E+08,5.31E+06,3354470,3354470,0,413950
100,2.97E+08,5.34E+06,3354476,3354476,0,432950
100,2.93E+08,5.30E+06,3354493,3354488,0,422900
100,2.94E+08,5.31E+06,3354494,3354495,0,423000
100,2.97E+08,5.32E+06,3354504,3354506,0,432950
100,2.94E+08,5.30E+06,3354512,3354512,0,423000
100,2.90E+08,5.33E+06,3354522,3354522,0,410800
100,2.91E+08,5.31E+06,3354559,3354560,0,413200
100,2.93E+08,5.31E+06,3354559,3354560,0,422100
100,2.93E+08,5.31E+06,3354570,3354567,0,423000
100,2.90E+08,5.30E+06,3354571,3354571,0,409800
100,2.90E+08,5.30E+06,3354572,3354572,0,409800
100,2.97E+08,5.36E+06,3354578,3354580,0,432950
100,2.90E+08,5.36E+06,3354581,3354581,0,410800
100,2.97E+08,5.34E+06,3354581,3354574,0,432950
100,2.93E+08,5.30E+06,3354604,3354604,0,422900
100,2.93E+08,5.31E+06,3354613,3354612,0,422900
100,2.95E+08,5.30E+06,3354628,3354631,0,425800
100,2.95E+08,5.41E+06,3354644,3354644,0,424550
100,2.90E+08,5.30E+06,3354654,3354654,0,413150
100,2.90E+08,5.37E+06,3354655,3354655,0,413150
100,2.91E+08,5.30E+06,3354659,3354659,0,413200
100,2.90E+08,5.30E+06,3354668,3354668,0,410800
100,2.95E+08,5.35E+06,3354727,3354727,0,425800
100,2.93E+08,5.31E+06,3354732,3354730,0,422900
100,2.93E+08,5.32E+06,3354734,3354734,0,422900
100,2.97E+08,5.30E+06,3354769,3354771,0,432950
100,2.93E+08,5.30E+06,3354773,3354773,0,422900
100,2.93E+08,5.30E+06,3354777,3354777,0,423000
100,2.93E+08,5.30E+06,3354790,3354791,0,422950
100,2.89E+08,5.31E+06,3354802,3354803,0,409000
100,2.91E+08,5.33E+06,3354849,3354849,0,413200
100,2.91E+08,5.34E+06,3354852,3354852,0,413950
100,2.93E+08,5.32E+06,3354857,3354856,0,422950
100,2.90E+08,5.30E+06,3354881,3354880,0,413050
100,2.89E+08,5.30E+06,3354896,3354896,0,409000
100,2.93E+08,5.30E+06,3354897,3354897,0,422950
100,2.97E+08,5.31E+06,3354899,3354899,0,432950
100,2.90E+08,5.30E+06,3354950,3354950,0,409950
100,2.90E+08,5.30E+06,3354958,3354961,0,409800
100,2.90E+08,5.31E+06,3354959,3354958,0,409800
100,2.91E+08,5.30E+06,3354964,3354964,0,413200
100,2.90E+08,5.33E+06,3355002,3355002,0,413050
100,2.93E+08,5.30E+06,3355022,3355018,0,422900
100,2.93E+08,5.49E+06,3355026,3355024,0,422950
100,2.93E+08,5.32E+06,3355035,3355037,0,422950
100,2.98E+08,5.30E+06,3355056,3355056,0,433150
100,2.94E+08,5.30E+06,3355057,3355055,0,423000
100,2.93E+08,5.30E+06,3355065,3355066,0,422900
100,2.90E+08,5.30E+06,3355077,3355077,0,409950
100,2.93E+08,5.30E+06,3355080,3355080,0,423000
100,2.94E+08,5.30E+06,3355089,3355089,0,424050
100,2.97E+08,5.35E+06,3355089,3355089,0,432950
100,2.98E+08,5.31E+06,3355119,3355119,0,432950
100,2.90E+08,5.32E+06,3355121,3355121,0,413050
100,2.97E+08,5.30E+06,3355127,3355127,0,432950
100,2.90E+08,5.30E+06,3355145,3355144,0,409950
100,2.93E+08,5.35E+06,3355155,3355159,0,423000
100,2.98E+08,5.31E+06,3355163,3355163,0,433150
100,2.90E+08,5.32E+06,3355173,3355175,0,409950
100,2.90E+08,5.31E+06,3355182,3355183,0,409950
100,2.97E+08,5.32E+06,3355187,3355178,0,429900
100,2.98E+08,5.30E+06,3355193,3355194,0,433150
100,2.94E+08,5.30E+06,3355199,3355198,0,423000
100,2.93E+08,5.32E+06,3355221,3355221,0,423000
100,2.98E+08,5.32E+06,3355227,3355227,0,433150
100,2.93E+08,5.30E+06,3355249,3355251,0,423000
100,2.97E+08,5.35E+06,3355254,3355254,0,429900
100,2.90E+08,5.32E+06,3355255,3355255,0,413150
100,2.97E+08,5.31E+06,3355255,3355253,0,429500
100,2.90E+08,5.33E+06,3355260,3355264,0,409950
100,2.98E+08,5.36E+06,3355262,3355262,0,433150
100,2.93E+08,5.30E+06,3355287,3355284,0,422900
100,2.90E+08,5.48E+06,3355303,3355299,0,409950
100,2.90E+08,5.30E+06,3355306,3355306,0,410800
100,2.93E+08,5.30E+06,3355345,3355350,0,422900
100,2.93E+08,5.30E+06,3355348,3355346,0,422900
100,2.93E+08,5.32E+06,3355353,3355353,0,423000
100,2.97E+08,5.35E+06,3355374,3355372,0,432950
100,2.91E+08,5.31E+06,3355378,3355378,0,413200
100,2.93E+08,5.61E+06,3355394,3355394,0,423000
100,2.90E+08,5.33E+06,3355402,3355402,0,410800
100,2.90E+08,5.31E+06,3355447,3355447,0,409950
100,2.97E+08,5.31E+06,3355450,3355450,0,432950
100,2.93E+08,5.30E+06,3355457,3355457,0,422950
100,2.97E+08,5.31E+06,3355458,3355457,0,432950
100,2.98E+08,5.32E+06,3355481,3355481,0,433150
100,2.90E+08,5.31E+06,3355485,3355485,0,409950
100,2.90E+08,5.32E+06,3355490,3355490,0,409800
100,2.97E+08,5.30E+06,3355492,3355492,0,429500
100,2.90E+08,5.31E+06,3355507,3355503,0,410800
100,2.90E+08,5.30E+06,3355508,3355508,0,409950
100,2.90E+08,5.34E+06,3355529,3355530,0,413150
100,2.94E+08,5.32E+06,3355544,3355546,0,424050
100,2.90E+08,5.30E+06,3355572,3355571,0,410800
100,2.93E+08,5.30E+06,3355581,3355582,0,423000
100,2.91E+08,5.33E+06,3355594,3355596,0,413200
100,2.95E+08,5.93E+06,3355599,3355597,0,425800
100,2.95E+08,5.30E+06,3355609,3355609,0,424550
100,2.93E+08,5.31E+06,3355646,3355646,0,422600
100,2.93E+08,5.30E+06,3355651,3355655,0,423000
100,2.93E+08,5.38E+06,3355654,3355657,0,423000
100,2.94E+08,5.30E+06,3355662,3355662,0,423000
100,2.90E+08,5.35E+06,3355677,3355677,0,413150
100,2.93E+08,5.30E+06,3355685,3355686,0,422600
100,2.90E+08,5.31E+06,3355711,3355711,0,413150
100,2.90E+08,5.30E+06,3355713,3355713,0,413150
100,2.90E+08,5.30E+06,3355719,3355719,0,410800
100,2.90E+08,5.30E+06,3355726,3355723,0,413150
100,2.91E+08,5.30E+06,3355729,3355729,0,413200
100,2.91E+08,5.30E+06,3355741,3355741,0,413150
100,2.90E+08,5.74E+06,3355748,3355750,0,413050
100,2.95E+08,5.31E+06,3355770,3355770,0,425800
100,2.91E+08,5.30E+06,3355779,3355779,0,413150
100,2.91E+08,5.33E+06,3355785,3355785,0,413250
100,2.93E+08,5.30E+06,3355788,3355789,0,422100
100,2.90E+08,5.33E+06,3355803,3355803,0,409800
100,2.90E+08,5.30E+06,3355831,3355831,0,413150
100,2.90E+08,5.31E+06,3355837,3355839,0,410800
100,2.93E+08,5.31E+06,3355837,3355837,0,422600
100,2.97E+08,5.32E+06,3355840,3355840,0,429500
100,2.94E+08,5.30E+06,3355872,3355872,0,423000
100,2.91E+08,5.30E+06,3355899,3355899,0,413200
100,2.91E+08,5.30E+06,3355902,3355902,0,413200
100,2.90E+08,5.30E+06,3355930,3355931,0,409950
100,2.89E+08,5.30E+06,3355973,3355973,0,409400
100,2.98E+08,5.30E+06,3355977,3355976,0,433150
100,2.90E+08,5.31E+06,3356004,3356003,0,413150
100,2.90E+08,5.30E+06,3356006,3356006,0,409950
100,2.93E+08,5.32E+06,3356024,3356018,0,421650
100,2.95E+08,5.34E+06,3356061,3356055,0,425800
100,2.94E+08,5.30E+06,3356071,3356072,0,424050
100,2.90E+08,5.32E+06,3356079,3356078,0,410800
100,2.93E+08,5.30E+06,3356082,3356084,0,423000
100,2.97E+08,5.33E+06,3356090,3356090,0,432950
100,2.97E+08,5.30E+06,3356105,3356108,0,429900
100,2.93E+08,5.30E+06,3356107,3356107,0,423000
100,2.97E+08,5.35E+06,3356165,3356168,0,432950
100,2.93E+08,5.31E+06,3356190,3356190,0,423000
100,2.97E+08,5.30E+06,3356191,3356191,0,432950
100,2.90E+08,5.35E+06,3356192,3356192,0,413150
100,2.90E+08,5.31E+06,3356251,3356250,0,409800
100,2.90E+08,5.65E+06,3356262,3356262,0,409800
100,2.90E+08,5.31E+06,3356270,3356269,0,413150
100,2.90E+08,5.35E+06,3356271,3356271,0,413150
100,2.98E+08,5.32E+06,3356281,3356281,0,432950
100,2.90E+08,5.34E+06,3356287,3356282,0,410800
100,2.93E+08,5.32E+06,3356289,3356289,0,423000
100,2.93E+08,5.30E+06,3356289,3356289,0,423000
100,2.91E+08,5.30E+06,3356311,3356311,0,413150
100,2.97E+08,5.30E+06,3356314,3356315,0,429900
100,2.89E+08,5.34E+06,3356328,3356327,0,409000
100,2.93E+08,5.30E+06,3356328,3356330,0,422350
100,2.94E+08,5.30E+06,3356329,3356331,0,423000
100,2.97E+08,5.31E+06,3356331,3356331,0,432950
100,2.94E+08,5.33E+06,3356333,3356333,0,424050
100,2.93E+08,5.30E+06,3356359,3356359,0,423000
100,2.90E+08,5.30E+06,3356364,3356364,0,413150
100,2.90E+08,5.30E+06,3356367,3356369,0,410800
100,2.93E+08,5.33E+06,3356370,3356369,0,422950
100,2.93E+08,5.30E+06,3356374,3356374,0,422950
100,2.90E+08,5.34E+06,3356384,3356385,0,413150
100,2.89E+08,5.30E+06,3356394,3356393,0,409000
100,2.97E+08,5.35E+06,3356399,3356397,0,432950
100,2.90E+08,5.30E+06,3356428,3356428,0,410800
100,2.94E+08,5.31E+06,3356431,3356431,0,423000
100,2.91E+08,5.30E+06,3356452,3356453,0,413250
100,2.93E+08,5.30E+06,3356454,3356454,0,423000
100,2.94E+08,5.30E+06,3356455,3356457,0,423000
100,2.93E+08,5.34E+06,3356457,3356458,0,422900
100,2.90E+08,5.30E+06,3356465,3356465,0,409950
100,2.90E+08,5.30E+06,3356484,3356485,0,410800
100,2.90E+08,5.30E+06,3356486,3356486,0,409800
100,2.90E+08,5.48E+06,3356506,3356507,0,413050
100,2.93E+08,5.30E+06,3356512,3356510,0,422900
100,2.94E+08,5.30E+06,3356517,3356518,0,424050
100,2.90E+08,5.30E+06,3356524,3356525,0,413150
100,2.90E+08,5.31E+06,3356524,3356524,0,413150
100,2.98E+08,5.35E+06,3356524,3356520,0,433150
100,2.97E+08,5.30E+06,3356526,3356526,0,429900
100,2.85E+08,5.56E+06,3356527,3356527,0,397200
100,2.90E+08,5.52E+06,3356527,3356527,0,409950
100,2.90E+08,5.34E+06,3356540,3356539,0,410800
100,2.97E+08,5.34E+06,3356548,3356548,0,432950
100,2.90E+08,5.31E+06,3356554,3356553,0,409950
100,2.93E+08,5.30E+06,3356554,3356554,0,422900
100,2.90E+08,5.30E+06,3356562,3356561,0,413050
100,2.90E+08,5.30E+06,3356568,3356568,0,409950
100,2.97E+08,5.30E+06,3356577,3356574,0,429900
100,2.91E+08,5.30E+06,3356590,3356590,0,413200
100,2.94E+08,5.34E+06,3356595,3356595,0,423000
100,2.93E+08,5.30E+06,3356605,3356607,0,422100
100,2.90E+08,5.30E+06,3356624,3356624,0,409800
100,2.91E+08,5.30E+06,3356634,3356634,0,413250
100,2.97E+08,5.30E+06,3356638,3356639,0,429500
100,2.93E+08,5.33E+06,3356651,3356650,0,422950
100,2.91E+08,5.31E+06,3356661,3356662,0,413250
100,2.93E+08,5.30E+06,3356668,3356668,0,423000
100,2.89E+08,5.33E+06,3356669,3356669,0,409000
100,2.90E+08,5.33E+06,3356679,3356678,0,413150
100,2.93E+08,5.35E+06,3356682,3356681,0,423000
100,2.94E+08,5.34E+06,3356684,3356682,0,423000
100,2.90E+08,5.30E+06,3356688,3356687,0,413150
100,2.98E+08,5.30E+06,3356700,3356700,0,433150
100,2.97E+08,5.30E+06,3356706,3356709,0,432950
100,2.91E+08,5.30E+06,3356726,3356725,0,413200
100,2.91E+08,5.30E+06,3356736,3356733,0,413250
100,2.93E+08,5.31E+06,3356745,3356743,0,422900
100,2.93E+08,5.31E+06,3356767,3356769,0,422350
100,2.91E+08,5.31E+06,3356768,3356767,0,413250
100,2.97E+08,5.30E+06,3356790,3356790,0,432950
100,2.93E+08,5.33E+06,3356793,3356793,0,422950
100,2.90E+08,5.30E+06,3356798,3356796,0,409800
100,2.97E+08,5.31E+06,3356805,3356805,0,429500
100,2.90E+08,5.30E+06,3356820,3356820,0,410800
100,2.90E+08,5.44E+06,3356834,3356834,0,409950
100,2.94E+08,5.32E+06,3356841,3356841,0,423000
100,2.93E+08,5.42E+06,3356846,3356849,0,422950
100,2.90E+08,5.30E+06,3356850,3356850,0,409950
100,2.90E+08,5.69E+06,3356851,3356849,0,413050
100,2.93E+08,5.31E+06,3356868,3356868,0,422900
100,2.94E+08,5.33E+06,3356871,3356871,0,423000
100,2.93E+08,5.30E+06,3356872,3356877,0,422900
100,2.90E+08,5.30E+06,3356879,3356879,0,410800
100,2.90E+08,5.31E+06,3356898,3356897,0,409750
100,2.89E+08,5.45E+06,3356902,3356895,0,409000
100,2.97E+08,5.31E+06,3356909,3356909,0,432950
100,2.93E+08,5.32E+06,3356914,3356914,0,423000
100,2.94E+08,5.31E+06,3356917,3356917,0,423000
100,2.91E+08,5.31E+06,3356919,3356915,0,413250
100,2.93E+08,5.30E+06,3356921,3356923,0,423000
100,2.97E+08,5.40E+06,3356928,3356927,0,429900
100,2.93E+08,5.31E+06,3356981,3356981,0,421600
100,2.93E+08,5.32E+06,3356987,3356984,0,423000
100,2.94E+08,5.31E+06,3356989,3356987,0,424050
100,2.93E+08,5.30E+06,3356993,3356993,0,422350
100,2.91E+08,5.30E+06,3357004,3357004,0,413200
100,2.90E+08,5.30E+06,3357006,3357006,0,409950
100,2.91E+08,5.30E+06,3357008,3357011,0,413200
100,2.89E+08,5.37E+06,3357011,3357011,0,409000
100,2.93E+08,5.31E+06,3357013,3357013,0,423000
100,2.98E+08,5.31E+06,3357013,3357013,0,432950
100,2.97E+08,5.30E+06,3357029,3357027,0,429900
100,2.90E+08,5.30E+06,3357031,3357031,0,409800
100,2.98E+08,5.30E+06,3357060,3357060,0,432950
100,2.93E+08,5.30E+06,3357064,3357064,0,422100
100,2.97E+08,5.30E+06,3357087,3357087,0,429900
100,2.93E+08,5.30E+06,3357115,3357114,0,422350
100,2.91E+08,5.33E+06,3357126,3357125,0,413200
100,2.89E+08,5.30E+06,3357144,3357144,0,409200
100,2.90E+08,5.30E+06,3357150,3357151,0,413150
100,2.90E+08,5.30E+06,3357152,3357152,0,410800
100,2.93E+08,5.31E+06,3357171,3357171,0,422950
100,2.94E+08,5.30E+06,3357175,3357176,0,423000
100,2.90E+08,5.30E+06,3357194,3357193,0,410800
100,2.93E+08,5.35E+06,3357219,3357219,0,422900
100,2.97E+08,5.33E+06,3357258,3357258,0,432950
100,2.97E+08,5.31E+06,3357269,3357269,0,432950
100,2.97E+08,5.34E+06,3357281,3357281,0,432950
100,2.90E+08,5.34E+06,3357284,3357284,0,413150
100,2.90E+08,5.32E+06,3357289,3357288,0,413050
100,2.93E+08,5.32E+06,3357297,3357297,0,422900
100,2.95E+08,5.32E+06,3357298,3357301,0,424550
100,2.90E+08,5.31E+06,3357300,3357294,0,413050
100,2.93E+08,5.33E+06,3357329,3357330,0,422950
100,2.90E+08,5.50E+06,3357330,3357327,0,409800
100,2.93E+08,5.30E+06,3357332,3357332,0,423000
100,2.90E+08,5.30E+06,3357334,3357334,0,413050
100,2.90E+08,5.32E+06,3357342,3357342,0,413150
100,2.90E+08,5.34E+06,3357349,3357351,0,413050
100,2.94E+08,5.30E+06,3357353,3357353,0,423000
100,2.98E+08,5.30E+06,3357358,3357358,0,433150
100,2.97E+08,5.30E+06,3357362,3357362,0,429900
100,2.97E+08,5.31E+06,3357379,3357379,0,432950
100,2.98E+08,5.34E+06,3357379,3357378,0,433150
100,2.94E+08,5.31E+06,3357419,3357412,0,424050
100,2.90E+08,5.34E+06,3357425,3357425,0,413050
100,2.90E+08,5.39E+06,3357426,3357426,0,409800
100,2.97E+08,5.33E+06,3357437,3357437,0,432950
100,2.97E+08,5.41E+06,3357449,3357450,0,432950
100,2.97E+08,5.31E+06,3357476,3357477,0,432950
100,2.93E+08,5.30E+06,3357506,3357506,0,423000
100,2.93E+08,5.30E+06,3357509,3357507,0,422900
100,2.97E+08,5.32E+06,3357517,3357517,0,432950
100,2.90E+08,5.42E+06,3357528,3357521,0,409950
100,2.95E+08,5.32E+06,3357555,3357553,0,425800
100,2.97E+08,5.67E+06,3357585,3357585,0,432950
100,2.90E+08,5.30E+06,3357608,3357603,0,409750
100,2.93E+08,5.30E+06,3357611,3357612,0,422350
100,2.97E+08,5.31E+06,3357620,3357620,0,432950
100,2.90E+08,5.30E+06,3357622,3357620,0,410800
100,2.97E+08,5.31E+06,3357622,3357621,0,432950
100,2.93E+08,5.30E+06,3357627,3357627,0,422950
100,2.90E+08,5.30E+06,3357642,3357642,0,413050
100,2.90E+08,5.33E+06,3357663,3357663,0,409800
100,2.94E+08,5.30E+06,3357689,3357693,0,424050
100,2.93E+08,5.32E+06,3357698,3357696,0,422900
100,2.90E+08,5.33E+06,3357704,3357704,0,413050
100,2.90E+08,5.32E+06,3357707,3357707,0,409950
100,2.90E+08,5.32E+06,3357713,3357710,0,409800
100,2.90E+08,5.31E+06,3357713,3357712,0,409950
100,2.91E+08,5.31E+06,3357719,3357720,0,413250
100,2.97E+08,5.30E+06,3357722,3357722,0,432950
100,2.91E+08,5.30E+06,3357727,3357727,0,413200
100,2.93E+08,5.30E+06,3357739,3357743,0,422600
100,2.90E+08,5.40E+06,3357759,3357760,0,409950
100,2.93E+08,5.45E+06,3357785,3357785,0,423000
100,2.94E+08,5.32E+06,3357793,3357792,0,423000
100,2.90E+08,5.30E+06,3357803,3357799,0,413150
100,2.90E+08,5.33E+06,3357848,3357849,0,409750
100,2.97E+08,5.33E+06,3357848,3357847,0,432950
100,2.90E+08,5.30E+06,3357850,3357850,0,413150
100,2.93E+08,5.30E+06,3357860,3357859,0,423000
100,2.90E+08,5.30E+06,3357863,3357862,0,409800
100,2.91E+08,5.30E+06,3357864,3357866,0,413250
100,2.97E+08,5.33E+06,3357870,3357870,0,432950
100,2.93E+08,5.34E+06,3357881,3357881,0,422600
100,2.93E+08,5.32E+06,3357903,3357904,0,422950
100,2.91E+08,5.36E+06,3357909,3357908,0,413250
100,2.97E+08,5.31E+06,3357935,3357936,0,432950
100,2.98E+08,5.31E+06,3357939,3357939,0,433150
100,2.90E+08,5.40E+06,3357942,3357942,0,413050
100,2.90E+08,5.30E+06,3357944,3357944,0,410800
100,2.93E+08,5.32E+06,3357946,3357943,0,422950
100,2.97E+08,5.30E+06,3357948,3357948,0,432950
100,2.90E+08,5.31E+06,3357958,3357958,0,410800
100,2.93E+08,5.32E+06,3357972,3357972,0,422950
100,2.89E+08,5.33E+06,3358001,3357997,0,409000
100,2.90E+08,5.31E+06,3358012,3358009,0,413150
100,2.97E+08,5.35E+06,3358020,3358016,0,432950
100,2.97E+08,5.30E+06,3358031,3358029,0,432950
100,2.90E+08,5.31E+06,3358060,3358060,0,409800
100,2.93E+08,5.36E+06,3358074,3358074,0,422900
100,2.98E+08,5.32E+06,3358082,3358083,0,433150
100,2.90E+08,5.34E+06,3358093,3358089,0,409950
100,2.94E+08,5.30E+06,3358118,3358112,0,423000
100,2.97E+08,5.35E+06,3358118,3358118,0,432950
100,2.90E+08,5.30E+06,3358126,3358126,0,410800
100,2.93E+08,5.35E+06,3358146,3358146,0,423000
100,2.91E+08,5.30E+06,3358180,3358179,0,413250
100,2.91E+08,5.30E+06,3358188,3358189,0,413200
100,2.97E+08,5.30E+06,3358205,3358206,0,432950
100,2.91E+08,5.30E+06,3358227,3358227,0,413250
100,2.98E+08,5.35E+06,3358237,3358237,0,432950
100,2.95E+08,5.31E+06,3358245,3358248,0,425800
100,2.90E+08,5.33E+06,3358276,3358274,0,413050
100,2.90E+08,5.30E+06,3358298,3358302,0,409950
100,2.93E+08,5.31E+06,3358323,3358323,0,422100
100,2.91E+08,5.36E+06,3358333,3358332,0,413200
100,2.93E+08,5.30E+06,3358335,3358338,0,422350
100,2.98E+08,5.33E+06,3358335,3358335,0,432950
100,2.90E+08,5.30E+06,3358361,3358361,0,413150
100,2.90E+08,5.33E+06,3358407,3358407,0,413150
100,2.93E+08,5.30E+06,3358407,3358407,0,422900
100,2.93E+08,5.32E+06,3358429,3358429,0,421600
100,2.93E+08,5.30E+06,3358433,3358435,0,422950
100,2.91E+08,5.30E+06,3358434,3358435,0,413150
100,2.98E+08,5.30E+06,3358434,3358433,0,433150
100,2.97E+08,5.34E+06,3358438,3358437,0,429500
100,2.90E+08,5.36E+06,3358497,3358493,0,413050
100,2.93E+08,5.31E+06,3358505,3358505,0,422950
100,2.90E+08,5.31E+06,3358534,3358538,0,413150
100,2.97E+08,5.32E+06,3358557,3358557,0,429500
100,2.93E+08,5.31E+06,3358561,3358561,0,422350
100,2.93E+08,5.32E+06,3358574,3358577,0,422350
100,2.93E+08,5.32E+06,3358576,3358575,0,423000
100,2.90E+08,5.30E+06,3358585,3358584,0,409800
100,2.89E+08,5.33E+06,3358586,3358589,0,409000
100,2.97E+08,5.30E+06,3358595,3358595,0,429900
100,2.93E+08,5.30E+06,3358607,3358607,0,423000
100,2.93E+08,5.31E+06,3358615,3358614,0,422350
100,2.90E+08,5.30E+06,3358651,3358652,0,409800
100,2.93E+08,5.30E+06,3358652,3358652,0,422900
100,2.98E+08,5.31E+06,3358652,3358652,0,433150
100,2.97E+08,5.31E+06,3358655,3358655,0,432950
100,2.90E+08,5.30E+06,3358667,3358660,0,413150
100,2.98E+08,5.31E+06,3358671,3358671,0,433150
100,2.93E+08,5.32E+06,3358685,3358685,0,422350
100,2.93E+08,5.30E+06,3358692,3358691,0,421600
100,2.89E+08,5.33E+06,3358699,3358694,0,409000
100,2.91E+08,5.30E+06,3358713,3358714,0,413200
100,2.89E+08,5.69E+06,3358715,3358715,0,406800
100,2.97E+08,5.33E+06,3358719,3358716,0,432950
100,2.98E+08,5.30E+06,3358728,3358729,0,433150
100,2.95E+08,5.33E+06,3358763,3358763,0,425800
100,2.98E+08,5.30E+06,3358775,3358775,0,432950
100,2.97E+08,5.34E+06,3358789,3358785,0,432950
100,2.90E+08,5.32E+06,3358805,3358805,0,410750
100,2.91E+08,5.38E+06,3358806,3358806,0,414150
100,2.93E+08,5.34E+06,3358815,3358815,0,422950
100,2.93E+08,5.30E+06,3358818,3358817,0,423000
100,2.90E+08,5.43E+06,3358822,3358823,0,413150
100,2.94E+08,5.30E+06,3358823,3358822,0,424050
100,2.91E+08,5.30E+06,3358824,3358823,0,413950
100,2.98E+08,5.30E+06,3358835,3358836,0,433150
100,2.90E+08,5.30E+06,3358849,3358854,0,409950
100,2.90E+08,5.31E+06,3358851,3358852,0,409950
100,2.90E+08,5.33E+06,3358863,3358862,0,409800
100,2.91E+08,5.30E+06,3358874,3358874,0,413200
100,2.93E+08,5.32E+06,3358922,3358922,0,422950
100,2.97E+08,5.31E+06,3358926,3358926,0,429500
100,2.93E+08,5.34E+06,3358928,3358928,0,422100
100,2.94E+08,5.30E+06,3358929,3358929,0,424050
100,2.94E+08,5.49E+06,3358936,3358936,0,423000
100,2.90E+08,5.32E+06,3358979,3358983,0,413150
100,2.90E+08,5.31E+06,3358980,3358980,0,413150
100,2.97E+08,5.30E+06,3358987,3358984,0,432950
100,2.90E+08,5.31E+06,3359025,3359028,0,409950
100,2.93E+08,5.60E+06,3359035,3359035,0,422900
100,2.93E+08,5.62E+06,3359042,3359043,0,422100
100,2.93E+08,5.30E+06,3359049,3359043,0,423000
100,2.90E+08,5.42E+06,3359066,3359066,0,413050
100,2.97E+08,5.30E+06,3359077,3359075,0,432950
100,2.97E+08,5.34E+06,3359082,3359082,0,429900
100,2.94E+08,5.45E+06,3359088,3359088,0,423000
100,2.97E+08,5.30E+06,3359089,3359089,0,432950
100,2.90E+08,5.30E+06,3359104,3359105,0,409950
100,2.90E+08,5.30E+06,3359140,3359138,0,413050
100,2.90E+08,5.32E+06,3359143,3359146,0,409950
100,2.98E+08,5.33E+06,3359146,3359146,0,433150
100,2.90E+08,5.31E+06,3359155,3359150,0,410800
100,2.90E+08,5.30E+06,3359157,3359157,0,413150
100,2.90E+08,5.34E+06,3359182,3359183,0,413050
100,2.93E+08,5.30E+06,3359218,3359218,0,422950
100,2.90E+08,5.31E+06,3359231,3359232,0,413150
100,2.98E+08,5.33E+06,3359235,3359237,0,433150
100,2.90E+08,5.32E+06,3359237,3359237,0,413150
100,2.96E+08,5.35E+06,3359246,3359246,0,429300
100,2.90E+08,5.31E+06,3359251,3359252,0,410800
100,2.93E+08,5.31E+06,3359257,3359257,0,422950
100,2.97E+08,5.30E+06,3359263,3359262,0,432950
100,2.90E+08,5.44E+06,3359276,3359276,0,413050
100,2.93E+08,5.30E+06,3359283,3359283,0,423000
100,2.90E+08,5.31E+06,3359296,3359296,0,413150
100,2.93E+08,5.33E+06,3359299,3359298,0,422100
100,2.97E+08,5.34E+06,3359307,3359307,0,432950
100,2.90E+08,5.33E+06,3359320,3359320,0,413150
100,2.91E+08,5.30E+06,3359369,3359372,0,413250
100,2.98E+08,5.31E+06,3359384,3359384,0,432950
100,2.89E+08,5.31E+06,3359397,3359398,0,409400
100,2.93E+08,5.37E+06,3359404,3359405,0,422100
100,2.93E+08,5.31E+06,3359452,3359452,0,422900
100,2.95E+08,5.33E+06,3359473,3359475,0,425800
100,2.90E+08,5.30E+06,3359476,3359476,0,409800
100,2.90E+08,5.30E+06,3359478,3359478,0,409950
100,2.93E+08,5.36E+06,3359481,3359484,0,422900
100,2.90E+08,5.30E+06,3359497,3359498,0,409950
100,2.97E+08,5.34E+06,3359500,3359505,0,429900
100,2.98E+08,5.31E+06,3359502,3359502,0,433150
100,2.90E+08,5.32E+06,3359523,3359523,0,413050
100,2.91E+08,5.30E+06,3359536,3359536,0,413200
100,2.91E+08,5.30E+06,3359550,3359549,0,414200
100,2.90E+08,5.36E+06,3359565,3359565,0,413050
100,2.93E+08,5.33E+06,3359579,3359579,0,422900
100,2.94E+08,5.30E+06,3359581,3359581,0,423000
100,2.91E+08,5.36E+06,3359593,3359592,0,413200
100,2.90E+08,5.32E+06,3359598,3359598,0,409800
100,2.90E+08,5.45E+06,3359623,3359623,0,413050
100,2.97E+08,5.32E+06,3359648,3359648,0,432950
100,2.93E+08,5.30E+06,3359649,3359645,0,423000
100,2.90E+08,5.32E+06,3359650,3359647,0,413050
100,2.90E+08,5.31E+06,3359670,3359671,0,409950
100,2.90E+08,5.30E+06,3359680,3359683,0,409950
100,2.93E+08,5.30E+06,3359697,3359695,0,422350
100,2.91E+08,5.30E+06,3359743,3359741,0,413200
100,2.90E+08,5.30E+06,3359745,3359745,0,409800
100,2.90E+08,5.31E+06,3359781,3359781,0,409800
100,2.97E+08,5.36E+06,3359784,3359782,0,432950
100,2.90E+08,5.30E+06,3359799,3359801,0,413050
100,2.91E+08,5.30E+06,3359806,3359803,0,413200
100,2.93E+08,5.33E+06,3359811,3359811,0,422950
100,2.94E+08,5.33E+06,3359818,3359818,0,423400
100,2.90E+08,5.30E+06,3359820,3359820,0,410800
100,2.93E+08,5.38E+06,3359837,3359839,0,421600
100,2.95E+08,5.30E+06,3359860,3359860,0,425800
100,2.91E+08,5.30E+06,3359866,3359867,0,413200
100,2.90E+08,5.32E+06,3359872,3359872,0,409950
100,2.93E+08,5.36E+06,3359873,3359873,0,422950
100,2.90E+08,5.39E+06,3359875,3359873,0,409800
100,2.93E+08,5.35E+06,3359876,3359877,0,422600
100,2.90E+08,5.35E+06,3359892,3359892,0,410800
100,2.90E+08,5.30E+06,3359900,3359900,0,409950
100,2.98E+08,5.32E+06,3359904,3359904,0,433150
100,2.95E+08,5.32E+06,3359910,3359910,0,425800
100,2.93E+08,5.30E+06,3359914,3359915,0,423000
100,2.93E+08,5.30E+06,3359917,3359916,0,422600
100,2.93E+08,5.31E+06,3359931,3359930,0,422350
100,2.90E+08,5.30E+06,3359936,3359936,0,409950
100,2.93E+08,5.31E+06,3359942,3359942,0,422950
100,2.93E+08,5.30E+06,3359944,3359944,0,423000
100,2.97E+08,5.31E+06,3359946,3359948,0,429900
100,2.89E+08,5.34E+06,3359964,3359963,0,409000
100,2.94E+08,5.37E+06,3359980,3359980,0,424050
100,2.97E+08,5.31E+06,3359987,3359986,0,432950
100,2.94E+08,5.30E+06,3359991,3359991,0,423000
100,2.90E+08,5.31E+06,3360004,3359998,0,409950
100,2.90E+08,5.30E+06,3360008,3360008,0,409800
100,2.91E+08,5.30E+06,3360010,3360015,0,413200
100,2.90E+08,5.30E+06,3360015,3360016,0,413150
100,2.90E+08,5.33E+06,3360019,3360019,0,410800
100,2.90E+08,5.32E+06,3360026,3360025,0,409800
100,2.91E+08,5.30E+06,3360046,3360042,0,413200
100,2.90E+08,5.62E+06,3360052,3360052,0,413150
100,2.90E+08,5.30E+06,3360075,3360075,0,410800
100,2.90E+08,5.30E+06,3360105,3360105,0,409800
100,2.90E+08,5.33E+06,3360106,3360104,0,413050
100,2.97E+08,5.33E+06,3360110,3360108,0,429900
100,2.93E+08,5.34E+06,3360116,3360117,0,422100
100,2.91E+08,5.32E+06,3360136,3360137,0,413250
100,2.90E+08,5.30E+06,3360153,3360155,0,409950
100,2.90E+08,5.31E+06,3360160,3360160,0,409800
100,2.90E+08,5.32E+06,3360160,3360160,0,409950
100,2.90E+08,5.30E+06,3360174,3360175,0,413150
100,2.97E+08,5.30E+06,3360211,3360211,0,432950
100,2.93E+08,5.30E+06,3360215,3360214,0,422900
100,2.90E+08,5.33E+06,3360220,3360221,0,409800
100,2.93E+08,5.39E+06,3360221,3360221,0,422100
100,2.91E+08,5.35E+06,3360224,3360221,0,413250
100,2.91E+08,5.33E+06,3360229,3360231,0,413250
100,2.98E+08,5.32E+06,3360231,3360230,0,433150
100,2.93E+08,5.30E+06,3360246,3360246,0,422900
100,2.90E+08,5.30E+06,3360261,3360261,0,409800
100,2.94E+08,5.33E+06,3360273,3360272,0,424050
100,2.97E+08,5.30E+06,3360276,3360276,0,432950
100,2.93E+08,5.30E+06,3360285,3360285,0,422900
100,2.91E+08,5.30E+06,3360292,3360291,0,413250
100,2.97E+08,5.30E+06,3360306,3360306,0,432950
100,2.93E+08,5.31E+06,3360319,3360319,0,423000
100,2.98E+08,5.36E+06,3360333,3360334,0,433150
100,2.97E+08,5.34E+06,3360343,3360343,0,432950
100,2.98E+08,5.35E+06,3360343,3360342,0,433150
100,2.97E+08,5.30E+06,3360350,3360350,0,432950
100,2.89E+08,5.39E+06,3360373,3360374,0,409000
100,2.93E+08,5.37E+06,3360379,3360379,0,422350
100,2.90E+08,5.30E+06,3360384,3360386,0,410800
100,2.94E+08,5.31E+06,3360415,3360416,0,423000
100,2.97E+08,5.32E+06,3360427,3360427,0,432950
100,2.90E+08,5.30E+06,3360443,3360443,0,409950
100,2.91E+08,5.31E+06,3360444,3360444,0,413150
100,2.93E+08,5.30E+06,3360457,3360457,0,422900
100,2.97E+08,5.32E+06,3360463,3360463,0,432950
100,2.93E+08,5.33E+06,3360470,3360471,0,421600
100,2.90E+08,5.30E+06,3360472,3360472,0,413150
100,2.98E+08,5.32E+06,3360503,3360497,0,433150
100,2.93E+08,5.30E+06,3360505,3360504,0,422900
100,2.95E+08,5.42E+06,3360505,3360508,0,425800
100,2.90E+08,5.31E+06,3360541,3360541,0,409950
100,2.98E+08,5.31E+06,3360541,3360541,0,433150
100,2.97E+08,5.30E+06,3360549,3360550,0,432950
100,2.90E+08,5.32E+06,3360550,3360547,0,413150
100,2.93E+08,5.30E+06,3360637,3360638,0,422950
100,2.90E+08,5.30E+06,3360653,3360653,0,413150
100,2.94E+08,5.34E+06,3360657,3360658,0,423000
100,2.89E+08,5.32E+06,3360662,3360663,0,409400
100,2.90E+08,5.31E+06,3360667,3360667,0,413150
100,2.89E+08,5.34E+06,3360671,3360670,0,409000
100,2.91E+08,5.51E+06,3360682,3360682,0,413200
100,2.93E+08,5.30E+06,3360684,3360685,0,422950
100,2.90E+08,5.30E+06,3360697,3360700,0,413150
100,2.90E+08,5.30E+06,3360710,3360709,0,409950
100,2.97E+08,5.31E+06,3360713,3360713,0,429900
100,2.90E+08,5.47E+06,3360726,3360730,0,413050
100,2.94E+08,5.40E+06,3360753,3360753,0,423000
100,2.90E+08,5.30E+06,3360780,3360777,0,410750
100,2.90E+08,5.30E+06,3360794,3360793,0,409950
100,2.93E+08,5.37E+06,3360797,3360796,0,422100
100,2.93E+08,5.47E+06,3360818,3360819,0,421600
100,2.93E+08,5.30E+06,3360827,3360827,0,422600
100,2.90E+08,5.30E+06,3360829,3360829,0,413150
100,2.98E+08,5.30E+06,3360829,3360829,0,432950
100,2.98E+08,5.35E+06,3360835,3360835,0,433150
100,2.98E+08,5.30E+06,3360845,3360845,0,433150
100,2.93E+08,5.32E+06,3360870,3360871,0,422100
100,2.94E+08,5.31E+06,3360872,3360871,0,423000
100,2.90E+08,5.30E+06,3360873,3360873,0,409950
100,2.93E+08,5.36E+06,3360875,3360875,0,422900
100,2.90E+08,5.30E+06,3360876,3360876,0,409950
100,2.97E+08,5.34E+06,3360884,3360885,0,432950
100,2.90E+08,5.32E+06,3360905,3360905,0,409950
100,2.93E+08,5.30E+06,3360905,3360905,0,422350
100,2.91E+08,5.30E+06,3360914,3360908,0,413200
100,2.90E+08,5.30E+06,3360941,3360941,0,413150
100,2.93E+08,5.53E+06,3360941,3360942,0,422950
100,2.98E+08,5.30E+06,3360951,3360952,0,433150
100,2.90E+08,5.33E+06,3360956,3360957,0,410800
100,2.93E+08,5.32E+06,3360958,3360960,0,422950
100,2.90E+08,5.36E+06,3360959,3360956,0,409950
100,2.90E+08,5.31E+06,3360969,3360969,0,413150
100,2.90E+08,5.34E+06,3360976,3360977,0,413150
100,2.98E+08,5.30E+06,3360976,3360977,0,433150
100,2.97E+08,5.35E+06,3360981,3360981,0,432950
100,2.90E+08,5.30E+06,3360982,3360982,0,413050
100,2.90E+08,5.30E+06,3361007,3361006,0,413150
100,2.97E+08,5.32E+06,3361076,3361072,0,432950
100,2.93E+08,5.31E+06,3361099,3361099,0,422350
100,2.90E+08,5.39E+06,3361115,3361114,0,409950
100,2.98E+08,5.32E+06,3361121,3361123,0,433150
100,2.97E+08,5.31E+06,3361127,3361127,0,432950
100,2.94E+08,5.30E+06,3361142,3361141,0,423000
100,2.93E+08,5.37E+06,3361148,3361148,0,423000
100,2.93E+08,5.31E+06,3361158,3361158,0,423000
100,2.89E+08,5.31E+06,3361159,3361159,0,409000
100,2.90E+08,5.32E+06,3361183,3361183,0,413050
100,2.93E+08,5.32E+06,3361184,3361183,0,422900
100,2.90E+08,5.30E+06,3361200,3361200,0,413150
100,2.90E+08,5.31E+06,3361204,3361204,0,413050
100,2.94E+08,5.30E+06,3361208,3361210,0,424050
100,2.91E+08,5.31E+06,3361211,3361211,0,413150
100,2.98E+08,5.33E+06,3361219,3361219,0,433150
100,2.97E+08,5.30E+06,3361220,3361221,0,432950
100,2.96E+08,5.37E+06,3361227,3361228,0,429300
100,2.90E+08,5.31E+06,3361229,3361227,0,413150
100,2.93E+08,5.35E+06,3361244,3361245,0,422950
100,2.93E+08,5.33E+06,3361248,3361248,0,422600
100,2.90E+08,5.30E+06,3361275,3361276,0,413050
100,2.98E+08,5.30E+06,3361275,3361276,0,432950
100,2.94E+08,5.31E+06,3361286,3361285,0,424050
100,2.90E+08,5.30E+06,3361290,3361292,0,409950
100,2.93E+08,5.30E+06,3361309,3361309,0,422900
100,2.93E+08,5.30E+06,3361322,3361322,0,422100
100,2.93E+08,5.31E+06,3361322,3361323,0,422350
100,2.97E+08,5.31E+06,3361343,3361343,0,429900
100,2.90E+08,5.32E+06,3361345,3361348,0,413150
100,2.93E+08,5.30E+06,3361351,3361353,0,423000
100,2.90E+08,5.30E+06,3361356,3361356,0,409950
100,2.94E+08,5.30E+06,3361366,3361367,0,424050
100,2.93E+08,5.30E+06,3361370,3361370,0,422350
100,2.97E+08,5.30E+06,3361418,3361418,0,429500
100,2.93E+08,5.33E+06,3361428,3361428,0,423000
100,2.90E+08,5.31E+06,3361434,3361434,0,413150
100,2.95E+08,5.30E+06,3361445,3361445,0,425800
100,2.94E+08,5.31E+06,3361454,3361454,0,423000
100,2.90E+08,5.32E+06,3361466,3361467,0,409950
100,2.93E+08,5.30E+06,3361471,3361472,0,422900
100,2.94E+08,5.30E+06,3361474,3361477,0,424050
100,2.93E+08,5.32E+06,3361531,3361531,0,422350
100,2.93E+08,5.30E+06,3361539,3361539,0,422350
100,2.98E+08,5.30E+06,3361546,3361546,0,432950
100,2.97E+08,5.30E+06,3361548,3361549,0,429900
100,2.93E+08,5.30E+06,3361561,3361561,0,423000
100,2.98E+08,5.30E+06,3361564,3361567,0,432950
100,2.93E+08,5.30E+06,3361566,3361566,0,422950
100,2.90E+08,5.30E+06,3361575,3361575,0,409950
100,2.93E+08,5.30E+06,3361576,3361576,0,422950
100,2.91E+08,5.32E+06,3361578,3361578,0,413150
100,2.93E+08,5.31E+06,3361626,3361626,0,422950
100,2.90E+08,5.31E+06,3361641,3361641,0,409800
100,2.97E+08,5.31E+06,3361654,3361654,0,429900
100,2.97E+08,5.31E+06,3361665,3361665,0,429500
100,2.93E+08,5.30E+06,3361666,3361665,0,422350
100,2.91E+08,5.32E+06,3361695,3361694,0,413200
100,2.90E+08,5.35E+06,3361696,3361696,0,413050
100,2.93E+08,5.56E+06,3361716,3361716,0,422950
100,2.90E+08,5.30E+06,3361748,3361748,0,413150
100,2.93E+08,5.31E+06,3361755,3361753,0,422900
100,2.97E+08,5.30E+06,3361761,3361764,0,429900
100,2.90E+08,5.33E+06,3361769,3361768,0,413150
100,2.93E+08,5.31E+06,3361788,3361786,0,422100
100,2.89E+08,5.32E+06,3361789,3361789,0,406800
100,2.90E+08,5.33E+06,3361793,3361791,0,409800
100,2.90E+08,5.32E+06,3361805,3361803,0,413050
100,2.93E+08,5.31E+06,3361812,3361809,0,422900
100,2.93E+08,5.31E+06,3361832,3361832,0,423000
100,2.97E+08,5.30E+06,3361899,3361899,0,429900
100,2.90E+08,5.42E+06,3361923,3361922,0,409950
100,2.93E+08,5.34E+06,3361962,3361964,0,422950
100,2.90E+08,5.30E+06,3361984,3361982,0,409950
100,2.90E+08,5.30E+06,3362006,3362005,0,413050
100,2.90E+08,5.30E+06,3362023,3362024,0,413150
100,2.90E+08,5.30E+06,3362046,3362046,0,409950
100,2.97E+08,5.33E+06,3362066,3362067,0,432950
100,2.97E+08,5.33E+06,3362098,3362098,0,432950
100,2.91E+08,5.30E+06,3362100,3362100,0,413150
100,2.93E+08,5.30E+06,3362107,3362106,0,422950
100,2.94E+08,5.30E+06,3362119,3362120,0,423000
100,2.93E+08,5.34E+06,3362126,3362127,0,422900
100,2.90E+08,5.35E+06,3362153,3362154,0,413150
100,2.97E+08,5.30E+06,3362171,3362171,0,429900
100,2.93E+08,5.32E+06,3362174,3362176,0,422350
100,2.90E+08,5.37E+06,3362189,3362189,0,409950
100,2.89E+08,5.32E+06,3362192,3362192,0,409000
100,2.91E+08,5.30E+06,3362192,3362192,0,413200
100,2.90E+08,5.30E+06,3362220,3362220,0,409750
100,2.90E+08,5.30E+06,3362229,3362229,0,409800
100,2.94E+08,5.31E+06,3362234,3362234,0,423000
100,2.98E+08,5.31E+06,3362261,3362262,0,432950
100,2.93E+08,5.35E+06,3362279,3362279,0,422350
100,2.93E+08,5.30E+06,3362282,3362279,0,423000
100,2.90E+08,5.35E+06,3362293,3362296,0,409800
100,2.93E+08,5.44E+06,3362297,3362291,0,423000
100,2.93E+08,5.30E+06,3362302,3362301,0,422900
100,2.93E+08,5.30E+06,3362318,3362317,0,421600
100,2.97E+08,5.30E+06,3362344,3362346,0,432950
100,2.90E+08,5.33E+06,3362348,3362351,0,409800
100,2.93E+08,5.32E+06,3362375,3362376,0,423000
100,2.97E+08,5.30E+06,3362379,3362379,0,432950
100,2.90E+08,5.33E+06,3362380,3362377,0,413050
100,2.90E+08,5.30E+06,3362403,3362403,0,409800
100,2.93E+08,5.37E+06,3362411,3362411,0,422600
100,2.91E+08,5.30E+06,3362413,3362414,0,413200
100,2.93E+08,5.30E+06,3362421,3362422,0,422900
100,2.98E+08,5.33E+06,3362421,3362421,0,433150
100,2.97E+08,5.30E+06,3362426,3362425,0,432950
100,2.97E+08,5.36E+06,3362439,3362437,0,429900
100,2.90E+08,5.30E+06,3362474,3362469,0,409800
100,2.94E+08,5.39E+06,3362476,3362476,0,423000
100,2.93E+08,5.31E+06,3362482,3362485,0,422900
100,2.90E+08,5.31E+06,3362499,3362499,0,413050
100,2.97E+08,5.34E+06,3362504,3362505,0,432950
100,2.97E+08,5.30E+06,3362514,3362514,0,432950
100,2.97E+08,5.34E+06,3362529,3362529,0,429900
100,2.93E+08,5.30E+06,3362560,3362560,0,422600
100,2.97E+08,5.30E+06,3362587,3362588,0,432950
100,2.90E+08,5.36E+06,3362589,3362586,0,413050
100,2.94E+08,5.30E+06,3362622,3362625,0,424050
100,2.97E+08,5.30E+06,3362634,3362633,0,432950
100,2.98E+08,5.30E+06,3362660,3362660,0,432950
100,2.93E+08,5.30E+06,3362683,3362684,0,423000
100,2.89E+08,5.34E+06,3362688,3362683,0,409400
100,2.93E+08,5.30E+06,3362688,3362688,0,422950
100,2.97E+08,5.30E+06,3362691,3362691,0,432950
100,2.90E+08,5.32E+06,3362701,3362702,0,413050
100,2.94E+08,5.30E+06,3362724,3362724,0,424050
100,2.90E+08,5.30E+06,3362726,3362730,0,413050
100,2.90E+08,5.45E+06,3362728,3362726,0,409800
100,2.89E+08,5.32E+06,3362764,3362763,0,409400
100,2.94E+08,5.31E+06,3362766,3362765,0,424050
100,2.90E+08,5.32E+06,3362768,3362768,0,410750
100,2.97E+08,5.32E+06,3362775,3362775,0,432950
100,2.90E+08,5.31E+06,3362781,3362781,0,410800
100,2.89E+08,5.31E+06,3362787,3362787,0,409000
100,2.90E+08,5.32E+06,3362799,3362802,0,413150
100,2.90E+08,5.30E+06,3362811,3362808,0,409800
100,2.90E+08,5.32E+06,3362840,3362840,0,409950
100,2.90E+08,5.30E+06,3362860,3362860,0,413150
100,2.98E+08,5.31E+06,3362864,3362863,0,433150
100,2.90E+08,5.30E+06,3362865,3362865,0,413150
100,2.87E+08,5.71E+06,3362881,3362881,0,401250
100,2.90E+08,5.31E+06,3362883,3362883,0,413150
100,2.97E+08,5.30E+06,3362906,3362907,0,429900
100,2.93E+08,5.31E+06,3362928,3362928,0,422950
100,2.93E+08,5.39E+06,3362930,3362931,0,422950
100,2.90E+08,5.31E+06,3362932,3362934,0,409950
100,2.93E+08,5.30E+06,3362995,3362997,0,423000
100,2.93E+08,5.32E+06,3362999,3362998,0,422900
100,2.98E+08,5.30E+06,3363007,3363006,0,432950
100,2.93E+08,5.30E+06,3363017,3363017,0,422900
100,2.97E+08,5.30E+06,3363019,3363009,0,432950
100,2.93E+08,5.36E+06,3363038,3363033,0,423000
100,2.97E+08,5.30E+06,3363061,3363060,0,432950
100,2.93E+08,5.37E+06,3363066,3363058,0,423000
100,2.90E+08,5.30E+06,3363073,3363072,0,409950
100,2.90E+08,5.30E+06,3363076,3363077,0,413150
100,2.98E+08,5.31E+06,3363100,3363100,0,432950
100,2.93E+08,5.30E+06,3363128,3363129,0,422600
100,2.89E+08,5.38E+06,3363131,3363133,0,409000
100,2.97E+08,5.32E+06,3363166,3363166,0,432950
100,2.93E+08,5.33E+06,3363181,3363181,0,421600
100,2.90E+08,5.30E+06,3363187,3363190,0,409800
100,2.93E+08,5.30E+06,3363199,3363199,0,422950
100,2.98E+08,5.30E+06,3363200,3363200,0,433150
100,2.94E+08,5.30E+06,3363214,3363215,0,424050
100,2.93E+08,5.30E+06,3363224,3363224,0,422600
100,2.94E+08,5.33E+06,3363236,3363236,0,424050
100,2.95E+08,5.30E+06,3363240,3363240,0,424550
100,2.94E+08,5.30E+06,3363251,3363252,0,423000
100,2.97E+08,5.33E+06,3363251,3363251,0,432950
100,2.90E+08,5.33E+06,3363267,3363266,0,409750
100,2.93E+08,5.31E+06,3363275,3363275,0,422900
100,2.93E+08,5.30E+06,3363279,3363284,0,422950
100,2.94E+08,5.30E+06,3363325,3363324,0,424050
100,2.98E+08,5.35E+06,3363328,3363328,0,433150
100,2.94E+08,5.30E+06,3363337,3363337,0,424050
100,2.97E+08,5.32E+06,3363338,3363341,0,432950
100,2.91E+08,5.32E+06,3363361,3363361,0,413200
100,2.89E+08,5.36E+06,3363364,3363364,0,409400
100,2.93E+08,5.34E+06,3363393,3363393,0,423000
100,2.97E+08,5.31E+06,3363399,3363395,0,432950
100,2.90E+08,5.35E+06,3363400,3363400,0,409800
100,2.90E+08,5.31E+06,3363418,3363418,0,413150
100,2.91E+08,5.32E+06,3363444,3363446,0,413200
100,2.97E+08,5.30E+06,3363449,3363448,0,429900
100,2.96E+08,5.32E+06,3363475,3363478,0,429300
100,2.93E+08,5.30E+06,3363478,3363477,0,422350
100,2.93E+08,5.33E+06,3363481,3363482,0,422100
100,2.93E+08,5.30E+06,3363497,3363496,0,422900
100,2.93E+08,5.47E+06,3363499,3363499,0,422900
100,2.89E+08,5.30E+06,3363523,3363523,0,409000
100,2.93E+08,5.31E+06,3363523,3363523,0,422100
100,2.97E+08,5.31E+06,3363537,3363536,0,429500
100,2.90E+08,5.31E+06,3363545,3363539,0,413150
100,2.90E+08,5.30E+06,3363550,3363554,0,410800
100,2.93E+08,5.34E+06,3363559,3363558,0,423000
100,2.90E+08,5.30E+06,3363561,3363559,0,409800
100,2.91E+08,5.30E+06,3363580,3363580,0,413200
100,2.90E+08,5.30E+06,3363591,3363591,0,413050
100,2.90E+08,5.31E+06,3363601,3363604,0,409800
100,2.91E+08,5.30E+06,3363616,3363615,0,413200
100,2.97E+08,5.30E+06,3363622,3363622,0,429900
100,2.93E+08,5.58E+06,3363623,3363624,0,422350
100,2.91E+08,5.30E+06,3363633,3363633,0,413150
100,2.97E+08,5.31E+06,3363645,3363644,0,432950
100,2.93E+08,5.32E+06,3363656,3363653,0,423000
100,2.94E+08,5.31E+06,3363663,3363664,0,423000
100,2.98E+08,5.30E+06,3363671,3363671,0,433150
100,2.90E+08,5.34E+06,3363684,3363680,0,413050
100,2.90E+08,5.30E+06,3363705,3363706,0,409950
100,2.90E+08,5.40E+06,3363725,3363726,0,409950
100,2.90E+08,5.30E+06,3363748,3363748,0,413150
100,2.94E+08,5.30E+06,3363751,3363750,0,423000
100,2.98E+08,5.30E+06,3363790,3363790,0,433150
100,2.90E+08,5.30E+06,3363803,3363803,0,409950
100,2.93E+08,5.31E+06,3363803,3363803,0,422900
100,2.93E+08,5.30E+06,3363812,3363813,0,422900
100,2.94E+08,5.30E+06,3363822,3363823,0,424050
100,2.94E+08,5.32E+06,3363833,3363831,0,424050
100,2.97E+08,5.30E+06,3363840,3363842,0,432950
100,2.90E+08,5.35E+06,3363850,3363852,0,413150
100,2.93E+08,5.31E+06,3363855,3363855,0,422900
100,2.90E+08,5.30E+06,3363873,3363872,0,409950
100,2.90E+08,5.30E+06,3363875,3363876,0,409950
100,2.93E+08,5.54E+06,3363875,3363875,0,422950
100,2.93E+08,5.33E+06,3363892,3363892,0,421600
100,2.93E+08,5.34E+06,3363893,3363893,0,422600
100,2.90E+08,5.30E+06,3363902,3363901,0,410750
100,2.90E+08,5.30E+06,3363921,3363921,0,409950
100,2.90E+08,5.33E+06,3363946,3363945,0,413050
100,2.90E+08,5.32E+06,3363990,3363990,0,410800
100,2.90E+08,5.30E+06,3364012,3364012,0,413150
100,2.93E+08,5.30E+06,3364018,3364018,0,423000
100,2.93E+08,5.30E+06,3364019,3364020,0,422900
100,2.94E+08,5.31E+06,3364026,3364026,0,423000
100,2.90E+08,5.30E+06,3364057,3364057,0,413150
100,2.98E+08,5.37E+06,3364068,3364070,0,433150
100,2.98E+08,5.31E+06,3364107,3364107,0,433150
100,2.97E+08,5.30E+06,3364125,3364125,0,432950
100,2.93E+08,5.30E+06,3364152,3364151,0,422350
100,2.91E+08,5.30E+06,3364192,3364191,0,413950
100,2.97E+08,5.34E+06,3364202,3364204,0,432950
100,2.94E+08,5.33E+06,3364208,3364208,0,423000
100,2.98E+08,5.31E+06,3364209,3364209,0,433150
100,2.93E+08,5.31E+06,3364223,3364222,0,423000
100,2.89E+08,5.30E+06,3364230,3364236,0,409400
100,2.89E+08,5.30E+06,3364232,3364232,0,409000
100,2.93E+08,5.30E+06,3364235,3364235,0,422900
100,2.89E+08,5.56E+06,3364240,3364240,0,409000
100,2.97E+08,5.33E+06,3364253,3364253,0,432950
100,2.90E+08,5.31E+06,3364266,3364265,0,413150
100,2.93E+08,5.34E+06,3364272,3364272,0,422950
100,2.90E+08,5.31E+06,3364275,3364275,0,410800
100,2.97E+08,5.83E+06,3364283,3364281,0,432950
100,2.95E+08,5.31E+06,3364288,3364282,0,425800
100,2.91E+08,5.32E+06,3364297,3364297,0,413200
100,2.90E+08,5.30E+06,3364299,3364301,0,413150
100,2.93E+08,5.30E+06,3364322,3364322,0,423000
100,2.91E+08,5.32E+06,3364337,3364337,0,413150
100,2.90E+08,5.30E+06,3364340,3364340,0,409800
100,2.90E+08,5.35E+06,3364360,3364360,0,409950
100,2.93E+08,5.31E+06,3364360,3364360,0,422350
100,2.90E+08,5.41E+06,3364377,3364377,0,413050
100,2.90E+08,5.30E+06,3364383,3364385,0,413050
100,2.90E+08,5.31E+06,3364386,3364389,0,413150
100,2.97E+08,5.39E+06,3364386,3364386,0,432950
100,2.90E+08,5.30E+06,3364410,3364410,0,409800
100,2.96E+08,5.31E+06,3364427,3364427,0,429300
100,2.91E+08,5.31E+06,3364440,3364441,0,413200
100,2.93E+08,5.33E+06,3364445,3364446,0,422350
100,2.97E+08,5.30E+06,3364451,3364452,0,432950
100,2.98E+08,5.30E+06,3364455,3364455,0,433150
100,2.97E+08,5.35E+06,3364460,3364460,0,429900
100,2.98E+08,5.30E+06,3364477,3364477,0,432950
100,2.90E+08,5.30E+06,3364483,3364483,0,413150
100,2.90E+08,5.30E+06,3364484,3364487,0,410800
100,2.93E+08,5.33E+06,3364529,3364527,0,421650
100,2.98E+08,5.31E+06,3364546,3364547,0,433150
100,2.90E+08,5.40E+06,3364552,3364553,0,413150
100,2.93E+08,5.32E+06,3364553,3364551,0,423000
100,2.94E+08,5.33E+06,3364583,3364579,0,423000
100,2.93E+08,5.38E+06,3364596,3364591,0,422350
100,2.90E+08,5.30E+06,3364601,3364601,0,413150
100,2.90E+08,5.32E+06,3364671,3364670,0,409950
100,2.93E+08,5.30E+06,3364672,3364668,0,423000
100,2.90E+08,5.33E+06,3364682,3364682,0,413150
100,2.98E+08,5.30E+06,3364692,3364691,0,433150
100,2.97E+08,5.30E+06,3364714,3364714,0,429900
100,2.93E+08,5.31E+06,3364745,3364744,0,422600
100,2.91E+08,5.31E+06,3364747,3364747,0,413200
100,2.93E+08,5.30E+06,3364756,3364755,0,423000
100,2.97E+08,5.32E+06,3364766,3364766,0,432950
100,2.90E+08,5.38E+06,3364789,3364791,0,413150
100,2.90E+08,5.34E+06,3364802,3364803,0,409800
100,2.93E+08,5.30E+06,3364806,3364806,0,422950
100,2.93E+08,5.32E+06,3364838,3364838,0,423000
100,2.93E+08,5.32E+06,3364866,3364866,0,422950
100,2.93E+08,5.30E+06,3364915,3364915,0,423000
100,2.93E+08,5.30E+06,3364939,3364937,0,423000
100,2.93E+08,5.30E+06,3364951,3364953,0,422100
100,2.91E+08,5.30E+06,3364960,3364958,0,413150
100,2.90E+08,5.30E+06,3364971,3364971,0,413050
100,2.91E+08,5.33E+06,3364984,3364984,0,413250
100,2.97E+08,5.35E+06,3364992,3364991,0,429900
100,2.93E+08,5.32E+06,3365003,3364998,0,423000
100,2.93E+08,5.37E+06,3365060,3365060,0,422600
100,2.93E+08,5.30E+06,3365061,3365061,0,422350
100,2.90E+08,5.32E+06,3365062,3365063,0,409950
100,2.90E+08,5.32E+06,3365078,3365079,0,413150
100,2.90E+08,5.30E+06,3365097,3365086,0,413150
100,2.97E+08,5.31E+06,3365131,3365129,0,429900
100,2.97E+08,5.30E+06,3365139,3365139,0,429900
100,2.90E+08,5.30E+06,3365166,3365166,0,409950
100,2.93E+08,5.30E+06,3365194,3365192,0,422600
100,2.90E+08,5.30E+06,3365217,3365219,0,409750
100,2.90E+08,5.30E+06,3365217,3365214,0,413150
100,2.93E+08,5.30E+06,3365233,3365233,0,423000
100,2.93E+08,5.36E+06,3365234,3365232,0,423000
100,2.93E+08,5.30E+06,3365245,3365246,0,422900
100,2.93E+08,5.30E+06,3365259,3365259,0,422950
100,2.97E+08,5.34E+06,3365259,3365259,0,432950
100,2.93E+08,5.30E+06,3365263,3365263,0,421900
100,2.94E+08,5.30E+06,3365288,3365288,0,423000
100,2.98E+08,5.43E+06,3365317,3365317,0,432950
100,2.98E+08,5.30E+06,3365323,3365323,0,433150
100,2.93E+08,5.30E+06,3365324,3365322,0,422950
100,2.90E+08,5.35E+06,3365331,3365331,0,409750
100,2.90E+08,5.35E+06,3365331,3365331,0,409800
100,2.93E+08,5.30E+06,3365367,3365368,0,422900
100,2.90E+08,5.30E+06,3365388,3365388,0,409800
100,2.93E+08,5.30E+06,3365396,3365396,0,422350
100,2.93E+08,5.30E+06,3365407,3365404,0,423000
100,2.97E+08,5.32E+06,3365423,3365422,0,432950
100,2.90E+08,5.31E+06,3365426,3365426,0,410800
100,2.94E+08,5.36E+06,3365454,3365453,0,423000
100,2.93E+08,5.30E+06,3365466,3365468,0,422350
100,2.90E+08,5.30E+06,3365469,3365472,0,409950
100,2.97E+08,5.31E+06,3365480,3365480,0,429900
100,2.94E+08,5.36E+06,3365523,3365522,0,424050
100,2.90E+08,5.30E+06,3365529,3365531,0,410800
100,2.93E+08,5.35E+06,3365530,3365529,0,422100
100,2.90E+08,5.30E+06,3365556,3365555,0,410800
100,2.94E+08,5.41E+06,3365584,3365585,0,423400
100,2.90E+08,5.31E+06,3365585,3365587,0,409950
100,2.90E+08,5.30E+06,3365595,3365595,0,413050
100,2.96E+08,5.35E+06,3365617,3365616,0,429300
100,2.94E+08,5.48E+06,3365637,3365637,0,424050
100,2.89E+08,5.32E+06,3365646,3365646,0,409000
100,2.94E+08,5.32E+06,3365653,3365654,0,423000
100,2.93E+08,5.33E+06,3365662,3365662,0,422950
100,2.90E+08,5.30E+06,3365671,3365672,0,413150
100,2.97E+08,5.30E+06,3365705,3365707,0,429900
100,2.90E+08,5.32E+06,3365710,3365710,0,413050
100,2.93E+08,5.31E+06,3365710,3365714,0,423000
100,2.89E+08,5.33E+06,3365713,3365713,0,409000
100,2.95E+08,5.30E+06,3365750,3365750,0,424550
100,2.91E+08,5.30E+06,3365751,3365751,0,413150
100,2.90E+08,5.30E+06,3365752,3365751,0,413150
100,2.95E+08,5.30E+06,3365786,3365787,0,425800
100,2.90E+08,5.36E+06,3365789,3365786,0,409950
100,2.98E+08,5.30E+06,3365789,3365787,0,433150
100,2.90E+08,5.30E+06,3365801,3365801,0,409950
100,2.93E+08,5.30E+06,3365814,3365814,0,423000
100,2.91E+08,5.30E+06,3365897,3365894,0,413200
100,2.93E+08,5.30E+06,3365936,3365933,0,423000
100,2.91E+08,5.30E+06,3365951,3365951,0,413250
100,2.90E+08,5.57E+06,3365953,3365952,0,413050
100,2.90E+08,5.32E+06,3365955,3365955,0,409950
100,2.97E+08,5.32E+06,3365957,3365955,0,429500
100,2.90E+08,5.34E+06,3365960,3365959,0,413150
100,2.98E+08,5.31E+06,3365962,3365964,0,432950
100,2.89E+08,5.33E+06,3365967,3365967,0,409000
100,2.90E+08,5.32E+06,3365981,3365976,0,413150
100,2.93E+08,5.33E+06,3365985,3365985,0,423000
100,2.93E+08,5.30E+06,3366014,3366010,0,422600
100,2.90E+08,5.31E+06,3366027,3366029,0,409950
100,2.93E+08,5.30E+06,3366035,3366035,0,422600
100,2.91E+08,5.30E+06,3366036,3366036,0,413200
100,2.93E+08,5.30E+06,3366073,3366073,0,422350
100,2.97E+08,5.30E+06,3366086,3366081,0,429900
100,2.93E+08,5.30E+06,3366090,3366087,0,422900
100,2.97E+08,5.32E+06,3366091,3366096,0,429900
100,2.90E+08,5.30E+06,3366102,3366102,0,410800
100,2.91E+08,5.31E+06,3366156,3366156,0,413250
100,2.97E+08,5.30E+06,3366163,3366163,0,429500
100,2.90E+08,5.30E+06,3366173,3366173,0,413050
100,2.93E+08,5.30E+06,3366175,3366176,0,423000
100,2.97E+08,5.30E+06,3366204,3366206,0,429900
100,2.93E+08,5.37E+06,3366220,3366220,0,422900
100,2.90E+08,5.33E+06,3366247,3366246,0,409950
100,2.90E+08,5.34E+06,3366268,3366268,0,409950
100,2.97E+08,5.36E+06,3366270,3366269,0,432950
100,2.98E+08,5.30E+06,3366277,3366275,0,433150
100,2.93E+08,5.30E+06,3366286,3366286,0,423000
100,2.98E+08,5.30E+06,3366287,3366285,0,432950
100,2.90E+08,5.30E+06,3366288,3366289,0,409950
100,2.90E+08,5.30E+06,3366293,3366292,0,409950
100,2.90E+08,5.67E+06,3366308,3366309,0,413150
100,2.90E+08,5.33E+06,3366313,3366310,0,409950
100,2.93E+08,5.30E+06,3366322,3366322,0,422950
100,2.90E+08,5.30E+06,3366337,3366337,0,413150
100,2.93E+08,5.30E+06,3366355,3366350,0,422900
100,2.97E+08,5.35E+06,3366371,3366374,0,432950
100,2.93E+08,5.34E+06,3366373,3366366,0,421600
100,2.93E+08,5.30E+06,3366385,3366385,0,423000
100,2.93E+08,5.30E+06,3366387,3366389,0,422350
100,2.93E+08,5.30E+06,3366415,3366413,0,422350
100,2.97E+08,5.33E+06,3366416,3366416,0,429500
100,2.90E+08,5.30E+06,3366420,3366418,0,409950
100,2.93E+08,5.35E+06,3366420,3366420,0,423000
100,2.93E+08,5.30E+06,3366428,3366427,0,422600
100,2.91E+08,5.37E+06,3366432,3366432,0,413250
100,2.98E+08,5.30E+06,3366439,3366434,0,433150
100,2.97E+08,5.31E+06,3366454,3366454,0,429900
100,2.90E+08,5.33E+06,3366460,3366460,0,413150
100,2.97E+08,5.30E+06,3366504,3366507,0,432950
100,2.93E+08,5.30E+06,3366546,3366546,0,423000
100,2.89E+08,5.33E+06,3366560,3366560,0,409150
100,2.93E+08,5.30E+06,3366578,3366578,0,423000
100,2.97E+08,5.31E+06,3366596,3366596,0,432950
100,2.90E+08,5.66E+06,3366604,3366607,0,409950
100,2.97E+08,5.30E+06,3366636,3366638,0,429900
100,2.93E+08,5.31E+06,3366640,3366638,0,422100
100,2.94E+08,5.30E+06,3366641,3366639,0,424050
100,2.93E+08,5.30E+06,3366663,3366664,0,422950
100,2.97E+08,5.31E+06,3366664,3366661,0,432950
100,2.97E+08,5.30E+06,3366676,3366675,0,429900
100,2.98E+08,5.35E+06,3366680,3366678,0,433150
100,2.90E+08,5.33E+06,3366712,3366711,0,409800
100,2.90E+08,5.35E+06,3366730,3366730,0,409950
100,2.93E+08,5.31E+06,3366757,3366757,0,422900
100,2.90E+08,5.34E+06,3366794,3366793,0,410800
100,2.90E+08,5.32E+06,3366796,3366794,0,413150
100,2.94E+08,5.30E+06,3366796,3366794,0,423000
100,2.91E+08,5.30E+06,3366808,3366810,0,413250
100,2.93E+08,5.31E+06,3366820,3366823,0,422950
100,2.97E+08,5.49E+06,3366823,3366822,0,432950
100,2.97E+08,5.31E+06,3366852,3366854,0,432950
100,2.90E+08,5.30E+06,3366871,3366874,0,409950
100,2.98E+08,5.30E+06,3366887,3366891,0,433150
100,2.90E+08,5.30E+06,3366895,3366897,0,413150
100,2.91E+08,5.32E+06,3366899,3366899,0,413150
100,2.90E+08,5.30E+06,3366916,3366916,0,409800
100,2.90E+08,5.31E+06,3366916,3366914,0,410800
100,2.91E+08,5.33E+06,3366952,3366952,0,413250
100,2.98E+08,5.34E+06,3366969,3366968,0,433150
100,2.97E+08,5.33E+06,3366983,3366983,0,432950
100,2.93E+08,5.31E+06,3366987,3366987,0,423000
100,2.93E+08,5.30E+06,3366989,3366989,0,422950
100,2.93E+08,5.34E+06,3366997,3366997,0,422600
100,2.90E+08,5.33E+06,3367001,3367005,0,413150
100,2.94E+08,5.30E+06,3367003,3367006,0,423000
100,2.90E+08,5.32E+06,3367025,3367025,0,409800
100,2.93E+08,5.30E+06,3367047,3367046,0,422600
100,2.90E+08,5.30E+06,3367064,3367065,0,409800
100,2.89E+08,5.32E+06,3367081,3367081,0,409000
100,2.94E+08,5.33E+06,3367081,3367081,0,423000
100,2.90E+08,5.30E+06,3367088,3367087,0,409800
100,2.97E+08,5.31E+06,3367091,3367091,0,429900
100,2.91E+08,5.31E+06,3367108,3367108,0,413150
100,2.90E+08,5.30E+06,3367150,3367149,0,409800
100,2.90E+08,5.30E+06,3367184,3367184,0,413050
100,2.90E+08,5.30E+06,3367192,3367192,0,413150
100,2.94E+08,5.30E+06,3367192,3367192,0,423000
100,2.93E+08,5.35E+06,3367194,3367194,0,422900
100,2.98E+08,5.30E+06,3367197,3367197,0,433150
100,2.93E+08,5.32E+06,3367203,3367202,0,423000
100,2.91E+08,5.40E+06,3367225,3367224,0,413200
100,2.91E+08,5.30E+06,3367242,3367237,0,413200
100,2.93E+08,5.31E+06,3367243,3367243,0,422900
100,2.90E+08,5.35E+06,3367253,3367253,0,409800
100,2.98E+08,5.30E+06,3367255,3367253,0,433150
100,2.90E+08,5.39E+06,3367268,3367268,0,409950
100,2.90E+08,5.68E+06,3367285,3367284,0,413150
100,2.93E+08,5.30E+06,3367307,3367308,0,422600
100,2.93E+08,5.30E+06,3367307,3367304,0,422900
100,2.97E+08,5.33E+06,3367313,3367314,0,429900
100,2.90E+08,5.31E+06,3367356,3367355,0,409950
100,2.93E+08,5.30E+06,3367359,3367361,0,422350
100,2.93E+08,5.30E+06,3367381,3367381,0,423000
100,2.93E+08,5.32E+06,3367387,3367387,0,422350
100,2.93E+08,5.39E+06,3367413,3367411,0,422350
100,2.97E+08,5.33E+06,3367454,3367454,0,432950
100,2.97E+08,5.32E+06,3367465,3367461,0,432950
100,2.97E+08,5.34E+06,3367469,3367468,0,432950
100,2.90E+08,5.32E+06,3367487,3367487,0,410750
100,2.90E+08,5.35E+06,3367499,3367499,0,409950
100,2.97E+08,5.31E+06,3367521,3367516,0,429900
100,2.93E+08,5.31E+06,3367538,3367538,0,423000
100,2.93E+08,5.30E+06,3367602,3367601,0,422350
100,2.93E+08,5.30E+06,3367606,3367605,0,422350
100,2.93E+08,5.34E+06,3367608,3367608,0,422100
100,2.94E+08,5.32E+06,3367624,3367625,0,424050
100,2.90E+08,5.39E+06,3367635,3367635,0,410800
100,2.93E+08,5.30E+06,3367638,3367638,0,422600
100,2.94E+08,5.30E+06,3367672,3367672,0,423000
100,2.93E+08,5.31E+06,3367685,3367680,0,421650
100,2.93E+08,5.30E+06,3367685,3367685,0,422900
100,2.90E+08,5.30E+06,3367687,3367686,0,409800
100,2.89E+08,5.32E+06,3367725,3367725,0,409400
100,2.90E+08,5.32E+06,3367737,3367742,0,413050
100,2.93E+08,5.40E+06,3367754,3367754,0,422900
100,2.93E+08,5.33E+06,3367764,3367764,0,422900
100,2.94E+08,5.32E+06,3367774,3367774,0,424050
100,2.97E+08,5.30E+06,3367775,3367775,0,429900
100,2.93E+08,5.30E+06,3367777,3367777,0,422900
100,2.93E+08,5.33E+06,3367780,3367780,0,422350
100,2.97E+08,5.31E+06,3367794,3367794,0,429900
100,2.90E+08,5.31E+06,3367795,3367790,0,409800
100,2.97E+08,5.31E+06,3367799,3367795,0,432950
100,2.93E+08,5.31E+06,3367800,3367800,0,422100
100,2.90E+08,5.35E+06,3367820,3367820,0,413150
100,2.93E+08,5.33E+06,3367828,3367828,0,422900
100,2.90E+08,5.31E+06,3367846,3367846,0,413050
100,2.93E+08,5.31E+06,3367893,3367886,0,422900
100,2.90E+08,5.33E+06,3367894,3367888,0,413150
100,2.93E+08,5.31E+06,3367900,3367899,0,423000
100,2.93E+08,5.31E+06,3367903,3367900,0,422950
100,2.89E+08,5.36E+06,3367924,3367924,0,409300
100,2.93E+08,5.30E+06,3367944,3367942,0,422900
100,2.91E+08,5.32E+06,3367952,3367952,0,413250
100,2.97E+08,5.31E+06,3368005,3368006,0,429900
100,2.97E+08,5.30E+06,3368011,3368011,0,432950
100,2.90E+08,5.33E+06,3368064,3368063,0,413050
100,2.91E+08,5.33E+06,3368079,3368080,0,413250
100,2.93E+08,5.31E+06,3368102,3368099,0,422950
100,2.90E+08,5.30E+06,3368103,3368104,0,413150
100,2.90E+08,5.36E+06,3368114,3368114,0,413050
100,2.93E+08,5.35E+06,3368119,3368119,0,422600
100,2.93E+08,5.34E+06,3368126,3368121,0,422100
100,2.93E+08,5.30E+06,3368133,3368133,0,422600
100,2.93E+08,5.36E+06,3368137,3368136,0,422350
100,2.93E+08,5.30E+06,3368144,3368144,0,423000
100,2.93E+08,5.31E+06,3368149,3368149,0,422600
100,2.89E+08,5.31E+06,3368157,3368156,0,409400
100,2.91E+08,5.30E+06,3368162,3368162,0,413200
100,2.93E+08,5.32E+06,3368176,3368178,0,423000
100,2.90E+08,5.37E+06,3368205,3368207,0,409950
100,2.93E+08,5.30E+06,3368209,3368208,0,422600
100,2.90E+08,5.30E+06,3368227,3368229,0,413050
100,2.90E+08,5.30E+06,3368238,3368238,0,413050
100,2.93E+08,5.34E+06,3368241,3368240,0,421600
100,2.91E+08,5.30E+06,3368265,3368266,0,413250
100,2.94E+08,5.30E+06,3368289,3368288,0,424050
100,2.90E+08,5.31E+06,3368304,3368304,0,410800
100,2.98E+08,5.32E+06,3368311,3368314,0,433150
100,2.93E+08,5.30E+06,3368314,3368313,0,422900
100,2.95E+08,5.31E+06,3368327,3368326,0,425800
100,2.94E+08,5.30E+06,3368360,3368360,0,423000
100,2.94E+08,5.34E+06,3368369,3368369,0,424050
100,2.94E+08,5.31E+06,3368377,3368377,0,423000
100,2.97E+08,5.34E+06,3368433,3368433,0,429500
100,2.90E+08,5.30E+06,3368437,3368429,0,409800
100,2.90E+08,5.36E+06,3368451,3368450,0,413050
100,2.89E+08,5.31E+06,3368511,3368513,0,409000
100,2.90E+08,5.36E+06,3368519,3368518,0,409950
100,2.97E+08,5.30E+06,3368532,3368532,0,429500
100,2.90E+08,5.30E+06,3368574,3368574,0,409800
100,2.95E+08,5.31E+06,3368577,3368577,0,425800
100,2.93E+08,5.36E+06,3368581,3368581,0,422950
100,2.98E+08,5.30E+06,3368587,3368588,0,433150
100,2.97E+08,5.30E+06,3368629,3368631,0,429900
100,2.97E+08,5.37E+06,3368646,3368647,0,429900
100,2.91E+08,5.40E+06,3368697,3368695,0,413200
100,2.93E+08,5.30E+06,3368713,3368713,0,422600
100,2.93E+08,5.30E+06,3368717,3368718,0,422950
100,2.94E+08,5.30E+06,3368730,3368730,0,423000
100,2.90E+08,5.32E+06,3368739,3368739,0,410800
100,2.95E+08,5.38E+06,3368762,3368764,0,425800
100,2.98E+08,5.30E+06,3368769,3368768,0,432950
100,2.93E+08,5.30E+06,3368782,3368782,0,423000
100,2.90E+08,5.30E+06,3368784,3368781,0,413150
100,2.98E+08,5.33E+06,3368785,3368783,0,433150
100,2.90E+08,5.30E+06,3368814,3368815,0,409800
100,2.93E+08,5.33E+06,3368816,3368816,0,421600
100,2.93E+08,5.39E+06,3368816,3368814,0,423000
100,2.93E+08,5.31E+06,3368848,3368848,0,423000
100,2.93E+08,5.30E+06,3368883,3368880,0,423000
100,2.90E+08,5.30E+06,3368885,3368888,0,409950
100,2.93E+08,5.31E+06,3368885,3368885,0,422950
100,2.98E+08,5.31E+06,3368898,3368898,0,432950
100,2.90E+08,5.30E+06,3368918,3368918,0,409800
100,2.93E+08,5.30E+06,3368926,3368926,0,422950
100,2.94E+08,5.31E+06,3368929,3368929,0,423000
100,2.93E+08,5.30E+06,3368942,3368940,0,422900
100,2.93E+08,5.30E+06,3368946,3368948,0,422950
100,2.89E+08,5.32E+06,3368949,3368946,0,409400
100,2.90E+08,5.32E+06,3368959,3368960,0,413150
100,2.93E+08,5.33E+06,3368967,3368967,0,423000
100,2.97E+08,5.30E+06,3368980,3368980,0,429900
100,2.90E+08,5.88E+06,3368985,3368987,0,413150
100,2.93E+08,5.30E+06,3369002,3369002,0,421650
100,2.93E+08,5.32E+06,3369053,3369053,0,423000
100,2.97E+08,5.34E+06,3369055,3369055,0,432950
100,2.89E+08,5.40E+06,3369062,3369062,0,409150
100,2.90E+08,5.30E+06,3369067,3369067,0,409950
100,2.93E+08,5.30E+06,3369081,3369079,0,422600
100,2.90E+08,5.30E+06,3369082,3369083,0,409800
100,2.98E+08,5.33E+06,3369090,3369088,0,433150
100,2.93E+08,5.30E+06,3369153,3369151,0,423000
100,2.97E+08,5.30E+06,3369157,3369155,0,432950
100,2.97E+08,5.30E+06,3369168,3369166,0,429500
100,2.90E+08,5.33E+06,3369178,3369178,0,409800
100,2.97E+08,5.30E+06,3369192,3369192,0,432950
100,2.97E+08,5.30E+06,3369195,3369195,0,432950
100,2.93E+08,5.31E+06,3369202,3369202,0,422900
100,2.90E+08,5.30E+06,3369214,3369213,0,413150
100,2.93E+08,5.30E+06,3369225,3369224,0,422900
100,2.97E+08,5.30E+06,3369242,3369243,0,429900
100,2.90E+08,5.30E+06,3369248,3369248,0,409950
100,2.93E+08,5.34E+06,3369250,3369245,0,423000
100,2.94E+08,5.30E+06,3369259,3369260,0,424050
100,2.93E+08,5.30E+06,3369263,3369263,0,422950
100,2.91E+08,5.30E+06,3369296,3369296,0,413200
100,2.97E+08,5.30E+06,3369332,3369333,0,432950
100,2.90E+08,5.38E+06,3369351,3369354,0,413050
100,2.93E+08,5.30E+06,3369357,3369358,0,422350
100,2.91E+08,5.30E+06,3369384,3369384,0,413200
100,2.90E+08,5.33E+06,3369397,3369401,0,410800
100,2.90E+08,5.30E+06,3369409,3369409,0,409800
100,2.93E+08,5.30E+06,3369422,3369425,0,422900
100,2.97E+08,5.30E+06,3369447,3369447,0,432950
100,2.98E+08,5.30E+06,3369488,3369488,0,433150
100,2.90E+08,5.33E+06,3369490,3369490,0,413150
100,2.97E+08,5.31E+06,3369520,3369518,0,432950
100,2.90E+08,5.30E+06,3369529,3369529,0,410800
100,2.90E+08,5.30E+06,3369537,3369537,0,413050
100,2.94E+08,5.33E+06,3369543,3369544,0,423000
100,2.94E+08,5.31E+06,3369563,3369563,0,424050
100,2.93E+08,5.36E+06,3369574,3369575,0,421600
100,2.90E+08,5.33E+06,3369584,3369586,0,413150
100,2.90E+08,5.30E+06,3369590,3369589,0,413050
100,2.90E+08,5.30E+06,3369591,3369591,0,409950
100,2.94E+08,5.30E+06,3369600,3369600,0,423000
100,2.91E+08,5.30E+06,3369602,3369604,0,413200
100,2.90E+08,5.30E+06,3369610,3369610,0,410800
100,2.93E+08,5.30E+06,3369630,3369631,0,422600
100,2.93E+08,5.30E+06,3369638,3369638,0,422100
100,2.90E+08,5.30E+06,3369648,3369651,0,409950
100,2.89E+08,5.32E+06,3369650,3369651,0,409000
100,2.93E+08,5.67E+06,3369672,3369668,0,422900
100,2.93E+08,5.30E+06,3369684,3369684,0,423000
100,2.90E+08,5.31E+06,3369696,3369696,0,413150
100,2.90E+08,5.31E+06,3369697,3369697,0,413050
100,2.90E+08,5.30E+06,3369702,3369698,0,410800
100,2.93E+08,5.32E+06,3369708,3369708,0,423000
100,2.93E+08,5.30E+06,3369728,3369729,0,422900
100,2.90E+08,5.32E+06,3369761,3369760,0,409950
100,2.97E+08,5.37E+06,3369781,3369781,0,432950
100,2.90E+08,5.30E+06,3369785,3369785,0,413150
100,2.90E+08,5.30E+06,3369817,3369818,0,409950
100,2.93E+08,5.32E+06,3369819,3369819,0,422100
100,2.90E+08,5.34E+06,3369829,3369828,0,409750
100,2.89E+08,5.33E+06,3369858,3369858,0,409000
100,2.93E+08,5.30E+06,3369873,3369873,0,423000
100,2.93E+08,5.30E+06,3369879,3369884,0,422600
100,2.93E+08,5.30E+06,3369896,3369896,0,422950
100,2.90E+08,5.30E+06,3369897,3369896,0,413150
100,2.97E+08,5.33E+06,3369898,3369897,0,429900
100,2.91E+08,5.30E+06,3369899,3369899,0,413200
100,2.90E+08,5.30E+06,3369903,3369903,0,409800
100,2.95E+08,5.34E+06,3369923,3369924,0,424550
100,2.90E+08,5.30E+06,3369934,3369932,0,409800
100,2.90E+08,5.30E+06,3369949,3369948,0,409800
100,2.90E+08,5.37E+06,3369963,3369963,0,409950
100,2.90E+08,5.30E+06,3369982,3369982,0,413050
100,2.91E+08,5.30E+06,3369988,3369987,0,413250
100,2.90E+08,5.31E+06,3370030,3370030,0,413050
100,2.93E+08,5.30E+06,3370063,3370063,0,422950
100,2.93E+08,5.32E+06,3370082,3370082,0,422350
100,2.93E+08,5.50E+06,3370082,3370081,0,423000
100,2.93E+08,5.30E+06,3370093,3370093,0,422350
100,2.93E+08,5.30E+06,3370102,3370103,0,422900
100,2.94E+08,5.35E+06,3370111,3370110,0,423000
100,2.90E+08,5.30E+06,3370152,3370151,0,409800
100,2.98E+08,5.30E+06,3370161,3370161,0,433150
100,2.94E+08,5.39E+06,3370211,3370213,0,424050
100,2.93E+08,5.38E+06,3370214,3370215,0,422900
100,2.93E+08,5.36E+06,3370257,3370256,0,422350
100,2.93E+08,5.32E+06,3370262,3370266,0,422600
100,2.90E+08,5.32E+06,3370275,3370276,0,413050
100,2.93E+08,5.33E+06,3370277,3370277,0,422350
100,2.98E+08,5.31E+06,3370292,3370292,0,433150
100,2.90E+08,5.30E+06,3370303,3370301,0,413150
100,2.93E+08,5.30E+06,3370305,3370304,0,421600
100,2.93E+08,5.33E+06,3370334,3370334,0,422600
100,2.90E+08,5.30E+06,3370347,3370347,0,410800
100,2.94E+08,5.30E+06,3370371,3370373,0,424050
100,2.91E+08,5.30E+06,3370380,3370378,0,413200
100,2.97E+08,5.34E+06,3370401,3370403,0,432950
100,2.90E+08,5.31E+06,3370410,3370411,0,413050
100,2.93E+08,5.31E+06,3370415,3370416,0,423000
100,2.97E+08,5.31E+06,3370421,3370424,0,432950
100,2.97E+08,5.55E+06,3370437,3370434,0,429900
100,2.98E+08,5.30E+06,3370438,3370438,0,433150
100,2.90E+08,5.35E+06,3370466,3370464,0,413050
100,2.90E+08,5.30E+06,3370481,3370481,0,410800
100,2.97E+08,5.30E+06,3370481,3370479,0,429500
100,2.90E+08,5.32E+06,3370496,3370495,0,413050
100,2.90E+08,5.33E+06,3370508,3370506,0,409950
100,2.93E+08,5.30E+06,3370520,3370521,0,422350
100,2.90E+08,5.30E+06,3370523,3370523,0,413150
100,2.97E+08,5.31E+06,3370523,3370523,0,432950
100,2.98E+08,5.39E+06,3370524,3370524,0,433150
100,2.90E+08,5.30E+06,3370530,3370530,0,413150
100,2.90E+08,5.34E+06,3370566,3370566,0,413150
100,2.97E+08,5.30E+06,3370575,3370575,0,432950
100,2.90E+08,5.30E+06,3370592,3370592,0,413150
100,2.94E+08,5.31E+06,3370596,3370596,0,424050
100,2.97E+08,5.30E+06,3370601,3370600,0,432950
100,2.93E+08,5.35E+06,3370617,3370619,0,422950
100,2.94E+08,5.30E+06,3370645,3370645,0,423000
100,2.93E+08,5.30E+06,3370657,3370653,0,423000
100,2.93E+08,5.31E+06,3370664,3370664,0,422900
100,2.94E+08,5.30E+06,3370682,3370682,0,423000
100,2.93E+08,5.30E+06,3370700,3370700,0,422350
100,2.94E+08,5.32E+06,3370701,3370701,0,423000
100,2.90E+08,5.30E+06,3370729,3370730,0,410750
100,2.98E+08,5.36E+06,3370732,3370732,0,433150
100,2.97E+08,5.30E+06,3370740,3370737,0,432950
100,2.95E+08,5.30E+06,3370771,3370769,0,425800
100,2.89E+08,5.38E+06,3370799,3370800,0,409000
100,2.97E+08,5.30E+06,3370801,3370801,0,429900
100,2.90E+08,5.31E+06,3370814,3370814,0,413150
100,2.93E+08,5.30E+06,3370831,3370831,0,422950
100,2.93E+08,5.30E+06,3370839,3370839,0,423000
100,2.90E+08,5.31E+06,3370844,3370844,0,409950
100,2.96E+08,5.39E+06,3370882,3370880,0,429300
100,2.90E+08,5.30E+06,3370923,3370922,0,413150
100,2.93E+08,5.30E+06,3370939,3370941,0,422100
100,2.90E+08,5.31E+06,3370940,3370940,0,409800
100,2.90E+08,5.30E+06,3370943,3370942,0,409950
100,2.91E+08,5.30E+06,3370958,3370954,0,413200
100,2.97E+08,5.45E+06,3370975,3370975,0,432950
100,2.91E+08,5.30E+06,3370985,3370985,0,413200
100,2.90E+08,5.30E+06,3370990,3370991,0,409800
100,2.90E+08,5.32E+06,3370992,3370992,0,413150
100,2.90E+08,5.32E+06,3370997,3370995,0,410800
100,2.90E+08,5.33E+06,3371011,3371012,0,413150
100,2.93E+08,5.30E+06,3371063,3371063,0,422600
100,2.90E+08,5.30E+06,3371066,3371064,0,409800
100,2.96E+08,5.39E+06,3371077,3371079,0,429300
100,2.93E+08,5.35E+06,3371082,3371080,0,422350
100,2.89E+08,5.36E+06,3371091,3371091,0,409150
100,2.93E+08,5.39E+06,3371091,3371089,0,422600
100,2.91E+08,5.30E+06,3371092,3371090,0,413150
100,2.94E+08,5.30E+06,3371122,3371122,0,424050
100,2.90E+08,5.30E+06,3371125,3371123,0,409800
100,2.91E+08,5.30E+06,3371135,3371135,0,413150
100,2.93E+08,5.34E+06,3371160,3371160,0,422350
100,2.90E+08,5.30E+06,3371174,3371172,0,413150
100,2.90E+08,5.32E+06,3371207,3371208,0,410750
100,2.90E+08,5.30E+06,3371274,3371272,0,410800
100,2.97E+08,5.38E+06,3371291,3371290,0,432950
100,2.95E+08,5.47E+06,3371301,3371299,0,425800
100,2.97E+08,5.60E+06,3371311,3371306,0,432950
100,2.93E+08,5.30E+06,3371316,3371318,0,422900
100,2.90E+08,5.30E+06,3371322,3371325,0,409950
100,2.93E+08,5.30E+06,3371323,3371323,0,422900
100,2.89E+08,5.70E+06,3371352,3371352,0,409400
100,2.98E+08,5.31E+06,3371358,3371358,0,432950
100,2.93E+08,5.30E+06,3371378,3371379,0,423000
100,2.90E+08,5.41E+06,3371381,3371380,0,409800
100,2.93E+08,5.40E+06,3371400,3371400,0,422950
100,2.98E+08,5.30E+06,3371411,3371411,0,432950
100,2.90E+08,5.30E+06,3371416,3371416,0,410800
100,2.98E+08,5.31E+06,3371428,3371426,0,433150
100,2.97E+08,5.30E+06,3371442,3371442,0,432950
100,2.90E+08,5.32E+06,3371444,3371442,0,410750
100,2.93E+08,5.33E+06,3371444,3371443,0,422900
100,2.91E+08,5.30E+06,3371453,3371454,0,413200
100,2.98E+08,5.31E+06,3371474,3371474,0,432950
100,2.97E+08,5.60E+06,3371493,3371493,0,432950
100,2.93E+08,5.30E+06,3371510,3371510,0,422600
100,2.90E+08,5.30E+06,3371528,3371529,0,413150
100,2.94E+08,5.30E+06,3371540,3371540,0,424050
100,2.91E+08,5.30E+06,3371623,3371623,0,413150
100,2.90E+08,5.30E+06,3371626,3371624,0,413150
100,2.93E+08,5.30E+06,3371627,3371619,0,422600
100,2.90E+08,5.31E+06,3371638,3371639,0,409800
100,2.94E+08,5.48E+06,3371674,3371675,0,424050
100,2.97E+08,5.46E+06,3371688,3371686,0,432950
100,2.90E+08,5.30E+06,3371722,3371722,0,413050
100,2.90E+08,5.30E+06,3371746,3371748,0,409950
100,2.98E+08,5.30E+06,3371764,3371765,0,433150
100,2.97E+08,5.33E+06,3371795,3371797,0,432950
100,2.90E+08,5.41E+06,3371822,3371825,0,413050
100,2.90E+08,5.30E+06,3371824,3371824,0,410800
100,2.93E+08,5.31E+06,3371850,3371850,0,422100
100,2.93E+08,5.30E+06,3371851,3371851,0,422100
100,2.97E+08,5.34E+06,3371884,3371884,0,432950
100,2.93E+08,5.31E+06,3371904,3371904,0,422950
100,2.98E+08,5.30E+06,3371927,3371930,0,433150
100,2.93E+08,5.41E+06,3371939,3371939,0,422900
100,2.90E+08,5.30E+06,3371960,3371959,0,413150
100,2.97E+08,5.34E+06,3371977,3371978,0,432950
100,2.98E+08,5.31E+06,3371985,3371985,0,433150
100,2.90E+08,5.33E+06,3371988,3371989,0,409950
100,2.93E+08,5.30E+06,3372018,3372018,0,422950
100,2.90E+08,5.30E+06,3372020,3372023,0,413150
100,2.94E+08,5.32E+06,3372021,3372021,0,423000
100,2.93E+08,5.30E+06,3372034,3372036,0,423000
100,2.94E+08,5.30E+06,3372062,3372065,0,423000
100,2.97E+08,5.32E+06,3372067,3372067,0,432950
100,2.98E+08,5.36E+06,3372136,3372136,0,433150
100,2.91E+08,5.37E+06,3372137,3372138,0,413200
100,2.94E+08,5.35E+06,3372162,3372154,0,423000
100,2.90E+08,5.33E+06,3372186,3372186,0,413150
100,2.90E+08,5.30E+06,3372193,3372193,0,409950
100,2.98E+08,5.30E+06,3372197,3372196,0,433150
100,2.90E+08,5.30E+06,3372222,3372222,0,413150
100,2.93E+08,5.34E+06,3372223,3372222,0,422350
100,2.90E+08,5.37E+06,3372230,3372228,0,413150
100,2.93E+08,5.30E+06,3372244,3372244,0,423000
100,2.93E+08,5.32E+06,3372260,3372260,0,422950
100,2.93E+08,5.30E+06,3372274,3372274,0,423000
100,2.98E+08,5.37E+06,3372289,3372289,0,433150
100,2.93E+08,5.35E+06,3372302,3372302,0,422900
100,2.90E+08,5.35E+06,3372303,3372302,0,409950
100,2.90E+08,5.30E+06,3372304,3372300,0,413150
100,2.90E+08,5.30E+06,3372308,3372309,0,409950
100,2.93E+08,5.31E+06,3372321,3372315,0,423000
100,2.90E+08,5.30E+06,3372326,3372326,0,410800
100,2.93E+08,5.35E+06,3372343,3372343,0,422950
100,2.94E+08,5.32E+06,3372346,3372346,0,423000
100,2.98E+08,5.36E+06,3372351,3372351,0,433150
100,2.91E+08,5.37E+06,3372372,3372372,0,413150
100,2.90E+08,5.42E+06,3372378,3372378,0,413050
100,2.91E+08,5.34E+06,3372380,3372382,0,413200
100,2.97E+08,5.31E+06,3372394,3372393,0,432950
100,2.91E+08,5.30E+06,3372435,3372435,0,414200
100,2.90E+08,5.30E+06,3372438,3372440,0,409800
100,2.97E+08,5.30E+06,3372440,3372440,0,432950
100,2.97E+08,5.30E+06,3372440,3372440,0,432950
100,2.93E+08,5.32E+06,3372445,3372445,0,422900
100,2.93E+08,5.31E+06,3372473,3372471,0,423000
100,2.93E+08,5.30E+06,3372489,3372488,0,422350
100,2.98E+08,5.30E+06,3372500,3372501,0,433150
100,2.90E+08,5.30E+06,3372512,3372510,0,409800
100,2.93E+08,5.30E+06,3372517,3372518,0,422900
100,2.89E+08,5.31E+06,3372521,3372521,0,409000
100,2.97E+08,5.30E+06,3372523,3372514,0,432950
100,2.91E+08,5.30E+06,3372538,3372537,0,413250
100,2.94E+08,5.30E+06,3372538,3372537,0,424050
100,2.95E+08,5.40E+06,3372560,3372560,0,424850
100,2.93E+08,5.71E+06,3372594,3372594,0,422900
100,2.93E+08,5.30E+06,3372594,3372596,0,422950
100,2.93E+08,5.31E+06,3372624,3372624,0,423000
100,2.90E+08,5.30E+06,3372629,3372629,0,409800
100,2.90E+08,5.31E+06,3372645,3372643,0,409800
100,2.97E+08,5.33E+06,3372664,3372664,0,429900
100,2.93E+08,5.31E+06,3372677,3372677,0,423000
100,2.98E+08,5.31E+06,3372682,3372681,0,433150
100,2.93E+08,5.33E+06,3372695,3372694,0,421600
100,2.93E+08,5.34E+06,3372699,3372698,0,422100
100,2.90E+08,5.30E+06,3372737,3372737,0,413150
100,2.97E+08,5.30E+06,3372740,3372737,0,432950
100,2.93E+08,5.30E+06,3372767,3372767,0,422900
100,2.90E+08,5.30E+06,3372804,3372804,0,413150
100,2.90E+08,5.31E+06,3372818,3372820,0,410800
100,2.95E+08,5.30E+06,3372841,3372841,0,424550
100,2.90E+08,5.30E+06,3372898,3372898,0,410800
100,2.90E+08,5.32E+06,3372901,3372899,0,413150
100,2.98E+08,5.33E+06,3372907,3372907,0,432950
100,2.98E+08,5.31E+06,3372908,3372908,0,433150
100,2.90E+08,5.30E+06,3372915,3372916,0,413150
100,2.89E+08,5.30E+06,3372938,3372941,0,409000
100,2.93E+08,5.40E+06,3372944,3372944,0,422950
100,2.94E+08,5.34E+06,3373014,3373014,0,423000
100,2.90E+08,5.31E+06,3373016,3373015,0,413050
100,2.90E+08,5.30E+06,3373051,3373056,0,409800
100,2.87E+08,5.48E+06,3373060,3373060,0,401250
100,2.95E+08,5.30E+06,3373107,3373107,0,424550
100,2.95E+08,5.84E+06,3373132,3373133,0,425800
100,2.93E+08,5.33E+06,3373138,3373138,0,422100
100,2.93E+08,5.30E+06,3373154,3373153,0,422100
100,2.90E+08,5.30E+06,3373175,3373169,0,410800
100,2.97E+08,5.34E+06,3373226,3373226,0,432950
100,2.97E+08,5.30E+06,3373233,3373232,0,432950
100,2.93E+08,5.32E+06,3373241,3373241,0,422600
100,2.91E+08,5.36E+06,3373247,3373246,0,413950
100,2.97E+08,5.37E+06,3373261,3373259,0,432950
100,2.90E+08,5.30E+06,3373349,3373349,0,409950
100,2.98E+08,5.30E+06,3373362,3373361,0,432950
100,2.93E+08,5.30E+06,3373380,3373378,0,422900
100,2.90E+08,5.32E+06,3373398,3373398,0,409800
100,2.97E+08,5.31E+06,3373417,3373417,0,429900
100,2.93E+08,5.30E+06,3373424,3373424,0,423000
100,2.90E+08,5.30E+06,3373425,3373425,0,409950
100,2.94E+08,5.33E+06,3373430,3373428,0,423000
100,2.98E+08,5.34E+06,3373438,3373439,0,433150
100,2.91E+08,5.33E+06,3373468,3373468,0,413200
100,2.93E+08,5.32E+06,3373477,3373478,0,422950
100,2.93E+08,5.33E+06,3373509,3373508,0,422900
100,2.90E+08,5.33E+06,3373539,3373536,0,409950
100,2.90E+08,5.30E+06,3373556,3373556,0,409800
100,2.90E+08,5.30E+06,3373561,3373561,0,410800
100,2.94E+08,5.31E+06,3373590,3373587,0,424050
100,2.98E+08,5.30E+06,3373600,3373602,0,433150
100,2.98E+08,5.30E+06,3373619,3373619,0,432950
100,2.95E+08,5.35E+06,3373629,3373632,0,425800
100,2.97E+08,5.31E+06,3373651,3373651,0,432950
100,2.93E+08,5.31E+06,3373663,3373663,0,422900
100,2.93E+08,5.30E+06,3373682,3373680,0,422950
100,2.89E+08,5.31E+06,3373699,3373699,0,409000
100,2.93E+08,5.32E+06,3373710,3373707,0,422900
100,2.90E+08,5.32E+06,3373741,3373738,0,409800
100,2.94E+08,5.31E+06,3373743,3373743,0,423000
100,2.97E+08,5.30E+06,3373758,3373757,0,429900
100,2.90E+08,5.36E+06,3373763,3373763,0,413150
100,2.94E+08,5.33E+06,3373764,3373763,0,423000
100,2.90E+08,5.30E+06,3373769,3373769,0,410800
100,2.90E+08,5.30E+06,3373778,3373778,0,413150
100,2.93E+08,5.30E+06,3373802,3373800,0,422900
100,2.91E+08,5.30E+06,3373806,3373805,0,413200
100,2.93E+08,5.31E+06,3373820,3373819,0,422900
100,2.90E+08,5.32E+06,3373834,3373833,0,409800
100,2.93E+08,5.30E+06,3373839,3373838,0,422350
100,2.90E+08,5.30E+06,3373844,3373845,0,409950
100,2.97E+08,5.33E+06,3373871,3373870,0,432950
100,2.93E+08,5.30E+06,3373907,3373907,0,422950
100,2.93E+08,5.30E+06,3373912,3373912,0,423000
100,2.90E+08,5.30E+06,3373944,3373945,0,409950
100,2.93E+08,5.36E+06,3373997,3373996,0,423000
100,2.90E+08,5.30E+06,3374005,3374005,0,409950
100,2.89E+08,5.30E+06,3374044,3374043,0,409000
100,2.95E+08,5.46E+06,3374044,3374044,0,424550
100,2.97E+08,5.36E+06,3374072,3374072,0,432950
100,2.90E+08,5.33E+06,3374080,3374080,0,409950
100,2.90E+08,5.30E+06,3374096,3374096,0,410750
100,2.97E+08,5.31E+06,3374145,3374145,0,432950
100,2.90E+08,5.32E+06,3374160,3374161,0,413050
100,2.98E+08,5.30E+06,3374250,3374250,0,433150
100,2.98E+08,5.30E+06,3374302,3374302,0,432950
100,2.93E+08,5.36E+06,3374303,3374303,0,423000
100,2.95E+08,5.32E+06,3374307,3374303,0,425800
100,2.90E+08,5.34E+06,3374314,3374315,0,409950
100,2.94E+08,5.30E+06,3374318,3374318,0,423000
100,2.93E+08,5.32E+06,3374320,3374320,0,422350
100,2.93E+08,5.34E+06,3374333,3374332,0,422900
100,2.97E+08,5.35E+06,3374346,3374346,0,432950
100,2.98E+08,5.30E+06,3374347,3374347,0,433150
100,2.97E+08,5.34E+06,3374383,3374381,0,429900
100,2.97E+08,5.32E+06,3374391,3374391,0,432950
100,2.98E+08,5.32E+06,3374391,3374392,0,433150
100,2.93E+08,5.30E+06,3374400,3374401,0,422900
100,2.94E+08,5.39E+06,3374407,3374404,0,423000
100,2.90E+08,5.32E+06,3374410,3374410,0,409950
100,2.90E+08,5.33E+06,3374417,3374417,0,413050
100,2.93E+08,5.30E+06,3374423,3374420,0,422350
100,2.94E+08,5.31E+06,3374428,3374428,0,423000
100,2.93E+08,5.30E+06,3374438,3374435,0,422900
100,2.93E+08,5.30E+06,3374451,3374451,0,422900
100,2.90E+08,5.36E+06,3374452,3374452,0,409950
100,2.93E+08,5.34E+06,3374461,3374461,0,422350
100,2.89E+08,5.72E+06,3374506,3374505,0,406800
100,2.93E+08,5.30E+06,3374559,3374561,0,423000
100,2.90E+08,5.33E+06,3374599,3374599,0,409800
100,2.91E+08,5.30E+06,3374599,3374599,0,413200
100,2.98E+08,5.30E+06,3374603,3374601,0,432950
100,2.93E+08,5.30E+06,3374630,3374630,0,422900
100,2.91E+08,5.30E+06,3374631,3374633,0,413200
100,2.90E+08,5.30E+06,3374648,3374643,0,413150
100,2.91E+08,5.39E+06,3374666,3374666,0,413200
100,2.90E+08,5.34E+06,3374667,3374667,0,413050
100,2.90E+08,5.31E+06,3374668,3374667,0,413150
100,2.97E+08,5.30E+06,3374698,3374699,0,429500
100,2.97E+08,5.30E+06,3374705,3374696,0,429900
100,2.90E+08,5.33E+06,3374728,3374728,0,413150
100,2.93E+08,5.30E+06,3374750,3374752,0,423000
100,2.97E+08,5.31E+06,3374760,3374760,0,432950
100,2.94E+08,5.30E+06,3374767,3374767,0,423000
100,2.93E+08,5.30E+06,3374781,3374781,0,422350
100,2.97E+08,5.30E+06,3374791,3374791,0,432950
100,2.90E+08,5.34E+06,3374795,3374796,0,413050
100,2.90E+08,5.30E+06,3374808,3374808,0,409950
100,2.90E+08,5.30E+06,3374820,3374820,0,409950
100,2.93E+08,5.30E+06,3374864,3374862,0,422900
100,2.93E+08,5.30E+06,3374906,3374910,0,421600
100,2.93E+08,5.30E+06,3374914,3374910,0,422900
100,2.98E+08,5.38E+06,3374927,3374926,0,432950
100,2.90E+08,5.33E+06,3374994,3374983,0,409800
100,2.90E+08,5.41E+06,3375008,3375009,0,413150
100,2.93E+08,5.32E+06,3375035,3375035,0,422900
100,2.91E+08,5.46E+06,3375066,3375064,0,413200
100,2.90E+08,5.32E+06,3375076,3375079,0,409950
100,2.90E+08,5.31E+06,3375105,3375105,0,413150
100,2.97E+08,5.30E+06,3375142,3375144,0,432950
100,2.93E+08,5.32E+06,3375158,3375152,0,422950
100,2.93E+08,5.31E+06,3375173,3375173,0,422900
100,2.93E+08,5.30E+06,3375179,3375179,0,422950
100,2.90E+08,5.30E+06,3375201,3375202,0,409800
100,2.93E+08,5.31E+06,3375210,3375209,0,422350
100,2.90E+08,5.31E+06,3375219,3375221,0,409800
100,2.91E+08,5.30E+06,3375222,3375222,0,413150
100,2.98E+08,5.34E+06,3375242,3375242,0,433150
100,2.91E+08,5.31E+06,3375255,3375255,0,413950
100,2.90E+08,5.30E+06,3375259,3375259,0,410800
100,2.93E+08,5.31E+06,3375285,3375285,0,422350
100,2.97E+08,5.31E+06,3375311,3375311,0,429900
100,2.90E+08,5.30E+06,3375331,3375331,0,409950
100,2.90E+08,5.32E+06,3375333,3375334,0,413150
100,2.90E+08,5.31E+06,3375339,3375339,0,409800
100,2.93E+08,5.31E+06,3375341,3375341,0,422350
100,2.97E+08,5.32E+06,3375358,3375358,0,432950
100,2.97E+08,5.30E+06,3375372,3375372,0,432950
100,2.90E+08,5.31E+06,3375387,3375387,0,409800
100,2.93E+08,5.31E+06,3375391,3375388,0,422900
100,2.97E+08,5.30E+06,3375392,3375393,0,432950
100,2.93E+08,5.30E+06,3375425,3375425,0,422350
100,2.97E+08,5.32E+06,3375429,3375428,0,429500
100,2.91E+08,5.30E+06,3375478,3375481,0,413150
100,2.90E+08,5.32E+06,3375495,3375494,0,409950
100,2.93E+08,5.35E+06,3375503,3375503,0,422600
100,2.97E+08,5.30E+06,3375504,3375503,0,432950
100,2.90E+08,5.30E+06,3375511,3375511,0,413050
100,2.93E+08,5.30E+06,3375511,3375509,0,422600
100,2.93E+08,5.30E+06,3375542,3375543,0,423000
100,2.93E+08,5.30E+06,3375543,3375541,0,422900
100,2.97E+08,5.33E+06,3375545,3375544,0,432950
100,2.91E+08,5.30E+06,3375558,3375558,0,413250
100,2.91E+08,5.30E+06,3375614,3375613,0,413150
100,2.90E+08,5.30E+06,3375663,3375663,0,409800
100,2.93E+08,5.30E+06,3375687,3375684,0,422350
100,2.93E+08,5.33E+06,3375706,3375706,0,422950
100,2.91E+08,5.30E+06,3375736,3375736,0,413200
100,2.94E+08,5.30E+06,3375752,3375752,0,423000
100,2.98E+08,5.31E+06,3375763,3375763,0,433150
100,2.93E+08,5.42E+06,3375772,3375772,0,422950
100,2.93E+08,5.30E+06,3375865,3375862,0,422600
100,2.90E+08,5.32E+06,3375868,3375868,0,409800
100,2.90E+08,5.32E+06,3375868,3375868,0,410800
100,2.90E+08,5.30E+06,3375880,3375880,0,409800
100,2.90E+08,5.31E+06,3375882,3375885,0,413150
100,2.93E+08,5.31E+06,3375882,3375882,0,423000
100,2.93E+08,5.30E+06,3375883,3375878,0,422900
100,2.97E+08,5.31E+06,3375887,3375889,0,429900
100,2.97E+08,5.44E+06,3375891,3375892,0,429900
100,2.93E+08,5.31E+06,3375912,3375912,0,423000
100,2.90E+08,5.30E+06,3375933,3375933,0,410750
100,2.95E+08,5.30E+06,3375934,3375934,0,424550
100,2.97E+08,5.30E+06,3375965,3375968,0,429900
100,2.90E+08,5.30E+06,3375969,3375967,0,413150
100,2.97E+08,5.30E+06,3375972,3375971,0,432950
100,2.97E+08,5.30E+06,3375983,3375983,0,432950
100,2.97E+08,5.30E+06,3376005,3376004,0,432950
100,2.90E+08,5.31E+06,3376070,3376069,0,413150
100,2.93E+08,5.30E+06,3376111,3376106,0,422100
100,2.90E+08,5.30E+06,3376112,3376112,0,409800
100,2.90E+08,5.30E+06,3376152,3376152,0,413150
100,2.91E+08,5.30E+06,3376204,3376205,0,413200
100,2.90E+08,5.32E+06,3376207,3376207,0,409750
100,2.90E+08,5.30E+06,3376214,3376215,0,413150
100,2.91E+08,5.34E+06,3376214,3376214,0,413200
100,2.97E+08,5.34E+06,3376215,3376215,0,432950
100,2.93E+08,5.30E+06,3376255,3376255,0,422900
100,2.89E+08,5.37E+06,3376257,3376258,0,409000
100,2.98E+08,5.30E+06,3376257,3376257,0,433150
100,2.94E+08,5.31E+06,3376260,3376260,0,424050
100,2.90E+08,5.34E+06,3376261,3376258,0,409800
100,2.98E+08,5.31E+06,3376261,3376261,0,432950
100,2.90E+08,5.31E+06,3376274,3376274,0,409800
100,2.93E+08,5.31E+06,3376290,3376290,0,422600
100,2.90E+08,5.30E+06,3376301,3376301,0,409800
100,2.90E+08,5.31E+06,3376311,3376311,0,409950
100,2.93E+08,5.35E+06,3376314,3376315,0,422100
100,2.94E+08,5.30E+06,3376314,3376314,0,424050
100,2.95E+08,5.30E+06,3376326,3376324,0,425800
100,2.93E+08,5.43E+06,3376333,3376333,0,422900
100,2.93E+08,5.30E+06,3376334,3376334,0,423000
100,2.93E+08,5.30E+06,3376384,3376386,0,422900
100,2.93E+08,5.32E+06,3376387,3376388,0,423000
100,2.90E+08,5.33E+06,3376400,3376394,0,413150
100,2.97E+08,5.33E+06,3376400,3376400,0,432950
100,2.90E+08,5.30E+06,3376408,3376408,0,413150
100,2.93E+08,5.30E+06,3376440,3376440,0,421600
100,2.93E+08,5.30E+06,3376487,3376488,0,422900
100,2.93E+08,5.31E+06,3376496,3376496,0,422900
100,2.93E+08,5.30E+06,3376498,3376498,0,422900
100,2.90E+08,5.33E+06,3376534,3376528,0,409950
100,2.97E+08,5.30E+06,3376553,3376553,0,432950
100,2.93E+08,5.31E+06,3376606,3376606,0,422950
100,2.94E+08,5.33E+06,3376614,3376615,0,424050
100,2.90E+08,5.31E+06,3376615,3376611,0,413150
100,2.90E+08,5.31E+06,3376625,3376625,0,413050
100,2.93E+08,5.30E+06,3376627,3376627,0,422900
100,2.97E+08,5.30E+06,3376635,3376636,0,432950
100,2.97E+08,5.31E+06,3376664,3376665,0,432950
100,2.90E+08,5.30E+06,3376677,3376679,0,413050
100,2.90E+08,5.31E+06,3376710,3376710,0,413150
100,2.93E+08,5.30E+06,3376710,3376711,0,422600
100,2.90E+08,5.36E+06,3376712,3376712,0,413050
100,2.90E+08,5.30E+06,3376717,3376721,0,409800
100,2.93E+08,5.30E+06,3376725,3376726,0,422900
100,2.93E+08,5.34E+06,3376731,3376731,0,422350
100,2.90E+08,5.30E+06,3376736,3376740,0,410800
100,2.93E+08,5.30E+06,3376744,3376744,0,422350
100,2.90E+08,5.30E+06,3376790,3376792,0,409950
100,2.97E+08,5.30E+06,3376795,3376795,0,432950
100,2.90E+08,5.30E+06,3376816,3376820,0,409950
100,2.93E+08,5.30E+06,3376831,3376830,0,422350
100,2.90E+08,5.30E+06,3376841,3376842,0,413150
100,2.93E+08,5.30E+06,3376845,3376845,0,423000
100,2.98E+08,5.30E+06,3376853,3376853,0,433150
100,2.97E+08,5.33E+06,3376855,3376855,0,429500
100,2.87E+08,5.41E+06,3376876,3376876,0,401250
100,2.97E+08,5.31E+06,3376948,3376947,0,432950
100,2.90E+08,5.30E+06,3376998,3376998,0,413050
100,2.93E+08,5.30E+06,3377005,3377006,0,422350
100,2.97E+08,5.30E+06,3377014,3377014,0,429900
100,2.94E+08,5.30E+06,3377016,3377015,0,424050
100,2.90E+08,5.30E+06,3377046,3377048,0,409950
100,2.90E+08,5.30E+06,3377051,3377051,0,413150
100,2.94E+08,5.30E+06,3377056,3377054,0,423000
100,2.90E+08,5.32E+06,3377072,3377074,0,413050
100,2.90E+08,5.30E+06,3377127,3377127,0,409800
100,2.91E+08,5.37E+06,3377141,3377141,0,413200
100,2.93E+08,5.31E+06,3377150,3377150,0,422950
100,2.91E+08,5.33E+06,3377171,3377171,0,413950
100,2.93E+08,5.33E+06,3377174,3377175,0,423000
100,2.90E+08,5.30E+06,3377198,3377197,0,413050
100,2.94E+08,5.30E+06,3377241,3377241,0,423000
100,2.98E+08,5.36E+06,3377242,3377240,0,433150
100,2.90E+08,5.30E+06,3377248,3377248,0,409950
100,2.90E+08,5.34E+06,3377260,3377259,0,413050
100,2.97E+08,5.30E+06,3377277,3377275,0,429900
100,2.90E+08,5.32E+06,3377317,3377317,0,409800
100,2.90E+08,5.31E+06,3377318,3377316,0,413150
100,2.93E+08,5.32E+06,3377321,3377322,0,423000
100,2.93E+08,5.31E+06,3377368,3377368,0,423000
100,2.90E+08,5.31E+06,3377416,3377416,0,409950
100,2.93E+08,5.30E+06,3377427,3377425,0,423000
100,2.93E+08,5.32E+06,3377438,3377438,0,422350
100,2.93E+08,5.31E+06,3377503,3377500,0,422900
100,2.90E+08,5.30E+06,3377559,3377559,0,413050
100,2.94E+08,5.31E+06,3377559,3377555,0,423000
100,2.93E+08,5.30E+06,3377564,3377565,0,422900
100,2.93E+08,5.31E+06,3377571,3377571,0,422350
100,2.91E+08,5.31E+06,3377633,3377633,0,413150
100,2.90E+08,5.32E+06,3377637,3377636,0,413050
100,2.93E+08,5.33E+06,3377641,3377641,0,422900
100,2.93E+08,5.47E+06,3377693,3377693,0,422950
100,2.90E+08,5.30E+06,3377744,3377744,0,413150
100,2.98E+08,5.30E+06,3377751,3377751,0,433150
100,2.94E+08,5.30E+06,3377763,3377766,0,423000
100,2.90E+08,5.30E+06,3377774,3377770,0,413050
100,2.97E+08,5.34E+06,3377781,3377780,0,432950
100,2.90E+08,5.35E+06,3377811,3377813,0,410750
100,2.95E+08,5.34E+06,3377822,3377822,0,425800
100,2.90E+08,5.31E+06,3377844,3377844,0,413150
100,2.93E+08,5.30E+06,3377846,3377845,0,423000
100,2.90E+08,5.30E+06,3377853,3377853,0,413150
100,2.98E+08,5.32E+06,3377871,3377871,0,433150
100,2.93E+08,5.34E+06,3377918,3377918,0,423000
100,2.91E+08,5.30E+06,3377920,3377920,0,413250
100,2.90E+08,5.30E+06,3377930,3377930,0,413050
100,2.93E+08,5.30E+06,3377945,3377946,0,423000
100,2.93E+08,5.30E+06,3377948,3377947,0,422950
100,2.94E+08,5.30E+06,3377971,3377971,0,423000
100,2.90E+08,5.30E+06,3378007,3378007,0,409950
100,2.93E+08,5.30E+06,3378046,3378048,0,422900
100,2.90E+08,5.30E+06,3378119,3378118,0,409950
100,2.90E+08,5.33E+06,3378146,3378149,0,410800
100,2.93E+08,5.34E+06,3378157,3378157,0,422600
100,2.94E+08,5.31E+06,3378163,3378163,0,423000
100,2.97E+08,5.30E+06,3378196,3378200,0,432950
100,2.95E+08,5.31E+06,3378204,3378204,0,425800
100,2.93E+08,5.30E+06,3378216,3378216,0,422950
100,2.85E+08,5.55E+06,3378237,3378235,0,397200
100,2.94E+08,5.30E+06,3378314,3378314,0,424050
100,2.97E+08,5.30E+06,3378341,3378341,0,432950
100,2.90E+08,5.43E+06,3378347,3378345,0,410800
100,2.90E+08,5.34E+06,3378372,3378372,0,409950
100,2.90E+08,5.33E+06,3378396,3378396,0,413150
100,2.93E+08,5.32E+06,3378401,3378401,0,422350
100,2.93E+08,5.32E+06,3378410,3378410,0,423000
100,2.97E+08,5.43E+06,3378425,3378426,0,432950
100,2.90E+08,5.31E+06,3378440,3378440,0,413150
100,2.93E+08,5.30E+06,3378488,3378490,0,423000
100,2.93E+08,5.30E+06,3378544,3378545,0,422950
100,2.90E+08,5.30E+06,3378547,3378541,0,413150
100,2.90E+08,5.35E+06,3378571,3378570,0,409950
100,2.98E+08,5.38E+06,3378579,3378578,0,433150
100,2.90E+08,5.33E+06,3378590,3378596,0,409950
100,2.90E+08,5.30E+06,3378677,3378681,0,409950
100,2.90E+08,5.30E+06,3378684,3378684,0,413150
100,2.93E+08,5.36E+06,3378695,3378696,0,422600
100,2.90E+08,5.41E+06,3378725,3378725,0,413050
100,2.94E+08,5.30E+06,3378728,3378731,0,424050
100,2.93E+08,5.31E+06,3378752,3378755,0,422900
100,2.90E+08,5.31E+06,3378776,3378777,0,413150
100,2.93E+08,5.30E+06,3378808,3378806,0,422900
100,2.90E+08,5.31E+06,3378863,3378861,0,409750
100,2.93E+08,5.30E+06,3378876,3378876,0,422950
100,2.90E+08,5.30E+06,3378896,3378897,0,409800
100,2.90E+08,5.34E+06,3378907,3378908,0,413150
100,2.93E+08,5.30E+06,3378952,3378951,0,422600
100,2.97E+08,5.34E+06,3378963,3378963,0,432950
100,2.98E+08,5.41E+06,3378969,3378970,0,433150
100,2.90E+08,5.30E+06,3378986,3378987,0,409800
100,2.93E+08,5.30E+06,3379007,3379004,0,422950
100,2.90E+08,5.40E+06,3379013,3379015,0,409750
100,2.90E+08,5.30E+06,3379034,3379034,0,409800
100,2.98E+08,5.30E+06,3379044,3379042,0,433150
100,2.93E+08,5.31E+06,3379050,3379050,0,422350
100,2.95E+08,5.31E+06,3379052,3379052,0,425800
100,2.94E+08,5.30E+06,3379095,3379093,0,424050
100,2.93E+08,5.30E+06,3379104,3379106,0,421600
100,2.90E+08,5.30E+06,3379108,3379107,0,413150
100,2.91E+08,5.30E+06,3379130,3379131,0,413200
100,2.98E+08,5.30E+06,3379171,3379175,0,433150
100,2.90E+08,5.30E+06,3379185,3379185,0,413150
100,2.89E+08,5.30E+06,3379193,3379190,0,409150
100,2.94E+08,5.33E+06,3379229,3379230,0,424050
100,2.90E+08,5.32E+06,3379247,3379247,0,410800
100,2.90E+08,5.35E+06,3379255,3379253,0,409950
100,2.97E+08,5.38E+06,3379294,3379294,0,432950
100,2.90E+08,5.30E+06,3379297,3379295,0,409800
100,2.90E+08,5.35E+06,3379316,3379313,0,409800
100,2.93E+08,5.30E+06,3379322,3379322,0,421600
100,2.90E+08,5.32E+06,3379462,3379462,0,409750
100,2.93E+08,5.31E+06,3379504,3379503,0,422950
100,2.93E+08,5.31E+06,3379520,3379520,0,423000
100,2.90E+08,5.32E+06,3379541,3379541,0,413050
100,2.93E+08,5.30E+06,3379548,3379549,0,422900
100,2.90E+08,5.30E+06,3379563,3379565,0,410800
100,2.93E+08,5.30E+06,3379566,3379567,0,422350
100,2.98E+08,5.31E+06,3379567,3379563,0,433150
100,2.93E+08,5.33E+06,3379595,3379593,0,422600
100,2.90E+08,5.33E+06,3379596,3379596,0,410800
100,2.97E+08,5.31E+06,3379626,3379625,0,429500
100,2.97E+08,5.31E+06,3379633,3379633,0,432950
100,2.90E+08,5.31E+06,3379643,3379642,0,409950
100,2.93E+08,5.31E+06,3379647,3379647,0,422100
100,2.94E+08,5.30E+06,3379687,3379686,0,423000
100,2.93E+08,5.32E+06,3379711,3379710,0,423000
100,2.93E+08,5.31E+06,3379758,3379758,0,422350
100,2.93E+08,5.30E+06,3379794,3379794,0,423000
100,2.90E+08,5.31E+06,3379808,3379810,0,410750
100,2.93E+08,5.34E+06,3379825,3379825,0,422950
100,2.90E+08,5.30E+06,3379841,3379840,0,413050
100,2.91E+08,5.30E+06,3379864,3379862,0,413200
100,2.93E+08,5.30E+06,3379875,3379875,0,422900
100,2.93E+08,5.30E+06,3379930,3379930,0,422900
100,2.90E+08,5.30E+06,3379952,3379952,0,413050
100,2.93E+08,5.31E+06,3379964,3379962,0,422950
100,2.93E+08,5.30E+06,3379971,3379971,0,422350
100,2.93E+08,5.30E+06,3379981,3379981,0,422100
100,2.93E+08,5.31E+06,3379988,3379990,0,422900
100,2.93E+08,5.30E+06,3379992,3379992,0,422900
100,2.94E+08,5.33E+06,3379995,3379994,0,423000
100,2.90E+08,5.30E+06,3379996,3379995,0,413150
100,2.97E+08,5.30E+06,3380012,3380011,0,429500
100,2.93E+08,5.36E+06,3380014,3380011,0,422100
100,2.90E+08,5.30E+06,3380082,3380082,0,409950
100,2.97E+08,5.38E+06,3380082,3380080,0,432950
100,2.93E+08,5.30E+06,3380165,3380165,0,422600
100,2.97E+08,5.30E+06,3380172,3380169,0,432950
100,2.97E+08,5.30E+06,3380176,3380176,0,432950
100,2.94E+08,5.30E+06,3380204,3380204,0,424050
100,2.97E+08,5.32E+06,3380243,3380241,0,432950
100,2.90E+08,5.31E+06,3380269,3380268,0,409800
100,2.93E+08,5.30E+06,3380296,3380296,0,422350
100,2.97E+08,5.30E+06,3380304,3380300,0,432950
100,2.97E+08,5.59E+06,3380314,3380314,0,432950
100,2.93E+08,5.33E+06,3380331,3380330,0,422600
100,2.97E+08,5.31E+06,3380337,3380335,0,429900
100,2.93E+08,5.30E+06,3380346,3380347,0,422900
100,2.97E+08,5.30E+06,3380355,3380354,0,432950
100,2.90E+08,5.30E+06,3380370,3380369,0,413150
100,2.90E+08,5.31E+06,3380407,3380407,0,409800
100,2.94E+08,5.30E+06,3380411,3380411,0,424050
100,2.90E+08,5.34E+06,3380439,3380438,0,410800
100,2.90E+08,5.33E+06,3380456,3380455,0,409950
100,2.90E+08,5.31E+06,3380486,3380487,0,413150
100,2.94E+08,5.33E+06,3380486,3380486,0,424050
100,2.97E+08,5.30E+06,3380496,3380495,0,429900
100,2.93E+08,5.30E+06,3380544,3380542,0,422350
100,2.90E+08,5.30E+06,3380559,3380559,0,409950
100,2.90E+08,5.31E+06,3380561,3380561,0,409800
100,2.93E+08,5.31E+06,3380592,3380589,0,422900
100,2.97E+08,5.30E+06,3380594,3380593,0,432950
100,2.93E+08,5.31E+06,3380616,3380614,0,422350
100,2.97E+08,5.31E+06,3380618,3380618,0,432950
100,2.93E+08,5.30E+06,3380677,3380676,0,422600
100,2.94E+08,5.31E+06,3380697,3380695,0,423000
100,2.93E+08,5.30E+06,3380725,3380725,0,423000
100,2.93E+08,5.34E+06,3380728,3380730,0,422950
100,2.90E+08,5.36E+06,3380747,3380747,0,409800
100,2.90E+08,5.30E+06,3380751,3380751,0,409750
100,2.94E+08,5.30E+06,3380802,3380800,0,423000
100,2.95E+08,5.50E+06,3380802,3380802,0,425800
100,2.93E+08,5.30E+06,3380813,3380814,0,422900
100,2.97E+08,5.31E+06,3380813,3380807,0,432950
100,2.93E+08,5.32E+06,3380816,3380814,0,423000
100,2.90E+08,5.35E+06,3380854,3380856,0,409750
100,2.94E+08,5.30E+06,3380871,3380870,0,423000
100,2.93E+08,5.30E+06,3380901,3380901,0,422950
100,2.90E+08,5.30E+06,3380904,3380907,0,413150
100,2.93E+08,5.30E+06,3380951,3380953,0,423000
100,2.93E+08,5.30E+06,3380965,3380964,0,422900
100,2.94E+08,5.31E+06,3380999,3380997,0,423000
100,2.93E+08,5.31E+06,3381001,3380996,0,422900
100,2.90E+08,5.31E+06,3381055,3381056,0,409800
100,2.93E+08,5.30E+06,3381059,3381058,0,422950
100,2.93E+08,5.30E+06,3381068,3381067,0,422900
100,2.90E+08,5.34E+06,3381098,3381098,0,413150
100,2.90E+08,5.30E+06,3381106,3381106,0,409950
100,2.98E+08,5.31E+06,3381107,3381106,0,433150
100,2.93E+08,5.30E+06,3381135,3381133,0,422950
100,2.90E+08,5.30E+06,3381178,3381178,0,409950
100,2.95E+08,5.30E+06,3381200,3381200,0,425800
100,2.90E+08,5.32E+06,3381225,3381225,0,413150
100,2.97E+08,5.31E+06,3381225,3381225,0,432950
100,2.90E+08,5.30E+06,3381234,3381234,0,413150
100,2.97E+08,5.30E+06,3381248,3381239,0,432950
100,2.90E+08,5.30E+06,3381266,3381266,0,409950
100,2.90E+08,5.30E+06,3381275,3381275,0,410800
100,2.93E+08,5.30E+06,3381278,3381279,0,422950
100,2.94E+08,5.30E+06,3381288,3381286,0,424050
100,2.90E+08,5.30E+06,3381301,3381304,0,409800
100,2.94E+08,5.30E+06,3381304,3381304,0,424050
100,2.93E+08,5.30E+06,3381320,3381322,0,422900
100,2.93E+08,5.30E+06,3381336,3381334,0,423000
100,2.97E+08,5.30E+06,3381371,3381371,0,429900
100,2.93E+08,5.31E+06,3381380,3381380,0,423000
100,2.93E+08,5.30E+06,3381383,3381383,0,422350
100,2.98E+08,5.34E+06,3381396,3381396,0,433150
100,2.93E+08,5.32E+06,3381405,3381403,0,422950
100,2.93E+08,5.35E+06,3381411,3381407,0,422350
100,2.90E+08,5.30E+06,3381414,3381413,0,409800
100,2.90E+08,5.36E+06,3381446,3381438,0,410800
100,2.97E+08,5.30E+06,3381458,3381457,0,432950
100,2.97E+08,5.34E+06,3381459,3381462,0,429500
100,2.98E+08,5.30E+06,3381485,3381484,0,433150
100,2.94E+08,5.30E+06,3381562,3381562,0,423000
100,2.93E+08,5.31E+06,3381563,3378034,0,422900
100,2.90E+08,5.30E+06,3381594,3381596,0,409800
100,2.98E+08,5.30E+06,3381600,3381600,0,433150
100,2.90E+08,5.33E+06,3381673,3381671,0,413150
100,2.93E+08,5.30E+06,3381675,3381675,0,422950
100,2.97E+08,5.30E+06,3381680,3381678,0,432950
100,2.93E+08,5.33E+06,3381764,3381762,0,423000
100,2.89E+08,5.31E+06,3381828,3381827,0,409000
100,2.90E+08,5.30E+06,3381854,3381852,0,409950
100,2.93E+08,5.32E+06,3381874,3381876,0,422900
100,2.93E+08,5.35E+06,3381964,3381964,0,423000
100,2.93E+08,5.32E+06,3381976,3381976,0,422350
100,2.98E+08,5.30E+06,3382010,3382010,0,433150
100,2.91E+08,5.31E+06,3382037,3382037,0,413250
100,2.97E+08,5.31E+06,3382108,3382108,0,432950
100,2.97E+08,5.31E+06,3382117,3382117,0,429500
100,2.90E+08,5.32E+06,3382123,3382121,0,413150
100,2.90E+08,5.30E+06,3382152,3382151,0,409800
100,2.90E+08,5.30E+06,3382157,3382157,0,410800
100,2.89E+08,5.30E+06,3382172,3382171,0,409000
100,2.97E+08,5.30E+06,3382173,3382174,0,432950
100,2.90E+08,5.30E+06,3382261,3382260,0,409800
100,2.93E+08,5.31E+06,3382264,3382264,0,422900
100,2.90E+08,5.32E+06,3382311,3382308,0,409950
100,2.90E+08,5.30E+06,3382320,3382317,0,413050
100,2.97E+08,5.33E+06,3382334,3382333,0,432950
100,2.97E+08,5.31E+06,3382405,3382406,0,432950
100,2.93E+08,5.31E+06,3382413,3382414,0,422350
100,2.90E+08,5.30E+06,3382486,3382484,0,409800
100,2.94E+08,5.30E+06,3382495,3382493,0,423000
100,2.93E+08,5.30E+06,3382504,3382506,0,423000
100,2.97E+08,5.30E+06,3382509,3382509,0,432950
100,2.95E+08,5.31E+06,3382517,3382520,0,424550
100,2.93E+08,5.30E+06,3382639,3382639,0,422350
100,2.97E+08,5.31E+06,3382646,3382645,0,432950
100,2.97E+08,5.33E+06,3382649,3382649,0,432950
100,2.89E+08,5.30E+06,3382650,3382650,0,409000
100,2.97E+08,5.71E+06,3382650,3382651,0,429900
100,2.97E+08,5.30E+06,3382661,3382661,0,432950
100,2.90E+08,5.30E+06,3382706,3382706,0,410750
100,2.97E+08,5.30E+06,3382710,3382710,0,429900
100,2.93E+08,5.30E+06,3382723,3382717,0,422900
100,2.97E+08,5.30E+06,3382732,3382732,0,432950
100,2.91E+08,5.31E+06,3382734,3382732,0,413250
100,2.93E+08,5.32E+06,3382739,3382741,0,422950
100,2.93E+08,5.54E+06,3382774,3382774,0,422350
100,2.97E+08,5.30E+06,3382804,3382803,0,432950
100,2.90E+08,5.30E+06,3382822,3382823,0,413050
100,2.93E+08,5.31E+06,3382946,3382947,0,422900
100,2.94E+08,5.32E+06,3383018,3383019,0,424050
100,2.93E+08,5.30E+06,3383066,3383068,0,422600
100,2.93E+08,5.35E+06,3383068,3383068,0,422900
100,2.91E+08,5.30E+06,3383097,3383097,0,413250
100,2.97E+08,5.46E+06,3383167,3383167,0,432950
100,2.94E+08,5.31E+06,3383180,3383181,0,424050
100,2.97E+08,5.36E+06,3383189,3383188,0,429500
100,2.97E+08,5.33E+06,3383197,3383197,0,432950
100,2.93E+08,5.31E+06,3383227,3383228,0,422600
100,2.93E+08,5.32E+06,3383265,3383263,0,422350
100,2.90E+08,5.32E+06,3383316,3383315,0,409950
100,2.93E+08,5.30E+06,3383333,3383334,0,422900
100,2.93E+08,5.30E+06,3383338,3383338,0,422900
100,2.93E+08,5.39E+06,3383351,3383349,0,423000
100,2.94E+08,5.30E+06,3383354,3383354,0,423000
100,2.93E+08,5.31E+06,3383375,3383374,0,422350
100,2.90E+08,5.30E+06,3383388,3383386,0,410800
100,2.97E+08,5.37E+06,3383475,3383479,0,432950
100,2.90E+08,5.30E+06,3383512,3383512,0,413150
100,2.96E+08,5.41E+06,3383514,3383512,0,429300
100,2.93E+08,5.30E+06,3383624,3383622,0,423000
100,2.90E+08,5.41E+06,3383632,3383631,0,413050
100,2.98E+08,5.30E+06,3383646,3383646,0,433150
100,2.90E+08,5.37E+06,3383664,3383666,0,413050
100,2.97E+08,5.30E+06,3383674,3383675,0,429500
100,2.93E+08,5.30E+06,3383719,3383719,0,422900
100,2.93E+08,5.33E+06,3383722,3383721,0,422900
100,2.93E+08,5.30E+06,3383735,3383735,0,422600
100,2.94E+08,5.33E+06,3383743,3383742,0,424050
100,2.93E+08,5.30E+06,3383779,3383777,0,422950
100,2.97E+08,5.30E+06,3383798,3383797,0,432950
100,2.90E+08,5.35E+06,3383807,3383807,0,409800
100,2.93E+08,5.30E+06,3383826,3383824,0,422350
100,2.90E+08,5.37E+06,3383845,3383845,0,409950
100,2.93E+08,5.34E+06,3383876,3383876,0,422950
100,2.89E+08,5.30E+06,3383888,3383888,0,409000
100,2.97E+08,5.30E+06,3383907,3383907,0,429900
100,2.94E+08,5.32E+06,3383937,3383937,0,423000
100,2.94E+08,5.31E+06,3383949,3383949,0,423000
100,2.93E+08,5.30E+06,3383959,3383964,0,422900
100,2.89E+08,5.38E+06,3383961,3383961,0,409000
100,2.93E+08,5.36E+06,3383971,3383971,0,422350
100,2.95E+08,5.30E+06,3383983,3383983,0,425800
100,2.90E+08,5.31E+06,3383997,3383996,0,413150
100,2.97E+08,5.32E+06,3384134,3384133,0,432950
100,2.90E+08,5.30E+06,3384159,3384158,0,413150
100,2.93E+08,5.37E+06,3384159,3384159,0,422100
100,2.90E+08,5.30E+06,3384185,3384185,0,409800
100,2.90E+08,5.30E+06,3384185,3384183,0,410800
100,2.93E+08,5.30E+06,3384197,3384196,0,422950
100,2.97E+08,5.30E+06,3384252,3384250,0,429900
100,2.93E+08,5.30E+06,3384271,3384275,0,422600
100,2.93E+08,5.30E+06,3384274,3384273,0,422900
100,2.90E+08,5.30E+06,3384291,3384289,0,413150
100,2.93E+08,5.30E+06,3384292,3384288,0,422600
100,2.97E+08,5.30E+06,3384296,3384296,0,432950
100,2.89E+08,5.38E+06,3384299,3384300,0,409000
100,2.91E+08,5.32E+06,3384334,3384334,0,413250
100,2.96E+08,5.42E+06,3384370,3384370,0,429300
100,2.90E+08,5.30E+06,3384385,3384383,0,413050
100,2.93E+08,5.38E+06,3384394,3384390,0,422350
100,2.94E+08,5.31E+06,3384435,3384433,0,424050
100,2.90E+08,5.30E+06,3384442,3384443,0,413050
100,2.91E+08,5.33E+06,3384474,3384474,0,413250
100,2.97E+08,5.31E+06,3384490,3384490,0,432950
100,2.90E+08,5.32E+06,3384492,3384489,0,413050
100,2.90E+08,5.30E+06,3384496,3384496,0,413150
100,2.94E+08,5.32E+06,3384500,3384498,0,423000
100,2.97E+08,5.30E+06,3384542,3384545,0,429500
100,2.93E+08,5.32E+06,3384544,3384543,0,423000
100,2.98E+08,5.30E+06,3384632,3384633,0,433150
100,2.97E+08,5.33E+06,3384639,3384638,0,432950
100,2.90E+08,5.30E+06,3384670,3384669,0,410800
100,2.90E+08,5.31E+06,3384671,3384669,0,413050
100,2.90E+08,5.30E+06,3384672,3384675,0,410800
100,2.97E+08,5.30E+06,3384698,3384698,0,429900
100,2.98E+08,5.31E+06,3384705,3384700,0,433150
100,2.93E+08,5.32E+06,3384740,3384740,0,423000
100,2.90E+08,5.31E+06,3384744,3384744,0,409800
100,2.93E+08,5.31E+06,3384745,3384744,0,422950
100,2.97E+08,5.30E+06,3384775,3384774,0,429900
100,2.93E+08,5.30E+06,3384818,3384818,0,423000
100,2.93E+08,5.32E+06,3384820,3384820,0,422100
100,2.90E+08,5.33E+06,3384831,3384832,0,413150
100,2.98E+08,5.30E+06,3384835,3384835,0,433150
100,2.93E+08,5.33E+06,3384838,3384838,0,422350
100,2.90E+08,5.32E+06,3384878,3384878,0,413150
100,2.93E+08,5.30E+06,3384888,3384888,0,422900
100,2.93E+08,5.41E+06,3384909,3384909,0,422100
100,2.94E+08,5.31E+06,3384944,3384939,0,423000
100,2.90E+08,5.32E+06,3384946,3384944,0,413050
100,2.97E+08,5.30E+06,3384956,3384955,0,429900
100,2.90E+08,5.30E+06,3384963,3384963,0,409950
100,2.95E+08,5.31E+06,3384972,3384972,0,425800
100,2.93E+08,5.38E+06,3385049,3385049,0,421650
100,2.94E+08,5.30E+06,3385059,3385059,0,423000
100,2.93E+08,5.40E+06,3385065,3385063,0,423000
100,2.90E+08,5.32E+06,3385089,3385088,0,413150
100,2.90E+08,5.32E+06,3385101,3385101,0,413050
100,2.98E+08,5.30E+06,3385109,3385109,0,433150
100,2.90E+08,5.30E+06,3385113,3385114,0,413050
100,2.93E+08,5.30E+06,3385116,3385116,0,422600
100,2.93E+08,5.30E+06,3385138,3385135,0,422350
100,2.90E+08,5.30E+06,3385159,3385162,0,413150
100,2.98E+08,5.30E+06,3385215,3385215,0,433150
100,2.94E+08,5.30E+06,3385226,3385226,0,423000
100,2.90E+08,5.30E+06,3385234,3385238,0,409800
100,2.93E+08,5.30E+06,3385264,3385265,0,422950
100,2.94E+08,5.39E+06,3385361,3385361,0,424050
100,2.90E+08,5.33E+06,3385369,3385373,0,409800
100,2.90E+08,5.32E+06,3385403,3385399,0,413150
100,2.98E+08,5.30E+06,3385479,3385481,0,433150
100,2.90E+08,5.32E+06,3385484,3385484,0,409950
100,2.90E+08,5.31E+06,3385485,3385486,0,410800
100,2.93E+08,5.30E+06,3385513,3385512,0,422350
100,2.93E+08,5.31E+06,3385636,3385636,0,423000
100,2.97E+08,5.30E+06,3385647,3385649,0,432950
100,2.90E+08,5.43E+06,3385655,3385655,0,413150
100,2.90E+08,5.30E+06,3385749,3385750,0,413050
100,2.90E+08,5.30E+06,3385749,3385748,0,413150
100,2.93E+08,5.32E+06,3385780,3385780,0,422350
100,2.90E+08,5.30E+06,3385798,3385797,0,413050
100,2.93E+08,5.30E+06,3385825,3385826,0,423000
100,2.90E+08,5.30E+06,3385888,3385887,0,413050
100,2.90E+08,5.30E+06,3385909,3385910,0,409950
100,2.97E+08,5.30E+06,3385922,3385922,0,432950
100,2.90E+08,5.30E+06,3385930,3385927,0,409800
100,2.90E+08,5.31E+06,3385958,3385957,0,409800
100,2.91E+08,5.30E+06,3385966,3385965,0,413250
100,2.90E+08,5.30E+06,3386062,3386062,0,409950
100,2.90E+08,5.30E+06,3386093,3386092,0,410750
100,2.90E+08,5.30E+06,3386128,3386128,0,409950
100,2.97E+08,5.30E+06,3386149,3386149,0,432950
100,2.97E+08,5.30E+06,3386166,3386166,0,432950
100,2.97E+08,5.33E+06,3386178,3386177,0,432950
100,2.93E+08,5.30E+06,3386181,3386180,0,422950
100,2.93E+08,5.30E+06,3386215,3386213,0,423000
100,2.90E+08,5.30E+06,3386241,3386242,0,409800
100,2.93E+08,5.35E+06,3386243,3386243,0,422900
100,2.93E+08,5.33E+06,3386245,3386245,0,422900
100,2.90E+08,5.33E+06,3386269,3386268,0,413050
100,2.93E+08,5.30E+06,3386351,3386352,0,422900
100,2.90E+08,5.35E+06,3386354,3386355,0,410800
100,2.93E+08,5.30E+06,3386367,3386365,0,423000
100,2.95E+08,5.30E+06,3386382,3386382,0,425800
100,2.93E+08,5.32E+06,3386392,3386392,0,423000
100,2.93E+08,5.31E+06,3386404,3386407,0,423000
100,2.93E+08,5.30E+06,3386434,3386434,0,423000
100,2.94E+08,5.30E+06,3386479,3386478,0,423000
100,2.94E+08,5.30E+06,3386493,3386493,0,423000
100,2.90E+08,5.37E+06,3386511,3386510,0,409750
100,2.98E+08,5.30E+06,3386527,3386527,0,433150
100,2.98E+08,5.30E+06,3386570,3386568,0,432950
100,2.90E+08,5.32E+06,3386574,3386573,0,409800
100,2.97E+08,5.30E+06,3386593,3386591,0,429900
100,2.90E+08,5.35E+06,3386665,3386668,0,410800
100,2.97E+08,5.30E+06,3386696,3386692,0,429900
100,2.98E+08,5.30E+06,3386698,3386698,0,433150
100,2.90E+08,5.36E+06,3386704,3386704,0,413150
100,2.97E+08,5.33E+06,3386774,3386774,0,429900
100,2.97E+08,5.31E+06,3386775,3386775,0,432950
100,2.90E+08,5.30E+06,3386786,3386783,0,413050
100,2.93E+08,5.30E+06,3386838,3386836,0,422900
100,2.93E+08,5.30E+06,3386854,3386855,0,423000
100,2.89E+08,5.31E+06,3386903,3386902,0,409400
100,2.90E+08,5.31E+06,3386936,3386937,0,413150
100,2.93E+08,5.30E+06,3386969,3386097,0,422900
100,2.93E+08,5.31E+06,3386974,3386974,0,422900
100,2.97E+08,5.30E+06,3386974,3386973,0,432950
100,2.93E+08,5.31E+06,3386975,3386975,0,422900
100,2.91E+08,5.31E+06,3386986,3386985,0,413250
100,2.93E+08,5.30E+06,3387026,3387026,0,422350
100,2.98E+08,5.31E+06,3387029,3387024,0,433150
100,2.90E+08,5.58E+06,3387050,3387051,0,409800
100,2.90E+08,5.30E+06,3387073,3387073,0,409950
100,2.97E+08,5.30E+06,3387116,3387115,0,432950
100,2.93E+08,5.30E+06,3387145,3387145,0,422900
100,2.98E+08,5.31E+06,3387147,3387146,0,433150
100,2.94E+08,5.30E+06,3387153,3387150,0,423000
100,2.94E+08,5.30E+06,3387173,3387173,0,424050
100,2.90E+08,5.30E+06,3387177,3387176,0,413050
100,2.90E+08,5.30E+06,3387215,3387215,0,409800
100,2.91E+08,5.30E+06,3387217,3387221,0,413150
100,2.97E+08,5.31E+06,3387301,3387301,0,432950
100,2.93E+08,5.30E+06,3387317,3387318,0,422600
100,2.93E+08,5.30E+06,3387317,3387319,0,422900
100,2.98E+08,5.30E+06,3387336,3387336,0,433150
100,2.93E+08,5.30E+06,3387345,3387346,0,422600
100,2.94E+08,5.32E+06,3387361,3387361,0,424050
100,2.90E+08,5.30E+06,3387393,3387394,0,413050
100,2.97E+08,5.31E+06,3387457,3387457,0,429900
100,2.91E+08,5.31E+06,3387464,3387465,0,413250
100,2.97E+08,5.38E+06,3387501,3387502,0,429900
100,2.90E+08,5.31E+06,3387507,3387508,0,409800
100,2.90E+08,5.35E+06,3387512,3387510,0,413150
100,2.90E+08,5.34E+06,3387527,3387525,0,409750
100,2.89E+08,5.46E+06,3387538,3387541,0,409000
100,2.98E+08,5.32E+06,3387538,3387538,0,432950
100,2.93E+08,5.30E+06,3387540,3387541,0,422350
100,2.94E+08,5.30E+06,3387575,3387575,0,423000
100,2.90E+08,5.31E+06,3387581,3387574,0,409950
100,2.93E+08,5.30E+06,3387583,3387583,0,422100
100,2.97E+08,5.30E+06,3387597,3387597,0,432950
100,2.90E+08,5.30E+06,3387647,3387652,0,413050
100,2.97E+08,5.30E+06,3387700,3387699,0,432950
100,2.97E+08,5.32E+06,3387730,3387730,0,429500
100,2.90E+08,5.31E+06,3387785,3387781,0,409950
100,2.97E+08,5.30E+06,3387802,3387802,0,432950
100,2.93E+08,5.31E+06,3387809,3387813,0,422100
100,2.90E+08,5.32E+06,3387852,3387851,0,409800
100,2.97E+08,5.30E+06,3387881,3387879,0,432950
100,2.90E+08,5.32E+06,3387899,3387899,0,409950
100,2.93E+08,5.30E+06,3387921,3387918,0,423000
100,2.90E+08,5.34E+06,3387945,3387944,0,413050
100,2.91E+08,5.30E+06,3388034,3388034,0,413200
100,2.91E+08,5.35E+06,3388049,3388049,0,413200
100,2.90E+08,5.35E+06,3388066,3388065,0,413050
100,2.91E+08,5.33E+06,3388069,3388067,0,413150
100,2.93E+08,5.37E+06,3388079,3388079,0,422100
100,2.90E+08,5.35E+06,3388096,3388096,0,413150
100,2.91E+08,5.31E+06,3388107,3388108,0,413950
100,2.97E+08,5.32E+06,3388181,3388181,0,432950
100,2.91E+08,5.31E+06,3388206,3388207,0,413200
100,2.95E+08,5.33E+06,3388219,3388219,0,425800
100,2.90E+08,5.30E+06,3388247,3388242,0,413150
100,2.90E+08,5.30E+06,3388272,3388272,0,409950
100,2.93E+08,5.30E+06,3388310,3388310,0,422350
100,2.94E+08,5.30E+06,3388317,3388317,0,423000
100,2.93E+08,5.32E+06,3388327,3388322,0,422100
100,2.97E+08,5.30E+06,3388359,3388362,0,429900
100,2.93E+08,5.30E+06,3388376,3388379,0,422900
100,2.93E+08,5.30E+06,3388384,3388384,0,422350
100,2.97E+08,5.30E+06,3388388,3388388,0,432950
100,2.93E+08,5.30E+06,3388418,3388419,0,422900
100,2.93E+08,5.35E+06,3388438,3388438,0,422950
100,2.95E+08,5.34E+06,3388447,3388447,0,425800
100,2.90E+08,5.30E+06,3388479,3388480,0,409950
100,2.93E+08,5.32E+06,3388479,3388479,0,423000
100,2.91E+08,5.33E+06,3388492,3388492,0,413250
100,2.90E+08,5.30E+06,3388507,3388507,0,413050
100,2.97E+08,5.30E+06,3388513,3388514,0,432950
100,2.98E+08,5.31E+06,3388521,3388520,0,433150
100,2.93E+08,5.31E+06,3388561,3388559,0,422900
100,2.90E+08,5.30E+06,3388578,3388576,0,409800
100,2.93E+08,5.30E+06,3388602,3388603,0,421650
100,2.91E+08,5.32E+06,3388607,3388611,0,413250
100,2.97E+08,5.32E+06,3388630,3388630,0,432950
100,2.91E+08,5.30E+06,3388646,3388647,0,413200
100,2.97E+08,5.35E+06,3388737,3388737,0,429900
100,2.90E+08,5.31E+06,3388806,3388806,0,409800
100,2.90E+08,5.30E+06,3388824,3388822,0,413150
100,2.94E+08,5.35E+06,3388838,3388838,0,424050
100,2.95E+08,5.30E+06,3388853,3388853,0,424550
100,2.91E+08,5.31E+06,3388865,3388865,0,413250
100,2.90E+08,5.35E+06,3388915,3388917,0,409950
100,2.97E+08,5.30E+06,3388952,3388951,0,432950
100,2.93E+08,5.32E+06,3388974,3388972,0,422100
100,2.90E+08,5.34E+06,3388996,3388996,0,409950
100,2.97E+08,5.30E+06,3389016,3389016,0,429900
100,2.97E+08,5.31E+06,3389036,3389035,0,429900
100,2.95E+08,5.35E+06,3389047,3389044,0,425800
100,2.97E+08,5.34E+06,3389066,3389065,0,432950
100,2.91E+08,5.30E+06,3389093,3389093,0,413150
100,2.94E+08,5.32E+06,3389099,3389099,0,424050
100,2.97E+08,5.30E+06,3389102,3389103,0,432950
100,2.90E+08,5.34E+06,3389123,3389124,0,409800
100,2.93E+08,5.32E+06,3389123,3389123,0,423000
100,2.94E+08,5.30E+06,3389144,3389144,0,424050
100,2.90E+08,5.31E+06,3389189,3389190,0,410800
100,2.90E+08,5.31E+06,3389201,3389207,0,413050
100,2.90E+08,5.36E+06,3389213,3389213,0,410800
100,2.90E+08,5.30E+06,3389233,3389233,0,413050
100,2.90E+08,5.31E+06,3389352,3389352,0,413150
100,2.97E+08,5.30E+06,3389400,3389404,0,432950
100,2.93E+08,5.30E+06,3389415,3389415,0,422900
100,2.90E+08,5.30E+06,3389427,3389426,0,409800
100,2.90E+08,5.31E+06,3389438,3389439,0,413050
100,2.94E+08,5.30E+06,3389504,3389502,0,423400
100,2.94E+08,5.35E+06,3389512,3389510,0,424050
100,2.93E+08,5.30E+06,3389597,3389597,0,422350
100,2.94E+08,5.30E+06,3389612,3389611,0,424050
100,2.97E+08,5.30E+06,3389630,3389630,0,429900
100,2.97E+08,5.32E+06,3389670,3389670,0,432950
100,2.93E+08,5.30E+06,3389702,3389702,0,422900
100,2.95E+08,5.31E+06,3389775,3389774,0,425800
100,2.90E+08,5.32E+06,3389797,3389797,0,413150
100,2.93E+08,5.32E+06,3389800,3389799,0,422950
100,2.90E+08,5.30E+06,3389816,3389816,0,413050
100,2.91E+08,5.30E+06,3389858,3389859,0,413150
100,2.93E+08,5.36E+06,3389880,3389879,0,422950
100,2.93E+08,5.30E+06,3389946,3389944,0,422900
100,2.90E+08,5.30E+06,3389996,3389996,0,413150
100,2.97E+08,5.32E+06,3390015,3390013,0,432950
100,2.93E+08,5.30E+06,3390077,3390077,0,422600
100,2.93E+08,5.33E+06,3390084,3390085,0,422950
100,2.90E+08,5.31E+06,3390120,3390120,0,413150
100,2.94E+08,5.30E+06,3390145,3390144,0,424050
100,2.97E+08,5.30E+06,3390161,3390160,0,432950
100,2.89E+08,5.30E+06,3390188,3390190,0,409000
100,2.93E+08,5.30E+06,3390190,3390191,0,422950
100,2.90E+08,5.30E+06,3390231,3390230,0,410800
100,2.90E+08,5.34E+06,3390275,3390274,0,409950
100,2.90E+08,5.30E+06,3390317,3390316,0,410800
100,2.97E+08,5.30E+06,3390335,3390336,0,432950
100,2.90E+08,5.30E+06,3390386,3390389,0,409800
100,2.90E+08,5.30E+06,3390447,3390447,0,410800
100,2.98E+08,5.31E+06,3390468,3390472,0,433150
100,2.95E+08,5.32E+06,3390489,3390492,0,425800
100,2.90E+08,5.30E+06,3390494,3390494,0,410800
100,2.90E+08,5.31E+06,3390505,3390506,0,413150
100,2.93E+08,5.30E+06,3390536,3390537,0,422100
100,2.93E+08,5.30E+06,3390597,3390595,0,423000
100,2.97E+08,5.30E+06,3390604,3390604,0,432950
100,2.90E+08,5.30E+06,3390625,3390625,0,410800
100,2.93E+08,5.31E+06,3390693,3390692,0,422950
100,2.95E+08,5.30E+06,3390698,3390698,0,425800
100,2.89E+08,5.30E+06,3390712,3390715,0,409400
100,2.93E+08,5.30E+06,3390721,3390721,0,422100
100,2.98E+08,5.30E+06,3390724,3390720,0,433150
100,2.94E+08,5.30E+06,3390754,3390754,0,424050
100,2.90E+08,5.39E+06,3390786,3390790,0,413150
100,2.91E+08,5.32E+06,3390786,3390786,0,414200
100,2.91E+08,5.30E+06,3390813,3390812,0,414200
100,2.90E+08,5.32E+06,3390835,3390835,0,409800
100,2.90E+08,5.32E+06,3390849,3390849,0,410800
100,2.93E+08,5.31E+06,3390858,3390858,0,422350
100,2.90E+08,5.30E+06,3390937,3390937,0,413150
100,2.94E+08,5.30E+06,3390966,3390966,0,423000
100,2.91E+08,5.31E+06,3390978,3390978,0,413250
100,2.97E+08,5.31E+06,3391001,3391000,0,432950
100,2.93E+08,5.30E+06,3391004,3391004,0,423000
100,2.90E+08,5.33E+06,3391064,3391065,0,413150
100,2.94E+08,5.30E+06,3391064,3391064,0,423000
100,2.97E+08,5.31E+06,3391079,3391079,0,432950
100,2.93E+08,5.30E+06,3391104,3391104,0,422350
100,2.89E+08,5.61E+06,3391141,3391140,0,409000
100,2.93E+08,5.35E+06,3391145,3391145,0,422100
100,2.93E+08,5.33E+06,3391158,3391159,0,422900
100,2.98E+08,5.30E+06,3391163,3391165,0,433150
100,2.91E+08,5.32E+06,3391181,3391181,0,413200
100,2.97E+08,5.30E+06,3391200,3391200,0,429900
100,2.90E+08,5.30E+06,3391219,3391219,0,413150
100,2.93E+08,5.32E+06,3391219,3391217,0,422900
100,2.90E+08,5.30E+06,3391229,3391229,0,413050
100,2.90E+08,5.30E+06,3391237,3391238,0,409800
100,2.93E+08,5.30E+06,3391251,3391249,0,422950
100,2.94E+08,5.32E+06,3391254,3391254,0,424050
100,2.90E+08,5.30E+06,3391303,3391302,0,413150
100,2.93E+08,5.30E+06,3391333,3391333,0,422350
100,2.93E+08,5.31E+06,3391368,3391369,0,423000
100,2.94E+08,5.30E+06,3391400,3391400,0,424050
100,2.93E+08,5.30E+06,3391408,3391410,0,422900
100,2.90E+08,5.30E+06,3391435,3391439,0,409800
100,2.97E+08,5.35E+06,3391457,3391457,0,432950
100,2.93E+08,5.31E+06,3391477,3391478,0,422950
100,2.90E+08,5.32E+06,3391513,3391513,0,409950
100,2.90E+08,5.30E+06,3391569,3391570,0,409800
100,2.90E+08,5.32E+06,3391610,3391610,0,409950
100,2.90E+08,5.34E+06,3391611,3391611,0,413050
100,2.93E+08,5.30E+06,3391649,3391650,0,421600
100,2.90E+08,5.30E+06,3391727,3391727,0,410750
100,2.90E+08,5.30E+06,3391749,3391749,0,409800
100,2.90E+08,5.32E+06,3391752,3391753,0,410800
100,2.90E+08,5.34E+06,3391765,3391765,0,409950
100,2.93E+08,5.30E+06,3391767,3391768,0,422350
100,2.94E+08,5.31E+06,3391815,3391818,0,423000
100,2.97E+08,5.32E+06,3391858,3391858,0,432950
100,2.93E+08,5.30E+06,3391869,3391870,0,422900
100,2.89E+08,5.30E+06,3391932,3391933,0,409000
100,2.90E+08,5.30E+06,3391943,3391943,0,409950
100,2.90E+08,5.32E+06,3391945,3391945,0,409950
100,2.94E+08,5.30E+06,3391965,3391965,0,423000
100,2.96E+08,5.51E+06,3391967,3391967,0,429300
100,2.90E+08,5.30E+06,3392001,3391998,0,410800
100,2.90E+08,5.30E+06,3392051,3392053,0,409950
100,2.93E+08,5.30E+06,3392125,3392123,0,422900
100,2.85E+08,5.82E+06,3392156,3392156,0,397200
100,2.93E+08,5.37E+06,3392162,3392163,0,422100
100,2.90E+08,5.31E+06,3392198,3392197,0,413050
100,2.90E+08,5.31E+06,3392246,3392245,0,409950
100,2.90E+08,5.30E+06,3392293,3392293,0,410800
100,2.93E+08,5.30E+06,3392373,3392373,0,422350
100,2.89E+08,5.30E+06,3392374,3392373,0,409000
100,2.93E+08,5.30E+06,3392423,3392423,0,423000
100,2.93E+08,5.30E+06,3392461,3392461,0,422350
100,2.94E+08,5.30E+06,3392520,3392521,0,423400
100,2.90E+08,5.50E+06,3392595,3392594,0,413150
100,2.90E+08,5.30E+06,3392636,3392634,0,410800
100,2.93E+08,5.32E+06,3392679,3392677,0,423000
100,2.93E+08,5.30E+06,3392733,3392732,0,422900
100,2.90E+08,5.30E+06,3392741,3392743,0,413050
100,2.94E+08,5.30E+06,3392775,3392775,0,424050
100,2.95E+08,5.32E+06,3392815,3392815,0,424550
100,2.94E+08,5.30E+06,3392889,3392889,0,423000
100,2.90E+08,5.33E+06,3393022,3393018,0,413150
100,2.93E+08,5.30E+06,3393092,3393093,0,422600
100,2.91E+08,5.30E+06,3393117,3393120,0,413200
100,2.93E+08,5.30E+06,3393220,3393223,0,422950
100,2.97E+08,5.30E+06,3393228,3393228,0,432950
100,2.97E+08,5.30E+06,3393404,3393404,0,432950
100,2.90E+08,5.36E+06,3393420,3393420,0,410800
100,2.94E+08,5.30E+06,3393448,3393451,0,423000
100,2.94E+08,5.30E+06,3393508,3393508,0,423000
100,2.90E+08,5.30E+06,3393510,3393510,0,409800
100,2.97E+08,5.30E+06,3393534,3393535,0,432950
100,2.97E+08,5.30E+06,3393561,3393560,0,432950
100,2.90E+08,5.30E+06,3393631,3393629,0,413150
100,2.93E+08,5.31E+06,3393643,3393643,0,422950
100,2.93E+08,5.30E+06,3393677,3393676,0,422950
100,2.90E+08,5.30E+06,3393684,3393683,0,409950
100,2.98E+08,5.31E+06,3393692,3393692,0,433150
100,2.97E+08,5.30E+06,3393718,3393717,0,429500
100,2.97E+08,5.41E+06,3393756,3393754,0,432950
100,2.95E+08,5.30E+06,3393760,3393761,0,425800
100,2.91E+08,5.30E+06,3393765,3393765,0,413250
100,2.97E+08,5.30E+06,3393771,3393773,0,429900
100,2.97E+08,5.30E+06,3393787,3393789,0,432950
100,2.93E+08,5.30E+06,3393817,3393817,0,422600
100,2.97E+08,5.30E+06,3393819,3393819,0,432950
100,2.93E+08,5.30E+06,3393852,3393853,0,422950
100,2.90E+08,5.30E+06,3393885,3393884,0,413150
100,2.98E+08,5.31E+06,3393911,3393910,0,432950
100,2.93E+08,5.30E+06,3393937,3393939,0,423000
100,2.94E+08,5.30E+06,3393948,3393948,0,424050
100,2.93E+08,5.30E+06,3394004,3394006,0,422900
100,2.94E+08,5.31E+06,3394026,3394026,0,424050
100,2.93E+08,5.31E+06,3394029,3394029,0,421600
100,2.97E+08,5.30E+06,3394041,3394041,0,432950
100,2.93E+08,5.30E+06,3394132,3394132,0,422900
100,2.94E+08,5.32E+06,3394201,3394199,0,423000
100,2.90E+08,5.30E+06,3394205,3394205,0,413050
100,2.94E+08,5.30E+06,3394212,3394211,0,423000
100,2.98E+08,5.35E+06,3394235,3394235,0,433150
100,2.90E+08,5.30E+06,3394282,3394282,0,413150
100,2.93E+08,5.30E+06,3394307,3394307,0,422900
100,2.97E+08,5.30E+06,3394447,3394446,0,432950
100,2.98E+08,5.34E+06,3394455,3394454,0,432950
100,2.95E+08,5.30E+06,3394466,3394467,0,425800
100,2.93E+08,5.30E+06,3394514,3394514,0,422100
100,2.93E+08,5.31E+06,3394554,3394554,0,422950
100,2.90E+08,5.31E+06,3394556,3394553,0,413150
100,2.91E+08,5.30E+06,3394616,3394616,0,413250
100,2.97E+08,5.30E+06,3394646,3394646,0,429900
100,2.97E+08,5.30E+06,3394650,3394650,0,432950
100,2.93E+08,5.30E+06,3394679,3394680,0,423000
100,2.93E+08,5.30E+06,3394726,3394727,0,422900
100,2.97E+08,5.30E+06,3394805,3394808,0,429900
100,2.90E+08,5.31E+06,3394819,3394819,0,413150
100,2.97E+08,5.30E+06,3394820,3394822,0,432950
100,2.93E+08,5.32E+06,3394857,3394857,0,422950
100,2.95E+08,5.30E+06,3394891,3394891,0,424550
100,2.90E+08,5.31E+06,3394901,3394901,0,409750
100,2.91E+08,5.30E+06,3394909,3394909,0,413250
100,2.93E+08,5.35E+06,3394923,3394923,0,422950
100,2.90E+08,5.31E+06,3394948,3394946,0,409750
100,2.90E+08,5.30E+06,3395066,3395066,0,409950
100,2.90E+08,5.31E+06,3395069,3395068,0,413150
100,2.97E+08,5.30E+06,3395078,3395077,0,429900
100,2.97E+08,5.30E+06,3395113,3395113,0,432950
100,2.91E+08,5.32E+06,3395142,3395142,0,413250
100,2.91E+08,5.36E+06,3395194,3395193,0,413150
100,2.90E+08,5.31E+06,3395201,3395201,0,409950
100,2.91E+08,5.30E+06,3395221,3395221,0,413250
100,2.98E+08,5.32E+06,3395224,3395226,0,432950
100,2.90E+08,5.30E+06,3395228,3395227,0,413150
100,2.93E+08,5.30E+06,3395284,3395284,0,422900
100,2.90E+08,5.30E+06,3395433,3395434,0,410750
100,2.93E+08,5.31E+06,3395557,3395557,0,423000
100,2.97E+08,5.30E+06,3395586,3395587,0,429500
100,2.93E+08,5.32E+06,3395604,3395604,0,421600
100,2.90E+08,5.32E+06,3395641,3395641,0,410800
100,2.93E+08,5.31E+06,3395717,3395710,0,421600
100,2.94E+08,5.37E+06,3395763,3395763,0,423000
100,2.97E+08,5.30E+06,3395778,3395780,0,432950
100,2.98E+08,5.30E+06,3395836,3395837,0,433150
100,2.93E+08,5.31E+06,3395857,3395855,0,422350
100,2.93E+08,5.30E+06,3395866,3395865,0,422950
100,2.93E+08,5.52E+06,3395881,3395881,0,422100
100,2.97E+08,5.30E+06,3395883,3395885,0,429900
100,2.90E+08,5.44E+06,3395900,3395897,0,413150
100,2.97E+08,5.32E+06,3395938,3395939,0,432950
100,2.97E+08,5.30E+06,3395953,3395953,0,432950
100,2.97E+08,5.30E+06,3395981,3395975,0,429900
100,2.90E+08,5.33E+06,3396009,3396010,0,409800
100,2.90E+08,5.31E+06,3396110,3396109,0,413150
100,2.90E+08,5.30E+06,3396116,3396115,0,410800
100,2.93E+08,5.34E+06,3396129,3396129,0,422950
100,2.94E+08,5.30E+06,3396129,3396129,0,423000
100,2.90E+08,5.30E+06,3396132,3396131,0,410800
100,2.90E+08,5.30E+06,3396166,3396166,0,413050
100,2.90E+08,5.36E+06,3396201,3396200,0,413050
100,2.97E+08,5.33E+06,3396216,3396216,0,429500
100,2.90E+08,5.30E+06,3396238,3396238,0,413150
100,2.90E+08,5.34E+06,3396254,3396251,0,413150
100,2.93E+08,5.31E+06,3396278,3396283,0,423000
100,2.90E+08,5.30E+06,3396288,3396288,0,413050
100,2.90E+08,5.30E+06,3396289,3396288,0,413150
100,2.98E+08,5.33E+06,3396304,3396304,0,432950
100,2.90E+08,5.31E+06,3396400,3396400,0,413150
100,2.93E+08,5.30E+06,3396416,3396416,0,421600
100,2.90E+08,5.30E+06,3396430,3396430,0,413150
100,2.97E+08,5.30E+06,3396502,3396502,0,432950
100,2.90E+08,5.30E+06,3396540,3396541,0,413150
100,2.90E+08,5.30E+06,3396545,3396545,0,409950
100,2.90E+08,5.30E+06,3396561,3396559,0,410750
100,2.93E+08,5.34E+06,3396599,3396597,0,423000
100,2.93E+08,5.30E+06,3396628,3396630,0,422100
100,2.90E+08,5.31E+06,3396631,3396631,0,413150
100,2.94E+08,5.31E+06,3396635,3396636,0,423000
100,2.94E+08,5.31E+06,3396732,3396731,0,423000
100,2.97E+08,5.31E+06,3396788,3396788,0,432950
100,2.93E+08,5.33E+06,3396830,3396830,0,423000
100,2.90E+08,5.31E+06,3396855,3396852,0,409800
100,2.90E+08,5.38E+06,3396902,3396901,0,410750
100,2.91E+08,5.33E+06,3396920,3396920,0,413250
100,2.93E+08,5.30E+06,3396924,3396925,0,422950
100,2.93E+08,5.31E+06,3396962,3396962,0,422950
100,2.93E+08,5.30E+06,3397003,3397002,0,423000
100,2.93E+08,5.36E+06,3397013,3397013,0,422100
100,2.90E+08,5.30E+06,3397082,3397083,0,409950
100,2.97E+08,5.33E+06,3397141,3397142,0,432950
100,2.91E+08,5.32E+06,3397149,3397150,0,413250
100,2.98E+08,5.30E+06,3397209,3397207,0,433150
100,2.95E+08,5.33E+06,3397298,3397297,0,425800
100,2.93E+08,5.30E+06,3397325,3397327,0,422900
100,2.90E+08,5.30E+06,3397343,3397343,0,413150
100,2.93E+08,5.30E+06,3397356,3397357,0,423000
100,2.90E+08,5.30E+06,3397365,3397363,0,410800
100,2.90E+08,5.30E+06,3397390,3397390,0,413150
100,2.93E+08,5.30E+06,3397420,3397420,0,422350
100,2.97E+08,5.44E+06,3397427,3397425,0,429500
100,2.97E+08,5.30E+06,3397443,3397443,0,432950
100,2.94E+08,5.30E+06,3397495,3397489,0,423000
100,2.97E+08,5.30E+06,3397528,3397529,0,429500
100,2.93E+08,5.31E+06,3397555,3397555,0,422900
100,2.93E+08,5.30E+06,3397586,3397586,0,422950
100,2.90E+08,5.30E+06,3397592,3397592,0,413050
100,2.97E+08,5.31E+06,3397627,3397627,0,432950
100,2.90E+08,5.30E+06,3397672,3397669,0,413150
100,2.93E+08,5.31E+06,3397686,3397683,0,422900
100,2.97E+08,5.30E+06,3397774,3397774,0,432950
100,2.93E+08,5.34E+06,3397858,3397853,0,422100
100,2.90E+08,5.30E+06,3397897,3397901,0,413150
100,2.90E+08,5.30E+06,3397950,3397953,0,413150
100,2.97E+08,5.30E+06,3397992,3397991,0,432950
100,2.90E+08,5.30E+06,3398031,3398026,0,413150
100,2.89E+08,5.37E+06,3398039,3398040,0,409400
100,2.90E+08,5.36E+06,3398214,3398214,0,409800
100,2.90E+08,5.35E+06,3398260,3398257,0,410800
100,2.93E+08,5.31E+06,3398273,3398273,0,422900
100,2.97E+08,5.34E+06,3398277,3398277,0,432950
100,2.93E+08,5.30E+06,3398321,3398320,0,422600
100,2.97E+08,5.30E+06,3398426,3398426,0,432950
100,2.98E+08,5.30E+06,3398457,3398457,0,433150
100,2.93E+08,5.30E+06,3398461,3398461,0,421600
100,2.90E+08,5.30E+06,3398479,3398474,0,409950
100,2.97E+08,5.30E+06,3398654,3398654,0,432950
100,2.90E+08,5.33E+06,3398658,3398657,0,409950
100,2.90E+08,5.30E+06,3398668,3398669,0,413150
100,2.93E+08,5.30E+06,3398673,3398673,0,422100
100,2.90E+08,5.30E+06,3398680,3398680,0,413150
100,2.97E+08,5.30E+06,3398712,3398713,0,429500
100,2.93E+08,5.37E+06,3398744,3398744,0,423000
100,2.90E+08,5.33E+06,3398749,3398748,0,410800
100,2.93E+08,5.33E+06,3398757,3398757,0,422900
100,2.93E+08,5.30E+06,3398819,3398820,0,422900
100,2.90E+08,5.30E+06,3398865,3398865,0,413050
100,2.93E+08,5.30E+06,3398898,3398898,0,422900
100,2.90E+08,5.30E+06,3398947,3398947,0,410800
100,2.90E+08,5.39E+06,3398949,3398953,0,409950
100,2.93E+08,5.30E+06,3398951,3398953,0,422350
100,2.97E+08,5.30E+06,3398979,3398977,0,429900
100,2.93E+08,5.30E+06,3399065,3399065,0,422950
100,2.96E+08,5.33E+06,3399080,3399078,0,429300
100,2.90E+08,5.30E+06,3399089,3399086,0,413150
100,2.90E+08,5.31E+06,3399277,3399275,0,413050
100,2.90E+08,5.33E+06,3399338,3399339,0,409750
100,2.97E+08,5.33E+06,3399352,3399349,0,432950
100,2.97E+08,5.30E+06,3399363,3399363,0,429900
100,2.93E+08,5.30E+06,3399423,3399420,0,422350
100,2.89E+08,5.31E+06,3399433,3399432,0,409000
100,2.97E+08,5.30E+06,3399434,3399436,0,432950
100,2.89E+08,5.33E+06,3399440,3399440,0,409000
100,2.90E+08,5.32E+06,3399572,3399570,0,410800
100,2.90E+08,5.80E+06,3399644,3399644,0,413050
100,2.90E+08,5.30E+06,3399667,3399668,0,413050
100,2.90E+08,5.30E+06,3399690,3399692,0,413150
100,2.90E+08,5.30E+06,3399695,3399695,0,413150
100,2.90E+08,5.31E+06,3399726,3399726,0,413150
100,2.97E+08,5.30E+06,3399779,3399779,0,429900
100,2.93E+08,5.30E+06,3399818,3399818,0,423000
100,2.90E+08,5.32E+06,3399899,3399899,0,413150
100,2.93E+08,5.30E+06,3399927,3399927,0,422350
100,2.91E+08,5.30E+06,3399932,3399931,0,413150
100,2.93E+08,5.30E+06,3399971,3399969,0,422600
100,2.93E+08,5.30E+06,3399987,3399987,0,422900
100,2.93E+08,5.30E+06,3400059,3400058,0,422900
100,2.97E+08,5.32E+06,3400083,3400085,0,429900
100,2.95E+08,5.30E+06,3400089,3400089,0,425800
100,2.97E+08,5.30E+06,3400161,3400159,0,429500
100,2.97E+08,5.41E+06,3400177,3400178,0,432950
100,2.90E+08,5.30E+06,3400211,3400208,0,413150
100,2.98E+08,5.53E+06,3400232,3400231,0,433150
100,2.95E+08,5.30E+06,3400287,3400287,0,424550
100,2.93E+08,5.30E+06,3400328,3400328,0,423000
100,2.90E+08,5.30E+06,3400374,3400375,0,409800
100,2.93E+08,5.30E+06,3400458,3400459,0,423000
100,2.98E+08,5.31E+06,3400510,3400509,0,433150
100,2.97E+08,5.30E+06,3400512,3400511,0,432950
100,2.90E+08,5.32E+06,3400530,3400530,0,410800
100,2.93E+08,5.30E+06,3400546,3400544,0,422350
100,2.93E+08,5.30E+06,3400583,3400583,0,422100
100,2.97E+08,5.31E+06,3400619,3400619,0,432950
100,2.93E+08,5.37E+06,3400646,3400648,0,422350
100,2.93E+08,5.30E+06,3400667,3400669,0,422900
100,2.97E+08,5.36E+06,3400678,3400677,0,432950
100,2.97E+08,5.30E+06,3400817,3400818,0,432950
100,2.90E+08,5.30E+06,3400852,3400853,0,410800
100,2.87E+08,5.37E+06,3400858,3400858,0,401250
100,2.91E+08,5.31E+06,3400869,3400869,0,413150
100,2.91E+08,5.30E+06,3400908,3400908,0,413200
100,2.93E+08,5.30E+06,3400951,3400949,0,423000
100,2.91E+08,5.31E+06,3401033,3401036,0,413200
100,2.90E+08,5.36E+06,3401052,3401051,0,409800
100,2.90E+08,5.35E+06,3401078,3401081,0,409950
100,2.94E+08,5.34E+06,3401107,3401107,0,424050
100,2.90E+08,5.30E+06,3401159,3401157,0,409800
100,2.90E+08,5.34E+06,3401177,3401178,0,413050
100,2.93E+08,5.30E+06,3401291,3401291,0,422350
100,2.90E+08,5.30E+06,3401298,3401298,0,413150
100,2.93E+08,5.30E+06,3401303,3401303,0,422900
100,2.93E+08,5.36E+06,3401315,3401315,0,422900
100,2.94E+08,5.30E+06,3401345,3401344,0,424050
100,2.97E+08,5.31E+06,3401351,3401350,0,432950
100,2.90E+08,5.31E+06,3401413,3401412,0,413050
100,2.93E+08,5.30E+06,3401502,3401502,0,422900
100,2.98E+08,5.30E+06,3401517,3401517,0,432950
100,2.90E+08,5.30E+06,3401532,3401533,0,409950
100,2.90E+08,5.30E+06,3401698,3401694,0,409950
100,2.90E+08,5.32E+06,3401721,3401723,0,413050
100,2.93E+08,5.30E+06,3401761,3401761,0,422900
100,2.98E+08,5.33E+06,3401786,3401784,0,432950
100,2.90E+08,5.30E+06,3401792,3401792,0,413150
100,2.90E+08,5.32E+06,3401793,3401789,0,413050
100,2.97E+08,5.31E+06,3401911,3401909,0,429900
100,2.93E+08,5.30E+06,3401913,3401912,0,421600
100,2.90E+08,5.30E+06,3401946,3401945,0,413150
100,2.97E+08,5.30E+06,3402164,3402164,0,432950
100,2.90E+08,5.35E+06,3402192,3402191,0,409750
100,2.93E+08,5.30E+06,3402343,3402342,0,422350
100,2.97E+08,5.30E+06,3402409,3402409,0,432950
100,2.95E+08,5.30E+06,3402429,3402428,0,424550
100,2.94E+08,5.30E+06,3402466,3402466,0,423000
100,2.94E+08,5.30E+06,3402477,3402477,0,423000
100,2.97E+08,5.30E+06,3402506,3402507,0,432950
100,2.90E+08,5.30E+06,3402539,3402539,0,410800
100,2.97E+08,5.30E+06,3402563,3402564,0,432950
100,2.90E+08,5.52E+06,3402653,3402651,0,413150
100,2.95E+08,5.30E+06,3402670,3402670,0,424550
100,2.98E+08,5.47E+06,3402686,3402683,0,433150
100,2.97E+08,5.30E+06,3402783,3402783,0,429500
100,2.90E+08,5.30E+06,3402815,3402815,0,410800
100,2.97E+08,5.32E+06,3402820,3402820,0,432950
100,2.97E+08,5.32E+06,3402851,3402851,0,432950
100,2.93E+08,5.34E+06,3402916,3402916,0,422100
100,2.90E+08,5.34E+06,3402930,3402930,0,413050
100,2.90E+08,5.30E+06,3402933,3402928,0,413150
100,2.93E+08,5.30E+06,3403025,3403025,0,422600
100,2.91E+08,5.30E+06,3403078,3403078,0,413250
100,2.90E+08,5.30E+06,3403164,3403168,0,410800
100,2.93E+08,5.31E+06,3403176,3403177,0,421650
100,2.93E+08,5.30E+06,3403182,3403181,0,423000
100,2.95E+08,5.42E+06,3403222,3403229,0,424550
100,2.90E+08,5.37E+06,3403347,3403347,0,410800
100,2.90E+08,5.30E+06,3403348,3403351,0,413150
100,2.90E+08,5.34E+06,3403451,3403449,0,410800
100,2.94E+08,5.32E+06,3403510,3403510,0,423000
100,2.93E+08,5.30E+06,3403559,3403558,0,422350
100,2.90E+08,5.30E+06,3403816,3403816,0,413150
100,2.93E+08,5.30E+06,3403835,3403836,0,422350
100,2.94E+08,5.31E+06,3403883,3403883,0,423000
100,2.93E+08,5.30E+06,3403904,3403904,0,423000
100,2.93E+08,5.30E+06,3403916,3403914,0,422350
100,2.97E+08,5.30E+06,3404068,3404070,0,432950
100,2.97E+08,5.31E+06,3404143,3404144,0,432950
100,2.93E+08,5.32E+06,3404209,3404210,0,422350
100,2.90E+08,5.30E+06,3404372,3404369,0,409800
100,2.94E+08,5.31E+06,3404416,3404414,0,424050
100,2.89E+08,5.33E+06,3404470,3404470,0,409400
100,2.93E+08,5.30E+06,3404512,3404513,0,423000
100,2.97E+08,5.30E+06,3404578,3404576,0,432950
100,2.93E+08,5.30E+06,3404636,3404636,0,422950
100,2.93E+08,5.30E+06,3404671,3404672,0,422350
100,2.98E+08,5.30E+06,3404745,3404744,0,433150
100,2.97E+08,5.34E+06,3404797,3404796,0,432950
100,2.94E+08,5.30E+06,3404875,3404875,0,423000
100,2.97E+08,5.33E+06,3404894,3404895,0,432950
100,2.93E+08,5.30E+06,3404907,3404906,0,422900
100,2.89E+08,5.30E+06,3404932,3404934,0,409000
100,2.93E+08,5.30E+06,3404964,3404964,0,422950
100,2.94E+08,5.39E+06,3404984,3404980,0,423000
100,2.97E+08,5.40E+06,3405000,3405001,0,429900
100,2.89E+08,5.30E+06,3405036,3405034,0,409000
100,2.90E+08,5.36E+06,3405086,3405083,0,413150
100,2.98E+08,5.30E+06,3405282,3405285,0,432950
100,2.93E+08,5.30E+06,3405327,3405327,0,422900
100,2.90E+08,5.30E+06,3405361,3405365,0,409800
100,2.90E+08,5.36E+06,3405362,3405363,0,410750
100,2.93E+08,5.30E+06,3405374,3405374,0,422900
100,2.90E+08,5.31E+06,3405613,3405608,0,413150
100,2.97E+08,5.35E+06,3405634,3405633,0,432950
100,2.93E+08,5.30E+06,3405646,3405646,0,423000
100,2.97E+08,5.36E+06,3405676,3405675,0,429900
100,2.90E+08,5.41E+06,3405681,3405684,0,413050
100,2.90E+08,5.32E+06,3405700,3405700,0,409950
100,2.91E+08,5.31E+06,3405725,3405726,0,414200
100,2.97E+08,5.30E+06,3405775,3405775,0,429500
100,2.89E+08,5.31E+06,3405778,3405780,0,409000
100,2.93E+08,5.30E+06,3405893,3405890,0,422600
100,2.91E+08,5.30E+06,3406014,3406014,0,413250
100,2.93E+08,5.30E+06,3406044,3406046,0,423000
100,2.93E+08,5.32E+06,3406097,3406097,0,422350
100,2.94E+08,5.33E+06,3406134,3406136,0,423000
100,2.90E+08,5.30E+06,3406159,3406159,0,409800
100,2.90E+08,5.30E+06,3406197,3406197,0,413150
100,2.90E+08,5.30E+06,3406214,3406214,0,409800
100,2.90E+08,5.32E+06,3406224,3406224,0,413050
100,2.93E+08,5.30E+06,3406313,3406313,0,422900
100,2.89E+08,5.34E+06,3406320,3406320,0,409000
100,2.90E+08,5.30E+06,3406428,3406426,0,413050
100,2.90E+08,5.30E+06,3406434,3406434,0,413050
100,2.98E+08,5.32E+06,3406553,3406553,0,433150
100,2.90E+08,5.30E+06,3406637,3406637,0,413150
100,2.90E+08,5.30E+06,3406649,3406645,0,413150
100,2.90E+08,5.31E+06,3406734,3406736,0,409800
100,2.90E+08,5.45E+06,3406750,3406751,0,409800
100,2.94E+08,5.31E+06,3406765,3406765,0,423000
100,2.94E+08,5.30E+06,3406773,3406773,0,423000
100,2.93E+08,5.32E+06,3406787,3406783,0,421600
100,2.90E+08,5.33E+06,3406791,3406789,0,409800
100,2.93E+08,5.30E+06,3406944,3406944,0,422900
100,2.93E+08,5.32E+06,3407042,3407041,0,422600
100,2.90E+08,5.30E+06,3407104,3407104,0,413150
100,2.94E+08,5.30E+06,3407108,3407108,0,423000
100,2.93E+08,5.30E+06,3407114,3407111,0,422600
100,2.93E+08,5.35E+06,3407165,3407165,0,422900
100,2.90E+08,5.30E+06,3407180,3407174,0,409800
100,2.93E+08,5.34E+06,3407189,3407191,0,422950
100,2.97E+08,5.30E+06,3407194,3407192,0,432950
100,2.90E+08,5.30E+06,3407250,3407250,0,413150
100,2.90E+08,5.30E+06,3407253,3407251,0,409950
100,2.90E+08,5.30E+06,3407345,3407345,0,409800
100,2.97E+08,5.34E+06,3407569,3407569,0,432950
100,2.90E+08,5.30E+06,3407662,3407658,0,413150
100,2.93E+08,5.35E+06,3407675,3407672,0,422100
100,2.97E+08,5.32E+06,3407680,3407681,0,432950
100,2.94E+08,5.30E+06,3407682,3407682,0,424050
100,2.97E+08,5.31E+06,3407728,3407727,0,432950
100,2.97E+08,5.32E+06,3407773,3407771,0,429900
100,2.93E+08,5.38E+06,3407905,3407905,0,422950
100,2.90E+08,5.30E+06,3407938,3407938,0,409950
100,2.93E+08,5.31E+06,3407945,3407944,0,422900
100,2.97E+08,5.55E+06,3408078,3408077,0,429900
100,2.94E+08,5.36E+06,3408117,3408118,0,424050
100,2.97E+08,5.30E+06,3408309,3408309,0,432950
100,2.97E+08,5.42E+06,3408353,3408353,0,432950
100,2.90E+08,5.34E+06,3408358,3408358,0,410800
100,2.91E+08,5.31E+06,3408432,3408430,0,413250
100,2.90E+08,5.30E+06,3408462,3408461,0,410800
100,2.97E+08,5.30E+06,3408492,3408492,0,432950
100,2.90E+08,5.31E+06,3408550,3408550,0,413150
100,2.98E+08,5.30E+06,3408636,3408636,0,433150
100,2.90E+08,5.30E+06,3408656,3408656,0,413150
100,2.90E+08,5.35E+06,3408675,3408676,0,409950
100,2.93E+08,5.30E+06,3408725,3408725,0,422350
100,2.93E+08,5.30E+06,3408882,3408880,0,423000
100,2.93E+08,5.30E+06,3408955,3408954,0,423000
100,2.97E+08,5.31E+06,3408955,3408954,0,429900
100,2.90E+08,5.30E+06,3409021,3409021,0,410800
100,2.95E+08,5.32E+06,3409064,3409063,0,425800
100,2.90E+08,5.30E+06,3409115,3409113,0,413050
100,2.98E+08,5.30E+06,3409128,3409128,0,433150
100,2.93E+08,5.31E+06,3409196,3409196,0,422350
100,2.91E+08,5.31E+06,3409300,3409300,0,413200
100,2.93E+08,5.30E+06,3409598,3409597,0,422950
100,2.97E+08,5.38E+06,3409601,3409599,0,429900
100,2.98E+08,5.30E+06,3409688,3409690,0,433150
100,2.90E+08,5.30E+06,3409690,3409689,0,410800
100,2.97E+08,5.62E+06,3409690,3409688,0,432950
100,2.97E+08,5.36E+06,3409712,3409711,0,432950
100,2.93E+08,5.30E+06,3410008,3410009,0,422900
100,2.98E+08,5.30E+06,3410015,3410015,0,432950
100,2.97E+08,5.31E+06,3410202,3410202,0,429900
100,2.97E+08,5.30E+06,3410273,3410276,0,432950
100,2.98E+08,5.30E+06,3410312,3410311,0,432950
100,2.97E+08,5.30E+06,3410328,3410324,0,432950
100,2.93E+08,5.30E+06,3410406,3410406,0,422600
100,2.93E+08,5.30E+06,3410567,3410567,0,422900
100,2.93E+08,5.30E+06,3410577,3410577,0,422350
100,2.94E+08,5.30E+06,3410620,3410619,0,423000
100,2.93E+08,5.30E+06,3410722,3410723,0,422600
100,2.97E+08,5.30E+06,3410887,3410886,0,432950
100,2.90E+08,5.30E+06,3411003,3411000,0,413050
100,2.90E+08,5.30E+06,3411062,3411060,0,409800
100,2.97E+08,5.30E+06,3411171,3411167,0,429900
100,2.97E+08,5.53E+06,3411209,3411210,0,432950
100,2.97E+08,5.30E+06,3411244,3411248,0,432950
100,2.97E+08,5.30E+06,3411422,3411420,0,432950
100,2.93E+08,5.30E+06,3411433,3411437,0,422950
100,2.93E+08,5.31E+06,3411487,3411488,0,423000
100,2.90E+08,5.30E+06,3411525,3411521,0,410800
100,2.93E+08,5.30E+06,3411529,3411526,0,422950
100,2.90E+08,5.31E+06,3411566,3411566,0,413150
100,2.97E+08,5.30E+06,3411739,3411736,0,432950
100,2.93E+08,5.30E+06,3411814,3411814,0,423000
100,2.90E+08,5.30E+06,3411833,3411833,0,413150
100,2.93E+08,5.30E+06,3411861,3411860,0,422900
100,2.93E+08,5.36E+06,3411933,3411933,0,423000
100,2.97E+08,5.34E+06,3411957,3411953,0,432950
100,2.97E+08,5.32E+06,3412014,3412014,0,432950
100,2.91E+08,5.34E+06,3412191,3412191,0,413200
100,2.97E+08,5.32E+06,3412298,3412300,0,429900
100,2.93E+08,5.30E+06,3412355,3412357,0,422100
100,2.95E+08,5.30E+06,3412437,3412433,0,424550
100,2.98E+08,5.31E+06,3412438,3412436,0,433150
100,2.90E+08,5.30E+06,3412511,3412512,0,413150
100,2.91E+08,5.30E+06,3412515,3412515,0,413250
100,2.94E+08,5.30E+06,3412721,3412723,0,423000
100,2.97E+08,5.31E+06,3412731,3412731,0,432950
100,2.90E+08,5.30E+06,3412810,3412810,0,413150
100,2.97E+08,5.30E+06,3412869,3412866,0,429900
100,2.94E+08,5.30E+06,3412892,3412893,0,423000
100,2.97E+08,5.30E+06,3412956,3412956,0,432950
100,2.93E+08,5.33E+06,3413023,3413025,0,422600
100,2.94E+08,5.35E+06,3413061,3413061,0,423000
100,2.90E+08,5.30E+06,3413287,3413287,0,409800
100,2.90E+08,5.30E+06,3413322,3413321,0,409800
100,2.90E+08,5.32E+06,3413331,3413329,0,413150
100,2.97E+08,5.30E+06,3413444,3413442,0,429900
100,2.97E+08,5.30E+06,3413446,3413446,0,432950
100,2.94E+08,5.31E+06,3413470,3413469,0,424050
100,2.90E+08,5.32E+06,3413529,3413528,0,409950
100,2.91E+08,5.32E+06,3413604,3413605,0,413200
100,2.90E+08,5.30E+06,3413650,3413654,0,410800
100,2.90E+08,5.30E+06,3413697,3413698,0,409950
100,2.93E+08,5.33E+06,3413885,3413885,0,421600
100,2.90E+08,5.40E+06,3414188,3414185,0,409800
100,2.90E+08,5.30E+06,3414234,3414231,0,409950
100,2.97E+08,5.30E+06,3414390,3414390,0,432950
100,2.93E+08,5.30E+06,3414439,3414438,0,422600
100,2.97E+08,5.30E+06,3414674,3414680,0,432950
100,2.93E+08,5.30E+06,3414738,3414735,0,422100
100,2.90E+08,5.30E+06,3414965,3414963,0,413050
100,2.93E+08,5.31E+06,3415042,3415042,0,422950
100,2.94E+08,5.30E+06,3415122,3415124,0,423000
100,2.90E+08,5.30E+06,3415222,3415222,0,409800
100,2.93E+08,5.35E+06,3415238,3415238,0,422950
100,2.90E+08,5.30E+06,3415327,3415327,0,413050
100,2.97E+08,5.31E+06,3415400,3415401,0,432950
100,2.90E+08,5.30E+06,3415433,3415432,0,413150
100,2.91E+08,5.30E+06,3415461,3415463,0,413250
100,2.95E+08,5.39E+06,3415520,3415517,0,424550
100,2.90E+08,5.30E+06,3415559,3415555,0,413050
100,2.90E+08,5.30E+06,3415641,3415641,0,413150
100,2.90E+08,5.30E+06,3415654,3415651,0,413050
100,2.93E+08,5.52E+06,3415693,3415693,0,422900
100,2.93E+08,5.31E+06,3415811,3415812,0,422900
100,2.93E+08,5.30E+06,3415835,3415835,0,422900
100,2.93E+08,5.30E+06,3416088,3416088,0,422600
100,2.90E+08,5.30E+06,3416167,3416167,0,410800
100,2.94E+08,5.35E+06,3416251,3416250,0,423000
100,2.91E+08,5.30E+06,3416326,3416327,0,414200
100,2.93E+08,5.30E+06,3416364,3416364,0,423000
100,2.90E+08,5.30E+06,3416633,3416632,0,413050
100,2.90E+08,5.30E+06,3416654,3416653,0,413050
100,2.90E+08,5.33E+06,3416747,3416747,0,413150
100,2.93E+08,5.32E+06,3416837,3416837,0,422350
100,2.90E+08,5.30E+06,3416926,3416923,0,413150
100,2.93E+08,5.30E+06,3416960,3416960,0,422900
100,2.97E+08,5.30E+06,3416977,3416975,0,432950
100,2.93E+08,5.30E+06,3417008,3417009,0,423000
100,2.97E+08,5.30E+06,3417509,3417509,0,432950
100,2.90E+08,5.30E+06,3417913,3417913,0,409800
100,2.97E+08,5.30E+06,3417953,3417954,0,432950
100,2.97E+08,5.30E+06,3418031,3418032,0,429500
100,2.95E+08,5.30E+06,3418496,3418496,0,424550
100,2.90E+08,5.30E+06,3418497,3418497,0,410800
100,2.93E+08,5.30E+06,3418604,3418602,0,423000
100,2.97E+08,5.37E+06,3418850,3418849,0,429900
100,2.90E+08,5.30E+06,3418854,3418852,0,413050
100,2.97E+08,5.30E+06,3419063,3419059,0,432950
100,2.95E+08,5.32E+06,3419317,3419315,0,424550
100,2.93E+08,5.30E+06,3419414,3419413,0,422350
100,2.90E+08,5.30E+06,3419457,3419456,0,410800
100,2.90E+08,5.30E+06,3419515,3419515,0,413150
100,2.93E+08,5.30E+06,3419517,3419521,0,422350
100,2.93E+08,5.30E+06,3419565,3419565,0,422900
100,2.91E+08,5.30E+06,3420199,3420201,0,413200
100,2.93E+08,5.30E+06,3420202,3420203,0,422350
100,2.91E+08,5.32E+06,3420205,3420201,0,413150
100,2.90E+08,5.30E+06,3420250,3420250,0,410800
100,2.90E+08,5.30E+06,3420298,3420298,0,409950
100,2.93E+08,5.30E+06,3420349,3420353,0,422350
100,2.93E+08,5.30E+06,3420524,3420527,0,423000
100,2.93E+08,5.30E+06,3420536,3420536,0,422900
100,2.90E+08,5.32E+06,3420688,3420688,0,413050
100,2.93E+08,5.30E+06,3421151,3421151,0,422350
100,2.97E+08,5.30E+06,3421511,3421511,0,432950
100,2.97E+08,5.30E+06,3421541,3421536,0,432950
100,2.90E+08,5.30E+06,3421835,3421831,0,409950
100,2.90E+08,5.30E+06,3422066,3422066,0,413150
100,2.90E+08,5.31E+06,3422109,3422109,0,410800
100,2.90E+08,5.30E+06,3422423,3422423,0,413150
100,2.90E+08,5.30E+06,3423340,3423341,0,413050
100,2.93E+08,5.30E+06,3423345,3423345,0,422900
100,2.93E+08,5.30E+06,3423358,3423358,0,423000
100,2.97E+08,5.30E+06,3423490,3423489,0,432950
100,2.93E+08,5.35E+06,3423653,3423648,0,422950
100,2.90E+08,5.30E+06,3423911,3423910,0,413150
100,2.93E+08,5.30E+06,3423926,3423925,0,422600
100,2.97E+08,5.48E+06,3424304,3424304,0,432950
100,2.93E+08,5.30E+06,3424415,3424413,0,423000
100,2.95E+08,5.30E+06,3424582,3424584,0,424550
100,2.90E+08,5.30E+06,3424667,3424667,0,413050
100,2.93E+08,5.31E+06,3424690,3424691,0,422100
100,2.90E+08,5.31E+06,3424952,3424952,0,409950
100,2.93E+08,5.38E+06,3425093,3425091,0,422950
100,2.93E+08,5.30E+06,3425116,3425119,0,422350
100,2.94E+08,5.31E+06,3425242,3425242,0,424050
100,2.97E+08,5.30E+06,3426248,3426248,0,429500
100,2.90E+08,5.30E+06,3426514,3426514,0,410800
100,2.95E+08,5.30E+06,3426544,3426542,0,424550
100,2.90E+08,5.35E+06,3426913,3426913,0,413150
100,2.93E+08,5.33E+06,3426960,3426960,0,422950
100,2.97E+08,5.30E+06,3427062,3427056,0,432950
100,2.93E+08,5.30E+06,3427164,3427164,0,423000
100,2.93E+08,5.30E+06,3427275,3427272,0,422100
100,2.93E+08,5.30E+06,3427541,3427543,0,423000
100,2.90E+08,5.33E+06,3427738,3427738,0,409950
100,2.97E+08,5.30E+06,3427796,3427796,0,432950
100,2.90E+08,5.36E+06,3428038,3428037,0,409950
100,2.90E+08,5.30E+06,3428071,3428075,0,413150
100,2.95E+08,5.30E+06,3428315,3428315,0,425800
100,2.90E+08,5.30E+06,3429314,3429315,0,413150
100,2.90E+08,5.31E+06,3431205,3431206,0,413150
100,2.94E+08,5.30E+06,3431285,3431285,0,424050
100,2.97E+08,5.30E+06,3432076,3432076,0,429900
100,2.93E+08,5.31E+06,3432525,3432518,0,422100
100,2.90E+08,5.30E+06,3432824,3432823,0,413150
100,2.94E+08,5.30E+06,3432989,3432989,0,423000
100,2.93E+08,5.40E+06,3433122,3433122,0,422950
100,2.97E+08,5.30E+06,3433423,3433423,0,432950
100,2.93E+08,5.32E+06,3433430,3433430,0,423000
100,2.95E+08,5.31E+06,3433825,3433826,0,425800
100,2.90E+08,5.30E+06,3434341,3434346,0,413150
100,2.90E+08,5.33E+06,3434542,3434543,0,409800
100,2.89E+08,5.30E+06,3435151,3435151,0,409000
100,2.90E+08,5.35E+06,3435430,3435430,0,409950
100,2.95E+08,5.30E+06,3435702,3435702,0,425800
100,2.97E+08,5.31E+06,3436716,3436717,0,429500
100,2.93E+08,5.32E+06,3437617,3437616,0,422100
100,2.97E+08,5.31E+06,3438038,3438037,0,432950
100,2.90E+08,5.34E+06,3438646,3438645,0,409950
100,2.97E+08,5.30E+06,3440486,3440488,0,432950
100,2.93E+08,5.30E+06,3440592,3440591,0,423000
100,2.91E+08,5.30E+06,3441613,3441614,0,413250
100,2.90E+08,5.30E+06,3442279,3442281,0,409950
100,2.97E+08,5.68E+06,3442710,3442710,0,429500
100,2.97E+08,5.30E+06,3442732,3442729,0,432950
100,2.93E+08,5.30E+06,3448388,3448387,0,423000
100,2.93E+08,5.30E+06,3450282,3450283,0,423000
100,2.93E+08,5.30E+06,3450606,3450605,0,423000
100,2.93E+08,5.35E+06,3454430,3454431,0,422950
100,2.90E+08,5.48E+06,3463955,3463955,0,409950
100,2.93E+08,5.31E+06,3464357,3464357,0,422950
100,2.93E+08,5.30E+06,3475754,3475754,0,422900
100,2.90E+08,5.33E+06,3484101,3484096,0,413150
100,2.90E+08,5.32E+06,3487220,3487220,0,409950
100,2.97E+08,5.30E+06,3520795,3520795,0,429900
100,2.93E+08,5.30E+06,3542928,3542933,0,423000
100,2.91E+08,5.30E+06,3554446,3554446,0,414200
100,2.97E+08,5.30E+06,3563172,3563172,0,432950
100,2.91E+08,5.30E+06,3602096,3602096,0,413250
100,2.89E+08,5.30E+06,3605394,3605395,0,409400
100,2.98E+08,5.30E+06,3617099,3617098,0,433150
100,2.93E+08,5.34E+06,3621668,3621669,0,422900
100,2.93E+08,5.32E+06,3638500,3638501,0,422350
100,2.94E+08,5.35E+06,3652662,3652662,0,423000
100,2.90E+08,5.30E+06,3747554,3747557,0,409950
100,2.97E+08,5.36E+06,3764558,3764560,0,432950
100,2.90E+08,5.30E+06,3766152,3766151,0,409800
100,2.93E+08,5.32E+06,3768483,3768483,0,422950
100,2.93E+08,5.30E+06,3799464,3799462,0,423000
100,2.97E+08,5.32E+06,3816448,3816448,0,429900
100,2.93E+08,5.30E+06,3826959,3826957,0,422950
100,2.93E+08,5.30E+06,3945413,3945413,0,423000
100,2.93E+08,5.35E+06,4037599,4037600,0,423000
,,,,,,
,2.98E+08,,3264529.392,3264527.303,,433150
,284MB,,,,,
