cpus,mem,recvTps,sendTps,acceptTps,loginTps
0.948242,3.09E+08,0,0,0,0
0,3.09E+08,0,0,0,0
0,3.09E+08,0,0,0,0
0,3.09E+08,0,0,0,0
0,3.09E+08,0,0,0,0
0,3.09E+08,0,0,0,0
0,3.09E+08,0,0,0,0
0,3.09E+08,0,0,0,0
0,3.09E+08,0,0,0,0
0,3.09E+08,0,0,0,0
0,3.09E+08,0,0,0,0
10.6538,3.21E+08,0,0,0,0
9.10107,3.21E+08,0,0,0,0
7.13849,3.22E+08,3437,3437,2933,1720
10.0482,3.22E+08,3839,3839,3692,3732
9.93831,3.22E+08,3972,3972,3784,3806
14.2232,3.22E+08,4105,4105,3946,4073
13.3311,3.23E+08,4174,4174,4142,4179
12.0479,3.24E+08,4234,4234,4163,4279
15.2983,3.24E+08,4285,4285,4297,4297
11.9483,3.24E+08,4287,4287,4316,4364
15.6017,3.24E+08,4288,4288,4345,4381
13.5251,3.24E+08,4452,4452,4460,4479
14.8929,3.24E+08,4565,4565,4577,4501
14.6137,3.24E+08,4604,4604,4599,4521
16.8447,3.25E+08,4626,4626,4603,4639
14.3491,3.25E+08,4642,4642,4633,4646
15.8566,3.25E+08,4652,4652,4647,4664
14.5579,3.25E+08,4670,4670,4674,4699
16.1754,3.25E+08,4764,4764,4703,4728
15.3388,3.27E+08,4779,4779,4730,4748
15.2424,3.27E+08,4785,4785,4744,4788
15.5061,3.27E+08,4809,4809,4765,4804
16.599,3.27E+08,4813,4813,4819,4828
16.1196,3.27E+08,4835,4835,4832,4844
16.1916,3.28E+08,4860,4860,4842,4846
13.5961,3.28E+08,4868,4868,4867,4852
15.283,3.28E+08,4900,4900,4959,4861
15.4658,3.28E+08,4916,4916,4982,4886
13.9443,3.28E+08,4923,4923,4983,4922
14.6988,3.28E+08,4937,4937,4996,4952
14.5021,3.28E+08,4963,4963,4998,5049
16.3591,3.28E+08,4966,4966,5026,5050
15.4503,3.28E+08,4979,4979,5037,5074
14.0418,3.28E+08,5007,5007,5055,5086
14.6283,3.28E+08,5035,5035,5060,5120
14.4463,3.28E+08,5037,5037,5065,5123
15.1459,3.28E+08,5053,5053,5065,5133
15.2677,3.28E+08,5057,5057,5071,5139
15.4658,3.28E+08,5063,5063,5090,5173
14.279,3.28E+08,5070,5070,5102,5178
14.8368,3.28E+08,5087,5087,5120,5194
16.3755,3.28E+08,5094,5094,5120,5197
15.6176,3.28E+08,5101,5101,5131,5219
14.6694,3.28E+08,5111,5111,5132,5226
15.2424,3.28E+08,5122,5122,5144,5229
14.3348,3.28E+08,5154,5154,5166,5234
15.6891,3.28E+08,5162,5162,5172,5248
15.7135,3.28E+08,5168,5168,5182,5248
13.7349,3.28E+08,5169,5169,5204,5252
15.7292,3.28E+08,5173,5173,5212,5255
14.0699,3.28E+08,5180,5180,5212,5258
12.0475,3.28E+08,5189,5189,5215,5266
13.4697,3.28E+08,5189,5189,5227,5272
13.3866,3.28E+08,5189,5189,5228,5273
14.209,3.28E+08,5200,5200,5232,5276
12.5066,3.28E+08,5207,5207,5234,5282
12.6056,3.28E+08,5215,5215,5238,5292
12.4505,3.28E+08,5232,5232,5266,5303
11.6136,3.28E+08,5234,5234,5273,5308
14.5021,3.28E+08,5247,5247,5274,5314
14.6841,3.28E+08,5263,5263,5278,5317
13.6097,3.28E+08,5288,5288,5282,5320
13.777,3.28E+08,5293,5293,5288,5320
14.2786,3.28E+08,5315,5315,5290,5322
14.4053,3.28E+08,5318,5318,5291,5334
15.6891,3.28E+08,5325,5325,5295,5338
14.7399,3.28E+08,5326,5326,5306,5342
15.3235,3.28E+08,5327,5327,5311,5350
15.283,3.28E+08,5341,5341,5313,5351
16.0799,3.28E+08,5342,5342,5319,5352
15.0041,3.28E+08,5342,5342,5322,5355
16.0799,3.28E+08,5366,5366,5326,5365
14.9074,3.28E+08,5370,5370,5326,5406
15.8408,3.28E+08,5372,5372,5346,5407
14.781,3.28E+08,5379,5379,5346,5414
15.6333,3.28E+08,5380,5380,5349,5415
15.8008,3.28E+08,5390,5390,5353,5420
15.5619,3.28E+08,5402,5402,5364,5424
15.0041,3.28E+08,5412,5412,5365,5439
13.4981,3.29E+08,5417,5417,5367,5440
14.5866,3.29E+08,5422,5422,5367,5441
14.7666,3.29E+08,5426,5426,5371,5448
15.8408,3.29E+08,5433,5433,5371,5456
14.5724,3.29E+08,5434,5434,5371,5467
16.9005,3.29E+08,5435,5435,5380,5474
15.4099,3.29E+08,5440,5440,5384,5485
14.8367,3.29E+08,5441,5441,5384,5496
14.405,3.29E+08,5452,5452,5390,5503
14.7399,3.29E+08,5455,5455,5395,5515
13.9304,3.29E+08,5487,5487,5398,5517
16.6383,3.29E+08,5494,5493,5402,5517
15.1866,3.29E+08,5495,5495,5403,5520
13.8328,3.29E+08,5500,5500,5405,5521
14.279,3.29E+08,5532,5532,5413,5523
14.1258,3.29E+08,5533,5533,5424,5525
14.6283,3.29E+08,5539,5539,5432,5526
15.1006,3.29E+08,5539,5539,5447,5534
15.0749,3.29E+08,5540,5540,5449,5549
14.4049,3.29E+08,5544,5544,5457,5554
14.781,3.29E+08,5549,5549,5465,5559
14.6137,3.29E+08,5549,5549,5467,5562
14.0699,3.29E+08,5550,5550,5469,5569
11.6688,3.29E+08,5552,5552,5469,5570
14.3909,3.29E+08,5553,5553,5480,5583
14.9483,3.29E+08,5554,5554,5483,5586
15.2268,3.29E+08,5560,5560,5485,5600
13.7353,3.29E+08,5562,5562,5489,5625
15.171,3.29E+08,5563,5563,5490,5625
14.2937,3.29E+08,5571,5571,5492,5625
15.1714,3.29E+08,5575,5575,5498,5630
15.5619,3.29E+08,5583,5583,5504,5630
16.0241,3.29E+08,5585,5585,5504,5634
14.8926,3.29E+08,5588,5588,5509,5636
14.3072,3.29E+08,5598,5598,5513,5641
15.1567,3.29E+08,5600,5600,5516,5648
14.9074,3.29E+08,5606,5606,5518,5660
15.0187,3.29E+08,5609,5609,5521,5661
15.4353,3.29E+08,5610,5610,5525,5664
15.2577,3.29E+08,5610,5610,5526,5667
14.9334,3.29E+08,5622,5622,5531,5674
15.1308,3.29E+08,5627,5628,5535,5676
15.5061,3.29E+08,5630,5630,5537,5681
14.9633,3.29E+08,5635,5635,5550,5685
16.9005,3.29E+08,5638,5638,5557,5691
15.1714,3.29E+08,5650,5650,5564,5693
14.5166,3.29E+08,5654,5654,5564,5693
13.4,3.29E+08,5655,5655,5570,5706
12.7172,3.29E+08,5662,5662,5579,5710
15.2272,3.29E+08,5669,5669,5585,5713
15.2424,3.29E+08,5670,5670,5585,5716
14.1816,3.29E+08,5680,5680,5585,5723
15.825,3.29E+08,5680,5680,5587,5730
14.7958,3.29E+08,5684,5684,5587,5733
15.7292,3.29E+08,5687,5687,5603,5736
14.2374,3.29E+08,5691,5691,5607,5738
14.4049,3.29E+08,5696,5696,5608,5740
13.6097,3.29E+08,5698,5698,5617,5758
14.9074,3.29E+08,5700,5700,5618,5779
14.4319,3.29E+08,5703,5703,5626,5780
15.1308,3.29E+08,5706,5706,5626,5789
14.4463,3.29E+08,5715,5715,5630,5790
14.5312,3.29E+08,5719,5719,5637,5791
14.1533,3.29E+08,5723,5723,5643,5792
15.5216,3.29E+08,5723,5723,5645,5795
14.7806,3.29E+08,5734,5734,5647,5805
14.2236,3.29E+08,5735,5735,5650,5805
14.6283,3.29E+08,5738,5738,5655,5816
14.8368,3.29E+08,5741,5741,5657,5841
14.5166,3.29E+08,5756,5756,5663,5842
15.2826,3.29E+08,5762,5762,5663,5844
13.5678,3.29E+08,5763,5763,5664,5844
14.5021,3.29E+08,5771,5771,5669,5846
15.6734,3.29E+08,5774,5774,5679,5847
14.7547,3.29E+08,5774,5774,5680,5854
14.6548,3.29E+08,5778,5778,5681,5856
14.5166,3.29E+08,5784,5784,5681,5858
15.1714,3.29E+08,5789,5789,5695,5859
15.0191,3.29E+08,5790,5790,5698,5866
15.8566,3.29E+08,5792,5793,5698,5871
15.7692,3.29E+08,5797,5797,5700,5874
14.6841,3.29E+08,5801,5801,5700,5879
13.8885,3.29E+08,5804,5804,5707,5879
11.9483,3.29E+08,5806,5806,5707,5880
13.275,3.29E+08,5811,5811,5707,5884
12.6868,3.29E+08,5814,5814,5716,5892
14.6548,3.29E+08,5817,5817,5722,5895
13.8328,3.29E+08,5817,5817,5726,5897
14.8516,3.29E+08,5822,5822,5728,5899
14.9483,3.29E+08,5829,5829,5729,5902
13.0221,3.29E+08,5833,5833,5736,5905
13.7633,3.29E+08,5836,5836,5737,5907
14.9632,3.29E+08,5842,5842,5738,5915
14.0001,3.29E+08,5848,5848,5743,5917
14.9783,3.29E+08,5852,5852,5743,5919
14.3204,3.29E+08,5853,5853,5745,5923
14.6695,3.29E+08,5853,5853,5747,5932
15.6891,3.29E+08,5855,5855,5749,5944
14.5579,3.29E+08,5857,5857,5753,5946
14.8516,3.29E+08,5861,5861,5754,5949
15.1156,3.29E+08,5861,5861,5755,5950
15.4657,3.29E+08,5861,5861,5766,5955
15.1157,3.29E+08,5873,5873,5767,5957
14.5579,3.29E+08,5878,5878,5769,5960
14.3491,3.29E+08,5885,5884,5771,5969
15.4658,3.29E+08,5885,5885,5773,5969
16.4543,3.29E+08,5897,5897,5773,5970
17.5316,3.29E+08,5897,5897,5777,5970
16.6774,3.29E+08,5905,5905,5777,5977
15.9523,3.29E+08,5910,5910,5778,5980
15.3945,3.29E+08,5910,5910,5778,5981
15.8008,3.29E+08,5910,5910,5783,5981
13.9443,3.29E+08,5912,5912,5785,5982
14.7547,3.29E+08,5924,5924,5785,5983
15.212,3.29E+08,5926,5925,5785,5984
15.7048,3.29E+08,5929,5929,5786,5984
15.3792,3.29E+08,5931,5931,5790,5985
14.8368,3.29E+08,5937,5937,5790,5986
15.4098,3.29E+08,5943,5943,5794,5989
15.5062,3.29E+08,5946,5946,5797,5990
14.6841,3.29E+08,5946,5947,5797,5990
16.5101,3.29E+08,5964,5964,5800,5994
13.9583,3.29E+08,5971,5971,5801,6000
15.3945,3.29E+08,5972,5972,5801,6008
14.4463,3.29E+08,5974,5974,5804,6011
14.2933,3.29E+08,5976,5976,5809,6020
12.1037,3.29E+08,5978,5978,5811,6025
14.084,3.29E+08,5978,5978,5812,6030
14.7252,3.29E+08,5983,5983,5815,6031
16.7495,3.29E+08,5983,5983,5815,6031
14.0422,3.29E+08,5987,5987,5817,6036
14.5021,3.29E+08,5989,5989,5817,6038
15.1308,3.29E+08,5991,5991,5818,6041
14.9633,3.29E+08,5994,5994,5818,6041
14.279,3.29E+08,5996,5996,5822,6042
15.3945,3.29E+08,5999,5999,5823,6043
15.1308,3.29E+08,6004,6004,5824,6043
15.0599,3.29E+08,6008,6008,5836,6046
15.1714,3.29E+08,6012,6012,5836,6047
17.0461,3.29E+08,6026,6026,5839,6047
14.4877,3.29E+08,6026,6026,5841,6053
15.0749,3.29E+08,6027,6027,5844,6054
15.4503,3.29E+08,6027,6027,5845,6055
13.9024,3.29E+08,6028,6028,5847,6057
15.4658,3.29E+08,6028,6028,5851,6063
14.7662,3.29E+08,6029,6029,5851,6064
14.7399,3.29E+08,6033,6033,5851,6070
13.6229,3.29E+08,6033,6033,5851,6070
14.6287,3.29E+08,6036,6035,5855,6073
13.8747,3.29E+08,6041,6041,5856,6075
14.4608,3.29E+08,6041,6041,5856,6089
14.6694,3.29E+08,6050,6050,5858,6096
14.6283,3.29E+08,6056,6056,5864,6099
15.6176,3.29E+08,6056,6056,5866,6100
15.4503,3.29E+08,6060,6060,5866,6101
14.5311,3.29E+08,6060,6060,5868,6102
14.2647,3.29E+08,6060,6060,5869,6103
14.3491,3.29E+08,6062,6062,5871,6107
14.2232,3.29E+08,6063,6063,5872,6110
14.2232,3.29E+08,6068,6068,5873,6121
15.9284,3.29E+08,6068,6068,5874,6123
13.8328,3.29E+08,6079,6079,5877,6127
14.1816,3.29E+08,6079,6079,5882,6138
15.4906,3.29E+08,6080,6080,5883,6142
14.419,3.29E+08,6082,6082,5884,6144
12.4387,3.29E+08,6083,6083,5884,6152
13.442,3.29E+08,6090,6090,5886,6154
15.6739,3.29E+08,6100,6100,5890,6158
14.0559,3.29E+08,6107,6107,5890,6162
15.2577,3.29E+08,6113,6113,5893,6162
14.9334,3.29E+08,6117,6117,5895,6165
14.6988,3.29E+08,6128,6128,5895,6171
15.1563,3.29E+08,6128,6128,5896,6171
14.5724,3.29E+08,6135,6135,5898,6173
12.773,3.29E+08,6137,6137,5899,6181
14.8926,3.29E+08,6147,6147,5900,6181
14.9633,3.29E+08,6150,6150,5907,6181
15.283,3.29E+08,6151,6151,5908,6182
14.1258,3.29E+08,6153,6153,5913,6183
14.0559,3.29E+08,6154,6154,5914,6184
15.0599,3.29E+08,6158,6158,5914,6184
15.1308,3.29E+08,6159,6159,5916,6191
14.3491,3.29E+08,6160,6160,5917,6193
15.1308,3.29E+08,6160,6160,5917,6197
13.8886,3.29E+08,6162,6162,5918,6200
15.2272,3.29E+08,6170,6170,5923,6201
16.1196,3.29E+08,6176,6176,5923,6202
15.1157,3.29E+08,6181,6181,5925,6202
14.7399,3.29E+08,6184,6184,5926,6203
14.6136,3.29E+08,6185,6185,5927,6204
14.5866,3.29E+08,6189,6189,5927,6205
14.5437,3.29E+08,6190,6190,5930,6205
14.3491,3.29E+08,6192,6192,5930,6205
15.4658,3.29E+08,6192,6192,5931,6205
15.7692,3.29E+08,6195,6195,5933,6216
13.5116,3.29E+08,6195,6195,5934,6219
13.5539,3.29E+08,6199,6199,5934,6220
14.5166,3.29E+08,6200,6200,5936,6220
13.735,3.29E+08,6202,6202,5943,6222
15.2272,3.29E+08,6202,6202,5945,6223
15.0041,3.29E+08,6205,6205,5946,6226
15.4099,3.29E+08,6209,6209,5947,6230
14.5021,3.29E+08,6211,6211,5948,6230
14.781,3.29E+08,6213,6213,5949,6233
15.2424,3.29E+08,6213,6213,5950,6233
16.3427,3.29E+08,6216,6216,5957,6234
15.0749,3.29E+08,6217,6217,5957,6235
14.4459,3.29E+08,6218,6218,5957,6236
14.0145,3.29E+08,6222,6222,5960,6236
13.5539,3.29E+08,6225,6225,5961,6238
14.3906,3.29E+08,6234,6234,5961,6239
15.3694,3.29E+08,6242,6242,5961,6244
16.0081,3.29E+08,6247,6247,5965,6248
14.1816,3.29E+08,6249,6249,5972,6251
15.4906,3.29E+08,6252,6252,5976,6253
15.3388,3.29E+08,6255,6255,5980,6255
15.6891,3.29E+08,6256,6256,5980,6259
15.3945,3.29E+08,6257,6257,5980,6260
16.599,3.29E+08,6258,6258,5981,6261
15.212,3.29E+08,6258,6258,5982,6261
16.5266,3.29E+08,6261,6261,5982,6262
15.1866,3.29E+08,6261,6261,5985,6266
14.9334,3.29E+08,6264,6264,5989,6269
15.3695,3.29E+08,6265,6265,6002,6274
13.7075,3.29E+08,6265,6265,6002,6274
15.4658,3.29E+08,6266,6266,6002,6277
15.4099,3.29E+08,6266,6266,6005,6277
14.2933,3.29E+08,6271,6271,6006,6280
13.9304,3.29E+08,6272,6272,6008,6281
15.3384,3.29E+08,6272,6272,6009,6281
14.2933,3.29E+08,6275,6275,6010,6282
13.9028,3.29E+08,6275,6275,6012,6283
14.4463,3.29E+08,6276,6276,6012,6284
14.2232,3.29E+08,6281,6281,6019,6289
14.6841,3.29E+08,6284,6284,6020,6292
16.0799,3.29E+08,6289,6289,6022,6293
15.212,3.29E+08,6290,6290,6026,6295
15.4812,3.29E+08,6292,6292,6026,6297
15.6021,3.29E+08,6296,6296,6035,6298
14.084,3.29E+08,6296,6296,6037,6300
15.6021,3.29E+08,6297,6297,6038,6300
14.7958,3.29E+08,6298,6298,6039,6301
15.3541,3.29E+08,6299,6299,6040,6303
14.9483,3.29E+08,6305,6305,6040,6309
14.9633,3.29E+08,6307,6307,6041,6310
16.5493,3.29E+08,6311,6311,6043,6312
14.587,3.29E+08,6314,6314,6046,6314
16.7722,3.29E+08,6314,6314,6046,6319
14.4049,3.29E+08,6314,6314,6047,6325
14.6137,3.29E+08,6317,6318,6048,6331
14.9633,3.29E+08,6322,6322,6048,6332
14.8368,3.29E+08,6324,6324,6049,6333
14.8368,3.29E+08,6330,6330,6051,6333
14.7399,3.29E+08,6332,6332,6053,6334
13.0519,3.29E+08,6332,6332,6053,6338
15.0749,3.29E+08,6336,6336,6054,6347
15.8566,3.29E+08,6343,6343,6054,6352
15.5619,3.29E+08,6345,6345,6054,6354
14.5579,3.29E+08,6345,6345,6057,6357
15.785,3.29E+08,6348,6348,6057,6359
15.3695,3.29E+08,6352,6352,6059,6360
15.0041,3.29E+08,6354,6354,6064,6360
15.8008,3.29E+08,6360,6360,6066,6363
14.9483,3.29E+08,6360,6360,6067,6363
14.9074,3.29E+08,6360,6361,6067,6364
15.4503,3.29E+08,6362,6362,6069,6371
16.2312,3.29E+08,6364,6364,6070,6372
13.7212,3.29E+08,6366,6366,6070,6372
15.0599,3.29E+08,6372,6372,6072,6374
13.9583,3.29E+08,6372,6372,6076,6375
14.781,3.29E+08,6373,6373,6080,6376
14.8664,3.29E+08,6377,6377,6080,6376
13.6514,3.29E+08,6377,6377,6082,6388
12.1595,3.29E+08,6379,6379,6082,6390
10.1718,3.29E+08,6381,6381,6083,6391
12.8291,3.29E+08,6383,6383,6084,6391
12.2833,3.29E+08,6384,6385,6085,6392
11.5344,3.29E+08,6386,6386,6085,6393
14.5311,3.29E+08,6386,6386,6087,6393
14.4876,3.29E+08,6388,6388,6087,6394
13.2192,3.29E+08,6389,6389,6088,6395
11.7364,3.29E+08,6392,6392,6088,6397
11.3231,3.29E+08,6397,6397,6088,6401
13.0091,3.29E+08,6404,6404,6090,6405
15.5463,3.29E+08,6405,6405,6090,6405
14.4049,3.29E+08,6405,6405,6093,6407
13.3865,3.29E+08,6407,6407,6095,6415
15.7292,3.29E+08,6411,6411,6096,6415
15.0749,3.29E+08,6413,6413,6100,6415
14.3905,3.29E+08,6414,6414,6101,6422
15.2577,3.29E+08,6415,6415,6105,6424
15.6734,3.29E+08,6421,6421,6105,6425
15.8566,3.29E+08,6424,6424,6105,6426
16.1036,3.29E+08,6429,6429,6106,6426
15.0749,3.29E+08,6431,6431,6106,6427
16.0639,3.29E+08,6432,6432,6107,6428
14.6694,3.29E+08,6433,6433,6110,6428
15.3695,3.29E+08,6434,6433,6111,6428
14.8777,3.29E+08,6436,6436,6111,6428
14.9782,3.29E+08,6437,6437,6114,6430
14.3205,3.29E+08,6438,6438,6115,6435
14.4045,3.29E+08,6443,6443,6115,6439
13.2887,3.29E+08,6447,6446,6117,6441
14.3905,3.29E+08,6450,6450,6119,6444
15.1152,3.29E+08,6451,6451,6120,6445
13.2754,3.29E+08,6451,6451,6120,6446
15.7607,3.29E+08,6454,6454,6121,6453
13.7632,3.29E+08,6455,6455,6122,6455
14.7958,3.29E+08,6455,6455,6124,6457
14.1674,3.29E+08,6457,6457,6124,6460
15.0599,3.29E+08,6460,6460,6128,6461
14.9074,3.29E+08,6463,6463,6128,6462
15.5061,3.29E+08,6467,6467,6129,6462
14.6283,3.29E+08,6468,6468,6136,6462
16.0076,3.29E+08,6472,6472,6138,6464
14.9487,3.29E+08,6473,6473,6138,6468
16.0401,3.29E+08,6473,6473,6139,6468
15.2272,3.29E+08,6478,6478,6140,6469
14.6841,3.29E+08,6479,6479,6140,6469
13.6097,3.29E+08,6479,6479,6140,6475
12.7726,3.29E+08,6481,6481,6143,6479
12.4387,3.29E+08,6484,6484,6143,6479
16.0241,3.29E+08,6484,6484,6146,6480
15.4503,3.29E+08,6487,6487,6146,6482
15.6734,3.29E+08,6491,6491,6149,6483
15.3541,3.29E+08,6491,6491,6149,6484
14.6283,3.29E+08,6492,6492,6150,6484
14.1674,3.29E+08,6494,6494,6154,6487
15.2272,3.29E+08,6505,6505,6156,6487
12.6614,3.29E+08,6515,6515,6157,6491
10.7755,3.29E+08,6516,6516,6159,6494
11.1669,3.29E+08,6516,6516,6162,6496
13.3865,3.29E+08,6518,6518,6168,6497
14.4464,3.29E+08,6518,6518,6171,6500
14.7399,3.29E+08,6520,6520,6171,6502
16.0639,3.29E+08,6522,6522,6173,6502
15.8965,3.29E+08,6522,6522,6174,6504
15.0191,3.29E+08,6529,6529,6175,6505
16.0639,3.29E+08,6529,6529,6175,6506
14.8106,3.29E+08,6532,6532,6176,6510
15.2272,3.29E+08,6532,6532,6178,6512
16.2312,3.29E+08,6534,6534,6179,6514
14.9074,3.29E+08,6536,6536,6180,6516
16.6608,3.29E+08,6536,6536,6184,6521
15.7449,3.29E+08,6537,6536,6185,6522
15.0191,3.29E+08,6537,6537,6186,6522
15.2978,3.29E+08,6541,6541,6188,6524
15.5468,3.29E+08,6544,6544,6189,6528
14.4194,3.29E+08,6546,6546,6190,6530
15.4349,3.29E+08,6549,6549,6190,6531
16.5659,3.29E+08,6549,6549,6194,6531
15.5774,3.29E+08,6557,6557,6198,6534
14.7252,3.29E+08,6558,6558,6200,6534
14.2374,3.29E+08,6561,6561,6201,6535
11.8248,3.29E+08,6561,6561,6205,6536
13.2882,3.29E+08,6563,6563,6208,6539
14.5021,3.29E+08,6564,6564,6208,6546
15.7449,3.29E+08,6564,6564,6212,6546
14.8368,3.29E+08,6566,6566,6212,6551
14.781,3.29E+08,6567,6567,6215,6552
16.5431,3.29E+08,6567,6567,6219,6554
15.785,3.29E+08,6567,6567,6219,6555
14.9633,3.29E+08,6577,6577,6220,6555
16.7722,3.29E+08,6578,6578,6223,6560
14.6136,3.29E+08,6579,6579,6225,6561
14.6841,3.29E+08,6585,6584,6225,6561
14.8925,3.29E+08,6586,6587,6226,6562
15.9683,3.29E+08,6587,6587,6227,6570
16.3427,3.29E+08,6589,6589,6227,6571
14.9074,3.29E+08,6591,6591,6231,6574
16.1196,3.29E+08,6592,6592,6233,6576
15.1307,3.29E+08,6595,6595,6233,6576
15.0598,3.29E+08,6595,6595,6234,6578
15.6734,3.29E+08,6597,6598,6235,6580
15.1866,3.29E+08,6598,6598,6238,6580
13.275,3.29E+08,6602,6602,6238,6582
14.587,3.29E+08,6605,6605,6239,6583
15.9921,3.29E+08,6606,6606,6240,6585
14.9483,3.29E+08,6608,6608,6242,6588
15.4657,3.29E+08,6612,6612,6242,6590
14.349,3.29E+08,6613,6613,6242,6592
13.4419,3.29E+08,6615,6615,6243,6596
11.869,3.29E+08,6615,6615,6243,6602
12.6864,3.29E+08,6622,6622,6244,6603
13.9028,3.29E+08,6622,6622,6244,6605
10.81,3.29E+08,6624,6624,6245,6607
14.7957,3.29E+08,6630,6630,6248,6608
14.3347,3.29E+08,6631,6631,6251,6608
15.0187,3.29E+08,6631,6631,6253,6612
13.9586,3.29E+08,6631,6631,6255,6612
14.0696,3.29E+08,6632,6633,6255,6613
15.4353,3.29E+08,6633,6633,6259,6615
14.4049,3.29E+08,6634,6634,6259,6616
15.1866,3.29E+08,6636,6636,6260,6616
16.2707,3.29E+08,6639,6639,6261,6618
16.0799,3.29E+08,6640,6640,6263,6619
14.4607,3.29E+08,6643,6643,6264,6620
13.1634,3.29E+08,6648,6648,6266,6621
17.364,3.29E+08,6649,6649,6267,6628
14.9632,3.29E+08,6650,6650,6268,6631
16.2312,3.29E+08,6650,6650,6270,6631
16.1592,3.29E+08,6650,6650,6274,6631
14.6429,3.29E+08,6653,6653,6277,6632
15.0448,3.29E+08,6655,6655,6277,6634
15.2576,3.29E+08,6658,6658,6279,6637
14.209,3.29E+08,6658,6658,6281,6641
15.5774,3.29E+08,6658,6658,6281,6641
14.7252,3.29E+08,6659,6659,6285,6642
15.7292,3.29E+08,6660,6660,6287,6643
16.5266,3.29E+08,6661,6661,6288,6644
16.4543,3.29E+08,6662,6662,6288,6645
15.4253,3.29E+08,6664,6664,6289,6647
17.7194,3.29E+08,6666,6666,6290,6647
16.3032,3.29E+08,6666,6666,6295,6649
15.6176,3.29E+08,6666,6666,6296,6652
15.4503,3.29E+08,6667,6667,6296,6655
16.7499,3.29E+08,6669,6669,6297,6656
17.5315,3.29E+08,6672,6672,6298,6657
13.5116,3.29E+08,6674,6674,6299,6658
12.0475,3.29E+08,6680,6680,6299,6661
14.7403,3.29E+08,6680,6680,6300,6662
13.4289,3.29E+08,6680,6680,6301,6662
16.2474,3.29E+08,6684,6684,6301,6669
16.5658,3.29E+08,6684,6684,6301,6675
14.0699,3.29E+08,6685,6685,6301,6675
15.2272,3.29E+08,6689,6689,6302,6675
15.8007,3.29E+08,6691,6691,6305,6678
14.3347,3.29E+08,6692,6692,6305,6679
15.4503,3.29E+08,6694,6694,6305,6679
15.5061,3.29E+08,6699,6699,6305,6680
15.5774,3.29E+08,6701,6701,6306,6681
15.0598,3.29E+08,6703,6703,6306,6684
16.599,3.29E+08,6704,6704,6307,6685
15.1005,3.29E+08,6706,6706,6308,6686
14.5724,3.29E+08,6706,6706,6308,6695
15.4503,3.29E+08,6709,6709,6309,6695
15.4503,3.29E+08,6713,6713,6309,6696
16.096,3.29E+08,6716,6716,6309,6698
15.3234,3.29E+08,6716,6716,6312,6698
15.6332,3.29E+08,6717,6717,6313,6699
14.6136,3.29E+08,6718,6718,6313,6700
14.4607,3.29E+08,6723,6723,6314,6702
13.9024,3.29E+08,6724,6724,6320,6702
16.2149,3.29E+08,6727,6727,6322,6702
14.5311,3.29E+08,6728,6728,6322,6702
15.8806,3.29E+08,6730,6730,6325,6705
15.9124,3.29E+08,6731,6731,6326,6706
15.5061,3.29E+08,6735,6735,6328,6707
15.7048,3.29E+08,6739,6739,6330,6708
15.4349,3.29E+08,6742,6742,6330,6709
15.7849,3.29E+08,6750,6750,6330,6709
15.2424,3.29E+08,6751,6751,6330,6711
15.7849,3.29E+08,6758,6758,6331,6714
14.8665,3.29E+08,6764,6764,6332,6718
15.8249,3.29E+08,6764,6764,6332,6718
15.2577,3.29E+08,6766,6766,6332,6719
14.3204,3.29E+08,6769,6769,6337,6723
11.8245,3.29E+08,6770,6770,6337,6724
13.3019,3.29E+08,6772,6772,6337,6725
16.3264,3.29E+08,6774,6774,6338,6727
15.9124,3.29E+08,6775,6775,6338,6728
15.9682,3.29E+08,6777,6776,6340,6728
14.4049,3.29E+08,6777,6777,6340,6730
15.2677,3.29E+08,6778,6778,6341,6731
15.5061,3.29E+08,6779,6779,6346,6731
15.09,3.29E+08,6779,6779,6346,6732
13.7629,3.29E+08,6781,6781,6347,6733
13.5116,3.29E+08,6784,6784,6348,6733
15.9128,3.29E+08,6785,6785,6349,6733
14.5166,3.29E+08,6786,6786,6350,6735
15.3234,3.29E+08,6790,6790,6352,6736
14.8925,3.29E+08,6790,6790,6352,6738
15.3694,3.29E+08,6792,6792,6353,6740
16.4936,3.29E+08,6794,6794,6353,6740
12.7858,3.29E+08,6795,6795,6354,6744
13.1631,3.29E+08,6797,6797,6356,6746
13.9726,3.29E+08,6797,6797,6356,6747
14.0559,3.29E+08,6797,6797,6357,6748
13.7075,3.29E+08,6798,6798,6357,6750
12.4632,3.29E+08,6799,6799,6357,6754
12.9274,3.29E+08,6801,6801,6359,6756
14.7547,3.29E+08,6801,6801,6359,6758
16.215,3.29E+08,6802,6802,6360,6760
14.6283,3.29E+08,6802,6802,6360,6762
13.8885,3.29E+08,6806,6806,6363,6766
11.5459,3.29E+08,6807,6807,6364,6769
14.8105,3.29E+08,6812,6812,6364,6769
15.8407,3.29E+08,6813,6813,6364,6771
14.0559,3.29E+08,6813,6813,6365,6773
14.5166,3.29E+08,6816,6816,6365,6779
17.3082,3.29E+08,6816,6816,6366,6779
15.5463,3.29E+08,6816,6816,6368,6780
14.7957,3.29E+08,6819,6819,6370,6781
15.5619,3.29E+08,6823,6823,6377,6788
14.9632,3.29E+08,6823,6823,6378,6788
14.7252,3.29E+08,6825,6825,6378,6791
14.279,3.29E+08,6827,6827,6378,6791
16.4149,3.29E+08,6829,6829,6378,6792
14.4049,3.29E+08,6834,6834,6380,6793
14.1674,3.29E+08,6835,6835,6382,6794
14.0001,3.29E+08,6835,6835,6383,6794
16.8447,3.29E+08,6836,6836,6383,6797
14.9074,3.29E+08,6839,6839,6384,6803
15.3388,3.29E+08,6840,6840,6386,6804
16.1916,3.29E+08,6841,6841,6386,6804
15.0041,3.29E+08,6842,6842,6388,6806
14.3905,3.29E+08,6842,6842,6388,6807
14.9074,3.29E+08,6843,6843,6388,6809
14.8925,3.29E+08,6843,6843,6389,6810
14.6282,3.29E+08,6843,6843,6389,6810
14.6136,3.29E+08,6846,6846,6389,6812
15.3136,3.29E+08,6847,6847,6389,6813
13.7212,3.29E+08,6849,6849,6390,6815
16.215,3.29E+08,6850,6850,6390,6817
15.9682,3.29E+08,6851,6851,6391,6818
16.1916,3.29E+08,6852,6852,6391,6818
14.2933,3.29E+08,6853,6853,6394,6820
13.8189,3.29E+08,6853,6853,6399,6820
14.084,3.29E+08,6855,6855,6404,6824
14.7105,3.30E+08,6856,6856,6404,6824
14.279,3.30E+08,6861,6861,6405,6825
15.5774,3.30E+08,6862,6862,6405,6825
14.3491,3.30E+08,6863,6863,6406,6826
15.3945,3.30E+08,6863,6863,6409,6826
16.7332,3.30E+08,6865,6865,6411,6827
15.9682,3.30E+08,6868,6867,6411,6827
14.1674,3.30E+08,6869,6869,6412,6830
14.6841,3.30E+08,6872,6872,6413,6830
13.8885,3.30E+08,6872,6872,6415,6832
13.6097,3.30E+08,6874,6874,6417,6832
16.1357,3.30E+08,6876,6876,6419,6833
15.0041,3.30E+08,6877,6877,6419,6834
15.4099,3.30E+08,6877,6877,6419,6835
14.5724,3.30E+08,6877,6877,6419,6837
16.0478,3.30E+08,6878,6878,6421,6840
15.7048,3.30E+08,6882,6882,6422,6840
14.9483,3.30E+08,6882,6882,6423,6840
15.0041,3.30E+08,6885,6885,6423,6843
15.6176,3.30E+08,6888,6888,6427,6844
15.1866,3.30E+08,6890,6890,6428,6846
11.4901,3.30E+08,6892,6892,6429,6847
15.3945,3.30E+08,6896,6896,6432,6851
15.3541,3.30E+08,6897,6897,6433,6852
14.9483,3.30E+08,6898,6898,6434,6858
16.0241,3.30E+08,6899,6899,6435,6858
15.9523,3.30E+08,6903,6903,6436,6863
15.2983,3.30E+08,6903,6903,6437,6863
14.781,3.30E+08,6904,6904,6440,6865
14.9483,3.30E+08,6904,6904,6441,6868
14.8106,3.30E+08,6905,6905,6442,6869
14.7809,3.30E+08,6906,6906,6442,6870
15.8407,3.30E+08,6907,6907,6444,6871
15.2272,3.30E+08,6910,6910,6445,6872
14.7399,3.30E+08,6911,6911,6446,6874
15.0599,3.30E+08,6914,6914,6446,6874
15.4253,3.30E+08,6914,6914,6447,6876
15.2272,3.30E+08,6915,6915,6448,6879
15.212,3.30E+08,6915,6915,6448,6884
16.096,3.30E+08,6915,6915,6449,6886
15.212,3.30E+08,6916,6916,6450,6886
15.8008,3.30E+08,6916,6916,6450,6887
15.7449,3.30E+08,6916,6916,6450,6888
15.9682,3.30E+08,6918,6918,6451,6891
14.9483,3.30E+08,6926,6926,6452,6891
15.6577,3.30E+08,6928,6928,6453,6892
15.0191,3.30E+08,6929,6929,6453,6892
14.6694,3.30E+08,6929,6929,6454,6893
16.4149,3.30E+08,6935,6935,6456,6893
13.9024,3.30E+08,6935,6935,6459,6895
15.5619,3.30E+08,6935,6935,6461,6896
15.0599,3.30E+08,6935,6935,6462,6897
15.9523,3.30E+08,6936,6936,6464,6899
15.09,3.30E+08,6943,6943,6466,6902
14.0975,3.30E+08,6943,6943,6466,6902
13.5251,3.30E+08,6946,6946,6468,6902
13.8608,3.30E+08,6946,6946,6470,6904
14.6016,3.30E+08,6947,6947,6473,6904
14.5433,3.30E+08,6947,6947,6474,6906
14.5021,3.30E+08,6947,6947,6474,6907
16.4707,3.30E+08,6949,6949,6476,6907
15.4503,3.30E+08,6950,6950,6477,6908
15.3541,3.30E+08,6950,6950,6477,6911
14.4463,3.30E+08,6950,6950,6478,6912
15.3541,3.30E+08,6954,6954,6479,6912
16.0081,3.30E+08,6954,6954,6480,6913
14.9483,3.30E+08,6954,6954,6485,6916
15.3541,3.30E+08,6955,6955,6485,6916
14.4463,3.30E+08,6956,6956,6487,6918
14.8664,3.30E+08,6957,6957,6488,6919
14.209,3.30E+08,6958,6958,6489,6925
14.0141,3.30E+08,6958,6958,6489,6926
14.1816,3.30E+08,6959,6959,6492,6926
14.8219,3.30E+08,6959,6959,6494,6930
14.5166,3.30E+08,6961,6961,6494,6931
14.3347,3.30E+08,6964,6964,6494,6933
14.4049,3.30E+08,6964,6964,6495,6935
14.5166,3.30E+08,6969,6969,6496,6936
16.0241,3.30E+08,6970,6970,6497,6936
14.8219,3.30E+08,6971,6971,6497,6937
14.8516,3.30E+08,6972,6972,6497,6940
15.785,3.30E+08,6975,6975,6498,6942
14.5578,3.30E+08,6979,6979,6499,6944
15.0749,3.30E+08,6979,6979,6499,6947
15.5619,3.30E+08,6981,6981,6500,6948
15.5216,3.30E+08,6984,6984,6500,6948
15.7449,3.30E+08,6986,6986,6501,6949
15.1563,3.30E+08,6986,6986,6503,6954
16.0241,3.30E+08,6986,6986,6504,6955
15.2272,3.30E+08,6988,6988,6504,6957
14.9074,3.30E+08,6990,6990,6504,6959
15.9124,3.30E+08,6991,6991,6506,6960
16.2869,3.30E+08,6993,6993,6508,6964
16.287,3.30E+08,6995,6995,6509,6964
14.279,3.30E+08,6996,6996,6509,6969
14.8516,3.30E+08,6996,6996,6510,6970
15.2272,3.30E+08,7000,7000,6510,6971
15.1459,3.30E+08,7000,7000,6511,6972
15.4349,3.30E+08,7002,7002,6513,6976
14.2933,3.30E+08,7003,7003,6513,6977
15.5774,3.30E+08,7004,7004,6513,6978
14.4463,3.30E+08,7004,7004,6515,6978
14.2933,3.30E+08,7005,7005,6516,6979
15.5061,3.30E+08,7006,7006,6516,6981
14.5579,3.30E+08,7008,7008,6516,6985
15.3945,3.30E+08,7012,7012,6516,6989
15.7048,3.30E+08,7014,7014,6518,6990
15.212,3.30E+08,7015,7015,6519,6990
15.2272,3.30E+08,7017,7017,6519,6990
16.7499,3.30E+08,7018,7018,6520,6990
15.7849,3.30E+08,7019,7019,6521,6993
14.9782,3.30E+08,7022,7022,6521,6994
13.9304,3.30E+08,7025,7025,6521,6996
15.0749,3.30E+08,7026,7026,6522,6999
14.7252,3.30E+08,7026,7026,6525,7000
15.2272,3.30E+08,7027,7027,6525,7005
14.9782,3.30E+08,7030,7030,6527,7006
15.2677,3.30E+08,7030,7030,6528,7006
16.3196,3.30E+08,7032,7032,6529,7007
14.9334,3.30E+08,7032,7032,6530,7010
17.1408,3.30E+08,7033,7033,6531,7015
14.7399,3.30E+08,7037,7037,6534,7017
14.6548,3.30E+08,7039,7039,6535,7017
14.8106,3.30E+08,7040,7040,6535,7017
15.3792,3.30E+08,7040,7040,6536,7020
14.8516,3.30E+08,7041,7041,6536,7024
16.0081,3.30E+08,7041,7041,6538,7025
15.0191,3.30E+08,7046,7046,6538,7026
16.3427,3.30E+08,7046,7046,6539,7028
14.781,3.30E+08,7047,7047,6540,7028
14.5724,3.30E+08,7047,7047,6542,7028
15.2272,3.30E+08,7050,7050,6543,7031
15.1303,3.30E+08,7053,7053,6543,7032
15.6738,3.30E+08,7053,7053,6543,7032
14.7399,3.30E+08,7054,7054,6544,7032
14.8368,3.30E+08,7055,7055,6546,7036
15.4498,3.30E+08,7056,7056,6546,7039
15.5779,3.30E+08,7056,7056,6547,7040
15.9523,3.30E+08,7056,7056,6548,7041
13.2883,3.30E+08,7057,7057,6548,7042
15.8965,3.30E+08,7057,7057,6548,7043
15.4658,3.30E+08,7057,7057,6549,7044
13.6229,3.30E+08,7060,7060,6551,7044
15.9368,3.30E+08,7062,7062,6552,7047
13.0646,3.30E+08,7063,7063,6552,7047
15.7854,3.30E+08,7064,7064,6553,7048
15.5774,3.30E+08,7067,7067,6553,7059
16.5659,3.30E+08,7067,7067,6555,7060
15.0749,3.30E+08,7069,7070,6555,7062
16.0639,3.30E+08,7071,7071,6556,7063
15.6734,3.30E+08,7074,7074,6560,7064
16.2474,3.30E+08,7074,7074,6562,7064
15.9683,3.30E+08,7077,7077,6562,7065
14.8921,3.30E+08,7083,7083,6562,7065
12.8291,3.30E+08,7085,7085,6566,7067
16.2078,3.30E+08,7086,7086,6566,7069
15.1714,3.30E+08,7087,7087,6567,7073
15.6019,3.30E+08,7088,7088,6569,7073
16.7501,3.30E+08,7088,7088,6571,7076
17.7372,3.30E+08,7089,7089,6572,7076
16.1519,3.30E+08,7091,7091,6574,7077
15.4906,3.30E+08,7094,7094,6577,7078
16.8058,3.30E+08,7096,7096,6578,7080
14.7252,3.30E+08,7100,7100,6579,7081
14.4608,3.30E+08,7102,7102,6580,7084
14.5021,3.30E+08,7104,7104,6582,7084
14.6694,3.30E+08,7105,7105,6582,7085
14.1816,3.30E+08,7105,7105,6583,7087
15.6176,3.30E+08,7106,7106,6584,7087
16.4149,3.30E+08,7107,7107,6584,7088
15.8965,3.30E+08,7107,7107,6586,7090
15.0041,3.30E+08,7108,7108,6587,7090
15.3694,3.30E+08,7109,7109,6587,7091
15.3234,3.30E+08,7110,7110,6587,7092
14.2933,3.30E+08,7111,7111,6588,7093
16.1357,3.30E+08,7113,7113,6588,7095
16.1754,3.30E+08,7116,7116,6588,7096
15.5216,3.30E+08,7117,7117,6588,7096
15.7292,3.30E+08,7120,7120,6590,7096
14.7958,3.30E+08,7122,7122,6590,7097
16.1593,3.30E+08,7123,7123,6591,7099
16.6549,3.30E+08,7124,7124,6591,7102
13.819,3.30E+08,7126,7126,6593,7104
15.6489,3.30E+08,7126,7126,6594,7105
13.7629,3.30E+08,7126,7126,6595,7106
11.6136,3.30E+08,7126,7126,6596,7109
12.4383,3.30E+08,7127,7128,6596,7111
14.8368,3.30E+08,7133,7133,6600,7111
14.4608,3.30E+08,7133,7133,6600,7113
15.283,3.30E+08,7133,7133,6602,7114
15.1862,3.30E+08,7134,7134,6603,7114
15.9528,3.30E+08,7135,7135,6605,7122
14.7399,3.30E+08,7136,7136,6605,7122
14.9483,3.30E+08,7136,7136,6610,7123
14.8368,3.30E+08,7136,7136,6611,7126
14.084,3.30E+08,7137,7137,6611,7130
15.7692,3.30E+08,7138,7138,6612,7130
16.599,3.30E+08,7139,7139,6612,7130
15.212,3.30E+08,7140,7140,6613,7131
15.4099,3.30E+08,7141,7141,6613,7132
14.5724,3.30E+08,7141,7141,6615,7133
15.283,3.30E+08,7143,7143,6615,7133
15.283,3.30E+08,7144,7144,6615,7134
17.0121,3.30E+08,7145,7145,6615,7134
14.7957,3.30E+08,7149,7149,6616,7135
12.9961,3.30E+08,7150,7150,6616,7135
12.5066,3.30E+08,7152,7152,6618,7135
14.1674,3.30E+08,7153,7152,6618,7135
16.6382,3.30E+08,7153,7153,6619,7136
14.279,3.30E+08,7153,7153,6620,7138
16.287,3.30E+08,7154,7154,6621,7139
15.7048,3.30E+08,7154,7154,6622,7139
15.8249,3.30E+08,7154,7154,6623,7140
15.0749,3.30E+08,7155,7155,6623,7141
15.1308,3.30E+08,7155,7155,6625,7144
15.0448,3.30E+08,7156,7156,6628,7145
14.0141,3.30E+08,7157,7157,6629,7149
16.287,3.30E+08,7159,7159,6630,7149
14.1958,3.30E+08,7164,7164,6630,7151
15.8807,3.30E+08,7168,7168,6630,7151
17.102,3.30E+08,7172,7172,6631,7153
14.8777,3.30E+08,7173,7173,6634,7153
17.7372,3.30E+08,7173,7173,6634,7154
15.2018,3.30E+08,7174,7174,6635,7154
14.3205,3.30E+08,7176,7176,6637,7155
14.5166,3.30E+08,7177,7177,6638,7156
15.0599,3.30E+08,7179,7179,6638,7157
15.4099,3.30E+08,7182,7182,6638,7158
15.8965,3.30E+08,7183,7183,6639,7159
15.6176,3.30E+08,7184,7184,6639,7159
15.4099,3.30E+08,7185,7185,6641,7159
15.0041,3.30E+08,7185,7185,6641,7159
15.6333,3.30E+08,7185,7185,6643,7160
16.5659,3.30E+08,7186,7186,6644,7161
15.7048,3.30E+08,7188,7188,6644,7161
15.3945,3.30E+08,7188,7188,6644,7161
15.3791,3.30E+08,7188,7188,6646,7166
14.5166,3.30E+08,7190,7190,6647,7166
14.3905,3.30E+08,7190,7190,6647,7167
13.8466,3.30E+08,7190,7190,6649,7167
16.287,3.30E+08,7190,7190,6649,7168
14.7547,3.30E+08,7190,7190,6649,7168
15.6578,3.30E+08,7191,7191,6651,7169
14.6694,3.30E+08,7192,7192,6651,7169
14.8516,3.30E+08,7192,7192,6652,7170
15.5774,3.30E+08,7193,7193,6652,7170
15.5061,3.30E+08,7193,7193,6654,7171
15.0191,3.30E+08,7194,7194,6654,7176
15.6891,3.30E+08,7194,7194,6655,7176
13.2192,3.30E+08,7195,7195,6657,7176
11.3672,3.30E+08,7196,7196,6657,7177
13.0091,3.30E+08,7197,7197,6658,7177
15.4503,3.30E+08,7198,7198,6658,7180
14.9632,3.30E+08,7199,7199,6659,7180
16.2474,3.30E+08,7199,7199,6659,7182
14.2232,3.30E+08,7200,7200,6659,7184
14.7252,3.30E+08,7200,7200,6660,7185
16.9732,3.30E+08,7200,7200,6661,7185
14.1674,3.30E+08,7200,7200,6663,7185
15.3388,3.30E+08,7201,7201,6663,7185
14.1816,3.30E+08,7201,7201,6663,7186
15.6176,3.30E+08,7202,7202,6663,7186
14.4608,3.30E+08,7203,7203,6664,7194
16.5096,3.30E+08,7203,7203,6666,7194
15.3392,3.30E+08,7205,7205,6666,7195
15.2577,3.30E+08,7205,7205,6666,7195
15.8249,3.30E+08,7208,7208,6666,7195
15.7607,3.30E+08,7209,7209,6667,7197
16.0639,3.30E+08,7209,7209,6667,7199
15.2272,3.30E+08,7211,7211,6668,7200
15.6734,3.30E+08,7211,7211,6669,7201
14.4463,3.30E+08,7214,7213,6670,7201
15.1866,3.30E+08,7215,7215,6672,7202
15.8965,3.30E+08,7215,7215,6672,7203
15.4099,3.30E+08,7218,7218,6673,7204
15.6734,3.30E+08,7220,7219,6673,7204
14.9633,3.30E+08,7220,7220,6674,7208
15.4658,3.30E+08,7221,7221,6674,7208
14.9891,3.30E+08,7222,7222,6675,7209
14.5166,3.30E+08,7223,7223,6675,7210
15.7292,3.30E+08,7223,7223,6678,7211
16.8057,3.30E+08,7223,7223,6679,7212
15.3945,3.30E+08,7224,7224,6679,7213
13.8466,3.30E+08,7224,7224,6679,7214
12.2829,3.30E+08,7227,7227,6680,7215
11.9802,3.30E+08,7227,7227,6681,7215
14.811,3.30E+08,7230,7230,6682,7215
14.7662,3.30E+08,7233,7233,6685,7216
14.6429,3.30E+08,7233,7233,6686,7219
15.3792,3.30E+08,7233,7233,6686,7220
15.6489,3.30E+08,7234,7234,6686,7221
16.1754,3.30E+08,7235,7234,6686,7222
15.3945,3.30E+08,7236,7236,6689,7223
15.1714,3.30E+08,7238,7238,6689,7224
14.6694,3.30E+08,7239,7239,6689,7225
15.0749,3.30E+08,7240,7240,6690,7228
14.5579,3.30E+08,7242,7242,6690,7230
14.0699,3.30E+08,7242,7242,6691,7231
14.5021,3.30E+08,7247,7247,6691,7232
14.7399,3.30E+08,7248,7248,6691,7234
14.4463,3.30E+08,7249,7249,6692,7235
15.2424,3.30E+08,7249,7249,6693,7236
16.0639,3.30E+08,7250,7250,6695,7236
14.1674,3.30E+08,7252,7252,6695,7237
15.5216,3.30E+08,7255,7254,6696,7241
15.5061,3.30E+08,7255,7255,6696,7241
14.5166,3.30E+08,7255,7255,6697,7244
15.0037,3.30E+08,7258,7258,6698,7245
15.0602,3.30E+08,7259,7259,6698,7246
16.3591,3.30E+08,7259,7259,6698,7248
15.5619,3.30E+08,7260,7260,6700,7248
14.9633,3.30E+08,7260,7260,6701,7248
15.6891,3.30E+08,7261,7261,6701,7248
15.9364,3.30E+08,7262,7262,6703,7250
13.7908,3.30E+08,7263,7263,6704,7251
17.1402,3.30E+08,7263,7263,6704,7251
17.9051,3.30E+08,7263,7263,6704,7252
14.8368,3.30E+08,7264,7264,6704,7253
16.4149,3.30E+08,7266,7266,6706,7253
13.4981,3.30E+08,7268,7268,6707,7254
15.0191,3.30E+08,7268,7268,6708,7255
15.0749,3.30E+08,7271,7271,6709,7255
15.4906,3.30E+08,7272,7272,6711,7255
15.9124,3.30E+08,7272,7272,6711,7256
16.0634,3.30E+08,7274,7274,6712,7257
12.8419,3.30E+08,7275,7275,6713,7258
12.8845,3.30E+08,7276,7276,6714,7259
14.0001,3.30E+08,7277,7277,6715,7259
13.0091,3.30E+08,7277,7277,6716,7260
15.8008,3.30E+08,7279,7279,6717,7261
14.1116,3.30E+08,7279,7279,6717,7262
13.9443,3.30E+08,7281,7281,6717,7262
14.2374,3.30E+08,7281,7281,6718,7263
14.5166,3.30E+08,7281,7281,6718,7267
14.6402,3.30E+08,7281,7281,6718,7269
15.0341,3.30E+08,7282,7282,6719,7272
11.8806,3.30E+08,7286,7286,6719,7272
14.3491,3.30E+08,7287,7287,6721,7272
13.065,3.30E+08,7287,7288,6721,7272
15.283,3.30E+08,7288,7288,6721,7277
15.6891,3.30E+08,7288,7288,6724,7279
14.3491,3.30E+08,7289,7289,6724,7280
14.8216,3.30E+08,7289,7289,6726,7281
11.055,3.30E+08,7289,7289,6726,7281
11.5577,3.30E+08,7290,7290,6728,7283
14.0418,3.30E+08,7290,7290,6729,7284
14.0281,3.30E+08,7292,7292,6730,7285
14.9334,3.30E+08,7293,7293,6730,7285
15.2424,3.30E+08,7294,7294,6732,7287
15.2272,3.30E+08,7294,7294,6733,7288
14.5579,3.30E+08,7294,7294,6733,7289
15.7607,3.30E+08,7296,7296,6733,7291
16.2707,3.30E+08,7297,7297,6734,7292
15.1866,3.30E+08,7298,7298,6735,7293
15.6333,3.30E+08,7299,7299,6739,7295
16.2312,3.30E+08,7300,7300,6739,7295
15.3945,3.30E+08,7300,7300,6739,7295
15.6177,3.30E+08,7302,7302,6740,7295
14.4049,3.30E+08,7302,7302,6741,7296
14.1117,3.30E+08,7302,7302,6742,7296
15.8008,3.30E+08,7303,7303,6742,7297
15.2424,3.30E+08,7305,7305,6742,7299
15.8407,3.30E+08,7305,7305,6742,7299
16.1754,3.30E+08,7306,7306,6743,7299
14.7252,3.30E+08,7307,7307,6743,7299
13.8466,3.30E+08,7307,7307,6743,7300
14.6136,3.30E+08,7307,7307,6744,7301
14.4749,3.30E+08,7308,7308,6745,7305
14.1678,3.30E+08,7310,7310,6745,7306
13.1208,3.30E+08,7311,7311,6748,7306
15.785,3.30E+08,7312,7312,6749,7306
15.0041,3.30E+08,7312,7312,6751,7309
14.7399,3.30E+08,7313,7313,6752,7309
12.0475,3.30E+08,7314,7314,6754,7314
12.6186,3.30E+08,7315,7315,6754,7314
15.3792,3.30E+08,7316,7316,6755,7315
14.9633,3.30E+08,7318,7318,6756,7317
14.9483,3.30E+08,7318,7318,6756,7317
14.6837,3.30E+08,7318,7318,6757,7318
16.1759,3.30E+08,7318,7318,6757,7319
14.7252,3.30E+08,7320,7320,6757,7319
15.5216,3.30E+08,7320,7320,6758,7320
15.8407,3.30E+08,7321,7321,6759,7321
15.3541,3.30E+08,7321,7321,6760,7322
15.1156,3.30E+08,7321,7321,6760,7326
16.0639,3.30E+08,7322,7322,6760,7328
15.2577,3.30E+08,7325,7325,6762,7328
13.9858,3.30E+08,7325,7325,6763,7330
14.9078,3.30E+08,7325,7325,6764,7330
15.4658,3.30E+08,7326,7326,6765,7331
15.3945,3.30E+08,7326,7326,6765,7333
14.9483,3.30E+08,7326,7326,6765,7334
14.6136,3.30E+08,7328,7328,6765,7334
14.587,3.30E+08,7328,7328,6766,7335
15.7692,3.30E+08,7332,7333,6766,7336
14.4752,3.30E+08,7333,7333,6766,7336
15.6177,3.30E+08,7333,7333,6766,7340
15.3388,3.30E+08,7333,7333,6767,7341
15.4099,3.30E+08,7335,7335,6767,7341
14.1251,3.30E+08,7335,7335,6769,7342
14.0563,3.30E+08,7335,7335,6769,7345
14.8368,3.30E+08,7335,7335,6769,7347
15.3541,3.30E+08,7339,7339,6769,7348
16.3822,3.30E+08,7339,7339,6770,7348
15.5774,3.30E+08,7341,7341,6770,7348
14.9483,3.30E+08,7341,7341,6770,7350
14.7252,3.30E+08,7343,7343,6771,7351
14.0281,3.30E+08,7344,7344,6772,7353
15.0448,3.30E+08,7345,7345,6772,7353
15.0749,3.30E+08,7345,7345,6772,7354
15.6891,3.30E+08,7346,7346,6773,7355
15.1308,3.30E+08,7347,7347,6773,7355
15.785,3.30E+08,7349,7349,6774,7360
15.2677,3.30E+08,7349,7349,6774,7360
15.4812,3.30E+08,7349,7349,6776,7361
15.5619,3.30E+08,7351,7351,6777,7361
13.9439,3.30E+08,7352,7351,6778,7362
12.6187,3.30E+08,7352,7352,6778,7362
14.9633,3.30E+08,7359,7359,6780,7362
14.6694,3.30E+08,7359,7359,6780,7364
16.789,3.30E+08,7359,7359,6781,7368
14.5021,3.30E+08,7361,7361,6781,7368
15.1155,3.30E+08,7361,7361,6781,7369
15.5776,3.30E+08,7362,7362,6782,7370
14.0001,3.30E+08,7363,7363,6782,7370
15.7607,3.30E+08,7365,7365,6782,7371
16.1754,3.30E+08,7365,7365,6783,7372
14.3905,3.30E+08,7365,7365,6783,7372
15.5619,3.30E+08,7366,7366,6786,7372
15.785,3.30E+08,7366,7366,6786,7372
14.9074,3.30E+08,7368,7368,6789,7375
16.0241,3.30E+08,7368,7368,6790,7375
14.5288,3.30E+08,7371,7371,6794,7375
13.9164,3.30E+08,7373,7373,6795,7376
14.7958,3.30E+08,7374,7374,6796,7377
15.3945,3.30E+08,7374,7374,6796,7380
14.3905,3.30E+08,7375,7375,6797,7381
15.2018,3.30E+08,7375,7375,6797,7382
14.7105,3.30E+08,7376,7376,6798,7383
12.8416,3.30E+08,7376,7376,6798,7384
11.7573,3.30E+08,7377,7377,6799,7385
15.5365,3.30E+08,7379,7379,6801,7386
16.304,3.30E+08,7379,7379,6802,7387
14.3348,3.30E+08,7379,7379,6802,7387
14.9074,3.30E+08,7380,7380,6804,7390
14.9483,3.30E+08,7382,7382,6805,7390
14.7399,3.30E+08,7383,7383,6807,7390
15.8249,3.30E+08,7383,7383,6808,7395
15.0041,3.30E+08,7386,7386,6808,7396
13.5674,3.30E+08,7386,7386,6809,7397
14.3491,3.30E+08,7387,7387,6810,7397
14.7662,3.30E+08,7387,7387,6810,7399
14.0141,3.30E+08,7389,7389,6810,7400
15.6489,3.30E+08,7391,7391,6811,7401
14.1117,3.30E+08,7392,7392,6811,7401
15.785,3.30E+08,7393,7393,6811,7402
15.4099,3.30E+08,7393,7393,6811,7402
14.5579,3.30E+08,7396,7395,6813,7403
15.8566,3.30E+08,7397,7397,6815,7403
15.0599,3.30E+08,7398,7398,6816,7404
15.0191,3.30E+08,7399,7399,6817,7404
15.8807,3.30E+08,7400,7400,6817,7406
16.0241,3.30E+08,7400,7400,6817,7406
15.0191,3.30E+08,7403,7403,6818,7406
14.8219,3.30E+08,7404,7404,6818,7408
16.0401,3.30E+08,7405,7405,6819,7409
13.3175,3.30E+08,7406,7406,6819,7411
16.2474,3.30E+08,7410,7410,6820,7412
15.5619,3.30E+08,7410,7410,6821,7412
12.2271,3.30E+08,7411,7411,6823,7413
12.1161,3.30E+08,7412,7412,6824,7414
16.605,3.30E+08,7413,7413,6824,7415
14.5162,3.30E+08,7413,7413,6824,7415
14.7962,3.30E+08,7414,7414,6825,7415
15.0191,3.30E+08,7414,7415,6826,7416
14.4463,3.30E+08,7415,7415,6830,7416
15.4503,3.30E+08,7416,7416,6830,7420
16.2474,3.30E+08,7416,7416,6831,7423
16.789,3.30E+08,7416,7416,6832,7424
15.3945,3.30E+08,7418,7418,6832,7424
15.6333,3.30E+08,7418,7418,6832,7424
15.1866,3.30E+08,7419,7419,6832,7425
16.2707,3.30E+08,7419,7419,6833,7425
15.4503,3.30E+08,7421,7421,6833,7425
15.6891,3.30E+08,7422,7422,6834,7428
15.1714,3.30E+08,7423,7423,6835,7428
15.8725,3.30E+08,7423,7423,6835,7429
15.3388,3.30E+08,7423,7423,6836,7431
15.0749,3.30E+08,7424,7424,6837,7431
15.2272,3.30E+08,7426,7426,6837,7433
14.5575,3.30E+08,7427,7427,6837,7434
13.0653,3.30E+08,7427,7427,6839,7436
12.2152,3.30E+08,7427,7427,6839,7437
13.1635,3.30E+08,7427,7427,6840,7437
15.3945,3.30E+08,7428,7428,6840,7439
12.8974,3.30E+08,7429,7429,6840,7441
16.3985,3.30E+08,7429,7429,6841,7442
13.0091,3.30E+08,7432,7432,6842,7442
13.7212,3.30E+08,7433,7433,6845,7444
15.6891,3.30E+08,7435,7435,6846,7446
16.287,3.30E+08,7437,7437,6846,7447
14.7399,3.30E+08,7438,7438,6846,7448
14.5579,3.30E+08,7439,7439,6847,7450
15.8007,3.30E+08,7440,7440,6848,7454
14.5724,3.30E+08,7440,7440,6848,7455
13.3175,3.30E+08,7441,7441,6849,7455
15.1156,3.30E+08,7444,7444,6849,7456
14.5311,3.30E+08,7444,7444,6850,7459
14.3905,3.30E+08,7447,7447,6850,7461
13.8886,3.30E+08,7447,7447,6852,7461
14.9074,3.30E+08,7450,7450,6853,7462
14.781,3.30E+08,7452,7452,6854,7462
14.7399,3.30E+08,7456,7456,6854,7463
15.0041,3.30E+08,7457,7456,6855,7464
13.1766,3.30E+08,7458,7458,6855,7464
14.6694,3.30E+08,7459,7459,6858,7465
13.1208,3.30E+08,7459,7459,6860,7466
12.1595,3.30E+08,7459,7459,6860,7467
13.4981,3.30E+08,7463,7463,6863,7467
14.781,3.30E+08,7463,7463,6864,7467
13.8885,3.30E+08,7466,7466,6864,7468
15.5774,3.30E+08,7466,7466,6866,7468
15.9523,3.30E+08,7466,7466,6867,7470
17.6432,3.30E+08,7467,7466,6867,7470
13.8885,3.30E+08,7467,7467,6868,7471
15.3541,3.30E+08,7469,7469,6868,7472
16.0799,3.30E+08,7469,7469,6869,7472
15.8407,3.30E+08,7469,7469,6870,7473
15.5619,3.30E+08,7471,7471,6870,7475
16.0639,3.30E+08,7472,7472,6871,7475
14.9633,3.30E+08,7472,7472,6872,7479
15.7292,3.30E+08,7473,7473,6872,7479
15.4099,3.30E+08,7473,7473,6873,7479
15.7449,3.30E+08,7474,7474,6873,7479
16.2702,3.30E+08,7477,7477,6874,7481
14.7963,3.30E+08,7477,7477,6874,7481
16.0241,3.30E+08,7478,7478,6875,7484
15.3387,3.30E+08,7480,7480,6875,7484
15.0599,3.30E+08,7480,7480,6876,7484
14.5166,3.30E+08,7480,7480,6876,7484
15.3945,3.30E+08,7481,7481,6877,7485
15.2272,3.30E+08,7481,7481,6877,7486
15.9678,3.30E+08,7483,7483,6877,7487
15.8412,3.30E+08,7485,7485,6877,7487
13.3575,3.30E+08,7487,7487,6877,7488
11.8248,3.30E+08,7487,7487,6878,7489
12.3268,3.30E+08,7490,7490,6878,7489
15.2982,3.30E+08,7491,7491,6878,7489
14.5434,3.30E+08,7492,7492,6878,7489
12.6309,3.30E+08,7492,7492,6878,7489
13.7075,3.30E+08,7492,7493,6879,7491
14.6841,3.30E+08,7494,7494,6880,7492
13.3308,3.30E+08,7494,7495,6881,7492
13.3016,3.30E+08,7497,7497,6881,7492
15.1006,3.30E+08,7497,7497,6882,7493
14.5579,3.30E+08,7498,7498,6883,7493
16.4707,3.30E+08,7498,7498,6883,7495
14.7252,3.30E+08,7498,7498,6884,7495
15.5774,3.30E+08,7499,7499,6885,7495
14.4608,3.30E+08,7499,7499,6885,7495
14.8516,3.30E+08,7499,7500,6886,7497
15.3945,3.30E+08,7500,7500,6886,7498
15.3792,3.30E+08,7501,7501,6888,7498
15.593,3.30E+08,7501,7501,6889,7498
14.6137,3.30E+08,7502,7502,6890,7500
14.9633,3.30E+08,7502,7502,6891,7500
15.283,3.30E+08,7504,7504,6891,7502
13.9024,3.30E+08,7505,7505,6892,7503
13.5404,3.30E+08,7506,7506,6893,7503
10.9991,3.30E+08,7507,7507,6894,7504
12.2833,3.30E+08,7508,7508,6894,7505
13.0519,3.30E+08,7510,7510,6895,7506
15.5216,3.30E+08,7510,7510,6896,7506
15.9364,3.30E+08,7510,7510,6896,7508
14.9074,3.30E+08,7512,7512,6896,7508
15.2425,3.30E+08,7513,7513,6897,7513
15.8249,3.30E+08,7514,7514,6898,7514
14.6841,3.30E+08,7514,7514,6899,7515
17.1794,3.30E+08,7516,7516,6900,7515
14.1958,3.30E+08,7520,7520,6901,7517
15.1563,3.30E+08,7520,7520,6901,7517
14.9074,3.30E+08,7520,7520,6902,7521
16.7499,3.30E+08,7520,7521,6905,7521
15.1714,3.30E+08,7521,7521,6905,7521
15.3945,3.30E+08,7521,7521,6905,7522
15.6176,3.30E+08,7522,7522,6906,7522
15.6891,3.30E+08,7522,7522,6906,7523
16.6941,3.30E+08,7523,7523,6906,7525
15.4503,3.30E+08,7524,7524,6907,7526
15.2424,3.30E+08,7524,7524,6910,7527
15.0598,3.30E+08,7524,7524,6910,7528
16.1917,3.30E+08,7527,7527,6911,7529
13.777,3.30E+08,7529,7529,6912,7529
13.8466,3.30E+08,7531,7531,6912,7529
13.5403,3.30E+08,7532,7532,6912,7529
14.2374,3.30E+08,7533,7533,6912,7529
13.2189,3.30E+08,7533,7533,6916,7530
13.6658,3.30E+08,7535,7535,6919,7531
16.1916,3.30E+08,7535,7535,6919,7531
14.4049,3.30E+08,7536,7536,6920,7533
15.5061,3.30E+08,7536,7536,6921,7535
14.4049,3.30E+08,7536,7536,6921,7536
15.1866,3.30E+08,7536,7536,6922,7536
15.0599,3.30E+08,7536,7536,6922,7537
16.1196,3.30E+08,7537,7537,6923,7538
15.0041,3.30E+08,7537,7537,6923,7538
15.9682,3.30E+08,7544,7544,6923,7540
14.4608,3.30E+08,7544,7544,6924,7541
13.3865,3.30E+08,7545,7545,6924,7543
13.2883,3.30E+08,7545,7545,6924,7544
15.1714,3.30E+08,7545,7545,6924,7545
15.3792,3.30E+08,7546,7546,6924,7546
15.0749,3.30E+08,7547,7547,6924,7547
13.6093,3.30E+08,7547,7547,6926,7547
15.2987,3.30E+08,7547,7547,6928,7547
14.8925,3.30E+08,7548,7547,6928,7548
15.5774,3.30E+08,7548,7548,6931,7548
14.1674,3.30E+08,7550,7550,6931,7550
15.4658,3.30E+08,7554,7554,6932,7552
14.4463,3.30E+08,7556,7556,6932,7553
15.5061,3.30E+08,7557,7557,6933,7555
14.8516,3.30E+08,7557,7557,6934,7556
14.7958,3.30E+08,7558,7558,6934,7556
15.8003,3.30E+08,7558,7558,6937,7558
14.2232,3.30E+08,7559,7559,6937,7558
17.0125,3.30E+08,7560,7560,6938,7559
16.1754,3.30E+08,7560,7560,6939,7559
14.7399,3.30E+08,7563,7563,6939,7560
15.7292,3.30E+08,7563,7563,6940,7560
15.4503,3.30E+08,7565,7565,6942,7560
14.5724,3.30E+08,7566,7566,6943,7563
15.3945,3.30E+08,7567,7566,6944,7565
15.5619,3.30E+08,7567,7567,6945,7565
15.2018,3.30E+08,7567,7567,6945,7568
16.0478,3.30E+08,7568,7568,6946,7570
14.7399,3.30E+08,7569,7569,6948,7574
14.5579,3.30E+08,7571,7571,6948,7575
16.1519,3.30E+08,7571,7571,6950,7576
14.6694,3.30E+08,7571,7571,6951,7576
15.2677,3.30E+08,7572,7572,6952,7576
15.4813,3.30E+08,7572,7572,6953,7576
15.3234,3.30E+08,7572,7572,6954,7576
14.5166,3.30E+08,7572,7572,6955,7577
15.2983,3.30E+08,7575,7575,6957,7577
13.9997,3.30E+08,7577,7577,6957,7578
13.2329,3.30E+08,7577,7577,6958,7578
14.2232,3.30E+08,7578,7578,6959,7579
16.0639,3.30E+08,7579,7579,6959,7582
14.0001,3.30E+08,7579,7579,6959,7582
15.593,3.30E+08,7580,7580,6962,7583
14.7105,3.30E+08,7582,7582,6963,7584
12.3949,3.30E+08,7584,7584,6965,7584
13.8886,3.30E+08,7584,7584,6965,7584
16.7108,3.30E+08,7585,7585,6966,7586
14.3762,3.30E+08,7586,7586,6966,7586
15.5216,3.30E+08,7586,7586,6966,7586
14.5724,3.30E+08,7587,7587,6966,7587
14.7252,3.30E+08,7587,7587,6966,7588
13.7908,3.30E+08,7588,7588,6967,7589
14.7105,3.30E+08,7588,7588,6967,7589
16.9732,3.30E+08,7589,7589,6968,7591
15.0599,3.30E+08,7589,7589,6968,7591
13.8328,3.30E+08,7591,7591,6968,7591
14.1816,3.30E+08,7592,7591,6968,7592
14.279,3.30E+08,7592,7592,6969,7593
15.5371,3.30E+08,7594,7594,6969,7596
13.8328,3.30E+08,7596,7596,6969,7597
14.5021,3.30E+08,7600,7600,6970,7597
14.6282,3.30E+08,7602,7602,6970,7599
13.163,3.30E+08,7602,7602,6971,7601
13.9029,3.30E+08,7602,7602,6973,7602
14.3348,3.30E+08,7603,7603,6973,7603
13.4558,3.30E+08,7605,7605,6973,7604
15.4349,3.30E+08,7605,7605,6973,7606
16.5427,3.30E+08,7605,7605,6974,7606
15.5623,3.30E+08,7606,7606,6974,7606
15.3234,3.30E+08,7606,7606,6974,7606
15.6333,3.30E+08,7606,7606,6974,7608
17.0849,3.30E+08,7607,7607,6974,7609
15.4658,3.30E+08,7607,7607,6974,7609
15.3945,3.30E+08,7607,7607,6975,7609
15.6734,3.30E+08,7608,7608,6975,7610
16.9733,3.30E+08,7611,7611,6976,7610
16.287,3.30E+08,7611,7611,6976,7611
14.6841,3.30E+08,7612,7612,6977,7611
15.8249,3.30E+08,7615,7615,6977,7612
13.5252,3.30E+08,7616,7616,6978,7612
14.5579,3.30E+08,7617,7617,6979,7612
12.2833,3.30E+08,7617,7617,6979,7612
14.2644,3.30E+08,7618,7618,6979,7612
14.4053,3.30E+08,7619,7619,6980,7612
14.6137,3.30E+08,7620,7620,6981,7612
13.275,3.30E+08,7624,7624,6981,7613
15.2424,3.30E+08,7624,7624,6982,7615
13.4981,3.30E+08,7624,7624,6982,7615
15.7048,3.30E+08,7625,7625,6983,7616
14.279,3.30E+08,7625,7625,6983,7617
13.6655,3.30E+08,7626,7626,6983,7617
14.6283,3.30E+08,7626,7626,6983,7617
14.0001,3.30E+08,7626,7626,6984,7617
15.6891,3.30E+08,7626,7626,6984,7618
16.3428,3.30E+08,7628,7628,6984,7618
14.9633,3.30E+08,7628,7628,6984,7619
15.8965,3.30E+08,7628,7628,6984,7620
15.3792,3.30E+08,7628,7628,6985,7623
15.3541,3.30E+08,7629,7629,6986,7623
15.0599,3.30E+08,7629,7629,6986,7625
16.2474,3.30E+08,7629,7630,6987,7625
14.7958,3.30E+08,7631,7631,6987,7625
15.5619,3.30E+08,7631,7631,6987,7627
15.2272,3.30E+08,7632,7632,6988,7627
14.6694,3.30E+08,7632,7632,6988,7627
14.6283,3.30E+08,7633,7633,6988,7627
14.7252,3.30E+08,7634,7634,6989,7628
14.9782,3.30E+08,7635,7635,6989,7629
15.1156,3.30E+08,7635,7635,6989,7629
14.9074,3.30E+08,7636,7636,6990,7629
14.3762,3.30E+08,7637,7637,6990,7630
15.9523,3.30E+08,7637,7637,6992,7630
16.7108,3.30E+08,7637,7637,6995,7631
15.0041,3.30E+08,7639,7639,6995,7632
15.4099,3.30E+08,7640,7640,6997,7633
14.4873,3.30E+08,7641,7641,6997,7633
14.9632,3.30E+08,7641,7641,6998,7634
13.0091,3.30E+08,7641,7641,6999,7634
15.4349,3.30E+08,7642,7641,6999,7636
14.8368,3.30E+08,7642,7642,7000,7636
14.8106,3.30E+08,7643,7643,7000,7637
15.3945,3.30E+08,7643,7643,7002,7638
15.5619,3.30E+08,7644,7644,7002,7640
14.7399,3.30E+08,7644,7644,7003,7640
15.6734,3.30E+08,7645,7645,7003,7642
14.781,3.30E+08,7645,7645,7004,7642
15.4812,3.30E+08,7646,7646,7004,7644
14.0001,3.30E+08,7646,7646,7004,7644
16.6382,3.30E+08,7647,7647,7004,7646
16.0639,3.30E+08,7647,7647,7005,7646
14.5579,3.30E+08,7648,7648,7007,7649
16.0241,3.30E+08,7649,7649,7009,7649
14.5021,3.30E+08,7649,7649,7010,7649
13.2883,3.30E+08,7650,7650,7013,7650
15.2272,3.30E+08,7651,7651,7013,7651
15.5216,3.30E+08,7652,7652,7013,7651
16.1196,3.30E+08,7652,7652,7013,7651
14.2374,3.30E+08,7653,7653,7014,7652
14.9483,3.30E+08,7653,7653,7014,7653
15.6021,3.30E+08,7653,7653,7015,7653
15.7449,3.30E+08,7654,7654,7015,7653
14.7399,3.30E+08,7654,7654,7015,7655
14.6137,3.30E+08,7655,7655,7016,7655
15.2424,3.30E+08,7656,7656,7016,7656
14.3905,3.30E+08,7658,7658,7016,7656
14.2232,3.30E+08,7660,7660,7017,7657
14.8925,3.30E+08,7661,7661,7017,7657
14.7957,3.30E+08,7662,7662,7017,7658
16.7499,3.30E+08,7663,7663,7018,7660
14.6137,3.30E+08,7664,7664,7019,7660
14.8516,3.30E+08,7665,7665,7019,7661
16.175,3.30E+08,7665,7665,7020,7661
14.3766,3.30E+08,7665,7665,7021,7662
14.9633,3.30E+08,7666,7666,7021,7662
16.4872,3.30E+08,7666,7666,7021,7663
14.7658,3.30E+08,7667,7667,7021,7663
13.0225,3.30E+08,7668,7668,7022,7663
14.2232,3.30E+08,7669,7669,7022,7664
14.5166,3.30E+08,7670,7670,7022,7664
14.6137,3.30E+08,7671,7671,7023,7665
15.7449,3.30E+08,7671,7671,7024,7665
16.2707,3.30E+08,7672,7672,7025,7667
16.9563,3.30E+08,7672,7672,7029,7667
14.7547,3.30E+08,7673,7673,7030,7668
14.4876,3.30E+08,7673,7673,7031,7668
15.4812,3.30E+08,7674,7674,7031,7670
13.7075,3.30E+08,7674,7674,7031,7671
11.066,3.30E+08,7675,7675,7031,7673
11.8248,3.30E+08,7676,7675,7033,7674
14.1533,3.30E+08,7676,7676,7033,7674
15.593,3.30E+08,7676,7676,7033,7675
15.1156,3.30E+08,7676,7676,7033,7675
13.5539,3.30E+08,7677,7677,7034,7676
15.6891,3.30E+08,7677,7677,7034,7677
13.7632,3.30E+08,7677,7677,7035,7677
15.6333,3.30E+08,7679,7679,7035,7678
16.2312,3.30E+08,7682,7682,7036,7678
14.1816,3.30E+08,7684,7684,7036,7682
15.6734,3.30E+08,7685,7685,7037,7683
15.7048,3.30E+08,7687,7687,7038,7684
15.1003,3.30E+08,7687,7687,7038,7684
14.0143,3.30E+08,7688,7688,7039,7687
14.5021,3.30E+08,7688,7688,7039,7687
15.785,3.30E+08,7688,7688,7039,7687
14.4753,3.30E+08,7690,7690,7040,7687
16.6774,3.30E+08,7690,7690,7040,7688
15.2983,3.30E+08,7690,7690,7041,7688
16.215,3.30E+08,7691,7691,7041,7690
14.1258,3.30E+08,7692,7692,7041,7690
15.7449,3.30E+08,7692,7692,7042,7691
15.283,3.30E+08,7692,7692,7043,7691
14.4463,3.30E+08,7694,7694,7043,7692
14.3491,3.30E+08,7694,7694,7043,7694
15.8965,3.30E+08,7695,7695,7044,7695
14.781,3.30E+08,7695,7695,7046,7696
14.6429,3.30E+08,7696,7696,7047,7697
15.1156,3.30E+08,7696,7696,7049,7698
14.0976,3.30E+08,7699,7699,7050,7698
14.2933,3.30E+08,7699,7699,7050,7698
15.283,3.30E+08,7699,7699,7051,7698
15.9284,3.30E+08,7701,7701,7051,7699
15.4503,3.30E+08,7701,7701,7053,7699
15.8566,3.30E+08,7702,7702,7054,7699
15.5057,3.30E+08,7703,7703,7054,7700
15.7296,3.30E+08,7703,7703,7054,7702
15.1866,3.30E+08,7705,7705,7054,7703
15.4906,3.30E+08,7707,7707,7056,7704
16.3591,3.30E+08,7707,7707,7057,7704
16.3591,3.30E+08,7707,7707,7058,7704
15.4658,3.30E+08,7707,7707,7058,7705
13.819,3.30E+08,7709,7709,7058,7705
14.9074,3.30E+08,7711,7711,7059,7706
14.4608,3.30E+08,7712,7712,7059,7706
15.7292,3.30E+08,7714,7714,7059,7706
15.0599,3.30E+08,7714,7714,7059,7706
14.6137,3.30E+08,7715,7715,7060,7707
14.5724,3.30E+08,7715,7715,7060,7708
13.6097,3.30E+08,7715,7715,7060,7708
14.1116,3.30E+08,7716,7715,7060,7709
16.0401,3.30E+08,7716,7716,7060,7710
14.8368,3.30E+08,7717,7717,7061,7710
14.4604,3.30E+08,7717,7717,7061,7710
15.0603,3.30E+08,7718,7718,7061,7711
14.8364,3.30E+08,7721,7721,7061,7713
15.2276,3.30E+08,7721,7721,7062,7714
14.5724,3.30E+08,7721,7721,7062,7714
15.5774,3.30E+08,7722,7722,7063,7714
15.6176,3.30E+08,7722,7722,7063,7714
14.5724,3.30E+08,7723,7723,7064,7714
15.3792,3.30E+08,7724,7724,7064,7714
15.0749,3.30E+08,7724,7724,7065,7715
14.0559,3.30E+08,7724,7724,7066,7716
14.781,3.30E+08,7724,7724,7066,7716
15.0191,3.30E+08,7727,7727,7066,7716
15.4503,3.30E+08,7729,7729,7067,7716
14.4753,3.30E+08,7729,7729,7067,7717
14.3205,3.30E+08,7729,7729,7068,7718
14.7958,3.30E+08,7729,7729,7069,7718
14.7806,3.30E+08,7729,7729,7069,7719
13.6658,3.30E+08,7729,7729,7070,7719
12.6309,3.30E+08,7730,7730,7070,7719
14.2232,3.30E+08,7730,7730,7070,7720
15.3541,3.30E+08,7731,7731,7071,7720
14.8925,3.30E+08,7733,7733,7071,7721
15.6176,3.30E+08,7734,7734,7071,7723
15.785,3.30E+08,7734,7734,7072,7723
14.3348,3.30E+08,7735,7735,7072,7723
14.3072,3.30E+08,7735,7735,7073,7723
13.2754,3.30E+08,7736,7736,7073,7724
15.2424,3.30E+08,7736,7736,7073,7725
16.0639,3.30E+08,7737,7737,7074,7726
14.9633,3.30E+08,7738,7738,7074,7726
15.6734,3.30E+08,7738,7738,7074,7727
14.9483,3.30E+08,7738,7738,7074,7728
16.2312,3.30E+08,7739,7739,7075,7728
14.7958,3.30E+08,7740,7740,7075,7728
14.9633,3.30E+08,7740,7740,7075,7728
16.5101,3.30E+08,7740,7740,7077,7729
15.3383,3.30E+08,7740,7740,7077,7730
14.6845,3.30E+08,7741,7741,7077,7730
15.0041,3.30E+08,7741,7741,7078,7732
15.673,3.30E+08,7742,7742,7079,7733
16.287,3.30E+08,7742,7742,7079,7734
15.187,3.30E+08,7742,7742,7080,7734
15.4099,3.30E+08,7743,7744,7080,7735
14.9633,3.30E+08,7745,7745,7082,7735
15.7692,3.30E+08,7745,7745,7083,7735
15.4503,3.30E+08,7747,7746,7085,7737
16.1916,3.30E+08,7747,7747,7085,7738
14.5579,3.30E+08,7749,7749,7085,7738
16.4149,3.30E+08,7750,7750,7086,7738
14.781,3.30E+08,7751,7751,7086,7738
15.2982,3.30E+08,7752,7752,7088,7738
15.3541,3.30E+08,7753,7753,7088,7738
14.4459,3.30E+08,7753,7753,7089,7738
14.5583,3.30E+08,7754,7754,7089,7738
14.4604,3.30E+08,7755,7755,7090,7738
13.1211,3.30E+08,7755,7755,7091,7739
13.9304,3.30E+08,7755,7755,7091,7739
14.7957,3.30E+08,7756,7756,7091,7739
14.2232,3.30E+08,7757,7757,7091,7739
16.3427,3.30E+08,7758,7758,7092,7741
14.8106,3.30E+08,7758,7758,7093,7741
15.6734,3.30E+08,7758,7758,7093,7741
14.8367,3.30E+08,7759,7759,7094,7741
14.6136,3.30E+08,7760,7760,7094,7743
15.1866,3.30E+08,7760,7760,7094,7743
16.0638,3.30E+08,7761,7761,7095,7743
15.8965,3.30E+08,7761,7761,7095,7744
13.8466,3.30E+08,7761,7761,7095,7744
15.3387,3.30E+08,7761,7761,7096,7744
17.3467,3.30E+08,7762,7762,7096,7745
14.9223,3.30E+08,7762,7762,7097,7745
16.9563,3.30E+08,7763,7763,7098,7747
16.0081,3.30E+08,7763,7763,7098,7748
15.2982,3.30E+08,7763,7763,7099,7749
15.4657,3.30E+08,7764,7764,7099,7749
14.9483,3.30E+08,7764,7764,7101,7749
14.5724,3.30E+08,7764,7764,7102,7749
15.5463,3.30E+08,7765,7765,7103,7750
15.2424,3.30E+08,7765,7765,7103,7750
15.8407,3.30E+08,7766,7766,7103,7750
16.5101,3.30E+08,7766,7766,7104,7752
15.2982,3.30E+08,7767,7767,7104,7753
13.9579,3.30E+08,7767,7767,7106,7754
12.5628,3.30E+08,7768,7768,7106,7755
15.3387,3.30E+08,7769,7769,7107,7755
16.3591,3.30E+08,7771,7771,7107,7755
15.602,3.30E+08,7772,7772,7107,7755
15.5774,3.30E+08,7774,7774,7108,7756
13.9583,3.30E+08,7775,7775,7108,7756
13.8747,3.30E+08,7775,7775,7109,7757
16.0799,3.30E+08,7777,7777,7109,7757
15.4099,3.30E+08,7777,7777,7109,7757
16.2312,3.30E+08,7778,7778,7110,7757
14.5166,3.30E+08,7778,7778,7111,7758
14.3905,3.30E+08,7779,7779,7111,7758
16.2474,3.30E+08,7780,7780,7112,7758
16.2707,3.30E+08,7780,7780,7112,7759
14.6283,3.30E+08,7781,7781,7113,7760
15.785,3.30E+08,7781,7781,7113,7761
14.7547,3.30E+08,7782,7782,7114,7761
15.0041,3.30E+08,7782,7782,7115,7762
14.0976,3.30E+08,7782,7782,7116,7762
15.0749,3.30E+08,7783,7783,7116,7764
14.5579,3.30E+08,7783,7783,7116,7765
15.0191,3.30E+08,7784,7783,7118,7765
15.2982,3.30E+08,7784,7784,7118,7766
14.1674,3.30E+08,7784,7784,7119,7766
14.6136,3.30E+08,7784,7784,7119,7766
15.0749,3.30E+08,7785,7785,7120,7766
15.4503,3.30E+08,7786,7786,7120,7767
15.3541,3.30E+08,7786,7786,7121,7767
14.0559,3.30E+08,7786,7786,7121,7768
16.3427,3.30E+08,7787,7787,7121,7768
15.3541,3.30E+08,7787,7787,7121,7768
14.9632,3.30E+08,7787,7787,7122,7768
14.209,3.30E+08,7788,7788,7122,7768
15.0749,3.30E+08,7788,7788,7123,7769
15.5774,3.30E+08,7788,7788,7124,7770
15.1156,3.30E+08,7789,7789,7124,7771
16.5266,3.30E+08,7790,7790,7125,7773
14.5724,3.30E+08,7791,7791,7125,7774
14.3762,3.30E+08,7791,7791,7126,7775
14.7958,3.30E+08,7792,7792,7126,7775
15.5061,3.30E+08,7793,7793,7127,7775
14.0001,3.30E+08,7793,7793,7127,7775
13.9722,3.30E+08,7793,7793,7127,7776
15.3945,3.30E+08,7795,7795,7128,7776
13.5674,3.30E+08,7795,7795,7128,7776
14.7252,3.30E+08,7795,7795,7128,7776
15.6333,3.30E+08,7795,7795,7128,7777
15.3945,3.30E+08,7796,7796,7129,7777
17.012,3.30E+08,7797,7797,7129,7777
13.9583,3.30E+08,7797,7797,7129,7778
15.1714,3.30E+08,7797,7797,7129,7779
15.0749,3.30E+08,7798,7798,7130,7780
13.5403,3.30E+08,7798,7798,7130,7780
16.5431,3.30E+08,7799,7799,7131,7780
15.4503,3.30E+08,7800,7800,7131,7780
15.9364,3.30E+08,7800,7800,7131,7781
15.1303,3.30E+08,7800,7800,7132,7782
14.0004,3.30E+08,7801,7801,7133,7782
14.6283,3.30E+08,7802,7802,7133,7782
14.7958,3.30E+08,7802,7802,7133,7783
15.3541,3.30E+08,7803,7803,7133,7783
16.5493,3.30E+08,7804,7804,7134,7785
14.4608,3.30E+08,7804,7804,7135,7786
13.6232,3.30E+08,7805,7805,7135,7786
13.0942,3.30E+08,7806,7806,7136,7787
13.8608,3.30E+08,7806,7806,7136,7787
13.819,3.30E+08,7806,7806,7137,7787
16.0401,3.30E+08,7807,7807,7137,7789
14.7252,3.30E+08,7808,7808,7138,7789
13.0388,3.30E+08,7808,7808,7138,7790
10.9539,3.30E+08,7809,7809,7138,7790
9.92834,3.30E+08,7809,7809,7139,7791
11.7811,3.30E+08,7809,7809,7140,7792
12.6614,3.30E+08,7810,7810,7141,7792
14.4049,3.30E+08,7810,7810,7141,7792
13.6096,3.30E+08,7810,7810,7141,7793
14.9334,3.30E+08,7810,7810,7142,7793
15.6489,3.30E+08,7810,7811,7142,7794
15.283,3.30E+08,7811,7811,7142,7795
16.1357,3.30E+08,7811,7811,7142,7796
15.9921,3.30E+08,7811,7811,7142,7796
15.1866,3.30E+08,7811,7811,7142,7797
16.4708,3.30E+08,7812,7812,7143,7797
15.1152,3.30E+08,7813,7813,7143,7797
13.177,3.30E+08,7814,7814,7143,7799
14.0559,3.30E+08,7814,7814,7143,7801
16.7499,3.30E+08,7814,7814,7143,7801
14.5579,3.30E+08,7815,7815,7144,7801
14.2374,3.30E+08,7815,7815,7144,7802
15.2272,3.30E+08,7816,7816,7144,7802
14.5433,3.30E+08,7816,7816,7145,7802
14.1816,3.30E+08,7816,7816,7146,7803
15.0599,3.30E+08,7816,7816,7146,7803
15.4253,3.30E+08,7817,7817,7146,7803
17.1622,3.30E+08,7817,7817,7146,7804
15.5216,3.30E+08,7817,7817,7146,7804
15.7292,3.30E+08,7818,7817,7147,7804
15.8965,3.30E+08,7818,7818,7147,7805
15.1308,3.30E+08,7818,7818,7148,7806
14.0141,3.30E+08,7819,7819,7149,7806
14.9483,3.30E+08,7819,7819,7150,7807
15.7292,3.30E+08,7820,7820,7150,7807
15.593,3.30E+08,7820,7820,7151,7810
15.2272,3.30E+08,7820,7820,7151,7810
15.8807,3.30E+08,7820,7820,7151,7811
15.4808,3.30E+08,7820,7820,7151,7811
14.4467,3.30E+08,7820,7820,7152,7812
14.9074,3.30E+08,7820,7820,7152,7812
13.9443,3.30E+08,7821,7821,7153,7812
14.2232,3.30E+08,7821,7821,7154,7813
11.0549,3.30E+08,7821,7821,7155,7813
11.9921,3.30E+08,7822,7822,7155,7813
11.6017,3.30E+08,7822,7822,7155,7813
13.8466,3.30E+08,7822,7823,7156,7813
15.6734,3.30E+08,7823,7823,7156,7814
15.6176,3.30E+08,7823,7823,7157,7815
15.3541,3.30E+08,7824,7824,7157,7815
14.8925,3.30E+08,7824,7824,7158,7815
14.1674,3.30E+08,7824,7824,7158,7816
14.5166,3.30E+08,7824,7824,7158,7816
15.6891,3.30E+08,7825,7825,7158,7816
15.785,3.30E+08,7825,7825,7159,7816
14.7958,3.30E+08,7826,7826,7159,7817
14.1674,3.30E+08,7826,7826,7159,7817
14.6283,3.30E+08,7827,7827,7160,7817
15.0041,3.30E+08,7827,7827,7160,7817
15.6176,3.30E+08,7827,7827,7160,7817
15.0041,3.30E+08,7828,7828,7161,7817
13.4558,3.30E+08,7828,7828,7162,7819
14.8367,3.30E+08,7829,7829,7162,7819
12.3391,3.30E+08,7829,7829,7162,7819
16.0241,3.30E+08,7829,7829,7162,7820
15.2272,3.30E+08,7831,7831,7163,7820
14.8367,3.30E+08,7832,7831,7164,7820
12.8974,3.30E+08,7832,7832,7164,7821
13.8328,3.30E+08,7832,7832,7165,7822
15.1714,3.30E+08,7832,7832,7165,7822
14.1257,3.30E+08,7832,7832,7165,7822
13.6097,3.30E+08,7833,7833,7166,7823
15.0749,3.30E+08,7834,7834,7166,7823
14.1257,3.30E+08,7835,7835,7167,7823
15.2272,3.30E+08,7835,7835,7168,7823
15.5061,3.30E+08,7836,7836,7169,7824
15.3387,3.30E+08,7836,7836,7169,7825
14.6988,3.30E+08,7837,7837,7169,7825
15.7135,3.30E+08,7837,7838,7170,7826
14.3344,3.30E+08,7838,7838,7170,7826
14.8668,3.30E+08,7838,7838,7170,7826
13.8747,3.30E+08,7839,7839,7171,7826
15.5774,3.30E+08,7839,7839,7171,7827
13.7908,3.30E+08,7840,7840,7172,7827
15.283,3.30E+08,7840,7840,7172,7827
15.6176,3.30E+08,7840,7840,7172,7828
14.279,3.30E+08,7840,7840,7173,7829
16.5266,3.30E+08,7841,7841,7173,7830
15.8566,3.30E+08,7841,7841,7173,7830
10.8871,3.30E+08,7841,7841,7174,7831
13.8332,3.30E+08,7841,7841,7174,7831
12.7299,3.30E+08,7842,7842,7174,7832
13.9861,3.30E+08,7842,7842,7174,7832
16.1916,3.30E+08,7842,7842,7174,7832
15.1156,3.30E+08,7843,7843,7175,7832
16.1358,3.30E+08,7843,7843,7175,7833
15.0191,3.30E+08,7843,7843,7176,7833
15.1714,3.30E+08,7843,7843,7176,7834
14.7957,3.30E+08,7844,7844,7176,7835
14.279,3.30E+08,7844,7844,7177,7835
16.1754,3.30E+08,7844,7844,7177,7836
15.4653,3.30E+08,7844,7844,7178,7836
15.9925,3.30E+08,7844,7844,7178,7836
14.6988,3.30E+08,7844,7844,7179,7837
16.1754,3.30E+08,7845,7845,7180,7837
13.8466,3.30E+08,7845,7845,7180,7837
14.5021,3.30E+08,7846,7846,7181,7837
17.0508,3.30E+08,7846,7846,7182,7838
14.9223,3.30E+08,7846,7846,7182,7838
12.4383,3.30E+08,7847,7847,7183,7838
13.5674,3.30E+08,7847,7847,7183,7839
13.8328,3.30E+08,7847,7847,7183,7839
13.8323,3.30E+08,7847,7847,7184,7841
13.2196,3.30E+08,7847,7847,7184,7841
13.1766,3.30E+08,7847,7847,7185,7841
13.6791,3.30E+08,7848,7848,7187,7841
13.6654,3.30E+08,7848,7848,7187,7841
14.8516,3.30E+08,7849,7849,7189,7842
13.3307,3.30E+08,7849,7849,7189,7842
14.9483,3.30E+08,7850,7850,7190,7843
15.6176,3.30E+08,7850,7850,7190,7843
15.0191,3.30E+08,7851,7851,7191,7843
16.0241,3.30E+08,7851,7851,7191,7843
14.2647,3.30E+08,7851,7851,7192,7843
16.1358,3.30E+08,7851,7851,7192,7843
16.5824,3.30E+08,7851,7851,7193,7843
14.4463,3.30E+08,7852,7852,7194,7844
15.1866,3.30E+08,7852,7852,7194,7844
15.8566,3.30E+08,7852,7852,7194,7844
17.5699,3.30E+08,7852,7852,7195,7844
14.2647,3.30E+08,7853,7853,7195,7845
15.8007,3.30E+08,7853,7853,7195,7845
16.3985,3.30E+08,7853,7853,7195,7845
15.1866,3.30E+08,7854,7854,7195,7846
13.6654,3.30E+08,7855,7855,7199,7846
12.072,3.30E+08,7855,7855,7200,7846
13.0519,3.30E+08,7855,7855,7200,7846
15.2272,3.30E+08,7855,7855,7200,7846
15.5619,3.30E+08,7856,7856,7201,7847
16.1916,3.30E+08,7857,7856,7201,7848
15.8008,3.30E+08,7857,7857,7202,7848
14.8219,3.30E+08,7857,7857,7202,7848
14.1257,3.30E+08,7857,7857,7203,7849
14.5579,3.30E+08,7858,7858,7204,7849
14.3905,3.30E+08,7858,7859,7204,7849
15.593,3.30E+08,7859,7859,7204,7849
14.8219,3.30E+08,7859,7859,7205,7850
14.9223,3.30E+08,7859,7859,7205,7851
15.6176,3.30E+08,7859,7859,7205,7851
15.3541,3.30E+08,7859,7859,7206,7851
15.2677,3.30E+08,7859,7859,7207,7851
15.3945,3.30E+08,7859,7860,7207,7851
15.9284,3.30E+08,7860,7860,7208,7852
16.2703,3.30E+08,7860,7860,7209,7852
13.5814,3.30E+08,7860,7860,7210,7853
14.1674,3.30E+08,7860,7860,7210,7853
14.7252,3.30E+08,7861,7861,7211,7853
14.3491,3.30E+08,7861,7861,7212,7854
14.8777,3.30E+08,7861,7861,7212,7854
15.5216,3.30E+08,7861,7861,7212,7854
14.8516,3.30E+08,7862,7862,7213,7854
14.5433,3.30E+08,7862,7862,7213,7855
15.4253,3.30E+08,7862,7862,7213,7857
16.5824,3.30E+08,7862,7862,7214,7857
14.781,3.30E+08,7862,7862,7214,7857
14.9483,3.30E+08,7863,7863,7215,7857
16.0799,3.30E+08,7863,7863,7215,7857
14.8368,3.30E+08,7863,7863,7215,7857
15.0749,3.30E+08,7863,7863,7216,7857
15.283,3.30E+08,7864,7864,7217,7857
17.0849,3.30E+08,7865,7865,7217,7858
16.0639,3.30E+08,7865,7865,7217,7858
14.9478,3.30E+08,7865,7865,7218,7859
11.837,3.30E+08,7865,7865,7218,7859
11.5898,3.30E+08,7866,7865,7218,7859
12.0723,3.30E+08,7866,7866,7218,7859
13.4981,3.30E+08,7866,7866,7219,7860
12.6737,3.30E+08,7867,7867,7219,7860
11.9248,3.30E+08,7867,7867,7221,7861
15.2983,3.30E+08,7867,7867,7222,7861
14.1816,3.30E+08,7867,7867,7222,7861
15.9523,3.30E+08,7868,7868,7223,7862
14.5724,3.30E+08,7868,7868,7223,7862
15.3388,3.30E+08,7869,7869,7224,7862
15.8965,3.30E+08,7869,7869,7225,7863
13.9443,3.30E+08,7870,7870,7225,7863
15.3946,3.30E+08,7870,7870,7225,7863
14.8516,3.30E+08,7870,7870,7226,7863
14.7252,3.30E+08,7871,7871,7226,7864
14.6988,3.30E+08,7871,7871,7227,7865
13.2192,3.30E+08,7871,7871,7227,7865
13.275,3.30E+08,7872,7872,7228,7866
14.2232,3.30E+08,7872,7872,7228,7866
16.2474,3.30E+08,7872,7872,7228,7866
15.7449,3.30E+08,7873,7873,7229,7867
15.6734,3.30E+08,7873,7873,7229,7867
14.3347,3.30E+08,7873,7873,7229,7868
14.8926,3.30E+08,7873,7873,7230,7868
14.8106,3.30E+08,7873,7873,7230,7868
15.6577,3.30E+08,7873,7873,7232,7868
16.2475,3.30E+08,7874,7873,7232,7869
15.283,3.30E+08,7874,7874,7232,7869
14.0559,3.30E+08,7874,7874,7233,7869
15.0749,3.30E+08,7875,7875,7233,7870
15.3388,3.30E+08,7875,7875,7234,7870
15.2982,3.30E+08,7875,7875,7234,7870
15.6176,3.30E+08,7875,7875,7234,7870
15.0041,3.30E+08,7876,7876,7234,7870
14.8516,3.30E+08,7876,7876,7234,7872
13.8885,3.30E+08,7876,7876,7234,7872
14.6841,3.30E+08,7877,7877,7235,7872
14.4463,3.30E+08,7877,7877,7235,7873
15.8725,3.30E+08,7877,7877,7235,7873
15.4503,3.30E+08,7877,7877,7235,7874
15.8408,3.30E+08,7877,7877,7236,7874
14.6283,3.30E+08,7877,7877,7238,7874
14.3905,3.30E+08,7878,7878,7238,7875
14.1674,3.30E+08,7878,7878,7239,7875
15.5774,3.30E+08,7878,7878,7240,7876
15.9124,3.30E+08,7878,7878,7241,7876
15.0599,3.30E+08,7878,7878,7241,7877
15.3388,3.30E+08,7878,7878,7242,7877
13.8885,3.30E+08,7878,7878,7242,7877
15.4099,3.30E+08,7878,7879,7243,7878
13.6791,3.30E+08,7879,7879,7243,7878
14.4876,3.30E+08,7879,7879,7243,7878
15.6489,3.30E+08,7879,7879,7243,7878
15.3792,3.30E+08,7879,7879,7244,7879
14.781,3.30E+08,7880,7879,7244,7879
16.599,3.30E+08,7880,7880,7244,7879
14.8925,3.30E+08,7880,7880,7245,7879
13.8886,3.30E+08,7881,7881,7247,7879
14.9483,3.30E+08,7881,7881,7247,7880
16.0401,3.30E+08,7881,7881,7247,7880
15.4349,3.30E+08,7881,7881,7247,7880
15.5061,3.30E+08,7882,7882,7247,7880
16.0799,3.30E+08,7882,7882,7248,7880
16.5658,3.30E+08,7882,7882,7248,7881
15.4813,3.30E+08,7882,7882,7249,7881
16.9005,3.30E+08,7882,7882,7250,7881
15.2424,3.30E+08,7882,7882,7250,7881
14.6694,3.30E+08,7883,7883,7250,7882
13.6654,3.30E+08,7883,7883,7251,7882
15.8008,3.30E+08,7883,7883,7251,7882
13.6518,3.30E+08,7884,7884,7252,7882
16.1358,3.30E+08,7884,7884,7252,7882
14.3348,3.30E+08,7885,7885,7252,7883
13.0649,3.30E+08,7885,7885,7255,7883
13.9443,3.30E+08,7885,7885,7256,7884
14.4049,3.30E+08,7885,7885,7258,7885
13.5116,3.30E+08,7885,7885,7258,7885
13.5961,3.30E+08,7885,7885,7258,7885
13.4558,3.30E+08,7885,7886,7258,7885
16.5101,3.30E+08,7886,7886,7258,7885
15.9283,3.30E+08,7886,7886,7259,7885
12.3142,3.30E+08,7886,7886,7259,7885
11.3789,3.30E+08,7886,7886,7260,7886
16.8057,3.30E+08,7887,7887,7260,7886
13.1077,3.30E+08,7887,7887,7260,7886
15.6333,3.30E+08,7887,7887,7260,7886
15.2424,3.30E+08,7888,7888,7260,7886
16.3428,3.30E+08,7888,7888,7261,7887
13.6096,3.30E+08,7888,7888,7262,7887
15.9683,3.30E+08,7888,7888,7262,7887
14.7953,3.30E+08,7888,7889,7262,7887
12.9965,3.30E+08,7889,7889,7262,7887
11.9479,3.30E+08,7889,7889,7263,7887
13.9448,3.30E+08,7889,7889,7263,7888
14.781,3.30E+08,7889,7889,7263,7888
14.6694,3.30E+08,7889,7889,7265,7888
16.6216,3.30E+08,7889,7889,7266,7889
15.0749,3.30E+08,7890,7890,7266,7889
14.781,3.30E+08,7890,7890,7267,7889
15.9683,3.30E+08,7890,7890,7267,7889
13.5539,3.30E+08,7890,7890,7267,7889
11.5571,3.30E+08,7890,7890,7269,7889
11.9487,3.30E+08,7890,7890,7269,7889
13.4423,3.30E+08,7891,7891,7269,7890
14.4049,3.30E+08,7891,7891,7271,7890
14.7806,3.30E+08,7891,7891,7271,7890
16.0803,3.30E+08,7892,7892,7271,7890
16.6608,3.30E+08,7892,7892,7271,7890
15.7449,3.30E+08,7892,7892,7272,7891
15.1308,3.30E+08,7892,7892,7272,7891
15.0041,3.30E+08,7893,7893,7272,7891
13.1204,3.30E+08,7893,7893,7272,7891
14.7256,3.30E+08,7893,7893,7273,7891
15.9519,3.30E+08,7894,7894,7273,7891
15.3945,3.30E+08,7894,7894,7273,7892
14.6845,3.30E+08,7894,7894,7273,7892
13.3308,3.30E+08,7894,7894,7276,7892
14.5166,3.30E+08,7894,7894,7276,7892
15.9523,3.30E+08,7894,7894,7277,7893
15.4503,3.30E+08,7894,7894,7277,7893
14.7543,3.30E+08,7894,7894,7277,7893
15.9527,3.30E+08,7895,7895,7277,7893
15.3388,3.30E+08,7895,7895,7278,7893
15.3387,3.30E+08,7896,7896,7279,7893
15.6489,3.30E+08,7897,7897,7280,7893
15.9523,3.30E+08,7897,7897,7280,7893
14.2644,3.30E+08,7897,7897,7280,7894
15.2022,3.30E+08,7897,7897,7280,7894
15.3388,3.30E+08,7897,7897,7281,7894
15.9683,3.30E+08,7897,7897,7281,7894
15.1006,3.30E+08,7897,7897,7281,7894
13.5116,3.30E+08,7898,7898,7281,7894
15.283,3.30E+08,7898,7898,7281,7894
14.6694,3.30E+08,7898,7898,7282,7895
15.5371,3.30E+08,7898,7898,7282,7895
15.4349,3.30E+08,7898,7898,7283,7896
15.2983,3.30E+08,7899,7899,7283,7896
13.777,3.30E+08,7899,7899,7283,7897
15.8566,3.30E+08,7899,7899,7285,7897
15.3945,3.30E+08,7899,7899,7285,7897
16.7332,3.30E+08,7899,7899,7285,7898
14.7399,3.30E+08,7899,7899,7286,7898
15.3541,3.30E+08,7900,7900,7286,7898
16.3033,3.30E+08,7900,7900,7286,7898
16.8447,3.30E+08,7900,7900,7286,7899
14.4049,3.30E+08,7900,7900,7286,7899
16.1035,3.30E+08,7900,7900,7286,7899
15.5061,3.30E+08,7900,7900,7286,7899
14.8106,3.30E+08,7901,7901,7287,7899
15.6176,3.30E+08,7901,7901,7287,7899
15.4099,3.30E+08,7901,7901,7287,7900
14.1113,3.30E+08,7901,7901,7287,7900
10.8877,3.30E+08,7902,7902,7288,7900
10.8766,3.30E+08,7902,7902,7289,7900
12.6488,3.30E+08,7902,7902,7289,7900
13.6791,3.30E+08,7902,7903,7290,7900
13.3865,3.30E+08,7903,7903,7290,7900
12.9104,3.30E+08,7903,7903,7290,7901
12.5374,3.30E+08,7903,7903,7290,7901
14.5724,3.30E+08,7904,7904,7290,7901
15.7292,3.30E+08,7904,7904,7290,7901
15.9523,3.30E+08,7904,7904,7291,7901
15.9842,3.30E+08,7904,7904,7291,7901
15.212,3.30E+08,7904,7904,7292,7901
16.3591,3.30E+08,7904,7904,7292,7901
14.7399,3.30E+08,7904,7904,7292,7902
13.777,3.30E+08,7904,7904,7292,7902
12.5624,3.30E+08,7905,7905,7292,7902
16.0478,3.30E+08,7905,7905,7295,7903
13.735,3.30E+08,7905,7905,7296,7903
13.6229,3.30E+08,7905,7905,7296,7903
12.3394,3.30E+08,7906,7905,7296,7903
15.7292,3.30E+08,7906,7906,7297,7903
14.6283,3.30E+08,7906,7906,7297,7903
15.3945,3.30E+08,7906,7906,7298,7904
15.7135,3.30E+08,7907,7907,7298,7904
15.6891,3.30E+08,7907,7907,7298,7905
15.4503,3.30E+08,7907,7907,7301,7905
16.0799,3.30E+08,7907,7907,7302,7905
15.1866,3.30E+08,7907,7907,7303,7906
11.5456,3.30E+08,7907,7907,7304,7906
10.4306,3.30E+08,7908,7908,7304,7906
12.2152,3.30E+08,7908,7908,7305,7906
13.2883,3.30E+08,7908,7908,7305,7906
11.3672,3.30E+08,7908,7908,7305,7906
14.084,3.30E+08,7908,7908,7306,7906
15.0745,3.30E+08,7909,7909,7307,7906
16.6387,3.30E+08,7909,7909,7307,7906
13.54,3.30E+08,7909,7909,7307,7907
15.0753,3.30E+08,7909,7909,7308,7907
14.8925,3.30E+08,7910,7910,7308,7907
15.6734,3.30E+08,7910,7910,7308,7907
13.5674,3.30E+08,7910,7910,7308,7907
15.3945,3.30E+08,7910,7910,7309,7907
15.2577,3.30E+08,7910,7910,7309,7907
13.4289,3.30E+08,7911,7911,7309,7908
14.279,3.30E+08,7911,7911,7311,7908
15.9683,3.30E+08,7911,7911,7311,7908
15.5061,3.30E+08,7911,7911,7311,7909
15.4812,3.30E+08,7911,7911,7311,7909
13.9304,3.30E+08,7911,7911,7312,7909
15.2983,3.30E+08,7911,7911,7312,7909
15.8965,3.30E+08,7911,7911,7313,7909
13.6097,3.30E+08,7911,7911,7314,7910
14.4608,3.30E+08,7912,7911,7314,7910
15.6177,3.30E+08,7912,7912,7315,7910
15.4254,3.30E+08,7912,7912,7316,7911
15.8249,3.30E+08,7912,7912,7316,7911
13.9164,3.30E+08,7912,7912,7316,7911
15.4906,3.30E+08,7912,7912,7316,7911
14.3906,3.30E+08,7912,7912,7318,7911
15.1459,3.30E+08,7912,7912,7318,7912
15.1563,3.30E+08,7912,7912,7318,7912
14.2374,3.30E+08,7913,7912,7319,7912
15.7292,3.30E+08,7913,7912,7319,7912
14.2933,3.30E+08,7913,7912,7319,7912
16.0081,3.30E+08,7913,7913,7319,7913
15.3388,3.30E+08,7913,7913,7319,7913
15.2018,3.30E+08,7913,7913,7320,7913
15.5061,3.30E+08,7913,7913,7321,7913
16.2474,3.30E+08,7913,7913,7323,7913
15.5061,3.30E+08,7913,7913,7323,7913
16.1912,3.30E+08,7913,7913,7323,7914
15.5623,3.30E+08,7914,7914,7323,7914
11.1443,3.30E+08,7914,7914,7324,7914
12.9103,3.30E+08,7914,7914,7324,7914
15.0599,3.30E+08,7914,7914,7325,7914
15.0041,3.30E+08,7914,7914,7325,7914
14.8368,3.30E+08,7914,7914,7325,7914
13.6233,3.30E+08,7914,7914,7326,7914
15.0599,3.30E+08,7914,7914,7326,7915
15.4503,3.30E+08,7914,7914,7326,7916
15.1308,3.30E+08,7915,7915,7327,7916
15.5216,3.30E+08,7915,7915,7327,7916
14.6841,3.30E+08,7915,7915,7328,7916
16.7165,3.30E+08,7915,7915,7328,7916
15.593,3.30E+08,7915,7915,7328,7917
14.5433,3.30E+08,7915,7915,7328,7917
15.5216,3.30E+08,7915,7915,7329,7917
14.0141,3.30E+08,7916,7916,7329,7917
13.9861,3.30E+08,7916,7916,7329,7917
15.2018,3.30E+08,7917,7917,7329,7918
15.0036,3.30E+08,7917,7917,7330,7918
15.2834,3.30E+08,7917,7917,7331,7918
14.6694,3.30E+08,7918,7918,7332,7918
15.9124,3.30E+08,7918,7918,7333,7918
14.781,3.30E+08,7918,7918,7333,7918
15.5774,3.30E+08,7918,7918,7333,7918
16.7332,3.30E+08,7919,7919,7333,7918
15.5216,3.30E+08,7919,7919,7333,7918
16.4149,3.30E+08,7919,7919,7334,7919
15.1156,3.30E+08,7919,7919,7334,7919
15.2983,3.30E+08,7919,7919,7335,7919
15.602,3.30E+08,7919,7919,7335,7919
14.781,3.30E+08,7919,7919,7335,7919
14.6841,3.30E+08,7919,7919,7335,7919
15.8965,3.30E+08,7919,7919,7336,7919
14.9074,3.30E+08,7920,7920,7337,7920
14.4463,3.30E+08,7920,7920,7337,7920
13.7908,3.30E+08,7920,7920,7338,7920
15.2983,3.30E+08,7920,7920,7338,7920
15.5463,3.30E+08,7921,7921,7339,7920
13.4558,3.30E+08,7921,7921,7339,7920
14.3491,3.30E+08,7921,7921,7339,7921
15.785,3.30E+08,7921,7921,7339,7921
14.7399,3.30E+08,7921,7921,7340,7921
14.8516,3.30E+08,7922,7922,7340,7922
14.3905,3.30E+08,7922,7922,7341,7922
16.287,3.30E+08,7922,7922,7341,7922
14.6694,3.30E+08,7922,7922,7342,7922
15.1714,3.30E+08,7922,7922,7342,7922
14.587,3.30E+08,7922,7922,7342,7922
13.6518,3.30E+08,7922,7922,7342,7922
12.4074,3.30E+08,7922,7922,7343,7922
14.5433,3.30E+08,7922,7922,7343,7923
15.6176,3.30E+08,7923,7923,7344,7923
14.084,3.30E+08,7923,7923,7344,7923
14.3762,3.30E+08,7923,7923,7345,7923
15.0191,3.30E+08,7923,7923,7346,7923
14.781,3.30E+08,7923,7923,7347,7923
15.6333,3.30E+08,7923,7923,7347,7924
15.0191,3.30E+08,7924,7924,7347,7924
15.6734,3.30E+08,7924,7924,7348,7924
15.4658,3.30E+08,7924,7924,7348,7924
15.602,3.30E+08,7924,7924,7349,7924
14.9074,3.30E+08,7924,7924,7349,7924
15.6328,3.30E+08,7924,7924,7349,7924
15.6181,3.30E+08,7924,7924,7350,7924
14.5724,3.30E+08,7924,7924,7350,7924
17.6814,3.30E+08,7924,7924,7351,7925
14.3905,3.30E+08,7925,7925,7351,7925
15.4658,3.30E+08,7925,7925,7352,7925
16.6941,3.30E+08,7925,7925,7352,7925
13.3175,3.30E+08,7925,7925,7352,7926
17.1966,3.30E+08,7925,7925,7352,7926
16.1196,3.30E+08,7925,7925,7353,7926
15.3946,3.30E+08,7926,7926,7354,7926
14.7399,3.30E+08,7926,7926,7354,7926
14.6137,3.30E+08,7926,7926,7354,7926
13.4692,3.30E+08,7927,7926,7354,7926
12.6053,3.30E+08,7927,7927,7355,7926
13.177,3.30E+08,7927,7927,7355,7927
14.2232,3.30E+08,7927,7927,7355,7927
12.8841,3.30E+08,7927,7927,7355,7927
13.889,3.30E+08,7927,7927,7355,7927
15.075,3.30E+08,7928,7928,7356,7927
14.2932,3.30E+08,7928,7928,7357,7927
16.6608,3.30E+08,7928,7928,7357,7928
16.415,3.30E+08,7928,7928,7358,7929
14.4463,3.30E+08,7928,7928,7360,7929
14.7248,3.30E+08,7928,7928,7360,7929
14.6433,3.30E+08,7928,7928,7361,7930
15.0599,3.30E+08,7928,7928,7361,7930
14.9483,3.30E+08,7928,7928,7362,7930
15.8407,3.30E+08,7929,7929,7364,7930
16.0241,3.30E+08,7929,7929,7367,7930
16.6774,3.30E+08,7929,7929,7367,7931
16.0077,3.30E+08,7929,7929,7368,7931
15.2424,3.30E+08,7930,7930,7368,7931
17.4762,3.30E+08,7930,7930,7369,7931
16.3985,3.30E+08,7931,7931,7369,7931
15.3945,3.30E+08,7931,7931,7369,7931
15.2424,3.30E+08,7931,7931,7370,7931
15.6176,3.30E+08,7931,7931,7370,7931
15.1156,3.30E+08,7931,7931,7370,7931
15.6891,3.30E+08,7931,7931,7371,7931
13.3441,3.30E+08,7931,7931,7372,7931
16.0799,3.30E+08,7931,7931,7372,7932
16.2312,3.30E+08,7931,7931,7373,7932
13.9583,3.30E+08,7932,7932,7374,7932
15.6734,3.30E+08,7932,7932,7375,7932
15.5619,3.30E+08,7932,7932,7376,7932
15.3541,3.30E+08,7932,7932,7376,7933
14.8368,3.30E+08,7932,7932,7377,7933
14.6137,3.30E+08,7932,7932,7377,7933
15.0041,3.30E+08,7932,7932,7377,7933
16.5431,3.30E+08,7932,7932,7378,7933
15.1156,3.30E+08,7932,7932,7378,7933
14.5991,3.30E+08,7932,7932,7379,7933
14.3491,3.30E+08,7933,7933,7379,7933
15.7292,3.30E+08,7933,7933,7379,7933
14.0281,3.30E+08,7933,7933,7380,7933
16.4379,3.30E+08,7933,7933,7380,7933
14.4049,3.30E+08,7933,7933,7381,7934
15.5216,3.30E+08,7933,7933,7381,7934
13.7071,3.30E+08,7933,7933,7381,7934
10.0044,3.30E+08,7933,7933,7382,7934
10.6428,3.30E+08,7934,7934,7382,7934
13.581,3.30E+08,7934,7934,7382,7934
11.9921,3.30E+08,7934,7934,7382,7935
12.5499,3.30E+08,7934,7934,7382,7935
14.0559,3.30E+08,7935,7934,7383,7935
15.9124,3.30E+08,7935,7935,7384,7935
15.0749,3.30E+08,7935,7935,7384,7935
16.3264,3.30E+08,7935,7935,7386,7935
13.6791,3.30E+08,7935,7935,7387,7935
15.4658,3.30E+08,7936,7936,7387,7936
15.0598,3.30E+08,7936,7936,7387,7936
15.4658,3.30E+08,7936,7936,7387,7936
13.9304,3.30E+08,7936,7936,7387,7936
15.0341,3.30E+08,7936,7936,7388,7936
16.3265,3.30E+08,7937,7937,7388,7936
14.7954,3.30E+08,7937,7937,7389,7936
14.3495,3.30E+08,7937,7937,7389,7937
15.1156,3.30E+08,7937,7937,7390,7937
15.8566,3.30E+08,7937,7937,7390,7937
16.3428,3.30E+08,7937,7937,7391,7937
14.8516,3.30E+08,7937,7937,7391,7937
15.6578,3.30E+08,7937,7937,7391,7937
15.4657,3.30E+08,7937,7937,7391,7937
15.5619,3.30E+08,7937,7938,7392,7938
15.4254,3.30E+08,7938,7938,7393,7938
15.3792,3.30E+08,7938,7938,7394,7938
14.279,3.30E+08,7938,7938,7394,7938
13.7908,3.30E+08,7938,7938,7395,7938
15.8965,3.30E+08,7938,7938,7395,7938
16.6941,3.30E+08,7938,7938,7395,7939
14.4464,3.30E+08,7938,7938,7395,7939
15.4253,3.30E+08,7938,7938,7396,7939
15.6177,3.30E+08,7938,7938,7396,7939
15.3387,3.30E+08,7939,7939,7396,7939
14.907,3.30E+08,7939,7939,7396,7939
15.7697,3.30E+08,7939,7939,7397,7939
15.0191,3.30E+08,7939,7939,7398,7939
16.0081,3.30E+08,7939,7939,7398,7939
16.3591,3.30E+08,7940,7940,7398,7939
16.3033,3.30E+08,7940,7940,7399,7939
14.8925,3.30E+08,7940,7940,7400,7939
14.9633,3.30E+08,7940,7940,7401,7939
14.5021,3.30E+08,7940,7940,7401,7939
15.2272,3.30E+08,7940,7940,7401,7940
14.6694,3.30E+08,7940,7940,7401,7940
15.2425,3.30E+08,7940,7940,7402,7940
15.4503,3.30E+08,7940,7940,7402,7940
14.5579,3.30E+08,7940,7940,7402,7940
14.9782,3.30E+08,7940,7940,7402,7940
16.287,3.30E+08,7940,7940,7403,7940
16.4708,3.30E+08,7940,7940,7403,7941
14.2647,3.30E+08,7940,7940,7404,7941
14.6988,3.30E+08,7940,7940,7404,7941
14.9334,3.30E+08,7941,7940,7405,7941
16.287,3.30E+08,7941,7941,7405,7941
16.1916,3.30E+08,7941,7941,7405,7941
15.1866,3.30E+08,7941,7941,7405,7941
14.9633,3.30E+08,7941,7941,7406,7941
14.6137,3.30E+08,7941,7941,7408,7941
14.9633,3.30E+08,7941,7941,7408,7941
15.0598,3.30E+08,7941,7941,7408,7942
14.5166,3.30E+08,7941,7941,7408,7942
14.822,3.30E+08,7942,7942,7409,7942
15.0191,3.30E+08,7942,7942,7409,7942
14.6694,3.30E+08,7942,7942,7410,7942
13.7212,3.30E+08,7942,7942,7411,7942
13.6369,3.30E+08,7942,7942,7411,7942
14.8925,3.30E+08,7942,7942,7412,7942
13.2324,3.30E+08,7942,7942,7413,7942
15.9523,3.30E+08,7942,7942,7413,7942
14.1117,3.30E+08,7942,7942,7414,7943
13.8328,3.30E+08,7942,7942,7414,7943
15.4099,3.30E+08,7942,7942,7415,7943
14.4603,3.30E+08,7943,7943,7415,7943
12.0483,3.30E+08,7943,7943,7415,7943
12.5624,3.30E+08,7943,7943,7415,7943
14.6137,3.30E+08,7943,7943,7416,7943
15.8408,3.30E+08,7943,7943,7416,7943
14.3348,3.30E+08,7943,7943,7417,7944
14.8368,3.30E+08,7943,7943,7417,7944
14.0699,3.30E+08,7943,7943,7418,7944
14.6694,3.30E+08,7943,7943,7418,7944
15.0749,3.30E+08,7943,7943,7418,7944
16.2312,3.30E+08,7943,7943,7419,7944
14.6694,3.30E+08,7943,7943,7420,7944
13.7487,3.30E+08,7944,7944,7421,7944
14.0976,3.30E+08,7944,7944,7421,7944
15.0191,3.30E+08,7944,7944,7421,7945
14.6841,3.30E+08,7944,7944,7422,7945
15.5774,3.30E+08,7944,7944,7422,7945
16.6774,3.30E+08,7944,7944,7423,7945
14.8925,3.30E+08,7944,7944,7423,7945
15.2983,3.30E+08,7944,7944,7424,7945
13.6097,3.30E+08,7944,7944,7424,7945
15.0191,3.30E+08,7945,7945,7424,7945
15.6734,3.30E+08,7945,7945,7425,7945
15.2983,3.30E+08,7945,7945,7425,7946
15.283,3.30E+08,7945,7945,7425,7946
14.4876,3.30E+08,7945,7945,7426,7946
14.2517,3.30E+08,7945,7945,7426,7946
15.5463,3.30E+08,7945,7945,7426,7946
14.6283,3.30E+08,7945,7945,7428,7946
14.4463,3.30E+08,7945,7945,7429,7946
14.9782,3.30E+08,7946,7946,7430,7947
15.5619,3.30E+08,7946,7946,7430,7947
14.0001,3.30E+08,7946,7946,7430,7947
13.2192,3.30E+08,7946,7946,7431,7947
10.3188,3.30E+08,7946,7946,7431,7947
12.1279,3.30E+08,7946,7946,7432,7947
14.7101,3.30E+08,7946,7946,7432,7948
13.2461,3.30E+08,7947,7947,7432,7948
12.1595,3.30E+08,7947,7947,7432,7948
15.785,3.30E+08,7947,7947,7433,7948
15.7449,3.30E+08,7947,7947,7433,7948
15.3388,3.30E+08,7947,7947,7434,7948
14.6137,3.30E+08,7947,7947,7434,7949
15.0599,3.30E+08,7947,7947,7436,7949
15.1866,3.30E+08,7947,7947,7438,7949
15.8408,3.30E+08,7947,7947,7438,7949
14.8925,3.30E+08,7947,7947,7440,7949
12.7299,3.30E+08,7948,7948,7440,7949
13.777,3.30E+08,7948,7948,7441,7949
13.6791,3.30E+08,7948,7948,7441,7949
14.0699,3.30E+08,7948,7948,7443,7949
13.1766,3.30E+08,7948,7948,7443,7949
13.6654,3.30E+08,7948,7948,7443,7950
11.9241,3.30E+08,7948,7948,7444,7950
13.3445,3.30E+08,7948,7948,7444,7950
12.9529,3.30E+08,7948,7948,7444,7950
14.4053,3.30E+08,7948,7948,7445,7950
14.0553,3.30E+08,7948,7948,7445,7950
11.0554,3.30E+08,7948,7948,7446,7950
11.769,3.30E+08,7949,7949,7446,7950
11.9363,3.30E+08,7949,7949,7446,7951
11.8248,3.30E+08,7949,7949,7447,7951
12.9403,3.30E+08,7949,7949,7447,7951
14.2374,3.30E+08,7949,7949,7447,7951
16.1357,3.30E+08,7949,7949,7448,7951
15.2272,3.30E+08,7949,7949,7448,7951
16.2474,3.30E+08,7949,7949,7448,7951
15.0041,3.30E+08,7949,7949,7449,7951
13.3308,3.30E+08,7949,7949,7449,7951
14.3205,3.30E+08,7949,7949,7449,7951
14.1395,3.30E+08,7949,7950,7450,7951
14.9078,3.30E+08,7950,7950,7450,7952
15.2983,3.30E+08,7950,7950,7451,7952
15.2826,3.30E+08,7950,7950,7451,7952
14.8371,3.30E+08,7950,7950,7452,7952
13.8882,3.30E+08,7950,7950,7453,7952
13.61,3.30E+08,7950,7950,7454,7952
12.8545,3.30E+08,7950,7950,7454,7952
14.8368,3.30E+08,7950,7950,7455,7952
13.3441,3.30E+08,7950,7950,7455,7952
15.7692,3.30E+08,7950,7950,7456,7952
14.9074,3.30E+08,7950,7950,7457,7953
15.9124,3.30E+08,7950,7950,7457,7953
16.0639,3.30E+08,7950,7950,7457,7953
17.5141,3.30E+08,7951,7951,7457,7953
15.3387,3.30E+08,7951,7951,7458,7953
15.8008,3.30E+08,7951,7951,7459,7953
14.2933,3.30E+08,7951,7951,7459,7953
15.0041,3.30E+08,7951,7951,7459,7953
12.2275,3.30E+08,7951,7951,7459,7953
12.7602,3.30E+08,7951,7951,7460,7954
13.6233,3.30E+08,7951,7951,7460,7954
15.5061,3.30E+08,7951,7951,7460,7954
16.2637,3.30E+08,7951,7951,7460,7954
13.9304,3.30E+08,7951,7951,7460,7954
15.5212,3.30E+08,7951,7951,7460,7955
16.1357,3.30E+08,7951,7951,7460,7955
14.3902,3.30E+08,7952,7952,7461,7955
15.7453,3.30E+08,7952,7952,7461,7955
15.3235,3.30E+08,7952,7952,7463,7955
15.4812,3.30E+08,7952,7952,7463,7955
14.5579,3.30E+08,7952,7952,7463,7955
14.5433,3.30E+08,7952,7952,7464,7955
15.0191,3.30E+08,7952,7952,7465,7956
15.785,3.30E+08,7952,7952,7465,7956
17.3815,3.30E+08,7952,7952,7465,7956
17.1065,3.30E+08,7952,7952,7466,7956
15.7292,3.30E+08,7952,7952,7466,7956
14.2374,3.30E+08,7952,7952,7467,7956
14.7247,3.30E+08,7952,7952,7467,7956
14.5875,3.30E+08,7952,7952,7468,7956
15.3945,3.30E+08,7953,7953,7468,7956
13.8467,3.30E+08,7953,7953,7468,7956
13.2192,3.30E+08,7953,7953,7468,7956
14.3905,3.30E+08,7953,7953,7469,7956
14.7958,3.30E+08,7953,7953,7470,7956
16.5658,3.30E+08,7953,7953,7471,7957
14.3487,3.30E+08,7953,7953,7471,7957
14.9487,3.30E+08,7954,7954,7472,7957
15.5774,3.30E+08,7954,7954,7472,7957
14.8367,3.30E+08,7954,7954,7472,7957
15.8566,3.30E+08,7954,7954,7473,7957
16.8836,3.30E+08,7954,7954,7473,7957
14.9074,3.30E+08,7954,7954,7473,7957
12.6741,3.30E+08,7954,7954,7474,7957
12.4816,3.30E+08,7954,7954,7475,7957
15.6485,3.30E+08,7954,7954,7477,7958
13.7216,3.30E+08,7954,7954,7478,7958
14.7399,3.30E+08,7954,7955,7478,7958
11.8806,3.30E+08,7955,7955,7478,7958
15.283,3.30E+08,7955,7955,7479,7958
14.7399,3.30E+08,7955,7955,7479,7958
14.279,3.30E+08,7955,7955,7479,7958
15.0191,3.30E+08,7955,7955,7479,7958
15.5061,3.30E+08,7955,7955,7480,7958
15.6176,3.30E+08,7955,7955,7480,7958
14.2933,3.30E+08,7955,7956,7480,7958
14.3491,3.30E+08,7956,7956,7480,7958
13.8886,3.30E+08,7956,7956,7481,7958
15.2272,3.30E+08,7956,7956,7482,7958
13.5539,3.30E+08,7956,7956,7482,7959
15.2424,3.30E+08,7956,7956,7483,7959
14.9074,3.30E+08,7956,7956,7483,7959
15.2673,3.30E+08,7956,7956,7483,7959
14.1262,3.30E+08,7956,7956,7483,7959
12.2149,3.30E+08,7957,7957,7484,7959
13.3444,3.30E+08,7957,7957,7484,7959
15.1866,3.30E+08,7957,7957,7485,7959
16.828,3.30E+08,7957,7957,7485,7959
15.3695,3.30E+08,7957,7957,7485,7959
14.2647,3.30E+08,7957,7957,7485,7959
10.8425,3.30E+08,7957,7957,7486,7959
9.203,3.30E+08,7957,7957,7486,7959
13.5543,3.30E+08,7957,7957,7487,7959
14.4049,3.30E+08,7957,7957,7487,7959
15.0599,3.30E+08,7957,7957,7487,7959
14.6283,3.30E+08,7957,7957,7487,7959
14.5579,3.30E+08,7957,7957,7488,7960
14.7958,3.30E+08,7957,7957,7488,7960
14.5021,3.30E+08,7957,7957,7489,7960
11.8248,3.30E+08,7957,7957,7489,7960
14.0699,3.30E+08,7958,7958,7489,7960
14.8925,3.30E+08,7958,7958,7491,7960
15.9683,3.30E+08,7958,7958,7491,7960
14.2363,3.30E+08,7958,7958,7492,7960
14.3923,3.30E+08,7958,7958,7492,7960
15.9921,3.30E+08,7958,7958,7492,7960
13.7212,3.30E+08,7958,7958,7493,7960
15.2983,3.30E+08,7958,7958,7493,7961
15.6734,3.30E+08,7958,7958,7493,7961
15.4658,3.30E+08,7958,7958,7493,7961
14.6841,3.30E+08,7958,7958,7494,7961
14.4608,3.30E+08,7958,7958,7494,7961
14.4876,3.30E+08,7958,7958,7495,7961
14.5579,3.30E+08,7959,7959,7495,7961
14.9782,3.30E+08,7959,7959,7496,7961
14.3348,3.30E+08,7959,7959,7496,7961
15.0749,3.30E+08,7959,7959,7496,7961
15.0041,3.30E+08,7959,7959,7496,7961
14.7399,3.30E+08,7959,7959,7497,7961
15.8407,3.30E+08,7959,7959,7497,7961
14.822,3.30E+08,7959,7959,7497,7961
15.0191,3.30E+08,7959,7959,7497,7961
14.9483,3.30E+08,7959,7959,7500,7961
14.5166,3.30E+08,7959,7959,7500,7961
15.0599,3.30E+08,7959,7959,7500,7962
15.4813,3.30E+08,7959,7959,7501,7962
14.9483,3.30E+08,7959,7959,7503,7962
14.2232,3.30E+08,7960,7960,7503,7962
15.4099,3.30E+08,7960,7960,7504,7962
15.8965,3.30E+08,7960,7960,7505,7962
14.9074,3.30E+08,7960,7960,7506,7962
15.283,3.30E+08,7960,7960,7506,7962
15.1308,3.30E+08,7960,7960,7506,7962
14.5579,3.30E+08,7960,7960,7506,7962
13.8885,3.30E+08,7960,7960,7507,7962
13.5671,3.30E+08,7960,7960,7507,7962
13.7216,3.30E+08,7961,7961,7507,7962
14.5021,3.30E+08,7961,7961,7508,7963
14.4463,3.30E+08,7961,7961,7508,7963
15.6891,3.30E+08,7961,7961,7508,7963
15.0041,3.30E+08,7961,7961,7509,7963
16.1916,3.30E+08,7961,7961,7510,7963
13.4981,3.30E+08,7961,7961,7510,7963
15.0749,3.30E+08,7961,7961,7510,7963
16.0241,3.30E+08,7961,7961,7510,7963
14.2232,3.30E+08,7961,7961,7510,7963
15.785,3.30E+08,7961,7961,7510,7963
13.7212,3.30E+08,7962,7962,7511,7963
15.4503,3.30E+08,7962,7962,7511,7963
14.6429,3.30E+08,7962,7962,7511,7963
13.5539,3.30E+08,7962,7962,7512,7964
11.9363,3.30E+08,7962,7962,7513,7964
13.0519,3.30E+08,7962,7962,7513,7964
14.084,3.30E+08,7962,7962,7513,7964
15.6021,3.30E+08,7962,7962,7513,7964
14.8368,3.30E+08,7962,7962,7514,7964
14.1399,3.30E+08,7962,7962,7514,7964
14.8368,3.30E+08,7962,7962,7515,7965
14.2374,3.30E+08,7962,7962,7515,7965
15.5061,3.30E+08,7963,7963,7515,7965
14.8516,3.30E+08,7963,7963,7515,7965
14.7105,3.30E+08,7963,7963,7515,7965
14.9074,3.30E+08,7963,7963,7516,7965
15.1714,3.30E+08,7963,7963,7516,7965
14.5579,3.30E+08,7963,7963,7517,7965
14.4752,3.30E+08,7963,7963,7517,7965
15.8408,3.30E+08,7963,7963,7517,7966
14.4463,3.30E+08,7963,7963,7517,7966
14.4463,3.30E+08,7963,7963,7518,7966
15.0599,3.30E+08,7964,7964,7518,7966
15.5774,3.30E+08,7964,7964,7519,7966
14.1258,3.30E+08,7964,7964,7519,7966
14.9483,3.30E+08,7964,7964,7519,7966
16.9733,3.30E+08,7964,7964,7519,7966
16.247,3.30E+08,7964,7964,7519,7966
14.1678,3.30E+08,7964,7964,7520,7966
13.3308,3.30E+08,7964,7964,7520,7966
14.279,3.30E+08,7964,7964,7520,7966
15.3945,3.30E+08,7964,7964,7521,7966
14.1258,3.30E+08,7964,7964,7521,7966
15.5619,3.30E+08,7964,7964,7522,7966
15.9842,3.30E+08,7964,7964,7522,7966
15.9921,3.30E+08,7964,7964,7522,7966
15.5774,3.30E+08,7964,7964,7522,7967
14.8925,3.30E+08,7965,7965,7523,7967
14.5166,3.30E+08,7965,7965,7523,7967
15.7292,3.30E+08,7965,7965,7524,7967
15.8965,3.30E+08,7965,7965,7524,7967
15.6333,3.30E+08,7965,7965,7525,7967
15.2272,3.30E+08,7965,7965,7526,7967
15.1156,3.30E+08,7965,7965,7526,7967
16.4149,3.30E+08,7965,7965,7527,7967
14.6841,3.30E+08,7965,7965,7527,7967
15.4099,3.30E+08,7965,7965,7527,7967
14.8368,3.30E+08,7965,7965,7528,7968
15.1157,3.30E+08,7965,7965,7528,7968
14.1117,3.30E+08,7965,7965,7529,7968
15.2272,3.30E+08,7965,7965,7529,7968
14.7547,3.30E+08,7965,7965,7529,7968
15.1563,3.30E+08,7965,7965,7529,7968
15.7607,3.30E+08,7965,7965,7529,7968
16.0081,3.30E+08,7966,7966,7529,7968
16.7332,3.30E+08,7966,7966,7529,7968
16.3985,3.30E+08,7966,7966,7530,7968
14.3348,3.30E+08,7966,7966,7530,7968
15.9843,3.30E+08,7966,7966,7530,7968
15.785,3.30E+08,7966,7966,7531,7969
13.9024,3.30E+08,7966,7966,7531,7969
14.7105,3.30E+08,7966,7966,7531,7969
15.4099,3.30E+08,7966,7966,7533,7969
16.0081,3.30E+08,7966,7966,7534,7969
14.5021,3.30E+08,7966,7966,7534,7969
15.1866,3.30E+08,7966,7966,7534,7969
14.6841,3.30E+08,7967,7967,7535,7969
14.2232,3.30E+08,7967,7967,7535,7969
15.2272,3.30E+08,7967,7967,7536,7969
14.2375,3.30E+08,7967,7967,7536,7969
15.6333,3.30E+08,7967,7967,7536,7969
15.171,3.30E+08,7967,7967,7536,7970
14.9079,3.30E+08,7967,7967,7536,7970
14.2647,3.30E+08,7967,7967,7536,7970
13.6791,3.30E+08,7967,7967,7536,7970
13.6233,3.30E+08,7967,7967,7537,7970
12.0038,3.30E+08,7968,7968,7537,7970
12.104,3.30E+08,7968,7968,7538,7970
13.7766,3.30E+08,7968,7968,7538,7970
12.2278,3.30E+08,7968,7968,7539,7970
14.6694,3.30E+08,7968,7968,7539,7970
12.2275,3.30E+08,7968,7968,7540,7970
9.87226,3.30E+08,7968,7968,7540,7971
12.0045,3.30E+08,7968,7968,7540,7971
11.936,3.30E+08,7968,7968,7541,7971
13.9029,3.30E+08,7968,7968,7541,7971
14.543,3.30E+08,7968,7968,7541,7971
15.4662,3.30E+08,7968,7968,7541,7971
15.5619,3.30E+08,7968,7968,7541,7971
15.9683,3.30E+08,7968,7968,7541,7971
15.785,3.30E+08,7968,7968,7543,7972
13.777,3.30E+08,7968,7968,7543,7972
14.2374,3.30E+08,7968,7968,7543,7972
15.5061,3.30E+08,7968,7968,7543,7972
14.8925,3.30E+08,7969,7969,7544,7972
13.6369,3.30E+08,7969,7969,7544,7972
14.3204,3.30E+08,7969,7969,7544,7972
14.07,3.30E+08,7969,7969,7545,7972
15.1308,3.30E+08,7969,7969,7545,7972
14.3905,3.30E+08,7969,7969,7545,7972
13.7908,3.30E+08,7969,7969,7546,7972
13.1076,3.30E+08,7969,7969,7546,7973
14.07,3.30E+08,7969,7969,7547,7973
13.9443,3.30E+08,7969,7969,7547,7973
13.7208,3.30E+08,7969,7969,7548,7973
13.0653,3.30E+08,7969,7969,7548,7973
13.8885,3.30E+08,7969,7969,7548,7973
15.6328,3.30E+08,7969,7969,7548,7973
14.1678,3.30E+08,7969,7969,7549,7973
15.2272,3.30E+08,7969,7969,7549,7973
15.785,3.30E+08,7969,7969,7549,7973
13.0088,3.30E+08,7969,7969,7549,7973
14.7403,3.30E+08,7970,7970,7549,7973
15.1157,3.30E+08,7970,7970,7550,7973
14.5021,3.30E+08,7970,7970,7550,7973
13.0519,3.30E+08,7970,7970,7550,7974
13.8046,3.30E+08,7970,7970,7550,7974
13.7212,3.30E+08,7970,7970,7550,7974
14.5579,3.30E+08,7970,7970,7550,7974
14.1671,3.30E+08,7970,7970,7551,7974
16.0245,3.30E+08,7971,7971,7551,7974
15.2424,3.30E+08,7971,7971,7551,7974
14.6694,3.30E+08,7971,7971,7552,7974
15.6177,3.30E+08,7971,7971,7552,7974
16.287,3.30E+08,7971,7971,7552,7974
15.5216,3.30E+08,7971,7971,7553,7974
14.2232,3.30E+08,7971,7971,7553,7974
14.1958,3.30E+08,7971,7971,7553,7974
15.1006,3.30E+08,7971,7971,7554,7974
15.8965,3.30E+08,7971,7971,7555,7974
14.6283,3.30E+08,7971,7971,7555,7974
15.4099,3.30E+08,7971,7971,7557,7974
15.283,3.30E+08,7971,7971,7557,7975
15.3541,3.30E+08,7971,7971,7557,7975
14.6694,3.30E+08,7971,7972,7557,7975
14.1117,3.30E+08,7971,7972,7558,7975
15.2424,3.30E+08,7972,7972,7558,7975
14.7252,3.30E+08,7972,7972,7558,7975
14.7252,3.30E+08,7972,7972,7558,7975
15.0191,3.30E+08,7972,7972,7558,7975
15.9124,3.30E+08,7972,7972,7559,7975
15.6891,3.30E+08,7972,7972,7559,7976
14.7662,3.30E+08,7972,7972,7559,7976
15.7292,3.30E+08,7972,7972,7560,7976
15.2018,3.30E+08,7972,7972,7560,7976
14.3348,3.30E+08,7972,7972,7560,7976
12.8416,3.30E+08,7972,7972,7560,7976
13.4289,3.30E+08,7972,7972,7560,7976
13.9583,3.30E+08,7972,7972,7561,7976
16.2312,3.30E+08,7972,7972,7561,7976
16.3985,3.30E+08,7972,7972,7562,7976
17.102,3.30E+08,7972,7972,7562,7976
14.781,3.30E+08,7972,7972,7562,7976
15.2983,3.30E+08,7972,7972,7562,7976
12.9831,3.30E+08,7972,7972,7563,7976
11.1108,3.30E+08,7972,7972,7563,7976
13.1631,3.30E+08,7972,7972,7563,7976
12.4387,3.30E+08,7972,7972,7564,7976
12.0038,3.30E+08,7972,7972,7564,7976
12.2155,3.30E+08,7972,7972,7564,7976
15.4812,3.30E+08,7973,7973,7564,7976
14.279,3.30E+08,7973,7973,7564,7976
16.4708,3.30E+08,7973,7973,7565,7976
15.2272,3.30E+08,7973,7973,7565,7977
14.0419,3.30E+08,7973,7973,7566,7977
14.2933,3.30E+08,7973,7973,7566,7977
15.1866,3.30E+08,7973,7973,7566,7977
15.3541,3.30E+08,7973,7973,7566,7977
15.8807,3.30E+08,7973,7973,7566,7977
14.4049,3.30E+08,7973,7973,7566,7977
15.0599,3.30E+08,7973,7973,7567,7977
14.6841,3.30E+08,7973,7973,7567,7977
14.8516,3.30E+08,7973,7973,7568,7977
15.3388,3.30E+08,7973,7973,7568,7977
15.8408,3.30E+08,7973,7973,7569,7977
14.6841,3.30E+08,7973,7973,7569,7977
14.4463,3.30E+08,7973,7973,7569,7977
15.4099,3.30E+08,7973,7973,7570,7977
14.9891,3.30E+08,7973,7973,7570,7977
14.6429,3.30E+08,7973,7973,7570,7978
15.283,3.30E+08,7973,7973,7571,7978
15.2983,3.30E+08,7973,7973,7571,7978
14.6137,3.30E+08,7974,7974,7571,7978
15.1866,3.30E+08,7974,7974,7571,7978
17.0679,3.30E+08,7974,7974,7571,7978
14.6548,3.30E+08,7974,7974,7572,7978
15.6333,3.30E+08,7974,7974,7572,7978
16.1196,3.30E+08,7974,7974,7572,7978
15.6333,3.30E+08,7974,7974,7572,7978
14.8925,3.30E+08,7974,7974,7574,7978
15.4099,3.30E+08,7974,7974,7574,7978
15.6333,3.30E+08,7974,7975,7574,7978
13.275,3.30E+08,7975,7975,7576,7978
15.1156,3.30E+08,7975,7975,7577,7978
14.3905,3.30E+08,7975,7975,7577,7978
14.3491,3.30E+08,7975,7975,7578,7978
15.6333,3.30E+08,7975,7975,7578,7978
14.6841,3.30E+08,7975,7975,7578,7978
15.4349,3.30E+08,7975,7975,7579,7978
16.3427,3.30E+08,7975,7975,7580,7978
16.2078,3.30E+08,7975,7975,7581,7978
15.8408,3.30E+08,7976,7976,7581,7978
13.5116,3.30E+08,7976,7976,7581,7978
15.7135,3.30E+08,7976,7976,7582,7978
14.3491,3.30E+08,7976,7976,7582,7978
14.8516,3.30E+08,7976,7976,7583,7978
13.2745,3.30E+08,7976,7976,7583,7978
13.6238,3.30E+08,7976,7976,7583,7978
13.9439,3.30E+08,7976,7976,7583,7979
13.3445,3.30E+08,7976,7976,7583,7979
15.8408,3.30E+08,7976,7976,7583,7979
15.4099,3.30E+08,7976,7976,7583,7979
15.5463,3.30E+08,7976,7976,7584,7979
14.2232,3.30E+08,7976,7976,7584,7979
14.9633,3.30E+08,7976,7976,7585,7979
15.5216,3.30E+08,7976,7976,7586,7979
15.6333,3.30E+08,7976,7976,7586,7979
16.1593,3.30E+08,7976,7976,7586,7979
14.5311,3.30E+08,7977,7977,7586,7979
14.2647,3.30E+08,7977,7977,7586,7979
14.4463,3.30E+08,7977,7977,7586,7979
14.7958,3.30E+08,7977,7977,7586,7979
14.2374,3.30E+08,7977,7977,7587,7980
14.7399,3.30E+08,7977,7977,7587,7980
16.7165,3.30E+08,7977,7977,7587,7980
16.4149,3.30E+08,7977,7977,7587,7980
14.6136,3.30E+08,7977,7977,7588,7980
15.283,3.30E+08,7977,7977,7588,7980
15.6891,3.30E+08,7977,7977,7588,7980
13.9583,3.30E+08,7977,7977,7589,7980
14.3491,3.30E+08,7977,7977,7589,7980
14.3906,3.30E+08,7977,7977,7589,7980
16.3032,3.30E+08,7977,7977,7589,7980
14.3348,3.30E+08,7977,7977,7591,7980
16.5824,3.30E+08,7977,7977,7591,7981
15.7135,3.30E+08,7977,7978,7591,7981
14.0699,3.30E+08,7978,7978,7591,7981
17.2524,3.30E+08,7978,7978,7591,7981
14.209,3.30E+08,7978,7978,7592,7981
12.575,3.30E+08,7978,7978,7593,7981
11.7129,3.30E+08,7978,7978,7594,7981
12.9536,3.30E+08,7978,7978,7594,7981
12.8288,3.30E+08,7978,7978,7594,7981
12.4937,3.30E+08,7978,7978,7594,7981
12.4512,3.30E+08,7978,7978,7594,7981
15.1006,3.30E+08,7978,7978,7596,7981
14.6429,3.30E+08,7978,7978,7597,7981
14.4319,3.30E+08,7978,7978,7597,7981
15.1308,3.30E+08,7978,7978,7597,7981
15.1157,3.30E+08,7978,7978,7597,7981
15.3537,3.30E+08,7978,7978,7598,7981
16.4154,3.30E+08,7978,7978,7599,7981
14.0559,3.30E+08,7979,7978,7599,7981
16.1358,3.30E+08,7979,7979,7599,7982
13.9304,3.30E+08,7979,7979,7600,7982
15.1459,3.30E+08,7979,7979,7600,7982
15.4349,3.30E+08,7979,7979,7600,7982
14.5724,3.30E+08,7979,7979,7602,7982
16.4708,3.30E+08,7979,7979,7602,7982
14.209,3.30E+08,7979,7979,7602,7982
15.0749,3.30E+08,7979,7979,7605,7982
16.1754,3.30E+08,7979,7979,7606,7982
13.6369,3.30E+08,7979,7979,7606,7982
14.209,3.30E+08,7979,7979,7607,7982
14.781,3.30E+08,7979,7979,7607,7982
14.2933,3.30E+08,7979,7979,7607,7982
14.7399,3.30E+08,7980,7980,7608,7982
15.5774,3.30E+08,7980,7980,7608,7982
15.6176,3.30E+08,7980,7980,7608,7982
14.0141,3.30E+08,7980,7980,7609,7982
14.781,3.30E+08,7980,7980,7609,7982
14.3762,3.30E+08,7980,7980,7609,7982
15.0749,3.30E+08,7980,7980,7609,7982
14.6841,3.30E+08,7980,7980,7610,7982
15.0041,3.30E+08,7980,7980,7610,7982
14.0001,3.30E+08,7980,7980,7610,7982
14.4608,3.30E+08,7980,7980,7610,7983
15.1714,3.30E+08,7980,7980,7611,7983
14.8368,3.30E+08,7980,7980,7611,7983
15.8166,3.30E+08,7980,7980,7611,7983
14.8368,3.30E+08,7980,7980,7611,7983
14.1117,3.30E+08,7980,7980,7611,7983
15.8408,3.30E+08,7980,7980,7611,7983
14.1816,3.30E+08,7980,7981,7612,7983
16.0241,3.30E+08,7981,7981,7612,7983
16.0077,3.30E+08,7981,7981,7612,7983
15.3388,3.30E+08,7981,7981,7612,7983
12.9964,3.30E+08,7981,7981,7613,7983
13.3441,3.30E+08,7981,7981,7613,7983
14.6283,3.30E+08,7981,7981,7613,7983
15.8965,3.30E+08,7981,7981,7614,7983
14.6283,3.30E+08,7981,7981,7614,7983
14.8925,3.30E+08,7981,7981,7614,7983
15.5216,3.30E+08,7981,7981,7615,7983
15.3792,3.30E+08,7981,7981,7615,7983
16.2637,3.30E+08,7981,7981,7616,7983
15.8965,3.30E+08,7981,7981,7616,7983
15.1157,3.30E+08,7982,7982,7616,7983
17.1236,3.30E+08,7982,7982,7616,7983
14.3491,3.30E+08,7982,7982,7617,7983
15.8007,3.30E+08,7982,7982,7617,7983
15.0041,3.30E+08,7982,7982,7618,7983
13.8466,3.30E+08,7982,7982,7618,7983
14.8925,3.30E+08,7982,7982,7618,7983
16.1916,3.30E+08,7982,7982,7618,7983
15.8807,3.30E+08,7982,7982,7619,7983
15.1156,3.30E+08,7982,7982,7619,7983
14.6429,3.30E+08,7982,7982,7619,7984
14.0976,3.30E+08,7983,7983,7620,7984
15.09,3.30E+08,7983,7983,7620,7984
13.819,3.30E+08,7983,7983,7621,7984
14.0141,3.30E+08,7983,7983,7621,7984
15.3388,3.30E+08,7983,7983,7622,7984
14.0699,3.30E+08,7983,7983,7622,7984
14.8516,3.30E+08,7983,7983,7623,7984
13.4289,3.30E+08,7983,7983,7623,7984
11.5574,3.30E+08,7983,7983,7623,7984
15.5061,3.30E+08,7983,7983,7623,7984
16.0241,3.30E+08,7983,7983,7625,7984
14.781,3.30E+08,7983,7983,7625,7984
15.9523,3.30E+08,7983,7983,7626,7984
14.6283,3.30E+08,7983,7983,7626,7985
15.7449,3.30E+08,7983,7983,7626,7985
15.5216,3.30E+08,7984,7984,7626,7985
15.4195,3.30E+08,7984,7984,7627,7985
12.6305,3.30E+08,7984,7984,7627,7985
10.7203,3.30E+08,7984,7984,7627,7985
13.2192,3.30E+08,7984,7984,7627,7985
14.5166,3.30E+08,7984,7984,7628,7985
15.8249,3.30E+08,7984,7984,7628,7985
15.8003,3.30E+08,7984,7984,7628,7985
14.9636,3.30E+08,7984,7984,7628,7985
14.2375,3.30E+08,7984,7984,7628,7985
15.5619,3.30E+08,7984,7984,7629,7985
15.2272,3.30E+08,7984,7984,7629,7985
14.5579,3.30E+08,7985,7985,7630,7985
13.6654,3.30E+08,7985,7985,7630,7985
12.8544,3.30E+08,7985,7985,7630,7985
14.0976,3.30E+08,7985,7985,7631,7985
15.1308,3.30E+08,7985,7985,7631,7985
13.1077,3.30E+08,7985,7985,7632,7985
13.275,3.30E+08,7985,7985,7632,7985
14.8106,3.30E+08,7985,7985,7633,7985
15.6021,3.30E+08,7985,7985,7634,7986
14.8106,3.30E+08,7985,7985,7634,7986
13.3732,3.30E+08,7985,7985,7635,7986
15.0341,3.30E+08,7985,7985,7635,7986
13.7072,3.30E+08,7985,7985,7636,7986
14.0703,3.30E+08,7985,7985,7637,7986
14.3348,3.30E+08,7985,7985,7637,7986
15.2272,3.30E+08,7985,7985,7637,7986
14.9074,3.30E+08,7985,7985,7638,7986
14.7399,3.30E+08,7985,7985,7638,7986
14.8925,3.30E+08,7985,7985,7638,7986
15.6177,3.30E+08,7985,7985,7639,7986
14.5579,3.30E+08,7985,7985,7639,7986
15.0749,3.30E+08,7986,7986,7640,7986
14.2232,3.30E+08,7986,7986,7642,7986
14.9074,3.30E+08,7986,7986,7642,7986
15.785,3.30E+08,7986,7986,7643,7986
15.2424,3.30E+08,7986,7986,7643,7986
15.1714,3.30E+08,7986,7986,7644,7986
14.9483,3.30E+08,7986,7986,7644,7986
15.593,3.30E+08,7986,7986,7645,7986
15.1006,3.30E+08,7986,7986,7645,7986
14.5166,3.30E+08,7986,7986,7646,7987
14.8516,3.30E+08,7986,7986,7646,7987
15.0191,3.30E+08,7987,7987,7646,7987
16.1035,3.30E+08,7987,7987,7646,7987
14.9633,3.30E+08,7987,7987,7646,7987
13.275,3.30E+08,7987,7987,7647,7987
14.7252,3.30E+08,7987,7987,7647,7987
14.9074,3.30E+08,7987,7987,7647,7987
14.8368,3.30E+08,7987,7987,7647,7987
14.7958,3.30E+08,7987,7987,7647,7987
14.781,3.30E+08,7987,7987,7648,7987
15.3945,3.30E+08,7987,7987,7649,7987
13.7487,3.30E+08,7987,7987,7649,7987
16.6774,3.30E+08,7987,7987,7649,7987
16.1916,3.30E+08,7987,7987,7649,7988
14.9891,3.30E+08,7987,7987,7649,7988
15.0749,3.30E+08,7987,7987,7650,7988
15.2424,3.30E+08,7987,7987,7650,7988
14.4463,3.30E+08,7987,7988,7650,7988
15.3945,3.30E+08,7988,7988,7650,7988
15.2272,3.30E+08,7988,7988,7650,7988
15.4254,3.30E+08,7988,7988,7651,7988
14.5021,3.30E+08,7988,7988,7651,7988
14.9632,3.30E+08,7988,7988,7651,7988
14.1117,3.30E+08,7988,7988,7651,7988
14.9633,3.30E+08,7988,7988,7651,7988
14.1674,3.30E+08,7988,7988,7652,7988
14.279,3.30E+08,7988,7988,7652,7988
14.8925,3.30E+08,7988,7988,7652,7988
15.5774,3.30E+08,7988,7988,7652,7989
16.3033,3.30E+08,7988,7988,7653,7989
13.6651,3.30E+08,7988,7988,7653,7989
14.3495,3.30E+08,7988,7988,7654,7989
13.9439,3.30E+08,7988,7988,7654,7989
11.8805,3.30E+08,7988,7989,7654,7989
11.2228,3.30E+08,7989,7989,7654,7989
12.6056,3.30E+08,7989,7989,7654,7989
13.0519,3.30E+08,7989,7989,7654,7989
14.9074,3.30E+08,7989,7989,7655,7989
15.0749,3.30E+08,7989,7989,7655,7989
11.813,3.30E+08,7989,7989,7655,7989
12.7858,3.30E+08,7989,7989,7656,7989
14.6137,3.30E+08,7989,7989,7657,7989
14.7399,3.30E+08,7989,7989,7657,7989
15.5774,3.30E+08,7989,7989,7657,7989
14.9891,3.30E+08,7989,7989,7658,7990
15.2983,3.30E+08,7989,7989,7658,7990
16.6216,3.30E+08,7989,7989,7658,7990
15.7292,3.30E+08,7989,7989,7659,7990
16.6941,3.30E+08,7989,7989,7659,7990
14.9633,3.30E+08,7989,7989,7659,7990
14.6283,3.30E+08,7989,7989,7659,7990
15.5619,3.30E+08,7989,7989,7660,7990
15.0191,3.30E+08,7989,7989,7661,7990
14.4463,3.30E+08,7990,7990,7661,7990
14.6137,3.30E+08,7990,7990,7662,7990
14.1674,3.30E+08,7990,7990,7663,7990
16.8058,3.30E+08,7990,7990,7663,7990
15.1156,3.30E+08,7990,7990,7663,7990
14.1675,3.30E+08,7990,7990,7664,7990
14.8665,3.30E+08,7990,7990,7664,7990
14.3348,3.30E+08,7990,7990,7664,7990
14.6136,3.30E+08,7990,7990,7665,7991
16.0799,3.30E+08,7990,7990,7665,7991
15.6578,3.30E+08,7990,7990,7666,7991
15.2983,3.30E+08,7990,7990,7666,7991
15.7292,3.30E+08,7990,7990,7667,7991
13.9024,3.30E+08,7990,7990,7668,7991
14.9633,3.30E+08,7990,7990,7668,7991
15.4503,3.30E+08,7990,7990,7669,7991
15.1714,3.30E+08,7990,7990,7669,7991
15.8008,3.30E+08,7990,7990,7669,7991
16.5266,3.30E+08,7990,7990,7669,7991
17.5141,3.30E+08,7990,7990,7669,7991
14.4608,3.30E+08,7990,7990,7670,7991
14.2647,3.30E+08,7990,7990,7670,7991
16.287,3.30E+08,7990,7990,7670,7991
15.0191,3.30E+08,7991,7991,7670,7991
14.1674,3.30E+08,7991,7991,7671,7991
14.5162,3.30E+08,7991,7991,7671,7991
12.4511,3.30E+08,7991,7991,7671,7992
10.4966,3.30E+08,7991,7991,7671,7992
12.3141,3.30E+08,7991,7991,7671,7992
16.5105,3.30E+08,7991,7991,7673,7992
14.0141,3.30E+08,7991,7991,7673,7992
15.3387,3.30E+08,7991,7991,7673,7992
15.2425,3.30E+08,7991,7991,7673,7992
15.8408,3.30E+08,7991,7991,7674,7992
15.1866,3.30E+08,7991,7991,7674,7992
14.6841,3.30E+08,7991,7991,7675,7992
14.3347,3.30E+08,7992,7992,7676,7993
13.6097,3.30E+08,7992,7992,7676,7993
15.1308,3.30E+08,7992,7992,7676,7993
13.5116,3.30E+08,7992,7992,7676,7993
14.6548,3.30E+08,7992,7992,7677,7993
16.8616,3.30E+08,7992,7992,7678,7993
15.0749,3.30E+08,7992,7992,7679,7993
14.5579,3.30E+08,7992,7992,7679,7993
15.283,3.30E+08,7992,7992,7679,7993
14.9483,3.30E+08,7992,7992,7680,7993
14.5311,3.30E+08,7992,7992,7680,7993
14.8777,3.30E+08,7992,7993,7680,7993
15.4658,3.30E+08,7993,7993,7680,7993
16.3591,3.30E+08,7993,7993,7680,7993
13.6518,3.30E+08,7993,7993,7681,7993
15.09,3.30E+08,7993,7993,7681,7993
14.7252,3.30E+08,7993,7993,7682,7993
15.2272,3.30E+08,7993,7993,7682,7993
14.7958,3.30E+08,7993,7993,7684,7993
14.6841,3.30E+08,7993,7993,7684,7994
14.2232,3.30E+08,7993,7993,7685,7994
15.3234,3.30E+08,7993,7993,7686,7994
14.9782,3.30E+08,7993,7993,7686,7994
14.8368,3.30E+08,7993,7993,7686,7994
14.3348,3.30E+08,7993,7993,7686,7994
14.6694,3.30E+08,7993,7993,7686,7994
13.1339,3.30E+08,7993,7993,7687,7994
13.5539,3.30E+08,7993,7993,7687,7994
13.8886,3.30E+08,7993,7993,7687,7994
13.4981,3.30E+08,7994,7993,7688,7994
17.3467,3.30E+08,7994,7994,7688,7994
14.1399,3.30E+08,7994,7994,7688,7994
14.209,3.30E+08,7994,7994,7690,7994
15.1866,3.30E+08,7994,7994,7690,7994
14.3348,3.30E+08,7994,7994,7690,7994
14.3905,3.30E+08,7994,7994,7691,7995
14.0281,3.30E+08,7994,7994,7691,7995
15.3388,3.30E+08,7994,7994,7691,7995
14.7399,3.30E+08,7994,7994,7692,7995
15.3945,3.30E+08,7994,7994,7692,7995
15.0191,3.30E+08,7994,7994,7692,7995
15.5463,3.30E+08,7994,7994,7692,7995
14.6694,3.30E+08,7994,7994,7692,7995
15.6891,3.30E+08,7994,7994,7693,7995
14.8368,3.30E+08,7994,7995,7693,7995
15.4099,3.30E+08,7995,7995,7693,7995
14.1816,3.30E+08,7995,7995,7694,7995
15.0191,3.30E+08,7995,7995,7694,7995
16.0081,3.30E+08,7995,7995,7694,7995
16.1593,3.30E+08,7995,7995,7695,7995
15.4813,3.30E+08,7995,7995,7695,7995
15.1714,3.30E+08,7995,7995,7696,7995
15.2983,3.30E+08,7995,7995,7696,7995
14.2232,3.30E+08,7995,7995,7696,7995
14.6283,3.30E+08,7995,7995,7696,7995
15.1563,3.30E+08,7995,7995,7697,7995
13.7349,3.30E+08,7995,7995,7697,7995
13.5535,3.30E+08,7995,7995,7698,7995
13.2328,3.30E+08,7996,7996,7698,7995
14.2933,3.30E+08,7996,7996,7700,7995
14.3205,3.30E+08,7996,7996,7701,7995
15.7449,3.30E+08,7996,7996,7701,7995
14.5724,3.30E+08,7996,7996,7701,7995
15.825,3.30E+08,7996,7996,7702,7996
15.5216,3.30E+08,7996,7996,7702,7996
15.0041,3.30E+08,7996,7996,7703,7996
15.2978,3.30E+08,7996,7996,7703,7996
16.3432,3.30E+08,7996,7996,7704,7996
14.2374,3.30E+08,7996,7996,7705,7996
15.6333,3.30E+08,7996,7996,7705,7996
15.5619,3.30E+08,7996,7996,7705,7996
15.6734,3.30E+08,7996,7996,7705,7996
15.0599,3.30E+08,7996,7996,7706,7996
15.8566,3.30E+08,7996,7996,7706,7996
15.4099,3.30E+08,7996,7997,7706,7996
14.5579,3.30E+08,7996,7997,7706,7996
14.3348,3.30E+08,7997,7997,7707,7996
16.1196,3.30E+08,7997,7997,7707,7996
14.7399,3.30E+08,7997,7997,7707,7996
15.6891,3.30E+08,7997,7997,7707,7996
15.5216,3.30E+08,7997,7997,7707,7996
17.291,3.30E+08,7997,7997,7708,7996
15.4099,3.30E+08,7997,7997,7708,7996
16.3428,3.30E+08,7997,7997,7708,7996
15.8408,3.30E+08,7997,7997,7709,7997
15.0191,3.30E+08,7997,7997,7709,7997
16.3427,3.30E+08,7997,7997,7709,7997
16.6774,3.30E+08,7997,7997,7709,7997
13.4423,3.30E+08,7997,7997,7709,7997
16.3591,3.30E+08,7997,7997,7710,7997
14.6136,3.30E+08,7997,7997,7710,7997
17.0461,3.30E+08,7997,7997,7710,7997
14.4872,3.30E+08,7997,7997,7710,7997
12.6745,3.30E+08,7997,7997,7711,7997
11.6691,3.30E+08,7997,7997,7711,7997
14.5429,3.30E+08,7998,7998,7712,7997
16.6946,3.30E+08,7998,7998,7712,7997
15.5619,3.30E+08,7998,7998,7712,7997
15.2424,3.30E+08,7998,7998,7712,7997
15.8408,3.30E+08,7998,7998,7712,7998
15.0599,3.30E+08,7998,7998,7713,7998
13.8045,3.30E+08,7998,7998,7714,7998
11.8806,3.30E+08,7998,7998,7714,7998
12.773,3.30E+08,7998,7998,7714,7998
12.4383,3.30E+08,7998,7998,7714,7998
15.7048,3.30E+08,7998,7998,7714,7998
14.5021,3.30E+08,7998,7998,7714,7998
14.9891,3.30E+08,7998,7998,7714,7998
15.6332,3.30E+08,7998,7998,7715,7998
14.7248,3.30E+08,7998,7998,7715,7998
15.2987,3.30E+08,7998,7998,7716,7998
14.2232,3.30E+08,7998,7998,7716,7998
16.3033,3.30E+08,7998,7998,7717,7998
15.283,3.30E+08,7998,7998,7717,7998
14.6137,3.30E+08,7998,7998,7717,7998
15.0191,3.30E+08,7998,7998,7718,7998
15.8566,3.30E+08,7999,7999,7718,7998
15.1308,3.30E+08,7999,7999,7718,7998
15.9523,3.30E+08,7999,7999,7719,7998
15.0191,3.30E+08,7999,7999,7719,7998
14.9891,3.30E+08,7999,7999,7719,7999
15.1866,3.30E+08,7999,7999,7720,7999
17.5141,3.30E+08,7999,7999,7720,7999
14.8925,3.30E+08,7999,7999,7720,7999
15.41,3.30E+08,7999,7999,7721,7999
15.283,3.30E+08,7999,7999,7721,7999
15.9683,3.30E+08,7999,7999,7721,7999
14.8925,3.30E+08,7999,7999,7722,7999
14.9074,3.30E+08,7999,7999,7722,7999
16.1196,3.30E+08,7999,7999,7723,7999
14.9633,3.30E+08,7999,7999,7723,7999
15.1308,3.30E+08,7999,7999,7723,7999
15.6734,3.30E+08,7999,7999,7723,7999
16.2474,3.30E+08,7999,7999,7723,7999
15.5463,3.30E+08,7999,7999,7724,7999
16.6941,3.30E+08,7999,7999,7724,7999
16.5659,3.30E+08,7999,7999,7724,8000
15.8407,3.30E+08,8000,8000,7725,8000
13.6928,3.30E+08,8000,8000,7726,8000
16.0081,3.30E+08,8000,8000,7727,8000
15.5216,3.30E+08,8000,8000,7727,8000
15.1563,3.30E+08,8000,8000,7728,8000
16.3033,3.30E+08,8000,8000,7728,8000
15.8008,3.30E+08,8000,8000,7729,8000
15.785,3.30E+08,8000,8000,7729,8000
14.9074,3.30E+08,8000,8000,7730,8000
15.5619,3.30E+08,8000,8000,7730,8000
15.283,3.30E+08,8000,8000,7730,8000
15.8966,3.30E+08,8000,8000,7731,8000
14.8516,3.30E+08,8000,8000,7731,8000
16.8616,3.30E+08,8000,8000,7731,8000
14.2232,3.30E+08,8000,8000,7732,8000
15.9678,3.30E+08,8000,8000,7732,8000
13.108,3.30E+08,8001,8001,7732,8000
14.1258,3.30E+08,8001,8001,7733,8000
14.3906,3.30E+08,8001,8001,7733,8000
15.0599,3.30E+08,8001,8001,7733,8001
10.8313,3.30E+08,8001,8001,7734,8001
13.6659,3.30E+08,8001,8001,7735,8001
13.2192,3.30E+08,8001,8001,7736,8001
16.5101,3.30E+08,8001,8001,7736,8001
14.8516,3.30E+08,8001,8001,7736,8001
16.1358,3.30E+08,8001,8001,7738,8001
14.781,3.30E+08,8001,8001,7738,8001
15.2272,3.30E+08,8001,8001,7738,8001
15.5614,3.30E+08,8001,8001,7738,8001
16.2479,3.30E+08,8001,8001,7738,8001
14.279,3.30E+08,8001,8001,7738,8001
15.6333,3.30E+08,8001,8001,7739,8001
13.6097,3.30E+08,8001,8001,7739,8002
15.0749,3.30E+08,8001,8001,7741,8002
14.5166,3.30E+08,8001,8001,7741,8002
16.4936,3.30E+08,8001,8001,7741,8002
15.4658,3.30E+08,8001,8001,7741,8002
14.7252,3.30E+08,8001,8001,7742,8002
14.9075,3.30E+08,8001,8001,7742,8002
16.1196,3.30E+08,8002,8002,7743,8002
14.5724,3.30E+08,8002,8002,7743,8002
16.0081,3.30E+08,8002,8002,7744,8002
15.5619,3.30E+08,8002,8002,7744,8002
16.0241,3.30E+08,8002,8002,7744,8002
14.1258,3.30E+08,8002,8002,7745,8002
15.8965,3.30E+08,8002,8002,7745,8002
14.2933,3.30E+08,8002,8002,7747,8002
14.0001,3.30E+08,8002,8002,7747,8002
14.7252,3.30E+08,8002,8002,7747,8002
15.1157,3.30E+08,8002,8002,7748,8002
15.2983,3.30E+08,8002,8002,7748,8002
14.7958,3.30E+08,8002,8002,7749,8002
14.5166,3.30E+08,8002,8002,7749,8003
13.7628,3.30E+08,8002,8002,7750,8003
14.7257,3.30E+08,8002,8002,7750,8003
16.1358,3.30E+08,8003,8002,7750,8003
13.777,3.30E+08,8003,8003,7750,8003
15.2424,3.30E+08,8003,8003,7751,8003
14.6694,3.30E+08,8003,8003,7751,8003
16.4873,3.30E+08,8003,8003,7751,8003
16.3822,3.30E+08,8003,8003,7752,8003
14.5021,3.30E+08,8003,8003,7752,8003
14.6283,3.30E+08,8003,8003,7752,8003
15.785,3.30E+08,8003,8003,7752,8003
15.8725,3.30E+08,8003,8003,7752,8003
16.8447,3.30E+08,8003,8003,7753,8003
16.0478,3.30E+08,8003,8003,7753,8003
15.4658,3.30E+08,8003,8003,7754,8003
15.4099,3.30E+08,8003,8003,7754,8003
13.0091,3.30E+08,8003,8003,7754,8003
13.0519,3.30E+08,8003,8003,7755,8003
14.2232,3.30E+08,8003,8003,7755,8003
13.7212,3.30E+08,8003,8003,7755,8003
14.0141,3.30E+08,8003,8003,7756,8003
13.5116,3.30E+08,8003,8003,7756,8003
13.0519,3.30E+08,8003,8003,7757,8003
12.7299,3.30E+08,8003,8003,7757,8003
13.3304,3.30E+08,8003,8003,7758,8004
12.2272,3.30E+08,8003,8003,7759,8004
14.1676,3.30E+08,8003,8003,7759,8004
14.3496,3.30E+08,8003,8003,7759,8004
15.1714,3.30E+08,8003,8003,7760,8004
16.3264,3.30E+08,8003,8003,7761,8004
15.6887,3.30E+08,8004,8003,7762,8004
15.857,3.30E+08,8004,8004,7762,8004
15.785,3.30E+08,8004,8004,7762,8004
15.4658,3.30E+08,8004,8004,7763,8004
14.0141,3.30E+08,8004,8004,7763,8004
16.5101,3.30E+08,8004,8004,7763,8004
14.0976,3.30E+08,8004,8004,7763,8004
16.3591,3.30E+08,8004,8004,7763,8004
16.4543,3.30E+08,8004,8004,7763,8004
14.1258,3.30E+08,8004,8004,7763,8004
15.0599,3.30E+08,8004,8004,7763,8004
15.8566,3.30E+08,8004,8004,7764,8005
15.283,3.30E+08,8004,8004,7764,8005
15.2272,3.30E+08,8004,8004,7765,8005
12.0041,3.30E+08,8004,8004,7765,8005
12.773,3.30E+08,8004,8004,7765,8005
13.8466,3.30E+08,8004,8004,7765,8005
14.781,3.30E+08,8005,8004,7765,8005
14.4608,3.30E+08,8005,8005,7765,8005
15.5774,3.30E+08,8005,8005,7765,8005
14.8925,3.30E+08,8005,8005,7767,8005
16.5101,3.30E+08,8005,8005,7767,8005
16.1916,3.30E+08,8005,8005,7768,8005
13.7212,3.30E+08,8005,8005,7769,8005
14.1816,3.30E+08,8005,8005,7770,8005
14.279,3.30E+08,8005,8005,7770,8005
15.4503,3.30E+08,8005,8005,7771,8005
15.4658,3.30E+08,8005,8005,7771,8005
14.7399,3.30E+08,8005,8005,7771,8005
16.1035,3.30E+08,8005,8005,7771,8006
16.2637,3.30E+08,8005,8005,7771,8006
16.287,3.30E+08,8005,8005,7772,8006
15.0749,3.30E+08,8005,8005,7772,8006
15.6176,3.30E+08,8005,8005,7772,8006
15.6734,3.30E+08,8005,8005,7772,8006
14.0137,3.30E+08,8005,8005,7774,8006
17.0125,3.30E+08,8005,8005,7774,8006
16.0799,3.30E+08,8005,8005,7774,8006
14.6694,3.30E+08,8005,8005,7774,8006
14.3491,3.30E+08,8005,8005,7775,8006
14.7101,3.30E+08,8005,8005,7775,8006
13.1343,3.30E+08,8005,8005,7775,8006
11.4343,3.30E+08,8005,8005,7776,8006
11.8245,3.30E+08,8005,8006,7776,8006
12.9536,3.30E+08,8006,8006,7776,8006
13.163,3.30E+08,8006,8006,7776,8006
12.0603,3.30E+08,8006,8006,7777,8006
14.4319,3.30E+08,8006,8006,7777,8007
15.2424,3.30E+08,8006,8006,7779,8007
15.4503,3.30E+08,8006,8006,7779,8007
15.0599,3.30E+08,8006,8006,7779,8007
15.1308,3.30E+08,8006,8006,7779,8007
14.1674,3.30E+08,8006,8006,7780,8007
15.3136,3.30E+08,8006,8006,7780,8007
15.3945,3.30E+08,8006,8006,7780,8007
13.8885,3.30E+08,8006,8006,7781,8007
14.781,3.30E+08,8006,8006,7781,8007
15.1308,3.30E+08,8006,8006,7782,8007
14.5579,3.30E+08,8006,8006,7782,8007
14.6694,3.30E+08,8006,8006,7782,8007
15.6891,3.30E+08,8006,8006,7783,8007
13.9443,3.30E+08,8006,8006,7784,8007
15.2424,3.30E+08,8006,8006,7784,8007
14.7399,3.30E+08,8006,8006,7785,8007
15.6177,3.30E+08,8006,8006,7785,8008
14.279,3.30E+08,8006,8006,7785,8008
14.7399,3.30E+08,8006,8006,7785,8008
15.1308,3.30E+08,8006,8006,7786,8008
16.287,3.30E+08,8006,8006,7787,8008
15.5774,3.30E+08,8007,8007,7788,8008
16.0639,3.30E+08,8007,8007,7788,8008
14.9334,3.30E+08,8007,8007,7788,8008
15.4658,3.30E+08,8007,8007,7788,8008
14.7399,3.30E+08,8007,8007,7789,8008
14.5575,3.30E+08,8007,8007,7790,8008
13.7908,3.30E+08,8007,8007,7790,8008
15.5778,3.30E+08,8007,8007,7791,8008
16.4543,3.30E+08,8007,8007,7791,8008
14.5991,3.30E+08,8007,8007,7791,8008
14.7958,3.30E+08,8007,8007,7791,8008
14.8925,3.30E+08,8007,8007,7792,8008
14.7399,3.30E+08,8007,8007,7792,8009
16.6941,3.30E+08,8007,8007,7792,8009
13.6097,3.30E+08,8007,8007,7793,8009
16.3985,3.30E+08,8007,8007,7793,8009
15.5061,3.30E+08,8007,8007,7794,8009
15.9683,3.30E+08,8007,8007,7794,8009
15.1714,3.30E+08,8007,8007,7794,8009
14.8516,3.30E+08,8007,8007,7794,8009
15.3541,3.30E+08,8007,8008,7795,8009
16.3033,3.30E+08,8008,8008,7796,8009
14.5579,3.30E+08,8008,8008,7796,8009
14.3205,3.30E+08,8008,8008,7797,8009
15.4099,3.30E+08,8008,8008,7797,8009
15.283,3.30E+08,8008,8008,7797,8009
14.9633,3.30E+08,8008,8008,7798,8010
13.6654,3.30E+08,8008,8008,7799,8010
15.7449,3.30E+08,8008,8008,7799,8010
14.4049,3.30E+08,8008,8008,7799,8010
15.5619,3.30E+08,8008,8008,7799,8010
15.8408,3.30E+08,8008,8008,7799,8010
15.8407,3.30E+08,8008,8008,7799,8010
16.4149,3.30E+08,8008,8008,7799,8010
14.7958,3.30E+08,8008,8008,7800,8010
14.5579,3.30E+08,8008,8008,7800,8010
15.6734,3.30E+08,8008,8008,7801,8010
15.1866,3.30E+08,8008,8008,7802,8010
13.4981,3.30E+08,8008,8009,7802,8010
12.2152,3.30E+08,8009,8009,7802,8010
15.1459,3.30E+08,8009,8009,7803,8010
11.6017,3.30E+08,8009,8009,7803,8010
11.8363,3.30E+08,8009,8009,7804,8010
12.3825,3.30E+08,8009,8009,7805,8010
11.2116,3.30E+08,8009,8009,7805,8010
12.1158,3.30E+08,8009,8009,7805,8010
13.9444,3.30E+08,8009,8009,7805,8010
13.6093,3.30E+08,8009,8009,7805,8010
14.4053,3.30E+08,8009,8009,7805,8010
14.4608,3.30E+08,8009,8009,7805,8011
16.6217,3.30E+08,8009,8009,7806,8011
14.2647,3.30E+08,8009,8009,7806,8011
15.5774,3.30E+08,8009,8009,7807,8011
15.1308,3.30E+08,8009,8009,7807,8011
13.7209,3.30E+08,8009,8009,7807,8011
15.9128,3.30E+08,8009,8009,7807,8011
15.3541,3.30E+08,8009,8009,7807,8011
16.3822,3.30E+08,8009,8009,7807,8011
15.1714,3.30E+08,8009,8009,7808,8011
13.9163,3.30E+08,8009,8009,7808,8011
15.283,3.30E+08,8009,8009,7808,8011
15.5774,3.30E+08,8009,8009,7808,8011
14.9334,3.30E+08,8009,8009,7808,8011
13.5674,3.30E+08,8009,8009,7808,8011
14.0141,3.30E+08,8009,8009,7809,8011
14.1674,3.30E+08,8009,8009,7809,8011
15.2983,3.30E+08,8009,8009,7810,8011
13.4981,3.30E+08,8009,8009,7811,8011
15.0191,3.30E+08,8009,8009,7811,8011
15.2272,3.30E+08,8009,8009,7812,8011
15.6333,3.30E+08,8009,8009,7812,8011
14.0976,3.30E+08,8009,8010,7812,8012
14.7252,3.30E+08,8010,8010,7812,8012
14.8516,3.30E+08,8010,8010,7813,8012
15.7292,3.30E+08,8010,8010,7813,8012
16.7667,3.30E+08,8010,8010,7813,8012
14.8925,3.30E+08,8010,8010,7813,8012
14.8368,3.30E+08,8010,8010,7814,8012
15.5061,3.30E+08,8010,8010,7815,8012
16.1196,3.30E+08,8010,8010,7815,8012
15.3541,3.30E+08,8010,8010,7815,8012
16.231,3.30E+08,8010,8010,7816,8012
15.0344,3.30E+08,8010,8010,7816,8012
14.8925,3.30E+08,8010,8010,7816,8012
16.1754,3.30E+08,8010,8010,7816,8012
16.2474,3.30E+08,8010,8010,7817,8012
14.9891,3.30E+08,8010,8010,7817,8013
13.8466,3.30E+08,8010,8010,7817,8013
14.1117,3.30E+08,8010,8010,7817,8013
15.8007,3.30E+08,8010,8011,7817,8013
15.8566,3.30E+08,8011,8011,7818,8013
16.1357,3.30E+08,8011,8011,7818,8013
17.3294,3.30E+08,8011,8011,7818,8013
17.5316,3.30E+08,8011,8011,7818,8013
15.9124,3.30E+08,8011,8011,7819,8013
14.669,3.30E+08,8011,8011,7819,8013
15.1312,3.30E+08,8011,8011,7820,8013
15.0041,3.30E+08,8011,8011,7820,8013
15.2272,3.30E+08,8011,8011,7820,8013
15.7449,3.30E+08,8011,8011,7820,8013
14.7252,3.30E+08,8011,8011,7822,8013
12.1034,3.30E+08,8011,8011,7822,8013
14.1261,3.30E+08,8011,8011,7822,8014
14.3347,3.30E+08,8011,8011,7823,8014
14.781,3.30E+08,8011,8011,7823,8014
14.6429,3.30E+08,8011,8011,7823,8014
15.212,3.30E+08,8011,8011,7823,8014
15.5216,3.30E+08,8011,8011,7823,8014
15.785,3.30E+08,8011,8011,7823,8014
17.1794,3.30E+08,8011,8011,7824,8014
15.4812,3.30E+08,8011,8011,7824,8014
15.3945,3.30E+08,8011,8011,7824,8014
15.2424,3.30E+08,8012,8012,7826,8014
13.7212,3.30E+08,8012,8012,7826,8014
15.3541,3.30E+08,8012,8012,7827,8014
15.0599,3.30E+08,8012,8012,7827,8014
15.2677,3.30E+08,8012,8012,7827,8014
15.2424,3.30E+08,8012,8012,7827,8014
16.0639,3.30E+08,8012,8012,7827,8014
15.3541,3.30E+08,8012,8012,7828,8015
14.5021,3.30E+08,8012,8012,7828,8015
13.7487,3.30E+08,8012,8012,7828,8015
16.8837,3.30E+08,8012,8012,7828,8015
15.6332,3.30E+08,8012,8012,7828,8015
12.5499,3.30E+08,8012,8012,7828,8015
15.0041,3.30E+08,8012,8012,7829,8015
16.7108,3.30E+08,8012,8012,7829,8015
16.3428,3.30E+08,8012,8012,7829,8015
15.5774,3.30E+08,8012,8012,7830,8015
14.6137,3.30E+08,8012,8012,7830,8015
14.9891,3.30E+08,8012,8012,7830,8015
16.0799,3.30E+08,8013,8013,7830,8015
15.0598,3.30E+08,8013,8013,7830,8015
16.0402,3.30E+08,8013,8013,7830,8015
14.8219,3.30E+08,8013,8013,7830,8015
17.0461,3.30E+08,8013,8013,7830,8015
14.6137,3.30E+08,8013,8013,7831,8015
15.1006,3.30E+08,8013,8013,7831,8015
14.3076,3.30E+08,8013,8013,7832,8015
14.7252,3.30E+08,8013,8013,7832,8015
15.1156,3.30E+08,8013,8013,7832,8015
14.8364,3.30E+08,8013,8013,7832,8015
12.4511,3.30E+08,8013,8013,7833,8015
11.3786,3.30E+08,8013,8013,7833,8015
14.2374,3.30E+08,8013,8013,7833,8015
12.4938,3.30E+08,8013,8013,7833,8016
15.9687,3.30E+08,8013,8013,7834,8016
14.6136,3.30E+08,8013,8013,7834,8016
15.1157,3.30E+08,8013,8013,7834,8016
15.3541,3.30E+08,8013,8013,7835,8016
16.1197,3.30E+08,8013,8013,7835,8016
16.8447,3.30E+08,8013,8013,7836,8016
16.8616,3.30E+08,8013,8013,7837,8016
14.8925,3.30E+08,8014,8013,7837,8016
14.9633,3.30E+08,8014,8014,7837,8016
16.0799,3.30E+08,8014,8014,7837,8016
16.2474,3.30E+08,8014,8014,7837,8016
14.1533,3.30E+08,8014,8014,7837,8016
13.6233,3.30E+08,8014,8014,7837,8016
13.9583,3.30E+08,8014,8014,7837,8016
14.3905,3.30E+08,8014,8014,7838,8016
15.4099,3.30E+08,8014,8014,7838,8016
15.9364,3.30E+08,8014,8014,7840,8016
15.7048,3.30E+08,8014,8014,7840,8016
13.1499,3.30E+08,8014,8014,7840,8016
12.0603,3.30E+08,8014,8014,7841,8016
10.2728,3.30E+08,8014,8014,7841,8016
13.8753,3.30E+08,8014,8014,7841,8016
15.3136,3.30E+08,8014,8014,7841,8017
15.3945,3.30E+08,8014,8014,7841,8017
15.2424,3.30E+08,8014,8014,7841,8017
14.8368,3.30E+08,8014,8014,7843,8017
14.6548,3.30E+08,8014,8014,7843,8017
13.2457,3.30E+08,8014,8014,7843,8017
15.4906,3.30E+08,8015,8015,7843,8017
14.07,3.30E+08,8015,8015,7844,8017
14.0699,3.30E+08,8015,8015,7844,8017
16.1754,3.30E+08,8015,8015,7844,8017
13.0649,3.30E+08,8015,8015,7844,8017
11.8687,3.30E+08,8015,8015,7844,8017
14.9224,3.30E+08,8015,8015,7845,8017
15.0599,3.30E+08,8015,8015,7846,8017
15.0191,3.30E+08,8015,8015,7846,8017
15.3945,3.30E+08,8015,8015,7846,8017
15.1866,3.30E+08,8015,8015,7846,8017
15.6176,3.30E+08,8015,8015,7847,8017
15.2272,3.30E+08,8015,8015,7847,8017
15.5061,3.30E+08,8015,8015,7847,8017
15.5619,3.30E+08,8015,8015,7847,8017
15.3541,3.30E+08,8015,8015,7847,8018
15.1308,3.30E+08,8015,8015,7848,8018
15.785,3.30E+08,8015,8015,7848,8018
14.9074,3.30E+08,8015,8015,7849,8018
14.6402,3.30E+08,8015,8015,7849,8018
15.3849,3.30E+08,8015,8015,7849,8018
16.0639,3.30E+08,8015,8015,7849,8018
15.8008,3.30E+08,8015,8015,7849,8018
14.9891,3.30E+08,8015,8015,7850,8018
15.2424,3.30E+08,8015,8015,7850,8018
14.1674,3.30E+08,8015,8015,7850,8018
14.8516,3.30E+08,8015,8015,7851,8018
15.0749,3.30E+08,8015,8015,7852,8018
14.1533,3.30E+08,8016,8016,7852,8019
15.7292,3.30E+08,8016,8016,7852,8019
15.3541,3.30E+08,8016,8016,7852,8019
14.7958,3.30E+08,8016,8016,7853,8019
15.1714,3.30E+08,8016,8016,7854,8019
14.279,3.30E+08,8016,8016,7855,8019
15.7048,3.30E+08,8016,8016,7855,8019
14.1533,3.30E+08,8016,8016,7855,8019
16.5266,3.30E+08,8016,8016,7856,8019
14.5021,3.30E+08,8016,8016,7856,8019
13.3999,3.30E+08,8016,8016,7856,8019
14.5021,3.30E+08,8016,8016,7856,8019
16.0639,3.30E+08,8016,8016,7856,8019
15.8566,3.30E+08,8016,8016,7857,8019
14.0559,3.30E+08,8016,8016,7858,8019
13.8601,3.30E+08,8017,8017,7858,8019
15.897,3.30E+08,8017,8017,7858,8019
14.6283,3.30E+08,8017,8017,7859,8019
14.5991,3.30E+08,8017,8017,7859,8020
14.0001,3.30E+08,8017,8017,7859,8020
14.4607,3.30E+08,8017,8017,7860,8020
15.8966,3.30E+08,8017,8017,7861,8020
15.7607,3.30E+08,8017,8017,7861,8020
11.6575,3.30E+08,8017,8017,7861,8020
14.7252,3.30E+08,8017,8017,7861,8020
14.9633,3.30E+08,8017,8017,7861,8020
14.822,3.30E+08,8017,8017,7862,8020
15.2424,3.30E+08,8017,8017,7863,8020
15.4658,3.30E+08,8017,8017,7863,8020
15.5774,3.30E+08,8017,8017,7863,8020
16.8448,3.30E+08,8017,8017,7863,8020
15.7449,3.30E+08,8017,8017,7863,8020
14.7105,3.30E+08,8017,8017,7863,8020
15.283,3.30E+08,8017,8017,7863,8020
14.3635,3.30E+08,8017,8017,7864,8020
14.0418,3.30E+08,8017,8017,7865,8020
13.0649,3.30E+08,8017,8017,7866,8020
12.9961,3.30E+08,8017,8017,7866,8020
13.9024,3.30E+08,8017,8017,7866,8020
15.8965,3.30E+08,8017,8017,7867,8021
15.6176,3.30E+08,8017,8017,7867,8021
14.9782,3.30E+08,8017,8017,7868,8021
15.3234,3.30E+08,8017,8017,7868,8021
15.0187,3.30E+08,8017,8017,7868,8021
14.0703,3.30E+08,8018,8018,7868,8021
14.6841,3.30E+08,8018,8018,7869,8021
15.3792,3.30E+08,8018,8018,7869,8021
16.0241,3.30E+08,8018,8018,7869,8021
16.0799,3.30E+08,8018,8018,7870,8021
15.283,3.30E+08,8018,8018,7870,8021
15.7292,3.30E+08,8018,8018,7870,8021
15.212,3.30E+08,8018,8018,7870,8021
14.4338,3.30E+08,8018,8018,7870,8021
16.1036,3.30E+08,8018,8018,7870,8021
14.2374,3.30E+08,8018,8018,7870,8021
14.7958,3.30E+08,8018,8018,7871,8021
15.6176,3.30E+08,8018,8018,7871,8021
15.785,3.30E+08,8018,8018,7871,8021
17.291,3.30E+08,8018,8018,7871,8021
15.9124,3.30E+08,8018,8018,7871,8021
14.4463,3.30E+08,8018,8018,7872,8021
15.1459,3.30E+08,8018,8018,7872,8021
14.9483,3.30E+08,8019,8019,7873,8021
15.6176,3.30E+08,8019,8019,7873,8021
14.6841,3.30E+08,8019,8019,7873,8021
14.5021,3.30E+08,8019,8019,7873,8021
15.1157,3.30E+08,8019,8019,7874,8021
14.8516,3.30E+08,8019,8019,7874,8021
15.5216,3.30E+08,8019,8019,7874,8021
14.0418,3.30E+08,8019,8019,7874,8021
13.6096,3.30E+08,8019,8019,7874,8021
13.1208,3.30E+08,8019,8019,7874,8021
16.4543,3.30E+08,8019,8019,7875,8021
14.2933,3.30E+08,8019,8019,7875,8021
14.0141,3.30E+08,8019,8019,7875,8022
15.0598,3.30E+08,8019,8019,7876,8022
14.7958,3.30E+08,8019,8019,7876,8022
14.7252,3.30E+08,8019,8019,7876,8022
14.781,3.30E+08,8019,8019,7877,8022
13.6787,3.30E+08,8019,8019,7877,8022
13.9028,3.30E+08,8019,8019,7877,8022
15.1563,3.30E+08,8019,8019,7877,8022
15.1308,3.30E+08,8019,8019,7878,8022
14.0559,3.30E+08,8020,8020,7878,8022
15.2982,3.30E+08,8020,8020,7878,8022
16.7332,3.30E+08,8020,8020,7878,8022
15.4503,3.30E+08,8020,8020,7878,8022
14.3491,3.30E+08,8020,8020,7879,8022
14.9483,3.30E+08,8020,8020,7879,8022
16.1519,3.30E+08,8020,8020,7880,8022
15.8965,3.30E+08,8020,8020,7880,8022
15.1006,3.30E+08,8020,8020,7881,8022
14.1258,3.30E+08,8020,8020,7882,8022
15.785,3.30E+08,8020,8020,7882,8022
16.4314,3.30E+08,8020,8020,7883,8022
13.9304,3.30E+08,8020,8020,7883,8022
14.6283,3.30E+08,8020,8020,7883,8022
15.5774,3.30E+08,8020,8020,7883,8022
14.9891,3.30E+08,8020,8020,7883,8022
14.6841,3.30E+08,8020,8020,7884,8023
16.1916,3.30E+08,8020,8020,7884,8023
15.3945,3.30E+08,8020,8020,7884,8023
15.9523,3.30E+08,8020,8020,7884,8023
14.7399,3.30E+08,8020,8020,7884,8023
17.2352,3.30E+08,8020,8020,7884,8023
16.6216,3.30E+08,8020,8020,7884,8023
14.4049,3.30E+08,8020,8020,7885,8023
17.0291,3.30E+08,8020,8020,7885,8023
15.2424,3.30E+08,8020,8020,7886,8023
15.8407,3.30E+08,8021,8021,7886,8023
14.7958,3.30E+08,8021,8021,7886,8023
15.9523,3.30E+08,8021,8021,7887,8023
14.0001,3.30E+08,8021,8021,7887,8023
16.5658,3.30E+08,8021,8021,7888,8023
13.275,3.30E+08,8021,8021,7888,8023
15.1459,3.30E+08,8021,8021,7889,8023
15.8965,3.30E+08,8021,8021,7889,8023
14.2933,3.30E+08,8021,8021,7890,8023
16.0639,3.30E+08,8021,8021,7890,8023
15.2272,3.30E+08,8021,8021,7890,8023
14.5724,3.30E+08,8021,8021,7890,8023
14.7662,3.30E+08,8021,8021,7892,8023
15.2983,3.30E+08,8021,8021,7892,8023
15.5061,3.30E+08,8021,8021,7893,8024
15.1308,3.30E+08,8021,8021,7893,8024
15.0041,3.30E+08,8021,8021,7893,8024
15.2272,3.30E+08,8021,8021,7894,8024
15.2577,3.30E+08,8021,8021,7895,8024
15.2677,3.30E+08,8021,8021,7895,8024
16.4708,3.30E+08,8021,8021,7896,8024
15.0599,3.30E+08,8021,8021,7897,8024
15.2577,3.30E+08,8021,8021,7897,8024
14.8925,3.30E+08,8022,8022,7897,8024
15.9519,3.30E+08,8022,8022,7897,8024
15.6895,3.30E+08,8022,8022,7898,8024
17.3851,3.30E+08,8022,8022,7898,8024
15.3541,3.30E+08,8022,8022,7898,8024
15.4653,3.30E+08,8022,8022,7899,8024
14.4467,3.30E+08,8022,8022,7899,8024
15.3541,3.30E+08,8022,8022,7900,8024
13.9861,3.30E+08,8022,8022,7901,8024
14.4194,3.30E+08,8022,8022,7901,8024
14.5429,3.30E+08,8022,8022,7901,8024
14.2378,3.30E+08,8022,8022,7901,8024
15.3388,3.30E+08,8022,8022,7902,8024
12.6868,3.30E+08,8022,8022,7902,8024
13.206,3.30E+08,8022,8022,7902,8024
14.4608,3.30E+08,8022,8022,7903,8024
14.1816,3.30E+08,8022,8022,7903,8025
15.5463,3.30E+08,8022,8022,7904,8025
16.096,3.30E+08,8022,8022,7904,8025
15.1714,3.30E+08,8022,8022,7905,8025
15.5216,3.30E+08,8022,8022,7905,8025
14.6694,3.30E+08,8022,8022,7905,8025
14.8925,3.30E+08,8022,8022,7906,8025
15.6891,3.30E+08,8022,8022,7906,8025
15.7135,3.30E+08,8022,8022,7906,8025
14.4049,3.30E+08,8022,8022,7907,8025
13.2192,3.30E+08,8022,8022,7907,8025
14.9074,3.30E+08,8022,8022,7908,8025
13.1076,3.30E+08,8022,8022,7908,8025
13.2321,3.30E+08,8022,8022,7908,8025
13.0653,3.30E+08,8023,8023,7909,8025
13.5404,3.30E+08,8023,8023,7909,8025
15.9683,3.30E+08,8023,8023,7910,8025
14.0559,3.30E+08,8023,8023,7911,8025
16.0799,3.30E+08,8023,8023,7911,8025
15.1866,3.30E+08,8023,8023,7912,8025
13.3866,3.30E+08,8023,8023,7912,8025
14.0699,3.30E+08,8023,8023,7913,8025
12.6615,3.30E+08,8023,8023,7914,8025
13.8466,3.30E+08,8023,8023,7915,8025
14.9891,3.30E+08,8023,8023,7915,8025
13.3575,3.30E+08,8023,8023,7915,8025
12.5499,3.30E+08,8023,8023,7917,8025
10.0954,3.30E+08,8023,8023,7917,8025
13.4003,3.30E+08,8023,8023,7917,8025
14.8777,3.30E+08,8023,8023,7918,8025
14.8665,3.30E+08,8023,8023,7918,8025
13.8886,3.30E+08,8024,8023,7918,8026
14.9483,3.30E+08,8024,8024,7919,8026
15.283,3.30E+08,8024,8024,7919,8026
14.279,3.30E+08,8024,8024,7919,8026
15.4658,3.30E+08,8024,8024,7919,8026
14.8368,3.30E+08,8024,8024,7920,8026
14.6283,3.30E+08,8024,8024,7920,8026
12.9403,3.30E+08,8024,8024,7921,8026
15.2577,3.30E+08,8024,8024,7921,8026
14.0419,3.30E+08,8024,8024,7921,8026
15.0599,3.30E+08,8024,8024,7921,8026
15.8566,3.30E+08,8024,8024,7922,8026
14.5166,3.30E+08,8024,8024,7922,8026
14.781,3.30E+08,8024,8024,7922,8026
14.6694,3.30E+08,8024,8024,7923,8026
15.5371,3.30E+08,8024,8024,7923,8026
16.1754,3.30E+08,8024,8024,7924,8026
16.215,3.30E+08,8024,8024,7924,8026
16.8615,3.30E+08,8024,8024,7924,8026
15.0191,3.30E+08,8024,8024,7925,8026
15.6176,3.30E+08,8024,8024,7925,8026
15.4099,3.30E+08,8024,8024,7926,8027
15.1714,3.30E+08,8024,8024,7926,8027
15.6734,3.30E+08,8024,8024,7927,8027
16.6774,3.30E+08,8025,8025,7927,8027
14.9074,3.30E+08,8025,8025,7927,8027
14.9483,3.30E+08,8025,8025,7927,8027
15.1866,3.30E+08,8025,8025,7927,8027
15.4657,3.30E+08,8025,8025,7928,8027
14.7399,3.30E+08,8025,8025,7928,8027
14.5579,3.30E+08,8025,8025,7928,8027
14.3905,3.30E+08,8025,8025,7929,8027
16.0081,3.30E+08,8025,8025,7929,8027
15.3945,3.30E+08,8025,8025,7930,8027
15.6489,3.30E+08,8025,8025,7930,8027
14.7105,3.30E+08,8025,8025,7930,8027
15.3135,3.30E+08,8025,8025,7930,8027
14.933,3.30E+08,8025,8025,7931,8028
15.9128,3.30E+08,8025,8025,7931,8028
15.5216,3.30E+08,8025,8025,7932,8028
16.1196,3.30E+08,8025,8025,7932,8028
14.6841,3.30E+08,8025,8025,7932,8028
15.0041,3.30E+08,8025,8025,7932,8028
14.9074,3.30E+08,8025,8025,7932,8028
15.3234,3.30E+08,8025,8025,7933,8028
16.1916,3.30E+08,8025,8025,7933,8028
15.5061,3.30E+08,8025,8025,7934,8028
14.3347,3.30E+08,8025,8025,7934,8028
14.4049,3.30E+08,8025,8025,7935,8028
15.506,3.30E+08,8025,8025,7935,8028
16.9732,3.30E+08,8025,8025,7935,8028
14.5166,3.30E+08,8025,8025,7935,8028
14.7957,3.30E+08,8025,8025,7936,8028
14.1533,3.30E+08,8025,8025,7936,8029
15.0191,3.30E+08,8025,8025,7936,8029
12.4937,3.30E+08,8026,8026,7936,8029
12.7858,3.30E+08,8026,8026,7937,8029
11.7252,3.30E+08,8026,8026,7938,8029
13.2192,3.30E+08,8026,8026,7940,8029
13.1207,3.30E+08,8026,8026,7940,8029
13.8885,3.30E+08,8026,8026,7941,8029
13.0945,3.30E+08,8026,8026,7942,8029
14.0281,3.30E+08,8026,8026,7942,8029
12.6056,3.30E+08,8026,8026,7942,8029
14.1116,3.30E+08,8026,8026,7942,8029
15.0598,3.30E+08,8026,8026,7942,8029
15.9682,3.30E+08,8026,8026,7942,8029
15.3945,3.30E+08,8026,8026,7942,8029
16.2474,3.30E+08,8026,8026,7942,8029
15.3541,3.30E+08,8026,8026,7943,8029
15.1005,3.30E+08,8026,8026,7943,8029
14.1812,3.30E+08,8026,8026,7943,8029
14.517,3.30E+08,8026,8026,7943,8029
14.4608,3.30E+08,8026,8026,7943,8029
14.5433,3.30E+08,8026,8026,7944,8029
16.1915,3.30E+08,8026,8026,7945,8029
15.4503,3.30E+08,8026,8026,7945,8029
14.5021,3.30E+08,8027,8027,7945,8029
16.2474,3.30E+08,8027,8027,7946,8029
14.3347,3.30E+08,8027,8027,7946,8030
14.4607,3.30E+08,8027,8027,7946,8030
16.2474,3.30E+08,8027,8027,7947,8030
15.5618,3.30E+08,8027,8027,7948,8030
15.2272,3.30E+08,8027,8027,7948,8030
17.0678,3.30E+08,8027,8027,7948,8030
15.2018,3.30E+08,8027,8027,7948,8030
16.6774,3.30E+08,8027,8027,7949,8030
15.3387,3.30E+08,8027,8027,7950,8030
16.0638,3.30E+08,8027,8027,7950,8030
11.2557,3.30E+08,8027,8027,7951,8030
11.6246,3.30E+08,8027,8027,7951,8030
14.0144,3.30E+08,8027,8027,7952,8030
16.0241,3.30E+08,8027,8027,7952,8030
13.9304,3.30E+08,8027,8027,7954,8030
16.9174,3.30E+08,8027,8027,7954,8030
14.3905,3.30E+08,8027,8027,7954,8030
16.2869,3.30E+08,8027,8027,7954,8030
14.6429,3.30E+08,8027,8027,7954,8030
15.7292,3.30E+08,8027,8027,7954,8030
16.8447,3.30E+08,8027,8027,7954,8030
15.4503,3.30E+08,8027,8027,7955,8030
14.4193,3.30E+08,8027,8027,7955,8030
13.2746,3.30E+08,8027,8027,7955,8030
15.1718,3.30E+08,8027,8027,7955,8030
13.3308,3.30E+08,8027,8027,7955,8030
13.3441,3.30E+08,8027,8028,7956,8030
13.8466,3.30E+08,8028,8028,7956,8031
13.4981,3.30E+08,8028,8028,7957,8031
11.8366,3.30E+08,8028,8028,7957,8031
12.9828,3.30E+08,8028,8028,7957,8031
15.6895,3.30E+08,8028,8028,7957,8031
15.9523,3.30E+08,8028,8028,7957,8031
13.275,3.30E+08,8028,8028,7958,8031
13.5251,3.30E+08,8028,8028,7958,8031
15.8806,3.30E+08,8028,8028,7958,8031
14.7399,3.30E+08,8028,8028,7958,8031
17.2352,3.30E+08,8028,8028,7959,8031
16.6941,3.30E+08,8028,8028,7959,8031
15.4099,3.30E+08,8028,8028,7959,8031
16.2312,3.30E+08,8028,8028,7959,8031
13.3865,3.30E+08,8028,8028,7960,8031
14.5021,3.30E+08,8028,8028,7960,8031
14.7957,3.30E+08,8028,8028,7960,8031
14.5016,3.30E+08,8028,8028,7960,8031
15.8412,3.30E+08,8028,8028,7961,8031
16.0401,3.30E+08,8028,8028,7962,8031
14.3905,3.30E+08,8028,8028,7962,8031
14.1258,3.30E+08,8028,8028,7963,8031
14.3905,3.30E+08,8028,8028,7964,8031
13.3175,3.30E+08,8028,8028,7964,8031
13.1204,3.30E+08,8028,8028,7965,8031
15.1718,3.30E+08,8028,8028,7966,8031
12.6306,3.30E+08,8029,8029,7966,8031
11.8251,3.30E+08,8029,8029,7966,8031
14.2928,3.30E+08,8029,8029,7967,8031
15.116,3.30E+08,8029,8029,7967,8031
16.0081,3.30E+08,8029,8029,7967,8031
14.0141,3.30E+08,8029,8029,7968,8031
14.9891,3.30E+08,8029,8029,7968,8031
15.8566,3.30E+08,8029,8029,7969,8032
15.7292,3.30E+08,8029,8029,7969,8032
15.0749,3.30E+08,8029,8029,7969,8032
14.3491,3.30E+08,8029,8029,7969,8032
13.3437,3.30E+08,8029,8029,7970,8032
12.6618,3.30E+08,8029,8029,7970,8032
14.781,3.30E+08,8029,8029,7970,8032
14.5724,3.30E+08,8029,8029,7970,8032
14.7105,3.30E+08,8029,8029,7971,8032
14.6283,3.30E+08,8029,8029,7971,8032
13.5538,3.30E+08,8029,8029,7971,8032
14.8106,3.30E+08,8029,8029,7971,8032
14.3347,3.30E+08,8029,8029,7972,8032
14.8777,3.30E+08,8029,8029,7972,8032
16.096,3.30E+08,8029,8029,7972,8032
14.8368,3.30E+08,8029,8029,7972,8032
15.4503,3.30E+08,8029,8029,7972,8032
16.0081,3.30E+08,8029,8029,7972,8032
13.9583,3.30E+08,8029,8029,7973,8032
15.5216,3.31E+08,8029,8029,7973,8033
15.8407,3.31E+08,8029,8029,7973,8033
14.5162,3.31E+08,8029,8029,7973,8033
14.8367,3.31E+08,8029,8029,7974,8033
14.4611,3.31E+08,8029,8029,7974,8033
14.5017,3.31E+08,8029,8029,7975,8033
15.1312,3.31E+08,8030,8030,7975,8033
15.8965,3.31E+08,8030,8030,7975,8033
14.0418,3.31E+08,8030,8030,7975,8033
15.3136,3.31E+08,8030,8030,7976,8033
14.8777,3.31E+08,8030,8030,7976,8033
14.5166,3.31E+08,8030,8030,7976,8033
15.283,3.31E+08,8030,8030,7976,8033
16.4149,3.31E+08,8030,8030,7977,8033
15.2424,3.31E+08,8030,8030,7977,8033
15.1563,3.31E+08,8030,8030,7977,8033
15.9124,3.31E+08,8030,8030,7977,8033
14.8367,3.31E+08,8030,8030,7977,8033
15.3541,3.31E+08,8030,8030,7977,8033
15.0037,3.31E+08,8030,8030,7978,8033
15.0753,3.31E+08,8030,8030,7978,8033
14.6136,3.31E+08,8030,8030,7979,8033
14.4608,3.31E+08,8030,8030,7979,8033
14.9632,3.31E+08,8030,8030,7979,8034
13.9443,3.31E+08,8030,8030,7979,8034
13.6233,3.31E+08,8030,8030,7980,8034
12.271,3.31E+08,8030,8030,7980,8034
13.9024,3.31E+08,8030,8030,7980,8034
14.1116,3.31E+08,8030,8030,7980,8034
14.5166,3.31E+08,8030,8030,7981,8034
14.8219,3.31E+08,8031,8031,7981,8034
14.6136,3.31E+08,8031,8031,7981,8034
12.6305,3.31E+08,8031,8031,7982,8034
11.9805,3.31E+08,8031,8031,7982,8034
12.8424,3.31E+08,8031,8031,7982,8034
14.9483,3.31E+08,8031,8031,7983,8034
18.1457,3.31E+08,8031,8031,7983,8034
16.1196,3.31E+08,8031,8031,7983,8034
16.0638,3.31E+08,8031,8031,7983,8034
15.1307,3.31E+08,8031,8031,7984,8034
15.0749,3.31E+08,8031,8031,7984,8034
15.1156,3.31E+08,8031,8031,7984,8034
13.9583,3.31E+08,8031,8031,7984,8034
13.777,3.31E+08,8031,8031,7984,8034
13.8327,3.31E+08,8031,8031,7985,8034
16.3427,3.31E+08,8031,8031,7985,8034
15.7449,3.31E+08,8031,8031,7986,8034
15.1307,3.31E+08,8031,8031,7986,8034
16.0081,3.31E+08,8031,8031,7986,8034
16.6216,3.31E+08,8031,8031,7986,8034
15.0041,3.31E+08,8031,8031,7986,8034
11.5131,3.31E+08,8031,8031,7986,8034
9.70524,3.31E+08,8031,8031,7986,8034
12.3949,3.31E+08,8031,8031,7987,8034
13.9443,3.31E+08,8031,8031,7987,8034
15.9124,3.31E+08,8031,8031,7987,8035
15.2677,3.31E+08,8031,8031,7987,8035
14.6841,3.31E+08,8031,8031,7988,8035
15.1307,3.31E+08,8031,8031,7988,8035
16.2312,3.31E+08,8031,8031,7988,8035
14.8516,3.31E+08,8031,8031,7988,8035
15.0448,3.31E+08,8031,8031,7989,8035
15.8165,3.31E+08,8031,8032,7989,8035
14.558,3.31E+08,8031,8032,7989,8035
16.1035,3.31E+08,8031,8032,7989,8035
14.9632,3.31E+08,8032,8032,7990,8035
16.4149,3.31E+08,8032,8032,7991,8035
14.6136,3.31E+08,8032,8032,7991,8035
16.4543,3.31E+08,8032,8032,7991,8035
14.2374,3.31E+08,8032,8032,7992,8035
14.2933,3.31E+08,8032,8032,7993,8035
14.3348,3.31E+08,8032,8032,7993,8035
16.8057,3.31E+08,8032,8032,7993,8035
14.5021,3.31E+08,8032,8032,7993,8035
14.5579,3.31E+08,8032,8032,7995,8035
13.4981,3.31E+08,8032,8032,7996,8035
15.5216,3.31E+08,8032,8032,7996,8035
13.9024,3.31E+08,8032,8032,7996,8035
16.1754,3.31E+08,8032,8032,7996,8035
15.0191,3.31E+08,8032,8032,7996,8035
15.4906,3.31E+08,8032,8032,7997,8035
14.7957,3.31E+08,8032,8032,7997,8035
13.9024,3.31E+08,8032,8032,7998,8035
14.9074,3.31E+08,8032,8032,7998,8035
14.9483,3.31E+08,8032,8032,7998,8035
15.2272,3.31E+08,8032,8032,7998,8035
16.1196,3.31E+08,8032,8032,7999,8035
15.1307,3.31E+08,8033,8033,7999,8035
14.7252,3.31E+08,8033,8033,7999,8036
14.8367,3.31E+08,8033,8033,8000,8036
14.8664,3.31E+08,8033,8033,8000,8036
14.2647,3.31E+08,8033,8033,8001,8036
14.6988,3.31E+08,8033,8033,8001,8036
14.2647,3.31E+08,8033,8033,8001,8036
15.4658,3.31E+08,8033,8033,8002,8036
14.2933,3.31E+08,8033,8033,8003,8036
15.6021,3.31E+08,8033,8033,8003,8036
15.0749,3.31E+08,8033,8033,8003,8036
13.2324,3.31E+08,8033,8033,8003,8036
13.8466,3.31E+08,8033,8033,8003,8036
14.9483,3.31E+08,8033,8033,8004,8036
15.3388,3.31E+08,8033,8033,8005,8036
16.0799,3.31E+08,8033,8033,8005,8036
16.5659,3.31E+08,8033,8033,8005,8036
14.6283,3.31E+08,8033,8033,8006,8036
15.6578,3.31E+08,8033,8033,8006,8036
15.5216,3.31E+08,8033,8033,8006,8036
15.6734,3.31E+08,8033,8033,8007,8036
16.3591,3.31E+08,8033,8033,8008,8036
15.2272,3.31E+08,8033,8033,8008,8036
14.5021,3.31E+08,8033,8033,8009,8036
14.4175,3.31E+08,8033,8033,8009,8036
16.224,3.31E+08,8034,8034,8009,8036
15.3136,3.31E+08,8034,8034,8010,8036
15.7135,3.31E+08,8034,8034,8010,8036
14.6694,3.31E+08,8034,8034,8010,8036
14.6988,3.31E+08,8034,8034,8010,8036
15.9364,3.31E+08,8034,8034,8011,8036
16.096,3.31E+08,8034,8034,8011,8037
14.8925,3.31E+08,8034,8034,8011,8037
16.3591,3.31E+08,8034,8034,8012,8037
14.1116,3.31E+08,8034,8034,8012,8037
14.5991,3.31E+08,8034,8034,8013,8037
15.7048,3.31E+08,8034,8034,8014,8037
13.9304,3.31E+08,8034,8034,8014,8037
12.9104,3.31E+08,8034,8034,8014,8037
12.8846,3.31E+08,8034,8034,8017,8037
16.1357,3.31E+08,8034,8034,8017,8037
14.3905,3.31E+08,8034,8034,8017,8037
14.3205,3.31E+08,8034,8034,8018,8037
12.6737,3.31E+08,8034,8034,8018,8037
13.1081,3.31E+08,8034,8034,8018,8037
15.09,3.31E+08,8034,8034,8018,8037
15.602,3.31E+08,8034,8034,8019,8037
14.8516,3.31E+08,8034,8035,8020,8037
11.8366,3.31E+08,8035,8035,8020,8037
13.3308,3.31E+08,8035,8035,8020,8037
16.4149,3.31E+08,8035,8035,8021,8037
15.7292,3.31E+08,8035,8035,8021,8037
14.781,3.31E+08,8035,8035,8021,8037
15.0041,3.31E+08,8035,8035,8022,8037
15.0749,3.31E+08,8035,8035,8022,8037
15.7292,3.31E+08,8035,8035,8022,8037
13.777,3.31E+08,8035,8035,8022,8037
15.6333,3.31E+08,8035,8035,8023,8037
15.3388,3.31E+08,8035,8035,8023,8037
14.8665,3.31E+08,8035,8035,8023,8037
15.3945,3.31E+08,8035,8035,8024,8038
15.3541,3.31E+08,8035,8035,8024,8038
15.0599,3.31E+08,8035,8035,8024,8038
15.4503,3.31E+08,8035,8035,8024,8038
15.3541,3.31E+08,8035,8035,8025,8038
14.6136,3.31E+08,8035,8035,8025,8038
14.8925,3.31E+08,8035,8035,8025,8038
15.0598,3.31E+08,8035,8035,8025,8038
15.5774,3.31E+08,8035,8035,8025,8038
15.5061,3.31E+08,8035,8035,8026,8038
14.7252,3.31E+08,8035,8035,8026,8038
15.1308,3.31E+08,8035,8035,8026,8038
14.5724,3.31E+08,8035,8035,8027,8038
16.6774,3.31E+08,8035,8035,8027,8038
15.5619,3.31E+08,8035,8035,8028,8038
14.6988,3.31E+08,8036,8036,8028,8038
14.6694,3.31E+08,8036,8036,8029,8038
15.5061,3.31E+08,8036,8036,8029,8038
14.0001,3.31E+08,8036,8036,8029,8038
15.2272,3.31E+08,8036,8036,8030,8038
16.2474,3.31E+08,8036,8036,8030,8039
15.1157,3.31E+08,8036,8036,8031,8039
16.6382,3.31E+08,8036,8036,8031,8039
15.0191,3.31E+08,8036,8036,8031,8039
15.2677,3.31E+08,8036,8036,8034,8039
14.0699,3.31E+08,8036,8036,8034,8039
14.0559,3.31E+08,8036,8036,8034,8039
14.6841,3.31E+08,8036,8036,8034,8039
14.7399,3.31E+08,8036,8036,8034,8039
14.6137,3.31E+08,8036,8036,8036,8039
17.0121,3.31E+08,8036,8036,8036,8039
15.2272,3.31E+08,8036,8036,8036,8039
15.9124,3.31E+08,8036,8036,8036,8039
17.0121,3.31E+08,8036,8036,8037,8039
13.9583,3.31E+08,8037,8037,8037,8039
15.0599,3.31E+08,8037,8037,8038,8039
14.8665,3.31E+08,8037,8037,8038,8039
17.3294,3.31E+08,8037,8037,8038,8039
14.7957,3.31E+08,8037,8037,8038,8039
15.0041,3.31E+08,8037,8037,8039,8039
15.6176,3.31E+08,8037,8037,8039,8039
15.4657,3.31E+08,8037,8037,8040,8039
16.1754,3.31E+08,8037,8037,8040,8039
15.9283,3.31E+08,8037,8037,8040,8039
14.7252,3.31E+08,8037,8037,8041,8039
13.4423,3.31E+08,8037,8037,8041,8040
11.8924,3.31E+08,8037,8037,8042,8040
13.3732,3.31E+08,8037,8037,8043,8040
12.4507,3.31E+08,8037,8037,8043,8040
12.4941,3.31E+08,8037,8037,8043,8040
13.1339,3.31E+08,8037,8037,8043,8040
12.2588,3.31E+08,8037,8037,8043,8040
13.8885,3.31E+08,8037,8037,8044,8040
16.4708,3.31E+08,8038,8038,8044,8040
16.4707,3.31E+08,8038,8038,8044,8040
14.279,3.31E+08,8038,8038,8044,8040
16.3427,3.31E+08,8038,8038,8044,8040
14.6841,3.31E+08,8038,8038,8044,8040
15.5618,3.31E+08,8038,8038,8045,8040
14.3348,3.31E+08,8038,8038,8045,8040
16.1916,3.31E+08,8038,8038,8046,8040
13.275,3.31E+08,8038,8038,8046,8040
12.6309,3.31E+08,8038,8038,8047,8040
14.8368,3.31E+08,8038,8038,8047,8040
16.1916,3.31E+08,8038,8038,8048,8040
15.5464,3.31E+08,8038,8038,8048,8040
13.3441,3.31E+08,8038,8038,8048,8040
14.4608,3.31E+08,8038,8038,8049,8040
15.1006,3.31E+08,8038,8038,8049,8040
15.3695,3.31E+08,8038,8038,8049,8040
14.3762,3.31E+08,8038,8038,8049,8040
15.2577,3.31E+08,8038,8038,8050,8040
14.8219,3.31E+08,8038,8038,8050,8041
14.0559,3.31E+08,8038,8038,8051,8041
15.4254,3.31E+08,8038,8038,8051,8041
14.781,3.31E+08,8038,8039,8051,8041
15.6333,3.31E+08,8039,8039,8051,8041
15.6176,3.31E+08,8039,8039,8052,8041
13.2324,3.31E+08,8039,8039,8052,8041
11.9363,3.31E+08,8039,8039,8052,8041
9.20325,3.31E+08,8039,8039,8052,8041
11.9483,3.31E+08,8039,8039,8053,8041
11.5459,3.31E+08,8039,8039,8053,8041
14.4608,3.31E+08,8039,8039,8053,8041
14.3762,3.31E+08,8039,8039,8053,8041
14.2374,3.31E+08,8039,8039,8054,8041
14.3347,3.31E+08,8039,8039,8054,8041
14.8925,3.31E+08,8039,8039,8055,8041
14.5311,3.31E+08,8039,8039,8055,8041
15.4503,3.31E+08,8039,8039,8055,8041
15.8407,3.31E+08,8039,8039,8055,8041
15.1866,3.31E+08,8039,8039,8055,8041
14.781,3.31E+08,8039,8039,8055,8041
15.2983,3.31E+08,8039,8039,8055,8041
14.9633,3.31E+08,8039,8039,8055,8041
16.4936,3.31E+08,8039,8039,8056,8041
14.7958,3.31E+08,8040,8040,8056,8041
15.2983,3.31E+08,8040,8040,8056,8042
14.0559,3.31E+08,8040,8040,8056,8042
14.3491,3.31E+08,8040,8040,8056,8042
15.0041,3.31E+08,8040,8040,8056,8042
14.7399,3.31E+08,8040,8040,8057,8042
15.8965,3.31E+08,8040,8040,8057,8042
14.5991,3.31E+08,8040,8040,8057,8042
14.7547,3.31E+08,8040,8040,8057,8042
14.8367,3.31E+08,8040,8040,8057,8042
16.6383,3.31E+08,8040,8040,8057,8042
14.7105,3.31E+08,8040,8040,8058,8042
15.5216,3.31E+08,8040,8040,8058,8042
14.9483,3.31E+08,8040,8040,8058,8042
14.9483,3.31E+08,8040,8040,8058,8042
13.6233,3.31E+08,8040,8040,8059,8042
12.6741,3.31E+08,8040,8040,8059,8042
14.4463,3.31E+08,8040,8040,8060,8042
16.4149,3.31E+08,8040,8040,8060,8042
15.4503,3.31E+08,8040,8040,8061,8042
14.7252,3.31E+08,8040,8040,8061,8042
14.3491,3.31E+08,8040,8040,8061,8042
14.2933,3.31E+08,8040,8040,8062,8042
15.1563,3.31E+08,8040,8040,8062,8042
13.9722,3.31E+08,8040,8040,8062,8042
13.9443,3.31E+08,8040,8040,8063,8042
15.7449,3.31E+08,8040,8040,8064,8042
15.1714,3.31E+08,8040,8040,8064,8042
14.5579,3.31E+08,8040,8040,8064,8042
14.6841,3.31E+08,8040,8040,8065,8043
15.1006,3.31E+08,8040,8040,8065,8043
15.8008,3.31E+08,8040,8040,8066,8043
13.8886,3.31E+08,8041,8040,8066,8043
12.2833,3.31E+08,8041,8041,8066,8043
15.2983,3.31E+08,8041,8041,8067,8043
16.1035,3.31E+08,8041,8041,8068,8043
17.102,3.31E+08,8041,8041,8068,8043
14.1674,3.31E+08,8041,8041,8068,8043
14.6136,3.31E+08,8041,8041,8069,8043
14.781,3.31E+08,8041,8041,8069,8043
13.9024,3.31E+08,8041,8041,8069,8043
12.2274,3.31E+08,8041,8041,8069,8043
15.6021,3.31E+08,8041,8041,8070,8043
16.096,3.31E+08,8041,8041,8070,8043
15.3792,3.31E+08,8041,8041,8071,8043
15.4099,3.31E+08,8041,8041,8072,8043
14.2933,3.31E+08,8041,8041,8072,8043
14.5166,3.31E+08,8041,8041,8072,8043
15.0449,3.31E+08,8041,8041,8072,8043
14.7958,3.31E+08,8041,8041,8073,8043
16.4149,3.31E+08,8041,8041,8073,8043
15.5463,3.31E+08,8041,8041,8073,8043
16.0241,3.31E+08,8042,8042,8074,8043
14.5021,3.31E+08,8042,8042,8074,8043
14.3491,3.31E+08,8042,8042,8075,8043
13.8328,3.31E+08,8042,8042,8075,8043
13.7766,3.31E+08,8042,8042,8076,8043
11.3902,3.31E+08,8042,8042,8076,8043
13.6233,3.31E+08,8042,8042,8076,8043
16.3427,3.31E+08,8042,8042,8076,8043
14.6136,3.31E+08,8042,8042,8077,8043
14.5311,3.31E+08,8042,8042,8077,8043
14.8777,3.31E+08,8042,8042,8078,8043
14.6694,3.31E+08,8042,8042,8079,8043
15.0749,3.31E+08,8042,8042,8079,8043
16.1196,3.31E+08,8042,8042,8080,8044
15.8566,3.31E+08,8042,8042,8080,8044
15.1866,3.31E+08,8042,8042,8082,8044
13.7349,3.31E+08,8042,8042,8082,8044
11.7573,3.31E+08,8042,8042,8082,8044
10.9433,3.31E+08,8042,8042,8083,8044
12.6741,3.31E+08,8042,8042,8083,8044
14.279,3.31E+08,8042,8042,8083,8044
12.0599,3.31E+08,8042,8042,8084,8044
10.5419,3.31E+08,8042,8042,8084,8044
12.4941,3.31E+08,8042,8042,8084,8044
14.2232,3.31E+08,8042,8042,8084,8044
12.6183,3.31E+08,8042,8042,8084,8044
15.4658,3.31E+08,8042,8042,8085,8044
12.9961,3.31E+08,8042,8042,8085,8044
13.0091,3.31E+08,8042,8042,8085,8044
11.3786,3.31E+08,8042,8042,8085,8044
15.5774,3.31E+08,8042,8042,8086,8044
14.8628,3.31E+08,8042,8042,8086,8044
15.6332,3.31E+08,8042,8042,8086,8044
16.096,3.31E+08,8042,8042,8086,8044
14.781,3.31E+08,8042,8042,8088,8044
16.9174,3.31E+08,8042,8042,8088,8044
14.3348,3.31E+08,8042,8042,8089,8044
14.5579,3.31E+08,8042,8042,8089,8044
17.012,3.31E+08,8042,8042,8089,8044
15.6734,3.31E+08,8042,8042,8090,8044
15.09,3.31E+08,8042,8043,8090,8044
15.6578,3.31E+08,8043,8043,8090,8044
13.7487,3.31E+08,8043,8043,8090,8044
14.7105,3.31E+08,8043,8043,8090,8044
14.6841,3.31E+08,8043,8043,8091,8044
16.5659,3.31E+08,8043,8043,8091,8044
15.3387,3.31E+08,8043,8043,8092,8044
16.7667,3.31E+08,8043,8043,8094,8045
15.2272,3.31E+08,8043,8043,8095,8045
14.7399,3.31E+08,8043,8043,8095,8045
16.1593,3.31E+08,8043,8043,8095,8045
14.9223,3.31E+08,8043,8043,8095,8045
16.5659,3.31E+08,8043,8043,8095,8045
16.4543,3.31E+08,8043,8043,8095,8045
15.2424,3.31E+08,8043,8043,8095,8045
12.8846,3.31E+08,8043,8043,8095,8045
12.3949,3.31E+08,8043,8043,8096,8045
15.0598,3.31E+08,8043,8043,8096,8045
15.1866,3.31E+08,8043,8043,8096,8045
15.8965,3.31E+08,8043,8043,8096,8045
14.5021,3.31E+08,8044,8044,8096,8045
15.5774,3.31E+08,8044,8044,8097,8045
13.9861,3.31E+08,8044,8044,8097,8045
16.6383,3.31E+08,8044,8044,8097,8045
14.7399,3.31E+08,8044,8044,8097,8045
15.8407,3.31E+08,8044,8044,8097,8045
16.3033,3.31E+08,8044,8044,8098,8045
16.0081,3.31E+08,8044,8044,8099,8045
15.9124,3.31E+08,8044,8044,8099,8045
13.5539,3.31E+08,8044,8044,8099,8045
15.5216,3.31E+08,8044,8044,8100,8045
15.5463,3.31E+08,8044,8044,8102,8045
14.084,3.31E+08,8044,8044,8103,8045
16.2707,3.31E+08,8044,8044,8103,8045
14.6136,3.31E+08,8044,8044,8103,8045
16.9732,3.31E+08,8044,8044,8104,8045
15.1157,3.31E+08,8044,8044,8104,8045
15.6489,3.31E+08,8044,8044,8104,8045
14.4876,3.31E+08,8044,8044,8105,8045
15.6489,3.31E+08,8044,8044,8105,8045
14.6137,3.31E+08,8044,8044,8105,8045
15.3945,3.31E+08,8045,8045,8106,8045
15.283,3.31E+08,8045,8045,8106,8045
14.7958,3.31E+08,8045,8045,8106,8046
15.1157,3.31E+08,8045,8045,8107,8046
14.6137,3.31E+08,8045,8045,8107,8046
15.5774,3.31E+08,8045,8045,8108,8046
15.1866,3.31E+08,8045,8045,8108,8046
15.2677,3.31E+08,8045,8045,8108,8046
14.6841,3.31E+08,8045,8045,8109,8046
14.9074,3.31E+08,8045,8045,8110,8046
13.5674,3.31E+08,8045,8045,8110,8046
15.5619,3.31E+08,8045,8045,8111,8046
16.3428,3.31E+08,8045,8045,8111,8046
15.6734,3.31E+08,8045,8045,8112,8046
15.6177,3.31E+08,8045,8045,8112,8046
14.6283,3.31E+08,8045,8045,8112,8046
15.3541,3.31E+08,8045,8045,8112,8046
16.6383,3.31E+08,8045,8045,8112,8046
15.9523,3.31E+08,8045,8045,8113,8046
15.5216,3.31E+08,8045,8045,8113,8046
15.6176,3.31E+08,8045,8045,8113,8046
14.8368,3.31E+08,8045,8045,8114,8046
15.3388,3.31E+08,8045,8045,8114,8046
17.2524,3.31E+08,8045,8045,8114,8046
14.6694,3.31E+08,8045,8045,8114,8047
15.5774,3.31E+08,8045,8045,8114,8047
15.6891,3.31E+08,8045,8045,8115,8047
15.8408,3.31E+08,8045,8045,8115,8047
13.6233,3.31E+08,8046,8046,8115,8047
15.8965,3.31E+08,8046,8046,8116,8047
13.5961,3.31E+08,8046,8046,8117,8047
12.3515,3.31E+08,8046,8046,8117,8047
13.4981,3.31E+08,8046,8046,8117,8047
14.6136,3.31E+08,8046,8046,8117,8047
14.9483,3.31E+08,8046,8046,8117,8047
15.3136,3.31E+08,8046,8046,8118,8047
13.777,3.31E+08,8046,8046,8118,8047
12.7172,3.31E+08,8046,8046,8118,8047
13.5116,3.31E+08,8046,8046,8119,8047
9.47269,3.31E+08,8046,8046,8119,8047
12.4073,3.31E+08,8046,8046,8119,8047
12.6615,3.31E+08,8046,8046,8120,8047
13.9582,3.31E+08,8046,8046,8120,8047
11.6575,3.31E+08,8046,8046,8121,8047
14.3905,3.31E+08,8046,8046,8121,8047
14.9074,3.31E+08,8046,8046,8122,8047
16.0478,3.31E+08,8046,8046,8122,8047
15.7449,3.31E+08,8046,8046,8122,8047
16.3032,3.31E+08,8046,8046,8122,8047
16.2474,3.31E+08,8046,8046,8122,8047
14.6136,3.31E+08,8046,8046,8123,8047
14.781,3.31E+08,8046,8046,8123,8047
16.2474,3.31E+08,8046,8046,8123,8047
15.1714,3.31E+08,8046,8046,8124,8047
14.0699,3.31E+08,8046,8046,8124,8047
15.9364,3.31E+08,8046,8046,8124,8048
15.1866,3.31E+08,8046,8046,8124,8048
15.785,3.31E+08,8047,8046,8124,8048
14.0141,3.31E+08,8047,8047,8125,8048
15.9124,3.31E+08,8047,8047,8125,8048
15.5619,3.31E+08,8047,8047,8125,8048
15.9683,3.31E+08,8047,8047,8126,8048
14.4463,3.31E+08,8047,8047,8126,8048
16.3033,3.31E+08,8047,8047,8126,8048
16.9005,3.31E+08,8047,8047,8127,8048
15.9523,3.31E+08,8047,8047,8127,8048
15.3945,3.31E+08,8047,8047,8127,8048
15.6891,3.31E+08,8047,8047,8127,8048
16.2312,3.31E+08,8047,8047,8128,8048
15.0041,3.31E+08,8047,8047,8128,8048
15.2983,3.31E+08,8047,8047,8128,8048
15.5619,3.31E+08,8047,8047,8129,8048
14.6136,3.31E+08,8047,8047,8129,8048
15.41,3.31E+08,8047,8047,8129,8048
14.8368,3.31E+08,8047,8047,8129,8049
14.8516,3.31E+08,8047,8047,8130,8049
15.6176,3.31E+08,8047,8047,8130,8049
15.593,3.31E+08,8047,8047,8131,8049
14.7105,3.31E+08,8047,8047,8131,8049
15.0041,3.31E+08,8047,8047,8131,8049
15.2577,3.31E+08,8047,8047,8131,8049
14.3348,3.31E+08,8047,8047,8132,8049
14.5579,3.31E+08,8047,8047,8132,8049
14.4049,3.31E+08,8047,8047,8132,8049
15.6891,3.31E+08,8047,8047,8132,8049
13.9304,3.31E+08,8047,8047,8132,8049
16.0081,3.31E+08,8047,8048,8133,8049
13.8466,3.31E+08,8048,8048,8133,8049
13.8328,3.31E+08,8048,8048,8133,8049
14.1399,3.31E+08,8048,8048,8133,8049
13.8328,3.31E+08,8048,8048,8134,8049
12.4401,3.31E+08,8048,8048,8134,8049
12.3268,3.31E+08,8048,8048,8134,8049
14.8925,3.31E+08,8048,8048,8134,8049
14.4049,3.31E+08,8048,8048,8135,8049
15.1308,3.31E+08,8048,8048,8135,8049
14.6283,3.31E+08,8048,8048,8135,8049
15.6021,3.31E+08,8048,8048,8136,8050
15.9523,3.31E+08,8048,8048,8137,8050
15.1866,3.31E+08,8048,8048,8137,8050
15.1714,3.31E+08,8048,8048,8137,8050
16.599,3.31E+08,8048,8048,8138,8050
14.8368,3.31E+08,8048,8048,8139,8050
15.9124,3.31E+08,8048,8048,8139,8050
14.0976,3.31E+08,8048,8048,8139,8050
17.0121,3.31E+08,8048,8048,8139,8050
15.8566,3.31E+08,8048,8048,8140,8050
15.283,3.31E+08,8048,8048,8140,8050
16.2637,3.31E+08,8048,8048,8140,8050
14.3204,3.31E+08,8048,8048,8140,8050
15.3136,3.31E+08,8048,8048,8141,8050
13.8885,3.31E+08,8048,8048,8141,8050
15.7692,3.31E+08,8048,8048,8142,8050
13.9583,3.31E+08,8048,8048,8142,8050
15.5061,3.31E+08,8048,8048,8142,8050
15.9842,3.31E+08,8048,8048,8142,8050
17.3467,3.31E+08,8048,8048,8143,8050
14.4608,3.31E+08,8048,8048,8143,8050
16.9394,3.31E+08,8048,8048,8143,8051
16.0081,3.31E+08,8049,8048,8143,8051
15.8008,3.31E+08,8049,8049,8144,8051
13.1634,3.31E+08,8049,8049,8144,8051
16.4707,3.31E+08,8049,8049,8145,8051
14.279,3.31E+08,8049,8049,8145,8051
14.587,3.31E+08,8049,8049,8145,8051
14.9891,3.31E+08,8049,8049,8146,8051
16.0639,3.31E+08,8049,8049,8147,8051
16.2078,3.31E+08,8049,8049,8148,8051
16.0478,3.31E+08,8049,8049,8149,8051
14.6841,3.31E+08,8049,8049,8149,8051
15.3387,3.31E+08,8049,8049,8149,8051
14.7399,3.31E+08,8049,8049,8149,8051
15.3945,3.31E+08,8049,8049,8149,8051
15.0749,3.31E+08,8049,8049,8150,8051
15.6734,3.31E+08,8049,8049,8150,8051
15.785,3.31E+08,8049,8049,8150,8051
15.7449,3.31E+08,8049,8049,8150,8051
13.8328,3.31E+08,8049,8049,8151,8051
14.6988,3.31E+08,8049,8049,8151,8051
15.0449,3.31E+08,8049,8049,8152,8051
15.4503,3.31E+08,8049,8049,8152,8051
16.2078,3.31E+08,8050,8050,8152,8051
14.9891,3.31E+08,8050,8050,8152,8051
14.0699,3.31E+08,8050,8050,8153,8051
14.4049,3.31E+08,8050,8050,8154,8051
15.2983,3.31E+08,8050,8050,8154,8051
14.9891,3.31E+08,8050,8050,8155,8052
15.3541,3.31E+08,8050,8050,8155,8052
15.8965,3.31E+08,8050,8050,8156,8052
14.7252,3.31E+08,8050,8050,8156,8052
14.5166,3.31E+08,8050,8050,8156,8052
16.287,3.31E+08,8050,8050,8156,8052
15.4658,3.31E+08,8050,8050,8156,8052
15.0599,3.31E+08,8050,8050,8156,8052
15.0749,3.31E+08,8050,8050,8156,8052
15.5216,3.31E+08,8050,8050,8156,8052
13.0946,3.31E+08,8050,8050,8157,8052
13.1339,3.31E+08,8050,8050,8157,8052
14.3906,3.31E+08,8050,8050,8158,8052
14.8516,3.31E+08,8050,8050,8158,8052
15.3792,3.31E+08,8050,8050,8158,8052
16.2312,3.31E+08,8050,8050,8158,8052
14.3487,3.31E+08,8050,8050,8158,8052
13.7217,3.31E+08,8050,8050,8158,8052
13.5251,3.31E+08,8050,8050,8158,8052
15.2272,3.31E+08,8050,8050,8159,8052
11.2224,3.31E+08,8050,8050,8159,8052
14.3762,3.31E+08,8050,8050,8160,8052
12.0599,3.31E+08,8050,8050,8160,8052
13.1208,3.31E+08,8050,8050,8160,8052
12.3825,3.31E+08,8050,8050,8161,8052
14.0141,3.31E+08,8050,8050,8161,8052
14.7252,3.31E+08,8051,8050,8161,8052
15.5619,3.31E+08,8051,8050,8162,8052
15.7292,3.31E+08,8051,8051,8162,8052
15.6333,3.31E+08,8051,8051,8162,8053
14.7399,3.31E+08,8051,8051,8162,8053
15.9921,3.31E+08,8051,8051,8163,8053
14.2933,3.31E+08,8051,8051,8164,8053
14.7252,3.31E+08,8051,8051,8164,8053
15.7048,3.31E+08,8051,8051,8165,8053
15.8965,3.31E+08,8051,8051,8165,8053
15.2424,3.31E+08,8051,8051,8165,8053
15.0599,3.31E+08,8051,8051,8166,8053
15.5619,3.31E+08,8051,8051,8166,8053
14.5579,3.31E+08,8051,8051,8167,8053
12.1716,3.31E+08,8051,8051,8167,8053
14.3348,3.31E+08,8051,8051,8167,8053
15.3541,3.31E+08,8052,8051,8168,8053
15.5216,3.31E+08,8052,8052,8168,8053
15.5061,3.31E+08,8052,8052,8168,8053
16.0638,3.31E+08,8052,8052,8169,8053
15.2272,3.31E+08,8052,8052,8169,8053
14.6694,3.31E+08,8052,8052,8169,8053
16.0961,3.31E+08,8052,8052,8169,8053
15.7135,3.31E+08,8052,8052,8169,8053
14.7399,3.31E+08,8052,8052,8171,8053
15.7292,3.31E+08,8052,8052,8172,8053
14.781,3.31E+08,8052,8052,8172,8053
14.8516,3.31E+08,8052,8052,8172,8053
16.5825,3.31E+08,8052,8052,8172,8054
16.4149,3.31E+08,8052,8052,8172,8054
14.209,3.31E+08,8052,8052,8172,8054
15.4657,3.31E+08,8052,8052,8173,8054
14.8516,3.31E+08,8052,8052,8173,8054
16.2707,3.31E+08,8052,8052,8173,8054
16.6383,3.31E+08,8052,8052,8173,8054
15.3945,3.31E+08,8053,8053,8174,8054
14.8516,3.31E+08,8053,8053,8174,8054
15.5618,3.31E+08,8053,8053,8174,8054
15.5216,3.31E+08,8053,8053,8175,8054
12.8842,3.31E+08,8053,8053,8175,8054
12.7303,3.31E+08,8053,8053,8175,8054
16.0081,3.31E+08,8053,8053,8176,8054
14.1117,3.31E+08,8053,8053,8176,8054
15.785,3.31E+08,8053,8053,8177,8054
15.0191,3.31E+08,8053,8053,8177,8054
15.2577,3.31E+08,8053,8053,8177,8054
15.7692,3.31E+08,8053,8053,8178,8054
14.1816,3.31E+08,8053,8053,8179,8054
15.9124,3.31E+08,8053,8053,8179,8054
15.6177,3.31E+08,8053,8053,8179,8054
14.6282,3.31E+08,8053,8053,8179,8054
12.9403,3.31E+08,8053,8053,8180,8054
14.3491,3.31E+08,8053,8053,8180,8054
15.5463,3.31E+08,8053,8053,8182,8054
16.8616,3.31E+08,8053,8053,8182,8054
14.3348,3.31E+08,8053,8053,8182,8054
14.6137,3.31E+08,8053,8053,8183,8055
14.1816,3.31E+08,8053,8053,8183,8055
14.6283,3.31E+08,8053,8053,8184,8055
15.6332,3.31E+08,8054,8054,8184,8055
15.6578,3.31E+08,8054,8054,8184,8055
15.2272,3.31E+08,8054,8054,8185,8055
14.9633,3.31E+08,8054,8054,8185,8055
14.3491,3.31E+08,8054,8054,8185,8055
15.0191,3.31E+08,8054,8054,8186,8055
16.2312,3.31E+08,8054,8054,8186,8055
14.7958,3.31E+08,8054,8054,8187,8055
13.8328,3.31E+08,8054,8054,8187,8055
14.1117,3.31E+08,8054,8054,8187,8055
15.1157,3.31E+08,8054,8054,8188,8055
14.3491,3.31E+08,8054,8054,8188,8055
15.0041,3.31E+08,8054,8054,8188,8055
15.5618,3.31E+08,8054,8054,8188,8055
13.6369,3.31E+08,8054,8054,8188,8055
15.8965,3.31E+08,8054,8054,8188,8056
15.1156,3.31E+08,8054,8054,8189,8056
14.3348,3.31E+08,8054,8054,8189,8056
16.4543,3.31E+08,8054,8054,8189,8056
15.593,3.31E+08,8054,8054,8189,8056
15.9523,3.31E+08,8054,8054,8190,8056
15.5216,3.31E+08,8054,8054,8190,8056
15.6021,3.31E+08,8054,8054,8190,8056
16.1754,3.31E+08,8054,8054,8190,8056
14.8664,3.31E+08,8055,8055,8191,8056
14.3205,3.31E+08,8055,8055,8191,8056
14.6988,3.31E+08,8055,8055,8191,8056
14.7662,3.31E+08,8055,8055,8191,8056
14.3491,3.31E+08,8055,8055,8191,8056
14.4463,3.31E+08,8055,8055,8191,8056
14.4608,3.31E+08,8055,8055,8191,8056
11.4458,3.31E+08,8055,8055,8191,8056
11.1554,3.31E+08,8055,8055,8192,8056
12.1716,3.31E+08,8055,8055,8192,8056
15.5061,3.31E+08,8055,8055,8192,8056
14.6841,3.31E+08,8055,8055,8192,8056
12.2588,3.31E+08,8055,8055,8192,8057
11.2225,3.31E+08,8055,8055,8194,8057
14.3905,3.31E+08,8055,8055,8194,8057
14.7252,3.31E+08,8055,8055,8195,8057
15.2577,3.31E+08,8055,8055,8195,8057
16.2312,3.31E+08,8055,8055,8196,8057
15.2983,3.31E+08,8055,8055,8196,8057
14.5579,3.31E+08,8055,8055,8196,8057
14.9483,3.31E+08,8055,8055,8197,8057
15.3945,3.31E+08,8055,8055,8198,8057
14.8777,3.31E+08,8055,8055,8199,8057
17.0461,3.31E+08,8056,8056,8199,8057
14.2374,3.31E+08,8056,8056,8199,8057
15.6891,3.31E+08,8056,8056,8200,8057
14.4319,3.31E+08,8056,8056,8200,8057
14.4049,3.31E+08,8056,8056,8200,8057
14.2374,3.31E+08,8056,8056,8201,8057
16.0081,3.31E+08,8056,8056,8201,8057
14.1117,3.31E+08,8056,8056,8201,8057
14.8925,3.31E+08,8056,8056,8202,8057
15.9124,3.31E+08,8056,8056,8203,8057
15.1715,3.31E+08,8056,8056,8203,8057
16.2311,3.31E+08,8056,8056,8204,8057
14.6841,3.31E+08,8056,8056,8204,8057
15.6176,3.31E+08,8056,8056,8205,8057
15.6333,3.31E+08,8056,8056,8205,8057
15.5774,3.31E+08,8056,8056,8205,8057
15.2983,3.31E+08,8056,8056,8205,8057
13.4423,3.31E+08,8056,8056,8205,8057
15.6177,3.31E+08,8056,8056,8205,8057
14.3348,3.31E+08,8056,8056,8206,8058
14.0559,3.31E+08,8056,8056,8206,8058
15.8725,3.31E+08,8056,8056,8208,8058
13.9443,3.31E+08,8056,8056,8208,8058
12.4941,3.31E+08,8056,8056,8208,8058
12.8974,3.31E+08,8057,8057,8209,8058
15.4906,3.31E+08,8057,8057,8209,8058
14.3491,3.31E+08,8057,8057,8210,8058
14.0699,3.31E+08,8057,8057,8210,8058
13.8886,3.31E+08,8057,8057,8211,8058
14.279,3.31E+08,8057,8057,8212,8058
14.8106,3.31E+08,8057,8057,8212,8058
15.0599,3.31E+08,8057,8057,8212,8058
12.0476,3.31E+08,8057,8057,8212,8058
11.6694,3.31E+08,8057,8057,8213,8058
13.0946,3.31E+08,8057,8057,8213,8058
16.4872,3.31E+08,8057,8057,8213,8058
14.7252,3.31E+08,8057,8057,8214,8058
15.4503,3.31E+08,8057,8057,8214,8058
15.0599,3.31E+08,8057,8057,8214,8058
15.0041,3.31E+08,8057,8057,8214,8058
14.0141,3.31E+08,8057,8057,8214,8058
15.7449,3.31E+08,8057,8057,8214,8058
14.7399,3.31E+08,8057,8057,8215,8058
16.3427,3.31E+08,8057,8057,8215,8058
14.9483,3.31E+08,8057,8057,8215,8059
15.3541,3.31E+08,8057,8057,8215,8059
14.8516,3.31E+08,8057,8057,8216,8059
16.0081,3.31E+08,8057,8057,8216,8059
14.3204,3.31E+08,8057,8057,8216,8059
15.0749,3.31E+08,8057,8057,8217,8059
15.0599,3.31E+08,8057,8057,8217,8059
15.3946,3.31E+08,8057,8057,8218,8059
14.6841,3.31E+08,8057,8057,8218,8059
14.6283,3.31E+08,8057,8057,8218,8059
16.1196,3.31E+08,8058,8057,8218,8059
14.4608,3.31E+08,8058,8058,8219,8059
13.9024,3.31E+08,8058,8058,8219,8059
13.9862,3.31E+08,8058,8058,8219,8059
16.8616,3.31E+08,8058,8058,8220,8059
14.2232,3.31E+08,8058,8058,8220,8059
14.4608,3.31E+08,8058,8058,8220,8059
15.171,3.31E+08,8058,8058,8221,8059
14.1815,3.31E+08,8058,8058,8221,8059
14.7962,3.31E+08,8058,8058,8221,8059
15.2677,3.31E+08,8058,8058,8222,8059
16.3591,3.31E+08,8058,8058,8222,8059
15.5061,3.31E+08,8058,8058,8223,8059
16.2078,3.31E+08,8058,8058,8223,8059
14.2232,3.31E+08,8058,8058,8224,8059
16.4936,3.31E+08,8058,8058,8224,8059
14.5166,3.31E+08,8058,8058,8224,8059
13.3308,3.31E+08,8058,8058,8224,8059
14.9633,3.31E+08,8058,8058,8224,8059
14.279,3.31E+08,8058,8058,8224,8059
11.2896,3.31E+08,8058,8058,8224,8059
14.1116,3.31E+08,8058,8058,8224,8059
12.0916,3.31E+08,8058,8058,8225,8059
13.0221,3.31E+08,8058,8058,8225,8060
11.8806,3.31E+08,8058,8058,8225,8060
15.6891,3.31E+08,8058,8058,8225,8060
15.1714,3.31E+08,8058,8058,8226,8060
14.6283,3.31E+08,8058,8058,8226,8060
15.1714,3.31E+08,8058,8058,8227,8060
15.3792,3.31E+08,8058,8058,8227,8060
15.5216,3.31E+08,8058,8058,8227,8060
15.9683,3.31E+08,8058,8058,8227,8060
15.6891,3.31E+08,8058,8058,8228,8060
15.9921,3.31E+08,8058,8058,8228,8060
14.3491,3.31E+08,8059,8059,8229,8060
15.6735,3.31E+08,8059,8059,8229,8060
15.1714,3.31E+08,8059,8059,8229,8060
15.1459,3.31E+08,8059,8059,8229,8060
14.8926,3.31E+08,8059,8059,8229,8060
14.0559,3.31E+08,8059,8059,8231,8060
15.0599,3.31E+08,8059,8059,8232,8060
14.8516,3.31E+08,8059,8059,8232,8060
14.8367,3.31E+08,8059,8059,8233,8060
14.1674,3.31E+08,8059,8059,8234,8060
14.1958,3.31E+08,8059,8059,8235,8060
13.4846,3.31E+08,8059,8059,8235,8060
14.084,3.31E+08,8059,8059,8236,8060
15.1714,3.31E+08,8059,8059,8236,8060
14.0699,3.31E+08,8059,8059,8236,8060
15.1563,3.31E+08,8059,8059,8236,8061
17.1794,3.31E+08,8059,8059,8237,8061
14.2374,3.31E+08,8059,8059,8237,8061
13.8885,3.31E+08,8059,8059,8238,8061
13.6928,3.31E+08,8059,8059,8238,8061
12.8846,3.31E+08,8059,8059,8239,8061
12.8974,3.31E+08,8059,8059,8239,8061
13.8885,3.31E+08,8060,8060,8240,8061
13.5539,3.31E+08,8060,8060,8240,8061
14.9074,3.31E+08,8060,8060,8240,8061
15.6578,3.31E+08,8060,8060,8240,8061
15.41,3.31E+08,8060,8060,8241,8061
14.0141,3.31E+08,8060,8060,8241,8061
14.6841,3.31E+08,8060,8060,8241,8061
14.3347,3.31E+08,8060,8060,8242,8061
16.1197,3.31E+08,8060,8060,8242,8061
14.2232,3.31E+08,8060,8060,8242,8061
16.6941,3.31E+08,8060,8060,8243,8061
15.2424,3.31E+08,8060,8060,8243,8061
15.2272,3.31E+08,8060,8060,8244,8061
15.0041,3.31E+08,8060,8060,8244,8061
16.9174,3.31E+08,8060,8060,8244,8061
14.0976,3.31E+08,8060,8060,8245,8061
15.7048,3.31E+08,8060,8060,8245,8061
15.6176,3.31E+08,8060,8060,8246,8061
15.5061,3.31E+08,8060,8060,8246,8061
15.8407,3.31E+08,8060,8060,8247,8061
16.4708,3.31E+08,8060,8060,8247,8061
14.3491,3.31E+08,8060,8060,8247,8061
14.8777,3.31E+08,8060,8060,8247,8062
15.41,3.31E+08,8060,8060,8247,8062
15.9682,3.31E+08,8060,8060,8248,8062
13.5116,3.31E+08,8060,8060,8248,8062
14.9483,3.31E+08,8060,8060,8248,8062
15.3388,3.31E+08,8060,8060,8249,8062
15.785,3.31E+08,8060,8061,8249,8062
15.1153,3.31E+08,8061,8061,8250,8062
15.1866,3.31E+08,8061,8061,8252,8062
15.0599,3.31E+08,8061,8061,8252,8062
15.9124,3.31E+08,8061,8061,8252,8062
14.2933,3.31E+08,8061,8061,8253,8062
14.4463,3.31E+08,8061,8061,8254,8062
13.777,3.31E+08,8061,8061,8255,8062
15.8566,3.31E+08,8061,8061,8255,8062
16.0639,3.31E+08,8061,8061,8255,8062
15.9523,3.31E+08,8061,8061,8256,8062
15.6333,3.31E+08,8061,8061,8256,8062
16.2474,3.31E+08,8061,8061,8256,8062
14.2374,3.31E+08,8061,8061,8256,8062
14.8368,3.31E+08,8061,8061,8256,8062
14.0001,3.31E+08,8061,8061,8256,8062
13.5675,3.31E+08,8061,8061,8256,8062
13.2192,3.31E+08,8061,8061,8256,8062
13.7908,3.31E+08,8061,8061,8256,8062
15.4503,3.31E+08,8061,8061,8257,8063
16.3985,3.31E+08,8061,8061,8257,8063
14.6283,3.31E+08,8061,8061,8257,8063
14.2648,3.31E+08,8061,8061,8258,8063
14.8665,3.31E+08,8061,8061,8258,8063
13.8886,3.31E+08,8061,8061,8258,8063
13.8328,3.31E+08,8061,8061,8259,8063
15.2272,3.31E+08,8061,8061,8259,8063
14.3491,3.31E+08,8061,8061,8259,8063
14.0559,3.31E+08,8061,8061,8261,8063
14.4049,3.31E+08,8061,8062,8262,8063
15.1714,3.31E+08,8062,8062,8262,8063
15.0599,3.31E+08,8062,8062,8262,8063
14.4752,3.31E+08,8062,8062,8263,8063
14.9891,3.31E+08,8062,8062,8263,8063
15.8166,3.31E+08,8062,8062,8263,8063
14.0001,3.31E+08,8062,8062,8264,8063
14.4319,3.31E+08,8062,8062,8264,8063
15.5774,3.31E+08,8062,8062,8265,8063
14.2232,3.31E+08,8062,8062,8266,8063
16.4708,3.31E+08,8062,8062,8266,8063
15.6734,3.31E+08,8062,8062,8266,8063
15.593,3.31E+08,8062,8062,8266,8063
12.8846,3.31E+08,8062,8062,8267,8063
14.8777,3.31E+08,8062,8062,8267,8063
16.8226,3.31E+08,8062,8062,8268,8064
15.8807,3.31E+08,8062,8062,8268,8064
15.1307,3.31E+08,8062,8062,8269,8064
15.5061,3.31E+08,8062,8062,8269,8064
13.9583,3.31E+08,8062,8062,8269,8064
15.0599,3.31E+08,8062,8062,8270,8064
16.287,3.31E+08,8062,8062,8271,8064
15.8008,3.31E+08,8062,8062,8271,8064
15.1714,3.31E+08,8062,8062,8271,8064
15.0191,3.31E+08,8062,8062,8272,8064
14.0559,3.31E+08,8062,8062,8273,8064
15.4099,3.31E+08,8062,8062,8273,8064
15.1715,3.31E+08,8062,8062,8274,8064
17.514,3.31E+08,8062,8062,8274,8064
16.4872,3.31E+08,8062,8062,8274,8064
14.8926,3.31E+08,8062,8062,8275,8064
15.5216,3.31E+08,8062,8062,8276,8064
16.1196,3.31E+08,8063,8063,8276,8064
14.2232,3.31E+08,8063,8063,8276,8064
16.5824,3.31E+08,8063,8063,8276,8064
14.7958,3.31E+08,8063,8063,8277,8064
13.4981,3.31E+08,8063,8063,8277,8064
14.2232,3.31E+08,8063,8063,8278,8064
15.5061,3.31E+08,8063,8063,8279,8064
15.5216,3.31E+08,8063,8063,8280,8064
15.0599,3.31E+08,8063,8063,8280,8064
13.9444,3.31E+08,8063,8063,8281,8064
15.5774,3.31E+08,8063,8063,8281,8064
16.1358,3.31E+08,8063,8063,8282,8065
15.4906,3.31E+08,8063,8063,8282,8065
14.5166,3.31E+08,8063,8063,8283,8065
12.3702,3.31E+08,8063,8063,8284,8065
15.5371,3.31E+08,8063,8063,8284,8065
16.3591,3.31E+08,8063,8063,8285,8065
16.7332,3.31E+08,8063,8063,8285,8065
13.4423,3.31E+08,8063,8063,8286,8065
14.4049,3.31E+08,8063,8063,8286,8065
15.9523,3.31E+08,8063,8063,8286,8065
14.2375,3.31E+08,8063,8063,8286,8065
16.2312,3.31E+08,8063,8063,8287,8065
15.0749,3.31E+08,8063,8063,8287,8065
15.2272,3.31E+08,8063,8063,8287,8065
15.4658,3.31E+08,8063,8063,8287,8065
14.9891,3.31E+08,8063,8063,8288,8065
14.9074,3.31E+08,8063,8063,8288,8065
14.4463,3.31E+08,8063,8063,8288,8065
14.6428,3.31E+08,8063,8063,8288,8065
14.3204,3.31E+08,8063,8063,8289,8065
15.4657,3.31E+08,8063,8063,8289,8065
14.9483,3.31E+08,8064,8063,8289,8065
14.2789,3.31E+08,8064,8064,8289,8065
13.9024,3.31E+08,8064,8064,8289,8065
15.2424,3.31E+08,8064,8064,8289,8065
16.7889,3.31E+08,8064,8064,8290,8065
13.7212,3.31E+08,8064,8064,8290,8065
16.4149,3.31E+08,8064,8064,8291,8065
15.2829,3.31E+08,8064,8064,8292,8066
14.0559,3.31E+08,8064,8064,8293,8066
14.8105,3.31E+08,8064,8064,8293,8066
14.8925,3.31E+08,8064,8064,8293,8066
15.2424,3.31E+08,8064,8064,8293,8066
15.4503,3.31E+08,8064,8064,8294,8066
17.3082,3.31E+08,8064,8064,8294,8066
14.3347,3.31E+08,8064,8064,8294,8066
15.602,3.31E+08,8064,8064,8294,8066
14.7957,3.31E+08,8064,8064,8294,8066
14.5578,3.31E+08,8064,8064,8295,8066
10.563,3.31E+08,8064,8064,8296,8066
13.6654,3.31E+08,8064,8064,8296,8066
13.7907,3.31E+08,8064,8064,8296,8066
14.2647,3.31E+08,8064,8064,8296,8066
14.7252,3.31E+08,8064,8064,8296,8066
14.6429,3.31E+08,8064,8064,8297,8066
14.8776,3.31E+08,8064,8064,8298,8066
17.0849,3.31E+08,8064,8064,8299,8066
15.0749,3.31E+08,8064,8064,8299,8066
15.2271,3.31E+08,8064,8064,8300,8066
14.0141,3.31E+08,8064,8064,8300,8066
14.599,3.31E+08,8064,8064,8301,8066
15.8165,3.31E+08,8064,8064,8301,8066
14.5579,3.31E+08,8064,8064,8303,8066
14.4607,3.31E+08,8065,8065,8303,8066
14.3905,3.31E+08,8065,8065,8303,8066
13.498,3.31E+08,8065,8065,8303,8066
15.1866,3.31E+08,8065,8065,8304,8066
11.6458,3.31E+08,8065,8065,8304,8066
11.5574,3.31E+08,8065,8065,8304,8067
11.5574,3.31E+08,8065,8065,8305,8067
11.2224,3.31E+08,8065,8065,8305,8067
12.6056,3.31E+08,8065,8065,8305,8067
13.1208,3.31E+08,8065,8065,8305,8067
13.0518,3.31E+08,8065,8065,8306,8067
14.7252,3.31E+08,8065,8065,8307,8067
15.004,3.31E+08,8065,8065,8307,8067
13.6791,3.31E+08,8065,8065,8307,8067
15.1866,3.31E+08,8065,8065,8307,8067
15.5463,3.31E+08,8065,8065,8308,8067
15.5774,3.31E+08,8065,8065,8308,8067
15.2982,3.31E+08,8065,8065,8308,8067
14.9483,3.31E+08,8065,8065,8308,8067
14.6841,3.31E+08,8065,8065,8308,8067
15.0598,3.31E+08,8065,8065,8309,8067
13.9582,3.31E+08,8065,8065,8309,8067
14.5433,3.31E+08,8065,8065,8309,8067
14.1816,3.31E+08,8065,8065,8310,8067
15.0041,3.31E+08,8065,8065,8310,8067
15.6176,3.31E+08,8065,8065,8311,8067
16.3032,3.31E+08,8065,8065,8312,8067
16.5265,3.31E+08,8065,8065,8312,8067
15.1307,3.31E+08,8065,8065,8312,8067
14.9334,3.31E+08,8065,8065,8313,8068
14.2374,3.31E+08,8065,8065,8313,8068
15.5061,3.31E+08,8065,8065,8313,8068
15.004,3.31E+08,8066,8066,8313,8068
15.1459,3.31E+08,8066,8066,8313,8068
15.2272,3.31E+08,8066,8066,8313,8068
15.7849,3.31E+08,8066,8066,8314,8068
15.2272,3.31E+08,8066,8066,8314,8068
15.2982,3.31E+08,8066,8066,8314,8068
14.502,3.31E+08,8066,8066,8314,8068
15.0041,3.31E+08,8066,8066,8314,8068
14.7399,3.31E+08,8066,8066,8315,8068
14.9632,3.31E+08,8066,8066,8315,8068
15.1156,3.31E+08,8066,8066,8315,8068
16.2869,3.31E+08,8066,8066,8315,8068
15.1307,3.31E+08,8066,8066,8315,8068
15.8007,3.31E+08,8066,8066,8316,8068
16.3427,3.31E+08,8066,8066,8316,8068
14.5021,3.31E+08,8066,8066,8316,8068
14.6136,3.31E+08,8066,8066,8316,8068
17.029,3.31E+08,8066,8066,8316,8068
15.3945,3.31E+08,8066,8066,8317,8068
15.9842,3.31E+08,8066,8066,8317,8068
14.6136,3.31E+08,8066,8066,8317,8068
14.0418,3.31E+08,8066,8066,8317,8068
15.09,3.31E+08,8066,8066,8318,8068
14.3905,3.31E+08,8066,8066,8318,8068
15.8007,3.31E+08,8066,8066,8318,8068
15.4349,3.31E+08,8066,8066,8319,8069
15.7449,3.31E+08,8066,8066,8319,8069
14.8925,3.31E+08,8066,8066,8319,8069
15.7292,3.31E+08,8067,8066,8319,8069
15.0341,3.31E+08,8067,8067,8319,8069
14.6136,3.31E+08,8067,8067,8320,8069
15.3945,3.31E+08,8067,8067,8320,8069
14.4463,3.31E+08,8067,8067,8321,8069
14.3491,3.31E+08,8067,8067,8322,8069
14.2374,3.31E+08,8067,8067,8323,8069
12.2027,3.31E+08,8067,8067,8323,8069
11.5577,3.31E+08,8067,8067,8324,8069
13.2324,3.31E+08,8067,8067,8324,8069
15.3387,3.31E+08,8067,8067,8325,8069
16.1196,3.31E+08,8067,8067,8326,8069
14.4607,3.31E+08,8067,8067,8327,8069
15.2982,3.31E+08,8067,8067,8327,8069
16.2869,3.31E+08,8067,8067,8327,8069
14.7251,3.31E+08,8067,8067,8328,8069
16.3591,3.31E+08,8067,8067,8328,8069
14.1257,3.31E+08,8067,8067,8328,8069
15.4503,3.31E+08,8067,8067,8328,8069
15.3387,3.31E+08,8067,8067,8329,8069
14.0699,3.31E+08,8067,8067,8329,8069
14.6694,3.31E+08,8067,8067,8329,8069
14.2374,3.31E+08,8067,8067,8329,8069
14.2647,3.31E+08,8067,8067,8329,8069
16.1357,3.31E+08,8067,8067,8329,8069
15.0598,3.31E+08,8067,8067,8330,8069
14.3491,3.31E+08,8067,8067,8330,8069
15.5774,3.31E+08,8067,8067,8330,8070
15.0448,3.31E+08,8067,8067,8330,8070
14.8516,3.31E+08,8068,8068,8331,8070
15.2424,3.31E+08,8068,8068,8331,8070
15.8566,3.31E+08,8068,8068,8331,8070
15.1714,3.31E+08,8068,8068,8332,8070
15.2424,3.31E+08,8068,8068,8333,8070
15.7849,3.31E+08,8068,8068,8333,8070
16.2474,3.31E+08,8068,8068,8334,8070
15.602,3.31E+08,8068,8068,8336,8070
13.0519,3.31E+08,8068,8068,8336,8070
15.09,3.31E+08,8068,8068,8336,8070
15.5061,3.31E+08,8068,8068,8336,8070
16.1753,3.31E+08,8068,8068,8337,8070
15.2424,3.31E+08,8068,8068,8337,8070
16.2869,3.31E+08,8068,8068,8337,8070
14.3347,3.31E+08,8068,8068,8337,8070
14.6136,3.31E+08,8068,8068,8338,8070
14.0141,3.31E+08,8068,8068,8338,8070
14.7252,3.31E+08,8068,8068,8338,8070
16.599,3.31E+08,8068,8068,8338,8070
15.3791,3.31E+08,8068,8068,8338,8070
15.6891,3.31E+08,8068,8068,8338,8070
15.0041,3.31E+08,8068,8068,8339,8070
14.6282,3.31E+08,8068,8068,8339,8071
15.4657,3.31E+08,8069,8069,8339,8071
13.9861,3.31E+08,8069,8069,8339,8071
14.1399,3.31E+08,8069,8069,8340,8071
15.1714,3.31E+08,8069,8069,8340,8071
15.8965,3.31E+08,8069,8069,8340,8071
16.6774,3.31E+08,8069,8069,8341,8071
15.1714,3.31E+08,8069,8069,8341,8071
16.3032,3.31E+08,8069,8069,8342,8071
15.3387,3.31E+08,8069,8069,8342,8071
14.9632,3.31E+08,8069,8069,8342,8071
14.8925,3.31E+08,8069,8069,8342,8071
15.5216,3.31E+08,8069,8069,8342,8071
14.4049,3.31E+08,8069,8069,8343,8071
13.2192,3.31E+08,8069,8069,8344,8071
10.7755,3.31E+08,8069,8069,8344,8071
13.5542,3.31E+08,8069,8069,8344,8071
14.9483,3.31E+08,8069,8069,8344,8071
15.0599,3.31E+08,8069,8069,8344,8071
14.4752,3.31E+08,8069,8069,8345,8071
14.0976,3.31E+08,8069,8069,8345,8071
14.9074,3.31E+08,8069,8069,8346,8071
14.7399,3.31E+08,8069,8069,8346,8071
14.7252,3.31E+08,8069,8069,8346,8071
13.9024,3.31E+08,8069,8069,8348,8071
13.4981,3.31E+08,8069,8069,8348,8071
16.3985,3.31E+08,8069,8069,8348,8071
16.3985,3.31E+08,8069,8069,8348,8071
14.6136,3.31E+08,8069,8069,8348,8072
15.0191,3.31E+08,8069,8069,8349,8072
15.5774,3.31E+08,8069,8069,8349,8072
16.5266,3.31E+08,8069,8069,8350,8072
15.283,3.31E+08,8069,8069,8350,8072
16.7332,3.31E+08,8069,8069,8350,8072
15.9523,3.31E+08,8070,8069,8351,8072
16.2312,3.31E+08,8070,8070,8351,8072
15.09,3.31E+08,8070,8070,8352,8072
15.4503,3.31E+08,8070,8070,8352,8072
14.2232,3.31E+08,8070,8070,8352,8072
15.2424,3.31E+08,8070,8070,8352,8072
15.0041,3.31E+08,8070,8070,8353,8072
15.6333,3.31E+08,8070,8070,8354,8072
14.9483,3.31E+08,8070,8070,8354,8072
16.2312,3.31E+08,8070,8070,8355,8072
14.6136,3.31E+08,8070,8070,8355,8072
15.41,3.31E+08,8070,8070,8357,8072
15.004,3.31E+08,8070,8070,8357,8072
14.7399,3.31E+08,8070,8070,8358,8072
15.283,3.31E+08,8070,8070,8358,8072
14.6841,3.31E+08,8070,8070,8358,8072
14.6841,3.31E+08,8070,8070,8359,8072
16.4378,3.31E+08,8070,8070,8359,8072
12.0161,3.31E+08,8070,8070,8359,8072
14.2232,3.31E+08,8070,8070,8360,8072
15.0749,3.31E+08,8070,8070,8360,8072
14.4463,3.31E+08,8070,8070,8360,8073
13.9861,3.31E+08,8070,8070,8360,8073
14.9223,3.31E+08,8070,8070,8360,8073
16.2707,3.31E+08,8070,8070,8361,8073
15.3541,3.31E+08,8071,8071,8361,8073
15.2829,3.31E+08,8071,8071,8361,8073
14.6283,3.31E+08,8071,8071,8362,8073
17.1966,3.31E+08,8071,8071,8362,8073
15.9921,3.31E+08,8071,8071,8362,8073
14.9782,3.31E+08,8071,8071,8363,8073
13.4289,3.31E+08,8071,8071,8363,8073
15.3541,3.31E+08,8071,8071,8363,8073
15.6734,3.31E+08,8071,8071,8363,8073
14.1399,3.31E+08,8071,8071,8363,8073
16.1035,3.31E+08,8071,8071,8363,8073
15.0749,3.31E+08,8071,8071,8364,8073
15.5216,3.31E+08,8071,8071,8365,8073
14.6694,3.31E+08,8071,8071,8365,8073
15.0749,3.31E+08,8071,8071,8366,8073
15.0599,3.31E+08,8071,8071,8366,8073
14.1816,3.31E+08,8071,8071,8366,8073
14.7252,3.31E+08,8071,8071,8367,8073
15.6577,3.31E+08,8071,8071,8367,8073
13.3999,3.31E+08,8071,8071,8367,8073
13.7908,3.31E+08,8071,8071,8367,8073
12.3387,3.31E+08,8071,8071,8367,8073
14.8224,3.31E+08,8072,8072,8367,8073
14.9633,3.31E+08,8072,8072,8367,8074
15.1307,3.31E+08,8072,8072,8368,8074
16.3264,3.31E+08,8072,8072,8369,8074
14.4193,3.31E+08,8072,8072,8369,8074
15.4349,3.31E+08,8072,8072,8370,8074
15.3541,3.31E+08,8072,8072,8370,8074
16.1916,3.31E+08,8072,8072,8371,8074
16.1196,3.31E+08,8072,8072,8371,8074
15.5061,3.31E+08,8072,8072,8371,8074
14.279,3.31E+08,8072,8072,8371,8074
13.9583,3.31E+08,8072,8072,8372,8074
15.2424,3.31E+08,8072,8072,8372,8074
15.6333,3.31E+08,8072,8072,8373,8074
15.5061,3.31E+08,8072,8072,8373,8074
15.7292,3.31E+08,8072,8072,8374,8074
16.008,3.31E+08,8072,8072,8374,8074
14.1392,3.31E+08,8072,8072,8374,8074
14.7135,3.31E+08,8072,8072,8375,8074
13.7907,3.31E+08,8072,8072,8375,8074
13.6097,3.31E+08,8072,8072,8376,8074
11.1666,3.31E+08,8072,8072,8377,8074
15.0041,3.31E+08,8072,8072,8377,8074
12.4507,3.31E+08,8072,8072,8377,8074
14.6694,3.31E+08,8072,8072,8378,8074
14.9483,3.31E+08,8072,8072,8378,8074
16.0318,3.31E+08,8072,8072,8378,8074
16.5203,3.31E+08,8072,8072,8378,8074
15.1005,3.31E+08,8072,8072,8379,8074
14.7399,3.31E+08,8072,8072,8381,8074
14.781,3.31E+08,8072,8073,8381,8074
15.2424,3.31E+08,8073,8073,8382,8075
15.9523,3.31E+08,8073,8073,8382,8075
16.1196,3.31E+08,8073,8073,8383,8075
15.0749,3.31E+08,8073,8073,8383,8075
16.3427,3.31E+08,8073,8073,8383,8075
14.5724,3.31E+08,8073,8073,8384,8075
13.3307,3.31E+08,8073,8073,8384,8075
14.9633,3.31E+08,8073,8073,8385,8075
14.7399,3.31E+08,8073,8073,8385,8075
14.6136,3.31E+08,8073,8073,8385,8075
15.5061,3.31E+08,8073,8073,8385,8075
14.3905,3.31E+08,8073,8073,8386,8075
12.5624,3.31E+08,8073,8073,8386,8075
11.2224,3.31E+08,8073,8073,8387,8075
13.9443,3.31E+08,8073,8073,8387,8075
15.2424,3.31E+08,8073,8073,8387,8075
15.1714,3.31E+08,8073,8073,8387,8075
14.7399,3.31E+08,8073,8073,8387,8075
14.0001,3.31E+08,8073,8073,8387,8075
15.1156,3.31E+08,8073,8073,8388,8075
15.0598,3.31E+08,8073,8073,8388,8075
15.2424,3.31E+08,8073,8073,8388,8075
14.5166,3.31E+08,8073,8073,8388,8075
14.9483,3.31E+08,8073,8073,8389,8075
16.6774,3.31E+08,8073,8073,8389,8075
15.6891,3.31E+08,8073,8074,8390,8075
14.8367,3.31E+08,8074,8074,8390,8075
15.7292,3.31E+08,8074,8074,8390,8075
16.1519,3.31E+08,8074,8074,8392,8075
15.3234,3.31E+08,8074,8074,8392,8075
15.8407,3.31E+08,8074,8074,8392,8075
15.2018,3.31E+08,8074,8074,8393,8075
14.8777,3.31E+08,8074,8074,8393,8075
14.6841,3.31E+08,8074,8074,8394,8075
14.9632,3.31E+08,8074,8074,8394,8076
15.4657,3.31E+08,8074,8074,8394,8076
15.6734,3.31E+08,8074,8074,8395,8076
16.2707,3.31E+08,8074,8074,8395,8076
14.9782,3.31E+08,8074,8074,8395,8076
16.7889,3.31E+08,8074,8074,8395,8076
16.3985,3.31E+08,8074,8074,8395,8076
15.0749,3.31E+08,8074,8074,8396,8076
15.2982,3.31E+08,8074,8074,8396,8076
13.6655,3.31E+08,8074,8074,8396,8076
15.3945,3.31E+08,8074,8074,8397,8076
15.8407,3.31E+08,8074,8074,8397,8076
14.2232,3.31E+08,8074,8074,8397,8076
15.0191,3.31E+08,8074,8074,8397,8076
14.5166,3.31E+08,8074,8074,8398,8076
15.5061,3.31E+08,8074,8074,8398,8076
15.1714,3.31E+08,8074,8074,8398,8076
12.3949,3.31E+08,8074,8074,8400,8076
10.9988,3.31E+08,8074,8074,8401,8076
9.98443,3.31E+08,8074,8074,8401,8076
12.3391,3.31E+08,8074,8074,8401,8076
14.0418,3.31E+08,8074,8074,8401,8076
13.3016,3.31E+08,8075,8075,8401,8076
14.2232,3.31E+08,8075,8075,8402,8076
16.4936,3.31E+08,8075,8075,8402,8076
16.2474,3.31E+08,8075,8075,8402,8076
14.8367,3.31E+08,8075,8075,8403,8077
14.5311,3.31E+08,8075,8075,8403,8077
14.2647,3.31E+08,8075,8075,8403,8077
14.7958,3.31E+08,8075,8075,8404,8077
16.2311,3.31E+08,8075,8075,8406,8077
14.8925,3.31E+08,8075,8075,8407,8077
15.9284,3.31E+08,8075,8075,8407,8077
15.2272,3.31E+08,8075,8075,8408,8077
13.3999,3.31E+08,8075,8075,8408,8077
13.275,3.31E+08,8075,8075,8408,8077
14.2374,3.31E+08,8075,8075,8408,8077
15.785,3.31E+08,8075,8075,8408,8077
15.7692,3.31E+08,8075,8075,8409,8077
14.5724,3.31E+08,8075,8075,8409,8077
15.5774,3.31E+08,8076,8076,8409,8077
13.9582,3.31E+08,8076,8076,8409,8077
15.0041,3.31E+08,8076,8076,8410,8077
15.0599,3.31E+08,8076,8076,8410,8077
14.8925,3.31E+08,8076,8076,8411,8077
15.0599,3.31E+08,8076,8076,8411,8077
17.8844,3.31E+08,8076,8076,8411,8077
15.2677,3.31E+08,8076,8076,8411,8077
14.4193,3.31E+08,8076,8076,8411,8077
15.6021,3.31E+08,8076,8076,8411,8077
15.4099,3.31E+08,8076,8076,8412,8077
15.0599,3.31E+08,8076,8076,8412,8077
16.4543,3.31E+08,8076,8076,8412,8077
15.4253,3.31E+08,8076,8076,8413,8077
14.3204,3.31E+08,8076,8076,8413,8077
15.9124,3.31E+08,8076,8076,8413,8077
15.9523,3.31E+08,8076,8076,8414,8077
14.6283,3.31E+08,8076,8076,8414,8077
15.5216,3.31E+08,8076,8076,8414,8077
14.3205,3.31E+08,8076,8076,8414,8077
15.4253,3.31E+08,8076,8076,8414,8077
15.5061,3.31E+08,8076,8076,8415,8078
15.8008,3.31E+08,8076,8076,8415,8078
14.8219,3.31E+08,8077,8077,8416,8078
13.6369,3.31E+08,8077,8077,8417,8078
13.6097,3.31E+08,8077,8077,8417,8078
13.7075,3.31E+08,8077,8077,8418,8078
15.3541,3.31E+08,8077,8077,8418,8078
14.9483,3.31E+08,8077,8077,8418,8078
16.2474,3.31E+08,8077,8077,8419,8078
14.2232,3.31E+08,8077,8077,8419,8078
15.0749,3.31E+08,8077,8077,8420,8078
14.7958,3.31E+08,8077,8077,8421,8078
15.7135,3.31E+08,8077,8077,8421,8078
15.2424,3.31E+08,8077,8077,8421,8078
14.6694,3.31E+08,8077,8077,8422,8078
15.7607,3.31E+08,8077,8077,8422,8078
15.4906,3.31E+08,8077,8077,8423,8078
14.9782,3.31E+08,8077,8077,8424,8078
15.1714,3.31E+08,8077,8077,8424,8078
15.2272,3.31E+08,8077,8077,8425,8078
15.4099,3.31E+08,8077,8077,8426,8078
15.6578,3.31E+08,8077,8077,8426,8079
15.1866,3.31E+08,8077,8077,8427,8079
15.283,3.31E+08,8077,8077,8427,8079
15.5216,3.31E+08,8077,8077,8428,8079
15.8407,3.31E+08,8077,8077,8428,8079
15.3387,3.31E+08,8077,8077,8428,8079
16.8616,3.31E+08,8077,8077,8428,8079
15.1156,3.31E+08,8077,8077,8429,8079
16.3755,3.31E+08,8077,8077,8429,8079
15.212,3.31E+08,8077,8077,8429,8079
16.4149,3.31E+08,8077,8077,8429,8079
14.5724,3.31E+08,8077,8077,8430,8079
14.9483,3.31E+08,8077,8077,8430,8079
15.6333,3.31E+08,8077,8077,8431,8079
15.9523,3.31E+08,8077,8077,8431,8079
15.8008,3.31E+08,8078,8078,8431,8079
15.5619,3.31E+08,8078,8078,8432,8079
15.3541,3.31E+08,8078,8078,8432,8079
14.0001,3.31E+08,8078,8078,8432,8079
14.209,3.31E+08,8078,8078,8433,8079
16.2474,3.31E+08,8078,8078,8434,8079
15.1156,3.31E+08,8078,8078,8434,8079
14.9633,3.31E+08,8078,8078,8434,8079
15.3387,3.31E+08,8078,8078,8434,8079
16.5266,3.31E+08,8078,8078,8434,8079
16.5266,3.31E+08,8078,8078,8435,8079
14.6136,3.31E+08,8078,8078,8435,8079
15.4658,3.31E+08,8078,8078,8436,8079
15.825,3.31E+08,8078,8078,8437,8079
15.7449,3.31E+08,8078,8078,8437,8079
14.7252,3.31E+08,8078,8078,8438,8079
14.8665,3.31E+08,8078,8078,8438,8079
14.4319,3.31E+08,8078,8078,8438,8079
14.7958,3.31E+08,8079,8078,8439,8079
15.6332,3.31E+08,8079,8079,8439,8079
13.819,3.31E+08,8079,8079,8440,8080
16.3033,3.31E+08,8079,8079,8441,8080
14.2932,3.31E+08,8079,8079,8442,8080
16.3428,3.31E+08,8079,8079,8442,8080
14.9632,3.31E+08,8079,8079,8444,8080
15.3792,3.31E+08,8079,8079,8444,8080
14.4608,3.31E+08,8079,8079,8444,8080
15.4503,3.31E+08,8079,8079,8445,8080
14.6988,3.31E+08,8079,8079,8445,8080
14.5579,3.31E+08,8079,8079,8445,8080
13.6096,3.31E+08,8079,8079,8446,8080
13.1208,3.31E+08,8079,8079,8446,8080
14.8219,3.31E+08,8079,8079,8447,8080
17.5874,3.31E+08,8079,8079,8447,8080
14.3348,3.31E+08,8079,8079,8448,8080
15.5216,3.31E+08,8079,8079,8448,8080
16.694,3.31E+08,8079,8079,8450,8080
16.1916,3.31E+08,8079,8079,8450,8080
14.7252,3.31E+08,8079,8079,8450,8080
13.4977,3.31E+08,8079,8079,8451,8080
12.1719,3.31E+08,8079,8079,8452,8080
14.5579,3.31E+08,8079,8079,8452,8081
15.8566,3.31E+08,8079,8079,8452,8081
13.4423,3.31E+08,8079,8080,8453,8081
13.0519,3.31E+08,8079,8080,8454,8081
13.275,3.31E+08,8080,8080,8454,8081
11.7926,3.31E+08,8080,8080,8455,8081
13.9443,3.31E+08,8080,8080,8455,8081
12.6488,3.31E+08,8080,8080,8456,8081
12.9662,3.31E+08,8080,8080,8456,8081
13.4981,3.31E+08,8080,8080,8456,8081
12.1716,3.31E+08,8080,8080,8456,8081
10.8208,3.31E+08,8080,8080,8457,8081
11.6133,3.31E+08,8080,8080,8458,8081
15.4349,3.31E+08,8080,8080,8458,8081
14.1116,3.31E+08,8080,8080,8458,8081
13.2457,3.31E+08,8080,8080,8458,8081
12.2149,3.31E+08,8080,8080,8458,8081
15.7453,3.31E+08,8080,8080,8459,8081
13.6518,3.31E+08,8080,8080,8460,8081
15.1308,3.31E+08,8080,8080,8461,8081
15.3387,3.31E+08,8080,8080,8461,8081
13.9443,3.31E+08,8080,8080,8462,8081
14.0141,3.31E+08,8080,8080,8462,8081
15.5774,3.31E+08,8080,8081,8462,8081
13.7212,3.31E+08,8081,8081,8462,8081
14.8516,3.31E+08,8081,8081,8462,8081
15.9682,3.31E+08,8081,8081,8463,8081
14.8925,3.31E+08,8081,8081,8463,8081
15.212,3.31E+08,8081,8081,8465,8081
15.7607,3.31E+08,8081,8081,8465,8082
14.3348,3.31E+08,8081,8081,8465,8082
15.2983,3.31E+08,8081,8081,8466,8082
16.7889,3.31E+08,8081,8081,8466,8082
15.0749,3.31E+08,8081,8081,8467,8082
13.206,3.31E+08,8081,8081,8467,8082
13.1077,3.31E+08,8081,8081,8467,8082
15.3541,3.31E+08,8081,8081,8468,8082
17.6256,3.31E+08,8081,8081,8469,8082
15.2983,3.31E+08,8081,8081,8469,8082
14.8926,3.31E+08,8081,8081,8469,8082
15.0749,3.31E+08,8081,8081,8469,8082
14.4175,3.31E+08,8081,8081,8470,8082
14.1399,3.31E+08,8081,8081,8470,8082
14.7399,3.31E+08,8081,8081,8470,8082
14.4463,3.31E+08,8081,8081,8470,8082
15.4099,3.31E+08,8081,8081,8471,8082
14.5724,3.31E+08,8081,8081,8471,8082
14.7252,3.31E+08,8082,8082,8472,8082
15.6176,3.31E+08,8082,8082,8473,8082
15.3945,3.31E+08,8082,8082,8473,8082
15.5216,3.31E+08,8082,8082,8473,8082
16.2474,3.31E+08,8082,8082,8473,8082
15.4657,3.31E+08,8082,8082,8473,8082
15.5061,3.31E+08,8082,8082,8474,8082
14.1116,3.31E+08,8082,8082,8474,8082
14.8368,3.31E+08,8082,8082,8474,8082
14.2933,3.31E+08,8082,8082,8474,8082
16.0799,3.31E+08,8082,8082,8475,8083
15.3388,3.31E+08,8082,8082,8476,8083
15.5774,3.31E+08,8082,8082,8476,8083
15.3792,3.31E+08,8082,8082,8477,8083
15.8566,3.31E+08,8082,8082,8477,8083
14.6694,3.31E+08,8082,8082,8478,8083
14.3348,3.31E+08,8082,8082,8479,8083
15.9842,3.31E+08,8082,8082,8479,8083
14.4319,3.31E+08,8082,8082,8479,8083
15.6489,3.31E+08,8082,8082,8479,8083
15.3945,3.31E+08,8083,8082,8480,8083
14.5166,3.31E+08,8083,8083,8481,8083
15.0448,3.31E+08,8083,8083,8481,8083
14.2375,3.31E+08,8083,8083,8482,8083
15.6176,3.31E+08,8083,8083,8482,8083
14.8368,3.31E+08,8083,8083,8482,8083
15.1156,3.31E+08,8083,8083,8482,8083
14.6988,3.31E+08,8083,8083,8482,8083
15.2982,3.31E+08,8083,8083,8482,8083
14.2647,3.31E+08,8083,8083,8484,8083
15.5619,3.31E+08,8083,8083,8484,8083
15.8008,3.31E+08,8083,8083,8486,8083
14.6283,3.31E+08,8083,8083,8486,8083
16.6216,3.31E+08,8083,8083,8487,8083
14.0001,3.31E+08,8083,8083,8487,8083
15.2424,3.31E+08,8083,8083,8488,8083
15.1714,3.31E+08,8083,8083,8488,8084
15.283,3.31E+08,8083,8083,8489,8084
14.6841,3.31E+08,8083,8083,8489,8084
14.6136,3.31E+08,8083,8083,8490,8084
15.1308,3.31E+08,8083,8083,8490,8084
15.2272,3.31E+08,8083,8083,8491,8084
13.8046,3.31E+08,8083,8083,8492,8084
14.3905,3.31E+08,8083,8083,8492,8084
15.8407,3.31E+08,8084,8084,8494,8084
16.1754,3.31E+08,8084,8084,8495,8084
14.2932,3.31E+08,8084,8084,8495,8084
15.4503,3.31E+08,8084,8084,8495,8084
14.6136,3.31E+08,8084,8084,8496,8084
14.4194,3.31E+08,8084,8084,8496,8084
15.1156,3.31E+08,8084,8084,8497,8084
15.1714,3.31E+08,8084,8084,8497,8084
14.7958,3.31E+08,8084,8084,8498,8084
15.3387,3.31E+08,8084,8084,8498,8084
16.789,3.31E+08,8084,8084,8499,8084
14.9074,3.31E+08,8084,8084,8499,8085
14.8925,3.31E+08,8084,8084,8499,8085
15.5061,3.31E+08,8084,8084,8500,8085
15.0598,3.31E+08,8084,8084,8500,8085
15.0191,3.31E+08,8084,8084,8501,8085
14.781,3.31E+08,8084,8084,8501,8085
14.6988,3.31E+08,8084,8084,8502,8085
15.1563,3.31E+08,8084,8084,8504,8085
14.5166,3.31E+08,8084,8084,8505,8085
13.3308,3.31E+08,8084,8084,8506,8085
15.5774,3.31E+08,8084,8084,8507,8085
13.7908,3.31E+08,8084,8084,8507,8085
15.6578,3.31E+08,8084,8084,8509,8085
14.7547,3.31E+08,8084,8084,8509,8085
15.7135,3.31E+08,8084,8084,8511,8085
16.5824,3.31E+08,8084,8084,8511,8085
17.1236,3.31E+08,8085,8085,8511,8085
15.3541,3.31E+08,8085,8085,8512,8085
14.7957,3.31E+08,8085,8085,8512,8085
14.781,3.31E+08,8085,8085,8512,8085
14.781,3.31E+08,8085,8085,8513,8085
16.1357,3.31E+08,8085,8085,8513,8085
14.279,3.31E+08,8085,8085,8514,8085
16.0799,3.31E+08,8085,8085,8515,8085
15.5618,3.31E+08,8085,8085,8515,8086
15.1308,3.31E+08,8085,8085,8515,8086
14.2647,3.31E+08,8085,8085,8516,8086
15.4658,3.31E+08,8085,8085,8516,8086
14.6283,3.31E+08,8085,8085,8517,8086
14.2374,3.31E+08,8085,8085,8519,8086
14.2647,3.31E+08,8085,8085,8519,8086
13.6655,3.31E+08,8085,8085,8520,8086
11.8484,3.31E+08,8085,8085,8520,8086
13.2618,3.31E+08,8085,8085,8521,8086
12.9662,3.31E+08,8085,8085,8522,8086
11.0329,3.31E+08,8085,8085,8522,8086
12.3515,3.31E+08,8085,8085,8522,8086
12.6614,3.31E+08,8085,8085,8522,8086
12.6484,3.31E+08,8086,8085,8523,8086
13.9168,3.31E+08,8086,8086,8523,8086
15.6021,3.31E+08,8086,8086,8523,8086
13.9024,3.31E+08,8086,8086,8523,8087
13.8328,3.31E+08,8086,8086,8523,8087
14.7957,3.31E+08,8086,8086,8523,8087
13.3308,3.31E+08,8086,8086,8524,8087
12.271,3.31E+08,8086,8086,8524,8087
11.5131,3.31E+08,8086,8086,8524,8087
15.7135,3.31E+08,8086,8086,8524,8087
15.9124,3.31E+08,8086,8086,8524,8087
15.283,3.31E+08,8086,8086,8525,8087
14.0281,3.31E+08,8086,8086,8526,8087
14.0559,3.31E+08,8086,8086,8527,8087
16.3428,3.31E+08,8086,8086,8528,8087
14.781,3.31E+08,8086,8086,8528,8087
15.6333,3.31E+08,8086,8086,8529,8087
13.777,3.31E+08,8086,8086,8529,8087
13.6097,3.31E+08,8086,8086,8529,8087
11.4572,3.31E+08,8086,8086,8529,8087
13.5961,3.31E+08,8086,8086,8529,8087
14.0699,3.31E+08,8086,8086,8530,8087
13.777,3.31E+08,8086,8086,8530,8087
15.0599,3.31E+08,8086,8086,8531,8087
14.0281,3.31E+08,8086,8086,8531,8087
15.6578,3.31E+08,8086,8086,8531,8088
15.2424,3.31E+08,8086,8086,8532,8088
17.0291,3.31E+08,8086,8087,8532,8088
13.7908,3.31E+08,8087,8087,8532,8088
15.1156,3.31E+08,8087,8087,8533,8088
16.2312,3.31E+08,8087,8087,8535,8088
14.7399,3.31E+08,8087,8087,8536,8088
15.2272,3.31E+08,8087,8087,8536,8088
15.5774,3.31E+08,8087,8087,8536,8088
17.0121,3.31E+08,8087,8087,8536,8088
16.0241,3.31E+08,8087,8087,8537,8088
14.6548,3.31E+08,8087,8087,8537,8088
15.0599,3.31E+08,8087,8087,8537,8088
13.3441,3.31E+08,8087,8087,8537,8088
16.1916,3.31E+08,8087,8087,8538,8088
15.2272,3.31E+08,8087,8087,8538,8088
14.7252,3.31E+08,8087,8087,8538,8088
13.7075,3.31E+08,8087,8087,8539,8088
15.3849,3.31E+08,8087,8087,8540,8088
15.3945,3.31E+08,8087,8087,8540,8088
15.8566,3.31E+08,8087,8087,8541,8088
15.5463,3.31E+08,8088,8088,8541,8088
14.9632,3.31E+08,8088,8088,8541,8088
15.283,3.31E+08,8088,8088,8541,8088
16.6549,3.31E+08,8088,8088,8541,8088
16.1196,3.31E+08,8088,8088,8542,8088
14.8925,3.31E+08,8088,8088,8542,8088
15.2272,3.31E+08,8088,8088,8542,8088
15.4658,3.31E+08,8088,8088,8542,8088
12.8288,3.31E+08,8088,8088,8543,8088
12.6741,3.31E+08,8088,8088,8545,8089
13.2324,3.31E+08,8088,8088,8547,8089
15.8407,3.31E+08,8088,8088,8548,8089
16.8279,3.31E+08,8088,8088,8548,8089
14.9633,3.31E+08,8088,8088,8549,8089
14.5166,3.31E+08,8088,8088,8549,8089
14.7958,3.31E+08,8088,8088,8549,8089
15.6734,3.31E+08,8088,8088,8549,8089
16.5658,3.31E+08,8088,8088,8550,8089
14.5166,3.31E+08,8088,8088,8550,8089
15.0041,3.31E+08,8088,8088,8552,8089
13.4981,3.31E+08,8088,8088,8552,8089
14.8368,3.31E+08,8088,8088,8553,8089
15.1866,3.31E+08,8088,8088,8553,8089
15.8966,3.31E+08,8088,8088,8553,8089
15.1307,3.31E+08,8088,8088,8553,8089
14.5166,3.31E+08,8088,8088,8554,8089
14.8926,3.31E+08,8088,8088,8554,8089
15.0749,3.31E+08,8088,8088,8554,8089
16.9394,3.31E+08,8088,8088,8554,8089
15.1307,3.31E+08,8089,8089,8556,8089
15.1157,3.31E+08,8089,8089,8556,8089
17.4373,3.31E+08,8089,8089,8556,8089
15.4349,3.31E+08,8089,8089,8556,8089
15.1156,3.31E+08,8089,8089,8556,8089
14.4049,3.31E+08,8089,8089,8556,8089
14.1675,3.31E+08,8089,8089,8556,8090
14.8516,3.31E+08,8089,8089,8557,8090
14.7662,3.31E+08,8089,8089,8557,8090
13.9164,3.31E+08,8089,8089,8558,8090
13.5116,3.31E+08,8089,8089,8559,8090
14.8925,3.31E+08,8089,8089,8559,8090
15.283,3.31E+08,8089,8089,8560,8090
15.2983,3.31E+08,8089,8089,8561,8090
14.6136,3.31E+08,8089,8089,8561,8090
14.3348,3.31E+08,8089,8089,8561,8090
15.5216,3.31E+08,8089,8089,8561,8090
17.0121,3.31E+08,8089,8089,8561,8090
14.8516,3.31E+08,8089,8089,8562,8090
14.0141,3.31E+08,8089,8089,8562,8090
14.4463,3.31E+08,8089,8089,8562,8090
12.0041,3.31E+08,8090,8089,8562,8090
12.8288,3.31E+08,8090,8089,8563,8090
12.271,3.31E+08,8090,8089,8563,8090
14.279,3.31E+08,8090,8090,8563,8091
14.822,3.31E+08,8090,8090,8564,8091
14.1958,3.31E+08,8090,8090,8564,8091
14.781,3.31E+08,8090,8090,8565,8091
13.5247,3.31E+08,8090,8090,8565,8091
11.1447,3.31E+08,8090,8090,8566,8091
12.7858,3.31E+08,8090,8090,8568,8091
14.6283,3.31E+08,8090,8090,8568,8091
12.6057,3.31E+08,8090,8090,8569,8091
13.8466,3.31E+08,8090,8090,8570,8091
13.8886,3.31E+08,8090,8090,8570,8091
16.3591,3.31E+08,8090,8090,8571,8091
15.283,3.31E+08,8090,8090,8571,8091
15.8566,3.31E+08,8090,8090,8572,8091
14.4463,3.31E+08,8090,8090,8572,8091
13.3307,3.31E+08,8090,8090,8573,8091
14.4049,3.31E+08,8090,8090,8573,8091
15.8249,3.31E+08,8090,8090,8573,8091
16.4149,3.31E+08,8090,8090,8573,8091
14.5021,3.31E+08,8090,8090,8573,8091
14.0281,3.31E+08,8091,8091,8574,8091
16.8837,3.31E+08,8091,8091,8574,8091
15.5774,3.31E+08,8091,8091,8574,8092
14.4608,3.31E+08,8091,8091,8574,8092
14.5433,3.31E+08,8091,8091,8575,8092
15.3695,3.31E+08,8091,8091,8575,8092
14.7105,3.31E+08,8091,8091,8576,8092
14.2933,3.31E+08,8091,8091,8576,8092
14.7399,3.31E+08,8091,8091,8576,8092
14.3906,3.31E+08,8091,8091,8577,8092
14.3491,3.31E+08,8091,8091,8577,8092
15.1156,3.31E+08,8091,8091,8577,8092
15.0191,3.31E+08,8091,8091,8577,8092
13.3732,3.31E+08,8091,8091,8578,8092
13.2457,3.31E+08,8091,8091,8578,8092
14.279,3.31E+08,8091,8091,8579,8092
14.4319,3.31E+08,8091,8091,8579,8092
14.2933,3.31E+08,8091,8091,8579,8092
14.5724,3.31E+08,8091,8091,8580,8092
15.4657,3.31E+08,8091,8091,8580,8092
14.5433,3.31E+08,8091,8091,8580,8093
13.1766,3.31E+08,8091,8092,8580,8093
11.8248,3.31E+08,8092,8092,8581,8093
11.8806,3.31E+08,8092,8092,8582,8093
13.9163,3.31E+08,8092,8092,8583,8093
15.0448,3.31E+08,8092,8092,8584,8093
15.745,3.31E+08,8092,8092,8585,8093
14.9483,3.31E+08,8092,8092,8585,8093
15.2018,3.31E+08,8092,8092,8585,8093
13.777,3.31E+08,8092,8092,8585,8093
15.1157,3.31E+08,8092,8092,8587,8093
15.6333,3.31E+08,8092,8092,8587,8093
16.1593,3.31E+08,8092,8092,8587,8093
13.1766,3.31E+08,8092,8092,8587,8093
11.6575,3.31E+08,8092,8092,8588,8093
15.7607,3.31E+08,8092,8092,8588,8093
16.7165,3.31E+08,8092,8092,8589,8093
15.4099,3.31E+08,8092,8092,8589,8093
15.8007,3.31E+08,8092,8092,8589,8093
15.3946,3.31E+08,8092,8092,8590,8093
16.0081,3.31E+08,8092,8092,8590,8093
14.6694,3.31E+08,8092,8092,8590,8093
16.5431,3.31E+08,8092,8092,8591,8093
15.4349,3.31E+08,8092,8092,8591,8093
15.7292,3.31E+08,8093,8093,8592,8093
17.3256,3.31E+08,8093,8093,8592,8093
14.9483,3.31E+08,8093,8093,8593,8094
14.6137,3.31E+08,8093,8093,8593,8094
14.9074,3.31E+08,8093,8093,8596,8094
15.9124,3.31E+08,8093,8093,8597,8094
13.8189,3.31E+08,8093,8093,8599,8094
15.9683,3.31E+08,8093,8093,8600,8094
15.6734,3.31E+08,8093,8093,8600,8094
15.6176,3.31E+08,8093,8093,8602,8094
17.1408,3.31E+08,8093,8093,8602,8094
15.8965,3.31E+08,8093,8093,8603,8094
15.2577,3.31E+08,8093,8093,8603,8094
15.1563,3.31E+08,8093,8093,8603,8094
16.1519,3.31E+08,8093,8093,8604,8094
14.8777,3.31E+08,8093,8093,8605,8094
16.1358,3.31E+08,8093,8093,8605,8094
16.1197,3.31E+08,8093,8093,8606,8094
15.6891,3.31E+08,8093,8093,8607,8094
15.0041,3.31E+08,8093,8093,8607,8094
16.5659,3.31E+08,8093,8093,8607,8094
14.1816,3.31E+08,8093,8093,8608,8094
15.1308,3.31E+08,8093,8093,8608,8094
14.5021,3.31E+08,8093,8093,8609,8094
16.6382,3.31E+08,8094,8094,8609,8094
14.9891,3.31E+08,8094,8094,8610,8094
14.8665,3.31E+08,8094,8094,8610,8094
14.209,3.31E+08,8094,8094,8610,8094
14.9782,3.31E+08,8094,8094,8610,8095
16.1196,3.31E+08,8094,8094,8610,8095
15.4906,3.31E+08,8094,8094,8611,8095
14.7958,3.31E+08,8094,8094,8611,8095
13.777,3.31E+08,8094,8094,8613,8095
14.9633,3.31E+08,8094,8094,8613,8095
14.8926,3.31E+08,8094,8094,8613,8095
15.0749,3.31E+08,8094,8094,8614,8095
14.4608,3.31E+08,8094,8094,8615,8095
16.4543,3.31E+08,8094,8094,8615,8095
15.1714,3.31E+08,8094,8094,8616,8095
16.3428,3.31E+08,8094,8094,8616,8095
15.0341,3.31E+08,8095,8095,8616,8095
13.6654,3.31E+08,8095,8095,8616,8095
13.735,3.31E+08,8095,8095,8616,8095
15.6734,3.31E+08,8095,8095,8616,8095
15.2677,3.31E+08,8095,8095,8617,8095
16.4314,3.31E+08,8095,8095,8617,8095
14.5433,3.31E+08,8095,8095,8617,8095
14.7399,3.31E+08,8095,8095,8617,8095
13.7908,3.31E+08,8095,8095,8617,8095
14.2933,3.31E+08,8095,8095,8618,8095
16.0081,3.31E+08,8095,8095,8619,8096
14.5021,3.31E+08,8095,8095,8619,8096
14.9483,3.31E+08,8095,8095,8620,8096
14.2374,3.31E+08,8095,8095,8620,8096
15.2983,3.31E+08,8095,8095,8621,8096
10.8766,3.31E+08,8095,8095,8621,8096
12.1155,3.31E+08,8095,8095,8622,8096
14.0562,3.31E+08,8095,8095,8623,8096
14.5579,3.31E+08,8095,8095,8623,8096
15.1714,3.31E+08,8095,8095,8623,8096
13.0649,3.31E+08,8095,8095,8623,8096
15.2424,3.31E+08,8095,8095,8623,8096
14.4876,3.31E+08,8095,8095,8623,8096
15.9284,3.31E+08,8095,8095,8624,8096
14.8368,3.31E+08,8095,8095,8624,8096
16.4543,3.31E+08,8095,8095,8624,8096
14.9633,3.31E+08,8095,8095,8625,8096
14.5433,3.31E+08,8095,8095,8626,8096
15.3695,3.31E+08,8096,8096,8627,8096
15.5463,3.31E+08,8096,8096,8627,8096
14.7547,3.31E+08,8096,8096,8627,8097
15.785,3.31E+08,8096,8096,8628,8097
14.9334,3.31E+08,8096,8096,8628,8097
13.8601,3.31E+08,8096,8096,8628,8097
11.8809,3.31E+08,8096,8096,8629,8097
12.8975,3.31E+08,8096,8096,8629,8097
14.8777,3.31E+08,8096,8096,8629,8097
15.1459,3.31E+08,8096,8096,8629,8097
14.7252,3.31E+08,8096,8096,8629,8097
14.8777,3.31E+08,8096,8096,8630,8097
13.3999,3.31E+08,8096,8096,8631,8097
15.9523,3.31E+08,8096,8096,8631,8097
15.8007,3.31E+08,8096,8096,8632,8097
15.2983,3.31E+08,8096,8096,8632,8097
14.5579,3.31E+08,8096,8096,8632,8097
15.8407,3.31E+08,8096,8096,8632,8097
13.7212,3.31E+08,8096,8096,8633,8097
14.8516,3.31E+08,8096,8096,8633,8097
14.5021,3.31E+08,8096,8096,8633,8097
16.2474,3.31E+08,8096,8096,8633,8097
15.0191,3.31E+08,8096,8096,8634,8097
14.2933,3.31E+08,8096,8096,8634,8097
15.4906,3.31E+08,8096,8096,8634,8097
15.785,3.31E+08,8097,8097,8635,8097
14.7547,3.31E+08,8097,8097,8635,8097
15.3387,3.31E+08,8097,8097,8635,8097
14.3906,3.31E+08,8097,8097,8635,8097
14.5579,3.31E+08,8097,8097,8635,8097
15.2983,3.31E+08,8097,8097,8636,8097
14.7399,3.31E+08,8097,8097,8636,8097
14.9891,3.31E+08,8097,8097,8637,8097
15.5774,3.31E+08,8097,8097,8638,8098
14.0001,3.31E+08,8097,8097,8638,8098
14.2933,3.31E+08,8097,8097,8639,8098
15.3945,3.31E+08,8097,8097,8639,8098
15.593,3.31E+08,8098,8097,8639,8098
13.8747,3.31E+08,8098,8098,8642,8098
16.1754,3.31E+08,8098,8098,8642,8098
14.1816,3.31E+08,8098,8098,8643,8098
14.2374,3.31E+08,8098,8098,8643,8098
13.2883,3.31E+08,8098,8098,8644,8098
15.1563,3.31E+08,8098,8098,8644,8098
15.7607,3.31E+08,8098,8098,8644,8098
14.6137,3.31E+08,8098,8098,8644,8098
15.2272,3.31E+08,8098,8098,8645,8098
16.7499,3.31E+08,8098,8098,8645,8098
14.1533,3.31E+08,8098,8098,8646,8098
13.6928,3.31E+08,8098,8098,8646,8098
15.3792,3.31E+08,8098,8098,8646,8098
14.8665,3.31E+08,8098,8098,8646,8098
15.3387,3.31E+08,8098,8098,8646,8098
13.819,3.31E+08,8098,8098,8647,8098
16.1358,3.31E+08,8098,8098,8647,8098
16.1754,3.31E+08,8098,8098,8647,8098
16.3591,3.31E+08,8098,8098,8647,8098
14.5578,3.31E+08,8098,8098,8648,8099
15.4658,3.31E+08,8098,8098,8649,8099
14.6694,3.31E+08,8098,8098,8649,8099
16.5658,3.31E+08,8098,8098,8649,8099
15.4813,3.31E+08,8098,8098,8649,8099
16.3264,3.31E+08,8098,8098,8649,8099
13.3999,3.31E+08,8098,8098,8649,8099
14.8368,3.31E+08,8098,8098,8650,8099
15.0749,3.31E+08,8099,8099,8651,8099
14.2933,3.31E+08,8099,8099,8651,8099
14.4319,3.31E+08,8099,8099,8651,8099
14.5724,3.31E+08,8099,8099,8652,8099
14.8516,3.31E+08,8099,8099,8653,8099
15.8965,3.31E+08,8099,8099,8654,8099
15.6333,3.31E+08,8099,8099,8655,8099
14.3491,3.31E+08,8099,8099,8655,8099
15.6578,3.31E+08,8099,8099,8656,8099
13.777,3.31E+08,8099,8099,8656,8099
15.4658,3.31E+08,8099,8099,8656,8100
15.5774,3.31E+08,8099,8099,8656,8100
15.283,3.31E+08,8099,8099,8657,8100
14.7399,3.31E+08,8099,8099,8658,8100
14.07,3.31E+08,8099,8099,8658,8100
15.1005,3.31E+08,8099,8099,8658,8100
14.5724,3.31E+08,8099,8099,8658,8100
14.4608,3.31E+08,8099,8099,8659,8100
15.4503,3.31E+08,8099,8099,8659,8100
15.8965,3.31E+08,8099,8099,8659,8100
14.1674,3.31E+08,8099,8099,8659,8100
13.7908,3.31E+08,8099,8099,8661,8100
15.1866,3.31E+08,8099,8099,8661,8100
14.7252,3.31E+08,8099,8099,8662,8100
15.0749,3.31E+08,8099,8099,8667,8100
16.287,3.31E+08,8099,8099,8667,8100
16.2312,3.31E+08,8099,8100,8667,8100
15.6891,3.31E+08,8100,8100,8667,8100
14.2374,3.31E+08,8100,8100,8668,8100
13.1503,3.31E+08,8100,8100,8668,8100
13.6233,3.31E+08,8100,8100,8670,8100
12.0239,3.31E+08,8100,8100,8671,8100
14.6016,3.31E+08,8100,8100,8671,8101
15.9124,3.31E+08,8100,8100,8672,8101
14.8925,3.31E+08,8100,8100,8672,8101
16.2474,3.31E+08,8100,8100,8673,8101
15.0448,3.31E+08,8100,8100,8673,8101
14.7958,3.31E+08,8100,8100,8674,8101
15.7292,3.31E+08,8100,8100,8674,8101
16.3427,3.31E+08,8100,8100,8674,8101
15.2577,3.31E+08,8100,8100,8675,8101
15.6734,3.31E+08,8100,8100,8676,8101
15.0191,3.31E+08,8100,8100,8676,8101
14.5021,3.31E+08,8100,8100,8678,8101
13.4558,3.31E+08,8100,8100,8679,8101
14.8777,3.31E+08,8100,8100,8680,8101
15.4658,3.31E+08,8100,8100,8682,8101
15.1866,3.31E+08,8100,8100,8683,8101
15.6021,3.31E+08,8101,8101,8684,8101
17.4199,3.31E+08,8101,8101,8684,8101
14.9633,3.31E+08,8101,8101,8685,8101
12.3268,3.31E+08,8101,8101,8685,8101
13.3999,3.31E+08,8101,8101,8687,8101
14.3205,3.31E+08,8101,8101,8687,8102
15.0191,3.31E+08,8101,8101,8687,8102
12.271,3.31E+08,8101,8101,8687,8102
12.9663,3.31E+08,8101,8101,8689,8102
15.1156,3.31E+08,8101,8101,8689,8102
13.8886,3.31E+08,8101,8101,8690,8102
14.0001,3.31E+08,8101,8101,8690,8102
13.5539,3.31E+08,8101,8101,8690,8102
13.6233,3.31E+08,8101,8101,8690,8102
14.1257,3.31E+08,8101,8101,8690,8102
13.1077,3.31E+08,8101,8101,8692,8102
10.9433,3.31E+08,8101,8101,8693,8102
13.1208,3.31E+08,8101,8101,8693,8102
12.3268,3.31E+08,8101,8101,8695,8102
15.6734,3.31E+08,8101,8101,8695,8102
15.8965,3.31E+08,8101,8101,8695,8102
12.9533,3.31E+08,8101,8101,8696,8102
9.88245,3.31E+08,8101,8101,8696,8102
13.0519,3.31E+08,8101,8101,8697,8102
14.0141,3.31E+08,8101,8101,8697,8102
14.209,3.31E+08,8102,8102,8697,8102
14.7252,3.31E+08,8102,8102,8698,8102
15.5774,3.31E+08,8102,8102,8698,8102
15.9523,3.31E+08,8102,8102,8698,8102
13.0221,3.31E+08,8102,8102,8699,8103
12.3822,3.31E+08,8102,8102,8699,8103
11.7812,3.31E+08,8102,8102,8699,8103
13.7212,3.31E+08,8102,8102,8700,8103
14.1674,3.31E+08,8102,8102,8700,8103
13.4,3.31E+08,8102,8102,8700,8103
10.7543,3.31E+08,8102,8102,8701,8103
13.5116,3.31E+08,8102,8102,8701,8103
14.0141,3.31E+08,8102,8102,8702,8103
16.3033,3.31E+08,8102,8102,8702,8103
15.9364,3.31E+08,8102,8102,8703,8103
14.781,3.31E+08,8102,8102,8704,8103
13.9583,3.31E+08,8102,8102,8704,8103
15.4503,3.31E+08,8103,8103,8705,8103
14.587,3.31E+08,8103,8103,8705,8103
15.2272,3.31E+08,8103,8103,8705,8103
15.0041,3.31E+08,8103,8103,8705,8103
14.5724,3.31E+08,8103,8103,8707,8103
15.1156,3.31E+08,8103,8103,8707,8103
14.8925,3.31E+08,8103,8103,8709,8103
15.3388,3.31E+08,8103,8103,8709,8103
14.6136,3.31E+08,8103,8103,8710,8103
15.593,3.31E+08,8103,8103,8710,8103
15.1714,3.31E+08,8103,8103,8710,8103
15.5619,3.31E+08,8103,8103,8711,8103
15.1715,3.31E+08,8103,8103,8711,8103
14.2374,3.31E+08,8103,8103,8712,8103
15.9523,3.31E+08,8103,8103,8712,8103
14.6841,3.31E+08,8103,8103,8712,8104
13.6093,3.31E+08,8104,8104,8714,8104
12.6186,3.31E+08,8104,8104,8714,8104
14.9074,3.31E+08,8104,8104,8715,8104
15.1006,3.31E+08,8104,8104,8715,8104
15.0749,3.31E+08,8104,8104,8715,8104
14.6694,3.31E+08,8104,8104,8716,8104
16.4708,3.31E+08,8104,8104,8716,8104
14.5579,3.31E+08,8104,8104,8717,8104
14.9782,3.31E+08,8104,8104,8717,8104
15.6578,3.31E+08,8104,8104,8718,8104
15.9124,3.31E+08,8104,8104,8718,8104
15.6333,3.31E+08,8104,8104,8719,8104
15.283,3.31E+08,8104,8104,8719,8104
14.8368,3.31E+08,8104,8104,8720,8104
15.283,3.31E+08,8104,8104,8720,8104
15.593,3.31E+08,8104,8104,8720,8104
13.6654,3.31E+08,8104,8104,8721,8104
15.3388,3.31E+08,8105,8105,8722,8104
14.4608,3.31E+08,8105,8105,8723,8104
15.3792,3.31E+08,8105,8105,8723,8104
15.2018,3.31E+08,8105,8105,8723,8104
13.6655,3.31E+08,8105,8105,8724,8105
12.1158,3.31E+08,8105,8105,8724,8105
14.3348,3.31E+08,8105,8105,8725,8105
13.8189,3.31E+08,8105,8105,8726,8105
14.587,3.31E+08,8105,8105,8726,8105
15.212,3.31E+08,8105,8105,8726,8105
14.2374,3.31E+08,8105,8105,8727,8105
16.0799,3.31E+08,8105,8105,8727,8105
13.735,3.31E+08,8105,8105,8727,8105
15.6176,3.31E+08,8105,8105,8728,8105
14.8925,3.31E+08,8105,8105,8729,8105
13.8885,3.31E+08,8105,8105,8729,8105
15.0749,3.31E+08,8105,8105,8730,8105
12.2833,3.31E+08,8105,8105,8730,8105
11.9244,3.31E+08,8105,8105,8732,8105
12.2833,3.31E+08,8105,8105,8733,8105
14.1674,3.31E+08,8105,8105,8733,8105
12.6057,3.31E+08,8105,8105,8733,8105
13.3441,3.31E+08,8105,8105,8733,8105
17.4025,3.31E+08,8105,8105,8734,8105
15.09,3.31E+08,8105,8105,8735,8105
15.4349,3.31E+08,8105,8106,8736,8105
16.1916,3.31E+08,8106,8106,8736,8105
14.0001,3.31E+08,8106,8106,8736,8105
15.4503,3.31E+08,8106,8106,8737,8105
15.5774,3.31E+08,8106,8106,8737,8105
15.4099,3.31E+08,8106,8106,8738,8105
13.7349,3.31E+08,8106,8106,8739,8105
15.785,3.31E+08,8106,8106,8739,8105
14.7399,3.31E+08,8106,8106,8740,8105
14.4318,3.31E+08,8106,8106,8740,8105
14.7809,3.31E+08,8106,8106,8740,8106
15.7606,3.31E+08,8106,8106,8741,8106
15.1155,3.31E+08,8106,8106,8743,8106
15.9682,3.31E+08,8106,8106,8743,8106
15.2119,3.31E+08,8107,8107,8744,8106
15.2423,3.31E+08,8107,8107,8744,8106
16.4542,3.31E+08,8107,8107,8746,8106
14.8924,3.31E+08,8107,8107,8747,8106
14.9632,3.31E+08,8107,8107,8747,8106
15.7291,3.31E+08,8107,8107,8747,8106
15.0899,3.31E+08,8107,8107,8747,8106
15.4905,3.31E+08,8107,8107,8747,8106
15.2982,3.31E+08,8107,8107,8748,8106
14.9073,3.31E+08,8107,8107,8748,8106
13.8189,3.31E+08,8107,8107,8749,8106
13.6232,3.31E+08,8107,8107,8749,8106
15.1865,3.31E+08,8107,8107,8749,8106
15.7448,3.31E+08,8107,8107,8750,8106
14.7661,3.31E+08,8107,8107,8750,8106
15.3694,3.31E+08,8107,8107,8751,8106
14.2231,3.31E+08,8107,8107,8751,8106
17.2351,3.31E+08,8107,8107,8751,8106
15.2829,3.31E+08,8107,8107,8752,8106
15.019,3.31E+08,8108,8108,8752,8107
14.8515,3.31E+08,8108,8108,8753,8107
16.7331,3.31E+08,8108,8108,8753,8107
14.1815,3.31E+08,8108,8108,8753,8107
13.3174,3.31E+08,8108,8108,8753,8107
15.019,3.31E+08,8108,8108,8753,8107
16.3427,3.31E+08,8108,8108,8754,8107
15.2676,3.31E+08,8108,8108,8755,8107
13.6927,3.31E+08,8108,8108,8755,8107
13.2323,3.31E+08,8108,8108,8755,8107
12.7857,3.31E+08,8108,8108,8756,8107
14.2089,3.31E+08,8108,8108,8757,8107
14.9781,3.31E+08,8108,8108,8758,8107
15.9522,3.31E+08,8108,8108,8758,8107
14.8219,3.31E+08,8108,8108,8759,8107
14.5165,3.31E+08,8108,8108,8759,8107
16.0638,3.31E+08,8108,8108,8760,8107
14.4048,3.31E+08,8108,8108,8761,8107
14.0558,3.31E+08,8108,8108,8764,8107
15.2423,3.31E+08,8108,8108,8764,8107
15.5215,3.31E+08,8108,8108,8765,8108
16.1753,3.31E+08,8108,8108,8765,8108
14.0698,3.31E+08,8108,8108,8766,8108
14.2089,3.31E+08,8108,8108,8766,8108
14.2932,3.31E+08,8108,8109,8766,8108
13.1076,3.31E+08,8109,8109,8767,8108
15.1307,3.31E+08,8109,8109,8767,8108
13.7348,3.31E+08,8109,8109,8768,8108
12.8845,3.31E+08,8109,8109,8768,8108
14.2373,3.31E+08,8109,8109,8768,8108
14.5433,3.31E+08,8109,8109,8770,8108
15.0748,3.31E+08,8109,8109,8770,8108
16.1753,3.31E+08,8109,8109,8771,8108
14.531,3.31E+08,8109,8109,8771,8109
15.3791,3.31E+08,8109,8109,8771,8109
14.502,3.31E+08,8109,8109,8772,8109
15.5773,3.31E+08,8109,8109,8772,8109
16.4148,3.31E+08,8109,8109,8772,8109
15.9123,3.31E+08,8109,8109,8773,8109
15.8965,3.31E+08,8109,8109,8774,8109
14.4049,3.31E+08,8109,8109,8774,8109
16.2706,3.31E+08,8109,8109,8775,8109
15.1156,3.31E+08,8109,8109,8776,8110
13.7349,3.31E+08,8109,8109,8776,8110
13.8465,3.31E+08,8109,8109,8777,8110
16.694,3.31E+08,8109,8109,8777,8110
15.9363,3.31E+08,8109,8109,8779,8110
15.0899,3.31E+08,8109,8110,8780,8110
15.004,3.31E+08,8110,8110,8780,8110
15.2829,3.31E+08,8110,8110,8781,8110
15.7849,3.31E+08,8110,8110,8781,8110
16.008,3.31E+08,8110,8110,8782,8110
16.5823,3.31E+08,8110,8110,8782,8110
16.2869,3.31E+08,8110,8110,8783,8110
16.5265,3.31E+08,8110,8110,8783,8110
13.9442,3.31E+08,8110,8110,8785,8110
15.6733,3.31E+08,8110,8110,8785,8110
16.1357,3.31E+08,8110,8110,8785,8110
15.6176,3.31E+08,8110,8110,8785,8110
14.587,3.31E+08,8110,8110,8787,8111
15.1155,3.31E+08,8110,8110,8787,8111
14.5578,3.31E+08,8110,8110,8788,8111
15.1307,3.31E+08,8110,8110,8789,8111
15.2829,3.31E+08,8110,8110,8790,8111
15.4502,3.31E+08,8110,8110,8790,8111
14.1257,3.31E+08,8110,8110,8791,8111
15.1156,3.31E+08,8110,8110,8791,8111
14.5578,3.31E+08,8110,8110,8791,8111
14.2932,3.31E+08,8110,8110,8791,8111
16.2311,3.31E+08,8110,8110,8792,8111
14.8515,3.31E+08,8110,8110,8792,8111
13.6232,3.31E+08,8111,8111,8792,8111
14.599,3.31E+08,8111,8111,8792,8111
14.1957,3.31E+08,8111,8111,8793,8111
16.1592,3.31E+08,8111,8111,8793,8111
13.4557,3.31E+08,8111,8111,8794,8111
15.506,3.31E+08,8111,8111,8794,8111
15.7849,3.31E+08,8111,8111,8794,8111
15.4812,3.31E+08,8111,8111,8795,8111
14.8367,3.31E+08,8111,8111,8795,8111
15.7849,3.31E+08,8111,8111,8796,8111
15.4657,3.31E+08,8111,8111,8798,8112
16.024,3.31E+08,8111,8111,8798,8112
13.8746,3.31E+08,8111,8111,8798,8112
15.6332,3.31E+08,8111,8111,8799,8112
15.689,3.31E+08,8111,8111,8799,8112
15.7849,3.31E+08,8111,8111,8799,8112
15.4098,3.31E+08,8111,8111,8800,8112
14.6694,3.31E+08,8111,8111,8802,8112
15.2423,3.31E+08,8111,8111,8803,8112
14,3.31E+08,8111,8111,8803,8112
15.8407,3.31E+08,8111,8111,8803,8112
14.014,3.31E+08,8111,8111,8804,8112
15.3387,3.31E+08,8111,8111,8804,8112
15.7449,3.31E+08,8112,8111,8807,8112
14.0975,3.31E+08,8112,8112,8808,8112
14.0281,3.31E+08,8112,8112,8808,8112
12.4816,3.31E+08,8112,8112,8809,8112
13.0649,3.31E+08,8112,8112,8809,8113
16.1915,3.31E+08,8112,8112,8809,8113
15.0448,3.31E+08,8112,8112,8809,8113
14.1816,3.31E+08,8112,8112,8811,8113
15.0598,3.31E+08,8112,8112,8812,8113
14.6987,3.31E+08,8112,8112,8812,8113
14.3761,3.31E+08,8112,8112,8813,8113
14.3491,3.31E+08,8112,8112,8813,8113
17.6813,3.31E+08,8112,8112,8814,8113
15.7291,3.31E+08,8112,8112,8814,8113
15.0749,3.31E+08,8112,8112,8814,8113
13.9582,3.31E+08,8112,8112,8815,8113
16.1915,3.31E+08,8112,8112,8816,8113
14.2647,3.31E+08,8112,8112,8817,8113
14.0699,3.31E+08,8112,8112,8817,8114
14.1674,3.31E+08,8112,8112,8819,8114
16.9562,3.31E+08,8112,8112,8819,8114
14.2932,3.31E+08,8112,8112,8820,8114
15.6332,3.31E+08,8113,8113,8821,8114
12.3022,3.31E+08,8113,8113,8822,8114
11.9722,3.31E+08,8113,8113,8823,8114
13.498,3.31E+08,8113,8113,8823,8114
14.3905,3.31E+08,8113,8113,8824,8114
15.1307,3.31E+08,8113,8113,8825,8115
15.5774,3.31E+08,8113,8113,8825,8115
14.8925,3.31E+08,8113,8113,8826,8115
14.7252,3.31E+08,8113,8113,8826,8115
12.8287,3.31E+08,8113,8113,8827,8115
11.4457,3.31E+08,8113,8113,8828,8115
11.6013,3.31E+08,8113,8113,8828,8115
11.7811,3.31E+08,8113,8113,8828,8115
12.7172,3.31E+08,8113,8113,8830,8115
11.9363,3.31E+08,8113,8113,8831,8115
12.9662,3.31E+08,8113,8113,8832,8115
14.0558,3.31E+08,8113,8113,8835,8115
13.7769,3.31E+08,8113,8113,8835,8115
14.2932,3.31E+08,8113,8113,8835,8115
15.4348,3.31E+08,8113,8113,8836,8115
14.5165,3.31E+08,8114,8114,8838,8115
15.2982,3.31E+08,8114,8114,8839,8115
13.5539,3.31E+08,8114,8114,8840,8116
14.1116,3.31E+08,8114,8114,8840,8116
11.6016,3.31E+08,8114,8114,8842,8116
12.8974,3.31E+08,8114,8114,8843,8116
13.5674,3.31E+08,8114,8114,8843,8116
14.4463,3.31E+08,8114,8114,8844,8116
14.502,3.31E+08,8114,8114,8844,8116
14.2374,3.31E+08,8114,8114,8845,8116
15.7291,3.31E+08,8114,8114,8845,8116
15.1714,3.31E+08,8114,8114,8846,8116
14.7399,3.31E+08,8114,8114,8846,8116
15.2271,3.31E+08,8114,8114,8847,8116
14.9223,3.31E+08,8114,8114,8847,8116
15.1156,3.31E+08,8114,8114,8847,8116
13.2192,3.31E+08,8114,8115,8848,8116
13.1928,3.31E+08,8115,8115,8848,8116
14.2659,3.31E+08,8115,8115,8848,8116
15.2829,3.31E+08,8115,8115,8849,8116
15.2829,3.31E+08,8115,8115,8849,8116
11.6244,3.31E+08,8115,8115,8850,8116
11.9367,3.31E+08,8115,8115,8850,8117
12.8412,3.31E+08,8115,8115,8850,8117
11.7131,3.31E+08,8115,8115,8850,8117
12.7733,3.31E+08,8115,8115,8851,8117
13.1766,3.31E+08,8115,8115,8852,8117
15.2119,3.31E+08,8115,8115,8853,8117
15.8565,3.31E+08,8115,8115,8854,8117
13.2192,3.31E+08,8115,8115,8854,8117
12.575,3.31E+08,8115,8115,8854,8117
13.4289,3.31E+08,8115,8115,8855,8117
13.679,3.31E+08,8115,8115,8856,8117
12.6737,3.31E+08,8115,8115,8856,8117
10.1517,3.31E+08,8116,8116,8857,8117
13.4557,3.31E+08,8116,8116,8857,8117
14.7809,3.31E+08,8116,8116,8859,8117
14.5578,3.31E+08,8116,8116,8860,8117
14.9483,3.31E+08,8116,8116,8860,8117
14.7957,3.31E+08,8116,8116,8860,8117
13.9024,3.31E+08,8116,8116,8860,8117
13.7769,3.31E+08,8116,8116,8861,8117
14.6694,3.31E+08,8116,8116,8862,8117
14.2231,3.31E+08,8116,8116,8863,8118
14.6282,3.31E+08,8117,8117,8863,8118
15.8407,3.31E+08,8117,8117,8863,8118
15.1865,3.31E+08,8117,8117,8867,8118
16.1196,3.31E+08,8117,8117,8867,8118
14.4607,3.31E+08,8117,8117,8867,8118
15.4657,3.31E+08,8117,8117,8869,8118
15.7291,3.31E+08,8117,8117,8869,8118
15.5215,3.31E+08,8117,8117,8869,8118
15.7692,3.31E+08,8117,8117,8869,8118
15.593,3.31E+08,8117,8117,8871,8118
15.3387,3.31E+08,8117,8117,8871,8118
15.4503,3.31E+08,8117,8117,8871,8118
15.9523,3.31E+08,8118,8118,8871,8118
14.6694,3.31E+08,8118,8118,8871,8118
15.6489,3.31E+08,8118,8118,8873,8119
14.3204,3.31E+08,8118,8118,8873,8119
15.6489,3.31E+08,8118,8118,8873,8119
14.8776,3.31E+08,8118,8118,8873,8119
15.3387,3.31E+08,8118,8118,8874,8119
16.599,3.31E+08,8118,8118,8874,8119
13.9304,3.31E+08,8118,8118,8876,8119
14.8105,3.31E+08,8118,8118,8877,8119
14.9334,3.31E+08,8118,8118,8877,8119
14.084,3.31E+08,8118,8118,8878,8119
15.6734,3.31E+08,8118,8118,8879,8119
14.3347,3.31E+08,8118,8118,8880,8119
15.3234,3.31E+08,8118,8118,8880,8119
16.9174,3.31E+08,8118,8118,8881,8119
16.1357,3.31E+08,8118,8118,8881,8120
14.3491,3.31E+08,8118,8118,8882,8120
15.5774,3.31E+08,8119,8119,8882,8120
13.9443,3.31E+08,8119,8119,8882,8120
13.1634,3.31E+08,8119,8119,8884,8120
13.4423,3.31E+08,8119,8119,8885,8120
14.5724,3.31E+08,8119,8119,8890,8120
15.3387,3.31E+08,8119,8119,8890,8120
14.7809,3.31E+08,8119,8119,8891,8120
14.8516,3.31E+08,8119,8119,8891,8120
13.777,3.31E+08,8119,8119,8891,8120
15.3234,3.31E+08,8119,8119,8892,8120
14.6988,3.31E+08,8119,8119,8893,8120
14.9074,3.31E+08,8119,8119,8893,8120
13.6096,3.31E+08,8119,8119,8894,8121
15.4502,3.31E+08,8119,8119,8895,8121
16.3591,3.31E+08,8119,8119,8895,8121
15.0749,3.31E+08,8119,8119,8896,8121
14.599,3.31E+08,8119,8119,8896,8121
15.8165,3.31E+08,8119,8119,8896,8121
14.8219,3.31E+08,8119,8119,8898,8121
16.1915,3.31E+08,8119,8119,8898,8121
14.6136,3.31E+08,8119,8119,8899,8121
16.599,3.31E+08,8120,8120,8899,8121
14.6548,3.31E+08,8120,8120,8900,8121
14.9483,3.31E+08,8120,8120,8901,8121
15.2424,3.31E+08,8120,8120,8902,8121
15.0749,3.31E+08,8120,8120,8903,8121
15.2982,3.31E+08,8120,8120,8904,8121
15.3791,3.31E+08,8120,8120,8904,8121
14.7399,3.31E+08,8120,8120,8906,8121
14.9632,3.31E+08,8120,8120,8907,8121
13.7632,3.31E+08,8120,8120,8907,8121
14.2516,3.31E+08,8120,8120,8908,8121
12.5499,3.31E+08,8120,8120,8908,8122
15.5618,3.31E+08,8120,8120,8909,8122
15.1714,3.31E+08,8120,8120,8910,8122
13.5251,3.31E+08,8120,8120,8910,8122
14.3761,3.31E+08,8120,8120,8911,8122
15.9682,3.31E+08,8120,8120,8912,8122
14.4463,3.31E+08,8120,8120,8913,8122
13.777,3.31E+08,8121,8121,8913,8122
15.354,3.31E+08,8121,8121,8914,8122
16.3427,3.31E+08,8121,8121,8914,8122
13.6928,3.31E+08,8121,8121,8915,8122
15.1714,3.31E+08,8121,8121,8916,8122
15.8407,3.31E+08,8121,8121,8916,8123
15.5061,3.31E+08,8121,8121,8917,8123
15.8007,3.31E+08,8121,8121,8917,8123
15.0599,3.31E+08,8121,8121,8917,8123
15.3387,3.31E+08,8121,8121,8919,8123
16.1916,3.31E+08,8122,8122,8920,8123
16.024,3.31E+08,8122,8122,8920,8123
14.8776,3.31E+08,8122,8122,8920,8123
14.9074,3.31E+08,8122,8122,8921,8123
14.1257,3.31E+08,8122,8122,8922,8123
16.9732,3.31E+08,8122,8122,8922,8123
16.4936,3.31E+08,8122,8122,8922,8123
15.0341,3.31E+08,8122,8122,8926,8124
16.7165,3.31E+08,8122,8122,8927,8124
14.9483,3.31E+08,8122,8122,8928,8124
14.4608,3.31E+08,8122,8122,8928,8124
16.2311,3.31E+08,8123,8122,8929,8124
14.6987,3.31E+08,8123,8123,8929,8124
15.1156,3.31E+08,8123,8123,8929,8124
16.0638,3.31E+08,8123,8123,8931,8124
15.0041,3.31E+08,8123,8123,8931,8124
15.7449,3.31E+08,8123,8123,8932,8124
14.684,3.31E+08,8123,8123,8932,8124
14.3762,3.31E+08,8123,8123,8933,8124
15.4657,3.31E+08,8123,8123,8934,8124
15.5618,3.31E+08,8123,8123,8934,8124
14.9074,3.31E+08,8123,8123,8934,8124
16.1754,3.31E+08,8123,8123,8936,8124
15.7449,3.31E+08,8123,8123,8936,8124
13.7349,3.31E+08,8123,8123,8938,8124
13.3865,3.31E+08,8123,8123,8938,8124
14.7399,3.31E+08,8123,8123,8939,8124
14.8219,3.31E+08,8123,8123,8939,8124
16.8226,3.31E+08,8124,8124,8940,8124
16.0081,3.31E+08,8124,8124,8941,8124
14.8367,3.31E+08,8124,8124,8942,8124
15.2982,3.31E+08,8124,8124,8942,8124
14.7105,3.31E+08,8124,8124,8942,8124
14.0141,3.31E+08,8124,8124,8942,8124
15.1156,3.31E+08,8124,8124,8943,8125
16.2474,3.31E+08,8124,8124,8944,8125
15.4503,3.31E+08,8124,8124,8944,8125
15.4657,3.31E+08,8124,8124,8944,8125
14.5166,3.31E+08,8124,8124,8944,8125
14.1674,3.31E+08,8125,8125,8944,8125
14.1816,3.31E+08,8125,8125,8945,8125
13.6518,3.31E+08,8125,8125,8946,8125
16.8616,3.31E+08,8125,8125,8946,8125
12.271,3.31E+08,8125,8125,8947,8125
10.7199,3.31E+08,8125,8125,8947,8125
15.0041,3.31E+08,8125,8125,8947,8125
15.8407,3.31E+08,8125,8125,8949,8125
16.1357,3.31E+08,8126,8126,8950,8125
16.3427,3.31E+08,8126,8126,8951,8125
15.0191,3.31E+08,8126,8126,8952,8125
15.2272,3.31E+08,8126,8126,8952,8126
15.6891,3.31E+08,8126,8126,8953,8126
16.1357,3.31E+08,8126,8126,8954,8126
15.5618,3.31E+08,8126,8126,8956,8126
14.9483,3.31E+08,8126,8126,8956,8126
14.9632,3.31E+08,8126,8126,8957,8126
15.3541,3.31E+08,8126,8126,8957,8126
15.0041,3.31E+08,8126,8126,8959,8126
15.8007,3.31E+08,8126,8126,8960,8126
15.0041,3.31E+08,8126,8126,8960,8126
15.7291,3.31E+08,8126,8126,8961,8126
15.2982,3.31E+08,8126,8126,8962,8126
14.3762,3.31E+08,8126,8126,8964,8126
15.8166,3.31E+08,8126,8126,8965,8126
14.5578,3.31E+08,8126,8126,8965,8126
14.7252,3.31E+08,8126,8126,8965,8126
13.8885,3.31E+08,8127,8127,8965,8126
14.6136,3.31E+08,8127,8127,8966,8127
14.7547,3.31E+08,8127,8127,8967,8127
16.1592,3.31E+08,8127,8127,8967,8127
14.7958,3.31E+08,8127,8127,8968,8127
15.0749,3.31E+08,8127,8127,8968,8127
15.5774,3.31E+08,8127,8127,8969,8127
15.0448,3.31E+08,8127,8127,8969,8127
14.7252,3.31E+08,8127,8127,8970,8127
16.1519,3.31E+08,8127,8127,8971,8127
15.6176,3.31E+08,8127,8127,8972,8127
14.7958,3.31E+08,8127,8127,8972,8127
15.1562,3.31E+08,8127,8127,8973,8127
15.4099,3.31E+08,8127,8127,8974,8127
15.283,3.31E+08,8127,8127,8975,8127
14.8925,3.31E+08,8127,8127,8975,8127
16.4707,3.31E+08,8128,8128,8977,8127
17.0121,3.31E+08,8128,8128,8977,8127
15.2577,3.31E+08,8128,8128,8978,8127
14.8776,3.31E+08,8128,8128,8978,8127
14.5166,3.31E+08,8128,8128,8979,8127
15.4503,3.31E+08,8128,8128,8979,8127
14.8368,3.31E+08,8128,8128,8979,8127
14.8664,3.31E+08,8128,8128,8980,8127
16.3985,3.31E+08,8128,8128,8980,8127
13.1634,3.31E+08,8128,8128,8981,8127
15.6891,3.31E+08,8128,8128,8982,8127
15.2982,3.31E+08,8128,8128,8982,8128
14.8925,3.31E+08,8128,8128,8982,8128
15.506,3.31E+08,8128,8128,8983,8128
14.6841,3.31E+08,8128,8128,8983,8128
13.3865,3.31E+08,8128,8128,8984,8128
16.2474,3.31E+08,8128,8128,8985,8128
15.3387,3.31E+08,8129,8129,8985,8128
14.6694,3.31E+08,8129,8129,8985,8128
15.8407,3.31E+08,8129,8129,8987,8128
15.4658,3.31E+08,8129,8129,8987,8128
13.8885,3.31E+08,8129,8129,8988,8128
11.7686,3.31E+08,8129,8129,8991,8128
11.737,3.31E+08,8129,8129,8993,8129
14.5578,3.31E+08,8129,8129,8993,8129
14.279,3.31E+08,8129,8129,8993,8129
15.0598,3.31E+08,8129,8129,8994,8129
15.1308,3.31E+08,8129,8129,8995,8129
14.279,3.31E+08,8129,8129,8997,8129
12.4507,3.31E+08,8129,8129,8997,8129
11.5459,3.31E+08,8129,8129,8999,8129
16.3985,3.31E+08,8129,8129,8999,8129
15.7048,3.31E+08,8129,8129,9000,8129
13.8747,3.31E+08,8129,8129,9000,8129
13.9582,3.31E+08,8129,8129,9002,8129
14.4463,3.31E+08,8129,8129,9003,8129
15.1714,3.31E+08,8129,8129,9004,8129
14.0699,3.31E+08,8129,8129,9005,8130
15.5618,3.31E+08,8130,8130,9006,8130
16.1916,3.31E+08,8130,8130,9008,8130
16.5101,3.31E+08,8130,8130,9009,8130
12.7858,3.31E+08,8130,8130,9011,8130
10.3743,3.31E+08,8130,8130,9011,8130
11.3788,3.31E+08,8130,8130,9012,8130
14.7547,3.31E+08,8130,8130,9012,8130
15.785,3.31E+08,8130,8130,9013,8130
14.2932,3.31E+08,8130,8130,9013,8130
13.8747,3.31E+08,8130,8130,9013,8130
15.2983,3.31E+08,8130,8130,9014,8130
12.9532,3.31E+08,8130,8130,9016,8130
16.3264,3.31E+08,8131,8131,9016,8130
15.7449,3.31E+08,8131,8131,9017,8130
14.1116,3.31E+08,8131,8131,9018,8130
14.6283,3.31E+08,8131,8131,9018,8130
14.5021,3.31E+08,8131,8131,9019,8131
14.5021,3.31E+08,8131,8131,9020,8131
14.8516,3.31E+08,8131,8131,9021,8131
15.3541,3.31E+08,8131,8131,9021,8131
15.7449,3.31E+08,8131,8131,9022,8131
14.1674,3.31E+08,8131,8131,9022,8131
15.7449,3.31E+08,8131,8131,9023,8131
14.9483,3.31E+08,8131,8131,9024,8131
15.3387,3.31E+08,8131,8131,9024,8131
14.3491,3.31E+08,8131,8131,9024,8131
16.5658,3.31E+08,8131,8131,9025,8131
14.279,3.31E+08,8132,8131,9026,8131
14.7252,3.31E+08,8132,8132,9028,8131
14.084,3.31E+08,8132,8132,9030,8131
15.1714,3.31E+08,8132,8132,9030,8131
15.8249,3.31E+08,8132,8132,9030,8132
15.8166,3.31E+08,8132,8132,9030,8132
14.279,3.31E+08,8132,8132,9030,8132
13.9443,3.31E+08,8132,8132,9033,8132
15.2272,3.31E+08,8132,8132,9033,8132
15.7449,3.31E+08,8132,8132,9033,8132
15.3387,3.31E+08,8132,8132,9036,8132
14.6841,3.31E+08,8132,8132,9037,8132
15.9124,3.31E+08,8132,8132,9037,8132
15.1714,3.31E+08,8132,8133,9037,8132
14.1258,3.31E+08,8133,8133,9039,8132
15.3387,3.31E+08,8133,8133,9039,8133
14.9074,3.31E+08,8133,8133,9042,8133
15.0599,3.31E+08,8133,8133,9044,8133
12.9831,3.31E+08,8133,8133,9044,8133
12.5624,3.31E+08,8133,8133,9045,8133
13.7769,3.31E+08,8133,8133,9045,8133
11.8364,3.31E+08,8133,8133,9045,8133
12.3271,3.31E+08,8133,8133,9046,8133
15.1307,3.31E+08,8133,8133,9046,8133
15.9683,3.31E+08,8133,8133,9046,8134
14.3347,3.31E+08,8133,8133,9047,8134
15.9682,3.31E+08,8133,8133,9047,8134
16.0478,3.31E+08,8134,8134,9047,8134
14.6841,3.31E+08,8134,8134,9048,8134
13.8327,3.31E+08,8134,8134,9049,8134
13.5251,3.31E+08,8134,8134,9050,8134
15.3945,3.31E+08,8134,8134,9051,8134
14.5579,3.31E+08,8134,8134,9052,8134
14.8367,3.31E+08,8134,8134,9052,8134
14.7958,3.31E+08,8134,8134,9052,8134
17.4757,3.31E+08,8134,8134,9053,8134
15.602,3.31E+08,8134,8134,9053,8134
15.4253,3.31E+08,8134,8134,9053,8135
14.822,3.31E+08,8134,8134,9054,8135
14.7957,3.31E+08,8134,8134,9054,8135
14.2374,3.31E+08,8134,8134,9055,8135
11.5901,3.31E+08,8134,8134,9056,8135
13.6928,3.31E+08,8135,8135,9057,8135
15.4349,3.31E+08,8135,8135,9058,8135
14.5579,3.31E+08,8135,8135,9059,8135
14.7547,3.31E+08,8135,8135,9059,8135
14.5724,3.31E+08,8135,8135,9059,8136
14.0001,3.31E+08,8135,8135,9059,8136
16.215,3.31E+08,8135,8135,9059,8136
14.1958,3.31E+08,8135,8135,9061,8136
15.1156,3.31E+08,8135,8135,9061,8136
14.8367,3.31E+08,8135,8135,9063,8136
14.5579,3.31E+08,8135,8135,9063,8136
15.1459,3.31E+08,8135,8135,9064,8136
15.0448,3.31E+08,8135,8135,9065,8136
15.4099,3.31E+08,8135,8135,9065,8136
15.5216,3.31E+08,8135,8135,9066,8136
15.0599,3.31E+08,8135,8135,9066,8136
15.1714,3.31E+08,8136,8136,9067,8136
14.1816,3.31E+08,8136,8136,9067,8137
15.283,3.31E+08,8136,8136,9069,8137
14.9483,3.31E+08,8136,8136,9069,8137
15.3387,3.31E+08,8136,8136,9071,8137
14.587,3.31E+08,8136,8136,9073,8137
14.822,3.31E+08,8136,8136,9074,8137
17.1407,3.31E+08,8136,8136,9076,8137
14.781,3.31E+08,8136,8136,9077,8137
14.2932,3.31E+08,8137,8137,9077,8137
13.5539,3.31E+08,8137,8137,9079,8137
14.5579,3.31E+08,8137,8137,9081,8137
14.8664,3.31E+08,8137,8137,9081,8137
15.1006,3.31E+08,8137,8137,9082,8137
14.9074,3.31E+08,8137,8137,9083,8137
15.2829,3.31E+08,8137,8137,9083,8138
15.2577,3.31E+08,8137,8137,9083,8138
14.2232,3.31E+08,8137,8137,9085,8138
16.1196,3.31E+08,8137,8137,9085,8138
14.7399,3.31E+08,8137,8137,9087,8138
16.8448,3.31E+08,8138,8137,9088,8138
14.5166,3.31E+08,8138,8138,9088,8138
14.8925,3.31E+08,8138,8138,9089,8138
15.0749,3.31E+08,8138,8138,9089,8138
16.0081,3.31E+08,8138,8138,9090,8138
15.6734,3.31E+08,8138,8138,9090,8138
14.1816,3.31E+08,8138,8138,9091,8138
15.8249,3.31E+08,8138,8138,9092,8138
13.3441,3.31E+08,8138,8138,9092,8138
11.9363,3.31E+08,8138,8138,9093,8138
13.3999,3.31E+08,8138,8138,9094,8139
13.8466,3.31E+08,8138,8138,9098,8139
15.7292,3.31E+08,8138,8138,9099,8139
15.5216,3.31E+08,8138,8138,9100,8139
15.4503,3.31E+08,8138,8138,9104,8139
15.283,3.31E+08,8138,8138,9105,8139
16.0081,3.31E+08,8138,8138,9105,8139
13.6233,3.31E+08,8138,8138,9105,8139
14.3905,3.31E+08,8138,8138,9107,8139
15.5061,3.31E+08,8138,8138,9107,8139
14.8106,3.31E+08,8138,8138,9108,8140
14.1533,3.31E+08,8139,8138,9110,8140
13.078,3.31E+08,8139,8139,9111,8140
12.8845,3.31E+08,8139,8139,9112,8140
14.0558,3.31E+08,8139,8139,9112,8140
15.5309,3.31E+08,8139,8139,9114,8140
14.7135,3.31E+08,8139,8139,9114,8140
15.1307,3.31E+08,8139,8139,9114,8140
16.0479,3.31E+08,8139,8139,9116,8140
15.09,3.31E+08,8139,8139,9116,8140
15.785,3.31E+08,8139,8139,9118,8140
13.7907,3.31E+08,8139,8139,9119,8141
14.6694,3.31E+08,8139,8139,9119,8141
15.1157,3.31E+08,8139,8139,9121,8141
15.3541,3.31E+08,8139,8139,9121,8141
13.9304,3.31E+08,8140,8140,9124,8141
14.1816,3.31E+08,8140,8140,9124,8141
13.5674,3.31E+08,8140,8140,9126,8141
15.4099,3.31E+08,8140,8140,9127,8141
16.3985,3.31E+08,8140,8140,9127,8141
14.781,3.31E+08,8140,8140,9128,8141
15.4503,3.31E+08,8140,8140,9128,8141
13.9024,3.31E+08,8140,8140,9129,8141
15.6734,3.31E+08,8140,8140,9129,8141
17.2352,3.31E+08,8140,8140,9132,8141
16.4707,3.31E+08,8140,8140,9133,8141
15.3387,3.31E+08,8140,8140,9134,8141
13.9583,3.31E+08,8140,8140,9134,8141
11.9483,3.31E+08,8140,8140,9136,8141
10.7092,3.31E+08,8141,8141,9137,8141
11.0997,3.31E+08,8141,8141,9138,8142
15.5619,3.31E+08,8141,8141,9139,8142
13.5116,3.31E+08,8141,8141,9139,8142
15.8566,3.31E+08,8141,8141,9140,8142
16.3427,3.31E+08,8141,8141,9140,8142
14.5166,3.31E+08,8141,8141,9140,8142
14.4876,3.31E+08,8141,8141,9140,8142
13.7349,3.31E+08,8141,8141,9144,8142
14.781,3.31E+08,8141,8141,9144,8142
14.4608,3.31E+08,8141,8141,9147,8142
16.0638,3.32E+08,8141,8141,9148,8142
14.7399,3.32E+08,8141,8141,9148,8142
15.8007,3.32E+08,8142,8142,9150,8143
15.1714,3.32E+08,8142,8142,9150,8143
14.7252,3.32E+08,8142,8142,9150,8143
14.5166,3.32E+08,8142,8142,9151,8143
15.4503,3.32E+08,8142,8142,9151,8143
16.3428,3.32E+08,8142,8142,9152,8143
14.7252,3.32E+08,8142,8142,9153,8143
15.09,3.32E+08,8142,8142,9154,8143
14.0419,3.32E+08,8142,8142,9154,8143
15.2424,3.32E+08,8142,8142,9156,8143
17.4583,3.32E+08,8142,8142,9157,8143
14.0141,3.32E+08,8142,8142,9159,8144
14.7252,3.32E+08,8142,8142,9160,8144
14.7252,3.32E+08,8142,8142,9160,8144
15.8566,3.32E+08,8143,8143,9162,8144
14.8516,3.32E+08,8143,8143,9172,8144
16.2869,3.32E+08,8143,8143,9173,8144
16.0799,3.32E+08,8143,8143,9173,8145
16.1754,3.32E+08,8143,8143,9174,8145
16.9005,3.32E+08,8143,8143,9175,8145
15.6734,3.32E+08,8143,8143,9175,8145
17.6991,3.32E+08,8143,8143,9175,8145
14.3905,3.32E+08,8143,8143,9175,8145
15.2424,3.32E+08,8143,8143,9178,8145
17.3083,3.32E+08,8143,8143,9181,8145
15.3945,3.32E+08,8143,8143,9185,8145
16.3985,3.32E+08,8143,8144,9187,8145
14.1258,3.32E+08,8144,8144,9188,8146
15.4657,3.32E+08,8144,8144,9188,8146
15.4503,3.32E+08,8144,8144,9189,8146
15.0749,3.32E+08,8144,8144,9191,8146
16.1196,3.32E+08,8144,8144,9191,8146
15.2272,3.32E+08,8144,8144,9196,8146
14.9074,3.32E+08,8145,8145,9199,8146
15.8807,3.32E+08,8145,8145,9200,8147
14.9074,3.32E+08,8145,8145,9200,8147
15.3945,3.32E+08,8145,8145,9203,8147
15.1866,3.32E+08,8145,8145,9204,8147
14.8925,3.32E+08,8145,8145,9206,8147
16.1358,3.32E+08,8145,8145,9207,8147
15.283,3.32E+08,8145,8145,9207,8147
16.0799,3.32E+08,8145,8145,9207,8147
14.2232,3.32E+08,8146,8146,9209,8147
12.7857,3.32E+08,8146,8146,9212,8147
10.6083,3.32E+08,8146,8146,9214,8147
14.0001,3.32E+08,8146,8146,9215,8147
15.1307,3.32E+08,8146,8146,9216,8147
14.209,3.32E+08,8146,8146,9217,8147
14.7399,3.32E+08,8146,8146,9217,8147
13.1208,3.32E+08,8146,8146,9219,8147
15.1714,3.32E+08,8146,8146,9221,8147
14.4049,3.32E+08,8146,8146,9222,8148
14.8777,3.32E+08,8146,8146,9222,8148
16.4707,3.32E+08,8146,8146,9224,8148
15.1714,3.32E+08,8147,8147,9224,8148
13.7907,3.32E+08,8147,8147,9224,8148
15.4503,3.32E+08,8147,8147,9225,8148
15.2272,3.32E+08,8147,8147,9226,8148
15.6332,3.32E+08,8147,8147,9226,8148
14.1117,3.32E+08,8147,8147,9227,8149
14.8516,3.32E+08,8147,8147,9228,8149
14.6694,3.32E+08,8148,8148,9229,8149
15.6891,3.32E+08,8148,8148,9232,8149
14.4463,3.32E+08,8148,8148,9232,8149
11.6691,3.32E+08,8148,8148,9233,8149
11.6574,3.32E+08,8148,8148,9234,8149
13.9024,3.32E+08,8148,8148,9234,8150
13.4423,3.32E+08,8148,8148,9236,8150
14.6841,3.32E+08,8148,8148,9237,8150
13.5675,3.32E+08,8148,8148,9238,8150
11.7012,3.32E+08,8148,8148,9239,8150
11.9367,3.32E+08,8148,8148,9239,8150
14.5724,3.32E+08,8148,8148,9240,8150
14.9483,3.32E+08,8149,8149,9240,8150
16.2474,3.32E+08,8149,8149,9242,8150
15.4503,3.32E+08,8149,8149,9242,8150
16.4872,3.32E+08,8149,8149,9243,8151
15.3792,3.32E+08,8149,8149,9243,8151
15.9523,3.32E+08,8149,8149,9245,8151
15.593,3.32E+08,8149,8150,9247,8151
14.4319,3.32E+08,8150,8150,9250,8151
15.4099,3.32E+08,8150,8150,9252,8151
14.6841,3.32E+08,8150,8150,9253,8151
15.0041,3.32E+08,8150,8150,9255,8151
15.283,3.32E+08,8150,8150,9256,8151
14.9633,3.32E+08,8150,8150,9256,8152
15.6734,3.32E+08,8150,8150,9257,8152
13.0519,3.32E+08,8150,8150,9258,8152
14.6282,3.32E+08,8151,8151,9259,8152
12.4941,3.32E+08,8151,8151,9259,8152
14.1958,3.32E+08,8151,8151,9259,8152
15.0448,3.32E+08,8151,8151,9259,8152
14.9483,3.32E+08,8151,8151,9261,8152
15.7449,3.32E+08,8151,8151,9261,8152
15.1308,3.32E+08,8152,8152,9262,8152
17.4199,3.32E+08,8152,8152,9262,8153
14.7662,3.32E+08,8152,8152,9262,8153
15.2577,3.32E+08,8152,8152,9265,8153
11.7015,3.32E+08,8153,8153,9265,8153
13.4558,3.32E+08,8153,8153,9273,8153
12.6741,3.32E+08,8153,8153,9273,8153
12.816,3.32E+08,8153,8153,9274,8153
10.3291,3.32E+08,8153,8153,9274,8153
10.664,3.32E+08,8153,8153,9274,8153
12.9962,3.32E+08,8153,8153,9277,8153
14.4049,3.32E+08,8153,8153,9277,8153
13.5961,3.32E+08,8154,8154,9280,8154
13.6791,3.32E+08,8154,8154,9281,8154
14.1674,3.32E+08,8154,8154,9283,8154
15.3135,3.32E+08,8154,8154,9283,8154
14.5021,3.32E+08,8154,8154,9284,8154
14.5724,3.32E+08,8154,8154,9285,8154
14.0419,3.32E+08,8154,8154,9286,8154
14.5579,3.32E+08,8154,8154,9286,8154
15.8566,3.32E+08,8155,8155,9293,8154
15.9523,3.32E+08,8155,8155,9293,8154
14.0141,3.32E+08,8155,8155,9294,8154
15.1156,3.32E+08,8155,8155,9296,8155
15.6332,3.32E+08,8155,8155,9296,8155
16.1357,3.32E+08,8155,8155,9300,8155
14.7105,3.32E+08,8155,8155,9302,8155
14.2374,3.32E+08,8155,8155,9302,8155
15.7292,3.32E+08,8155,8155,9303,8155
14.2517,3.32E+08,8155,8155,9304,8155
15.3387,3.32E+08,8155,8155,9308,8156
14.9483,3.32E+08,8156,8155,9308,8156
12.7299,3.32E+08,8156,8156,9310,8156
10.3743,3.32E+08,8156,8156,9311,8156
11.6694,3.32E+08,8156,8156,9311,8156
12.7172,3.32E+08,8156,8156,9314,8157
11.3338,3.32E+08,8157,8157,9315,8157
12.8849,3.32E+08,8157,8157,9318,8157
14.2933,3.32E+08,8157,8157,9318,8157
14.8925,3.32E+08,8157,8157,9321,8157
17.1623,3.32E+08,8157,8157,9322,8157
15.9284,3.32E+08,8157,8157,9323,8157
15.4503,3.32E+08,8157,8157,9323,8157
14.6694,3.32E+08,8157,8157,9323,8157
15.5216,3.32E+08,8157,8157,9324,8157
15.283,3.32E+08,8157,8157,9325,8157
14.4463,3.32E+08,8157,8157,9325,8157
13.9582,3.32E+08,8157,8157,9326,8158
13.4981,3.32E+08,8157,8158,9327,8158
14.6283,3.32E+08,8158,8158,9329,8158
15.4503,3.32E+08,8158,8158,9329,8159
16.0638,3.32E+08,8158,8158,9329,8159
15.1866,3.32E+08,8158,8158,9331,8159
15.8408,3.32E+08,8158,8158,9331,8159
13.5674,3.32E+08,8158,8158,9331,8159
14.7399,3.32E+08,8158,8158,9335,8159
15.8408,3.32E+08,8158,8158,9336,8159
15.4657,3.32E+08,8158,8158,9338,8159
16.1036,3.32E+08,8158,8158,9339,8159
15.2424,3.32E+08,8158,8158,9340,8159
14.5166,3.32E+08,8158,8158,9341,8159
14.3762,3.32E+08,8159,8159,9342,8159
13.6791,3.32E+08,8159,8159,9342,8159
13.7907,3.32E+08,8159,8159,9343,8159
14.3906,3.32E+08,8159,8159,9343,8159
14.8367,3.32E+08,8159,8159,9344,8159
14.3635,3.32E+08,8159,8159,9344,8160
16.1196,3.32E+08,8159,8159,9345,8160
15.283,3.32E+08,8160,8160,9346,8160
15.4657,3.32E+08,8160,8160,9346,8160
14.5991,3.32E+08,8160,8160,9348,8160
14.1958,3.32E+08,8160,8160,9350,8160
16.287,3.32E+08,8160,8160,9350,8160
16.6382,3.32E+08,8160,8160,9351,8160
14.3762,3.32E+08,8161,8161,9353,8160
14.6841,3.32E+08,8161,8161,9359,8161
15.9523,3.32E+08,8161,8161,9359,8161
16.1754,3.32E+08,8161,8161,9359,8161
16.5824,3.32E+08,8161,8161,9359,8161
15.6177,3.32E+08,8161,8161,9362,8161
15.1866,3.32E+08,8161,8161,9362,8161
15.6176,3.32E+08,8161,8161,9367,8161
14.1816,3.32E+08,8161,8161,9368,8162
15.7449,3.32E+08,8162,8161,9370,8162
14.8925,3.32E+08,8162,8162,9372,8162
12.9533,3.32E+08,8162,8162,9373,8162
11.769,3.32E+08,8162,8162,9373,8163
13.1208,3.32E+08,8162,8162,9378,8163
15.6578,3.32E+08,8162,8162,9379,8163
16.4707,3.32E+08,8162,8162,9382,8163
15.0749,3.32E+08,8162,8162,9383,8163
13.4846,3.32E+08,8162,8162,9384,8163
15.3136,3.32E+08,8163,8163,9384,8163
14.7105,3.32E+08,8163,8163,9387,8164
15.1459,3.32E+08,8163,8163,9389,8164
14.3762,3.32E+08,8163,8163,9392,8164
15.1714,3.32E+08,8163,8163,9392,8164
13.8604,3.32E+08,8163,8163,9396,8165
16.1754,3.32E+08,8164,8164,9396,8165
15.075,3.32E+08,8164,8164,9397,8165
14.279,3.32E+08,8165,8165,9401,8165
14.3905,3.32E+08,8165,8165,9402,8165
15.1307,3.32E+08,8165,8165,9403,8165
16.1754,3.32E+08,8165,8165,9405,8166
16.1916,3.32E+08,8165,8165,9406,8166
16.1593,3.32E+08,8165,8165,9408,8166
15.8566,3.32E+08,8165,8165,9409,8167
13.6655,3.32E+08,8165,8165,9413,8167
15.7048,3.32E+08,8166,8166,9415,8167
16.1035,3.32E+08,8166,8166,9415,8167
16.4543,3.32E+08,8166,8166,9416,8167
15.5216,3.32E+08,8166,8166,9417,8167
15.4099,3.32E+08,8166,8166,9422,8167
16.0639,3.32E+08,8166,8166,9423,8167
15.4658,3.32E+08,8167,8166,9432,8167
13.5674,3.32E+08,8167,8166,9432,8167
15.6176,3.32E+08,8167,8167,9433,8167
14.7958,3.32E+08,8167,8167,9436,8168
15.1714,3.32E+08,8167,8167,9437,8168
14.279,3.32E+08,8168,8168,9439,8168
14.9074,3.32E+08,8168,8168,9442,8168
15.9921,3.32E+08,8168,8168,9443,8168
15.1866,3.32E+08,8168,8168,9444,8168
15.1308,3.32E+08,8168,8168,9445,8169
14.6283,3.32E+08,8169,8169,9446,8169
15.4349,3.32E+08,8169,8169,9447,8169
15.4503,3.32E+08,8169,8169,9447,8169
17.0849,3.32E+08,8169,8169,9447,8169
15.2272,3.32E+08,8169,8169,9447,8170
14.5724,3.32E+08,8169,8169,9449,8170
15.7449,3.32E+08,8170,8170,9450,8170
14.5724,3.32E+08,8170,8170,9452,8170
14.9483,3.32E+08,8170,8170,9453,8170
16.5658,3.32E+08,8170,8170,9453,8170
14.6841,3.32E+08,8171,8171,9454,8171
15.283,3.32E+08,8171,8171,9456,8171
15.3388,3.32E+08,8171,8171,9457,8171
15.3945,3.32E+08,8171,8171,9462,8171
16.096,3.32E+08,8172,8172,9462,8171
14.5021,3.32E+08,8172,8172,9465,8171
15.4503,3.32E+08,8172,8172,9467,8171
14.0699,3.32E+08,8173,8173,9468,8171
17.1236,3.32E+08,8173,8173,9478,8171
14.9074,3.32E+08,8173,8173,9480,8171
14.3762,3.32E+08,8173,8173,9481,8171
13.8466,3.32E+08,8173,8173,9482,8171
15.5061,3.32E+08,8173,8173,9486,8172
15.5061,3.32E+08,8173,8173,9489,8172
14.4608,3.32E+08,8173,8173,9490,8172
14.6694,3.32E+08,8173,8173,9491,8172
11.1778,3.32E+08,8173,8173,9492,8172
10.3746,3.32E+08,8174,8174,9492,8172
16.0639,3.32E+08,8174,8174,9493,8172
15.4657,3.32E+08,8174,8174,9496,8173
15.825,3.32E+08,8174,8174,9496,8173
14.3634,3.32E+08,8174,8174,9497,8173
14.3905,3.32E+08,8175,8175,9497,8173
14.3906,3.32E+08,8175,8175,9499,8174
15.2424,3.32E+08,8176,8175,9499,8174
13.4,3.32E+08,8176,8176,9499,8174
15.283,3.32E+08,8177,8177,9500,8174
15.9364,3.32E+08,8177,8177,9500,8175
15.7607,3.32E+08,8177,8177,9501,8175
15.6577,3.32E+08,8177,8177,9502,8175
14.8516,3.32E+08,8177,8177,9504,8175
15.1308,3.32E+08,8177,8177,9505,8175
13.0649,3.32E+08,8178,8178,9509,8176
14.279,3.32E+08,8178,8178,9512,8176
11.7573,3.32E+08,8178,8178,9513,8176
13.078,3.32E+08,8178,8178,9515,8176
13.5404,3.32E+08,8178,8178,9518,8176
13.8605,3.32E+08,8178,8178,9518,8177
14.5021,3.32E+08,8178,8178,9523,8177
15.2272,3.32E+08,8178,8178,9527,8178
14.1674,3.32E+08,8179,8179,9527,8178
15.7292,3.32E+08,8179,8179,9528,8178
16.9902,3.32E+08,8180,8180,9531,8178
13.3308,3.32E+08,8180,8180,9535,8178
15.785,3.32E+08,8181,8181,9537,8178
15.4099,3.32E+08,8181,8181,9539,8178
15.0749,3.32E+08,8181,8181,9540,8178
14.4463,3.32E+08,8181,8181,9543,8179
15.0041,3.32E+08,8182,8182,9547,8179
15.3946,3.32E+08,8182,8182,9547,8179
15.1714,3.32E+08,8182,8182,9551,8179
14.8106,3.32E+08,8182,8182,9555,8180
15.1156,3.32E+08,8182,8182,9563,8181
14.0001,3.32E+08,8183,8183,9574,8181
13.0519,3.32E+08,8183,8183,9574,8181
12.3268,3.32E+08,8183,8183,9574,8181
13.9583,3.32E+08,8183,8183,9575,8181
13.9024,3.32E+08,8184,8184,9576,8182
15.5774,3.32E+08,8184,8184,9583,8182
14.1674,3.32E+08,8184,8184,9594,8182
14.7399,3.32E+08,8184,8184,9595,8182
14.3905,3.32E+08,8184,8184,9596,8182
15.6021,3.32E+08,8185,8185,9601,8182
16.0799,3.32E+08,8185,8185,9604,8183
15.1005,3.32E+08,8185,8185,9606,8183
14.4753,3.32E+08,8185,8185,9614,8183
15.2424,3.32E+08,8185,8185,9614,8183
14.6283,3.32E+08,8186,8186,9617,8183
13.9443,3.32E+08,8186,8186,9619,8184
14.6136,3.32E+08,8186,8186,9626,8184
14.07,3.32E+08,8186,8186,9626,8184
13.4981,3.32E+08,8186,8186,9628,8184
13.6097,3.32E+08,8186,8186,9629,8185
13.6791,3.32E+08,8186,8186,9633,8185
11.9483,3.32E+08,8187,8187,9635,8186
12.2027,3.32E+08,8187,8187,9637,8186
11.8928,3.32E+08,8188,8188,9642,8186
14.1116,3.32E+08,8188,8188,9643,8186
14.9633,3.32E+08,8188,8188,9646,8186
15.0191,3.32E+08,8188,8188,9647,8186
15.4427,3.32E+08,8188,8188,9648,8187
15.785,3.32E+08,8188,8188,9649,8187
15.2983,3.32E+08,8189,8189,9650,8187
13.1766,3.32E+08,8189,8189,9651,8187
12.9832,3.32E+08,8189,8189,9656,8187
11.0101,3.32E+08,8189,8189,9658,8188
13.542,3.32E+08,8189,8189,9658,8188
12.7374,3.32E+08,8189,8189,9660,8188
11.379,3.32E+08,8189,8189,9661,8188
13.6232,3.32E+08,8190,8190,9664,8188
16.5493,3.32E+08,8190,8190,9669,8188
16.5101,3.32E+08,8190,8190,9669,8188
15.0341,3.32E+08,8190,8190,9669,8189
15.4349,3.32E+08,8191,8191,9677,8189
15.5774,3.32E+08,8191,8191,9678,8189
14.8925,3.32E+08,8191,8191,9679,8189
14.2933,3.32E+08,8191,8191,9682,8190
15.4658,3.32E+08,8191,8191,9684,8190
15.5061,3.32E+08,8191,8191,9684,8190
14.7958,3.32E+08,8192,8192,9689,8190
16.0081,3.32E+08,8192,8192,9691,8191
14.8925,3.32E+08,8192,8192,9700,8191
16.1754,3.32E+08,8193,8193,9701,8191
15.3541,3.32E+08,8193,8193,9702,8192
15.1308,3.32E+08,8193,8193,9703,8192
14.1117,3.32E+08,8194,8194,9706,8192
14.2933,3.32E+08,8194,8194,9709,8192
14.8367,3.32E+08,8195,8195,9710,8193
15.0191,3.32E+08,8195,8195,9712,8193
14.9891,3.32E+08,8195,8195,9722,8194
15.1308,3.32E+08,8195,8195,9723,8195
16.3427,3.32E+08,8196,8196,9728,8195
16.0639,3.32E+08,8196,8196,9728,8196
13.2883,3.32E+08,8197,8197,9729,8197
12.9403,3.32E+08,8198,8198,9732,8197
14.0277,3.32E+08,8198,8198,9740,8197
12.3272,3.32E+08,8198,8198,9742,8197
10.4405,3.32E+08,8199,8199,9745,8198
11.2001,3.32E+08,8199,8199,9751,8198
15.4661,3.32E+08,8199,8199,9754,8199
15.2983,3.32E+08,8199,8199,9755,8200
14.4463,3.32E+08,8200,8199,9763,8200
15.8008,3.32E+08,8200,8200,9763,8201
15.1714,3.32E+08,8200,8200,9769,8201
15.6891,3.32E+08,8201,8201,9771,8201
15.283,3.32E+08,8201,8201,9775,8201
15.9921,3.32E+08,8202,8202,9778,8201
15.5774,3.32E+08,8202,8202,9785,8202
14.6283,3.32E+08,8203,8203,9794,8203
14.1674,3.32E+08,8203,8203,9805,8203
15.283,3.32E+08,8203,8203,9811,8203
14.5166,3.32E+08,8205,8205,9819,8204
14.5579,3.32E+08,8205,8205,9820,8205
14.9483,3.32E+08,8205,8205,9822,8205
14.6429,3.32E+08,8205,8205,9825,8205
15.3945,3.32E+08,8206,8206,9834,8206
15.5774,3.32E+08,8206,8206,9836,8206
14.8777,3.32E+08,8207,8207,9845,8206
16.1519,3.32E+08,8207,8207,9847,8206
14.5021,3.32E+08,8207,8207,9850,8206
15.2272,3.32E+08,8208,8208,9854,8207
14.6136,3.32E+08,8209,8208,9858,8207
14.0141,3.32E+08,8210,8210,9859,8208
15.2983,3.32E+08,8210,8210,9863,8209
14.8367,3.32E+08,8211,8211,9877,8209
15.6891,3.32E+08,8211,8211,9893,8210
15.1156,3.32E+08,8211,8211,9903,8210
15.9921,3.32E+08,8212,8212,9912,8210
15.1308,3.32E+08,8212,8212,9916,8210
15.1156,3.32E+08,8212,8212,9917,8211
14.9633,3.32E+08,8213,8213,9918,8211
14.8516,3.32E+08,8213,8213,9919,8211
15.3541,3.32E+08,8213,8213,9938,8211
15.5463,3.32E+08,8213,8213,9954,8212
14.279,3.32E+08,8213,8213,9955,8213
16.2474,3.32E+08,8214,8214,9967,8213
14.8516,3.32E+08,8215,8215,9972,8213
14.1674,3.32E+08,8216,8216,9985,8215
16.1196,3.32E+08,8217,8217,9990,8216
14.8106,3.32E+08,8219,8219,9995,8217
13.3866,3.32E+08,8223,8223,9999,8217
15.2272,3.32E+08,8223,8223,10036,8220
16.1916,3.32E+08,8224,8224,10038,8221
15.0041,3.32E+08,8225,8225,10046,8222
14.7958,3.32E+08,8226,8226,10047,8223
13.7212,3.32E+08,8227,8227,10068,8223
15.8566,3.32E+08,8229,8229,10070,8223
15.0599,3.32E+08,8233,8233,10082,8224
14.822,3.32E+08,8234,8234,10086,8224
16.3196,3.32E+08,8234,8235,10121,8225
13.3308,3.32E+08,8235,8235,10125,8226
13.4,3.32E+08,8237,8237,10133,8226
15.4503,3.32E+08,8238,8238,10135,8227
14.5021,3.32E+08,8242,8242,10159,8230
16.3428,3.32E+08,8243,8243,10193,8231
15.9523,3.32E+08,8243,8243,10204,8232
14.6282,3.32E+08,8243,8243,10212,8232
16.08,3.32E+08,8245,8244,10230,8235
16.0081,3.32E+08,8245,8245,10234,8237
16.1916,3.32E+08,8246,8246,10256,8243
16.3033,3.32E+08,8250,8250,10262,8245
15.3792,3.32E+08,8257,8257,10270,8247
15.8566,3.32E+08,8257,8257,10322,8247
14.0141,3.32E+08,8258,8258,10326,8248
16.1593,3.32E+08,8258,8259,10341,8255
16.599,3.32E+08,8261,8261,10370,8258
15.3235,3.32E+08,8264,8264,10378,8261
15.6333,3.32E+08,8269,8269,10416,8263
15.4503,3.32E+08,8272,8273,10451,8266
14.3905,3.32E+08,8274,8274,10543,8269
12.8974,3.32E+08,8280,8280,10687,8272
5.30399,3.32E+08,8286,8285,10874,8277
3.57332,3.32E+08,8289,8289,11007,8310
3.56977,3.32E+08,8292,8292,15396,8323
,316,7908.211627,7908.212368,7803.943714,7907.023884
