cpus,mem,recvTps,sendTps,acceptTps,loginTps
0.94926,3.09E+08,0,0,0,0
0.0555617,3.09E+08,0,0,0,0
0,3.09E+08,0,0,0,0
0,3.09E+08,0,0,0,0
0,3.09E+08,0,0,0,0
0,3.09E+08,0,0,0,0
0,3.09E+08,0,0,0,0
0,3.09E+08,0,0,0,0
0,3.09E+08,0,0,0,0
0,3.09E+08,0,0,0,0
0,3.09E+08,0,0,0,0
0,3.09E+08,0,0,0,0
3.45911,3.09E+08,1636,1636,1699,1699
5.13373,3.20E+08,1699,1699,2228,2010
4.01677,3.20E+08,2315,2315,2257,2594
7.64363,3.20E+08,2716,2716,2270,2610
5.13409,3.21E+08,2768,2768,2585,2675
7.70399,3.21E+08,2810,2810,2627,2803
6.13977,3.21E+08,2816,2816,2749,2830
5.5726,3.21E+08,2822,2822,2778,2847
6.20011,3.21E+08,2833,2833,2780,2851
8.20622,3.21E+08,2842,2842,2819,2866
5.23854,3.21E+08,2854,2854,2819,2872
7.09569,3.21E+08,2859,2859,2832,2873
7.13513,3.21E+08,2865,2865,2837,2881
7.0318,3.21E+08,2871,2871,2844,2903
7.3101,3.21E+08,2878,2878,2848,2905
7.98228,3.21E+08,2883,2883,2849,2920
6.86642,3.21E+08,2883,2883,2851,2927
7.02815,3.21E+08,2888,2888,2860,2930
6.64232,3.21E+08,2890,2890,2864,2930
6.80728,3.21E+08,2900,2900,2864,2932
8.75812,3.21E+08,2905,2905,2867,2937
7.42589,3.21E+08,2912,2912,2867,2940
6.35244,3.21E+08,2915,2915,2869,2946
7.76273,3.21E+08,2921,2921,2869,2949
6.69817,3.21E+08,2929,2929,2870,2957
6.47047,3.21E+08,2939,2939,2873,2964
6.64234,3.21E+08,2940,2940,2888,2964
6.80937,3.21E+08,2943,2943,2888,2966
6.08021,3.21E+08,2950,2950,2892,2966
7.97517,3.21E+08,2950,2950,2897,2969
6.81069,3.21E+08,2954,2954,2906,2969
8.2596,3.21E+08,2959,2959,2910,2970
8.42681,3.21E+08,2966,2966,2916,2974
7.70081,3.21E+08,2966,2966,2918,2975
7.41815,3.21E+08,2972,2972,2921,2976
6.58715,3.21E+08,2972,2972,2924,2977
7.80997,3.21E+08,2973,2973,2926,2977
8.59317,3.21E+08,2976,2976,2927,2978
8.53522,3.21E+08,2977,2977,2928,2985
8.19823,3.21E+08,2977,2977,2928,2985
8.38143,3.21E+08,2979,2979,2928,2986
7.6971,3.21E+08,2982,2982,2933,2987
6.86494,3.21E+08,2983,2983,2934,2989
7.25877,3.21E+08,2983,2983,2937,2991
6.97212,3.21E+08,2986,2986,2938,2997
7.42723,3.21E+08,2986,2986,2938,2999
7.69413,3.21E+08,2987,2987,2939,2999
9.25825,3.21E+08,2989,2989,2939,3004
7.64999,3.21E+08,2991,2991,2939,3009
7.59149,3.21E+08,2991,2991,2940,3009
8.30263,3.21E+08,2991,2991,2940,3015
7.54304,3.21E+08,2999,2999,2941,3016
7.69412,3.21E+08,3001,3001,2941,3017
7.24976,3.21E+08,3002,3002,2945,3017
7.54023,3.21E+08,3007,3007,2946,3020
7.30892,3.21E+08,3007,3007,2950,3020
8.09145,3.21E+08,3008,3008,2951,3020
6.86049,3.21E+08,3011,3011,2951,3021
8.87796,3.21E+08,3013,3013,2952,3021
7.75877,3.21E+08,3017,3017,2953,3021
7.30656,3.21E+08,3018,3018,2953,3023
8.09482,3.21E+08,3018,3018,2955,3023
7.14557,3.21E+08,3019,3019,2955,3027
6.85908,3.21E+08,3019,3019,2955,3031
7.64181,3.21E+08,3020,3020,2956,3032
7.13704,3.21E+08,3020,3020,2959,3033
7.54443,3.21E+08,3021,3021,2961,3035
7.52781,3.21E+08,3022,3022,2963,3035
7.64567,3.21E+08,3025,3025,2967,3035
7.64577,3.21E+08,3029,3029,2967,3035
7.36254,3.21E+08,3031,3031,2967,3036
9.48329,3.21E+08,3034,3034,2968,3038
8.15461,3.21E+08,3036,3036,2970,3039
6.58365,3.21E+08,3037,3037,2973,3039
8.42838,3.21E+08,3037,3037,2974,3039
7.48324,3.21E+08,3037,3037,2974,3040
7.58467,3.21E+08,3038,3038,2976,3046
7.02395,3.21E+08,3039,3039,2977,3049
8.70021,3.21E+08,3040,3040,2978,3049
7.31795,3.21E+08,3040,3040,2979,3051
6.97676,3.21E+08,3041,3041,2979,3052
7.19533,3.21E+08,3041,3041,2980,3053
7.5924,3.21E+08,3043,3043,2982,3053
8.59669,3.21E+08,3044,3044,2984,3053
8.47396,3.21E+08,3046,3046,2987,3054
7.25813,3.21E+08,3047,3047,2987,3054
7.30011,3.21E+08,3047,3047,2991,3055
6.98587,3.21E+08,3047,3047,2993,3055
7.02082,3.21E+08,3048,3048,2993,3055
7.82144,3.21E+08,3050,3050,2995,3057
7.36932,3.21E+08,3052,3052,2995,3057
7.85869,3.21E+08,3052,3052,2997,3057
7.97459,3.21E+08,3053,3053,2998,3058
8.44005,3.21E+08,3053,3053,3001,3058
7.18539,3.21E+08,3056,3056,3002,3058
8.9897,3.21E+08,3059,3059,3003,3059
7.92255,3.21E+08,3059,3059,3003,3061
6.47427,3.21E+08,3061,3061,3004,3062
6.24718,3.21E+08,3062,3062,3004,3063
8.04806,3.21E+08,3062,3062,3005,3064
7.2498,3.21E+08,3064,3064,3007,3064
8.5899,3.21E+08,3065,3065,3007,3065
7.37052,3.21E+08,3066,3066,3007,3065
8.26094,3.21E+08,3066,3066,3008,3066
8.08404,3.21E+08,3066,3066,3009,3066
7.64965,3.21E+08,3069,3069,3012,3067
5.96383,3.21E+08,3069,3069,3015,3068
7.82097,3.21E+08,3069,3069,3016,3071
7.5864,3.21E+08,3071,3071,3016,3071
7.47261,3.21E+08,3071,3071,3016,3071
6.58842,3.21E+08,3071,3071,3016,3072
9.15422,3.21E+08,3073,3073,3016,3072
6.53116,3.21E+08,3075,3075,3017,3072
7.35587,3.21E+08,3077,3077,3017,3072
7.32109,3.21E+08,3078,3078,3018,3074
8.64198,3.21E+08,3078,3078,3018,3076
8.82212,3.21E+08,3078,3078,3019,3077
7.46534,3.21E+08,3079,3079,3021,3077
8.60076,3.21E+08,3080,3080,3021,3078
7.98045,3.21E+08,3081,3081,3023,3080
6.861,3.21E+08,3081,3081,3024,3081
7.52928,3.21E+08,3085,3085,3025,3081
7.93351,3.21E+08,3086,3086,3026,3081
7.69742,3.21E+08,3087,3087,3027,3082
7.76038,3.21E+08,3088,3088,3027,3083
8.08255,3.21E+08,3088,3088,3028,3084
6.87127,3.21E+08,3089,3089,3028,3084
8.03169,3.21E+08,3092,3092,3030,3086
7.8713,3.21E+08,3093,3093,3030,3086
7.36239,3.21E+08,3094,3094,3030,3086
8.14379,3.21E+08,3094,3094,3030,3087
8.03225,3.21E+08,3095,3095,3031,3088
7.32041,3.21E+08,3096,3096,3032,3089
8.86722,3.21E+08,3096,3096,3033,3089
7.81722,3.21E+08,3097,3097,3033,3089
8.03141,3.21E+08,3098,3098,3034,3090
7.52119,3.21E+08,3099,3099,3034,3090
6.75426,3.21E+08,3100,3100,3035,3091
7.76269,3.21E+08,3100,3100,3035,3092
7.59173,3.21E+08,3100,3100,3035,3092
7.81502,3.21E+08,3101,3101,3036,3093
9.42598,3.21E+08,3101,3101,3037,3093
7.20093,3.21E+08,3101,3101,3038,3095
8.31667,3.21E+08,3102,3102,3038,3097
8.08304,3.21E+08,3102,3102,3038,3098
7.53358,3.21E+08,3104,3104,3038,3099
5.74958,3.21E+08,3105,3105,3039,3100
6.36364,3.21E+08,3107,3107,3041,3101
8.08233,3.21E+08,3107,3107,3041,3102
7.43183,3.21E+08,3107,3107,3041,3103
7.52256,3.21E+08,3107,3107,3042,3103
7.70245,3.21E+08,3108,3108,3043,3104
6.25289,3.21E+08,3109,3109,3044,3105
8.54273,3.21E+08,3111,3111,3045,3105
7.47199,3.21E+08,3111,3111,3045,3106
8.48468,3.21E+08,3112,3112,3046,3106
7.19368,3.21E+08,3113,3113,3048,3106
8.65225,3.21E+08,3114,3114,3049,3106
6.97481,3.21E+08,3114,3114,3049,3108
8.53879,3.21E+08,3114,3114,3049,3109
8.20093,3.21E+08,3114,3114,3050,3111
7.81561,3.21E+08,3115,3115,3051,3112
7.36527,3.21E+08,3115,3115,3051,3113
8.14494,3.21E+08,3116,3116,3052,3113
6.58806,3.21E+08,3116,3116,3052,3114
8.02263,3.21E+08,3117,3117,3052,3114
6.59506,3.21E+08,3117,3117,3055,3115
8.08515,3.21E+08,3118,3118,3056,3115
8.98794,3.21E+08,3118,3118,3058,3117
6.69896,3.21E+08,3118,3118,3059,3118
7.52255,3.21E+08,3118,3118,3060,3120
8.43626,3.21E+08,3119,3119,3060,3120
7.46835,3.21E+08,3119,3119,3062,3120
7.54448,3.21E+08,3119,3119,3062,3121
6.80403,3.21E+08,3119,3119,3063,3121
7.81102,3.21E+08,3120,3120,3063,3123
6.86518,3.21E+08,3121,3121,3064,3123
7.6423,3.21E+08,3121,3121,3064,3123
7.53632,3.21E+08,3121,3122,3064,3123
7.09102,3.21E+08,3122,3122,3064,3124
7.46494,3.21E+08,3122,3122,3064,3124
7.26173,3.21E+08,3122,3122,3065,3125
7.14,3.21E+08,3122,3122,3065,3125
6.52805,3.21E+08,3123,3123,3066,3125
8.08766,3.21E+08,3123,3123,3067,3126
8.25717,3.21E+08,3123,3123,3068,3126
7.03592,3.21E+08,3123,3123,3068,3128
7.97993,3.21E+08,3124,3124,3069,3128
7.53799,3.21E+08,3124,3124,3070,3129
8.30314,3.21E+08,3124,3124,3070,3129
7.87081,3.21E+08,3124,3124,3072,3129
8.08691,3.21E+08,3124,3124,3072,3129
7.42708,3.21E+08,3125,3125,3072,3130
8.03237,3.21E+08,3126,3126,3072,3130
7.86642,3.21E+08,3126,3126,3073,3131
7.87697,3.21E+08,3126,3126,3073,3131
8.30935,3.21E+08,3127,3127,3074,3132
7.92422,3.21E+08,3127,3127,3074,3132
7.81361,3.21E+08,3127,3127,3075,3132
7.42566,3.21E+08,3128,3128,3075,3132
7.68908,3.21E+08,3130,3130,3076,3133
8.37546,3.21E+08,3130,3130,3078,3133
8.03887,3.21E+08,3131,3131,3079,3134
7.53528,3.21E+08,3131,3131,3079,3134
8.42199,3.21E+08,3132,3132,3080,3136
7.86589,3.21E+08,3133,3133,3080,3136
7.69605,3.21E+08,3134,3134,3081,3136
7.82202,3.21E+08,3134,3134,3081,3137
7.69138,3.21E+08,3135,3135,3082,3137
6.86853,3.21E+08,3135,3135,3082,3140
6.9787,3.21E+08,3135,3135,3082,3141
7.6917,3.21E+08,3135,3135,3083,3141
7.31741,3.21E+08,3136,3136,3083,3142
6.47412,3.21E+08,3137,3137,3083,3142
7.30616,3.21E+08,3137,3137,3084,3142
7.13995,3.21E+08,3138,3138,3084,3143
7.87011,3.21E+08,3138,3138,3085,3143
7.58852,3.21E+08,3139,3139,3085,3144
7.75706,3.21E+08,3139,3139,3086,3144
7.70075,3.21E+08,3139,3139,3087,3145
7.47531,3.21E+08,3140,3140,3087,3146
8.08663,3.21E+08,3140,3140,3087,3146
7.82542,3.21E+08,3141,3141,3088,3146
7.46826,3.21E+08,3142,3142,3088,3146
7.81437,3.21E+08,3143,3143,3088,3147
7.5295,3.21E+08,3143,3143,3088,3148
8.49317,3.21E+08,3143,3143,3089,3148
7.19535,3.21E+08,3143,3143,3089,3149
8.31518,3.21E+08,3144,3144,3091,3149
7.86141,3.21E+08,3144,3144,3091,3149
6.58759,3.21E+08,3145,3145,3091,3150
8.14763,3.21E+08,3146,3145,3091,3150
7.64953,3.21E+08,3146,3146,3092,3150
7.07674,3.21E+08,3146,3146,3093,3151
8.54798,3.21E+08,3146,3146,3093,3151
7.02951,3.21E+08,3146,3146,3095,3152
7.80856,3.21E+08,3147,3147,3095,3153
6.92014,3.21E+08,3148,3148,3096,3153
6.75042,3.21E+08,3148,3148,3096,3153
9.49354,3.21E+08,3148,3148,3096,3154
6.40791,3.21E+08,3148,3148,3096,3154
8.49279,3.21E+08,3148,3148,3096,3154
6.0848,3.21E+08,3149,3149,3096,3155
7.5819,3.21E+08,3150,3150,3097,3155
6.9214,3.21E+08,3150,3150,3097,3156
6.58426,3.21E+08,3150,3150,3097,3156
9.04194,3.21E+08,3150,3150,3097,3157
7.81641,3.21E+08,3152,3152,3098,3157
7.35678,3.21E+08,3152,3152,3099,3157
6.53109,3.21E+08,3153,3153,3099,3158
5.58041,3.21E+08,3153,3153,3100,3158
6.58507,3.21E+08,3153,3153,3100,3158
8.76763,3.21E+08,3154,3154,3100,3159
7.41248,3.21E+08,3154,3154,3100,3160
9.0422,3.21E+08,3154,3154,3100,3161
6.14111,3.21E+08,3155,3155,3101,3162
7.5759,3.21E+08,3156,3156,3102,3162
8.10374,3.21E+08,3156,3156,3103,3162
7.37112,3.21E+08,3156,3156,3103,3163
8.19136,3.21E+08,3156,3156,3103,3163
7.42402,3.21E+08,3156,3156,3103,3163
7.8169,3.21E+08,3157,3157,3103,3164
7.07718,3.21E+08,3157,3157,3105,3165
7.70444,3.21E+08,3158,3158,3106,3165
7.58323,3.21E+08,3158,3158,3106,3166
8.60675,3.21E+08,3158,3158,3106,3167
8.30434,3.21E+08,3158,3158,3106,3167
9.2225,3.21E+08,3158,3158,3107,3167
6.63793,3.21E+08,3159,3159,3107,3167
6.58051,3.21E+08,3159,3159,3107,3167
5.8,3.21E+08,3159,3159,3108,3167
6.70474,3.21E+08,3159,3159,3108,3168
7.3554,3.21E+08,3159,3159,3109,3168
8.71626,3.21E+08,3159,3159,3109,3169
6.79917,3.21E+08,3159,3159,3110,3169
7.20948,3.21E+08,3160,3160,3110,3171
6.96923,3.21E+08,3160,3160,3111,3171
7.64776,3.21E+08,3160,3160,3111,3171
8.37029,3.21E+08,3161,3161,3112,3172
7.42237,3.21E+08,3161,3161,3113,3172
6.30275,3.21E+08,3161,3161,3113,3172
5.52069,3.21E+08,3161,3161,3114,3172
8.26908,3.21E+08,3162,3162,3115,3172
7.80459,3.21E+08,3163,3163,3115,3172
7.75719,3.21E+08,3163,3163,3116,3173
7.36442,3.21E+08,3163,3163,3116,3174
7.14551,3.21E+08,3164,3164,3116,3175
6.74947,3.21E+08,3164,3164,3117,3175
7.75277,3.21E+08,3164,3164,3117,3176
8.27003,3.21E+08,3165,3165,3118,3176
6.97029,3.21E+08,3165,3165,3118,3177
6.80909,3.21E+08,3165,3165,3119,3178
7.97661,3.21E+08,3165,3165,3119,3178
6.80839,3.21E+08,3165,3165,3119,3178
7.75278,3.21E+08,3166,3166,3119,3178
8.53138,3.21E+08,3166,3166,3119,3178
7.7079,3.21E+08,3166,3166,3119,3178
7.19962,3.21E+08,3166,3166,3119,3179
6.97854,3.21E+08,3166,3166,3120,3179
7.1441,3.21E+08,3167,3167,3120,3179
7.86439,3.21E+08,3167,3167,3120,3179
8.37564,3.21E+08,3167,3167,3121,3179
8.30298,3.21E+08,3167,3167,3121,3179
7.43079,3.21E+08,3167,3167,3121,3179
7.68861,3.21E+08,3167,3167,3121,3179
8.10391,3.21E+08,3168,3168,3122,3180
7.97104,3.21E+08,3168,3168,3122,3180
6.69811,3.21E+08,3168,3168,3122,3181
6.69898,3.21E+08,3169,3169,3124,3181
8.03219,3.21E+08,3170,3170,3125,3181
7.92803,3.21E+08,3170,3170,3125,3181
7.75969,3.21E+08,3170,3170,3125,3182
8.30223,3.21E+08,3170,3170,3126,3182
9.49268,3.21E+08,3171,3171,3127,3182
9.60111,3.21E+08,3171,3171,3127,3183
6.24744,3.21E+08,3171,3171,3128,3183
7.41693,3.21E+08,3172,3172,3128,3183
7.32115,3.21E+08,3173,3173,3128,3183
7.86345,3.21E+08,3173,3173,3128,3183
7.30536,3.21E+08,3173,3173,3128,3184
8.31427,3.21E+08,3173,3173,3129,3185
7.70246,3.21E+08,3174,3174,3129,3185
8.37254,3.21E+08,3174,3174,3129,3185
7.70542,3.21E+08,3174,3174,3130,3186
7.25138,3.21E+08,3174,3174,3130,3186
6.69721,3.21E+08,3174,3174,3130,3186
7.53128,3.21E+08,3175,3175,3130,3186
9.04578,3.21E+08,3176,3176,3130,3187
7.97404,3.21E+08,3176,3176,3131,3187
7.69582,3.21E+08,3177,3177,3131,3187
8.43117,3.21E+08,3177,3177,3132,3187
6.4747,3.21E+08,3178,3178,3132,3188
7.8028,3.21E+08,3178,3178,3133,3189
8.32575,3.21E+08,3179,3179,3134,3189
8.0256,3.21E+08,3179,3179,3135,3189
8.08647,3.21E+08,3180,3180,3135,3189
7.31522,3.21E+08,3180,3180,3135,3189
7.59397,3.21E+08,3180,3180,3136,3190
6.58492,3.21E+08,3180,3180,3136,3190
7.03534,3.21E+08,3181,3181,3136,3190
7.19246,3.21E+08,3181,3181,3136,3190
7.03168,3.21E+08,3182,3182,3136,3190
6.41751,3.21E+08,3182,3182,3136,3191
6.47719,3.21E+08,3183,3183,3137,3191
8.02092,3.21E+08,3183,3183,3137,3191
8.3838,3.21E+08,3183,3183,3137,3191
8.36659,3.21E+08,3183,3183,3138,3191
8.08738,3.21E+08,3184,3184,3138,3191
8.20543,3.21E+08,3184,3184,3138,3192
7.035,3.21E+08,3185,3185,3138,3192
7.63514,3.21E+08,3186,3186,3139,3192
7.14071,3.21E+08,3187,3187,3139,3192
7.7612,3.21E+08,3187,3187,3139,3192
7.75324,3.21E+08,3187,3187,3139,3192
9.04423,3.21E+08,3187,3187,3140,3193
7.53738,3.21E+08,3187,3187,3140,3194
7.18782,3.21E+08,3188,3188,3140,3194
8.15837,3.21E+08,3189,3189,3141,3194
8.02973,3.21E+08,3189,3189,3141,3194
7.58829,3.21E+08,3189,3189,3142,3195
8.42919,3.21E+08,3190,3190,3143,3197
7.53528,3.21E+08,3190,3190,3143,3197
7.36887,3.21E+08,3191,3191,3144,3197
6.52629,3.21E+08,3191,3191,3144,3197
6.74796,3.21E+08,3191,3191,3144,3197
7.48088,3.21E+08,3191,3191,3145,3198
7.47443,3.21E+08,3191,3191,3145,3198
8.14386,3.21E+08,3191,3191,3145,3198
7.47496,3.21E+08,3192,3192,3145,3199
6.81686,3.21E+08,3192,3192,3145,3200
5.3484,3.21E+08,3192,3192,3146,3200
6.59206,3.21E+08,3193,3193,3146,3200
6.1974,3.21E+08,3193,3193,3147,3201
6.74192,3.21E+08,3194,3194,3147,3201
8.32638,3.21E+08,3194,3194,3147,3201
7.75168,3.21E+08,3197,3197,3147,3202
8.19875,3.21E+08,3197,3197,3148,3202
5.80586,3.21E+08,3197,3197,3148,3202
6.58161,3.21E+08,3197,3197,3148,3202
8.03848,3.21E+08,3197,3197,3148,3202
6.86607,3.21E+08,3197,3197,3149,3202
7.87037,3.21E+08,3197,3197,3149,3203
7.47424,3.21E+08,3197,3197,3149,3203
7.59259,3.21E+08,3198,3198,3150,3203
9.09426,3.21E+08,3198,3198,3150,3203
7.53376,3.21E+08,3198,3198,3150,3204
7.47203,3.21E+08,3198,3198,3150,3204
8.76361,3.21E+08,3199,3199,3150,3204
7.20363,3.21E+08,3199,3199,3150,3204
8.02409,3.21E+08,3199,3199,3151,3205
7.14583,3.21E+08,3199,3199,3151,3205
7.48121,3.21E+08,3199,3199,3151,3205
7.13862,3.21E+08,3200,3200,3151,3205
7.80992,3.21E+08,3201,3201,3151,3205
8.14647,3.21E+08,3201,3201,3152,3206
6.75258,3.21E+08,3201,3201,3152,3206
6.86549,3.21E+08,3201,3201,3152,3206
7.20221,3.21E+08,3202,3202,3152,3206
8.15121,3.21E+08,3202,3202,3152,3206
8.36619,3.21E+08,3203,3203,3152,3206
7.18863,3.21E+08,3203,3203,3152,3207
6.87204,3.21E+08,3203,3203,3153,3207
6.52713,3.21E+08,3203,3203,3153,3207
7.98142,3.21E+08,3203,3203,3153,3207
7.02909,3.21E+08,3203,3203,3153,3207
6.80527,3.21E+08,3204,3204,3154,3208
7.47913,3.21E+08,3204,3204,3154,3208
7.87171,3.21E+08,3204,3204,3154,3208
7.80885,3.21E+08,3204,3204,3154,3210
8.48466,3.21E+08,3204,3204,3154,3211
7.42567,3.21E+08,3204,3204,3155,3211
6.91029,3.21E+08,3204,3205,3155,3212
7.58968,3.21E+08,3205,3205,3155,3212
6.63794,3.21E+08,3205,3205,3155,3212
8.04513,3.21E+08,3205,3205,3155,3213
7.13851,3.21E+08,3205,3205,3155,3213
6.69573,3.21E+08,3206,3206,3155,3213
8.53938,3.21E+08,3206,3206,3156,3214
8.3181,3.21E+08,3207,3207,3156,3214
7.24437,3.21E+08,3207,3207,3156,3214
9.331,3.21E+08,3207,3207,3156,3214
7.80825,3.21E+08,3207,3207,3156,3214
7.08995,3.21E+08,3207,3207,3157,3215
7.70315,3.21E+08,3207,3207,3157,3215
7.46772,3.21E+08,3208,3208,3157,3215
7.58592,3.21E+08,3208,3208,3157,3215
7.32121,3.21E+08,3208,3208,3157,3215
7.58442,3.21E+08,3208,3208,3157,3216
6.80546,3.21E+08,3208,3208,3158,3216
7.47364,3.21E+08,3208,3208,3158,3216
8.77333,3.21E+08,3209,3209,3158,3217
7.08249,3.21E+08,3209,3209,3160,3217
7.76028,3.21E+08,3209,3209,3160,3217
7.36182,3.21E+08,3209,3209,3160,3217
7.59522,3.21E+08,3210,3210,3160,3218
7.46569,3.21E+08,3210,3210,3160,3218
6.64963,3.21E+08,3211,3211,3160,3218
6.46299,3.21E+08,3211,3211,3160,3218
8.20709,3.21E+08,3212,3212,3161,3218
8.37181,3.21E+08,3212,3212,3161,3218
8.09356,3.21E+08,3212,3212,3161,3219
8.42174,3.21E+08,3212,3212,3161,3219
7.42732,3.21E+08,3212,3212,3161,3219
7.87112,3.21E+08,3213,3213,3162,3219
7.80265,3.21E+08,3213,3213,3162,3220
8.7085,3.21E+08,3213,3213,3162,3220
7.14657,3.21E+08,3213,3213,3163,3220
7.30557,3.21E+08,3213,3213,3163,3220
7.70219,3.21E+08,3213,3213,3163,3220
7.58757,3.21E+08,3213,3213,3164,3220
7.80137,3.21E+08,3214,3214,3164,3220
7.7604,3.21E+08,3214,3214,3164,3221
6.69997,3.21E+08,3214,3214,3164,3221
6.24607,3.21E+08,3214,3214,3165,3222
7.821,3.21E+08,3214,3215,3165,3222
6.14213,3.21E+08,3215,3215,3165,3222
7.35526,3.21E+08,3215,3215,3166,3223
6.80943,3.21E+08,3216,3216,3166,3223
7.25243,3.21E+08,3216,3216,3167,3224
7.64919,3.21E+08,3216,3216,3167,3224
8.59341,3.21E+08,3217,3217,3167,3224
7.58595,3.21E+08,3217,3217,3168,3224
7.8104,3.21E+08,3217,3217,3168,3225
7.65647,3.21E+08,3217,3217,3168,3225
7.02675,3.21E+08,3217,3217,3169,3225
7.08262,3.21E+08,3217,3217,3169,3225
7.75866,3.21E+08,3217,3217,3169,3225
6.74923,3.21E+08,3218,3218,3169,3225
8.71004,3.21E+08,3218,3218,3169,3226
7.59192,3.21E+08,3218,3218,3170,3226
7.69127,3.21E+08,3218,3218,3171,3226
7.03369,3.21E+08,3218,3218,3172,3226
6.75301,3.21E+08,3218,3218,3172,3226
8.65391,3.21E+08,3218,3218,3172,3227
7.13449,3.21E+08,3218,3218,3172,3227
7.76702,3.21E+08,3218,3218,3173,3227
7.80456,3.21E+08,3218,3218,3173,3227
7.86796,3.21E+08,3219,3219,3173,3227
9.14474,3.21E+08,3219,3219,3173,3228
7.93701,3.21E+08,3219,3219,3173,3228
6.52634,3.21E+08,3219,3219,3173,3228
6.64376,3.21E+08,3219,3219,3173,3228
6.30182,3.21E+08,3219,3219,3174,3228
6.81016,3.21E+08,3220,3220,3174,3228
7.69737,3.21E+08,3220,3220,3174,3229
8.6544,3.21E+08,3220,3220,3175,3230
7.97693,3.21E+08,3220,3220,3175,3230
9.53523,3.21E+08,3220,3220,3175,3230
8.6,3.21E+08,3220,3220,3176,3231
6.52557,3.21E+08,3221,3221,3176,3231
5.91687,3.21E+08,3221,3221,3176,3231
7.75421,3.21E+08,3221,3221,3176,3231
6.97875,3.21E+08,3221,3221,3176,3231
6.57811,3.21E+08,3222,3222,3177,3232
7.1457,3.21E+08,3223,3223,3178,3232
8.2559,3.21E+08,3224,3224,3178,3232
9.377,3.21E+08,3224,3224,3178,3232
8.0388,3.21E+08,3224,3224,3178,3232
7.30721,3.21E+08,3224,3224,3180,3232
8.53132,3.21E+08,3224,3224,3180,3232
8.04851,3.21E+08,3225,3225,3180,3232
8.08005,3.21E+08,3225,3225,3180,3233
7.24923,3.21E+08,3225,3225,3181,3233
7.59923,3.21E+08,3225,3225,3181,3233
8.09073,3.21E+08,3225,3225,3181,3233
8.09052,3.21E+08,3226,3226,3181,3233
8.37646,3.21E+08,3226,3226,3181,3234
7.24782,3.21E+08,3226,3226,3181,3234
7.5917,3.21E+08,3226,3226,3181,3234
7.42392,3.21E+08,3226,3226,3182,3234
7.64139,3.21E+08,3226,3226,3182,3235
6.7501,3.21E+08,3226,3227,3182,3235
6.02241,3.21E+08,3227,3227,3182,3235
6.87453,3.21E+08,3227,3227,3182,3235
5.91082,3.21E+08,3227,3227,3183,3235
7.03385,3.21E+08,3227,3227,3183,3235
8.36528,3.21E+08,3227,3227,3184,3235
6.63736,3.21E+08,3228,3228,3184,3235
7.19764,3.21E+08,3228,3228,3184,3235
7.82268,3.21E+08,3228,3228,3184,3236
7.30647,3.21E+08,3229,3229,3185,3236
7.47517,3.21E+08,3229,3229,3185,3236
7.47988,3.21E+08,3229,3229,3185,3236
7.13921,3.21E+08,3229,3229,3185,3236
9.31381,3.21E+08,3229,3229,3185,3236
7.32049,3.21E+08,3230,3230,3186,3236
8.81076,3.21E+08,3231,3231,3186,3236
8.14457,3.21E+08,3231,3231,3186,3236
6.19619,3.21E+08,3231,3231,3186,3237
7.92666,3.21E+08,3231,3231,3187,3237
8.02694,3.21E+08,3232,3232,3187,3237
8.09585,3.21E+08,3232,3232,3187,3237
6.97771,3.21E+08,3232,3232,3187,3238
8.03852,3.21E+08,3232,3232,3188,3238
7.58357,3.21E+08,3232,3232,3188,3238
8.03975,3.21E+08,3232,3232,3188,3239
7.57908,3.21E+08,3233,3233,3189,3239
6.98304,3.21E+08,3233,3233,3190,3239
7.53638,3.21E+08,3233,3233,3190,3240
8.58041,3.21E+08,3233,3233,3191,3240
7.48975,3.21E+08,3233,3233,3191,3240
8.19719,3.21E+08,3233,3233,3191,3241
8.14611,3.21E+08,3234,3234,3191,3241
7.0299,3.21E+08,3234,3234,3192,3241
7.69916,3.21E+08,3234,3234,3192,3241
7.64164,3.21E+08,3234,3234,3192,3241
8.59934,3.21E+08,3234,3234,3192,3241
6.53103,3.21E+08,3234,3234,3192,3241
6.74268,3.21E+08,3235,3235,3192,3241
7.92782,3.21E+08,3235,3235,3192,3241
7.25704,3.21E+08,3235,3235,3193,3242
7.47658,3.21E+08,3235,3235,3194,3243
7.70257,3.21E+08,3235,3235,3194,3243
9.21028,3.21E+08,3235,3235,3194,3243
8.75788,3.21E+08,3235,3235,3194,3243
7.09158,3.21E+08,3236,3236,3195,3243
7.96776,3.21E+08,3236,3236,3195,3244
8.38249,3.21E+08,3236,3236,3195,3244
7.41272,3.21E+08,3237,3237,3195,3244
8.36637,3.21E+08,3237,3237,3195,3244
7.87079,3.21E+08,3237,3237,3195,3244
9.26685,3.21E+08,3237,3237,3196,3244
8.08493,3.21E+08,3237,3237,3196,3245
9.10705,3.21E+08,3238,3238,3197,3245
8.53536,3.21E+08,3238,3238,3198,3245
8.36777,3.21E+08,3238,3238,3198,3245
6.47514,3.21E+08,3238,3238,3198,3246
6.64244,3.21E+08,3238,3238,3198,3246
7.63634,3.21E+08,3239,3239,3199,3246
7.58952,3.21E+08,3239,3239,3199,3246
7.47999,3.21E+08,3239,3239,3199,3246
6.24701,3.21E+08,3239,3239,3199,3247
8.81951,3.21E+08,3240,3240,3199,3247
6.41524,3.21E+08,3240,3240,3199,3247
8.20231,3.21E+08,3240,3240,3200,3247
7.75521,3.21E+08,3240,3240,3200,3248
9.32557,3.21E+08,3241,3241,3200,3248
8.09292,3.21E+08,3241,3241,3200,3248
6.80519,3.21E+08,3241,3241,3200,3248
7.92066,3.21E+08,3241,3241,3200,3248
7.81298,3.21E+08,3241,3242,3200,3248
7.25861,3.21E+08,3242,3242,3201,3248
8.36846,3.21E+08,3242,3242,3201,3248
8.03598,3.21E+08,3242,3242,3201,3248
7.53597,3.21E+08,3242,3242,3201,3249
8.82203,3.21E+08,3243,3243,3201,3249
7.97497,3.21E+08,3243,3243,3202,3249
7.53241,3.21E+08,3243,3243,3202,3249
7.64777,3.21E+08,3244,3244,3202,3249
9.37039,3.21E+08,3244,3244,3202,3249
8.04184,3.21E+08,3244,3244,3202,3249
6.41339,3.21E+08,3244,3244,3202,3249
7.69502,3.21E+08,3245,3245,3202,3250
8.03757,3.21E+08,3245,3245,3203,3250
7.53373,3.21E+08,3245,3245,3203,3250
8.97621,3.21E+08,3245,3245,3203,3251
8.38194,3.21E+08,3245,3246,3203,3251
6.79884,3.21E+08,3246,3246,3204,3251
7.37498,3.21E+08,3246,3246,3204,3251
7.58693,3.21E+08,3246,3246,3204,3252
7.92496,3.21E+08,3246,3246,3205,3252
7.80251,3.21E+08,3246,3246,3205,3252
8.98916,3.21E+08,3246,3246,3205,3253
7.1477,3.21E+08,3247,3247,3205,3253
8.25241,3.21E+08,3247,3247,3206,3253
8.3136,3.21E+08,3247,3247,3206,3253
8.5951,3.21E+08,3247,3247,3206,3253
7.86585,3.21E+08,3248,3248,3206,3253
7.36125,3.21E+08,3248,3248,3206,3254
8.43652,3.21E+08,3248,3248,3206,3254
6.52738,3.21E+08,3248,3248,3207,3254
8.53154,3.21E+08,3248,3248,3207,3254
7.70198,3.21E+08,3249,3249,3208,3254
8.53764,3.21E+08,3249,3249,3208,3254
8.14615,3.21E+08,3249,3249,3208,3255
7.36505,3.21E+08,3250,3250,3209,3255
7.53791,3.21E+08,3250,3250,3210,3255
7.70431,3.21E+08,3250,3250,3210,3255
7.75181,3.21E+08,3250,3250,3210,3256
7.42674,3.21E+08,3250,3250,3210,3256
8.41608,3.21E+08,3251,3251,3210,3256
8.54862,3.21E+08,3251,3251,3210,3256
7.69704,3.21E+08,3251,3251,3210,3257
7.87193,3.21E+08,3251,3251,3210,3257
6.35825,3.21E+08,3251,3251,3210,3257
8.26374,3.21E+08,3252,3252,3211,3258
7.14008,3.21E+08,3252,3252,3212,3258
8.8668,3.21E+08,3252,3252,3212,3258
7.31229,3.21E+08,3252,3252,3212,3258
7.98474,3.21E+08,3252,3252,3213,3258
6.68636,3.21E+08,3253,3252,3213,3258
7.98925,3.21E+08,3253,3253,3213,3259
7.5786,3.21E+08,3253,3253,3213,3259
7.32129,3.21E+08,3253,3253,3213,3259
7.02776,3.21E+08,3253,3253,3213,3260
6.92082,3.21E+08,3253,3253,3213,3260
7.36204,3.21E+08,3253,3253,3214,3260
6.41765,3.21E+08,3253,3253,3214,3260
7.98123,3.21E+08,3254,3254,3214,3260
6.80459,3.21E+08,3254,3254,3214,3260
7.75398,3.21E+08,3254,3254,3215,3260
6.86722,3.21E+08,3254,3254,3215,3260
6.30393,3.21E+08,3254,3254,3215,3261
7.76028,3.21E+08,3255,3255,3216,3261
7.48024,3.21E+08,3255,3255,3216,3261
8.86543,3.21E+08,3255,3255,3216,3261
8.87469,3.21E+08,3256,3256,3216,3262
7.36655,3.21E+08,3256,3256,3216,3262
9.2022,3.21E+08,3256,3256,3217,3262
7.64812,3.21E+08,3256,3256,3217,3262
8.08841,3.21E+08,3256,3256,3217,3262
8.59413,3.21E+08,3256,3257,3217,3262
7.14746,3.21E+08,3257,3257,3217,3263
8.1341,3.21E+08,3257,3257,3218,3263
8.27161,3.21E+08,3257,3257,3218,3263
6.90891,3.21E+08,3257,3257,3218,3263
8.32191,3.21E+08,3257,3257,3218,3263
8.2032,3.21E+08,3257,3257,3219,3263
5.75007,3.21E+08,3258,3257,3219,3264
8.02344,3.21E+08,3258,3258,3219,3264
8.32627,3.21E+08,3258,3258,3219,3264
6.13763,3.21E+08,3258,3258,3220,3264
8.48948,3.21E+08,3258,3258,3220,3264
6.46984,3.21E+08,3258,3258,3220,3265
8.08546,3.21E+08,3258,3258,3220,3265
5.91228,3.21E+08,3258,3258,3220,3265
7.48105,3.21E+08,3259,3259,3221,3265
7.75898,3.21E+08,3259,3259,3221,3265
7.53021,3.21E+08,3259,3259,3221,3265
7.59195,3.21E+08,3259,3259,3221,3265
6.91771,3.21E+08,3259,3259,3221,3265
7.5918,3.21E+08,3259,3259,3221,3266
7.36149,3.21E+08,3259,3259,3221,3266
7.92596,3.21E+08,3259,3259,3221,3266
7.42658,3.21E+08,3259,3259,3222,3266
7.85718,3.21E+08,3259,3259,3222,3266
7.53021,3.21E+08,3260,3260,3222,3266
7.98767,3.21E+08,3260,3260,3222,3266
6.69421,3.21E+08,3260,3260,3222,3266
8.42744,3.21E+08,3260,3260,3222,3267
7.98527,3.21E+08,3260,3260,3222,3267
7.47421,3.21E+08,3260,3260,3222,3267
7.41926,3.21E+08,3260,3260,3222,3268
9.09848,3.21E+08,3261,3261,3223,3268
6.4212,3.21E+08,3261,3261,3223,3268
8.41442,3.21E+08,3261,3261,3223,3268
7.53323,3.21E+08,3261,3261,3223,3268
7.92956,3.21E+08,3261,3261,3224,3268
6.75434,3.21E+08,3261,3261,3224,3268
8.36478,3.21E+08,3261,3262,3224,3269
7.36955,3.21E+08,3262,3262,3224,3269
7.80147,3.21E+08,3262,3262,3224,3269
6.703,3.21E+08,3262,3262,3224,3269
8.42601,3.21E+08,3262,3262,3224,3270
7.13981,3.21E+08,3262,3262,3224,3270
7.36815,3.21E+08,3262,3262,3224,3270
7.36786,3.21E+08,3262,3262,3225,3270
7.58472,3.21E+08,3262,3262,3225,3270
8.14411,3.21E+08,3263,3263,3225,3270
7.87306,3.21E+08,3263,3263,3225,3270
6.69122,3.21E+08,3263,3263,3225,3271
7.37054,3.21E+08,3263,3263,3225,3271
6.91799,3.21E+08,3263,3263,3226,3271
6.69818,3.21E+08,3263,3263,3226,3271
7.64821,3.21E+08,3263,3263,3226,3271
7.25146,3.21E+08,3264,3264,3226,3271
6.35896,3.21E+08,3265,3265,3226,3272
7.76058,3.21E+08,3265,3265,3226,3272
7.36287,3.21E+08,3266,3266,3227,3272
6.41975,3.21E+08,3266,3266,3227,3272
7.41092,3.21E+08,3266,3266,3227,3273
8.43547,3.21E+08,3266,3266,3227,3273
7.37058,3.21E+08,3266,3266,3227,3273
7.7547,3.21E+08,3267,3267,3228,3274
7.41283,3.21E+08,3267,3267,3228,3274
6.30534,3.21E+08,3267,3267,3228,3274
7.98873,3.21E+08,3267,3267,3229,3274
8.41745,3.21E+08,3267,3267,3229,3275
7.48063,3.21E+08,3267,3267,3229,3275
7.53766,3.21E+08,3267,3267,3229,3275
6.57492,3.21E+08,3267,3267,3229,3275
7.31958,3.21E+08,3267,3267,3229,3276
7.08153,3.21E+08,3267,3267,3230,3276
9.21414,3.21E+08,3268,3268,3230,3276
7.5834,3.21E+08,3268,3268,3230,3276
7.47538,3.21E+08,3268,3268,3230,3276
7.98062,3.21E+08,3268,3268,3230,3276
7.36653,3.21E+08,3268,3268,3231,3277
7.1428,3.21E+08,3269,3269,3231,3277
7.98304,3.21E+08,3269,3269,3231,3277
6.81048,3.21E+08,3269,3270,3231,3277
7.7987,3.21E+08,3270,3270,3231,3277
7.3148,3.21E+08,3270,3270,3231,3278
8.08782,3.21E+08,3270,3270,3232,3278
8.20535,3.21E+08,3270,3270,3232,3278
7.87863,3.21E+08,3271,3271,3232,3278
6.45821,3.21E+08,3271,3271,3232,3278
8.20443,3.21E+08,3271,3271,3232,3278
7.37617,3.21E+08,3271,3271,3233,3278
7.3071,3.21E+08,3271,3271,3233,3278
6.92224,3.21E+08,3271,3271,3233,3279
7.75289,3.21E+08,3271,3271,3233,3279
8.59063,3.21E+08,3272,3272,3233,3279
8.55039,3.21E+08,3272,3272,3233,3279
7.69652,3.21E+08,3272,3272,3234,3279
8.03685,3.21E+08,3272,3272,3234,3280
7.80851,3.21E+08,3272,3272,3234,3280
7.58932,3.21E+08,3273,3273,3234,3280
6.97619,3.21E+08,3273,3273,3234,3280
8.09006,3.21E+08,3273,3273,3235,3280
8.42892,3.21E+08,3273,3273,3235,3280
7.47881,3.21E+08,3273,3273,3235,3280
7.3564,3.21E+08,3273,3273,3235,3280
8.0487,3.21E+08,3274,3274,3235,3280
8.31123,3.21E+08,3274,3274,3235,3280
7.85719,3.21E+08,3274,3274,3235,3280
8.66034,3.21E+08,3274,3274,3235,3280
7.47304,3.21E+08,3274,3274,3236,3281
7.92353,3.21E+08,3274,3274,3237,3281
8.53759,3.21E+08,3275,3275,3237,3281
7.25338,3.21E+08,3275,3275,3238,3281
7.53568,3.21E+08,3275,3275,3238,3281
8.25416,3.21E+08,3275,3275,3238,3281
7.08661,3.21E+08,3275,3275,3238,3281
8.92929,3.21E+08,3275,3275,3238,3281
9.04222,3.21E+08,3275,3275,3239,3282
6.47225,3.21E+08,3276,3276,3239,3282
7.19585,3.21E+08,3276,3276,3239,3282
7.47595,3.21E+08,3276,3276,3239,3283
6.31449,3.21E+08,3276,3276,3239,3283
7.02109,3.21E+08,3276,3276,3239,3283
6.92956,3.21E+08,3276,3276,3239,3283
6.80289,3.21E+08,3276,3277,3240,3284
6.19285,3.21E+08,3277,3277,3240,3284
7.19501,3.21E+08,3277,3277,3240,3284
5.74767,3.21E+08,3277,3277,3240,3284
7.53079,3.21E+08,3277,3277,3240,3284
7.09669,3.21E+08,3278,3278,3241,3284
8.36655,3.21E+08,3278,3278,3241,3284
8.03699,3.21E+08,3278,3278,3241,3284
8.70976,3.21E+08,3278,3278,3241,3284
7.46989,3.21E+08,3279,3279,3241,3284
7.03308,3.21E+08,3279,3279,3241,3285
7.47845,3.21E+08,3279,3279,3241,3285
7.3107,3.21E+08,3279,3279,3242,3285
7.92593,3.21E+08,3280,3280,3242,3285
7.29867,3.21E+08,3280,3280,3242,3285
7.20938,3.21E+08,3280,3280,3242,3285
7.30724,3.21E+08,3280,3280,3242,3285
7.36282,3.21E+08,3280,3280,3243,3286
7.76102,3.21E+08,3281,3281,3243,3286
6.85851,3.21E+08,3281,3281,3243,3286
6.13685,3.21E+08,3281,3281,3243,3286
6.52891,3.21E+08,3281,3281,3243,3286
7.08821,3.21E+08,3282,3282,3243,3287
8.09516,3.21E+08,3282,3282,3244,3287
8.08819,3.21E+08,3282,3282,3244,3287
7.19952,3.21E+08,3282,3282,3244,3287
8.08937,3.21E+08,3282,3282,3244,3287
6.81048,3.21E+08,3282,3282,3244,3287
7.97772,3.21E+08,3282,3282,3244,3287
9.26552,3.21E+08,3282,3282,3244,3287
7.31301,3.21E+08,3282,3282,3244,3287
7.0222,3.21E+08,3282,3282,3244,3287
7.70109,3.21E+08,3283,3283,3244,3288
7.97638,3.21E+08,3283,3283,3244,3288
6.75946,3.21E+08,3283,3283,3245,3288
6.52578,3.21E+08,3283,3283,3245,3288
8.09128,3.21E+08,3283,3283,3245,3289
7.81761,3.21E+08,3283,3283,3246,3289
6.18573,3.21E+08,3284,3284,3246,3289
8.54855,3.21E+08,3284,3284,3246,3289
8.64578,3.21E+08,3284,3284,3246,3289
7.41945,3.21E+08,3284,3284,3246,3289
7.41631,3.21E+08,3284,3284,3247,3289
7.32178,3.21E+08,3285,3285,3247,3289
7.01969,3.21E+08,3285,3285,3247,3290
7.76682,3.21E+08,3285,3285,3247,3290
6.97786,3.21E+08,3285,3285,3247,3290
8.97953,3.21E+08,3285,3285,3247,3290
8.31721,3.21E+08,3285,3285,3248,3290
7.18915,3.21E+08,3285,3285,3248,3291
8.1035,3.21E+08,3286,3286,3249,3291
7.75349,3.21E+08,3286,3286,3249,3291
7.69541,3.21E+08,3286,3286,3249,3292
6.80349,3.21E+08,3286,3286,3249,3292
7.59803,3.21E+08,3286,3286,3249,3292
7.53379,3.21E+08,3286,3286,3249,3292
8.80166,3.21E+08,3286,3286,3249,3292
7.26384,3.21E+08,3286,3286,3249,3292
6.86666,3.21E+08,3287,3287,3249,3293
7.35925,3.21E+08,3287,3287,3249,3293
7.98015,3.21E+08,3287,3287,3249,3293
6.47056,3.21E+08,3287,3287,3250,3294
6.53244,3.21E+08,3287,3287,3250,3294
6.92038,3.21E+08,3287,3287,3250,3294
6.9796,3.21E+08,3287,3287,3250,3294
7.64089,3.21E+08,3287,3287,3250,3294
7.59389,3.21E+08,3287,3287,3250,3294
7.47128,3.21E+08,3288,3288,3250,3294
8.99141,3.21E+08,3288,3288,3251,3295
7.58338,3.21E+08,3288,3288,3251,3295
8.42912,3.21E+08,3288,3288,3251,3295
7.46789,3.21E+08,3288,3288,3251,3296
8.71588,3.21E+08,3288,3288,3251,3296
8.08846,3.21E+08,3288,3288,3252,3296
10.3265,3.21E+08,3288,3288,3252,3296
8.24832,3.21E+08,3289,3289,3252,3296
7.09786,3.21E+08,3289,3289,3252,3296
7.74876,3.21E+08,3289,3289,3252,3296
6.30944,3.21E+08,3289,3289,3253,3296
7.29318,3.21E+08,3290,3290,3253,3297
6.93312,3.21E+08,3290,3290,3253,3297
7.36731,3.21E+08,3290,3290,3253,3297
7.75381,3.21E+08,3290,3290,3253,3297
8.76513,3.21E+08,3290,3290,3253,3297
7.52173,3.21E+08,3290,3290,3253,3298
8.20828,3.21E+08,3290,3290,3253,3298
8.03697,3.21E+08,3291,3291,3253,3298
6.0297,3.21E+08,3291,3291,3254,3298
7.25359,3.21E+08,3291,3291,3254,3299
6.91776,3.21E+08,3291,3291,3254,3299
7.58607,3.21E+08,3291,3291,3254,3299
7.25153,3.21E+08,3291,3291,3254,3299
6.70716,3.21E+08,3292,3292,3254,3299
7.41702,3.21E+08,3292,3292,3254,3300
6.92151,3.21E+08,3292,3292,3255,3300
6.47024,3.21E+08,3292,3292,3255,3300
8.70784,3.21E+08,3292,3292,3255,3300
8.30281,3.21E+08,3292,3292,3255,3300
7.09712,3.21E+08,3292,3292,3255,3301
8.74863,3.21E+08,3292,3292,3256,3301
7.93623,3.21E+08,3292,3292,3256,3301
8.53432,3.21E+08,3292,3292,3256,3301
8.14895,3.21E+08,3292,3292,3256,3301
7.41918,3.21E+08,3292,3292,3257,3301
7.53542,3.21E+08,3292,3292,3257,3301
6.69454,3.21E+08,3293,3293,3257,3302
6.80518,3.21E+08,3293,3293,3258,3302
8.92381,3.21E+08,3293,3293,3258,3302
7.03542,3.21E+08,3293,3293,3258,3302
7.42576,3.21E+08,3293,3293,3258,3302
7.52285,3.21E+08,3293,3293,3258,3302
7.82353,3.21E+08,3294,3293,3258,3302
8.08769,3.21E+08,3294,3294,3258,3302
6.91446,3.21E+08,3294,3294,3258,3303
7.76043,3.21E+08,3294,3294,3258,3303
6.69448,3.21E+08,3294,3294,3259,3303
6.36384,3.21E+08,3295,3295,3259,3303
6.58134,3.21E+08,3295,3295,3259,3303
7.76129,3.21E+08,3295,3295,3259,3303
8.81383,3.21E+08,3295,3295,3260,3304
7.92597,3.21E+08,3295,3295,3260,3304
7.91772,3.21E+08,3295,3295,3260,3304
7.97893,3.21E+08,3296,3296,3260,3304
7.36193,3.21E+08,3296,3296,3260,3304
7.92542,3.21E+08,3296,3296,3260,3304
8.21054,3.21E+08,3296,3296,3261,3305
7.08493,3.21E+08,3296,3296,3261,3305
6.69796,3.21E+08,3297,3297,3261,3305
6.75771,3.21E+08,3297,3297,3261,3305
6.91214,3.21E+08,3297,3297,3261,3305
7.36805,3.21E+08,3297,3297,3261,3305
6.75191,3.21E+08,3297,3297,3261,3305
8.82015,3.21E+08,3297,3297,3262,3305
6.63585,3.21E+08,3298,3298,3262,3305
7.14612,3.21E+08,3298,3298,3262,3305
8.0301,3.21E+08,3298,3298,3262,3305
7.41912,3.21E+08,3298,3298,3263,3305
8.31807,3.21E+08,3298,3298,3263,3305
7.31403,3.21E+08,3298,3298,3263,3306
8.24745,3.21E+08,3299,3299,3263,3306
8.27268,3.21E+08,3299,3299,3263,3306
7.13578,3.21E+08,3299,3299,3264,3306
8.701,3.21E+08,3299,3299,3264,3306
9.09898,3.21E+08,3300,3300,3264,3306
8.98088,3.21E+08,3300,3300,3264,3306
8.03238,3.21E+08,3300,3300,3264,3306
8.77199,3.21E+08,3300,3300,3264,3307
7.4731,3.21E+08,3300,3300,3264,3307
7.02855,3.21E+08,3300,3300,3265,3307
8.37346,3.21E+08,3300,3300,3265,3307
8.81824,3.21E+08,3301,3301,3265,3307
7.58765,3.21E+08,3301,3301,3265,3307
7.36823,3.21E+08,3301,3301,3265,3307
8.54385,3.21E+08,3301,3301,3265,3307
6.35735,3.21E+08,3302,3302,3265,3308
8.36894,3.21E+08,3302,3302,3266,3308
7.87051,3.21E+08,3302,3302,3266,3308
7.69692,3.21E+08,3302,3302,3266,3308
8.0376,3.21E+08,3303,3303,3266,3308
7.48157,3.21E+08,3303,3303,3266,3308
5.96744,3.21E+08,3303,3303,3266,3308
6.35769,3.21E+08,3303,3303,3266,3309
7.75932,3.21E+08,3303,3303,3267,3309
7.02472,3.21E+08,3303,3303,3267,3309
7.6498,3.21E+08,3303,3303,3267,3309
6.97263,3.21E+08,3304,3304,3267,3309
7.14598,3.21E+08,3304,3304,3267,3310
7.48237,3.21E+08,3304,3304,3268,3310
8.14165,3.21E+08,3304,3304,3268,3310
8.09404,3.21E+08,3304,3304,3268,3310
9.48273,3.21E+08,3304,3304,3269,3310
7.31237,3.21E+08,3304,3304,3269,3310
8.08402,3.21E+08,3304,3304,3269,3310
7.92411,3.21E+08,3304,3304,3270,3310
7.9846,3.21E+08,3305,3305,3270,3310
8.42364,3.21E+08,3305,3305,3270,3310
7.19553,3.21E+08,3305,3305,3271,3311
7.64657,3.21E+08,3306,3306,3271,3311
8.20812,3.21E+08,3306,3306,3271,3311
8.52631,3.21E+08,3306,3306,3271,3311
8.49303,3.21E+08,3306,3306,3271,3311
7.75303,3.21E+08,3306,3306,3272,3311
7.64837,3.21E+08,3306,3306,3272,3312
8.63496,3.21E+08,3306,3306,3272,3312
8.4952,3.21E+08,3306,3306,3272,3312
8.26103,3.21E+08,3307,3307,3272,3312
7.19355,3.21E+08,3307,3307,3272,3312
8.31202,3.21E+08,3307,3307,3272,3312
7.64106,3.21E+08,3307,3307,3273,3312
7.99013,3.21E+08,3307,3307,3273,3313
7.64032,3.21E+08,3308,3308,3273,3313
7.70328,3.21E+08,3308,3308,3274,3313
7.36423,3.21E+08,3308,3308,3274,3313
5.97382,3.21E+08,3308,3308,3274,3313
8.30889,3.21E+08,3309,3309,3274,3313
8.1517,3.21E+08,3309,3309,3274,3313
8.69317,3.21E+08,3310,3310,3275,3313
7.1517,3.21E+08,3310,3310,3275,3314
7.02859,3.21E+08,3310,3310,3275,3314
7.70298,3.21E+08,3310,3310,3275,3314
6.91456,3.21E+08,3310,3310,3275,3314
8.54366,3.21E+08,3310,3310,3275,3314
6.57925,3.21E+08,3310,3310,3275,3314
8.31862,3.21E+08,3310,3310,3275,3314
8.03421,3.21E+08,3310,3310,3276,3314
8.14738,3.21E+08,3310,3310,3276,3314
7.37032,3.21E+08,3311,3311,3276,3315
8.30972,3.21E+08,3311,3311,3276,3315
7.53003,3.21E+08,3311,3311,3276,3315
8.76568,3.21E+08,3311,3311,3276,3315
7.69619,3.21E+08,3311,3311,3276,3315
7.31109,3.21E+08,3311,3311,3276,3315
7.64417,3.21E+08,3311,3311,3277,3315
6.5319,3.21E+08,3312,3312,3277,3315
7.87237,3.21E+08,3312,3312,3277,3315
7.86292,3.21E+08,3312,3312,3277,3315
7.03494,3.21E+08,3312,3312,3277,3315
8.25175,3.21E+08,3312,3312,3277,3315
8.03649,3.21E+08,3312,3312,3278,3315
7.534,3.21E+08,3312,3312,3278,3316
7.09059,3.21E+08,3312,3313,3278,3316
8.53076,3.21E+08,3313,3313,3278,3316
5.86253,3.21E+08,3313,3313,3278,3317
6.02068,3.21E+08,3313,3313,3278,3317
6.0828,3.21E+08,3313,3313,3279,3317
8.20342,3.21E+08,3314,3314,3279,3317
7.86871,3.21E+08,3314,3314,3279,3317
7.70229,3.21E+08,3314,3314,3279,3317
6.75469,3.21E+08,3314,3314,3280,3317
8.25535,3.21E+08,3314,3314,3280,3317
7.47734,3.21E+08,3314,3314,3280,3317
7.42065,3.21E+08,3314,3314,3281,3318
6.92074,3.21E+08,3314,3314,3281,3318
6.91743,3.21E+08,3314,3314,3281,3318
7.76135,3.21E+08,3315,3314,3281,3318
7.02876,3.21E+08,3315,3315,3281,3318
7.69722,3.21E+08,3315,3315,3281,3318
6.80899,3.21E+08,3315,3315,3281,3318
6.75607,3.21E+08,3315,3315,3281,3318
8.97762,3.21E+08,3315,3315,3281,3319
7.70564,3.21E+08,3315,3315,3281,3319
7.36295,3.21E+08,3315,3315,3281,3319
7.63986,3.21E+08,3316,3315,3281,3319
6.86235,3.21E+08,3316,3316,3282,3319
7.03958,3.21E+08,3316,3316,3282,3319
7.41287,3.21E+08,3316,3316,3282,3319
7.99138,3.21E+08,3316,3316,3282,3319
9.03673,3.21E+08,3316,3316,3282,3319
7.5779,3.21E+08,3316,3316,3283,3319
8.71764,3.21E+08,3317,3316,3283,3319
8.19828,3.21E+08,3317,3317,3283,3320
6.69533,3.21E+08,3317,3317,3283,3320
8.25877,3.21E+08,3317,3317,3283,3320
7.6481,3.21E+08,3317,3317,3283,3320
8.25613,3.21E+08,3317,3317,3283,3320
8.59642,3.21E+08,3317,3317,3284,3320
7.42648,3.21E+08,3317,3317,3284,3320
8.9221,3.21E+08,3317,3317,3284,3320
7.4225,3.21E+08,3318,3318,3284,3321
8.65159,3.21E+08,3318,3318,3284,3321
7.24446,3.21E+08,3318,3318,3285,3321
7.04083,3.21E+08,3318,3318,3285,3321
7.08208,3.21E+08,3318,3318,3285,3321
7.64693,3.21E+08,3318,3318,3285,3321
6.86158,3.21E+08,3318,3318,3285,3321
7.87021,3.21E+08,3318,3318,3285,3321
6.97243,3.21E+08,3318,3318,3285,3321
7.14511,3.21E+08,3319,3319,3286,3321
8.20489,3.21E+08,3319,3319,3286,3321
6.80469,3.21E+08,3319,3319,3287,3322
7.75317,3.21E+08,3319,3319,3287,3322
7.64966,3.21E+08,3319,3319,3287,3322
7.70314,3.21E+08,3319,3319,3287,3322
7.9737,3.21E+08,3319,3319,3287,3322
8.86922,3.21E+08,3319,3319,3287,3322
8.03738,3.21E+08,3319,3319,3287,3322
8.31568,3.21E+08,3319,3319,3287,3323
6.80596,3.21E+08,3319,3319,3287,3323
8.03948,3.21E+08,3320,3319,3288,3323
7.53748,3.21E+08,3320,3320,3288,3323
7.63806,3.21E+08,3320,3320,3288,3323
8.31618,3.21E+08,3320,3320,3288,3323
7.64957,3.21E+08,3320,3320,3288,3323
7.9738,3.21E+08,3320,3320,3288,3323
8.75759,3.21E+08,3320,3320,3288,3323
7.09136,3.21E+08,3320,3320,3288,3323
7.59371,3.21E+08,3320,3320,3288,3323
8.02348,3.21E+08,3320,3320,3288,3324
6.58201,3.21E+08,3320,3320,3289,3324
7.54426,3.21E+08,3321,3321,3289,3324
7.8087,3.21E+08,3321,3321,3289,3324
7.81641,3.21E+08,3321,3321,3289,3324
8.30301,3.21E+08,3321,3321,3289,3324
6.9867,3.21E+08,3321,3321,3290,3325
7.6951,3.21E+08,3321,3321,3290,3325
8.93377,3.21E+08,3321,3321,3290,3325
6.35771,3.21E+08,3321,3321,3290,3325
7.02798,3.21E+08,3321,3321,3290,3325
6.3635,3.21E+08,3321,3321,3290,3325
7.60922,3.21E+08,3321,3321,3290,3325
7.45079,3.21E+08,3321,3321,3291,3326
7.59132,3.21E+08,3321,3321,3291,3326
7.25373,3.21E+08,3321,3321,3291,3326
7.58917,3.21E+08,3322,3322,3291,3326
7.64405,3.21E+08,3322,3322,3291,3326
6.80675,3.21E+08,3322,3322,3291,3326
8.31328,3.21E+08,3322,3322,3291,3326
7.2598,3.21E+08,3322,3323,3291,3326
6.69888,3.21E+08,3323,3323,3291,3326
5.96117,3.21E+08,3323,3323,3292,3326
6.25979,3.21E+08,3323,3323,3292,3327
7.91842,3.21E+08,3323,3323,3292,3327
7.14647,3.21E+08,3323,3323,3292,3327
8.26433,3.21E+08,3323,3323,3293,3327
7.69747,3.21E+08,3324,3324,3293,3328
6.91631,3.21E+08,3324,3324,3293,3328
8.71073,3.21E+08,3324,3324,3293,3328
8.08605,3.21E+08,3324,3324,3293,3328
7.87354,3.21E+08,3324,3324,3293,3328
7.91794,3.21E+08,3325,3325,3293,3328
7.80921,3.21E+08,3325,3325,3293,3328
6.80286,3.21E+08,3325,3325,3293,3329
7.76906,3.21E+08,3325,3325,3293,3329
6.80538,3.21E+08,3325,3325,3293,3329
6.91647,3.21E+08,3325,3325,3294,3329
7.31237,3.21E+08,3325,3325,3294,3329
7.42517,3.21E+08,3325,3325,3294,3329
8.19355,3.21E+08,3326,3326,3294,3330
6.9799,3.21E+08,3326,3326,3294,3330
7.53752,3.21E+08,3326,3326,3294,3330
7.64053,3.21E+08,3327,3327,3294,3330
8.70176,3.21E+08,3327,3327,3294,3330
7.14688,3.21E+08,3327,3327,3294,3330
7.75292,3.21E+08,3327,3327,3295,3330
6.97828,3.21E+08,3327,3327,3295,3331
7.63407,3.21E+08,3327,3327,3295,3331
7.71211,3.21E+08,3328,3328,3295,3331
5.91277,3.21E+08,3328,3328,3295,3331
6.5868,3.21E+08,3328,3328,3296,3331
8.08729,3.21E+08,3328,3328,3296,3331
6.75615,3.21E+08,3328,3328,3296,3331
7.63925,3.21E+08,3328,3328,3296,3332
7.97823,3.21E+08,3328,3328,3296,3332
8.26111,3.21E+08,3328,3328,3296,3332
7.36658,3.21E+08,3328,3328,3296,3332
6.91874,3.21E+08,3328,3328,3296,3332
8.14919,3.21E+08,3329,3329,3297,3332
8.59013,3.21E+08,3329,3329,3297,3333
7.86754,3.21E+08,3329,3329,3297,3333
9.37565,3.21E+08,3329,3329,3297,3333
6.75536,3.21E+08,3329,3329,3297,3333
6.80395,3.21E+08,3329,3329,3298,3333
6.6432,3.21E+08,3329,3329,3298,3333
7.47388,3.21E+08,3329,3329,3298,3333
6.80538,3.21E+08,3330,3330,3298,3334
8.53856,3.21E+08,3330,3330,3299,3334
8.14728,3.21E+08,3330,3330,3299,3334
7.76128,3.21E+08,3330,3330,3299,3334
7.36243,3.21E+08,3330,3330,3300,3334
9.43078,3.21E+08,3330,3330,3300,3334
7.81105,3.21E+08,3330,3330,3300,3334
8.70946,3.21E+08,3330,3330,3300,3334
8.69789,3.21E+08,3330,3330,3300,3334
7.36523,3.21E+08,3331,3331,3300,3334
7.31337,3.21E+08,3331,3331,3301,3334
7.31425,3.21E+08,3331,3331,3301,3335
7.2494,3.21E+08,3331,3331,3301,3335
7.14475,3.21E+08,3331,3331,3301,3335
8.53438,3.21E+08,3331,3331,3301,3335
7.59287,3.21E+08,3331,3331,3301,3335
6.58162,3.21E+08,3332,3332,3301,3335
6.30419,3.21E+08,3332,3332,3302,3335
8.37286,3.21E+08,3332,3332,3302,3336
6.86808,3.21E+08,3332,3332,3302,3336
7.19099,3.21E+08,3332,3332,3302,3336
8.86975,3.21E+08,3333,3332,3302,3336
7.9841,3.21E+08,3333,3333,3302,3336
6.92425,3.21E+08,3333,3333,3302,3337
7.40395,3.21E+08,3333,3333,3302,3337
8.94177,3.21E+08,3333,3333,3302,3337
8.86967,3.21E+08,3333,3333,3302,3337
7.47996,3.21E+08,3333,3333,3303,3337
7.53127,3.21E+08,3333,3333,3303,3337
7.8694,3.21E+08,3333,3333,3303,3337
7.70422,3.21E+08,3333,3333,3303,3337
6.36084,3.21E+08,3334,3334,3303,3337
7.97721,3.21E+08,3334,3334,3303,3337
7.64534,3.21E+08,3334,3334,3303,3337
6.63798,3.21E+08,3334,3334,3303,3337
6.58607,3.21E+08,3334,3334,3304,3338
6.75627,3.21E+08,3334,3334,3304,3338
7.3035,3.21E+08,3335,3335,3304,3338
7.42233,3.21E+08,3335,3335,3304,3338
7.86774,3.21E+08,3335,3335,3304,3338
6.69957,3.21E+08,3335,3335,3304,3338
7.98468,3.21E+08,3335,3335,3304,3338
7.75192,3.21E+08,3335,3335,3304,3338
6.8649,3.21E+08,3335,3335,3305,3339
6.63225,3.21E+08,3335,3335,3305,3339
8.32761,3.21E+08,3336,3336,3305,3339
8.14105,3.21E+08,3336,3336,3305,3339
7.25683,3.21E+08,3336,3336,3305,3339
6.74319,3.21E+08,3336,3336,3305,3339
6.92782,3.21E+08,3336,3336,3305,3340
5.68874,3.21E+08,3336,3336,3306,3340
8.03223,3.21E+08,3336,3336,3306,3340
7.59092,3.21E+08,3336,3336,3306,3341
9.59804,3.21E+08,3337,3337,3306,3341
7.64299,3.21E+08,3337,3337,3306,3341
7.25264,3.21E+08,3337,3337,3306,3341
6.54025,3.21E+08,3337,3337,3306,3341
8.69633,3.21E+08,3337,3337,3306,3341
8.47902,3.21E+08,3337,3337,3307,3341
7.53745,3.21E+08,3337,3337,3307,3341
6.92111,3.21E+08,3337,3337,3307,3341
6.97285,3.21E+08,3337,3337,3308,3341
7.8155,3.21E+08,3337,3337,3308,3342
7.58133,3.21E+08,3337,3337,3308,3342
6.97429,3.21E+08,3338,3338,3308,3342
6.64326,3.21E+08,3338,3338,3308,3342
7.92815,3.21E+08,3338,3338,3308,3342
8.30302,3.21E+08,3338,3338,3309,3342
5.97594,3.21E+08,3338,3338,3309,3343
7.52849,3.21E+08,3338,3338,3309,3343
8.42791,3.21E+08,3339,3339,3309,3343
7.80954,3.21E+08,3339,3339,3309,3343
8.09975,3.21E+08,3339,3339,3309,3343
8.02526,3.21E+08,3339,3339,3309,3343
8.83021,3.21E+08,3339,3339,3310,3343
7.08345,3.21E+08,3339,3340,3310,3344
7.97728,3.21E+08,3340,3340,3310,3344
7.92844,3.21E+08,3340,3340,3310,3344
8.74837,3.21E+08,3340,3340,3311,3344
7.87862,3.21E+08,3340,3340,3311,3344
8.19184,3.21E+08,3340,3340,3311,3345
6.92912,3.21E+08,3340,3340,3311,3345
6.58156,3.21E+08,3340,3340,3311,3345
7.03364,3.21E+08,3340,3340,3311,3345
8.47789,3.21E+08,3341,3341,3311,3345
8.43173,3.21E+08,3341,3341,3312,3345
6.52433,3.21E+08,3341,3341,3312,3345
7.42564,3.21E+08,3341,3341,3313,3345
8.58803,3.21E+08,3342,3342,3313,3346
8.8137,3.21E+08,3342,3342,3313,3346
7.81524,3.21E+08,3342,3342,3313,3346
7.19775,3.21E+08,3342,3342,3313,3346
7.70184,3.21E+08,3342,3342,3313,3346
8.25828,3.21E+08,3342,3342,3313,3346
7.47869,3.21E+08,3342,3342,3314,3346
8.03326,3.21E+08,3342,3342,3314,3346
8.15272,3.21E+08,3342,3342,3314,3346
7.47311,3.21E+08,3342,3342,3314,3346
8.31758,3.21E+08,3342,3342,3314,3346
6.74512,3.21E+08,3342,3342,3315,3347
7.19401,3.21E+08,3342,3342,3315,3347
7.65616,3.21E+08,3342,3342,3315,3347
8.1504,3.21E+08,3342,3342,3315,3347
7.0272,3.21E+08,3342,3342,3315,3347
8.19993,3.21E+08,3342,3342,3315,3347
7.14517,3.21E+08,3343,3343,3316,3347
7.65042,3.21E+08,3343,3343,3316,3347
7.36177,3.21E+08,3343,3343,3316,3347
7.1888,3.21E+08,3343,3343,3316,3347
6.14542,3.21E+08,3343,3343,3316,3347
7.36647,3.21E+08,3343,3343,3316,3347
7.2585,3.21E+08,3343,3343,3316,3347
7.30149,3.21E+08,3344,3344,3316,3348
8.42685,3.21E+08,3344,3344,3317,3348
8.48567,3.21E+08,3344,3344,3317,3348
8.03366,3.21E+08,3344,3344,3317,3348
6.75273,3.21E+08,3344,3344,3317,3348
6.30617,3.21E+08,3344,3344,3317,3348
8.64677,3.21E+08,3344,3344,3317,3348
7.8714,3.21E+08,3345,3345,3318,3348
7.07749,3.21E+08,3345,3345,3318,3348
8.15889,3.21E+08,3345,3345,3318,3349
5.74364,3.21E+08,3345,3345,3318,3349
8.03714,3.21E+08,3345,3345,3318,3349
7.81717,3.21E+08,3345,3345,3318,3349
6.85884,3.21E+08,3346,3346,3318,3349
7.87157,3.21E+08,3346,3346,3319,3349
7.30299,3.21E+08,3346,3346,3319,3349
6.13901,3.21E+08,3346,3346,3319,3349
7.2023,3.21E+08,3346,3346,3319,3349
6.25232,3.21E+08,3346,3346,3319,3349
8.19445,3.21E+08,3346,3346,3320,3350
6.91758,3.21E+08,3346,3346,3320,3350
7.59159,3.21E+08,3346,3346,3320,3350
8.37227,3.21E+08,3346,3346,3321,3350
7.59457,3.21E+08,3347,3347,3321,3350
6.63762,3.21E+08,3347,3347,3321,3350
8.58612,3.21E+08,3347,3347,3321,3350
6.30932,3.21E+08,3347,3347,3321,3350
8.75747,3.21E+08,3347,3347,3321,3351
6.92091,3.21E+08,3347,3347,3321,3351
9.37761,3.21E+08,3348,3348,3321,3351
8.37006,3.21E+08,3348,3348,3322,3351
6.25034,3.21E+08,3348,3348,3322,3351
7.4188,3.21E+08,3348,3348,3322,3351
6.97569,3.21E+08,3348,3348,3322,3351
6.80538,3.21E+08,3348,3348,3322,3351
7.36715,3.21E+08,3348,3348,3322,3351
8.25686,3.21E+08,3348,3348,3322,3352
8.31733,3.21E+08,3348,3348,3322,3352
7.08833,3.21E+08,3348,3348,3323,3352
7.36351,3.21E+08,3348,3348,3323,3352
7.20062,3.21E+08,3349,3348,3323,3352
6.70031,3.21E+08,3349,3349,3323,3353
6.52094,3.21E+08,3349,3349,3323,3353
7.0297,3.21E+08,3349,3349,3323,3353
8.48528,3.21E+08,3349,3349,3323,3353
7.36373,3.21E+08,3349,3349,3323,3353
7.87072,3.21E+08,3349,3349,3323,3353
7.42597,3.21E+08,3349,3349,3323,3353
6.97256,3.21E+08,3349,3349,3323,3353
8.31096,3.21E+08,3349,3349,3324,3354
8.2629,3.21E+08,3349,3349,3324,3354
7.69627,3.21E+08,3349,3349,3324,3354
7.5938,3.21E+08,3349,3349,3324,3354
9.30495,3.21E+08,3349,3349,3324,3354
7.93617,3.21E+08,3349,3349,3324,3354
7.2504,3.21E+08,3350,3350,3324,3354
7.92852,3.21E+08,3350,3350,3324,3354
6.91408,3.21E+08,3350,3350,3324,3354
7.42117,3.21E+08,3350,3350,3325,3354
7.87116,3.21E+08,3350,3350,3325,3354
7.3132,3.21E+08,3350,3350,3325,3354
6.79898,3.21E+08,3351,3351,3325,3354
6.64811,3.21E+08,3351,3351,3325,3354
7.30427,3.21E+08,3351,3351,3325,3354
7.92156,3.21E+08,3351,3351,3325,3355
8.43068,3.21E+08,3351,3351,3326,3355
6.91603,3.21E+08,3352,3352,3326,3355
6.08495,3.21E+08,3352,3352,3326,3355
7.14587,3.21E+08,3352,3352,3326,3355
7.58467,3.21E+08,3352,3352,3326,3355
8.53504,3.21E+08,3352,3352,3326,3355
7.42353,3.21E+08,3352,3352,3326,3355
7.47506,3.21E+08,3352,3352,3326,3355
7.59363,3.21E+08,3352,3352,3326,3355
8.20408,3.21E+08,3352,3352,3326,3356
7.19744,3.21E+08,3352,3352,3326,3356
7.14441,3.21E+08,3353,3353,3326,3356
8.35975,3.21E+08,3353,3353,3326,3356
7.93293,3.21E+08,3353,3353,3327,3356
8.08885,3.21E+08,3353,3353,3327,3356
8.92644,3.21E+08,3353,3353,3327,3356
7.76006,3.21E+08,3353,3353,3327,3356
7.87274,3.21E+08,3353,3353,3327,3356
8.14221,3.21E+08,3353,3353,3327,3357
7.14652,3.21E+08,3353,3353,3327,3357
8.53154,3.21E+08,3354,3354,3327,3357
7.98429,3.21E+08,3354,3354,3327,3357
8.36459,3.21E+08,3354,3354,3328,3358
7.92752,3.21E+08,3354,3354,3328,3358
7.41837,3.21E+08,3355,3355,3328,3358
6.92195,3.21E+08,3355,3355,3328,3358
7.0824,3.21E+08,3355,3355,3328,3358
8.65438,3.21E+08,3355,3355,3328,3358
7.24999,3.21E+08,3355,3355,3328,3358
7.59273,3.21E+08,3355,3355,3328,3358
7.13834,3.21E+08,3355,3355,3328,3358
7.69742,3.21E+08,3355,3355,3328,3358
7.42051,3.21E+08,3355,3355,3328,3358
6.87285,3.21E+08,3355,3355,3328,3358
7.80855,3.21E+08,3355,3355,3329,3359
7.70271,3.21E+08,3356,3356,3329,3359
8.24801,3.21E+08,3356,3356,3329,3359
7.76925,3.21E+08,3356,3356,3329,3359
7.24978,3.21E+08,3356,3356,3329,3359
8.31027,3.21E+08,3356,3356,3329,3359
7.59202,3.21E+08,3356,3356,3329,3359
6.86633,3.21E+08,3356,3356,3329,3359
7.74492,3.21E+08,3357,3357,3329,3359
7.76486,3.21E+08,3357,3357,3330,3359
6.92042,3.21E+08,3357,3357,3330,3360
7.92035,3.21E+08,3357,3357,3331,3360
8.70835,3.21E+08,3357,3357,3331,3360
6.91855,3.21E+08,3357,3357,3331,3360
6.52908,3.21E+08,3358,3358,3331,3360
7.36976,3.21E+08,3358,3358,3331,3360
7.69582,3.21E+08,3358,3358,3331,3360
7.75625,3.21E+08,3358,3358,3331,3361
7.31229,3.21E+08,3358,3358,3331,3361
7.13972,3.21E+08,3358,3358,3332,3361
7.08966,3.21E+08,3358,3358,3332,3361
8.35834,3.21E+08,3358,3358,3332,3362
6.87295,3.21E+08,3358,3358,3332,3362
7.58552,3.21E+08,3358,3358,3332,3362
7.86956,3.21E+08,3358,3358,3332,3362
7.7548,3.21E+08,3359,3359,3332,3362
7.48162,3.21E+08,3359,3359,3332,3362
6.41197,3.21E+08,3359,3359,3332,3362
8.14705,3.21E+08,3359,3359,3332,3362
8.31194,3.21E+08,3359,3359,3332,3362
7.81674,3.21E+08,3359,3359,3333,3362
8.03835,3.21E+08,3359,3359,3333,3362
7.91451,3.21E+08,3360,3360,3333,3362
8.10205,3.21E+08,3360,3360,3333,3362
7.0269,3.21E+08,3360,3360,3333,3363
8.54061,3.21E+08,3360,3360,3333,3363
8.53484,3.21E+08,3360,3360,3333,3363
7.87355,3.21E+08,3360,3360,3333,3363
7.1919,3.21E+08,3360,3360,3334,3363
8.65379,3.21E+08,3360,3360,3334,3363
7.75626,3.21E+08,3360,3360,3334,3363
6.92029,3.21E+08,3360,3360,3334,3363
6.79881,3.21E+08,3360,3360,3334,3364
8.8856,3.21E+08,3361,3361,3334,3364
8.25569,3.21E+08,3361,3361,3334,3364
7.58642,3.21E+08,3361,3361,3335,3364
8.75873,3.21E+08,3361,3361,3335,3365
7.92287,3.21E+08,3361,3361,3335,3365
8.3131,3.21E+08,3361,3361,3335,3365
7.59308,3.21E+08,3362,3362,3336,3365
7.87114,3.21E+08,3362,3362,3336,3365
7.92096,3.21E+08,3362,3362,3336,3365
6.91656,3.21E+08,3362,3362,3337,3365
7.98249,3.21E+08,3362,3362,3337,3365
8.8757,3.21E+08,3363,3363,3337,3365
9.54687,3.21E+08,3363,3363,3337,3365
8.42295,3.21E+08,3363,3363,3337,3365
8.24778,3.21E+08,3363,3363,3338,3366
7.37439,3.21E+08,3363,3363,3338,3366
8.14883,3.21E+08,3363,3363,3338,3366
7.24934,3.21E+08,3363,3363,3338,3366
6.91997,3.21E+08,3363,3363,3339,3366
9.82514,3.21E+08,3363,3363,3339,3366
8.03062,3.21E+08,3363,3363,3339,3366
6.64311,3.21E+08,3363,3363,3339,3366
8.20356,3.21E+08,3363,3363,3339,3366
7.58975,3.21E+08,3363,3363,3340,3366
7.134,3.21E+08,3363,3363,3340,3366
7.92899,3.21E+08,3364,3364,3340,3366
7.36611,3.21E+08,3364,3364,3340,3367
7.70483,3.21E+08,3364,3364,3340,3367
6.90963,3.21E+08,3364,3364,3340,3367
8.04782,3.21E+08,3364,3364,3341,3367
8.14417,3.21E+08,3364,3364,3341,3367
6.74996,3.21E+08,3364,3364,3341,3367
8.25977,3.21E+08,3364,3364,3341,3368
8.15313,3.21E+08,3364,3364,3341,3368
7.36158,3.21E+08,3364,3364,3341,3368
7.75321,3.21E+08,3364,3364,3341,3368
7.7048,3.21E+08,3365,3365,3341,3368
7.52984,3.21E+08,3365,3365,3341,3368
6.75003,3.21E+08,3365,3365,3341,3368
8.03488,3.21E+08,3365,3365,3341,3368
7.14007,3.21E+08,3365,3365,3341,3368
7.09805,3.21E+08,3365,3365,3341,3368
8.58262,3.21E+08,3365,3365,3341,3369
7.42393,3.21E+08,3365,3365,3341,3369
6.19409,3.21E+08,3365,3365,3342,3369
7.69991,3.21E+08,3365,3365,3342,3369
6.92319,3.21E+08,3365,3365,3342,3369
7.64103,3.21E+08,3366,3366,3342,3369
8.70867,3.21E+08,3366,3366,3342,3369
8.7588,3.21E+08,3366,3366,3342,3369
7.48183,3.21E+08,3366,3366,3342,3369
8.36473,3.21E+08,3367,3367,3343,3369
8.65405,3.21E+08,3367,3367,3343,3369
7.3045,3.21E+08,3367,3367,3343,3370
6.75001,3.21E+08,3367,3367,3343,3370
10.1038,3.21E+08,3367,3367,3343,3370
8.9878,3.21E+08,3367,3367,3343,3370
7.53009,3.21E+08,3367,3367,3344,3370
8.98719,3.21E+08,3367,3367,3344,3370
7.8017,3.21E+08,3367,3367,3344,3370
8.10118,3.21E+08,3367,3367,3344,3370
8.54264,3.21E+08,3367,3367,3344,3371
7.80211,3.21E+08,3368,3368,3344,3371
8.09618,3.21E+08,3368,3368,3344,3371
8.98721,3.21E+08,3368,3368,3344,3371
6.91065,3.21E+08,3368,3368,3344,3371
7.99128,3.21E+08,3368,3368,3344,3371
7.52284,3.21E+08,3368,3368,3344,3372
7.19315,3.21E+08,3368,3368,3344,3372
6.3145,3.21E+08,3368,3368,3344,3372
7.03382,3.21E+08,3368,3368,3345,3372
8.4761,3.21E+08,3368,3368,3345,3372
8.20785,3.21E+08,3368,3368,3345,3372
7.24334,3.21E+08,3368,3368,3345,3372
6.25393,3.21E+08,3368,3368,3345,3372
7.47633,3.21E+08,3369,3369,3345,3372
7.3127,3.21E+08,3369,3369,3345,3372
8.65154,3.21E+08,3369,3369,3345,3373
6.81237,3.21E+08,3369,3369,3345,3373
7.75193,3.21E+08,3369,3369,3345,3373
7.58376,3.21E+08,3369,3369,3345,3373
7.36406,3.21E+08,3369,3369,3346,3373
7.7117,3.21E+08,3369,3369,3346,3373
7.0768,3.21E+08,3369,3369,3346,3373
7.42542,3.21E+08,3369,3369,3346,3373
6.9765,3.21E+08,3369,3370,3346,3373
8.26069,3.21E+08,3370,3370,3346,3374
8.65466,3.21E+08,3370,3370,3346,3374
9.03412,3.21E+08,3371,3371,3346,3374
8.37371,3.21E+08,3371,3371,3346,3374
7.97665,3.21E+08,3371,3371,3347,3374
7.92054,3.21E+08,3371,3371,3347,3374
7.36973,3.21E+08,3371,3371,3347,3374
7.52878,3.21E+08,3371,3371,3347,3374
6.92362,3.21E+08,3372,3372,3347,3374
9.02917,3.21E+08,3372,3372,3347,3375
7.47928,3.21E+08,3372,3372,3347,3375
7.48191,3.21E+08,3372,3372,3347,3375
7.4799,3.21E+08,3372,3372,3348,3375
8.0869,3.21E+08,3372,3372,3348,3375
7.09145,3.21E+08,3372,3372,3348,3375
6.63559,3.21E+08,3372,3372,3348,3375
7.31432,3.21E+08,3372,3372,3348,3375
7.0185,3.21E+08,3372,3372,3348,3375
7.76057,3.21E+08,3373,3373,3348,3375
7.0895,3.21E+08,3373,3373,3348,3375
7.14454,3.21E+08,3373,3373,3348,3375
6.92324,3.21E+08,3373,3373,3349,3375
7.58438,3.21E+08,3373,3373,3349,3376
6.97749,3.21E+08,3373,3373,3349,3376
6.7485,3.21E+08,3373,3373,3349,3376
7.03495,3.21E+08,3373,3373,3349,3376
6.91383,3.21E+08,3373,3373,3349,3376
8.1521,3.21E+08,3374,3374,3349,3376
8.48449,3.21E+08,3374,3374,3349,3376
8.53241,3.21E+08,3374,3374,3349,3377
7.03109,3.21E+08,3374,3374,3350,3377
6.6427,3.21E+08,3374,3374,3350,3377
8.03902,3.21E+08,3374,3374,3350,3377
8.52725,3.21E+08,3375,3375,3350,3377
6.86607,3.21E+08,3375,3375,3350,3377
8.8769,3.21E+08,3375,3375,3350,3377
8.64348,3.21E+08,3375,3375,3350,3377
8.25613,3.21E+08,3375,3375,3350,3377
7.64877,3.21E+08,3375,3375,3350,3377
6.80732,3.21E+08,3375,3375,3350,3377
7.08761,3.21E+08,3375,3375,3350,3377
7.48104,3.21E+08,3376,3376,3351,3378
8.19663,3.21E+08,3376,3376,3351,3378
7.70092,3.21E+08,3376,3376,3351,3378
7.69624,3.21E+08,3376,3376,3351,3378
7.65671,3.21E+08,3376,3376,3351,3378
7.13871,3.21E+08,3376,3376,3351,3378
8.82117,3.21E+08,3376,3376,3351,3378
7.58517,3.21E+08,3376,3376,3352,3378
7.53533,3.21E+08,3377,3376,3352,3378
7.13377,3.21E+08,3377,3377,3352,3379
7.93418,3.21E+08,3377,3377,3352,3379
6.86075,3.21E+08,3377,3377,3352,3379
8.03593,3.21E+08,3377,3377,3352,3379
8.09056,3.21E+08,3378,3378,3352,3379
8.59631,3.21E+08,3378,3378,3352,3379
6.69391,3.21E+08,3378,3378,3353,3379
5.75091,3.21E+08,3378,3378,3353,3379
7.91711,3.21E+08,3378,3378,3353,3379
7.70573,3.21E+08,3378,3378,3353,3379
6.8038,3.21E+08,3378,3378,3353,3380
7.14423,3.21E+08,3378,3378,3353,3380
6.36516,3.21E+08,3378,3378,3353,3380
8.58889,3.21E+08,3378,3378,3353,3380
6.85991,3.21E+08,3378,3378,3354,3380
8.1441,3.21E+08,3379,3379,3354,3380
7.81595,3.21E+08,3379,3379,3354,3380
7.81692,3.21E+08,3379,3379,3354,3380
8.64618,3.21E+08,3379,3379,3354,3381
7.08997,3.21E+08,3379,3379,3354,3381
8.1427,3.21E+08,3379,3379,3355,3381
8.20096,3.21E+08,3379,3379,3356,3381
8.20318,3.21E+08,3379,3379,3356,3381
8.20704,3.21E+08,3379,3379,3356,3381
8.02505,3.21E+08,3379,3379,3356,3381
6.92789,3.21E+08,3379,3379,3356,3381
8.3656,3.21E+08,3379,3379,3356,3381
7.37001,3.21E+08,3380,3380,3356,3382
5.5721,3.21E+08,3380,3380,3357,3382
7.08963,3.21E+08,3380,3380,3357,3382
6.41919,3.21E+08,3380,3380,3357,3382
7.59162,3.21E+08,3380,3380,3357,3382
7.08903,3.21E+08,3380,3380,3357,3382
8.14402,3.21E+08,3380,3380,3357,3382
8.14807,3.21E+08,3380,3380,3357,3382
7.53072,3.21E+08,3380,3380,3357,3383
9.21253,3.21E+08,3380,3380,3358,3383
7.63989,3.21E+08,3381,3381,3358,3383
7.47396,3.21E+08,3381,3381,3358,3383
6.97306,3.21E+08,3381,3381,3358,3383
6.9841,3.21E+08,3381,3381,3358,3383
7.07729,3.21E+08,3381,3381,3358,3383
8.37539,3.21E+08,3381,3381,3359,3384
7.92061,3.21E+08,3381,3381,3359,3384
6.70496,3.21E+08,3381,3381,3359,3384
6.41389,3.21E+08,3381,3381,3359,3384
6.13894,3.21E+08,3381,3381,3359,3384
6.2529,3.21E+08,3381,3381,3359,3384
8.6988,3.21E+08,3382,3382,3359,3384
6.91681,3.21E+08,3382,3382,3359,3384
7.70497,3.21E+08,3382,3382,3359,3384
9.37067,3.21E+08,3382,3382,3359,3385
9.37901,3.21E+08,3382,3382,3359,3385
7.53767,3.21E+08,3382,3382,3360,3385
6.85467,3.21E+08,3382,3382,3360,3385
8.42772,3.21E+08,3382,3382,3360,3385
8.2081,3.21E+08,3382,3382,3360,3385
7.80618,3.21E+08,3382,3382,3360,3385
8.20587,3.21E+08,3382,3382,3360,3385
7.76202,3.21E+08,3382,3382,3360,3385
8.4772,3.21E+08,3383,3383,3361,3385
7.47322,3.21E+08,3383,3383,3361,3385
7.035,3.21E+08,3383,3383,3361,3385
6.86135,3.21E+08,3383,3383,3361,3385
7.36762,3.21E+08,3383,3383,3361,3385
7.08792,3.21E+08,3383,3383,3361,3385
6.51562,3.21E+08,3383,3383,3361,3385
7.10216,3.21E+08,3383,3383,3361,3385
6.74869,3.21E+08,3383,3383,3361,3386
6.53053,3.21E+08,3383,3384,3362,3386
8.25553,3.21E+08,3384,3384,3362,3386
6.75196,3.21E+08,3384,3384,3362,3386
6.30481,3.21E+08,3384,3384,3362,3386
8.3113,3.21E+08,3384,3385,3362,3386
8.09223,3.21E+08,3385,3385,3362,3386
8.54247,3.21E+08,3385,3385,3362,3386
7.98448,3.21E+08,3385,3385,3362,3386
7.75416,3.21E+08,3385,3385,3362,3387
9.41729,3.21E+08,3385,3385,3362,3387
6.47963,3.21E+08,3386,3386,3363,3387
6.52677,3.21E+08,3386,3386,3363,3387
7.76039,3.21E+08,3386,3386,3363,3387
7.03397,3.21E+08,3386,3386,3363,3387
8.86677,3.21E+08,3386,3386,3363,3388
8.25754,3.21E+08,3386,3386,3363,3388
7.31058,3.21E+08,3386,3386,3363,3388
6.75625,3.21E+08,3386,3386,3363,3388
8.64507,3.21E+08,3386,3386,3363,3388
7.70537,3.21E+08,3386,3386,3364,3388
7.08245,3.21E+08,3386,3386,3364,3388
7.53651,3.21E+08,3386,3386,3364,3388
7.63503,3.21E+08,3387,3387,3364,3388
7.92484,3.21E+08,3387,3387,3364,3388
7.03046,3.21E+08,3387,3387,3364,3388
6.92238,3.21E+08,3387,3387,3364,3388
7.14627,3.21E+08,3387,3387,3365,3388
8.08792,3.21E+08,3387,3387,3365,3389
7.20263,3.21E+08,3387,3387,3365,3389
8.92124,3.21E+08,3387,3387,3365,3389
6.69432,3.21E+08,3387,3387,3365,3389
7.80945,3.21E+08,3387,3387,3365,3389
7.93033,3.21E+08,3387,3387,3366,3389
7.36651,3.21E+08,3387,3387,3366,3389
8.26178,3.21E+08,3388,3388,3366,3389
7.3015,3.21E+08,3388,3388,3366,3389
7.14588,3.21E+08,3388,3388,3366,3389
7.53628,3.21E+08,3388,3388,3366,3390
6.92191,3.21E+08,3388,3388,3366,3390
8.41505,3.21E+08,3388,3388,3366,3390
6.81789,3.21E+08,3388,3388,3366,3390
8.14255,3.21E+08,3388,3388,3366,3390
8.70292,3.21E+08,3388,3388,3366,3390
7.36823,3.21E+08,3388,3388,3367,3390
6.58289,3.21E+08,3388,3388,3367,3390
6.75598,3.21E+08,3388,3388,3367,3390
7.91766,3.21E+08,3389,3389,3367,3391
7.58677,3.21E+08,3389,3389,3367,3391
7.48227,3.21E+08,3389,3389,3368,3391
7.75928,3.21E+08,3389,3389,3368,3391
7.91558,3.21E+08,3389,3389,3368,3391
6.80918,3.21E+08,3389,3389,3368,3391
6.63762,3.21E+08,3389,3389,3368,3392
7.70367,3.21E+08,3389,3389,3368,3392
5.97287,3.21E+08,3389,3389,3368,3392
8.92711,3.21E+08,3389,3389,3368,3392
6.08196,3.21E+08,3389,3389,3368,3392
6.58723,3.21E+08,3389,3389,3368,3392
8.58157,3.21E+08,3390,3390,3368,3392
7.54389,3.21E+08,3390,3390,3368,3392
8.58723,3.21E+08,3390,3390,3368,3392
7.76151,3.21E+08,3390,3390,3368,3392
7.58368,3.21E+08,3390,3390,3369,3392
7.92129,3.21E+08,3390,3390,3369,3392
7.25647,3.21E+08,3390,3390,3369,3392
7.48217,3.21E+08,3390,3390,3369,3392
9.21211,3.21E+08,3390,3390,3369,3393
7.69729,3.21E+08,3390,3390,3369,3393
8.47643,3.21E+08,3390,3390,3370,3393
7.1472,3.21E+08,3390,3390,3370,3393
7.30097,3.21E+08,3390,3390,3370,3393
7.09185,3.21E+08,3391,3391,3370,3393
9.04224,3.21E+08,3391,3391,3370,3393
7.02919,3.21E+08,3391,3391,3370,3393
8.81906,3.21E+08,3391,3391,3370,3394
7.53628,3.21E+08,3391,3391,3370,3394
7.30173,3.21E+08,3391,3391,3370,3394
7.20115,3.21E+08,3391,3391,3370,3394
7.537,3.21E+08,3391,3391,3370,3394
7.86516,3.21E+08,3391,3391,3370,3394
6.64227,3.21E+08,3391,3391,3370,3394
7.80252,3.21E+08,3391,3391,3370,3394
7.98815,3.21E+08,3391,3391,3370,3394
6.9213,3.21E+08,3391,3391,3370,3395
8.58669,3.21E+08,3391,3391,3371,3395
6.35981,3.21E+08,3391,3391,3371,3395
7.20002,3.21E+08,3391,3391,3371,3395
6.69466,3.21E+08,3391,3391,3371,3395
7.20292,3.21E+08,3392,3392,3371,3395
8.14953,3.21E+08,3392,3392,3371,3395
7.58493,3.21E+08,3392,3392,3371,3395
8.08949,3.21E+08,3392,3392,3371,3395
7.81635,3.21E+08,3392,3392,3371,3395
7.47859,3.21E+08,3392,3392,3371,3395
7.13943,3.21E+08,3392,3392,3372,3395
8.37316,3.21E+08,3392,3392,3372,3395
6.97797,3.21E+08,3393,3393,3372,3395
7.57852,3.21E+08,3393,3393,3372,3395
8.21545,3.21E+08,3393,3393,3372,3396
7.35595,3.21E+08,3393,3393,3372,3396
6.92359,3.21E+08,3393,3393,3372,3396
7.0909,3.21E+08,3393,3393,3372,3396
8.14159,3.21E+08,3393,3393,3372,3396
7.70375,3.21E+08,3394,3393,3372,3396
8.13564,3.21E+08,3394,3394,3372,3396
8.60458,3.21E+08,3394,3394,3372,3396
6.92381,3.21E+08,3394,3394,3373,3396
7.24719,3.21E+08,3394,3394,3373,3396
7.0894,3.21E+08,3394,3394,3373,3396
7.13959,3.21E+08,3394,3394,3373,3397
8.48528,3.21E+08,3394,3394,3373,3397
5.57685,3.21E+08,3394,3394,3373,3397
6.02958,3.21E+08,3394,3394,3374,3397
7.31328,3.21E+08,3394,3394,3374,3397
7.25128,3.21E+08,3395,3395,3374,3397
8.41922,3.21E+08,3395,3395,3374,3397
6.699,3.21E+08,3395,3395,3374,3397
7.64219,3.21E+08,3395,3395,3375,3397
6.36362,3.21E+08,3395,3395,3375,3397
7.02679,3.21E+08,3395,3395,3375,3397
7.81031,3.21E+08,3395,3395,3375,3398
7.54167,3.21E+08,3395,3395,3375,3398
7.19615,3.21E+08,3395,3395,3376,3398
8.25511,3.21E+08,3395,3395,3376,3398
6.86451,3.21E+08,3395,3395,3376,3398
6.25011,3.21E+08,3396,3396,3376,3398
8.03518,3.21E+08,3396,3396,3376,3398
6.588,3.21E+08,3396,3396,3376,3398
8.48633,3.21E+08,3396,3396,3376,3398
8.30875,3.21E+08,3396,3396,3377,3398
7.31443,3.21E+08,3396,3396,3377,3398
7.6964,3.21E+08,3396,3396,3377,3398
6.75359,3.21E+08,3396,3396,3377,3398
7.07772,3.21E+08,3397,3397,3378,3399
7.93339,3.21E+08,3397,3397,3378,3399
7.58518,3.21E+08,3397,3397,3378,3399
7.20282,3.21E+08,3397,3397,3378,3399
7.74821,3.21E+08,3397,3397,3378,3399
7.03278,3.21E+08,3397,3397,3378,3399
7.92831,3.21E+08,3397,3397,3378,3399
7.08969,3.21E+08,3397,3397,3378,3399
8.14249,3.21E+08,3398,3398,3379,3400
6.86146,3.21E+08,3398,3398,3379,3400
8.47882,3.21E+08,3398,3398,3379,3400
7.4763,3.21E+08,3398,3398,3379,3400
7.93513,3.21E+08,3398,3398,3379,3400
8.08509,3.21E+08,3399,3399,3379,3400
7.31456,3.21E+08,3399,3399,3379,3400
7.41924,3.21E+08,3399,3399,3379,3400
8.70914,3.21E+08,3399,3399,3379,3400
8.36715,3.21E+08,3399,3399,3379,3400
5.96726,3.21E+08,3399,3399,3379,3400
6.30829,3.21E+08,3399,3399,3380,3400
6.86689,3.21E+08,3399,3399,3380,3400
7.19604,3.21E+08,3399,3399,3380,3400
8.02798,3.21E+08,3399,3399,3380,3400
7.9287,3.21E+08,3399,3399,3380,3400
8.3112,3.21E+08,3399,3399,3380,3401
6.19701,3.21E+08,3400,3399,3380,3401
7.14548,3.21E+08,3400,3400,3380,3401
5.63117,3.21E+08,3400,3400,3380,3401
8.30997,3.21E+08,3400,3400,3380,3401
7.25951,3.21E+08,3400,3400,3380,3401
7.92612,3.21E+08,3400,3400,3380,3401
8.42516,3.21E+08,3401,3401,3381,3401
7.03264,3.21E+08,3401,3401,3381,3401
6.35807,3.21E+08,3401,3401,3381,3401
9.32133,3.21E+08,3401,3401,3381,3401
7.37102,3.21E+08,3401,3401,3381,3401
7.35875,3.21E+08,3401,3401,3381,3401
8.76628,3.21E+08,3401,3401,3381,3401
8.08843,3.21E+08,3401,3401,3381,3401
7.81161,3.21E+08,3401,3401,3381,3401
8.81652,3.21E+08,3401,3401,3381,3402
7.42403,3.21E+08,3401,3401,3381,3402
7.19339,3.21E+08,3401,3401,3381,3402
7.03476,3.21E+08,3401,3401,3381,3402
7.91967,3.21E+08,3401,3401,3381,3402
6.07992,3.21E+08,3402,3402,3382,3402
6.97797,3.21E+08,3402,3402,3382,3402
7.48129,3.21E+08,3402,3402,3382,3402
7.2496,3.21E+08,3402,3402,3382,3402
6.19631,3.21E+08,3402,3402,3382,3403
6.97334,3.21E+08,3402,3402,3382,3403
8.48399,3.21E+08,3402,3402,3382,3403
6.14012,3.21E+08,3402,3402,3382,3403
8.24971,3.21E+08,3402,3402,3382,3403
8.42799,3.21E+08,3403,3403,3383,3403
8.48694,3.21E+08,3403,3403,3383,3403
7.81451,3.21E+08,3403,3403,3383,3403
8.14481,3.21E+08,3403,3403,3383,3403
7.6473,3.21E+08,3403,3403,3383,3403
7.75145,3.21E+08,3403,3403,3383,3403
7.02975,3.21E+08,3403,3403,3383,3403
8.59688,3.21E+08,3403,3403,3383,3404
7.64231,3.21E+08,3403,3403,3383,3404
8.03077,3.21E+08,3403,3403,3384,3404
7.71371,3.21E+08,3403,3403,3384,3404
5.63395,3.21E+08,3403,3403,3384,3404
5.85506,3.21E+08,3403,3403,3384,3404
6.13922,3.21E+08,3403,3403,3384,3404
5.69513,3.21E+08,3403,3403,3384,3404
9.19661,3.21E+08,3404,3404,3384,3404
7.25524,3.21E+08,3404,3404,3384,3404
7.6494,3.21E+08,3404,3404,3384,3405
7.69682,3.21E+08,3404,3404,3384,3405
8.31129,3.21E+08,3404,3404,3385,3405
6.97643,3.21E+08,3404,3404,3385,3405
7.42027,3.21E+08,3404,3404,3385,3405
8.14857,3.21E+08,3404,3404,3385,3405
7.14596,3.21E+08,3405,3405,3385,3405
7.58646,3.21E+08,3405,3405,3385,3405
7.59167,3.21E+08,3405,3405,3385,3405
7.13969,3.21E+08,3405,3405,3385,3405
6.64432,3.21E+08,3405,3405,3385,3405
7.52847,3.21E+08,3405,3405,3385,3405
7.53198,3.21E+08,3405,3405,3385,3406
7.42442,3.21E+08,3405,3405,3386,3406
8.25522,3.21E+08,3405,3405,3386,3406
9.04087,3.21E+08,3405,3405,3386,3406
6.70029,3.21E+08,3405,3405,3386,3406
7.25822,3.21E+08,3405,3405,3386,3406
7.30644,3.21E+08,3405,3405,3386,3406
7.63506,3.21E+08,3405,3405,3386,3406
8.49327,3.21E+08,3405,3405,3386,3406
7.8646,3.21E+08,3405,3405,3386,3406
6.699,3.21E+08,3405,3405,3386,3406
7.85694,3.21E+08,3406,3406,3386,3406
8.27139,3.21E+08,3406,3406,3386,3407
7.58094,3.21E+08,3406,3406,3387,3407
8.47893,3.21E+08,3406,3406,3387,3407
7.65149,3.21E+08,3406,3406,3387,3407
7.75717,3.21E+08,3406,3406,3387,3407
6.69454,3.21E+08,3406,3406,3387,3407
8.20535,3.21E+08,3406,3406,3388,3407
8.09594,3.21E+08,3406,3407,3388,3407
7.08151,3.21E+08,3407,3407,3388,3407
8.81884,3.21E+08,3407,3407,3388,3407
7.58577,3.21E+08,3407,3407,3388,3407
8.37284,3.21E+08,3407,3407,3388,3407
7.19559,3.21E+08,3407,3407,3388,3408
7.86555,3.21E+08,3407,3407,3388,3408
7.59309,3.21E+08,3407,3407,3388,3408
7.59376,3.21E+08,3407,3407,3388,3408
8.08646,3.21E+08,3407,3407,3388,3408
8.42245,3.21E+08,3408,3407,3388,3408
8.25753,3.21E+08,3408,3408,3388,3408
7.81481,3.21E+08,3408,3408,3388,3408
7.03381,3.21E+08,3408,3408,3388,3408
8.14302,3.21E+08,3408,3408,3388,3408
8.31909,3.21E+08,3408,3408,3389,3408
8.03309,3.21E+08,3408,3408,3389,3408
6.52995,3.21E+08,3409,3409,3389,3408
8.74853,3.21E+08,3409,3409,3389,3409
8.66219,3.21E+08,3409,3409,3389,3409
7.18935,3.21E+08,3409,3409,3389,3409
7.26465,3.21E+08,3409,3409,3389,3409
6.35766,3.21E+08,3409,3409,3389,3409
7.03521,3.21E+08,3409,3409,3389,3409
7.97217,3.21E+08,3409,3409,3389,3409
6.75635,3.21E+08,3409,3409,3389,3409
7.35574,3.21E+08,3410,3410,3390,3409
6.53874,3.21E+08,3410,3410,3390,3410
5.96582,3.21E+08,3410,3410,3390,3410
7.24892,3.21E+08,3410,3410,3390,3410
7.87259,3.21E+08,3410,3410,3390,3410
7.87144,3.21E+08,3410,3410,3390,3410
7.03262,3.21E+08,3410,3410,3390,3410
6.80468,3.21E+08,3411,3411,3390,3410
7.31533,3.21E+08,3411,3411,3391,3410
7.02474,3.21E+08,3411,3411,3391,3410
6.91812,3.21E+08,3411,3411,3391,3410
7.20188,3.21E+08,3411,3411,3391,3410
7.36824,3.21E+08,3411,3411,3391,3410
7.31474,3.21E+08,3411,3411,3391,3411
7.13945,3.21E+08,3411,3411,3391,3411
6.9664,3.21E+08,3411,3411,3391,3411
7.87666,3.21E+08,3411,3411,3391,3411
7.64202,3.21E+08,3412,3412,3391,3411
8.0376,3.21E+08,3412,3412,3391,3411
7.69856,3.21E+08,3412,3412,3392,3411
6.97254,3.21E+08,3412,3412,3392,3411
8.37451,3.21E+08,3412,3412,3392,3411
6.4711,3.21E+08,3412,3412,3392,3411
7.86909,3.21E+08,3412,3412,3392,3412
7.0355,3.21E+08,3412,3412,3392,3412
6.63217,3.21E+08,3412,3412,3392,3412
7.6428,3.21E+08,3412,3412,3392,3412
7.03774,3.21E+08,3412,3412,3392,3412
7.53124,3.21E+08,3412,3412,3392,3412
8.37575,3.21E+08,3413,3413,3393,3412
7.80712,3.21E+08,3413,3413,3393,3412
7.48132,3.21E+08,3413,3413,3393,3412
7.68874,3.21E+08,3413,3413,3393,3412
8.04712,3.21E+08,3413,3413,3393,3413
7.58573,3.21E+08,3413,3413,3393,3413
8.53941,3.21E+08,3413,3413,3394,3413
6.69493,3.21E+08,3413,3413,3394,3413
7.03194,3.21E+08,3413,3413,3394,3413
6.97294,3.21E+08,3413,3413,3394,3413
7.42466,3.21E+08,3413,3413,3394,3413
7.64176,3.21E+08,3414,3413,3394,3413
7.47826,3.21E+08,3414,3414,3394,3413
7.25844,3.21E+08,3414,3414,3394,3413
8.02166,3.21E+08,3414,3414,3394,3413
7.75977,3.21E+08,3414,3414,3395,3413
7.48219,3.21E+08,3414,3414,3395,3413
9.154,3.21E+08,3414,3414,3395,3413
7.20305,3.21E+08,3414,3414,3395,3413
7.69672,3.21E+08,3414,3414,3395,3414
7.42648,3.21E+08,3414,3414,3395,3414
7.58183,3.21E+08,3414,3414,3395,3414
7.63697,3.21E+08,3414,3414,3395,3414
9.15578,3.21E+08,3414,3414,3395,3414
7.48055,3.21E+08,3414,3414,3396,3414
7.2012,3.21E+08,3414,3414,3396,3414
7.25505,3.21E+08,3415,3415,3396,3415
7.63538,3.21E+08,3415,3415,3396,3415
7.54408,3.21E+08,3415,3415,3396,3415
6.80115,3.21E+08,3415,3415,3396,3415
6.19458,3.21E+08,3415,3415,3396,3415
8.65305,3.21E+08,3415,3415,3396,3415
7.14484,3.21E+08,3415,3415,3397,3415
6.13586,3.21E+08,3415,3415,3397,3415
6.24711,3.21E+08,3415,3415,3397,3415
6.91988,3.21E+08,3415,3415,3397,3415
7.08532,3.21E+08,3416,3416,3397,3415
9.42793,3.21E+08,3416,3416,3397,3415
7.09113,3.21E+08,3416,3416,3397,3415
7.7016,3.21E+08,3416,3416,3397,3416
7.25282,3.21E+08,3416,3416,3397,3416
7.41455,3.21E+08,3416,3416,3397,3416
7.53898,3.21E+08,3416,3416,3397,3416
6.81148,3.21E+08,3416,3416,3398,3416
7.59319,3.21E+08,3416,3416,3398,3416
7.0204,3.21E+08,3416,3416,3398,3416
7.64227,3.21E+08,3416,3416,3398,3416
7.76749,3.21E+08,3416,3416,3398,3416
7.64041,3.21E+08,3417,3417,3398,3416
7.30783,3.21E+08,3417,3417,3398,3416
6.7005,3.21E+08,3417,3417,3398,3416
6.97774,3.21E+08,3417,3417,3399,3416
8.02995,3.21E+08,3417,3417,3399,3416
7.81668,3.21E+08,3417,3417,3399,3416
7.74603,3.21E+08,3417,3417,3399,3416
6.92769,3.21E+08,3417,3417,3399,3416
7.8026,3.21E+08,3417,3417,3399,3416
6.70531,3.21E+08,3417,3417,3399,3416
8.13757,3.21E+08,3418,3418,3399,3417
7.31251,3.21E+08,3418,3418,3399,3417
7.48026,3.21E+08,3418,3418,3399,3417
7.64814,3.21E+08,3418,3418,3399,3417
7.46772,3.21E+08,3418,3418,3399,3417
8.10457,3.21E+08,3418,3418,3399,3417
7.13846,3.21E+08,3418,3418,3399,3417
7.47344,3.21E+08,3418,3418,3399,3417
7.81485,3.21E+08,3418,3418,3399,3417
6.6941,3.21E+08,3418,3418,3400,3417
6.91986,3.21E+08,3418,3418,3400,3417
6.75418,3.21E+08,3419,3419,3400,3417
8.15123,3.21E+08,3419,3419,3400,3418
7.86581,3.21E+08,3419,3419,3400,3418
6.52599,3.21E+08,3419,3419,3400,3418
6.81231,3.21E+08,3419,3419,3400,3418
8.30864,3.21E+08,3419,3419,3400,3418
7.75768,3.21E+08,3419,3419,3400,3418
7.58943,3.21E+08,3419,3419,3401,3418
9.32203,3.21E+08,3419,3419,3401,3418
7.13846,3.21E+08,3419,3419,3401,3418
7.25836,3.21E+08,3419,3419,3401,3418
6.97067,3.21E+08,3419,3419,3401,3418
8.37466,3.21E+08,3419,3419,3401,3418
7.85766,3.21E+08,3419,3419,3401,3419
6.03442,3.21E+08,3419,3419,3401,3419
6.63147,3.21E+08,3419,3419,3401,3419
7.71111,3.21E+08,3419,3419,3401,3419
8.08642,3.21E+08,3420,3420,3401,3419
6.30905,3.21E+08,3420,3420,3402,3419
7.86092,3.21E+08,3420,3420,3402,3419
8.20151,3.21E+08,3420,3420,3402,3419
7.81712,3.21E+08,3420,3420,3402,3419
7.1467,3.21E+08,3420,3420,3402,3419
6.91242,3.21E+08,3420,3421,3402,3419
8.14777,3.21E+08,3421,3421,3402,3420
8.42456,3.21E+08,3421,3421,3402,3420
7.92095,3.21E+08,3421,3421,3403,3420
7.3726,3.21E+08,3421,3421,3403,3420
7.41947,3.21E+08,3421,3421,3403,3420
7.09083,3.21E+08,3421,3421,3403,3420
7.69694,3.21E+08,3421,3421,3403,3420
8.31556,3.21E+08,3421,3421,3403,3420
7.19728,3.21E+08,3421,3421,3403,3420
8.59093,3.21E+08,3421,3421,3403,3420
7.20018,3.21E+08,3421,3421,3403,3420
7.7596,3.21E+08,3421,3421,3403,3420
6.5261,3.21E+08,3422,3422,3403,3421
6.80903,3.21E+08,3422,3422,3404,3421
5.97338,3.21E+08,3422,3422,3404,3421
7.52882,3.21E+08,3422,3422,3404,3421
7.48233,3.21E+08,3422,3422,3404,3421
8.08512,3.21E+08,3422,3422,3404,3421
6.81223,3.21E+08,3422,3422,3404,3421
7.97534,3.21E+08,3422,3422,3404,3421
8.14877,3.21E+08,3422,3422,3404,3421
6.69724,3.21E+08,3422,3422,3404,3422
9.14496,3.21E+08,3422,3422,3404,3422
6.92399,3.21E+08,3422,3422,3404,3422
6.58204,3.21E+08,3422,3422,3404,3422
7.87025,3.21E+08,3422,3422,3404,3422
8.48633,3.21E+08,3422,3422,3404,3422
7.6909,3.21E+08,3423,3423,3405,3422
7.25664,3.21E+08,3423,3423,3405,3422
7.80929,3.21E+08,3423,3423,3405,3422
7.03512,3.21E+08,3423,3423,3405,3422
7.64364,3.21E+08,3423,3423,3405,3422
8.81092,3.21E+08,3423,3423,3405,3422
7.08668,3.21E+08,3423,3423,3405,3422
8.09041,3.21E+08,3423,3423,3405,3422
7.87883,3.21E+08,3423,3423,3406,3422
7.91749,3.21E+08,3423,3423,3406,3422
7.47625,3.21E+08,3423,3423,3406,3423
6.92119,3.21E+08,3423,3423,3406,3423
6.81153,3.21E+08,3423,3423,3406,3423
7.69589,3.21E+08,3423,3423,3406,3423
7.36867,3.21E+08,3423,3423,3406,3423
7.14124,3.21E+08,3424,3424,3406,3423
7.14397,3.21E+08,3424,3424,3406,3423
6.64406,3.21E+08,3424,3424,3406,3423
8.30959,3.21E+08,3424,3424,3406,3424
8.14931,3.21E+08,3424,3424,3407,3424
8.02451,3.21E+08,3424,3424,3407,3424
8.71846,3.21E+08,3424,3424,3407,3424
8.14463,3.21E+08,3424,3424,3407,3424
8.75397,3.21E+08,3424,3424,3407,3424
8.8761,3.21E+08,3425,3425,3407,3424
8.03197,3.21E+08,3425,3425,3407,3424
8.76465,3.21E+08,3425,3425,3407,3424
7.14535,3.21E+08,3425,3425,3407,3424
8.86794,3.21E+08,3425,3425,3407,3424
8.43148,3.21E+08,3425,3425,3407,3424
7.7531,3.21E+08,3425,3425,3407,3424
8.03265,3.21E+08,3425,3425,3407,3424
9.54531,3.21E+08,3425,3425,3407,3424
7.92619,3.21E+08,3426,3426,3408,3424
7.85766,3.21E+08,3426,3426,3408,3424
7.31953,3.21E+08,3426,3426,3408,3424
7.01943,3.21E+08,3426,3426,3408,3425
8.16216,3.21E+08,3426,3426,3408,3425
6.8596,3.21E+08,3426,3426,3408,3425
6.75004,3.21E+08,3426,3426,3408,3425
7.14358,3.21E+08,3426,3426,3408,3425
7.08644,3.21E+08,3427,3427,3408,3425
6.97752,3.21E+08,3427,3427,3408,3425
6.07551,3.21E+08,3427,3427,3408,3425
8.93594,3.21E+08,3427,3427,3409,3425
7.14602,3.21E+08,3427,3427,3409,3425
6.91581,3.21E+08,3427,3427,3409,3425
6.69914,3.21E+08,3427,3427,3409,3426
7.30304,3.21E+08,3427,3427,3409,3426
6.02641,3.21E+08,3427,3427,3409,3426
6.81027,3.21E+08,3428,3428,3409,3426
7.53588,3.21E+08,3428,3428,3409,3426
6.75133,3.21E+08,3428,3428,3409,3426
7.97445,3.21E+08,3428,3428,3409,3426
6.53255,3.21E+08,3428,3428,3409,3426
7.25766,3.21E+08,3428,3428,3409,3426
7.13375,3.21E+08,3428,3428,3409,3426
7.14065,3.21E+08,3428,3428,3409,3426
7.37662,3.21E+08,3428,3428,3409,3426
7.30727,3.21E+08,3428,3428,3410,3427
7.1439,3.21E+08,3428,3428,3410,3427
6.91583,3.21E+08,3428,3428,3410,3427
6.14031,3.21E+08,3429,3429,3410,3427
7.14509,3.21E+08,3429,3429,3410,3427
6.8554,3.21E+08,3429,3429,3410,3427
7.25783,3.21E+08,3429,3429,3410,3427
7.53506,3.21E+08,3429,3429,3410,3427
8.20772,3.21E+08,3429,3429,3410,3427
7.24953,3.21E+08,3429,3429,3411,3427
8.58904,3.21E+08,3429,3429,3411,3428
9.15391,3.21E+08,3429,3429,3411,3428
7.58781,3.21E+08,3429,3429,3411,3428
7.59136,3.21E+08,3429,3429,3411,3428
7.92839,3.21E+08,3430,3430,3411,3428
6.97313,3.21E+08,3430,3430,3411,3428
7.64689,3.21E+08,3430,3430,3411,3428
7.69655,3.21E+08,3430,3430,3411,3428
6.75526,3.21E+08,3430,3430,3411,3428
7.1883,3.21E+08,3430,3430,3411,3428
6.7057,3.21E+08,3431,3431,3411,3428
6.97079,3.21E+08,3431,3431,3411,3428
7.36704,3.21E+08,3431,3431,3412,3429
6.19743,3.21E+08,3431,3431,3412,3429
8.03142,3.21E+08,3431,3431,3412,3429
8.37536,3.21E+08,3431,3431,3412,3429
7.80953,3.21E+08,3431,3431,3412,3429
7.52972,3.21E+08,3432,3432,3412,3429
7.53077,3.21E+08,3432,3432,3412,3429
6.86582,3.21E+08,3432,3432,3413,3429
7.36782,3.21E+08,3432,3432,3413,3430
7.64028,3.21E+08,3432,3432,3413,3430
7.64549,3.21E+08,3432,3432,3413,3430
9.31734,3.21E+08,3432,3432,3413,3430
8.31798,3.21E+08,3432,3432,3413,3430
6.70031,3.21E+08,3432,3432,3413,3430
7.97628,3.21E+08,3432,3432,3413,3430
8.4812,3.21E+08,3433,3433,3413,3430
8.14733,3.21E+08,3433,3433,3414,3430
8.7663,3.21E+08,3433,3433,3414,3430
7.13907,3.21E+08,3433,3433,3414,3430
7.64198,3.21E+08,3433,3433,3414,3430
7.4247,3.21E+08,3433,3433,3414,3430
7.41657,3.21E+08,3433,3433,3414,3430
7.30735,3.21E+08,3433,3433,3414,3430
7.53594,3.21E+08,3433,3433,3414,3430
9.25848,3.21E+08,3433,3433,3414,3430
6.97751,3.21E+08,3433,3433,3414,3430
8.26266,3.21E+08,3433,3433,3414,3430
9.15312,3.21E+08,3433,3433,3414,3431
7.69865,3.21E+08,3433,3433,3415,3431
8.26079,3.21E+08,3434,3434,3415,3431
9.20408,3.21E+08,3434,3434,3415,3431
7.03544,3.21E+08,3434,3434,3415,3431
7.92075,3.21E+08,3434,3434,3415,3431
7.81386,3.21E+08,3434,3434,3415,3431
7.57925,3.21E+08,3434,3434,3415,3431
7.71111,3.21E+08,3434,3434,3415,3431
7.30493,3.21E+08,3435,3435,3416,3431
8.264,3.21E+08,3435,3435,3416,3431
8.25204,3.21E+08,3435,3435,3416,3431
7.75588,3.21E+08,3435,3435,3416,3431
7.70324,3.21E+08,3435,3435,3416,3431
7.48027,3.21E+08,3435,3435,3416,3431
8.13549,3.21E+08,3435,3435,3416,3431
8.66294,3.21E+08,3435,3435,3416,3431
7.13883,3.21E+08,3435,3435,3416,3432
7.75257,3.21E+08,3435,3435,3416,3432
7.64605,3.21E+08,3436,3435,3416,3432
8.87786,3.21E+08,3436,3436,3417,3432
8.75611,3.21E+08,3436,3436,3417,3432
8.32058,3.21E+08,3436,3436,3417,3432
7.19567,3.21E+08,3436,3436,3417,3432
8.59796,3.21E+08,3436,3436,3417,3432
8.02992,3.21E+08,3436,3436,3417,3432
6.97953,3.21E+08,3436,3436,3417,3432
7.30708,3.21E+08,3436,3436,3417,3432
7.86602,3.21E+08,3436,3436,3417,3432
8.81847,3.21E+08,3436,3436,3417,3432
8.5991,3.21E+08,3436,3436,3417,3433
7.86477,3.21E+08,3436,3436,3417,3433
7.52251,3.21E+08,3436,3436,3417,3433
8.04158,3.21E+08,3436,3436,3417,3433
7.59111,3.21E+08,3436,3436,3417,3433
7.59363,3.21E+08,3436,3436,3418,3433
8.52433,3.21E+08,3436,3436,3418,3433
7.37714,3.21E+08,3437,3437,3418,3433
6.85393,3.21E+08,3437,3437,3418,3433
7.69901,3.21E+08,3437,3437,3418,3433
7.54314,3.21E+08,3437,3437,3418,3433
6.47072,3.21E+08,3437,3437,3418,3433
7.4244,3.21E+08,3437,3437,3418,3434
8.08462,3.21E+08,3437,3437,3418,3434
6.47651,3.21E+08,3437,3437,3418,3434
9.64808,3.21E+08,3437,3437,3418,3434
8.09466,3.21E+08,3438,3438,3418,3434
6.47727,3.21E+08,3438,3438,3418,3435
6.41471,3.21E+08,3438,3438,3418,3435
7.19212,3.21E+08,3438,3438,3419,3435
7.70534,3.21E+08,3438,3438,3419,3435
8.42864,3.21E+08,3438,3438,3419,3435
7.86324,3.21E+08,3438,3438,3419,3435
7.8666,3.21E+08,3438,3438,3419,3435
7.14264,3.21E+08,3438,3438,3419,3435
7.48086,3.21E+08,3438,3438,3419,3435
8.25471,3.21E+08,3438,3438,3419,3435
7.48027,3.21E+08,3438,3438,3420,3435
8.15152,3.21E+08,3438,3438,3420,3435
8.03091,3.21E+08,3438,3438,3420,3436
7.30859,3.21E+08,3438,3438,3420,3436
7.19795,3.21E+08,3439,3439,3420,3436
7.53286,3.21E+08,3439,3439,3420,3436
6.80879,3.21E+08,3439,3439,3420,3436
7.76118,3.21E+08,3439,3439,3420,3436
7.13256,3.21E+08,3439,3439,3420,3436
6.93012,3.21E+08,3439,3439,3420,3436
8.75647,3.21E+08,3439,3439,3421,3436
7.19704,3.21E+08,3439,3439,3421,3436
7.81222,3.21E+08,3440,3440,3421,3436
6.47468,3.21E+08,3440,3440,3421,3436
8.03954,3.21E+08,3440,3440,3421,3437
6.80539,3.21E+08,3440,3440,3421,3437
6.46567,3.21E+08,3440,3440,3421,3437
7.75848,3.21E+08,3440,3440,3422,3437
8.31801,3.21E+08,3440,3440,3422,3437
8.26112,3.21E+08,3440,3440,3422,3437
8.98061,3.21E+08,3440,3440,3422,3437
7.70453,3.21E+08,3440,3440,3422,3437
7.41736,3.21E+08,3440,3440,3422,3437
7.92862,3.21E+08,3440,3440,3422,3437
7.58367,3.21E+08,3440,3440,3422,3437
7.6497,3.21E+08,3440,3440,3423,3437
8.02965,3.21E+08,3440,3440,3423,3437
7.03277,3.21E+08,3441,3441,3423,3438
8.20456,3.21E+08,3441,3441,3423,3438
7.70632,3.21E+08,3441,3441,3423,3438
8.08738,3.21E+08,3441,3441,3423,3438
8.24935,3.21E+08,3441,3441,3423,3438
9.37361,3.21E+08,3441,3441,3423,3438
7.53801,3.21E+08,3441,3441,3423,3438
8.3168,3.21E+08,3441,3441,3423,3438
7.03552,3.21E+08,3441,3441,3423,3438
7.35994,3.21E+08,3441,3441,3423,3438
8.15111,3.21E+08,3441,3441,3424,3439
6.58036,3.21E+08,3441,3441,3424,3439
7.30831,3.21E+08,3441,3441,3424,3439
6.36115,3.21E+08,3441,3441,3424,3439
8.09341,3.21E+08,3442,3441,3424,3439
7.53347,3.21E+08,3442,3441,3424,3439
6.86313,3.21E+08,3442,3442,3424,3439
7.92643,3.21E+08,3442,3442,3424,3439
6.97083,3.21E+08,3442,3442,3424,3439
8.14283,3.21E+08,3442,3442,3425,3439
7.70916,3.21E+08,3442,3442,3425,3439
8.0375,3.21E+08,3442,3442,3425,3439
7.58356,3.21E+08,3442,3442,3425,3440
7.92634,3.21E+08,3442,3442,3425,3440
6.97484,3.21E+08,3442,3442,3425,3440
7.25871,3.21E+08,3443,3443,3425,3440
8.80872,3.21E+08,3443,3443,3425,3440
7.98532,3.21E+08,3443,3443,3426,3440
7.92164,3.21E+08,3443,3443,3426,3440
6.92374,3.21E+08,3443,3443,3426,3440
7.41599,3.21E+08,3443,3443,3426,3440
8.59963,3.21E+08,3443,3443,3426,3440
7.30141,3.21E+08,3443,3443,3426,3441
8.26274,3.21E+08,3443,3443,3426,3441
8.48249,3.21E+08,3443,3443,3426,3441
6.9664,3.21E+08,3444,3444,3426,3441
6.92822,3.21E+08,3444,3444,3427,3441
7.7521,3.21E+08,3444,3444,3427,3441
7.47879,3.21E+08,3444,3444,3427,3441
6.74961,3.21E+08,3444,3444,3427,3441
8.14643,3.21E+08,3444,3444,3427,3441
6.1386,3.21E+08,3444,3444,3427,3441
7.81694,3.21E+08,3444,3444,3428,3442
8.09617,3.21E+08,3444,3444,3428,3442
8.47779,3.21E+08,3444,3444,3428,3442
7.85812,3.21E+08,3444,3444,3428,3442
6.48225,3.21E+08,3444,3444,3428,3442
8.19396,3.21E+08,3444,3444,3428,3442
8.70582,3.21E+08,3444,3444,3428,3442
7.64287,3.21E+08,3444,3444,3428,3442
7.14131,3.21E+08,3444,3444,3429,3442
7.76479,3.21E+08,3444,3444,3429,3442
6.92394,3.21E+08,3445,3445,3429,3442
7.41817,3.21E+08,3445,3445,3429,3442
8.86082,3.21E+08,3445,3445,3429,3443
6.70331,3.21E+08,3445,3445,3429,3443
7.36595,3.21E+08,3445,3445,3429,3443
7.58728,3.21E+08,3445,3445,3429,3443
8.03976,3.21E+08,3445,3445,3429,3443
8.02678,3.21E+08,3445,3445,3429,3443
7.14251,3.21E+08,3445,3445,3429,3443
7.3698,3.21E+08,3446,3446,3429,3443
8.59674,3.21E+08,3446,3446,3429,3443
7.08429,3.21E+08,3446,3446,3430,3443
7.48186,3.21E+08,3446,3446,3430,3443
6.19058,3.21E+08,3446,3446,3430,3443
7.03456,3.21E+08,3446,3446,3430,3443
6.74707,3.21E+08,3446,3446,3430,3443
6.0849,3.21E+08,3446,3446,3430,3443
7.58643,3.21E+08,3446,3446,3430,3443
8.6478,3.21E+08,3446,3446,3430,3444
8.31197,3.21E+08,3446,3446,3430,3444
7.48184,3.21E+08,3446,3446,3430,3444
7.30816,3.21E+08,3446,3446,3430,3444
6.75508,3.21E+08,3446,3446,3431,3444
8.02523,3.21E+08,3446,3446,3431,3444
8.04837,3.21E+08,3446,3446,3431,3444
7.97369,3.21E+08,3447,3447,3431,3444
8.03312,3.21E+08,3447,3447,3431,3444
7.59348,3.21E+08,3447,3447,3431,3444
7.41325,3.21E+08,3447,3447,3431,3444
7.48736,3.21E+08,3447,3447,3431,3444
6.46816,3.21E+08,3447,3447,3431,3444
7.47458,3.21E+08,3447,3447,3431,3444
7.03493,3.21E+08,3447,3447,3432,3444
9.32284,3.21E+08,3447,3447,3432,3444
6.24744,3.21E+08,3448,3448,3432,3444
7.31458,3.21E+08,3448,3448,3432,3444
6.80258,3.21E+08,3448,3448,3432,3445
6.92354,3.21E+08,3448,3448,3432,3445
8.52987,3.21E+08,3448,3448,3432,3445
6.75527,3.21E+08,3448,3448,3432,3445
6.64448,3.21E+08,3448,3448,3432,3445
8.24603,3.21E+08,3448,3448,3432,3445
7.65692,3.21E+08,3448,3448,3432,3445
8.31036,3.21E+08,3448,3448,3432,3445
7.52789,3.21E+08,3448,3448,3432,3445
7.2515,3.21E+08,3449,3449,3432,3445
6.37163,3.21E+08,3449,3449,3432,3445
6.19016,3.21E+08,3449,3449,3433,3445
8.87703,3.21E+08,3449,3449,3433,3446
8.14227,3.21E+08,3449,3449,3433,3446
7.03527,3.21E+08,3449,3449,3433,3446
8.02986,3.21E+08,3449,3449,3433,3446
6.42098,3.21E+08,3449,3449,3433,3446
6.972,3.21E+08,3449,3449,3433,3446
7.97996,3.21E+08,3449,3449,3433,3446
6.40888,3.21E+08,3449,3449,3433,3446
8.10062,3.21E+08,3449,3449,3434,3446
7.02911,3.21E+08,3449,3449,3434,3446
6.92451,3.21E+08,3449,3449,3434,3446
7.19546,3.21E+08,3449,3449,3434,3446
7.25636,3.21E+08,3449,3450,3434,3446
7.19415,3.21E+08,3450,3450,3434,3446
7.03454,3.21E+08,3450,3450,3434,3446
7.24983,3.21E+08,3450,3450,3434,3447
6.81233,3.21E+08,3450,3450,3434,3447
6.80526,3.21E+08,3450,3450,3435,3447
7.4739,3.21E+08,3450,3450,3435,3447
8.2041,3.21E+08,3450,3450,3435,3447
7.25836,3.21E+08,3450,3450,3435,3447
8.41898,3.21E+08,3450,3450,3435,3447
7.75424,3.21E+08,3450,3450,3435,3447
7.03207,3.21E+08,3450,3450,3435,3447
8.15149,3.21E+08,3450,3450,3435,3448
5.91896,3.21E+08,3450,3450,3435,3448
7.58323,3.21E+08,3451,3451,3435,3448
7.03493,3.21E+08,3451,3451,3435,3448
7.74639,3.21E+08,3451,3451,3435,3448
8.65836,3.21E+08,3451,3451,3435,3448
8.64615,3.21E+08,3451,3451,3436,3448
7.02994,3.21E+08,3451,3451,3436,3448
8.14993,3.21E+08,3451,3451,3436,3448
8.59714,3.21E+08,3452,3452,3436,3448
7.13951,3.21E+08,3452,3452,3436,3448
7.37053,3.21E+08,3452,3452,3436,3448
7.58409,3.21E+08,3452,3452,3436,3448
6.47635,3.21E+08,3452,3452,3436,3448
7.19072,3.21E+08,3452,3452,3436,3448
9.31952,3.21E+08,3452,3452,3436,3448
9.37988,3.21E+08,3452,3452,3436,3448
8.31886,3.21E+08,3452,3452,3436,3448
7.08248,3.21E+08,3452,3452,3437,3449
7.70571,3.21E+08,3452,3452,3437,3449
6.0212,3.21E+08,3452,3452,3437,3449
8.14824,3.21E+08,3452,3452,3437,3449
8.14782,3.21E+08,3452,3452,3437,3449
7.70336,3.21E+08,3452,3452,3437,3449
7.47223,3.21E+08,3452,3452,3437,3449
7.31407,3.21E+08,3452,3452,3437,3449
6.96737,3.21E+08,3452,3452,3437,3449
8.53661,3.21E+08,3453,3453,3437,3449
6.58272,3.21E+08,3453,3453,3437,3450
6.81242,3.21E+08,3453,3453,3438,3450
7.19918,3.21E+08,3453,3453,3438,3450
7.97728,3.21E+08,3453,3453,3438,3450
6.86098,3.21E+08,3453,3453,3438,3450
8.4947,3.21E+08,3453,3453,3438,3450
7.6959,3.21E+08,3453,3453,3438,3450
7.76142,3.21E+08,3453,3453,3438,3450
7.41726,3.21E+08,3453,3453,3438,3450
8.09708,3.21E+08,3453,3453,3438,3450
8.19802,3.21E+08,3453,3453,3438,3450
8.87344,3.21E+08,3454,3454,3438,3450
7.53137,3.21E+08,3454,3454,3439,3450
9.26689,3.21E+08,3454,3454,3439,3450
8.8621,3.21E+08,3454,3454,3439,3450
6.86045,3.21E+08,3454,3454,3439,3450
7.37338,3.21E+08,3454,3454,3439,3450
7.75843,3.21E+08,3454,3454,3439,3450
8.09378,3.21E+08,3454,3454,3439,3450
6.96527,3.21E+08,3454,3454,3439,3450
8.5516,3.21E+08,3455,3455,3439,3450
8.4788,3.21E+08,3455,3455,3439,3450
7.52798,3.21E+08,3455,3455,3439,3450
7.9837,3.21E+08,3455,3455,3439,3451
6.86114,3.21E+08,3455,3455,3440,3451
6.80697,3.21E+08,3456,3456,3440,3451
7.47818,3.21E+08,3456,3456,3440,3451
7.14567,3.21E+08,3456,3456,3440,3451
7.58607,3.21E+08,3456,3456,3440,3451
7.64171,3.21E+08,3456,3456,3440,3451
6.91994,3.21E+08,3456,3456,3440,3451
7.14007,3.21E+08,3456,3456,3440,3451
7.42225,3.21E+08,3457,3457,3440,3451
7.97966,3.21E+08,3457,3457,3440,3451
7.97949,3.21E+08,3457,3457,3440,3451
7.81299,3.21E+08,3457,3457,3441,3451
7.08513,3.21E+08,3457,3457,3441,3451
8.37153,3.21E+08,3457,3457,3441,3451
6.7002,3.21E+08,3457,3457,3441,3451
8.09547,3.21E+08,3457,3457,3441,3452
7.86405,3.21E+08,3457,3457,3441,3452
7.70494,3.21E+08,3457,3457,3441,3452
8.97054,3.21E+08,3457,3457,3441,3452
7.20557,3.21E+08,3457,3457,3441,3452
8.25896,3.21E+08,3457,3457,3442,3453
8.37012,3.21E+08,3457,3457,3442,3453
7.59014,3.21E+08,3457,3457,3442,3453
7.74944,3.21E+08,3457,3457,3442,3453
7.20212,3.21E+08,3457,3457,3442,3453
7.97723,3.21E+08,3457,3457,3442,3453
6.52632,3.21E+08,3458,3458,3442,3453
7.03395,3.21E+08,3458,3458,3442,3453
9.43527,3.21E+08,3458,3458,3442,3453
7.538,3.21E+08,3458,3458,3442,3454
7.24961,3.21E+08,3458,3458,3442,3454
7.08903,3.21E+08,3458,3458,3443,3454
8.08739,3.21E+08,3458,3458,3443,3454
6.14111,3.21E+08,3458,3458,3443,3454
7.47153,3.21E+08,3458,3458,3443,3454
6.30929,3.21E+08,3458,3458,3443,3454
6.35791,3.21E+08,3458,3458,3443,3454
7.31288,3.21E+08,3458,3458,3443,3454
6.97937,3.21E+08,3459,3459,3443,3454
7.63068,3.21E+08,3459,3459,3444,3454
7.54571,3.21E+08,3459,3459,3444,3454
7.30671,3.21E+08,3459,3459,3444,3454
7.41791,3.21E+08,3459,3459,3444,3454
7.98303,3.21E+08,3459,3459,3444,3454
7.47946,3.21E+08,3459,3459,3444,3455
7.13531,3.21E+08,3459,3459,3444,3455
6.585,3.21E+08,3459,3459,3444,3455
6.75574,3.21E+08,3459,3459,3444,3455
7.9821,3.21E+08,3459,3459,3445,3455
7.52911,3.21E+08,3459,3459,3445,3455
7.08796,3.21E+08,3460,3460,3445,3455
6.08033,3.21E+08,3460,3460,3445,3455
7.03142,3.21E+08,3460,3460,3445,3455
6.47778,3.21E+08,3460,3460,3445,3455
8.58972,3.21E+08,3460,3460,3445,3455
7.7582,3.21E+08,3460,3460,3445,3455
8.64696,3.21E+08,3460,3460,3445,3455
7.75628,3.21E+08,3460,3460,3445,3455
6.97679,3.21E+08,3460,3460,3445,3455
7.87034,3.21E+08,3460,3460,3445,3456
8.1919,3.21E+08,3460,3460,3445,3456
7.31845,3.21E+08,3460,3460,3445,3456
7.58115,3.21E+08,3461,3461,3445,3456
7.64625,3.21E+08,3461,3461,3445,3456
6.53299,3.21E+08,3461,3461,3446,3456
6.81015,3.21E+08,3461,3461,3446,3456
6.52601,3.21E+08,3461,3461,3446,3456
6.86624,3.21E+08,3461,3461,3446,3456
7.86287,3.21E+08,3461,3461,3446,3456
8.15185,3.21E+08,3461,3461,3446,3457
7.30703,3.21E+08,3461,3461,3446,3457
10.1021,3.21E+08,3461,3461,3446,3457
7.30814,3.21E+08,3461,3461,3446,3457
8.04037,3.21E+08,3461,3461,3447,3457
6.5196,3.21E+08,3461,3461,3447,3457
8.60478,3.21E+08,3461,3461,3447,3457
8.8047,3.21E+08,3461,3461,3447,3457
7.65698,3.21E+08,3461,3461,3447,3457
8.14258,3.21E+08,3462,3462,3447,3457
7.13879,3.21E+08,3462,3462,3447,3457
6.42087,3.21E+08,3462,3462,3447,3457
7.30201,3.21E+08,3462,3462,3448,3457
6.97578,3.21E+08,3462,3462,3448,3457
7.9224,3.21E+08,3462,3462,3448,3457
7.82314,3.21E+08,3462,3462,3448,3457
7.91079,3.21E+08,3462,3462,3448,3457
7.31451,3.21E+08,3462,3462,3448,3458
7.31278,3.21E+08,3462,3462,3448,3458
7.97529,3.21E+08,3463,3463,3448,3458
7.5926,3.21E+08,3463,3463,3448,3458
7.48147,3.21E+08,3463,3463,3448,3458
8.301,3.21E+08,3463,3463,3448,3458
7.71256,3.21E+08,3463,3463,3448,3458
6.4691,3.21E+08,3463,3463,3448,3458
8.48093,3.21E+08,3463,3463,3448,3458
7.98204,3.21E+08,3463,3463,3448,3458
6.64403,3.21E+08,3463,3463,3448,3458
7.46673,3.21E+08,3463,3463,3448,3458
7.98817,3.21E+08,3463,3463,3448,3458
8.03365,3.21E+08,3463,3463,3449,3458
8.03794,3.21E+08,3463,3463,3449,3459
8.08807,3.21E+08,3463,3463,3449,3459
8.53967,3.21E+08,3463,3463,3449,3459
7.87083,3.21E+08,3463,3463,3449,3459
5.85642,3.21E+08,3463,3463,3449,3459
7.24924,3.21E+08,3463,3463,3449,3459
7.36931,3.21E+08,3464,3464,3450,3459
7.31368,3.21E+08,3464,3464,3450,3459
7.91198,3.21E+08,3464,3464,3450,3459
7.87909,3.21E+08,3464,3464,3450,3459
7.52839,3.21E+08,3464,3464,3450,3459
6.03046,3.21E+08,3464,3464,3450,3459
7.02084,3.21E+08,3464,3464,3450,3459
7.93656,3.21E+08,3464,3464,3450,3459
7.91031,3.21E+08,3464,3464,3450,3459
7.15444,3.21E+08,3464,3464,3451,3459
6.52459,3.21E+08,3464,3464,3451,3459
7.53276,3.21E+08,3464,3464,3451,3459
8.09005,3.21E+08,3465,3465,3451,3459
7.81053,3.21E+08,3465,3465,3451,3460
7.08323,3.21E+08,3465,3465,3451,3460
6.48099,3.21E+08,3465,3465,3451,3460
6.86177,3.21E+08,3465,3465,3451,3460
7.75851,3.21E+08,3465,3465,3451,3460
8.87695,3.21E+08,3465,3465,3451,3460
7.46881,3.21E+08,3465,3465,3452,3460
8.76286,3.21E+08,3465,3465,3452,3460
8.03898,3.21E+08,3465,3465,3452,3460
6.86688,3.21E+08,3465,3465,3452,3460
7.36173,3.21E+08,3465,3465,3452,3460
6.92172,3.21E+08,3465,3465,3452,3460
6.80557,3.21E+08,3465,3465,3452,3460
6.1954,3.21E+08,3465,3465,3452,3460
6.80065,3.21E+08,3466,3466,3452,3460
6.69891,3.21E+08,3466,3466,3452,3461
6.69918,3.21E+08,3466,3466,3453,3461
8.54113,3.21E+08,3466,3466,3453,3461
7.41736,3.21E+08,3466,3466,3453,3461
7.48168,3.21E+08,3466,3466,3453,3461
7.3611,3.21E+08,3466,3466,3453,3461
6.42115,3.21E+08,3466,3466,3453,3461
6.07991,3.21E+08,3466,3466,3453,3461
7.19988,3.21E+08,3466,3466,3453,3461
6.85808,3.21E+08,3466,3466,3453,3461
8.31185,3.21E+08,3466,3466,3453,3461
8.65426,3.21E+08,3466,3466,3453,3461
8.09339,3.21E+08,3466,3466,3454,3462
6.58692,3.21E+08,3466,3466,3454,3462
7.41936,3.21E+08,3466,3466,3454,3462
7.31426,3.21E+08,3467,3466,3454,3462
7.58382,3.21E+08,3467,3467,3454,3462
8.15145,3.21E+08,3467,3467,3454,3462
7.47207,3.21E+08,3467,3467,3454,3462
9.48422,3.21E+08,3467,3467,3454,3462
7.14681,3.21E+08,3467,3467,3454,3462
7.02129,3.21E+08,3467,3467,3454,3462
6.76007,3.21E+08,3467,3467,3454,3462
7.02869,3.21E+08,3467,3467,3454,3462
8.36568,3.21E+08,3467,3467,3454,3462
7.87031,3.21E+08,3467,3467,3454,3462
7.7595,3.21E+08,3467,3467,3454,3463
6.36269,3.21E+08,3467,3467,3455,3463
8.08226,3.21E+08,3467,3467,3455,3463
7.43232,3.21E+08,3468,3468,3455,3463
7.24884,3.21E+08,3468,3468,3455,3463
7.75554,3.21E+08,3468,3468,3455,3463
8.81756,3.21E+08,3468,3468,3455,3463
7.09088,3.21E+08,3468,3468,3455,3463
7.41141,3.21E+08,3468,3468,3455,3463
8.3273,3.21E+08,3468,3468,3455,3463
7.02908,3.21E+08,3468,3468,3455,3463
7.69054,3.21E+08,3468,3468,3455,3463
7.93117,3.21E+08,3468,3468,3455,3463
7.0335,3.21E+08,3468,3468,3455,3463
7.58622,3.21E+08,3468,3468,3455,3463
8.20146,3.21E+08,3468,3468,3455,3464
8.76486,3.21E+08,3469,3469,3455,3464
7.92031,3.21E+08,3469,3469,3455,3464
8.31708,3.21E+08,3469,3469,3456,3464
7.25887,3.21E+08,3469,3469,3456,3464
7.36297,3.21E+08,3469,3469,3456,3464
8.53351,3.21E+08,3469,3469,3456,3464
8.31222,3.21E+08,3469,3469,3456,3464
7.25574,3.21E+08,3469,3469,3456,3464
7.25959,3.21E+08,3469,3469,3456,3464
7.74615,3.21E+08,3469,3469,3456,3464
7.70384,3.21E+08,3470,3469,3456,3464
7.98479,3.21E+08,3470,3470,3456,3465
7.36068,3.21E+08,3470,3470,3456,3465
7.8648,3.21E+08,3470,3470,3456,3465
6.64321,3.21E+08,3470,3470,3456,3465
7.87293,3.21E+08,3470,3470,3457,3465
6.63493,3.21E+08,3470,3470,3457,3465
7.03573,3.21E+08,3470,3470,3457,3465
7.07734,3.21E+08,3470,3470,3457,3465
8.54799,3.21E+08,3470,3470,3457,3465
7.5929,3.21E+08,3471,3471,3457,3465
8.19838,3.21E+08,3471,3471,3457,3465
8.36759,3.21E+08,3471,3471,3458,3465
7.42334,3.21E+08,3471,3471,3458,3465
7.75998,3.21E+08,3471,3471,3458,3465
8.31156,3.21E+08,3471,3471,3458,3465
7.59098,3.21E+08,3471,3471,3458,3465
6.52687,3.21E+08,3471,3471,3458,3465
7.08842,3.21E+08,3471,3471,3458,3466
7.58695,3.21E+08,3471,3471,3458,3466
7.37051,3.21E+08,3471,3471,3458,3466
7.75096,3.21E+08,3471,3471,3458,3466
6.7562,3.21E+08,3471,3471,3458,3466
7.08189,3.21E+08,3471,3471,3459,3466
7.3099,3.21E+08,3471,3471,3459,3466
7.7019,3.21E+08,3471,3471,3459,3466
6.42045,3.21E+08,3471,3471,3459,3466
7.80057,3.21E+08,3471,3471,3459,3466
7.65546,3.21E+08,3471,3471,3459,3466
7.97042,3.21E+08,3472,3472,3459,3466
8.20463,3.21E+08,3472,3472,3459,3467
7.92319,3.21E+08,3472,3472,3459,3467
7.64612,3.21E+08,3472,3472,3459,3467
7.48095,3.21E+08,3472,3472,3459,3467
8.19439,3.21E+08,3472,3472,3459,3467
8.8225,3.21E+08,3472,3472,3460,3467
9.21008,3.21E+08,3472,3472,3460,3467
7.48004,3.21E+08,3472,3472,3460,3467
7.36229,3.21E+08,3472,3472,3460,3467
7.58583,3.21E+08,3472,3472,3460,3467
7.03589,3.21E+08,3472,3472,3460,3467
7.19267,3.21E+08,3472,3472,3460,3467
6.63698,3.21E+08,3472,3472,3460,3467
6.59511,3.21E+08,3472,3472,3461,3467
8.19665,3.21E+08,3473,3473,3461,3467
7.25777,3.21E+08,3473,3473,3461,3468
7.58434,3.21E+08,3473,3473,3461,3468
7.64284,3.21E+08,3473,3473,3461,3468
9.21146,3.21E+08,3473,3473,3461,3468
7.76074,3.21E+08,3473,3473,3461,3468
7.75101,3.21E+08,3473,3473,3461,3468
7.03338,3.21E+08,3473,3473,3461,3469
7.8093,3.21E+08,3473,3473,3461,3469
7.752,3.21E+08,3473,3473,3461,3469
7.25607,3.21E+08,3473,3473,3461,3469
6.47189,3.21E+08,3474,3474,3461,3469
8.03843,3.21E+08,3474,3474,3461,3469
6.69633,3.21E+08,3474,3474,3462,3469
7.81209,3.21E+08,3474,3474,3462,3469
7.47987,3.21E+08,3474,3474,3462,3469
7.64979,3.21E+08,3474,3474,3462,3469
8.08638,3.21E+08,3474,3474,3462,3469
7.75452,3.21E+08,3474,3474,3462,3469
8.15028,3.21E+08,3474,3474,3462,3469
7.6418,3.21E+08,3474,3474,3462,3469
7.30676,3.21E+08,3474,3474,3462,3469
7.36262,3.21E+08,3474,3474,3462,3469
7.09282,3.21E+08,3474,3474,3462,3469
8.48477,3.21E+08,3474,3474,3462,3470
8.19204,3.21E+08,3474,3474,3462,3470
7.92892,3.21E+08,3475,3475,3462,3470
8.15037,3.21E+08,3475,3475,3462,3470
6.53214,3.21E+08,3475,3475,3463,3470
8.81286,3.21E+08,3475,3475,3463,3470
7.36838,3.21E+08,3475,3475,3463,3470
8.36043,3.21E+08,3475,3475,3463,3470
8.59667,3.21E+08,3475,3475,3463,3470
6.69624,3.21E+08,3475,3475,3463,3470
7.53116,3.21E+08,3475,3475,3463,3470
7.81435,3.21E+08,3476,3476,3463,3470
7.25531,3.21E+08,3476,3476,3463,3470
8.04017,3.21E+08,3476,3476,3463,3470
7.41452,3.21E+08,3476,3476,3463,3471
8.53814,3.21E+08,3476,3476,3463,3471
6.97334,3.21E+08,3476,3476,3463,3471
7.13961,3.21E+08,3476,3476,3464,3471
8.43087,3.21E+08,3476,3476,3464,3471
7.36874,3.21E+08,3476,3476,3464,3471
6.47651,3.21E+08,3476,3476,3464,3471
6.68969,3.21E+08,3476,3476,3464,3471
6.47609,3.21E+08,3476,3476,3464,3471
7.0886,3.21E+08,3476,3476,3464,3471
7.18832,3.21E+08,3476,3476,3464,3472
6.53331,3.21E+08,3476,3476,3464,3472
7.75805,3.21E+08,3476,3476,3464,3472
7.92786,3.21E+08,3477,3477,3464,3472
7.52071,3.21E+08,3477,3477,3464,3472
8.27182,3.21E+08,3477,3477,3464,3472
7.02591,3.21E+08,3477,3477,3464,3472
8.20769,3.21E+08,3477,3477,3464,3472
7.03578,3.21E+08,3477,3477,3464,3472
8.19776,3.21E+08,3477,3477,3464,3472
7.80058,3.21E+08,3477,3477,3465,3472
7.20846,3.21E+08,3477,3477,3465,3472
7.20297,3.21E+08,3477,3477,3465,3472
7.97595,3.21E+08,3477,3477,3465,3472
7.86326,3.21E+08,3477,3477,3465,3472
8.15213,3.21E+08,3477,3477,3465,3472
7.69601,3.21E+08,3477,3477,3465,3473
7.53703,3.21E+08,3478,3478,3465,3473
7.0262,3.21E+08,3478,3478,3465,3473
8.03304,3.21E+08,3478,3478,3465,3473
7.8105,3.21E+08,3478,3478,3465,3473
6.6477,3.21E+08,3478,3478,3465,3473
6.41441,3.21E+08,3478,3478,3465,3473
9.2108,3.21E+08,3478,3478,3465,3473
7.70381,3.21E+08,3478,3478,3465,3473
8.30753,3.21E+08,3478,3478,3465,3473
8.09518,3.21E+08,3478,3478,3465,3473
7.92079,3.21E+08,3478,3478,3466,3473
8.42919,3.21E+08,3478,3478,3466,3474
7.41274,3.21E+08,3478,3478,3466,3474
7.48469,3.21E+08,3478,3478,3466,3474
8.42417,3.21E+08,3479,3479,3466,3474
7.53678,3.21E+08,3479,3479,3466,3474
8.36564,3.21E+08,3479,3479,3466,3474
9.20759,3.21E+08,3479,3479,3466,3474
6.74995,3.21E+08,3479,3479,3466,3475
8.19751,3.21E+08,3479,3479,3466,3475
7.37569,3.21E+08,3479,3479,3466,3475
8.19329,3.21E+08,3479,3479,3466,3475
7.37498,3.21E+08,3479,3479,3466,3475
8.14202,3.21E+08,3479,3479,3467,3475
7.98528,3.21E+08,3479,3479,3467,3475
9.02917,3.21E+08,3479,3479,3467,3475
6.92157,3.21E+08,3479,3479,3467,3475
6.30963,3.21E+08,3479,3479,3467,3475
6.30289,3.21E+08,3480,3480,3467,3475
8.14434,3.21E+08,3480,3480,3467,3475
8.82133,3.21E+08,3480,3480,3468,3475
7.03361,3.21E+08,3480,3480,3468,3475
7.4166,3.21E+08,3480,3480,3468,3475
7.31268,3.21E+08,3480,3480,3468,3475
7.86695,3.21E+08,3480,3480,3468,3476
7.59102,3.21E+08,3480,3480,3468,3476
6.24599,3.21E+08,3480,3480,3468,3476
8.03304,3.21E+08,3480,3480,3468,3476
7.59087,3.21E+08,3480,3480,3468,3476
7.08942,3.21E+08,3480,3480,3468,3476
7.25342,3.21E+08,3480,3480,3469,3476
8.65323,3.21E+08,3480,3480,3469,3476
7.52183,3.21E+08,3480,3480,3469,3476
8.16056,3.21E+08,3480,3480,3469,3476
7.19519,3.21E+08,3480,3480,3469,3476
7.14478,3.21E+08,3480,3480,3469,3476
8.42055,3.21E+08,3480,3480,3469,3476
7.08389,3.21E+08,3480,3480,3469,3476
7.02793,3.21E+08,3480,3480,3470,3476
8.43146,3.21E+08,3481,3481,3470,3476
8.19974,3.21E+08,3481,3481,3470,3476
7.15254,3.21E+08,3481,3481,3470,3477
7.47328,3.21E+08,3481,3481,3470,3477
7.08979,3.21E+08,3481,3481,3470,3477
7.19543,3.21E+08,3481,3481,3470,3477
7.81173,3.21E+08,3481,3481,3470,3477
6.30599,3.21E+08,3481,3481,3470,3477
6.97796,3.21E+08,3481,3481,3470,3477
7.4733,3.21E+08,3481,3481,3470,3477
7.03332,3.21E+08,3481,3481,3470,3477
8.63913,3.21E+08,3481,3481,3470,3478
7.09234,3.21E+08,3482,3482,3471,3478
8.14945,3.21E+08,3482,3482,3471,3478
7.59331,3.21E+08,3482,3482,3471,3478
8.08176,3.21E+08,3482,3482,3471,3478
8.87369,3.21E+08,3482,3482,3471,3478
7.92895,3.21E+08,3482,3482,3471,3478
6.97291,3.21E+08,3482,3482,3471,3478
8.59823,3.21E+08,3482,3482,3471,3478
7.41625,3.21E+08,3482,3482,3471,3478
8.14445,3.21E+08,3482,3482,3472,3478
7.64943,3.21E+08,3482,3482,3472,3478
8.19562,3.21E+08,3482,3482,3472,3479
7.81009,3.21E+08,3482,3482,3472,3479
7.04129,3.21E+08,3483,3482,3472,3479
7.30407,3.21E+08,3483,3483,3472,3479
6.86648,3.21E+08,3483,3483,3472,3479
7.03301,3.21E+08,3483,3483,3472,3479
6.96654,3.21E+08,3483,3483,3472,3479
6.14042,3.21E+08,3483,3483,3472,3479
7.98385,3.21E+08,3483,3483,3472,3479
6.02899,3.21E+08,3483,3483,3472,3480
7.5294,3.21E+08,3483,3483,3472,3480
6.97502,3.21E+08,3483,3483,3472,3480
6.36513,3.21E+08,3483,3483,3473,3480
7.13752,3.21E+08,3483,3483,3473,3480
8.20136,3.21E+08,3483,3483,3473,3480
6.58235,3.21E+08,3483,3483,3473,3480
6.81041,3.21E+08,3483,3483,3473,3480
7.03486,3.21E+08,3483,3483,3473,3480
7.13847,3.21E+08,3483,3483,3473,3480
7.41819,3.21E+08,3483,3483,3473,3480
6.92195,3.21E+08,3484,3483,3473,3480
6.53132,3.21E+08,3484,3484,3473,3480
7.03308,3.21E+08,3484,3484,3473,3480
7.30722,3.21E+08,3484,3484,3474,3480
7.70491,3.21E+08,3484,3484,3474,3481
8.19234,3.21E+08,3484,3484,3474,3481
7.70297,3.21E+08,3484,3484,3474,3481
7.14703,3.21E+08,3484,3484,3474,3481
8.69859,3.21E+08,3484,3484,3474,3481
7.19583,3.21E+08,3484,3484,3474,3481
7.03436,3.21E+08,3484,3484,3474,3481
7.31328,3.21E+08,3484,3484,3474,3481
8.59315,3.21E+08,3484,3484,3474,3481
7.70114,3.21E+08,3484,3484,3474,3481
7.03532,3.21E+08,3484,3484,3474,3481
8.19735,3.21E+08,3484,3484,3474,3481
6.08605,3.21E+08,3485,3485,3475,3482
6.46942,3.21E+08,3485,3485,3475,3482
8.69942,3.21E+08,3485,3485,3475,3482
7.09088,3.21E+08,3485,3485,3475,3482
7.64749,3.21E+08,3485,3485,3475,3482
8.41772,3.21E+08,3485,3485,3475,3482
7.69936,3.21E+08,3485,3485,3475,3482
8.59253,3.21E+08,3485,3485,3475,3482
7.8084,3.21E+08,3485,3485,3475,3482
8.4389,3.21E+08,3485,3485,3476,3482
7.58656,3.21E+08,3486,3486,3476,3482
7.08459,3.21E+08,3486,3486,3476,3482
7.36612,3.21E+08,3486,3486,3476,3482
7.25191,3.21E+08,3486,3486,3476,3483
6.81162,3.21E+08,3486,3486,3476,3483
8.98707,3.21E+08,3486,3486,3476,3483
7.25076,3.21E+08,3486,3486,3476,3483
8.20665,3.21E+08,3486,3486,3476,3483
7.74729,3.21E+08,3486,3486,3476,3483
6.75898,3.21E+08,3486,3486,3476,3483
6.68734,3.21E+08,3486,3486,3476,3483
7.76595,3.21E+08,3486,3486,3477,3483
9.04437,3.21E+08,3486,3486,3477,3483
8.53152,3.21E+08,3487,3487,3477,3483
7.20318,3.21E+08,3487,3487,3477,3483
7.02814,3.21E+08,3487,3487,3477,3483
6.70016,3.21E+08,3487,3487,3477,3483
8.70037,3.21E+08,3487,3487,3477,3483
8.1987,3.21E+08,3487,3487,3477,3483
7.25605,3.21E+08,3487,3487,3477,3483
8.65305,3.21E+08,3487,3487,3477,3483
7.64191,3.21E+08,3487,3487,3477,3483
8.37402,3.21E+08,3487,3487,3477,3483
8.31,3.21E+08,3487,3487,3477,3483
6.86634,3.21E+08,3487,3487,3477,3483
7.69505,3.21E+08,3487,3487,3478,3483
7.08976,3.21E+08,3487,3487,3478,3484
5.91394,3.21E+08,3487,3487,3478,3484
7.03012,3.21E+08,3487,3487,3478,3484
8.08784,3.21E+08,3487,3487,3478,3484
7.47565,3.21E+08,3487,3487,3478,3484
7.63696,3.21E+08,3488,3488,3478,3484
8.27751,3.21E+08,3488,3488,3478,3484
7.69612,3.21E+08,3488,3488,3478,3484
6.91743,3.21E+08,3488,3488,3478,3484
8.70224,3.21E+08,3488,3488,3479,3484
7.87098,3.21E+08,3488,3488,3479,3484
7.59185,3.21E+08,3488,3488,3479,3484
8.03831,3.21E+08,3488,3488,3479,3484
8.75045,3.21E+08,3488,3488,3479,3484
7.30608,3.21E+08,3488,3488,3479,3484
7.76243,3.21E+08,3489,3489,3479,3484
8.26403,3.21E+08,3489,3489,3479,3484
8.15088,3.21E+08,3489,3489,3479,3485
8.47785,3.21E+08,3489,3489,3479,3485
9.54622,3.21E+08,3489,3489,3479,3485
7.57819,3.21E+08,3489,3489,3479,3485
7.31453,3.21E+08,3489,3489,3479,3485
8.31998,3.21E+08,3489,3489,3479,3485
7.86209,3.21E+08,3489,3489,3480,3485
6.97428,3.21E+08,3489,3489,3480,3485
8.09411,3.21E+08,3490,3490,3480,3485
7.98262,3.21E+08,3490,3490,3480,3485
7.35553,3.21E+08,3490,3490,3480,3485
8.43953,3.21E+08,3490,3490,3480,3485
7.52818,3.21E+08,3490,3490,3480,3485
7.19802,3.21E+08,3490,3490,3480,3485
7.70155,3.21E+08,3490,3490,3481,3485
8.3746,3.21E+08,3490,3490,3481,3485
7.08397,3.21E+08,3490,3490,3481,3485
7.58587,3.21E+08,3490,3490,3481,3486
7.42468,3.21E+08,3490,3490,3481,3486
7.42414,3.21E+08,3490,3490,3481,3486
6.91473,3.21E+08,3490,3490,3481,3486
7.42525,3.21E+08,3491,3491,3481,3486
7.74672,3.21E+08,3491,3491,3481,3486
7.71064,3.21E+08,3491,3491,3481,3486
7.80943,3.21E+08,3491,3491,3481,3486
6.80997,3.21E+08,3491,3491,3481,3486
7.74487,3.21E+08,3491,3491,3482,3486
7.65039,3.21E+08,3491,3491,3482,3486
6.97795,3.21E+08,3491,3491,3482,3486
6.63872,3.21E+08,3491,3491,3482,3486
6.75103,3.21E+08,3491,3491,3482,3487
7.19774,3.21E+08,3491,3491,3482,3487
7.58765,3.21E+08,3491,3491,3482,3487
6.52816,3.21E+08,3491,3491,3482,3487
8.09007,3.21E+08,3491,3491,3482,3487
9.55422,3.21E+08,3491,3491,3482,3487
8.14394,3.21E+08,3491,3491,3482,3487
6.92229,3.21E+08,3491,3491,3482,3487
7.91987,3.21E+08,3491,3491,3483,3487
7.92933,3.21E+08,3491,3491,3483,3487
8.03152,3.21E+08,3491,3491,3483,3487
7.08977,3.21E+08,3491,3491,3483,3487
7.75282,3.21E+08,3492,3492,3483,3487
7.36896,3.21E+08,3492,3492,3483,3487
7.19212,3.21E+08,3492,3492,3483,3487
7.64532,3.21E+08,3492,3492,3483,3487
8.98513,3.21E+08,3492,3492,3483,3487
8.15143,3.21E+08,3492,3492,3483,3487
7.13277,3.21E+08,3492,3492,3483,3487
7.31998,3.21E+08,3492,3492,3483,3487
8.64648,3.21E+08,3492,3492,3484,3487
7.13884,3.21E+08,3492,3492,3484,3488
7.37037,3.21E+08,3492,3492,3484,3488
7.30011,3.21E+08,3492,3492,3484,3488
8.43908,3.21E+08,3492,3492,3484,3488
7.2512,3.21E+08,3492,3492,3484,3488
8.15257,3.21E+08,3492,3492,3484,3488
7.24836,3.21E+08,3492,3492,3484,3488
6.8051,3.21E+08,3493,3493,3484,3488
8.42411,3.21E+08,3493,3493,3484,3488
8.53983,3.21E+08,3493,3493,3484,3488
8.37255,3.21E+08,3493,3493,3484,3488
8.20786,3.21E+08,3493,3493,3484,3489
7.13792,3.21E+08,3493,3493,3484,3489
8.76682,3.21E+08,3493,3493,3484,3489
7.85692,3.21E+08,3493,3493,3485,3489
8.99863,3.21E+08,3493,3493,3485,3489
6.35765,3.21E+08,3493,3493,3485,3489
7.53035,3.21E+08,3493,3493,3485,3489
6.86456,3.21E+08,3494,3494,3485,3489
8.53983,3.21E+08,3494,3494,3485,3489
9.21267,3.21E+08,3494,3494,3485,3489
7.36166,3.21E+08,3494,3494,3485,3489
8.70139,3.21E+08,3494,3494,3485,3489
8.20548,3.21E+08,3494,3494,3485,3489
7.59399,3.21E+08,3494,3494,3485,3489
8.92485,3.21E+08,3494,3494,3485,3490
7.6378,3.21E+08,3494,3494,3485,3490
8.64751,3.21E+08,3495,3495,3485,3490
7.42481,3.21E+08,3495,3495,3485,3490
6.36319,3.21E+08,3495,3495,3485,3490
7.25695,3.21E+08,3495,3495,3486,3490
8.64499,3.21E+08,3495,3495,3486,3490
6.75568,3.21E+08,3495,3495,3486,3490
7.47376,3.21E+08,3495,3495,3486,3490
7.25088,3.21E+08,3495,3495,3486,3490
6.64301,3.21E+08,3495,3495,3486,3491
7.36306,3.21E+08,3495,3495,3486,3491
7.47449,3.21E+08,3495,3495,3486,3491
7.81433,3.21E+08,3495,3495,3486,3491
6.08122,3.21E+08,3495,3495,3486,3491
7.81615,3.21E+08,3496,3496,3486,3491
7.92623,3.21E+08,3496,3496,3486,3491
7.58751,3.21E+08,3496,3496,3486,3491
6.75264,3.21E+08,3496,3496,3486,3491
7.69906,3.21E+08,3496,3496,3486,3491
7.97922,3.21E+08,3496,3496,3486,3491
8.26102,3.21E+08,3496,3496,3487,3491
8.26292,3.21E+08,3496,3496,3487,3491
7.81026,3.21E+08,3496,3496,3487,3491
6.5813,3.21E+08,3496,3496,3487,3491
6.52813,3.21E+08,3496,3496,3487,3491
7.53478,3.21E+08,3496,3496,3487,3491
8.48654,3.21E+08,3496,3496,3487,3492
8.63836,3.21E+08,3496,3496,3487,3492
9.156,3.21E+08,3496,3496,3487,3492
7.59241,3.21E+08,3496,3496,3487,3492
8.31156,3.21E+08,3497,3497,3488,3492
7.81741,3.21E+08,3497,3497,3488,3492
6.79786,3.21E+08,3497,3497,3488,3492
6.70727,3.21E+08,3497,3497,3488,3492
7.86075,3.21E+08,3497,3497,3488,3492
7.14614,3.21E+08,3497,3497,3488,3492
7.63347,3.21E+08,3497,3497,3488,3493
7.54516,3.21E+08,3497,3497,3488,3493
6.74754,3.21E+08,3497,3497,3488,3493
7.31447,3.21E+08,3497,3497,3488,3493
7.47439,3.21E+08,3497,3497,3488,3493
7.14492,3.21E+08,3497,3497,3488,3493
8.19799,3.21E+08,3497,3497,3489,3493
6.6929,3.21E+08,3497,3497,3489,3493
7.36836,3.21E+08,3497,3497,3489,3493
7.47975,3.21E+08,3497,3497,3489,3493
8.59917,3.21E+08,3497,3497,3489,3493
7.53044,3.21E+08,3497,3497,3489,3493
7.36093,3.21E+08,3498,3498,3489,3493
6.97725,3.21E+08,3498,3498,3489,3493
7.20173,3.21E+08,3498,3498,3489,3493
6.80437,3.21E+08,3498,3498,3489,3493
7.76135,3.21E+08,3498,3498,3489,3493
7.14027,3.21E+08,3498,3498,3489,3494
7.64019,3.21E+08,3498,3498,3489,3494
8.26246,3.21E+08,3498,3498,3489,3494
8.43139,3.21E+08,3498,3498,3489,3494
7.47495,3.21E+08,3498,3498,3489,3494
8.97725,3.21E+08,3498,3498,3489,3494
9.31541,3.21E+08,3498,3498,3489,3494
7.98292,3.21E+08,3498,3498,3489,3494
8.03361,3.21E+08,3498,3498,3489,3494
8.64355,3.21E+08,3498,3498,3489,3494
8.04061,3.21E+08,3498,3498,3489,3494
6.81061,3.21E+08,3498,3498,3489,3494
5.91827,3.21E+08,3498,3498,3489,3494
7.5814,3.21E+08,3498,3498,3489,3494
6.75059,3.21E+08,3499,3499,3489,3494
6.97789,3.21E+08,3499,3499,3490,3494
8.0881,3.21E+08,3499,3499,3490,3494
7.4807,3.21E+08,3499,3499,3490,3495
7.48174,3.21E+08,3499,3499,3490,3495
9.53475,3.21E+08,3499,3499,3490,3495
8.93549,3.21E+08,3499,3499,3490,3495
7.97434,3.21E+08,3499,3499,3490,3495
7.36649,3.21E+08,3499,3499,3490,3495
8.03717,3.21E+08,3499,3499,3490,3495
7.75833,3.21E+08,3499,3499,3490,3495
7.58555,3.21E+08,3499,3499,3490,3495
7.8095,3.21E+08,3499,3499,3490,3495
7.53643,3.21E+08,3500,3500,3491,3495
7.64323,3.21E+08,3500,3500,3491,3495
10.1561,3.21E+08,3500,3500,3491,3496
8.25601,3.21E+08,3500,3500,3491,3496
9.0993,3.21E+08,3500,3500,3491,3496
6.02726,3.21E+08,3500,3500,3491,3496
7.47558,3.21E+08,3500,3500,3491,3496
8.37067,3.21E+08,3500,3500,3491,3496
7.53398,3.21E+08,3500,3500,3491,3496
7.86635,3.21E+08,3500,3500,3491,3496
8.54299,3.21E+08,3500,3500,3491,3496
6.52704,3.21E+08,3500,3500,3491,3496
8.14579,3.21E+08,3500,3500,3491,3496
7.19948,3.21E+08,3500,3500,3491,3497
8.2085,3.21E+08,3500,3501,3491,3497
7.30392,3.21E+08,3501,3501,3491,3497
6.70009,3.21E+08,3501,3501,3492,3497
6.58086,3.21E+08,3501,3501,3492,3497
6.81093,3.21E+08,3501,3501,3492,3497
6.58091,3.21E+08,3501,3501,3492,3497
8.87422,3.21E+08,3501,3501,3492,3497
8.25619,3.21E+08,3501,3501,3492,3497
7.59381,3.21E+08,3501,3501,3492,3497
7.80168,3.21E+08,3501,3501,3492,3497
6.42384,3.21E+08,3501,3501,3492,3497
6.86691,3.21E+08,3501,3501,3492,3497
7.41445,3.21E+08,3501,3501,3492,3497
6.47119,3.21E+08,3501,3501,3492,3498
6.35966,3.21E+08,3501,3501,3492,3498
7.99261,3.21E+08,3501,3501,3492,3498
9.30559,3.21E+08,3501,3501,3492,3498
8.64572,3.21E+08,3501,3501,3493,3498
7.2065,3.21E+08,3501,3501,3493,3498
8.31891,3.21E+08,3501,3501,3493,3498
8.42197,3.21E+08,3501,3501,3493,3499
7.31387,3.21E+08,3502,3502,3493,3499
8.58869,3.21E+08,3502,3502,3493,3499
7.75385,3.21E+08,3502,3502,3493,3499
7.98162,3.21E+08,3502,3502,3493,3499
7.19699,3.21E+08,3502,3502,3493,3499
8.81493,3.21E+08,3502,3502,3493,3499
7.03154,3.21E+08,3502,3502,3493,3499
7.75885,3.21E+08,3502,3502,3493,3499
8.93278,3.21E+08,3502,3502,3494,3500
7.74845,3.21E+08,3502,3502,3494,3500
8.48533,3.21E+08,3502,3502,3494,3500
7.20041,3.21E+08,3502,3502,3494,3500
7.13918,3.21E+08,3502,3502,3494,3500
8.5418,3.21E+08,3502,3502,3494,3500
7.41612,3.21E+08,3502,3502,3494,3500
8.8787,3.21E+08,3502,3502,3494,3500
6.47049,3.21E+08,3502,3502,3494,3500
8.47831,3.21E+08,3502,3502,3494,3500
7.20033,3.21E+08,3502,3502,3494,3500
7.75909,3.21E+08,3502,3502,3494,3501
7.86801,3.21E+08,3502,3502,3495,3501
8.03574,3.21E+08,3503,3503,3495,3501
8.08463,3.21E+08,3503,3503,3495,3501
7.76194,3.21E+08,3503,3503,3495,3501
7.87234,3.21E+08,3503,3503,3495,3501
7.19647,3.21E+08,3503,3503,3495,3501
8.52482,3.21E+08,3503,3503,3495,3501
7.93431,3.21E+08,3503,3503,3495,3501
7.46796,3.21E+08,3503,3503,3495,3501
7.37707,3.21E+08,3503,3503,3495,3501
8.24699,3.21E+08,3503,3503,3495,3501
8.88683,3.21E+08,3503,3503,3495,3501
8.03292,3.21E+08,3503,3503,3495,3501
7.86485,3.21E+08,3503,3503,3496,3501
8.42665,3.21E+08,3503,3503,3496,3501
9.20741,3.21E+08,3504,3504,3496,3501
8.48371,3.21E+08,3504,3504,3496,3502
8.19688,3.21E+08,3504,3504,3496,3502
7.5939,3.21E+08,3504,3504,3496,3502
8.30244,3.21E+08,3504,3504,3496,3502
7.76673,3.21E+08,3504,3504,3497,3502
7.20176,3.21E+08,3504,3504,3497,3502
7.41295,3.21E+08,3504,3504,3497,3502
8.2079,3.21E+08,3504,3504,3497,3502
7.47547,3.21E+08,3504,3504,3497,3502
7.47864,3.21E+08,3504,3504,3497,3502
6.81002,3.21E+08,3504,3504,3497,3502
7.8569,3.21E+08,3504,3504,3497,3502
8.77319,3.21E+08,3504,3504,3497,3502
7.47113,3.21E+08,3504,3504,3497,3502
6.80556,3.21E+08,3505,3505,3497,3502
7.92464,3.21E+08,3505,3505,3498,3502
8.64643,3.21E+08,3505,3505,3498,3502
7.7131,3.21E+08,3505,3505,3498,3502
6.35722,3.21E+08,3505,3505,3498,3503
7.36922,3.21E+08,3505,3505,3498,3503
8.19658,3.21E+08,3505,3505,3498,3503
8.03479,3.21E+08,3505,3505,3498,3503
6.91654,3.21E+08,3505,3505,3498,3503
7.03437,3.21E+08,3505,3505,3498,3503
8.59953,3.21E+08,3505,3505,3498,3503
8.53229,3.21E+08,3505,3505,3498,3503
7.30904,3.21E+08,3506,3506,3498,3503
7.2567,3.21E+08,3506,3506,3498,3503
7.25826,3.21E+08,3506,3506,3498,3503
7.75098,3.21E+08,3506,3506,3498,3503
7.42407,3.21E+08,3506,3506,3498,3503
7.75953,3.21E+08,3506,3506,3498,3504
7.63342,3.21E+08,3506,3506,3498,3504
7.81774,3.21E+08,3506,3506,3498,3504
7.14004,3.21E+08,3506,3506,3499,3504
7.64955,3.21E+08,3506,3506,3499,3504
9.04503,3.21E+08,3506,3506,3499,3504
8.70017,3.21E+08,3506,3506,3499,3504
9.43755,3.21E+08,3506,3506,3499,3504
8.07839,3.21E+08,3506,3506,3499,3504
7.58528,3.21E+08,3506,3506,3499,3504
7.26589,3.21E+08,3506,3506,3499,3504
6.35508,3.21E+08,3506,3506,3499,3504
6.58434,3.21E+08,3506,3506,3499,3504
9.04254,3.21E+08,3506,3506,3499,3504
7.92868,3.21E+08,3506,3506,3499,3505
8.53136,3.21E+08,3507,3507,3499,3505
8.59123,3.21E+08,3507,3507,3499,3505
7.59133,3.21E+08,3507,3507,3499,3505
7.3132,3.21E+08,3507,3507,3499,3505
7.48184,3.21E+08,3507,3507,3499,3505
7.41138,3.21E+08,3507,3507,3499,3505
7.363,3.21E+08,3507,3507,3499,3505
6.08532,3.21E+08,3507,3507,3500,3505
6.02919,3.21E+08,3507,3507,3500,3505
8.4871,3.21E+08,3507,3507,3500,3505
7.91743,3.21E+08,3507,3507,3500,3505
7.81776,3.21E+08,3507,3507,3500,3505
7.41736,3.21E+08,3508,3508,3500,3505
7.1408,3.21E+08,3508,3508,3500,3506
7.81337,3.21E+08,3508,3508,3500,3506
7.36714,3.21E+08,3508,3508,3500,3506
7.14314,3.21E+08,3508,3508,3500,3506
7.19868,3.21E+08,3508,3508,3500,3506
7.31068,3.21E+08,3508,3508,3500,3506
6.74428,3.21E+08,3508,3508,3500,3506
8.21439,3.21E+08,3508,3508,3500,3506
8.64263,3.21E+08,3508,3508,3500,3506
8.59254,3.21E+08,3509,3509,3500,3506
8.03667,3.21E+08,3509,3509,3500,3506
7.7048,3.21E+08,3509,3509,3500,3506
8.24754,3.21E+08,3509,3509,3500,3506
7.71168,3.21E+08,3509,3509,3500,3506
7.30037,3.21E+08,3509,3509,3500,3506
7.65489,3.21E+08,3509,3509,3501,3506
7.08496,3.21E+08,3509,3509,3501,3506
7.5326,3.21E+08,3509,3509,3501,3506
7.19816,3.21E+08,3509,3509,3501,3506
7.81081,3.21E+08,3509,3509,3501,3506
7.8709,3.21E+08,3509,3509,3501,3506
7.36346,3.21E+08,3509,3509,3501,3506
6.24679,3.21E+08,3509,3509,3501,3506
8.26152,3.21E+08,3509,3509,3501,3507
6.75522,3.21E+08,3510,3510,3502,3507
8.31032,3.21E+08,3510,3510,3502,3507
8.09046,3.21E+08,3510,3510,3502,3507
8.03622,3.21E+08,3510,3510,3502,3507
8.25919,3.21E+08,3510,3510,3502,3507
7.75534,3.21E+08,3510,3510,3502,3507
7.87153,3.21E+08,3510,3510,3502,3507
7.02434,3.21E+08,3510,3510,3502,3507
7.5327,3.21E+08,3510,3510,3502,3507
7.97948,3.21E+08,3510,3510,3502,3507
8.208,3.21E+08,3510,3510,3502,3507
6.42066,3.21E+08,3511,3511,3502,3508
7.52462,3.21E+08,3511,3511,3502,3508
7.42415,3.21E+08,3511,3511,3502,3508
6.08308,3.21E+08,3511,3511,3502,3508
6.58365,3.21E+08,3511,3511,3503,3508
6.52981,3.21E+08,3511,3511,3503,3508
7.81681,3.21E+08,3511,3511,3503,3508
8.14132,3.21E+08,3511,3511,3503,3508
7.59314,3.21E+08,3511,3511,3503,3508
7.97498,3.21E+08,3511,3511,3503,3508
7.42408,3.21E+08,3511,3511,3503,3509
6.08642,3.21E+08,3511,3511,3503,3509
6.96546,3.21E+08,3511,3511,3503,3509
5.74932,3.21E+08,3511,3511,3503,3509
6.97119,3.21E+08,3511,3511,3503,3509
7.2562,3.21E+08,3511,3511,3503,3509
7.25889,3.21E+08,3511,3511,3503,3509
7.98253,3.21E+08,3511,3511,3503,3509
8.03193,3.21E+08,3511,3511,3503,3509
7.36864,3.21E+08,3511,3511,3503,3509
7.69752,3.21E+08,3511,3511,3503,3509
6.86422,3.21E+08,3511,3511,3503,3509
5.8051,3.21E+08,3512,3511,3504,3509
8.08614,3.21E+08,3512,3512,3504,3509
6.58631,3.21E+08,3512,3512,3504,3509
8.20271,3.21E+08,3512,3512,3504,3509
6.92181,3.21E+08,3512,3512,3504,3509
8.97811,3.21E+08,3512,3512,3504,3510
7.53375,3.21E+08,3512,3512,3504,3510
7.42242,3.21E+08,3512,3512,3504,3510
7.20127,3.21E+08,3512,3512,3504,3510
7.25132,3.21E+08,3512,3512,3504,3510
7.70237,3.21E+08,3512,3512,3504,3510
8.09157,3.21E+08,3512,3512,3504,3510
7.14168,3.21E+08,3512,3512,3504,3510
8.04107,3.21E+08,3512,3512,3505,3510
7.36187,3.21E+08,3512,3512,3505,3510
7.86386,3.21E+08,3512,3512,3505,3510
6.47576,3.21E+08,3512,3513,3505,3510
7.25677,3.21E+08,3513,3513,3505,3510
8.19653,3.21E+08,3513,3513,3505,3510
7.3081,3.21E+08,3513,3513,3505,3510
6.97632,3.21E+08,3513,3513,3505,3510
6.91794,3.21E+08,3513,3513,3505,3511
6.92347,3.21E+08,3513,3513,3505,3511
7.31188,3.21E+08,3513,3513,3506,3511
7.08251,3.21E+08,3513,3513,3506,3511
7.37053,3.21E+08,3513,3513,3506,3511
7.75363,3.21E+08,3513,3513,3506,3511
7.75287,3.21E+08,3513,3513,3506,3511
7.3129,3.21E+08,3513,3513,3506,3512
8.03851,3.21E+08,3513,3513,3506,3512
8.63557,3.21E+08,3513,3513,3506,3512
6.76217,3.21E+08,3513,3513,3506,3512
7.29994,3.21E+08,3513,3513,3506,3512
7.54431,3.21E+08,3514,3514,3506,3512
7.40998,3.21E+08,3514,3514,3506,3512
7.82302,3.21E+08,3514,3514,3506,3512
8.59823,3.21E+08,3514,3514,3506,3512
7.58569,3.21E+08,3514,3514,3506,3512
6.63657,3.21E+08,3514,3514,3506,3512
8.37487,3.21E+08,3514,3514,3506,3512
6.91515,3.21E+08,3514,3514,3506,3512
7.42068,3.21E+08,3514,3514,3506,3512
8.65239,3.21E+08,3514,3514,3507,3513
7.81632,3.21E+08,3514,3514,3507,3513
8.81087,3.21E+08,3514,3514,3507,3513
7.53791,3.21E+08,3514,3514,3507,3513
7.08188,3.21E+08,3514,3514,3507,3513
6.58263,3.21E+08,3515,3515,3507,3513
6.02902,3.21E+08,3515,3515,3507,3513
8.42854,3.21E+08,3515,3515,3507,3513
6.58209,3.21E+08,3515,3515,3507,3513
7.42547,3.21E+08,3515,3515,3508,3513
8.30976,3.21E+08,3515,3515,3508,3513
7.98611,3.21E+08,3515,3515,3508,3513
7.19156,3.21E+08,3515,3515,3508,3514
7.08678,3.21E+08,3515,3515,3508,3514
8.82086,3.21E+08,3515,3515,3508,3514
7.14556,3.21E+08,3515,3515,3508,3514
8.53339,3.21E+08,3515,3515,3508,3514
8.43121,3.21E+08,3515,3515,3508,3514
7.47177,3.21E+08,3515,3515,3508,3514
7.53042,3.21E+08,3516,3516,3508,3514
9.42824,3.21E+08,3516,3516,3508,3514
7.75986,3.21E+08,3516,3516,3508,3514
6.91765,3.21E+08,3516,3516,3508,3514
7.81695,3.21E+08,3516,3516,3508,3514
8.65482,3.21E+08,3516,3516,3508,3514
8.30193,3.21E+08,3516,3516,3508,3514
7.70412,3.21E+08,3516,3516,3508,3514
6.14125,3.21E+08,3516,3516,3508,3514
8.25268,3.21E+08,3516,3516,3508,3514
9.09278,3.21E+08,3516,3516,3509,3515
7.64898,3.21E+08,3516,3516,3509,3515
8.42877,3.21E+08,3517,3517,3509,3515
7.87358,3.21E+08,3517,3517,3509,3515
7.13844,3.21E+08,3517,3517,3509,3515
8.14351,3.21E+08,3517,3517,3509,3515
7.09143,3.21E+08,3517,3517,3509,3515
8.53184,3.21E+08,3517,3517,3509,3515
7.70299,3.21E+08,3517,3517,3509,3515
8.31826,3.21E+08,3517,3517,3509,3515
7.35629,3.21E+08,3517,3517,3509,3515
7.64747,3.21E+08,3517,3517,3509,3515
7.86727,3.21E+08,3517,3517,3510,3515
7.80843,3.21E+08,3517,3517,3510,3515
7.6496,3.21E+08,3517,3517,3510,3515
8.48305,3.21E+08,3517,3517,3510,3515
7.53763,3.21E+08,3517,3517,3510,3515
7.69746,3.21E+08,3517,3517,3510,3516
5.4706,3.21E+08,3517,3517,3510,3516
6.74723,3.21E+08,3518,3518,3510,3516
8.2081,3.21E+08,3518,3518,3510,3516
6.69138,3.21E+08,3518,3518,3510,3516
7.92798,3.21E+08,3518,3518,3510,3516
7.92091,3.21E+08,3518,3518,3510,3516
6.97821,3.21E+08,3518,3518,3511,3516
8.70018,3.21E+08,3518,3518,3511,3516
6.81218,3.21E+08,3518,3518,3511,3516
7.41128,3.21E+08,3518,3518,3511,3516
7.65317,3.21E+08,3518,3518,3511,3516
6.1986,3.21E+08,3518,3518,3511,3516
7.63428,3.21E+08,3518,3518,3511,3516
6.64153,3.21E+08,3518,3518,3511,3516
6.92189,3.21E+08,3519,3518,3511,3517
7.69789,3.21E+08,3519,3519,3511,3517
7.80999,3.21E+08,3519,3519,3511,3517
8.54147,3.21E+08,3519,3519,3511,3517
6.70009,3.21E+08,3519,3519,3511,3517
6.85879,3.21E+08,3519,3519,3511,3517
8.09482,3.21E+08,3519,3519,3511,3517
7.42588,3.21E+08,3519,3519,3512,3517
7.58234,3.21E+08,3519,3519,3512,3517
6.75574,3.21E+08,3519,3519,3512,3517
7.2443,3.21E+08,3519,3519,3512,3517
8.10407,3.21E+08,3519,3519,3512,3517
6.41111,3.21E+08,3519,3519,3512,3517
7.25799,3.21E+08,3519,3519,3512,3517
7.69804,3.21E+08,3519,3519,3512,3517
7.98308,3.21E+08,3519,3519,3512,3517
6.63521,3.21E+08,3519,3519,3512,3517
7.25392,3.21E+08,3520,3520,3512,3517
7.25545,3.21E+08,3520,3520,3513,3518
7.25505,3.21E+08,3520,3520,3513,3518
6.36039,3.21E+08,3520,3520,3513,3518
7.53648,3.21E+08,3520,3520,3513,3518
7.42503,3.21E+08,3520,3520,3513,3518
6.69368,3.21E+08,3520,3520,3513,3518
8.19586,3.21E+08,3520,3520,3513,3518
7.98492,3.21E+08,3520,3520,3513,3518
7.14521,3.21E+08,3520,3520,3513,3518
7.96946,3.21E+08,3520,3520,3513,3518
8.09971,3.21E+08,3520,3520,3513,3518
7.36357,3.21E+08,3520,3521,3513,3518
7.08512,3.21E+08,3521,3521,3513,3519
7.5305,3.21E+08,3521,3521,3513,3519
7.92776,3.21E+08,3521,3521,3513,3519
8.08903,3.21E+08,3521,3521,3513,3519
7.14525,3.21E+08,3521,3521,3514,3519
7.98235,3.21E+08,3521,3521,3514,3519
8.13762,3.21E+08,3521,3521,3514,3519
7.54163,3.21E+08,3521,3521,3514,3519
8.25328,3.21E+08,3521,3521,3514,3519
8.03564,3.21E+08,3521,3521,3514,3519
7.03547,3.21E+08,3521,3521,3514,3519
7.08161,3.21E+08,3521,3521,3514,3519
7.53291,3.21E+08,3521,3521,3515,3519
7.59127,3.21E+08,3521,3521,3515,3519
7.7608,3.21E+08,3521,3521,3515,3519
7.69713,3.21E+08,3521,3521,3515,3519
8.48428,3.21E+08,3521,3521,3515,3520
7.30267,3.21E+08,3521,3521,3515,3520
7.87188,3.21E+08,3521,3521,3515,3520
7.86632,3.21E+08,3521,3521,3515,3520
8.65169,3.21E+08,3521,3522,3515,3520
8.03554,3.21E+08,3522,3522,3515,3520
7.42657,3.21E+08,3522,3522,3516,3520
7.08356,3.21E+08,3522,3522,3516,3520
8.09718,3.21E+08,3522,3522,3516,3520
6.97073,3.21E+08,3522,3522,3516,3520
6.35884,3.21E+08,3522,3522,3516,3520
7.31266,3.21E+08,3522,3522,3516,3520
7.42303,3.21E+08,3522,3522,3516,3520
7.30193,3.21E+08,3522,3522,3516,3520
8.09004,3.21E+08,3522,3522,3516,3520
7.37364,3.21E+08,3522,3522,3516,3520
6.81155,3.21E+08,3522,3522,3516,3520
7.80648,3.21E+08,3522,3522,3516,3520
6.30442,3.21E+08,3523,3522,3517,3520
7.31281,3.21E+08,3523,3523,3517,3520
6.6332,3.21E+08,3523,3523,3517,3520
6.09142,3.21E+08,3523,3523,3517,3520
7.02365,3.21E+08,3523,3523,3517,3521
8.59658,3.21E+08,3523,3523,3517,3521
7.6359,3.21E+08,3523,3523,3517,3521
8.09576,3.21E+08,3523,3523,3517,3521
7.14389,3.21E+08,3523,3523,3517,3521
8.2585,3.21E+08,3523,3523,3517,3521
6.47311,3.21E+08,3523,3523,3518,3521
7.8128,3.21E+08,3523,3523,3518,3521
7.86705,3.21E+08,3523,3523,3518,3521
7.48077,3.21E+08,3523,3523,3518,3521
8.19995,3.21E+08,3524,3524,3518,3521
7.03133,3.21E+08,3524,3524,3518,3521
8.14859,3.21E+08,3524,3524,3518,3522
7.41803,3.21E+08,3524,3524,3518,3522
7.42405,3.21E+08,3524,3524,3519,3522
6.97984,3.21E+08,3524,3524,3519,3522
7.86512,3.21E+08,3524,3524,3519,3522
8.64828,3.21E+08,3524,3524,3519,3522
7.3097,3.21E+08,3524,3524,3519,3522
8.26389,3.21E+08,3524,3524,3519,3522
6.85561,3.21E+08,3524,3524,3519,3522
7.47969,3.21E+08,3524,3524,3519,3522
7.42664,3.21E+08,3525,3525,3519,3522
7.36345,3.21E+08,3525,3525,3519,3522
7.59307,3.21E+08,3525,3525,3519,3523
9.37078,3.21E+08,3525,3525,3519,3523
7.80775,3.21E+08,3525,3525,3519,3523
7.64746,3.21E+08,3525,3525,3519,3523
8.64789,3.21E+08,3525,3525,3520,3523
7.64352,3.21E+08,3525,3525,3520,3523
7.8664,3.21E+08,3525,3525,3520,3523
7.70248,3.21E+08,3525,3525,3520,3523
6.86219,3.21E+08,3525,3525,3520,3523
8.70103,3.21E+08,3525,3525,3520,3523
7.37551,3.21E+08,3525,3525,3520,3523
6.85732,3.21E+08,3525,3526,3520,3523
7.08913,3.21E+08,3526,3526,3520,3523
6.97505,3.21E+08,3526,3526,3520,3523
6.91912,3.21E+08,3526,3526,3521,3523
7.25223,3.21E+08,3526,3526,3521,3523
7.14432,3.21E+08,3526,3526,3521,3524
8.1519,3.21E+08,3526,3526,3521,3524
7.30461,3.21E+08,3526,3526,3521,3524
8.03817,3.21E+08,3526,3526,3521,3524
7.59302,3.21E+08,3526,3526,3521,3524
5.91172,3.21E+08,3526,3526,3521,3524
7.20214,3.21E+08,3527,3527,3521,3524
7.02821,3.21E+08,3527,3527,3521,3524
6.25172,3.21E+08,3527,3527,3521,3524
6.41283,3.21E+08,3527,3527,3521,3524
7.53724,3.21E+08,3527,3527,3521,3524
7.46839,3.21E+08,3527,3527,3521,3524
7.20628,3.21E+08,3527,3527,3521,3524
6.86763,3.21E+08,3527,3527,3522,3524
7.13813,3.21E+08,3527,3527,3522,3524
6.80611,3.21E+08,3527,3527,3522,3524
8.42889,3.21E+08,3527,3527,3522,3524
6.46944,3.21E+08,3527,3527,3522,3524
6.25322,3.21E+08,3527,3527,3522,3524
7.24987,3.21E+08,3527,3527,3522,3525
7.30908,3.21E+08,3527,3527,3522,3525
7.42426,3.21E+08,3527,3527,3522,3525
7.14271,3.21E+08,3528,3528,3522,3525
6.13636,3.21E+08,3528,3528,3522,3525
7.86397,3.21E+08,3528,3528,3522,3525
8.26286,3.21E+08,3528,3528,3522,3525
8.70321,3.21E+08,3528,3528,3522,3525
7.59041,3.21E+08,3528,3528,3522,3525
6.31006,3.21E+08,3528,3528,3522,3525
6.58046,3.21E+08,3528,3528,3523,3525
7.52874,3.21E+08,3528,3528,3523,3525
7.70436,3.21E+08,3528,3528,3523,3526
8.93377,3.21E+08,3528,3528,3523,3526
7.14049,3.21E+08,3528,3528,3523,3526
8.58942,3.21E+08,3528,3528,3523,3526
8.70826,3.21E+08,3529,3529,3523,3526
8.43141,3.21E+08,3529,3529,3523,3526
6.91685,3.21E+08,3529,3529,3523,3526
8.20668,3.21E+08,3529,3529,3523,3526
6.80392,3.21E+08,3529,3529,3523,3526
6.41637,3.21E+08,3529,3529,3523,3526
7.36615,3.21E+08,3529,3529,3523,3526
6.75639,3.21E+08,3529,3529,3524,3526
7.6957,3.21E+08,3529,3529,3524,3526
7.70199,3.21E+08,3529,3529,3524,3526
7.36357,3.21E+08,3529,3529,3524,3526
7.81429,3.21E+08,3529,3529,3524,3526
7.41234,3.21E+08,3529,3529,3524,3526
7.09117,3.21E+08,3530,3530,3524,3526
7.19574,3.21E+08,3530,3530,3524,3526
7.36722,3.21E+08,3530,3530,3524,3527
7.92877,3.21E+08,3530,3530,3524,3527
9.03738,3.21E+08,3530,3530,3524,3527
7.75835,3.21E+08,3530,3530,3524,3527
7.14223,3.21E+08,3530,3530,3524,3527
8.26147,3.21E+08,3530,3530,3524,3527
7.69714,3.21E+08,3530,3530,3525,3527
8.87486,3.21E+08,3530,3530,3525,3527
7.92894,3.21E+08,3530,3530,3525,3527
7.02714,3.21E+08,3530,3530,3525,3527
7.24272,3.21E+08,3530,3530,3525,3527
8.32725,3.21E+08,3530,3530,3525,3527
7.69637,3.21E+08,3530,3530,3525,3527
7.86577,3.21E+08,3531,3531,3525,3527
7.20179,3.21E+08,3531,3531,3525,3528
7.3121,3.21E+08,3531,3531,3525,3528
6.91881,3.21E+08,3531,3531,3525,3528
7.19778,3.21E+08,3531,3531,3525,3528
5.69391,3.21E+08,3531,3531,3525,3528
7.86444,3.21E+08,3531,3531,3525,3528
5.6959,3.21E+08,3531,3531,3525,3528
8.41801,3.21E+08,3531,3531,3525,3528
7.36815,3.21E+08,3531,3531,3525,3528
7.08494,3.21E+08,3531,3531,3525,3528
8.36817,3.21E+08,3531,3531,3525,3528
8.20399,3.21E+08,3531,3531,3525,3528
6.97776,3.21E+08,3531,3531,3525,3528
8.20439,3.21E+08,3531,3531,3525,3528
7.19566,3.21E+08,3531,3531,3526,3528
7.87203,3.21E+08,3531,3531,3526,3528
8.03029,3.21E+08,3531,3531,3526,3528
7.31437,3.21E+08,3531,3531,3526,3529
8.19712,3.21E+08,3531,3531,3526,3529
7.14717,3.21E+08,3532,3532,3526,3529
6.63789,3.21E+08,3532,3532,3526,3529
7.53311,3.21E+08,3532,3532,3526,3529
7.53152,3.21E+08,3532,3532,3526,3529
7.52795,3.21E+08,3532,3532,3526,3529
8.15333,3.21E+08,3532,3532,3526,3529
8.54272,3.21E+08,3532,3532,3527,3529
6.97121,3.21E+08,3532,3532,3527,3529
7.92852,3.21E+08,3532,3532,3527,3529
7.47337,3.21E+08,3532,3532,3527,3529
7.08845,3.21E+08,3532,3532,3527,3529
7.42553,3.21E+08,3532,3532,3527,3529
7.86513,3.21E+08,3532,3532,3527,3530
7.7512,3.21E+08,3532,3532,3527,3530
6.92312,3.21E+08,3532,3532,3527,3530
8.97893,3.21E+08,3532,3532,3527,3530
6.30968,3.21E+08,3533,3533,3528,3530
8.14356,3.21E+08,3533,3533,3528,3530
6.97692,3.21E+08,3533,3533,3528,3530
7.64872,3.21E+08,3533,3533,3528,3530
8.75711,3.21E+08,3533,3533,3528,3530
8.08441,3.21E+08,3533,3533,3528,3530
7.30854,3.21E+08,3533,3533,3528,3530
7.14401,3.21E+08,3533,3533,3528,3530
8.15247,3.21E+08,3533,3533,3528,3530
7.53088,3.21E+08,3533,3533,3528,3531
7.14701,3.21E+08,3533,3533,3528,3531
8.24689,3.21E+08,3534,3534,3528,3531
7.99142,3.21E+08,3534,3534,3528,3531
6.97161,3.21E+08,3534,3534,3528,3531
8.03954,3.21E+08,3534,3534,3528,3531
6.86084,3.21E+08,3534,3534,3528,3531
7.08995,3.21E+08,3534,3534,3528,3531
6.35883,3.21E+08,3534,3534,3528,3531
6.8656,3.21E+08,3534,3534,3528,3531
8.14419,3.21E+08,3534,3534,3529,3531
7.25645,3.21E+08,3534,3534,3529,3531
7.69748,3.21E+08,3534,3534,3529,3531
7.31306,3.21E+08,3534,3534,3529,3531
7.36302,3.21E+08,3534,3534,3529,3531
7.20042,3.21E+08,3534,3534,3529,3531
7.52284,3.21E+08,3534,3534,3529,3532
6.5395,3.21E+08,3534,3534,3529,3532
7.52604,3.21E+08,3534,3534,3529,3532
7.36641,3.21E+08,3534,3534,3529,3532
7.36674,3.21E+08,3534,3534,3529,3532
7.4785,3.21E+08,3534,3534,3529,3532
7.87232,3.21E+08,3534,3535,3529,3532
6.13368,3.21E+08,3535,3535,3529,3532
8.37454,3.21E+08,3535,3535,3529,3532
7.467,3.21E+08,3535,3535,3529,3532
8.32569,3.21E+08,3535,3535,3529,3532
7.25047,3.21E+08,3535,3535,3529,3532
6.47268,3.21E+08,3535,3535,3530,3533
7.53444,3.21E+08,3535,3535,3530,3533
9.37996,3.21E+08,3535,3535,3530,3533
7.30694,3.21E+08,3535,3535,3530,3533
8.20697,3.21E+08,3535,3535,3530,3533
6.58045,3.21E+08,3535,3535,3530,3533
8.75715,3.21E+08,3536,3535,3530,3533
6.75677,3.21E+08,3536,3536,3530,3533
7.97645,3.21E+08,3536,3536,3530,3533
6.92117,3.21E+08,3536,3536,3530,3533
6.4151,3.21E+08,3536,3536,3530,3533
6.86745,3.21E+08,3536,3536,3530,3533
7.52777,3.21E+08,3536,3536,3530,3533
7.14767,3.21E+08,3536,3536,3530,3533
7.19418,3.21E+08,3536,3536,3530,3533
8.87485,3.21E+08,3536,3536,3531,3533
8.37475,3.21E+08,3536,3536,3531,3534
7.07772,3.21E+08,3536,3536,3531,3534
7.92635,3.21E+08,3536,3536,3531,3534
8.48465,3.21E+08,3536,3536,3531,3534
7.92325,3.21E+08,3536,3536,3531,3534
8.42235,3.21E+08,3536,3536,3531,3534
9.08981,3.21E+08,3537,3537,3531,3534
7.71111,3.21E+08,3537,3537,3531,3534
9.03143,3.21E+08,3537,3537,3531,3534
7.19698,3.21E+08,3537,3537,3531,3534
6.58888,3.21E+08,3537,3537,3531,3534
7.42399,3.21E+08,3537,3537,3531,3534
6.07814,3.21E+08,3537,3537,3531,3535
6.63817,3.21E+08,3537,3537,3531,3535
8.31097,3.21E+08,3537,3537,3531,3535
7.14695,3.21E+08,3537,3537,3531,3535
8.14921,3.21E+08,3537,3537,3531,3535
6.86174,3.21E+08,3537,3537,3531,3535
7.08815,3.21E+08,3537,3537,3531,3535
6.86217,3.21E+08,3537,3537,3532,3535
7.09094,3.21E+08,3537,3537,3532,3535
8.26007,3.21E+08,3537,3537,3532,3535
7.75474,3.21E+08,3537,3537,3532,3535
6.64424,3.21E+08,3537,3537,3532,3535
6.85885,3.21E+08,3537,3537,3532,3535
7.03551,3.21E+08,3537,3537,3532,3535
7.19329,3.21E+08,3538,3538,3532,3535
8.42943,3.21E+08,3538,3538,3532,3535
8.58962,3.21E+08,3538,3538,3532,3535
7.86571,3.21E+08,3538,3538,3532,3535
7.59071,3.21E+08,3538,3538,3532,3535
7.59265,3.21E+08,3538,3538,3533,3536
6.46544,3.21E+08,3538,3538,3533,3536
8.71437,3.21E+08,3538,3538,3533,3536
8.09623,3.21E+08,3538,3538,3533,3536
8.58939,3.21E+08,3538,3538,3533,3536
8.47597,3.21E+08,3538,3538,3533,3536
7.42706,3.21E+08,3538,3538,3533,3536
6.35811,3.21E+08,3538,3538,3534,3536
7.92098,3.21E+08,3539,3539,3534,3537
8.48534,3.21E+08,3539,3539,3534,3537
7.42503,3.21E+08,3539,3539,3534,3537
8.58882,3.21E+08,3539,3539,3534,3537
8.0392,3.21E+08,3539,3539,3534,3537
8.03173,3.21E+08,3539,3539,3534,3537
8.70685,3.21E+08,3539,3539,3534,3537
7.81094,3.21E+08,3539,3539,3534,3537
6.81114,3.21E+08,3539,3539,3534,3537
7.86484,3.21E+08,3539,3539,3534,3537
7.59167,3.21E+08,3539,3539,3535,3537
7.36327,3.21E+08,3539,3539,3535,3537
8.20035,3.21E+08,3539,3539,3535,3537
9.59863,3.21E+08,3539,3539,3535,3537
6.92233,3.21E+08,3539,3539,3535,3537
7.36274,3.21E+08,3539,3539,3535,3537
7.53752,3.21E+08,3539,3539,3535,3537
7.58503,3.21E+08,3539,3539,3535,3538
7.98172,3.21E+08,3539,3539,3535,3538
7.87286,3.21E+08,3539,3539,3535,3538
8.25457,3.21E+08,3539,3539,3535,3538
6.79951,3.21E+08,3539,3539,3535,3538
8.15526,3.21E+08,3539,3539,3535,3538
7.48172,3.21E+08,3540,3540,3535,3538
7.41938,3.21E+08,3540,3540,3535,3538
7.86282,3.21E+08,3540,3540,3535,3538
7.98373,3.21E+08,3540,3540,3536,3538
8.98129,3.21E+08,3540,3540,3536,3538
8.93226,3.21E+08,3540,3540,3536,3538
7.9202,3.21E+08,3540,3540,3536,3538
7.0346,3.21E+08,3540,3540,3536,3538
8.02862,3.21E+08,3540,3540,3536,3538
6.69988,3.21E+08,3540,3540,3536,3538
8.37109,3.21E+08,3540,3540,3536,3538
7.5789,3.21E+08,3540,3540,3536,3538
7.82485,3.21E+08,3540,3540,3536,3538
7.24885,3.21E+08,3540,3540,3536,3539
6.97818,3.21E+08,3540,3540,3537,3539
7.58298,3.21E+08,3540,3540,3537,3539
7.4256,3.21E+08,3541,3540,3537,3539
7.64352,3.21E+08,3541,3541,3537,3539
7.202,3.21E+08,3541,3541,3537,3539
7.96922,3.21E+08,3541,3541,3537,3539
8.94032,3.21E+08,3541,3541,3537,3539
8.03209,3.21E+08,3541,3541,3537,3539
7.81654,3.21E+08,3541,3541,3537,3539
7.52854,3.21E+08,3541,3541,3537,3539
6.5862,3.21E+08,3541,3541,3537,3539
7.85813,3.21E+08,3541,3541,3537,3539
8.265,3.21E+08,3541,3541,3537,3539
6.97821,3.21E+08,3541,3541,3537,3539
6.97352,3.21E+08,3541,3541,3537,3539
8.20534,3.21E+08,3541,3541,3537,3539
7.13803,3.21E+08,3542,3542,3537,3539
9.21047,3.21E+08,3542,3542,3537,3540
7.41967,3.21E+08,3542,3542,3537,3540
7.03342,3.21E+08,3542,3542,3537,3540
7.25635,3.21E+08,3542,3542,3538,3540
6.51915,3.21E+08,3542,3542,3538,3540
6.93017,3.21E+08,3542,3542,3538,3540
7.91757,3.21E+08,3542,3542,3538,3540
7.53677,3.21E+08,3542,3542,3538,3540
7.19696,3.21E+08,3542,3542,3538,3540
7.42257,3.21E+08,3542,3542,3538,3540
6.9734,3.21E+08,3542,3542,3538,3540
7.14505,3.21E+08,3542,3542,3538,3540
7.76184,3.21E+08,3542,3542,3538,3540
8.69758,3.21E+08,3542,3542,3538,3540
6.97863,3.21E+08,3542,3542,3538,3540
6.91606,3.21E+08,3542,3542,3538,3540
7.09038,3.21E+08,3542,3542,3538,3540
7.5268,3.21E+08,3542,3542,3538,3540
9.31658,3.21E+08,3542,3542,3538,3540
6.86352,3.21E+08,3542,3542,3538,3541
7.6376,3.21E+08,3543,3543,3539,3541
7.48109,3.21E+08,3543,3543,3539,3541
6.87347,3.21E+08,3543,3543,3539,3541
6.69236,3.21E+08,3543,3543,3539,3541
7.48115,3.21E+08,3543,3543,3539,3541
7.75325,3.21E+08,3543,3543,3539,3541
8.54316,3.21E+08,3543,3543,3539,3541
7.91814,3.21E+08,3543,3543,3539,3541
8.48602,3.21E+08,3543,3543,3539,3541
6.91096,3.21E+08,3543,3543,3539,3541
6.64457,3.21E+08,3543,3543,3539,3541
7.19805,3.21E+08,3543,3543,3539,3541
6.92179,3.21E+08,3543,3543,3539,3541
7.5864,3.21E+08,3543,3543,3539,3541
8.09322,3.21E+08,3543,3543,3539,3541
6.97554,3.21E+08,3543,3543,3539,3541
8.8197,3.21E+08,3543,3543,3539,3542
7.13785,3.21E+08,3543,3543,3540,3542
6.75305,3.21E+08,3544,3544,3540,3542
9.0379,3.21E+08,3544,3544,3540,3542
7.87112,3.21E+08,3544,3544,3540,3542
8.20698,3.21E+08,3544,3544,3540,3542
7.41194,3.21E+08,3544,3544,3540,3542
7.42332,3.21E+08,3544,3544,3540,3542
7.53124,3.21E+08,3544,3544,3540,3542
8.03699,3.21E+08,3544,3544,3540,3542
6.86157,3.21E+08,3544,3544,3540,3542
6.0861,3.21E+08,3544,3544,3540,3542
8.25816,3.21E+08,3544,3544,3540,3542
8.31428,3.21E+08,3544,3544,3540,3542
7.25877,3.21E+08,3544,3544,3540,3542
7.80883,3.21E+08,3544,3544,3540,3542
8.03794,3.21E+08,3544,3544,3540,3542
8.52766,3.21E+08,3544,3544,3540,3542
6.69785,3.21E+08,3544,3544,3540,3542
7.14405,3.21E+08,3544,3544,3540,3542
7.64305,3.21E+08,3544,3544,3541,3542
7.08542,3.21E+08,3544,3544,3541,3543
7.64792,3.21E+08,3544,3544,3541,3543
8.53345,3.21E+08,3545,3545,3541,3543
8.66194,3.21E+08,3545,3545,3541,3543
8.19302,3.21E+08,3545,3545,3541,3543
8.1502,3.21E+08,3545,3545,3541,3543
7.92782,3.21E+08,3545,3545,3541,3543
8.24756,3.21E+08,3545,3545,3541,3543
7.09645,3.21E+08,3545,3545,3541,3543
7.23889,3.21E+08,3545,3545,3541,3543
7.31965,3.21E+08,3545,3545,3541,3543
8.81497,3.21E+08,3545,3545,3541,3543
8.53905,3.21E+08,3545,3545,3541,3543
7.53249,3.21E+08,3545,3545,3541,3543
8.48392,3.21E+08,3545,3545,3541,3543
7.53579,3.21E+08,3545,3546,3542,3543
8.43081,3.21E+08,3546,3546,3542,3543
7.92035,3.21E+08,3546,3546,3542,3543
6.24684,3.21E+08,3546,3546,3542,3544
7.36693,3.21E+08,3546,3546,3542,3544
6.58774,3.21E+08,3546,3546,3542,3544
7.52471,3.21E+08,3546,3546,3542,3544
6.69452,3.21E+08,3546,3546,3542,3544
8.88103,3.21E+08,3546,3546,3542,3544
7.37058,3.21E+08,3546,3546,3542,3544
7.25051,3.21E+08,3546,3546,3542,3544
7.14694,3.21E+08,3546,3546,3542,3545
8.75039,3.21E+08,3546,3546,3543,3545
8.65085,3.21E+08,3546,3546,3543,3545
8.64539,3.21E+08,3546,3546,3543,3545
7.75827,3.21E+08,3546,3546,3543,3545
6.91806,3.21E+08,3546,3546,3543,3545
7.08919,3.21E+08,3546,3546,3543,3545
8.03987,3.21E+08,3546,3546,3543,3545
6.63179,3.21E+08,3546,3546,3543,3545
8.04557,3.21E+08,3546,3546,3543,3545
7.07791,3.21E+08,3546,3546,3543,3545
8.77433,3.21E+08,3546,3546,3543,3545
7.97128,3.21E+08,3546,3546,3543,3545
7.09018,3.21E+08,3546,3546,3544,3545
7.47949,3.21E+08,3547,3547,3544,3546
8.088,3.21E+08,3547,3547,3544,3546
6.97988,3.21E+08,3547,3547,3544,3546
7.97353,3.21E+08,3547,3547,3544,3546
7.70397,3.21E+08,3547,3547,3544,3546
7.91964,3.21E+08,3547,3547,3544,3546
9.31614,3.21E+08,3547,3547,3544,3546
6.74933,3.21E+08,3547,3547,3544,3546
7.48607,3.21E+08,3547,3547,3544,3546
7.74809,3.21E+08,3547,3547,3544,3546
7.37596,3.21E+08,3547,3547,3544,3546
8.25449,3.21E+08,3547,3547,3544,3546
8.43133,3.21E+08,3547,3547,3544,3546
7.07674,3.21E+08,3547,3547,3544,3546
8.20385,3.21E+08,3547,3547,3544,3546
7.20279,3.21E+08,3547,3547,3544,3546
7.92789,3.21E+08,3547,3547,3544,3547
6.52596,3.21E+08,3547,3547,3544,3547
8.03656,3.21E+08,3547,3547,3544,3547
7.8635,3.21E+08,3547,3547,3544,3547
7.25303,3.21E+08,3547,3547,3545,3548
7.48176,3.21E+08,3547,3547,3545,3548
7.8692,3.21E+08,3548,3548,3545,3548
7.69736,3.21E+08,3548,3548,3545,3548
8.1514,3.21E+08,3548,3548,3545,3548
7.4186,3.21E+08,3548,3548,3545,3548
7.20368,3.21E+08,3548,3548,3545,3548
7.97265,3.21E+08,3548,3548,3545,3548
6.86231,3.21E+08,3548,3548,3545,3548
8.25442,3.21E+08,3548,3548,3545,3548
8.43986,3.21E+08,3548,3548,3545,3548
8.86442,3.21E+08,3548,3548,3545,3548
8.25715,3.21E+08,3548,3548,3545,3548
8.43158,3.21E+08,3548,3548,3545,3548
8.08784,3.21E+08,3548,3548,3545,3548
7.25775,3.21E+08,3548,3548,3546,3548
7.80216,3.21E+08,3548,3548,3546,3549
8.98939,3.21E+08,3549,3549,3546,3549
7.81418,3.21E+08,3549,3549,3546,3549
6.53243,3.21E+08,3549,3549,3546,3549
7.30638,3.21E+08,3549,3549,3546,3549
8.26325,3.21E+08,3549,3549,3546,3549
7.13337,3.21E+08,3549,3549,3546,3549
7.48188,3.21E+08,3549,3549,3546,3549
7.03255,3.21E+08,3549,3549,3547,3549
6.68914,3.21E+08,3549,3549,3547,3549
6.98262,3.21E+08,3549,3549,3547,3549
6.69196,3.21E+08,3549,3549,3547,3549
7.53622,3.21E+08,3549,3549,3547,3549
8.42877,3.21E+08,3549,3549,3547,3549
7.86445,3.21E+08,3549,3549,3547,3549
7.08481,3.21E+08,3550,3550,3547,3549
7.98184,3.21E+08,3550,3550,3547,3549
7.42476,3.21E+08,3550,3550,3547,3549
6.51928,3.21E+08,3550,3550,3547,3549
7.54311,3.21E+08,3550,3550,3547,3549
6.5814,3.21E+08,3550,3550,3548,3549
8.47719,3.21E+08,3550,3550,3548,3550
5.58259,3.21E+08,3550,3550,3548,3550
7.03512,3.21E+08,3550,3550,3548,3550
8.19505,3.21E+08,3550,3550,3548,3550
7.92474,3.21E+08,3550,3550,3548,3550
8.53596,3.21E+08,3550,3550,3548,3550
7.86537,3.21E+08,3550,3550,3548,3550
7.65591,3.21E+08,3550,3550,3548,3550
7.29886,3.21E+08,3550,3550,3548,3550
7.20803,3.21E+08,3550,3550,3548,3550
7.08471,3.21E+08,3550,3550,3548,3550
7.36294,3.21E+08,3550,3550,3548,3550
8.25708,3.21E+08,3550,3550,3548,3550
7.31243,3.21E+08,3550,3550,3548,3550
8.09668,3.21E+08,3550,3550,3548,3551
7.58158,3.21E+08,3550,3550,3548,3551
8.48112,3.21E+08,3550,3550,3548,3551
7.98273,3.21E+08,3551,3551,3548,3551
6.75072,3.21E+08,3551,3551,3548,3551
8.37516,3.21E+08,3551,3551,3548,3551
7.3682,3.21E+08,3551,3551,3548,3551
6.47055,3.21E+08,3551,3551,3549,3551
5.52749,3.21E+08,3551,3551,3549,3551
7.58425,3.21E+08,3551,3551,3549,3551
7.25706,3.21E+08,3551,3551,3549,3551
7.80796,3.21E+08,3551,3551,3549,3552
8.70914,3.21E+08,3551,3551,3549,3552
6.9704,3.21E+08,3551,3551,3549,3552
8.42326,3.21E+08,3551,3551,3549,3552
7.03279,3.21E+08,3551,3551,3549,3552
7.5926,3.21E+08,3551,3551,3550,3552
7.03387,3.21E+08,3551,3551,3550,3552
6.63716,3.21E+08,3551,3551,3550,3552
7.42599,3.21E+08,3551,3551,3550,3552
7.75067,3.21E+08,3551,3551,3550,3552
7.36648,3.21E+08,3551,3552,3550,3552
8.31647,3.21E+08,3552,3552,3550,3552
8.98022,3.21E+08,3552,3552,3550,3552
7.87227,3.21E+08,3552,3552,3551,3552
8.69933,3.21E+08,3552,3552,3551,3552
7.92895,3.21E+08,3552,3552,3551,3552
7.91621,3.21E+08,3552,3552,3551,3552
6.97467,3.21E+08,3552,3552,3551,3552
6.58874,3.21E+08,3552,3552,3551,3552
8.43111,3.21E+08,3552,3552,3551,3552
7.30347,3.21E+08,3552,3552,3551,3553
7.42611,3.21E+08,3552,3552,3551,3553
7.86479,3.21E+08,3552,3552,3551,3553
7.92665,3.21E+08,3552,3552,3552,3553
8.19966,3.21E+08,3552,3552,3552,3553
7.13771,3.21E+08,3552,3552,3552,3553
7.60111,3.21E+08,3552,3552,3552,3553
7.97479,3.21E+08,3552,3552,3552,3553
8.03952,3.21E+08,3552,3552,3552,3553
7.02685,3.21E+08,3552,3552,3552,3553
7.76082,3.21E+08,3552,3552,3552,3553
8.0861,3.21E+08,3552,3552,3553,3553
7.92731,3.21E+08,3553,3553,3553,3553
6.40974,3.21E+08,3553,3553,3553,3553
7.80895,3.21E+08,3553,3553,3553,3553
7.31734,3.21E+08,3553,3553,3553,3554
8.03992,3.21E+08,3553,3553,3553,3554
8.13441,3.21E+08,3553,3553,3553,3554
6.36734,3.21E+08,3553,3553,3553,3554
6.97318,3.21E+08,3553,3553,3553,3554
6.80709,3.21E+08,3553,3553,3554,3554
5.80468,3.21E+08,3553,3553,3554,3554
6.80437,3.21E+08,3553,3553,3554,3554
6.92053,3.21E+08,3553,3553,3554,3554
7.98367,3.21E+08,3553,3553,3554,3554
8.8704,3.21E+08,3553,3553,3554,3554
7.97895,3.21E+08,3553,3553,3554,3554
8.14402,3.21E+08,3553,3553,3554,3554
8.42291,3.21E+08,3553,3553,3554,3554
6.93078,3.21E+08,3554,3554,3554,3554
6.74943,3.21E+08,3554,3554,3554,3554
8.20261,3.21E+08,3554,3554,3554,3554
6.97491,3.21E+08,3554,3554,3555,3554
7.92872,3.21E+08,3554,3554,3555,3554
6.85774,3.21E+08,3554,3554,3555,3554
7.42578,3.21E+08,3554,3554,3555,3555
7.57985,3.21E+08,3554,3554,3555,3555
6.69684,3.21E+08,3554,3554,3555,3555
7.08921,3.21E+08,3554,3554,3555,3555
8.70875,3.21E+08,3554,3554,3556,3555
8.65494,3.21E+08,3554,3554,3556,3555
6.91346,3.21E+08,3554,3554,3556,3555
6.24892,3.21E+08,3554,3554,3556,3555
7.31303,3.21E+08,3555,3555,3556,3555
6.52484,3.21E+08,3555,3555,3556,3555
7.36959,3.21E+08,3555,3555,3556,3555
8.3674,3.21E+08,3555,3555,3556,3555
7.53773,3.21E+08,3555,3555,3556,3555
7.08258,3.21E+08,3555,3555,3556,3555
8.20661,3.21E+08,3555,3555,3556,3555
7.02699,3.21E+08,3555,3555,3557,3555
7.4748,3.21E+08,3555,3555,3557,3556
7.53534,3.21E+08,3555,3555,3557,3556
7.5927,3.21E+08,3555,3555,3557,3556
7.47491,3.21E+08,3555,3555,3557,3556
8.26223,3.21E+08,3555,3555,3557,3556
7.69619,3.21E+08,3555,3555,3557,3556
9.92849,3.21E+08,3555,3555,3557,3556
7.4235,3.21E+08,3556,3556,3557,3556
6.81107,3.21E+08,3556,3556,3557,3556
7.25877,3.21E+08,3556,3556,3558,3556
8.14228,3.21E+08,3556,3556,3558,3556
8.09459,3.21E+08,3556,3556,3558,3557
7.74828,3.21E+08,3556,3556,3558,3557
7.25609,3.21E+08,3556,3556,3558,3557
7.87231,3.21E+08,3556,3556,3558,3557
8.47095,3.21E+08,3556,3556,3558,3557
7.60082,3.21E+08,3556,3556,3558,3557
8.52549,3.21E+08,3556,3556,3558,3557
7.54407,3.21E+08,3556,3556,3558,3557
8.19502,3.21E+08,3556,3556,3558,3557
6.64453,3.21E+08,3556,3556,3558,3557
7.02851,3.21E+08,3557,3557,3558,3557
7.36787,3.21E+08,3557,3557,3558,3557
8.25557,3.21E+08,3557,3557,3558,3558
7.92782,3.21E+08,3557,3557,3558,3558
6.63719,3.21E+08,3557,3557,3558,3558
8.25876,3.21E+08,3557,3557,3559,3558
8.20186,3.21E+08,3557,3557,3559,3558
7.87229,3.21E+08,3557,3557,3559,3558
6.57631,3.21E+08,3557,3557,3559,3558
8.20993,3.21E+08,3557,3557,3559,3558
6.97716,3.21E+08,3557,3557,3559,3558
8.42222,3.21E+08,3557,3557,3559,3558
9.71289,3.21E+08,3557,3557,3559,3558
8.37543,3.21E+08,3557,3557,3559,3558
8.70004,3.21E+08,3558,3558,3559,3559
8.47864,3.21E+08,3558,3558,3559,3559
6.4716,3.21E+08,3558,3558,3559,3559
7.31293,3.21E+08,3558,3558,3559,3559
8.3172,3.21E+08,3558,3558,3560,3559
8.0298,3.21E+08,3558,3558,3560,3559
7.20293,3.21E+08,3558,3558,3560,3559
7.86515,3.21E+08,3558,3558,3560,3559
7.81345,3.21E+08,3558,3558,3560,3559
8.71189,3.21E+08,3558,3558,3560,3559
7.6951,3.21E+08,3558,3558,3560,3559
6.9193,3.21E+08,3558,3558,3560,3559
7.08834,3.21E+08,3558,3558,3560,3560
7.80994,3.21E+08,3558,3558,3560,3560
8.82121,3.21E+08,3558,3558,3561,3560
7.86465,3.21E+08,3558,3558,3561,3560
8.19815,3.21E+08,3559,3559,3561,3560
7.14501,3.21E+08,3559,3559,3561,3560
7.75297,3.21E+08,3559,3559,3561,3560
6.64323,3.21E+08,3559,3559,3561,3560
8.31607,3.21E+08,3559,3559,3561,3560
7.53771,3.21E+08,3559,3559,3561,3560
6.35344,3.21E+08,3559,3559,3561,3560
7.64768,3.21E+08,3559,3559,3561,3560
7.64752,3.21E+08,3559,3559,3561,3560
7.74731,3.21E+08,3559,3559,3561,3560
7.32002,3.21E+08,3559,3559,3561,3560
7.75201,3.21E+08,3559,3559,3561,3560
8.767,3.21E+08,3559,3559,3561,3560
6.97281,3.21E+08,3559,3559,3562,3560
6.96911,3.21E+08,3559,3559,3562,3560
7.20252,3.21E+08,3559,3559,3562,3560
7.98459,3.21E+08,3559,3559,3562,3560
6.69387,3.21E+08,3559,3559,3562,3561
8.42147,3.21E+08,3560,3560,3562,3561
8.09291,3.21E+08,3560,3560,3563,3561
8.31302,3.21E+08,3560,3560,3563,3561
7.14245,3.21E+08,3560,3560,3563,3561
6.19234,3.21E+08,3560,3560,3563,3561
7.08892,3.21E+08,3560,3560,3563,3561
8.70151,3.21E+08,3560,3560,3563,3561
6.2523,3.21E+08,3560,3560,3563,3561
6.64188,3.21E+08,3560,3560,3563,3561
7.41958,3.21E+08,3560,3560,3563,3561
7.03469,3.21E+08,3560,3560,3563,3561
7.86518,3.21E+08,3560,3560,3563,3561
8.47857,3.21E+08,3560,3560,3563,3561
8.15059,3.21E+08,3560,3561,3563,3561
7.75963,3.21E+08,3561,3561,3563,3561
7.24457,3.21E+08,3561,3561,3563,3561
8.21358,3.21E+08,3561,3561,3563,3561
7.36338,3.21E+08,3561,3561,3563,3562
7.86574,3.21E+08,3561,3561,3563,3562
7.42509,3.21E+08,3561,3561,3563,3562
8.64343,3.21E+08,3561,3561,3563,3562
6.75166,3.21E+08,3561,3561,3563,3562
8.03834,3.21E+08,3561,3561,3564,3562
7.75992,3.21E+08,3561,3561,3564,3562
8.86877,3.21E+08,3561,3561,3564,3562
6.64394,3.21E+08,3561,3561,3564,3562
7.30463,3.21E+08,3561,3561,3564,3562
6.69386,3.21E+08,3561,3561,3564,3562
7.81382,3.21E+08,3561,3561,3564,3562
7.42445,3.21E+08,3561,3561,3564,3562
6.86812,3.21E+08,3561,3561,3564,3563
7.41151,3.21E+08,3561,3561,3564,3563
7.53572,3.21E+08,3561,3561,3564,3563
7.08988,3.21E+08,3561,3561,3564,3563
6.92122,3.21E+08,3562,3562,3564,3563
7.92109,3.21E+08,3562,3562,3564,3563
6.47087,3.21E+08,3562,3562,3564,3563
9.09615,3.21E+08,3562,3562,3564,3563
8.03821,3.21E+08,3562,3562,3564,3563
7.58037,3.21E+08,3562,3562,3565,3563
7.65471,3.21E+08,3562,3562,3565,3563
7.7535,3.21E+08,3562,3562,3565,3563
7.59376,3.21E+08,3562,3562,3565,3563
8.08487,3.21E+08,3562,3562,3565,3564
7.76056,3.21E+08,3562,3562,3565,3564
7.52689,3.21E+08,3562,3562,3565,3564
6.75151,3.21E+08,3562,3562,3565,3564
6.86494,3.21E+08,3562,3562,3565,3564
6.53206,3.21E+08,3562,3562,3565,3564
8.64606,3.21E+08,3562,3562,3565,3564
7.76077,3.21E+08,3563,3563,3565,3564
6.90991,3.21E+08,3563,3563,3565,3564
8.32424,3.21E+08,3563,3563,3565,3564
7.64256,3.21E+08,3563,3563,3565,3564
7.70369,3.21E+08,3563,3563,3565,3564
8.19952,3.21E+08,3563,3563,3565,3565
8.42498,3.21E+08,3563,3563,3566,3565
9.0984,3.21E+08,3563,3563,3566,3565
6.91743,3.21E+08,3563,3563,3566,3565
8.31909,3.21E+08,3563,3563,3566,3565
7.08388,3.21E+08,3563,3563,3566,3565
7.87137,3.21E+08,3563,3563,3566,3565
7.80943,3.21E+08,3563,3563,3566,3565
7.25095,3.21E+08,3563,3563,3566,3565
7.08526,3.21E+08,3563,3563,3566,3565
6.97643,3.21E+08,3564,3564,3566,3565
6.80659,3.21E+08,3564,3564,3567,3565
6.80931,3.21E+08,3564,3564,3567,3565
7.64885,3.21E+08,3564,3564,3567,3565
7.24575,3.21E+08,3564,3564,3567,3565
7.37584,3.21E+08,3564,3564,3567,3565
8.30991,3.21E+08,3564,3564,3567,3565
7.09107,3.21E+08,3564,3564,3567,3565
9.20191,3.21E+08,3564,3564,3567,3565
7.91883,3.21E+08,3564,3564,3567,3565
7.70235,3.21E+08,3564,3564,3567,3565
7.64919,3.21E+08,3564,3564,3567,3565
8.70943,3.21E+08,3564,3564,3567,3565
8.03214,3.21E+08,3564,3564,3567,3566
7.08468,3.21E+08,3564,3564,3567,3566
7.69686,3.21E+08,3564,3564,3567,3566
7.03281,3.21E+08,3564,3564,3568,3566
6.75668,3.21E+08,3564,3564,3568,3566
8.4207,3.21E+08,3565,3564,3568,3566
7.53806,3.21E+08,3565,3565,3568,3566
7.47284,3.21E+08,3565,3565,3568,3566
6.36316,3.21E+08,3565,3565,3568,3566
6.14115,3.21E+08,3565,3565,3568,3566
7.75163,3.21E+08,3565,3565,3568,3566
8.87671,3.21E+08,3565,3565,3568,3566
6.63281,3.21E+08,3565,3565,3568,3566
7.81522,3.21E+08,3565,3565,3568,3566
7.92202,3.21E+08,3565,3565,3568,3566
7.42445,3.21E+08,3565,3565,3568,3566
8.14919,3.21E+08,3565,3565,3568,3566
9.64814,3.21E+08,3565,3565,3568,3566
7.92418,3.21E+08,3565,3565,3568,3566
7.08822,3.21E+08,3565,3565,3569,3567
7.69749,3.21E+08,3565,3565,3569,3567
8.09482,3.21E+08,3565,3565,3569,3567
7.09028,3.21E+08,3565,3565,3569,3567
7.41897,3.21E+08,3566,3566,3569,3567
7.09035,3.21E+08,3566,3566,3569,3567
8.03222,3.21E+08,3566,3566,3569,3567
8.58866,3.21E+08,3566,3566,3569,3567
8.20108,3.21E+08,3566,3566,3569,3567
7.4268,3.21E+08,3566,3566,3569,3567
7.59203,3.21E+08,3566,3566,3569,3567
7.36185,3.21E+08,3566,3566,3569,3567
7.59389,3.21E+08,3566,3566,3570,3567
8.19555,3.21E+08,3566,3566,3570,3567
7.14638,3.21E+08,3566,3566,3570,3567
7.58444,3.21E+08,3566,3566,3570,3567
7.25231,3.21E+08,3566,3566,3570,3567
8.93204,3.21E+08,3566,3566,3570,3567
7.9841,3.21E+08,3566,3567,3570,3567
7.41353,3.21E+08,3567,3567,3570,3567
6.64038,3.21E+08,3567,3567,3570,3568
7.47998,3.21E+08,3567,3567,3570,3568
8.08884,3.21E+08,3567,3567,3570,3568
7.3131,3.21E+08,3567,3567,3570,3568
7.53531,3.21E+08,3567,3567,3570,3568
7.14644,3.21E+08,3567,3567,3570,3568
7.91982,3.21E+08,3567,3567,3570,3568
7.59354,3.21E+08,3567,3567,3571,3568
8.42211,3.21E+08,3567,3567,3571,3568
8.81363,3.21E+08,3567,3567,3571,3568
7.20025,3.21E+08,3567,3567,3571,3568
7.36328,3.21E+08,3568,3568,3571,3568
8.93183,3.21E+08,3568,3568,3571,3568
8.47869,3.21E+08,3568,3568,3571,3568
7.36978,3.21E+08,3568,3568,3571,3569
7.18838,3.21E+08,3568,3568,3571,3569
8.26863,3.21E+08,3568,3568,3571,3569
7.35701,3.21E+08,3568,3568,3571,3569
8.26252,3.21E+08,3568,3568,3571,3569
6.92233,3.21E+08,3568,3568,3571,3569
7.08506,3.21E+08,3568,3568,3571,3569
7.36878,3.21E+08,3569,3569,3571,3569
8.37429,3.21E+08,3569,3569,3572,3569
8.25479,3.21E+08,3569,3569,3572,3569
8.30287,3.21E+08,3569,3569,3572,3570
7.71068,3.21E+08,3569,3569,3572,3570
7.59339,3.21E+08,3569,3569,3572,3570
7.69563,3.21E+08,3569,3569,3572,3570
7.42591,3.21E+08,3569,3569,3572,3570
8.36677,3.21E+08,3569,3569,3572,3570
7.52844,3.21E+08,3569,3569,3572,3570
7.47709,3.21E+08,3569,3569,3572,3570
8.20468,3.21E+08,3569,3569,3572,3570
8.09673,3.21E+08,3569,3569,3572,3570
7.7518,3.21E+08,3569,3569,3572,3570
8.0941,3.21E+08,3569,3569,3572,3570
7.97588,3.21E+08,3570,3570,3572,3570
7.8727,3.21E+08,3570,3570,3572,3570
8.86505,3.21E+08,3570,3570,3572,3571
7.75978,3.21E+08,3570,3570,3572,3571
7.8081,3.21E+08,3570,3570,3572,3571
7.4747,3.21E+08,3570,3570,3572,3571
7.64955,3.21E+08,3570,3570,3573,3571
7.47427,3.21E+08,3570,3570,3573,3571
8.20424,3.21E+08,3570,3570,3573,3571
7.53482,3.21E+08,3570,3570,3573,3571
8.75759,3.21E+08,3570,3570,3573,3571
8.48085,3.21E+08,3570,3570,3573,3571
6.92389,3.21E+08,3570,3570,3573,3571
7.53587,3.21E+08,3570,3570,3573,3571
7.69638,3.21E+08,3570,3570,3573,3571
7.42539,3.21E+08,3570,3570,3573,3571
7.86232,3.21E+08,3570,3570,3573,3571
8.5429,3.21E+08,3570,3570,3573,3571
8.31969,3.21E+08,3570,3570,3573,3571
7.41708,3.21E+08,3570,3570,3573,3571
7.14302,3.21E+08,3570,3570,3573,3572
7.41749,3.21E+08,3570,3570,3574,3572
7.75906,3.21E+08,3570,3570,3574,3572
6.41596,3.21E+08,3570,3570,3574,3572
7.75877,3.21E+08,3570,3570,3574,3572
8.15022,3.21E+08,3570,3570,3574,3572
6.69241,3.21E+08,3571,3571,3574,3572
7.20132,3.21E+08,3571,3571,3574,3572
8.24916,3.21E+08,3571,3571,3574,3572
7.9828,3.21E+08,3571,3571,3574,3572
7.37065,3.21E+08,3571,3571,3574,3572
7.41333,3.21E+08,3571,3571,3574,3572
8.92185,3.21E+08,3571,3571,3574,3572
6.92945,3.21E+08,3571,3571,3574,3573
7.4818,3.21E+08,3571,3571,3574,3573
7.02274,3.21E+08,3571,3571,3575,3573
8.42851,3.21E+08,3571,3571,3575,3573
7.31243,3.21E+08,3571,3571,3575,3573
7.36445,3.21E+08,3571,3571,3575,3573
7.36634,3.21E+08,3571,3571,3575,3573
7.53179,3.21E+08,3572,3572,3575,3573
7.47562,3.21E+08,3572,3572,3575,3573
7.64542,3.21E+08,3572,3572,3575,3573
6.47722,3.21E+08,3572,3572,3575,3573
7.13991,3.21E+08,3572,3572,3575,3573
8.93313,3.21E+08,3572,3572,3575,3573
7.53023,3.21E+08,3572,3572,3575,3573
6.86609,3.21E+08,3572,3572,3575,3573
7.41788,3.21E+08,3572,3572,3575,3573
7.20143,3.21E+08,3572,3572,3575,3574
7.08379,3.21E+08,3572,3572,3575,3574
8.48687,3.21E+08,3572,3572,3575,3574
8.3099,3.21E+08,3572,3572,3575,3574
7.19928,3.21E+08,3572,3572,3575,3574
6.19447,3.21E+08,3572,3572,3575,3574
8.41983,3.21E+08,3572,3572,3576,3574
7.86921,3.21E+08,3572,3572,3576,3574
6.91875,3.21E+08,3572,3572,3576,3574
7.03452,3.21E+08,3572,3572,3576,3574
8.64898,3.21E+08,3573,3572,3576,3574
7.08897,3.21E+08,3573,3572,3576,3574
7.64011,3.21E+08,3573,3573,3576,3574
9.09729,3.21E+08,3573,3573,3576,3575
7.25845,3.21E+08,3573,3573,3576,3575
7.02863,3.21E+08,3573,3573,3576,3575
8.37357,3.21E+08,3573,3573,3576,3575
6.46917,3.21E+08,3573,3573,3576,3575
7.69754,3.21E+08,3573,3573,3576,3575
7.98166,3.21E+08,3573,3573,3576,3575
7.41942,3.21E+08,3573,3573,3577,3575
6.97897,3.21E+08,3573,3573,3577,3575
8.25521,3.21E+08,3573,3573,3577,3575
8.64629,3.21E+08,3573,3573,3577,3575
6.97833,3.21E+08,3573,3573,3577,3575
7.59296,3.21E+08,3574,3574,3577,3575
7.4717,3.21E+08,3574,3574,3577,3575
7.20306,3.21E+08,3574,3574,3578,3575
7.41937,3.21E+08,3574,3574,3578,3575
8.20236,3.21E+08,3574,3574,3578,3575
7.86727,3.21E+08,3574,3574,3578,3575
7.14585,3.21E+08,3574,3574,3578,3575
7.86008,3.21E+08,3574,3574,3578,3575
6.52975,3.21E+08,3574,3574,3578,3575
8.04062,3.21E+08,3574,3574,3578,3575
5.97449,3.21E+08,3574,3574,3578,3575
7.41667,3.21E+08,3574,3574,3578,3575
8.7032,3.21E+08,3574,3574,3578,3575
8.03832,3.21E+08,3574,3574,3578,3575
6.57635,3.21E+08,3574,3574,3578,3575
8.7149,3.21E+08,3575,3575,3579,3576
6.42047,3.21E+08,3575,3575,3579,3576
6.85991,3.21E+08,3575,3575,3579,3576
6.97449,3.21E+08,3575,3575,3579,3576
8.37415,3.21E+08,3575,3575,3579,3576
7.5837,3.21E+08,3575,3575,3579,3576
8.09547,3.21E+08,3575,3575,3579,3576
7.08436,3.21E+08,3575,3575,3579,3576
7.14569,3.21E+08,3575,3575,3579,3576
8.41963,3.21E+08,3575,3575,3579,3576
7.53403,3.21E+08,3575,3575,3580,3577
7.47546,3.21E+08,3575,3575,3580,3577
8.26259,3.21E+08,3575,3575,3580,3577
8.37097,3.21E+08,3575,3575,3580,3577
7.30854,3.21E+08,3575,3575,3580,3577
8.25504,3.21E+08,3575,3575,3580,3577
7.81742,3.21E+08,3575,3575,3580,3577
7.58674,3.21E+08,3576,3575,3580,3577
8.25356,3.21E+08,3576,3576,3580,3578
7.47972,3.21E+08,3576,3576,3580,3578
6.58196,3.21E+08,3576,3576,3580,3578
8.71823,3.21E+08,3576,3576,3580,3578
6.74655,3.21E+08,3576,3576,3580,3578
7.5373,3.21E+08,3576,3576,3580,3578
6.69237,3.21E+08,3576,3576,3580,3578
5.85942,3.21E+08,3576,3576,3580,3578
7.86786,3.21E+08,3576,3576,3580,3578
7.36778,3.21E+08,3576,3576,3581,3578
7.3103,3.21E+08,3577,3577,3581,3579
6.30175,3.21E+08,3577,3577,3581,3579
5.57929,3.21E+08,3577,3577,3581,3579
6.92037,3.21E+08,3577,3577,3581,3579
8.04016,3.21E+08,3577,3577,3581,3579
7.40944,3.21E+08,3577,3577,3581,3579
7.76676,3.21E+08,3577,3577,3581,3579
6.47201,3.21E+08,3577,3577,3581,3579
7.58889,3.21E+08,3577,3577,3581,3579
6.92284,3.21E+08,3577,3577,3581,3579
8.6927,3.21E+08,3577,3577,3582,3579
6.5928,3.21E+08,3577,3577,3582,3579
6.92251,3.21E+08,3577,3577,3582,3579
7.13707,3.21E+08,3577,3577,3582,3579
7.20131,3.21E+08,3577,3577,3582,3579
7.36714,3.21E+08,3577,3577,3582,3580
7.63475,3.21E+08,3577,3577,3582,3580
6.9861,3.21E+08,3577,3577,3582,3580
7.19484,3.21E+08,3578,3578,3582,3580
7.92645,3.21E+08,3578,3578,3582,3580
6.29734,3.21E+08,3578,3578,3582,3580
8.4844,3.21E+08,3578,3578,3582,3580
6.25324,3.21E+08,3578,3578,3582,3580
7.64689,3.21E+08,3578,3578,3582,3580
8.42229,3.21E+08,3578,3578,3582,3580
6.75073,3.21E+08,3578,3578,3583,3580
7.08245,3.21E+08,3578,3578,3583,3580
8.14934,3.21E+08,3578,3578,3583,3580
7.98234,3.21E+08,3579,3579,3583,3580
7.25842,3.21E+08,3579,3579,3583,3580
7.13994,3.21E+08,3579,3579,3583,3580
7.25724,3.21E+08,3579,3579,3583,3581
7.41856,3.21E+08,3579,3579,3583,3581
7.64891,3.21E+08,3579,3579,3583,3581
7.2498,3.21E+08,3579,3579,3583,3581
7.76067,3.21E+08,3579,3579,3583,3581
9.36126,3.21E+08,3579,3579,3584,3581
7.31488,3.21E+08,3579,3579,3584,3581
7.03195,3.21E+08,3579,3579,3584,3581
8.48579,3.21E+08,3579,3579,3584,3581
8.92163,3.21E+08,3579,3579,3584,3581
8.31341,3.21E+08,3579,3579,3584,3581
7.36237,3.21E+08,3579,3579,3584,3581
8.10264,3.21E+08,3579,3580,3584,3581
7.2449,3.21E+08,3580,3580,3584,3581
7.60088,3.21E+08,3580,3580,3584,3582
8.41761,3.21E+08,3580,3580,3584,3582
8.14872,3.21E+08,3580,3580,3585,3582
7.08746,3.21E+08,3580,3580,3585,3582
7.03103,3.21E+08,3580,3580,3585,3582
7.36668,3.21E+08,3580,3580,3585,3582
6.19756,3.21E+08,3580,3580,3585,3582
6.41283,3.21E+08,3580,3580,3585,3582
6.97694,3.21E+08,3580,3580,3585,3582
7.96995,3.21E+08,3580,3580,3585,3582
7.70448,3.21E+08,3580,3580,3585,3582
6.7541,3.21E+08,3580,3581,3585,3582
6.0305,3.21E+08,3581,3581,3585,3582
7.80176,3.21E+08,3581,3581,3585,3582
5.74842,3.21E+08,3581,3581,3585,3582
7.14688,3.21E+08,3581,3581,3585,3582
7.31197,3.21E+08,3581,3581,3585,3583
7.0285,3.21E+08,3581,3581,3586,3583
8.7075,3.21E+08,3581,3581,3586,3583
6.35704,3.21E+08,3581,3581,3586,3583
7.64272,3.21E+08,3581,3581,3586,3583
7.70273,3.21E+08,3581,3581,3586,3583
7.87126,3.21E+08,3581,3581,3586,3583
8.48618,3.21E+08,3581,3581,3586,3583
8.42293,3.21E+08,3581,3581,3586,3583
8.09069,3.21E+08,3581,3581,3586,3583
7.81015,3.21E+08,3581,3581,3587,3583
8.20275,3.21E+08,3581,3581,3587,3583
7.19886,3.21E+08,3581,3581,3587,3583
7.42601,3.21E+08,3581,3581,3587,3583
7.36009,3.21E+08,3581,3581,3587,3583
8.32057,3.21E+08,3581,3581,3587,3583
7.29997,3.21E+08,3581,3581,3587,3583
8.65439,3.21E+08,3581,3581,3587,3583
8.26318,3.21E+08,3581,3581,3587,3583
7.41144,3.21E+08,3581,3581,3587,3583
7.32023,3.21E+08,3581,3581,3587,3583
7.24895,3.21E+08,3581,3581,3587,3584
7.20056,3.21E+08,3582,3582,3587,3584
8.70894,3.21E+08,3582,3582,3587,3584
6.80504,3.21E+08,3582,3582,3587,3584
5.74968,3.21E+08,3582,3582,3587,3584
7.24938,3.21E+08,3582,3582,3587,3584
5.97347,3.21E+08,3582,3582,3587,3584
7.25682,3.21E+08,3582,3582,3588,3584
8.20009,3.21E+08,3582,3582,3588,3584
6.4194,3.21E+08,3582,3582,3588,3584
7.63185,3.21E+08,3582,3582,3588,3584
7.14778,3.21E+08,3582,3582,3588,3584
8.48472,3.21E+08,3582,3582,3588,3584
8.31979,3.21E+08,3582,3582,3588,3584
8.03019,3.21E+08,3582,3582,3588,3585
6.75334,3.21E+08,3582,3582,3588,3585
7.75341,3.21E+08,3583,3583,3588,3585
8.81429,3.21E+08,3583,3583,3588,3585
7.42611,3.21E+08,3583,3583,3588,3585
7.42208,3.21E+08,3583,3583,3588,3585
8.09508,3.21E+08,3583,3583,3588,3585
7.5799,3.21E+08,3583,3583,3588,3585
7.64102,3.21E+08,3583,3583,3589,3585
7.3718,3.21E+08,3583,3583,3589,3585
9.04615,3.21E+08,3583,3583,3589,3585
8.53013,3.21E+08,3583,3583,3589,3585
7.47997,3.21E+08,3583,3583,3589,3585
6.58715,3.21E+08,3583,3583,3589,3585
7.08203,3.21E+08,3583,3583,3589,3585
7.36373,3.21E+08,3583,3583,3589,3585
5.80581,3.21E+08,3584,3584,3589,3585
7.64226,3.21E+08,3584,3584,3589,3585
7.31148,3.21E+08,3584,3584,3589,3585
7.25814,3.21E+08,3584,3584,3589,3585
6.13383,3.21E+08,3584,3584,3589,3585
7.02995,3.21E+08,3584,3584,3589,3586
5.69397,3.21E+08,3584,3584,3590,3586
7.69744,3.21E+08,3584,3584,3590,3586
7.08922,3.21E+08,3584,3584,3590,3586
7.86849,3.21E+08,3584,3584,3590,3586
8.25758,3.21E+08,3584,3584,3590,3586
9.1568,3.21E+08,3584,3584,3590,3586
7.47475,3.21E+08,3584,3584,3590,3586
7.20316,3.21E+08,3584,3584,3590,3586
7.41085,3.21E+08,3584,3584,3590,3586
7.59621,3.21E+08,3584,3584,3590,3586
7.58978,3.21E+08,3584,3584,3590,3586
8.14889,3.21E+08,3584,3584,3590,3586
8.1987,3.21E+08,3584,3584,3591,3586
8.75861,3.21E+08,3584,3584,3591,3586
7.31444,3.21E+08,3584,3584,3591,3586
7.1326,3.21E+08,3585,3585,3591,3586
8.83003,3.21E+08,3585,3585,3591,3586
7.63927,3.21E+08,3585,3585,3591,3586
7.53792,3.21E+08,3585,3585,3591,3587
7.07733,3.21E+08,3585,3585,3591,3587
8.15778,3.21E+08,3585,3585,3591,3587
9.09005,3.21E+08,3585,3585,3591,3587
7.86743,3.21E+08,3585,3585,3592,3587
9.60046,3.21E+08,3585,3585,3592,3587
8.09692,3.21E+08,3585,3585,3592,3587
6.96953,3.21E+08,3585,3585,3592,3587
7.92932,3.21E+08,3586,3586,3592,3587
9.19882,3.21E+08,3586,3586,3592,3587
7.64562,3.21E+08,3586,3586,3592,3587
7.81286,3.21E+08,3586,3586,3592,3587
7.70459,3.21E+08,3586,3586,3592,3587
8.08136,3.21E+08,3586,3586,3592,3587
7.31737,3.21E+08,3586,3586,3592,3587
7.41939,3.21E+08,3586,3586,3592,3588
8.31521,3.21E+08,3586,3586,3592,3588
7.36333,3.21E+08,3586,3586,3593,3588
7.70487,3.21E+08,3586,3586,3593,3588
8.26336,3.21E+08,3586,3586,3593,3588
7.69595,3.21E+08,3586,3586,3593,3588
8.98943,3.21E+08,3586,3586,3593,3588
8.92455,3.21E+08,3586,3586,3593,3588
6.74693,3.21E+08,3587,3586,3593,3588
6.9175,3.21E+08,3587,3587,3593,3588
7.53765,3.21E+08,3587,3587,3593,3588
6.81009,3.21E+08,3587,3587,3593,3588
7.25124,3.21E+08,3587,3587,3593,3588
6.69814,3.21E+08,3587,3587,3593,3588
7.98316,3.21E+08,3587,3587,3593,3589
8.41634,3.21E+08,3587,3587,3593,3589
7.81681,3.21E+08,3587,3587,3593,3589
8.53826,3.21E+08,3587,3587,3593,3589
7.48104,3.21E+08,3587,3587,3593,3589
7.13394,3.21E+08,3587,3587,3593,3589
7.36954,3.21E+08,3587,3587,3594,3589
6.53149,3.21E+08,3587,3588,3594,3589
7.58581,3.21E+08,3588,3588,3594,3589
6.52639,3.21E+08,3588,3588,3594,3589
7.58929,3.21E+08,3588,3588,3594,3589
8.37449,3.21E+08,3588,3588,3594,3589
7.47455,3.21E+08,3588,3588,3594,3589
7.64263,3.21E+08,3588,3588,3594,3590
6.30818,3.21E+08,3588,3588,3594,3590
6.52725,3.21E+08,3588,3588,3594,3590
7.81348,3.21E+08,3588,3588,3594,3590
6.47544,3.21E+08,3589,3589,3594,3590
8.09523,3.21E+08,3589,3589,3594,3590
6.97061,3.21E+08,3589,3589,3594,3590
7.25208,3.21E+08,3589,3589,3594,3590
7.59174,3.21E+08,3589,3589,3594,3590
8.09486,3.21E+08,3589,3589,3595,3590
7.36233,3.21E+08,3589,3589,3595,3590
7.53668,3.21E+08,3589,3589,3595,3590
6.02333,3.21E+08,3589,3589,3595,3590
6.19562,3.21E+08,3589,3589,3595,3590
7.58563,3.21E+08,3589,3589,3595,3590
8.65359,3.21E+08,3589,3589,3595,3590
8.0883,3.21E+08,3589,3589,3595,3590
7.81423,3.21E+08,3589,3589,3595,3591
8.53486,3.21E+08,3589,3589,3595,3591
8.70712,3.21E+08,3589,3589,3595,3591
7.85903,3.21E+08,3589,3589,3595,3591
7.20698,3.21E+08,3589,3589,3595,3591
8.75636,3.21E+08,3589,3590,3595,3591
7.47988,3.21E+08,3590,3590,3595,3591
6.80752,3.21E+08,3590,3590,3596,3591
7.75858,3.21E+08,3590,3590,3596,3591
8.25253,3.21E+08,3590,3590,3596,3591
7.30832,3.21E+08,3590,3590,3596,3591
7.09104,3.21E+08,3590,3590,3596,3591
7.08777,3.21E+08,3590,3590,3596,3591
7.64385,3.21E+08,3590,3590,3596,3591
7.92836,3.21E+08,3590,3590,3596,3591
8.36633,3.21E+08,3590,3590,3596,3591
7.87109,3.21E+08,3590,3590,3596,3591
6.9725,3.21E+08,3590,3590,3596,3591
6.47677,3.21E+08,3590,3590,3596,3591
7.02549,3.21E+08,3590,3590,3596,3591
6.92,3.21E+08,3590,3590,3596,3592
7.59122,3.21E+08,3590,3590,3597,3592
7.41726,3.21E+08,3590,3590,3597,3592
7.81742,3.21E+08,3590,3590,3597,3592
8.81054,3.21E+08,3591,3591,3597,3592
6.812,3.21E+08,3591,3591,3597,3592
7.57894,3.21E+08,3591,3591,3597,3592
7.37772,3.21E+08,3591,3591,3597,3592
8.70005,3.21E+08,3591,3591,3597,3592
8.87762,3.21E+08,3591,3591,3597,3592
8.53372,3.21E+08,3591,3591,3597,3592
6.97125,3.21E+08,3591,3591,3597,3592
7.47933,3.21E+08,3591,3591,3597,3592
7.25453,3.21E+08,3591,3591,3597,3592
6.24982,3.21E+08,3591,3591,3598,3592
9.37418,3.21E+08,3591,3591,3598,3593
7.81149,3.21E+08,3591,3591,3598,3593
8.04103,3.21E+08,3591,3591,3598,3593
6.80402,3.21E+08,3591,3591,3598,3593
7.53492,3.21E+08,3591,3591,3598,3593
7.36319,3.21E+08,3591,3591,3598,3593
8.65156,3.21E+08,3591,3591,3598,3593
8.37383,3.21E+08,3591,3591,3598,3593
8.42257,3.21E+08,3592,3591,3598,3593
8.36452,3.21E+08,3592,3592,3598,3593
8.48588,3.21E+08,3592,3592,3598,3593
8.6525,3.21E+08,3592,3592,3598,3593
8.14363,3.21E+08,3592,3592,3599,3593
6.30721,3.21E+08,3592,3592,3599,3593
7.58217,3.21E+08,3592,3592,3599,3593
7.9257,3.21E+08,3592,3592,3599,3593
7.70515,3.21E+08,3592,3592,3599,3593
8.65365,3.21E+08,3592,3592,3599,3594
6.29613,3.21E+08,3592,3592,3599,3594
8.54277,3.21E+08,3592,3592,3599,3594
7.98162,3.21E+08,3592,3592,3599,3594
7.25033,3.21E+08,3593,3593,3599,3594
7.36696,3.21E+08,3593,3593,3599,3594
7.42017,3.21E+08,3593,3593,3599,3594
7.48009,3.21E+08,3593,3593,3599,3594
7.53798,3.21E+08,3593,3593,3599,3594
7.36255,3.21E+08,3593,3593,3599,3594
6.97767,3.21E+08,3593,3593,3599,3594
8.30873,3.21E+08,3593,3593,3599,3594
7.64375,3.21E+08,3593,3593,3599,3594
7.20103,3.21E+08,3593,3593,3600,3595
8.37388,3.21E+08,3593,3593,3600,3595
8.367,3.21E+08,3593,3593,3600,3595
8.53873,3.21E+08,3593,3593,3600,3595
7.13605,3.21E+08,3593,3593,3600,3595
7.75985,3.21E+08,3593,3593,3600,3595
6.86188,3.21E+08,3593,3593,3600,3595
8.87788,3.21E+08,3593,3593,3600,3595
8.15032,3.21E+08,3593,3593,3600,3595
8.08797,3.21E+08,3593,3593,3600,3595
7.64664,3.21E+08,3594,3594,3600,3595
7.80359,3.21E+08,3594,3594,3600,3595
8.0922,3.21E+08,3594,3594,3600,3596
8.31601,3.21E+08,3594,3594,3600,3596
6.58533,3.21E+08,3594,3594,3601,3596
6.92004,3.21E+08,3594,3594,3601,3596
7.70053,3.21E+08,3594,3594,3601,3596
7.42306,3.21E+08,3594,3594,3601,3596
7.31371,3.21E+08,3594,3594,3601,3596
7.02642,3.21E+08,3594,3594,3601,3596
7.64729,3.21E+08,3594,3594,3601,3596
7.52576,3.21E+08,3594,3594,3601,3596
8.09307,3.21E+08,3594,3594,3601,3596
7.9231,3.21E+08,3594,3594,3601,3596
7.02954,3.21E+08,3594,3594,3601,3596
7.60125,3.21E+08,3594,3594,3601,3596
7.96794,3.21E+08,3595,3595,3601,3596
6.69844,3.21E+08,3595,3595,3601,3596
7.14679,3.21E+08,3595,3595,3602,3596
8.47574,3.21E+08,3595,3595,3602,3597
8.20714,3.21E+08,3595,3595,3602,3597
7.53583,3.21E+08,3595,3595,3602,3597
9.14834,3.21E+08,3595,3595,3602,3597
7.48335,3.21E+08,3595,3595,3602,3597
7.63977,3.21E+08,3595,3595,3602,3597
7.69376,3.21E+08,3595,3595,3602,3597
7.02945,3.21E+08,3595,3595,3602,3597
8.49562,3.21E+08,3595,3595,3602,3597
7.53074,3.21E+08,3595,3595,3602,3597
7.86413,3.21E+08,3595,3595,3603,3598
8.15074,3.21E+08,3595,3595,3603,3598
6.80487,3.21E+08,3595,3595,3603,3598
7.59107,3.21E+08,3595,3595,3603,3598
7.96996,3.21E+08,3596,3596,3603,3598
8.43417,3.21E+08,3596,3596,3603,3598
7.4223,3.21E+08,3596,3596,3603,3598
7.64617,3.21E+08,3596,3596,3603,3598
6.69067,3.21E+08,3596,3596,3603,3598
6.53208,3.21E+08,3596,3596,3603,3598
6.9216,3.21E+08,3596,3596,3603,3598
8.35837,3.21E+08,3596,3596,3603,3598
7.54331,3.21E+08,3596,3596,3603,3598
5.51855,3.21E+08,3596,3596,3603,3598
6.69823,3.21E+08,3596,3596,3603,3598
8.54082,3.21E+08,3596,3596,3603,3598
6.75264,3.21E+08,3596,3596,3604,3598
8.42466,3.21E+08,3596,3596,3604,3599
6.58352,3.21E+08,3596,3596,3604,3599
7.92523,3.21E+08,3596,3596,3604,3599
7.53457,3.21E+08,3596,3596,3604,3599
6.91908,3.21E+08,3597,3597,3604,3599
7.53748,3.21E+08,3597,3597,3604,3599
6.46851,3.21E+08,3597,3597,3604,3599
10.8765,3.21E+08,3597,3597,3604,3599
7.03422,3.21E+08,3597,3597,3604,3599
7.98386,3.21E+08,3597,3597,3604,3599
6.58237,3.21E+08,3597,3597,3604,3599
6.36416,3.21E+08,3597,3597,3604,3599
6.58127,3.21E+08,3597,3597,3604,3599
6.80904,3.21E+08,3597,3597,3604,3599
7.64195,3.21E+08,3597,3597,3604,3600
7.91771,3.21E+08,3597,3597,3604,3600
7.25332,3.21E+08,3597,3597,3604,3600
8.04706,3.21E+08,3597,3597,3604,3600
8.63954,3.21E+08,3597,3597,3604,3600
7.30971,3.21E+08,3598,3598,3604,3600
7.41931,3.21E+08,3598,3598,3604,3600
7.32132,3.21E+08,3598,3598,3604,3600
9.02436,3.21E+08,3598,3598,3604,3600
8.60701,3.21E+08,3598,3598,3604,3600
7.30647,3.21E+08,3598,3598,3604,3600
7.30987,3.21E+08,3598,3598,3604,3600
6.58598,3.21E+08,3598,3598,3604,3600
7.75919,3.21E+08,3598,3598,3604,3600
8.02721,3.21E+08,3598,3598,3605,3600
8.09099,3.21E+08,3598,3598,3605,3600
7.1465,3.21E+08,3598,3598,3605,3600
6.47531,3.21E+08,3598,3598,3605,3600
8.47291,3.21E+08,3598,3598,3605,3600
7.14331,3.21E+08,3598,3598,3605,3601
7.14457,3.21E+08,3598,3598,3605,3601
6.75425,3.21E+08,3598,3598,3605,3601
7.53249,3.21E+08,3598,3598,3606,3601
7.81323,3.21E+08,3598,3598,3606,3601
8.04022,3.21E+08,3598,3598,3606,3601
7.64218,3.21E+08,3599,3599,3606,3601
7.86324,3.21E+08,3599,3599,3606,3601
7.87205,3.21E+08,3599,3599,3606,3601
8.14159,3.21E+08,3599,3599,3606,3601
7.36828,3.21E+08,3599,3599,3606,3601
7.8154,3.21E+08,3599,3599,3606,3601
7.24252,3.21E+08,3599,3599,3606,3601
7.42704,3.21E+08,3599,3599,3606,3602
6.64328,3.21E+08,3599,3599,3606,3602
8.47696,3.21E+08,3599,3599,3606,3602
6.81105,3.21E+08,3599,3599,3606,3602
7.48219,3.21E+08,3599,3599,3606,3602
7.36044,3.21E+08,3599,3599,3606,3602
7.14702,3.21E+08,3599,3599,3607,3602
6.58083,3.21E+08,3599,3599,3607,3602
6.80967,3.21E+08,3599,3599,3607,3602
6.97511,3.21E+08,3599,3599,3607,3602
5.69187,3.21E+08,3599,3599,3607,3602
6.91435,3.21E+08,3599,3599,3607,3602
7.48092,3.21E+08,3599,3599,3607,3602
8.86806,3.21E+08,3599,3599,3607,3602
8.04072,3.21E+08,3599,3599,3607,3602
8.48698,3.21E+08,3599,3599,3607,3602
7.80723,3.21E+08,3599,3599,3607,3602
7.70412,3.21E+08,3599,3599,3607,3602
7.69649,3.21E+08,3600,3600,3607,3602
7.31445,3.21E+08,3600,3600,3607,3602
7.58324,3.21E+08,3600,3600,3607,3602
8.87219,3.21E+08,3600,3600,3608,3603
7.48038,3.21E+08,3600,3600,3608,3603
7.41793,3.21E+08,3600,3600,3608,3603
7.03125,3.21E+08,3600,3600,3608,3603
7.8678,3.21E+08,3600,3600,3608,3603
8.1521,3.21E+08,3600,3600,3608,3603
7.58283,3.21E+08,3600,3600,3608,3603
6.86424,3.21E+08,3600,3600,3608,3603
7.1969,3.21E+08,3601,3601,3608,3603
7.97785,3.21E+08,3601,3601,3608,3603
7.70327,3.21E+08,3601,3601,3608,3603
7.03346,3.21E+08,3601,3601,3608,3603
6.97286,3.21E+08,3601,3601,3608,3603
7.97647,3.21E+08,3601,3601,3608,3603
6.53249,3.21E+08,3601,3601,3608,3603
7.36324,3.21E+08,3601,3601,3608,3603
7.97959,3.21E+08,3601,3601,3608,3604
7.85802,3.21E+08,3601,3601,3608,3604
8.60636,3.21E+08,3601,3601,3609,3604
8.09652,3.21E+08,3601,3601,3609,3604
7.13807,3.21E+08,3601,3601,3609,3604
8.0379,3.21E+08,3601,3601,3609,3604
8.03434,3.21E+08,3601,3601,3609,3604
8.26154,3.21E+08,3601,3601,3609,3604
7.30099,3.21E+08,3601,3601,3609,3604
6.87044,3.21E+08,3601,3601,3609,3604
5.86073,3.21E+08,3601,3601,3609,3604
7.25145,3.21E+08,3602,3602,3609,3604
6.97814,3.21E+08,3602,3602,3609,3604
9.20345,3.21E+08,3602,3602,3609,3604
5.86181,3.21E+08,3602,3602,3609,3604
6.80277,3.21E+08,3602,3602,3609,3604
6.14136,3.21E+08,3602,3602,3610,3604
7.47255,3.21E+08,3602,3602,3610,3604
9.04292,3.21E+08,3602,3602,3610,3604
7.81639,3.21E+08,3602,3602,3610,3605
6.02356,3.21E+08,3602,3602,3610,3605
6.24728,3.21E+08,3602,3602,3610,3605
6.30939,3.21E+08,3602,3602,3610,3605
8.47456,3.21E+08,3602,3602,3610,3605
8.53773,3.21E+08,3602,3602,3610,3605
9.49258,3.21E+08,3602,3602,3610,3605
8.31502,3.21E+08,3602,3602,3610,3605
8.82006,3.21E+08,3602,3602,3610,3605
8.64498,3.21E+08,3602,3602,3610,3605
8.70736,3.21E+08,3602,3602,3610,3605
6.85469,3.21E+08,3602,3602,3610,3605
8.26361,3.21E+08,3602,3602,3610,3605
8.20617,3.21E+08,3602,3602,3610,3605
6.36053,3.21E+08,3602,3602,3610,3605
7.42474,3.21E+08,3602,3602,3610,3606
6.13321,3.21E+08,3602,3602,3610,3606
7.75433,3.21E+08,3602,3602,3610,3606
7.64862,3.21E+08,3602,3602,3610,3606
7.80908,3.21E+08,3603,3603,3610,3606
8.42888,3.21E+08,3603,3603,3610,3606
7.25364,3.21E+08,3603,3603,3611,3606
7.81519,3.21E+08,3603,3603,3611,3606
6.75499,3.21E+08,3603,3603,3611,3606
7.41797,3.21E+08,3603,3603,3611,3606
7.25718,3.21E+08,3603,3603,3611,3606
6.68763,3.21E+08,3603,3603,3611,3606
6.48162,3.21E+08,3603,3603,3611,3606
7.41814,3.21E+08,3603,3603,3611,3606
7.36873,3.21E+08,3603,3603,3611,3606
7.96925,3.21E+08,3603,3603,3611,3606
5.53181,3.21E+08,3603,3603,3611,3606
7.63956,3.21E+08,3603,3603,3611,3606
8.08976,3.21E+08,3603,3603,3611,3606
7.53304,3.21E+08,3603,3603,3611,3606
7.86857,3.21E+08,3603,3603,3611,3606
7.7032,3.21E+08,3603,3603,3612,3606
8.08989,3.21E+08,3604,3604,3612,3607
7.47954,3.21E+08,3604,3604,3612,3607
7.20128,3.21E+08,3604,3604,3612,3607
6.91699,3.21E+08,3604,3604,3612,3607
7.75102,3.21E+08,3604,3604,3612,3607
8.09399,3.21E+08,3604,3604,3612,3607
6.58837,3.21E+08,3604,3604,3612,3607
6.74304,3.21E+08,3604,3604,3612,3607
8.21163,3.21E+08,3604,3604,3612,3607
5.74557,3.21E+08,3604,3604,3612,3607
6.47216,3.21E+08,3604,3604,3612,3607
6.36022,3.21E+08,3604,3604,3612,3607
7.48207,3.21E+08,3604,3604,3612,3607
8.47181,3.21E+08,3605,3605,3612,3608
8.87946,3.21E+08,3605,3605,3612,3608
6.47221,3.21E+08,3605,3605,3613,3608
7.36995,3.21E+08,3605,3605,3613,3608
7.19366,3.21E+08,3605,3605,3613,3608
8.93138,3.21E+08,3605,3605,3613,3608
8.65295,3.21E+08,3605,3605,3613,3608
6.8609,3.21E+08,3605,3605,3613,3608
7.58552,3.21E+08,3605,3605,3613,3608
6.25062,3.21E+08,3605,3605,3613,3608
6.75635,3.21E+08,3605,3605,3613,3608
7.13854,3.21E+08,3605,3605,3613,3608
6.42182,3.21E+08,3605,3605,3613,3608
6.41324,3.21E+08,3605,3605,3613,3608
7.14463,3.21E+08,3605,3605,3613,3608
6.07996,3.21E+08,3605,3605,3613,3608
6.58897,3.21E+08,3605,3605,3613,3608
6.35796,3.21E+08,3605,3605,3613,3608
7.31086,3.21E+08,3605,3605,3613,3608
7.36382,3.21E+08,3605,3605,3614,3608
6.85956,3.21E+08,3606,3606,3614,3608
8.14914,3.21E+08,3606,3606,3614,3609
8.25919,3.21E+08,3606,3606,3614,3609
8.42933,3.21E+08,3606,3606,3614,3609
8.37237,3.21E+08,3606,3606,3614,3609
6.80397,3.21E+08,3606,3606,3614,3609
8.82213,3.21E+08,3606,3606,3615,3609
6.97057,3.21E+08,3606,3606,3615,3609
6.8107,3.21E+08,3606,3606,3615,3609
6.86194,3.21E+08,3606,3606,3615,3609
8.03644,3.21E+08,3606,3606,3615,3609
7.59376,3.21E+08,3606,3606,3615,3609
7.69673,3.21E+08,3606,3606,3615,3609
8.4295,3.21E+08,3606,3606,3615,3609
6.30172,3.21E+08,3606,3606,3615,3609
8.65155,3.21E+08,3606,3606,3615,3609
7.46769,3.21E+08,3606,3606,3615,3609
6.87365,3.21E+08,3607,3607,3615,3609
7.36146,3.21E+08,3607,3607,3615,3609
6.63954,3.21E+08,3607,3607,3615,3609
7.53223,3.21E+08,3607,3607,3616,3609
8.03948,3.21E+08,3607,3607,3616,3609
7.59294,3.21E+08,3607,3607,3616,3609
8.0804,3.21E+08,3607,3607,3616,3609
7.53592,3.21E+08,3607,3607,3616,3609
7.30798,3.21E+08,3607,3607,3616,3610
7.86325,3.21E+08,3607,3607,3616,3610
7.43282,3.21E+08,3607,3607,3616,3610
6.85944,3.21E+08,3607,3607,3616,3610
6.2532,3.21E+08,3607,3607,3616,3610
7.69687,3.21E+08,3607,3607,3616,3610
8.59637,3.21E+08,3607,3607,3616,3610
7.53563,3.21E+08,3607,3607,3616,3610
8.69423,3.21E+08,3608,3608,3616,3610
7.36883,3.21E+08,3608,3608,3616,3610
7.25532,3.21E+08,3608,3608,3617,3611
7.4196,3.21E+08,3608,3608,3617,3611
6.69788,3.21E+08,3608,3608,3617,3611
7.64871,3.21E+08,3608,3608,3617,3611
7.41849,3.21E+08,3608,3608,3617,3611
6.97763,3.21E+08,3608,3608,3617,3611
7.75315,3.21E+08,3608,3608,3617,3611
6.86609,3.21E+08,3608,3608,3617,3611
6.90979,3.21E+08,3608,3608,3617,3611
7.65215,3.21E+08,3608,3608,3617,3611
6.25363,3.21E+08,3608,3608,3617,3611
7.3008,3.21E+08,3608,3608,3618,3611
6.42561,3.21E+08,3608,3608,3618,3611
7.53056,3.21E+08,3608,3608,3618,3611
7.03227,3.21E+08,3608,3608,3618,3611
7.64287,3.21E+08,3608,3608,3619,3611
8.4852,3.21E+08,3608,3608,3619,3611
7.97009,3.21E+08,3608,3608,3619,3611
6.69541,3.21E+08,3608,3608,3619,3612
8.15095,3.21E+08,3608,3608,3619,3612
7.36918,3.21E+08,3608,3608,3619,3612
7.53003,3.21E+08,3608,3608,3619,3612
7.13988,3.21E+08,3609,3609,3619,3612
7.87161,3.21E+08,3609,3609,3619,3612
7.87192,3.21E+08,3609,3609,3619,3612
5.46602,3.21E+08,3609,3609,3620,3612
8.31644,3.21E+08,3609,3609,3620,3612
8.36745,3.21E+08,3609,3609,3620,3612
6.14044,3.21E+08,3609,3609,3620,3612
7.20133,3.21E+08,3609,3609,3620,3612
6.41478,3.21E+08,3609,3609,3620,3612
8.69678,3.21E+08,3609,3609,3620,3612
7.87196,3.21E+08,3609,3609,3620,3612
7.19675,3.21E+08,3609,3609,3620,3612
7.92859,3.21E+08,3609,3609,3620,3612
7.25307,3.21E+08,3609,3609,3620,3612
8.20115,3.21E+08,3609,3609,3620,3612
7.81158,3.21E+08,3609,3609,3620,3612
7.03304,3.21E+08,3609,3609,3620,3612
7.08846,3.21E+08,3609,3609,3620,3612
7.5791,3.21E+08,3609,3609,3620,3613
7.14922,3.21E+08,3609,3609,3620,3613
7.14485,3.21E+08,3609,3609,3621,3613
6.02385,3.21E+08,3609,3609,3621,3613
7.92921,3.21E+08,3609,3609,3621,3613
8.19769,3.21E+08,3610,3610,3621,3613
8.09577,3.21E+08,3610,3610,3621,3613
7.64216,3.21E+08,3610,3610,3621,3613
7.20244,3.21E+08,3610,3610,3621,3613
6.80266,3.21E+08,3610,3610,3621,3613
8.53516,3.21E+08,3610,3610,3621,3613
6.69376,3.21E+08,3610,3610,3621,3613
7.64691,3.21E+08,3610,3610,3621,3613
8.04072,3.21E+08,3610,3610,3621,3613
7.69764,3.21E+08,3610,3610,3621,3613
7.81521,3.21E+08,3610,3610,3621,3613
7.29913,3.21E+08,3611,3611,3621,3613
7.82323,3.21E+08,3611,3611,3621,3614
7.983,3.21E+08,3611,3611,3621,3614
6.52417,3.21E+08,3611,3611,3621,3614
7.97629,3.21E+08,3611,3611,3622,3614
7.98398,3.21E+08,3611,3611,3622,3614
7.98298,3.21E+08,3611,3611,3622,3614
7.8612,3.21E+08,3611,3611,3622,3614
7.9219,3.21E+08,3611,3611,3622,3614
6.86517,3.21E+08,3611,3611,3622,3614
6.4716,3.21E+08,3611,3611,3622,3614
9.5405,3.21E+08,3611,3611,3622,3614
7.70305,3.21E+08,3611,3611,3623,3614
7.31469,3.21E+08,3611,3611,3623,3614
8.36227,3.21E+08,3611,3611,3623,3614
6.69523,3.21E+08,3611,3611,3623,3614
6.59032,3.21E+08,3611,3611,3623,3614
7.64849,3.21E+08,3611,3611,3623,3614
8.69615,3.21E+08,3612,3612,3623,3614
8.26393,3.21E+08,3612,3612,3623,3614
7.02989,3.21E+08,3612,3612,3623,3614
7.5372,3.21E+08,3612,3612,3623,3615
7.41625,3.21E+08,3612,3612,3623,3615
8.04124,3.21E+08,3612,3612,3623,3615
7.97657,3.21E+08,3612,3612,3623,3615
6.91654,3.21E+08,3612,3612,3624,3615
6.58542,3.21E+08,3612,3612,3624,3615
7.64799,3.21E+08,3612,3612,3624,3615
6.85932,3.21E+08,3612,3612,3624,3615
6.58795,3.21E+08,3612,3612,3624,3615
7.52782,3.21E+08,3612,3612,3624,3615
8.71072,3.21E+08,3612,3612,3624,3615
7.03476,3.21E+08,3612,3612,3624,3615
8.19195,3.21E+08,3612,3612,3624,3615
9.04091,3.21E+08,3613,3613,3624,3615
9.54029,3.21E+08,3613,3613,3624,3615
9.09844,3.21E+08,3613,3613,3624,3615
7.75902,3.21E+08,3613,3613,3624,3615
8.82279,3.21E+08,3613,3613,3624,3616
7.47437,3.21E+08,3613,3613,3624,3616
7.41698,3.21E+08,3613,3613,3624,3616
5.6938,3.21E+08,3613,3613,3624,3616
7.75876,3.21E+08,3613,3613,3624,3616
8.64508,3.21E+08,3613,3613,3624,3616
7.42434,3.21E+08,3613,3613,3624,3616
8.47023,3.21E+08,3613,3613,3625,3616
7.09655,3.21E+08,3613,3613,3625,3616
7.13456,3.21E+08,3613,3613,3625,3616
6.98417,3.21E+08,3613,3613,3625,3616
8.64525,3.21E+08,3613,3613,3625,3616
8.43099,3.21E+08,3613,3613,3625,3616
6.57652,3.21E+08,3613,3613,3625,3616
7.75853,3.21E+08,3614,3614,3625,3616
8.75987,3.21E+08,3614,3614,3625,3616
7.47852,3.21E+08,3614,3614,3625,3616
7.52831,3.21E+08,3614,3614,3626,3616
7.76251,3.21E+08,3614,3614,3626,3616
5.69328,3.21E+08,3614,3614,3626,3616
8.03614,3.21E+08,3614,3614,3626,3616
8.20296,3.21E+08,3614,3614,3626,3617
7.69285,3.21E+08,3614,3614,3626,3617
6.64413,3.21E+08,3614,3614,3626,3617
7.36956,3.21E+08,3614,3614,3626,3617
7.52431,3.21E+08,3614,3614,3626,3617
8.32521,3.21E+08,3614,3614,3626,3617
7.52967,3.21E+08,3614,3614,3626,3617
6.63865,3.21E+08,3615,3615,3626,3617
7.19882,3.21E+08,3615,3615,3626,3617
7.59213,3.21E+08,3615,3615,3626,3617
8.25455,3.21E+08,3615,3615,3627,3617
8.3112,3.21E+08,3615,3615,3627,3617
8.98416,3.21E+08,3615,3615,3627,3617
7.70069,3.21E+08,3615,3615,3627,3617
7.58776,3.21E+08,3615,3615,3627,3617
7.87838,3.21E+08,3615,3615,3627,3617
7.1401,3.21E+08,3615,3615,3627,3617
7.19569,3.21E+08,3615,3615,3627,3617
8.42947,3.21E+08,3615,3615,3627,3618
8.5937,3.21E+08,3615,3615,3627,3618
8.81059,3.21E+08,3615,3615,3627,3618
7.4264,3.21E+08,3615,3615,3627,3618
7.41856,3.21E+08,3616,3616,3627,3618
7.64656,3.21E+08,3616,3616,3628,3618
6.74998,3.21E+08,3616,3616,3628,3618
7.4821,3.21E+08,3616,3616,3628,3618
8.64513,3.21E+08,3616,3616,3628,3618
7.20126,3.21E+08,3616,3616,3628,3618
7.52297,3.21E+08,3616,3616,3628,3618
7.86497,3.21E+08,3616,3616,3628,3618
8.15546,3.21E+08,3616,3616,3628,3618
6.69484,3.21E+08,3616,3616,3628,3618
7.4821,3.21E+08,3616,3616,3628,3618
7.98511,3.21E+08,3616,3616,3628,3619
7.36088,3.21E+08,3616,3616,3628,3619
8.70833,3.21E+08,3616,3616,3628,3619
8.9178,3.21E+08,3617,3617,3628,3619
7.31074,3.21E+08,3617,3617,3629,3619
6.58856,3.21E+08,3617,3617,3629,3619
7.64585,3.21E+08,3617,3617,3629,3619
8.25721,3.21E+08,3617,3617,3629,3619
6.81139,3.21E+08,3617,3617,3629,3619
8.63776,3.21E+08,3617,3617,3629,3619
7.75999,3.21E+08,3617,3617,3629,3619
7.64789,3.21E+08,3617,3617,3629,3619
8.03985,3.21E+08,3617,3617,3629,3619
6.5197,3.21E+08,3617,3617,3629,3619
6.97698,3.21E+08,3617,3617,3629,3620
7.81249,3.21E+08,3617,3617,3629,3620
7.08449,3.21E+08,3617,3617,3629,3620
5.74616,3.21E+08,3617,3617,3629,3620
7.59805,3.21E+08,3618,3618,3629,3620
6.46883,3.21E+08,3618,3618,3629,3620
6.63768,3.21E+08,3618,3618,3630,3620
7.04178,3.21E+08,3618,3618,3630,3620
7.52471,3.21E+08,3618,3618,3630,3620
7.81224,3.21E+08,3618,3618,3630,3620
8.15069,3.21E+08,3618,3618,3630,3620
7.36975,3.21E+08,3618,3618,3630,3620
7.25093,3.21E+08,3618,3618,3630,3620
8.48408,3.21E+08,3618,3618,3630,3620
7.91924,3.21E+08,3618,3618,3630,3621
8.03949,3.21E+08,3618,3618,3630,3621
8.25269,3.21E+08,3618,3618,3630,3621
7.25892,3.21E+08,3618,3618,3630,3621
9.81396,3.21E+08,3618,3618,3630,3621
8.26532,3.21E+08,3618,3618,3630,3621
7.08159,3.21E+08,3618,3618,3630,3621
5.69141,3.21E+08,3618,3618,3630,3621
6.02676,3.21E+08,3618,3618,3630,3621
8.31667,3.21E+08,3618,3618,3630,3621
8.26254,3.21E+08,3618,3618,3631,3621
7.1896,3.21E+08,3619,3619,3631,3621
6.19259,3.21E+08,3619,3619,3631,3621
7.48537,3.21E+08,3619,3619,3631,3621
7.48198,3.21E+08,3619,3619,3631,3621
7.58645,3.21E+08,3619,3619,3631,3621
7.97661,3.21E+08,3619,3619,3631,3621
8.14279,3.21E+08,3619,3619,3631,3621
8.54117,3.21E+08,3619,3619,3631,3621
8.14485,3.21E+08,3619,3619,3631,3621
8.20248,3.21E+08,3619,3619,3631,3621
7.03079,3.21E+08,3619,3619,3631,3622
8.09333,3.21E+08,3619,3619,3631,3622
7.9234,3.21E+08,3619,3619,3631,3622
7.19895,3.21E+08,3619,3619,3631,3622
7.53803,3.21E+08,3619,3619,3632,3622
6.91644,3.21E+08,3619,3619,3632,3622
6.86396,3.21E+08,3619,3619,3632,3622
7.47806,3.21E+08,3619,3619,3632,3622
6.91028,3.21E+08,3619,3619,3632,3622
6.86948,3.21E+08,3619,3619,3632,3622
7.03238,3.21E+08,3619,3619,3632,3622
7.75451,3.21E+08,3619,3619,3632,3622
6.92195,3.21E+08,3620,3620,3632,3622
8.09274,3.21E+08,3620,3620,3632,3622
7.52852,3.21E+08,3620,3620,3632,3622
6.30978,3.21E+08,3620,3620,3632,3623
7.86325,3.21E+08,3620,3620,3632,3623
6.64436,3.21E+08,3620,3620,3633,3623
8.14406,3.21E+08,3620,3620,3633,3623
6.7559,3.21E+08,3620,3620,3633,3623
7.80136,3.21E+08,3620,3620,3633,3623
6.08395,3.21E+08,3620,3620,3633,3623
7.48067,3.21E+08,3620,3620,3633,3623
8.31841,3.21E+08,3620,3620,3633,3623
6.74346,3.21E+08,3620,3620,3633,3623
7.0354,3.21E+08,3620,3620,3633,3623
8.09123,3.21E+08,3620,3620,3633,3623
6.69559,3.21E+08,3620,3620,3633,3623
7.03366,3.21E+08,3620,3620,3633,3623
7.58775,3.21E+08,3620,3620,3634,3623
6.86594,3.21E+08,3620,3620,3634,3624
6.08004,3.21E+08,3620,3620,3634,3624
6.7543,3.21E+08,3621,3620,3634,3624
7.8068,3.21E+08,3621,3621,3634,3624
7.48056,3.21E+08,3621,3621,3634,3624
7.08958,3.21E+08,3621,3621,3634,3624
7.58047,3.21E+08,3621,3621,3634,3624
9.15561,3.21E+08,3621,3621,3634,3624
6.91675,3.21E+08,3621,3621,3634,3624
6.30345,3.21E+08,3621,3621,3634,3624
7.87489,3.21E+08,3621,3621,3634,3624
7.30881,3.21E+08,3621,3621,3634,3624
8.65215,3.21E+08,3621,3621,3634,3624
7.64819,3.21E+08,3621,3621,3634,3625
7.96977,3.21E+08,3622,3622,3635,3625
7.70305,3.21E+08,3622,3622,3635,3625
7.3118,3.21E+08,3622,3622,3635,3625
7.53129,3.21E+08,3622,3622,3635,3625
8.20549,3.21E+08,3622,3622,3635,3625
8.15225,3.21E+08,3622,3622,3635,3625
6.97263,3.21E+08,3622,3622,3635,3625
7.91737,3.21E+08,3622,3622,3635,3625
7.75416,3.21E+08,3622,3622,3635,3625
7.4332,3.21E+08,3622,3622,3635,3625
8.31103,3.21E+08,3622,3622,3635,3625
7.36156,3.21E+08,3622,3622,3635,3625
8.48138,3.21E+08,3622,3622,3635,3625
8.20485,3.21E+08,3622,3622,3636,3625
7.31331,3.21E+08,3622,3622,3636,3625
7.80459,3.21E+08,3622,3622,3636,3625
8.37121,3.21E+08,3622,3622,3636,3625
7.36298,3.21E+08,3622,3622,3636,3626
8.215,3.21E+08,3622,3622,3636,3626
6.0232,3.21E+08,3622,3622,3636,3626
8.26093,3.21E+08,3622,3622,3636,3626
8.36524,3.21E+08,3622,3622,3636,3626
6.75572,3.21E+08,3622,3622,3636,3626
7.46855,3.21E+08,3622,3622,3636,3626
6.98438,3.21E+08,3623,3623,3636,3626
8.53326,3.21E+08,3623,3623,3636,3626
8.42778,3.21E+08,3623,3623,3636,3626
6.86119,3.21E+08,3623,3623,3636,3626
7.42562,3.21E+08,3623,3623,3636,3626
7.41751,3.21E+08,3623,3623,3636,3626
7.87104,3.21E+08,3623,3623,3636,3626
7.63897,3.21E+08,3623,3623,3636,3626
6.69792,3.21E+08,3623,3623,3636,3626
8.09184,3.21E+08,3623,3623,3636,3626
8.25906,3.21E+08,3623,3623,3637,3626
7.47144,3.21E+08,3624,3624,3637,3626
8.54025,3.21E+08,3624,3624,3637,3626
8.93341,3.21E+08,3624,3624,3637,3626
7.92583,3.21E+08,3624,3624,3637,3626
7.75201,3.21E+08,3624,3624,3637,3626
7.92244,3.21E+08,3624,3624,3637,3626
7.48032,3.21E+08,3624,3624,3637,3626
8.14926,3.21E+08,3624,3624,3637,3626
6.63859,3.21E+08,3624,3624,3637,3626
6.92095,3.21E+08,3624,3624,3637,3627
7.14581,3.21E+08,3624,3624,3637,3627
8.36751,3.21E+08,3624,3624,3637,3627
7.46666,3.21E+08,3624,3624,3637,3627
8.21352,3.21E+08,3624,3624,3637,3627
8.37597,3.21E+08,3624,3624,3638,3627
7.47223,3.21E+08,3624,3624,3638,3627
8.08437,3.21E+08,3624,3624,3638,3627
8.481,3.21E+08,3624,3624,3638,3627
7.3102,3.21E+08,3625,3625,3638,3627
7.14078,3.21E+08,3625,3625,3638,3627
6.92421,3.21E+08,3625,3625,3638,3627
8.76483,3.21E+08,3625,3625,3638,3627
6.92249,3.21E+08,3625,3625,3638,3627
6.91685,3.21E+08,3625,3625,3639,3627
7.75246,3.21E+08,3625,3625,3639,3627
6.41985,3.21E+08,3625,3625,3639,3627
7.02678,3.21E+08,3625,3625,3639,3627
6.70045,3.21E+08,3625,3625,3639,3627
8.41363,3.21E+08,3625,3625,3639,3628
8.10198,3.21E+08,3625,3625,3639,3628
7.9773,3.21E+08,3625,3625,3639,3628
6.86095,3.21E+08,3625,3625,3639,3628
7.42383,3.21E+08,3625,3625,3639,3628
6.97957,3.21E+08,3625,3625,3639,3628
6.24123,3.21E+08,3625,3625,3639,3628
9.55637,3.21E+08,3625,3625,3639,3628
7.24994,3.21E+08,3626,3626,3639,3628
6.58717,3.21E+08,3626,3626,3640,3628
8.41611,3.21E+08,3626,3626,3640,3628
6.92812,3.21E+08,3626,3626,3640,3628
8.02503,3.21E+08,3626,3626,3640,3628
7.59368,3.21E+08,3626,3626,3640,3628
8.20516,3.21E+08,3626,3626,3640,3628
7.92853,3.21E+08,3626,3626,3640,3628
8.9811,3.21E+08,3627,3627,3640,3628
7.08266,3.21E+08,3627,3627,3640,3628
7.59198,3.21E+08,3627,3627,3640,3628
7.97759,3.21E+08,3627,3627,3640,3628
7.97655,3.21E+08,3627,3627,3640,3629
7.98049,3.21E+08,3627,3627,3640,3629
7.09043,3.21E+08,3627,3627,3640,3629
6.4774,3.21E+08,3627,3627,3640,3629
7.41012,3.21E+08,3627,3627,3640,3629
6.6987,3.21E+08,3627,3627,3641,3629
6.70103,3.21E+08,3627,3627,3641,3629
8.80362,3.21E+08,3627,3627,3641,3629
7.43194,3.21E+08,3627,3627,3641,3629
7.36096,3.21E+08,3628,3628,3641,3629
9.21268,3.21E+08,3628,3628,3641,3629
8.64611,3.21E+08,3628,3628,3641,3629
7.53569,3.21E+08,3628,3628,3641,3629
7.80677,3.21E+08,3628,3628,3641,3629
7.70533,3.21E+08,3628,3628,3641,3629
7.70337,3.21E+08,3628,3628,3641,3630
9.37098,3.21E+08,3628,3628,3641,3630
7.98307,3.21E+08,3628,3628,3641,3630
8.25555,3.21E+08,3628,3628,3641,3630
7.08108,3.21E+08,3628,3628,3641,3630
7.53105,3.21E+08,3628,3628,3642,3630
7.48765,3.21E+08,3629,3629,3642,3630
7.74954,3.21E+08,3629,3629,3642,3630
6.14208,3.21E+08,3629,3629,3642,3630
7.1975,3.21E+08,3629,3629,3642,3630
7.86843,3.21E+08,3629,3629,3642,3630
8.53432,3.21E+08,3629,3629,3642,3630
8.646,3.21E+08,3629,3629,3642,3630
6.9756,3.21E+08,3629,3629,3642,3630
7.14166,3.21E+08,3629,3629,3642,3630
8.65187,3.21E+08,3629,3629,3642,3630
8.43044,3.21E+08,3629,3629,3642,3630
7.74641,3.21E+08,3629,3629,3643,3630
7.15423,3.21E+08,3629,3629,3643,3631
7.8617,3.21E+08,3629,3629,3643,3631
7.70524,3.21E+08,3629,3629,3643,3631
7.74699,3.21E+08,3629,3629,3643,3631
7.65402,3.21E+08,3629,3629,3643,3631
7.24878,3.21E+08,3629,3629,3643,3631
7.14288,3.21E+08,3629,3629,3643,3631
6.30834,3.21E+08,3629,3629,3643,3631
7.86932,3.21E+08,3629,3629,3643,3631
8.52712,3.21E+08,3629,3629,3644,3631
8.71144,3.21E+08,3630,3630,3644,3631
8.81493,3.21E+08,3630,3630,3644,3631
7.59448,3.21E+08,3630,3630,3644,3631
8.6426,3.21E+08,3630,3630,3644,3631
7.69844,3.21E+08,3630,3630,3644,3632
7.25738,3.21E+08,3630,3630,3644,3632
7.48025,3.21E+08,3630,3630,3644,3632
6.41996,3.21E+08,3630,3630,3644,3632
5.41113,3.21E+08,3630,3630,3644,3632
7.24331,3.21E+08,3630,3630,3644,3632
8.60576,3.21E+08,3630,3630,3644,3632
8.25574,3.21E+08,3630,3630,3644,3632
8.7655,3.21E+08,3630,3630,3644,3632
7.13632,3.21E+08,3631,3631,3644,3632
6.97837,3.21E+08,3631,3631,3644,3632
7.92109,3.21E+08,3631,3631,3644,3632
7.59239,3.21E+08,3631,3631,3644,3632
6.64398,3.21E+08,3631,3631,3645,3632
6.97066,3.21E+08,3631,3631,3645,3632
6.75634,3.21E+08,3631,3631,3645,3632
7.08247,3.21E+08,3631,3631,3645,3632
7.92722,3.21E+08,3631,3631,3645,3633
7.13361,3.21E+08,3631,3631,3645,3633
7.98418,3.21E+08,3631,3631,3645,3633
6.6414,3.21E+08,3631,3631,3645,3633
8.53711,3.21E+08,3631,3631,3645,3633
6.92119,3.21E+08,3631,3631,3645,3633
7.80931,3.21E+08,3631,3631,3645,3633
7.36075,3.21E+08,3631,3631,3645,3633
7.70003,3.21E+08,3631,3631,3645,3633
7.87841,3.21E+08,3631,3631,3645,3633
7.8006,3.21E+08,3631,3631,3645,3633
6.48207,3.21E+08,3631,3631,3645,3633
5.96417,3.21E+08,3631,3631,3645,3633
7.36422,3.21E+08,3631,3631,3645,3633
6.42725,3.21E+08,3632,3632,3645,3633
6.68891,3.21E+08,3632,3632,3645,3633
6.52615,3.21E+08,3632,3632,3646,3633
6.75981,3.21E+08,3632,3632,3646,3633
8.36063,3.21E+08,3632,3632,3646,3633
8.27037,3.21E+08,3632,3632,3646,3633
7.85732,3.21E+08,3632,3632,3646,3633
7.70561,3.21E+08,3632,3632,3646,3633
8.20632,3.21E+08,3632,3632,3646,3634
7.41566,3.21E+08,3632,3632,3646,3634
8.25618,3.21E+08,3632,3632,3646,3634
7.92765,3.21E+08,3632,3632,3646,3634
8.43263,3.21E+08,3632,3632,3646,3634
6.58087,3.21E+08,3632,3632,3646,3634
8.32002,3.21E+08,3632,3633,3646,3634
8.58782,3.21E+08,3633,3633,3646,3634
6.8125,3.21E+08,3633,3633,3647,3634
7.30422,3.21E+08,3633,3633,3647,3634
7.14732,3.21E+08,3633,3633,3647,3634
6.91734,3.21E+08,3633,3633,3647,3634
6.41158,3.21E+08,3633,3633,3647,3634
7.03096,3.21E+08,3633,3633,3647,3634
6.30818,3.21E+08,3633,3633,3647,3634
6.07995,3.21E+08,3633,3633,3647,3635
7.75698,3.21E+08,3633,3633,3647,3635
6.30482,3.21E+08,3633,3633,3647,3635
7.36743,3.21E+08,3633,3633,3647,3635
7.86799,3.21E+08,3633,3633,3647,3635
7.64567,3.21E+08,3634,3634,3647,3635
6.81173,3.21E+08,3634,3634,3647,3635
7.08196,3.21E+08,3634,3634,3647,3635
8.14981,3.21E+08,3634,3634,3647,3636
7.58646,3.21E+08,3634,3634,3647,3636
7.08906,3.21E+08,3634,3634,3647,3636
7.87023,3.21E+08,3634,3634,3647,3636
8.14413,3.21E+08,3634,3634,3648,3636
7.98478,3.21E+08,3634,3634,3648,3636
7.24979,3.21E+08,3634,3634,3648,3636
8.48685,3.21E+08,3634,3634,3648,3636
7.8619,3.21E+08,3634,3634,3648,3636
6.58938,3.21E+08,3634,3634,3648,3636
6.69312,3.21E+08,3634,3634,3648,3636
7.03511,3.21E+08,3634,3634,3648,3636
7.52887,3.21E+08,3634,3634,3648,3636
7.14703,3.21E+08,3634,3634,3648,3636
8.0838,3.21E+08,3634,3634,3648,3636
9.1569,3.21E+08,3634,3634,3648,3636
6.13594,3.21E+08,3634,3634,3648,3636
6.02356,3.21E+08,3634,3634,3648,3636
6.19657,3.21E+08,3635,3635,3648,3637
8.2616,3.21E+08,3635,3635,3648,3637
6.52506,3.21E+08,3635,3635,3648,3637
6.41752,3.21E+08,3635,3635,3648,3637
6.64051,3.21E+08,3635,3635,3649,3637
7.31445,3.21E+08,3635,3635,3649,3637
8.0323,3.21E+08,3635,3635,3649,3637
7.25652,3.21E+08,3635,3635,3649,3637
6.57537,3.21E+08,3635,3635,3649,3637
7.82338,3.21E+08,3635,3635,3649,3637
6.63787,3.21E+08,3635,3635,3649,3637
8.04022,3.21E+08,3635,3635,3649,3637
7.19273,3.21E+08,3635,3635,3649,3637
8.87018,3.21E+08,3635,3635,3649,3637
6.97952,3.21E+08,3635,3635,3649,3637
8.02599,3.21E+08,3636,3636,3649,3637
8.04526,3.21E+08,3636,3636,3649,3637
7.58454,3.21E+08,3636,3636,3649,3637
6.81235,3.21E+08,3636,3636,3650,3638
8.14253,3.21E+08,3636,3636,3650,3638
7.53712,3.21E+08,3636,3636,3650,3638
6.91135,3.21E+08,3636,3636,3650,3638
7.97852,3.21E+08,3636,3636,3650,3638
6.98419,3.21E+08,3636,3636,3650,3638
6.91407,3.21E+08,3636,3636,3650,3638
6.69551,3.21E+08,3636,3636,3650,3638
7.86908,3.21E+08,3636,3636,3650,3638
7.30966,3.21E+08,3636,3636,3650,3638
7.81649,3.21E+08,3636,3636,3651,3638
6.64321,3.21E+08,3636,3636,3651,3638
6.91451,3.21E+08,3636,3636,3651,3638
6.7003,3.21E+08,3636,3636,3651,3639
6.85878,3.21E+08,3636,3636,3651,3639
7.70359,3.21E+08,3636,3636,3651,3639
9.42127,3.21E+08,3637,3637,3651,3639
7.64506,3.21E+08,3637,3637,3651,3639
6.41618,3.21E+08,3637,3637,3651,3639
8.04725,3.21E+08,3637,3637,3651,3639
7.6342,3.21E+08,3637,3637,3651,3639
7.59255,3.21E+08,3637,3637,3651,3639
7.86838,3.21E+08,3637,3637,3651,3639
7.92445,3.21E+08,3637,3637,3651,3639
7.36887,3.21E+08,3637,3637,3651,3639
8.25462,3.21E+08,3637,3637,3651,3640
8.65241,3.21E+08,3637,3637,3651,3640
7.18892,3.21E+08,3637,3637,3651,3640
7.98425,3.21E+08,3637,3637,3651,3640
6.64095,3.21E+08,3637,3637,3652,3640
7.87112,3.21E+08,3637,3637,3652,3640
8.03368,3.21E+08,3637,3637,3652,3640
7.64551,3.21E+08,3637,3637,3652,3640
7.31486,3.21E+08,3637,3637,3652,3640
8.58949,3.21E+08,3637,3637,3652,3640
7.81594,3.21E+08,3638,3638,3652,3640
7.47164,3.21E+08,3638,3638,3652,3640
9.37101,3.21E+08,3638,3638,3652,3640
7.64977,3.21E+08,3638,3638,3652,3640
7.09094,3.21E+08,3638,3638,3652,3640
8.75543,3.21E+08,3638,3638,3652,3640
7.03265,3.21E+08,3638,3638,3652,3640
6.24395,3.21E+08,3638,3638,3652,3640
7.70027,3.21E+08,3638,3638,3652,3641
8.08818,3.21E+08,3638,3638,3652,3641
8.04864,3.21E+08,3638,3638,3652,3641
8.97748,3.21E+08,3638,3638,3652,3641
6.36556,3.21E+08,3638,3638,3653,3641
7.91815,3.21E+08,3639,3639,3653,3641
7.75588,3.21E+08,3639,3639,3653,3641
7.70255,3.21E+08,3639,3639,3653,3641
7.03338,3.21E+08,3639,3639,3653,3641
8.30409,3.21E+08,3639,3639,3653,3641
8.65931,3.21E+08,3639,3639,3653,3641
7.24523,3.21E+08,3639,3639,3653,3641
7.20989,3.21E+08,3639,3639,3653,3641
9.20223,3.21E+08,3639,3639,3653,3641
7.58984,3.21E+08,3639,3639,3653,3641
8.25588,3.21E+08,3639,3639,3653,3641
8.2569,3.21E+08,3639,3639,3654,3642
7.477,3.21E+08,3639,3639,3654,3642
9.26218,3.21E+08,3639,3639,3654,3642
9.15539,3.21E+08,3639,3639,3654,3642
7.25166,3.21E+08,3639,3639,3654,3642
8.25729,3.21E+08,3640,3640,3654,3642
7.53185,3.21E+08,3640,3640,3654,3642
7.87229,3.21E+08,3640,3640,3654,3642
7.81684,3.21E+08,3640,3640,3654,3642
7.52786,3.21E+08,3640,3640,3654,3642
8.71076,3.21E+08,3640,3640,3654,3642
7.91743,3.21E+08,3640,3640,3654,3642
8.76138,3.21E+08,3640,3640,3654,3642
8.20332,3.21E+08,3640,3640,3654,3642
8.20756,3.21E+08,3640,3640,3654,3642
7.41502,3.21E+08,3641,3641,3655,3642
7.3648,3.21E+08,3641,3641,3655,3642
6.6416,3.21E+08,3641,3641,3655,3643
8.20237,3.21E+08,3641,3641,3655,3643
7.08978,3.21E+08,3641,3641,3655,3643
7.98299,3.21E+08,3641,3641,3655,3643
6.97117,3.21E+08,3641,3641,3655,3643
7.81596,3.21E+08,3641,3641,3655,3643
7.1396,3.21E+08,3641,3641,3655,3643
7.75789,3.21E+08,3641,3641,3655,3643
8.15076,3.21E+08,3641,3641,3655,3643
7.80371,3.21E+08,3641,3641,3655,3643
8.03263,3.21E+08,3641,3641,3655,3643
8.49197,3.21E+08,3641,3641,3655,3643
7.6349,3.21E+08,3641,3641,3655,3644
6.70226,3.21E+08,3641,3641,3655,3644
7.92607,3.21E+08,3641,3641,3656,3644
8.20763,3.21E+08,3641,3641,3656,3644
7.97663,3.21E+08,3642,3642,3656,3644
7.58633,3.21E+08,3642,3642,3656,3644
7.31202,3.21E+08,3642,3642,3656,3644
7.5284,3.21E+08,3642,3642,3656,3644
6.14222,3.21E+08,3642,3642,3656,3644
7.91891,3.21E+08,3642,3642,3656,3644
6.70006,3.21E+08,3642,3642,3656,3644
8.47493,3.21E+08,3642,3642,3656,3644
7.36586,3.21E+08,3642,3642,3656,3644
7.36655,3.21E+08,3642,3642,3656,3644
7.03533,3.21E+08,3642,3642,3656,3644
8.42014,3.21E+08,3642,3642,3656,3644
6.70058,3.21E+08,3642,3642,3656,3644
7.02823,3.21E+08,3642,3642,3656,3644
8.25714,3.21E+08,3642,3642,3656,3644
7.25672,3.21E+08,3642,3642,3656,3644
7.64933,3.21E+08,3642,3642,3656,3644
7.47036,3.21E+08,3642,3642,3657,3644
7.75569,3.21E+08,3642,3642,3657,3644
7.87126,3.21E+08,3643,3643,3657,3644
7.70631,3.21E+08,3643,3643,3657,3644
7.25199,3.21E+08,3643,3643,3657,3645
7.69734,3.21E+08,3643,3643,3657,3645
7.70259,3.21E+08,3643,3643,3657,3645
7.96915,3.21E+08,3643,3643,3657,3645
8.3233,3.21E+08,3643,3643,3657,3645
6.14215,3.21E+08,3643,3643,3657,3645
6.24678,3.21E+08,3643,3643,3657,3645
7.70389,3.21E+08,3643,3643,3658,3645
7.75172,3.21E+08,3643,3643,3658,3645
8.09348,3.21E+08,3643,3643,3658,3645
7.53051,3.21E+08,3643,3643,3658,3645
7.08867,3.21E+08,3643,3643,3658,3645
8.08646,3.21E+08,3643,3643,3658,3645
6.25239,3.21E+08,3643,3643,3658,3645
7.70086,3.21E+08,3644,3644,3658,3646
8.25775,3.21E+08,3644,3644,3658,3646
7.75876,3.21E+08,3644,3644,3658,3646
7.64108,3.21E+08,3644,3644,3658,3646
7.58709,3.21E+08,3644,3644,3658,3646
8.20624,3.21E+08,3644,3644,3658,3646
9.21156,3.21E+08,3644,3644,3658,3646
8.86734,3.21E+08,3644,3644,3658,3646
7.09083,3.21E+08,3644,3644,3658,3646
8.19666,3.21E+08,3644,3644,3659,3646
6.69444,3.21E+08,3644,3644,3659,3646
6.30795,3.21E+08,3644,3644,3659,3646
7.30818,3.21E+08,3644,3644,3659,3646
9.59971,3.21E+08,3644,3644,3659,3646
7.98369,3.21E+08,3644,3644,3659,3646
7.0778,3.21E+08,3644,3644,3659,3646
7.37907,3.21E+08,3645,3645,3659,3646
7.30465,3.21E+08,3645,3645,3659,3646
7.03339,3.21E+08,3645,3645,3659,3646
7.64168,3.21E+08,3645,3645,3659,3646
8.43179,3.21E+08,3645,3645,3659,3646
8.19799,3.21E+08,3645,3645,3659,3646
8.0934,3.21E+08,3645,3645,3659,3647
7.91841,3.21E+08,3645,3645,3659,3647
6.58556,3.21E+08,3645,3645,3659,3647
7.14328,3.21E+08,3645,3645,3659,3647
7.09089,3.21E+08,3645,3645,3659,3647
7.86466,3.21E+08,3645,3645,3660,3647
7.13908,3.21E+08,3645,3645,3660,3647
6.86707,3.21E+08,3645,3645,3660,3647
6.30142,3.21E+08,3645,3645,3660,3647
6.81128,3.21E+08,3645,3645,3660,3647
7.14567,3.21E+08,3645,3645,3660,3647
7.58662,3.21E+08,3645,3645,3660,3647
6.46907,3.21E+08,3646,3646,3660,3647
7.31227,3.21E+08,3646,3646,3660,3648
5.91723,3.21E+08,3646,3646,3660,3648
5.51398,3.21E+08,3646,3646,3660,3648
6.65085,3.21E+08,3646,3646,3660,3648
9.04161,3.21E+08,3646,3646,3660,3648
6.86109,3.21E+08,3646,3646,3660,3648
7.31411,3.21E+08,3646,3646,3660,3648
7.41231,3.21E+08,3646,3646,3660,3648
8.82761,3.21E+08,3646,3646,3660,3648
7.24975,3.21E+08,3646,3646,3660,3648
8.09063,3.21E+08,3646,3646,3660,3648
6.86574,3.21E+08,3646,3646,3660,3648
8.2062,3.21E+08,3646,3646,3661,3648
7.69729,3.21E+08,3646,3646,3661,3648
8.09576,3.21E+08,3647,3647,3661,3649
7.80958,3.21E+08,3647,3647,3661,3649
6.63216,3.21E+08,3647,3647,3661,3649
7.5929,3.21E+08,3647,3647,3661,3649
7.14365,3.21E+08,3647,3647,3661,3649
6.81153,3.21E+08,3647,3647,3661,3649
7.3058,3.21E+08,3647,3647,3661,3649
7.36326,3.21E+08,3647,3647,3661,3649
7.81564,3.21E+08,3647,3647,3661,3649
7.92215,3.21E+08,3647,3647,3661,3649
7.368,3.21E+08,3647,3647,3661,3649
6.6419,3.21E+08,3647,3647,3661,3649
7.2005,3.21E+08,3647,3647,3661,3649
7.91489,3.21E+08,3647,3647,3662,3649
7.64573,3.21E+08,3647,3647,3662,3649
7.81643,3.21E+08,3648,3648,3662,3649
8.81998,3.21E+08,3648,3648,3662,3649
8.75125,3.21E+08,3648,3648,3662,3650
6.9234,3.21E+08,3648,3648,3662,3650
7.03287,3.21E+08,3648,3648,3662,3650
8.31718,3.21E+08,3648,3648,3662,3650
8.02531,3.21E+08,3648,3648,3662,3650
8.14954,3.21E+08,3648,3648,3662,3650
8.03438,3.21E+08,3648,3648,3662,3650
7.3055,3.21E+08,3648,3648,3662,3650
7.43322,3.21E+08,3648,3648,3662,3650
6.86067,3.21E+08,3648,3648,3662,3650
6.69901,3.21E+08,3648,3648,3663,3651
7.19523,3.21E+08,3648,3648,3663,3651
7.31021,3.21E+08,3648,3648,3663,3651
7.0339,3.21E+08,3648,3648,3663,3651
7.08365,3.21E+08,3648,3648,3663,3651
6.86675,3.21E+08,3648,3648,3663,3651
6.63102,3.21E+08,3648,3648,3663,3651
7.98825,3.21E+08,3649,3649,3663,3651
9.04567,3.21E+08,3649,3649,3663,3651
8.47567,3.21E+08,3649,3649,3664,3651
7.14008,3.21E+08,3649,3649,3664,3651
7.69519,3.21E+08,3649,3649,3664,3651
7.81692,3.21E+08,3649,3649,3664,3651
7.20215,3.21E+08,3649,3649,3664,3651
6.75423,3.21E+08,3649,3649,3664,3651
8.3625,3.21E+08,3649,3649,3664,3651
6.53084,3.21E+08,3649,3649,3664,3651
6.97928,3.21E+08,3649,3649,3664,3651
8.03222,3.21E+08,3649,3649,3665,3652
7.87053,3.21E+08,3649,3649,3665,3652
8.69967,3.21E+08,3649,3649,3665,3652
8.54209,3.21E+08,3649,3649,3665,3652
8.08565,3.21E+08,3649,3649,3665,3652
7.64451,3.21E+08,3649,3649,3665,3652
7.64776,3.21E+08,3649,3649,3665,3652
8.03399,3.21E+08,3649,3649,3665,3652
7.36728,3.21E+08,3650,3650,3665,3652
6.92248,3.21E+08,3650,3650,3665,3652
8.5855,3.21E+08,3650,3650,3665,3652
8.15143,3.21E+08,3650,3650,3665,3652
7.36336,3.21E+08,3650,3650,3665,3652
7.47466,3.21E+08,3650,3650,3666,3652
6.86412,3.21E+08,3650,3650,3666,3652
7.42556,3.21E+08,3650,3650,3666,3653
7.65025,3.21E+08,3650,3650,3666,3653
7.80932,3.21E+08,3650,3650,3666,3653
7.1378,3.21E+08,3650,3650,3666,3653
8.58921,3.21E+08,3650,3650,3666,3653
7.92779,3.21E+08,3650,3650,3666,3653
7.64672,3.21E+08,3650,3650,3666,3653
8.65314,3.21E+08,3650,3650,3666,3653
7.2508,3.21E+08,3650,3650,3666,3653
7.64207,3.21E+08,3650,3650,3666,3653
7.25789,3.21E+08,3650,3650,3666,3653
8.58876,3.21E+08,3650,3650,3666,3653
8.76347,3.21E+08,3650,3650,3666,3653
8.20632,3.21E+08,3651,3651,3666,3653
6.91666,3.21E+08,3651,3651,3666,3653
7.91811,3.21E+08,3651,3651,3666,3653
7.14394,3.21E+08,3651,3651,3667,3653
7.69843,3.21E+08,3651,3651,3667,3653
7.15224,3.21E+08,3651,3651,3667,3654
7.02311,3.21E+08,3651,3651,3667,3654
6.02723,3.21E+08,3651,3651,3667,3654
7.37049,3.21E+08,3651,3651,3667,3654
6.69901,3.21E+08,3651,3651,3667,3654
7.57999,3.21E+08,3651,3651,3667,3654
7.08738,3.21E+08,3651,3651,3667,3654
6.92263,3.21E+08,3652,3652,3667,3654
7.08478,3.21E+08,3652,3652,3667,3654
7.41951,3.21E+08,3652,3652,3668,3654
7.53384,3.21E+08,3652,3652,3668,3654
6.14168,3.21E+08,3652,3652,3668,3655
8.14579,3.21E+08,3652,3652,3668,3655
8.03603,3.21E+08,3652,3652,3668,3655
5.80141,3.21E+08,3652,3652,3668,3655
7.25644,3.21E+08,3652,3652,3668,3655
9.21297,3.21E+08,3652,3652,3668,3655
6.97076,3.21E+08,3652,3652,3668,3655
7.14481,3.21E+08,3652,3652,3668,3655
7.80947,3.21E+08,3653,3653,3668,3655
5.85868,3.21E+08,3653,3653,3668,3655
8.43195,3.21E+08,3653,3653,3668,3655
7.53101,3.21E+08,3653,3653,3668,3655
8.36408,3.21E+08,3653,3653,3669,3655
7.6977,3.21E+08,3653,3653,3669,3655
8.88711,3.21E+08,3653,3653,3669,3655
9.25032,3.21E+08,3653,3653,3669,3655
6.58241,3.21E+08,3653,3653,3669,3655
8.93851,3.21E+08,3653,3653,3669,3655
7.30074,3.21E+08,3653,3653,3669,3655
7.09755,3.21E+08,3653,3653,3669,3655
8.75156,3.21E+08,3653,3653,3669,3655
7.08698,3.21E+08,3653,3653,3669,3655
6.97943,3.21E+08,3653,3653,3669,3656
8.15015,3.21E+08,3653,3653,3669,3656
7.57934,3.21E+08,3653,3653,3669,3656
6.69738,3.21E+08,3653,3653,3669,3656
8.32042,3.21E+08,3654,3654,3669,3656
7.53137,3.21E+08,3654,3654,3669,3656
7.64916,3.21E+08,3654,3654,3670,3656
5.79826,3.21E+08,3654,3654,3670,3656
6.02896,3.21E+08,3654,3654,3670,3656
6.08584,3.21E+08,3654,3654,3670,3656
6.96374,3.21E+08,3654,3654,3670,3656
7.32068,3.21E+08,3654,3654,3670,3656
6.97063,3.21E+08,3654,3654,3670,3656
8.31297,3.21E+08,3654,3654,3670,3656
8.08774,3.21E+08,3654,3654,3670,3656
6.64475,3.21E+08,3654,3654,3670,3656
8.47746,3.21E+08,3655,3655,3670,3656
8.0913,3.21E+08,3655,3655,3670,3657
9.04498,3.21E+08,3655,3655,3670,3657
7.92516,3.21E+08,3655,3655,3670,3657
7.70498,3.21E+08,3655,3655,3670,3657
6.68826,3.21E+08,3655,3655,3670,3657
7.64094,3.21E+08,3655,3655,3670,3657
8.66251,3.21E+08,3655,3655,3670,3657
7.75262,3.21E+08,3655,3655,3670,3657
8.69877,3.21E+08,3655,3655,3670,3657
8.53895,3.21E+08,3655,3655,3670,3657
7.03186,3.21E+08,3655,3655,3670,3657
8.0923,3.21E+08,3655,3655,3671,3657
8.42435,3.21E+08,3655,3655,3671,3657
9.20475,3.21E+08,3655,3655,3671,3657
8.81398,3.21E+08,3655,3655,3671,3657
7.98866,3.21E+08,3655,3655,3671,3657
7.6984,3.21E+08,3655,3655,3671,3657
8.71005,3.21E+08,3655,3655,3671,3657
7.134,3.21E+08,3655,3655,3671,3657
9.48634,3.21E+08,3655,3655,3671,3657
8.14627,3.21E+08,3656,3656,3671,3658
7.82429,3.21E+08,3656,3656,3671,3658
7.19271,3.21E+08,3656,3656,3672,3658
6.97353,3.21E+08,3656,3656,3672,3658
7.31145,3.21E+08,3656,3656,3672,3658
7.25217,3.21E+08,3656,3656,3672,3658
8.87789,3.21E+08,3656,3656,3672,3658
8.02886,3.21E+08,3656,3656,3672,3658
7.64939,3.21E+08,3656,3656,3672,3658
7.47523,3.21E+08,3656,3656,3672,3658
7.19598,3.21E+08,3656,3656,3672,3658
7.03261,3.21E+08,3656,3656,3672,3658
7.08542,3.21E+08,3656,3656,3672,3658
7.2546,3.21E+08,3656,3656,3672,3658
7.03169,3.21E+08,3656,3656,3672,3658
7.86705,3.21E+08,3657,3656,3672,3658
8.15222,3.21E+08,3657,3657,3672,3658
6.75606,3.21E+08,3657,3657,3672,3658
9.08926,3.21E+08,3657,3657,3673,3659
7.36788,3.21E+08,3657,3657,3673,3659
6.80035,3.21E+08,3657,3657,3673,3659
6.69809,3.21E+08,3657,3657,3673,3659
7.59282,3.21E+08,3657,3657,3673,3659
7.59071,3.21E+08,3657,3657,3673,3659
7.97542,3.21E+08,3657,3657,3673,3659
7.25248,3.21E+08,3657,3657,3673,3659
6.97842,3.21E+08,3657,3657,3673,3659
7.81624,3.21E+08,3657,3657,3673,3659
8.47534,3.21E+08,3658,3658,3673,3659
6.19685,3.21E+08,3658,3658,3674,3659
8.19323,3.21E+08,3658,3658,3674,3659
8.99217,3.21E+08,3658,3658,3674,3659
6.69634,3.21E+08,3658,3658,3674,3659
7.70256,3.21E+08,3658,3658,3674,3659
6.80552,3.21E+08,3658,3658,3674,3659
6.86777,3.21E+08,3658,3658,3674,3659
8.36631,3.21E+08,3658,3658,3674,3659
7.9279,3.21E+08,3658,3658,3674,3659
6.18837,3.21E+08,3658,3658,3674,3659
8.48546,3.21E+08,3658,3658,3674,3659
7.30888,3.21E+08,3658,3658,3674,3659
6.75189,3.21E+08,3659,3659,3674,3659
7.69981,3.21E+08,3659,3659,3674,3660
7.42425,3.21E+08,3659,3659,3674,3660
6.85504,3.21E+08,3659,3659,3674,3660
8.99221,3.21E+08,3659,3659,3674,3660
7.97748,3.21E+08,3659,3659,3675,3660
8.54295,3.21E+08,3659,3659,3675,3660
7.41625,3.21E+08,3659,3659,3675,3660
6.75363,3.21E+08,3659,3659,3675,3660
6.58735,3.21E+08,3659,3659,3675,3660
7.19443,3.21E+08,3659,3659,3675,3660
5.69435,3.21E+08,3659,3659,3675,3660
7.80969,3.21E+08,3659,3659,3675,3660
7.98172,3.21E+08,3659,3659,3675,3660
6.19743,3.21E+08,3659,3659,3675,3660
7.69321,3.21E+08,3659,3659,3675,3660
7.69825,3.21E+08,3659,3659,3675,3660
7.92203,3.21E+08,3659,3659,3675,3660
8.60477,3.21E+08,3659,3659,3676,3660
9.20237,3.21E+08,3660,3660,3676,3660
6.53032,3.21E+08,3660,3660,3676,3661
9.02859,3.21E+08,3660,3660,3676,3661
6.59452,3.21E+08,3660,3660,3676,3661
6.85473,3.21E+08,3660,3660,3676,3661
7.70394,3.21E+08,3660,3660,3676,3661
8.09455,3.21E+08,3660,3660,3676,3661
7.75856,3.21E+08,3660,3660,3676,3661
7.24983,3.21E+08,3660,3660,3676,3661
7.92275,3.21E+08,3660,3660,3676,3661
6.64234,3.21E+08,3660,3661,3676,3661
6.86333,3.21E+08,3661,3661,3676,3661
7.64545,3.21E+08,3661,3661,3676,3661
8.09462,3.21E+08,3661,3661,3676,3661
9.30626,3.21E+08,3661,3661,3676,3661
6.37113,3.21E+08,3661,3661,3677,3661
7.02606,3.21E+08,3661,3661,3677,3661
7.3123,3.21E+08,3661,3661,3677,3661
7.6402,3.21E+08,3661,3661,3677,3661
7.92667,3.21E+08,3661,3661,3677,3662
7.58856,3.21E+08,3661,3661,3677,3662
7.36374,3.21E+08,3661,3661,3677,3662
8.26131,3.21E+08,3661,3661,3677,3662
7.42306,3.21E+08,3661,3661,3677,3662
6.97368,3.21E+08,3661,3661,3677,3662
6.64459,3.21E+08,3661,3661,3677,3662
7.91202,3.21E+08,3661,3661,3677,3662
7.432,3.21E+08,3661,3661,3677,3662
6.85589,3.21E+08,3661,3661,3677,3662
7.75926,3.21E+08,3661,3661,3678,3662
8.7051,3.21E+08,3661,3661,3678,3662
8.04025,3.21E+08,3662,3662,3678,3662
7.36123,3.21E+08,3662,3662,3678,3662
5.19165,3.21E+08,3662,3662,3678,3662
6.80293,3.21E+08,3662,3662,3678,3662
8.37158,3.21E+08,3662,3662,3678,3662
7.36435,3.21E+08,3662,3662,3678,3662
6.92391,3.21E+08,3662,3662,3678,3662
8.20683,3.21E+08,3662,3662,3678,3662
6.63741,3.21E+08,3662,3662,3678,3663
6.9767,3.21E+08,3662,3662,3678,3663
7.41876,3.21E+08,3663,3663,3679,3663
7.14562,3.21E+08,3663,3663,3679,3663
8.0241,3.21E+08,3663,3663,3679,3663
7.37551,3.21E+08,3663,3663,3679,3663
7.46578,3.21E+08,3663,3663,3679,3663
8.2061,3.21E+08,3663,3663,3679,3663
7.59221,3.21E+08,3663,3663,3679,3663
7.75522,3.21E+08,3663,3663,3679,3663
7.4177,3.21E+08,3663,3663,3679,3663
7.37686,3.21E+08,3663,3663,3679,3663
7.53032,3.21E+08,3663,3663,3680,3664
7.14348,3.21E+08,3663,3663,3680,3664
8.19811,3.21E+08,3663,3663,3680,3664
7.98411,3.21E+08,3663,3663,3680,3664
7.86429,3.21E+08,3663,3663,3680,3664
7.98304,3.21E+08,3663,3663,3680,3664
6.91615,3.21E+08,3664,3664,3680,3664
7.4191,3.21E+08,3664,3664,3680,3664
8.2058,3.21E+08,3664,3664,3680,3664
8.31758,3.21E+08,3664,3664,3680,3664
6.58623,3.21E+08,3664,3664,3680,3665
7.86388,3.21E+08,3664,3664,3680,3665
7.36437,3.21E+08,3664,3664,3680,3665
6.75498,3.21E+08,3664,3664,3680,3665
7.81557,3.21E+08,3664,3664,3680,3665
7.7509,3.21E+08,3664,3664,3680,3665
7.20164,3.21E+08,3664,3664,3681,3665
7.08436,3.21E+08,3664,3664,3681,3665
7.03476,3.21E+08,3664,3664,3681,3665
7.74597,3.21E+08,3664,3664,3681,3665
6.92166,3.21E+08,3664,3664,3681,3665
7.48155,3.21E+08,3664,3664,3681,3665
7.37049,3.21E+08,3664,3664,3681,3665
7.41524,3.21E+08,3664,3664,3681,3665
8.14843,3.21E+08,3664,3664,3681,3665
7.9254,3.21E+08,3665,3664,3681,3665
6.52482,3.21E+08,3665,3665,3682,3665
8.70245,3.21E+08,3665,3665,3682,3665
7.035,3.21E+08,3665,3665,3682,3665
7.47205,3.21E+08,3665,3665,3682,3665
7.64966,3.21E+08,3665,3665,3682,3665
7.25886,3.21E+08,3665,3665,3682,3665
7.35987,3.21E+08,3665,3665,3682,3666
8.19816,3.21E+08,3665,3665,3682,3666
7.98672,3.21E+08,3665,3665,3682,3666
7.09161,3.21E+08,3665,3665,3682,3666
7.6928,3.21E+08,3665,3665,3682,3666
9.70756,3.21E+08,3665,3665,3682,3666
7.69839,3.21E+08,3665,3665,3682,3666
8.48433,3.21E+08,3665,3665,3682,3666
8.70978,3.21E+08,3665,3665,3682,3666
7.98233,3.21E+08,3665,3665,3682,3666
8.36034,3.21E+08,3665,3665,3682,3666
8.47528,3.21E+08,3666,3666,3682,3666
6.87493,3.21E+08,3666,3666,3683,3666
7.70491,3.21E+08,3666,3666,3683,3666
6.74292,3.21E+08,3666,3666,3683,3666
8.14758,3.21E+08,3666,3666,3683,3666
8.1456,3.21E+08,3666,3666,3683,3666
7.0352,3.21E+08,3666,3666,3683,3666
7.31103,3.21E+08,3666,3666,3683,3667
7.58974,3.21E+08,3666,3666,3683,3667
9.54196,3.21E+08,3666,3666,3683,3667
8.08907,3.21E+08,3666,3666,3683,3667
6.69866,3.21E+08,3666,3666,3683,3667
8.6434,3.21E+08,3666,3666,3683,3667
7.5869,3.21E+08,3666,3666,3683,3667
7.31389,3.21E+08,3666,3666,3683,3667
7.64704,3.21E+08,3666,3666,3683,3667
8.14956,3.21E+08,3666,3666,3684,3667
7.69233,3.21E+08,3666,3666,3684,3667
5.9174,3.21E+08,3666,3666,3684,3667
6.53081,3.21E+08,3666,3666,3684,3667
8.04043,3.21E+08,3667,3667,3684,3667
8.64335,3.21E+08,3667,3667,3684,3668
7.53596,3.21E+08,3667,3667,3684,3668
8.25223,3.21E+08,3667,3667,3684,3668
7.58765,3.21E+08,3667,3667,3684,3668
7.81009,3.21E+08,3667,3667,3684,3668
6.19556,3.21E+08,3667,3667,3684,3668
6.19221,3.21E+08,3667,3667,3684,3668
7.48024,3.21E+08,3667,3667,3685,3668
5.97394,3.21E+08,3667,3667,3685,3668
7.69818,3.21E+08,3667,3667,3685,3668
6.92153,3.21E+08,3667,3667,3685,3668
6.69367,3.21E+08,3667,3667,3685,3668
5.97118,3.21E+08,3668,3668,3685,3668
8.42489,3.21E+08,3668,3668,3685,3668
6.92156,3.21E+08,3668,3668,3685,3668
7.03363,3.21E+08,3668,3668,3685,3668
8.19963,3.21E+08,3668,3668,3685,3668
7.87184,3.21E+08,3668,3668,3685,3669
7.46848,3.21E+08,3668,3668,3685,3669
9.04056,3.21E+08,3668,3668,3685,3669
6.81009,3.21E+08,3668,3668,3685,3669
8.09422,3.21E+08,3668,3668,3686,3669
7.97652,3.21E+08,3668,3668,3686,3669
7.98394,3.21E+08,3668,3668,3686,3669
7.91363,3.21E+08,3668,3668,3686,3669
7.31727,3.21E+08,3668,3668,3686,3669
6.79892,3.21E+08,3669,3669,3686,3669
8.93858,3.21E+08,3669,3669,3686,3669
7.70015,3.21E+08,3669,3669,3686,3669
7.31343,3.21E+08,3669,3669,3686,3669
9.08754,3.21E+08,3669,3669,3686,3669
7.69927,3.21E+08,3669,3669,3686,3669
8.38034,3.21E+08,3669,3669,3687,3669
8.19463,3.21E+08,3669,3669,3687,3669
8.03775,3.21E+08,3669,3669,3687,3669
7.25287,3.21E+08,3669,3669,3687,3670
8.31208,3.21E+08,3669,3669,3687,3670
7.03122,3.21E+08,3669,3669,3687,3670
7.64917,3.21E+08,3669,3669,3687,3670
6.64333,3.21E+08,3669,3669,3687,3670
8.02674,3.21E+08,3669,3669,3687,3670
8.53999,3.21E+08,3669,3669,3688,3670
7.31286,3.21E+08,3669,3669,3688,3670
7.25139,3.21E+08,3669,3669,3688,3670
7.4239,3.21E+08,3670,3670,3688,3670
7.47914,3.21E+08,3670,3670,3688,3670
7.03095,3.21E+08,3670,3670,3688,3670
7.53486,3.21E+08,3670,3670,3688,3670
8.42338,3.21E+08,3670,3670,3688,3670
7.70537,3.21E+08,3670,3670,3688,3671
7.52814,3.21E+08,3670,3670,3688,3671
8.37515,3.21E+08,3670,3670,3688,3671
7.6405,3.21E+08,3670,3670,3688,3671
8.9869,3.21E+08,3670,3670,3689,3671
6.86055,3.21E+08,3670,3670,3689,3671
7.42371,3.21E+08,3670,3670,3689,3671
7.98351,3.21E+08,3671,3671,3689,3671
6.97183,3.21E+08,3671,3671,3689,3671
8.70848,3.21E+08,3671,3671,3689,3671
7.41673,3.21E+08,3671,3671,3689,3671
6.52629,3.21E+08,3671,3671,3689,3671
8.14942,3.21E+08,3671,3671,3689,3671
8.04052,3.21E+08,3671,3671,3689,3671
7.30715,3.21E+08,3671,3671,3689,3672
6.58251,3.21E+08,3671,3671,3689,3672
7.14654,3.21E+08,3671,3671,3690,3672
9.09239,3.21E+08,3671,3671,3690,3672
8.76408,3.21E+08,3671,3671,3690,3672
7.8558,3.21E+08,3671,3671,3690,3672
8.09748,3.21E+08,3671,3671,3690,3672
5.86119,3.21E+08,3671,3671,3690,3672
8.03705,3.21E+08,3671,3671,3690,3672
6.92436,3.21E+08,3671,3671,3690,3672
7.02711,3.21E+08,3671,3671,3690,3672
7.36192,3.21E+08,3671,3671,3690,3673
7.53557,3.21E+08,3671,3671,3690,3673
6.97341,3.21E+08,3671,3671,3690,3673
9.76155,3.21E+08,3671,3672,3690,3673
7.59288,3.21E+08,3672,3672,3691,3673
7.81657,3.21E+08,3672,3672,3691,3673
7.08268,3.21E+08,3672,3672,3691,3673
8.65215,3.21E+08,3672,3672,3691,3673
6.86115,3.21E+08,3672,3672,3691,3673
8.0328,3.21E+08,3672,3672,3691,3674
8.53793,3.21E+08,3672,3672,3691,3674
7.81642,3.21E+08,3672,3672,3691,3674
6.92405,3.21E+08,3672,3672,3691,3674
8.03012,3.21E+08,3672,3672,3691,3674
7.91108,3.21E+08,3672,3672,3691,3674
6.64379,3.21E+08,3672,3672,3691,3674
6.4263,3.21E+08,3672,3672,3691,3674
7.30715,3.21E+08,3672,3672,3691,3674
8.53695,3.21E+08,3672,3672,3691,3674
6.52731,3.21E+08,3672,3672,3691,3674
7.20294,3.21E+08,3672,3672,3692,3674
8.30667,3.21E+08,3672,3672,3692,3674
8.3683,3.21E+08,3672,3672,3692,3674
6.41541,3.21E+08,3672,3672,3692,3674
7.76097,3.21E+08,3673,3672,3692,3674
7.42048,3.21E+08,3673,3673,3692,3674
7.70199,3.21E+08,3673,3673,3692,3674
7.03467,3.21E+08,3673,3673,3692,3674
7.58376,3.21E+08,3673,3673,3692,3674
7.64922,3.21E+08,3673,3673,3692,3674
7.08462,3.21E+08,3673,3673,3692,3675
7.14622,3.21E+08,3673,3673,3692,3675
7.75283,3.21E+08,3673,3673,3692,3675
8.42312,3.21E+08,3673,3673,3692,3675
7.42387,3.21E+08,3673,3673,3692,3675
7.47689,3.21E+08,3673,3673,3692,3675
7.86812,3.21E+08,3673,3673,3693,3675
7.42001,3.21E+08,3673,3673,3693,3675
7.75321,3.21E+08,3673,3673,3693,3675
7.59438,3.21E+08,3673,3673,3693,3675
8.6516,3.21E+08,3673,3674,3693,3675
6.53276,3.21E+08,3674,3674,3693,3675
7.86386,3.21E+08,3674,3674,3693,3675
7.91342,3.21E+08,3674,3674,3693,3675
7.15259,3.21E+08,3674,3674,3693,3675
8.19128,3.21E+08,3674,3674,3693,3675
7.31974,3.21E+08,3674,3674,3693,3675
6.29695,3.21E+08,3674,3674,3694,3675
7.09571,3.21E+08,3674,3674,3694,3675
8.82049,3.21E+08,3674,3674,3694,3675
6.63771,3.21E+08,3674,3674,3694,3675
7.5226,3.21E+08,3674,3674,3694,3675
7.31891,3.21E+08,3674,3674,3694,3675
8.37467,3.21E+08,3674,3674,3694,3675
9.64913,3.21E+08,3674,3674,3694,3675
7.48218,3.21E+08,3674,3674,3694,3676
7.24871,3.21E+08,3674,3674,3694,3676
7.14018,3.21E+08,3674,3674,3694,3676
6.19652,3.21E+08,3675,3674,3694,3676
6.86036,3.21E+08,3675,3675,3695,3676
8.03836,3.21E+08,3675,3675,3695,3676
7.8688,3.21E+08,3675,3675,3695,3676
7.47636,3.21E+08,3675,3675,3695,3676
7.25138,3.21E+08,3675,3675,3695,3676
8.31754,3.21E+08,3675,3675,3695,3676
7.64798,3.21E+08,3675,3675,3695,3676
7.46639,3.21E+08,3675,3675,3695,3676
7.43205,3.21E+08,3675,3675,3695,3676
7.69522,3.21E+08,3675,3675,3695,3676
7.48214,3.21E+08,3675,3675,3695,3676
7.36257,3.21E+08,3675,3675,3695,3676
6.8638,3.21E+08,3675,3675,3695,3676
6.80749,3.21E+08,3675,3675,3695,3677
7.70581,3.21E+08,3675,3675,3695,3677
7.80834,3.21E+08,3676,3675,3695,3677
6.91716,3.21E+08,3676,3676,3695,3677
7.92808,3.21E+08,3676,3676,3695,3677
8.309,3.21E+08,3676,3676,3695,3677
8.31314,3.21E+08,3676,3676,3695,3677
8.26281,3.21E+08,3676,3676,3696,3677
7.9268,3.21E+08,3676,3676,3696,3677
6.69023,3.21E+08,3676,3676,3696,3677
8.31932,3.21E+08,3676,3676,3696,3677
6.81199,3.21E+08,3676,3676,3696,3677
7.86424,3.21E+08,3676,3676,3696,3677
6.91659,3.21E+08,3676,3676,3696,3677
6.97914,3.21E+08,3676,3676,3696,3677
7.97483,3.21E+08,3676,3676,3696,3677
6.92081,3.21E+08,3676,3676,3696,3677
7.59293,3.21E+08,3676,3676,3696,3678
8.02585,3.21E+08,3676,3676,3696,3678
6.53244,3.21E+08,3676,3676,3696,3678
7.42407,3.21E+08,3676,3676,3697,3678
7.30698,3.21E+08,3676,3676,3697,3678
7.42123,3.21E+08,3676,3676,3697,3678
6.97306,3.21E+08,3676,3676,3697,3678
7.47716,3.21E+08,3677,3677,3697,3678
7.08596,3.21E+08,3677,3677,3697,3678
8.2058,3.21E+08,3677,3677,3697,3678
7.36297,3.21E+08,3677,3677,3697,3678
6.97916,3.21E+08,3677,3677,3697,3678
9.7681,3.21E+08,3677,3677,3697,3678
7.37095,3.21E+08,3677,3677,3697,3678
8.08573,3.21E+08,3677,3677,3697,3678
6.75494,3.21E+08,3677,3677,3697,3678
7.41119,3.21E+08,3677,3677,3697,3678
7.6547,3.21E+08,3677,3677,3697,3678
6.35115,3.21E+08,3677,3677,3698,3678
8.93292,3.21E+08,3677,3677,3698,3679
7.53556,3.21E+08,3677,3677,3698,3679
7.20311,3.21E+08,3677,3677,3698,3679
7.47424,3.21E+08,3677,3677,3698,3679
7.42623,3.21E+08,3678,3678,3698,3679
7.75352,3.21E+08,3678,3678,3698,3679
7.24276,3.21E+08,3678,3678,3698,3679
7.48117,3.21E+08,3678,3678,3698,3679
6.93081,3.21E+08,3678,3678,3698,3679
9.0344,3.21E+08,3678,3678,3698,3679
7.97563,3.21E+08,3678,3678,3698,3679
8.59815,3.21E+08,3678,3678,3698,3679
7.58636,3.21E+08,3678,3678,3698,3679
7.20116,3.21E+08,3679,3679,3698,3679
9.36077,3.21E+08,3679,3679,3698,3679
7.15329,3.21E+08,3679,3679,3698,3679
7.02838,3.21E+08,3679,3679,3699,3680
8.87719,3.21E+08,3679,3679,3699,3680
7.08066,3.21E+08,3679,3679,3699,3680
7.80865,3.21E+08,3679,3679,3699,3680
6.97754,3.21E+08,3679,3679,3699,3680
6.69927,3.21E+08,3679,3679,3699,3680
6.41606,3.21E+08,3679,3679,3699,3680
7.47971,3.21E+08,3679,3679,3699,3680
7.8653,3.21E+08,3679,3679,3699,3680
7.59281,3.21E+08,3679,3679,3699,3680
7.80221,3.21E+08,3679,3679,3699,3680
7.31877,3.21E+08,3679,3679,3699,3680
6.91078,3.21E+08,3679,3679,3699,3680
8.71815,3.21E+08,3679,3679,3699,3680
8.41398,3.21E+08,3679,3680,3699,3680
8.10232,3.21E+08,3680,3680,3699,3680
7.52917,3.21E+08,3680,3680,3699,3680
7.8161,3.21E+08,3680,3680,3700,3680
8.97645,3.21E+08,3680,3680,3700,3681
7.25609,3.21E+08,3680,3680,3700,3681
6.75014,3.21E+08,3680,3680,3700,3681
8.20539,3.21E+08,3680,3680,3700,3681
7.5855,3.21E+08,3680,3680,3700,3681
6.64374,3.21E+08,3680,3680,3700,3681
7.1343,3.21E+08,3680,3680,3700,3681
8.65948,3.21E+08,3680,3680,3700,3681
7.70646,3.21E+08,3680,3680,3700,3681
7.36067,3.21E+08,3680,3680,3700,3681
8.4304,3.21E+08,3680,3680,3700,3681
8.19468,3.21E+08,3681,3681,3700,3681
7.42374,3.21E+08,3681,3681,3700,3681
7.25882,3.21E+08,3681,3681,3700,3681
7.80686,3.21E+08,3681,3681,3700,3681
6.53156,3.21E+08,3681,3681,3700,3681
6.91436,3.21E+08,3681,3681,3700,3681
7.53612,3.21E+08,3681,3681,3700,3681
7.14485,3.21E+08,3681,3681,3700,3681
7.13697,3.21E+08,3681,3681,3700,3681
8.0911,3.21E+08,3681,3681,3700,3681
7.48176,3.21E+08,3681,3681,3700,3682
8.20608,3.21E+08,3681,3681,3700,3682
8.47696,3.21E+08,3681,3681,3700,3682
7.25868,3.21E+08,3682,3682,3700,3682
8.35904,3.21E+08,3682,3682,3701,3682
8.43362,3.21E+08,3682,3682,3701,3682
7.59449,3.21E+08,3682,3682,3701,3682
7.47256,3.21E+08,3682,3682,3701,3682
7.58548,3.21E+08,3682,3682,3701,3682
7.70332,3.21E+08,3682,3682,3701,3682
8.09548,3.21E+08,3682,3682,3701,3682
6.97069,3.21E+08,3682,3682,3701,3682
9.20501,3.21E+08,3682,3682,3701,3682
7.59237,3.21E+08,3682,3682,3701,3682
6.86715,3.21E+08,3682,3682,3702,3682
7.36167,3.21E+08,3682,3682,3702,3682
7.70589,3.21E+08,3682,3682,3702,3682
8.36538,3.21E+08,3682,3682,3702,3682
5.13098,3.21E+08,3682,3682,3702,3682
6.81074,3.21E+08,3683,3683,3702,3682
7.98149,3.21E+08,3683,3683,3702,3682
5.96461,3.21E+08,3683,3683,3703,3683
7.53611,3.21E+08,3683,3683,3703,3683
6.70038,3.21E+08,3683,3683,3703,3683
7.86317,3.21E+08,3683,3683,3703,3683
8.1987,3.21E+08,3683,3683,3703,3683
7.92803,3.21E+08,3683,3683,3703,3683
8.36747,3.21E+08,3683,3683,3703,3683
7.53644,3.21E+08,3683,3683,3703,3683
6.80686,3.21E+08,3683,3683,3704,3683
9.4892,3.21E+08,3683,3683,3704,3683
7.03505,3.21E+08,3683,3683,3704,3683
6.07866,3.21E+08,3683,3683,3704,3683
6.92214,3.21E+08,3683,3683,3704,3684
6.74478,3.21E+08,3683,3683,3704,3684
8.42427,3.21E+08,3683,3683,3704,3684
6.86232,3.21E+08,3683,3683,3704,3684
7.09769,3.21E+08,3683,3683,3704,3684
6.69251,3.21E+08,3683,3683,3704,3684
7.48102,3.21E+08,3683,3683,3704,3684
7.02734,3.21E+08,3683,3683,3704,3684
7.20231,3.21E+08,3684,3684,3704,3684
7.69573,3.21E+08,3684,3684,3704,3684
7.53566,3.21E+08,3684,3684,3704,3684
8.24796,3.21E+08,3684,3684,3704,3684
6.81664,3.21E+08,3684,3684,3704,3684
7.19387,3.21E+08,3684,3684,3704,3684
6.92175,3.21E+08,3684,3684,3704,3684
6.53225,3.21E+08,3684,3684,3705,3684
7.08235,3.21E+08,3684,3684,3705,3684
7.76037,3.21E+08,3684,3684,3705,3684
7.52886,3.21E+08,3684,3684,3705,3685
7.4824,3.21E+08,3684,3684,3705,3685
8.86637,3.21E+08,3685,3685,3705,3685
7.81615,3.21E+08,3685,3685,3705,3685
9.53666,3.21E+08,3685,3685,3705,3685
7.37039,3.21E+08,3685,3685,3705,3685
7.02861,3.21E+08,3685,3685,3705,3685
6.30633,3.21E+08,3685,3685,3706,3685
7.58585,3.21E+08,3685,3685,3706,3685
8.37203,3.21E+08,3685,3685,3706,3685
7.86792,3.21E+08,3685,3685,3706,3685
7.92487,3.21E+08,3685,3685,3706,3685
7.2021,3.21E+08,3685,3685,3706,3685
7.18848,3.21E+08,3685,3685,3706,3685
8.59858,3.21E+08,3686,3686,3706,3685
8.59417,3.21E+08,3686,3686,3706,3685
9.09237,3.21E+08,3686,3686,3706,3685
8.20727,3.21E+08,3686,3686,3706,3685
7.69678,3.21E+08,3686,3686,3707,3686
8.03334,3.21E+08,3686,3686,3707,3686
9.26555,3.21E+08,3686,3686,3707,3686
6.58609,3.21E+08,3686,3686,3707,3686
6.86727,3.21E+08,3686,3686,3707,3686
7.35521,3.21E+08,3686,3686,3707,3686
5.9231,3.21E+08,3686,3686,3707,3686
6.79844,3.21E+08,3686,3686,3707,3686
8.26961,3.21E+08,3686,3686,3707,3686
7.13814,3.21E+08,3686,3686,3707,3686
7.20292,3.21E+08,3686,3686,3707,3686
7.86349,3.21E+08,3686,3686,3707,3686
7.92652,3.21E+08,3686,3686,3708,3686
7.70445,3.21E+08,3686,3686,3708,3686
8.25504,3.21E+08,3686,3687,3708,3686
8.69391,3.21E+08,3687,3687,3708,3686
9.21938,3.21E+08,3687,3687,3708,3686
7.52613,3.21E+08,3687,3687,3708,3686
6.97531,3.21E+08,3687,3687,3708,3686
7.4712,3.21E+08,3687,3687,3708,3687
7.65346,3.21E+08,3687,3687,3708,3687
7.08515,3.21E+08,3687,3687,3708,3687
7.70472,3.21E+08,3687,3687,3708,3687
5.63816,3.21E+08,3687,3687,3708,3687
7.69681,3.21E+08,3687,3687,3708,3687
7.75361,3.21E+08,3687,3687,3709,3687
6.97842,3.21E+08,3687,3687,3709,3687
8.3088,3.21E+08,3687,3687,3709,3687
8.20644,3.21E+08,3687,3687,3709,3687
7.09045,3.21E+08,3687,3687,3709,3687
8.58643,3.21E+08,3687,3687,3709,3687
7.02913,3.21E+08,3687,3687,3709,3687
7.59315,3.21E+08,3688,3688,3709,3687
6.81018,3.21E+08,3688,3688,3709,3687
7.5364,3.21E+08,3688,3688,3709,3687
7.86223,3.21E+08,3688,3688,3709,3687
7.03559,3.21E+08,3688,3688,3709,3687
6.69342,3.21E+08,3688,3688,3709,3687
8.53167,3.21E+08,3688,3688,3709,3687
6.91705,3.21E+08,3688,3688,3710,3688
6.98396,3.21E+08,3688,3688,3710,3688
6.91183,3.21E+08,3688,3688,3710,3688
7.2564,3.21E+08,3688,3688,3710,3688
7.37039,3.21E+08,3688,3688,3710,3688
6.86571,3.21E+08,3688,3688,3710,3688
8.47325,3.21E+08,3688,3688,3710,3688
7.25637,3.21E+08,3688,3688,3710,3688
8.20832,3.21E+08,3688,3688,3710,3688
7.47353,3.21E+08,3689,3689,3710,3689
7.8087,3.21E+08,3689,3689,3710,3689
8.59819,3.21E+08,3689,3689,3710,3689
6.75476,3.21E+08,3689,3689,3710,3689
7.47462,3.21E+08,3689,3689,3711,3689
7.81256,3.21E+08,3689,3689,3711,3689
7.81583,3.21E+08,3689,3689,3711,3689
7.19417,3.21E+08,3689,3689,3711,3689
7.53542,3.21E+08,3689,3689,3711,3689
6.63639,3.21E+08,3689,3689,3711,3689
7.4258,3.21E+08,3689,3689,3711,3689
7.2515,3.21E+08,3689,3689,3711,3689
7.59047,3.21E+08,3689,3689,3711,3690
7.14676,3.21E+08,3689,3689,3711,3690
7.24949,3.21E+08,3689,3690,3711,3690
7.81041,3.21E+08,3690,3690,3711,3690
6.92342,3.21E+08,3690,3690,3711,3690
7.02184,3.21E+08,3690,3690,3712,3690
7.26232,3.21E+08,3690,3690,3712,3690
7.41253,3.21E+08,3690,3690,3712,3690
7.54574,3.21E+08,3690,3690,3712,3690
6.91622,3.21E+08,3690,3690,3712,3690
7.35792,3.21E+08,3690,3690,3712,3690
7.37016,3.21E+08,3690,3690,3712,3690
8.70435,3.21E+08,3690,3690,3712,3690
8.03712,3.21E+08,3690,3690,3712,3691
7.64545,3.21E+08,3690,3690,3712,3691
7.8159,3.21E+08,3690,3690,3712,3691
7.97623,3.21E+08,3690,3690,3713,3691
7.48124,3.21E+08,3690,3690,3713,3691
8.1981,3.21E+08,3691,3690,3713,3691
6.64241,3.21E+08,3691,3691,3713,3691
7.52272,3.21E+08,3691,3691,3713,3691
8.15981,3.21E+08,3691,3691,3713,3691
6.9725,3.21E+08,3691,3691,3713,3691
7.36845,3.21E+08,3691,3691,3713,3691
8.35881,3.21E+08,3691,3691,3713,3691
7.99274,3.21E+08,3691,3691,3713,3691
6.24113,3.21E+08,3691,3691,3713,3692
6.53059,3.21E+08,3691,3691,3713,3692
6.47607,3.21E+08,3691,3691,3713,3692
7.85852,3.21E+08,3691,3691,3713,3692
6.69989,3.21E+08,3692,3692,3713,3692
7.03447,3.21E+08,3692,3692,3713,3692
7.36218,3.21E+08,3692,3692,3713,3692
7.9184,3.21E+08,3692,3692,3714,3692
8.5451,3.21E+08,3692,3692,3714,3692
6.6965,3.21E+08,3692,3692,3714,3692
7.25208,3.21E+08,3692,3692,3714,3692
7.08975,3.21E+08,3692,3692,3714,3692
8.08954,3.21E+08,3692,3692,3714,3693
6.3643,3.21E+08,3692,3692,3714,3693
7.19454,3.21E+08,3692,3692,3714,3693
7.98335,3.21E+08,3692,3692,3714,3693
8.42954,3.21E+08,3692,3692,3714,3693
7.75144,3.21E+08,3692,3692,3714,3693
8.48377,3.21E+08,3692,3692,3714,3693
8.92658,3.21E+08,3692,3692,3714,3693
7.5908,3.21E+08,3692,3692,3714,3693
7.58431,3.21E+08,3693,3693,3714,3693
7.48266,3.21E+08,3693,3693,3715,3693
7.13298,3.21E+08,3693,3693,3715,3693
9.38634,3.21E+08,3693,3693,3715,3693
7.58641,3.21E+08,3693,3693,3715,3693
7.3063,3.21E+08,3693,3693,3715,3694
8.03703,3.21E+08,3693,3693,3715,3694
7.20172,3.21E+08,3694,3694,3715,3694
7.8679,3.21E+08,3694,3694,3715,3694
8.3728,3.21E+08,3694,3694,3715,3694
6.69181,3.21E+08,3694,3694,3715,3694
7.08615,3.21E+08,3694,3694,3715,3694
6.19476,3.21E+08,3694,3694,3715,3694
7.08871,3.21E+08,3694,3694,3716,3694
7.75236,3.21E+08,3694,3694,3716,3694
7.70528,3.21E+08,3694,3694,3716,3694
7.8724,3.21E+08,3694,3694,3716,3694
8.30197,3.21E+08,3694,3694,3716,3694
7.7036,3.21E+08,3694,3694,3716,3694
7.87096,3.21E+08,3694,3694,3716,3694
7.92254,3.21E+08,3694,3694,3716,3695
7.98066,3.21E+08,3694,3694,3716,3695
6.6998,3.21E+08,3694,3694,3716,3695
6.9639,3.21E+08,3695,3694,3716,3695
7.76728,3.21E+08,3695,3695,3716,3695
7.69726,3.21E+08,3695,3695,3716,3695
7.9762,3.21E+08,3695,3695,3716,3695
7.87302,3.21E+08,3695,3695,3716,3695
7.02851,3.21E+08,3695,3695,3716,3695
8.43084,3.21E+08,3695,3695,3717,3695
8.19535,3.21E+08,3695,3695,3717,3695
7.48246,3.21E+08,3695,3695,3717,3695
7.53505,3.21E+08,3695,3695,3717,3695
7.58472,3.21E+08,3695,3695,3717,3695
8.15118,3.21E+08,3695,3695,3717,3696
8.30677,3.21E+08,3695,3695,3717,3696
7.59482,3.21E+08,3695,3695,3717,3696
7.92764,3.21E+08,3695,3695,3717,3696
7.5782,3.21E+08,3695,3695,3717,3696
7.42261,3.21E+08,3696,3696,3717,3696
7.97894,3.21E+08,3696,3696,3717,3696
8.42994,3.21E+08,3696,3696,3717,3696
7.81648,3.21E+08,3696,3696,3717,3696
7.7529,3.21E+08,3696,3696,3717,3696
8.59675,3.21E+08,3696,3696,3717,3696
6.74909,3.21E+08,3696,3696,3717,3696
6.97362,3.21E+08,3696,3696,3717,3696
7.58828,3.21E+08,3696,3696,3717,3696
8.09445,3.21E+08,3696,3696,3717,3697
7.58536,3.21E+08,3696,3696,3717,3697
8.82211,3.21E+08,3696,3696,3717,3697
8.59869,3.21E+08,3696,3696,3718,3697
8.03115,3.21E+08,3696,3696,3718,3697
7.42335,3.21E+08,3697,3697,3718,3697
7.91986,3.21E+08,3697,3697,3718,3697
7.08466,3.21E+08,3697,3697,3718,3697
7.70179,3.21E+08,3697,3697,3718,3697
7.36784,3.21E+08,3697,3697,3718,3697
7.70487,3.21E+08,3697,3697,3718,3697
7.52361,3.21E+08,3697,3697,3718,3697
7.42397,3.21E+08,3697,3697,3719,3697
7.42419,3.21E+08,3697,3697,3719,3698
8.09518,3.21E+08,3697,3697,3719,3698
8.97898,3.21E+08,3698,3698,3719,3698
8.03612,3.21E+08,3698,3698,3719,3698
8.03932,3.21E+08,3698,3698,3719,3698
6.96953,3.21E+08,3698,3698,3719,3698
8.59461,3.21E+08,3698,3698,3719,3698
7.30772,3.21E+08,3698,3698,3719,3698
6.58639,3.21E+08,3698,3698,3719,3698
6.86819,3.21E+08,3698,3698,3719,3698
7.30551,3.21E+08,3698,3698,3719,3698
8.37263,3.21E+08,3698,3698,3719,3698
7.19938,3.21E+08,3698,3698,3719,3698
6.80167,3.21E+08,3698,3698,3719,3699
7.70536,3.21E+08,3698,3698,3719,3699
7.87148,3.21E+08,3699,3699,3719,3699
7.47373,3.21E+08,3699,3699,3719,3699
7.8725,3.21E+08,3699,3699,3719,3699
8.64424,3.21E+08,3699,3699,3719,3699
8.42896,3.21E+08,3699,3699,3720,3699
7.69658,3.21E+08,3699,3699,3720,3700
8.03658,3.21E+08,3699,3699,3720,3700
7.92455,3.21E+08,3699,3699,3720,3700
8.19565,3.21E+08,3699,3699,3720,3700
6.87468,3.21E+08,3700,3700,3720,3700
5.35375,3.21E+08,3700,3700,3720,3700
8.74561,3.21E+08,3700,3700,3720,3700
8.27184,3.21E+08,3700,3700,3720,3700
6.75541,3.21E+08,3700,3700,3720,3700
7.85783,3.21E+08,3700,3700,3720,3700
9.26699,3.21E+08,3700,3700,3720,3700
8.48367,3.21E+08,3700,3700,3720,3700
7.75451,3.21E+08,3700,3700,3720,3701
7.47956,3.21E+08,3700,3700,3720,3701
7.14027,3.21E+08,3700,3700,3720,3701
7.20117,3.21E+08,3700,3700,3720,3701
6.97885,3.21E+08,3700,3700,3720,3701
8.19989,3.21E+08,3700,3700,3721,3701
7.24706,3.21E+08,3701,3701,3721,3701
7.144,3.21E+08,3701,3701,3721,3701
8.1494,3.21E+08,3701,3701,3721,3701
6.92345,3.21E+08,3701,3701,3721,3701
6.97017,3.21E+08,3701,3701,3721,3701
7.97915,3.21E+08,3701,3701,3721,3701
7.25723,3.21E+08,3701,3701,3721,3701
7.47876,3.21E+08,3701,3701,3721,3701
7.6425,3.21E+08,3701,3701,3721,3701
7.87084,3.21E+08,3701,3701,3721,3701
6.85956,3.21E+08,3701,3701,3721,3702
6.36476,3.21E+08,3701,3701,3721,3702
7.25187,3.21E+08,3701,3701,3721,3702
6.53196,3.21E+08,3701,3701,3721,3702
7.13779,3.21E+08,3701,3701,3721,3702
7.36377,3.21E+08,3701,3701,3722,3702
7.4263,3.21E+08,3701,3701,3722,3702
7.0322,3.21E+08,3701,3701,3722,3703
7.47317,3.21E+08,3702,3702,3722,3703
7.58951,3.21E+08,3702,3702,3722,3703
7.08639,3.21E+08,3702,3702,3722,3703
7.59014,3.21E+08,3702,3702,3722,3703
7.64361,3.21E+08,3702,3702,3722,3703
7.47967,3.21E+08,3702,3702,3722,3703
6.86807,3.21E+08,3702,3702,3722,3703
6.97223,3.21E+08,3702,3702,3722,3703
7.63848,3.21E+08,3702,3702,3722,3703
6.08572,3.21E+08,3702,3702,3722,3703
6.19457,3.21E+08,3702,3702,3722,3704
7.81701,3.21E+08,3702,3702,3722,3704
7.47167,3.21E+08,3702,3702,3722,3704
7.58685,3.21E+08,3703,3703,3722,3704
7.75912,3.21E+08,3703,3703,3723,3704
8.65003,3.21E+08,3703,3703,3723,3704
7.64209,3.21E+08,3703,3703,3723,3704
7.37002,3.21E+08,3703,3703,3723,3704
6.9149,3.21E+08,3703,3703,3723,3704
6.75442,3.21E+08,3703,3703,3723,3704
7.76002,3.21E+08,3703,3703,3723,3704
6.46962,3.21E+08,3703,3703,3723,3704
7.59235,3.21E+08,3703,3703,3723,3705
7.47383,3.21E+08,3703,3703,3724,3705
8.04014,3.21E+08,3703,3703,3724,3705
7.8068,3.21E+08,3704,3704,3724,3705
8.36962,3.21E+08,3704,3704,3724,3705
6.58667,3.21E+08,3704,3704,3724,3705
7.36153,3.21E+08,3704,3704,3724,3705
8.59773,3.21E+08,3704,3704,3724,3705
7.70522,3.21E+08,3704,3704,3724,3706
5.57726,3.21E+08,3704,3704,3724,3706
6.91597,3.21E+08,3704,3704,3724,3706
7.4174,3.21E+08,3704,3704,3724,3706
8.32687,3.21E+08,3704,3704,3725,3706
7.9742,3.21E+08,3704,3704,3725,3706
6.86755,3.21E+08,3705,3705,3725,3706
7.5846,3.21E+08,3705,3705,3725,3706
7.3147,3.21E+08,3705,3705,3725,3706
8.13969,3.21E+08,3705,3705,3725,3706
8.03984,3.21E+08,3705,3705,3725,3706
7.36094,3.21E+08,3705,3705,3725,3706
6.30987,3.21E+08,3705,3705,3725,3706
7.30472,3.21E+08,3705,3705,3725,3706
7.92815,3.21E+08,3705,3705,3725,3706
7.3608,3.21E+08,3705,3705,3725,3706
7.70427,3.21E+08,3705,3705,3726,3706
7.64685,3.21E+08,3705,3705,3726,3706
7.96988,3.21E+08,3705,3705,3726,3707
7.8221,3.21E+08,3705,3705,3726,3707
9.14846,3.21E+08,3705,3705,3726,3707
9.04534,3.21E+08,3705,3705,3726,3707
8.24703,3.21E+08,3706,3706,3726,3707
6.47744,3.21E+08,3706,3706,3726,3707
7.47763,3.21E+08,3706,3706,3726,3707
7.64721,3.21E+08,3706,3706,3726,3707
7.41351,3.21E+08,3706,3706,3726,3707
7.03688,3.21E+08,3706,3706,3726,3707
9.43516,3.21E+08,3706,3706,3726,3707
8.53528,3.21E+08,3706,3706,3727,3707
6.85374,3.21E+08,3706,3706,3727,3707
7.87662,3.21E+08,3707,3707,3727,3707
7.30893,3.21E+08,3707,3707,3727,3707
7.31441,3.21E+08,3707,3707,3727,3707
7.52801,3.21E+08,3707,3707,3727,3708
7.92896,3.21E+08,3707,3707,3727,3708
7.25137,3.21E+08,3707,3707,3727,3708
8.26103,3.21E+08,3707,3707,3727,3708
7.18862,3.21E+08,3707,3707,3727,3708
7.37396,3.21E+08,3707,3707,3727,3708
6.64155,3.21E+08,3707,3707,3727,3708
7.30315,3.21E+08,3707,3707,3727,3708
8.36844,3.21E+08,3707,3707,3727,3708
7.93527,3.21E+08,3708,3708,3728,3708
9.02635,3.21E+08,3708,3708,3728,3708
8.38305,3.21E+08,3708,3708,3728,3708
6.74348,3.21E+08,3708,3708,3728,3708
7.13975,3.21E+08,3708,3708,3728,3708
7.26519,3.21E+08,3708,3708,3728,3708
7.13839,3.21E+08,3708,3708,3728,3708
7.14728,3.21E+08,3708,3708,3728,3708
7.80884,3.21E+08,3708,3708,3728,3708
8.81271,3.21E+08,3708,3708,3728,3708
7.81309,3.21E+08,3708,3708,3728,3708
7.13943,3.21E+08,3708,3708,3729,3708
7.86553,3.21E+08,3708,3708,3729,3708
8.3817,3.21E+08,3708,3708,3729,3709
6.35854,3.21E+08,3708,3708,3729,3709
8.43099,3.21E+08,3708,3709,3729,3709
8.70013,3.21E+08,3709,3709,3729,3709
8.36776,3.21E+08,3709,3709,3729,3709
8.31703,3.21E+08,3709,3709,3729,3709
7.03441,3.21E+08,3709,3709,3729,3709
6.69317,3.21E+08,3709,3709,3729,3709
8.42544,3.21E+08,3709,3709,3729,3709
8.75957,3.21E+08,3709,3709,3729,3709
7.0906,3.21E+08,3709,3709,3729,3709
7.74563,3.21E+08,3709,3709,3730,3709
8.71731,3.21E+08,3709,3709,3730,3709
8.47873,3.21E+08,3709,3709,3730,3709
9.37067,3.21E+08,3709,3709,3730,3709
7.81296,3.21E+08,3709,3709,3730,3710
8.03456,3.21E+08,3709,3709,3730,3710
8.37252,3.21E+08,3709,3709,3730,3710
6.86635,3.21E+08,3709,3709,3730,3710
7.58395,3.21E+08,3709,3709,3730,3710
7.64871,3.21E+08,3709,3709,3730,3710
7.98361,3.21E+08,3709,3709,3731,3710
8.14362,3.21E+08,3709,3709,3731,3710
7.1376,3.21E+08,3709,3709,3731,3710
7.92724,3.21E+08,3709,3709,3731,3710
7.98255,3.21E+08,3709,3709,3731,3710
7.07763,3.21E+08,3709,3709,3731,3710
7.15171,3.21E+08,3709,3709,3731,3711
7.30474,3.21E+08,3709,3710,3731,3711
7.37042,3.21E+08,3710,3710,3731,3711
7.2483,3.21E+08,3710,3710,3731,3711
7.53527,3.21E+08,3710,3710,3731,3711
7.81045,3.21E+08,3710,3710,3731,3711
7.08862,3.21E+08,3710,3710,3731,3711
7.25221,3.21E+08,3710,3710,3731,3711
5.86283,3.21E+08,3710,3710,3731,3711
7.25806,3.21E+08,3710,3710,3732,3711
8.19948,3.21E+08,3710,3710,3732,3711
9.70403,3.21E+08,3710,3710,3732,3711
7.37002,3.21E+08,3710,3710,3732,3711
8.30309,3.21E+08,3710,3710,3732,3711
7.99188,3.21E+08,3710,3710,3732,3712
8.03082,3.21E+08,3710,3710,3732,3712
7.37021,3.21E+08,3711,3711,3732,3712
8.58872,3.21E+08,3711,3711,3732,3712
6.97966,3.21E+08,3711,3711,3732,3712
7.97732,3.21E+08,3711,3711,3732,3712
6.46924,3.21E+08,3711,3711,3733,3712
6.64359,3.21E+08,3711,3711,3733,3712
8.69729,3.21E+08,3711,3711,3733,3712
7.19813,3.21E+08,3711,3711,3733,3712
8.47963,3.21E+08,3711,3711,3733,3712
9.27407,3.21E+08,3711,3711,3733,3712
7.69572,3.21E+08,3711,3711,3733,3712
7.98359,3.21E+08,3711,3711,3733,3713
8.26395,3.21E+08,3712,3712,3733,3713
7.74615,3.21E+08,3712,3712,3733,3713
8.65053,3.21E+08,3712,3712,3733,3713
7.64949,3.21E+08,3712,3712,3733,3713
6.8565,3.21E+08,3712,3712,3733,3713
6.97634,3.21E+08,3712,3712,3733,3713
7.70273,3.21E+08,3712,3712,3733,3713
6.36551,3.21E+08,3712,3712,3733,3713
6.41277,3.21E+08,3712,3712,3733,3713
8.87761,3.21E+08,3712,3712,3733,3713
8.2466,3.21E+08,3713,3713,3733,3713
6.70762,3.21E+08,3713,3713,3734,3713
7.02631,3.21E+08,3713,3713,3734,3713
6.6957,3.21E+08,3713,3713,3734,3713
5.85736,3.21E+08,3713,3713,3734,3713
8.0327,3.21E+08,3713,3713,3734,3713
7.04111,3.21E+08,3713,3713,3734,3713
8.41296,3.21E+08,3713,3713,3734,3713
7.43053,3.21E+08,3713,3713,3734,3713
7.19044,3.21E+08,3713,3713,3734,3713
7.98666,3.21E+08,3713,3713,3734,3714
7.98093,3.21E+08,3714,3714,3734,3714
7.30069,3.21E+08,3714,3714,3734,3714
8.4943,3.21E+08,3714,3714,3734,3714
6.9153,3.21E+08,3714,3714,3734,3714
7.58577,3.21E+08,3714,3714,3734,3714
6.24805,3.21E+08,3714,3714,3735,3714
6.36976,3.21E+08,3714,3714,3735,3714
8.42194,3.21E+08,3714,3714,3735,3714
6.75309,3.21E+08,3714,3714,3735,3714
7.25558,3.21E+08,3714,3714,3735,3714
6.69327,3.21E+08,3714,3714,3735,3714
6.35919,3.21E+08,3714,3714,3735,3714
7.53171,3.21E+08,3714,3714,3735,3714
7.59,3.21E+08,3715,3715,3735,3714
7.0354,3.21E+08,3715,3715,3735,3715
9.82476,3.21E+08,3715,3715,3735,3715
7.41253,3.21E+08,3715,3715,3735,3715
8.65231,3.21E+08,3715,3715,3736,3715
6.4215,3.21E+08,3715,3715,3736,3715
7.41546,3.21E+08,3715,3715,3736,3715
6.63857,3.21E+08,3715,3716,3736,3715
6.92033,3.21E+08,3716,3716,3736,3715
7.87317,3.21E+08,3716,3716,3736,3715
6.63841,3.21E+08,3716,3716,3736,3715
6.5263,3.21E+08,3716,3716,3737,3715
7.87326,3.21E+08,3716,3716,3737,3715
7.53599,3.21E+08,3716,3716,3737,3716
7.80654,3.21E+08,3716,3716,3737,3716
7.69921,3.21E+08,3716,3716,3737,3716
8.48376,3.21E+08,3716,3716,3737,3716
7.09078,3.21E+08,3716,3716,3737,3716
8.19825,3.21E+08,3716,3716,3737,3716
9.15645,3.21E+08,3716,3716,3738,3716
6.91481,3.21E+08,3716,3716,3738,3716
7.81095,3.21E+08,3717,3717,3738,3716
8.14944,3.21E+08,3717,3717,3738,3716
5.74961,3.21E+08,3717,3717,3738,3716
8.36516,3.21E+08,3717,3717,3738,3716
6.14192,3.21E+08,3717,3717,3738,3716
7.14392,3.21E+08,3717,3717,3739,3716
8.41577,3.21E+08,3717,3717,3739,3717
6.8727,3.21E+08,3717,3717,3739,3717
7.08433,3.21E+08,3717,3717,3739,3717
6.9786,3.21E+08,3717,3717,3739,3717
7.5861,3.21E+08,3717,3717,3739,3717
8.30928,3.21E+08,3717,3717,3739,3717
8.54276,3.21E+08,3717,3717,3739,3717
7.3577,3.21E+08,3717,3717,3739,3717
7.76684,3.21E+08,3717,3717,3740,3717
6.97256,3.21E+08,3717,3717,3740,3717
6.86762,3.21E+08,3717,3717,3740,3717
8.25245,3.21E+08,3717,3717,3740,3717
7.87176,3.21E+08,3718,3718,3740,3718
6.5797,3.21E+08,3718,3718,3740,3718
7.0857,3.21E+08,3718,3718,3740,3718
6.75288,3.21E+08,3718,3718,3740,3718
7.03505,3.21E+08,3718,3718,3741,3718
7.47307,3.21E+08,3718,3718,3741,3718
7.2524,3.21E+08,3718,3718,3741,3718
7.48091,3.21E+08,3718,3718,3741,3718
7.70449,3.21E+08,3718,3718,3741,3718
9.59307,3.21E+08,3718,3718,3741,3718
7.25256,3.21E+08,3718,3718,3741,3718
7.42384,3.21E+08,3718,3718,3741,3718
7.41915,3.21E+08,3718,3718,3741,3718
6.97098,3.21E+08,3718,3718,3741,3718
7.81707,3.21E+08,3718,3718,3741,3718
7.9262,3.21E+08,3718,3718,3741,3719
7.53161,3.21E+08,3718,3718,3741,3719
6.30519,3.21E+08,3718,3718,3741,3719
8.09464,3.21E+08,3718,3719,3741,3719
7.5801,3.21E+08,3719,3719,3741,3719
7.82351,3.21E+08,3719,3719,3741,3719
7.02825,3.21E+08,3719,3719,3742,3719
9.25091,3.21E+08,3719,3719,3742,3719
7.32059,3.21E+08,3719,3719,3742,3719
7.8019,3.21E+08,3719,3719,3742,3719
6.97954,3.21E+08,3719,3719,3742,3719
7.92333,3.21E+08,3719,3719,3742,3719
7.75455,3.21E+08,3719,3719,3742,3719
8.31182,3.21E+08,3719,3719,3742,3719
6.37264,3.21E+08,3720,3720,3743,3719
7.08064,3.21E+08,3720,3720,3743,3719
8.15046,3.21E+08,3720,3720,3743,3719
9.25181,3.21E+08,3720,3720,3743,3720
8.38396,3.21E+08,3720,3720,3743,3720
7.9209,3.21E+08,3720,3720,3743,3720
7.4104,3.21E+08,3720,3720,3743,3720
7.76808,3.21E+08,3720,3720,3743,3720
6.35805,3.21E+08,3720,3720,3744,3720
8.03832,3.21E+08,3720,3720,3744,3720
8.5324,3.21E+08,3720,3720,3744,3720
7.98489,3.21E+08,3720,3720,3744,3720
7.41066,3.21E+08,3720,3720,3744,3720
7.26063,3.21E+08,3720,3720,3744,3720
8.04066,3.21E+08,3721,3721,3745,3720
8.69463,3.21E+08,3721,3721,3745,3720
6.98431,3.21E+08,3721,3721,3745,3720
8.47787,3.21E+08,3721,3721,3745,3720
7.42651,3.21E+08,3721,3721,3745,3720
8.02468,3.21E+08,3721,3721,3746,3721
7.53236,3.21E+08,3721,3721,3746,3721
7.64313,3.21E+08,3721,3721,3746,3721
7.48364,3.21E+08,3721,3721,3746,3721
9.6021,3.21E+08,3721,3721,3746,3721
7.36283,3.21E+08,3722,3722,3746,3721
8.93082,3.21E+08,3722,3722,3746,3721
7.64102,3.21E+08,3722,3722,3746,3721
8.3126,3.21E+08,3722,3722,3747,3721
7.76095,3.21E+08,3722,3722,3747,3721
8.65192,3.21E+08,3722,3722,3747,3721
7.14017,3.21E+08,3722,3722,3747,3721
5.91811,3.21E+08,3722,3722,3747,3721
9.034,3.21E+08,3722,3722,3747,3721
7.03446,3.21E+08,3722,3722,3747,3721
7.19346,3.21E+08,3722,3722,3747,3721
7.64221,3.21E+08,3722,3722,3747,3721
5.91792,3.21E+08,3722,3722,3747,3721
7.25189,3.21E+08,3722,3722,3747,3721
7.8079,3.21E+08,3722,3722,3747,3722
7.43207,3.21E+08,3723,3723,3747,3722
7.41639,3.21E+08,3723,3723,3747,3722
6.97507,3.21E+08,3723,3723,3747,3722
7.8145,3.21E+08,3723,3723,3747,3722
6.41949,3.21E+08,3723,3723,3748,3722
7.52737,3.21E+08,3723,3723,3748,3722
7.25948,3.21E+08,3723,3723,3748,3722
6.46616,3.21E+08,3723,3723,3748,3722
6.80958,3.21E+08,3723,3723,3748,3722
7.2559,3.21E+08,3723,3723,3748,3722
6.19637,3.21E+08,3723,3723,3748,3722
6.85935,3.21E+08,3724,3724,3748,3722
7.03567,3.21E+08,3724,3724,3749,3722
6.8029,3.21E+08,3724,3724,3749,3723
7.08632,3.21E+08,3724,3724,3749,3723
6.91903,3.21E+08,3724,3724,3749,3723
7.37062,3.21E+08,3724,3724,3749,3723
7.97668,3.21E+08,3724,3724,3749,3723
7.1456,3.21E+08,3724,3724,3749,3723
8.70169,3.21E+08,3724,3724,3749,3723
7.80911,3.21E+08,3724,3724,3749,3723
6.47349,3.21E+08,3724,3724,3749,3723
7.69941,3.21E+08,3724,3724,3749,3724
7.31081,3.21E+08,3725,3725,3749,3724
8.15004,3.21E+08,3725,3725,3749,3724
7.58867,3.21E+08,3725,3725,3749,3724
7.42071,3.21E+08,3725,3725,3749,3724
8.14483,3.21E+08,3725,3725,3750,3724
8.26273,3.21E+08,3725,3725,3750,3724
7.92463,3.21E+08,3725,3725,3750,3724
7.58627,3.21E+08,3725,3725,3750,3724
8.98934,3.21E+08,3725,3725,3750,3724
7.19561,3.21E+08,3725,3725,3750,3724
7.48077,3.21E+08,3725,3725,3750,3724
7.19556,3.21E+08,3726,3726,3750,3724
7.70445,3.21E+08,3726,3726,3750,3724
6.91371,3.21E+08,3726,3726,3750,3724
7.14172,3.21E+08,3726,3726,3751,3724
8.03906,3.21E+08,3726,3726,3751,3724
9.14871,3.21E+08,3727,3727,3751,3725
8.70873,3.21E+08,3727,3727,3751,3725
8.20632,3.21E+08,3727,3727,3751,3725
8.1418,3.21E+08,3727,3727,3751,3725
7.31322,3.21E+08,3727,3727,3751,3725
7.63662,3.21E+08,3727,3727,3751,3725
9.93357,3.21E+08,3727,3727,3751,3725
8.48132,3.21E+08,3727,3727,3751,3725
8.53888,3.21E+08,3727,3727,3751,3725
8.65101,3.21E+08,3727,3727,3752,3725
6.64087,3.21E+08,3727,3727,3752,3725
8.54063,3.21E+08,3728,3728,3752,3725
8.75722,3.21E+08,3728,3728,3752,3725
6.86757,3.21E+08,3728,3728,3752,3725
7.5857,3.21E+08,3728,3728,3752,3725
7.42605,3.21E+08,3728,3728,3752,3725
7.96671,3.21E+08,3728,3728,3752,3725
8.66273,3.21E+08,3728,3728,3752,3725
6.13481,3.21E+08,3728,3728,3753,3726
7.984,3.21E+08,3728,3728,3753,3726
7.80926,3.21E+08,3728,3728,3753,3726
6.80956,3.21E+08,3728,3728,3753,3726
7.18963,3.21E+08,3728,3728,3753,3726
7.31953,3.21E+08,3728,3728,3753,3726
6.9719,3.21E+08,3728,3728,3753,3726
7.20044,3.21E+08,3728,3728,3753,3726
7.02208,3.21E+08,3729,3729,3753,3726
6.20016,3.21E+08,3729,3729,3753,3726
7.98039,3.21E+08,3729,3729,3753,3726
8.03697,3.21E+08,3729,3729,3754,3726
7.86475,3.21E+08,3729,3729,3754,3726
7.64215,3.21E+08,3729,3729,3754,3726
7.87232,3.21E+08,3729,3729,3754,3726
8.37378,3.21E+08,3729,3729,3754,3726
6.46999,3.21E+08,3729,3729,3754,3726
6.80877,3.21E+08,3729,3729,3754,3726
6.52593,3.21E+08,3729,3729,3754,3726
7.53063,3.21E+08,3729,3729,3754,3726
7.36671,3.21E+08,3729,3729,3754,3726
7.37032,3.21E+08,3729,3729,3754,3727
8.69208,3.21E+08,3729,3729,3754,3727
8.2145,3.21E+08,3729,3729,3754,3727
8.58947,3.21E+08,3730,3730,3754,3727
6.97959,3.21E+08,3730,3730,3755,3727
7.52735,3.21E+08,3730,3730,3755,3727
7.92835,3.21E+08,3730,3730,3755,3727
7.75834,3.21E+08,3730,3730,3755,3727
7.36329,3.21E+08,3730,3730,3755,3727
8.26338,3.21E+08,3730,3730,3755,3727
7.08025,3.21E+08,3730,3730,3755,3727
5.80725,3.21E+08,3731,3731,3755,3727
6.9656,3.21E+08,3731,3731,3755,3727
7.59128,3.21E+08,3731,3731,3755,3727
7.48088,3.21E+08,3731,3731,3755,3727
9.15577,3.21E+08,3731,3731,3756,3727
7.30502,3.21E+08,3731,3731,3756,3728
8.08879,3.21E+08,3731,3731,3756,3728
7.25781,3.21E+08,3731,3731,3756,3728
6.63792,3.21E+08,3732,3732,3756,3728
7.81268,3.21E+08,3732,3732,3756,3728
7.42112,3.21E+08,3732,3732,3756,3728
8.54261,3.21E+08,3732,3732,3756,3728
7.98165,3.21E+08,3732,3732,3756,3728
6.80452,3.21E+08,3732,3732,3756,3728
7.31142,3.21E+08,3732,3732,3756,3728
6.701,3.21E+08,3732,3732,3756,3728
7.46896,3.21E+08,3732,3732,3756,3728
7.42117,3.21E+08,3732,3732,3756,3728
6.75035,3.21E+08,3732,3732,3756,3728
6.19553,3.21E+08,3732,3732,3756,3729
8.54077,3.21E+08,3732,3732,3756,3729
8.0956,3.21E+08,3732,3732,3756,3729
7.35599,3.21E+08,3732,3732,3756,3729
6.47363,3.21E+08,3732,3732,3757,3729
8.76636,3.21E+08,3732,3732,3757,3729
8.1491,3.21E+08,3732,3732,3757,3729
8.69344,3.21E+08,3732,3732,3757,3729
6.97853,3.21E+08,3732,3732,3757,3729
8.09533,3.21E+08,3732,3732,3757,3729
7.537,3.21E+08,3732,3732,3757,3729
7.08328,3.21E+08,3733,3733,3757,3730
8.93033,3.21E+08,3733,3733,3757,3730
7.69815,3.21E+08,3733,3733,3757,3730
8.20201,3.21E+08,3733,3733,3757,3730
7.58871,3.21E+08,3733,3733,3758,3730
7.76036,3.21E+08,3733,3733,3758,3730
7.47431,3.21E+08,3733,3733,3758,3730
8.54234,3.21E+08,3733,3733,3758,3731
8.30933,3.21E+08,3733,3733,3758,3731
7.09141,3.21E+08,3733,3733,3758,3731
6.40821,3.21E+08,3733,3733,3758,3731
8.38103,3.21E+08,3733,3733,3758,3731
7.30752,3.21E+08,3733,3733,3758,3731
7.7533,3.21E+08,3733,3733,3758,3731
8.19816,3.21E+08,3733,3733,3758,3732
8.76716,3.21E+08,3733,3733,3759,3732
7.14011,3.21E+08,3733,3733,3759,3732
9.54608,3.21E+08,3734,3734,3759,3732
8.36565,3.21E+08,3734,3734,3759,3732
7.70402,3.21E+08,3734,3734,3759,3732
7.53014,3.21E+08,3734,3734,3759,3732
8.09374,3.21E+08,3734,3734,3759,3732
6.97917,3.21E+08,3734,3734,3759,3732
6.85807,3.21E+08,3734,3734,3759,3732
7.86634,3.21E+08,3735,3735,3759,3732
7.25718,3.21E+08,3735,3735,3759,3732
7.92851,3.21E+08,3735,3735,3759,3732
8.41941,3.21E+08,3735,3735,3760,3732
8.87831,3.21E+08,3735,3735,3760,3732
6.47741,3.21E+08,3735,3735,3760,3733
6.19048,3.21E+08,3735,3735,3760,3733
5.96316,3.21E+08,3735,3735,3760,3733
6.92756,3.21E+08,3735,3735,3760,3733
7.87176,3.21E+08,3735,3735,3760,3733
7.41749,3.21E+08,3735,3735,3760,3733
8.31703,3.21E+08,3735,3735,3760,3733
7.69766,3.21E+08,3735,3735,3760,3733
7.92688,3.21E+08,3735,3735,3760,3733
8.75734,3.21E+08,3736,3736,3760,3734
7.36805,3.21E+08,3736,3736,3760,3734
7.02686,3.21E+08,3736,3736,3761,3734
7.58496,3.21E+08,3736,3736,3761,3734
7.53674,3.21E+08,3736,3736,3761,3734
6.92355,3.21E+08,3736,3736,3761,3734
7.30508,3.21E+08,3736,3736,3761,3734
7.53406,3.21E+08,3736,3736,3761,3734
7.81321,3.21E+08,3736,3736,3761,3734
8.43117,3.21E+08,3736,3736,3761,3734
8.25273,3.21E+08,3736,3736,3761,3735
7.81734,3.21E+08,3737,3737,3761,3735
7.18885,3.21E+08,3737,3737,3761,3735
7.43072,3.21E+08,3737,3737,3761,3735
7.97682,3.21E+08,3737,3737,3761,3735
8.82213,3.21E+08,3737,3737,3761,3735
8.1962,3.21E+08,3737,3737,3762,3735
7.53097,3.21E+08,3737,3737,3762,3735
7.25712,3.21E+08,3737,3737,3762,3735
7.9229,3.21E+08,3737,3737,3762,3735
9.03599,3.21E+08,3737,3737,3762,3735
8.37347,3.21E+08,3737,3737,3762,3735
7.47933,3.21E+08,3737,3737,3762,3735
7.30652,3.21E+08,3737,3737,3762,3735
6.64368,3.21E+08,3737,3737,3763,3735
6.97858,3.21E+08,3738,3738,3763,3735
7.64053,3.21E+08,3738,3738,3763,3735
7.98276,3.21E+08,3738,3738,3763,3735
8.07969,3.21E+08,3738,3738,3763,3736
7.09728,3.21E+08,3738,3738,3763,3736
6.63673,3.21E+08,3738,3738,3763,3736
6.309,3.21E+08,3738,3738,3763,3736
6.23949,3.21E+08,3738,3738,3763,3736
7.21037,3.21E+08,3738,3738,3763,3736
7.97623,3.21E+08,3738,3738,3763,3736
7.47545,3.21E+08,3738,3738,3764,3736
8.26062,3.21E+08,3738,3738,3764,3736
7.64967,3.21E+08,3738,3738,3764,3736
7.41267,3.21E+08,3738,3738,3764,3736
7.47527,3.21E+08,3738,3738,3764,3736
6.86465,3.21E+08,3738,3738,3764,3736
7.64813,3.21E+08,3738,3738,3764,3736
6.86774,3.21E+08,3738,3738,3764,3736
8.25349,3.21E+08,3738,3738,3764,3736
7.5923,3.21E+08,3739,3739,3765,3736
6.97176,3.21E+08,3739,3739,3765,3736
7.64533,3.21E+08,3739,3739,3765,3737
7.86787,3.21E+08,3739,3739,3765,3737
7.64899,3.21E+08,3739,3739,3765,3737
7.4731,3.21E+08,3739,3739,3765,3737
7.14452,3.21E+08,3739,3739,3765,3737
8.5979,3.21E+08,3739,3739,3765,3737
6.35824,3.21E+08,3739,3739,3765,3737
8.31942,3.21E+08,3739,3739,3765,3737
7.1934,3.21E+08,3739,3739,3765,3737
7.09128,3.21E+08,3739,3739,3765,3737
6.86116,3.21E+08,3739,3739,3765,3737
7.08325,3.21E+08,3740,3740,3765,3737
7.81156,3.21E+08,3740,3740,3765,3737
7.86918,3.21E+08,3740,3740,3765,3737
6.97708,3.21E+08,3740,3740,3766,3737
9.03651,3.21E+08,3740,3740,3766,3737
7.76148,3.21E+08,3740,3740,3766,3737
7.80914,3.21E+08,3740,3740,3766,3738
7.53511,3.21E+08,3741,3741,3766,3738
6.57847,3.21E+08,3741,3741,3766,3738
7.8124,3.21E+08,3741,3741,3766,3738
7.14118,3.21E+08,3741,3741,3766,3738
7.53408,3.21E+08,3741,3741,3766,3738
7.42621,3.21E+08,3741,3741,3766,3738
8.43068,3.21E+08,3741,3741,3766,3738
8.19619,3.21E+08,3741,3741,3766,3738
8.81541,3.21E+08,3741,3741,3766,3738
8.75725,3.21E+08,3741,3741,3766,3738
8.31866,3.21E+08,3741,3741,3766,3739
7.5923,3.21E+08,3741,3741,3766,3739
7.87285,3.21E+08,3742,3742,3766,3739
6.69344,3.21E+08,3742,3742,3766,3739
8.14165,3.21E+08,3742,3742,3766,3739
7.53627,3.21E+08,3742,3742,3767,3739
5.19193,3.21E+08,3742,3742,3767,3739
6.91294,3.21E+08,3742,3742,3767,3739
7.30825,3.21E+08,3742,3742,3767,3739
7.25665,3.21E+08,3742,3742,3767,3740
7.59378,3.21E+08,3742,3742,3767,3740
8.02693,3.21E+08,3742,3742,3767,3740
6.80737,3.21E+08,3742,3742,3767,3740
8.26406,3.21E+08,3742,3742,3767,3740
7.25769,3.21E+08,3742,3742,3767,3740
7.63993,3.21E+08,3742,3742,3767,3740
7.87337,3.21E+08,3742,3742,3767,3740
7.52318,3.21E+08,3743,3743,3767,3740
6.93004,3.21E+08,3743,3743,3767,3740
8.64382,3.21E+08,3743,3743,3767,3740
6.36288,3.21E+08,3743,3743,3767,3740
6.74905,3.21E+08,3743,3743,3767,3740
6.30906,3.21E+08,3743,3743,3768,3741
6.97125,3.21E+08,3743,3743,3768,3741
8.42843,3.21E+08,3743,3743,3768,3741
7.70074,3.21E+08,3743,3743,3768,3741
6.9187,3.21E+08,3743,3743,3768,3741
7.25517,3.21E+08,3743,3743,3768,3741
7.53788,3.21E+08,3744,3744,3768,3741
7.58394,3.21E+08,3744,3744,3768,3741
7.25876,3.21E+08,3744,3744,3768,3741
7.86173,3.21E+08,3744,3744,3768,3741
6.19707,3.21E+08,3744,3744,3768,3741
8.02841,3.21E+08,3744,3744,3768,3741
6.80635,3.21E+08,3744,3744,3769,3742
7.20282,3.21E+08,3744,3744,3769,3742
7.59189,3.21E+08,3744,3744,3769,3742
8.03032,3.21E+08,3744,3744,3769,3742
8.03232,3.21E+08,3744,3744,3769,3742
7.18845,3.21E+08,3745,3745,3769,3742
7.15887,3.21E+08,3745,3745,3769,3742
8.03279,3.21E+08,3745,3745,3769,3742
7.69771,3.21E+08,3745,3745,3769,3742
8.76145,3.21E+08,3745,3745,3770,3742
7.30724,3.21E+08,3745,3745,3770,3742
6.81206,3.21E+08,3745,3745,3770,3742
7.08539,3.21E+08,3745,3745,3770,3742
6.13756,3.21E+08,3746,3746,3770,3742
7.75328,3.21E+08,3746,3746,3770,3743
7.42403,3.21E+08,3746,3746,3770,3743
7.81684,3.21E+08,3746,3746,3770,3743
6.81043,3.21E+08,3746,3746,3770,3743
6.75049,3.21E+08,3746,3746,3770,3743
8.63772,3.21E+08,3746,3746,3771,3743
7.376,3.21E+08,3746,3746,3771,3743
7.69685,3.21E+08,3746,3746,3771,3743
8.20801,3.21E+08,3746,3746,3771,3743
7.85741,3.21E+08,3746,3746,3771,3743
8.37546,3.21E+08,3746,3746,3771,3743
8.64568,3.21E+08,3746,3746,3771,3744
7.59143,3.21E+08,3747,3747,3771,3744
8.31576,3.21E+08,3747,3747,3772,3744
9.1523,3.21E+08,3747,3747,3772,3744
6.74725,3.21E+08,3747,3747,3772,3744
7.81713,3.21E+08,3747,3747,3772,3744
7.48223,3.21E+08,3747,3747,3772,3744
7.64054,3.21E+08,3747,3747,3772,3744
8.65318,3.21E+08,3747,3747,3772,3744
7.02146,3.21E+08,3747,3747,3772,3744
7.37365,3.21E+08,3747,3747,3772,3744
8.47875,3.21E+08,3747,3747,3773,3744
6.58393,3.21E+08,3747,3747,3773,3745
7.03101,3.21E+08,3747,3747,3773,3745
7.31511,3.21E+08,3747,3747,3773,3745
6.41328,3.21E+08,3747,3747,3773,3745
7.75503,3.21E+08,3747,3748,3773,3745
7.926,3.21E+08,3748,3748,3773,3745
7.31482,3.21E+08,3748,3748,3773,3745
8.08786,3.21E+08,3748,3748,3773,3745
7.20265,3.21E+08,3748,3748,3773,3745
7.80894,3.21E+08,3748,3748,3773,3745
9.03362,3.21E+08,3748,3748,3773,3745
7.31411,3.21E+08,3748,3748,3773,3745
7.91915,3.21E+08,3748,3748,3773,3745
7.69991,3.21E+08,3748,3748,3773,3745
7.3681,3.21E+08,3748,3748,3773,3745
7.87018,3.21E+08,3748,3748,3773,3746
7.75443,3.21E+08,3748,3748,3773,3746
7.81391,3.21E+08,3748,3748,3773,3746
7.19659,3.21E+08,3748,3748,3774,3746
7.19762,3.21E+08,3748,3748,3774,3746
7.75622,3.21E+08,3749,3749,3774,3746
8.09449,3.21E+08,3749,3749,3774,3746
7.87288,3.21E+08,3749,3749,3774,3746
8.03082,3.21E+08,3749,3749,3774,3746
8.47696,3.21E+08,3749,3749,3775,3746
7.36927,3.21E+08,3749,3749,3775,3746
7.36874,3.21E+08,3749,3749,3775,3746
6.85982,3.21E+08,3749,3749,3775,3746
7.09026,3.21E+08,3749,3749,3775,3746
7.30031,3.21E+08,3749,3749,3775,3746
8.88558,3.21E+08,3749,3749,3775,3746
7.52841,3.21E+08,3749,3749,3776,3747
8.08865,3.21E+08,3749,3749,3776,3747
7.58902,3.21E+08,3750,3750,3776,3747
8.15171,3.21E+08,3750,3750,3776,3747
7.24535,3.21E+08,3750,3750,3776,3747
6.64335,3.21E+08,3750,3750,3776,3747
7.3689,3.21E+08,3750,3750,3776,3747
7.59333,3.21E+08,3750,3750,3776,3747
7.46747,3.21E+08,3750,3750,3776,3748
7.09573,3.21E+08,3750,3750,3776,3748
7.36304,3.21E+08,3750,3750,3776,3748
7.36296,3.21E+08,3750,3750,3776,3748
7.64638,3.21E+08,3750,3750,3776,3748
6.58474,3.21E+08,3750,3750,3776,3748
7.14482,3.21E+08,3750,3750,3777,3748
7.07643,3.21E+08,3750,3750,3777,3748
7.42682,3.21E+08,3750,3750,3777,3748
7.20169,3.21E+08,3751,3750,3777,3748
6.86761,3.21E+08,3751,3751,3777,3748
6.01733,3.21E+08,3751,3751,3777,3748
6.6444,3.21E+08,3751,3751,3777,3748
6.58779,3.21E+08,3751,3751,3777,3749
8.09216,3.21E+08,3751,3751,3777,3749
7.20176,3.21E+08,3751,3751,3777,3749
6.79917,3.21E+08,3751,3751,3777,3749
7.59063,3.21E+08,3751,3751,3777,3749
6.64391,3.21E+08,3751,3751,3777,3749
6.80463,3.21E+08,3751,3751,3777,3749
7.08574,3.21E+08,3751,3751,3778,3749
6.80869,3.21E+08,3751,3751,3778,3749
8.15044,3.21E+08,3751,3751,3778,3749
8.87662,3.21E+08,3752,3752,3778,3750
6.68873,3.21E+08,3752,3752,3778,3750
7.36816,3.21E+08,3752,3752,3778,3750
7.20211,3.21E+08,3752,3752,3778,3750
6.97843,3.21E+08,3752,3752,3778,3750
6.0765,3.21E+08,3752,3752,3778,3750
7.64421,3.21E+08,3752,3752,3778,3750
7.7612,3.21E+08,3752,3752,3778,3750
7.85535,3.21E+08,3752,3752,3779,3750
7.76823,3.21E+08,3752,3752,3779,3750
7.802,3.21E+08,3753,3753,3779,3750
7.43112,3.21E+08,3753,3753,3779,3750
7.3555,3.21E+08,3753,3753,3779,3750
7.76883,3.21E+08,3753,3753,3779,3751
7.25135,3.21E+08,3753,3753,3779,3751
7.37008,3.21E+08,3753,3753,3779,3751
7.582,3.21E+08,3753,3753,3779,3751
7.81142,3.21E+08,3753,3753,3779,3751
7.48099,3.21E+08,3753,3753,3779,3751
6.97926,3.21E+08,3753,3753,3779,3751
10.0929,3.21E+08,3753,3753,3780,3751
6.75637,3.21E+08,3753,3753,3780,3751
6.47032,3.21E+08,3753,3753,3780,3751
6.3574,3.21E+08,3754,3754,3780,3751
6.02554,3.21E+08,3754,3754,3780,3752
7.58934,3.21E+08,3754,3754,3780,3752
7.70205,3.21E+08,3754,3754,3780,3752
7.76114,3.21E+08,3754,3754,3781,3752
8.19773,3.21E+08,3754,3754,3781,3752
7.42583,3.21E+08,3754,3754,3781,3752
7.47445,3.21E+08,3754,3754,3781,3752
7.30708,3.21E+08,3754,3754,3781,3752
6.64381,3.21E+08,3754,3754,3781,3752
6.30635,3.21E+08,3754,3754,3781,3753
9.37099,3.21E+08,3755,3755,3781,3753
8.2051,3.21E+08,3755,3755,3781,3753
8.14445,3.21E+08,3755,3755,3781,3753
8.54067,3.21E+08,3755,3755,3781,3753
7.53665,3.21E+08,3755,3755,3781,3753
7.18986,3.21E+08,3755,3755,3781,3753
7.09089,3.21E+08,3755,3755,3781,3753
8.93115,3.21E+08,3755,3755,3782,3753
7.97613,3.21E+08,3755,3755,3782,3753
8.26436,3.21E+08,3755,3755,3782,3753
7.69682,3.21E+08,3756,3756,3782,3753
7.92714,3.21E+08,3756,3756,3782,3753
7.91907,3.21E+08,3756,3756,3782,3754
6.97187,3.21E+08,3756,3756,3782,3754
5.74592,3.21E+08,3756,3756,3782,3754
7.31662,3.21E+08,3756,3756,3782,3754
7.41943,3.21E+08,3756,3756,3782,3755
8.09643,3.21E+08,3756,3756,3782,3755
6.74096,3.21E+08,3756,3756,3782,3755
6.20199,3.21E+08,3756,3756,3782,3755
7.42459,3.21E+08,3756,3756,3782,3755
9.03278,3.21E+08,3756,3756,3782,3755
7.14797,3.21E+08,3756,3756,3782,3755
7.80154,3.21E+08,3756,3756,3783,3755
6.81886,3.21E+08,3757,3757,3783,3755
6.91432,3.21E+08,3757,3757,3783,3755
7.64606,3.21E+08,3757,3757,3783,3755
8.81731,3.21E+08,3757,3757,3783,3755
7.41443,3.21E+08,3757,3757,3783,3755
7.41939,3.21E+08,3757,3757,3783,3755
8.76798,3.21E+08,3757,3757,3783,3755
7.42006,3.21E+08,3757,3757,3783,3756
6.97921,3.21E+08,3757,3757,3783,3756
5.97368,3.21E+08,3758,3758,3783,3756
6.3573,3.21E+08,3758,3758,3783,3756
8.92361,3.21E+08,3758,3758,3783,3756
8.09394,3.21E+08,3758,3758,3784,3756
5.74537,3.21E+08,3758,3758,3784,3756
6.14061,3.21E+08,3758,3758,3784,3756
6.533,3.21E+08,3758,3758,3784,3756
6.69188,3.21E+08,3758,3758,3784,3756
6.69828,3.21E+08,3759,3759,3784,3756
7.64668,3.21E+08,3759,3759,3784,3756
7.52558,3.21E+08,3759,3759,3784,3756
7.53409,3.21E+08,3759,3759,3784,3756
7.98333,3.21E+08,3759,3759,3785,3757
8.09157,3.21E+08,3759,3759,3785,3757
8.97549,3.21E+08,3759,3759,3785,3757
7.81755,3.21E+08,3759,3759,3785,3757
8.36683,3.21E+08,3759,3759,3785,3757
8.42296,3.21E+08,3760,3760,3785,3757
8.60415,3.21E+08,3760,3760,3785,3757
7.36238,3.21E+08,3760,3760,3785,3757
8.65378,3.21E+08,3760,3760,3785,3757
6.74602,3.21E+08,3760,3760,3785,3757
7.87171,3.21E+08,3760,3760,3785,3758
9.09944,3.21E+08,3760,3760,3785,3758
7.64181,3.21E+08,3760,3760,3785,3758
7.87205,3.21E+08,3761,3761,3785,3758
7.25134,3.21E+08,3761,3761,3785,3758
7.3134,3.21E+08,3761,3761,3785,3758
6.24589,3.21E+08,3761,3761,3785,3758
7.87107,3.21E+08,3761,3761,3785,3758
6.63059,3.21E+08,3761,3761,3785,3758
6.59288,3.21E+08,3761,3761,3785,3758
7.867,3.21E+08,3761,3761,3786,3758
7.36914,3.21E+08,3761,3761,3786,3758
7.58586,3.21E+08,3761,3761,3786,3759
7.30522,3.21E+08,3761,3761,3786,3759
8.37502,3.21E+08,3761,3761,3786,3759
8.15178,3.21E+08,3761,3761,3786,3759
7.80099,3.21E+08,3761,3761,3786,3759
7.09679,3.21E+08,3761,3761,3786,3759
7.97669,3.21E+08,3762,3762,3786,3759
7.70477,3.21E+08,3762,3762,3786,3759
7.53042,3.21E+08,3762,3762,3786,3759
7.9694,3.21E+08,3762,3762,3786,3759
6.70639,3.21E+08,3762,3762,3786,3759
8.25404,3.21E+08,3762,3762,3786,3759
7.36745,3.21E+08,3762,3762,3786,3759
6.74787,3.21E+08,3762,3762,3786,3759
7.70327,3.21E+08,3762,3762,3786,3759
5.52215,3.21E+08,3762,3762,3786,3759
7.76066,3.21E+08,3763,3763,3786,3759
7.30367,3.21E+08,3763,3763,3786,3760
6.75106,3.21E+08,3763,3763,3787,3760
7.86856,3.21E+08,3763,3763,3787,3760
8.43147,3.21E+08,3763,3763,3787,3760
6.08615,3.21E+08,3763,3763,3787,3760
7.3031,3.21E+08,3763,3763,3787,3760
6.1403,3.21E+08,3763,3763,3787,3760
8.53438,3.21E+08,3763,3763,3787,3760
7.64778,3.21E+08,3763,3763,3787,3760
7.31245,3.21E+08,3764,3764,3787,3761
9.41672,3.21E+08,3764,3764,3787,3761
7.7671,3.21E+08,3764,3764,3787,3761
6.80468,3.21E+08,3764,3764,3787,3761
8.5398,3.21E+08,3764,3764,3787,3761
6.75088,3.21E+08,3764,3764,3787,3761
7.31326,3.21E+08,3764,3764,3788,3761
6.91546,3.21E+08,3764,3764,3788,3761
8.8193,3.21E+08,3764,3764,3788,3761
7.47727,3.21E+08,3764,3764,3788,3761
7.47938,3.21E+08,3764,3764,3788,3761
7.4691,3.21E+08,3765,3765,3788,3761
7.86811,3.21E+08,3765,3765,3788,3761
7.92979,3.21E+08,3765,3765,3788,3761
9.15629,3.21E+08,3765,3765,3788,3761
7.13683,3.21E+08,3765,3765,3788,3761
8.70525,3.21E+08,3765,3765,3788,3762
7.03016,3.21E+08,3765,3765,3788,3762
7.76124,3.21E+08,3765,3765,3789,3762
8.47602,3.21E+08,3765,3765,3789,3762
7.4254,3.21E+08,3766,3766,3789,3762
8.03141,3.21E+08,3766,3766,3789,3762
6.7527,3.21E+08,3766,3766,3789,3762
7.0347,3.21E+08,3766,3766,3789,3762
8.19138,3.21E+08,3766,3766,3789,3762
7.4316,3.21E+08,3766,3766,3789,3762
7.91844,3.21E+08,3766,3766,3789,3763
8.65195,3.21E+08,3766,3766,3789,3763
7.69787,3.21E+08,3766,3766,3789,3763
7.87138,3.21E+08,3766,3766,3789,3763
8.31933,3.21E+08,3766,3766,3790,3763
7.92106,3.21E+08,3766,3766,3790,3763
7.98392,3.21E+08,3767,3767,3790,3763
7.86483,3.21E+08,3767,3767,3790,3763
8.53246,3.21E+08,3767,3767,3790,3763
7.14721,3.21E+08,3767,3767,3790,3763
7.8642,3.21E+08,3767,3767,3790,3763
8.81155,3.21E+08,3767,3767,3790,3763
7.25458,3.21E+08,3767,3767,3790,3763
8.58387,3.21E+08,3767,3767,3790,3763
7.87087,3.21E+08,3767,3767,3791,3764
6.42127,3.21E+08,3767,3767,3791,3764
7.5229,3.21E+08,3767,3767,3791,3764
8.16716,3.21E+08,3767,3767,3791,3764
7.74539,3.21E+08,3767,3767,3791,3764
7.42535,3.21E+08,3768,3768,3791,3764
6.7531,3.21E+08,3768,3768,3792,3764
7.0905,3.21E+08,3768,3768,3792,3764
6.80444,3.21E+08,3768,3768,3792,3764
8.65216,3.21E+08,3768,3768,3792,3765
7.31466,3.21E+08,3768,3768,3792,3765
7.69038,3.21E+08,3768,3768,3792,3765
7.47972,3.21E+08,3768,3768,3792,3765
6.75472,3.21E+08,3768,3768,3792,3765
8.20709,3.21E+08,3768,3768,3792,3765
6.24732,3.21E+08,3769,3769,3792,3765
8.14244,3.21E+08,3769,3769,3792,3765
7.87142,3.21E+08,3769,3769,3792,3765
8.03427,3.21E+08,3769,3769,3792,3765
7.36753,3.21E+08,3769,3769,3793,3765
6.14217,3.21E+08,3769,3769,3793,3765
7.47167,3.21E+08,3769,3769,3793,3766
6.9226,3.21E+08,3769,3769,3793,3766
6.86096,3.21E+08,3769,3769,3793,3766
8.98588,3.21E+08,3769,3769,3793,3766
6.41144,3.21E+08,3769,3769,3793,3766
8.59521,3.21E+08,3770,3770,3793,3766
6.69597,3.21E+08,3770,3770,3793,3766
7.19678,3.21E+08,3770,3770,3793,3766
7.53578,3.21E+08,3770,3770,3794,3766
7.53738,3.21E+08,3770,3770,3794,3766
6.6936,3.21E+08,3770,3770,3794,3766
7.92844,3.21E+08,3770,3770,3794,3766
6.80401,3.21E+08,3770,3770,3794,3766
7.20022,3.21E+08,3770,3770,3794,3766
8.41423,3.21E+08,3771,3771,3794,3766
7.20728,3.21E+08,3771,3771,3794,3766
7.42352,3.21E+08,3771,3771,3794,3767
7.58245,3.21E+08,3771,3771,3794,3767
6.69847,3.21E+08,3771,3771,3794,3767
6.86565,3.21E+08,3771,3771,3794,3767
7.59345,3.21E+08,3771,3771,3794,3767
7.75202,3.21E+08,3771,3771,3794,3767
6.29827,3.21E+08,3771,3771,3795,3767
6.09067,3.21E+08,3771,3771,3795,3767
6.85898,3.21E+08,3771,3771,3795,3767
6.36378,3.21E+08,3771,3771,3795,3767
8.86629,3.21E+08,3771,3771,3795,3767
6.9781,3.21E+08,3772,3772,3795,3767
8.54008,3.21E+08,3772,3772,3795,3768
8.3115,3.21E+08,3772,3772,3795,3768
7.25689,3.21E+08,3772,3772,3795,3768
6.90945,3.21E+08,3772,3772,3795,3768
7.60107,3.21E+08,3772,3772,3795,3768
6.79864,3.21E+08,3773,3773,3795,3768
7.09204,3.21E+08,3773,3773,3796,3768
7.75628,3.21E+08,3773,3773,3796,3768
7.42603,3.21E+08,3773,3773,3796,3768
6.19143,3.21E+08,3773,3773,3796,3768
6.58532,3.21E+08,3773,3773,3796,3769
7.92856,3.21E+08,3773,3773,3796,3769
8.86625,3.21E+08,3773,3773,3796,3769
7.76083,3.21E+08,3773,3773,3796,3769
7.80924,3.21E+08,3773,3773,3797,3769
7.58458,3.21E+08,3773,3773,3797,3770
7.31298,3.21E+08,3774,3774,3797,3770
6.30923,3.21E+08,3774,3774,3797,3770
7.52955,3.21E+08,3774,3774,3797,3770
9.09918,3.21E+08,3774,3774,3797,3770
7.69586,3.21E+08,3774,3774,3797,3770
7.58555,3.21E+08,3774,3774,3797,3770
8.03981,3.21E+08,3774,3774,3797,3770
6.58773,3.21E+08,3774,3774,3798,3770
8.30724,3.21E+08,3774,3774,3798,3770
8.47964,3.21E+08,3775,3775,3798,3771
7.25727,3.21E+08,3775,3775,3798,3771
7.59341,3.21E+08,3775,3775,3798,3771
8.644,3.21E+08,3775,3775,3798,3771
6.64388,3.21E+08,3775,3775,3799,3771
8.42183,3.21E+08,3775,3775,3799,3771
8.7027,3.21E+08,3775,3775,3799,3771
7.14343,3.21E+08,3775,3775,3799,3771
8.53591,3.21E+08,3775,3775,3799,3772
6.86606,3.21E+08,3775,3775,3799,3772
7.20275,3.21E+08,3776,3776,3799,3772
6.91484,3.21E+08,3776,3776,3799,3772
6.97908,3.21E+08,3776,3776,3799,3772
6.97076,3.21E+08,3776,3776,3799,3772
7.70241,3.21E+08,3776,3776,3799,3772
6.64221,3.21E+08,3776,3776,3799,3772
7.58023,3.21E+08,3776,3776,3799,3772
7.04089,3.21E+08,3777,3776,3799,3772
7.02681,3.21E+08,3777,3777,3799,3772
7.53542,3.21E+08,3777,3777,3799,3772
7.42725,3.21E+08,3777,3777,3800,3772
7.08164,3.21E+08,3777,3777,3800,3772
9.70767,3.21E+08,3777,3777,3800,3772
7.64706,3.21E+08,3777,3777,3800,3773
6.74998,3.21E+08,3777,3777,3800,3773
7.70125,3.21E+08,3777,3777,3800,3773
7.70506,3.21E+08,3777,3777,3800,3773
7.36292,3.21E+08,3777,3777,3800,3773
6.854,3.21E+08,3778,3778,3800,3773
7.20893,3.21E+08,3778,3778,3800,3773
7.19487,3.21E+08,3778,3778,3800,3773
7.92055,3.21E+08,3778,3778,3800,3773
7.48023,3.21E+08,3778,3778,3800,3773
7.81496,3.21E+08,3778,3778,3800,3773
6.91064,3.21E+08,3778,3778,3801,3773
6.8167,3.21E+08,3778,3778,3801,3774
6.35768,3.21E+08,3778,3778,3801,3774
7.02875,3.21E+08,3778,3778,3801,3774
7.4797,3.21E+08,3778,3778,3801,3774
6.64317,3.21E+08,3778,3778,3801,3774
7.75906,3.21E+08,3778,3778,3801,3774
5.8558,3.21E+08,3779,3779,3802,3774
8.82063,3.21E+08,3779,3779,3802,3775
7.86391,3.21E+08,3779,3779,3802,3775
6.86741,3.21E+08,3779,3779,3802,3775
6.91659,3.21E+08,3779,3779,3802,3775
6.97559,3.21E+08,3779,3779,3802,3775
6.92409,3.21E+08,3779,3779,3802,3775
8.64295,3.21E+08,3779,3779,3802,3775
7.70552,3.21E+08,3779,3779,3802,3775
8.70113,3.21E+08,3779,3779,3802,3775
6.63835,3.21E+08,3779,3779,3802,3775
7.81089,3.21E+08,3779,3779,3802,3775
8.70307,3.21E+08,3779,3779,3803,3776
7.75471,3.21E+08,3779,3779,3803,3776
7.97651,3.21E+08,3779,3779,3803,3776
9.05513,3.21E+08,3780,3780,3803,3776
7.58326,3.21E+08,3780,3780,3803,3776
6.58475,3.21E+08,3780,3780,3803,3776
8.48137,3.21E+08,3780,3780,3803,3776
7.70219,3.21E+08,3780,3780,3803,3776
8.70277,3.21E+08,3780,3780,3803,3777
7.0312,3.21E+08,3780,3780,3803,3777
6.91953,3.21E+08,3780,3780,3804,3777
7.87334,3.21E+08,3780,3780,3804,3777
8.53175,3.21E+08,3780,3780,3804,3777
9.26731,3.21E+08,3780,3780,3804,3777
8.47186,3.21E+08,3780,3781,3804,3777
7.31918,3.21E+08,3781,3781,3805,3777
7.7537,3.21E+08,3781,3781,3805,3777
6.80532,3.21E+08,3781,3781,3805,3777
7.59342,3.21E+08,3781,3781,3805,3778
7.24759,3.21E+08,3781,3781,3805,3778
7.48221,3.21E+08,3781,3781,3805,3778
7.98209,3.21E+08,3781,3781,3805,3778
6.41268,3.21E+08,3781,3781,3805,3778
8.08842,3.21E+08,3781,3781,3805,3778
7.81378,3.21E+08,3781,3781,3805,3778
8.42434,3.21E+08,3781,3781,3805,3778
7.80899,3.21E+08,3781,3781,3806,3778
8.54717,3.21E+08,3782,3782,3806,3778
8.3751,3.21E+08,3782,3782,3806,3778
7.74604,3.21E+08,3782,3782,3806,3778
8.20343,3.21E+08,3782,3782,3806,3779
6.75596,3.21E+08,3782,3782,3806,3779
6.64244,3.21E+08,3782,3782,3806,3779
8.64284,3.21E+08,3782,3782,3806,3779
8.47926,3.21E+08,3782,3782,3806,3779
8.20231,3.21E+08,3782,3782,3806,3779
8.20344,3.21E+08,3782,3782,3807,3779
8.04029,3.21E+08,3782,3782,3807,3779
8.42934,3.21E+08,3782,3782,3807,3779
7.08367,3.21E+08,3783,3783,3807,3780
7.14451,3.21E+08,3783,3783,3807,3780
6.97958,3.21E+08,3783,3783,3807,3780
7.02695,3.21E+08,3783,3783,3808,3780
6.90969,3.21E+08,3783,3783,3808,3780
7.20957,3.21E+08,3783,3783,3808,3780
8.08683,3.21E+08,3783,3783,3808,3780
6.25337,3.21E+08,3783,3783,3808,3780
6.4692,3.21E+08,3783,3783,3808,3780
8.87623,3.21E+08,3783,3783,3808,3781
7.64247,3.21E+08,3783,3783,3808,3781
7.52982,3.21E+08,3784,3784,3808,3781
6.91922,3.21E+08,3784,3784,3809,3781
6.86217,3.21E+08,3784,3784,3809,3781
8.25731,3.21E+08,3784,3784,3809,3782
7.6541,3.21E+08,3784,3784,3809,3782
7.36214,3.21E+08,3784,3784,3809,3782
8.8185,3.21E+08,3784,3784,3809,3782
8.81934,3.21E+08,3784,3784,3809,3782
7.80294,3.21E+08,3784,3784,3810,3782
6.86984,3.21E+08,3784,3784,3810,3782
7.14264,3.21E+08,3784,3784,3810,3782
7.25612,3.21E+08,3784,3784,3810,3782
6.74775,3.21E+08,3784,3784,3810,3783
7.25221,3.21E+08,3784,3784,3810,3783
6.97522,3.21E+08,3784,3784,3811,3783
8.48237,3.21E+08,3785,3785,3811,3783
8.09665,3.21E+08,3785,3785,3811,3783
6.4683,3.21E+08,3785,3785,3811,3783
6.86617,3.21E+08,3785,3785,3811,3783
7.0899,3.21E+08,3785,3785,3811,3783
7.64198,3.21E+08,3785,3785,3811,3783
7.08898,3.21E+08,3785,3785,3811,3783
6.58138,3.21E+08,3785,3785,3811,3783
7.97699,3.21E+08,3785,3785,3811,3783
7.47992,3.21E+08,3785,3785,3811,3783
8.20806,3.21E+08,3785,3785,3811,3784
7.97664,3.21E+08,3785,3785,3811,3784
7.8648,3.21E+08,3785,3785,3811,3784
7.31335,3.21E+08,3785,3785,3811,3784
7.47537,3.21E+08,3785,3785,3812,3784
6.58856,3.21E+08,3786,3786,3812,3784
7.53031,3.21E+08,3786,3786,3812,3784
7.08914,3.21E+08,3786,3786,3812,3785
6.52133,3.21E+08,3786,3786,3812,3785
7.14394,3.21E+08,3786,3786,3812,3785
7.47747,3.21E+08,3786,3786,3812,3785
7.58972,3.21E+08,3786,3786,3812,3785
5.9731,3.21E+08,3786,3786,3812,3785
7.813,3.21E+08,3786,3786,3812,3785
7.03541,3.21E+08,3787,3787,3813,3786
8.58571,3.21E+08,3787,3787,3813,3786
7.36369,3.21E+08,3787,3787,3813,3786
6.64352,3.21E+08,3787,3787,3813,3786
8.0379,3.21E+08,3787,3787,3813,3786
7.47415,3.21E+08,3787,3787,3813,3786
7.5873,3.21E+08,3787,3787,3813,3786
7.03186,3.21E+08,3787,3787,3813,3786
8.87896,3.21E+08,3787,3787,3813,3786
8.25506,3.21E+08,3787,3787,3813,3786
7.1389,3.21E+08,3787,3787,3813,3786
6.98008,3.21E+08,3787,3787,3813,3786
6.85964,3.21E+08,3787,3787,3813,3786
8.70934,3.21E+08,3787,3787,3813,3787
7.63956,3.21E+08,3787,3787,3813,3787
7.59252,3.21E+08,3788,3788,3813,3787
6.69368,3.21E+08,3788,3788,3814,3787
7.59339,3.21E+08,3788,3788,3814,3787
6.85885,3.21E+08,3788,3788,3814,3787
8.2081,3.21E+08,3788,3788,3814,3787
8.80676,3.21E+08,3788,3788,3814,3787
8.65774,3.21E+08,3788,3788,3814,3787
7.25742,3.21E+08,3788,3788,3814,3788
8.52554,3.21E+08,3788,3788,3814,3788
6.86675,3.21E+08,3788,3788,3814,3788
6.80588,3.21E+08,3789,3789,3814,3788
6.63831,3.21E+08,3789,3789,3814,3788
6.31379,3.21E+08,3789,3789,3814,3788
7.08196,3.21E+08,3789,3789,3814,3788
7.08679,3.21E+08,3789,3789,3814,3788
9.48857,3.21E+08,3789,3789,3814,3788
6.97781,3.21E+08,3789,3789,3814,3788
7.13308,3.21E+08,3789,3789,3814,3788
6.37042,3.21E+08,3790,3790,3815,3788
6.30252,3.21E+08,3790,3790,3815,3788
8.59796,3.21E+08,3790,3790,3815,3789
6.79841,3.21E+08,3790,3790,3815,3789
8.49347,3.21E+08,3790,3790,3815,3789
7.13847,3.21E+08,3790,3790,3815,3789
7.36319,3.21E+08,3790,3790,3815,3789
7.31026,3.21E+08,3790,3790,3815,3789
6.19473,3.21E+08,3790,3790,3815,3789
7.25247,3.21E+08,3791,3791,3815,3789
7.19771,3.21E+08,3791,3791,3816,3789
6.3654,3.21E+08,3791,3791,3816,3789
7.76101,3.21E+08,3791,3791,3816,3789
7.30445,3.21E+08,3791,3791,3816,3789
7.14539,3.21E+08,3791,3791,3816,3789
7.86243,3.21E+08,3791,3791,3816,3789
6.69948,3.21E+08,3791,3791,3816,3790
6.86756,3.21E+08,3791,3791,3816,3790
8.13519,3.21E+08,3791,3791,3816,3790
8.43122,3.21E+08,3791,3791,3816,3790
7.3132,3.21E+08,3791,3791,3817,3790
6.46495,3.21E+08,3792,3792,3817,3790
6.59219,3.21E+08,3792,3792,3817,3790
6.80621,3.21E+08,3792,3792,3817,3790
9.31926,3.21E+08,3792,3792,3817,3790
7.25795,3.21E+08,3792,3792,3817,3790
8.47814,3.21E+08,3792,3792,3817,3790
7.31245,3.21E+08,3792,3792,3817,3790
8.35884,3.21E+08,3792,3792,3817,3790
6.48362,3.21E+08,3792,3792,3818,3790
8.36412,3.21E+08,3792,3792,3818,3790
6.47077,3.21E+08,3793,3793,3818,3791
7.42592,3.21E+08,3793,3793,3818,3791
6.46856,3.21E+08,3793,3793,3818,3791
6.75432,3.21E+08,3793,3793,3818,3791
7.53092,3.21E+08,3793,3793,3818,3791
9.3758,3.21E+08,3794,3794,3818,3791
7.02958,3.21E+08,3794,3794,3818,3791
7.48144,3.21E+08,3794,3794,3818,3791
7.42109,3.21E+08,3794,3794,3818,3791
8.14291,3.21E+08,3794,3794,3818,3791
7.81534,3.21E+08,3794,3794,3819,3792
7.0349,3.21E+08,3794,3794,3819,3792
8.19993,3.21E+08,3794,3794,3819,3792
7.64754,3.21E+08,3794,3794,3819,3792
8.75165,3.21E+08,3794,3794,3819,3792
6.2517,3.21E+08,3794,3794,3819,3792
6.97926,3.21E+08,3794,3794,3819,3792
7.02725,3.21E+08,3794,3794,3819,3792
7.87199,3.21E+08,3795,3795,3820,3792
7.58451,3.21E+08,3795,3795,3820,3793
7.19478,3.21E+08,3795,3795,3820,3793
8.8765,3.21E+08,3795,3795,3820,3793
7.59165,3.21E+08,3795,3795,3820,3793
7.19646,3.21E+08,3795,3795,3820,3793
8.59894,3.21E+08,3795,3795,3820,3793
8.03192,3.21E+08,3795,3795,3820,3793
8.09505,3.21E+08,3796,3796,3820,3793
7.24337,3.21E+08,3796,3796,3820,3793
7.54545,3.21E+08,3796,3796,3820,3793
7.24807,3.21E+08,3796,3796,3820,3793
7.64854,3.21E+08,3796,3796,3820,3793
7.69743,3.21E+08,3796,3796,3820,3793
8.98139,3.21E+08,3796,3796,3821,3793
7.81527,3.21E+08,3796,3796,3821,3793
6.69852,3.21E+08,3796,3796,3821,3794
7.25115,3.21E+08,3796,3796,3821,3794
7.42246,3.21E+08,3796,3796,3821,3794
6.75576,3.21E+08,3796,3796,3821,3794
7.91617,3.21E+08,3796,3796,3821,3794
6.6389,3.21E+08,3796,3796,3821,3794
8.20643,3.21E+08,3797,3797,3821,3794
6.19672,3.21E+08,3797,3797,3821,3794
7.58597,3.21E+08,3797,3797,3821,3794
9.5416,3.21E+08,3797,3797,3821,3794
7.30828,3.21E+08,3797,3797,3821,3795
7.76097,3.21E+08,3797,3797,3821,3795
7.35927,3.21E+08,3797,3797,3822,3795
7.3089,3.21E+08,3797,3797,3822,3795
6.53064,3.21E+08,3797,3797,3822,3795
7.48038,3.21E+08,3797,3797,3822,3795
7.08978,3.21E+08,3797,3797,3822,3796
8.30838,3.21E+08,3797,3797,3822,3796
7.86655,3.21E+08,3797,3797,3822,3796
7.92638,3.21E+08,3797,3797,3822,3796
6.86333,3.21E+08,3797,3797,3822,3796
7.20216,3.21E+08,3797,3797,3822,3796
7.86339,3.21E+08,3798,3798,3822,3796
6.7546,3.21E+08,3798,3798,3823,3796
7.36892,3.21E+08,3798,3798,3823,3796
7.75435,3.21E+08,3798,3798,3823,3796
7.64207,3.21E+08,3798,3798,3823,3796
6.81205,3.21E+08,3798,3798,3823,3796
7.07928,3.21E+08,3798,3798,3823,3796
7.98114,3.21E+08,3798,3798,3823,3796
7.59367,3.21E+08,3798,3798,3823,3797
8.42244,3.21E+08,3799,3799,3823,3797
7.02962,3.21E+08,3799,3799,3823,3797
9.54367,3.21E+08,3799,3799,3823,3797
7.59335,3.21E+08,3799,3799,3823,3797
8.19225,3.21E+08,3799,3799,3823,3797
7.15014,3.21E+08,3799,3799,3824,3797
7.24725,3.21E+08,3799,3799,3824,3797
8.59515,3.21E+08,3799,3799,3824,3797
7.98361,3.21E+08,3799,3799,3824,3797
7.8676,3.21E+08,3799,3799,3824,3797
7.87054,3.21E+08,3799,3799,3824,3797
7.14032,3.21E+08,3799,3799,3824,3797
7.75829,3.21E+08,3800,3800,3824,3797
7.20133,3.21E+08,3800,3800,3824,3797
6.63286,3.21E+08,3800,3800,3824,3797
7.14703,3.21E+08,3800,3800,3824,3798
7.80905,3.21E+08,3800,3800,3824,3798
7.47871,3.21E+08,3800,3800,3825,3798
7.25817,3.21E+08,3800,3800,3825,3798
8.02557,3.21E+08,3800,3800,3825,3798
7.4245,3.21E+08,3800,3800,3825,3798
6.36531,3.21E+08,3800,3800,3825,3798
7.47289,3.21E+08,3800,3800,3825,3798
6.80845,3.21E+08,3801,3801,3825,3798
6.69898,3.21E+08,3801,3801,3825,3798
7.5378,3.21E+08,3801,3801,3825,3799
7.0275,3.21E+08,3801,3801,3825,3799
7.02591,3.21E+08,3801,3801,3825,3799
7.86512,3.21E+08,3801,3801,3826,3799
7.4873,3.21E+08,3802,3802,3826,3799
7.13499,3.21E+08,3802,3802,3826,3799
7.0859,3.21E+08,3802,3802,3826,3799
6.75623,3.21E+08,3802,3802,3826,3799
7.31336,3.21E+08,3802,3802,3826,3799
6.80349,3.21E+08,3802,3802,3826,3799
7.81749,3.21E+08,3802,3802,3826,3799
6.24723,3.21E+08,3802,3802,3826,3799
7.8165,3.21E+08,3803,3803,3826,3800
8.14241,3.21E+08,3803,3803,3827,3800
7.14612,3.21E+08,3803,3803,3827,3801
8.36417,3.21E+08,3803,3803,3827,3801
7.86555,3.21E+08,3803,3803,3827,3801
8.53244,3.21E+08,3803,3803,3827,3801
8.43155,3.21E+08,3804,3803,3827,3801
7.14619,3.21E+08,3804,3804,3827,3801
6.9801,3.21E+08,3804,3804,3827,3801
6.80105,3.21E+08,3804,3804,3827,3802
8.43027,3.21E+08,3804,3804,3828,3802
8.02589,3.21E+08,3804,3804,3828,3802
8.65185,3.21E+08,3805,3804,3828,3802
7.48199,3.21E+08,3805,3805,3828,3802
7.92599,3.21E+08,3805,3805,3828,3802
6.97103,3.21E+08,3805,3805,3828,3802
8.8782,3.21E+08,3805,3805,3828,3802
5.63375,3.21E+08,3805,3805,3828,3802
7.64322,3.21E+08,3805,3805,3828,3802
7.09026,3.21E+08,3805,3805,3828,3802
7.69734,3.21E+08,3805,3805,3828,3803
7.98263,3.21E+08,3805,3805,3828,3803
8.30351,3.21E+08,3806,3806,3828,3803
7.76774,3.21E+08,3806,3806,3828,3803
7.92053,3.21E+08,3806,3806,3828,3803
8.54278,3.21E+08,3806,3806,3828,3803
8.63778,3.21E+08,3806,3806,3828,3803
7.92609,3.21E+08,3806,3806,3829,3803
6.64107,3.21E+08,3806,3806,3829,3803
7.58742,3.21E+08,3806,3806,3829,3803
7.1459,3.21E+08,3806,3806,3829,3803
5.86182,3.21E+08,3806,3806,3829,3804
7.47126,3.21E+08,3806,3806,3829,3804
7.87231,3.21E+08,3807,3807,3829,3804
7.92137,3.21E+08,3807,3807,3829,3804
7.09055,3.21E+08,3807,3807,3829,3804
6.3018,3.21E+08,3807,3807,3829,3804
6.69996,3.21E+08,3807,3807,3829,3805
7.64038,3.21E+08,3807,3807,3829,3805
6.69988,3.21E+08,3807,3807,3829,3805
8.08481,3.21E+08,3807,3807,3829,3805
8.8127,3.21E+08,3807,3807,3829,3805
8.04738,3.21E+08,3807,3807,3829,3805
6.41493,3.21E+08,3807,3807,3829,3805
7.02324,3.21E+08,3807,3807,3829,3805
7.65416,3.21E+08,3807,3807,3829,3805
7.36163,3.21E+08,3807,3807,3830,3805
7.42498,3.21E+08,3808,3808,3830,3805
7.638,3.21E+08,3808,3808,3830,3805
6.47191,3.21E+08,3808,3808,3830,3805
8.7652,3.21E+08,3808,3808,3830,3806
6.97961,3.21E+08,3808,3808,3830,3806
7.69714,3.21E+08,3808,3808,3830,3806
7.87089,3.21E+08,3808,3808,3830,3806
7.08277,3.21E+08,3808,3808,3831,3806
6.75071,3.21E+08,3808,3808,3831,3806
7.64547,3.21E+08,3808,3808,3831,3806
7.5933,3.21E+08,3808,3808,3831,3806
6.0792,3.21E+08,3809,3809,3831,3806
6.86542,3.21E+08,3809,3809,3831,3806
8.98908,3.21E+08,3809,3809,3831,3807
7.25012,3.21E+08,3809,3809,3831,3807
7.70277,3.21E+08,3809,3809,3831,3807
7.25176,3.21E+08,3809,3809,3832,3807
8.42859,3.21E+08,3809,3809,3832,3807
6.97092,3.21E+08,3809,3809,3832,3807
7.20262,3.21E+08,3809,3809,3832,3807
7.63365,3.21E+08,3809,3809,3832,3808
6.48255,3.21E+08,3809,3809,3832,3808
7.63886,3.21E+08,3809,3809,3832,3808
6.52865,3.21E+08,3809,3809,3832,3808
7.75546,3.21E+08,3810,3810,3832,3808
6.19088,3.21E+08,3810,3810,3832,3808
8.38044,3.21E+08,3810,3810,3833,3808
8.42442,3.21E+08,3810,3810,3833,3808
9.04265,3.21E+08,3810,3810,3833,3808
7.47418,3.21E+08,3810,3810,3833,3809
7.80989,3.21E+08,3810,3810,3833,3809
8.0376,3.21E+08,3810,3810,3833,3809
8.48543,3.21E+08,3810,3810,3833,3809
7.19394,3.21E+08,3811,3811,3833,3809
7.36454,3.21E+08,3811,3811,3834,3809
8.98706,3.21E+08,3811,3811,3834,3809
8.37174,3.21E+08,3811,3811,3834,3809
8.42618,3.21E+08,3811,3811,3834,3810
8.20429,3.21E+08,3811,3811,3834,3810
7.13945,3.21E+08,3811,3811,3834,3810
7.97672,3.21E+08,3811,3811,3834,3811
7.59128,3.21E+08,3811,3811,3835,3811
8.14817,3.21E+08,3811,3811,3835,3811
6.97351,3.21E+08,3812,3812,3835,3811
8.09339,3.21E+08,3812,3812,3835,3811
7.92928,3.21E+08,3812,3812,3835,3811
8.81064,3.21E+08,3812,3812,3835,3811
5.97357,3.21E+08,3812,3812,3835,3811
7.36039,3.21E+08,3812,3812,3835,3812
6.47493,3.21E+08,3812,3812,3835,3812
6.63873,3.21E+08,3812,3812,3835,3812
8.47817,3.21E+08,3812,3812,3836,3812
6.41969,3.21E+08,3812,3812,3836,3812
7.14768,3.21E+08,3812,3812,3836,3812
8.69892,3.21E+08,3812,3813,3836,3812
7.14509,3.21E+08,3813,3813,3836,3812
7.2027,3.21E+08,3813,3813,3836,3812
6.13432,3.21E+08,3813,3813,3836,3813
7.2521,3.21E+08,3813,3813,3836,3813
7.64524,3.21E+08,3813,3813,3836,3813
7.3637,3.21E+08,3813,3813,3836,3813
8.4867,3.21E+08,3813,3813,3837,3813
7.59274,3.21E+08,3813,3813,3837,3813
8.53389,3.21E+08,3813,3813,3837,3813
8.70776,3.21E+08,3813,3813,3837,3813
7.53,3.21E+08,3813,3813,3837,3813
7.81501,3.21E+08,3813,3813,3837,3814
7.69733,3.21E+08,3814,3814,3837,3814
8.03843,3.21E+08,3814,3814,3838,3814
8.74785,3.21E+08,3814,3814,3838,3814
8.49399,3.21E+08,3814,3814,3838,3814
8.47839,3.21E+08,3814,3814,3838,3814
7.97879,3.21E+08,3814,3814,3839,3814
6.7518,3.21E+08,3814,3814,3839,3814
7.5351,3.21E+08,3814,3814,3839,3814
6.69957,3.21E+08,3814,3814,3839,3814
7.75369,3.21E+08,3814,3814,3839,3815
7.08105,3.21E+08,3814,3814,3839,3815
5.80262,3.21E+08,3814,3814,3839,3815
7.8138,3.21E+08,3814,3814,3839,3815
7.19879,3.21E+08,3815,3815,3839,3815
5.69575,3.21E+08,3815,3815,3839,3815
8.25571,3.21E+08,3815,3815,3840,3815
6.47481,3.21E+08,3815,3815,3840,3815
6.80268,3.21E+08,3815,3815,3840,3815
6.81079,3.21E+08,3815,3815,3840,3815
5.80699,3.21E+08,3815,3815,3840,3815
7.58336,3.21E+08,3815,3815,3840,3815
7.98282,3.21E+08,3816,3816,3840,3815
7.69804,3.21E+08,3816,3816,3840,3815
7.53011,3.21E+08,3816,3816,3840,3815
7.4239,3.21E+08,3816,3816,3840,3815
6.69999,3.21E+08,3816,3816,3841,3816
7.52317,3.21E+08,3816,3816,3841,3816
8.87954,3.21E+08,3816,3816,3841,3816
8.25912,3.21E+08,3816,3816,3841,3816
7.87167,3.21E+08,3817,3817,3841,3816
7.36002,3.21E+08,3817,3817,3842,3816
5.91807,3.21E+08,3817,3817,3842,3816
6.91794,3.21E+08,3817,3817,3842,3816
7.53526,3.21E+08,3817,3817,3842,3816
7.03532,3.21E+08,3817,3817,3842,3816
7.306,3.21E+08,3817,3817,3843,3816
8.19843,3.21E+08,3817,3817,3843,3816
8.87873,3.21E+08,3817,3817,3843,3817
7.63966,3.21E+08,3818,3818,3843,3817
7.98295,3.21E+08,3818,3818,3843,3817
8.08148,3.21E+08,3818,3818,3843,3817
7.32209,3.21E+08,3818,3818,3843,3817
7.02745,3.21E+08,3818,3818,3844,3817
7.86325,3.21E+08,3818,3818,3844,3817
8.92496,3.21E+08,3818,3818,3844,3817
7.5381,3.21E+08,3818,3818,3844,3817
8.26356,3.21E+08,3818,3818,3844,3817
9.1452,3.21E+08,3819,3819,3844,3817
7.64964,3.21E+08,3819,3819,3844,3818
6.52424,3.21E+08,3819,3819,3845,3818
8.26604,3.21E+08,3819,3819,3845,3818
8.47437,3.21E+08,3819,3819,3845,3818
8.43067,3.21E+08,3819,3819,3845,3818
6.91395,3.21E+08,3819,3819,3845,3818
6.42052,3.21E+08,3819,3819,3845,3819
7.41883,3.21E+08,3819,3819,3845,3819
7.75896,3.21E+08,3820,3820,3845,3819
6.52129,3.21E+08,3820,3820,3845,3819
8.3716,3.21E+08,3820,3820,3845,3819
7.87772,3.21E+08,3820,3820,3846,3819
6.68728,3.21E+08,3820,3820,3846,3819
6.92856,3.21E+08,3820,3820,3846,3820
7.25161,3.21E+08,3821,3821,3846,3820
8.59641,3.21E+08,3821,3821,3847,3820
8.19727,3.21E+08,3821,3821,3847,3820
8.31448,3.21E+08,3821,3821,3847,3821
7.58826,3.21E+08,3821,3821,3847,3821
7.75964,3.21E+08,3821,3821,3847,3821
7.53805,3.21E+08,3821,3821,3847,3821
7.24402,3.21E+08,3821,3821,3847,3821
7.08688,3.21E+08,3822,3822,3847,3821
8.59089,3.21E+08,3822,3822,3847,3821
6.81106,3.21E+08,3822,3822,3848,3821
7.58695,3.21E+08,3822,3822,3848,3821
7.20802,3.21E+08,3822,3822,3848,3822
7.80162,3.21E+08,3822,3822,3848,3822
7.99147,3.21E+08,3823,3823,3848,3822
6.9697,3.21E+08,3823,3823,3848,3822
7.98299,3.21E+08,3823,3823,3848,3822
7.69837,3.21E+08,3823,3823,3848,3822
7.14481,3.21E+08,3823,3823,3849,3822
8.03064,3.21E+08,3823,3823,3849,3822
6.25174,3.21E+08,3823,3823,3849,3823
6.63808,3.21E+08,3823,3823,3849,3823
7.08924,3.21E+08,3823,3823,3849,3823
6.58712,3.21E+08,3824,3824,3849,3823
8.02936,3.21E+08,3824,3824,3849,3823
7.47511,3.21E+08,3824,3824,3849,3823
6.75572,3.21E+08,3824,3824,3849,3823
7.42519,3.21E+08,3824,3824,3849,3824
7.64109,3.21E+08,3824,3824,3850,3824
6.92315,3.21E+08,3824,3824,3850,3824
8.08042,3.21E+08,3825,3825,3850,3824
5.69818,3.21E+08,3825,3825,3850,3824
5.96642,3.21E+08,3825,3825,3851,3824
6.86797,3.21E+08,3825,3825,3851,3824
6.07845,3.21E+08,3825,3825,3851,3824
7.53587,3.21E+08,3825,3825,3851,3824
7.42577,3.21E+08,3825,3825,3851,3824
7.19386,3.21E+08,3825,3825,3851,3824
5.96829,3.21E+08,3825,3825,3851,3824
7.9763,3.21E+08,3825,3825,3851,3824
7.76717,3.21E+08,3825,3825,3851,3825
8.42085,3.21E+08,3825,3825,3851,3825
8.71052,3.21E+08,3825,3825,3852,3825
6.68693,3.21E+08,3825,3825,3852,3825
8.04939,3.21E+08,3825,3825,3852,3825
7.97162,3.21E+08,3826,3826,3852,3825
7.37038,3.21E+08,3826,3826,3852,3825
7.97616,3.21E+08,3826,3826,3852,3825
7.98013,3.21E+08,3826,3826,3852,3825
7.14115,3.21E+08,3826,3826,3853,3825
7.92662,3.21E+08,3826,3826,3853,3826
6.85767,3.21E+08,3826,3826,3853,3826
8.14635,3.21E+08,3826,3826,3853,3826
8.59689,3.21E+08,3826,3826,3853,3826
9.2079,3.21E+08,3826,3826,3853,3826
7.25234,3.21E+08,3827,3827,3853,3826
7.1977,3.21E+08,3827,3827,3853,3826
8.25357,3.21E+08,3827,3827,3853,3826
7.98594,3.21E+08,3827,3827,3853,3826
7.4263,3.21E+08,3827,3827,3854,3826
6.74605,3.21E+08,3827,3827,3854,3826
7.86638,3.21E+08,3828,3828,3854,3826
6.53306,3.21E+08,3828,3828,3854,3826
7.42592,3.21E+08,3828,3828,3854,3827
8.08367,3.21E+08,3828,3828,3854,3827
7.64896,3.21E+08,3828,3828,3854,3827
8.09477,3.21E+08,3828,3828,3854,3827
7.86056,3.21E+08,3828,3828,3854,3828
7.58871,3.21E+08,3828,3828,3855,3828
7.53011,3.21E+08,3828,3828,3855,3828
7.20796,3.21E+08,3828,3828,3855,3828
6.4148,3.21E+08,3828,3828,3855,3828
6.92133,3.21E+08,3829,3828,3855,3828
7.80127,3.21E+08,3829,3829,3856,3828
7.15231,3.21E+08,3829,3829,3856,3828
8.92462,3.21E+08,3829,3829,3856,3828
8.26307,3.21E+08,3829,3829,3856,3828
7.58527,3.21E+08,3829,3829,3856,3828
7.64928,3.21E+08,3829,3829,3856,3828
7.97033,3.21E+08,3829,3829,3856,3828
7.81126,3.21E+08,3829,3829,3857,3828
6.58188,3.21E+08,3829,3829,3857,3828
6.76456,3.21E+08,3830,3830,3857,3828
8.25108,3.21E+08,3830,3830,3857,3829
7.36805,3.21E+08,3830,3830,3857,3829
7.75303,3.21E+08,3830,3830,3858,3829
6.92216,3.21E+08,3830,3830,3858,3829
6.85924,3.21E+08,3830,3830,3858,3829
7.81731,3.21E+08,3830,3830,3858,3829
7.35912,3.21E+08,3830,3830,3858,3829
7.97655,3.21E+08,3830,3830,3858,3830
8.71816,3.21E+08,3830,3830,3858,3830
8.3586,3.21E+08,3830,3830,3859,3830
9.50065,3.21E+08,3831,3831,3859,3830
7.14086,3.21E+08,3831,3831,3859,3831
7.4729,3.21E+08,3831,3831,3859,3831
9.04511,3.21E+08,3831,3831,3859,3831
8.36723,3.21E+08,3831,3831,3859,3831
7.58938,3.21E+08,3831,3831,3859,3831
6.75122,3.21E+08,3831,3831,3860,3831
7.97441,3.21E+08,3831,3831,3860,3832
7.1985,3.21E+08,3832,3832,3860,3832
6.8107,3.21E+08,3832,3832,3860,3832
7.25806,3.21E+08,3832,3832,3860,3832
7.69747,3.21E+08,3832,3832,3860,3832
7.87041,3.21E+08,3832,3832,3860,3832
7.53121,3.21E+08,3832,3832,3861,3833
6.4211,3.21E+08,3832,3832,3861,3833
9.14494,3.21E+08,3832,3832,3861,3833
6.47723,3.21E+08,3832,3832,3861,3833
7.91799,3.21E+08,3832,3832,3862,3833
6.97581,3.21E+08,3832,3832,3862,3833
7.7612,3.21E+08,3832,3832,3862,3833
6.24625,3.21E+08,3832,3832,3862,3834
6.86189,3.21E+08,3833,3833,3862,3834
8.14482,3.21E+08,3833,3833,3862,3834
7.70317,3.21E+08,3833,3833,3862,3834
7.81406,3.21E+08,3833,3833,3862,3834
6.9727,3.21E+08,3833,3833,3862,3834
7.5379,3.21E+08,3833,3833,3862,3834
7.02111,3.21E+08,3833,3833,3862,3834
7.43201,3.21E+08,3833,3833,3862,3834
7.41883,3.21E+08,3833,3833,3863,3834
7.4182,3.21E+08,3833,3833,3863,3834
8.82067,3.21E+08,3833,3833,3863,3835
7.53744,3.21E+08,3833,3833,3863,3835
7.63926,3.21E+08,3833,3833,3863,3835
7.25839,3.21E+08,3833,3833,3863,3835
8.4737,3.21E+08,3833,3834,3863,3835
8.13869,3.21E+08,3834,3834,3864,3835
8.93352,3.21E+08,3834,3834,3864,3835
7.25862,3.21E+08,3834,3834,3864,3835
6.80545,3.21E+08,3834,3834,3864,3835
8.09593,3.21E+08,3834,3834,3864,3836
7.31231,3.21E+08,3834,3834,3864,3836
8.48284,3.21E+08,3834,3834,3864,3836
8.58409,3.21E+08,3835,3835,3864,3836
8.37123,3.21E+08,3835,3835,3864,3836
7.19512,3.21E+08,3835,3835,3864,3836
7.48665,3.21E+08,3835,3835,3864,3836
7.02912,3.21E+08,3835,3835,3865,3836
7.87022,3.21E+08,3835,3835,3865,3837
7.14535,3.21E+08,3835,3835,3865,3837
7.86531,3.21E+08,3835,3835,3865,3837
7.36802,3.21E+08,3835,3835,3865,3837
8.36521,3.21E+08,3835,3835,3865,3837
9.76373,3.21E+08,3835,3835,3865,3837
8.09373,3.21E+08,3835,3835,3865,3838
8.03999,3.21E+08,3836,3835,3865,3838
6.69339,3.21E+08,3836,3836,3865,3838
6.80401,3.21E+08,3836,3836,3866,3838
7.42391,3.21E+08,3836,3836,3866,3838
6.36402,3.21E+08,3836,3836,3866,3839
7.13909,3.21E+08,3836,3836,3866,3839
8.48678,3.21E+08,3836,3836,3866,3839
9.20155,3.21E+08,3836,3836,3867,3839
7.36361,3.21E+08,3836,3836,3867,3839
7.64892,3.21E+08,3836,3836,3867,3839
6.47692,3.21E+08,3836,3836,3867,3840
6.91523,3.21E+08,3837,3837,3867,3840
7.25786,3.21E+08,3837,3837,3867,3840
8.08683,3.21E+08,3837,3837,3868,3840
8.53531,3.21E+08,3837,3837,3868,3840
7.98342,3.21E+08,3837,3837,3868,3840
8.58845,3.21E+08,3838,3838,3868,3840
7.81625,3.21E+08,3838,3838,3868,3840
8.47835,3.21E+08,3838,3838,3868,3840
8.20443,3.21E+08,3838,3838,3868,3840
7.92723,3.21E+08,3838,3838,3868,3840
7.30709,3.21E+08,3838,3838,3868,3840
8.65388,3.21E+08,3839,3839,3868,3841
8.0317,3.21E+08,3839,3839,3869,3841
7.47429,3.21E+08,3839,3839,3869,3841
6.86653,3.21E+08,3839,3839,3869,3841
6.85477,3.21E+08,3839,3839,3870,3841
6.70547,3.21E+08,3839,3839,3870,3841
9.08906,3.21E+08,3839,3839,3870,3841
8.59712,3.21E+08,3839,3839,3870,3841
8.14596,3.21E+08,3839,3839,3870,3842
8.9864,3.21E+08,3839,3839,3870,3842
8.59082,3.21E+08,3840,3840,3871,3842
7.3678,3.21E+08,3840,3840,3871,3842
7.31446,3.21E+08,3840,3840,3871,3842
8.5839,3.21E+08,3840,3840,3871,3842
8.09196,3.21E+08,3840,3840,3871,3842
7.02881,3.21E+08,3840,3840,3871,3842
7.14682,3.21E+08,3840,3840,3871,3842
8.53868,3.21E+08,3840,3840,3872,3842
7.74893,3.21E+08,3840,3840,3873,3843
7.86981,3.21E+08,3841,3841,3873,3843
6.81227,3.21E+08,3841,3841,3873,3843
6.75437,3.21E+08,3841,3841,3873,3843
7.91332,3.21E+08,3841,3841,3873,3843
7.98079,3.21E+08,3841,3841,3873,3843
7.64844,3.21E+08,3841,3841,3874,3843
6.69358,3.21E+08,3841,3841,3874,3843
6.53038,3.21E+08,3841,3841,3874,3844
7.25539,3.21E+08,3841,3841,3874,3844
7.02916,3.21E+08,3842,3842,3874,3844
6.3653,3.21E+08,3842,3842,3874,3844
8.53127,3.21E+08,3842,3842,3875,3844
8.0397,3.21E+08,3842,3842,3875,3844
7.42641,3.21E+08,3843,3843,3875,3844
7.13315,3.21E+08,3843,3843,3875,3844
8.37071,3.21E+08,3843,3843,3875,3844
9.82753,3.21E+08,3843,3843,3876,3845
8.09412,3.21E+08,3843,3843,3876,3845
7.47226,3.21E+08,3843,3843,3876,3845
9.04078,3.21E+08,3844,3844,3876,3845
7.58741,3.21E+08,3844,3844,3876,3845
7.75219,3.21E+08,3844,3844,3876,3845
8.0961,3.21E+08,3844,3844,3876,3845
7.59066,3.21E+08,3844,3844,3876,3845
7.20197,3.21E+08,3845,3845,3877,3846
5.91013,3.21E+08,3845,3845,3877,3846
7.30909,3.21E+08,3846,3846,3877,3846
6.53211,3.21E+08,3846,3846,3877,3846
6.86609,3.21E+08,3846,3846,3877,3847
9.03177,3.21E+08,3846,3846,3877,3847
7.14074,3.21E+08,3846,3846,3877,3847
7.69769,3.21E+08,3846,3846,3877,3847
5.80711,3.21E+08,3846,3846,3877,3847
6.86546,3.21E+08,3847,3847,3877,3847
7.14393,3.21E+08,3847,3847,3878,3847
7.53476,3.21E+08,3847,3847,3878,3847
5.29586,3.21E+08,3847,3847,3878,3847
7.534,3.21E+08,3847,3847,3878,3847
5.35589,3.21E+08,3848,3848,3878,3847
8.425,3.21E+08,3848,3848,3879,3848
7.04189,3.21E+08,3848,3848,3879,3848
6.68996,3.21E+08,3848,3848,3879,3848
7.03494,3.21E+08,3849,3849,3879,3848
7.64061,3.21E+08,3849,3849,3879,3849
6.4199,3.21E+08,3849,3849,3879,3849
8.8182,3.21E+08,3849,3849,3880,3849
8.31009,3.21E+08,3849,3849,3880,3849
7.81669,3.21E+08,3849,3849,3881,3849
6.51952,3.21E+08,3849,3849,3881,3849
7.82492,3.21E+08,3849,3849,3881,3849
7.97494,3.21E+08,3850,3850,3881,3849
8.37144,3.21E+08,3850,3850,3881,3849
8.14267,3.21E+08,3850,3850,3881,3850
7.59023,3.21E+08,3850,3850,3882,3850
7.42458,3.21E+08,3850,3850,3882,3850
7.36209,3.21E+08,3850,3850,3882,3850
8.98525,3.21E+08,3850,3850,3882,3850
6.19206,3.21E+08,3850,3850,3882,3850
7.47962,3.21E+08,3851,3851,3882,3851
7.42627,3.21E+08,3851,3851,3882,3851
6.85415,3.21E+08,3851,3851,3883,3851
8.71554,3.21E+08,3851,3851,3883,3851
8.0323,3.21E+08,3851,3851,3883,3851
7.98142,3.21E+08,3852,3852,3883,3851
6.41629,3.21E+08,3852,3852,3883,3852
7.03147,3.21E+08,3852,3852,3883,3852
8.8766,3.21E+08,3852,3852,3883,3852
6.85793,3.21E+08,3852,3852,3883,3852
6.86088,3.21E+08,3852,3852,3883,3853
8.76487,3.21E+08,3853,3853,3883,3853
7.30894,3.21E+08,3853,3853,3883,3853
7.63983,3.21E+08,3853,3853,3883,3853
7.42542,3.21E+08,3853,3853,3883,3853
8.42934,3.21E+08,3854,3854,3884,3853
6.53071,3.21E+08,3854,3854,3884,3853
6.79799,3.21E+08,3855,3855,3884,3853
6.92969,3.21E+08,3855,3855,3884,3854
7.02597,3.21E+08,3855,3855,3884,3854
7.5909,3.21E+08,3855,3855,3884,3854
8.20039,3.21E+08,3856,3856,3884,3854
7.87105,3.21E+08,3856,3856,3884,3854
7.0896,3.21E+08,3856,3856,3885,3854
7.02749,3.21E+08,3856,3856,3885,3855
8.48521,3.21E+08,3856,3856,3885,3855
7.13944,3.21E+08,3856,3856,3885,3855
6.7545,3.21E+08,3856,3856,3885,3855
7.80934,3.21E+08,3857,3857,3886,3855
7.81529,3.21E+08,3857,3857,3886,3855
8.08189,3.21E+08,3857,3857,3887,3855
8.10192,3.21E+08,3858,3858,3887,3855
6.80308,3.21E+08,3858,3858,3887,3855
8.47628,3.21E+08,3858,3858,3888,3855
7.76797,3.21E+08,3858,3858,3888,3856
8.47682,3.21E+08,3858,3858,3888,3856
7.70548,3.21E+08,3858,3858,3889,3856
7.25029,3.21E+08,3858,3858,3889,3856
6.92099,3.21E+08,3859,3859,3889,3857
8.47822,3.21E+08,3859,3859,3889,3857
8.53589,3.21E+08,3859,3859,3889,3857
6.75577,3.21E+08,3859,3859,3889,3857
7.68854,3.21E+08,3859,3859,3890,3857
7.93545,3.21E+08,3859,3859,3890,3857
9.1409,3.21E+08,3859,3859,3890,3857
7.31981,3.21E+08,3860,3860,3890,3858
8.25035,3.21E+08,3860,3860,3890,3858
7.59437,3.21E+08,3860,3860,3890,3858
7.08895,3.21E+08,3860,3860,3890,3858
8.35839,3.21E+08,3860,3860,3890,3858
7.48292,3.21E+08,3860,3860,3890,3859
7.13982,3.21E+08,3861,3861,3890,3859
8.03117,3.21E+08,3861,3861,3890,3859
7.48715,3.21E+08,3861,3861,3890,3860
7.02971,3.21E+08,3861,3861,3890,3860
6.58626,3.21E+08,3861,3861,3891,3860
7.19615,3.21E+08,3862,3862,3891,3860
7.87022,3.21E+08,3862,3862,3891,3860
7.19182,3.21E+08,3862,3862,3891,3860
7.75559,3.21E+08,3862,3862,3891,3861
7.03494,3.21E+08,3862,3862,3891,3861
8.14413,3.21E+08,3862,3862,3892,3861
8.03341,3.21E+08,3862,3862,3892,3861
8.03891,3.21E+08,3862,3862,3892,3861
6.97414,3.21E+08,3863,3863,3892,3861
7.03421,3.21E+08,3863,3863,3892,3861
6.80493,3.21E+08,3863,3863,3892,3861
6.58398,3.21E+08,3863,3863,3892,3862
7.42005,3.21E+08,3863,3863,3893,3862
7.97865,3.21E+08,3864,3864,3893,3862
8.32494,3.21E+08,3864,3864,3893,3862
8.08152,3.21E+08,3864,3864,3894,3862
8.70681,3.21E+08,3864,3864,3894,3862
8.08997,3.21E+08,3864,3864,3894,3862
8.70746,3.21E+08,3864,3864,3894,3862
6.91739,3.21E+08,3864,3864,3894,3863
8.1524,3.21E+08,3865,3865,3894,3863
7.31254,3.21E+08,3865,3865,3895,3863
8.80501,3.21E+08,3865,3865,3895,3863
7.26322,3.21E+08,3865,3865,3895,3863
7.19483,3.21E+08,3865,3865,3895,3863
7.09112,3.21E+08,3866,3866,3895,3863
6.35278,3.21E+08,3866,3866,3896,3863
6.8708,3.21E+08,3866,3866,3896,3863
6.53133,3.21E+08,3866,3866,3896,3863
6.58009,3.21E+08,3866,3866,3896,3864
6.75408,3.21E+08,3866,3866,3896,3864
6.25409,3.21E+08,3867,3867,3896,3864
7.5239,3.21E+08,3867,3867,3897,3864
6.30603,3.21E+08,3867,3867,3897,3865
6.69769,3.21E+08,3867,3867,3897,3865
8.81587,3.21E+08,3868,3868,3897,3865
7.92555,3.21E+08,3868,3868,3897,3865
7.47587,3.21E+08,3869,3869,3897,3865
8.31579,3.21E+08,3869,3869,3897,3865
8.99008,3.21E+08,3869,3869,3897,3866
8.08338,3.21E+08,3869,3869,3898,3866
8.36912,3.21E+08,3869,3869,3898,3866
7.53811,3.21E+08,3870,3870,3898,3866
7.75372,3.21E+08,3870,3870,3898,3866
8.31522,3.21E+08,3870,3870,3898,3866
8.98197,3.21E+08,3870,3870,3898,3866
7.76146,3.21E+08,3870,3870,3898,3867
8.14371,3.21E+08,3870,3870,3898,3867
8.09321,3.21E+08,3870,3870,3899,3867
8.03126,3.21E+08,3870,3870,3899,3868
6.97396,3.21E+08,3871,3871,3899,3868
7.81459,3.21E+08,3871,3871,3899,3868
7.31075,3.21E+08,3871,3871,3900,3868
8.02614,3.21E+08,3871,3871,3900,3868
8.37519,3.21E+08,3871,3871,3900,3869
8.70471,3.21E+08,3871,3871,3900,3869
7.4219,3.21E+08,3872,3872,3900,3869
8.48461,3.21E+08,3872,3872,3900,3869
7.92871,3.21E+08,3872,3872,3900,3869
6.29605,3.21E+08,3872,3872,3901,3869
8.26825,3.21E+08,3872,3872,3901,3870
7.25314,3.21E+08,3872,3872,3901,3870
7.75762,3.21E+08,3872,3872,3901,3870
8.71161,3.21E+08,3872,3872,3901,3870
7.02681,3.21E+08,3872,3872,3901,3870
8.08809,3.21E+08,3873,3873,3901,3870
7.58645,3.21E+08,3873,3873,3901,3871
8.70384,3.21E+08,3873,3873,3901,3871
7.47819,3.21E+08,3873,3873,3902,3871
6.74273,3.21E+08,3873,3873,3902,3871
7.21483,3.21E+08,3873,3873,3902,3871
7.19021,3.21E+08,3873,3873,3902,3871
7.48042,3.21E+08,3873,3873,3902,3871
7.69443,3.21E+08,3873,3873,3902,3871
7.71151,3.21E+08,3873,3873,3902,3872
8.1976,3.21E+08,3873,3873,3903,3872
6.41999,3.21E+08,3874,3874,3903,3873
6.92339,3.21E+08,3874,3874,3903,3873
7.36072,3.21E+08,3874,3874,3903,3873
8.53826,3.21E+08,3874,3874,3903,3873
7.25184,3.21E+08,3874,3874,3903,3873
7.86485,3.21E+08,3875,3875,3904,3873
7.59179,3.21E+08,3875,3875,3904,3873
7.7552,3.21E+08,3875,3875,3904,3873
8.03731,3.21E+08,3875,3875,3904,3873
7.25668,3.21E+08,3876,3876,3904,3873
7.86354,3.21E+08,3876,3876,3905,3873
7.59331,3.21E+08,3876,3876,3905,3873
7.74966,3.21E+08,3876,3876,3905,3873
7.37087,3.21E+08,3876,3876,3905,3874
7.64808,3.21E+08,3876,3876,3905,3874
8.53356,3.21E+08,3876,3876,3905,3874
7.81648,3.21E+08,3876,3876,3906,3874
7.63839,3.21E+08,3877,3877,3906,3874
7.14158,3.21E+08,3877,3877,3906,3874
7.25639,3.21E+08,3877,3877,3906,3875
7.81719,3.21E+08,3877,3877,3907,3875
6.5753,3.21E+08,3877,3877,3907,3875
7.87838,3.21E+08,3877,3877,3907,3875
7.41726,3.21E+08,3877,3877,3907,3875
7.86478,3.21E+08,3878,3878,3907,3876
9.26562,3.21E+08,3878,3878,3907,3876
7.37023,3.21E+08,3878,3878,3907,3876
6.69171,3.21E+08,3878,3878,3907,3876
8.08834,3.21E+08,3878,3878,3908,3876
6.91684,3.21E+08,3878,3878,3908,3877
8.49185,3.21E+08,3879,3879,3908,3877
7.69878,3.21E+08,3879,3879,3908,3877
8.37544,3.21E+08,3879,3879,3908,3877
7.41657,3.21E+08,3879,3879,3908,3877
7.81018,3.21E+08,3879,3879,3909,3878
7.81266,3.21E+08,3880,3880,3909,3878
7.92495,3.21E+08,3880,3880,3909,3878
6.75387,3.21E+08,3880,3880,3909,3878
7.42413,3.21E+08,3880,3880,3909,3879
7.25024,3.21E+08,3880,3880,3909,3879
7.4817,3.21E+08,3880,3880,3909,3879
7.91969,3.21E+08,3880,3880,3910,3879
7.64748,3.21E+08,3880,3880,3910,3879
6.52599,3.21E+08,3880,3880,3910,3879
6.58667,3.21E+08,3880,3880,3910,3879
7.6402,3.21E+08,3881,3881,3911,3879
7.25424,3.21E+08,3881,3881,3911,3879
7.75587,3.21E+08,3881,3881,3911,3880
7.25705,3.21E+08,3881,3881,3911,3880
8.08769,3.21E+08,3881,3881,3911,3880
7.87335,3.21E+08,3881,3881,3911,3880
7.7529,3.21E+08,3882,3882,3911,3880
7.25184,3.21E+08,3882,3882,3911,3880
10.1591,3.21E+08,3883,3883,3912,3880
7.9841,3.21E+08,3883,3883,3912,3880
7.91558,3.21E+08,3883,3883,3912,3881
8.42653,3.21E+08,3883,3883,3913,3881
7.87284,3.21E+08,3883,3883,3913,3881
8.15026,3.21E+08,3883,3883,3913,3882
7.30569,3.21E+08,3883,3883,3913,3882
6.86499,3.21E+08,3883,3883,3914,3882
7.64189,3.21E+08,3883,3883,3914,3882
8.31772,3.21E+08,3884,3884,3914,3882
7.87109,3.21E+08,3884,3884,3914,3882
7.74488,3.21E+08,3884,3884,3914,3882
7.65564,3.21E+08,3885,3885,3914,3883
8.58539,3.21E+08,3885,3885,3914,3883
7.1972,3.21E+08,3885,3885,3914,3883
6.2538,3.21E+08,3885,3885,3915,3883
7.87284,3.21E+08,3885,3885,3915,3883
7.46697,3.21E+08,3886,3886,3915,3883
7.43127,3.21E+08,3886,3886,3915,3884
6.69237,3.21E+08,3886,3886,3915,3884
8.93205,3.21E+08,3887,3887,3915,3884
6.35812,3.21E+08,3887,3887,3916,3884
7.53416,3.21E+08,3887,3887,3916,3884
7.08476,3.21E+08,3887,3887,3916,3885
7.31361,3.21E+08,3888,3888,3916,3885
6.35851,3.21E+08,3888,3888,3916,3885
9.15495,3.21E+08,3888,3888,3916,3885
7.47972,3.21E+08,3888,3888,3917,3885
7.80112,3.21E+08,3888,3888,3917,3885
7.71162,3.21E+08,3888,3888,3917,3886
7.97658,3.21E+08,3888,3888,3917,3886
7.19544,3.21E+08,3889,3889,3917,3886
8.65024,3.21E+08,3889,3889,3918,3886
7.53723,3.21E+08,3890,3890,3918,3886
7.18806,3.21E+08,3890,3890,3919,3886
7.82453,3.21E+08,3890,3890,3919,3887
6.30243,3.21E+08,3890,3890,3919,3887
7.36644,3.21E+08,3890,3890,3919,3887
10.2095,3.21E+08,3891,3891,3920,3888
7.53274,3.21E+08,3891,3891,3920,3888
7.53762,3.21E+08,3891,3891,3920,3888
7.80902,3.21E+08,3891,3891,3920,3888
7.64717,3.21E+08,3892,3892,3921,3889
7.92078,3.21E+08,3892,3892,3921,3889
7.64914,3.21E+08,3892,3892,3921,3889
6.96599,3.21E+08,3892,3892,3921,3889
7.42636,3.21E+08,3892,3892,3921,3889
6.97522,3.21E+08,3892,3892,3921,3889
7.14067,3.21E+08,3893,3893,3921,3890
8.76491,3.21E+08,3893,3893,3922,3890
7.53649,3.21E+08,3893,3893,3922,3890
8.02596,3.21E+08,3893,3893,3922,3890
7.14363,3.21E+08,3893,3893,3922,3890
6.6994,3.21E+08,3893,3893,3922,3891
6.58726,3.21E+08,3893,3893,3923,3891
8.47826,3.21E+08,3895,3895,3923,3891
7.58644,3.21E+08,3895,3895,3923,3891
6.58814,3.21E+08,3895,3895,3923,3891
7.42589,3.21E+08,3895,3895,3924,3891
7.91143,3.21E+08,3895,3895,3924,3891
6.86732,3.21E+08,3895,3895,3924,3892
7.31245,3.21E+08,3895,3895,3924,3893
6.97831,3.21E+08,3895,3895,3924,3893
7.75219,3.21E+08,3895,3895,3924,3893
8.03097,3.21E+08,3896,3896,3924,3893
6.80527,3.21E+08,3896,3896,3924,3893
6.1464,3.21E+08,3896,3896,3924,3893
7.25106,3.21E+08,3897,3897,3924,3893
6.75548,3.21E+08,3897,3897,3925,3894
7.52936,3.21E+08,3897,3897,3925,3894
7.42037,3.21E+08,3897,3897,3925,3895
7.8129,3.21E+08,3897,3897,3925,3895
7.41911,3.21E+08,3898,3898,3925,3895
7.48186,3.21E+08,3898,3898,3926,3895
8.25315,3.21E+08,3898,3898,3926,3895
7.25865,3.21E+08,3898,3898,3926,3896
7.47331,3.21E+08,3898,3898,3926,3896
8.03765,3.21E+08,3898,3898,3927,3896
6.80596,3.21E+08,3898,3898,3927,3896
6.86671,3.21E+08,3898,3898,3927,3896
7.25723,3.21E+08,3898,3898,3927,3896
7.30497,3.21E+08,3898,3898,3928,3897
6.64027,3.21E+08,3898,3898,3928,3897
7.08452,3.21E+08,3899,3899,3928,3897
8.65192,3.21E+08,3899,3899,3929,3898
8.3738,3.21E+08,3899,3899,3929,3898
7.5784,3.21E+08,3899,3899,3929,3898
7.20775,3.21E+08,3899,3899,3930,3898
7.30577,3.21E+08,3899,3899,3930,3899
8.14937,3.21E+08,3899,3899,3931,3899
6.92206,3.21E+08,3900,3900,3931,3899
7.24669,3.21E+08,3900,3900,3931,3899
6.80609,3.21E+08,3901,3901,3931,3899
6.53931,3.21E+08,3901,3901,3932,3899
7.57993,3.21E+08,3901,3901,3932,3899
7.14366,3.21E+08,3901,3901,3932,3899
7.87009,3.21E+08,3902,3902,3933,3900
8.09632,3.21E+08,3902,3902,3933,3900
6.86056,3.21E+08,3902,3902,3933,3900
8.08891,3.21E+08,3902,3902,3933,3900
8.25945,3.21E+08,3902,3902,3933,3900
5.85809,3.21E+08,3902,3902,3933,3900
7.47866,3.21E+08,3902,3902,3934,3901
7.86427,3.21E+08,3903,3903,3934,3901
8.14414,3.21E+08,3903,3903,3935,3901
7.37006,3.21E+08,3904,3904,3935,3902
7.80929,3.21E+08,3904,3904,3935,3902
7.5349,3.21E+08,3904,3904,3936,3902
7.09145,3.21E+08,3904,3904,3936,3902
8.13618,3.21E+08,3904,3904,3936,3902
7.15196,3.21E+08,3905,3904,3936,3903
7.9767,3.21E+08,3905,3905,3936,3904
7.47959,3.21E+08,3905,3905,3937,3905
8.09443,3.21E+08,3905,3905,3937,3905
6.52587,3.21E+08,3905,3905,3937,3905
7.86997,3.21E+08,3906,3906,3938,3906
9.08355,3.21E+08,3907,3907,3939,3906
7.04041,3.21E+08,3907,3907,3939,3906
6.63346,3.21E+08,3908,3908,3939,3906
7.70143,3.21E+08,3908,3908,3939,3906
6.08635,3.21E+08,3908,3908,3939,3907
6.80496,3.21E+08,3908,3908,3940,3907
7.20063,3.21E+08,3909,3909,3940,3907
8.09586,3.21E+08,3909,3909,3940,3907
7.69766,3.21E+08,3909,3909,3940,3907
6.8592,3.21E+08,3909,3909,3940,3907
8.65324,3.21E+08,3909,3909,3941,3908
8.04056,3.21E+08,3910,3910,3942,3908
7.41242,3.21E+08,3910,3910,3942,3909
7.86807,3.21E+08,3910,3910,3942,3909
7.9813,3.21E+08,3911,3911,3942,3909
8.42494,3.21E+08,3911,3911,3942,3909
8.26305,3.21E+08,3911,3911,3942,3910
6.58791,3.21E+08,3911,3911,3943,3910
8.41271,3.21E+08,3911,3911,3943,3910
7.3772,3.21E+08,3911,3911,3943,3910
8.08123,3.21E+08,3911,3911,3944,3911
6.97691,3.21E+08,3911,3911,3944,3911
8.20576,3.21E+08,3911,3911,3945,3911
8.32007,3.21E+08,3912,3912,3945,3911
7.47201,3.21E+08,3912,3912,3945,3911
8.64778,3.21E+08,3912,3912,3945,3912
6.13853,3.21E+08,3912,3912,3946,3912
8.14614,3.21E+08,3913,3913,3946,3912
6.58703,3.21E+08,3914,3914,3946,3912
6.9741,3.21E+08,3914,3914,3946,3912
7.53194,3.21E+08,3914,3914,3946,3912
6.86488,3.21E+08,3914,3914,3947,3912
7.08749,3.21E+08,3914,3914,3947,3912
7.70541,3.21E+08,3915,3915,3947,3912
7.08196,3.21E+08,3916,3916,3947,3913
6.47699,3.21E+08,3916,3916,3948,3913
6.46666,3.21E+08,3917,3917,3948,3914
7.30718,3.21E+08,3917,3917,3948,3914
7.03394,3.21E+08,3918,3918,3949,3914
7.5368,3.21E+08,3918,3918,3949,3915
8.70257,3.21E+08,3918,3918,3949,3915
7.92605,3.21E+08,3919,3919,3949,3915
8.81123,3.21E+08,3919,3919,3949,3915
8.08871,3.21E+08,3919,3919,3950,3915
7.25292,3.21E+08,3919,3919,3950,3915
7.54361,3.21E+08,3920,3920,3950,3916
8.5335,3.21E+08,3920,3920,3950,3916
7.86538,3.21E+08,3921,3921,3951,3916
7.70164,3.21E+08,3921,3921,3951,3917
8.5939,3.21E+08,3922,3922,3951,3917
7.64611,3.21E+08,3922,3922,3951,3917
7.98357,3.21E+08,3922,3922,3952,3917
7.96928,3.21E+08,3922,3922,3952,3917
7.64108,3.21E+08,3922,3922,3953,3917
6.98507,3.21E+08,3923,3923,3953,3918
6.52629,3.21E+08,3923,3923,3953,3918
7.03452,3.21E+08,3924,3924,3953,3918
7.41401,3.21E+08,3924,3924,3953,3918
6.64087,3.21E+08,3924,3924,3954,3918
6.97927,3.21E+08,3924,3924,3955,3919
7.30887,3.21E+08,3924,3924,3955,3919
7.20005,3.21E+08,3925,3925,3955,3919
8.20874,3.21E+08,3925,3925,3956,3920
6.85895,3.21E+08,3925,3925,3956,3920
7.36843,3.21E+08,3925,3925,3957,3921
8.86867,3.21E+08,3926,3926,3957,3921
6.64214,3.21E+08,3926,3926,3957,3921
7.52362,3.21E+08,3926,3926,3958,3921
6.20405,3.21E+08,3926,3926,3959,3921
7.58219,3.21E+08,3926,3926,3959,3921
7.924,3.21E+08,3926,3926,3959,3921
7.75553,3.21E+08,3927,3927,3960,3922
7.37017,3.21E+08,3927,3927,3960,3922
6.69368,3.21E+08,3927,3927,3960,3922
8.26335,3.21E+08,3928,3928,3960,3922
6.91713,3.21E+08,3928,3928,3960,3922
7.02458,3.21E+08,3929,3929,3960,3923
6.53318,3.21E+08,3929,3929,3960,3923
8.14367,3.21E+08,3930,3930,3960,3923
7.47678,3.21E+08,3930,3930,3961,3923
6.75197,3.21E+08,3931,3931,3961,3923
7.64193,3.21E+08,3931,3931,3962,3923
8.21559,3.21E+08,3931,3931,3962,3924
7.4743,3.21E+08,3931,3931,3962,3924
8.25388,3.21E+08,3931,3931,3963,3924
7.64171,3.21E+08,3931,3931,3963,3924
8.03815,3.21E+08,3931,3931,3963,3924
7.97651,3.21E+08,3932,3932,3963,3924
6.75591,3.21E+08,3932,3932,3963,3925
7.42355,3.21E+08,3932,3932,3964,3926
8.47545,3.21E+08,3933,3933,3964,3926
8.7038,3.21E+08,3933,3933,3964,3926
7.87195,3.21E+08,3933,3933,3964,3926
7.75533,3.21E+08,3933,3933,3964,3926
8.87586,3.21E+08,3934,3934,3964,3927
7.36997,3.21E+08,3934,3934,3965,3927
6.85908,3.21E+08,3934,3934,3965,3927
7.36335,3.21E+08,3934,3934,3965,3928
7.64558,3.21E+08,3934,3934,3965,3928
7.36339,3.21E+08,3934,3934,3966,3928
7.53755,3.21E+08,3934,3934,3966,3928
6.36424,3.21E+08,3935,3935,3967,3928
6.19188,3.21E+08,3936,3936,3967,3928
7.87259,3.21E+08,3936,3936,3967,3929
7.25155,3.21E+08,3936,3936,3968,3929
7.3075,3.21E+08,3936,3936,3968,3930
7.86352,3.21E+08,3937,3937,3968,3930
9.42826,3.21E+08,3937,3937,3968,3930
7.03455,3.21E+08,3937,3937,3968,3930
8.15276,3.21E+08,3937,3937,3968,3930
7.47397,3.21E+08,3938,3938,3969,3931
7.69731,3.21E+08,3938,3938,3969,3931
9.48277,3.21E+08,3938,3938,3969,3931
7.92899,3.21E+08,3938,3939,3969,3932
7.53789,3.21E+08,3939,3939,3969,3932
8.03261,3.21E+08,3939,3939,3970,3932
8.42846,3.21E+08,3939,3939,3970,3933
7.58594,3.21E+08,3940,3940,3970,3933
9.10142,3.21E+08,3940,3940,3971,3933
7.85633,3.21E+08,3941,3941,3971,3933
8.54776,3.21E+08,3941,3941,3972,3933
8.3665,3.21E+08,3941,3941,3972,3934
8.76317,3.21E+08,3941,3941,3972,3934
6.97177,3.21E+08,3941,3941,3973,3934
9.04263,3.21E+08,3941,3941,3973,3934
7.20257,3.21E+08,3942,3942,3974,3935
6.52602,3.21E+08,3942,3942,3974,3936
8.58789,3.21E+08,3942,3942,3974,3936
7.80957,3.21E+08,3943,3943,3974,3936
7.31452,3.21E+08,3943,3943,3975,3937
8.26203,3.21E+08,3943,3943,3975,3937
7.97601,3.21E+08,3943,3943,3975,3937
7.59279,3.21E+08,3944,3944,3975,3938
6.58096,3.21E+08,3944,3944,3976,3938
6.97531,3.21E+08,3944,3944,3976,3938
7.53074,3.21E+08,3945,3945,3977,3939
8.36826,3.21E+08,3945,3945,3977,3940
7.47639,3.21E+08,3946,3946,3977,3940
8.54946,3.21E+08,3946,3946,3977,3940
7.75195,3.21E+08,3947,3947,3978,3940
8.53402,3.21E+08,3947,3947,3978,3941
7.98335,3.21E+08,3947,3947,3979,3941
7.37057,3.21E+08,3947,3947,3979,3941
7.58676,3.21E+08,3948,3948,3980,3942
7.974,3.21E+08,3948,3948,3980,3942
8.59528,3.21E+08,3948,3948,3981,3942
7.64848,3.21E+08,3949,3949,3981,3943
6.8608,3.21E+08,3949,3949,3981,3943
6.80548,3.21E+08,3950,3950,3981,3943
6.69452,3.21E+08,3950,3950,3982,3943
6.02556,3.21E+08,3950,3950,3982,3944
8.87675,3.21E+08,3950,3950,3982,3944
8.08788,3.21E+08,3950,3950,3983,3944
8.43014,3.21E+08,3950,3950,3983,3944
7.81536,3.21E+08,3950,3950,3983,3945
8.59109,3.21E+08,3951,3951,3984,3945
6.41837,3.21E+08,3952,3952,3984,3945
7.41966,3.21E+08,3952,3952,3985,3946
8.71003,3.21E+08,3952,3952,3985,3946
8.97474,3.21E+08,3952,3952,3985,3946
6.36491,3.21E+08,3953,3953,3985,3947
8.03141,3.21E+08,3954,3954,3986,3947
7.4246,3.21E+08,3954,3954,3987,3947
6.97947,3.21E+08,3954,3954,3987,3948
6.63728,3.21E+08,3955,3955,3988,3948
6.86425,3.21E+08,3955,3955,3988,3949
8.86997,3.21E+08,3955,3955,3988,3949
9.9866,3.21E+08,3956,3956,3988,3950
7.0876,3.21E+08,3956,3956,3988,3950
8.87774,3.21E+08,3957,3957,3988,3951
8.47723,3.21E+08,3957,3957,3989,3951
6.86858,3.21E+08,3957,3957,3989,3951
7.47226,3.21E+08,3958,3958,3989,3952
8.20763,3.21E+08,3958,3959,3990,3952
7.69616,3.21E+08,3959,3959,3990,3952
8.98813,3.21E+08,3959,3959,3990,3953
7.30766,3.21E+08,3960,3960,3992,3953
8.76127,3.21E+08,3960,3960,3992,3953
7.53307,3.21E+08,3960,3960,3993,3953
7.5379,3.21E+08,3960,3960,3993,3954
7.41079,3.21E+08,3960,3960,3993,3954
6.75358,3.21E+08,3961,3961,3993,3956
6.58841,3.21E+08,3961,3961,3993,3956
7.25261,3.21E+08,3962,3962,3993,3957
6.08398,3.21E+08,3962,3962,3993,3957
6.75562,3.21E+08,3962,3962,3994,3957
7.36003,3.21E+08,3962,3962,3994,3957
6.25386,3.21E+08,3963,3963,3994,3957
7.8071,3.21E+08,3963,3963,3995,3958
6.69825,3.21E+08,3964,3964,3995,3958
7.30567,3.21E+08,3964,3964,3995,3958
6.75087,3.21E+08,3965,3965,3996,3958
7.86971,3.21E+08,3965,3965,3996,3959
7.86521,3.21E+08,3965,3965,3996,3959
6.69431,3.21E+08,3966,3966,3997,3960
6.64433,3.21E+08,3966,3966,3997,3960
6.58667,3.21E+08,3966,3966,3998,3960
7.64975,3.21E+08,3966,3966,3998,3961
7.41335,3.21E+08,3966,3966,3998,3961
6.86204,3.21E+08,3967,3967,3999,3961
6.64358,3.21E+08,3969,3969,3999,3961
6.69766,3.21E+08,3969,3969,3999,3962
7.20307,3.21E+08,3969,3969,4000,3962
7.63409,3.21E+08,3971,3971,4000,3962
8.48389,3.21E+08,3971,3971,4001,3962
7.81562,3.21E+08,3972,3972,4001,3962
7.2576,3.21E+08,3972,3972,4001,3963
8.14281,3.21E+08,3973,3973,4001,3963
7.36993,3.21E+08,3973,3973,4001,3963
7.69007,3.21E+08,3973,3973,4003,3964
8.82444,3.21E+08,3973,3973,4004,3965
7.58779,3.21E+08,3973,3973,4005,3966
7.75559,3.21E+08,3973,3973,4005,3966
8.65423,3.21E+08,3974,3974,4005,3967
6.41331,3.21E+08,3975,3975,4006,3967
7.48171,3.21E+08,3976,3976,4007,3968
8.64243,3.21E+08,3976,3976,4009,3968
8.75811,3.21E+08,3976,3976,4010,3968
6.81205,3.21E+08,3978,3978,4010,3969
7.37058,3.21E+08,3978,3978,4011,3969
7.64111,3.21E+08,3978,3978,4011,3969
8.6539,3.21E+08,3979,3979,4011,3970
8.14302,3.21E+08,3979,3979,4011,3970
8.31531,3.21E+08,3979,3979,4012,3970
7.63486,3.21E+08,3980,3980,4012,3970
6.36609,3.21E+08,3981,3981,4012,3971
7.20257,3.21E+08,3982,3982,4013,3971
7.46747,3.21E+08,3983,3982,4013,3971
7.42875,3.21E+08,3983,3983,4013,3971
7.58857,3.21E+08,3983,3983,4014,3971
7.97609,3.21E+08,3984,3984,4015,3972
7.08893,3.21E+08,3985,3985,4016,3973
8.03859,3.21E+08,3985,3985,4016,3975
8.65233,3.21E+08,3986,3986,4016,3975
7.13995,3.21E+08,3986,3986,4016,3975
7.09073,3.21E+08,3986,3986,4016,3975
8.14302,3.21E+08,3987,3987,4017,3976
7.52351,3.21E+08,3987,3987,4017,3977
7.37712,3.21E+08,3988,3988,4018,3977
7.41828,3.21E+08,3988,3988,4018,3978
7.64647,3.21E+08,3988,3988,4019,3978
7.07725,3.21E+08,3989,3989,4019,3979
6.81201,3.21E+08,3989,3989,4020,3979
7.58976,3.21E+08,3990,3990,4020,3979
8.1441,3.21E+08,3992,3992,4020,3980
8.03949,3.21E+08,3992,3992,4020,3980
7.5864,3.21E+08,3992,3992,4020,3980
8.92971,3.21E+08,3992,3992,4020,3980
6.58324,3.21E+08,3992,3992,4022,3981
6.36384,3.21E+08,3992,3992,4022,3981
6.58491,3.21E+08,3993,3993,4022,3981
5.9705,3.21E+08,3994,3994,4022,3982
7.25033,3.21E+08,3995,3995,4023,3983
6.14017,3.21E+08,3995,3995,4024,3983
7.30779,3.21E+08,3995,3995,4024,3984
7.47431,3.21E+08,3995,3995,4025,3984
8.32493,3.21E+08,3996,3996,4026,3985
7.8657,3.21E+08,3997,3997,4026,3986
7.20258,3.21E+08,3998,3998,4026,3986
8.53206,3.21E+08,3998,3998,4026,3987
8.31954,3.21E+08,3998,3998,4027,3988
8.07944,3.21E+08,3999,3999,4027,3988
7.82271,3.21E+08,4000,4000,4027,3988
6.96573,3.21E+08,4000,4000,4027,3989
7.54417,3.21E+08,4000,4000,4028,3989
7.63863,3.21E+08,4001,4001,4030,3991
7.76179,3.21E+08,4001,4001,4031,3991
8.19978,3.21E+08,4001,4001,4032,3991
7.75263,3.21E+08,4002,4002,4032,3992
7.5349,3.21E+08,4002,4002,4033,3992
7.86526,3.21E+08,4002,4002,4033,3993
8.03349,3.21E+08,4004,4004,4033,3995
8.32771,3.21E+08,4004,4004,4034,3996
6.9721,3.21E+08,4004,4004,4034,3996
7.24996,3.21E+08,4005,4005,4036,3996
6.97283,3.21E+08,4006,4006,4037,3997
7.20016,3.21E+08,4007,4007,4037,3997
7.31305,3.21E+08,4009,4009,4037,3998
6.416,3.21E+08,4010,4010,4037,3998
8.87522,3.21E+08,4010,4010,4038,3999
7.47337,3.21E+08,4010,4010,4039,3999
7.53485,3.21E+08,4011,4011,4040,4000
8.03991,3.21E+08,4012,4012,4040,4002
6.91477,3.21E+08,4013,4013,4041,4003
7.42123,3.21E+08,4016,4016,4042,4004
6.64267,3.21E+08,4017,4017,4044,4004
7.09137,3.21E+08,4022,4022,4048,4004
7.52537,3.21E+08,4022,4022,4048,4005
7.97651,3.21E+08,4023,4023,4048,4005
8.47983,3.21E+08,4023,4023,4048,4005
6.65032,3.21E+08,4023,4023,4048,4006
8.03141,3.21E+08,4024,4024,4049,4008
7.81593,3.21E+08,4024,4024,4049,4009
6.85631,3.21E+08,4025,4025,4049,4010
8.93062,3.21E+08,4026,4026,4049,4011
9.99411,3.21E+08,4026,4026,4050,4011
8.9786,3.21E+08,4027,4027,4050,4012
8.58987,3.21E+08,4029,4029,4051,4012
7.1455,3.21E+08,4029,4029,4051,4013
8.71062,3.21E+08,4030,4030,4052,4014
8.25271,3.21E+08,4030,4030,4052,4015
8.93432,3.21E+08,4030,4030,4055,4017
7.5293,3.21E+08,4031,4031,4056,4017
7.47581,3.21E+08,4034,4034,4056,4018
8.93296,3.21E+08,4035,4035,4057,4019
8.75193,3.21E+08,4037,4037,4057,4020
7.92334,3.21E+08,4037,4037,4061,4020
7.92599,3.21E+08,4038,4038,4061,4020
6.97268,3.21E+08,4040,4040,4062,4020
6.03477,3.21E+08,4041,4041,4063,4020
7.36085,3.21E+08,4041,4041,4064,4021
8.20085,3.21E+08,4043,4043,4066,4021
7.25605,3.21E+08,4044,4044,4068,4023
7.70263,3.21E+08,4045,4045,4068,4024
6.19818,3.21E+08,4045,4045,4068,4025
7.41874,3.21E+08,4046,4046,4071,4027
7.63791,3.21E+08,4047,4047,4072,4028
6.75608,3.21E+08,4049,4049,4074,4029
6.97202,3.21E+08,4051,4051,4075,4031
7.0916,3.21E+08,4051,4051,4077,4032
8.25172,3.21E+08,4051,4051,4078,4032
7.3063,3.21E+08,4051,4051,4078,4033
9.50136,3.21E+08,4052,4052,4079,4034
7.975,3.21E+08,4056,4056,4079,4034
8.47771,3.21E+08,4056,4056,4079,4037
7.75839,3.21E+08,4057,4057,4080,4038
7.30999,3.21E+08,4057,4057,4082,4040
7.25468,3.21E+08,4057,4057,4083,4041
8.0375,3.21E+08,4064,4064,4083,4041
7.5314,3.21E+08,4065,4065,4084,4043
7.47648,3.21E+08,4065,4065,4088,4043
7.30878,3.21E+08,4068,4068,4090,4044
8.20774,3.21E+08,4068,4068,4093,4046
6.63608,3.21E+08,4068,4068,4095,4048
6.30886,3.21E+08,4071,4071,4096,4050
7.58982,3.21E+08,4071,4071,4099,4050
6.24611,3.21E+08,4073,4073,4100,4053
7.87295,3.21E+08,4076,4076,4102,4054
8.25489,3.21E+08,4077,4077,4103,4054
6.74803,3.21E+08,4078,4078,4105,4055
6.42096,3.21E+08,4083,4083,4107,4057
6.97679,3.21E+08,4085,4085,4108,4059
7.4742,3.21E+08,4089,4089,4109,4060
7.31168,3.21E+08,4090,4090,4109,4060
7.69405,3.21E+08,4093,4093,4110,4061
7.71243,3.21E+08,4096,4096,4111,4062
7.97492,3.21E+08,4099,4099,4117,4062
7.19989,3.21E+08,4103,4103,4121,4062
7.69835,3.21E+08,4103,4103,4122,4064
8.15047,3.21E+08,4104,4104,4122,4066
7.64155,3.21E+08,4106,4106,4122,4066
8.64853,3.21E+08,4108,4108,4125,4071
6.80962,3.21E+08,4112,4112,4127,4084
8.14992,3.21E+08,4114,4114,4128,4095
6.96508,3.21E+08,4118,4118,4131,4098
8.49487,3.21E+08,4128,4128,4139,4102
7.80266,3.21E+08,4133,4133,4142,4103
8.75871,3.21E+08,4133,4133,4144,4105
7.3735,3.21E+08,4136,4136,4149,4113
7.07755,3.21E+08,4138,4138,4154,4119
6.87481,3.21E+08,4139,4139,4155,4122
7.0248,3.21E+08,4139,4139,4155,4124
7.87227,3.21E+08,4141,4141,4156,4131
7.30194,3.21E+08,4147,4147,4156,4131
7.59373,3.21E+08,4151,4151,4156,4146
7.81161,3.21E+08,4152,4152,4160,4149
7.64274,3.21E+08,4158,4158,4161,4150
7.42384,3.21E+08,4158,4158,4175,4159
6.42077,3.21E+08,4170,4170,4205,4175
7.75268,3.21E+08,4216,4216,4228,4203
6.41471,3.21E+08,4258,4258,4229,4300
8.47955,3.21E+08,4283,4283,4310,4379
,305MB,3584.024719,3584.023886,3587.139425,3583.933759
