cpus,mem,recvTps,sendTps,acceptTps,loginTps
0.994973,3.09E+08,0,0,0,0
0.0555294,3.09E+08,0,0,0,0
0,3.09E+08,0,0,0,0
0,3.09E+08,0,0,0,0
0,3.09E+08,0,0,0,0
0,3.09E+08,0,0,0,0
0,3.09E+08,0,0,0,0
0,3.09E+08,0,0,0,0
0,3.09E+08,0,0,0,0
0.167376,3.10E+08,0,0,0,0
9.82352,3.23E+08,1716,1716,1719,1653
9.36363,3.23E+08,2083,2083,2479,2013
4.91203,3.23E+08,2378,2378,2497,2342
7.7008,3.23E+08,2474,2474,2532,2445
6.41355,3.23E+08,2519,2519,2591,2562
8.69956,3.23E+08,2562,2562,2600,2620
9.94361,3.23E+08,2574,2574,2728,2720
7.97597,3.23E+08,2637,2637,2729,2720
10.2277,3.23E+08,2651,2651,2755,2790
8.47125,3.23E+08,2747,2747,2757,2820
8.03736,3.23E+08,2795,2795,2770,2829
9.98187,3.23E+08,2826,2826,2778,2845
9.55733,3.23E+08,2838,2838,2782,2846
11.144,3.23E+08,2842,2842,2798,2847
12.4637,3.23E+08,2886,2886,2899,2848
9.9187,3.23E+08,2917,2917,2905,2866
11.7762,3.23E+08,2983,2983,2908,2872
9.824,3.23E+08,2996,2996,2914,2889
8.42396,3.23E+08,3014,3014,2931,2894
9.70528,3.23E+08,3045,3045,2938,2912
8.20498,3.23E+08,3058,3058,2950,2975
8.25801,3.23E+08,3070,3070,2951,2979
9.03327,3.23E+08,3083,3083,2952,3029
7.93355,3.23E+08,3084,3084,2966,3080
8.53622,3.23E+08,3096,3096,2985,3082
10.6066,3.23E+08,3108,3108,2999,3092
11.3824,3.23E+08,3137,3137,3018,3094
9.98579,3.23E+08,3144,3144,3030,3108
10.0985,3.23E+08,3145,3145,3049,3110
10.9897,3.23E+08,3145,3145,3063,3125
10.4883,3.23E+08,3149,3149,3097,3129
13.3996,3.23E+08,3186,3186,3105,3129
10.5527,3.23E+08,3211,3211,3121,3151
10.5871,3.23E+08,3211,3211,3145,3171
10.3353,3.23E+08,3215,3214,3156,3176
12.3357,3.23E+08,3222,3222,3166,3179
9.91687,3.23E+08,3228,3228,3169,3182
10.9988,3.23E+08,3233,3233,3169,3193
10.1061,3.23E+08,3239,3239,3177,3199
10.3188,3.23E+08,3276,3276,3196,3210
7.75856,3.23E+08,3283,3283,3197,3223
7.25506,3.23E+08,3286,3286,3207,3226
10.6088,3.23E+08,3288,3288,3208,3231
11.5344,3.23E+08,3289,3289,3210,3240
9.60444,3.23E+08,3300,3300,3224,3250
8.98495,3.23E+08,3303,3303,3230,3254
10.1544,3.23E+08,3320,3320,3237,3264
10.2124,3.23E+08,3321,3321,3239,3289
9.9383,3.23E+08,3325,3325,3242,3295
13.6573,3.23E+08,3327,3327,3254,3298
10.9991,3.23E+08,3330,3330,3260,3299
10.6535,3.23E+08,3337,3337,3260,3319
10.1058,3.23E+08,3341,3341,3264,3330
11.5574,3.23E+08,3348,3348,3265,3332
10.0288,3.23E+08,3353,3353,3269,3338
10.4423,3.23E+08,3354,3354,3286,3343
10.6644,3.23E+08,3354,3354,3292,3368
11.7573,3.23E+08,3361,3361,3295,3372
12.1154,3.23E+08,3394,3394,3295,3373
10.1581,3.23E+08,3402,3402,3309,3374
12.9958,3.23E+08,3407,3407,3314,3377
12.0044,3.23E+08,3407,3407,3323,3381
10.6021,3.23E+08,3418,3418,3328,3382
11.4344,3.23E+08,3427,3427,3338,3390
11.2783,3.23E+08,3433,3433,3357,3396
13.6655,3.23E+08,3434,3434,3359,3396
11.3783,3.23E+08,3435,3435,3364,3399
11.8488,3.23E+08,3436,3436,3369,3408
11.1997,3.23E+08,3445,3445,3373,3411
12.507,3.23E+08,3451,3451,3378,3421
11.39,3.23E+08,3483,3483,3383,3422
11.2112,3.23E+08,3485,3485,3390,3423
11.1552,3.23E+08,3488,3488,3391,3441
8.37385,3.23E+08,3499,3499,3398,3442
7.81096,3.23E+08,3499,3499,3400,3448
10.65,3.23E+08,3501,3501,3401,3456
9.43902,3.23E+08,3504,3504,3404,3458
11.2671,3.23E+08,3508,3508,3419,3458
10.3269,3.23E+08,3508,3508,3421,3474
7.8134,3.23E+08,3518,3518,3426,3480
9.82663,3.23E+08,3521,3521,3426,3482
9.53128,3.23E+08,3528,3528,3434,3485
10.1634,3.23E+08,3528,3528,3450,3485
10.4922,3.23E+08,3530,3530,3450,3489
11.7577,3.23E+08,3532,3532,3458,3489
11.3341,3.23E+08,3534,3534,3461,3491
11.6691,3.23E+08,3536,3536,3461,3494
11.4343,3.23E+08,3540,3540,3464,3494
12.1037,3.23E+08,3544,3544,3467,3499
10.8983,3.23E+08,3546,3546,3467,3502
11.0329,3.23E+08,3550,3550,3473,3505
10.8766,3.23E+08,3551,3551,3476,3514
12.3515,3.23E+08,3556,3556,3490,3519
10.81,3.23E+08,3559,3559,3491,3535
12.1154,3.23E+08,3570,3570,3494,3537
12.3395,3.23E+08,3573,3573,3495,3537
11.9364,3.23E+08,3575,3575,3503,3538
12.6057,3.23E+08,3580,3580,3504,3550
10.1514,3.23E+08,3583,3583,3504,3550
10.3188,3.23E+08,3584,3584,3509,3555
11.569,3.23E+08,3590,3590,3514,3556
11.2112,3.23E+08,3593,3593,3514,3557
11.2667,3.23E+08,3595,3595,3515,3561
12.6313,3.23E+08,3596,3596,3528,3561
9.64948,3.23E+08,3602,3602,3530,3570
11.813,3.23E+08,3607,3607,3537,3574
11.1778,3.23E+08,3611,3611,3542,3583
11.423,3.23E+08,3613,3613,3543,3592
11.1219,3.23E+08,3615,3615,3548,3592
10.81,3.23E+08,3617,3617,3549,3593
10.563,3.23E+08,3618,3618,3549,3595
10.8657,3.23E+08,3619,3619,3566,3603
10.9988,3.23E+08,3622,3622,3568,3604
11.7811,3.23E+08,3624,3624,3578,3613
9.41696,3.23E+08,3631,3631,3580,3615
12.8974,3.23E+08,3633,3633,3589,3615
12.0479,3.23E+08,3637,3637,3592,3616
11.1666,3.23E+08,3646,3646,3594,3624
12.9961,3.23E+08,3651,3651,3594,3624
12.0041,3.23E+08,3653,3653,3600,3626
11.6017,3.23E+08,3657,3657,3607,3630
10.2073,3.23E+08,3658,3658,3612,3631
12.9663,3.23E+08,3658,3658,3619,3634
12.3702,3.23E+08,3660,3660,3620,3641
10.8871,3.23E+08,3662,3662,3625,3647
9.65526,3.23E+08,3668,3668,3628,3654
10.1557,3.23E+08,3669,3669,3634,3654
10.2644,3.23E+08,3670,3670,3634,3664
10.33,3.23E+08,3671,3671,3638,3668
10.9276,3.23E+08,3674,3674,3649,3668
9.31481,3.23E+08,3675,3675,3651,3670
10.1052,3.23E+08,3676,3676,3659,3674
9.2627,3.23E+08,3676,3676,3663,3674
9.43411,3.23E+08,3677,3677,3669,3679
6.25149,3.23E+08,3687,3687,3669,3683
6.86416,3.23E+08,3687,3687,3669,3683
8.09361,3.23E+08,3689,3689,3670,3683
8.14368,3.23E+08,3698,3698,3672,3684
10.9991,3.23E+08,3698,3698,3676,3686
10.1971,3.23E+08,3700,3700,3680,3687
9.7692,3.23E+08,3702,3702,3682,3687
9.1007,3.23E+08,3703,3703,3683,3689
10.6594,3.23E+08,3707,3707,3683,3689
11.5343,3.23E+08,3713,3713,3686,3692
11.5694,3.23E+08,3716,3716,3690,3704
11.7569,3.23E+08,3722,3722,3697,3704
7.82411,3.23E+08,3733,3733,3697,3705
8.02452,3.23E+08,3733,3733,3700,3715
11.2783,3.23E+08,3734,3734,3703,3716
10.8766,3.23E+08,3735,3735,3704,3716
11.6691,3.23E+08,3735,3735,3707,3719
11.4458,3.23E+08,3744,3744,3712,3721
9.41697,3.23E+08,3746,3746,3715,3724
10.6083,3.23E+08,3746,3746,3717,3728
7.59106,3.23E+08,3750,3750,3718,3730
10.5977,3.23E+08,3753,3753,3718,3731
11.7249,3.23E+08,3753,3753,3720,3736
10.4861,3.23E+08,3755,3755,3724,3738
9.98385,3.23E+08,3756,3756,3726,3748
11.2899,3.23E+08,3758,3758,3727,3755
12.1473,3.23E+08,3759,3759,3729,3757
11.4901,3.23E+08,3760,3760,3729,3759
9.88721,3.23E+08,3768,3768,3730,3765
10.6535,3.23E+08,3769,3769,3730,3765
10.7707,3.23E+08,3770,3770,3735,3770
9.60334,3.23E+08,3770,3770,3738,3779
11.0997,3.23E+08,3770,3770,3738,3780
11.2076,3.23E+08,3774,3774,3739,3782
10.395,3.23E+08,3776,3776,3740,3783
12.1598,3.23E+08,3776,3776,3745,3783
10.6535,3.23E+08,3777,3777,3746,3783
10.7758,3.23E+08,3777,3777,3746,3784
9.97808,3.23E+08,3777,3777,3748,3788
10.1059,3.23E+08,3778,3778,3748,3789
12.5067,3.23E+08,3782,3782,3749,3791
11.3789,3.23E+08,3787,3787,3754,3796
10.4858,3.23E+08,3789,3789,3758,3796
10.4969,3.23E+08,3791,3791,3761,3800
9.48303,3.23E+08,3793,3793,3763,3800
10.7159,3.23E+08,3795,3795,3765,3806
10.3294,3.23E+08,3795,3795,3765,3809
11.2109,3.23E+08,3797,3797,3768,3811
12.1162,3.23E+08,3797,3797,3769,3811
11.7573,3.23E+08,3798,3798,3770,3818
11.5013,3.23E+08,3800,3800,3775,3819
12.2278,3.23E+08,3802,3802,3776,3819
11.8687,3.23E+08,3805,3805,3784,3820
11.8366,3.23E+08,3805,3805,3784,3821
10.8313,3.23E+08,3808,3808,3787,3823
10.8319,3.23E+08,3811,3811,3789,3827
10.2072,3.23E+08,3811,3811,3792,3828
12.4259,3.23E+08,3818,3818,3792,3831
12.0038,3.23E+08,3820,3820,3792,3833
12.6744,3.23E+08,3822,3822,3794,3838
12.7172,3.23E+08,3824,3824,3799,3838
12.7858,3.23E+08,3824,3824,3799,3842
13.8882,3.23E+08,3826,3826,3801,3843
12.1719,3.23E+08,3826,3826,3801,3844
11.9802,3.23E+08,3832,3832,3804,3844
11.6129,3.23E+08,3832,3832,3808,3848
11.1,3.23E+08,3834,3834,3813,3850
10.9991,3.23E+08,3835,3835,3818,3851
10.5525,3.23E+08,3837,3837,3820,3853
11.3786,3.23E+08,3838,3838,3827,3857
10.6535,3.23E+08,3839,3839,3831,3858
11.5574,3.23E+08,3840,3840,3833,3858
11.055,3.23E+08,3841,3841,3834,3861
11.8248,3.23E+08,3842,3842,3835,3862
11.39,3.23E+08,3843,3843,3835,3862
11.813,3.23E+08,3845,3845,3840,3863
11.8925,3.23E+08,3848,3848,3841,3864
13.6233,3.23E+08,3851,3851,3842,3867
13.9861,3.23E+08,3856,3856,3844,3868
12.6864,3.23E+08,3857,3857,3844,3871
11.9925,3.23E+08,3857,3857,3844,3872
11.8366,3.23E+08,3861,3861,3847,3873
11.2558,3.23E+08,3864,3864,3849,3874
12.2956,3.23E+08,3864,3864,3850,3875
10.8657,3.23E+08,3866,3866,3850,3876
11.2667,3.23E+08,3870,3870,3851,3879
11.234,3.23E+08,3874,3874,3857,3882
11.3112,3.23E+08,3874,3874,3858,3885
10.8982,3.23E+08,3877,3877,3858,3888
10.7655,3.23E+08,3879,3879,3860,3889
12.5495,3.23E+08,3879,3879,3862,3891
11.3344,3.23E+08,3879,3879,3862,3893
10.6428,3.23E+08,3879,3879,3862,3895
11.1666,3.23E+08,3881,3881,3865,3896
10.3849,3.23E+08,3881,3881,3866,3897
9.81652,3.23E+08,3882,3882,3867,3902
10.096,3.23E+08,3883,3883,3868,3912
11.8363,3.23E+08,3884,3884,3870,3914
11.4461,3.23E+08,3884,3884,3872,3916
12.147,3.23E+08,3885,3885,3872,3916
11.9602,3.23E+08,3890,3890,3873,3917
10.9216,3.23E+08,3891,3891,3873,3920
13.847,3.23E+08,3892,3892,3875,3921
11.9363,3.23E+08,3893,3893,3875,3921
12.2956,3.23E+08,3893,3893,3879,3923
10.5871,3.23E+08,3899,3899,3879,3925
11.7808,3.23E+08,3899,3899,3881,3928
11.2113,3.23E+08,3902,3902,3882,3931
10.2175,3.23E+08,3902,3902,3883,3931
11.4901,3.23E+08,3907,3907,3884,3934
11.8248,3.23E+08,3907,3907,3893,3937
12.5066,3.23E+08,3910,3910,3896,3937
11.2667,3.23E+08,3910,3910,3901,3937
11.2337,3.23E+08,3911,3911,3902,3938
10.81,3.23E+08,3917,3917,3902,3941
11.1669,3.23E+08,3918,3918,3908,3943
12.953,3.23E+08,3924,3924,3911,3944
11.3789,3.23E+08,3924,3924,3915,3944
12.1037,3.23E+08,3925,3925,3917,3945
12.4938,3.23E+08,3925,3925,3917,3947
11.5693,3.23E+08,3926,3926,3917,3949
11.6342,3.23E+08,3927,3927,3918,3951
10.451,3.23E+08,3929,3929,3919,3955
11.9483,3.23E+08,3929,3929,3920,3956
12.104,3.23E+08,3930,3930,3921,3957
11.6014,3.23E+08,3930,3930,3922,3958
10.3294,3.23E+08,3930,3930,3923,3960
12.06,3.23E+08,3931,3931,3925,3962
11.9801,3.23E+08,3931,3931,3925,3963
12.395,3.23E+08,3932,3932,3926,3964
11.9921,3.23E+08,3935,3935,3928,3966
11.2667,3.23E+08,3938,3939,3932,3967
11.7366,3.23E+08,3940,3940,3934,3968
11.7576,3.23E+08,3941,3941,3934,3969
10.7866,3.23E+08,3942,3942,3936,3970
9.80701,3.23E+08,3944,3944,3943,3970
11.7132,3.23E+08,3944,3944,3945,3971
12.0041,3.23E+08,3947,3947,3946,3971
10.9991,3.23E+08,3947,3947,3948,3972
12.1037,3.23E+08,3948,3948,3953,3974
11.6129,3.23E+08,3949,3949,3955,3977
11.6578,3.23E+08,3950,3950,3956,3982
10.8875,3.23E+08,3957,3957,3958,3986
10.8097,3.23E+08,3960,3960,3964,3986
11.5694,3.23E+08,3962,3962,3965,3989
11.2001,3.23E+08,3963,3963,3967,3989
11.1216,3.23E+08,3965,3965,3969,3989
11.7688,3.23E+08,3966,3966,3969,3991
12.0484,3.23E+08,3968,3968,3969,3992
11.4454,3.23E+08,3968,3968,3974,3993
11.3786,3.23E+08,3968,3968,3976,3994
10.9994,3.23E+08,3969,3969,3976,3996
11.0326,3.23E+08,3970,3970,3979,3998
12.4636,3.23E+08,3971,3971,3981,3998
11.2001,3.23E+08,3974,3974,3982,3999
12.3949,3.23E+08,3976,3976,3984,3999
12.5066,3.23E+08,3980,3980,3985,4001
11.8687,3.23E+08,3981,3981,3986,4004
11.3899,3.23E+08,3983,3983,3986,4006
12.9399,3.23E+08,3984,3984,3987,4008
10.7869,3.23E+08,3984,3984,3987,4008
10.3085,3.23E+08,3985,3985,3989,4008
12.0038,3.23E+08,3986,3986,3990,4009
11.5015,3.23E+08,3988,3988,3990,4010
11.9249,3.23E+08,3988,3988,3991,4013
10.8981,3.23E+08,3990,3990,3992,4014
11.4789,3.23E+08,3990,3990,3993,4015
11.9044,3.23E+08,3990,3990,3994,4017
10.3639,3.23E+08,3993,3993,3996,4018
10.8428,3.23E+08,3996,3996,4001,4019
9.69557,3.23E+08,3998,3998,4003,4019
10.943,3.23E+08,4001,4001,4003,4021
10.4411,3.23E+08,4002,4002,4005,4022
9.86273,3.23E+08,4007,4007,4007,4023
11.066,3.23E+08,4013,4013,4008,4025
10.0856,3.23E+08,4013,4013,4009,4025
9.93798,3.23E+08,4014,4014,4009,4028
10.8317,3.23E+08,4020,4020,4011,4028
10.866,3.23E+08,4021,4021,4012,4033
11.1108,3.23E+08,4022,4022,4014,4034
9.76034,3.23E+08,4023,4023,4014,4035
9.16047,3.23E+08,4025,4025,4015,4037
10.8208,3.23E+08,4025,4025,4016,4043
11.055,3.23E+08,4026,4026,4018,4043
10.71,3.23E+08,4027,4027,4019,4044
10.9325,3.23E+08,4030,4030,4020,4045
11.502,3.23E+08,4030,4030,4020,4049
11.3241,3.23E+08,4035,4035,4020,4049
12.0596,3.23E+08,4040,4040,4021,4051
11.502,3.23E+08,4041,4041,4022,4054
10.6428,3.23E+08,4043,4043,4023,4055
12.2274,3.23E+08,4043,4043,4024,4058
12.9533,3.23E+08,4045,4045,4026,4059
10.7543,3.23E+08,4045,4045,4027,4060
11.8924,3.23E+08,4045,4045,4027,4060
10.9881,3.23E+08,4054,4054,4028,4062
12.6183,3.23E+08,4054,4054,4028,4062
11.8924,3.23E+08,4054,4054,4030,4063
11.4787,3.23E+08,4056,4056,4030,4064
11.4569,3.23E+08,4057,4057,4030,4064
11.9367,3.23E+08,4058,4058,4030,4067
10.0399,3.23E+08,4059,4059,4033,4069
11.2112,3.23E+08,4060,4060,4034,4069
12.2397,3.23E+08,4061,4061,4035,4069
11.7015,3.23E+08,4062,4062,4036,4070
10.8208,3.23E+08,4062,4062,4036,4071
11.5131,3.23E+08,4063,4063,4038,4072
12.3145,3.23E+08,4064,4064,4040,4072
12.3391,3.23E+08,4065,4065,4042,4075
10.72,3.23E+08,4066,4066,4042,4075
11.4344,3.23E+08,4067,4067,4043,4076
11.6691,3.23E+08,4067,4067,4046,4078
11.9244,3.23E+08,4068,4068,4046,4080
11.2337,3.23E+08,4069,4069,4048,4082
10.3746,3.23E+08,4070,4070,4048,4082
9.70498,3.23E+08,4070,4070,4048,4083
11.0479,3.23E+08,4071,4071,4049,4083
10.6086,3.23E+08,4073,4073,4050,4085
9.37277,3.23E+08,4073,4073,4052,4086
11.5571,3.23E+08,4074,4074,4053,4089
10.3095,3.23E+08,4074,4074,4054,4090
10.1678,3.23E+08,4074,4074,4055,4090
11.8687,3.23E+08,4077,4077,4055,4090
12.7296,3.23E+08,4078,4078,4059,4090
12.2714,3.23E+08,4078,4078,4060,4090
11.1666,3.23E+08,4079,4079,4060,4092
12.8416,3.23E+08,4080,4080,4060,4093
11.1555,3.23E+08,4082,4082,4063,4093
11.3341,3.23E+08,4082,4082,4064,4093
11.0439,3.23E+08,4082,4082,4065,4096
11.267,3.23E+08,4085,4085,4065,4096
12.8846,3.23E+08,4086,4086,4066,4099
11.2896,3.23E+08,4087,4087,4066,4099
9.87257,3.23E+08,4087,4087,4067,4099
11.39,3.23E+08,4087,4087,4067,4100
12.8845,3.23E+08,4088,4088,4067,4102
12.1473,3.23E+08,4089,4089,4069,4104
13.1634,3.23E+08,4090,4090,4070,4104
10.7307,3.23E+08,4093,4093,4071,4107
10.7092,3.23E+08,4093,4093,4071,4109
12.4383,3.23E+08,4094,4094,4072,4109
10.7758,3.23E+08,4095,4095,4073,4110
11.3228,3.23E+08,4098,4098,4073,4110
11.0439,3.23E+08,4099,4099,4073,4110
10.2277,3.23E+08,4100,4100,4074,4111
9.75104,3.23E+08,4101,4101,4075,4111
9.8367,3.23E+08,4102,4102,4075,4113
9.08263,3.23E+08,4102,4102,4076,4114
11.7246,3.23E+08,4104,4104,4079,4114
9.88278,3.23E+08,4106,4106,4080,4114
11.7015,3.23E+08,4107,4107,4080,4114
9.43946,3.23E+08,4107,4107,4084,4115
9.81717,3.23E+08,4109,4109,4084,4116
10.3741,3.23E+08,4113,4113,4084,4116
9.94059,3.23E+08,4113,4113,4085,4116
8.92865,3.23E+08,4114,4114,4087,4117
10.7092,3.23E+08,4116,4116,4087,4123
12.5495,3.23E+08,4118,4118,4088,4123
11.9606,3.23E+08,4118,4118,4089,4127
10.0401,3.23E+08,4118,4118,4089,4127
12.104,3.23E+08,4120,4120,4090,4128
12.5499,3.23E+08,4120,4120,4090,4128
11.8806,3.23E+08,4121,4121,4091,4129
12.8975,3.23E+08,4121,4121,4091,4129
12.2707,3.23E+08,4122,4122,4091,4130
12.1841,3.23E+08,4122,4122,4092,4131
11.0329,3.23E+08,4123,4123,4094,4132
11.5575,3.23E+08,4123,4123,4094,4132
10.8316,3.23E+08,4124,4125,4096,4132
10.6641,3.23E+08,4126,4126,4096,4134
11.0325,3.23E+08,4126,4126,4103,4134
11.837,3.23E+08,4130,4130,4104,4135
11.8248,3.23E+08,4130,4130,4106,4137
11.6691,3.23E+08,4130,4130,4107,4141
9.99413,3.23E+08,4131,4131,4107,4141
12.3702,3.23E+08,4134,4134,4107,4142
9.78057,3.23E+08,4136,4136,4107,4142
10.5942,3.23E+08,4137,4137,4108,4143
10.8265,3.23E+08,4137,4137,4108,4144
11.3289,3.23E+08,4138,4138,4110,4146
12.147,3.23E+08,4138,4138,4111,4147
11.6249,3.23E+08,4138,4138,4111,4147
10.1436,3.23E+08,4141,4141,4114,4148
10.4408,3.23E+08,4142,4142,4114,4149
11.0505,3.23E+08,4143,4143,4114,4150
10.8273,3.23E+08,4143,4143,4116,4150
12.6053,3.23E+08,4143,4143,4116,4151
11.6695,3.23E+08,4144,4144,4117,4151
12.3268,3.23E+08,4146,4146,4122,4151
13.9443,3.23E+08,4148,4148,4122,4152
11.7687,3.23E+08,4148,4148,4123,4155
11.2786,3.23E+08,4149,4149,4124,4155
11.278,3.23E+08,4149,4149,4125,4157
10.21,3.23E+08,4149,4149,4125,4158
10.9881,3.23E+08,4150,4150,4126,4160
12.4987,3.23E+08,4151,4151,4127,4160
11.2112,3.23E+08,4151,4151,4127,4160
9.55945,3.23E+08,4152,4152,4128,4165
11.4904,3.23E+08,4153,4153,4129,4165
11.813,3.23E+08,4153,4153,4129,4165
10.4994,3.23E+08,4153,4153,4130,4165
9.93649,3.23E+08,4156,4156,4131,4166
7.31231,3.23E+08,4158,4158,4131,4167
8.91968,3.23E+08,4160,4160,4133,4169
10.2627,3.23E+08,4160,4160,4133,4170
12.8978,3.23E+08,4161,4161,4134,4170
10.1,3.23E+08,4162,4162,4135,4171
8.31217,3.23E+08,4162,4162,4137,4172
9.65379,3.23E+08,4162,4162,4137,4174
11.0462,3.23E+08,4162,4162,4137,4174
9.54945,3.23E+08,4164,4164,4139,4174
10.0494,3.23E+08,4165,4165,4140,4175
10.4224,3.23E+08,4165,4165,4143,4176
10.3188,3.23E+08,4166,4166,4146,4178
10.9988,3.23E+08,4166,4166,4146,4178
11.1669,3.23E+08,4168,4168,4146,4181
9.77223,3.23E+08,4168,4168,4147,4181
9.87289,3.23E+08,4168,4168,4147,4182
10.8079,3.23E+08,4169,4169,4149,4184
12.7427,3.23E+08,4169,4169,4150,4184
10.8208,3.23E+08,4170,4170,4152,4185
12.4383,3.23E+08,4170,4170,4154,4185
11.3341,3.23E+08,4171,4171,4155,4185
10.263,3.23E+08,4171,4171,4155,4186
12.1595,3.23E+08,4172,4172,4156,4187
9.3899,3.23E+08,4172,4172,4158,4188
11.0406,3.23E+08,4173,4173,4158,4190
10.2632,3.23E+08,4174,4174,4159,4190
10.6059,3.23E+08,4175,4175,4161,4190
11.3786,3.23E+08,4176,4176,4162,4191
10.438,3.23E+08,4176,4176,4162,4191
11.4901,3.23E+08,4177,4177,4164,4192
11.9363,3.23E+08,4178,4178,4164,4193
10.2836,3.23E+08,4179,4179,4166,4194
8.08346,3.23E+08,4182,4182,4166,4197
9.82595,3.23E+08,4184,4184,4167,4198
10.9914,3.23E+08,4184,4184,4167,4198
12.6741,3.23E+08,4185,4185,4167,4198
11.1,3.23E+08,4185,4185,4168,4199
10.7089,3.23E+08,4186,4186,4170,4199
10.1037,3.23E+08,4186,4186,4171,4200
8.53446,3.23E+08,4187,4187,4172,4203
9.54095,3.23E+08,4187,4187,4173,4203
10.0461,3.23E+08,4188,4188,4173,4203
10.2761,3.23E+08,4189,4189,4173,4204
11.9363,3.23E+08,4189,4189,4174,4205
10.9386,3.23E+08,4191,4191,4174,4205
8.97319,3.23E+08,4191,4191,4175,4208
11.0058,3.23E+08,4191,4191,4175,4209
8.75637,3.23E+08,4191,4191,4178,4211
8.59687,3.23E+08,4194,4194,4179,4211
9.43283,3.23E+08,4196,4196,4179,4211
9.58169,3.23E+08,4200,4200,4179,4212
10.2176,3.23E+08,4201,4201,4180,4212
10.05,3.23E+08,4202,4202,4182,4213
12.4941,3.23E+08,4204,4204,4182,4214
12.7168,3.23E+08,4204,4204,4183,4214
11.1222,3.23E+08,4204,4204,4183,4215
11.3669,3.23E+08,4205,4205,4184,4216
12.0165,3.23E+08,4205,4205,4184,4217
10.8654,3.23E+08,4205,4205,4186,4217
11.9486,3.23E+08,4209,4209,4187,4217
12.2152,3.23E+08,4209,4209,4187,4218
12.1713,3.23E+08,4209,4209,4191,4218
10.9436,3.23E+08,4211,4211,4193,4218
10.8657,3.23E+08,4212,4212,4194,4218
11.6246,3.23E+08,4212,4212,4195,4218
11.3785,3.23E+08,4213,4213,4196,4219
10.765,3.23E+08,4213,4213,4197,4220
11.167,3.23E+08,4215,4215,4198,4221
10.8654,3.23E+08,4215,4215,4198,4222
12.9107,3.23E+08,4215,4215,4199,4222
11.2558,3.23E+08,4216,4216,4199,4223
11.4569,3.23E+08,4216,4216,4199,4224
9.92866,3.23E+08,4218,4218,4199,4225
11.7569,3.23E+08,4223,4223,4200,4227
11.1782,3.23E+08,4223,4223,4200,4227
10.4757,3.23E+08,4223,4223,4200,4228
10.385,3.23E+08,4224,4224,4201,4229
14.237,3.23E+08,4225,4225,4203,4232
11.5017,3.23E+08,4226,4226,4204,4232
10.9214,3.23E+08,4226,4226,4205,4233
10.2076,3.23E+08,4226,4226,4206,4233
8.93869,3.23E+08,4226,4226,4206,4234
11.9925,3.23E+08,4230,4230,4206,4235
12.3949,3.23E+08,4233,4233,4207,4236
11.0993,3.23E+08,4234,4234,4207,4236
10.6044,3.23E+08,4234,4234,4208,4236
10.3744,3.23E+08,4240,4240,4209,4238
11.3865,3.23E+08,4240,4240,4210,4238
12.2152,3.23E+08,4241,4241,4212,4240
10.3232,3.23E+08,4242,4242,4213,4243
9.0983,3.23E+08,4243,4243,4214,4243
10.2072,3.23E+08,4243,4243,4214,4245
12.773,3.23E+08,4244,4244,4214,4245
9.22193,3.23E+08,4244,4244,4215,4245
7.30411,3.23E+08,4246,4246,4216,4246
7.70692,3.23E+08,4246,4246,4218,4247
9.13942,3.23E+08,4246,4246,4218,4247
11.1802,3.23E+08,4246,4246,4219,4247
11.3112,3.23E+08,4249,4249,4220,4248
11.0548,3.23E+08,4253,4253,4222,4249
13.3866,3.23E+08,4253,4253,4223,4249
10.4264,3.23E+08,4253,4253,4223,4250
9.72009,3.23E+08,4254,4254,4224,4251
10.5986,3.23E+08,4254,4254,4224,4251
11.3817,3.23E+08,4255,4255,4226,4252
9.65966,3.23E+08,4255,4255,4226,4252
9.26244,3.23E+08,4255,4255,4226,4253
10.7144,3.23E+08,4256,4256,4227,4254
11.834,3.23E+08,4256,4256,4228,4254
11.8683,3.23E+08,4256,4256,4229,4255
9.38969,3.23E+08,4259,4259,4231,4257
11.6461,3.23E+08,4260,4260,4231,4257
11.0001,3.23E+08,4260,4260,4232,4258
9.60302,3.23E+08,4261,4261,4234,4258
9.30825,3.23E+08,4261,4261,4234,4259
11.438,3.23E+08,4264,4264,4236,4259
11.9602,3.23E+08,4264,4264,4238,4261
12.1473,3.23E+08,4267,4267,4238,4262
11.9483,3.23E+08,4267,4267,4239,4262
11.267,3.23E+08,4268,4268,4242,4264
11.5575,3.23E+08,4268,4268,4243,4264
11.0549,3.23E+08,4268,4268,4246,4266
11.9363,3.23E+08,4269,4269,4248,4267
11.7246,3.23E+08,4270,4270,4249,4269
11.2673,3.23E+08,4270,4270,4251,4271
12.3388,3.23E+08,4270,4270,4252,4272
11.3231,3.23E+08,4271,4271,4252,4273
10.2528,3.23E+08,4272,4272,4254,4273
10.9539,3.23E+08,4272,4272,4254,4274
10.4856,3.23E+08,4274,4274,4254,4274
11.8248,3.23E+08,4274,4274,4255,4274
11.8925,3.23E+08,4274,4274,4255,4275
11.6017,3.23E+08,4275,4275,4256,4276
10.6534,3.23E+08,4275,4275,4256,4277
11.8363,3.23E+08,4276,4276,4257,4277
11.2786,3.23E+08,4276,4276,4258,4278
10.5311,3.23E+08,4276,4276,4258,4279
12.1282,3.23E+08,4276,4276,4259,4280
11.267,3.23E+08,4277,4277,4259,4281
12.1591,3.23E+08,4277,4277,4260,4282
10.9884,3.23E+08,4277,4277,4261,4282
11.1666,3.23E+08,4278,4278,4261,4284
11.613,3.23E+08,4278,4278,4262,4284
11.6578,3.23E+08,4279,4279,4263,4284
11.1552,3.23E+08,4280,4280,4263,4284
11.2786,3.23E+08,4280,4280,4263,4285
11.4891,3.23E+08,4280,4280,4263,4286
9.92442,3.23E+08,4283,4283,4264,4286
11.3455,3.23E+08,4284,4284,4264,4288
11.9363,3.23E+08,4284,4284,4264,4289
11.8366,3.23E+08,4285,4285,4264,4289
11.4787,3.23E+08,4286,4286,4265,4291
11.6808,3.23E+08,4287,4287,4267,4292
10.9881,3.23E+08,4287,4287,4267,4292
11.2112,3.23E+08,4288,4288,4268,4292
11.936,3.23E+08,4289,4289,4270,4293
11.1222,3.23E+08,4290,4290,4270,4293
10.0957,3.23E+08,4291,4291,4270,4295
10.6982,3.23E+08,4291,4291,4270,4297
13.302,3.23E+08,4293,4293,4270,4297
10.4199,3.23E+08,4293,4293,4272,4298
9.93795,3.23E+08,4293,4293,4273,4299
11.0508,3.23E+08,4294,4294,4273,4299
12.4504,3.23E+08,4294,4294,4273,4300
12.1598,3.23E+08,4294,4294,4274,4300
11.8911,3.23E+08,4294,4294,4275,4301
10.3094,3.23E+08,4295,4295,4275,4301
10.7869,3.23E+08,4295,4295,4276,4303
12.271,3.23E+08,4295,4295,4276,4303
10.9768,3.23E+08,4296,4296,4277,4304
9.89265,3.23E+08,4296,4296,4278,4304
11.5898,3.23E+08,4297,4297,4279,4304
10.3337,3.23E+08,4297,4297,4279,4304
9.93829,3.23E+08,4297,4297,4280,4304
10.0856,3.23E+08,4299,4299,4280,4305
9.99717,3.23E+08,4299,4299,4281,4305
13.2192,3.23E+08,4299,4299,4281,4305
11.3228,3.23E+08,4301,4300,4281,4306
12.2833,3.23E+08,4301,4301,4282,4307
11.9363,3.23E+08,4304,4304,4282,4307
12.5066,3.23E+08,4304,4304,4282,4307
12.6614,3.23E+08,4305,4305,4284,4308
10.7092,3.23E+08,4305,4305,4284,4310
12.8974,3.23E+08,4305,4305,4285,4310
10.4408,3.23E+08,4306,4306,4286,4312
11.0997,3.23E+08,4307,4307,4287,4312
12.6741,3.23E+08,4308,4307,4287,4314
12.6615,3.23E+08,4308,4308,4288,4314
11.6017,3.23E+08,4308,4308,4288,4315
11.6691,3.23E+08,4309,4309,4288,4316
10.2069,3.23E+08,4309,4309,4289,4316
11.5016,3.23E+08,4310,4309,4289,4316
11.6692,3.23E+08,4311,4311,4289,4317
11.3118,3.23E+08,4311,4311,4289,4317
10.9542,3.23E+08,4313,4313,4290,4317
12.0479,3.23E+08,4314,4314,4291,4319
11.5344,3.23E+08,4314,4314,4291,4319
12.1279,3.23E+08,4318,4318,4292,4320
12.3702,3.23E+08,4318,4318,4292,4321
12.0041,3.23E+08,4319,4319,4293,4321
11.4458,3.23E+08,4319,4319,4293,4323
11.2112,3.23E+08,4320,4320,4295,4323
12.5625,3.23E+08,4320,4320,4296,4324
10.1512,3.23E+08,4321,4321,4297,4326
10.1061,3.23E+08,4321,4321,4297,4328
10.6531,3.23E+08,4321,4321,4297,4328
10.7203,3.23E+08,4321,4321,4298,4328
10.368,3.23E+08,4322,4322,4299,4329
9.08832,3.23E+08,4323,4323,4302,4329
8.48943,3.23E+08,4323,4324,4302,4330
8.42228,3.23E+08,4324,4324,4303,4330
9.14781,3.23E+08,4324,4324,4303,4332
10.4411,3.23E+08,4325,4325,4305,4334
10.7756,3.23E+08,4325,4325,4306,4335
10.7092,3.23E+08,4325,4325,4306,4336
11.9364,3.23E+08,4326,4326,4307,4337
12.7296,3.23E+08,4327,4327,4308,4338
11.9486,3.23E+08,4327,4327,4308,4340
11.2334,3.23E+08,4327,4327,4310,4340
12.5876,3.23E+08,4328,4328,4313,4340
11.6017,3.23E+08,4328,4328,4314,4341
11.9479,3.23E+08,4329,4329,4314,4341
13.0523,3.23E+08,4330,4330,4314,4341
11.8366,3.23E+08,4331,4331,4315,4342
10.608,3.23E+08,4331,4331,4317,4342
11.8248,3.23E+08,4333,4333,4318,4342
12.4383,3.23E+08,4334,4334,4319,4342
12.9537,3.23E+08,4334,4334,4319,4343
10.9881,3.23E+08,4335,4335,4319,4345
12.1155,3.23E+08,4336,4336,4322,4345
10.7761,3.23E+08,4337,4337,4322,4346
11.8687,3.23E+08,4337,4337,4322,4346
9.99387,3.23E+08,4337,4337,4323,4349
10.5527,3.23E+08,4338,4338,4324,4349
9.75129,3.23E+08,4338,4338,4325,4350
10.9988,3.23E+08,4338,4338,4325,4351
9.8827,3.23E+08,4338,4338,4325,4351
10.3746,3.23E+08,4341,4341,4326,4353
11.4898,3.23E+08,4341,4341,4326,4353
10.9994,3.23E+08,4342,4342,4327,4355
11.8245,3.23E+08,4343,4343,4328,4355
12.1719,3.23E+08,4344,4344,4329,4355
10.1515,3.23E+08,4345,4345,4329,4355
12.5625,3.23E+08,4346,4346,4330,4357
12.4941,3.23E+08,4346,4346,4330,4359
11.5574,3.23E+08,4349,4349,4331,4359
10.3185,3.23E+08,4350,4350,4331,4360
11.5577,3.23E+08,4351,4351,4331,4360
12.4938,3.23E+08,4351,4351,4331,4360
13.0095,3.23E+08,4352,4352,4332,4360
10.8208,3.23E+08,4352,4352,4333,4361
13.1208,3.23E+08,4353,4353,4334,4361
12.2588,3.23E+08,4353,4353,4335,4362
12.2149,3.23E+08,4353,4353,4335,4362
12.24,3.23E+08,4353,4353,4335,4362
9.97417,3.23E+08,4354,4354,4337,4364
10.9539,3.23E+08,4354,4354,4337,4364
11.2673,3.23E+08,4354,4354,4339,4365
9.88217,3.23E+08,4354,4354,4339,4366
10.5317,3.23E+08,4355,4355,4340,4367
13.0087,3.23E+08,4356,4356,4340,4368
11.1669,3.23E+08,4357,4357,4340,4368
12.6615,3.23E+08,4357,4357,4343,4368
11.7129,3.23E+08,4359,4359,4343,4368
12.5628,3.23E+08,4360,4360,4344,4369
11.7687,3.23E+08,4361,4361,4344,4370
12.5502,3.23E+08,4361,4361,4345,4371
10.5419,3.23E+08,4362,4362,4345,4372
10.5069,3.23E+08,4364,4364,4345,4373
11.7693,3.23E+08,4364,4364,4345,4373
10.9881,3.23E+08,4364,4364,4346,4373
11.211,3.23E+08,4365,4365,4346,4373
11.6252,3.23E+08,4365,4365,4347,4374
10.9324,3.23E+08,4366,4366,4348,4375
9.20302,3.23E+08,4367,4367,4349,4375
8.70652,3.23E+08,4367,4367,4350,4376
9.87943,3.23E+08,4367,4367,4350,4376
11.1099,3.23E+08,4368,4368,4353,4376
11.4909,3.23E+08,4370,4370,4353,4377
12.8156,3.23E+08,4371,4371,4353,4377
11.9549,3.23E+08,4371,4371,4354,4377
10.8316,3.23E+08,4371,4371,4355,4378
12.4813,3.23E+08,4372,4372,4356,4380
12.7303,3.23E+08,4374,4374,4357,4380
11.3786,3.23E+08,4375,4375,4357,4380
10.5416,3.23E+08,4375,4375,4357,4381
11.4017,3.23E+08,4376,4376,4357,4383
11.9244,3.23E+08,4377,4377,4358,4383
11.1216,3.23E+08,4380,4380,4360,4383
11.4904,3.23E+08,4380,4380,4360,4384
10.3746,3.23E+08,4381,4381,4360,4384
11.1541,3.23E+08,4382,4382,4360,4385
11.4577,3.23E+08,4382,4382,4361,4385
11.9241,3.23E+08,4383,4383,4362,4386
12.1161,3.23E+08,4385,4385,4362,4386
11.0436,3.23E+08,4386,4386,4362,4388
11.3903,3.23E+08,4387,4387,4363,4390
11.8248,3.23E+08,4388,4388,4363,4391
12.0596,3.23E+08,4388,4388,4364,4391
13.4558,3.23E+08,4389,4389,4364,4392
10.0402,3.23E+08,4389,4389,4365,4394
10.5314,3.23E+08,4390,4390,4366,4394
9.10057,3.23E+08,4390,4390,4367,4394
9.15149,3.23E+08,4390,4390,4367,4395
10.1515,3.23E+08,4391,4391,4367,4395
11.508,3.23E+08,4391,4391,4367,4395
11.0436,3.23E+08,4391,4391,4368,4396
12.0045,3.23E+08,4391,4391,4369,4396
11.0329,3.23E+08,4392,4392,4370,4396
9.66273,3.23E+08,4393,4393,4370,4397
11.3345,3.23E+08,4394,4394,4371,4399
11.0971,3.23E+08,4395,4395,4371,4400
11.3899,3.23E+08,4396,4396,4371,4400
11.6017,3.23E+08,4396,4396,4371,4400
11.3341,3.23E+08,4396,4396,4372,4400
11.5344,3.23E+08,4396,4396,4372,4400
11.2224,3.23E+08,4397,4397,4372,4401
11.6571,3.23E+08,4397,4397,4373,4401
13.0095,3.23E+08,4398,4398,4374,4401
11.5459,3.23E+08,4398,4398,4374,4403
12.8288,3.23E+08,4399,4399,4375,4403
11.066,3.23E+08,4400,4400,4377,4405
11.9244,3.23E+08,4400,4400,4378,4405
10.6189,3.23E+08,4401,4401,4378,4405
12.7172,3.23E+08,4404,4404,4379,4406
12.7858,3.23E+08,4404,4404,4379,4407
12.4938,3.23E+08,4405,4405,4380,4407
10.4864,3.23E+08,4406,4406,4380,4408
10.8208,3.23E+08,4407,4407,4380,4409
12.1037,3.23E+08,4408,4408,4380,4409
10.6083,3.23E+08,4408,4408,4380,4409
11.6575,3.23E+08,4408,4408,4380,4409
11.8485,3.23E+08,4409,4408,4382,4410
11.5459,3.23E+08,4409,4409,4383,4411
11.9802,3.23E+08,4409,4409,4383,4412
12.06,3.23E+08,4409,4409,4385,4412
11.9918,3.23E+08,4410,4410,4385,4412
13.4137,3.23E+08,4410,4410,4385,4413
12.2152,3.23E+08,4410,4410,4386,4414
11.6575,3.23E+08,4411,4411,4387,4414
11.769,3.23E+08,4412,4412,4388,4415
10.765,3.23E+08,4413,4413,4389,4415
12.6309,3.23E+08,4413,4413,4389,4415
10.9772,3.23E+08,4414,4414,4389,4416
11.2333,3.23E+08,4414,4414,4389,4416
12.482,3.23E+08,4415,4415,4390,4416
10.3954,3.23E+08,4415,4415,4390,4417
12.3826,3.23E+08,4417,4417,4391,4417
12.3826,3.23E+08,4417,4417,4392,4417
13.0091,3.23E+08,4418,4418,4392,4418
10.2528,3.23E+08,4419,4419,4393,4419
11.5131,3.23E+08,4419,4419,4394,4419
10.5871,3.23E+08,4419,4419,4395,4420
11.0657,3.23E+08,4420,4420,4396,4421
11.1,3.23E+08,4422,4422,4397,4422
9.24057,3.23E+08,4422,4422,4397,4423
12.6995,3.23E+08,4423,4423,4398,4426
11.4901,3.23E+08,4424,4424,4399,4426
11.7804,3.23E+08,4425,4425,4400,4428
11.5463,3.23E+08,4425,4425,4400,4428
11.5459,3.23E+08,4426,4426,4402,4429
11.3228,3.23E+08,4426,4426,4403,4429
10.943,3.23E+08,4426,4426,4405,4429
11.0552,3.23E+08,4428,4428,4405,4429
10.9882,3.23E+08,4430,4430,4406,4430
12.4941,3.23E+08,4431,4430,4406,4430
10.6535,3.23E+08,4431,4431,4408,4431
10.8316,3.23E+08,4431,4431,4408,4432
9.60328,3.23E+08,4432,4432,4409,4432
11.9921,3.23E+08,4432,4432,4409,4432
10.8766,3.23E+08,4432,4432,4409,4433
12.5499,3.23E+08,4432,4432,4410,4434
12.6737,3.23E+08,4432,4432,4410,4434
13.5121,3.23E+08,4433,4433,4410,4435
11.6017,3.23E+08,4434,4434,4410,4437
10.8766,3.23E+08,4434,4434,4411,4438
10.5977,3.23E+08,4435,4435,4412,4440
12.8974,3.23E+08,4435,4435,4412,4440
12.0041,3.23E+08,4435,4435,4412,4441
12.06,3.23E+08,4435,4435,4413,4441
10.9321,3.23E+08,4435,4435,4413,4442
10.0957,3.23E+08,4436,4436,4413,4445
9.92859,3.23E+08,4436,4436,4413,4445
9.77175,3.23E+08,4436,4436,4417,4445
11.3341,3.23E+08,4437,4437,4418,4445
10.3642,3.23E+08,4439,4439,4419,4445
10.2733,3.23E+08,4439,4439,4420,4446
8.31585,3.23E+08,4439,4439,4420,4446
8.86912,3.23E+08,4439,4439,4421,4446
11.3341,3.23E+08,4440,4440,4422,4446
9.04074,3.23E+08,4440,4440,4423,4446
9.65771,3.23E+08,4441,4441,4423,4447
9.47269,3.23E+08,4441,4441,4424,4447
9.43894,3.23E+08,4441,4441,4425,4448
10.4966,3.23E+08,4441,4441,4426,4448
10.4252,3.23E+08,4441,4441,4426,4448
10.7173,3.23E+08,4443,4443,4426,4449
8.98908,3.23E+08,4443,4443,4427,4449
8.81299,3.23E+08,4443,4443,4427,4450
10.8879,3.23E+08,4444,4444,4427,4450
11.5379,3.23E+08,4444,4444,4427,4450
10.379,3.23E+08,4446,4446,4428,4451
9.82034,3.23E+08,4446,4446,4428,4452
11.4309,3.23E+08,4446,4446,4429,4452
11.0566,3.23E+08,4446,4446,4429,4452
12.9961,3.23E+08,4447,4447,4430,4453
13.6932,3.23E+08,4448,4448,4430,4454
12.2584,3.23E+08,4452,4452,4431,4454
12.4508,3.23E+08,4452,4452,4433,4454
10.6644,3.23E+08,4452,4452,4433,4454
10.3085,3.23E+08,4453,4453,4433,4454
12.5624,3.23E+08,4454,4454,4434,4455
10.8316,3.23E+08,4454,4454,4434,4455
13.3304,3.23E+08,4454,4454,4434,4455
10.5488,3.23E+08,4454,4455,4434,4456
11.3782,3.23E+08,4455,4455,4436,4456
9.93151,3.23E+08,4456,4456,4437,4457
11.2807,3.23E+08,4456,4456,4437,4458
12.2833,3.23E+08,4456,4456,4438,4459
11.769,3.23E+08,4456,4456,4439,4459
12.4812,3.23E+08,4457,4457,4439,4460
10.619,3.23E+08,4457,4457,4439,4461
11.479,3.23E+08,4458,4458,4440,4461
12.91,3.23E+08,4459,4459,4441,4461
10.1518,3.23E+08,4459,4459,4441,4461
11.2221,3.23E+08,4459,4459,4442,4462
8.81244,3.23E+08,4460,4460,4442,4462
12.3905,3.23E+08,4461,4461,4442,4463
11.2061,3.23E+08,4461,4461,4442,4463
8.53819,3.23E+08,4462,4462,4442,4463
8.99004,3.23E+08,4463,4463,4444,4464
9.93658,3.23E+08,4464,4464,4445,4466
10.5417,3.23E+08,4464,4464,4445,4467
6.97632,3.23E+08,4465,4465,4445,4468
7.41439,3.23E+08,4465,4465,4446,4470
10.4945,3.23E+08,4466,4466,4446,4470
10.7092,3.23E+08,4466,4466,4446,4470
9.76434,3.23E+08,4467,4467,4447,4470
10.7758,3.23E+08,4468,4468,4447,4471
7.75521,3.23E+08,4469,4469,4447,4471
10.4917,3.23E+08,4470,4470,4449,4472
11.9363,3.23E+08,4470,4470,4449,4472
11.7686,3.23E+08,4471,4471,4449,4472
12.0045,3.23E+08,4471,4471,4449,4473
10.4861,3.23E+08,4472,4472,4450,4473
11.3897,3.23E+08,4474,4474,4450,4474
12.0044,3.23E+08,4474,4474,4450,4474
10.2073,3.23E+08,4475,4475,4450,4474
10.8762,3.23E+08,4475,4475,4450,4474
10.4865,3.23E+08,4475,4475,4452,4476
11.5687,3.23E+08,4476,4476,4452,4476
11.1554,3.23E+08,4476,4476,4452,4476
11.5577,3.23E+08,4477,4477,4452,4477
11.5901,3.23E+08,4478,4478,4452,4477
11.5016,3.23E+08,4479,4479,4453,4478
10.9881,3.23E+08,4479,4479,4453,4479
13.0649,3.23E+08,4480,4480,4454,4479
12.3391,3.23E+08,4480,4480,4454,4480
11.4899,3.23E+08,4480,4480,4454,4482
11.8366,3.23E+08,4481,4481,4455,4483
12.7048,3.23E+08,4481,4481,4455,4483
11.2896,3.23E+08,4482,4482,4456,4484
11.5901,3.23E+08,4482,4482,4457,4484
11.055,3.23E+08,4482,4482,4457,4485
11.8802,3.23E+08,4482,4482,4457,4485
10.9992,3.23E+08,4483,4483,4459,4486
11.7135,3.23E+08,4483,4483,4461,4486
12.7296,3.23E+08,4483,4483,4461,4486
10.5527,3.23E+08,4483,4483,4462,4486
11.5338,3.23E+08,4483,4483,4462,4486
11.5462,3.23E+08,4484,4484,4462,4487
11.6136,3.23E+08,4485,4485,4463,4487
11.9917,3.23E+08,4486,4486,4463,4487
11.4462,3.23E+08,4486,4486,4464,4487
11.3225,3.23E+08,4486,4486,4465,4488
10.8875,3.23E+08,4486,4486,4465,4489
10.2072,3.23E+08,4486,4486,4465,4490
12.3395,3.23E+08,4487,4487,4466,4490
12.8288,3.23E+08,4487,4487,4466,4490
10.9991,3.23E+08,4487,4487,4467,4490
12.5499,3.23E+08,4487,4487,4467,4491
11.9479,3.23E+08,4487,4487,4467,4491
11.6136,3.23E+08,4487,4487,4468,4492
12.6053,3.23E+08,4488,4488,4468,4492
11.2115,3.23E+08,4488,4488,4468,4492
11.8366,3.23E+08,4488,4488,4468,4492
9.705,3.23E+08,4489,4489,4468,4493
10.4407,3.23E+08,4490,4490,4468,4493
11.8252,3.23E+08,4490,4490,4468,4493
10.5416,3.23E+08,4490,4490,4468,4494
11.1669,3.23E+08,4490,4490,4469,4494
12.4259,3.23E+08,4491,4491,4469,4494
11.9599,3.23E+08,4492,4492,4469,4495
11.2112,3.23E+08,4492,4492,4470,4496
11.8928,3.23E+08,4493,4493,4470,4496
9.58383,3.23E+08,4494,4494,4470,4496
10.8425,3.23E+08,4495,4495,4470,4496
11.8249,3.23E+08,4495,4495,4470,4497
12.5497,3.23E+08,4495,4495,4470,4497
12.0604,3.23E+08,4495,4495,4471,4498
12.3145,3.23E+08,4496,4496,4471,4499
10.2733,3.23E+08,4496,4496,4472,4499
11.9363,3.23E+08,4497,4497,4473,4499
11.4014,3.23E+08,4498,4497,4473,4499
10.1512,3.23E+08,4498,4498,4473,4502
10.9884,3.23E+08,4499,4499,4474,4503
10.7091,3.23E+08,4499,4499,4474,4504
10.7756,3.23E+08,4499,4499,4474,4504
9.71525,3.23E+08,4500,4500,4474,4505
11.0901,3.23E+08,4501,4501,4475,4505
11.6574,3.23E+08,4501,4501,4476,4505
11.837,3.23E+08,4501,4501,4476,4506
10.2046,3.23E+08,4502,4502,4476,4506
10.1677,3.23E+08,4502,4502,4476,4507
10.0957,3.23E+08,4504,4504,4476,4508
11.776,3.23E+08,4504,4504,4477,4509
10.5536,3.23E+08,4504,4504,4477,4510
10.3188,3.23E+08,4504,4504,4478,4510
11.2224,3.23E+08,4504,4504,4479,4510
9.6426,3.23E+08,4505,4505,4480,4511
12.2278,3.23E+08,4506,4506,4480,4511
11.6574,3.23E+08,4506,4506,4481,4511
12.6054,3.23E+08,4506,4506,4481,4513
12.4077,3.23E+08,4507,4507,4481,4514
11.4229,3.23E+08,4507,4507,4482,4514
10.3392,3.23E+08,4507,4507,4482,4514
9.92409,3.23E+08,4508,4508,4483,4514
11.7185,3.23E+08,4509,4509,4483,4515
10.879,3.23E+08,4509,4509,4484,4515
10.9323,3.23E+08,4511,4511,4485,4516
11.2108,3.23E+08,4512,4512,4487,4516
10.8988,3.23E+08,4512,4512,4487,4517
9.69835,3.23E+08,4513,4513,4487,4517
11.9483,3.23E+08,4513,4513,4487,4518
11.1106,3.23E+08,4513,4513,4487,4518
10.6392,3.23E+08,4513,4513,4487,4518
11.2824,3.23E+08,4514,4514,4489,4519
10.8208,3.23E+08,4514,4514,4489,4519
9.94949,3.23E+08,4514,4514,4489,4519
10.7017,3.23E+08,4515,4515,4491,4519
10.7758,3.23E+08,4517,4517,4491,4519
12.1473,3.23E+08,4517,4517,4493,4520
12.4508,3.23E+08,4517,4517,4493,4520
11.8366,3.23E+08,4517,4517,4493,4521
10.3746,3.23E+08,4517,4517,4494,4521
9.98293,3.23E+08,4520,4520,4494,4521
8.0447,3.23E+08,4520,4520,4494,4521
9.65495,3.23E+08,4521,4521,4495,4521
10.3642,3.23E+08,4521,4521,4495,4522
12.2397,3.23E+08,4521,4521,4496,4522
11.3115,3.23E+08,4521,4521,4497,4522
8.38302,3.23E+08,4522,4522,4497,4522
5.79868,3.23E+08,4522,4522,4497,4522
9.9281,3.23E+08,4522,4522,4497,4523
7.42609,3.23E+08,4522,4522,4498,4523
10.3273,3.23E+08,4523,4523,4498,4524
10.3746,3.23E+08,4524,4524,4498,4524
9.76072,3.23E+08,4525,4525,4499,4526
10.5977,3.23E+08,4525,4525,4499,4526
11.3345,3.23E+08,4526,4526,4500,4527
10.8723,3.23E+08,4526,4526,4502,4527
10.4512,3.23E+08,4527,4527,4503,4527
9.08709,3.23E+08,4527,4527,4503,4527
7.80823,3.23E+08,4528,4528,4504,4528
9.76815,3.23E+08,4528,4528,4504,4529
10.6701,3.23E+08,4528,4528,4505,4530
9.87284,3.23E+08,4530,4530,4505,4530
11.3877,3.23E+08,4532,4532,4506,4531
9.03307,3.23E+08,4532,4532,4507,4531
5.96935,3.23E+08,4532,4532,4507,4531
7.64653,3.23E+08,4533,4533,4508,4532
7.2531,3.23E+08,4534,4534,4509,4532
7.98029,3.23E+08,4534,4534,4509,4532
7.53429,3.23E+08,4534,4534,4510,4532
8.53754,3.23E+08,4534,4534,4510,4533
9.48931,3.23E+08,4534,4534,4510,4533
6.69845,3.23E+08,4535,4535,4510,4533
8.53244,3.23E+08,4535,4535,4511,4534
7.76091,3.23E+08,4536,4536,4511,4534
7.86262,3.23E+08,4536,4536,4512,4535
7.75945,3.23E+08,4536,4536,4512,4536
10.438,3.23E+08,4537,4537,4512,4536
10.2557,3.23E+08,4538,4538,4514,4538
9.32519,3.23E+08,4539,4539,4514,4538
9.15447,3.23E+08,4540,4540,4515,4539
10.263,3.23E+08,4540,4540,4517,4539
12.9403,3.23E+08,4541,4541,4518,4541
8.59744,3.23E+08,4541,4541,4518,4541
9.14631,3.23E+08,4542,4542,4518,4541
10.782,3.23E+08,4542,4542,4519,4541
9.09143,3.23E+08,4543,4543,4519,4541
9.87532,3.23E+08,4543,4543,4519,4542
11.8912,3.23E+08,4544,4544,4520,4543
10.9994,3.23E+08,4544,4544,4520,4543
10.6535,3.23E+08,4545,4545,4520,4543
9.58328,3.23E+08,4545,4545,4520,4545
7.99037,3.23E+08,4545,4545,4521,4547
6.36439,3.23E+08,4546,4546,4521,4547
9.47399,3.23E+08,4546,4546,4521,4547
7.42586,3.23E+08,4546,4546,4521,4547
8.1517,3.23E+08,4547,4547,4522,4548
9.64982,3.23E+08,4547,4547,4522,4548
8.92985,3.23E+08,4548,4548,4522,4549
9.31063,3.23E+08,4548,4548,4523,4549
10.6033,3.23E+08,4548,4548,4523,4549
10.2072,3.23E+08,4550,4550,4524,4549
10.6114,3.23E+08,4551,4551,4524,4550
11.9363,3.23E+08,4551,4551,4524,4552
11.5459,3.23E+08,4552,4552,4524,4552
11.9043,3.23E+08,4552,4552,4524,4552
11.4901,3.23E+08,4553,4553,4524,4553
11.813,3.23E+08,4553,4553,4525,4553
10.9542,3.23E+08,4553,4553,4525,4554
10.5419,3.23E+08,4553,4553,4526,4554
9.82796,3.23E+08,4553,4553,4527,4555
12.2052,3.23E+08,4554,4554,4527,4556
10.8296,3.23E+08,4555,4555,4528,4556
9.26829,3.23E+08,4556,4556,4529,4557
11.5344,3.23E+08,4557,4557,4530,4557
10.502,3.23E+08,4557,4557,4530,4558
9.93804,3.23E+08,4557,4557,4531,4558
11.4881,3.23E+08,4557,4557,4531,4559
12.0599,3.23E+08,4558,4558,4532,4559
13.1634,3.23E+08,4559,4559,4533,4560
9.88244,3.23E+08,4559,4559,4533,4560
12.271,3.23E+08,4560,4560,4533,4560
10.9324,3.23E+08,4560,4560,4533,4561
10.4408,3.23E+08,4560,4560,4533,4561
10.5395,3.23E+08,4561,4561,4533,4562
10.5489,3.23E+08,4561,4561,4534,4564
11.0472,3.23E+08,4561,4561,4534,4564
11.4344,3.23E+08,4561,4561,4534,4564
10.5524,3.23E+08,4562,4562,4535,4565
11.8806,3.23E+08,4563,4563,4535,4565
10.7085,3.23E+08,4563,4563,4536,4565
11.0101,3.23E+08,4563,4563,4536,4565
12.773,3.23E+08,4564,4564,4536,4566
11.5574,3.23E+08,4564,4564,4537,4566
10.9881,3.23E+08,4564,4564,4537,4567
11.0997,3.23E+08,4565,4565,4537,4567
10.4405,3.23E+08,4566,4566,4537,4567
11.3789,3.23E+08,4566,4566,4538,4567
10.5678,3.23E+08,4566,4566,4538,4567
10.853,3.23E+08,4567,4567,4538,4569
11.7252,3.23E+08,4567,4567,4538,4569
11.9921,3.23E+08,4567,4567,4538,4569
11.936,3.23E+08,4568,4568,4539,4572
10.6751,3.23E+08,4568,4568,4539,4572
11.9801,3.23E+08,4568,4568,4539,4572
12.91,3.23E+08,4568,4568,4539,4572
10.8103,3.23E+08,4568,4568,4539,4573
10.0957,3.23E+08,4569,4569,4540,4573
9.1075,3.23E+08,4569,4569,4540,4573
9.58622,3.23E+08,4569,4569,4540,4574
10.5525,3.23E+08,4569,4569,4540,4574
9.82082,3.23E+08,4569,4569,4540,4574
10.1548,3.23E+08,4570,4570,4541,4574
11.2719,3.23E+08,4570,4570,4541,4575
12.2277,3.23E+08,4570,4570,4541,4575
10.4966,3.23E+08,4570,4570,4541,4576
9.36903,3.23E+08,4571,4571,4542,4576
9.99503,3.23E+08,4572,4572,4542,4576
10.7089,3.23E+08,4573,4573,4542,4577
11.3673,3.23E+08,4573,4573,4543,4577
10.1681,3.23E+08,4573,4573,4543,4577
11.377,3.23E+08,4574,4574,4544,4577
10.8772,3.23E+08,4575,4575,4544,4577
10.387,3.23E+08,4576,4576,4544,4577
10.9936,3.23E+08,4577,4577,4545,4578
11.7687,3.23E+08,4578,4578,4545,4579
10.5527,3.23E+08,4578,4578,4546,4579
11.7247,3.23E+08,4578,4578,4546,4579
10.4864,3.23E+08,4578,4578,4546,4580
10.4361,3.23E+08,4579,4579,4546,4581
11.0344,3.23E+08,4579,4579,4548,4581
11.2244,3.23E+08,4579,4579,4548,4581
12.2833,3.23E+08,4579,4579,4548,4582
12.4812,3.23E+08,4580,4580,4548,4582
10.1639,3.23E+08,4580,4580,4548,4582
10.3304,3.23E+08,4580,4580,4549,4582
10.1495,3.23E+08,4580,4580,4549,4582
10.1519,3.23E+08,4582,4582,4550,4583
10.104,3.23E+08,4582,4582,4550,4583
11.1105,3.23E+08,4582,4582,4550,4583
11.8248,3.23E+08,4583,4583,4551,4583
11.2783,3.23E+08,4584,4584,4551,4583
10.207,3.23E+08,4584,4584,4554,4584
11.8856,3.23E+08,4584,4584,4554,4585
12.5503,3.23E+08,4585,4585,4555,4585
11.936,3.23E+08,4585,4585,4556,4585
10.731,3.23E+08,4585,4585,4556,4585
11.9918,3.23E+08,4585,4585,4556,4587
9.8171,3.23E+08,4586,4586,4556,4587
12.4938,3.23E+08,4587,4587,4556,4588
11.609,3.23E+08,4587,4587,4556,4589
11.8922,3.23E+08,4587,4587,4558,4590
12.2274,3.23E+08,4588,4588,4558,4590
12.8846,3.23E+08,4589,4589,4558,4590
10.8211,3.23E+08,4589,4589,4560,4590
11.2225,3.23E+08,4589,4589,4560,4591
9.53793,3.23E+08,4589,4589,4560,4591
11.5016,3.23E+08,4590,4590,4561,4591
13.0519,3.23E+08,4590,4590,4561,4591
11.1664,3.23E+08,4590,4590,4561,4591
11.9362,3.23E+08,4591,4591,4562,4592
12.4387,3.23E+08,4591,4591,4562,4592
10.9988,3.23E+08,4591,4591,4562,4592
9.20316,3.23E+08,4591,4591,4563,4593
11.055,3.23E+08,4592,4592,4563,4595
10.0957,3.23E+08,4594,4594,4564,4595
13.6792,3.23E+08,4595,4595,4564,4596
11.3228,3.23E+08,4595,4595,4564,4596
11.5462,3.23E+08,4595,4595,4564,4596
12.0041,3.23E+08,4595,4595,4565,4597
11.936,3.23E+08,4596,4596,4565,4597
11.7253,3.23E+08,4599,4599,4566,4597
12.4937,3.23E+08,4599,4599,4567,4598
12.507,3.23E+08,4599,4599,4567,4598
11.769,3.23E+08,4600,4600,4568,4599
11.144,3.23E+08,4601,4601,4568,4599
12.8548,3.23E+08,4601,4601,4569,4599
10.8766,3.23E+08,4601,4601,4569,4600
10.3743,3.23E+08,4601,4601,4570,4600
10.6086,3.23E+08,4601,4601,4570,4600
9.82661,3.23E+08,4602,4602,4571,4600
10.3185,3.23E+08,4602,4602,4571,4600
10.9885,3.23E+08,4602,4602,4571,4600
12.5624,3.23E+08,4603,4603,4571,4600
10.6425,3.23E+08,4603,4603,4571,4600
10.6086,3.23E+08,4603,4603,4572,4602
11.4901,3.23E+08,4604,4604,4572,4602
10.9988,3.23E+08,4604,4604,4572,4604
10.4967,3.23E+08,4604,4604,4572,4604
9.42662,3.23E+08,4604,4604,4572,4604
10.434,3.23E+08,4604,4604,4573,4605
9.71062,3.23E+08,4604,4604,4573,4605
8.81805,3.23E+08,4604,4604,4573,4605
9.20939,3.23E+08,4606,4606,4574,4606
9.47851,3.23E+08,4606,4606,4574,4606
12.4504,3.23E+08,4606,4606,4574,4606
11.6136,3.23E+08,4607,4607,4574,4606
11.1443,3.23E+08,4607,4607,4575,4607
11.725,3.23E+08,4608,4608,4576,4607
11.4458,3.23E+08,4608,4608,4576,4608
10.5314,3.23E+08,4608,4608,4576,4608
11.2816,3.23E+08,4608,4608,4576,4608
12.3949,3.23E+08,4608,4608,4576,4609
12.426,3.23E+08,4609,4609,4576,4609
12.6309,3.23E+08,4609,4609,4578,4609
11.2001,3.23E+08,4610,4610,4578,4610
11.1663,3.23E+08,4611,4611,4579,4610
10.9991,3.23E+08,4611,4611,4579,4611
12.1135,3.23E+08,4611,4611,4580,4612
11.2047,3.23E+08,4611,4611,4580,4612
9.26849,3.23E+08,4612,4612,4580,4612
8.76547,3.23E+08,4612,4612,4581,4613
9.30738,3.23E+08,4614,4614,4582,4614
10.4959,3.23E+08,4614,4615,4582,4614
9.31113,3.23E+08,4615,4615,4583,4614
8.60026,3.23E+08,4615,4615,4583,4615
10.2149,3.23E+08,4616,4616,4583,4615
11.8168,3.23E+08,4617,4617,4584,4615
10.4992,3.23E+08,4617,4617,4584,4616
10.5418,3.23E+08,4617,4617,4585,4616
12.3392,3.23E+08,4618,4618,4585,4617
9.76103,3.23E+08,4618,4618,4585,4617
10.1565,3.23E+08,4618,4618,4585,4618
10.7653,3.23E+08,4621,4621,4586,4618
12.0599,3.23E+08,4621,4621,4586,4619
12.0475,3.23E+08,4621,4621,4586,4619
11.2786,3.23E+08,4621,4621,4587,4620
12.0041,3.23E+08,4622,4622,4587,4620
10.81,3.23E+08,4622,4622,4587,4620
11.5131,3.23E+08,4622,4622,4587,4621
10.9324,3.23E+08,4622,4622,4588,4621
11.9363,3.23E+08,4623,4623,4588,4621
9.60329,3.23E+08,4624,4624,4588,4621
11.0329,3.23E+08,4625,4625,4588,4622
11.9043,3.23E+08,4625,4625,4589,4622
10.5977,3.23E+08,4626,4626,4589,4622
12.2152,3.23E+08,4626,4626,4590,4623
10.5977,3.23E+08,4626,4626,4590,4623
13.2192,3.23E+08,4627,4627,4591,4624
10.0598,3.23E+08,4627,4627,4591,4624
9.37083,3.23E+08,4627,4627,4591,4624
10.5437,3.23E+08,4627,4627,4591,4624
12.6618,3.23E+08,4629,4629,4591,4625
12.1158,3.23E+08,4629,4629,4591,4625
10.608,3.23E+08,4629,4629,4591,4625
11.4347,3.23E+08,4629,4629,4591,4626
10.9991,3.23E+08,4630,4630,4592,4626
12.8156,3.23E+08,4630,4630,4592,4626
9.82691,3.23E+08,4630,4630,4592,4627
10.0497,3.23E+08,4631,4631,4593,4627
11.2673,3.23E+08,4631,4631,4593,4628
10.8875,3.23E+08,4631,4631,4593,4628
11.3115,3.23E+08,4631,4631,4593,4628
12.9662,3.23E+08,4631,4631,4594,4629
10.8208,3.23E+08,4631,4631,4594,4629
11.9479,3.23E+08,4632,4632,4595,4629
10.6989,3.23E+08,4632,4632,4595,4630
11.5575,3.23E+08,4632,4632,4595,4630
10.3288,3.23E+08,4633,4633,4595,4630
11.1,3.23E+08,4633,4633,4596,4631
10.9896,3.23E+08,4633,4633,4596,4631
10.8208,3.23E+08,4634,4634,4596,4632
11.9363,3.23E+08,4634,4634,4596,4632
9.15664,3.23E+08,4634,4634,4597,4632
10.9382,3.23E+08,4634,4634,4597,4632
11.2705,3.23E+08,4634,4634,4597,4632
10.4355,3.23E+08,4634,4634,4597,4632
11.3238,3.23E+08,4634,4634,4598,4633
10.1675,3.23E+08,4634,4634,4598,4633
11.0906,3.23E+08,4635,4635,4598,4633
9.44286,3.23E+08,4635,4635,4599,4634
10.5419,3.23E+08,4636,4636,4599,4635
13.3308,3.23E+08,4636,4636,4600,4635
13.4981,3.23E+08,4636,4636,4600,4636
11.3899,3.23E+08,4636,4636,4600,4636
11.0994,3.23E+08,4637,4637,4600,4636
10.7761,3.23E+08,4637,4637,4601,4637
11.1666,3.23E+08,4637,4637,4601,4637
9.53418,3.23E+08,4637,4637,4601,4638
9.65801,3.23E+08,4637,4637,4602,4638
10.7093,3.23E+08,4637,4638,4602,4638
11.8798,3.23E+08,4637,4638,4602,4638
10.8425,3.23E+08,4639,4639,4602,4639
10.3746,3.23E+08,4639,4639,4603,4639
10.5978,3.23E+08,4640,4640,4603,4639
11.7219,3.23E+08,4640,4640,4603,4640
11.6574,3.23E+08,4640,4640,4604,4641
11.4458,3.23E+08,4640,4640,4604,4641
11.2109,3.23E+08,4640,4640,4604,4641
10.7761,3.23E+08,4641,4641,4604,4642
10.2599,3.23E+08,4641,4641,4604,4642
10.1601,3.23E+08,4641,4641,4604,4642
9.93553,3.23E+08,4641,4641,4604,4642
10.9257,3.23E+08,4642,4642,4605,4642
11.8276,3.23E+08,4642,4642,4605,4642
10.3391,3.23E+08,4644,4644,4605,4643
11.6578,3.23E+08,4644,4644,4605,4643
12.15,3.23E+08,4645,4645,4605,4643
11.3341,3.23E+08,4645,4645,4606,4643
9.77079,3.23E+08,4645,4645,4606,4644
10.4263,3.23E+08,4645,4645,4606,4644
9.54511,3.23E+08,4646,4646,4606,4644
10.3846,3.23E+08,4646,4646,4608,4645
11.1558,3.23E+08,4647,4647,4608,4645
9.99085,3.23E+08,4647,4647,4608,4645
10.6049,3.23E+08,4648,4648,4609,4646
10.5978,3.23E+08,4649,4649,4609,4646
12.2735,3.23E+08,4649,4649,4609,4647
8.65162,3.23E+08,4649,4649,4610,4648
10.8821,3.23E+08,4649,4649,4610,4649
11.5574,3.23E+08,4649,4649,4610,4649
11.6013,3.23E+08,4650,4650,4610,4649
9.93858,3.23E+08,4650,4650,4610,4649
8.80637,3.23E+08,4650,4650,4611,4649
9.04157,3.23E+08,4650,4650,4611,4649
11.4457,3.23E+08,4650,4650,4611,4649
9.59248,3.23E+08,4651,4651,4612,4650
10.938,3.23E+08,4651,4651,4612,4651
8.64944,3.23E+08,4652,4652,4613,4651
10.6624,3.23E+08,4652,4652,4613,4652
9.87044,3.23E+08,4652,4652,4613,4652
11.6133,3.23E+08,4652,4652,4614,4653
11.6017,3.23E+08,4653,4653,4614,4653
10.9991,3.23E+08,4653,4653,4614,4653
10.765,3.23E+08,4654,4654,4615,4654
12.0479,3.23E+08,4654,4654,4616,4655
10.7758,3.23E+08,4654,4654,4617,4655
10.6083,3.23E+08,4654,4654,4617,4656
11.8209,3.23E+08,4654,4654,4618,4656
11.7741,3.23E+08,4655,4655,4618,4656
11.2112,3.23E+08,4655,4655,4619,4656
10.9991,3.23E+08,4655,4655,4619,4658
12.271,3.23E+08,4656,4656,4620,4659
11.3786,3.23E+08,4656,4656,4620,4659
12.6614,3.23E+08,4656,4656,4621,4659
12.072,3.23E+08,4658,4658,4621,4660
10.5416,3.23E+08,4658,4658,4621,4660
12.2278,3.23E+08,4658,4658,4622,4662
12.7172,3.23E+08,4658,4658,4622,4662
11.5459,3.23E+08,4658,4658,4622,4662
11.6575,3.23E+08,4658,4658,4622,4663
10.3746,3.23E+08,4659,4659,4623,4663
11.3341,3.23E+08,4659,4659,4623,4663
11.3341,3.23E+08,4660,4660,4623,4663
10.6642,3.23E+08,4660,4660,4624,4664
9.41672,3.23E+08,4660,4660,4625,4664
11.2786,3.23E+08,4660,4660,4625,4664
11.3786,3.23E+08,4661,4661,4626,4665
11.7808,3.23E+08,4661,4661,4627,4665
10.1515,3.23E+08,4661,4661,4627,4666
10.9952,3.23E+08,4662,4662,4627,4666
11.386,3.23E+08,4662,4662,4627,4667
11.055,3.23E+08,4662,4662,4628,4668
12.7172,3.23E+08,4662,4662,4628,4668
12.6741,3.23E+08,4662,4662,4629,4668
11.813,3.23E+08,4663,4663,4629,4668
11.7367,3.23E+08,4664,4664,4629,4668
11.3228,3.23E+08,4665,4665,4629,4669
10.3205,3.23E+08,4665,4665,4630,4669
10.3805,3.23E+08,4665,4665,4631,4669
9.04391,3.23E+08,4665,4665,4631,4669
8.81224,3.23E+08,4666,4666,4632,4670
12.0041,3.23E+08,4667,4667,4632,4670
11.6017,3.23E+08,4667,4667,4632,4670
9.43436,3.23E+08,4668,4668,4632,4670
9.36613,3.23E+08,4668,4668,4633,4670
12.1717,3.23E+08,4669,4669,4633,4671
11.1,3.23E+08,4669,4669,4633,4671
11.7249,3.23E+08,4670,4670,4633,4671
9.91865,3.23E+08,4670,4670,4633,4671
10.5525,3.23E+08,4670,4670,4634,4672
11.6626,3.23E+08,4671,4671,4634,4673
11.052,3.23E+08,4671,4671,4634,4673
12.6745,3.23E+08,4671,4671,4634,4675
11.6017,3.23E+08,4671,4671,4635,4675
10.4963,3.23E+08,4672,4672,4635,4675
11.7136,3.23E+08,4672,4672,4636,4676
11.4344,3.23E+08,4673,4673,4636,4676
10.0497,3.23E+08,4675,4675,4636,4676
11.9366,3.23E+08,4675,4675,4636,4676
11.39,3.23E+08,4675,4675,4636,4676
10.5977,3.23E+08,4675,4675,4637,4677
10.6083,3.23E+08,4676,4676,4638,4677
11.6575,3.23E+08,4676,4676,4638,4678
11.7114,3.23E+08,4677,4677,4638,4678
11.4356,3.23E+08,4677,4677,4638,4678
12.0479,3.23E+08,4677,4677,4638,4679
10.2847,3.23E+08,4677,4677,4638,4679
10.9277,3.23E+08,4677,4677,4640,4679
11.8325,3.23E+08,4679,4679,4640,4680
11.5459,3.23E+08,4679,4679,4640,4680
11.1672,3.23E+08,4679,4679,4641,4680
10.5525,3.23E+08,4679,4679,4641,4680
11.0997,3.23E+08,4679,4679,4641,4681
11.769,3.23E+08,4679,4679,4643,4681
9.93394,3.23E+08,4680,4680,4643,4681
9.65924,3.23E+08,4680,4680,4644,4681
10.0363,3.23E+08,4681,4681,4644,4681
8.76599,3.23E+08,4682,4682,4644,4681
10.7602,3.23E+08,4682,4682,4644,4682
11.6136,3.23E+08,4682,4682,4645,4682
12.6183,3.23E+08,4682,4682,4645,4682
10.3185,3.23E+08,4682,4682,4645,4682
10.6086,3.23E+08,4683,4683,4646,4682
9.42325,3.23E+08,4684,4684,4646,4684
8.92832,3.23E+08,4684,4684,4646,4684
8.03613,3.23E+08,4684,4684,4647,4684
8.59374,3.23E+08,4684,4684,4647,4685
12.3369,3.23E+08,4684,4684,4647,4685
11.4901,3.23E+08,4685,4685,4647,4685
12.4508,3.23E+08,4686,4685,4647,4686
11.0943,3.23E+08,4686,4686,4647,4686
8.92785,3.23E+08,4686,4686,4648,4686
13.777,3.23E+08,4687,4687,4649,4686
8.82134,3.23E+08,4687,4687,4649,4686
10.7654,3.23E+08,4688,4688,4649,4687
11.1555,3.23E+08,4688,4688,4650,4687
12.9104,3.23E+08,4688,4688,4650,4687
11.1555,3.23E+08,4688,4688,4651,4687
10.7092,3.23E+08,4688,4688,4651,4688
10.1616,3.23E+08,4688,4688,4651,4688
11.8248,3.23E+08,4689,4689,4653,4688
10.9917,3.23E+08,4689,4689,4653,4688
8.98886,3.23E+08,4690,4690,4653,4689
11.7136,3.23E+08,4691,4691,4654,4689
12.06,3.23E+08,4691,4691,4654,4689
12.1473,3.23E+08,4691,4691,4654,4689
13.0645,3.23E+08,4692,4692,4655,4690
8.43084,3.23E+08,4692,4692,4655,4690
10.4408,3.23E+08,4693,4693,4655,4690
8.4798,3.23E+08,4693,4693,4656,4691
9.64981,3.23E+08,4693,4693,4656,4692
11.1663,3.23E+08,4694,4694,4656,4694
11.045,3.23E+08,4694,4694,4657,4694
10.263,3.23E+08,4694,4694,4657,4695
10.9885,3.23E+08,4694,4694,4658,4695
11.5575,3.23E+08,4694,4694,4658,4695
10.6083,3.23E+08,4695,4695,4659,4696
11.7573,3.23E+08,4696,4696,4659,4696
11.1666,3.23E+08,4696,4696,4659,4696
10.2175,3.23E+08,4696,4696,4659,4697
10.3634,3.23E+08,4696,4696,4659,4697
10.5075,3.23E+08,4696,4696,4660,4697
10.0909,3.23E+08,4697,4697,4660,4697
11.827,3.23E+08,4697,4697,4660,4698
11.5516,3.23E+08,4697,4697,4661,4698
12.438,3.23E+08,4697,4697,4661,4699
10.9545,3.23E+08,4698,4698,4662,4699
11.9364,3.23E+08,4698,4698,4663,4699
10.0954,3.23E+08,4698,4698,4663,4699
11.2228,3.23E+08,4698,4698,4663,4700
11.5437,3.23E+08,4698,4698,4663,4700
12.3949,3.23E+08,4698,4698,4663,4700
12.0599,3.23E+08,4699,4699,4663,4700
12.1595,3.23E+08,4699,4699,4663,4700
12.1037,3.23E+08,4699,4699,4663,4700
9.7705,3.23E+08,4699,4699,4664,4702
12.491,3.23E+08,4699,4699,4664,4702
12.1158,3.23E+08,4700,4700,4664,4702
13.8882,3.23E+08,4700,4700,4665,4702
10.1597,3.23E+08,4700,4700,4666,4703
8.02535,3.23E+08,4700,4700,4666,4703
8.54344,3.23E+08,4700,4700,4668,4704
9.15457,3.23E+08,4700,4700,4668,4704
11.2744,3.23E+08,4701,4701,4668,4704
9.59156,3.23E+08,4701,4701,4669,4705
8.703,3.23E+08,4701,4701,4669,4705
10.2689,3.23E+08,4701,4701,4669,4705
8.92631,3.23E+08,4701,4701,4669,4706
8.98272,3.23E+08,4702,4702,4669,4706
8.60099,3.23E+08,4702,4702,4669,4706
9.4291,3.23E+08,4702,4702,4669,4706
10.4908,3.23E+08,4702,4702,4669,4706
10.9324,3.23E+08,4703,4703,4669,4707
10.4966,3.23E+08,4704,4704,4670,4707
10.943,3.23E+08,4704,4704,4670,4707
12.2155,3.23E+08,4705,4705,4671,4708
11.267,3.23E+08,4705,4705,4671,4708
12.7172,3.23E+08,4705,4705,4671,4709
11.7132,3.23E+08,4705,4705,4671,4709
12.8545,3.23E+08,4705,4705,4671,4709
10.5417,3.23E+08,4706,4706,4671,4709
8.42315,3.23E+08,4707,4707,4672,4710
10.72,3.23E+08,4707,4707,4672,4710
8.59081,3.23E+08,4708,4708,4673,4711
8.48118,3.23E+08,4708,4708,4673,4711
9.20602,3.23E+08,4708,4708,4673,4711
9.26359,3.23E+08,4708,4708,4674,4712
10.8837,3.23E+08,4709,4709,4674,4712
10.6049,3.23E+08,4709,4709,4674,4712
9.70231,3.23E+08,4709,4709,4674,4713
12.0479,3.23E+08,4709,4709,4674,4714
10.7758,3.23E+08,4710,4710,4674,4715
11.2112,3.23E+08,4710,4710,4674,4715
9.70674,3.23E+08,4711,4711,4675,4715
9.77105,3.23E+08,4711,4711,4676,4715
8.98772,3.23E+08,4712,4712,4676,4715
10.9939,3.23E+08,4712,4712,4677,4715
9.65382,3.23E+08,4712,4712,4677,4716
9.37064,3.23E+08,4712,4712,4677,4716
9.31958,3.23E+08,4713,4713,4677,4717
10.6626,3.23E+08,4714,4714,4678,4717
11.6574,3.23E+08,4714,4714,4678,4717
11.3346,3.23E+08,4714,4714,4678,4718
11.9918,3.23E+08,4714,4714,4678,4718
11.8928,3.23E+08,4715,4715,4679,4719
10.8657,3.23E+08,4715,4715,4679,4719
10.9463,3.23E+08,4715,4715,4680,4720
11.3341,3.23E+08,4716,4716,4680,4720
8.75769,3.23E+08,4716,4716,4681,4721
9.76536,3.23E+08,4716,4716,4681,4721
8.41511,3.23E+08,4716,4716,4681,4721
9.83257,3.23E+08,4716,4716,4681,4721
10.6549,3.23E+08,4717,4717,4681,4721
12.5499,3.23E+08,4717,4717,4682,4722
12.271,3.23E+08,4717,4717,4682,4722
12.6183,3.23E+08,4717,4717,4682,4723
11.0546,3.23E+08,4717,4717,4683,4723
9.99445,3.23E+08,4719,4719,4683,4723
11.5459,3.23E+08,4720,4720,4684,4724
12.3702,3.23E+08,4720,4720,4684,4724
12.3391,3.23E+08,4720,4720,4684,4724
11.8925,3.23E+08,4720,4720,4684,4725
10.9991,3.23E+08,4720,4720,4684,4725
10.5314,3.23E+08,4720,4720,4685,4725
10.2836,3.23E+08,4720,4720,4685,4725
11.3786,3.23E+08,4720,4721,4685,4726
11.3672,3.23E+08,4721,4721,4685,4726
12.1279,3.23E+08,4721,4721,4686,4726
11.6575,3.23E+08,4722,4722,4687,4727
12.5624,3.23E+08,4722,4722,4687,4727
10.0957,3.23E+08,4722,4722,4687,4727
10.2175,3.23E+08,4722,4722,4688,4728
10.5419,3.23E+08,4722,4722,4688,4728
12.4508,3.23E+08,4722,4722,4688,4728
12.7042,3.23E+08,4722,4722,4689,4728
10.7199,3.23E+08,4723,4723,4690,4728
11.7253,3.23E+08,4723,4723,4690,4729
11.0994,3.23E+08,4723,4723,4690,4729
11.5578,3.23E+08,4724,4724,4690,4729
11.4343,3.23E+08,4724,4724,4691,4729
12.5625,3.23E+08,4724,4724,4691,4729
11.9921,3.23E+08,4725,4725,4691,4730
12.2152,3.23E+08,4725,4725,4692,4732
11.0439,3.23E+08,4726,4726,4692,4732
11.8366,3.23E+08,4727,4727,4692,4732
11.6575,3.23E+08,4727,4727,4692,4732
11.9483,3.23E+08,4727,4727,4693,4732
11.6575,3.23E+08,4728,4727,4693,4732
12.5499,3.23E+08,4728,4728,4693,4733
11.5495,3.23E+08,4728,4728,4694,4734
10.7089,3.23E+08,4728,4728,4694,4734
12.2401,3.23E+08,4729,4729,4694,4734
10.9324,3.23E+08,4730,4730,4694,4734
11.5574,3.23E+08,4730,4730,4695,4735
9.48189,3.23E+08,4730,4730,4695,4735
12.9536,3.23E+08,4730,4730,4695,4736
11.6574,3.23E+08,4730,4730,4695,4737
11.0546,3.23E+08,4730,4730,4695,4738
10.6538,3.23E+08,4731,4731,4695,4738
11.2112,3.23E+08,4731,4731,4696,4739
11.6017,3.23E+08,4732,4732,4696,4739
12.1037,3.23E+08,4733,4733,4696,4739
12.3391,3.23E+08,4733,4733,4696,4739
13.6097,3.23E+08,4733,4733,4697,4740
10.3954,3.23E+08,4733,4733,4697,4740
12.203,3.23E+08,4734,4734,4697,4740
11.267,3.23E+08,4735,4735,4698,4742
10.9991,3.23E+08,4736,4736,4698,4742
10.6083,3.23E+08,4736,4736,4698,4742
10.3746,3.23E+08,4736,4736,4699,4743
10.765,3.23E+08,4737,4737,4700,4743
11.4013,3.23E+08,4737,4737,4700,4743
9.92852,3.23E+08,4737,4737,4701,4743
9.81856,3.23E+08,4737,4737,4701,4743
9.0966,3.23E+08,4737,4737,4703,4744
10.5961,3.23E+08,4737,4737,4703,4744
11.0507,3.23E+08,4738,4738,4704,4744
10.1043,3.23E+08,4738,4738,4704,4744
11.3155,3.23E+08,4738,4738,4704,4744
10.5069,3.23E+08,4738,4738,4705,4744
9.98077,3.23E+08,4738,4738,4705,4744
10.0402,3.23E+08,4738,4738,4705,4745
7.30768,3.23E+08,4738,4738,4705,4745
7.92675,3.23E+08,4739,4739,4705,4745
7.81383,3.23E+08,4739,4739,4705,4746
8.87641,3.23E+08,4739,4739,4706,4746
10.1423,3.23E+08,4739,4739,4706,4746
9.15663,3.23E+08,4739,4739,4706,4746
10.9348,3.23E+08,4739,4739,4707,4747
9.31964,3.23E+08,4739,4739,4708,4748
10.7722,3.23E+08,4740,4740,4708,4748
11.4423,3.23E+08,4740,4740,4709,4748
11.2224,3.23E+08,4740,4740,4709,4749
10.8149,3.23E+08,4740,4740,4709,4749
9.70861,3.23E+08,4740,4740,4709,4749
12.6135,3.23E+08,4741,4741,4709,4749
12.5621,3.23E+08,4741,4741,4710,4750
10.6085,3.23E+08,4741,4741,4710,4750
11.8805,3.23E+08,4741,4741,4711,4750
11.8683,3.23E+08,4741,4741,4711,4751
9.21678,3.23E+08,4742,4742,4711,4751
11.769,3.23E+08,4742,4742,4711,4751
12.0479,3.23E+08,4742,4742,4712,4752
10.0041,3.23E+08,4743,4743,4712,4752
8.91246,3.23E+08,4743,4743,4712,4752
9.16179,3.23E+08,4743,4743,4713,4752
10.7093,3.23E+08,4743,4743,4713,4753
11.6017,3.23E+08,4743,4743,4713,4753
11.055,3.23E+08,4743,4743,4713,4753
10.7696,3.23E+08,4744,4744,4713,4753
11.7152,3.23E+08,4744,4744,4713,4753
11.4367,3.23E+08,4744,4744,4714,4753
11.9603,3.23E+08,4744,4744,4714,4753
12.9278,3.23E+08,4744,4744,4714,4753
10.9987,3.23E+08,4745,4744,4714,4753
10.2167,3.23E+08,4745,4745,4714,4753
10.1974,3.23E+08,4746,4746,4714,4753
10.0551,3.23E+08,4746,4746,4714,4753
9.26814,3.23E+08,4747,4747,4715,4754
9.42334,3.23E+08,4747,4747,4715,4754
11.2786,3.23E+08,4747,4747,4715,4754
13.6655,3.23E+08,4747,4747,4715,4755
12.6614,3.23E+08,4747,4747,4716,4756
9.70526,3.23E+08,4748,4748,4716,4756
10.6711,3.23E+08,4748,4748,4716,4756
11.0994,3.23E+08,4748,4748,4716,4757
10.6665,3.23E+08,4749,4749,4716,4757
11.4235,3.23E+08,4749,4749,4716,4757
11.1604,3.23E+08,4750,4750,4716,4757
11.9483,3.23E+08,4750,4750,4717,4758
11.2225,3.23E+08,4750,4750,4717,4758
11.5344,3.23E+08,4750,4750,4717,4760
9.89217,3.23E+08,4750,4750,4717,4760
10.0969,3.23E+08,4751,4751,4717,4760
10.6432,3.23E+08,4751,4751,4718,4760
12.6183,3.23E+08,4751,4751,4718,4760
10.6641,3.23E+08,4751,4751,4718,4760
8.64894,3.23E+08,4752,4752,4718,4761
9.87942,3.23E+08,4753,4753,4719,4761
10.4865,3.23E+08,4753,4753,4719,4761
10.2653,3.23E+08,4753,4753,4720,4762
9.87833,3.23E+08,4754,4754,4720,4762
6.97363,3.23E+08,4754,4754,4720,4762
11.0531,3.23E+08,4754,4754,4721,4762
8.82069,3.23E+08,4755,4755,4722,4762
10.924,3.23E+08,4755,4755,4722,4762
11.1075,3.23E+08,4756,4756,4723,4763
11.4904,3.23E+08,4756,4756,4723,4763
10.1051,3.23E+08,4756,4756,4724,4764
10.433,3.23E+08,4756,4756,4724,4764
11.8366,3.23E+08,4756,4756,4724,4764
10.7647,3.23E+08,4756,4756,4725,4764
10.7092,3.23E+08,4757,4757,4726,4764
10.3362,3.23E+08,4757,4757,4726,4765
10.315,3.23E+08,4758,4758,4726,4765
12.507,3.23E+08,4758,4758,4726,4765
10.6986,3.23E+08,4758,4758,4726,4765
10.5522,3.23E+08,4758,4758,4728,4766
10.7199,3.23E+08,4759,4759,4728,4766
8.4308,3.23E+08,4760,4760,4728,4766
9.47841,3.23E+08,4761,4761,4728,4767
10.4386,3.23E+08,4762,4762,4728,4767
10.5947,3.23E+08,4762,4762,4728,4767
8.59841,3.23E+08,4762,4762,4729,4767
9.60181,3.23E+08,4762,4762,4729,4767
12.1014,3.23E+08,4763,4763,4731,4768
10.3215,3.23E+08,4763,4763,4731,4768
10.6538,3.23E+08,4764,4764,4731,4768
9.27084,3.23E+08,4764,4764,4732,4768
10.3207,3.23E+08,4764,4764,4732,4769
8.87242,3.23E+08,4764,4764,4733,4769
10.433,3.23E+08,4765,4765,4733,4769
10.1619,3.23E+08,4765,4765,4734,4769
12.7172,3.23E+08,4765,4765,4734,4769
10.8716,3.23E+08,4765,4765,4735,4769
10.1616,3.23E+08,4765,4765,4735,4769
10.8872,3.23E+08,4766,4766,4735,4770
10.6545,3.23E+08,4766,4766,4736,4770
9.76261,3.23E+08,4766,4766,4736,4770
10.439,3.23E+08,4766,4766,4736,4770
11.7132,3.23E+08,4767,4767,4736,4771
9.93485,3.23E+08,4767,4767,4736,4771
11.612,3.23E+08,4767,4767,4736,4771
11.7721,3.23E+08,4767,4767,4736,4772
10.9878,3.23E+08,4767,4767,4736,4772
9.60321,3.23E+08,4767,4767,4737,4773
7.59225,3.23E+08,4767,4767,4737,4773
9.03467,3.23E+08,4769,4769,4738,4773
8.93329,3.23E+08,4769,4769,4738,4774
12.4941,3.23E+08,4769,4769,4738,4774
11.5012,3.23E+08,4771,4771,4738,4774
12.2714,3.23E+08,4771,4771,4738,4775
12.3391,3.23E+08,4771,4771,4738,4775
12.2149,3.23E+08,4772,4772,4739,4775
14.0422,3.23E+08,4773,4773,4739,4775
12.9662,3.23E+08,4774,4774,4739,4775
13.4846,3.23E+08,4774,4774,4739,4775
12.9533,3.23E+08,4774,4774,4740,4775
13.4423,3.23E+08,4774,4774,4740,4775
13.7349,3.23E+08,4774,4774,4740,4775
12.438,3.23E+08,4775,4775,4740,4775
12.3829,3.23E+08,4775,4775,4740,4776
13.1208,3.23E+08,4775,4775,4740,4776
11.8248,3.23E+08,4775,4775,4740,4776
11.9483,3.23E+08,4776,4776,4740,4777
11.4458,3.23E+08,4776,4776,4741,4777
11.267,3.23E+08,4776,4776,4741,4777
12.0599,3.23E+08,4777,4777,4741,4777
12.3826,3.23E+08,4777,4777,4741,4778
12.8974,3.23E+08,4777,4777,4742,4778
12.271,3.23E+08,4778,4778,4742,4778
10.9991,3.23E+08,4778,4778,4742,4778
12.1037,3.23E+08,4779,4779,4743,4778
10.72,3.23E+08,4779,4779,4743,4779
12.4259,3.23E+08,4780,4780,4743,4780
12.0479,3.23E+08,4780,4780,4743,4780
12.5066,3.23E+08,4781,4781,4744,4780
12.5495,3.23E+08,4781,4781,4744,4780
10.228,3.23E+08,4782,4782,4744,4781
10.5977,3.23E+08,4782,4782,4745,4781
11.8248,3.23E+08,4782,4782,4745,4781
10.9991,3.23E+08,4783,4783,4745,4781
11.1551,3.23E+08,4783,4783,4746,4781
12.3953,3.23E+08,4783,4783,4746,4781
11.9921,3.23E+08,4783,4783,4746,4782
10.9876,3.23E+08,4784,4784,4746,4782
10.0961,3.23E+08,4784,4784,4746,4783
10.563,3.23E+08,4784,4784,4746,4783
12.2149,3.23E+08,4785,4785,4747,4783
11.8928,3.23E+08,4785,4785,4748,4783
11.0326,3.23E+08,4786,4786,4748,4783
12.3953,3.23E+08,4786,4786,4748,4783
12.5621,3.23E+08,4786,4786,4748,4783
10.5419,3.23E+08,4787,4787,4749,4784
11.3903,3.23E+08,4787,4787,4749,4784
9.92803,3.23E+08,4787,4787,4749,4784
12.0042,3.23E+08,4788,4788,4749,4784
10.9327,3.23E+08,4788,4788,4749,4784
9.76076,3.23E+08,4788,4788,4749,4785
10.1061,3.23E+08,4789,4789,4750,4785
10.4858,3.23E+08,4789,4789,4750,4785
11.0553,3.23E+08,4789,4789,4750,4786
12.8288,3.23E+08,4790,4790,4751,4786
11.2001,3.23E+08,4790,4790,4751,4786
11.7926,3.23E+08,4790,4790,4751,4786
9.52841,3.23E+08,4790,4790,4751,4786
10.3291,3.23E+08,4790,4790,4752,4786
9.99413,3.23E+08,4790,4790,4752,4787
9.88219,3.23E+08,4791,4791,4752,4787
11.9924,3.23E+08,4791,4791,4752,4787
11.6575,3.23E+08,4791,4791,4752,4788
10.273,3.23E+08,4791,4791,4752,4788
10.4306,3.23E+08,4792,4792,4752,4788
12.3945,3.23E+08,4792,4792,4753,4788
13.6659,3.23E+08,4792,4792,4753,4788
10.8316,3.23E+08,4792,4792,4753,4788
11.0883,3.23E+08,4793,4793,4754,4789
11.5693,3.23E+08,4793,4793,4754,4789
11.3672,3.23E+08,4794,4794,4754,4790
12.1158,3.23E+08,4794,4794,4754,4790
13.1208,3.23E+08,4794,4794,4755,4790
12.4259,3.23E+08,4794,4794,4755,4791
11.2896,3.23E+08,4795,4795,4755,4791
12.3268,3.23E+08,4795,4795,4755,4791
11.5575,3.23E+08,4795,4795,4755,4792
11.0993,3.23E+08,4795,4795,4756,4792
12.7734,3.23E+08,4795,4795,4756,4792
11.6691,3.23E+08,4795,4795,4756,4792
11.7132,3.23E+08,4795,4795,4756,4792
10.72,3.23E+08,4795,4795,4756,4792
12.2152,3.23E+08,4796,4796,4757,4793
11.3338,3.23E+08,4796,4796,4757,4793
9.59399,3.23E+08,4796,4796,4757,4793
11.6017,3.23E+08,4796,4796,4758,4794
11.8921,3.23E+08,4796,4796,4758,4794
12.1599,3.23E+08,4796,4796,4758,4794
12.3949,3.23E+08,4796,4796,4758,4795
11.757,3.23E+08,4797,4797,4759,4795
12.4636,3.23E+08,4797,4797,4759,4795
11.6014,3.23E+08,4798,4798,4760,4795
11.7693,3.23E+08,4799,4799,4760,4796
11.3341,3.23E+08,4799,4799,4760,4796
11.434,3.23E+08,4799,4799,4761,4796
10.2736,3.23E+08,4799,4799,4761,4796
11.0439,3.23E+08,4800,4800,4762,4796
10.3846,3.23E+08,4800,4800,4762,4797
9.48243,3.23E+08,4800,4800,4762,4797
10.7093,3.23E+08,4800,4800,4763,4797
10.1616,3.23E+08,4801,4801,4764,4798
11.6575,3.23E+08,4801,4801,4764,4798
11.8245,3.23E+08,4801,4801,4764,4798
11.8927,3.23E+08,4801,4801,4765,4798
11.1108,3.23E+08,4801,4801,4765,4798
11.8245,3.23E+08,4801,4801,4765,4798
9.48239,3.23E+08,4802,4802,4765,4798
10.2733,3.23E+08,4802,4802,4765,4798
10.3746,3.23E+08,4802,4802,4765,4799
12.0596,3.23E+08,4803,4803,4766,4799
12.7172,3.23E+08,4803,4803,4766,4800
11.6694,3.23E+08,4803,4803,4767,4800
11.5459,3.23E+08,4803,4803,4767,4800
10.263,3.23E+08,4803,4803,4767,4800
11.4454,3.23E+08,4803,4803,4768,4801
12.2711,3.23E+08,4803,4803,4768,4801
11.4347,3.23E+08,4804,4804,4769,4801
10.3846,3.23E+08,4804,4804,4769,4802
11.167,3.23E+08,4805,4805,4769,4802
11.3228,3.23E+08,4806,4806,4769,4802
11.0436,3.23E+08,4806,4806,4769,4802
11.9483,3.23E+08,4807,4807,4770,4802
10.2075,3.23E+08,4807,4807,4770,4802
11.7808,3.23E+08,4807,4807,4770,4802
11.3669,3.23E+08,4807,4807,4770,4802
11.1111,3.23E+08,4807,4807,4770,4802
10.5416,3.23E+08,4808,4808,4771,4803
10.72,3.23E+08,4808,4808,4771,4803
10.4969,3.23E+08,4808,4808,4771,4803
10.42,3.23E+08,4809,4809,4771,4803
10.3849,3.23E+08,4809,4809,4772,4803
10.1616,3.23E+08,4809,4809,4772,4803
11.2783,3.23E+08,4810,4810,4772,4803
10.5416,3.23E+08,4810,4810,4772,4804
11.2115,3.23E+08,4810,4810,4773,4804
11.8363,3.23E+08,4810,4810,4774,4805
12.0482,3.23E+08,4810,4810,4774,4805
10.5524,3.23E+08,4810,4810,4774,4805
11.1997,3.23E+08,4811,4811,4774,4806
11.7367,3.23E+08,4811,4811,4775,4807
10.3188,3.23E+08,4811,4811,4775,4807
10.476,3.23E+08,4811,4811,4775,4807
13.2457,3.23E+08,4811,4811,4775,4807
11.7132,3.23E+08,4812,4812,4775,4808
12.1592,3.23E+08,4812,4812,4775,4808
11.1669,3.23E+08,4813,4813,4775,4808
10.2733,3.23E+08,4813,4813,4775,4809
11.9918,3.23E+08,4814,4814,4776,4809
10.9881,3.23E+08,4814,4814,4776,4809
10.4966,3.23E+08,4815,4815,4776,4809
10.3191,3.23E+08,4815,4815,4777,4809
10.9916,3.23E+08,4815,4815,4777,4809
11.4901,3.23E+08,4816,4816,4778,4810
10.882,3.23E+08,4816,4816,4778,4810
12.1158,3.23E+08,4816,4816,4778,4810
11.9801,3.23E+08,4816,4816,4778,4810
11.8366,3.23E+08,4816,4816,4778,4810
11.2783,3.23E+08,4817,4817,4778,4811
11.8366,3.23E+08,4817,4817,4778,4811
11.9241,3.23E+08,4817,4817,4779,4811
10.3398,3.23E+08,4818,4818,4779,4811
10.6985,3.23E+08,4818,4818,4779,4812
12.072,3.23E+08,4818,4818,4779,4812
11.8687,3.23E+08,4818,4818,4779,4812
11.4897,3.23E+08,4818,4818,4780,4812
11.5135,3.23E+08,4819,4819,4780,4813
11.9921,3.23E+08,4819,4819,4781,4814
12.1033,3.23E+08,4819,4819,4781,4814
11.6136,3.23E+08,4819,4819,4781,4814
12.5625,3.23E+08,4819,4819,4782,4815
11.5459,3.23E+08,4820,4820,4782,4815
12.2833,3.23E+08,4820,4820,4782,4815
10.0957,3.23E+08,4820,4820,4783,4815
10.5314,3.23E+08,4820,4820,4783,4816
10.1159,3.23E+08,4820,4820,4783,4816
12.4937,3.23E+08,4820,4820,4783,4816
14.0142,3.23E+08,4820,4820,4784,4816
12.3829,3.23E+08,4820,4820,4784,4816
11.3669,3.23E+08,4821,4821,4784,4817
12.1842,3.23E+08,4821,4821,4784,4817
11.2113,3.23E+08,4821,4821,4785,4817
12.1716,3.23E+08,4821,4821,4785,4817
10.8766,3.23E+08,4822,4822,4785,4818
12.1158,3.23E+08,4822,4822,4785,4818
12.7042,3.23E+08,4822,4822,4785,4819
11.4458,3.23E+08,4822,4822,4785,4819
11.1111,3.23E+08,4823,4823,4785,4819
11.8684,3.23E+08,4823,4823,4786,4819
12.2959,3.23E+08,4823,4823,4786,4819
10.8766,3.23E+08,4824,4824,4786,4819
11.7805,3.23E+08,4824,4824,4787,4819
13.0522,3.23E+08,4824,4824,4787,4820
11.5016,3.23E+08,4825,4825,4787,4820
11.0325,3.23E+08,4825,4825,4788,4820
10.4307,3.23E+08,4825,4825,4788,4820
12.6868,3.23E+08,4825,4825,4788,4820
12.1033,3.23E+08,4825,4825,4788,4820
10.7758,3.23E+08,4825,4825,4788,4820
11.5462,3.23E+08,4826,4826,4789,4820
11.4454,3.23E+08,4826,4826,4789,4821
12.3272,3.23E+08,4827,4827,4789,4821
11.3786,3.23E+08,4827,4827,4789,4822
11.0546,3.23E+08,4828,4828,4789,4822
11.2116,3.23E+08,4828,4828,4789,4822
10.8316,3.23E+08,4828,4828,4789,4823
10.9768,3.23E+08,4828,4828,4790,4823
10.1162,3.23E+08,4828,4828,4790,4823
10.3184,3.23E+08,4829,4829,4791,4823
10.9772,3.23E+08,4829,4829,4791,4823
10.3397,3.23E+08,4829,4829,4791,4823
11.4343,3.23E+08,4829,4829,4791,4823
9.705,3.23E+08,4829,4829,4791,4824
10.441,3.23E+08,4829,4829,4791,4825
12.6183,3.23E+08,4830,4830,4792,4825
12.7599,3.23E+08,4830,4830,4792,4825
11.2227,3.23E+08,4830,4830,4793,4825
10.8875,3.23E+08,4831,4831,4793,4825
11.2558,3.23E+08,4831,4831,4794,4825
10.385,3.23E+08,4831,4831,4794,4826
11.6575,3.23E+08,4831,4831,4795,4827
11.3899,3.23E+08,4831,4831,4795,4827
11.6691,3.23E+08,4831,4831,4795,4827
11.8126,3.23E+08,4831,4831,4795,4827
10.7869,3.23E+08,4832,4832,4795,4827
10.765,3.23E+08,4832,4832,4796,4827
11.4341,3.23E+08,4832,4832,4797,4828
12.1161,3.23E+08,4832,4832,4797,4828
11.6691,3.23E+08,4832,4832,4797,4828
11.4226,3.23E+08,4832,4832,4798,4828
11.9367,3.23E+08,4833,4833,4798,4829
11.7926,3.23E+08,4833,4833,4798,4829
12.6057,3.23E+08,4833,4833,4799,4829
10.7758,3.23E+08,4833,4833,4799,4830
12.9399,3.23E+08,4833,4833,4800,4830
10.9436,3.23E+08,4834,4834,4800,4831
10.7092,3.23E+08,4834,4834,4800,4831
11.7687,3.23E+08,4834,4834,4800,4831
11.5019,3.23E+08,4834,4834,4800,4831
10.9772,3.23E+08,4834,4834,4800,4831
10.3391,3.23E+08,4834,4834,4801,4832
10.877,3.23E+08,4835,4835,4801,4832
10.9991,3.23E+08,4836,4836,4801,4833
9.76073,3.23E+08,4836,4836,4801,4833
10.8211,3.23E+08,4836,4836,4801,4833
10.7758,3.23E+08,4836,4836,4802,4833
11.0886,3.23E+08,4836,4836,4802,4834
11.7246,3.23E+08,4837,4837,4802,4834
12.7176,3.23E+08,4837,4837,4803,4834
10.6748,3.23E+08,4837,4837,4803,4834
10.5311,3.23E+08,4838,4838,4803,4834
10.4411,3.23E+08,4838,4838,4803,4835
10.6082,3.23E+08,4838,4838,4804,4835
11.3673,3.23E+08,4838,4838,4804,4835
11.2783,3.23E+08,4838,4838,4804,4835
11.0439,3.23E+08,4839,4839,4804,4835
11.4572,3.23E+08,4839,4839,4804,4836
12.4259,3.23E+08,4839,4839,4804,4836
10.207,3.23E+08,4839,4839,4804,4836
10.0044,3.23E+08,4839,4839,4805,4836
11.4898,3.23E+08,4839,4839,4805,4838
13.2886,3.23E+08,4841,4841,4806,4838
11.7132,3.23E+08,4841,4841,4806,4838
12.7169,3.23E+08,4841,4841,4806,4838
11.7811,3.23E+08,4841,4841,4807,4839
11.9921,3.23E+08,4841,4841,4807,4839
11.8363,3.23E+08,4841,4841,4807,4839
12.3271,3.23E+08,4841,4841,4807,4840
10.8872,3.23E+08,4842,4842,4807,4840
11.3789,3.23E+08,4842,4842,4807,4840
12.0479,3.23E+08,4842,4842,4807,4841
10.7647,3.23E+08,4842,4842,4807,4841
11.6136,3.23E+08,4842,4842,4807,4841
12.2271,3.23E+08,4842,4842,4808,4841
10.9885,3.23E+08,4842,4842,4808,4842
10.7092,3.23E+08,4842,4842,4808,4842
9.42709,3.23E+08,4843,4843,4808,4842
11.6129,3.23E+08,4843,4843,4808,4843
10.8275,3.23E+08,4844,4844,4809,4844
10.8759,3.23E+08,4844,4844,4809,4844
10.9947,3.23E+08,4844,4844,4810,4844
11.2112,3.23E+08,4844,4844,4810,4844
9.60304,3.23E+08,4844,4844,4810,4845
11.0533,3.23E+08,4844,4844,4810,4845
9.76603,3.23E+08,4844,4844,4811,4845
9.64144,3.23E+08,4844,4844,4811,4845
9.88992,3.23E+08,4845,4845,4812,4846
10.1968,3.23E+08,4845,4845,4812,4846
9.33315,3.23E+08,4845,4845,4812,4846
8.64483,3.23E+08,4846,4846,4812,4846
8.43028,3.23E+08,4846,4846,4812,4847
8.36529,3.23E+08,4846,4846,4812,4847
9.09824,3.23E+08,4846,4846,4813,4848
9.76094,3.23E+08,4846,4846,4813,4848
8.82089,3.23E+08,4846,4846,4813,4848
10.7169,3.23E+08,4846,4846,4813,4848
10.5984,3.23E+08,4847,4847,4813,4848
9.76921,3.23E+08,4847,4847,4813,4848
11.3782,3.23E+08,4848,4847,4813,4849
11.6109,3.23E+08,4848,4848,4813,4850
11.8244,3.23E+08,4848,4848,4813,4850
9.87853,3.23E+08,4848,4848,4814,4850
10.6567,3.23E+08,4848,4848,4814,4850
12.4927,3.23E+08,4849,4849,4814,4850
12.2274,3.23E+08,4849,4849,4814,4851
10.8765,3.23E+08,4849,4849,4814,4851
10.5513,3.23E+08,4849,4849,4814,4851
10.9391,3.23E+08,4850,4850,4814,4851
12.271,3.23E+08,4850,4850,4815,4852
11.3786,3.23E+08,4850,4850,4815,4852
13.2192,3.23E+08,4850,4850,4815,4852
11.569,3.23E+08,4850,4850,4816,4852
11.4901,3.23E+08,4851,4851,4816,4852
12.3378,3.23E+08,4851,4851,4816,4852
12.5495,3.23E+08,4851,4851,4816,4852
10.4969,3.23E+08,4852,4852,4816,4852
9.70581,3.23E+08,4852,4852,4816,4853
10.476,3.23E+08,4852,4852,4816,4853
11.7805,3.23E+08,4853,4853,4817,4854
9.31474,3.23E+08,4853,4853,4817,4854
9.10165,3.23E+08,4853,4853,4817,4854
10.4385,3.23E+08,4853,4853,4817,4854
12.4383,3.23E+08,4853,4853,4818,4854
11.267,3.23E+08,4854,4854,4818,4854
11.0549,3.23E+08,4854,4854,4818,4854
12.7727,3.23E+08,4854,4854,4818,4855
10.821,3.23E+08,4854,4854,4818,4855
12.0148,3.23E+08,4854,4854,4818,4855
12.6488,3.23E+08,4854,4854,4819,4855
11.1716,3.23E+08,4855,4855,4819,4856
9.87982,3.23E+08,4855,4855,4820,4856
11.7192,3.23E+08,4855,4855,4820,4856
9.75552,3.23E+08,4855,4855,4820,4856
12.0477,3.23E+08,4855,4855,4820,4856
10.2269,3.23E+08,4855,4855,4820,4856
10.1515,3.23E+08,4855,4855,4821,4857
10.7159,3.23E+08,4856,4856,4821,4857
10.8783,3.23E+08,4856,4856,4822,4857
9.70854,3.23E+08,4856,4856,4822,4857
12.8288,3.23E+08,4856,4856,4823,4857
11.5574,3.23E+08,4856,4856,4823,4857
11.7808,3.23E+08,4856,4856,4823,4857
10.6408,3.23E+08,4857,4857,4824,4857
10.2821,3.23E+08,4857,4857,4824,4858
11.9888,3.23E+08,4857,4857,4824,4858
12.507,3.23E+08,4857,4857,4824,4858
12.5624,3.23E+08,4857,4857,4825,4858
11.2558,3.23E+08,4857,4857,4825,4858
11.1555,3.23E+08,4857,4857,4825,4858
11.8921,3.23E+08,4858,4858,4825,4858
12.0483,3.23E+08,4858,4858,4826,4858
12.3391,3.23E+08,4858,4858,4826,4859
10.3188,3.23E+08,4859,4859,4827,4859
12.0041,3.23E+08,4859,4859,4827,4859
10.7758,3.23E+08,4859,4859,4827,4859
10.9323,3.23E+08,4859,4859,4827,4859
11.055,3.23E+08,4859,4859,4827,4860
11.0439,3.23E+08,4859,4859,4827,4860
11.7808,3.23E+08,4860,4860,4827,4860
9.58777,3.23E+08,4860,4860,4827,4860
10.7749,3.23E+08,4860,4860,4827,4861
10.1523,3.23E+08,4860,4860,4827,4861
11.8343,3.23E+08,4861,4861,4828,4861
10.4963,3.23E+08,4861,4861,4828,4861
11.0442,3.23E+08,4861,4861,4828,4861
11.8363,3.23E+08,4861,4861,4828,4862
11.5435,3.23E+08,4861,4861,4828,4862
10.8314,3.23E+08,4861,4861,4828,4862
11.2114,3.23E+08,4862,4862,4828,4862
11.7133,3.23E+08,4862,4862,4828,4862
9.71283,3.23E+08,4862,4862,4829,4862
10.0434,3.23E+08,4862,4862,4829,4862
9.92813,3.23E+08,4864,4864,4829,4863
8.81589,3.23E+08,4864,4864,4829,4864
9.20973,3.23E+08,4864,4864,4829,4864
9.71292,3.23E+08,4864,4864,4830,4864
10.3215,3.23E+08,4864,4864,4830,4865
10.8316,3.23E+08,4866,4866,4831,4865
11.5455,3.23E+08,4866,4866,4832,4865
12.0045,3.23E+08,4866,4866,4832,4866
12.2584,3.23E+08,4866,4866,4832,4866
10.2633,3.23E+08,4866,4866,4832,4866
12.6306,3.23E+08,4866,4866,4832,4867
12.8849,3.23E+08,4867,4867,4832,4867
11.9483,3.23E+08,4867,4867,4833,4868
10.9846,3.23E+08,4867,4867,4833,4869
11.2783,3.23E+08,4868,4868,4833,4869
11.9367,3.23E+08,4868,4868,4833,4869
11.434,3.23E+08,4868,4868,4833,4869
10.598,3.23E+08,4868,4868,4834,4869
11.2225,3.23E+08,4868,4868,4834,4870
12.2152,3.23E+08,4868,4868,4834,4870
11.725,3.23E+08,4869,4869,4834,4870
11.6014,3.23E+08,4869,4869,4834,4870
12.8978,3.23E+08,4869,4869,4835,4870
11.2112,3.23E+08,4869,4869,4835,4870
12.9399,3.23E+08,4870,4870,4835,4871
12.1159,3.23E+08,4871,4871,4835,4871
12.4511,3.23E+08,4871,4871,4835,4871
11.6571,3.23E+08,4871,4871,4835,4871
10.3294,3.23E+08,4872,4872,4835,4871
10.7647,3.23E+08,4872,4872,4835,4872
11.9364,3.23E+08,4872,4872,4835,4872
12.0603,3.23E+08,4873,4873,4835,4872
11.8806,3.23E+08,4873,4873,4836,4873
12.0476,3.23E+08,4874,4874,4836,4873
11.8809,3.23E+08,4874,4874,4836,4873
11.569,3.23E+08,4874,4874,4836,4874
11.4783,3.23E+08,4874,4874,4836,4874
11.4017,3.23E+08,4875,4875,4836,4874
10.8766,3.23E+08,4875,4875,4837,4874
12.1591,3.23E+08,4875,4875,4837,4874
11.1111,3.23E+08,4875,4875,4838,4874
11.0329,3.23E+08,4875,4875,4838,4874
11.1104,3.23E+08,4875,4875,4838,4874
11.167,3.23E+08,4876,4876,4838,4875
12.1712,3.23E+08,4876,4876,4839,4875
10.0857,3.23E+08,4876,4876,4839,4875
11.6252,3.23E+08,4876,4876,4839,4875
11.0439,3.23E+08,4876,4876,4839,4875
11.5898,3.23E+08,4876,4876,4839,4875
11.8488,3.23E+08,4876,4876,4839,4875
10.0957,3.23E+08,4876,4877,4839,4875
13.1077,3.23E+08,4877,4877,4840,4876
10.8316,3.23E+08,4877,4877,4840,4876
11.9921,3.23E+08,4877,4877,4840,4876
12.4508,3.23E+08,4877,4877,4841,4876
10.9433,3.23E+08,4877,4877,4841,4876
11.8245,3.23E+08,4877,4877,4842,4877
11.2673,3.23E+08,4877,4877,4843,4877
10.7197,3.23E+08,4878,4878,4843,4877
10.5422,3.23E+08,4878,4878,4843,4877
12.2833,3.23E+08,4879,4879,4843,4877
10.932,3.23E+08,4879,4879,4843,4878
12.2837,3.23E+08,4879,4879,4844,4878
11.4901,3.23E+08,4879,4879,4844,4878
11.0329,3.23E+08,4879,4879,4844,4879
10.6189,3.23E+08,4879,4879,4845,4879
11.0997,3.23E+08,4879,4879,4845,4879
10.8871,3.23E+08,4879,4879,4845,4879
11.4905,3.23E+08,4879,4879,4845,4879
10.7092,3.23E+08,4879,4879,4845,4880
10.7089,3.23E+08,4879,4879,4845,4880
11.6137,3.23E+08,4880,4880,4846,4881
11.4458,3.23E+08,4880,4880,4847,4881
11.2,3.23E+08,4880,4880,4847,4881
10.495,3.23E+08,4880,4880,4847,4881
11.7687,3.23E+08,4880,4880,4848,4881
11.7929,3.23E+08,4881,4881,4848,4882
11.155,3.23E+08,4881,4881,4848,4882
11.2787,3.23E+08,4881,4881,4848,4882
11.0439,3.23E+08,4881,4881,4848,4883
11.2666,3.23E+08,4881,4881,4848,4883
9.59553,3.23E+08,4881,4881,4848,4883
10.4397,3.23E+08,4882,4882,4849,4884
12.7727,3.23E+08,4882,4882,4849,4884
9.21318,3.23E+08,4882,4882,4849,4884
8.86755,3.23E+08,4882,4882,4849,4884
6.2482,3.23E+08,4882,4882,4849,4884
9.93466,3.23E+08,4883,4883,4850,4884
11.4901,3.23E+08,4883,4883,4850,4885
13.1077,3.23E+08,4883,4883,4850,4885
11.4014,3.23E+08,4884,4884,4850,4885
12.3265,3.23E+08,4884,4884,4851,4885
12.6186,3.23E+08,4884,4884,4851,4885
10.8208,3.23E+08,4884,4884,4851,4885
10.765,3.23E+08,4884,4884,4851,4886
9.70576,3.23E+08,4884,4884,4851,4886
9.49179,3.23E+08,4884,4885,4851,4886
11.4382,3.23E+08,4885,4885,4852,4886
12.2278,3.23E+08,4885,4885,4852,4887
10.0947,3.23E+08,4885,4885,4852,4887
9.7063,3.23E+08,4885,4885,4853,4887
10.4941,3.23E+08,4885,4885,4853,4887
11.9918,3.23E+08,4885,4885,4854,4887
12.5628,3.23E+08,4886,4886,4854,4887
11.7249,3.23E+08,4886,4886,4854,4887
10.5419,3.23E+08,4887,4887,4854,4888
11.1108,3.23E+08,4887,4887,4854,4888
10.0399,3.23E+08,4887,4887,4854,4888
10.0296,3.23E+08,4887,4887,4854,4888
9.32694,3.23E+08,4888,4888,4855,4888
10.2708,3.23E+08,4888,4888,4855,4888
10.6639,3.23E+08,4888,4888,4855,4889
11.2673,3.23E+08,4888,4888,4855,4889
11.0439,3.23E+08,4888,4888,4855,4889
10.7626,3.23E+08,4888,4888,4855,4889
10.0562,3.23E+08,4888,4888,4856,4889
11.9868,3.23E+08,4888,4888,4856,4890
11.1666,3.23E+08,4889,4889,4856,4890
10.8857,3.23E+08,4889,4889,4856,4890
9.14002,3.23E+08,4889,4889,4856,4891
8.48937,3.23E+08,4889,4889,4857,4891
10.8763,3.23E+08,4889,4889,4857,4891
11.6694,3.23E+08,4889,4889,4857,4891
10.273,3.23E+08,4889,4889,4857,4891
11.8724,3.23E+08,4889,4889,4857,4892
12.0584,3.23E+08,4889,4889,4857,4892
11.3318,3.23E+08,4889,4889,4858,4892
10.3191,3.23E+08,4890,4890,4858,4892
10.5494,3.23E+08,4890,4890,4858,4892
11.6575,3.23E+08,4890,4890,4858,4892
10.8876,3.23E+08,4890,4890,4858,4892
11.4784,3.23E+08,4890,4890,4859,4892
13.749,3.23E+08,4890,4890,4859,4893
12.3822,3.23E+08,4890,4890,4859,4893
9.43608,3.23E+08,4890,4890,4859,4893
10.367,3.23E+08,4891,4891,4860,4893
9.59733,3.23E+08,4891,4891,4860,4894
11.3281,3.23E+08,4891,4891,4861,4894
12.6181,3.23E+08,4892,4892,4861,4895
11.2788,3.23E+08,4892,4892,4861,4895
12.4816,3.23E+08,4892,4892,4861,4895
11.7132,3.23E+08,4893,4893,4861,4895
11.569,3.23E+08,4893,4893,4861,4895
11.7129,3.23E+08,4894,4894,4861,4895
11.5019,3.23E+08,4894,4894,4861,4895
11.5459,3.23E+08,4894,4894,4862,4895
11.2667,3.23E+08,4894,4895,4862,4895
10.7761,3.23E+08,4895,4895,4862,4896
11.4901,3.23E+08,4895,4895,4862,4896
11.8802,3.23E+08,4896,4896,4862,4896
11.3903,3.23E+08,4896,4896,4863,4896
10.9433,3.23E+08,4896,4896,4863,4896
10.4859,3.23E+08,4896,4896,4863,4896
12.0044,3.23E+08,4896,4896,4863,4896
10.0399,3.23E+08,4896,4896,4864,4896
10.5868,3.23E+08,4896,4896,4864,4897
9.66895,3.23E+08,4896,4896,4864,4897
11.0439,3.23E+08,4897,4897,4864,4897
11.9918,3.23E+08,4897,4897,4864,4897
10.4378,3.23E+08,4897,4897,4864,4897
9.47103,3.23E+08,4897,4897,4864,4898
12.6907,3.23E+08,4898,4898,4864,4898
11.948,3.23E+08,4898,4898,4865,4898
8.97143,3.23E+08,4898,4898,4866,4898
11.0543,3.23E+08,4898,4898,4866,4898
10.4861,3.23E+08,4899,4899,4866,4899
11.8805,3.23E+08,4899,4899,4866,4899
12.6183,3.23E+08,4899,4899,4866,4899
10.8205,3.23E+08,4899,4899,4866,4899
10.4454,3.23E+08,4900,4900,4867,4899
10.0412,3.23E+08,4900,4900,4867,4899
9.98858,3.23E+08,4900,4900,4867,4900
10.552,3.23E+08,4900,4900,4867,4900
11.3786,3.23E+08,4900,4900,4867,4900
10.8255,3.23E+08,4900,4900,4867,4900
11.4924,3.23E+08,4900,4900,4867,4901
7.69955,3.23E+08,4900,4900,4867,4901
9.70917,3.23E+08,4901,4901,4867,4902
8.82128,3.23E+08,4901,4901,4868,4902
11.0546,3.23E+08,4901,4901,4869,4902
9.25994,3.23E+08,4901,4901,4869,4902
9.09846,3.23E+08,4901,4901,4869,4903
10.5311,3.23E+08,4901,4901,4869,4903
10.3952,3.23E+08,4902,4902,4870,4903
9.31112,3.23E+08,4902,4902,4870,4903
9.49134,3.23E+08,4902,4902,4870,4903
9.47952,3.23E+08,4902,4902,4870,4903
10.7156,3.23E+08,4902,4902,4871,4903
11.1555,3.23E+08,4902,4902,4871,4903
12.9957,3.23E+08,4902,4902,4871,4904
11.5693,3.23E+08,4903,4903,4871,4904
12.6057,3.23E+08,4903,4903,4871,4904
12.2148,3.23E+08,4903,4903,4871,4904
11.6136,3.23E+08,4904,4904,4871,4904
9.65885,3.23E+08,4904,4904,4873,4904
10.6538,3.23E+08,4904,4904,4873,4904
10.8668,3.23E+08,4904,4904,4873,4904
12.1716,3.23E+08,4904,4904,4873,4905
10.2733,3.23E+08,4905,4905,4873,4905
11.434,3.23E+08,4906,4906,4873,4905
13.7216,3.23E+08,4906,4906,4873,4905
12.1158,3.23E+08,4906,4906,4873,4906
11.725,3.23E+08,4906,4906,4873,4906
11.6574,3.23E+08,4907,4907,4874,4906
10.8316,3.23E+08,4907,4907,4874,4906
11.6575,3.23E+08,4907,4907,4875,4907
10.6029,3.23E+08,4907,4907,4875,4907
10.7761,3.23E+08,4908,4908,4876,4907
11.0997,3.23E+08,4908,4908,4876,4908
10.4754,3.23E+08,4908,4908,4877,4908
10.731,3.23E+08,4908,4908,4877,4908
10.817,3.23E+08,4908,4908,4878,4908
11.3782,3.23E+08,4908,4908,4878,4908
11.7177,3.23E+08,4908,4908,4878,4908
11.2899,3.23E+08,4909,4909,4878,4908
10.81,3.23E+08,4909,4909,4878,4909
11.3315,3.23E+08,4909,4909,4878,4909
9.71471,3.23E+08,4909,4909,4879,4909
11.0329,3.23E+08,4909,4909,4879,4909
10.8436,3.23E+08,4909,4909,4879,4910
11.3786,3.23E+08,4909,4909,4879,4910
10.7758,3.23E+08,4909,4909,4879,4910
10.3746,3.23E+08,4910,4910,4879,4910
12.4504,3.23E+08,4910,4910,4879,4910
10.5422,3.23E+08,4910,4910,4879,4911
10.0954,3.23E+08,4910,4910,4880,4911
10.6611,3.23E+08,4910,4910,4880,4911
9.15738,3.23E+08,4910,4910,4880,4911
9.42694,3.23E+08,4911,4911,4880,4912
10.646,3.23E+08,4911,4911,4880,4912
8.86945,3.23E+08,4912,4912,4880,4912
10.4989,3.23E+08,4912,4912,4880,4912
10.9343,3.23E+08,4912,4912,4881,4912
10.8763,3.23E+08,4913,4913,4881,4912
11.2899,3.23E+08,4913,4913,4881,4912
10.8731,3.23E+08,4913,4913,4881,4913
11.3255,3.23E+08,4913,4913,4881,4913
11.267,3.23E+08,4913,4913,4881,4913
12.1037,3.23E+08,4914,4914,4882,4913
9.89234,3.23E+08,4914,4914,4882,4913
12.2584,3.23E+08,4914,4914,4882,4914
12.0724,3.23E+08,4914,4914,4882,4914
9.37059,3.23E+08,4915,4915,4882,4914
11.1552,3.23E+08,4915,4915,4882,4914
10.3294,3.23E+08,4915,4915,4883,4915
10.876,3.23E+08,4916,4916,4883,4915
12.3295,3.23E+08,4916,4916,4884,4915
10.4408,3.23E+08,4916,4916,4884,4915
11.613,3.23E+08,4917,4917,4884,4915
11.9925,3.23E+08,4917,4917,4884,4916
11.4343,3.23E+08,4917,4917,4884,4916
10.6532,3.23E+08,4917,4917,4884,4916
10.5527,3.23E+08,4917,4917,4885,4916
10.1596,3.23E+08,4917,4917,4885,4917
10.086,3.23E+08,4917,4917,4885,4917
11.3396,3.23E+08,4918,4918,4886,4917
11.0439,3.23E+08,4918,4918,4886,4917
11.4344,3.23E+08,4918,4918,4886,4917
12.1154,3.23E+08,4918,4918,4886,4917
11.1111,3.23E+08,4919,4919,4886,4918
11.3786,3.23E+08,4919,4919,4886,4918
11.3225,3.23E+08,4919,4919,4887,4918
11.2176,3.23E+08,4919,4919,4887,4918
10.1596,3.23E+08,4920,4920,4887,4919
11.725,3.23E+08,4920,4920,4887,4919
12.104,3.23E+08,4920,4920,4888,4920
11.9364,3.23E+08,4920,4920,4888,4920
12.2274,3.23E+08,4920,4920,4888,4920
12.2587,3.23E+08,4920,4920,4888,4920
11.066,3.23E+08,4921,4921,4888,4921
11.6014,3.23E+08,4921,4921,4889,4921
11.8927,3.23E+08,4921,4921,4889,4921
11.3786,3.23E+08,4921,4921,4889,4921
12.1158,3.23E+08,4921,4921,4889,4921
9.92836,3.23E+08,4921,4921,4890,4922
10.2625,3.23E+08,4921,4921,4890,4922
11.1501,3.23E+08,4922,4922,4890,4922
11.5016,3.23E+08,4922,4922,4890,4923
12.8288,3.23E+08,4922,4922,4890,4923
11.1108,3.23E+08,4922,4922,4892,4923
12.3822,3.23E+08,4923,4923,4892,4923
11.9606,3.23E+08,4923,4923,4892,4924
12.3826,3.23E+08,4923,4923,4892,4924
11.9921,3.23E+08,4924,4924,4892,4924
11.7808,3.23E+08,4924,4924,4892,4924
12.5931,3.23E+08,4924,4924,4892,4925
12.7427,3.23E+08,4924,4924,4893,4925
12.3268,3.23E+08,4924,4924,4893,4925
13.4981,3.23E+08,4924,4924,4893,4925
10.7758,3.23E+08,4924,4924,4893,4925
10.2073,3.23E+08,4925,4925,4894,4925
10.9323,3.23E+08,4925,4925,4894,4926
11.2112,3.23E+08,4925,4925,4894,4926
11.9478,3.23E+08,4925,4925,4894,4926
11.8929,3.23E+08,4925,4925,4894,4926
10.6535,3.23E+08,4925,4925,4894,4926
12.9961,3.23E+08,4925,4925,4895,4927
10.1616,3.23E+08,4925,4925,4895,4927
11.5459,3.23E+08,4926,4926,4895,4928
9.88246,3.23E+08,4926,4926,4895,4928
10.6083,3.23E+08,4926,4926,4895,4928
10.9324,3.23E+08,4926,4926,4895,4928
10.8208,3.23E+08,4926,4926,4895,4928
12.0041,3.23E+08,4926,4926,4895,4928
12.3268,3.23E+08,4926,4926,4896,4928
10.8205,3.23E+08,4926,4926,4896,4929
11.8369,3.23E+08,4926,4926,4896,4929
11.6574,3.23E+08,4926,4926,4896,4929
12.8288,3.23E+08,4926,4926,4897,4929
12.1717,3.23E+08,4927,4927,4897,4929
10.6641,3.23E+08,4927,4927,4897,4929
11.6575,3.23E+08,4927,4927,4897,4929
11.3782,3.23E+08,4928,4928,4898,4930
8.81344,3.23E+08,4928,4928,4898,4930
11.2337,3.23E+08,4928,4928,4898,4930
10.592,3.23E+08,4928,4928,4898,4931
8.03922,3.23E+08,4928,4928,4898,4931
8.76232,3.23E+08,4928,4928,4898,4931
9.03115,3.23E+08,4928,4928,4898,4931
10.2645,3.23E+08,4928,4928,4898,4932
11.174,3.23E+08,4929,4929,4898,4932
10.874,3.23E+08,4929,4929,4899,4932
7.81668,3.23E+08,4929,4929,4899,4932
8.31866,3.23E+08,4929,4929,4899,4932
9.53231,3.23E+08,4929,4929,4900,4932
12.0538,3.23E+08,4930,4930,4901,4932
10.4966,3.23E+08,4930,4930,4901,4932
11.8806,3.23E+08,4930,4930,4901,4932
10.5521,3.23E+08,4931,4931,4901,4933
8.75775,3.23E+08,4931,4931,4901,4933
6.47749,3.23E+08,4931,4931,4902,4933
11.8809,3.23E+08,4932,4932,4902,4933
10.3743,3.23E+08,4932,4932,4902,4933
12.3949,3.23E+08,4932,4932,4902,4934
9.42689,3.23E+08,4933,4933,4902,4934
9.32314,3.23E+08,4933,4933,4903,4934
11.2099,3.23E+08,4933,4933,4903,4934
10.0502,3.23E+08,4933,4933,4903,4935
11.3172,3.23E+08,4933,4933,4903,4935
12.7854,3.23E+08,4933,4933,4903,4935
11.9924,3.23E+08,4934,4934,4903,4935
10.4408,3.23E+08,4934,4934,4903,4935
9.30883,3.23E+08,4934,4934,4904,4936
10.0429,3.23E+08,4934,4934,4905,4936
11.6192,3.23E+08,4934,4934,4905,4936
12.5931,3.23E+08,4935,4935,4905,4936
12.6737,3.23E+08,4935,4935,4905,4936
11.2787,3.23E+08,4935,4935,4905,4936
11.4458,3.23E+08,4935,4935,4905,4936
10.9878,3.23E+08,4936,4936,4905,4936
11.2784,3.23E+08,4936,4936,4906,4936
11.602,3.23E+08,4936,4936,4906,4937
12.4379,3.23E+08,4937,4937,4906,4937
11.9487,3.23E+08,4937,4937,4906,4937
11.0439,3.23E+08,4938,4937,4906,4937
11.7246,3.23E+08,4938,4938,4906,4938
12.2714,3.23E+08,4938,4938,4906,4938
10.7092,3.23E+08,4938,4938,4907,4938
12.7727,3.23E+08,4938,4938,4907,4938
12.1719,3.23E+08,4939,4939,4907,4938
12.5625,3.23E+08,4939,4939,4907,4938
13.4423,3.23E+08,4939,4939,4907,4939
10.7755,3.23E+08,4939,4939,4908,4939
10.8769,3.23E+08,4939,4939,4908,4939
11.378,3.23E+08,4939,4939,4908,4940
11.4904,3.23E+08,4940,4940,4908,4940
10.9885,3.23E+08,4940,4940,4908,4940
10.7199,3.23E+08,4941,4941,4909,4940
11.267,3.23E+08,4941,4941,4909,4940
11.2779,3.23E+08,4941,4941,4909,4940
11.4462,3.23E+08,4941,4941,4909,4940
12.0041,3.23E+08,4941,4941,4909,4940
11.3228,3.23E+08,4941,4941,4910,4940
10.4861,3.23E+08,4942,4942,4910,4941
10.2172,3.23E+08,4942,4942,4910,4941
10.2075,3.23E+08,4942,4942,4910,4941
11.9363,3.23E+08,4943,4943,4911,4941
11.0994,3.23E+08,4943,4943,4911,4941
9.0543,3.23E+08,4943,4943,4911,4942
10.0302,3.23E+08,4943,4943,4912,4942
11.4901,3.23E+08,4943,4943,4912,4942
9.10991,3.23E+08,4944,4944,4912,4942
10.255,3.23E+08,4944,4944,4912,4942
9.88022,3.23E+08,4944,4944,4913,4943
9.77079,3.23E+08,4944,4944,4913,4943
11.1666,3.23E+08,4944,4944,4913,4943
12.3268,3.23E+08,4944,4944,4913,4943
10.8208,3.23E+08,4944,4944,4913,4943
10.7092,3.23E+08,4945,4945,4913,4943
9.9363,3.23E+08,4945,4945,4913,4944
9.26396,3.23E+08,4945,4945,4913,4944
11.212,3.23E+08,4945,4945,4913,4944
10.4966,3.23E+08,4946,4946,4913,4945
10.4281,3.23E+08,4946,4946,4914,4945
12.3394,3.23E+08,4946,4946,4914,4945
10.7732,3.23E+08,4946,4946,4914,4945
11.7608,3.23E+08,4946,4946,4914,4945
11.8806,3.23E+08,4947,4947,4914,4946
11.569,3.23E+08,4947,4947,4914,4946
10.8766,3.23E+08,4947,4947,4914,4946
11.7249,3.23E+08,4947,4947,4915,4946
12.6057,3.23E+08,4948,4948,4915,4946
11.5016,3.23E+08,4948,4948,4915,4947
10.5871,3.23E+08,4948,4948,4916,4947
12.2737,3.23E+08,4948,4948,4916,4947
10.7866,3.23E+08,4948,4948,4916,4947
10.7572,3.23E+08,4948,4948,4916,4947
11.9383,3.23E+08,4948,4948,4916,4947
9.10883,3.23E+08,4948,4948,4916,4947
11.3731,3.23E+08,4948,4948,4916,4948
11.2783,3.23E+08,4949,4949,4916,4948
11.3225,3.23E+08,4949,4949,4916,4948
11.6694,3.23E+08,4949,4949,4917,4948
11.1551,3.23E+08,4949,4949,4917,4948
11.3903,3.23E+08,4949,4949,4917,4949
10.6426,3.23E+08,4949,4949,4917,4949
12.0165,3.23E+08,4949,4949,4917,4949
11.7569,3.23E+08,4949,4949,4917,4949
13.0653,3.23E+08,4949,4949,4918,4950
11.7805,3.23E+08,4949,4949,4918,4950
12.3271,3.23E+08,4950,4950,4918,4950
10.9324,3.23E+08,4950,4950,4918,4950
10.0399,3.23E+08,4950,4950,4919,4951
9.00041,3.23E+08,4950,4950,4919,4951
9.81474,3.23E+08,4950,4950,4919,4951
9.19409,3.23E+08,4950,4950,4919,4951
10.0041,3.23E+08,4950,4950,4920,4952
11.2061,3.23E+08,4950,4950,4920,4952
10.1606,3.23E+08,4950,4950,4920,4952
8.14843,3.23E+08,4951,4951,4920,4952
8.64253,3.23E+08,4951,4951,4920,4952
10.9356,3.23E+08,4951,4951,4920,4952
12.1034,3.23E+08,4952,4952,4921,4952
11.4575,3.23E+08,4952,4952,4921,4952
11.4901,3.23E+08,4952,4952,4921,4952
10.6531,3.23E+08,4952,4952,4921,4953
9.9386,3.23E+08,4953,4953,4921,4953
8.03616,3.23E+08,4953,4953,4921,4953
6.74474,3.23E+08,4953,4953,4921,4953
12.4948,3.23E+08,4953,4953,4921,4953
11.2337,3.23E+08,4953,4953,4922,4954
9.42543,3.23E+08,4953,4953,4922,4954
8.48713,3.23E+08,4953,4953,4922,4954
8.36259,3.23E+08,4954,4954,4922,4954
9.37809,3.23E+08,4954,4954,4923,4954
10.8781,3.23E+08,4954,4954,4923,4955
7.42596,3.23E+08,4954,4954,4923,4955
8.9757,3.23E+08,4954,4954,4923,4955
8.87122,3.23E+08,4954,4954,4923,4955
10.943,3.23E+08,4954,4954,4924,4955
11.8928,3.23E+08,4954,4954,4924,4956
10.1515,3.23E+08,4955,4955,4924,4956
12.2152,3.23E+08,4955,4955,4924,4956
10.8872,3.23E+08,4955,4955,4925,4956
8.98295,3.23E+08,4955,4955,4925,4956
10.1009,3.23E+08,4956,4956,4925,4956
9.54021,3.23E+08,4956,4956,4925,4957
10.8855,3.23E+08,4956,4956,4925,4957
12.7303,3.23E+08,4956,4956,4925,4957
10.1515,3.23E+08,4956,4956,4925,4957
10.374,3.23E+08,4957,4957,4925,4957
12.8344,3.23E+08,4957,4957,4925,4957
8.53907,3.23E+08,4957,4957,4926,4958
7.58703,3.23E+08,4957,4957,4926,4958
8.70398,3.23E+08,4957,4957,4926,4958
8.59403,3.23E+08,4957,4957,4927,4958
10.7758,3.23E+08,4957,4957,4927,4959
9.19453,3.23E+08,4958,4958,4927,4959
11.0098,3.23E+08,4958,4958,4927,4959
11.3231,3.23E+08,4958,4958,4927,4959
10.7114,3.23E+08,4958,4958,4927,4959
11.3785,3.23E+08,4959,4959,4927,4959
12.9533,3.23E+08,4959,4959,4927,4959
11.1551,3.23E+08,4959,4959,4927,4959
10.3294,3.23E+08,4959,4959,4928,4960
10.9991,3.23E+08,4959,4959,4929,4960
11.6455,3.23E+08,4959,4959,4929,4960
13.4003,3.23E+08,4959,4959,4929,4960
13.2192,3.23E+08,4959,4959,4929,4960
11.7246,3.23E+08,4959,4960,4929,4960
11.7811,3.23E+08,4960,4960,4930,4960
10.4304,3.23E+08,4960,4960,4930,4960
12.8412,3.23E+08,4960,4960,4930,4960
11.1,3.23E+08,4960,4960,4930,4960
11.0993,3.23E+08,4960,4960,4930,4961
10.3746,3.23E+08,4960,4960,4930,4961
9.82687,3.23E+08,4961,4961,4930,4961
11.2221,3.23E+08,4961,4961,4931,4961
11.3789,3.23E+08,4961,4961,4931,4961
10.9991,3.23E+08,4961,4961,4931,4961
11.8684,3.23E+08,4961,4962,4931,4961
11.7253,3.23E+08,4961,4962,4931,4962
11.7686,3.23E+08,4962,4962,4932,4963
10.1619,3.23E+08,4962,4962,4932,4963
11.9921,3.23E+08,4962,4962,4932,4963
11.2224,3.23E+08,4962,4962,4932,4964
12.4508,3.23E+08,4962,4962,4932,4964
11.5344,3.23E+08,4962,4962,4932,4964
11.0997,3.23E+08,4962,4962,4933,4964
10.72,3.23E+08,4962,4962,4933,4965
12.6053,3.23E+08,4963,4963,4933,4965
11.8369,3.23E+08,4963,4963,4933,4965
10.7758,3.23E+08,4963,4963,4933,4965
10.4304,3.23E+08,4963,4963,4934,4965
11.0997,3.23E+08,4963,4963,4934,4966
12.1033,3.23E+08,4963,4963,4934,4966
12.2959,3.23E+08,4963,4963,4934,4966
11.1443,3.23E+08,4963,4963,4934,4966
11.2221,3.23E+08,4964,4964,4935,4966
9.43603,3.23E+08,4964,4964,4935,4966
12.8971,3.23E+08,4964,4964,4935,4966
11.602,3.23E+08,4964,4964,4935,4966
12.3821,3.23E+08,4964,4964,4935,4966
11.6134,3.23E+08,4964,4964,4935,4966
9.76128,3.23E+08,4964,4964,4935,4966
12.1158,3.23E+08,4964,4964,4936,4967
11.8127,3.23E+08,4964,4964,4936,4967
11.3458,3.23E+08,4964,4964,4936,4967
11.5459,3.23E+08,4965,4965,4937,4967
12.4816,3.23E+08,4965,4965,4937,4967
13.1895,3.23E+08,4965,4965,4937,4967
13.108,3.23E+08,4965,4965,4937,4967
12.7858,3.23E+08,4965,4965,4938,4968
13.4286,3.23E+08,4966,4966,4938,4968
12.1282,3.23E+08,4966,4966,4938,4968
10.6531,3.23E+08,4966,4966,4938,4969
11.9487,3.23E+08,4966,4966,4939,4970
13.1077,3.23E+08,4966,4966,4939,4970
12.9957,3.23E+08,4966,4966,4939,4970
11.502,3.23E+08,4966,4966,4940,4970
13.0519,3.23E+08,4966,4966,4940,4970
12.1595,3.23E+08,4966,4966,4940,4970
10.9991,3.23E+08,4966,4966,4940,4970
10.0954,3.23E+08,4966,4966,4940,4970
9.88247,3.23E+08,4966,4966,4940,4971
9.37089,3.23E+08,4967,4966,4940,4971
11.2112,3.23E+08,4967,4967,4940,4971
11.2222,3.23E+08,4967,4967,4941,4971
8.98914,3.23E+08,4967,4967,4941,4971
10.1517,3.23E+08,4967,4967,4941,4971
10.9881,3.23E+08,4967,4967,4942,4971
11.8802,3.23E+08,4968,4967,4942,4972
10.3853,3.23E+08,4968,4968,4942,4972
11.4455,3.23E+08,4968,4968,4943,4972
12.885,3.23E+08,4968,4968,4943,4972
10.7199,3.23E+08,4968,4968,4943,4973
9.75102,3.23E+08,4968,4968,4944,4973
10.6751,3.23E+08,4968,4968,4944,4973
11.4344,3.23E+08,4969,4969,4944,4973
11.4784,3.23E+08,4969,4969,4944,4974
12.0044,3.23E+08,4969,4969,4945,4974
10.05,3.23E+08,4969,4969,4945,4974
12.0038,3.23E+08,4969,4969,4945,4974
12.104,3.23E+08,4970,4970,4945,4975
12.3242,3.23E+08,4970,4970,4945,4975
11.4365,3.23E+08,4970,4970,4946,4975
12.1597,3.23E+08,4970,4970,4946,4976
12.7854,3.23E+08,4971,4971,4946,4976
11.3345,3.23E+08,4971,4971,4947,4976
11.1666,3.23E+08,4971,4971,4947,4976
10.3639,3.23E+08,4971,4971,4947,4976
10.9995,3.23E+08,4972,4972,4947,4977
11.8921,3.23E+08,4972,4972,4948,4977
11.6578,3.23E+08,4972,4972,4948,4977
11.3341,3.23E+08,4972,4972,4948,4977
10.8762,3.23E+08,4972,4972,4949,4977
11.7812,3.23E+08,4972,4972,4949,4977
11.9363,3.23E+08,4972,4972,4949,4977
13.2189,3.23E+08,4972,4972,4949,4978
11.4904,3.23E+08,4973,4973,4949,4978
11.3341,3.23E+08,4973,4973,4949,4978
11.434,3.23E+08,4973,4973,4949,4978
12.1598,3.23E+08,4974,4974,4949,4978
12.1279,3.23E+08,4974,4974,4950,4978
11.3112,3.23E+08,4975,4975,4950,4978
10.731,3.23E+08,4975,4975,4951,4978
10.5868,3.23E+08,4975,4975,4951,4978
10.6616,3.23E+08,4976,4976,4951,4978
9.87801,3.23E+08,4976,4976,4951,4978
11.0549,3.23E+08,4976,4976,4951,4978
9.97446,3.23E+08,4976,4976,4951,4979
10.7758,3.23E+08,4976,4976,4952,4979
10.991,3.23E+08,4976,4976,4952,4979
11.2704,3.23E+08,4976,4976,4952,4979
9.49132,3.23E+08,4976,4976,4952,4979
10.8848,3.23E+08,4977,4977,4952,4979
11.391,3.23E+08,4977,4977,4952,4980
9.75752,3.23E+08,4977,4977,4953,4980
9.9387,3.23E+08,4977,4977,4953,4980
11.4326,3.23E+08,4978,4978,4953,4980
9.93855,3.23E+08,4978,4978,4953,4980
9.76012,3.23E+08,4978,4978,4954,4980
9.60322,3.23E+08,4978,4978,4954,4981
9.19869,3.23E+08,4978,4978,4954,4981
11.9801,3.23E+08,4979,4979,4954,4981
12.1154,3.23E+08,4979,4979,4954,4981
7.76321,3.23E+08,4979,4979,4954,4981
9.32394,3.23E+08,4979,4979,4955,4981
9.42129,3.23E+08,4979,4979,4955,4981
9.43266,3.23E+08,4979,4979,4955,4981
11.8257,3.23E+08,4979,4979,4955,4982
14.4049,3.23E+08,4979,4979,4955,4982
13.3308,3.23E+08,4980,4979,4955,4982
11.9921,3.23E+08,4980,4980,4955,4982
11.8485,3.23E+08,4980,4980,4955,4982
12.4941,3.23E+08,4980,4980,4955,4983
12.5066,3.23E+08,4980,4980,4956,4983
11.4901,3.23E+08,4981,4981,4956,4983
10.6535,3.23E+08,4981,4981,4956,4983
12.0041,3.23E+08,4981,4981,4957,4983
10.7092,3.23E+08,4981,4981,4957,4984
14.1258,3.23E+08,4981,4981,4957,4984
10.765,3.23E+08,4982,4982,4957,4984
11.055,3.23E+08,4982,4982,4957,4984
12.2588,3.23E+08,4982,4982,4958,4984
11.6249,3.23E+08,4982,4982,4958,4985
10.6531,3.23E+08,4982,4982,4958,4985
10.6538,3.23E+08,4982,4982,4958,4985
12.0041,3.23E+08,4982,4982,4959,4985
10.9772,3.23E+08,4982,4982,4959,4985
11.7808,3.23E+08,4983,4983,4959,4985
9.98413,3.23E+08,4983,4983,4960,4985
11.1219,3.23E+08,4983,4983,4960,4985
10.3188,3.23E+08,4983,4983,4960,4985
12.438,3.23E+08,4983,4983,4960,4985
13.1211,3.23E+08,4983,4983,4960,4985
12.1595,3.23E+08,4983,4983,4960,4985
11.2224,3.23E+08,4983,4983,4960,4986
10.9881,3.23E+08,4984,4984,4960,4986
10.4405,3.23E+08,4984,4984,4961,4986
10.0402,3.23E+08,4984,4984,4961,4987
11.4901,3.23E+08,4984,4984,4961,4987
11.8248,3.23E+08,4984,4984,4961,4987
11.8806,3.23E+08,4984,4985,4962,4987
10.1715,3.23E+08,4985,4985,4962,4988
11.9366,3.23E+08,4985,4985,4962,4988
9.60329,3.23E+08,4985,4985,4962,4988
10.6986,3.23E+08,4985,4985,4963,4988
12.7858,3.23E+08,4985,4985,4963,4988
11.2112,3.23E+08,4985,4985,4963,4988
13.3865,3.23E+08,4986,4986,4963,4988
10.0041,3.23E+08,4986,4986,4963,4989
10.9212,3.23E+08,4986,4986,4963,4989
11.1723,3.23E+08,4986,4986,4963,4989
10.72,3.23E+08,4986,4986,4963,4989
12.0916,3.23E+08,4986,4986,4964,4990
11.6691,3.23E+08,4986,4986,4964,4990
12.1716,3.23E+08,4987,4987,4964,4990
11.4229,3.23E+08,4988,4988,4965,4990
11.5016,3.23E+08,4988,4988,4965,4990
10.4966,3.23E+08,4989,4989,4965,4991
12.1033,3.23E+08,4989,4989,4965,4991
9.26857,3.23E+08,4989,4989,4965,4991
11.267,3.23E+08,4989,4989,4965,4991
11.4454,3.23E+08,4989,4989,4965,4991
10.3712,3.23E+08,4990,4990,4965,4992
10.4969,3.23E+08,4990,4990,4966,4992
10.5416,3.23E+08,4990,4990,4966,4992
10.7701,3.23E+08,4990,4990,4966,4992
9.82373,3.23E+08,4990,4990,4966,4992
10.6645,3.23E+08,4991,4991,4966,4992
12.9403,3.23E+08,4991,4991,4966,4992
12.5499,3.23E+08,4991,4991,4967,4992
11.3341,3.23E+08,4991,4991,4967,4993
11.936,3.23E+08,4991,4991,4967,4994
10.9436,3.23E+08,4991,4991,4967,4994
11.4901,3.23E+08,4991,4991,4967,4994
12.8413,3.23E+08,4992,4992,4967,4994
12.104,3.23E+08,4992,4992,4967,4994
12.2152,3.23E+08,4992,4992,4967,4994
9.81654,3.23E+08,4992,4992,4967,4994
10.8319,3.23E+08,4993,4993,4968,4994
10.9433,3.23E+08,4993,4993,4968,4994
12.0916,3.23E+08,4993,4993,4968,4994
10.6748,3.23E+08,4993,4993,4969,4994
11.8687,3.23E+08,4994,4994,4969,4994
12.1716,3.23E+08,4994,4994,4969,4994
11.7808,3.23E+08,4994,4994,4969,4995
11.3115,3.23E+08,4994,4994,4969,4995
11.4572,3.23E+08,4994,4994,4969,4995
11.9921,3.23E+08,4994,4994,4969,4995
11.2666,3.23E+08,4995,4995,4970,4995
10.2178,3.23E+08,4995,4995,4970,4995
10.8198,3.23E+08,4995,4995,4970,4995
11.6575,3.23E+08,4995,4995,4970,4996
11.3341,3.23E+08,4995,4995,4970,4996
10.5525,3.23E+08,4995,4995,4971,4996
12.0913,3.23E+08,4995,4995,4971,4996
11.1222,3.23E+08,4996,4996,4971,4996
10.4262,3.23E+08,4996,4996,4972,4996
11.9918,3.23E+08,4996,4996,4972,4997
11.9924,3.23E+08,4996,4996,4972,4997
12.4073,3.23E+08,4996,4996,4972,4997
11.2001,3.23E+08,4997,4997,4973,4997
11.2783,3.23E+08,4997,4997,4973,4997
10.5525,3.23E+08,4997,4997,4973,4998
11.6575,3.23E+08,4997,4997,4974,4998
12.773,3.23E+08,4997,4997,4974,4998
11.5574,3.23E+08,4997,4997,4974,4998
11.4455,3.23E+08,4997,4997,4974,4998
11.2673,3.23E+08,4998,4998,4975,4998
11.8806,3.23E+08,4998,4998,4975,4998
11.1666,3.23E+08,4998,4998,4975,4999
9.82663,3.23E+08,4998,4998,4975,4999
11.3669,3.23E+08,4998,4998,4975,4999
10.6086,3.23E+08,4998,4998,4976,5000
9.93829,3.23E+08,4999,4999,4976,5000
13.3308,3.23E+08,4999,4999,4976,5000
11.3899,3.23E+08,4999,4999,4976,5000
8.63826,3.23E+08,4999,4999,4976,5000
10.3235,3.23E+08,4999,4999,4976,5001
9.65864,3.23E+08,4999,4999,4977,5001
10.4855,3.23E+08,4999,4999,4977,5001
8.87745,3.23E+08,5000,5000,4977,5001
8.93277,3.23E+08,5000,5000,4977,5001
10.2532,3.23E+08,5000,5000,4977,5001
10.0585,3.23E+08,5000,5000,4978,5001
11.3672,3.23E+08,5000,5000,4978,5002
11.8485,3.23E+08,5000,5000,4978,5002
12.9831,3.23E+08,5001,5001,4978,5002
12.773,3.23E+08,5001,5001,4978,5002
11.1778,3.23E+08,5001,5001,4978,5002
11.769,3.23E+08,5001,5001,4978,5002
10.9988,3.23E+08,5001,5001,4978,5002
11.9367,3.23E+08,5001,5001,4979,5002
11.8366,3.23E+08,5001,5001,4979,5003
11.8806,3.23E+08,5001,5001,4979,5003
10.9991,3.23E+08,5001,5001,4979,5003
11.8806,3.23E+08,5001,5001,4979,5003
10.2069,3.23E+08,5001,5001,4979,5003
12.0045,3.23E+08,5002,5002,4979,5003
12.1591,3.23E+08,5002,5002,4979,5003
10.4408,3.23E+08,5002,5002,4979,5003
11.602,3.23E+08,5002,5002,4980,5004
10.2134,3.23E+08,5002,5002,4980,5004
12.104,3.23E+08,5002,5002,4981,5004
10.4963,3.23E+08,5003,5003,4981,5004
10.9874,3.23E+08,5003,5003,4981,5004
9.48413,3.23E+08,5003,5003,4981,5004
11.1111,3.23E+08,5003,5003,4982,5004
11.4787,3.23E+08,5003,5003,4982,5004
11.6133,3.23E+08,5004,5004,4982,5005
12.271,3.23E+08,5004,5004,4982,5005
12.6183,3.23E+08,5004,5004,4982,5005
10.8205,3.23E+08,5004,5004,4983,5005
10.2177,3.23E+08,5004,5004,4983,5005
10.5973,3.23E+08,5004,5004,4983,5005
10.3294,3.23E+08,5004,5004,4983,5005
11.3338,3.23E+08,5004,5004,4984,5005
10.9327,3.23E+08,5004,5004,4984,5005
12.1158,3.23E+08,5004,5004,4984,5006
11.8248,3.23E+08,5005,5005,4984,5006
11.7132,3.23E+08,5005,5005,4984,5006
12.5624,3.23E+08,5005,5005,4984,5006
11.2109,3.23E+08,5005,5005,4985,5007
10.4411,3.23E+08,5005,5005,4985,5007
12.7172,3.23E+08,5005,5005,4985,5007
11.769,3.23E+08,5005,5005,4985,5008
10.8208,3.23E+08,5005,5005,4986,5008
13.2746,3.23E+08,5005,5005,4986,5008
11.2337,3.23E+08,5005,5005,4986,5009
10.2072,3.23E+08,5005,5006,4986,5009
10.2736,3.23E+08,5006,5006,4986,5009
11.3228,3.23E+08,5006,5006,4986,5009
12.5066,3.23E+08,5006,5006,4986,5009
10.8208,3.23E+08,5006,5006,4986,5009
11.1439,3.23E+08,5006,5006,4986,5009
10.2737,3.23E+08,5006,5006,4987,5009
13.1204,3.23E+08,5007,5007,4987,5010
12.5625,3.23E+08,5007,5007,4987,5010
12.7176,3.23E+08,5007,5007,4987,5010
10.8763,3.23E+08,5007,5007,4988,5010
10.7761,3.23E+08,5008,5008,4988,5010
11.7132,3.23E+08,5008,5008,4988,5010
12.953,3.23E+08,5008,5008,4988,5010
11.7693,3.23E+08,5009,5009,4988,5010
11.1666,3.23E+08,5009,5009,4988,5010
10.4197,3.23E+08,5009,5009,4988,5010
10.6751,3.23E+08,5009,5009,4988,5011
11.0997,3.23E+08,5009,5009,4988,5011
12.1034,3.23E+08,5009,5009,4988,5011
12.5628,3.23E+08,5009,5009,4988,5011
10.3188,3.23E+08,5010,5010,4989,5011
10.0497,3.23E+08,5010,5010,4989,5011
10.2075,3.23E+08,5010,5010,4989,5011
10.9429,3.23E+08,5010,5010,4989,5012
10.5977,3.23E+08,5010,5010,4989,5012
11.8369,3.23E+08,5010,5010,4989,5012
10.5871,3.23E+08,5010,5010,4990,5012
12.1664,3.23E+08,5011,5011,4990,5012
10.7647,3.23E+08,5011,5011,4990,5012
12.8978,3.23E+08,5011,5011,4990,5012
9.9383,3.23E+08,5011,5011,4990,5012
11.1007,3.23E+08,5011,5011,4990,5012
11.0553,3.23E+08,5011,5011,4990,5013
11.7573,3.23E+08,5011,5011,4991,5013
12.0599,3.23E+08,5011,5011,4991,5013
12.2274,3.23E+08,5011,5011,4991,5013
12.4941,3.23E+08,5012,5012,4991,5014
13.0091,3.23E+08,5012,5012,4991,5014
13.8886,3.23E+08,5012,5012,4992,5014
11.5459,3.23E+08,5012,5012,4992,5014
11.0549,3.23E+08,5012,5012,4992,5014
11.9364,3.23E+08,5012,5012,4993,5014
12.7299,3.23E+08,5012,5012,4993,5014
10.7755,3.23E+08,5012,5012,4993,5014
10.6538,3.23E+08,5012,5012,4993,5015
10.9881,3.23E+08,5012,5012,4993,5015
13.6791,3.23E+08,5013,5013,4993,5015
11.769,3.23E+08,5013,5013,4993,5015
13.6791,3.23E+08,5013,5013,4993,5016
11.3228,3.23E+08,5013,5013,4994,5016
11.613,3.23E+08,5013,5013,4994,5016
11.8251,3.23E+08,5013,5013,4994,5017
10.0957,3.23E+08,5014,5013,4994,5017
11.8362,3.23E+08,5014,5014,4994,5017
11.6578,3.23E+08,5014,5014,4994,5017
11.8924,3.23E+08,5014,5014,4994,5018
11.3224,3.23E+08,5014,5014,4995,5018
11.3899,3.23E+08,5014,5014,4995,5018
11.7694,3.23E+08,5014,5014,4995,5018
11.8806,3.23E+08,5014,5014,4995,5018
11.1104,3.23E+08,5015,5015,4995,5018
11.4905,3.23E+08,5015,5015,4996,5018
10.273,3.23E+08,5015,5015,4996,5019
10.9326,3.23E+08,5015,5015,4996,5019
12.6741,3.23E+08,5015,5015,4996,5019
12.2588,3.23E+08,5016,5015,4996,5019
10.9323,3.23E+08,5016,5016,4996,5019
11.569,3.23E+08,5016,5016,4996,5019
11.2112,3.23E+08,5016,5016,4997,5019
12.4938,3.23E+08,5017,5017,4997,5019
12.3949,3.23E+08,5017,5017,4997,5019
12.507,3.23E+08,5017,5017,4997,5020
12.1037,3.23E+08,5017,5017,4997,5020
11.8683,3.23E+08,5018,5018,4997,5020
12.4512,3.23E+08,5018,5018,4997,5020
11.6691,3.23E+08,5018,5018,4998,5020
10.8872,3.23E+08,5018,5018,4998,5020
11.0999,3.23E+08,5018,5018,4999,5020
9.99411,3.23E+08,5018,5018,4999,5020
11.3672,3.23E+08,5018,5018,4999,5021
11.7808,3.23E+08,5019,5019,4999,5021
12.227,3.23E+08,5019,5019,4999,5021
11.4347,3.23E+08,5019,5019,4999,5021
12.0599,3.23E+08,5019,5019,4999,5021
10.7543,3.23E+08,5019,5019,4999,5021
12.575,3.23E+08,5019,5019,4999,5021
11.5459,3.23E+08,5020,5020,4999,5021
12.0475,3.23E+08,5020,5020,5000,5021
11.3903,3.23E+08,5020,5020,5000,5021
11.8806,3.23E+08,5021,5021,5001,5021
12.8288,3.23E+08,5021,5021,5001,5021
12.3391,3.23E+08,5021,5021,5001,5022
10.9433,3.23E+08,5021,5021,5001,5022
12.4259,3.23E+08,5021,5021,5001,5022
12.2274,3.23E+08,5022,5022,5002,5023
12.1158,3.23E+08,5022,5022,5002,5023
13.6518,3.23E+08,5022,5022,5002,5023
11.066,3.23E+08,5023,5023,5003,5023
11.0439,3.23E+08,5023,5023,5003,5023
12.6183,3.23E+08,5023,5023,5003,5023
12.6057,3.23E+08,5023,5023,5003,5023
12.8288,3.23E+08,5023,5023,5003,5024
10.2172,3.23E+08,5023,5023,5004,5024
11.3789,3.23E+08,5023,5023,5004,5024
10.2174,3.23E+08,5023,5023,5004,5025
11.3785,3.23E+08,5024,5024,5004,5025
11.7808,3.23E+08,5024,5024,5004,5025
12.2583,3.23E+08,5024,5024,5004,5025
10.9885,3.23E+08,5025,5025,5005,5025
11.4014,3.23E+08,5025,5025,5005,5025
11.2,3.23E+08,5025,5025,5005,5025
11.8366,3.23E+08,5025,5025,5005,5025
11.4898,3.23E+08,5025,5025,5006,5025
11.9606,3.23E+08,5026,5026,5006,5025
11.3786,3.23E+08,5026,5026,5006,5026
10.5871,3.23E+08,5026,5026,5006,5026
10.563,3.23E+08,5026,5026,5006,5026
11.2109,3.23E+08,5026,5026,5006,5026
12.172,3.23E+08,5026,5026,5006,5026
12.2152,3.23E+08,5026,5026,5006,5027
10.7199,3.23E+08,5026,5027,5006,5027
9.59346,3.23E+08,5027,5027,5006,5027
6.63885,3.23E+08,5027,5027,5007,5027
9.26574,3.23E+08,5027,5027,5007,5027
11.2642,3.23E+08,5027,5027,5007,5027
10.8864,3.23E+08,5027,5027,5007,5028
11.8245,3.23E+08,5027,5027,5007,5028
11.6674,3.23E+08,5027,5027,5007,5028
12.0479,3.23E+08,5027,5027,5007,5028
9.43552,3.23E+08,5027,5027,5007,5028
11.325,3.23E+08,5027,5027,5007,5028
10.26,3.23E+08,5027,5027,5007,5028
12.0041,3.23E+08,5028,5028,5007,5029
12.2149,3.23E+08,5028,5028,5008,5029
12.4511,3.23E+08,5028,5028,5008,5029
12.0596,3.23E+08,5028,5028,5008,5029
11.9924,3.23E+08,5028,5029,5009,5029
11.5016,3.23E+08,5029,5029,5009,5030
10.5419,3.23E+08,5029,5029,5009,5030
8.76102,3.23E+08,5029,5029,5009,5030
9.59369,3.23E+08,5029,5029,5009,5030
7.42262,3.23E+08,5029,5029,5009,5030
8.70096,3.23E+08,5029,5029,5009,5031
9.82471,3.23E+08,5029,5029,5009,5031
12.4383,3.23E+08,5029,5029,5010,5031
10.4408,3.23E+08,5029,5029,5010,5031
10.5525,3.23E+08,5029,5029,5010,5031
10.7647,3.23E+08,5029,5029,5010,5031
11.2786,3.23E+08,5030,5030,5011,5031
11.9921,3.23E+08,5030,5030,5011,5031
11.5901,3.23E+08,5030,5030,5011,5031
11.9598,3.23E+08,5030,5030,5011,5032
11.5905,3.23E+08,5031,5031,5011,5032
12.575,3.23E+08,5031,5031,5011,5032
11.7132,3.23E+08,5031,5031,5011,5032
10.4966,3.23E+08,5032,5032,5011,5032
11.3672,3.23E+08,5032,5032,5011,5032
11.6017,3.23E+08,5032,5032,5011,5032
11.9602,3.23E+08,5032,5032,5012,5033
11.0329,3.23E+08,5032,5032,5012,5033
10.563,3.23E+08,5032,5032,5012,5033
10.2069,3.23E+08,5032,5032,5012,5033
12.1161,3.23E+08,5032,5032,5012,5033
10.3201,3.23E+08,5032,5032,5012,5033
10.3188,3.23E+08,5033,5033,5012,5033
10.9881,3.23E+08,5033,5033,5013,5034
13.0649,3.23E+08,5033,5033,5013,5034
10.9878,3.23E+08,5033,5033,5013,5034
11.6136,3.23E+08,5033,5033,5013,5034
11.7132,3.23E+08,5033,5033,5013,5034
11.0997,3.23E+08,5033,5033,5013,5035
10.3746,3.23E+08,5033,5033,5013,5035
11.2779,3.23E+08,5033,5033,5013,5035
10.5429,3.23E+08,5033,5033,5014,5035
9.88477,3.23E+08,5034,5034,5014,5036
10.9366,3.23E+08,5034,5034,5014,5036
9.8799,3.23E+08,5034,5034,5015,5036
10.7092,3.23E+08,5034,5034,5015,5036
12.7727,3.23E+08,5035,5035,5015,5037
12.2277,3.23E+08,5035,5035,5015,5037
11.2224,3.23E+08,5035,5035,5016,5038
10.9214,3.23E+08,5035,5035,5016,5038
10.2733,3.23E+08,5035,5035,5016,5038
11.7686,3.23E+08,5035,5035,5016,5038
11.3345,3.23E+08,5036,5036,5016,5038
11.5459,3.23E+08,5036,5036,5017,5038
11.3228,3.23E+08,5036,5036,5017,5038
12.0041,3.23E+08,5036,5036,5017,5038
10.9323,3.23E+08,5036,5036,5017,5038
11.2896,3.23E+08,5036,5036,5017,5039
11.7132,3.23E+08,5037,5037,5017,5039
11.6017,3.23E+08,5037,5037,5017,5039
11.769,3.23E+08,5037,5037,5017,5039
11.5459,3.23E+08,5037,5037,5017,5039
11.0549,3.23E+08,5037,5037,5017,5040
10.4405,3.23E+08,5037,5038,5017,5040
11.7253,3.23E+08,5038,5038,5017,5040
10.9881,3.23E+08,5038,5038,5017,5040
9.77033,3.23E+08,5039,5039,5018,5040
10.032,3.23E+08,5039,5039,5018,5040
11.441,3.23E+08,5039,5039,5018,5040
12.1716,3.23E+08,5039,5039,5018,5041
12.0479,3.23E+08,5039,5039,5019,5041
10.8316,3.23E+08,5039,5039,5019,5041
11.5459,3.23E+08,5039,5039,5020,5041
12.3268,3.23E+08,5040,5039,5020,5041
12.3826,3.23E+08,5040,5040,5020,5042
10.7758,3.23E+08,5040,5040,5020,5042
11.0994,3.23E+08,5040,5040,5021,5042
9.88402,3.23E+08,5040,5040,5021,5042
10.2106,3.23E+08,5040,5040,5021,5042
11.7132,3.23E+08,5040,5040,5021,5042
10.1014,3.23E+08,5040,5040,5022,5043
10.0538,3.23E+08,5040,5040,5022,5043
8.19665,3.23E+08,5041,5041,5022,5043
10.4905,3.23E+08,5041,5041,5022,5043
9.42933,3.23E+08,5041,5041,5022,5043
11.6574,3.23E+08,5041,5041,5022,5044
10.1091,3.23E+08,5041,5041,5022,5044
11.8331,3.23E+08,5041,5041,5023,5044
12.0479,3.23E+08,5041,5041,5023,5044
10.9433,3.23E+08,5041,5041,5023,5044
9.92765,3.23E+08,5041,5041,5023,5044
9.71476,3.23E+08,5042,5042,5024,5044
8.58919,3.23E+08,5042,5042,5024,5044
9.26131,3.23E+08,5042,5042,5024,5045
9.87258,3.23E+08,5042,5042,5024,5045
8.87063,3.23E+08,5042,5042,5024,5045
8.59195,3.23E+08,5042,5042,5025,5045
8.04261,3.23E+08,5042,5042,5025,5045
10.7092,3.23E+08,5043,5043,5025,5045
11.2224,3.23E+08,5043,5043,5025,5045
12.3387,3.23E+08,5043,5043,5025,5046
8.41851,3.23E+08,5043,5043,5026,5046
9.37996,3.23E+08,5044,5044,5026,5046
8.70098,3.23E+08,5044,5044,5026,5046
11.1111,3.23E+08,5044,5044,5027,5046
11.203,3.23E+08,5044,5044,5027,5046
10.6086,3.23E+08,5045,5045,5027,5046
10.3262,3.23E+08,5045,5045,5027,5047
8.46955,3.23E+08,5045,5045,5027,5047
10.7758,3.23E+08,5045,5045,5028,5047
10.9881,3.23E+08,5046,5046,5028,5047
10.7222,3.23E+08,5046,5046,5028,5047
10.4302,3.23E+08,5046,5046,5028,5048
11.0999,3.23E+08,5046,5046,5028,5048
10.6545,3.23E+08,5046,5046,5028,5048
11.7926,3.23E+08,5046,5046,5028,5048
12.6615,3.23E+08,5046,5046,5028,5048
11.9921,3.23E+08,5047,5047,5029,5048
11.8366,3.23E+08,5047,5047,5029,5049
12.0479,3.23E+08,5047,5047,5029,5049
13.2883,3.23E+08,5047,5047,5029,5049
10.1058,3.23E+08,5047,5047,5029,5049
12.0912,3.23E+08,5047,5047,5029,5049
11.3344,3.23E+08,5048,5048,5029,5049
12.7858,3.23E+08,5048,5048,5029,5049
11.4901,3.23E+08,5048,5048,5029,5049
10.9429,3.23E+08,5048,5048,5029,5049
10.8769,3.23E+08,5048,5048,5030,5049
13.275,3.23E+08,5048,5048,5030,5049
11.5574,3.23E+08,5048,5048,5030,5049
11.267,3.23E+08,5048,5048,5030,5049
11.1555,3.23E+08,5048,5048,5030,5050
12.1279,3.23E+08,5048,5048,5030,5050
12.2026,3.23E+08,5048,5048,5030,5050
10.3749,3.23E+08,5048,5048,5030,5050
11.4014,3.23E+08,5049,5049,5030,5051
12.271,3.23E+08,5049,5049,5030,5051
11.2224,3.23E+08,5049,5049,5030,5051
11.8248,3.23E+08,5049,5049,5030,5051
11.9921,3.23E+08,5049,5049,5030,5051
12.6614,3.23E+08,5049,5049,5030,5051
12.6615,3.23E+08,5050,5050,5031,5051
12.1279,3.23E+08,5050,5050,5031,5052
11.3782,3.23E+08,5050,5050,5031,5052
11.502,3.23E+08,5050,5050,5032,5052
11.6575,3.23E+08,5050,5050,5033,5052
12.8416,3.23E+08,5050,5050,5034,5053
10.3188,3.23E+08,5050,5050,5034,5053
12.4941,3.23E+08,5051,5051,5035,5053
11.9483,3.23E+08,5051,5051,5035,5053
13.6518,3.23E+08,5051,5051,5035,5053
11.3455,3.23E+08,5051,5051,5035,5053
10.2072,3.23E+08,5051,5051,5036,5054
11.9921,3.23E+08,5051,5051,5036,5054
11.2112,3.23E+08,5052,5052,5036,5054
12.1037,3.23E+08,5052,5052,5036,5054
11.7808,3.23E+08,5052,5052,5036,5054
9.98381,3.23E+08,5052,5052,5036,5055
10.9546,3.23E+08,5052,5052,5037,5055
11.0997,3.23E+08,5052,5052,5037,5055
12.6183,3.23E+08,5052,5052,5037,5056
9.92834,3.23E+08,5052,5052,5037,5056
11.6458,3.23E+08,5052,5052,5037,5056
11.7808,3.23E+08,5053,5053,5037,5056
11.3899,3.23E+08,5053,5053,5037,5056
9.93796,3.23E+08,5053,5053,5038,5056
10.096,3.23E+08,5053,5053,5038,5056
11.613,3.23E+08,5053,5053,5038,5056
12.4387,3.23E+08,5053,5053,5038,5056
11.769,3.23E+08,5053,5053,5039,5057
11.5459,3.23E+08,5053,5053,5039,5057
13.0649,3.23E+08,5053,5053,5039,5057
11.6575,3.23E+08,5053,5053,5039,5057
10.8763,3.23E+08,5054,5054,5040,5057
9.71491,3.23E+08,5054,5054,5041,5057
9.82691,3.23E+08,5054,5054,5041,5057
10.4256,3.23E+08,5054,5054,5041,5057
6.97922,3.23E+08,5054,5054,5042,5058
8.03591,3.23E+08,5054,5054,5042,5058
10.1515,3.23E+08,5054,5054,5042,5058
12.1594,3.23E+08,5055,5055,5042,5058
11.0098,3.23E+08,5055,5055,5043,5058
9.14674,3.23E+08,5055,5055,5043,5058
9.14663,3.23E+08,5055,5055,5043,5058
9.76872,3.23E+08,5055,5055,5043,5059
10.6604,3.23E+08,5055,5055,5043,5059
10.9799,3.23E+08,5055,5055,5043,5059
11.0612,3.23E+08,5055,5055,5044,5059
10.7543,3.23E+08,5056,5056,5044,5059
11.3896,3.23E+08,5056,5056,5044,5059
10.8319,3.23E+08,5056,5056,5044,5059
10.8875,3.23E+08,5056,5056,5044,5059
8.98061,3.23E+08,5056,5056,5044,5060
10.6641,3.23E+08,5056,5056,5044,5060
11.6575,3.23E+08,5056,5056,5044,5060
10.7089,3.23E+08,5056,5056,5045,5060
11.6695,3.23E+08,5056,5056,5045,5060
11.7691,3.23E+08,5056,5056,5045,5061
12.0479,3.23E+08,5056,5056,5045,5061
11.8924,3.23E+08,5057,5057,5045,5061
10.9433,3.23E+08,5057,5057,5045,5061
12.2149,3.23E+08,5057,5057,5045,5061
11.9367,3.23E+08,5057,5057,5045,5061
9.98389,3.23E+08,5057,5057,5046,5061
12.5031,3.23E+08,5058,5058,5046,5061
11.8366,3.23E+08,5058,5058,5046,5061
11.3228,3.23E+08,5058,5058,5046,5062
12.3949,3.23E+08,5058,5058,5047,5062
12.6488,3.23E+08,5059,5059,5047,5062
10.2733,3.23E+08,5059,5059,5047,5062
10.2733,3.23E+08,5059,5059,5047,5062
9.81973,3.23E+08,5059,5059,5047,5062
10.3281,3.23E+08,5059,5059,5047,5063
11.0409,3.23E+08,5059,5059,5048,5063
10.9991,3.23E+08,5060,5060,5048,5063
12.3268,3.23E+08,5060,5060,5048,5063
10.6641,3.23E+08,5060,5060,5048,5063
13.0519,3.23E+08,5060,5060,5048,5063
11.4397,3.23E+08,5060,5060,5049,5063
11.8806,3.23E+08,5060,5060,5049,5063
10.6641,3.23E+08,5060,5060,5049,5064
10.5977,3.23E+08,5060,5060,5049,5064
9.48364,3.23E+08,5061,5061,5049,5064
11.4458,3.23E+08,5061,5061,5049,5064
13.0091,3.23E+08,5061,5061,5049,5064
9.86242,3.23E+08,5061,5061,5050,5064
10.6644,3.23E+08,5061,5061,5050,5064
9.42848,3.23E+08,5062,5062,5050,5064
10.0435,3.23E+08,5062,5062,5051,5064
11.7738,3.23E+08,5062,5062,5051,5064
13.1634,3.23E+08,5063,5063,5051,5065
10.2836,3.23E+08,5063,5063,5051,5065
10.7092,3.23E+08,5063,5063,5051,5065
11.8924,3.23E+08,5063,5063,5051,5065
12.8846,3.23E+08,5063,5063,5051,5065
9.81633,3.23E+08,5064,5064,5052,5065
10.8321,3.23E+08,5064,5064,5052,5065
11.2069,3.23E+08,5064,5064,5052,5065
11.0481,3.23E+08,5065,5065,5052,5065
10.9366,3.23E+08,5065,5065,5052,5065
11.3354,3.23E+08,5065,5065,5052,5066
10.6428,3.23E+08,5065,5065,5052,5066
12.6309,3.23E+08,5065,5065,5052,5066
11.9921,3.23E+08,5066,5066,5053,5066
8.64624,3.23E+08,5066,5066,5053,5066
7.81328,3.23E+08,5066,5066,5053,5067
7.31217,3.23E+08,5067,5067,5053,5067
11.0451,3.23E+08,5067,5067,5053,5067
12.6681,3.23E+08,5067,5067,5053,5067
8.59232,3.23E+08,5067,5067,5054,5068
8.53898,3.23E+08,5067,5067,5054,5068
11.6691,3.23E+08,5067,5067,5054,5069
13.0389,3.23E+08,5067,5067,5054,5069
12.7982,3.23E+08,5068,5068,5054,5069
11.3231,3.23E+08,5069,5069,5054,5069
11.0549,3.23E+08,5069,5069,5054,5069
10.6535,3.23E+08,5069,5069,5054,5069
10.5883,3.23E+08,5069,5069,5055,5070
8.55017,3.23E+08,5069,5069,5055,5070
9.4775,3.23E+08,5069,5069,5055,5070
12.9473,3.23E+08,5069,5069,5055,5070
13.0091,3.23E+08,5069,5069,5055,5070
11.4343,3.23E+08,5070,5070,5055,5070
11.5571,3.23E+08,5070,5070,5055,5071
11.1558,3.23E+08,5070,5070,5055,5071
11.39,3.23E+08,5070,5070,5056,5071
12.6484,3.23E+08,5070,5070,5056,5071
10.3957,3.23E+08,5071,5070,5056,5071
10.9323,3.23E+08,5071,5071,5056,5072
11.3782,3.23E+08,5071,5071,5056,5072
12.172,3.23E+08,5071,5071,5056,5072
9.08144,3.23E+08,5072,5072,5056,5072
10.1665,3.23E+08,5072,5072,5056,5072
9.65219,3.23E+08,5072,5072,5057,5072
11.5525,3.23E+08,5072,5072,5057,5072
10.5416,3.23E+08,5073,5073,5057,5073
12.6744,3.23E+08,5073,5073,5057,5073
10.8313,3.23E+08,5073,5073,5058,5073
12.2714,3.23E+08,5073,5073,5058,5073
11.5456,3.23E+08,5073,5073,5058,5073
12.3394,3.23E+08,5074,5074,5058,5073
10.9881,3.23E+08,5074,5074,5058,5074
11.7805,3.23E+08,5074,5074,5058,5074
10.9326,3.23E+08,5074,5074,5058,5074
10.3291,3.23E+08,5074,5074,5058,5074
10.5311,3.23E+08,5074,5074,5058,5075
10.8427,3.23E+08,5074,5074,5059,5075
12.3145,3.23E+08,5074,5074,5059,5075
11.7687,3.23E+08,5075,5075,5059,5075
10.8986,3.23E+08,5075,5075,5059,5075
12.4817,3.23E+08,5075,5075,5059,5075
12.0716,3.23E+08,5075,5075,5060,5075
10.9775,3.23E+08,5075,5075,5060,5075
10.8874,3.23E+08,5075,5075,5060,5075
12.438,3.23E+08,5075,5075,5060,5076
11.7812,3.23E+08,5075,5075,5060,5076
9.31481,3.23E+08,5075,5075,5060,5076
11.4308,3.23E+08,5076,5076,5060,5077
12.4636,3.23E+08,5076,5076,5060,5077
10.5416,3.23E+08,5076,5076,5060,5077
12.6186,3.23E+08,5076,5076,5061,5077
10.2628,3.23E+08,5076,5076,5061,5077
12.004,3.23E+08,5076,5076,5061,5077
10.1518,3.23E+08,5076,5076,5061,5077
10.7154,3.23E+08,5076,5076,5061,5077
9.70295,3.23E+08,5076,5076,5061,5077
11.6133,3.23E+08,5076,5076,5062,5078
12.5499,3.23E+08,5076,5076,5062,5078
12.3826,3.23E+08,5077,5077,5062,5078
11.6572,3.23E+08,5077,5077,5063,5078
11.234,3.23E+08,5077,5077,5063,5078
10.9881,3.23E+08,5077,5077,5063,5078
11.2684,3.23E+08,5078,5078,5063,5078
11.3345,3.23E+08,5078,5078,5063,5079
11.7132,3.23E+08,5078,5078,5063,5079
11.7687,3.23E+08,5078,5078,5063,5079
9.4919,3.23E+08,5078,5078,5063,5080
10.9421,3.23E+08,5078,5078,5064,5080
12.7689,3.23E+08,5078,5078,5064,5080
12.5066,3.23E+08,5078,5078,5064,5080
12.1595,3.23E+08,5078,5079,5064,5080
12.7299,3.23E+08,5079,5079,5064,5080
11.3228,3.23E+08,5079,5079,5065,5080
11.6691,3.23E+08,5079,5079,5065,5081
11.7132,3.23E+08,5079,5079,5065,5081
12.0479,3.23E+08,5079,5079,5065,5081
12.4383,3.23E+08,5079,5079,5065,5081
12.1595,3.23E+08,5079,5079,5065,5081
12.4632,3.23E+08,5079,5079,5066,5081
12.2152,3.23E+08,5080,5080,5066,5081
12.6741,3.23E+08,5080,5080,5066,5081
12.4383,3.23E+08,5080,5080,5066,5082
10.3743,3.23E+08,5080,5080,5066,5082
10.7653,3.23E+08,5080,5080,5066,5082
11.3786,3.23E+08,5080,5080,5066,5082
12.2393,3.23E+08,5080,5080,5067,5082
10.4292,3.23E+08,5080,5080,5067,5082
9.65268,3.23E+08,5081,5080,5067,5082
10.5508,3.23E+08,5081,5081,5067,5083
12.0479,3.23E+08,5081,5081,5067,5083
11.3331,3.23E+08,5081,5081,5067,5083
10.4738,3.23E+08,5081,5081,5067,5083
10.1718,3.23E+08,5081,5081,5068,5083
12.0475,3.23E+08,5081,5081,5068,5083
11.9937,3.23E+08,5081,5081,5068,5083
10.9885,3.23E+08,5081,5081,5068,5083
11.1771,3.23E+08,5082,5082,5069,5083
11.602,3.23E+08,5082,5082,5069,5083
11.7249,3.23E+08,5082,5082,5069,5083
12.6611,3.23E+08,5082,5082,5070,5084
10.9327,3.23E+08,5082,5082,5070,5084
10.3291,3.23E+08,5082,5082,5070,5084
11.0323,3.23E+08,5082,5082,5070,5085
12.5188,3.23E+08,5083,5083,5071,5085
11.6578,3.23E+08,5083,5083,5071,5085
12.2833,3.23E+08,5083,5083,5071,5085
10.43,3.23E+08,5083,5083,5071,5085
11.9368,3.23E+08,5083,5083,5071,5085
9.92837,3.23E+08,5083,5083,5071,5085
11.9433,3.23E+08,5083,5083,5071,5086
11.1667,3.23E+08,5084,5083,5071,5086
12.7303,3.23E+08,5084,5084,5071,5086
11.6455,3.23E+08,5084,5084,5071,5086
10.9951,3.23E+08,5084,5084,5071,5086
11.775,3.23E+08,5084,5084,5071,5086
11.4411,3.23E+08,5084,5084,5071,5086
12.5499,3.23E+08,5085,5085,5072,5086
10.4361,3.23E+08,5085,5085,5072,5086
10.7196,3.23E+08,5085,5085,5072,5087
11.6148,3.23E+08,5085,5085,5072,5087
11.9241,3.23E+08,5085,5085,5072,5087
9.66843,3.23E+08,5085,5085,5072,5087
12.271,3.23E+08,5085,5085,5072,5087
12.773,3.23E+08,5085,5085,5072,5087
12.6611,3.23E+08,5086,5086,5073,5087
13.5542,3.23E+08,5086,5086,5073,5087
11.8485,3.23E+08,5086,5086,5073,5087
12.1469,3.23E+08,5086,5086,5073,5088
11.9047,3.23E+08,5086,5086,5074,5089
12.3826,3.23E+08,5086,5086,5074,5089
11.2555,3.23E+08,5086,5086,5075,5089
12.0161,3.23E+08,5087,5087,5075,5089
13.108,3.23E+08,5087,5087,5075,5089
11.936,3.23E+08,5087,5087,5075,5089
11.2227,3.23E+08,5087,5087,5075,5089
10.5521,3.23E+08,5088,5088,5075,5090
11.6018,3.23E+08,5088,5088,5075,5090
11.2673,3.23E+08,5088,5088,5076,5091
11.3899,3.23E+08,5088,5088,5076,5091
12.6053,3.23E+08,5088,5088,5076,5091
10.106,3.23E+08,5088,5088,5076,5091
9.48186,3.23E+08,5089,5089,5077,5091
9.26857,3.23E+08,5089,5089,5077,5091
11.9241,3.23E+08,5089,5089,5077,5091
10.6086,3.23E+08,5089,5089,5078,5091
9.77077,3.23E+08,5089,5089,5078,5092
9.63987,3.23E+08,5089,5089,5079,5092
11.1778,3.23E+08,5090,5090,5079,5092
10.3165,3.23E+08,5090,5090,5079,5092
10.9953,3.23E+08,5090,5090,5079,5092
14.0137,3.23E+08,5090,5090,5079,5092
9.92521,3.23E+08,5090,5090,5079,5092
9.93287,3.23E+08,5090,5090,5079,5092
10.3237,3.23E+08,5090,5090,5079,5093
12.3145,3.23E+08,5090,5090,5080,5093
10.5521,3.23E+08,5090,5090,5080,5093
7.65341,3.23E+08,5091,5091,5080,5093
7.68999,3.23E+08,5091,5091,5080,5093
8.09964,3.23E+08,5091,5091,5081,5093
10.3191,3.23E+08,5091,5091,5081,5093
10.2136,3.23E+08,5091,5091,5081,5093
6.2483,3.23E+08,5091,5091,5081,5094
8.25989,3.23E+08,5091,5091,5081,5094
9.43551,3.23E+08,5091,5091,5082,5094
10.8852,3.23E+08,5091,5091,5082,5094
10.4856,3.23E+08,5091,5091,5082,5094
10.4397,3.23E+08,5091,5091,5082,5094
11.3787,3.23E+08,5092,5092,5082,5094
8.82208,3.23E+08,5092,5092,5082,5094
10.9822,3.23E+08,5092,5092,5082,5094
9.76619,3.23E+08,5092,5092,5082,5094
12.7858,3.23E+08,5092,5092,5083,5095
10.8762,3.23E+08,5092,5092,5083,5095
11.6691,3.23E+08,5092,5092,5083,5095
9.42183,3.23E+08,5092,5092,5083,5095
8.59454,3.23E+08,5092,5092,5083,5096
7.70232,3.23E+08,5092,5092,5083,5096
9.59589,3.23E+08,5092,5092,5083,5096
10.5466,3.23E+08,5093,5093,5084,5096
9.42999,3.23E+08,5093,5093,5084,5096
8.81861,3.23E+08,5093,5093,5084,5096
9.71188,3.23E+08,5093,5093,5084,5097
7.07648,3.23E+08,5094,5093,5084,5097
9.27698,3.23E+08,5094,5094,5084,5097
9.31098,3.23E+08,5094,5094,5084,5097
9.03935,3.23E+08,5094,5094,5085,5097
8.81747,3.23E+08,5094,5094,5085,5097
10.158,3.23E+08,5094,5094,5085,5097
10.1001,3.23E+08,5094,5094,5085,5097
11.4344,3.23E+08,5094,5095,5085,5098
12.0479,3.23E+08,5095,5095,5085,5098
10.216,3.23E+08,5095,5095,5085,5098
11.6072,3.23E+08,5095,5095,5085,5098
9.82693,3.23E+08,5095,5095,5086,5099
10.5525,3.23E+08,5095,5095,5086,5099
10.0957,3.23E+08,5096,5096,5086,5099
10.2708,3.23E+08,5096,5096,5086,5099
9.92835,3.23E+08,5096,5096,5086,5100
10.8208,3.23E+08,5096,5096,5086,5100
11.9921,3.23E+08,5096,5096,5086,5100
10.8983,3.23E+08,5096,5096,5087,5100
9.97635,3.23E+08,5096,5096,5087,5100
10.3746,3.23E+08,5097,5097,5087,5100
11.1778,3.23E+08,5097,5097,5087,5100
10.818,3.23E+08,5097,5097,5087,5101
9.98819,3.23E+08,5097,5097,5087,5101
10.8779,3.23E+08,5097,5097,5087,5101
11.7244,3.23E+08,5097,5097,5087,5101
10.8827,3.23E+08,5098,5098,5088,5101
10.818,3.23E+08,5098,5098,5088,5101
11.9987,3.23E+08,5098,5098,5088,5101
12.8842,3.23E+08,5098,5098,5089,5101
12.004,3.23E+08,5099,5098,5089,5102
12.2278,3.23E+08,5099,5098,5089,5102
11.9244,3.23E+08,5099,5099,5089,5102
12.8974,3.23E+08,5099,5099,5089,5103
11.8924,3.23E+08,5099,5099,5089,5103
10.9878,3.23E+08,5099,5099,5089,5103
10.7761,3.23E+08,5099,5099,5089,5103
11.5459,3.23E+08,5099,5099,5089,5103
12.0477,3.23E+08,5099,5099,5089,5103
11.3901,3.23E+08,5099,5099,5089,5104
10.3185,3.23E+08,5099,5099,5089,5104
11.5463,3.23E+08,5100,5100,5090,5104
11.4014,3.23E+08,5100,5100,5090,5104
12.6611,3.23E+08,5100,5100,5090,5104
11.2113,3.23E+08,5100,5100,5090,5105
12.0482,3.23E+08,5100,5100,5091,5105
12.6611,3.23E+08,5100,5100,5091,5105
12.0603,3.23E+08,5100,5100,5091,5105
12.1716,3.23E+08,5100,5100,5091,5105
12.5499,3.23E+08,5100,5100,5092,5106
13.9583,3.23E+08,5100,5100,5092,5106
12.4813,3.23E+08,5100,5100,5092,5106
9.94847,3.23E+08,5100,5100,5092,5106
10.7648,3.23E+08,5100,5100,5092,5106
10.5527,3.23E+08,5101,5101,5092,5106
10.6535,3.23E+08,5101,5101,5092,5107
13.4978,3.23E+08,5101,5101,5092,5107
9.99414,3.23E+08,5101,5101,5092,5107
10.8877,3.23E+08,5102,5102,5092,5107
11.0325,3.23E+08,5102,5102,5092,5107
10.8823,3.23E+08,5102,5102,5093,5107
10.5528,3.23E+08,5102,5102,5093,5107
9.54526,3.23E+08,5102,5102,5093,5107
10.2024,3.23E+08,5102,5102,5093,5107
11.6133,3.23E+08,5102,5102,5093,5108
10.3188,3.23E+08,5102,5102,5093,5108
12.1592,3.23E+08,5102,5102,5093,5108
11.3341,3.23E+08,5103,5103,5093,5108
10.0502,3.23E+08,5103,5103,5093,5108
11.7132,3.23E+08,5103,5103,5094,5108
12.4937,3.23E+08,5103,5103,5094,5108
10.9991,3.23E+08,5104,5104,5094,5108
11.7809,3.23E+08,5104,5104,5094,5109
10.9326,3.23E+08,5104,5104,5094,5109
10.5525,3.23E+08,5104,5104,5094,5109
12.6485,3.23E+08,5104,5104,5095,5109
11.2743,3.23E+08,5104,5104,5095,5109
8.98298,3.23E+08,5104,5104,5095,5109
10.1484,3.23E+08,5104,5104,5095,5109
9.61042,3.23E+08,5104,5104,5096,5109
10.7143,3.23E+08,5104,5104,5096,5109
10.8794,3.23E+08,5104,5104,5096,5110
8.87164,3.23E+08,5104,5104,5096,5110
10.8762,3.23E+08,5105,5105,5096,5110
12.4485,3.23E+08,5105,5105,5096,5110
10.7726,3.23E+08,5105,5105,5096,5111
10.1514,3.23E+08,5105,5105,5096,5111
11.0477,3.23E+08,5105,5105,5097,5111
11.7132,3.23E+08,5105,5105,5097,5111
12.4049,3.23E+08,5105,5105,5097,5111
10.4861,3.23E+08,5105,5105,5098,5111
11.9483,3.23E+08,5105,5105,5098,5111
12.1037,3.23E+08,5106,5106,5098,5112
11.7249,3.23E+08,5106,5106,5098,5112
11.9921,3.23E+08,5106,5106,5099,5112
11.5459,3.23E+08,5106,5106,5099,5112
11.3899,3.23E+08,5106,5106,5099,5112
11.5459,3.23E+08,5106,5106,5099,5112
12.0599,3.23E+08,5106,5106,5099,5112
11.5459,3.23E+08,5106,5106,5099,5113
11.3786,3.23E+08,5106,5106,5100,5113
10.5525,3.23E+08,5107,5107,5100,5113
9.76103,3.23E+08,5107,5107,5101,5113
11.2224,3.23E+08,5107,5107,5101,5114
12.8288,3.23E+08,5107,5107,5101,5114
12.1037,3.23E+08,5107,5107,5102,5114
13.3866,3.23E+08,5107,5107,5102,5114
13.1766,3.23E+08,5107,5107,5102,5114
11.5574,3.23E+08,5107,5107,5102,5115
11.0958,3.23E+08,5107,5107,5102,5115
11.6014,3.23E+08,5108,5108,5102,5115
11.0104,3.23E+08,5108,5108,5102,5115
10.364,3.23E+08,5108,5108,5102,5115
11.1666,3.23E+08,5108,5108,5103,5116
12.3342,3.23E+08,5108,5108,5103,5116
11.5455,3.23E+08,5108,5108,5103,5116
13.6233,3.23E+08,5109,5109,5103,5116
12.2278,3.23E+08,5109,5109,5103,5116
11.2112,3.23E+08,5109,5109,5103,5116
11.0549,3.23E+08,5109,5109,5103,5117
10.5419,3.23E+08,5110,5110,5103,5117
10.5311,3.23E+08,5110,5110,5103,5117
11.8487,3.23E+08,5110,5110,5103,5117
10.1515,3.23E+08,5110,5110,5103,5117
9.26804,3.23E+08,5110,5110,5104,5117
10.6538,3.23E+08,5110,5110,5104,5117
10.3209,3.23E+08,5110,5110,5104,5118
12.4387,3.23E+08,5111,5111,5105,5118
10.2733,3.23E+08,5111,5111,5105,5118
8.54088,3.23E+08,5111,5111,5105,5118
9.9783,3.23E+08,5111,5111,5105,5118
11.2164,3.23E+08,5111,5111,5105,5118
11.8813,3.23E+08,5111,5111,5105,5118
10.3954,3.23E+08,5111,5111,5105,5118
11.7012,3.23E+08,5111,5111,5105,5118
13.0094,3.23E+08,5111,5112,5105,5118
11.4458,3.23E+08,5112,5112,5105,5118
7.46868,3.23E+08,5112,5112,5106,5119
10.5455,3.23E+08,5112,5112,5106,5119
9.32391,3.23E+08,5112,5112,5106,5119
11.2669,3.23E+08,5112,5112,5106,5119
10.33,3.23E+08,5112,5112,5106,5119
8.36726,3.23E+08,5113,5113,5106,5119
7.64677,3.23E+08,5113,5113,5107,5119
8.09469,3.23E+08,5113,5113,5107,5120
13.0946,3.23E+08,5113,5113,5107,5120
10.1718,3.23E+08,5114,5114,5107,5120
9.2018,3.23E+08,5114,5114,5108,5120
10.7754,3.23E+08,5114,5114,5108,5120
11.5451,3.23E+08,5114,5114,5108,5120
9.37349,3.23E+08,5114,5114,5108,5120
10.9884,3.23E+08,5115,5115,5109,5120
12.0599,3.23E+08,5115,5115,5109,5120
10.4861,3.23E+08,5115,5115,5109,5121
9.54271,3.23E+08,5115,5115,5110,5121
7.58657,3.23E+08,5116,5116,5110,5121
10.2776,3.23E+08,5117,5117,5110,5121
9.26825,3.23E+08,5117,5117,5110,5121
10.9323,3.23E+08,5117,5117,5110,5121
12.0479,3.23E+08,5117,5117,5110,5121
12.5499,3.23E+08,5117,5117,5111,5121
12.3949,3.23E+08,5117,5117,5111,5122
11.8924,3.23E+08,5117,5117,5111,5122
12.9403,3.23E+08,5117,5117,5111,5122
11.1666,3.23E+08,5118,5118,5111,5122
10.81,3.23E+08,5118,5118,5111,5122
9.99412,3.23E+08,5118,5118,5112,5122
12.0479,3.23E+08,5118,5118,5112,5122
11.6691,3.23E+08,5118,5118,5112,5122
12.6183,3.23E+08,5118,5118,5112,5122
12.9274,3.23E+08,5118,5118,5112,5123
10.06,3.23E+08,5118,5118,5112,5123
11.7132,3.23E+08,5118,5118,5112,5123
11.6017,3.23E+08,5118,5118,5112,5123
13.3441,3.23E+08,5118,5118,5112,5123
11.4898,3.23E+08,5119,5119,5113,5123
10.6086,3.23E+08,5119,5119,5113,5123
12.0479,3.23E+08,5119,5119,5113,5124
12.773,3.23E+08,5119,5119,5113,5124
11.5459,3.23E+08,5119,5119,5114,5124
10.7758,3.23E+08,5119,5119,5114,5124
11.3899,3.23E+08,5119,5119,5114,5124
10.3188,3.23E+08,5120,5120,5114,5124
12.2271,3.23E+08,5120,5120,5114,5125
11.8133,3.23E+08,5120,5120,5115,5125
13.2883,3.23E+08,5121,5121,5115,5125
10.6535,3.23E+08,5121,5121,5115,5125
10.8208,3.23E+08,5121,5121,5115,5125
11.1219,3.23E+08,5121,5121,5115,5125
12.271,3.23E+08,5121,5121,5115,5125
10.6641,3.23E+08,5121,5121,5115,5125
11.4343,3.23E+08,5122,5122,5115,5125
9.99413,3.23E+08,5122,5122,5115,5126
11.5901,3.23E+08,5122,5122,5116,5126
10.1563,3.23E+08,5122,5122,5116,5126
11.2152,3.23E+08,5122,5122,5116,5126
11.6017,3.23E+08,5122,5122,5116,5126
13.1208,3.23E+08,5122,5122,5116,5126
10.6532,3.23E+08,5123,5123,5116,5126
11.1669,3.23E+08,5123,5123,5116,5127
11.8366,3.23E+08,5123,5123,5116,5127
10.7758,3.23E+08,5123,5123,5116,5127
10.5977,3.23E+08,5123,5123,5117,5127
12.816,3.23E+08,5123,5123,5117,5127
10.8425,3.23E+08,5123,5123,5117,5127
12.4383,3.23E+08,5123,5123,5117,5127
11.0997,3.23E+08,5124,5124,5118,5127
11.3786,3.23E+08,5124,5124,5118,5128
10.5627,3.23E+08,5124,5124,5118,5128
10.2633,3.23E+08,5124,5124,5118,5128
8.19749,3.23E+08,5124,5124,5119,5128
12.6179,3.23E+08,5124,5124,5120,5128
11.8367,3.23E+08,5124,5124,5120,5128
11.9366,3.23E+08,5125,5125,5120,5128
10.3188,3.23E+08,5125,5125,5120,5129
10.72,3.23E+08,5125,5125,5120,5129
11.3786,3.23E+08,5125,5125,5120,5129
12.7299,3.23E+08,5125,5125,5120,5129
11.9918,3.23E+08,5125,5125,5120,5129
12.507,3.23E+08,5125,5125,5120,5129
11.3786,3.23E+08,5125,5125,5121,5129
11.813,3.23E+08,5126,5126,5121,5129
10.2274,3.23E+08,5126,5126,5121,5129
12.3706,3.23E+08,5126,5126,5121,5129
10.2274,3.23E+08,5126,5126,5121,5129
10.8111,3.23E+08,5126,5126,5121,5129
10.3289,3.23E+08,5126,5126,5121,5130
10.3845,3.23E+08,5126,5126,5122,5130
10.2065,3.23E+08,5127,5127,5122,5130
10.3291,3.23E+08,5127,5127,5122,5130
13.9443,3.23E+08,5127,5127,5122,5131
12.6614,3.23E+08,5127,5127,5122,5131
13.2192,3.23E+08,5128,5128,5122,5131
11.5131,3.23E+08,5128,5128,5122,5131
11.6017,3.23E+08,5128,5128,5122,5131
11.0997,3.23E+08,5128,5128,5122,5131
12.773,3.23E+08,5128,5128,5122,5132
11.8366,3.23E+08,5128,5128,5123,5132
10.6535,3.23E+08,5129,5129,5123,5132
11.1108,3.23E+08,5129,5129,5123,5132
11.2112,3.23E+08,5129,5129,5123,5132
12.8846,3.23E+08,5130,5129,5123,5133
10.9991,3.23E+08,5130,5130,5124,5133
11.1666,3.23E+08,5130,5130,5124,5133
12.7172,3.23E+08,5130,5130,5124,5133
12.1158,3.23E+08,5130,5130,5124,5133
10.3188,3.23E+08,5130,5130,5124,5133
11.7132,3.23E+08,5131,5131,5124,5134
12.0041,3.23E+08,5131,5131,5125,5134
13.7212,3.23E+08,5131,5131,5125,5134
12.3268,3.23E+08,5131,5131,5125,5134
11.5013,3.23E+08,5131,5131,5125,5134
11.7253,3.23E+08,5131,5131,5125,5134
11.8806,3.23E+08,5131,5131,5125,5134
10.5525,3.23E+08,5131,5131,5125,5134
11.1555,3.23E+08,5131,5131,5125,5134
10.4757,3.23E+08,5131,5131,5125,5135
12.3949,3.23E+08,5132,5132,5125,5135
10.6639,3.23E+08,5132,5132,5125,5135
11.8928,3.23E+08,5132,5132,5126,5135
11.1555,3.23E+08,5132,5132,5126,5135
12.773,3.23E+08,5133,5133,5127,5135
11.8248,3.23E+08,5133,5133,5127,5135
11.0439,3.23E+08,5133,5133,5127,5136
12.1716,3.23E+08,5134,5134,5128,5136
13.6233,3.23E+08,5134,5134,5128,5136
11.3897,3.23E+08,5134,5134,5128,5136
9.58718,3.23E+08,5134,5134,5128,5136
9.03592,3.23E+08,5134,5134,5129,5136
11.6808,3.23E+08,5134,5134,5129,5136
12.816,3.23E+08,5134,5134,5129,5136
11.4013,3.23E+08,5134,5134,5129,5137
8.08617,3.23E+08,5134,5134,5129,5137
9.59622,3.23E+08,5135,5135,5129,5137
10.263,3.23E+08,5135,5135,5129,5137
11.1639,3.23E+08,5135,5135,5129,5138
10.6641,3.23E+08,5135,5135,5129,5138
10.31,3.23E+08,5135,5135,5130,5138
8.54883,3.23E+08,5135,5135,5130,5138
10.7621,3.23E+08,5135,5135,5130,5138
10.0412,3.23E+08,5136,5136,5130,5138
7.75568,3.23E+08,5136,5136,5130,5138
10.7648,3.23E+08,5136,5136,5130,5139
11.5016,3.23E+08,5136,5136,5130,5139
10.041,3.23E+08,5136,5136,5130,5139
8.32621,3.23E+08,5136,5136,5130,5139
9.14417,3.23E+08,5136,5136,5131,5139
7.86325,3.23E+08,5136,5136,5131,5140
6.53485,3.23E+08,5137,5137,5131,5140
7.53238,3.23E+08,5137,5137,5131,5140
6.74959,3.23E+08,5137,5137,5132,5140
7.13938,3.23E+08,5137,5137,5132,5140
9.1564,3.23E+08,5137,5137,5132,5140
7.2541,3.23E+08,5138,5138,5133,5141
7.30725,3.23E+08,5139,5139,5133,5141
8.26015,3.23E+08,5139,5139,5133,5141
9.37059,3.23E+08,5139,5139,5133,5141
7.93388,3.23E+08,5139,5139,5133,5141
9.08262,3.23E+08,5139,5139,5133,5141
9.66679,3.23E+08,5139,5139,5133,5141
10.4757,3.23E+08,5140,5140,5133,5141
10.2733,3.23E+08,5140,5140,5134,5141
11.5456,3.23E+08,5140,5140,5135,5142
12.4512,3.23E+08,5140,5140,5135,5143
11.8924,3.23E+08,5140,5140,5135,5143
11.613,3.23E+08,5141,5141,5135,5143
12.8849,3.23E+08,5141,5141,5135,5144
11.5459,3.23E+08,5141,5141,5136,5144
11.5013,3.23E+08,5141,5141,5136,5144
11.7136,3.23E+08,5141,5141,5136,5144
10.9433,3.23E+08,5142,5142,5136,5144
11.7012,3.23E+08,5142,5142,5136,5145
9.77111,3.23E+08,5142,5142,5136,5145
9.37753,3.23E+08,5142,5142,5137,5145
6.64251,3.23E+08,5142,5142,5137,5145
7.18958,3.23E+08,5142,5142,5137,5145
10.1616,3.23E+08,5142,5142,5137,5145
8.65411,3.23E+08,5142,5142,5137,5146
11.6017,3.23E+08,5142,5142,5138,5146
11.2112,3.23E+08,5143,5143,5138,5146
12.4938,3.23E+08,5143,5143,5138,5146
12.4511,3.23E+08,5143,5143,5138,5146
10.0954,3.23E+08,5143,5143,5138,5146
9.61321,3.23E+08,5143,5143,5138,5146
10.4757,3.23E+08,5143,5143,5139,5147
13.8466,3.23E+08,5144,5144,5139,5147
9.54745,3.23E+08,5144,5144,5139,5147
10.2538,3.23E+08,5144,5144,5139,5148
9.05037,3.23E+08,5144,5144,5139,5148
11.9921,3.23E+08,5144,5144,5140,5148
12.3268,3.23E+08,5144,5144,5140,5148
10.3291,3.23E+08,5145,5145,5141,5148
12.0041,3.23E+08,5145,5145,5141,5148
11.9921,3.23E+08,5145,5145,5141,5148
10.385,3.23E+08,5145,5145,5141,5148
11.0886,3.23E+08,5145,5145,5141,5148
11.055,3.23E+08,5145,5145,5142,5148
11.9483,3.23E+08,5146,5146,5142,5149
11.936,3.23E+08,5146,5146,5143,5149
11.8318,3.23E+08,5146,5146,5143,5149
8.53967,3.23E+08,5146,5146,5143,5149
9.36347,3.23E+08,5146,5146,5143,5150
10.8983,3.23E+08,5146,5146,5144,5150
12.4383,3.23E+08,5146,5146,5144,5150
11.1998,3.23E+08,5146,5146,5144,5150
10.0603,3.23E+08,5147,5147,5144,5151
10.756,3.23E+08,5147,5147,5145,5151
10.7203,3.23E+08,5147,5147,5145,5151
11.2209,3.23E+08,5147,5147,5145,5151
9.93518,3.23E+08,5147,5147,5145,5151
10.8108,3.23E+08,5147,5147,5145,5151
10.8406,3.23E+08,5147,5147,5145,5152
10.2613,3.23E+08,5147,5147,5145,5152
12.5496,3.23E+08,5148,5148,5145,5152
9.65575,3.23E+08,5148,5148,5145,5152
11.7745,3.23E+08,5148,5148,5145,5152
10.3206,3.23E+08,5149,5149,5146,5152
12.8416,3.23E+08,5149,5149,5146,5152
11.1669,3.23E+08,5149,5149,5146,5152
11.4901,3.23E+08,5149,5149,5146,5152
10.4966,3.23E+08,5149,5149,5146,5152
10.4859,3.23E+08,5149,5149,5146,5153
12.0482,3.23E+08,5149,5149,5146,5153
11.1666,3.23E+08,5149,5149,5147,5153
11.0439,3.23E+08,5149,5149,5147,5154
11.5575,3.23E+08,5149,5149,5147,5154
12.147,3.23E+08,5149,5149,5147,5154
12.8548,3.23E+08,5149,5149,5147,5154
11.5456,3.23E+08,5149,5149,5147,5155
11.7693,3.23E+08,5149,5149,5148,5155
11.5562,3.23E+08,5149,5149,5148,5155
11.4787,3.23E+08,5149,5149,5148,5155
10.3395,3.23E+08,5150,5150,5148,5155
9.37147,3.23E+08,5150,5150,5148,5155
9.6567,3.23E+08,5150,5150,5149,5155
11.2656,3.23E+08,5150,5150,5149,5156
10.491,3.23E+08,5150,5150,5149,5156
9.82148,3.23E+08,5151,5151,5149,5156
12.0483,3.23E+08,5151,5151,5149,5156
10.7199,3.23E+08,5151,5151,5149,5156
12.9961,3.23E+08,5151,5151,5149,5157
10.1515,3.23E+08,5151,5151,5150,5157
11.6129,3.23E+08,5152,5152,5150,5157
11.5585,3.23E+08,5152,5152,5150,5157
11.3786,3.23E+08,5152,5152,5150,5158
12.3949,3.23E+08,5152,5152,5151,5158
10.43,3.23E+08,5152,5152,5151,5158
10.4387,3.23E+08,5152,5153,5151,5158
10.4817,3.23E+08,5153,5153,5151,5158
9.26511,3.23E+08,5153,5153,5151,5158
10.3277,3.23E+08,5153,5153,5151,5158
11.267,3.23E+08,5153,5153,5151,5158
12.4938,3.23E+08,5153,5153,5151,5158
11.8901,3.23E+08,5153,5153,5151,5159
10.5443,3.23E+08,5153,5153,5151,5159
10.5402,3.23E+08,5153,5153,5152,5159
10.2277,3.23E+08,5153,5153,5152,5159
12.2104,3.23E+08,5154,5154,5152,5159
12.7299,3.23E+08,5154,5154,5152,5159
11.5459,3.23E+08,5154,5154,5152,5160
11.4455,3.23E+08,5154,5154,5152,5160
11.3231,3.23E+08,5154,5154,5152,5160
12.5066,3.23E+08,5155,5154,5152,5160
12.271,3.23E+08,5155,5155,5152,5160
10.9991,3.23E+08,5155,5155,5152,5160
10.5977,3.23E+08,5155,5155,5152,5160
10.4255,3.23E+08,5155,5155,5152,5160
11.334,3.23E+08,5155,5155,5153,5160
10.2728,3.23E+08,5156,5156,5153,5161
10.758,3.23E+08,5156,5156,5153,5161
10.0939,3.23E+08,5156,5156,5153,5161
10.7808,3.23E+08,5156,5156,5153,5161
11.7735,3.23E+08,5156,5156,5154,5161
11.7247,3.23E+08,5157,5157,5154,5161
10.933,3.23E+08,5157,5157,5154,5161
11.1666,3.23E+08,5157,5157,5154,5161
11.2105,3.23E+08,5157,5157,5154,5162
9.5988,3.23E+08,5157,5157,5154,5162
10.9932,3.23E+08,5157,5158,5155,5162
9.75873,3.23E+08,5158,5158,5155,5162
10.8249,3.23E+08,5158,5158,5155,5162
8.59589,3.23E+08,5158,5158,5155,5162
10.773,3.23E+08,5158,5158,5155,5162
9.15662,3.23E+08,5158,5158,5155,5162
8.53198,3.23E+08,5158,5158,5156,5163
11.1612,3.23E+08,5158,5158,5156,5163
11.0997,3.23E+08,5158,5158,5156,5163
13.3303,3.23E+08,5159,5159,5156,5163
10.4967,3.23E+08,5159,5159,5156,5163
8.5405,3.23E+08,5159,5159,5156,5163
10.0444,3.23E+08,5159,5159,5156,5163
9.81823,3.23E+08,5159,5159,5156,5163
10.4858,3.23E+08,5160,5160,5157,5163
10.4417,3.23E+08,5160,5160,5157,5163
8.31623,3.23E+08,5160,5160,5157,5163
12.4813,3.23E+08,5160,5160,5157,5164
10.5536,3.23E+08,5160,5160,5157,5164
9.26799,3.23E+08,5160,5160,5157,5164
11.3322,3.23E+08,5160,5160,5157,5164
11.9363,3.23E+08,5160,5160,5157,5164
11.5459,3.23E+08,5160,5160,5157,5164
12.1594,3.23E+08,5160,5160,5158,5165
12.6741,3.23E+08,5161,5161,5158,5165
10.9324,3.23E+08,5161,5161,5158,5165
9.88245,3.23E+08,5161,5161,5159,5165
11.9483,3.23E+08,5161,5161,5159,5166
12.0475,3.23E+08,5162,5162,5159,5166
11.4461,3.23E+08,5162,5162,5159,5166
11.1555,3.23E+08,5162,5162,5159,5166
11.8366,3.23E+08,5162,5162,5160,5166
12.7172,3.23E+08,5162,5162,5160,5166
11.0329,3.23E+08,5162,5162,5160,5166
12.5066,3.23E+08,5162,5162,5160,5166
12.3826,3.23E+08,5162,5162,5160,5166
10.6641,3.23E+08,5163,5163,5160,5166
12.2152,3.23E+08,5163,5163,5161,5167
12.4632,3.23E+08,5163,5163,5161,5167
12.1595,3.23E+08,5163,5163,5161,5167
11.6017,3.23E+08,5163,5163,5161,5167
10.3847,3.23E+08,5164,5164,5161,5168
13.1634,3.23E+08,5164,5164,5161,5168
12.3826,3.23E+08,5164,5164,5162,5168
10.2733,3.23E+08,5164,5164,5162,5168
11.6458,3.23E+08,5165,5165,5162,5168
11.5013,3.23E+08,5165,5165,5162,5168
10.4969,3.23E+08,5165,5165,5162,5169
11.4458,3.23E+08,5165,5165,5162,5169
11.6017,3.23E+08,5166,5166,5163,5169
12.5624,3.23E+08,5166,5166,5163,5169
10.6986,3.23E+08,5166,5166,5163,5169
10.9433,3.23E+08,5167,5167,5163,5170
11.3786,3.23E+08,5167,5167,5163,5170
9.5472,3.23E+08,5167,5167,5163,5170
8.76581,3.23E+08,5167,5167,5163,5170
9.36199,3.23E+08,5167,5167,5163,5170
11.7803,3.23E+08,5167,5167,5163,5170
11.3786,3.23E+08,5167,5167,5163,5170
7.65621,3.23E+08,5167,5167,5164,5171
10.2535,3.23E+08,5168,5168,5164,5171
9.03928,3.23E+08,5168,5168,5164,5171
11.3246,3.23E+08,5168,5168,5164,5171
10.9546,3.23E+08,5168,5168,5164,5171
11.9364,3.23E+08,5169,5169,5164,5171
12.4941,3.23E+08,5169,5169,5164,5171
11.8806,3.23E+08,5169,5169,5165,5171
11.0997,3.23E+08,5169,5169,5165,5171
11.9479,3.23E+08,5170,5170,5165,5171
10.4307,3.23E+08,5170,5170,5165,5172
11.1663,3.23E+08,5170,5170,5165,5172
9.93854,3.23E+08,5170,5170,5165,5172
11.5571,3.23E+08,5170,5170,5165,5172
12.6618,3.23E+08,5170,5170,5165,5172
10.263,3.23E+08,5171,5171,5165,5172
10.8766,3.23E+08,5171,5171,5165,5172
11.9921,3.23E+08,5171,5171,5165,5172
12.0038,3.23E+08,5171,5171,5165,5172
12.2278,3.23E+08,5171,5171,5166,5173
11.7808,3.23E+08,5171,5171,5166,5173
14.3902,3.23E+08,5171,5171,5166,5173
11.8251,3.23E+08,5171,5171,5166,5173
12.1158,3.23E+08,5171,5171,5166,5173
10.9768,3.23E+08,5171,5171,5166,5173
13.2887,3.23E+08,5171,5171,5167,5174
11.6575,3.23E+08,5172,5172,5167,5174
11.39,3.23E+08,5172,5172,5167,5174
10.7754,3.23E+08,5172,5172,5167,5174
11.7694,3.23E+08,5172,5172,5167,5174
11.7808,3.23E+08,5172,5172,5168,5174
9.87227,3.23E+08,5172,5172,5168,5174
11.5578,3.23E+08,5172,5172,5169,5174
9.76073,3.23E+08,5172,5172,5169,5174
11.3345,3.23E+08,5172,5172,5169,5174
11.267,3.23E+08,5173,5173,5169,5174
12.7045,3.23E+08,5173,5173,5169,5174
13.4134,3.23E+08,5173,5173,5169,5175
12.0476,3.23E+08,5173,5173,5169,5176
10.7199,3.23E+08,5173,5173,5169,5176
10.3188,3.23E+08,5173,5173,5169,5176
9.99442,3.23E+08,5173,5173,5170,5176
8.08771,3.23E+08,5173,5173,5170,5176
10.3743,3.23E+08,5173,5173,5170,5176
10.2127,3.23E+08,5174,5174,5170,5176
9.53792,3.23E+08,5174,5174,5170,5176
9.4871,3.23E+08,5174,5174,5170,5176
11.3879,3.23E+08,5174,5174,5170,5176
11.2113,3.23E+08,5174,5174,5171,5176
10.0978,3.23E+08,5174,5174,5171,5176
9.93796,3.23E+08,5174,5174,5171,5176
10.9433,3.23E+08,5175,5175,5171,5177
9.98414,3.23E+08,5175,5175,5171,5177
8.59809,3.23E+08,5175,5175,5171,5177
9.03298,3.23E+08,5175,5175,5172,5177
10.7758,3.23E+08,5175,5175,5172,5177
11.8684,3.23E+08,5175,5176,5172,5177
10.1721,3.23E+08,5176,5176,5172,5177
12.2588,3.23E+08,5176,5176,5172,5177
10.9543,3.23E+08,5176,5176,5172,5177
11.4783,3.23E+08,5176,5176,5172,5178
13.0225,3.23E+08,5176,5176,5173,5178
12.2152,3.23E+08,5177,5177,5173,5178
12.2707,3.23E+08,5177,5177,5173,5178
12.7299,3.23E+08,5177,5177,5173,5178
12.6492,3.23E+08,5177,5177,5173,5178
11.401,3.23E+08,5177,5177,5173,5178
12.9965,3.23E+08,5177,5177,5173,5179
11.6574,3.23E+08,5177,5177,5173,5179
14.4459,3.23E+08,5177,5177,5174,5179
11.7253,3.23E+08,5177,5177,5174,5179
12.0041,3.23E+08,5177,5177,5174,5179
10.2627,3.23E+08,5178,5177,5175,5179
11.6134,3.23E+08,5178,5178,5175,5179
12.104,3.23E+08,5178,5178,5175,5179
12.4938,3.23E+08,5178,5178,5175,5179
12.7303,3.23E+08,5178,5178,5175,5179
12.6485,3.23E+08,5178,5178,5176,5180
11.6811,3.23E+08,5179,5179,5176,5180
13.275,3.23E+08,5179,5179,5176,5180
13.1763,3.23E+08,5179,5179,5176,5180
10.7091,3.23E+08,5179,5179,5176,5180
11.6696,3.23E+08,5179,5179,5176,5180
11.7569,3.23E+08,5179,5179,5176,5180
10.7761,3.23E+08,5180,5179,5176,5181
9.98413,3.23E+08,5180,5180,5176,5181
11.6572,3.23E+08,5180,5180,5176,5181
11.4016,3.23E+08,5180,5180,5176,5181
11.5459,3.23E+08,5180,5180,5177,5181
11.5013,3.23E+08,5180,5180,5177,5181
11.0997,3.23E+08,5181,5181,5177,5181
11.3789,3.23E+08,5181,5181,5177,5181
12.0596,3.23E+08,5181,5181,5177,5181
11.3232,3.23E+08,5182,5182,5177,5182
10.5525,3.23E+08,5182,5182,5177,5182
10.7539,3.23E+08,5182,5182,5177,5182
10.6748,3.23E+08,5182,5182,5177,5182
11.4229,3.23E+08,5182,5182,5178,5182
13.512,3.23E+08,5182,5182,5178,5183
11.725,3.23E+08,5183,5183,5178,5183
10.709,3.23E+08,5183,5183,5178,5183
10.8319,3.23E+08,5183,5183,5178,5183
12.2707,3.23E+08,5183,5183,5178,5183
11.7252,3.23E+08,5183,5183,5178,5183
10.3746,3.23E+08,5183,5183,5178,5183
11.4899,3.23E+08,5183,5183,5178,5183
12.1161,3.23E+08,5184,5184,5178,5184
12.2152,3.23E+08,5184,5184,5178,5184
10.9321,3.23E+08,5184,5184,5178,5184
9.65935,3.23E+08,5184,5184,5179,5184
11.6688,3.23E+08,5184,5184,5179,5184
13.7212,3.23E+08,5184,5184,5179,5184
9.87285,3.23E+08,5184,5184,5179,5184
9.98384,3.23E+08,5185,5185,5179,5184
9.0362,3.23E+08,5185,5185,5179,5184
11.9602,3.23E+08,5185,5185,5179,5184
10.7648,3.23E+08,5185,5185,5180,5185
9.04497,3.23E+08,5185,5185,5180,5185
7.9211,3.23E+08,5185,5185,5180,5185
11.2631,3.23E+08,5186,5186,5180,5185
10.9435,3.23E+08,5186,5186,5180,5186
10.608,3.23E+08,5186,5186,5181,5186
12.2152,3.23E+08,5186,5186,5181,5186
9.92866,3.23E+08,5186,5186,5181,5186
11.1666,3.23E+08,5186,5186,5181,5186
11.6017,3.23E+08,5186,5186,5181,5186
13.0088,3.23E+08,5186,5186,5181,5186
12.4259,3.23E+08,5186,5186,5181,5186
11.39,3.23E+08,5186,5186,5182,5186
11.2783,3.23E+08,5186,5186,5182,5186
11.8251,3.23E+08,5186,5186,5182,5186
12.8974,3.23E+08,5186,5186,5182,5187
12.7042,3.23E+08,5186,5186,5182,5187
11.5134,3.23E+08,5186,5186,5182,5187
10.8766,3.23E+08,5187,5187,5183,5187
11.7129,3.23E+08,5187,5187,5183,5187
12.395,3.23E+08,5187,5187,5183,5187
11.3789,3.23E+08,5187,5187,5183,5187
11.055,3.23E+08,5187,5187,5183,5188
12.773,3.23E+08,5187,5187,5183,5188
10.7758,3.23E+08,5187,5187,5183,5188
10.4753,3.23E+08,5188,5188,5183,5188
10.9545,3.23E+08,5188,5188,5183,5188
9.25909,3.23E+08,5188,5188,5184,5188
8.75674,3.23E+08,5188,5188,5184,5188
12.0056,3.23E+08,5188,5188,5185,5188
11.6575,3.23E+08,5188,5188,5185,5189
11.5459,3.23E+08,5189,5189,5185,5189
7.47531,3.23E+08,5189,5189,5185,5189
7.08308,3.23E+08,5189,5189,5185,5189
8.82478,3.23E+08,5189,5189,5185,5189
10.1515,3.23E+08,5189,5189,5185,5189
10.2628,3.23E+08,5189,5189,5185,5189
9.2778,3.23E+08,5189,5189,5186,5189
10.2073,3.23E+08,5189,5189,5186,5190
10.7174,3.23E+08,5190,5190,5186,5190
11.9363,3.23E+08,5190,5190,5186,5190
11.9479,3.23E+08,5190,5190,5186,5190
11.8809,3.23E+08,5190,5190,5186,5190
11.6133,3.23E+08,5190,5190,5187,5190
11.9921,3.23E+08,5190,5190,5187,5190
12.6488,3.23E+08,5191,5191,5187,5190
10.06,3.23E+08,5191,5191,5187,5190
11.0439,3.23E+08,5191,5191,5187,5190
11.2783,3.23E+08,5191,5191,5188,5190
12.0479,3.23E+08,5191,5191,5188,5191
11.1555,3.23E+08,5191,5191,5188,5191
11.2202,3.23E+08,5191,5191,5188,5191
10.72,3.23E+08,5191,5191,5188,5191
12.1595,3.23E+08,5191,5191,5188,5191
10.3291,3.23E+08,5191,5191,5188,5191
10.0853,3.23E+08,5192,5191,5188,5191
11.2723,3.23E+08,5192,5192,5188,5191
13.3866,3.23E+08,5192,5192,5189,5192
9.82784,3.23E+08,5192,5192,5189,5192
9.31305,3.23E+08,5192,5192,5189,5192
7.70663,3.23E+08,5192,5192,5189,5192
9.54106,3.23E+08,5192,5192,5189,5192
11.7132,3.23E+08,5192,5192,5189,5192
10.4362,3.23E+08,5192,5192,5190,5192
10.6063,3.23E+08,5192,5192,5190,5192
8.76045,3.23E+08,5192,5192,5190,5192
9.9383,3.23E+08,5193,5193,5191,5192
10.5394,3.23E+08,5193,5193,5191,5192
11.274,3.23E+08,5193,5193,5191,5193
8.86853,3.23E+08,5193,5193,5191,5193
9.71319,3.23E+08,5193,5193,5192,5193
8.70514,3.23E+08,5193,5193,5192,5193
10.8248,3.23E+08,5193,5193,5192,5193
9.7649,3.23E+08,5193,5193,5192,5193
10.3821,3.23E+08,5193,5193,5192,5193
10.3765,3.23E+08,5194,5194,5193,5194
11.9913,3.23E+08,5194,5194,5193,5194
10.7755,3.23E+08,5194,5194,5193,5194
11.5578,3.23E+08,5194,5194,5193,5194
10.37,3.23E+08,5194,5194,5193,5194
13.0649,3.23E+08,5194,5194,5193,5194
11.6691,3.23E+08,5194,5194,5193,5194
11.2123,3.23E+08,5194,5194,5193,5194
10.9324,3.23E+08,5194,5194,5194,5195
13.8328,3.23E+08,5195,5195,5194,5195
13.2883,3.23E+08,5195,5195,5194,5195
11.1666,3.23E+08,5195,5195,5195,5196
12.3268,3.23E+08,5195,5195,5195,5196
11.1666,3.23E+08,5195,5195,5195,5196
11.936,3.23E+08,5195,5195,5195,5196
13.3308,3.23E+08,5195,5195,5195,5196
11.502,3.23E+08,5196,5196,5195,5197
11.267,3.23E+08,5196,5196,5195,5197
12.5499,3.23E+08,5196,5196,5195,5197
10.273,3.23E+08,5196,5196,5195,5197
9.88275,3.23E+08,5196,5196,5195,5197
9.31125,3.23E+08,5196,5196,5195,5197
9.3154,3.23E+08,5196,5196,5195,5198
11.1606,3.23E+08,5197,5197,5195,5198
9.76603,3.23E+08,5197,5197,5195,5198
10.5459,3.23E+08,5197,5197,5196,5198
9.98878,3.23E+08,5197,5197,5196,5198
9.37368,3.23E+08,5197,5197,5196,5199
6.64175,3.23E+08,5197,5197,5196,5199
10.9395,3.23E+08,5197,5197,5196,5199
6.81088,3.23E+08,5197,5197,5196,5199
5.85506,3.23E+08,5198,5198,5196,5199
11.3312,3.23E+08,5198,5198,5197,5199
11.8848,3.23E+08,5198,5198,5197,5199
9.98481,3.23E+08,5198,5198,5197,5199
10.5444,3.23E+08,5198,5198,5197,5199
9.8736,3.23E+08,5198,5198,5197,5199
9.26997,3.23E+08,5198,5198,5197,5199
9.25877,3.23E+08,5198,5198,5197,5199
12.9965,3.23E+08,5198,5198,5198,5199
10.4509,3.23E+08,5198,5198,5198,5199
11.869,3.23E+08,5198,5198,5198,5200
10.899,3.23E+08,5198,5198,5198,5200
10.4199,3.23E+08,5199,5198,5198,5200
10.6632,3.23E+08,5199,5199,5198,5200
8.09516,3.23E+08,5199,5199,5198,5200
10.1475,3.23E+08,5199,5199,5198,5200
11.6575,3.23E+08,5199,5199,5198,5200
11.3897,3.23E+08,5199,5199,5199,5200
9.32324,3.23E+08,5199,5199,5199,5200
10.8253,3.23E+08,5200,5200,5199,5200
10.8875,3.23E+08,5200,5200,5199,5200
11.9363,3.23E+08,5200,5200,5199,5200
11.9363,3.23E+08,5200,5200,5199,5201
12.271,3.23E+08,5200,5200,5199,5201
11.1666,3.23E+08,5200,5200,5200,5201
12.6741,3.23E+08,5200,5200,5200,5201
12.4383,3.23E+08,5201,5200,5200,5201
12.3391,3.23E+08,5201,5201,5200,5202
13.275,3.23E+08,5201,5201,5200,5202
11.2001,3.23E+08,5201,5201,5200,5202
11.5131,3.23E+08,5201,5201,5201,5202
10.6535,3.23E+08,5201,5201,5201,5202
12.5624,3.23E+08,5201,5202,5201,5202
11.4901,3.23E+08,5202,5202,5201,5202
13.0091,3.23E+08,5202,5202,5201,5202
10.6986,3.23E+08,5202,5202,5201,5203
13.1634,3.23E+08,5202,5202,5201,5203
10.9542,3.23E+08,5203,5203,5201,5203
11.5344,3.23E+08,5203,5203,5202,5203
11.1778,3.23E+08,5203,5203,5202,5203
10.9772,3.23E+08,5203,5203,5202,5204
11.1666,3.23E+08,5203,5203,5202,5204
13.0091,3.23E+08,5203,5203,5202,5204
9.88213,3.23E+08,5204,5204,5203,5204
12.4387,3.23E+08,5204,5204,5203,5204
9.41696,3.23E+08,5204,5204,5203,5205
9.82631,3.23E+08,5204,5204,5203,5205
9.65914,3.23E+08,5204,5204,5204,5205
10.1567,3.23E+08,5205,5205,5204,5205
9.87232,3.23E+08,5205,5205,5204,5205
10.1065,3.23E+08,5205,5205,5204,5205
10.0878,3.23E+08,5205,5205,5204,5205
10.8316,3.23E+08,5205,5205,5204,5206
13.0087,3.23E+08,5205,5205,5204,5206
11.2112,3.23E+08,5205,5205,5204,5206
13.6237,3.23E+08,5205,5205,5205,5206
12.1595,3.23E+08,5205,5205,5205,5206
13.0087,3.23E+08,5205,5205,5205,5206
12.0359,3.23E+08,5205,5205,5205,5206
11.2899,3.23E+08,5206,5206,5205,5206
10.6983,3.23E+08,5206,5206,5205,5207
12.8419,3.23E+08,5206,5206,5205,5207
11.4458,3.23E+08,5206,5206,5206,5207
10.3639,3.23E+08,5206,5206,5206,5207
11.2899,3.23E+08,5206,5206,5206,5207
10.0399,3.23E+08,5206,5206,5206,5207
11.8803,3.23E+08,5206,5206,5206,5207
10.2732,3.23E+08,5206,5206,5206,5207
11.3228,3.23E+08,5206,5206,5206,5208
13.4003,3.23E+08,5206,5206,5206,5208
11.2112,3.23E+08,5206,5206,5206,5208
11.0436,3.23E+08,5207,5207,5206,5208
10.6644,3.23E+08,5207,5207,5207,5208
10.2733,3.23E+08,5207,5207,5207,5208
10.7647,3.23E+08,5207,5207,5207,5209
11.8928,3.23E+08,5208,5208,5207,5209
10.7092,3.23E+08,5208,5208,5207,5209
11.7569,3.23E+08,5208,5208,5207,5210
11.1111,3.23E+08,5208,5208,5207,5210
10.6641,3.23E+08,5208,5208,5207,5210
10.6638,3.23E+08,5208,5208,5208,5210
10.6538,3.23E+08,5208,5208,5208,5210
11.3781,3.23E+08,5208,5208,5208,5210
9.09513,3.23E+08,5208,5208,5208,5210
8.9272,3.23E+08,5209,5209,5208,5210
10.0398,3.23E+08,5209,5209,5208,5210
10.2752,3.23E+08,5209,5209,5208,5210
9.98679,3.23E+08,5209,5209,5209,5210
8.64753,3.23E+08,5209,5209,5209,5211
10.5528,3.23E+08,5210,5210,5209,5211
10.9988,3.23E+08,5210,5210,5209,5211
11.7693,3.23E+08,5210,5210,5209,5211
9.64506,3.23E+08,5210,5210,5209,5211
12.7764,3.23E+08,5210,5210,5210,5211
11.8756,3.23E+08,5211,5211,5210,5212
11.9602,3.23E+08,5211,5211,5210,5212
12.4941,3.23E+08,5211,5212,5210,5212
11.434,3.23E+08,5212,5212,5210,5212
10.9995,3.23E+08,5212,5212,5211,5212
10.326,3.23E+08,5212,5212,5211,5212
11.7233,3.23E+08,5212,5212,5211,5212
13.0519,3.23E+08,5212,5212,5211,5212
12.2152,3.23E+08,5213,5213,5211,5212
11.2783,3.23E+08,5213,5213,5211,5213
11.3228,3.23E+08,5213,5213,5212,5213
10.1058,3.23E+08,5213,5213,5212,5213
11.5459,3.23E+08,5213,5213,5212,5213
12.5066,3.23E+08,5213,5213,5212,5213
10.5419,3.23E+08,5214,5214,5212,5213
11.6017,3.23E+08,5214,5214,5212,5213
11.8806,3.23E+08,5214,5214,5212,5213
11.066,3.23E+08,5214,5214,5213,5213
10.0378,3.23E+08,5214,5214,5213,5213
9.93445,3.23E+08,5215,5215,5213,5213
9.87434,3.23E+08,5215,5215,5213,5214
10.7115,3.23E+08,5215,5215,5213,5214
11.1554,3.23E+08,5215,5215,5213,5214
13.0519,3.23E+08,5215,5215,5213,5214
10.943,3.23E+08,5215,5215,5213,5214
10.2178,3.23E+08,5215,5215,5214,5214
10.042,3.23E+08,5215,5215,5214,5215
10.489,3.23E+08,5216,5216,5214,5215
9.43603,3.23E+08,5216,5216,5214,5215
12.8413,3.23E+08,5216,5216,5214,5215
11.1554,3.23E+08,5216,5216,5214,5216
11.2115,3.23E+08,5216,5216,5215,5216
10.1058,3.23E+08,5216,5216,5215,5216
8.86184,3.23E+08,5216,5216,5215,5216
8.70454,3.23E+08,5217,5217,5215,5216
7.92728,3.23E+08,5217,5217,5215,5216
10.0466,3.23E+08,5217,5217,5215,5216
10.1063,3.23E+08,5217,5217,5215,5216
10.263,3.23E+08,5218,5218,5215,5216
10.9938,3.23E+08,5218,5218,5216,5217
11.3808,3.23E+08,5218,5218,5216,5217
12.1158,3.23E+08,5218,5218,5216,5217
10.81,3.23E+08,5218,5218,5216,5218
9.49581,3.23E+08,5219,5219,5216,5218
9.25896,3.23E+08,5219,5219,5216,5218
11.3866,3.23E+08,5219,5219,5216,5218
10.385,3.23E+08,5219,5219,5216,5218
11.9921,3.23E+08,5219,5219,5216,5218
9.93423,3.23E+08,5219,5219,5216,5218
11.5952,3.23E+08,5219,5219,5216,5219
10.5524,3.23E+08,5219,5219,5216,5219
10.0413,3.23E+08,5220,5220,5216,5219
10.6083,3.23E+08,5220,5220,5217,5219
10.0959,3.23E+08,5220,5220,5217,5219
12.773,3.23E+08,5220,5220,5217,5219
9.82662,3.23E+08,5220,5220,5217,5219
10.05,3.23E+08,5220,5220,5217,5220
10.7629,3.23E+08,5220,5220,5218,5220
12.6183,3.23E+08,5221,5221,5218,5220
10.9214,3.23E+08,5221,5221,5218,5220
11.3455,3.23E+08,5221,5221,5218,5220
11.1443,3.23E+08,5221,5221,5218,5220
10.2836,3.23E+08,5221,5221,5218,5220
9.53792,3.23E+08,5221,5221,5218,5220
13.1073,3.23E+08,5222,5222,5219,5220
11.2673,3.23E+08,5222,5222,5219,5220
11.0997,3.23E+08,5222,5222,5219,5220
12.4632,3.23E+08,5222,5222,5219,5221
12.3145,3.23E+08,5222,5222,5219,5221
9.71889,3.23E+08,5222,5222,5219,5221
10.0957,3.23E+08,5222,5222,5219,5221
7.02718,3.23E+08,5223,5223,5220,5221
8.93347,3.23E+08,5223,5223,5220,5221
7.92684,3.23E+08,5223,5223,5220,5221
9.82474,3.23E+08,5223,5223,5220,5222
6.74695,3.23E+08,5223,5223,5220,5222
10.2733,3.23E+08,5223,5223,5220,5222
10.0919,3.23E+08,5223,5223,5220,5222
12.167,3.23E+08,5223,5223,5220,5222
7.25466,3.23E+08,5223,5223,5220,5222
9.20861,3.23E+08,5223,5223,5220,5222
6.42008,3.23E+08,5223,5223,5220,5222
5.13153,3.23E+08,5223,5223,5221,5222
7.64718,3.23E+08,5224,5224,5221,5223
7.36078,3.23E+08,5224,5224,5221,5223
6.75536,3.23E+08,5224,5224,5221,5223
8.59377,3.23E+08,5224,5224,5221,5223
6.08107,3.23E+08,5224,5224,5221,5223
8.36243,3.23E+08,5224,5224,5221,5223
10.4437,3.23E+08,5225,5225,5222,5224
7.58612,3.23E+08,5225,5225,5222,5224
8.3688,3.23E+08,5225,5225,5222,5224
8.7623,3.23E+08,5225,5225,5222,5224
11.5487,3.23E+08,5225,5226,5222,5224
11.3425,3.23E+08,5226,5226,5222,5225
11.4264,3.23E+08,5226,5226,5222,5225
12.172,3.23E+08,5226,5226,5222,5225
12.2833,3.23E+08,5226,5226,5223,5225
11.2558,3.23E+08,5226,5226,5223,5226
10.3395,3.23E+08,5226,5226,5223,5226
11.9244,3.23E+08,5226,5226,5223,5226
10.9324,3.23E+08,5226,5226,5223,5226
9.88401,3.23E+08,5226,5226,5224,5226
10.8766,3.23E+08,5226,5226,5224,5226
11.7367,3.23E+08,5227,5227,5224,5226
10.765,3.23E+08,5227,5227,5224,5226
11.7582,3.23E+08,5227,5227,5224,5226
10.9995,3.23E+08,5227,5227,5224,5226
12.2833,3.23E+08,5228,5228,5224,5227
12.1713,3.23E+08,5228,5228,5225,5227
11.4346,3.23E+08,5228,5228,5225,5227
12.102,3.23E+08,5228,5228,5225,5227
10.9987,3.23E+08,5229,5228,5225,5227
11.379,3.23E+08,5229,5229,5225,5228
10.05,3.23E+08,5229,5229,5226,5228
8.91874,3.23E+08,5229,5229,5226,5228
9.21063,3.23E+08,5229,5230,5226,5228
9.65866,3.23E+08,5230,5230,5226,5228
9.75644,3.23E+08,5230,5230,5226,5228
8.92906,3.23E+08,5230,5230,5226,5228
10.7647,3.23E+08,5231,5231,5226,5228
9.44056,3.23E+08,5231,5231,5226,5228
11.3899,3.23E+08,5231,5231,5226,5228
9.98172,3.23E+08,5231,5231,5227,5228
8.70752,3.23E+08,5231,5231,5227,5229
7.69397,3.23E+08,5231,5231,5227,5229
9.04261,3.23E+08,5231,5231,5227,5229
8.03473,3.23E+08,5231,5231,5227,5229
10.8236,3.23E+08,5231,5231,5227,5229
9.42637,3.23E+08,5231,5231,5227,5229
13.1766,3.23E+08,5232,5232,5227,5229
10.5416,3.23E+08,5232,5232,5228,5229
10.6751,3.23E+08,5232,5232,5228,5229
11.9363,3.23E+08,5232,5232,5228,5229
12.8713,3.23E+08,5233,5233,5228,5229
12.9107,3.23E+08,5233,5233,5228,5229
11.1555,3.23E+08,5233,5233,5229,5230
11.1666,3.23E+08,5233,5233,5229,5230
11.9363,3.23E+08,5233,5233,5229,5230
10.765,3.23E+08,5233,5233,5229,5230
11.5459,3.23E+08,5233,5233,5229,5230
10.5522,3.23E+08,5234,5234,5230,5230
9.3802,3.23E+08,5234,5234,5230,5231
11.2109,3.23E+08,5234,5234,5230,5231
11.6137,3.23E+08,5235,5235,5230,5231
10.4861,3.23E+08,5235,5235,5230,5231
8.20699,3.23E+08,5235,5235,5230,5231
10.3167,3.23E+08,5235,5235,5230,5231
10.2693,3.23E+08,5235,5235,5231,5231
9.98413,3.23E+08,5236,5236,5231,5231
10.2733,3.23E+08,5236,5236,5231,5231
9.36648,3.23E+08,5236,5236,5231,5231
9.82691,3.23E+08,5236,5236,5231,5232
11.6596,3.23E+08,5236,5236,5231,5232
10.7686,3.23E+08,5236,5236,5231,5232
8.98514,3.23E+08,5236,5236,5231,5232
8.42913,3.23E+08,5236,5236,5232,5232
10.5923,3.23E+08,5236,5236,5232,5232
10.2736,3.23E+08,5236,5236,5232,5232
11.8921,3.23E+08,5237,5237,5232,5232
11.6578,3.23E+08,5237,5237,5232,5233
12.1147,3.23E+08,5237,5237,5232,5233
12.0482,3.23E+08,5237,5237,5232,5233
11.3341,3.23E+08,5237,5237,5232,5233
10.5314,3.23E+08,5237,5237,5232,5233
11.6575,3.23E+08,5237,5237,5232,5233
11.9479,3.23E+08,5238,5238,5232,5233
12.383,3.23E+08,5238,5238,5233,5233
10.7758,3.23E+08,5238,5238,5233,5234
11.7129,3.23E+08,5238,5238,5233,5234
12.7986,3.23E+08,5238,5238,5233,5234
12.7733,3.23E+08,5238,5238,5233,5234
10.8762,3.23E+08,5238,5238,5234,5234
12.0045,3.23E+08,5239,5239,5234,5235
11.0997,3.23E+08,5239,5239,5234,5235
9.93772,3.23E+08,5239,5239,5234,5235
9.47507,3.23E+08,5239,5239,5234,5235
11.3873,3.23E+08,5239,5239,5234,5235
12.1158,3.23E+08,5239,5239,5234,5235
11.2112,3.23E+08,5240,5240,5234,5235
11.4389,3.23E+08,5240,5240,5234,5235
10.3188,3.23E+08,5240,5240,5235,5235
12.1624,3.23E+08,5240,5240,5235,5236
10.3953,3.23E+08,5240,5240,5235,5236
10.4237,3.23E+08,5240,5240,5235,5237
11.1604,3.23E+08,5240,5240,5235,5237
12.1613,3.23E+08,5240,5240,5235,5237
11.4901,3.23E+08,5240,5240,5235,5237
11.174,3.23E+08,5241,5241,5235,5237
10.3214,3.23E+08,5241,5241,5235,5237
12.8846,3.23E+08,5241,5241,5236,5237
12.0041,3.23E+08,5241,5241,5236,5237
11.1666,3.23E+08,5241,5241,5236,5238
13.1503,3.23E+08,5241,5241,5236,5238
10.6085,3.23E+08,5241,5241,5236,5238
9.48686,3.23E+08,5242,5242,5237,5238
10.5419,3.23E+08,5242,5242,5237,5239
11.725,3.23E+08,5242,5242,5237,5239
11.5016,3.23E+08,5242,5242,5237,5240
11.2112,3.23E+08,5242,5242,5237,5240
12.4941,3.23E+08,5242,5242,5237,5240
11.7249,3.23E+08,5242,5242,5237,5240
10.4861,3.23E+08,5243,5243,5237,5240
10.1058,3.23E+08,5243,5243,5237,5240
12.3145,3.23E+08,5243,5243,5238,5240
10.2836,3.23E+08,5243,5243,5238,5241
9.92118,3.23E+08,5244,5244,5238,5241
9.98784,3.23E+08,5244,5244,5238,5241
8.81457,3.23E+08,5244,5244,5238,5241
11.5505,3.23E+08,5244,5244,5238,5241
11.5693,3.23E+08,5244,5244,5238,5242
11.8806,3.23E+08,5244,5244,5239,5242
12.6488,3.23E+08,5244,5244,5239,5242
11.725,3.23E+08,5244,5244,5239,5242
12.4941,3.23E+08,5244,5244,5239,5242
12.072,3.23E+08,5245,5245,5239,5242
11.7015,3.23E+08,5245,5245,5239,5242
11.6133,3.23E+08,5245,5245,5240,5242
13.1073,3.23E+08,5245,5245,5240,5242
12.104,3.23E+08,5246,5246,5240,5242
11.3455,3.23E+08,5246,5246,5240,5243
11.5344,3.23E+08,5246,5246,5240,5243
11.8485,3.23E+08,5246,5246,5241,5243
11.0439,3.23E+08,5246,5246,5241,5243
11.8363,3.23E+08,5246,5246,5241,5243
12.9407,3.23E+08,5246,5246,5241,5243
11.5901,3.23E+08,5247,5247,5241,5243
11.4572,3.23E+08,5247,5247,5242,5243
11.9244,3.23E+08,5247,5247,5242,5244
11.6691,3.23E+08,5247,5247,5242,5244
11.769,3.23E+08,5247,5247,5242,5244
12.0716,3.23E+08,5247,5247,5242,5244
10.866,3.23E+08,5247,5247,5242,5245
10.6083,3.23E+08,5247,5247,5243,5245
11.8802,3.23E+08,5247,5247,5243,5245
9.87285,3.23E+08,5248,5248,5243,5245
12.1279,3.23E+08,5248,5248,5243,5245
10.3746,3.23E+08,5248,5248,5243,5246
11.7246,3.23E+08,5248,5248,5243,5246
10.9326,3.23E+08,5248,5248,5243,5246
11.5459,3.23E+08,5248,5248,5243,5246
12.2275,3.23E+08,5248,5248,5243,5246
11.6017,3.23E+08,5249,5249,5244,5246
10.1515,3.23E+08,5249,5249,5244,5246
11.4458,3.23E+08,5249,5249,5244,5246
12.0479,3.23E+08,5249,5249,5244,5246
11.1666,3.23E+08,5249,5249,5244,5246
11.3225,3.23E+08,5249,5249,5244,5246
12.7861,3.23E+08,5249,5249,5244,5246
9.42637,3.23E+08,5249,5249,5244,5246
10.4404,3.23E+08,5250,5250,5244,5246
11.2116,3.23E+08,5250,5250,5244,5247
11.434,3.23E+08,5250,5250,5244,5247
10.9327,3.23E+08,5250,5250,5245,5247
9.77079,3.23E+08,5250,5250,5245,5247
7.03355,3.23E+08,5250,5250,5245,5247
9.03171,3.23E+08,5251,5251,5245,5248
9.09859,3.23E+08,5251,5251,5245,5248
11.3903,3.23E+08,5251,5251,5245,5248
11.4343,3.23E+08,5251,5251,5245,5248
9.76596,3.23E+08,5251,5251,5245,5248
8.20665,3.23E+08,5251,5251,5245,5248
11.4905,3.23E+08,5251,5251,5246,5248
9.49162,3.23E+08,5251,5251,5246,5248
8.63773,3.23E+08,5251,5251,5246,5248
9.31913,3.23E+08,5252,5252,5246,5248
6.75461,3.23E+08,5252,5252,5246,5249
9.70593,3.23E+08,5253,5253,5246,5249
10.2088,3.23E+08,5253,5253,5246,5249
11.1663,3.23E+08,5253,5253,5246,5249
10.8877,3.23E+08,5253,5253,5246,5249
11.4902,3.23E+08,5253,5253,5246,5249
13.1077,3.23E+08,5253,5253,5246,5249
12.6741,3.23E+08,5253,5253,5246,5249
10.3291,3.23E+08,5254,5254,5246,5250
11.4784,3.23E+08,5254,5254,5246,5250
10.6086,3.23E+08,5254,5254,5247,5250
12.0599,3.23E+08,5254,5254,5247,5250
11.055,3.23E+08,5254,5254,5247,5250
11.8806,3.23E+08,5254,5254,5247,5250
11.4898,3.23E+08,5254,5254,5247,5250
11.1111,3.23E+08,5254,5254,5247,5251
9.41568,3.23E+08,5254,5254,5247,5251
10.8875,3.23E+08,5254,5254,5247,5251
10.8285,3.23E+08,5254,5254,5248,5251
11.0536,3.23E+08,5254,5254,5248,5251
10.7203,3.23E+08,5255,5255,5248,5251
11.8248,3.23E+08,5255,5255,5248,5251
13.275,3.23E+08,5255,5255,5248,5251
12.0599,3.23E+08,5255,5256,5249,5252
13.8324,3.23E+08,5256,5256,5249,5252
9.10106,3.23E+08,5256,5256,5249,5252
10.2013,3.23E+08,5256,5256,5249,5252
9.87758,3.23E+08,5256,5256,5249,5252
12.0491,3.23E+08,5256,5256,5249,5252
11.1669,3.23E+08,5256,5256,5249,5252
10.7139,3.23E+08,5256,5256,5249,5252
11.6133,3.23E+08,5257,5257,5250,5253
11.9921,3.23E+08,5257,5257,5250,5253
10.9991,3.23E+08,5257,5257,5250,5253
10.0399,3.23E+08,5257,5257,5250,5253
12.1473,3.23E+08,5257,5257,5250,5253
10.9542,3.23E+08,5257,5257,5250,5253
11.2113,3.23E+08,5258,5258,5251,5253
11.267,3.23E+08,5258,5258,5251,5253
10.9433,3.23E+08,5258,5258,5251,5253
11.1555,3.23E+08,5258,5258,5252,5253
11.3786,3.23E+08,5258,5258,5252,5253
11.5459,3.23E+08,5258,5258,5252,5253
11.055,3.23E+08,5258,5258,5252,5254
11.6691,3.23E+08,5258,5258,5252,5254
12.5066,3.23E+08,5258,5259,5252,5254
11.8684,3.23E+08,5259,5259,5253,5254
9.78081,3.23E+08,5259,5259,5253,5254
9.08575,3.23E+08,5259,5259,5253,5254
10.5985,3.23E+08,5259,5259,5253,5254
9.83065,3.23E+08,5259,5259,5254,5254
10.4864,3.23E+08,5259,5259,5254,5255
10.7719,3.23E+08,5259,5259,5254,5255
10.8313,3.23E+08,5259,5259,5254,5255
10.6478,3.23E+08,5260,5260,5254,5255
11.1081,3.23E+08,5260,5260,5254,5255
10.4301,3.23E+08,5260,5260,5254,5255
9.09913,3.23E+08,5260,5260,5255,5255
10.4963,3.23E+08,5260,5260,5255,5256
9.59426,3.23E+08,5260,5260,5255,5256
11.3286,3.23E+08,5261,5261,5256,5257
11.106,3.23E+08,5261,5261,5256,5257
11.6017,3.23E+08,5261,5261,5256,5257
9.37741,3.23E+08,5261,5261,5256,5258
9.3779,3.23E+08,5261,5261,5256,5258
8.75363,3.23E+08,5261,5261,5256,5258
12.2278,3.23E+08,5261,5261,5256,5258
11.3786,3.23E+08,5261,5261,5256,5258
12.7299,3.23E+08,5262,5262,5257,5258
11.7132,3.23E+08,5262,5262,5257,5258
13.2325,3.23E+08,5262,5262,5257,5258
12.3268,3.23E+08,5262,5262,5257,5258
12.5624,3.23E+08,5262,5262,5258,5258
12.4379,3.23E+08,5262,5262,5258,5259
10.4865,3.23E+08,5262,5262,5258,5259
11.3341,3.23E+08,5263,5263,5258,5259
10.7647,3.23E+08,5263,5263,5258,5259
11.7253,3.23E+08,5263,5263,5258,5259
12.4383,3.23E+08,5263,5263,5259,5259
12.8288,3.23E+08,5263,5263,5259,5259
10.9881,3.23E+08,5263,5263,5259,5259
10.6083,3.23E+08,5263,5263,5259,5259
11.9363,3.23E+08,5264,5264,5259,5260
12.1595,3.23E+08,5265,5265,5259,5260
10.7196,3.23E+08,5265,5265,5259,5260
11.0997,3.23E+08,5265,5265,5259,5261
10.7869,3.23E+08,5265,5265,5259,5261
11.6458,3.23E+08,5265,5265,5259,5261
9.49125,3.23E+08,5265,5265,5259,5261
11.1551,3.23E+08,5265,5265,5260,5261
11.5578,3.23E+08,5265,5265,5260,5261
12.06,3.23E+08,5266,5266,5260,5261
11.3115,3.23E+08,5266,5266,5260,5261
10.7233,3.23E+08,5266,5266,5260,5261
10.1531,3.23E+08,5266,5266,5260,5261
10.2055,3.23E+08,5266,5266,5260,5262
10.3394,3.23E+08,5267,5267,5260,5262
11.4787,3.23E+08,5267,5267,5262,5262
13.1762,3.23E+08,5267,5267,5262,5262
9.88273,3.23E+08,5267,5267,5262,5262
11.8245,3.23E+08,5267,5267,5262,5263
12.0527,3.23E+08,5267,5267,5262,5263
10.9995,3.23E+08,5267,5267,5262,5264
10.8159,3.23E+08,5267,5267,5263,5264
12.06,3.23E+08,5267,5267,5263,5264
12.3949,3.23E+08,5267,5267,5263,5264
10.8762,3.23E+08,5268,5267,5263,5264
10.6538,3.23E+08,5268,5268,5263,5264
11.2222,3.23E+08,5268,5268,5264,5264
10.4231,3.23E+08,5268,5268,5264,5264
12.3946,3.23E+08,5268,5268,5264,5264
12.1716,3.23E+08,5268,5268,5264,5265
10.9323,3.23E+08,5268,5268,5264,5265
10.497,3.23E+08,5268,5268,5265,5265
11.9363,3.23E+08,5269,5269,5265,5265
12.8928,3.23E+08,5269,5269,5265,5265
11.6461,3.23E+08,5269,5269,5265,5265
11.3338,3.23E+08,5269,5269,5265,5265
11.8927,3.23E+08,5269,5269,5265,5266
12.1158,3.23E+08,5269,5269,5265,5266
11.3225,3.23E+08,5270,5270,5266,5266
11.7757,3.23E+08,5270,5270,5266,5266
10.0926,3.23E+08,5270,5270,5266,5266
12.0479,3.23E+08,5270,5270,5266,5266
11.1108,3.23E+08,5270,5270,5266,5266
10.8205,3.23E+08,5270,5270,5267,5266
9.09391,3.23E+08,5270,5270,5267,5266
9.99778,3.23E+08,5270,5270,5267,5267
8.81827,3.23E+08,5271,5270,5267,5267
9.97685,3.23E+08,5271,5271,5267,5267
10.0505,3.23E+08,5271,5271,5267,5267
11.9976,3.23E+08,5271,5271,5267,5267
10.5478,3.23E+08,5271,5271,5267,5267
9.37545,3.23E+08,5271,5271,5267,5268
9.43083,3.23E+08,5271,5271,5268,5268
9.60028,3.23E+08,5271,5271,5268,5268
11.2039,3.23E+08,5271,5271,5268,5268
7.48189,3.23E+08,5272,5272,5268,5268
9.25793,3.23E+08,5272,5272,5268,5268
9.66392,3.23E+08,5272,5272,5268,5268
11.2673,3.23E+08,5272,5272,5268,5268
11.5454,3.23E+08,5272,5272,5268,5268
9.38021,3.23E+08,5272,5272,5268,5269
8.70672,3.23E+08,5273,5273,5269,5269
10.7068,3.23E+08,5273,5273,5269,5269
10.715,3.23E+08,5274,5274,5269,5269
11.1575,3.23E+08,5274,5274,5269,5270
11.2774,3.23E+08,5274,5274,5269,5270
9.54575,3.23E+08,5274,5274,5269,5270
10.1486,3.23E+08,5274,5274,5269,5270
11.7764,3.23E+08,5274,5274,5269,5270
12.2149,3.23E+08,5274,5274,5270,5270
11.8369,3.23E+08,5275,5275,5270,5270
11.1666,3.23E+08,5275,5275,5270,5270
11.7686,3.23E+08,5275,5275,5270,5270
11.502,3.23E+08,5275,5275,5270,5271
11.2554,3.23E+08,5275,5275,5270,5271
9.60734,3.23E+08,5275,5275,5270,5271
10.5419,3.23E+08,5275,5275,5270,5272
11.0427,3.23E+08,5275,5275,5270,5272
13.9726,3.23E+08,5275,5275,5271,5272
11.267,3.23E+08,5275,5275,5271,5272
10.2574,3.23E+08,5276,5276,5271,5273
8.54095,3.23E+08,5276,5276,5272,5273
8.59569,3.23E+08,5276,5276,5272,5273
9.71525,3.23E+08,5276,5276,5272,5273
9.53093,3.23E+08,5276,5276,5272,5273
10.8762,3.23E+08,5277,5277,5272,5273
9.89263,3.23E+08,5277,5277,5272,5273
10.3135,3.23E+08,5277,5277,5273,5273
9.65634,3.23E+08,5277,5277,5273,5273
10.6086,3.23E+08,5277,5277,5273,5273
11.2112,3.23E+08,5277,5277,5273,5273
11.5013,3.23E+08,5277,5277,5273,5273
11.7135,3.23E+08,5277,5277,5273,5273
9.64915,3.23E+08,5277,5277,5273,5273
11.2787,3.23E+08,5277,5277,5273,5274
10.9881,3.23E+08,5278,5278,5273,5274
11.9917,3.23E+08,5278,5278,5274,5274
12.8979,3.23E+08,5278,5278,5274,5274
12.2274,3.23E+08,5278,5278,5274,5274
10.6986,3.23E+08,5278,5278,5274,5274
12.8416,3.23E+08,5278,5278,5274,5274
12.5066,3.23E+08,5278,5278,5274,5274
11.8687,3.23E+08,5279,5279,5274,5274
12.1158,3.23E+08,5279,5279,5275,5274
10.385,3.23E+08,5279,5279,5275,5275
11.3786,3.23E+08,5279,5279,5275,5275
11.5459,3.23E+08,5279,5279,5275,5275
11.4901,3.23E+08,5280,5280,5275,5275
11.1775,3.23E+08,5280,5280,5275,5275
11.2561,3.23E+08,5280,5280,5275,5275
11.9599,3.23E+08,5280,5280,5275,5275
12.4945,3.23E+08,5280,5280,5275,5275
9.60329,3.23E+08,5280,5280,5275,5275
11.2112,3.23E+08,5280,5280,5275,5275
10.4304,3.23E+08,5280,5280,5276,5276
11.8921,3.23E+08,5280,5280,5276,5276
11.4347,3.23E+08,5280,5280,5276,5276
11.278,3.23E+08,5280,5280,5276,5276
9.1477,3.23E+08,5280,5280,5276,5276
10.0985,3.23E+08,5280,5280,5277,5276
6.1386,3.23E+08,5281,5281,5277,5276
9.76691,3.23E+08,5281,5281,5277,5276
10.6041,3.23E+08,5281,5281,5277,5276
11.3751,3.23E+08,5281,5281,5277,5276
6.86242,3.23E+08,5281,5281,5277,5277
7.42326,3.23E+08,5281,5281,5277,5277
8.53543,3.23E+08,5281,5281,5278,5277
10.8776,3.23E+08,5282,5282,5278,5277
11.2259,3.23E+08,5282,5282,5278,5277
10.8208,3.23E+08,5282,5282,5278,5277
11.1105,3.23E+08,5282,5282,5278,5277
12.7858,3.23E+08,5283,5283,5278,5277
11.769,3.23E+08,5283,5283,5278,5277
13.1212,3.23E+08,5283,5283,5278,5278
11.4226,3.23E+08,5283,5283,5279,5278
11.1558,3.23E+08,5283,5283,5279,5278
10.7755,3.23E+08,5283,5283,5279,5278
11.7811,3.23E+08,5283,5283,5279,5278
12.3946,3.23E+08,5284,5284,5279,5278
12.0482,3.23E+08,5284,5284,5279,5278
10.765,3.23E+08,5284,5284,5280,5278
11.6574,3.23E+08,5284,5284,5280,5278
11.9921,3.23E+08,5284,5284,5280,5278
11.5013,3.23E+08,5284,5284,5280,5278
12.3394,3.23E+08,5284,5284,5280,5278
11.4458,3.23E+08,5284,5284,5280,5279
12.5371,3.23E+08,5284,5284,5280,5279
10.6192,3.23E+08,5284,5284,5280,5279
10.7647,3.23E+08,5284,5284,5281,5279
11.9921,3.23E+08,5284,5284,5281,5279
11.6692,3.23E+08,5284,5284,5282,5279
13.7773,3.23E+08,5284,5284,5282,5279
12.271,3.23E+08,5285,5285,5282,5279
11.0549,3.23E+08,5285,5285,5282,5280
10.8654,3.23E+08,5285,5285,5283,5280
8.04186,3.23E+08,5285,5285,5283,5280
9.54534,3.23E+08,5285,5285,5283,5280
9.04287,3.23E+08,5285,5285,5284,5280
10.8205,3.23E+08,5285,5285,5284,5280
10.7761,3.23E+08,5285,5285,5284,5280
11.9921,3.23E+08,5285,5285,5284,5281
10.9429,3.23E+08,5285,5285,5284,5281
10.096,3.23E+08,5285,5285,5285,5281
11.4458,3.23E+08,5285,5286,5285,5282
10.0902,3.23E+08,5286,5286,5285,5282
8.64877,3.23E+08,5286,5286,5286,5282
11.267,3.23E+08,5286,5286,5286,5282
11.0549,3.23E+08,5286,5286,5286,5282
11.2225,3.23E+08,5286,5286,5286,5282
11.3115,3.23E+08,5286,5286,5286,5282
11.2896,3.23E+08,5286,5286,5286,5283
13.9443,3.23E+08,5286,5286,5286,5283
11.9921,3.23E+08,5286,5286,5286,5283
11.267,3.23E+08,5286,5286,5287,5283
13.1077,3.23E+08,5287,5287,5287,5284
11.7808,3.23E+08,5287,5287,5288,5284
11.769,3.23E+08,5287,5287,5288,5284
10.6748,3.23E+08,5287,5287,5288,5284
11.813,3.23E+08,5287,5287,5288,5284
11.2337,3.23E+08,5287,5287,5288,5284
11.6017,3.23E+08,5288,5288,5288,5284
11.3115,3.23E+08,5288,5288,5288,5284
12.2275,3.23E+08,5288,5288,5288,5284
9.81649,3.23E+08,5288,5288,5289,5285
10.3294,3.23E+08,5288,5288,5289,5285
9.87259,3.23E+08,5288,5288,5289,5285
11.4458,3.23E+08,5289,5289,5289,5285
13.9024,3.23E+08,5289,5289,5289,5285
11.8366,3.23E+08,5289,5289,5289,5285
12.3268,3.23E+08,5289,5289,5289,5285
10.9324,3.23E+08,5290,5290,5289,5285
11.7132,3.23E+08,5290,5290,5289,5286
10.887,3.23E+08,5290,5290,5289,5286
12.0604,3.23E+08,5291,5291,5289,5286
11.5901,3.23E+08,5291,5291,5289,5286
12.0161,3.23E+08,5291,5291,5289,5287
12.773,3.23E+08,5291,5291,5290,5287
11.1443,3.23E+08,5292,5292,5290,5287
11.8485,3.23E+08,5292,5292,5290,5288
11.769,3.23E+08,5292,5292,5290,5288
11.5456,3.23E+08,5293,5293,5290,5288
12.5628,3.23E+08,5293,5293,5291,5288
10.4408,3.23E+08,5293,5293,5291,5288
11.7573,3.23E+08,5293,5293,5291,5289
11.0549,3.23E+08,5293,5293,5292,5289
10.8316,3.23E+08,5293,5293,5292,5289
11.3228,3.23E+08,5293,5293,5292,5290
10.6535,3.23E+08,5294,5294,5292,5290
11.7808,3.23E+08,5294,5294,5293,5290
11.9483,3.23E+08,5294,5294,5293,5290
10.4757,3.23E+08,5294,5294,5293,5290
11.6014,3.23E+08,5294,5294,5293,5290
11.6252,3.23E+08,5294,5294,5293,5290
11.6017,3.23E+08,5294,5294,5293,5291
11.3225,3.23E+08,5294,5294,5293,5291
12.3394,3.23E+08,5295,5295,5293,5291
10.9324,3.23E+08,5295,5295,5294,5291
11.8244,3.23E+08,5295,5295,5294,5291
11.2228,3.23E+08,5295,5295,5294,5291
10.2733,3.23E+08,5295,5295,5295,5291
11.3115,3.23E+08,5295,5295,5295,5291
10.8425,3.23E+08,5295,5295,5296,5291
12.1473,3.23E+08,5295,5295,5296,5292
10.9542,3.23E+08,5296,5296,5296,5292
9.98414,3.23E+08,5296,5296,5296,5292
11.8806,3.23E+08,5296,5296,5296,5292
12.2833,3.23E+08,5296,5296,5296,5292
9.70497,3.23E+08,5296,5296,5296,5292
9.77149,3.23E+08,5296,5296,5296,5292
9.86763,3.23E+08,5297,5297,5296,5292
11.9921,3.23E+08,5297,5297,5297,5292
12.1158,3.23E+08,5297,5297,5297,5292
11.4981,3.23E+08,5297,5297,5297,5293
11.39,3.23E+08,5297,5297,5297,5293
11.5459,3.23E+08,5298,5297,5297,5293
9.91845,3.23E+08,5298,5298,5297,5293
10.5531,3.23E+08,5298,5298,5297,5293
9.92934,3.23E+08,5298,5298,5298,5293
11.2824,3.23E+08,5298,5298,5298,5293
11.5574,3.23E+08,5298,5298,5298,5294
10.1521,3.23E+08,5298,5298,5298,5294
11.7015,3.23E+08,5298,5298,5298,5294
12.9103,3.23E+08,5298,5298,5298,5294
11.4672,3.23E+08,5298,5298,5298,5294
9.6148,3.23E+08,5298,5298,5298,5294
9.54061,3.23E+08,5298,5298,5299,5295
8.20394,3.23E+08,5299,5299,5299,5295
8.19883,3.23E+08,5299,5299,5299,5295
11.0291,3.23E+08,5299,5299,5299,5295
10.0662,3.23E+08,5299,5299,5299,5296
9.76276,3.23E+08,5299,5299,5300,5296
9.65725,3.23E+08,5299,5299,5300,5296
10.9941,3.23E+08,5299,5299,5300,5296
11.7132,3.23E+08,5300,5300,5300,5297
8.59532,3.23E+08,5300,5300,5300,5297
6.58503,3.23E+08,5301,5301,5300,5297
6.52967,3.23E+08,5301,5301,5301,5297
9.09644,3.23E+08,5301,5301,5301,5297
12.94,3.23E+08,5301,5301,5301,5298
8.76367,3.23E+08,5301,5301,5301,5298
8.65324,3.23E+08,5301,5301,5301,5298
9.02785,3.23E+08,5301,5301,5301,5298
12.2349,3.23E+08,5302,5302,5302,5298
12.2833,3.23E+08,5302,5302,5302,5298
11.4783,3.23E+08,5302,5302,5302,5298
12.8417,3.23E+08,5302,5302,5302,5298
11.3344,3.23E+08,5302,5302,5302,5299
10.1413,3.23E+08,5302,5302,5302,5299
12.4508,3.23E+08,5303,5303,5303,5299
12.3268,3.23E+08,5303,5303,5303,5299
11.2896,3.23E+08,5303,5303,5303,5300
11.9802,3.23E+08,5303,5303,5303,5300
12.1591,3.23E+08,5304,5304,5303,5300
13.5814,3.23E+08,5304,5304,5304,5300
12.0355,3.23E+08,5304,5304,5304,5300
10.0044,3.23E+08,5304,5304,5304,5300
11.2112,3.23E+08,5304,5304,5304,5300
11.9479,3.23E+08,5304,5304,5304,5300
10.9327,3.23E+08,5305,5305,5304,5300
12.3268,3.23E+08,5305,5305,5304,5300
9.71472,3.23E+08,5305,5305,5304,5300
10.9884,3.23E+08,5305,5305,5305,5301
8.92807,3.23E+08,5305,5305,5305,5301
10.3743,3.23E+08,5305,5305,5305,5301
10.72,3.23E+08,5305,5305,5306,5301
8.64901,3.23E+08,5305,5305,5306,5301
9.04029,3.23E+08,5305,5305,5306,5301
9.93356,3.23E+08,5306,5306,5306,5301
9.74756,3.23E+08,5306,5306,5306,5301
9.32389,3.23E+08,5306,5306,5307,5301
8.60404,3.23E+08,5306,5306,5307,5301
9.91813,3.23E+08,5306,5306,5307,5302
8.59702,3.23E+08,5306,5306,5307,5302
10.4444,3.23E+08,5306,5306,5307,5302
11.2116,3.23E+08,5306,5306,5307,5302
11.6575,3.23E+08,5307,5307,5307,5302
9.71495,3.23E+08,5307,5307,5307,5303
10.8316,3.23E+08,5307,5307,5308,5303
11.4229,3.23E+08,5307,5307,5308,5303
12.407,3.23E+08,5308,5308,5308,5303
11.9925,3.23E+08,5308,5308,5308,5303
13.1208,3.23E+08,5308,5308,5308,5303
11.2112,3.23E+08,5308,5308,5308,5303
11.9921,3.23E+08,5308,5308,5309,5304
9.43546,3.23E+08,5308,5308,5309,5304
9.03515,3.23E+08,5308,5309,5309,5304
10.0436,3.23E+08,5309,5309,5309,5305
11.3345,3.23E+08,5309,5309,5310,5305
10.8097,3.23E+08,5309,5309,5310,5305
11.2786,3.23E+08,5309,5309,5310,5305
12.3264,3.23E+08,5309,5309,5311,5305
13.302,3.23E+08,5309,5309,5311,5305
12.9274,3.23E+08,5309,5309,5311,5305
11.6571,3.23E+08,5309,5309,5311,5306
11.9487,3.23E+08,5310,5310,5311,5306
12.9961,3.23E+08,5310,5310,5312,5306
13.2321,3.23E+08,5310,5310,5312,5306
11.8366,3.23E+08,5310,5310,5313,5306
11.4461,3.23E+08,5310,5310,5313,5306
12.1034,3.23E+08,5310,5310,5313,5306
12.8291,3.23E+08,5310,5310,5313,5306
11.5456,3.23E+08,5310,5310,5313,5306
10.4969,3.23E+08,5310,5310,5314,5306
12.2706,3.23E+08,5310,5310,5314,5307
11.6137,3.23E+08,5310,5310,5314,5307
10.6083,3.23E+08,5310,5310,5314,5307
11.2,3.23E+08,5310,5310,5314,5307
14.1117,3.23E+08,5311,5311,5315,5307
11.7808,3.23E+08,5311,5311,5315,5307
11.7133,3.23E+08,5311,5311,5315,5307
13.3016,3.23E+08,5311,5311,5315,5307
13.1634,3.23E+08,5312,5312,5315,5307
12.6183,3.23E+08,5312,5312,5315,5307
9.58412,3.23E+08,5312,5312,5315,5307
12.6615,3.23E+08,5312,5312,5316,5307
11.1778,3.23E+08,5312,5312,5316,5307
11.6575,3.23E+08,5313,5313,5316,5308
11.6014,3.23E+08,5313,5313,5316,5308
12.5502,3.23E+08,5313,5313,5316,5308
10.2175,3.23E+08,5313,5313,5316,5308
11.2112,3.23E+08,5313,5313,5316,5308
10.6641,3.23E+08,5313,5313,5316,5309
12.5062,3.23E+08,5314,5314,5317,5309
11.4343,3.23E+08,5314,5314,5317,5309
11.055,3.23E+08,5314,5314,5317,5309
13.2192,3.23E+08,5314,5314,5317,5309
10.1619,3.23E+08,5314,5314,5318,5309
11.3786,3.23E+08,5314,5314,5318,5309
11.6571,3.23E+08,5314,5314,5318,5310
10.4969,3.23E+08,5314,5314,5318,5310
11.3782,3.23E+08,5314,5314,5318,5310
10.2736,3.23E+08,5315,5315,5318,5310
9.25903,3.23E+08,5315,5315,5318,5310
10.8205,3.23E+08,5315,5315,5318,5310
11.837,3.23E+08,5315,5315,5318,5310
12.7042,3.23E+08,5315,5315,5319,5310
10.0041,3.23E+08,5315,5315,5319,5310
9.81676,3.23E+08,5315,5315,5320,5310
9.60336,3.23E+08,5316,5316,5320,5310
10.2075,3.23E+08,5316,5316,5320,5311
11.7247,3.23E+08,5316,5316,5320,5311
10.7546,3.23E+08,5316,5316,5320,5311
10.4966,3.23E+08,5316,5316,5320,5311
9.43579,3.23E+08,5317,5317,5322,5311
10.8744,3.23E+08,5317,5317,5322,5311
12.7299,3.23E+08,5317,5317,5322,5311
11.9363,3.23E+08,5317,5317,5322,5312
13.1634,3.23E+08,5317,5317,5322,5312
11.5459,3.23E+08,5317,5317,5322,5312
8.65413,3.23E+08,5317,5317,5323,5312
10.0399,3.23E+08,5317,5317,5323,5312
8.93707,3.23E+08,5317,5317,5323,5313
10.2715,3.23E+08,5317,5317,5323,5313
11.5904,3.23E+08,5318,5317,5323,5313
10.3953,3.23E+08,5318,5318,5324,5313
7.74586,3.23E+08,5318,5318,5324,5313
9.48937,3.23E+08,5318,5318,5324,5313
10.5977,3.23E+08,5318,5318,5324,5313
11.9363,3.23E+08,5318,5318,5324,5314
12.7427,3.23E+08,5318,5318,5324,5314
11.6017,3.23E+08,5319,5319,5324,5314
8.37473,3.23E+08,5319,5319,5324,5314
9.20314,3.23E+08,5319,5319,5324,5314
8.42933,3.23E+08,5319,5319,5325,5314
9.69557,3.23E+08,5319,5319,5325,5314
9.83377,3.23E+08,5319,5319,5325,5314
8.80855,3.23E+08,5319,5319,5325,5314
8.0905,3.23E+08,5319,5319,5325,5314
9.31944,3.23E+08,5319,5319,5325,5314
11.3902,3.23E+08,5319,5319,5325,5314
10.7758,3.23E+08,5319,5319,5326,5315
12.9828,3.23E+08,5319,5319,5326,5315
10.5074,3.23E+08,5320,5320,5326,5315
9.53793,3.23E+08,5320,5320,5326,5315
12.147,3.23E+08,5320,5320,5327,5315
10.1119,3.23E+08,5320,5320,5327,5315
12.2158,3.23E+08,5320,5320,5328,5315
8.98518,3.23E+08,5320,5320,5328,5315
11.055,3.23E+08,5320,5320,5328,5316
11.3668,3.23E+08,5320,5320,5328,5316
13.6795,3.23E+08,5320,5320,5328,5316
11.2783,3.23E+08,5320,5320,5328,5316
9.37973,3.23E+08,5320,5320,5328,5316
8.41673,3.23E+08,5321,5321,5329,5316
10.7156,3.23E+08,5321,5321,5329,5316
9.98382,3.23E+08,5321,5321,5329,5316
9.48359,3.23E+08,5321,5321,5329,5316
10.3343,3.23E+08,5321,5321,5329,5317
10.8793,3.23E+08,5321,5321,5329,5317
9.60363,3.23E+08,5321,5321,5330,5317
9.75851,3.23E+08,5321,5321,5330,5317
12.438,3.23E+08,5322,5322,5330,5317
11.167,3.23E+08,5322,5322,5330,5317
9.04354,3.23E+08,5322,5322,5330,5317
9.08481,3.23E+08,5322,5322,5330,5317
11.0037,3.23E+08,5323,5323,5331,5318
11.8245,3.23E+08,5323,5323,5331,5318
11.7755,3.23E+08,5323,5323,5331,5318
10.1576,3.23E+08,5324,5323,5331,5318
13.1634,3.23E+08,5324,5324,5331,5318
11.8317,3.23E+08,5324,5324,5331,5318
8.37376,3.23E+08,5324,5324,5331,5319
11.3839,3.23E+08,5324,5324,5332,5319
10.1034,3.23E+08,5324,5324,5332,5319
9.91844,3.23E+08,5324,5324,5332,5319
10.6175,3.23E+08,5324,5324,5332,5319
9.7611,3.23E+08,5325,5325,5332,5320
9.2657,3.23E+08,5325,5325,5332,5320
8.30322,3.23E+08,5325,5325,5332,5320
9.27132,3.23E+08,5325,5325,5332,5320
7.9772,3.23E+08,5325,5325,5332,5320
9.48951,3.23E+08,5325,5325,5332,5320
8.20074,3.23E+08,5325,5325,5332,5321
9.48109,3.23E+08,5325,5325,5333,5321
12.3966,3.23E+08,5325,5325,5333,5321
10.4304,3.23E+08,5325,5325,5333,5321
11.3845,3.23E+08,5326,5326,5333,5321
10.2154,3.23E+08,5326,5326,5333,5321
9.53841,3.23E+08,5326,5326,5333,5321
11.7791,3.23E+08,5326,5326,5333,5321
10.2072,3.23E+08,5326,5326,5333,5322
11.5459,3.23E+08,5326,5326,5333,5322
11.2783,3.23E+08,5326,5326,5333,5322
10.0494,3.23E+08,5326,5326,5333,5322
10.4357,3.23E+08,5326,5326,5333,5322
9.41866,3.23E+08,5326,5326,5333,5322
8.43644,3.23E+08,5326,5326,5334,5322
10.0485,3.23E+08,5327,5327,5334,5323
10.5931,3.23E+08,5327,5327,5334,5323
12.9404,3.23E+08,5327,5327,5334,5323
12.1158,3.23E+08,5327,5327,5334,5323
11.2224,3.23E+08,5327,5327,5334,5323
10.5419,3.23E+08,5327,5327,5335,5323
9.92806,3.23E+08,5327,5327,5335,5323
12.3949,3.23E+08,5327,5327,5335,5323
10.7688,3.23E+08,5327,5327,5335,5323
8.431,3.23E+08,5327,5327,5335,5324
9.98219,3.23E+08,5327,5327,5335,5324
10.4858,3.23E+08,5327,5327,5335,5324
12.3953,3.23E+08,5327,5328,5336,5324
10.6083,3.23E+08,5328,5328,5336,5324
10.7092,3.23E+08,5328,5328,5336,5324
10.8766,3.23E+08,5328,5328,5336,5324
10.9433,3.23E+08,5328,5328,5336,5324
11.7573,3.23E+08,5328,5328,5336,5324
12.575,3.23E+08,5328,5328,5337,5324
12.8717,3.23E+08,5328,5328,5337,5324
12.5066,3.23E+08,5329,5329,5337,5325
10.9881,3.23E+08,5329,5329,5337,5325
13.1208,3.23E+08,5329,5329,5337,5325
12.1716,3.23E+08,5329,5329,5337,5325
12.2152,3.23E+08,5329,5329,5337,5325
13.6233,3.23E+08,5329,5329,5337,5325
12.8846,3.23E+08,5329,5329,5337,5326
12.1158,3.23E+08,5330,5330,5337,5326
11.2666,3.23E+08,5330,5330,5337,5326
10.7546,3.23E+08,5330,5330,5338,5326
11.6133,3.23E+08,5330,5330,5338,5326
12.1595,3.23E+08,5330,5330,5338,5326
11.8806,3.23E+08,5330,5330,5338,5326
10.8316,3.23E+08,5331,5331,5338,5326
11.3899,3.23E+08,5331,5331,5338,5326
10.2073,3.23E+08,5331,5331,5339,5327
10.6083,3.23E+08,5331,5331,5339,5327
10.4861,3.23E+08,5331,5331,5339,5327
10.9433,3.23E+08,5331,5331,5340,5327
13.0649,3.23E+08,5331,5331,5340,5327
13.3732,3.23E+08,5331,5331,5340,5327
11.9483,3.23E+08,5332,5332,5340,5327
12.2274,3.23E+08,5332,5332,5340,5327
11.9921,3.23E+08,5332,5332,5341,5327
11.8366,3.23E+08,5332,5332,5341,5327
12.5499,3.23E+08,5332,5332,5341,5328
12.271,3.23E+08,5332,5332,5341,5328
13.6097,3.23E+08,5332,5332,5341,5328
11.5574,3.23E+08,5333,5333,5341,5328
11.7132,3.23E+08,5333,5333,5341,5329
12.3268,3.23E+08,5334,5334,5342,5329
11.4458,3.23E+08,5334,5334,5342,5329
12.2833,3.23E+08,5334,5334,5342,5329
11.0549,3.23E+08,5334,5334,5342,5329
13.3865,3.23E+08,5334,5334,5342,5329
11.267,3.23E+08,5334,5334,5342,5329
11.769,3.23E+08,5334,5334,5342,5330
10.2733,3.23E+08,5335,5335,5342,5330
11.769,3.23E+08,5335,5335,5342,5330
11.4901,3.23E+08,5335,5335,5342,5330
10.7307,3.23E+08,5335,5335,5343,5330
11.3228,3.23E+08,5335,5335,5343,5331
12.773,3.23E+08,5335,5335,5343,5331
10.9323,3.23E+08,5335,5335,5343,5331
11.6575,3.23E+08,5335,5335,5343,5331
11.7249,3.23E+08,5336,5336,5343,5331
9.77079,3.23E+08,5336,5336,5343,5331
14.9483,3.23E+08,5336,5336,5344,5331
12.0479,3.23E+08,5336,5336,5345,5332
11.9044,3.23E+08,5336,5336,5345,5332
12.5374,3.23E+08,5336,5336,5345,5332
11.1666,3.23E+08,5336,5336,5345,5332
11.8366,3.23E+08,5336,5336,5345,5332
12.271,3.23E+08,5336,5336,5345,5332
12.3391,3.23E+08,5337,5337,5345,5332
10.9324,3.23E+08,5337,5337,5345,5332
10.4303,3.23E+08,5337,5337,5345,5332
12.2152,3.23E+08,5337,5337,5346,5332
11.6017,3.23E+08,5338,5338,5346,5332
10.385,3.23E+08,5338,5338,5347,5333
10.4408,3.23E+08,5338,5338,5347,5333
11.8244,3.23E+08,5338,5338,5347,5333
10.7203,3.23E+08,5338,5338,5348,5333
10.1058,3.23E+08,5338,5338,5348,5333
12.7168,3.23E+08,5338,5338,5348,5333
11.9367,3.23E+08,5339,5339,5348,5333
12.0041,3.23E+08,5339,5339,5348,5333
12.271,3.23E+08,5339,5339,5348,5334
10.6641,3.23E+08,5339,5339,5348,5334
10.0957,3.23E+08,5339,5339,5349,5335
12.1037,3.23E+08,5340,5340,5349,5335
11.2783,3.23E+08,5340,5340,5349,5335
10.0957,3.23E+08,5340,5340,5349,5335
11.0549,3.23E+08,5340,5340,5349,5335
10.1515,3.23E+08,5340,5340,5349,5335
13.0091,3.23E+08,5341,5341,5349,5336
11.5344,3.23E+08,5341,5341,5350,5336
11.066,3.23E+08,5341,5341,5350,5336
12.1594,3.23E+08,5341,5341,5350,5336
11.0439,3.23E+08,5341,5341,5350,5336
10.7199,3.23E+08,5341,5341,5350,5336
11.7129,3.23E+08,5342,5342,5350,5336
11.0553,3.23E+08,5342,5342,5350,5336
10.263,3.23E+08,5342,5342,5350,5337
12.6057,3.23E+08,5342,5343,5351,5337
9.88244,3.23E+08,5343,5343,5351,5337
11.6575,3.23E+08,5343,5343,5351,5337
10.8205,3.23E+08,5343,5343,5351,5337
10.6644,3.23E+08,5343,5344,5351,5337
10.7199,3.23E+08,5344,5344,5352,5338
11.0886,3.23E+08,5344,5344,5352,5338
11.066,3.23E+08,5344,5344,5352,5338
10.0399,3.23E+08,5344,5344,5352,5338
11.2112,3.23E+08,5344,5344,5352,5338
9.99414,3.23E+08,5345,5345,5352,5338
10.9214,3.23E+08,5345,5345,5352,5338
11.066,3.23E+08,5345,5345,5352,5338
10.932,3.23E+08,5345,5345,5353,5338
11.6136,3.23E+08,5345,5345,5353,5338
12.6057,3.23E+08,5345,5345,5353,5338
11.7015,3.23E+08,5346,5346,5353,5339
10.8984,3.23E+08,5346,5346,5353,5339
10.9881,3.23E+08,5346,5346,5353,5339
11.6017,3.23E+08,5346,5346,5353,5339
11.8925,3.23E+08,5346,5346,5353,5339
11.5574,3.23E+08,5346,5346,5354,5339
10.81,3.23E+08,5346,5346,5354,5339
11.7808,3.23E+08,5347,5347,5354,5339
9.54746,3.23E+08,5347,5347,5354,5339
11.9921,3.23E+08,5347,5347,5354,5340
8.98869,3.23E+08,5347,5347,5355,5340
9.92884,3.23E+08,5347,5347,5355,5340
10.1058,3.23E+08,5348,5348,5355,5340
11.2112,3.23E+08,5348,5348,5355,5340
10.1512,3.23E+08,5348,5348,5355,5340
10.5528,3.23E+08,5348,5348,5355,5340
10.0296,3.23E+08,5348,5348,5355,5340
8.71894,3.23E+08,5348,5348,5355,5340
8.7483,3.23E+08,5348,5348,5355,5340
9.65913,3.23E+08,5348,5348,5355,5340
8.92436,3.23E+08,5348,5348,5356,5341
9.78112,3.23E+08,5348,5348,5356,5341
8.9205,3.23E+08,5348,5348,5356,5341
8.47855,3.23E+08,5349,5349,5356,5341
11.8367,3.23E+08,5349,5349,5356,5341
10.4895,3.23E+08,5349,5349,5357,5342
9.59335,3.23E+08,5349,5349,5357,5342
12.0483,3.23E+08,5349,5349,5358,5342
11.3455,3.23E+08,5349,5349,5358,5342
11.4225,3.23E+08,5350,5349,5358,5342
12.0045,3.23E+08,5350,5350,5358,5343
10.8875,3.23E+08,5350,5350,5358,5343
12.3141,3.23E+08,5350,5350,5358,5343
12.0724,3.23E+08,5350,5350,5358,5343
13.777,3.23E+08,5350,5350,5358,5343
11.8248,3.23E+08,5350,5350,5359,5343
12.3263,3.23E+08,5350,5350,5359,5343
9.70565,3.23E+08,5351,5351,5359,5343
10.2274,3.23E+08,5351,5351,5359,5343
11.0997,3.23E+08,5351,5351,5359,5344
9.70739,3.23E+08,5351,5351,5360,5344
12.1057,3.23E+08,5351,5351,5360,5344
11.4344,3.23E+08,5351,5351,5360,5344
12.4508,3.23E+08,5351,5351,5360,5344
11.5459,3.23E+08,5352,5352,5360,5344
11.8366,3.23E+08,5352,5352,5360,5344
10.9991,3.23E+08,5352,5352,5360,5345
12.7172,3.23E+08,5352,5352,5361,5345
12.2829,3.23E+08,5352,5352,5361,5345
12.0483,3.23E+08,5353,5353,5362,5345
10.6641,3.23E+08,5353,5353,5362,5345
11.8127,3.23E+08,5353,5353,5362,5345
11.3789,3.23E+08,5353,5353,5362,5346
11.8366,3.23E+08,5353,5353,5362,5346
11.7808,3.23E+08,5353,5353,5362,5346
11.6575,3.23E+08,5353,5353,5362,5346
10.0954,3.23E+08,5353,5353,5362,5346
11.7811,3.23E+08,5353,5353,5362,5346
12.5063,3.23E+08,5353,5353,5362,5346
10.0502,3.23E+08,5353,5353,5362,5346
11.6017,3.23E+08,5353,5353,5362,5346
11.757,3.23E+08,5353,5353,5362,5347
11.737,3.23E+08,5354,5354,5362,5347
11.4344,3.23E+08,5354,5354,5363,5347
11.5574,3.23E+08,5354,5354,5363,5347
12.1594,3.23E+08,5354,5354,5363,5347
11.4344,3.23E+08,5354,5354,5364,5347
13.3308,3.23E+08,5354,5354,5364,5347
10.7758,3.23E+08,5354,5354,5364,5348
12.3391,3.23E+08,5355,5355,5364,5348
11.769,3.23E+08,5355,5355,5364,5348
11.4343,3.23E+08,5355,5355,5364,5348
10.8208,3.23E+08,5355,5355,5364,5349
12.3826,3.23E+08,5356,5355,5365,5349
12.072,3.23E+08,5356,5356,5365,5349
10.6531,3.23E+08,5356,5356,5365,5349
11.4461,3.23E+08,5356,5356,5365,5349
10.6535,3.23E+08,5356,5356,5366,5349
11.2667,3.23E+08,5356,5356,5366,5349
11.1111,3.23E+08,5357,5357,5366,5349
10.5977,3.23E+08,5357,5357,5366,5350
9.98557,3.23E+08,5357,5357,5366,5350
8.76275,3.23E+08,5357,5357,5366,5350
10.2151,3.23E+08,5358,5358,5366,5350
10.77,3.23E+08,5358,5358,5366,5350
11.8806,3.23E+08,5358,5358,5367,5350
12.773,3.23E+08,5358,5358,5367,5351
12.2274,3.23E+08,5358,5358,5367,5351
12.271,3.23E+08,5358,5358,5367,5351
11.3341,3.23E+08,5359,5359,5367,5351
11.3786,3.23E+08,5359,5359,5368,5351
10.6534,3.23E+08,5359,5359,5368,5352
12.0161,3.23E+08,5359,5359,5368,5352
10.8766,3.23E+08,5359,5359,5368,5352
12.9831,3.23E+08,5359,5359,5368,5352
11.7926,3.23E+08,5359,5359,5368,5352
13.7071,3.23E+08,5359,5359,5369,5353
9.83642,3.23E+08,5360,5360,5369,5353
9.14209,3.23E+08,5360,5360,5369,5353
10.1513,3.23E+08,5360,5360,5369,5354
10.6713,3.23E+08,5360,5360,5369,5354
9.48147,3.23E+08,5360,5360,5370,5354
10.7149,3.23E+08,5361,5361,5371,5354
8.53462,3.23E+08,5362,5362,5371,5354
7.47745,3.23E+08,5362,5362,5371,5354
8.9275,3.23E+08,5362,5362,5371,5354
10.2736,3.23E+08,5362,5362,5371,5354
11.278,3.23E+08,5362,5362,5372,5354
11.0977,3.23E+08,5362,5362,5372,5354
9.37339,3.23E+08,5362,5362,5372,5355
10.2058,3.23E+08,5362,5362,5372,5355
12.1716,3.23E+08,5363,5363,5372,5355
12.2275,3.23E+08,5363,5363,5372,5355
12.2152,3.23E+08,5363,5363,5372,5355
12.2833,3.23E+08,5364,5364,5373,5355
11.3672,3.23E+08,5364,5364,5373,5356
10.3954,3.23E+08,5364,5364,5373,5356
12.5931,3.23E+08,5364,5364,5373,5356
12.3268,3.23E+08,5364,5364,5373,5356
11.4455,3.23E+08,5364,5364,5374,5356
12.271,3.23E+08,5364,5364,5374,5356
11.1669,3.23E+08,5364,5364,5374,5356
9.81656,3.23E+08,5364,5364,5374,5357
11.0104,3.23E+08,5365,5365,5374,5357
11.8806,3.23E+08,5365,5365,5375,5357
11.3786,3.23E+08,5365,5365,5375,5357
11.055,3.23E+08,5365,5365,5375,5358
11.3691,3.23E+08,5365,5365,5375,5358
11.6133,3.23E+08,5365,5365,5375,5358
11.3341,3.23E+08,5366,5366,5375,5359
11.769,3.23E+08,5366,5366,5376,5359
12.3268,3.23E+08,5366,5366,5376,5359
10.6641,3.23E+08,5366,5366,5376,5359
10.1012,3.23E+08,5366,5366,5376,5360
11.267,3.23E+08,5366,5366,5376,5360
11.1557,3.23E+08,5366,5366,5376,5360
11.1104,3.23E+08,5367,5367,5377,5361
11.5017,3.23E+08,5367,5367,5377,5361
10.9884,3.23E+08,5367,5367,5377,5361
10.5521,3.23E+08,5367,5367,5377,5361
11.8248,3.23E+08,5367,5367,5378,5361
12.8979,3.23E+08,5367,5367,5378,5362
11.9918,3.23E+08,5367,5367,5378,5362
13.2753,3.23E+08,5367,5367,5378,5362
9.99381,3.23E+08,5367,5367,5378,5362
11.7694,3.23E+08,5367,5367,5378,5362
11.9416,3.23E+08,5367,5367,5378,5362
10.6535,3.23E+08,5368,5368,5378,5362
10.7688,3.23E+08,5368,5368,5378,5363
9.87241,3.23E+08,5368,5368,5378,5363
12.0072,3.23E+08,5368,5368,5378,5363
11.3786,3.23E+08,5368,5368,5379,5363
11.936,3.23E+08,5368,5368,5379,5363
11.9047,3.23E+08,5368,5368,5379,5363
11.0886,3.23E+08,5368,5368,5379,5363
10.9991,3.23E+08,5368,5368,5379,5364
9.76895,3.23E+08,5368,5368,5379,5364
9.03643,3.23E+08,5369,5369,5380,5364
11.6017,3.23E+08,5369,5369,5380,5365
10.1616,3.23E+08,5369,5369,5380,5365
11.1666,3.23E+08,5369,5369,5380,5365
11.5966,3.23E+08,5369,5369,5380,5365
9.82299,3.23E+08,5370,5370,5380,5365
11.613,3.23E+08,5370,5370,5381,5365
10.0938,3.23E+08,5370,5370,5381,5366
9.99321,3.23E+08,5370,5370,5382,5366
10.2727,3.23E+08,5370,5370,5382,5366
8.08107,3.23E+08,5370,5370,5382,5366
10.8313,3.23E+08,5370,5370,5382,5366
8.93163,3.23E+08,5370,5370,5383,5366
10.2023,3.23E+08,5370,5370,5383,5366
11.4344,3.23E+08,5370,5370,5383,5366
10.2277,3.23E+08,5370,5370,5384,5366
10.709,3.23E+08,5371,5371,5384,5367
10.3852,3.23E+08,5371,5371,5384,5367
9.87024,3.23E+08,5371,5371,5384,5367
10.3784,3.23E+08,5371,5371,5384,5367
11.5465,3.23E+08,5371,5371,5384,5367
11.7808,3.23E+08,5371,5371,5385,5367
11.7132,3.23E+08,5371,5371,5385,5368
11.1666,3.23E+08,5371,5371,5385,5368
11.8245,3.23E+08,5371,5371,5385,5368
12.0044,3.23E+08,5371,5371,5385,5368
11.6458,3.23E+08,5372,5372,5385,5369
12.3514,3.23E+08,5372,5372,5385,5369
11.8248,3.23E+08,5372,5372,5386,5369
11.1666,3.23E+08,5372,5372,5386,5369
10.9772,3.23E+08,5372,5372,5386,5369
11.9483,3.23E+08,5372,5372,5386,5369
9.03766,3.23E+08,5372,5372,5386,5369
8.92982,3.23E+08,5373,5373,5386,5370
10.8195,3.23E+08,5373,5373,5386,5370
12.7733,3.23E+08,5373,5373,5387,5370
6.75846,3.23E+08,5373,5373,5387,5371
9.2582,3.23E+08,5373,5373,5387,5371
5.24661,3.23E+08,5373,5373,5387,5371
10.6043,3.23E+08,5374,5374,5387,5371
11.4967,3.23E+08,5374,5374,5387,5371
9.60012,3.23E+08,5374,5374,5388,5371
8.31936,3.23E+08,5374,5374,5388,5371
8.52928,3.23E+08,5374,5374,5389,5371
10.9866,3.23E+08,5374,5374,5389,5372
9.43667,3.23E+08,5374,5374,5389,5372
8.65225,3.23E+08,5374,5374,5389,5372
10.4264,3.23E+08,5375,5375,5389,5372
8.75895,3.23E+08,5375,5375,5389,5372
11.1541,3.23E+08,5375,5375,5389,5372
11.2267,3.23E+08,5375,5375,5389,5372
13.3308,3.23E+08,5375,5375,5389,5372
10.8425,3.23E+08,5376,5376,5390,5372
10.7618,3.23E+08,5376,5376,5390,5373
6.91946,3.23E+08,5376,5376,5390,5373
8.14452,3.23E+08,5376,5376,5390,5373
7.47812,3.23E+08,5377,5377,5390,5373
9.15365,3.23E+08,5377,5377,5390,5373
10.8319,3.23E+08,5377,5377,5390,5373
11.7075,3.23E+08,5377,5377,5390,5373
10.9872,3.23E+08,5377,5377,5390,5373
11.2224,3.23E+08,5377,5377,5390,5373
12.3949,3.23E+08,5377,5378,5391,5374
11.8687,3.23E+08,5378,5378,5391,5374
10.9506,3.23E+08,5378,5378,5391,5374
9.41909,3.23E+08,5378,5378,5391,5374
10.5547,3.23E+08,5378,5378,5391,5374
11.8369,3.23E+08,5378,5378,5391,5375
10.5871,3.23E+08,5378,5378,5391,5375
10.445,3.23E+08,5378,5378,5392,5375
10.5529,3.23E+08,5378,5378,5392,5375
9.5937,3.23E+08,5378,5378,5392,5375
11.267,3.23E+08,5378,5378,5392,5375
11.9363,3.23E+08,5378,5378,5392,5375
11.0997,3.23E+08,5379,5379,5392,5375
12.2397,3.23E+08,5379,5379,5392,5376
12.3826,3.23E+08,5379,5379,5392,5376
11.5459,3.23E+08,5380,5380,5392,5376
10.0493,3.23E+08,5380,5380,5393,5376
9.70951,3.23E+08,5380,5380,5393,5376
11.7132,3.23E+08,5380,5380,5393,5376
11.7249,3.23E+08,5381,5381,5393,5376
10.709,3.23E+08,5381,5381,5393,5377
11.3903,3.23E+08,5381,5381,5394,5377
10.5974,3.23E+08,5381,5381,5394,5377
11.3902,3.23E+08,5381,5381,5394,5377
11.3786,3.23E+08,5381,5381,5394,5378
11.8366,3.23E+08,5381,5381,5394,5378
10.926,3.23E+08,5382,5382,5394,5378
10.7111,3.23E+08,5382,5382,5394,5378
11.5574,3.23E+08,5382,5382,5394,5378
11.8366,3.23E+08,5382,5382,5394,5378
11.8248,3.23E+08,5382,5382,5394,5378
10.5524,3.23E+08,5383,5383,5395,5379
11.267,3.23E+08,5383,5383,5395,5379
11.3782,3.23E+08,5383,5383,5395,5379
11.1111,3.23E+08,5383,5383,5395,5379
10.7611,3.23E+08,5383,5383,5395,5379
10.3756,3.23E+08,5383,5383,5395,5379
10.5595,3.23E+08,5383,5383,5395,5379
10.7543,3.23E+08,5383,5383,5396,5380
12.73,3.23E+08,5383,5383,5396,5380
12.2152,3.23E+08,5384,5384,5396,5380
12.8545,3.23E+08,5384,5384,5396,5380
13.3308,3.23E+08,5384,5384,5396,5381
11.2112,3.23E+08,5384,5384,5397,5381
10.3291,3.23E+08,5384,5384,5397,5381
12.2152,3.23E+08,5384,5384,5397,5381
11.6017,3.23E+08,5384,5384,5397,5382
11.769,3.23E+08,5385,5385,5397,5382
11.2783,3.23E+08,5385,5385,5397,5382
12.8288,3.23E+08,5385,5385,5397,5382
9.65912,3.23E+08,5385,5385,5397,5382
11.6691,3.23E+08,5385,5385,5397,5382
11.0886,3.23E+08,5386,5386,5397,5382
12.5191,3.23E+08,5386,5386,5397,5382
10.9881,3.23E+08,5386,5386,5398,5383
10.72,3.23E+08,5386,5386,5398,5383
13.1635,3.23E+08,5386,5386,5398,5383
12.8156,3.23E+08,5386,5386,5398,5383
11.4017,3.23E+08,5386,5386,5398,5383
13.0519,3.23E+08,5387,5386,5399,5383
12.3826,3.23E+08,5387,5387,5399,5383
11.1108,3.23E+08,5387,5387,5399,5384
10.9943,3.23E+08,5387,5387,5399,5384
12.3799,3.23E+08,5387,5387,5399,5384
12.0489,3.23E+08,5387,5387,5399,5384
11.325,3.23E+08,5387,5387,5399,5384
12.5191,3.23E+08,5387,5387,5400,5384
11.3786,3.23E+08,5387,5387,5400,5384
11.1666,3.23E+08,5388,5388,5400,5385
11.5344,3.23E+08,5388,5388,5400,5385
11.5016,3.23E+08,5388,5388,5400,5385
12.0479,3.23E+08,5388,5388,5400,5385
10.8875,3.23E+08,5388,5388,5401,5385
11.7808,3.23E+08,5388,5388,5401,5385
11.2666,3.23E+08,5389,5389,5401,5385
12.7885,3.23E+08,5389,5389,5401,5385
11.8805,3.23E+08,5389,5389,5401,5386
11.713,3.23E+08,5389,5389,5401,5386
11.6136,3.23E+08,5389,5389,5402,5386
10.8766,3.23E+08,5389,5389,5402,5386
10.765,3.23E+08,5389,5389,5402,5386
12.7172,3.23E+08,5389,5389,5402,5386
12.438,3.23E+08,5390,5390,5402,5386
11.502,3.23E+08,5390,5390,5402,5386
13.009,3.23E+08,5390,5390,5403,5387
10.7194,3.23E+08,5390,5390,5403,5387
9.3151,3.23E+08,5390,5390,5403,5387
10.494,3.23E+08,5390,5390,5403,5387
11.2668,3.23E+08,5390,5390,5403,5388
11.1666,3.23E+08,5390,5390,5403,5388
11.8684,3.23E+08,5391,5391,5403,5388
10.3391,3.23E+08,5391,5391,5404,5388
9.42395,3.23E+08,5391,5391,5404,5388
9.93074,3.23E+08,5391,5391,5404,5388
11.3341,3.23E+08,5391,5391,5404,5388
11.0994,3.23E+08,5391,5391,5405,5388
10.3247,3.23E+08,5391,5391,5405,5388
8.87356,3.23E+08,5391,5391,5405,5388
10.3712,3.23E+08,5391,5391,5405,5389
11.4462,3.23E+08,5391,5391,5405,5389
9.88214,3.23E+08,5392,5392,5405,5389
12.2714,3.23E+08,5392,5392,5405,5389
11.1555,3.23E+08,5392,5392,5406,5389
12.0475,3.23E+08,5392,5392,5406,5389
11.3345,3.23E+08,5392,5392,5406,5389
9.82664,3.23E+08,5392,5392,5407,5389
10.482,3.23E+08,5393,5393,5407,5390
9.3213,3.23E+08,5393,5393,5407,5390
9.88392,3.23E+08,5393,5393,5407,5390
11.0997,3.23E+08,5393,5393,5407,5390
11.7088,3.23E+08,5394,5394,5407,5390
11.2691,3.23E+08,5394,5394,5407,5390
12.5191,3.23E+08,5394,5394,5408,5390
11.8248,3.23E+08,5394,5394,5408,5390
10.2528,3.23E+08,5395,5395,5408,5390
10.9991,3.23E+08,5395,5395,5409,5390
10.7092,3.23E+08,5395,5395,5409,5391
10.4408,3.23E+08,5395,5395,5409,5391
12.06,3.23E+08,5396,5396,5409,5391
11.1555,3.23E+08,5396,5396,5409,5391
11.7808,3.23E+08,5396,5396,5409,5391
9.70162,3.23E+08,5396,5396,5409,5391
10.603,3.23E+08,5396,5396,5409,5391
10.606,3.23E+08,5397,5397,5409,5392
9.99414,3.23E+08,5397,5397,5409,5392
10.0326,3.23E+08,5397,5397,5410,5392
10.7719,3.23E+08,5397,5397,5410,5392
10.4937,3.23E+08,5397,5397,5410,5392
8.75756,3.23E+08,5397,5397,5410,5392
9.48959,3.23E+08,5397,5397,5410,5392
9.31622,3.23E+08,5398,5398,5410,5392
9.98073,3.23E+08,5398,5398,5410,5392
9.94264,3.23E+08,5398,5398,5411,5392
10.3188,3.23E+08,5398,5398,5411,5393
10.8333,3.23E+08,5398,5398,5411,5393
12.3342,3.23E+08,5398,5398,5411,5393
9.58219,3.23E+08,5399,5399,5411,5393
9.82983,3.23E+08,5399,5399,5411,5393
10.1566,3.23E+08,5400,5400,5411,5393
11.8806,3.23E+08,5400,5400,5411,5393
12.1279,3.23E+08,5400,5400,5411,5393
12.0479,3.23E+08,5400,5400,5411,5394
10.9878,3.23E+08,5400,5400,5411,5394
9.21041,3.23E+08,5400,5400,5412,5394
10.2678,3.23E+08,5400,5400,5412,5394
10.6999,3.23E+08,5401,5400,5412,5395
9.10315,3.23E+08,5401,5401,5412,5395
10.9924,3.23E+08,5401,5401,5413,5395
11.7203,3.23E+08,5401,5401,5413,5395
11.1097,3.23E+08,5401,5401,5413,5395
12.1033,3.23E+08,5402,5402,5413,5395
9.87373,3.23E+08,5402,5402,5414,5395
10.1052,3.23E+08,5402,5402,5414,5395
10.4858,3.23E+08,5402,5402,5414,5395
10.884,3.23E+08,5402,5402,5415,5395
12.0599,3.23E+08,5403,5403,5415,5395
11.8792,3.23E+08,5403,5403,5415,5395
12.3949,3.23E+08,5403,5403,5415,5396
13.2192,3.23E+08,5403,5403,5415,5396
11.1555,3.23E+08,5403,5403,5415,5396
11.1104,3.23E+08,5403,5403,5415,5396
11.1112,3.23E+08,5404,5404,5415,5396
10.6425,3.23E+08,5404,5404,5415,5396
10.6607,3.23E+08,5404,5404,5415,5397
11.6017,3.23E+08,5405,5404,5416,5397
11.7249,3.23E+08,5405,5405,5416,5398
11.6571,3.23E+08,5405,5405,5416,5398
11.2786,3.23E+08,5405,5405,5416,5398
12.3946,3.23E+08,5405,5405,5416,5399
12.1036,3.23E+08,5405,5405,5416,5399
11.8928,3.23E+08,5405,5405,5416,5399
10.5868,3.23E+08,5405,5405,5417,5399
10.2838,3.23E+08,5405,5405,5417,5399
9.81655,3.23E+08,5406,5406,5417,5399
13.7774,3.23E+08,5406,5406,5417,5399
13.9021,3.23E+08,5406,5406,5417,5399
10.9774,3.23E+08,5406,5406,5418,5399
12.2397,3.23E+08,5406,5406,5418,5400
10.4754,3.23E+08,5406,5406,5418,5400
10.9994,3.23E+08,5407,5407,5418,5400
10.9321,3.23E+08,5407,5407,5418,5401
11.6132,3.23E+08,5407,5407,5418,5401
11.6136,3.23E+08,5408,5408,5419,5401
11.4898,3.23E+08,5408,5408,5419,5401
10.0499,3.23E+08,5408,5408,5419,5401
10.542,3.23E+08,5409,5409,5419,5402
10.106,3.23E+08,5409,5409,5420,5402
10.765,3.23E+08,5409,5409,5420,5403
12.9828,3.23E+08,5409,5409,5420,5403
13.0225,3.23E+08,5409,5409,5420,5403
11.3228,3.23E+08,5410,5410,5420,5403
11.3782,3.23E+08,5410,5410,5420,5403
10.598,3.23E+08,5410,5410,5420,5403
10.7304,3.23E+08,5410,5410,5421,5403
10.3191,3.23E+08,5410,5410,5421,5403
12.0912,3.23E+08,5410,5410,5421,5403
10.6751,3.23E+08,5411,5411,5421,5403
11.8248,3.23E+08,5411,5411,5422,5403
11.3782,3.23E+08,5411,5411,5422,5403
11.9483,3.23E+08,5411,5411,5422,5404
11.5019,3.23E+08,5411,5411,5422,5404
11.0428,3.23E+08,5412,5412,5422,5404
8.98682,3.23E+08,5412,5412,5423,5404
9.03013,3.23E+08,5412,5412,5423,5404
13.0095,3.23E+08,5412,5412,5423,5404
11.8248,3.23E+08,5412,5412,5423,5404
11.5016,3.23E+08,5413,5413,5423,5404
12.6741,3.23E+08,5413,5413,5423,5404
12.271,3.23E+08,5413,5413,5423,5404
12.0479,3.23E+08,5413,5413,5423,5405
10.9433,3.23E+08,5413,5413,5423,5405
11.5898,3.23E+08,5413,5413,5423,5405
12.9107,3.23E+08,5413,5413,5423,5405
12.7172,3.23E+08,5413,5413,5424,5405
12.3264,3.23E+08,5413,5413,5424,5405
13.1077,3.23E+08,5414,5414,5424,5405
11.7253,3.23E+08,5414,5414,5424,5406
10.8874,3.23E+08,5414,5414,5424,5406
11.0439,3.23E+08,5414,5414,5424,5406
10.8766,3.23E+08,5414,5414,5425,5406
11.9483,3.23E+08,5415,5415,5425,5406
12.0479,3.23E+08,5415,5415,5425,5406
10.7092,3.23E+08,5415,5415,5425,5406
11.6575,3.23E+08,5415,5415,5425,5407
10.9433,3.23E+08,5415,5415,5425,5407
10.6083,3.23E+08,5415,5415,5425,5407
10.3185,3.23E+08,5415,5415,5425,5407
11.1,3.23E+08,5415,5415,5425,5407
11.5131,3.23E+08,5415,5415,5425,5407
11.9921,3.23E+08,5415,5415,5426,5407
12.7172,3.23E+08,5415,5415,5426,5408
12.1034,3.23E+08,5415,5415,5426,5408
11.7811,3.23E+08,5416,5416,5426,5408
12.2274,3.23E+08,5416,5416,5426,5408
11.9244,3.23E+08,5416,5416,5426,5408
10.6748,3.23E+08,5416,5416,5426,5408
10.2073,3.23E+08,5416,5416,5427,5409
10.1515,3.23E+08,5416,5416,5427,5409
11.7249,3.23E+08,5416,5416,5427,5409
10.0957,3.23E+08,5416,5416,5427,5409
10.6535,3.23E+08,5416,5416,5427,5409
11.769,3.23E+08,5416,5416,5428,5410
12.2274,3.23E+08,5417,5417,5428,5410
11.6691,3.23E+08,5417,5417,5428,5410
10.4304,3.23E+08,5417,5417,5428,5410
12.2274,3.23E+08,5417,5417,5428,5410
12.9831,3.23E+08,5417,5417,5428,5410
11.4458,3.23E+08,5417,5417,5429,5410
11.3782,3.23E+08,5417,5417,5429,5411
10.6192,3.23E+08,5417,5417,5429,5411
12.7603,3.23E+08,5417,5417,5429,5411
11.5574,3.23E+08,5417,5417,5429,5411
11.9483,3.23E+08,5417,5417,5429,5412
12.5499,3.23E+08,5418,5418,5430,5412
12.0041,3.23E+08,5418,5418,5430,5412
12.7172,3.23E+08,5418,5418,5430,5412
11.1108,3.23E+08,5418,5418,5430,5412
11.2558,3.23E+08,5418,5418,5430,5412
9.49162,3.23E+08,5418,5418,5431,5413
12.2275,3.23E+08,5419,5419,5431,5413
11.0329,3.23E+08,5419,5419,5431,5413
12.6305,3.23E+08,5419,5419,5431,5413
12.2714,3.23E+08,5419,5419,5431,5413
10.8313,3.23E+08,5420,5420,5431,5413
10.8211,3.23E+08,5420,5420,5431,5413
9.76101,3.23E+08,5420,5420,5432,5414
11.2222,3.23E+08,5420,5420,5432,5414
9.42635,3.23E+08,5420,5420,5432,5414
9.60357,3.23E+08,5421,5421,5432,5414
9.19462,3.23E+08,5421,5421,5432,5414
7.93398,3.23E+08,5421,5421,5433,5414
10.8097,3.23E+08,5421,5421,5433,5415
12.1283,3.23E+08,5421,5421,5433,5415
13.4981,3.23E+08,5421,5421,5433,5415
10.7687,3.23E+08,5421,5421,5433,5415
9.09776,3.23E+08,5421,5421,5433,5415
10.315,3.23E+08,5421,5421,5433,5416
12.0041,3.23E+08,5421,5421,5433,5416
12.0049,3.23E+08,5421,5421,5434,5416
7.58606,3.23E+08,5421,5421,5434,5416
6.30203,3.23E+08,5421,5421,5434,5416
8.70024,3.23E+08,5422,5422,5434,5416
8.77106,3.23E+08,5422,5422,5434,5416
8.47072,3.23E+08,5422,5422,5434,5416
9.94039,3.23E+08,5422,5422,5434,5416
10.4952,3.23E+08,5422,5422,5434,5416
10.8765,3.23E+08,5422,5422,5435,5417
10.6083,3.23E+08,5422,5422,5435,5417
11.9364,3.23E+08,5422,5422,5435,5417
12.4941,3.23E+08,5422,5422,5435,5417
11.6691,3.23E+08,5423,5423,5435,5417
12.6183,3.23E+08,5423,5423,5436,5417
10.0856,3.23E+08,5423,5423,5436,5417
9.60329,3.23E+08,5423,5423,5436,5417
8.70125,3.23E+08,5423,5423,5436,5417
11.8925,3.23E+08,5423,5423,5436,5418
11.39,3.23E+08,5423,5423,5436,5418
11.5897,3.23E+08,5424,5424,5436,5418
10.4411,3.23E+08,5424,5424,5437,5418
12.1705,3.23E+08,5424,5424,5437,5418
11.4901,3.23E+08,5425,5425,5437,5418
12.1716,3.23E+08,5425,5425,5437,5419
11.0439,3.23E+08,5425,5425,5437,5419
12.1037,3.23E+08,5425,5425,5437,5419
11.4458,3.23E+08,5425,5425,5437,5419
11.1666,3.23E+08,5425,5425,5437,5419
11.769,3.23E+08,5426,5426,5438,5419
9.88246,3.23E+08,5426,5426,5438,5420
12.1595,3.23E+08,5426,5426,5438,5420
10.6511,3.23E+08,5426,5426,5438,5420
9.65914,3.23E+08,5426,5426,5438,5420
11.813,3.23E+08,5427,5427,5438,5420
11.7922,3.23E+08,5427,5427,5439,5420
10.4784,3.23E+08,5427,5427,5439,5420
10.8367,3.23E+08,5427,5427,5439,5421
11.2112,3.23E+08,5428,5428,5439,5421
12.1037,3.23E+08,5428,5428,5439,5422
11.2109,3.23E+08,5428,5428,5439,5422
10.0044,3.23E+08,5428,5428,5439,5422
9.42639,3.23E+08,5428,5428,5439,5422
12.0575,3.23E+08,5428,5428,5440,5422
11.8808,3.23E+08,5428,5428,5440,5422
10.5977,3.23E+08,5429,5429,5440,5422
10.9433,3.23E+08,5429,5429,5440,5422
9.64996,3.23E+08,5429,5429,5440,5422
10.4327,3.23E+08,5429,5429,5440,5423
11.3817,3.23E+08,5429,5429,5441,5423
13.3308,3.23E+08,5429,5429,5441,5423
12.1158,3.23E+08,5429,5429,5441,5423
12.0041,3.23E+08,5430,5430,5441,5423
11.4901,3.23E+08,5430,5430,5441,5423
11.3341,3.23E+08,5430,5430,5442,5424
11.6017,3.23E+08,5430,5430,5442,5424
11.3228,3.23E+08,5430,5430,5442,5424
8.54246,3.23E+08,5430,5430,5442,5424
10.4304,3.23E+08,5430,5430,5442,5425
12.2833,3.23E+08,5431,5431,5442,5425
11.5574,3.23E+08,5431,5431,5443,5425
11.7573,3.23E+08,5431,5431,5443,5425
10.9433,3.23E+08,5431,5431,5444,5426
7.97999,3.23E+08,5431,5431,5444,5426
9.53603,3.23E+08,5431,5431,5444,5426
10.8836,3.23E+08,5432,5432,5444,5426
10.4881,3.23E+08,5432,5432,5444,5426
10.8807,3.23E+08,5432,5432,5444,5426
9.83654,3.23E+08,5432,5432,5444,5426
10.4203,3.23E+08,5433,5433,5444,5427
10.0403,3.23E+08,5433,5433,5444,5427
11.9566,3.23E+08,5433,5433,5445,5427
12.104,3.23E+08,5433,5433,5445,5427
10.7011,3.23E+08,5433,5433,5445,5427
9.21346,3.23E+08,5434,5434,5445,5428
9.09904,3.23E+08,5434,5434,5445,5428
8.25732,3.23E+08,5434,5434,5445,5428
8.48507,3.23E+08,5434,5434,5445,5429
8.70809,3.23E+08,5434,5434,5445,5429
11.0409,3.23E+08,5434,5434,5445,5429
11.1568,3.23E+08,5434,5434,5445,5429
10.8277,3.23E+08,5434,5434,5446,5429
9.98398,3.23E+08,5435,5435,5446,5429
11.6249,3.23E+08,5435,5435,5446,5429
11.267,3.23E+08,5435,5435,5446,5430
11.8921,3.23E+08,5435,5435,5446,5431
9.64636,3.23E+08,5436,5436,5446,5431
13.2883,3.23E+08,5436,5436,5447,5431
10.9771,3.23E+08,5436,5436,5447,5431
10.9542,3.23E+08,5436,5436,5447,5431
10.7016,3.23E+08,5436,5436,5447,5431
11.1555,3.23E+08,5436,5436,5448,5431
8.8849,3.23E+08,5436,5436,5448,5432
10.373,3.23E+08,5436,5436,5448,5432
11.4981,3.23E+08,5437,5437,5448,5432
12.3237,3.23E+08,5437,5437,5448,5432
11.8925,3.23E+08,5437,5437,5448,5433
9.8241,3.23E+08,5437,5437,5449,5433
12.1037,3.23E+08,5437,5437,5449,5433
10.3746,3.23E+08,5438,5438,5449,5433
9.93626,3.23E+08,5438,5438,5449,5434
9.54671,3.23E+08,5438,5438,5449,5434
11.0894,3.23E+08,5438,5438,5449,5434
11.737,3.23E+08,5438,5438,5450,5434
9.92151,3.23E+08,5438,5438,5450,5434
10.8797,3.23E+08,5438,5438,5450,5434
10.8769,3.23E+08,5439,5439,5450,5434
11.3455,3.23E+08,5439,5439,5450,5435
9.42328,3.23E+08,5439,5439,5450,5435
10.6545,3.23E+08,5439,5439,5451,5435
10.3197,3.23E+08,5439,5439,5451,5435
10.3942,3.23E+08,5440,5439,5451,5435
10.5328,3.23E+08,5440,5440,5451,5435
10.6051,3.23E+08,5441,5441,5451,5435
8.48472,3.23E+08,5441,5441,5451,5435
6.13613,3.23E+08,5441,5441,5451,5435
11.1613,3.23E+08,5441,5441,5451,5436
10.2668,3.23E+08,5441,5441,5452,5436
8.0879,3.23E+08,5441,5441,5452,5436
8.65588,3.23E+08,5441,5441,5452,5436
8.6541,3.23E+08,5441,5441,5452,5436
12.2592,3.23E+08,5441,5441,5452,5437
9.22168,3.23E+08,5442,5442,5452,5437
10.5341,3.23E+08,5442,5442,5452,5437
8.3124,3.23E+08,5442,5442,5452,5437
8.26018,3.23E+08,5442,5442,5452,5437
8.48401,3.23E+08,5442,5442,5453,5437
9.37971,3.23E+08,5442,5442,5453,5437
9.25926,3.23E+08,5442,5442,5453,5437
8.87746,3.23E+08,5442,5442,5453,5437
10.9321,3.23E+08,5443,5443,5453,5438
12.1161,3.23E+08,5443,5443,5453,5438
11.2109,3.23E+08,5443,5443,5454,5438
11.2228,3.23E+08,5443,5443,5454,5438
11.4901,3.23E+08,5443,5443,5454,5438
13.5404,3.23E+08,5444,5444,5454,5439
10.3951,3.23E+08,5444,5444,5454,5439
10.6431,3.23E+08,5444,5444,5454,5439
8.88584,3.23E+08,5444,5444,5455,5439
10.7012,3.23E+08,5444,5444,5455,5439
11.6633,3.23E+08,5445,5445,5455,5440
10.6641,3.23E+08,5445,5445,5455,5440
11.6691,3.23E+08,5445,5445,5455,5440
10.2072,3.23E+08,5445,5445,5455,5440
10.2663,3.23E+08,5445,5445,5456,5440
10.9433,3.23E+08,5445,5445,5456,5440
12.1037,3.23E+08,5445,5445,5456,5440
11.1555,3.23E+08,5445,5445,5456,5441
10.765,3.23E+08,5446,5446,5456,5441
11.496,3.23E+08,5446,5446,5456,5441
8.98915,3.23E+08,5446,5446,5457,5441
8.98849,3.23E+08,5447,5447,5457,5441
11.1555,3.23E+08,5447,5447,5457,5441
9.59337,3.23E+08,5447,5447,5457,5441
11.1558,3.23E+08,5447,5447,5457,5441
9.94655,3.23E+08,5448,5448,5457,5442
11.5337,3.23E+08,5448,5448,5458,5442
10.4512,3.23E+08,5448,5448,5458,5442
12.6614,3.23E+08,5448,5448,5458,5442
11.267,3.23E+08,5448,5448,5458,5442
10.3288,3.23E+08,5448,5448,5458,5442
12.3272,3.23E+08,5448,5448,5459,5443
11.2225,3.23E+08,5449,5449,5459,5443
12.773,3.23E+08,5449,5449,5459,5443
10.5524,3.23E+08,5449,5449,5459,5443
11.4226,3.23E+08,5449,5449,5460,5443
10.731,3.23E+08,5449,5449,5460,5444
10.6986,3.23E+08,5450,5450,5460,5444
11.9364,3.23E+08,5450,5450,5460,5444
11.8481,3.23E+08,5450,5450,5460,5444
10.7096,3.23E+08,5450,5450,5461,5444
10.8766,3.23E+08,5450,5450,5461,5444
9.99035,3.23E+08,5451,5451,5461,5445
12.4941,3.23E+08,5451,5451,5461,5445
12.2833,3.23E+08,5451,5451,5461,5445
9.81681,3.23E+08,5451,5451,5462,5445
12.5495,3.23E+08,5451,5451,5462,5445
11.737,3.23E+08,5452,5452,5462,5445
11.813,3.23E+08,5452,5452,5463,5446
11.6691,3.23E+08,5452,5452,5463,5446
11.1666,3.23E+08,5452,5452,5463,5446
11.0994,3.23E+08,5452,5452,5463,5446
12.6741,3.23E+08,5452,5453,5464,5446
10.9885,3.23E+08,5453,5453,5464,5446
10.2175,3.23E+08,5453,5453,5464,5446
11.6574,3.23E+08,5453,5453,5464,5446
12.0479,3.23E+08,5453,5453,5464,5446
10.4304,3.23E+08,5453,5453,5465,5446
11.8924,3.23E+08,5453,5453,5465,5446
10.9433,3.23E+08,5453,5453,5465,5446
10.4861,3.23E+08,5453,5453,5465,5447
11.7249,3.23E+08,5453,5453,5465,5447
12.6614,3.23E+08,5454,5454,5465,5447
10.6535,3.23E+08,5454,5454,5465,5447
9.32413,3.23E+08,5454,5454,5466,5447
10.706,3.23E+08,5454,5454,5466,5447
10.8208,3.23E+08,5454,5454,5466,5448
9.3247,3.23E+08,5454,5454,5466,5448
9.32247,3.23E+08,5454,5454,5466,5448
9.14514,3.23E+08,5454,5454,5466,5448
10.7758,3.23E+08,5455,5455,5467,5448
12.3268,3.23E+08,5455,5455,5467,5449
12.8288,3.23E+08,5455,5455,5467,5449
12.3268,3.23E+08,5455,5455,5467,5449
12.3391,3.23E+08,5455,5455,5467,5449
10.4408,3.23E+08,5455,5455,5467,5449
11.6133,3.23E+08,5455,5455,5467,5449
10.6425,3.23E+08,5455,5455,5468,5450
11.234,3.23E+08,5456,5456,5468,5450
10.9881,3.23E+08,5456,5456,5468,5450
11.3672,3.23E+08,5456,5456,5468,5450
10.4512,3.23E+08,5456,5456,5468,5451
9.64947,3.23E+08,5456,5456,5468,5451
11.487,3.23E+08,5456,5456,5468,5451
12.5069,3.23E+08,5456,5456,5468,5451
11.3341,3.23E+08,5456,5456,5468,5451
12.6488,3.23E+08,5457,5457,5469,5451
12.2833,3.23E+08,5457,5457,5469,5451
10.3746,3.23E+08,5457,5457,5469,5452
11.2783,3.23E+08,5457,5457,5470,5452
10.656,3.23E+08,5457,5457,5470,5452
11.8775,3.23E+08,5457,5457,5470,5452
10.834,3.23E+08,5457,5457,5470,5452
10.6535,3.23E+08,5457,5457,5470,5453
9.82662,3.23E+08,5457,5457,5470,5454
13.2883,3.23E+08,5457,5457,5470,5454
11.6572,3.23E+08,5457,5457,5470,5454
13.0652,3.23E+08,5458,5458,5471,5454
12.3826,3.23E+08,5458,5458,5471,5455
10.1055,3.23E+08,5458,5458,5471,5455
11.4232,3.23E+08,5459,5459,5471,5455
12.3391,3.23E+08,5459,5459,5471,5455
13.1077,3.23E+08,5459,5459,5471,5456
12.1158,3.23E+08,5459,5459,5471,5456
12.6741,3.23E+08,5459,5459,5472,5456
12.3826,3.23E+08,5460,5460,5472,5456
12.4508,3.23E+08,5460,5460,5472,5456
12.2152,3.23E+08,5460,5460,5472,5456
13.9443,3.23E+08,5460,5460,5472,5456
12.4508,3.23E+08,5460,5460,5472,5456
12.1595,3.23E+08,5460,5460,5472,5456
10.8762,3.23E+08,5460,5460,5472,5457
11.167,3.23E+08,5461,5461,5472,5457
11.3115,3.23E+08,5461,5461,5472,5457
12.3949,3.23E+08,5461,5461,5473,5457
11.1666,3.23E+08,5461,5461,5473,5457
12.897,3.23E+08,5461,5461,5473,5457
9.92866,3.23E+08,5461,5461,5473,5458
12.2275,3.23E+08,5462,5461,5473,5458
11.5901,3.23E+08,5462,5462,5473,5458
10.6748,3.23E+08,5462,5462,5473,5458
13.2618,3.23E+08,5462,5462,5474,5459
10.7865,3.23E+08,5462,5462,5474,5459
12.8288,3.23E+08,5462,5463,5474,5459
10.5977,3.23E+08,5463,5463,5474,5459
11.8925,3.23E+08,5463,5463,5474,5459
10.3085,3.23E+08,5463,5463,5474,5459
12.1838,3.23E+08,5463,5463,5474,5459
11.4227,3.23E+08,5463,5463,5474,5459
12.5627,3.23E+08,5463,5463,5475,5459
12.0041,3.23E+08,5463,5463,5475,5460
9.97418,3.23E+08,5463,5463,5475,5460
12.072,3.23E+08,5463,5463,5475,5460
12.6057,3.23E+08,5463,5463,5475,5460
12.6614,3.23E+08,5463,5463,5476,5460
11.6691,3.23E+08,5463,5463,5477,5461
12.5066,3.23E+08,5464,5464,5477,5461
10.9881,3.23E+08,5464,5464,5477,5461
12.3268,3.23E+08,5464,5464,5477,5461
11.7808,3.23E+08,5464,5464,5477,5461
12.203,3.23E+08,5464,5464,5477,5461
9.38935,3.23E+08,5464,5464,5477,5461
9.87258,3.23E+08,5464,5464,5478,5461
11.4898,3.23E+08,5464,5464,5478,5462
10.9326,3.23E+08,5464,5464,5478,5462
11.8366,3.23E+08,5465,5465,5478,5462
13.0091,3.23E+08,5465,5465,5478,5462
10.4861,3.23E+08,5465,5465,5478,5462
11.6133,3.23E+08,5465,5465,5478,5462
10.3746,3.23E+08,5465,5465,5479,5462
11.3786,3.23E+08,5465,5466,5480,5462
12.6183,3.23E+08,5466,5466,5480,5462
11.3228,3.23E+08,5466,5466,5480,5462
12.6183,3.23E+08,5466,5466,5480,5463
11.4343,3.23E+08,5466,5466,5480,5463
11.4455,3.23E+08,5466,5466,5480,5463
10.0402,3.23E+08,5466,5466,5480,5464
11.2783,3.23E+08,5467,5467,5480,5465
10.6986,3.23E+08,5467,5467,5480,5465
10.9433,3.23E+08,5467,5467,5481,5465
11.8366,3.23E+08,5467,5467,5481,5465
10.4861,3.23E+08,5467,5467,5481,5466
12.5066,3.23E+08,5467,5467,5481,5466
11.2112,3.23E+08,5467,5467,5481,5466
11.5574,3.23E+08,5468,5468,5482,5466
10.3746,3.23E+08,5468,5468,5482,5466
11.7015,3.23E+08,5468,5468,5482,5466
12.1158,3.23E+08,5468,5468,5482,5466
10.608,3.23E+08,5468,5468,5482,5467
8.98041,3.23E+08,5469,5469,5482,5467
9.77079,3.23E+08,5469,5469,5482,5467
10.8313,3.23E+08,5469,5469,5482,5467
9.14774,3.23E+08,5469,5469,5482,5467
8.53393,3.23E+08,5469,5469,5482,5468
9.49162,3.23E+08,5470,5470,5483,5468
9.75129,3.23E+08,5470,5470,5483,5468
11.0549,3.23E+08,5470,5470,5483,5468
9.59583,3.23E+08,5470,5470,5483,5469
10.8795,3.23E+08,5470,5470,5483,5469
11.5694,3.23E+08,5471,5471,5483,5469
12.7169,3.23E+08,5471,5471,5483,5470
11.3788,3.23E+08,5471,5471,5483,5470
12.0479,3.23E+08,5471,5471,5483,5470
10.2069,3.23E+08,5471,5471,5484,5470
12.072,3.23E+08,5471,5471,5484,5470
12.9407,3.23E+08,5471,5471,5484,5470
10.7092,3.23E+08,5472,5472,5485,5470
10.5977,3.23E+08,5472,5472,5485,5471
13.7212,3.23E+08,5472,5472,5485,5471
13.3437,3.23E+08,5472,5472,5485,5471
10.4969,3.23E+08,5472,5472,5486,5471
12.2833,3.23E+08,5472,5472,5486,5471
10.3642,3.23E+08,5472,5472,5486,5472
11.9602,3.23E+08,5472,5472,5486,5472
12.9961,3.23E+08,5472,5472,5487,5472
11.8806,3.23E+08,5473,5473,5487,5472
12.8416,3.23E+08,5473,5473,5487,5472
11.3228,3.23E+08,5473,5473,5488,5472
10.263,3.23E+08,5473,5473,5488,5473
11.8806,3.23E+08,5473,5473,5488,5473
11.9602,3.23E+08,5474,5474,5488,5473
11.8687,3.23E+08,5474,5474,5488,5473
10.2072,3.23E+08,5474,5474,5489,5474
11.0546,3.23E+08,5474,5474,5489,5474
7.19674,3.23E+08,5474,5474,5489,5474
9.64947,3.23E+08,5474,5474,5489,5474
11.1663,3.23E+08,5474,5474,5489,5474
12.0045,3.23E+08,5475,5475,5489,5474
10.765,3.23E+08,5475,5475,5489,5474
10.5955,3.23E+08,5475,5475,5490,5474
10.8357,3.23E+08,5475,5475,5490,5474
12.3264,3.23E+08,5476,5476,5490,5475
12.494,3.23E+08,5476,5476,5490,5475
11.9607,3.23E+08,5476,5476,5491,5475
10.9881,3.23E+08,5477,5477,5491,5476
11.2113,3.23E+08,5477,5477,5492,5476
11.6133,3.23E+08,5477,5477,5492,5476
10.4301,3.23E+08,5477,5477,5492,5476
11.7249,3.23E+08,5477,5477,5492,5476
10.095,3.23E+08,5477,5477,5492,5476
11.9479,3.23E+08,5478,5478,5492,5476
12.3271,3.23E+08,5478,5478,5492,5476
11.3341,3.23E+08,5478,5478,5492,5477
9.92804,3.23E+08,5478,5478,5492,5477
10.7161,3.23E+08,5479,5479,5492,5477
10.5419,3.23E+08,5479,5479,5492,5477
11.0997,3.23E+08,5480,5480,5492,5477
10.8356,3.23E+08,5480,5480,5492,5478
11.4343,3.23E+08,5480,5480,5492,5478
12.1716,3.23E+08,5480,5480,5493,5478
9.81297,3.23E+08,5481,5481,5493,5478
8.59211,3.23E+08,5481,5481,5493,5478
8.03973,3.23E+08,5481,5481,5493,5478
9.8266,3.23E+08,5481,5481,5493,5478
11.1558,3.23E+08,5481,5481,5493,5479
10.7647,3.23E+08,5482,5482,5493,5479
10.1538,3.23E+08,5482,5482,5493,5479
9.88003,3.23E+08,5482,5482,5493,5479
11.3338,3.23E+08,5483,5483,5493,5480
8.64238,3.23E+08,5483,5483,5494,5480
10.3772,3.23E+08,5483,5483,5494,5480
9.93289,3.23E+08,5483,5483,5494,5480
10.2072,3.23E+08,5483,5483,5494,5480
11.8366,3.23E+08,5483,5483,5495,5480
13.3995,3.23E+08,5484,5484,5495,5480
9.09063,3.23E+08,5484,5484,5495,5480
8.48071,3.23E+08,5484,5484,5495,5480
7.47592,3.23E+08,5484,5484,5495,5481
10.1061,3.23E+08,5484,5484,5495,5481
12.1058,3.23E+08,5484,5484,5496,5481
11.2224,3.23E+08,5484,5484,5496,5481
10.7041,3.23E+08,5485,5485,5496,5482
11.7808,3.23E+08,5485,5485,5496,5482
12.1158,3.23E+08,5485,5485,5496,5482
11.2112,3.23E+08,5485,5485,5496,5482
13.6791,3.23E+08,5485,5485,5496,5482
10.6425,3.23E+08,5485,5485,5496,5482
10.2185,3.23E+08,5485,5485,5496,5482
10.8208,3.23E+08,5485,5485,5496,5482
9.98414,3.23E+08,5485,5485,5497,5483
10.7257,3.23E+08,5486,5486,5497,5484
11.1622,3.23E+08,5486,5486,5497,5484
7.13815,3.23E+08,5486,5486,5497,5484
8.20582,3.23E+08,5486,5486,5497,5484
9.54207,3.23E+08,5486,5486,5498,5484
11.7132,3.23E+08,5487,5487,5498,5484
9.59299,3.23E+08,5487,5487,5498,5484
11.2791,3.23E+08,5487,5487,5498,5485
9.14844,3.23E+08,5487,5487,5498,5485
9.48242,3.23E+08,5487,5487,5498,5485
7.98695,3.23E+08,5488,5488,5498,5485
9.7088,3.23E+08,5488,5488,5498,5486
8.0367,3.23E+08,5488,5488,5499,5486
11.6577,3.23E+08,5488,5488,5499,5486
8.4779,3.23E+08,5488,5488,5499,5486
10.7791,3.23E+08,5488,5488,5500,5486
8.92657,3.23E+08,5488,5488,5501,5486
10.0953,3.23E+08,5489,5489,5501,5486
12.1599,3.23E+08,5489,5489,5501,5486
10.8874,3.23E+08,5489,5489,5502,5486
13.1073,3.23E+08,5489,5489,5502,5487
12.4073,3.23E+08,5489,5489,5502,5487
11.6575,3.23E+08,5490,5490,5502,5487
9.9844,3.23E+08,5490,5490,5502,5487
10.72,3.23E+08,5490,5490,5503,5488
11.5459,3.23E+08,5490,5490,5503,5488
13.1208,3.23E+08,5491,5491,5503,5488
8.4777,3.23E+08,5491,5491,5503,5488
10.2122,3.23E+08,5492,5492,5503,5488
11.7686,3.23E+08,5492,5492,5504,5489
10.5995,3.23E+08,5492,5492,5504,5489
11.2221,3.23E+08,5492,5492,5504,5489
9.31988,3.23E+08,5493,5493,5504,5489
9.76471,3.23E+08,5493,5493,5504,5489
10.1044,3.23E+08,5493,5493,5504,5489
9.36518,3.23E+08,5493,5493,5504,5489
9.71329,3.23E+08,5493,5493,5504,5489
11.5574,3.23E+08,5493,5493,5504,5489
12.7172,3.23E+08,5494,5494,5504,5489
8.98456,3.23E+08,5494,5494,5505,5489
9.98143,3.23E+08,5494,5494,5505,5489
10.8792,3.23E+08,5494,5494,5505,5490
10.832,3.23E+08,5494,5494,5505,5490
10.8802,3.23E+08,5495,5495,5505,5490
10.4352,3.23E+08,5495,5495,5505,5490
10.0499,3.23E+08,5495,5495,5505,5490
11.602,3.23E+08,5495,5495,5505,5491
10.9359,3.23E+08,5495,5495,5505,5491
9.82661,3.23E+08,5495,5495,5506,5491
9.03341,3.23E+08,5496,5496,5506,5491
11.947,3.23E+08,5496,5496,5506,5491
11.4343,3.23E+08,5497,5497,5506,5492
11.055,3.23E+08,5497,5497,5506,5492
11.3211,3.23E+08,5497,5497,5507,5492
11.7249,3.23E+08,5498,5498,5507,5492
11.5344,3.23E+08,5498,5498,5507,5492
11.4458,3.23E+08,5498,5498,5507,5492
11.3341,3.23E+08,5498,5498,5508,5492
12.4969,3.23E+08,5498,5498,5508,5493
11.8806,3.23E+08,5499,5499,5509,5493
11.3228,3.23E+08,5499,5499,5509,5493
12.6183,3.23E+08,5499,5499,5509,5493
10.4871,3.23E+08,5499,5499,5509,5494
11.7246,3.23E+08,5499,5499,5510,5494
14.1679,3.23E+08,5499,5499,5510,5494
11.8248,3.23E+08,5500,5499,5510,5494
11.6691,3.23E+08,5500,5500,5510,5494
12.6183,3.23E+08,5500,5500,5510,5494
9.37995,3.23E+08,5500,5500,5511,5495
10.2569,3.23E+08,5501,5501,5511,5495
9.7078,3.23E+08,5501,5501,5511,5495
11.1551,3.23E+08,5501,5501,5511,5496
11.0589,3.23E+08,5501,5501,5511,5496
10.263,3.23E+08,5501,5501,5512,5496
11.0472,3.23E+08,5501,5501,5512,5496
10.6639,3.23E+08,5501,5501,5513,5496
10.9935,3.23E+08,5502,5502,5513,5496
11.3228,3.23E+08,5502,5502,5514,5497
10.7726,3.23E+08,5502,5502,5514,5497
10.4956,3.23E+08,5502,5502,5514,5497
11.1043,3.23E+08,5502,5502,5514,5497
12.5066,3.23E+08,5502,5502,5515,5497
11.7132,3.23E+08,5503,5503,5515,5497
10.4858,3.23E+08,5503,5503,5516,5497
11.4459,3.23E+08,5503,5503,5516,5497
12.5502,3.23E+08,5504,5504,5516,5497
12.9957,3.23E+08,5504,5504,5517,5497
11.9487,3.23E+08,5504,5504,5517,5498
11.1555,3.23E+08,5504,5504,5517,5498
11.3337,3.23E+08,5504,5504,5517,5498
12.1534,3.23E+08,5504,5504,5517,5498
12.0599,3.23E+08,5504,5504,5518,5498
12.1034,3.23E+08,5504,5504,5518,5498
12.0478,3.23E+08,5505,5504,5518,5498
9.83681,3.23E+08,5505,5505,5518,5499
11.4226,3.23E+08,5505,5505,5518,5499
11.066,3.23E+08,5505,5505,5518,5499
11.6578,3.23E+08,5505,5505,5518,5499
12.0475,3.23E+08,5506,5506,5519,5500
10.6644,3.23E+08,5506,5506,5519,5500
9.6995,3.23E+08,5506,5506,5519,5500
11.434,3.23E+08,5506,5506,5519,5500
11.119,3.23E+08,5506,5506,5519,5500
10.478,3.23E+08,5506,5506,5519,5501
10.2807,3.23E+08,5506,5506,5519,5501
10.1494,3.23E+08,5507,5507,5520,5501
10.4945,3.23E+08,5507,5507,5520,5502
9.65267,3.23E+08,5507,5507,5520,5502
9.822,3.23E+08,5507,5507,5520,5502
10.8198,3.23E+08,5507,5507,5521,5502
12.2119,3.23E+08,5507,5507,5521,5502
10.6117,3.23E+08,5508,5508,5522,5502
11.9377,3.23E+08,5508,5508,5522,5503
9.87721,3.23E+08,5508,5508,5522,5503
10.3849,3.23E+08,5508,5508,5522,5503
12.1719,3.23E+08,5508,5508,5522,5503
11.3645,3.23E+08,5508,5508,5523,5504
12.4077,3.23E+08,5508,5508,5523,5504
11.2558,3.23E+08,5508,5508,5523,5504
12.1716,3.23E+08,5509,5509,5523,5504
11.5574,3.23E+08,5509,5509,5523,5504
9.08905,3.23E+08,5509,5509,5523,5504
10.8766,3.23E+08,5509,5509,5523,5504
10.6114,3.23E+08,5510,5510,5524,5505
11.3228,3.23E+08,5510,5510,5524,5505
10.3746,3.23E+08,5510,5510,5525,5505
11.1736,3.23E+08,5510,5510,5525,5505
11.0997,3.23E+08,5510,5510,5526,5505
11.725,3.23E+08,5510,5510,5526,5506
12.3826,3.23E+08,5510,5510,5526,5506
10.767,3.23E+08,5510,5510,5527,5506
8.37527,3.23E+08,5510,5510,5527,5506
9.75511,3.23E+08,5511,5511,5528,5506
10.8844,3.23E+08,5511,5511,5528,5506
11.5575,3.23E+08,5511,5511,5528,5507
13.0389,3.23E+08,5511,5511,5528,5507
11.4569,3.23E+08,5511,5511,5528,5507
10.4865,3.23E+08,5511,5511,5528,5508
10.7755,3.23E+08,5512,5512,5529,5508
12.1598,3.23E+08,5512,5512,5529,5508
10.5464,3.23E+08,5512,5512,5529,5508
9.20386,3.23E+08,5512,5512,5529,5508
12.3268,3.23E+08,5512,5512,5529,5508
11.9479,3.23E+08,5512,5512,5530,5508
11.6071,3.23E+08,5512,5512,5530,5508
10.3747,3.23E+08,5512,5512,5530,5509
9.43453,3.23E+08,5513,5513,5530,5509
10.5485,3.23E+08,5513,5513,5530,5509
10.0934,3.23E+08,5513,5513,5530,5509
9.60032,3.23E+08,5513,5513,5531,5509
12.1716,3.23E+08,5513,5513,5531,5509
12.3823,3.23E+08,5513,5514,5531,5509
10.4901,3.23E+08,5514,5514,5532,5509
8.14867,3.23E+08,5514,5514,5532,5509
11.217,3.23E+08,5514,5514,5532,5509
8.59307,3.23E+08,5514,5514,5533,5510
9.87228,3.23E+08,5515,5515,5533,5511
9.15816,3.23E+08,5515,5515,5534,5511
10.9829,3.23E+08,5515,5515,5534,5511
11.3849,3.23E+08,5516,5516,5534,5511
11.2786,3.23E+08,5516,5516,5534,5511
11.44,3.23E+08,5517,5517,5534,5511
10.3207,3.23E+08,5517,5517,5535,5511
9.9296,3.23E+08,5517,5517,5535,5512
9.7712,3.23E+08,5517,5517,5535,5512
11.0883,3.23E+08,5517,5517,5535,5513
11.175,3.23E+08,5517,5517,5535,5513
10.5993,3.23E+08,5517,5517,5535,5513
9.98384,3.23E+08,5517,5517,5535,5514
11.502,3.23E+08,5517,5517,5536,5514
10.7769,3.23E+08,5518,5518,5536,5514
11.2667,3.23E+08,5518,5518,5536,5514
11.3228,3.23E+08,5518,5518,5536,5514
10.7754,3.23E+08,5518,5518,5537,5515
11.3228,3.23E+08,5518,5518,5537,5515
12.2706,3.23E+08,5519,5519,5537,5515
11.9368,3.23E+08,5519,5519,5537,5515
10.9988,3.23E+08,5519,5519,5537,5516
11.3789,3.23E+08,5519,5519,5537,5516
13.1204,3.23E+08,5519,5519,5537,5516
10.6086,3.23E+08,5519,5519,5538,5516
10.8205,3.23E+08,5519,5519,5538,5516
12.2278,3.23E+08,5520,5520,5538,5517
12.1595,3.23E+08,5520,5520,5538,5517
11.3338,3.23E+08,5520,5520,5539,5517
10.598,3.23E+08,5520,5520,5539,5517
12.7855,3.23E+08,5520,5520,5540,5517
12.872,3.23E+08,5521,5521,5540,5518
11.9483,3.23E+08,5521,5521,5540,5518
11.1664,3.23E+08,5521,5521,5541,5518
12.5502,3.23E+08,5521,5521,5541,5518
12.8416,3.23E+08,5521,5521,5541,5518
11.1551,3.23E+08,5521,5521,5542,5518
13.0648,3.23E+08,5522,5522,5542,5519
12.5936,3.23E+08,5522,5522,5542,5519
12.8288,3.23E+08,5522,5522,5542,5519
11.7926,3.23E+08,5523,5523,5542,5519
13.1634,3.23E+08,5523,5523,5543,5519
12.8413,3.23E+08,5523,5523,5543,5519
12.0482,3.23E+08,5523,5523,5543,5519
12.2274,3.23E+08,5523,5523,5544,5520
11.6456,3.23E+08,5523,5523,5544,5520
12.5627,3.23E+08,5523,5523,5544,5520
13.0091,3.23E+08,5523,5523,5544,5520
13.3728,3.23E+08,5523,5523,5545,5520
12.0045,3.23E+08,5523,5523,5545,5521
11.6691,3.23E+08,5524,5523,5545,5521
11.9483,3.23E+08,5524,5524,5545,5521
12.0475,3.23E+08,5524,5524,5545,5521
10.4862,3.23E+08,5524,5524,5545,5522
9.10107,3.23E+08,5526,5526,5545,5522
11.8806,3.23E+08,5526,5526,5545,5522
12.1034,3.23E+08,5526,5526,5546,5522
10.1517,3.23E+08,5526,5526,5546,5522
10.8872,3.23E+08,5526,5526,5546,5522
11.9486,3.23E+08,5526,5526,5547,5522
10.8208,3.23E+08,5527,5527,5547,5522
11.9918,3.23E+08,5527,5527,5547,5523
11.1669,3.23E+08,5527,5527,5547,5523
11.0546,3.23E+08,5527,5527,5547,5523
11.602,3.23E+08,5527,5527,5547,5523
12.06,3.23E+08,5528,5528,5548,5524
12.4256,3.23E+08,5528,5528,5548,5524
12.6183,3.23E+08,5528,5528,5548,5524
12.4511,3.23E+08,5529,5529,5548,5525
11.6575,3.23E+08,5529,5529,5548,5525
11.0994,3.23E+08,5529,5529,5548,5525
12.2278,3.23E+08,5529,5529,5549,5525
10.385,3.23E+08,5530,5530,5549,5525
11.8803,3.23E+08,5530,5530,5549,5526
10.6537,3.23E+08,5530,5530,5549,5526
9.71495,3.23E+08,5530,5530,5549,5526
12.2584,3.23E+08,5530,5530,5549,5526
10.6086,3.23E+08,5530,5530,5549,5527
10.7758,3.23E+08,5530,5530,5549,5527
11.2225,3.23E+08,5530,5530,5549,5527
10.0957,3.23E+08,5530,5531,5549,5527
11.3228,3.23E+08,5531,5531,5550,5528
12.1037,3.23E+08,5531,5531,5551,5528
10.72,3.23E+08,5531,5531,5552,5528
10.1613,3.23E+08,5531,5531,5552,5528
10.9327,3.23E+08,5531,5531,5552,5528
11.8366,3.23E+08,5531,5531,5552,5528
11.6575,3.23E+08,5531,5531,5552,5528
11.0439,3.23E+08,5531,5531,5553,5529
10.6083,3.23E+08,5531,5531,5553,5529
12.5928,3.23E+08,5531,5531,5553,5529
11.8369,3.23E+08,5532,5532,5553,5530
11.39,3.23E+08,5532,5532,5553,5530
12.3949,3.23E+08,5532,5532,5554,5530
12.5931,3.23E+08,5532,5532,5554,5530
12.1595,3.23E+08,5533,5533,5554,5530
11.9479,3.23E+08,5533,5533,5554,5531
11.502,3.23E+08,5533,5533,5554,5531
10.72,3.23E+08,5533,5533,5554,5531
11.5901,3.23E+08,5533,5533,5554,5532
12.5624,3.23E+08,5533,5533,5554,5533
12.5066,3.23E+08,5533,5533,5554,5533
11.936,3.23E+08,5533,5533,5554,5533
10.4969,3.23E+08,5533,5533,5554,5533
11.769,3.23E+08,5534,5534,5555,5533
10.8313,3.23E+08,5534,5534,5555,5533
12.0482,3.23E+08,5534,5534,5555,5533
10.8875,3.23E+08,5534,5534,5555,5533
12.7602,3.23E+08,5534,5534,5555,5533
11.4344,3.23E+08,5534,5534,5555,5533
10.7199,3.23E+08,5534,5534,5555,5533
11.1108,3.23E+08,5534,5534,5555,5534
11.5459,3.23E+08,5535,5535,5555,5534
11.5459,3.23E+08,5535,5535,5556,5534
13.3441,3.23E+08,5535,5535,5556,5534
11.0997,3.23E+08,5535,5535,5556,5535
11.9483,3.23E+08,5536,5536,5556,5535
10.2072,3.23E+08,5536,5536,5556,5535
10.207,3.23E+08,5536,5536,5556,5535
11.6811,3.23E+08,5536,5536,5557,5536
11.8244,3.23E+08,5536,5536,5557,5536
12.1158,3.23E+08,5537,5537,5557,5536
9.48239,3.23E+08,5537,5537,5558,5536
10.9321,3.23E+08,5537,5537,5558,5536
11.7253,3.23E+08,5537,5537,5558,5536
12.4941,3.23E+08,5537,5537,5558,5537
12.1158,3.23E+08,5537,5537,5558,5537
11.8248,3.23E+08,5537,5537,5558,5537
10.6641,3.23E+08,5537,5537,5558,5537
11.4783,3.23E+08,5538,5538,5558,5537
11.5693,3.23E+08,5538,5538,5558,5537
11.8687,3.23E+08,5538,5538,5558,5537
12.1591,3.23E+08,5538,5538,5560,5538
11.2899,3.23E+08,5539,5539,5560,5538
9.64946,3.23E+08,5539,5539,5560,5538
12.2271,3.23E+08,5539,5539,5561,5538
11.1558,3.23E+08,5539,5539,5561,5538
9.57458,3.23E+08,5539,5539,5561,5538
9.79012,3.23E+08,5539,5539,5561,5538
10.0402,3.23E+08,5539,5539,5562,5539
10.4963,3.23E+08,5539,5539,5562,5540
10.9882,3.23E+08,5540,5540,5562,5540
10.1619,3.23E+08,5540,5540,5562,5540
10.8208,3.23E+08,5540,5540,5563,5540
11.3228,3.23E+08,5540,5540,5563,5540
11.5459,3.23E+08,5541,5541,5563,5540
11.8248,3.23E+08,5541,5541,5564,5541
11.1663,3.23E+08,5541,5541,5564,5541
10.1615,3.23E+08,5541,5541,5564,5541
11.4344,3.23E+08,5541,5541,5564,5541
10.7762,3.23E+08,5541,5541,5564,5541
11.6688,3.23E+08,5541,5541,5564,5542
12.4384,3.23E+08,5541,5541,5565,5542
12.8849,3.23E+08,5541,5541,5565,5542
11.8248,3.23E+08,5541,5541,5565,5542
11.3899,3.23E+08,5541,5541,5565,5542
11.5575,3.23E+08,5542,5542,5565,5543
9.87176,3.23E+08,5542,5542,5565,5543
10.3743,3.23E+08,5542,5542,5565,5543
8.58984,3.23E+08,5542,5542,5566,5543
10.1541,3.23E+08,5542,5542,5566,5543
11.7249,3.23E+08,5542,5542,5566,5543
10.5977,3.23E+08,5542,5542,5566,5544
12.7172,3.23E+08,5542,5542,5567,5544
12.3387,3.23E+08,5542,5542,5567,5544
11.7253,3.23E+08,5543,5543,5567,5544
12.0041,3.23E+08,5543,5543,5567,5544
11.1997,3.23E+08,5543,5543,5567,5544
11.2341,3.23E+08,5543,5543,5568,5545
11.8806,3.23E+08,5543,5543,5568,5545
12.0356,3.23E+08,5544,5544,5568,5545
11.0104,3.23E+08,5545,5545,5568,5545
10.7093,3.23E+08,5545,5545,5568,5545
9.21097,3.23E+08,5545,5545,5569,5545
8.92392,3.23E+08,5545,5545,5569,5546
11.7808,3.23E+08,5545,5545,5569,5546
10.9211,3.23E+08,5545,5545,5569,5546
10.8319,3.23E+08,5546,5546,5569,5546
11.1108,3.23E+08,5546,5546,5569,5547
12.8288,3.23E+08,5546,5546,5570,5547
10.6083,3.23E+08,5546,5546,5570,5547
10.0957,3.23E+08,5546,5546,5570,5547
13.2192,3.23E+08,5547,5547,5570,5548
9.65912,3.23E+08,5547,5547,5570,5548
10.4965,3.23E+08,5547,5547,5570,5548
11.4262,3.23E+08,5547,5547,5570,5548
12.06,3.23E+08,5547,5547,5571,5548
11.5016,3.23E+08,5548,5548,5571,5548
10.5977,3.23E+08,5548,5548,5571,5548
10.051,3.23E+08,5548,5548,5571,5548
10.0944,3.23E+08,5548,5548,5571,5549
10.8736,3.23E+08,5548,5548,5571,5549
10.3295,3.23E+08,5548,5549,5571,5549
11.6691,3.23E+08,5549,5549,5572,5549
10.6425,3.23E+08,5549,5549,5572,5549
10.1061,3.23E+08,5549,5549,5572,5549
10.2662,3.23E+08,5549,5549,5572,5550
9.37562,3.23E+08,5549,5549,5572,5550
8.26049,3.23E+08,5550,5550,5572,5550
7.81288,3.23E+08,5550,5550,5573,5550
9.4891,3.23E+08,5550,5550,5573,5550
9.97701,3.23E+08,5550,5550,5573,5550
10.1556,3.23E+08,5550,5550,5574,5550
10.2165,3.23E+08,5551,5551,5574,5551
9.70877,3.23E+08,5551,5551,5574,5551
11.9433,3.23E+08,5551,5551,5574,5551
11.2227,3.23E+08,5551,5551,5574,5551
10.5349,3.23E+08,5551,5551,5574,5551
11.0993,3.23E+08,5552,5552,5574,5552
11.2819,3.23E+08,5552,5552,5574,5552
12.271,3.23E+08,5552,5552,5574,5552
10.0399,3.23E+08,5552,5552,5575,5552
10.0499,3.23E+08,5552,5552,5575,5552
10.8208,3.23E+08,5552,5552,5575,5553
11.0546,3.23E+08,5552,5552,5575,5553
11.1001,3.23E+08,5552,5552,5576,5553
12.3826,3.23E+08,5552,5552,5576,5554
9.89233,3.23E+08,5552,5552,5577,5554
11.3786,3.23E+08,5553,5553,5577,5554
11.936,3.23E+08,5553,5553,5577,5554
12.7862,3.23E+08,5553,5553,5577,5554
11.7804,3.23E+08,5553,5553,5577,5554
11.1558,3.23E+08,5554,5554,5577,5554
12.6183,3.23E+08,5554,5554,5577,5554
12.2027,3.23E+08,5554,5554,5578,5554
12.2714,3.23E+08,5554,5554,5578,5554
10.5071,3.23E+08,5554,5554,5578,5554
10.9881,3.23E+08,5554,5554,5578,5555
10.1616,3.23E+08,5554,5554,5578,5555
9.41028,3.23E+08,5554,5554,5578,5555
10.438,3.23E+08,5554,5554,5578,5555
10.6083,3.23E+08,5555,5555,5578,5555
10.3185,3.23E+08,5555,5555,5579,5556
11.8965,3.23E+08,5555,5555,5579,5556
10.4408,3.23E+08,5555,5555,5579,5556
11.4343,3.23E+08,5556,5556,5579,5556
11.4461,3.23E+08,5556,5556,5579,5556
11.9917,3.23E+08,5556,5557,5579,5556
11.1111,3.23E+08,5557,5557,5579,5556
11.2,3.23E+08,5557,5557,5579,5557
11.8366,3.23E+08,5557,5557,5579,5557
11.5575,3.23E+08,5558,5558,5579,5557
10.754,3.23E+08,5558,5558,5579,5558
10.9467,3.23E+08,5558,5558,5580,5559
11.1598,3.23E+08,5558,5558,5580,5559
11.4441,3.23E+08,5558,5558,5580,5560
12.4938,3.23E+08,5558,5558,5581,5560
11.9486,3.23E+08,5558,5558,5581,5560
14.1117,3.23E+08,5559,5559,5581,5560
12.94,3.23E+08,5559,5559,5582,5560
11.6694,3.23E+08,5559,5559,5582,5560
10.4966,3.23E+08,5559,5559,5582,5560
11.6575,3.23E+08,5559,5559,5583,5561
12.537,3.23E+08,5559,5559,5583,5561
12.0164,3.23E+08,5559,5559,5583,5561
11.9363,3.23E+08,5560,5560,5584,5561
11.2221,3.23E+08,5560,5560,5585,5561
11.8248,3.23E+08,5560,5560,5585,5562
11.8248,3.23E+08,5560,5560,5585,5562
11.3341,3.23E+08,5560,5560,5585,5562
10.4969,3.23E+08,5560,5560,5585,5562
11.7012,3.23E+08,5561,5561,5585,5562
11.6136,3.23E+08,5561,5561,5586,5563
10.1616,3.23E+08,5561,5561,5586,5563
10.754,3.23E+08,5561,5561,5587,5564
10.0044,3.23E+08,5561,5561,5587,5564
11.1551,3.23E+08,5561,5561,5587,5564
11.8928,3.23E+08,5561,5561,5587,5564
10.5311,3.23E+08,5562,5562,5587,5564
12.6745,3.23E+08,5562,5562,5588,5565
10.72,3.23E+08,5562,5562,5588,5565
10.754,3.23E+08,5562,5562,5588,5566
10.3336,3.23E+08,5562,5562,5589,5566
11.2135,3.23E+08,5562,5562,5589,5566
10.6532,3.23E+08,5562,5562,5589,5566
11.3323,3.23E+08,5562,5562,5589,5566
10.8323,3.23E+08,5563,5563,5589,5566
11.2667,3.23E+08,5563,5563,5589,5566
11.2671,3.23E+08,5563,5563,5589,5567
11.7135,3.23E+08,5563,5563,5590,5567
10.9966,3.23E+08,5563,5563,5590,5567
10.2743,3.23E+08,5563,5563,5590,5567
9.59795,3.23E+08,5563,5563,5590,5567
10.6083,3.23E+08,5564,5564,5590,5568
11.1555,3.23E+08,5564,5564,5590,5568
10.7092,3.23E+08,5564,5564,5591,5569
10.0978,3.23E+08,5564,5564,5591,5569
12.7818,3.23E+08,5564,5564,5591,5569
10.9377,3.23E+08,5565,5565,5591,5569
9.03567,3.23E+08,5565,5565,5592,5569
9.82183,3.23E+08,5565,5565,5592,5570
11.3803,3.23E+08,5565,5565,5592,5570
12.4941,3.23E+08,5565,5565,5592,5570
12.3515,3.23E+08,5565,5565,5592,5570
11.7573,3.23E+08,5565,5565,5593,5570
11.9602,3.23E+08,5566,5566,5593,5571
10.9881,3.23E+08,5566,5566,5593,5571
11.6575,3.23E+08,5566,5566,5594,5571
12.1037,3.23E+08,5567,5567,5594,5571
11.5574,3.23E+08,5567,5567,5594,5571
11.39,3.23E+08,5568,5568,5594,5572
11.3115,3.23E+08,5568,5568,5595,5572
10.4512,3.23E+08,5568,5568,5595,5572
11.8248,3.23E+08,5568,5568,5596,5573
11.6017,3.23E+08,5569,5569,5596,5574
11.5575,3.23E+08,5569,5569,5597,5574
11.2558,3.23E+08,5569,5569,5597,5574
11.1219,3.23E+08,5570,5570,5597,5574
11.0435,3.23E+08,5571,5571,5598,5574
12.172,3.23E+08,5571,5571,5598,5574
11.4901,3.23E+08,5571,5571,5598,5575
12.6057,3.23E+08,5572,5572,5598,5575
12.2274,3.23E+08,5572,5572,5598,5575
12.2584,3.23E+08,5572,5572,5599,5575
11.4017,3.23E+08,5572,5572,5599,5575
11.1443,3.23E+08,5573,5573,5599,5575
11.9479,3.23E+08,5573,5573,5600,5575
11.6578,3.23E+08,5573,5573,5600,5576
11.7249,3.23E+08,5573,5573,5600,5576
12.0599,3.23E+08,5573,5573,5600,5576
10.1515,3.23E+08,5573,5573,5600,5576
8.48303,3.23E+08,5573,5573,5600,5576
11.2155,3.23E+08,5574,5574,5600,5577
10.829,3.23E+08,5574,5574,5601,5577
10.0296,3.23E+08,5574,5574,5601,5577
6.92602,3.23E+08,5575,5575,5602,5577
8.86919,3.23E+08,5575,5575,5602,5577
11.2747,3.23E+08,5575,5575,5602,5578
9.26931,3.23E+08,5575,5575,5603,5578
11.3718,3.23E+08,5575,5575,5603,5579
10.9947,3.23E+08,5575,5575,5604,5579
10.4921,3.23E+08,5576,5576,5604,5579
10.1605,3.23E+08,5576,5576,5604,5579
10.6539,3.23E+08,5576,5576,5604,5579
11.5575,3.23E+08,5576,5576,5604,5579
10.5833,3.23E+08,5576,5576,5604,5579
11.1775,3.23E+08,5576,5577,5604,5580
10.3282,3.23E+08,5577,5577,5604,5580
10.9338,3.23E+08,5577,5577,5605,5580
11.6084,3.23E+08,5577,5577,5605,5580
8.97903,3.23E+08,5578,5578,5605,5580
7.1453,3.23E+08,5578,5578,5605,5580
7.69947,3.23E+08,5578,5578,5605,5580
6.47476,3.23E+08,5578,5578,5605,5580
8.25011,3.23E+08,5578,5578,5606,5581
7.8653,3.23E+08,5578,5578,5606,5581
10.1623,3.23E+08,5579,5579,5606,5582
12.5624,3.23E+08,5579,5579,5607,5582
11.0994,3.23E+08,5579,5579,5607,5582
9.54771,3.23E+08,5580,5580,5607,5582
9.19322,3.23E+08,5580,5580,5607,5583
8.93646,3.23E+08,5580,5580,5607,5583
8.42672,3.23E+08,5580,5580,5608,5583
11.1643,3.23E+08,5580,5580,5608,5583
9.32441,3.23E+08,5581,5581,5608,5584
9.76071,3.23E+08,5582,5581,5608,5584
8.25209,3.23E+08,5582,5582,5608,5584
9.99231,3.23E+08,5582,5582,5609,5584
11.1586,3.23E+08,5582,5582,5609,5585
11.9986,3.23E+08,5582,5582,5609,5585
11.2688,3.23E+08,5582,5582,5609,5586
11.2112,3.23E+08,5582,5582,5609,5586
10.17,3.23E+08,5582,5582,5609,5586
9.53265,3.23E+08,5582,5582,5609,5586
9.3219,3.23E+08,5583,5583,5610,5587
10.8808,3.23E+08,5583,5583,5610,5587
10.6535,3.23E+08,5583,5583,5611,5588
11.9483,3.23E+08,5584,5584,5611,5588
12.3949,3.23E+08,5584,5584,5611,5588
10.9878,3.23E+08,5584,5584,5611,5588
9.88275,3.23E+08,5584,5584,5611,5588
10.3154,3.23E+08,5584,5584,5611,5589
9.04567,3.23E+08,5584,5584,5612,5589
12.49,3.23E+08,5584,5584,5612,5589
11.2765,3.23E+08,5584,5584,5612,5589
9.69895,3.23E+08,5584,5584,5612,5589
10.2241,3.23E+08,5585,5585,5612,5589
10.3739,3.23E+08,5585,5585,5613,5590
11.9998,3.23E+08,5585,5585,5613,5590
11.3341,3.23E+08,5585,5585,5613,5590
10.2624,3.23E+08,5585,5585,5613,5590
12.4993,3.23E+08,5586,5586,5613,5590
10.7103,3.23E+08,5586,5586,5614,5591
10.7153,3.23E+08,5586,5586,5615,5591
10.381,3.23E+08,5586,5586,5615,5591
10.2665,3.23E+08,5587,5587,5615,5591
9.26303,3.23E+08,5587,5587,5615,5592
9.15596,3.23E+08,5587,5587,5615,5592
9.87253,3.23E+08,5587,5587,5616,5593
9.42861,3.23E+08,5588,5588,5616,5593
10.0436,3.23E+08,5588,5588,5616,5593
9.37515,3.23E+08,5588,5588,5616,5593
13.0619,3.23E+08,5588,5588,5616,5593
11.2112,3.23E+08,5589,5589,5617,5593
11.434,3.23E+08,5589,5589,5617,5593
10.4865,3.23E+08,5589,5589,5617,5594
11.0649,3.23E+08,5589,5589,5618,5594
11.2628,3.23E+08,5590,5590,5618,5594
11.6598,3.23E+08,5590,5590,5619,5594
11.766,3.23E+08,5590,5590,5619,5594
11.5016,3.23E+08,5590,5590,5619,5594
10.8316,3.23E+08,5591,5591,5619,5595
10.6057,3.23E+08,5591,5591,5620,5595
8.65491,3.23E+08,5591,5591,5620,5595
9.36604,3.23E+08,5592,5592,5620,5595
11.0545,3.23E+08,5592,5592,5621,5595
11.2676,3.23E+08,5592,5592,5621,5595
11.837,3.23E+08,5593,5593,5621,5596
11.0994,3.23E+08,5593,5593,5621,5596
11.3143,3.23E+08,5593,5593,5621,5596
11.4572,3.23E+08,5593,5593,5622,5596
12.773,3.23E+08,5594,5594,5623,5597
12.3822,3.23E+08,5594,5594,5623,5597
10.7202,3.23E+08,5594,5594,5624,5597
11.4314,3.23E+08,5594,5594,5624,5598
12.1054,3.23E+08,5594,5594,5624,5598
11.4461,3.23E+08,5595,5595,5624,5598
10.6644,3.23E+08,5595,5595,5624,5598
11.2116,3.23E+08,5595,5595,5624,5598
11.5016,3.23E+08,5595,5595,5624,5598
12.2584,3.23E+08,5596,5596,5624,5598
11.3902,3.23E+08,5596,5596,5625,5598
11.9483,3.23E+08,5596,5596,5625,5598
12.3142,3.23E+08,5596,5596,5626,5599
10.7868,3.23E+08,5596,5596,5626,5599
11.2112,3.23E+08,5596,5596,5626,5599
12.6057,3.23E+08,5596,5596,5627,5600
12.2833,3.23E+08,5597,5597,5627,5600
10.9321,3.23E+08,5597,5597,5627,5600
11.1111,3.23E+08,5597,5597,5628,5600
10.3185,3.23E+08,5597,5597,5628,5601
13.2329,3.23E+08,5597,5597,5628,5601
11.6575,3.23E+08,5598,5598,5628,5602
13.7908,3.23E+08,5598,5598,5628,5602
11.7132,3.23E+08,5599,5599,5629,5602
11.4227,3.23E+08,5599,5599,5629,5602
10.2835,3.23E+08,5599,5599,5629,5602
12.606,3.23E+08,5599,5599,5629,5602
11.7132,3.23E+08,5599,5599,5630,5603
9.87259,3.23E+08,5599,5599,5631,5603
10.3847,3.23E+08,5599,5599,5631,5603
10.0476,3.23E+08,5600,5600,5631,5603
10.8837,3.23E+08,5600,5600,5631,5603
11.7604,3.23E+08,5600,5600,5631,5603
12.9103,3.23E+08,5600,5600,5632,5603
10.4304,3.23E+08,5600,5600,5632,5604
11.8248,3.23E+08,5600,5600,5632,5604
10.6083,3.23E+08,5601,5601,5632,5605
11.4783,3.23E+08,5601,5601,5632,5606
11.3903,3.23E+08,5601,5601,5632,5606
11.3341,3.23E+08,5601,5601,5632,5606
9.49134,3.23E+08,5601,5601,5632,5606
10.6534,3.23E+08,5601,5602,5632,5606
10.3762,3.23E+08,5602,5602,5633,5607
11.3263,3.23E+08,5602,5602,5633,5607
12.0603,3.23E+08,5602,5602,5633,5607
10.9881,3.23E+08,5602,5602,5633,5607
9.48709,3.23E+08,5602,5602,5634,5607
11.5575,3.23E+08,5602,5602,5634,5608
11.0442,3.23E+08,5603,5603,5634,5608
12.4813,3.23E+08,5603,5603,5635,5608
10.731,3.23E+08,5603,5603,5635,5608
12.3141,3.23E+08,5603,5603,5635,5608
11.0553,3.23E+08,5603,5603,5635,5609
11.39,3.23E+08,5603,5603,5635,5609
11.1663,3.23E+08,5603,5603,5635,5610
10.3749,3.23E+08,5603,5603,5635,5610
11.8366,3.23E+08,5603,5603,5636,5610
10.034,3.23E+08,5603,5603,5637,5610
10.2137,3.23E+08,5603,5603,5637,5610
11.2156,3.23E+08,5604,5604,5637,5610
11.1546,3.23E+08,5604,5604,5637,5610
10.43,3.23E+08,5604,5604,5638,5610
10.8425,3.23E+08,5604,5604,5638,5611
9.64214,3.23E+08,5605,5605,5638,5611
12.6635,3.23E+08,5605,5605,5639,5611
10.7325,3.23E+08,5605,5605,5639,5611
11.0921,3.23E+08,5605,5605,5639,5611
10.8319,3.23E+08,5605,5605,5640,5611
11.7687,3.23E+08,5607,5607,5640,5611
10.385,3.23E+08,5607,5607,5640,5611
8.42164,3.23E+08,5607,5607,5640,5612
10.8875,3.23E+08,5607,5607,5640,5613
11.1998,3.23E+08,5607,5607,5640,5613
11.0083,3.23E+08,5607,5607,5640,5613
8.69625,3.23E+08,5608,5608,5640,5614
11.3225,3.23E+08,5608,5608,5640,5614
11.2361,3.23E+08,5608,5608,5640,5614
10.9837,3.23E+08,5608,5608,5640,5615
12.4508,3.23E+08,5608,5608,5641,5615
11.3228,3.23E+08,5609,5609,5641,5615
13.3866,3.23E+08,5609,5609,5641,5615
13.3999,3.23E+08,5609,5609,5641,5615
12.1158,3.23E+08,5609,5609,5641,5615
11.0997,3.23E+08,5609,5609,5642,5616
10.765,3.23E+08,5610,5610,5642,5617
11.5574,3.23E+08,5610,5610,5642,5617
11.6575,3.23E+08,5610,5610,5642,5617
11.2224,3.23E+08,5610,5610,5643,5617
12.6488,3.23E+08,5610,5610,5643,5617
12.4632,3.23E+08,5611,5611,5643,5618
11.4901,3.23E+08,5611,5611,5643,5618
11.3115,3.23E+08,5611,5611,5643,5619
11.569,3.23E+08,5611,5612,5643,5619
11.7133,3.23E+08,5612,5612,5643,5619
10.8208,3.23E+08,5612,5612,5644,5619
12.1037,3.23E+08,5612,5612,5644,5619
12.7299,3.23E+08,5612,5612,5645,5619
11.3899,3.23E+08,5612,5612,5645,5619
12.2152,3.23E+08,5612,5612,5645,5620
11.4458,3.23E+08,5612,5612,5645,5620
14.0001,3.23E+08,5613,5613,5645,5620
11.3341,3.23E+08,5613,5613,5645,5620
11.4229,3.23E+08,5613,5613,5646,5620
11.066,3.23E+08,5614,5614,5646,5620
11.7573,3.23E+08,5614,5614,5646,5621
9.15662,3.23E+08,5614,5614,5646,5621
11.5016,3.23E+08,5614,5614,5647,5621
12.9832,3.23E+08,5614,5614,5647,5622
13.1214,3.23E+08,5614,5614,5647,5622
11.5422,3.23E+08,5615,5615,5648,5622
10.9988,3.23E+08,5615,5615,5648,5623
12.5069,3.23E+08,5615,5615,5648,5623
11.8925,3.23E+08,5615,5615,5648,5623
13.7072,3.23E+08,5616,5616,5649,5623
12.7989,3.23E+08,5616,5616,5649,5623
11.769,3.23E+08,5616,5616,5649,5625
10.8657,3.23E+08,5616,5616,5649,5625
12.5191,3.23E+08,5616,5616,5649,5625
11.9802,3.23E+08,5616,5616,5649,5625
12.0599,3.23E+08,5617,5617,5650,5626
11.3786,3.23E+08,5617,5617,5650,5626
10.7197,3.23E+08,5617,5617,5650,5626
10.7202,3.23E+08,5617,5617,5650,5626
11.2667,3.23E+08,5617,5617,5650,5626
12.172,3.23E+08,5617,5617,5651,5626
11.8248,3.23E+08,5618,5618,5651,5626
12.6741,3.23E+08,5618,5618,5651,5626
11.9363,3.23E+08,5618,5618,5651,5626
12.3826,3.23E+08,5618,5618,5652,5626
11.1108,3.23E+08,5618,5618,5652,5627
11.3786,3.23E+08,5618,5618,5652,5627
11.7808,3.23E+08,5619,5619,5653,5627
11.267,3.23E+08,5619,5619,5653,5627
10.4966,3.23E+08,5619,5619,5653,5628
10.5977,3.23E+08,5619,5619,5653,5628
10.8762,3.23E+08,5619,5619,5653,5628
10.1522,3.23E+08,5619,5619,5654,5628
11.936,3.23E+08,5619,5619,5654,5628
11.0014,3.23E+08,5619,5619,5654,5628
12.0476,3.23E+08,5620,5620,5654,5629
10.9326,3.23E+08,5620,5620,5654,5629
12.2833,3.23E+08,5620,5620,5654,5629
10.0957,3.23E+08,5620,5620,5655,5629
11.1778,3.23E+08,5620,5620,5655,5629
10.6508,3.23E+08,5621,5621,5656,5629
8.92376,3.23E+08,5621,5621,5656,5629
11.2785,3.23E+08,5621,5621,5656,5630
11.8802,3.23E+08,5621,5621,5657,5630
13.2748,3.23E+08,5621,5621,5657,5631
12.2402,3.23E+08,5621,5621,5657,5631
10.6535,3.23E+08,5621,5621,5658,5632
11.39,3.23E+08,5621,5621,5658,5632
10.0338,3.23E+08,5622,5622,5658,5633
10.6532,3.23E+08,5622,5622,5659,5633
12.5001,3.23E+08,5622,5622,5659,5633
10.263,3.23E+08,5622,5622,5659,5633
10.2225,3.23E+08,5622,5623,5659,5634
10.9942,3.23E+08,5623,5623,5659,5634
9.77262,3.23E+08,5623,5623,5660,5634
9.64741,3.23E+08,5623,5623,5660,5634
8.09655,3.23E+08,5624,5624,5660,5634
12.0409,3.23E+08,5624,5624,5660,5635
11.1667,3.23E+08,5624,5624,5661,5635
11.8809,3.23E+08,5624,5624,5661,5635
12.2274,3.23E+08,5624,5624,5661,5635
10.5419,3.23E+08,5624,5624,5661,5635
12.1594,3.23E+08,5624,5624,5661,5635
12.0479,3.23E+08,5625,5625,5662,5635
12.1591,3.23E+08,5625,5625,5662,5635
11.9046,3.23E+08,5625,5625,5662,5635
10.765,3.23E+08,5625,5625,5662,5635
13.2879,3.23E+08,5625,5625,5663,5636
11.4904,3.23E+08,5625,5625,5663,5636
9.82631,3.23E+08,5626,5626,5663,5636
11.602,3.23E+08,5626,5626,5664,5636
10.1515,3.23E+08,5626,5626,5664,5636
10.3202,3.23E+08,5626,5626,5664,5636
8.65211,3.23E+08,5626,5626,5664,5636
10.9997,3.23E+08,5627,5627,5665,5636
10.8754,3.23E+08,5627,5627,5665,5637
11.5016,3.23E+08,5627,5627,5665,5638
10.6531,3.23E+08,5627,5627,5665,5638
10.264,3.23E+08,5628,5628,5665,5638
7.92675,3.23E+08,5628,5628,5666,5639
11.1642,3.23E+08,5628,5628,5666,5639
10.765,3.23E+08,5629,5629,5666,5639
11.6013,3.23E+08,5629,5629,5667,5639
10.3295,3.23E+08,5629,5629,5667,5640
10.9918,3.23E+08,5629,5629,5667,5640
11.4343,3.23E+08,5629,5629,5667,5641
11.6691,3.23E+08,5630,5630,5667,5641
10.877,3.23E+08,5630,5630,5668,5641
9.64666,3.23E+08,5631,5631,5668,5641
8.04049,3.23E+08,5631,5631,5668,5641
8.93093,3.23E+08,5631,5631,5668,5641
11.9426,3.23E+08,5631,5631,5668,5641
11.1108,3.23E+08,5631,5631,5668,5641
10.6986,3.23E+08,5632,5632,5669,5641
9.8828,3.23E+08,5632,5632,5670,5642
7.70451,3.23E+08,5632,5632,5670,5642
9.24839,3.23E+08,5632,5632,5671,5642
11.6754,3.23E+08,5632,5632,5671,5642
10.9879,3.23E+08,5632,5632,5672,5642
11.8805,3.23E+08,5632,5632,5672,5642
11.0101,3.23E+08,5632,5632,5672,5642
9.09055,3.23E+08,5632,5632,5673,5642
9.60371,3.23E+08,5632,5632,5673,5642
10.9321,3.23E+08,5633,5633,5673,5642
10.7653,3.23E+08,5633,5633,5674,5643
7.19863,3.23E+08,5633,5633,5674,5643
9.43069,3.23E+08,5634,5634,5675,5643
9.65947,3.23E+08,5634,5634,5675,5644
9.41708,3.23E+08,5634,5634,5675,5644
12.1771,3.23E+08,5634,5634,5675,5645
8.76193,3.23E+08,5634,5634,5675,5645
9.19674,3.23E+08,5635,5635,5676,5645
10.1164,3.23E+08,5635,5635,5676,5645
8.7006,3.23E+08,5636,5636,5677,5645
10.4858,3.23E+08,5636,5636,5677,5646
12.3391,3.23E+08,5636,5636,5677,5647
11.144,3.23E+08,5636,5636,5678,5647
10.4515,3.23E+08,5637,5637,5678,5647
13.1634,3.23E+08,5638,5638,5678,5647
8.93202,3.23E+08,5638,5638,5678,5647
8.75734,3.23E+08,5638,5638,5679,5648
9.48683,3.23E+08,5639,5639,5680,5648
11.1108,3.23E+08,5639,5639,5680,5648
11.8248,3.23E+08,5639,5639,5681,5648
12.2588,3.23E+08,5639,5639,5681,5649
8.71082,3.23E+08,5639,5639,5682,5649
7.47915,3.23E+08,5639,5639,5682,5649
9.71056,3.23E+08,5640,5640,5683,5649
8.3165,3.23E+08,5640,5640,5683,5649
9.26429,3.23E+08,5641,5641,5683,5649
9.30695,3.23E+08,5642,5642,5683,5650
9.94458,3.23E+08,5642,5642,5683,5650
9.53092,3.23E+08,5643,5643,5684,5650
9.16329,3.23E+08,5643,5643,5685,5651
5.68957,3.23E+08,5644,5644,5685,5651
9.59866,3.23E+08,5644,5644,5685,5651
10.3282,3.23E+08,5644,5644,5685,5651
10.4304,3.23E+08,5644,5644,5685,5652
11.61,3.23E+08,5644,5644,5685,5652
10.5967,3.23E+08,5644,5644,5685,5652
9.37603,3.23E+08,5644,5644,5685,5652
10.4858,3.23E+08,5645,5645,5685,5653
10.4361,3.23E+08,5645,5646,5686,5653
12.271,3.23E+08,5646,5646,5686,5653
10.43,3.23E+08,5647,5647,5686,5653
11.5063,3.23E+08,5647,5647,5687,5653
8.93303,3.23E+08,5647,5647,5687,5654
8.531,3.23E+08,5648,5648,5688,5654
8.59466,3.23E+08,5648,5648,5688,5654
9.26042,3.23E+08,5649,5648,5688,5654
11.3786,3.23E+08,5649,5649,5688,5654
11.7367,3.23E+08,5649,5649,5689,5655
10.5419,3.23E+08,5649,5649,5689,5655
9.26626,3.23E+08,5649,5649,5689,5655
11.1479,3.23E+08,5650,5650,5689,5656
8.59612,3.23E+08,5650,5650,5689,5656
10.0456,3.23E+08,5650,5650,5690,5656
10.9418,3.23E+08,5650,5650,5690,5656
11.434,3.23E+08,5650,5650,5691,5657
10.7199,3.23E+08,5651,5651,5691,5657
13.3312,3.23E+08,5651,5651,5692,5658
10.05,3.23E+08,5651,5651,5692,5658
10.5977,3.23E+08,5651,5651,5692,5659
9.76249,3.23E+08,5651,5651,5693,5659
10.4411,3.23E+08,5651,5651,5693,5660
11.9921,3.23E+08,5652,5652,5693,5660
10.7176,3.23E+08,5652,5652,5694,5660
7.80526,3.23E+08,5653,5653,5695,5660
6.63778,3.23E+08,5653,5653,5695,5660
8.60725,3.23E+08,5654,5654,5696,5661
12.271,3.23E+08,5654,5654,5696,5661
9.25117,3.23E+08,5655,5655,5696,5661
7.20674,3.23E+08,5656,5656,5696,5661
10.606,3.23E+08,5656,5656,5696,5661
11.267,3.23E+08,5656,5656,5696,5661
9.547,3.23E+08,5656,5656,5697,5661
9.4724,3.23E+08,5656,5656,5697,5661
8.32108,3.23E+08,5656,5656,5697,5661
7.25406,3.23E+08,5657,5657,5697,5662
8.09366,3.23E+08,5657,5657,5697,5662
6.63345,3.23E+08,5657,5657,5698,5663
7.54305,3.23E+08,5657,5657,5698,5663
8.86619,3.23E+08,5657,5657,5698,5663
6.14128,3.23E+08,5657,5657,5698,5663
7.08102,3.23E+08,5657,5657,5698,5663
6.19637,3.23E+08,5658,5658,5698,5664
7.25127,3.23E+08,5658,5658,5699,5664
10.3194,3.23E+08,5659,5659,5699,5664
11.3341,3.23E+08,5659,5659,5699,5665
9.42676,3.23E+08,5659,5659,5700,5665
10.2733,3.23E+08,5659,5659,5700,5665
12.4504,3.23E+08,5660,5660,5700,5665
10.6535,3.23E+08,5660,5660,5700,5665
12.9533,3.23E+08,5660,5660,5700,5666
11.7132,3.23E+08,5660,5660,5700,5666
11.613,3.23E+08,5660,5660,5701,5666
10.4306,3.23E+08,5660,5660,5701,5667
11.8248,3.23E+08,5660,5660,5701,5667
11.7804,3.23E+08,5661,5661,5702,5668
11.4347,3.23E+08,5661,5661,5702,5668
11.5528,3.23E+08,5661,5661,5702,5668
11.4901,3.23E+08,5661,5661,5703,5668
11.7249,3.23E+08,5662,5662,5703,5669
13.5539,3.23E+08,5662,5662,5703,5669
13.2321,3.23E+08,5663,5663,5704,5669
12.7733,3.23E+08,5663,5663,5704,5670
10.8875,3.23E+08,5663,5663,5705,5670
11.2109,3.23E+08,5664,5664,5705,5670
10.9994,3.23E+08,5665,5665,5705,5670
11.3115,3.23E+08,5665,5665,5705,5670
12.3391,3.23E+08,5665,5665,5705,5671
11.2224,3.23E+08,5665,5665,5706,5671
12.2149,3.23E+08,5666,5666,5706,5671
10.8319,3.23E+08,5666,5666,5706,5671
10.5977,3.23E+08,5666,5666,5706,5671
10.4408,3.23E+08,5666,5666,5706,5672
11.4229,3.23E+08,5667,5667,5706,5672
11.9483,3.23E+08,5667,5667,5706,5672
10.1058,3.23E+08,5667,5667,5707,5672
10.6986,3.23E+08,5667,5667,5707,5672
10.563,3.23E+08,5667,5667,5707,5672
12.1473,3.23E+08,5668,5668,5708,5672
11.4572,3.23E+08,5668,5668,5709,5672
10.3188,3.23E+08,5669,5669,5709,5673
11.3228,3.23E+08,5669,5669,5709,5673
10.9966,3.23E+08,5669,5669,5710,5673
11.6678,3.23E+08,5669,5669,5710,5673
12.104,3.23E+08,5669,5669,5711,5673
10.8766,3.23E+08,5669,5669,5712,5674
11.0546,3.23E+08,5669,5669,5712,5675
11.543,3.23E+08,5670,5670,5712,5675
11.2225,3.23E+08,5670,5670,5712,5676
9.53665,3.23E+08,5670,5670,5713,5676
9.48663,3.23E+08,5671,5671,5714,5676
10.0985,3.23E+08,5671,5671,5714,5676
11.3232,3.23E+08,5671,5671,5714,5676
11.4572,3.23E+08,5672,5672,5714,5677
11.8684,3.23E+08,5672,5672,5714,5677
11.2786,3.23E+08,5672,5672,5715,5677
10.6535,3.23E+08,5672,5672,5715,5677
10.8205,3.23E+08,5672,5672,5715,5677
11.8488,3.23E+08,5672,5672,5716,5677
11.9244,3.23E+08,5672,5672,5716,5677
10.4963,3.23E+08,5672,5672,5716,5678
10.6644,3.23E+08,5673,5673,5716,5678
8.47726,3.23E+08,5673,5673,5717,5678
9.4912,3.23E+08,5673,5673,5717,5679
9.36974,3.23E+08,5673,5673,5717,5679
11.9363,3.23E+08,5673,5673,5717,5679
11.6013,3.23E+08,5674,5674,5718,5680
8.99367,3.23E+08,5674,5674,5719,5680
9.49014,3.23E+08,5674,5674,5719,5680
10.9326,3.23E+08,5674,5674,5720,5681
12.4508,3.23E+08,5674,5674,5720,5681
11.5897,3.23E+08,5675,5675,5720,5681
10.0042,3.23E+08,5675,5675,5721,5681
12.0417,3.23E+08,5675,5675,5721,5681
10.9323,3.23E+08,5676,5675,5722,5682
12.7172,3.23E+08,5676,5676,5722,5682
11.2337,3.23E+08,5676,5676,5722,5682
11.8802,3.23E+08,5676,5676,5723,5682
10.7758,3.23E+08,5676,5676,5723,5682
8.86778,3.23E+08,5678,5678,5723,5683
12.2837,3.23E+08,5678,5678,5723,5683
10.9881,3.23E+08,5679,5679,5724,5683
11.9483,3.23E+08,5679,5679,5724,5683
12.773,3.23E+08,5679,5679,5724,5683
13.9443,3.23E+08,5679,5679,5725,5683
14.0555,3.23E+08,5680,5680,5725,5684
11.9486,3.23E+08,5680,5680,5725,5685
11.0436,3.23E+08,5680,5680,5725,5685
12.5499,3.23E+08,5681,5681,5725,5686
9.44547,3.23E+08,5681,5681,5725,5686
9.31481,3.23E+08,5681,5681,5725,5686
9.92788,3.23E+08,5682,5682,5726,5686
11.558,3.23E+08,5682,5682,5726,5687
10.5314,3.23E+08,5682,5682,5726,5687
11.4013,3.23E+08,5682,5682,5727,5687
11.8684,3.23E+08,5684,5684,5727,5688
11.7929,3.23E+08,5684,5684,5727,5688
10.8766,3.23E+08,5685,5684,5727,5688
11.5341,3.23E+08,5685,5685,5728,5688
11.2893,3.23E+08,5685,5686,5728,5688
11.3222,3.23E+08,5686,5686,5728,5689
10.6032,3.23E+08,5686,5686,5728,5689
9.03811,3.23E+08,5686,5686,5728,5689
9.98038,3.23E+08,5686,5686,5729,5689
11.6133,3.23E+08,5686,5686,5730,5690
8.98904,3.23E+08,5686,5686,5730,5690
10.0987,3.23E+08,5687,5687,5730,5690
11.1558,3.23E+08,5687,5687,5730,5690
12.0479,3.23E+08,5687,5687,5730,5690
11.4013,3.23E+08,5687,5687,5730,5690
10.4757,3.23E+08,5687,5687,5730,5690
12.3826,3.23E+08,5688,5688,5731,5690
12.2274,3.23E+08,5688,5688,5731,5690
12.2275,3.23E+08,5688,5688,5731,5691
11.4455,3.23E+08,5688,5688,5731,5691
10.5338,3.23E+08,5688,5688,5731,5691
8.98667,3.23E+08,5688,5688,5732,5691
8.70936,3.23E+08,5689,5689,5732,5691
10.5529,3.23E+08,5690,5690,5733,5691
11.8815,3.23E+08,5691,5691,5733,5691
11.769,3.23E+08,5692,5692,5733,5692
10.715,3.23E+08,5692,5692,5733,5692
11.9431,3.23E+08,5692,5692,5733,5693
9.08868,3.23E+08,5692,5692,5733,5693
11.2144,3.23E+08,5692,5692,5733,5693
9.60016,3.23E+08,5692,5692,5734,5693
9.65241,3.23E+08,5693,5693,5734,5693
12.7299,3.23E+08,5693,5693,5735,5694
12.1158,3.23E+08,5693,5693,5735,5694
11.1514,3.23E+08,5693,5693,5735,5694
9.986,3.23E+08,5693,5693,5735,5694
9.97945,3.23E+08,5693,5693,5735,5695
9.78073,3.23E+08,5694,5694,5735,5695
10.2574,3.23E+08,5694,5694,5735,5695
11.3899,3.23E+08,5695,5695,5735,5695
11.3225,3.23E+08,5695,5695,5735,5695
11.3903,3.23E+08,5695,5695,5736,5696
10.3846,3.23E+08,5695,5695,5736,5696
11.8252,3.23E+08,5696,5696,5736,5697
11.39,3.23E+08,5696,5696,5736,5697
10.6535,3.23E+08,5696,5696,5737,5697
10.483,3.23E+08,5696,5696,5737,5698
11.6691,3.23E+08,5696,5696,5737,5698
11.5552,3.23E+08,5696,5696,5737,5698
12.0359,3.23E+08,5697,5697,5737,5698
12.1716,3.23E+08,5697,5697,5738,5698
11.0546,3.23E+08,5697,5697,5738,5699
10.8839,3.23E+08,5697,5697,5738,5699
10.4861,3.23E+08,5697,5697,5738,5699
11.2221,3.23E+08,5698,5698,5739,5699
12.4387,3.23E+08,5698,5698,5739,5699
11.9483,3.23E+08,5698,5698,5739,5700
10.5416,3.23E+08,5699,5699,5739,5701
10.8747,3.23E+08,5699,5699,5740,5701
11.055,3.23E+08,5699,5699,5740,5701
10.5353,3.23E+08,5699,5699,5740,5701
10.4974,3.23E+08,5699,5699,5740,5702
10.5514,3.23E+08,5700,5700,5740,5702
12.8713,3.23E+08,5700,5700,5741,5702
11.6249,3.23E+08,5700,5700,5741,5702
10.9327,3.23E+08,5701,5701,5741,5702
10.7755,3.23E+08,5701,5701,5743,5702
10.7092,3.23E+08,5701,5701,5743,5702
9.48973,3.23E+08,5701,5701,5743,5703
10.9833,3.23E+08,5702,5702,5743,5703
11.8924,3.23E+08,5702,5702,5743,5703
12.5496,3.23E+08,5702,5702,5743,5703
12.4511,3.23E+08,5702,5702,5744,5703
11.769,3.23E+08,5704,5704,5745,5703
11.6017,3.23E+08,5705,5705,5745,5704
11.2112,3.23E+08,5705,5705,5746,5704
10.6744,3.23E+08,5705,5705,5746,5704
10.9885,3.23E+08,5706,5706,5746,5704
11.0994,3.23E+08,5706,5706,5747,5704
13.1769,3.23E+08,5706,5706,5747,5704
10.6986,3.23E+08,5706,5706,5748,5704
11.5016,3.23E+08,5706,5706,5748,5704
12.3822,3.23E+08,5707,5707,5748,5704
12.2836,3.23E+08,5707,5707,5748,5705
10.7758,3.23E+08,5707,5707,5749,5705
13.275,3.23E+08,5707,5707,5749,5706
12.1713,3.23E+08,5708,5708,5749,5706
9.53792,3.23E+08,5708,5708,5750,5706
10.0499,3.23E+08,5709,5709,5750,5706
9.31506,3.23E+08,5709,5709,5750,5707
8.59544,3.23E+08,5710,5710,5750,5707
10.9269,3.23E+08,5710,5710,5750,5707
9.04013,3.23E+08,5710,5710,5750,5707
7.36577,3.23E+08,5710,5710,5750,5707
11.661,3.23E+08,5710,5710,5750,5708
9.65586,3.23E+08,5710,5710,5751,5708
10.8786,3.23E+08,5711,5711,5751,5708
10.3214,3.23E+08,5711,5711,5751,5708
8.32576,3.23E+08,5711,5711,5751,5709
11.2001,3.23E+08,5712,5712,5751,5709
11.569,3.23E+08,5712,5712,5751,5710
11.769,3.23E+08,5712,5712,5751,5710
12.283,3.23E+08,5712,5712,5751,5710
11.7693,3.23E+08,5713,5713,5752,5710
12.6488,3.23E+08,5713,5713,5752,5711
12.4073,3.23E+08,5713,5713,5752,5711
10.8208,3.23E+08,5713,5713,5752,5712
11.3228,3.23E+08,5713,5713,5753,5712
12.271,3.23E+08,5713,5713,5753,5712
11.8484,3.23E+08,5714,5714,5753,5714
10.4304,3.23E+08,5714,5714,5753,5714
10.754,3.23E+08,5714,5714,5754,5715
10.6644,3.23E+08,5714,5714,5754,5715
10.765,3.23E+08,5714,5714,5754,5715
12.9533,3.23E+08,5714,5714,5754,5716
13.3308,3.23E+08,5714,5714,5754,5716
12.5624,3.23E+08,5715,5715,5754,5717
12.1037,3.23E+08,5715,5715,5754,5718
12.5066,3.23E+08,5715,5715,5755,5718
11.7808,3.23E+08,5716,5716,5755,5719
12.3702,3.23E+08,5716,5716,5755,5719
10.7758,3.23E+08,5716,5716,5755,5719
12.1716,3.23E+08,5716,5716,5755,5719
11.8248,3.23E+08,5716,5716,5756,5720
12.1037,3.23E+08,5717,5717,5756,5720
10.3288,3.23E+08,5717,5717,5757,5720
10.3853,3.23E+08,5717,5717,5757,5720
11.0439,3.23E+08,5717,5717,5757,5720
12.7299,3.23E+08,5717,5717,5757,5721
12.2152,3.23E+08,5717,5717,5757,5721
10.8875,3.23E+08,5717,5717,5758,5721
11.0997,3.23E+08,5718,5718,5758,5722
10.0957,3.23E+08,5718,5718,5758,5722
13.1208,3.23E+08,5718,5718,5759,5722
10.7092,3.23E+08,5718,5718,5759,5723
10.3291,3.23E+08,5719,5719,5759,5723
11.3672,3.23E+08,5719,5719,5760,5724
8.59977,3.23E+08,5719,5719,5760,5724
8.20331,3.23E+08,5719,5719,5760,5724
8.53393,3.23E+08,5719,5719,5760,5724
11.2783,3.23E+08,5720,5720,5760,5725
10.8313,3.23E+08,5720,5720,5760,5725
11.0997,3.23E+08,5721,5721,5761,5725
10.9994,3.23E+08,5721,5721,5762,5725
12.9828,3.23E+08,5721,5721,5762,5725
11.1669,3.23E+08,5721,5721,5762,5726
11.278,3.23E+08,5721,5721,5763,5726
9.53546,3.23E+08,5721,5721,5763,5726
8.20616,3.23E+08,5722,5722,5763,5726
10.2088,3.23E+08,5723,5723,5764,5726
10.0956,3.23E+08,5724,5724,5764,5726
9.98633,3.23E+08,5724,5724,5764,5727
10.4969,3.23E+08,5725,5725,5764,5727
11.2221,3.23E+08,5725,5725,5765,5728
11.0443,3.23E+08,5725,5725,5766,5728
12.3949,3.23E+08,5726,5726,5766,5728
10.6535,3.23E+08,5726,5726,5766,5728
12.3391,3.23E+08,5726,5726,5767,5729
11.3672,3.23E+08,5726,5726,5767,5730
11.6571,3.23E+08,5726,5726,5767,5730
10.6751,3.23E+08,5726,5726,5767,5730
11.7013,3.23E+08,5727,5727,5767,5731
12.4636,3.23E+08,5727,5727,5767,5731
12.3826,3.23E+08,5727,5727,5769,5731
10.6532,3.23E+08,5727,5727,5769,5732
10.4864,3.23E+08,5728,5728,5769,5732
9.77081,3.23E+08,5729,5729,5770,5732
10.9899,3.23E+08,5729,5729,5770,5732
11.1108,3.23E+08,5729,5729,5770,5733
10.7093,3.23E+08,5729,5729,5771,5733
10.3291,3.23E+08,5729,5729,5771,5734
10.4199,3.23E+08,5729,5729,5771,5734
11.5013,3.23E+08,5730,5730,5771,5734
11.4905,3.23E+08,5730,5730,5772,5734
12.9662,3.23E+08,5731,5731,5772,5734
12.7603,3.23E+08,5731,5731,5772,5734
10.4509,3.23E+08,5732,5732,5772,5735
10.2633,3.23E+08,5732,5732,5773,5735
11.2576,3.23E+08,5732,5732,5773,5735
12.0044,3.23E+08,5733,5733,5773,5736
13.7212,3.23E+08,5733,5733,5773,5736
11.6688,3.23E+08,5733,5733,5773,5737
10.4965,3.23E+08,5734,5734,5774,5737
9.41733,3.23E+08,5734,5734,5774,5738
10.3951,3.23E+08,5734,5734,5774,5738
9.02902,3.23E+08,5734,5734,5774,5738
10.8204,3.23E+08,5735,5735,5775,5738
10.2199,3.23E+08,5735,5735,5775,5739
10.7215,3.23E+08,5735,5735,5776,5739
9.25331,3.23E+08,5735,5736,5776,5739
10.6535,3.23E+08,5736,5736,5777,5739
7.99213,3.23E+08,5737,5737,5777,5739
8.14404,3.23E+08,5737,5737,5777,5740
8.65046,3.23E+08,5737,5737,5778,5740
10.038,3.23E+08,5738,5738,5778,5740
10.096,3.23E+08,5738,5738,5778,5740
13.1204,3.23E+08,5738,5738,5778,5740
10.5528,3.23E+08,5739,5739,5778,5740
11.2609,3.23E+08,5740,5740,5778,5741
12.1561,3.23E+08,5740,5740,5778,5741
11.9486,3.23E+08,5740,5740,5779,5741
10.4408,3.23E+08,5741,5741,5779,5741
11.6133,3.23E+08,5741,5741,5779,5741
9.80913,3.23E+08,5741,5741,5779,5742
8.54776,3.23E+08,5741,5741,5779,5742
9.08888,3.23E+08,5742,5742,5780,5742
10.2691,3.23E+08,5742,5742,5780,5743
8.92681,3.23E+08,5742,5742,5780,5743
9.15182,3.23E+08,5743,5743,5780,5744
10.8291,3.23E+08,5744,5744,5781,5744
11.2783,3.23E+08,5744,5744,5781,5745
9.20297,3.23E+08,5744,5744,5781,5746
9.81907,3.23E+08,5745,5745,5781,5746
10.6037,3.23E+08,5745,5745,5781,5746
13.4423,3.23E+08,5745,5745,5781,5746
11.2225,3.23E+08,5747,5747,5782,5746
10.8766,3.23E+08,5747,5747,5782,5747
10.8766,3.23E+08,5747,5747,5783,5747
12.9533,3.23E+08,5747,5747,5784,5747
12.7296,3.23E+08,5748,5748,5784,5748
10.096,3.23E+08,5748,5748,5784,5748
10.4364,3.23E+08,5748,5748,5784,5748
9.70496,3.23E+08,5749,5749,5785,5748
9.43607,3.23E+08,5750,5750,5785,5748
11.3705,3.23E+08,5750,5750,5785,5748
10.1688,3.23E+08,5751,5751,5786,5749
10.9324,3.23E+08,5751,5751,5787,5749
10.4309,3.23E+08,5751,5751,5787,5749
11.4344,3.23E+08,5752,5752,5787,5749
12.4383,3.23E+08,5752,5752,5788,5750
11.7926,3.23E+08,5752,5752,5789,5750
11.769,3.23E+08,5752,5752,5790,5750
9.59369,3.23E+08,5752,5752,5790,5750
8.7649,3.23E+08,5752,5752,5790,5750
11.4898,3.23E+08,5753,5753,5791,5750
10.2076,3.23E+08,5753,5753,5791,5752
10.4407,3.23E+08,5754,5754,5792,5752
10.3292,3.23E+08,5755,5755,5792,5752
11.4346,3.23E+08,5755,5755,5792,5754
12.6183,3.23E+08,5755,5755,5792,5754
12.773,3.23E+08,5756,5756,5793,5755
10.9433,3.23E+08,5756,5756,5793,5755
10.8654,3.23E+08,5756,5756,5793,5755
9.43602,3.23E+08,5757,5757,5794,5755
10.0437,3.23E+08,5757,5757,5794,5755
11.8295,3.23E+08,5758,5758,5794,5755
12.2706,3.23E+08,5758,5758,5794,5756
11.5135,3.23E+08,5759,5759,5794,5756
11.4901,3.23E+08,5759,5759,5795,5756
11.3783,3.23E+08,5759,5759,5795,5756
12.3391,3.23E+08,5760,5760,5796,5756
9.92836,3.23E+08,5760,5760,5796,5756
11.4461,3.23E+08,5761,5761,5797,5758
12.8841,3.23E+08,5762,5762,5798,5758
11.6137,3.23E+08,5762,5762,5799,5758
12.0479,3.23E+08,5762,5762,5800,5758
11.8245,3.23E+08,5763,5763,5800,5758
11.9486,3.23E+08,5764,5764,5800,5759
12.773,3.23E+08,5764,5764,5800,5759
10.9881,3.23E+08,5765,5765,5800,5759
11.3783,3.23E+08,5765,5765,5800,5760
11.1669,3.23E+08,5765,5765,5801,5761
12.7168,3.23E+08,5765,5765,5802,5761
11.1111,3.23E+08,5766,5766,5802,5761
11.39,3.23E+08,5766,5766,5803,5762
10.5871,3.23E+08,5766,5766,5803,5763
12.1158,3.23E+08,5766,5766,5803,5763
12.271,3.23E+08,5766,5766,5803,5763
12.7858,3.23E+08,5767,5767,5804,5763
10.1512,3.23E+08,5767,5767,5804,5763
10.4969,3.23E+08,5767,5767,5804,5763
11.1108,3.23E+08,5767,5767,5805,5763
10.3188,3.23E+08,5767,5767,5807,5764
10.3291,3.23E+08,5767,5767,5807,5764
11.5344,3.23E+08,5767,5767,5807,5764
12.2833,3.23E+08,5767,5767,5807,5764
10.0954,3.23E+08,5768,5768,5807,5765
10.5528,3.23E+08,5769,5769,5808,5765
12.0596,3.23E+08,5769,5769,5808,5765
11.8809,3.23E+08,5769,5769,5808,5765
10.8312,3.23E+08,5770,5770,5809,5765
12.7046,3.23E+08,5770,5770,5810,5766
11.9044,3.23E+08,5770,5770,5811,5766
10.2075,3.23E+08,5771,5771,5811,5766
7.80103,3.23E+08,5771,5771,5811,5767
10.1642,3.23E+08,5772,5772,5811,5767
10.7168,3.23E+08,5774,5773,5811,5767
12.6186,3.23E+08,5774,5774,5812,5768
10.9324,3.23E+08,5774,5774,5812,5768
9.48746,3.23E+08,5775,5775,5812,5768
10.9777,3.23E+08,5775,5775,5813,5768
8.77274,3.23E+08,5776,5776,5813,5768
10.8658,3.23E+08,5776,5776,5813,5768
11.1222,3.23E+08,5776,5776,5813,5768
10.9881,3.23E+08,5777,5777,5813,5769
10.8846,3.23E+08,5778,5778,5814,5770
10.48,3.23E+08,5778,5778,5814,5770
11.9921,3.23E+08,5779,5779,5815,5770
11.3455,3.23E+08,5779,5779,5817,5771
9.98414,3.23E+08,5780,5780,5817,5772
9.5465,3.23E+08,5780,5780,5817,5772
13.0522,3.23E+08,5780,5780,5818,5772
12.1158,3.23E+08,5782,5782,5818,5773
10.141,3.23E+08,5782,5782,5820,5774
9.5555,3.23E+08,5782,5782,5821,5774
8.3089,3.23E+08,5782,5782,5822,5775
8.93127,3.23E+08,5782,5782,5822,5775
10.5344,3.23E+08,5783,5783,5822,5776
10.7194,3.23E+08,5784,5784,5824,5776
7.92669,3.23E+08,5784,5784,5824,5776
7.75493,3.23E+08,5784,5784,5824,5777
11.1628,3.23E+08,5786,5786,5825,5777
9.70525,3.23E+08,5786,5786,5825,5777
11.9363,3.23E+08,5786,5786,5826,5778
10.7239,3.23E+08,5786,5786,5826,5778
7.52993,3.23E+08,5786,5786,5826,5778
9.09959,3.23E+08,5786,5786,5826,5778
9.26828,3.23E+08,5788,5788,5827,5778
12.3826,3.23E+08,5788,5788,5827,5778
10.4197,3.23E+08,5788,5788,5827,5779
10.5565,3.23E+08,5788,5788,5828,5779
10.2644,3.23E+08,5788,5788,5828,5779
10.7149,3.23E+08,5789,5789,5829,5780
10.3288,3.23E+08,5789,5789,5829,5780
12.5629,3.23E+08,5789,5789,5829,5781
13.0519,3.23E+08,5789,5789,5829,5781
10.8208,3.23E+08,5789,5789,5830,5782
11.1663,3.23E+08,5790,5790,5830,5783
13.2196,3.23E+08,5790,5790,5830,5783
11.2225,3.23E+08,5790,5790,5831,5783
11.3228,3.23E+08,5790,5790,5831,5783
10.8874,3.23E+08,5791,5791,5831,5783
11.5898,3.23E+08,5791,5791,5832,5783
11.3903,3.23E+08,5791,5791,5832,5783
11.2224,3.23E+08,5791,5791,5832,5784
10.754,3.23E+08,5791,5791,5832,5784
12.9107,3.23E+08,5792,5792,5834,5784
9.76103,3.23E+08,5792,5792,5834,5784
11.5013,3.23E+08,5792,5792,5834,5785
7.85877,3.23E+08,5792,5792,5834,5785
10.5977,3.23E+08,5792,5792,5834,5785
10.8366,3.23E+08,5792,5792,5834,5785
11.5019,3.23E+08,5792,5792,5834,5786
10.765,3.23E+08,5793,5793,5835,5786
11.4783,3.23E+08,5794,5793,5835,5786
10.0539,3.23E+08,5794,5794,5835,5787
11.5559,3.23E+08,5794,5794,5836,5788
10.4273,3.23E+08,5795,5795,5836,5788
9.26688,3.23E+08,5795,5795,5837,5788
9.77051,3.23E+08,5795,5795,5837,5788
10.0351,3.23E+08,5796,5796,5837,5788
12.4941,3.23E+08,5796,5796,5838,5789
12.2274,3.23E+08,5796,5796,5838,5789
11.4901,3.23E+08,5796,5796,5839,5789
11.4344,3.23E+08,5797,5797,5840,5789
11.3896,3.23E+08,5797,5797,5840,5789
12.8978,3.23E+08,5797,5797,5841,5789
12.9958,3.23E+08,5797,5797,5843,5790
13.0094,3.23E+08,5798,5798,5843,5790
12.2274,3.23E+08,5798,5798,5843,5790
12.6053,3.23E+08,5798,5798,5844,5790
11.3231,3.23E+08,5798,5798,5844,5791
10.2175,3.23E+08,5799,5799,5844,5792
11.4787,3.23E+08,5799,5799,5845,5792
10.7199,3.23E+08,5800,5800,5845,5793
13.5671,3.23E+08,5800,5800,5846,5793
10.9994,3.23E+08,5800,5800,5846,5794
11.4343,3.23E+08,5800,5800,5846,5794
12.1591,3.23E+08,5800,5800,5846,5794
10.832,3.23E+08,5800,5800,5847,5795
10.2072,3.23E+08,5801,5801,5847,5795
11.3786,3.23E+08,5801,5801,5847,5795
12.7858,3.23E+08,5801,5801,5847,5796
11.9363,3.23E+08,5801,5801,5847,5796
10.4861,3.23E+08,5802,5802,5848,5796
11.1552,3.23E+08,5802,5802,5849,5796
11.5693,3.23E+08,5802,5802,5850,5797
10.1515,3.23E+08,5802,5802,5850,5798
11.7686,3.23E+08,5803,5803,5850,5798
9.53823,3.23E+08,5803,5803,5851,5798
11.2892,3.23E+08,5804,5804,5851,5799
11.8252,3.23E+08,5804,5804,5851,5799
10.5416,3.23E+08,5804,5804,5851,5799
11.167,3.23E+08,5804,5804,5851,5799
10.8208,3.23E+08,5804,5804,5851,5802
10.8762,3.23E+08,5805,5805,5851,5802
10.542,3.23E+08,5805,5805,5852,5802
10.4515,3.23E+08,5806,5806,5852,5802
10.0957,3.23E+08,5806,5806,5852,5803
12.8714,3.23E+08,5806,5806,5852,5803
12.0164,3.23E+08,5806,5806,5853,5804
10.1494,3.23E+08,5806,5806,5853,5804
9.71577,3.23E+08,5807,5807,5853,5805
11.3171,3.23E+08,5807,5807,5855,5806
10.3185,3.23E+08,5808,5808,5855,5806
10.4983,3.23E+08,5808,5808,5855,5806
10.5485,3.23E+08,5808,5808,5856,5806
11.2736,3.23E+08,5808,5808,5856,5806
10.6078,3.23E+08,5809,5809,5856,5806
10.263,3.23E+08,5809,5809,5857,5806
10.7758,3.23E+08,5809,5809,5857,5806
11.2112,3.23E+08,5810,5810,5857,5807
10.9881,3.23E+08,5811,5811,5858,5807
11.4458,3.23E+08,5811,5811,5858,5808
11.813,3.23E+08,5812,5812,5858,5808
11.8925,3.23E+08,5812,5812,5858,5808
11.9363,3.23E+08,5812,5812,5859,5808
12.072,3.23E+08,5813,5813,5859,5808
11.2112,3.23E+08,5813,5813,5859,5809
11.7573,3.23E+08,5814,5814,5859,5809
11.3338,3.23E+08,5814,5814,5860,5809
11.8251,3.23E+08,5814,5814,5860,5809
11.5131,3.23E+08,5815,5815,5861,5809
11.6574,3.23E+08,5815,5815,5862,5810
11.3782,3.23E+08,5815,5815,5863,5811
10.3192,3.23E+08,5815,5815,5863,5811
12.2833,3.23E+08,5815,5815,5863,5811
11.2225,3.23E+08,5816,5816,5864,5812
12.5931,3.23E+08,5816,5816,5864,5812
12.1279,3.23E+08,5816,5816,5864,5813
9.75129,3.23E+08,5816,5816,5864,5813
11.1108,3.23E+08,5816,5816,5865,5813
11.055,3.23E+08,5817,5817,5866,5813
11.5327,3.23E+08,5817,5817,5867,5814
11.9602,3.23E+08,5817,5817,5867,5814
11.4822,3.23E+08,5818,5818,5867,5815
12.6868,3.23E+08,5818,5818,5867,5815
9.594,3.23E+08,5819,5819,5868,5815
12.1034,3.23E+08,5819,5819,5868,5815
10.9385,3.23E+08,5820,5820,5868,5816
10.5416,3.23E+08,5820,5820,5869,5816
12.7175,3.23E+08,5820,5820,5869,5816
11.2337,3.23E+08,5820,5820,5869,5817
10.9821,3.23E+08,5821,5821,5869,5817
10.9881,3.23E+08,5821,5821,5870,5817
11.3786,3.23E+08,5821,5821,5870,5817
12.3515,3.23E+08,5821,5821,5870,5817
11.8248,3.23E+08,5821,5821,5870,5817
12.1037,3.23E+08,5821,5821,5870,5818
10.608,3.23E+08,5821,5821,5871,5818
12.4512,3.23E+08,5822,5822,5872,5819
11.4343,3.23E+08,5822,5822,5872,5819
12.1473,3.23E+08,5822,5822,5872,5820
12.2274,3.23E+08,5822,5822,5872,5820
12.8842,3.23E+08,5822,5822,5873,5820
11.5691,3.23E+08,5823,5823,5873,5821
11.1,3.23E+08,5823,5823,5873,5821
11.9918,3.23E+08,5823,5823,5874,5821
11.2112,3.23E+08,5823,5823,5874,5821
10.3853,3.23E+08,5823,5823,5875,5821
10.4301,3.23E+08,5824,5824,5875,5822
11.6133,3.23E+08,5824,5824,5877,5822
10.8877,3.23E+08,5825,5825,5878,5822
9.64502,3.23E+08,5825,5825,5879,5823
9.21269,3.23E+08,5825,5825,5879,5823
10.8333,3.23E+08,5825,5825,5880,5823
12.4958,3.23E+08,5825,5825,5880,5824
11.275,3.23E+08,5825,5825,5880,5825
10.6498,3.23E+08,5825,5825,5880,5825
12.2271,3.23E+08,5825,5825,5881,5825
11.5578,3.23E+08,5826,5826,5881,5826
10.9881,3.23E+08,5826,5826,5882,5827
10.7067,3.23E+08,5827,5827,5882,5827
11.8806,3.23E+08,5827,5827,5883,5827
11.6691,3.23E+08,5827,5827,5883,5827
12.773,3.23E+08,5828,5828,5883,5828
10.8862,3.23E+08,5828,5828,5884,5828
12.0539,3.23E+08,5829,5829,5884,5828
11.8245,3.23E+08,5830,5830,5885,5828
12.7299,3.23E+08,5831,5831,5885,5829
10.6538,3.23E+08,5831,5831,5886,5830
11.5459,3.23E+08,5831,5831,5886,5830
11.2896,3.23E+08,5831,5831,5886,5831
11.5344,3.23E+08,5832,5832,5887,5831
11.8248,3.23E+08,5833,5833,5888,5831
12.9533,3.23E+08,5833,5833,5888,5831
11.3228,3.23E+08,5833,5833,5888,5831
10.8422,3.23E+08,5835,5835,5889,5831
11.602,3.23E+08,5836,5836,5889,5832
12.6183,3.23E+08,5836,5836,5890,5832
12.4816,3.23E+08,5837,5837,5890,5832
11.8925,3.23E+08,5837,5837,5890,5832
10.2733,3.23E+08,5837,5837,5890,5833
11.7572,3.23E+08,5839,5839,5890,5833
11.8925,3.23E+08,5839,5839,5891,5833
11.8806,3.23E+08,5839,5839,5892,5833
12.0161,3.23E+08,5839,5839,5892,5834
12.7172,3.23E+08,5840,5840,5892,5834
12.8846,3.23E+08,5840,5840,5893,5836
12.2274,3.23E+08,5841,5841,5893,5836
10.6535,3.23E+08,5842,5842,5894,5836
12.8842,3.23E+08,5842,5842,5894,5836
11.3789,3.23E+08,5842,5842,5895,5837
11.6249,3.23E+08,5843,5843,5896,5837
11.0886,3.23E+08,5843,5843,5897,5839
11.3341,3.23E+08,5843,5843,5898,5839
10.5525,3.23E+08,5843,5843,5898,5839
11.8248,3.23E+08,5843,5843,5898,5840
11.6691,3.23E+08,5843,5843,5898,5840
12.8717,3.23E+08,5844,5844,5898,5840
12.4632,3.23E+08,5844,5844,5898,5841
13.2056,3.23E+08,5845,5845,5899,5841
12.296,3.23E+08,5845,5845,5900,5841
12.0479,3.23E+08,5845,5845,5900,5841
13.0519,3.23E+08,5845,5845,5902,5842
13.1766,3.23E+08,5845,5845,5902,5842
11.4343,3.23E+08,5846,5846,5902,5843
12.1158,3.23E+08,5846,5846,5904,5843
12.1033,3.23E+08,5846,5846,5904,5843
13.3445,3.23E+08,5847,5847,5904,5844
12.9274,3.23E+08,5848,5848,5904,5844
12.3264,3.23E+08,5848,5848,5904,5844
11.5135,3.23E+08,5849,5849,5907,5844
11.267,3.23E+08,5849,5849,5907,5844
13.275,3.23E+08,5849,5849,5907,5845
12.2149,3.23E+08,5850,5850,5907,5846
12.8548,3.23E+08,5850,5850,5907,5846
11.0436,3.23E+08,5850,5850,5908,5847
9.59396,3.23E+08,5850,5850,5908,5847
10.273,3.23E+08,5850,5850,5908,5848
11.3231,3.23E+08,5851,5851,5909,5848
11.4454,3.23E+08,5852,5852,5909,5848
12.4945,3.23E+08,5852,5852,5910,5848
12.8288,3.23E+08,5852,5852,5910,5848
12.3391,3.23E+08,5852,5852,5910,5849
11.3228,3.23E+08,5852,5852,5910,5849
10.8763,3.23E+08,5852,5852,5910,5849
11.9486,3.23E+08,5853,5853,5910,5849
11.1108,3.23E+08,5854,5854,5911,5850
11.6575,3.23E+08,5854,5854,5911,5851
11.3899,3.23E+08,5854,5854,5912,5851
10.5419,3.23E+08,5855,5855,5913,5852
11.9798,3.23E+08,5855,5855,5913,5852
12.8978,3.23E+08,5855,5855,5914,5853
11.267,3.23E+08,5856,5856,5914,5853
10.385,3.23E+08,5856,5856,5914,5853
11.6133,3.23E+08,5856,5856,5915,5853
11.5572,3.23E+08,5856,5856,5915,5853
11.1554,3.23E+08,5857,5857,5915,5854
10.4306,3.23E+08,5858,5858,5916,5854
11.8921,3.23E+08,5858,5858,5916,5854
10.3191,3.23E+08,5859,5859,5917,5854
11.0549,3.23E+08,5859,5859,5917,5855
11.8127,3.23E+08,5860,5860,5917,5855
12.3518,3.23E+08,5860,5860,5917,5855
10.8208,3.23E+08,5861,5861,5918,5856
11.1552,3.23E+08,5861,5861,5919,5856
11.8366,3.23E+08,5862,5862,5919,5857
12.1598,3.23E+08,5862,5862,5919,5858
12.5496,3.23E+08,5862,5862,5920,5858
12.6741,3.23E+08,5864,5864,5920,5859
11.3341,3.23E+08,5865,5865,5921,5859
11.4232,3.23E+08,5866,5866,5921,5859
11.3337,3.23E+08,5866,5866,5921,5859
11.5578,3.23E+08,5866,5866,5921,5859
10.9211,3.23E+08,5867,5867,5922,5860
11.837,3.23E+08,5867,5867,5922,5860
12.1037,3.23E+08,5868,5868,5924,5860
12.1838,3.23E+08,5868,5868,5924,5860
11.5341,3.23E+08,5869,5869,5924,5861
11.2115,3.23E+08,5870,5870,5925,5861
12.2275,3.23E+08,5870,5870,5925,5861
11.3225,3.23E+08,5870,5870,5925,5862
11.6249,3.23E+08,5870,5870,5925,5863
10.9327,3.23E+08,5871,5871,5926,5864
10.7089,3.23E+08,5871,5871,5926,5865
11.7811,3.23E+08,5871,5872,5927,5866
10.9878,3.23E+08,5872,5872,5927,5866
12.5628,3.23E+08,5872,5872,5927,5867
12.3825,3.23E+08,5873,5873,5927,5867
12.0597,3.23E+08,5873,5873,5927,5867
10.1517,3.23E+08,5873,5873,5928,5867
13.1208,3.23E+08,5873,5873,5929,5869
11.0997,3.23E+08,5873,5873,5929,5870
10.7647,3.23E+08,5874,5874,5929,5870
10.7203,3.23E+08,5874,5875,5930,5870
11.6575,3.23E+08,5875,5875,5930,5870
12.1033,3.23E+08,5876,5876,5931,5871
11.39,3.23E+08,5876,5876,5931,5871
12.6741,3.23E+08,5877,5877,5931,5871
12.1598,3.23E+08,5877,5877,5932,5872
13.0384,3.23E+08,5877,5877,5933,5872
12.072,3.23E+08,5877,5877,5933,5873
11.3118,3.23E+08,5877,5877,5933,5873
9.8822,3.23E+08,5878,5878,5933,5873
10.9436,3.23E+08,5878,5878,5934,5874
11.267,3.23E+08,5878,5878,5934,5874
11.4898,3.23E+08,5879,5879,5935,5876
8.87748,3.23E+08,5879,5879,5935,5876
10.9432,3.23E+08,5879,5879,5935,5876
10.8211,3.23E+08,5879,5879,5935,5876
12.6611,3.23E+08,5879,5879,5936,5877
12.104,3.23E+08,5879,5879,5936,5877
8.87725,3.23E+08,5879,5879,5936,5878
8.64569,3.23E+08,5880,5880,5937,5878
10.4408,3.23E+08,5880,5880,5937,5879
10.5416,3.23E+08,5880,5880,5939,5879
11.6694,3.23E+08,5881,5881,5940,5879
9.99412,3.23E+08,5881,5881,5940,5879
9.3703,3.23E+08,5881,5881,5941,5879
8.59856,3.23E+08,5881,5881,5941,5881
9.91821,3.23E+08,5882,5882,5941,5881
7.14227,3.23E+08,5882,5882,5942,5881
10.1604,3.23E+08,5882,5882,5943,5882
12.1595,3.23E+08,5882,5882,5944,5882
12.4074,3.23E+08,5882,5882,5946,5883
13.0946,3.23E+08,5883,5883,5946,5883
11.6691,3.23E+08,5883,5883,5947,5883
11.1666,3.23E+08,5883,5883,5947,5884
10.4808,3.23E+08,5883,5883,5947,5885
9.93759,3.23E+08,5884,5884,5948,5885
9.93769,3.23E+08,5884,5884,5948,5886
13.3313,3.23E+08,5885,5885,5949,5886
11.3892,3.23E+08,5885,5885,5949,5886
10.8686,3.23E+08,5888,5888,5949,5887
11.2192,3.23E+08,5888,5888,5950,5887
12.8416,3.23E+08,5888,5888,5950,5887
11.1443,3.23E+08,5890,5890,5950,5888
11.4572,3.23E+08,5892,5892,5950,5889
10.2525,3.23E+08,5892,5892,5950,5889
10.7761,3.23E+08,5893,5893,5951,5890
12.6738,3.23E+08,5893,5893,5954,5891
10.7761,3.23E+08,5893,5893,5954,5892
11.0883,3.23E+08,5893,5893,5955,5892
12.6741,3.23E+08,5894,5894,5955,5893
11.6694,3.23E+08,5895,5895,5956,5893
12.0912,3.23E+08,5896,5896,5956,5894
11.2228,3.23E+08,5896,5896,5958,5894
12.1037,3.23E+08,5897,5897,5958,5894
11.1666,3.23E+08,5898,5898,5958,5895
11.6133,3.23E+08,5898,5898,5958,5895
10.6426,3.23E+08,5898,5898,5958,5895
12.4635,3.23E+08,5899,5899,5958,5896
10.765,3.23E+08,5899,5899,5959,5896
12.3388,3.23E+08,5900,5900,5959,5897
10.5422,3.23E+08,5900,5900,5960,5898
12.0041,3.23E+08,5900,5900,5963,5898
11.1998,3.23E+08,5900,5900,5963,5898
12.1161,3.23E+08,5900,5900,5963,5898
11.39,3.23E+08,5901,5901,5963,5899
11.4229,3.23E+08,5902,5902,5964,5899
12.7427,3.23E+08,5902,5902,5964,5900
11.769,3.23E+08,5903,5903,5965,5901
10.8763,3.23E+08,5903,5903,5965,5901
11.5577,3.23E+08,5903,5903,5966,5901
11.8806,3.23E+08,5903,5903,5966,5902
10.3185,3.23E+08,5903,5903,5966,5902
10.3853,3.23E+08,5903,5903,5966,5905
11.3225,3.23E+08,5903,5903,5968,5905
12.8978,3.23E+08,5904,5904,5968,5906
10.1616,3.23E+08,5905,5905,5969,5907
12.5928,3.23E+08,5907,5907,5969,5907
9.65935,3.23E+08,5907,5907,5970,5907
11.7684,3.23E+08,5907,5907,5970,5907
11.2118,3.23E+08,5907,5907,5970,5907
11.3338,3.23E+08,5907,5908,5971,5908
11.9486,3.23E+08,5908,5908,5971,5909
10.5524,3.23E+08,5908,5908,5972,5910
10.4757,3.23E+08,5908,5908,5973,5911
10.5977,3.23E+08,5908,5908,5974,5911
11.3899,3.23E+08,5909,5909,5974,5911
10.943,3.23E+08,5909,5909,5975,5911
10.7653,3.23E+08,5910,5910,5976,5912
12.165,3.23E+08,5910,5910,5976,5913
11.7742,3.23E+08,5910,5910,5977,5913
9.87802,3.23E+08,5911,5911,5978,5913
8.87058,3.23E+08,5911,5911,5978,5913
9.7674,3.23E+08,5911,5911,5978,5914
9.82662,3.23E+08,5912,5912,5978,5914
11.3672,3.23E+08,5913,5912,5979,5914
13.1341,3.23E+08,5913,5913,5980,5915
11.0439,3.23E+08,5913,5913,5981,5915
10.3789,3.23E+08,5914,5914,5981,5916
10.603,3.23E+08,5914,5914,5982,5916
9.87069,3.23E+08,5915,5915,5983,5916
11.6626,3.23E+08,5915,5915,5983,5917
10.7758,3.23E+08,5916,5916,5984,5917
11.6653,3.23E+08,5916,5916,5984,5918
11.1012,3.23E+08,5916,5916,5985,5918
11.1672,3.23E+08,5916,5916,5985,5918
11.8157,3.23E+08,5917,5917,5985,5919
11.8924,3.23E+08,5917,5917,5986,5919
11.4458,3.23E+08,5917,5917,5987,5920
11.9363,3.23E+08,5918,5918,5987,5920
11.5575,3.23E+08,5918,5918,5987,5920
12.0912,3.23E+08,5918,5918,5987,5920
10.2736,3.23E+08,5919,5919,5988,5921
11.4458,3.23E+08,5919,5919,5988,5921
13.4423,3.23E+08,5919,5919,5989,5922
11.6691,3.23E+08,5920,5920,5990,5922
12.0913,3.23E+08,5921,5921,5991,5922
12.0723,3.23E+08,5922,5922,5991,5923
11.4344,3.23E+08,5922,5922,5994,5923
11.2109,3.23E+08,5922,5922,5996,5923
11.8251,3.23E+08,5923,5923,5997,5923
10.4408,3.23E+08,5924,5924,5997,5923
11.3338,3.23E+08,5924,5924,5997,5923
11.8691,3.23E+08,5924,5924,5999,5924
11.8366,3.23E+08,5925,5925,5999,5924
11.3228,3.23E+08,5925,5925,5999,5925
12.1158,3.23E+08,5925,5925,6000,5925
11.5574,3.23E+08,5926,5926,6000,5925
11.8684,3.23E+08,5926,5926,6001,5926
12.4636,3.23E+08,5927,5927,6001,5927
12.3826,3.23E+08,5927,5927,6001,5927
10.7199,3.23E+08,5928,5928,6002,5929
12.3268,3.23E+08,5929,5929,6002,5929
11.813,3.23E+08,5929,5929,6003,5929
11.1778,3.23E+08,5929,5929,6004,5930
12.2152,3.23E+08,5929,5929,6004,5931
10.9324,3.23E+08,5929,5929,6004,5931
11.4458,3.23E+08,5930,5930,6004,5932
10.7758,3.23E+08,5930,5930,6005,5932
11.0886,3.23E+08,5930,5930,6005,5934
11.3786,3.23E+08,5931,5931,6005,5934
10.8874,3.23E+08,5931,5931,6005,5935
12.1037,3.23E+08,5933,5933,6007,5935
14.3491,3.23E+08,5933,5933,6007,5935
10.4861,3.23E+08,5933,5933,6007,5936
10.0496,3.23E+08,5934,5934,6008,5936
9.32116,3.23E+08,5934,5934,6010,5936
10.7093,3.23E+08,5934,5934,6010,5937
12.9403,3.23E+08,5935,5935,6010,5937
11.39,3.23E+08,5935,5935,6011,5937
12.9961,3.23E+08,5936,5936,6012,5937
13.6791,3.23E+08,5936,5936,6013,5938
11.5016,3.23E+08,5937,5936,6013,5940
10.8657,3.23E+08,5937,5937,6013,5941
10.6099,3.23E+08,5937,5937,6014,5942
10.6644,3.23E+08,5938,5938,6015,5942
9.2522,3.23E+08,5939,5939,6015,5944
8.26916,3.23E+08,5939,5939,6016,5944
9.1961,3.23E+08,5939,5939,6016,5945
9.99796,3.23E+08,5939,5940,6016,5945
9.15578,3.23E+08,5940,5940,6017,5945
8.97396,3.23E+08,5941,5941,6018,5947
7.70209,3.23E+08,5941,5941,6019,5947
9.59711,3.23E+08,5941,5941,6019,5947
9.48836,3.23E+08,5941,5941,6020,5948
9.98648,3.23E+08,5941,5941,6020,5949
10.5974,3.23E+08,5943,5943,6021,5949
11.9043,3.23E+08,5943,5943,6021,5950
10.8211,3.23E+08,5943,5943,6021,5950
11.6013,3.23E+08,5944,5944,6022,5951
13.0095,3.23E+08,5944,5944,6022,5952
12.6615,3.23E+08,5944,5944,6024,5952
10.7755,3.23E+08,5945,5945,6025,5953
10.1517,3.23E+08,5945,5945,6025,5954
11.1666,3.23E+08,5946,5946,6026,5956
10.932,3.23E+08,5948,5948,6026,5956
10.1432,3.23E+08,5951,5951,6026,5957
9.44175,3.23E+08,5951,5951,6028,5957
11.3228,3.23E+08,5952,5952,6029,5958
11.725,3.23E+08,5952,5952,6029,5958
11.3672,3.23E+08,5952,5952,6030,5959
12.4073,3.23E+08,5954,5954,6031,5959
12.6615,3.23E+08,5955,5955,6031,5959
11.7249,3.23E+08,5955,5955,6031,5960
11.9363,3.23E+08,5957,5957,6033,5960
12.1473,3.23E+08,5957,5957,6033,5961
12.4508,3.23E+08,5957,5957,6033,5961
11.8806,3.23E+08,5957,5957,6034,5962
10.3291,3.23E+08,5958,5958,6034,5963
11.1663,3.23E+08,5958,5958,6034,5963
10.8766,3.23E+08,5958,5958,6035,5964
12.0603,3.23E+08,5959,5959,6035,5964
10.5419,3.23E+08,5959,5959,6036,5965
10.8766,3.23E+08,5960,5960,6038,5966
12.2274,3.23E+08,5961,5961,6040,5967
11.8366,3.23E+08,5961,5961,6040,5967
10.8208,3.23E+08,5962,5962,6041,5968
11.2224,3.23E+08,5962,5962,6042,5969
12.7172,3.23E+08,5962,5962,6043,5971
13.1077,3.23E+08,5963,5963,6044,5971
10.05,3.23E+08,5963,5963,6044,5972
10.263,3.23E+08,5964,5964,6044,5974
11.6013,3.23E+08,5964,5964,6045,5976
10.6645,3.23E+08,5964,5964,6045,5976
10.8316,3.23E+08,5965,5964,6046,5976
10.9324,3.23E+08,5965,5965,6046,5977
12.438,3.23E+08,5968,5968,6046,5977
11.2228,3.23E+08,5968,5968,6047,5977
11.6014,3.23E+08,5970,5970,6047,5979
12.5069,3.23E+08,5970,5970,6047,5979
11.267,3.23E+08,5970,5970,6047,5980
11.9921,3.23E+08,5971,5971,6048,5980
11.8366,3.23E+08,5971,5971,6050,5980
11.267,3.23E+08,5972,5972,6051,5980
11.3338,3.23E+08,5972,5972,6052,5981
11.9367,3.23E+08,5974,5974,6053,5981
10.4966,3.23E+08,5974,5974,6053,5981
11.4898,3.23E+08,5974,5974,6054,5982
11.5019,3.23E+08,5974,5974,6056,5983
9.92506,3.23E+08,5975,5975,6057,5983
10.2131,3.23E+08,5975,5975,6058,5985
10.6658,3.23E+08,5976,5976,6059,5985
11.7012,3.23E+08,5976,5976,6061,5985
11.3905,3.23E+08,5977,5977,6064,5985
10.6601,3.23E+08,5977,5977,6064,5985
10.4861,3.23E+08,5977,5977,6064,5987
11.267,3.23E+08,5977,5977,6065,5987
12.8416,3.23E+08,5977,5977,6065,5988
11.1108,3.23E+08,5977,5977,6065,5989
9.87258,3.23E+08,5978,5978,6066,5990
12.3391,3.23E+08,5978,5978,6067,5990
13.5961,3.23E+08,5978,5978,6067,5991
9.38934,3.23E+08,5979,5979,6068,5992
11.0886,3.23E+08,5979,5979,6068,5992
10.263,3.23E+08,5979,5979,6068,5993
12.8545,3.23E+08,5981,5981,6069,5993
11.8687,3.23E+08,5982,5982,6070,5994
10.1058,3.23E+08,5982,5982,6070,5994
10.3235,3.23E+08,5982,5982,6070,5995
11.2159,3.23E+08,5983,5983,6072,5995
11.8366,3.23E+08,5983,5983,6072,5997
12.73,3.23E+08,5984,5984,6073,5997
10.6982,3.23E+08,5984,5984,6074,5997
9.65941,3.23E+08,5984,5984,6075,5998
11.3341,3.23E+08,5985,5985,6076,5999
11.2053,3.23E+08,5985,5985,6076,6001
11.267,3.23E+08,5985,5985,6076,6002
12.4504,3.23E+08,5985,5985,6076,6002
11.2225,3.23E+08,5986,5986,6076,6002
11.9364,3.23E+08,5987,5987,6076,6002
11.9483,3.23E+08,5988,5988,6078,6003
10.7653,3.23E+08,5988,5988,6078,6003
10.8205,3.23E+08,5989,5989,6079,6004
11.4461,3.23E+08,5990,5990,6079,6004
11.9483,3.23E+08,5994,5994,6081,6004
11.8803,3.23E+08,5995,5995,6081,6005
13.4561,3.23E+08,5995,5995,6082,6005
10.765,3.23E+08,5996,5996,6082,6006
12.4256,3.23E+08,5998,5998,6083,6006
10.6086,3.23E+08,6000,6000,6083,6007
12.1033,3.23E+08,6000,6000,6083,6007
10.5633,3.23E+08,6002,6002,6083,6008
12.0355,3.23E+08,6003,6003,6084,6008
12.0045,3.23E+08,6003,6003,6086,6008
11.7808,3.23E+08,6008,6008,6088,6009
12.0359,3.23E+08,6009,6009,6088,6010
11.6133,3.23E+08,6010,6009,6090,6010
10.9324,3.23E+08,6010,6010,6092,6012
10.3288,3.23E+08,6016,6016,6092,6012
11.9486,3.23E+08,6017,6017,6092,6013
12.2153,3.23E+08,6017,6017,6092,6014
11.5455,3.23E+08,6018,6018,6095,6015
11.4461,3.23E+08,6018,6018,6095,6015
10.2175,3.23E+08,6018,6018,6095,6016
11.2,3.23E+08,6019,6019,6096,6017
12.7427,3.23E+08,6020,6020,6098,6017
10.43,3.23E+08,6020,6020,6098,6018
10.9385,3.23E+08,6021,6021,6100,6019
10.8661,3.23E+08,6022,6022,6101,6019
12.7858,3.23E+08,6022,6022,6102,6020
12.3391,3.23E+08,6023,6023,6102,6020
10.1558,3.23E+08,6023,6023,6103,6022
11.267,3.23E+08,6025,6025,6104,6022
11.103,3.23E+08,6027,6027,6104,6022
11.7161,3.23E+08,6028,6028,6106,6023
11.5501,3.23E+08,6028,6028,6106,6024
12.1716,3.23E+08,6028,6028,6106,6027
10.2659,3.23E+08,6028,6028,6109,6028
9.65913,3.23E+08,6029,6029,6110,6029
8.70392,3.23E+08,6032,6032,6111,6032
8.26236,3.23E+08,6032,6032,6111,6033
11.144,3.23E+08,6032,6032,6115,6034
11.5135,3.23E+08,6034,6034,6115,6034
10.9263,3.23E+08,6034,6034,6115,6035
8.70162,3.23E+08,6034,6034,6115,6036
10.5979,3.23E+08,6036,6036,6116,6036
10.8334,3.23E+08,6037,6037,6117,6036
11.278,3.23E+08,6038,6038,6117,6038
11.6694,3.23E+08,6038,6038,6118,6039
9.92293,3.23E+08,6038,6038,6118,6040
10.263,3.23E+08,6038,6039,6120,6041
11.3341,3.23E+08,6039,6039,6120,6041
10.7715,3.23E+08,6039,6039,6121,6041
10.6544,3.23E+08,6040,6040,6122,6041
11.1571,3.23E+08,6041,6041,6123,6042
11.157,3.23E+08,6042,6042,6123,6042
12.7423,3.23E+08,6042,6042,6124,6042
12.6618,3.23E+08,6042,6042,6124,6043
10.1515,3.23E+08,6044,6044,6124,6047
11.278,3.23E+08,6045,6045,6126,6047
11.2101,3.23E+08,6045,6045,6127,6047
10.2734,3.23E+08,6045,6045,6130,6048
10.0876,3.23E+08,6048,6048,6130,6050
10.8986,3.23E+08,6048,6048,6130,6050
9.92716,3.23E+08,6048,6048,6130,6050
9.42662,3.23E+08,6049,6049,6131,6051
9.9886,3.23E+08,6049,6049,6133,6051
10.1573,3.23E+08,6050,6050,6134,6053
11.8802,3.23E+08,6050,6050,6134,6053
11.9486,3.23E+08,6051,6051,6136,6057
11.9921,3.23E+08,6053,6053,6136,6057
12.1595,3.23E+08,6053,6053,6138,6057
12.1716,3.23E+08,6053,6053,6138,6058
10.9988,3.23E+08,6057,6057,6138,6059
11.3232,3.23E+08,6061,6061,6139,6062
11.7808,3.23E+08,6061,6061,6141,6063
10.9772,3.23E+08,6062,6062,6143,6064
11.3896,3.23E+08,6065,6065,6145,6066
9.43607,3.23E+08,6065,6065,6145,6066
11.3782,3.23E+08,6065,6065,6145,6068
11.6136,3.23E+08,6066,6066,6147,6068
9.87259,3.23E+08,6069,6069,6148,6069
12.6054,3.23E+08,6070,6070,6150,6070
11.7693,3.23E+08,6070,6070,6152,6071
9.66517,3.23E+08,6070,6070,6152,6073
10.3746,3.23E+08,6071,6071,6152,6073
10.7671,3.23E+08,6072,6072,6156,6074
11.3781,3.23E+08,6072,6072,6156,6077
9.71388,3.23E+08,6074,6074,6158,6078
10.0299,3.23E+08,6075,6075,6158,6078
10.5038,3.23E+08,6076,6076,6159,6079
12.5066,3.23E+08,6077,6077,6160,6079
11.5016,3.23E+08,6078,6078,6160,6079
10.5314,3.23E+08,6080,6080,6160,6081
11.2896,3.23E+08,6080,6080,6161,6082
11.3115,3.23E+08,6080,6080,6161,6083
10.5977,3.23E+08,6084,6084,6162,6084
9.83645,3.23E+08,6086,6086,6163,6084
11.3782,3.23E+08,6089,6089,6163,6085
10.2086,3.23E+08,6090,6090,6164,6086
10.6608,3.23E+08,6091,6091,6166,6086
11.2735,3.23E+08,6091,6091,6167,6087
12.3391,3.23E+08,6092,6092,6168,6089
12.4938,3.23E+08,6092,6092,6168,6094
12.1598,3.23E+08,6094,6094,6170,6094
9.9938,3.23E+08,6095,6095,6171,6095
11.3789,3.23E+08,6099,6099,6171,6095
10.1058,3.23E+08,6099,6099,6171,6095
11.434,3.23E+08,6099,6099,6172,6096
11.2227,3.23E+08,6100,6100,6172,6097
11.6571,3.23E+08,6101,6101,6174,6097
11.7136,3.23E+08,6103,6103,6175,6097
12.5624,3.23E+08,6104,6105,6176,6098
10.7647,3.23E+08,6105,6105,6178,6098
12.7303,3.23E+08,6106,6105,6178,6099
10.9881,3.23E+08,6107,6107,6179,6099
10.3746,3.23E+08,6110,6111,6180,6100
11.1108,3.23E+08,6111,6111,6182,6103
11.7569,3.23E+08,6111,6111,6184,6104
11.4461,3.23E+08,6112,6112,6185,6105
11.5574,3.23E+08,6112,6112,6187,6107
12.271,3.23E+08,6113,6113,6189,6107
12.2152,3.23E+08,6116,6115,6191,6108
11.4014,3.23E+08,6116,6116,6191,6108
11.7687,3.23E+08,6116,6116,6192,6108
12.0482,3.23E+08,6117,6117,6193,6111
12.7858,3.23E+08,6120,6120,6195,6111
11.3112,3.23E+08,6121,6121,6196,6112
10.5074,3.23E+08,6122,6122,6196,6114
11.0329,3.23E+08,6124,6124,6199,6115
10.8316,3.23E+08,6124,6124,6201,6119
10.2733,3.23E+08,6126,6126,6206,6120
10.9212,3.23E+08,6126,6126,6206,6121
11.1222,3.23E+08,6126,6126,6207,6121
11.0883,3.23E+08,6132,6132,6208,6122
12.1282,3.23E+08,6132,6132,6208,6122
12.7602,3.23E+08,6134,6134,6209,6122
10.7758,3.23E+08,6135,6135,6210,6128
11.8248,3.23E+08,6136,6136,6215,6128
12.4938,3.23E+08,6137,6137,6215,6128
12.4636,3.23E+08,6137,6137,6218,6129
11.2112,3.23E+08,6138,6138,6218,6130
10.5974,3.23E+08,6138,6138,6226,6130
12.1719,3.23E+08,6138,6138,6226,6131
13.5116,3.23E+08,6138,6138,6226,6132
11.7012,3.23E+08,6142,6142,6228,6132
10.9436,3.23E+08,6144,6144,6231,6132
10.5525,3.23E+08,6152,6152,6231,6133
11.6571,3.23E+08,6152,6152,6231,6134
12.1162,3.23E+08,6153,6153,6232,6135
9.25904,3.23E+08,6153,6153,6233,6137
10.1511,3.23E+08,6154,6154,6233,6137
9.43609,3.23E+08,6154,6154,6235,6138
10.9878,3.23E+08,6154,6154,6235,6138
10.7761,3.23E+08,6155,6155,6238,6138
10.9324,3.23E+08,6156,6156,6238,6139
11.7687,3.23E+08,6159,6159,6239,6143
12.3953,3.23E+08,6161,6161,6239,6143
12.3391,3.23E+08,6164,6164,6240,6144
10.5419,3.23E+08,6166,6166,6242,6144
12.1037,3.23E+08,6167,6167,6245,6145
13.1077,3.23E+08,6167,6167,6246,6145
11.4898,3.23E+08,6171,6171,6246,6149
13.4562,3.23E+08,6171,6171,6247,6149
10.7197,3.23E+08,6171,6171,6248,6151
12.5624,3.23E+08,6172,6172,6249,6152
11.8252,3.23E+08,6173,6173,6252,6153
9.37058,3.23E+08,6175,6175,6254,6153
10.5416,3.23E+08,6175,6175,6255,6154
10.3849,3.23E+08,6177,6177,6259,6155
11.1109,3.23E+08,6177,6177,6261,6155
11.93,3.23E+08,6178,6178,6262,6156
9.99098,3.23E+08,6178,6178,6263,6156
9.88246,3.23E+08,6181,6181,6264,6156
10.6426,3.23E+08,6182,6182,6265,6160
10.3327,3.23E+08,6184,6184,6265,6161
9.99425,3.23E+08,6184,6184,6266,6162
8.47366,3.23E+08,6184,6184,6266,6162
8.42509,3.23E+08,6185,6185,6267,6168
9.26113,3.23E+08,6185,6185,6271,6170
10.3297,3.23E+08,6186,6186,6274,6174
9.6004,3.23E+08,6187,6187,6275,6175
11.4343,3.23E+08,6189,6189,6280,6175
10.8237,3.23E+08,6191,6191,6282,6178
10.2627,3.23E+08,6195,6195,6283,6180
11.0104,3.23E+08,6199,6199,6288,6181
10.3188,3.23E+08,6203,6203,6291,6182
10.1499,3.23E+08,6203,6203,6292,6182
10.0397,3.23E+08,6203,6203,6292,6183
10.0502,3.23E+08,6204,6204,6293,6185
9.54534,3.23E+08,6205,6205,6294,6186
6.47178,3.23E+08,6206,6206,6295,6187
9.21013,3.23E+08,6206,6206,6299,6188
9.88018,3.23E+08,6208,6208,6300,6194
10.9263,3.23E+08,6209,6209,6301,6195
12.395,3.23E+08,6210,6210,6302,6196
10.4861,3.23E+08,6218,6218,6303,6199
9.82662,3.23E+08,6220,6220,6304,6202
10.0399,3.23E+08,6221,6221,6306,6205
11.0546,3.23E+08,6221,6221,6307,6205
9.92681,3.23E+08,6226,6226,6308,6205
10.7144,3.23E+08,6227,6227,6310,6206
10.0961,3.23E+08,6228,6228,6312,6210
12.0599,3.23E+08,6228,6228,6314,6212
12.0041,3.23E+08,6228,6228,6315,6213
12.8846,3.23E+08,6230,6230,6316,6219
11.267,3.23E+08,6231,6231,6316,6223
11.5574,3.23E+08,6233,6233,6317,6226
12.8846,3.23E+08,6234,6234,6319,6229
12.0599,3.23E+08,6234,6234,6321,6231
11.3786,3.23E+08,6240,6240,6324,6232
10.3188,3.23E+08,6240,6241,6328,6233
12.3826,3.23E+08,6242,6242,6331,6234
11.2896,3.23E+08,6244,6244,6335,6234
10.1971,3.23E+08,6244,6244,6337,6234
9.98412,3.23E+08,6247,6247,6337,6235
14.1958,3.23E+08,6249,6249,6338,6242
10.765,3.23E+08,6249,6249,6342,6242
11.6129,3.23E+08,6250,6250,6345,6250
11.3789,3.23E+08,6251,6251,6350,6252
11.8924,3.23E+08,6251,6251,6353,6258
11.6017,3.23E+08,6252,6252,6354,6261
11.3115,3.23E+08,6259,6259,6355,6261
11.5131,3.23E+08,6260,6260,6359,6264
11.0997,3.23E+08,6261,6261,6362,6265
11.8806,3.23E+08,6262,6262,6363,6266
11.7808,3.23E+08,6263,6263,6364,6269
12.7172,3.23E+08,6264,6264,6366,6272
12.2152,3.23E+08,6269,6269,6369,6275
10.5525,3.23E+08,6269,6269,6378,6277
12.4383,3.23E+08,6273,6273,6378,6280
10.9433,3.23E+08,6278,6278,6380,6282
11.1663,3.23E+08,6280,6280,6382,6286
11.3789,3.23E+08,6283,6283,6383,6288
12.6183,3.23E+08,6283,6283,6393,6289
12.3826,3.23E+08,6289,6289,6394,6291
11.5459,3.23E+08,6290,6290,6403,6297
11.1666,3.23E+08,6297,6297,6408,6304
10.8205,3.23E+08,6299,6299,6413,6309
11.8927,3.23E+08,6300,6300,6414,6313
11.6575,3.23E+08,6301,6301,6420,6314
11.6133,3.23E+08,6302,6302,6421,6314
10.8766,3.23E+08,6302,6302,6423,6326
11.5459,3.23E+08,6311,6311,6430,6326
10.5974,3.23E+08,6312,6312,6430,6327
11.5019,3.23E+08,6315,6315,6438,6331
12.1158,3.23E+08,6327,6327,6444,6334
11.6017,3.23E+08,6335,6335,6451,6341
11.1666,3.23E+08,6343,6343,6452,6345
12.1037,3.23E+08,6349,6349,6463,6346
11.3228,3.23E+08,6352,6352,6464,6346
10.8205,3.23E+08,6362,6362,6473,6349
10.7202,3.23E+08,6382,6382,6474,6351
11.3341,3.23E+08,6383,6383,6475,6352
11.9801,3.23E+08,6384,6384,6489,6361
9.10279,3.23E+08,6387,6387,6493,6367
7.9764,3.23E+08,6390,6390,6493,6376
9.87857,3.23E+08,6391,6391,6495,6377
12.4941,3.23E+08,6397,6397,6513,6385
13.6233,3.23E+08,6397,6397,6540,6392
12.0479,3.23E+08,6398,6398,6541,6395
13.1634,3.23E+08,6402,6402,6561,6395
11.7249,3.23E+08,6406,6406,6603,6403
12.271,3.23E+08,6412,6412,6642,6419
12.7986,3.23E+08,6425,6425,6671,6421
11.7132,3.23E+08,6430,6430,6675,6426
12.2152,3.23E+08,6447,6447,6675,6435
11.9483,3.23E+08,6483,6483,6676,6454
11.8806,3.23E+08,6493,6493,6680,6462
12.4508,3.23E+08,6495,6495,6688,6466
12.6614,3.23E+08,6496,6496,6696,6467
12.7299,3.23E+08,6536,6536,6744,6502
12.3268,3.23E+08,6546,6546,6773,6514
12.5931,3.23E+08,6558,6558,6774,6523
12.1158,3.23E+08,6577,6577,6829,6574
11.8924,3.23E+08,6579,6579,7749,6585
11.3341,3.23E+08,6648,6648,9489,6601
11.0886,3.23E+08,6798,6798,10455,6601
6.47647,3.23E+08,6926,6926,11556,6666
,308MB,5148.826963,5148.827125,5142.975327,5148.875343
